# Ensemble: [0^+], idetect: 0.1115
1.110000000000000014e-01 1.000000000000000000e+00
1.110092000000000023e-01 1.000000000000000000e+00
1.110184000000000032e-01 1.000000000000000000e+00
1.110276000000000041e-01 1.000000000000000000e+00
1.110368000000000049e-01 1.000000000000000000e+00
1.110460000000000058e-01 1.000000000000000000e+00
1.110552000000000067e-01 1.000000000000000000e+00
1.110644000000000076e-01 1.000000000000000000e+00
1.110735999999999946e-01 1.000000000000000000e+00
1.110827999999999954e-01 1.000000000000000000e+00
1.110919999999999963e-01 1.000000000000000000e+00
1.111011999999999972e-01 9.996359959555106700e-01
1.111103999999999981e-01 9.996359959555106700e-01
1.111195999999999989e-01 9.996359959555106700e-01
1.111287999999999998e-01 9.996359959555106700e-01
1.111380000000000007e-01 9.996359959555106700e-01
1.111472000000000016e-01 9.996359959555106700e-01
1.111564000000000024e-01 9.996359959555106700e-01
1.111656000000000033e-01 9.996359959555106700e-01
1.111748000000000042e-01 9.996359959555106700e-01
1.111840000000000050e-01 9.996359959555106700e-01
1.111932000000000059e-01 9.996359959555106700e-01
1.112024000000000068e-01 9.996359959555106700e-01
1.112116000000000077e-01 9.995955510616784112e-01
1.112207999999999947e-01 9.995955510616784112e-01
1.112299999999999955e-01 9.995955510616784112e-01
1.112391999999999964e-01 9.995955510616784112e-01
1.112483999999999973e-01 9.995955510616784112e-01
1.112575999999999982e-01 9.995955510616784112e-01
1.112667999999999990e-01 9.995955510616784112e-01
1.112759999999999999e-01 9.995955510616784112e-01
1.112852000000000008e-01 9.995955510616784112e-01
1.112944000000000017e-01 9.995955510616784112e-01
1.113036000000000025e-01 9.991102123356926379e-01
1.113128000000000034e-01 9.991102123356926379e-01
1.113220000000000043e-01 9.991102123356926379e-01
1.113312000000000052e-01 9.991102123356926379e-01
1.113404000000000060e-01 9.987462082912031969e-01
1.113496000000000069e-01 9.987462082912031969e-01
1.113588000000000078e-01 9.987462082912031969e-01
1.113679999999999948e-01 9.987462082912031969e-01
1.113771999999999956e-01 9.987462082912031969e-01
1.113863999999999965e-01 9.987462082912031969e-01
1.113955999999999974e-01 9.987462082912031969e-01
1.114047999999999983e-01 9.987462082912031969e-01
1.114139999999999991e-01 9.987057633973710491e-01
1.114232000000000000e-01 9.987057633973710491e-01
1.114324000000000009e-01 9.985844287158746058e-01
1.114416000000000018e-01 9.985844287158746058e-01
1.114508000000000026e-01 9.968048533872598815e-01
1.114600000000000035e-01 9.960768452982811105e-01
1.114692000000000044e-01 9.960768452982811105e-01
1.114784000000000053e-01 9.960768452982811105e-01
1.114876000000000061e-01 9.960768452982811105e-01
1.114968000000000070e-01 9.959959555106168150e-01
1.115060000000000079e-01 9.959150657229525194e-01
1.115151999999999949e-01 9.958746208291203716e-01
1.115243999999999958e-01 9.958746208291203716e-01
1.115335999999999966e-01 9.958746208291203716e-01
1.115427999999999975e-01 9.957532861476238173e-01
1.115519999999999984e-01 9.953892821031344873e-01
1.115611999999999993e-01 9.953892821031344873e-01
1.115704000000000001e-01 9.953892821031344873e-01
1.115796000000000010e-01 9.953892821031344873e-01
1.115888000000000019e-01 9.952679474216380440e-01
1.115980000000000028e-01 9.951466127401416006e-01
1.116072000000000036e-01 9.950252780586450463e-01
1.116164000000000045e-01 9.950252780586450463e-01
1.116256000000000054e-01 9.950252780586450463e-01
1.116348000000000062e-01 9.950252780586450463e-01
1.116440000000000071e-01 9.950252780586450463e-01
1.116532000000000080e-01 9.946208291203235685e-01
1.116623999999999950e-01 9.944186046511628296e-01
1.116715999999999959e-01 9.943377148634985341e-01
1.116807999999999967e-01 9.939332659251769453e-01
1.116899999999999976e-01 9.939332659251769453e-01
1.116991999999999985e-01 9.939332659251769453e-01
1.117083999999999994e-01 9.939332659251769453e-01
1.117176000000000002e-01 9.925581395348836988e-01
1.117268000000000011e-01 9.925581395348836988e-01
1.117360000000000020e-01 9.925581395348836988e-01
1.117452000000000029e-01 9.923963599595551077e-01
1.117544000000000037e-01 9.923963599595551077e-01
1.117636000000000046e-01 9.923963599595551077e-01
1.117728000000000055e-01 9.922750252780586644e-01
1.117820000000000064e-01 9.922750252780586644e-01
1.117912000000000072e-01 9.913852376137513023e-01
1.118004000000000081e-01 9.913447927199191545e-01
1.118095999999999951e-01 9.908190091001011224e-01
1.118187999999999960e-01 9.906167846309403835e-01
1.118279999999999968e-01 9.902932254802830903e-01
1.118371999999999977e-01 9.888372093023255482e-01
1.118463999999999986e-01 9.887563195146612527e-01
1.118555999999999995e-01 9.878665318503538906e-01
1.118648000000000003e-01 9.878665318503538906e-01
1.118740000000000012e-01 9.859656218402427230e-01
1.118832000000000021e-01 9.840242669362992967e-01
1.118924000000000030e-01 9.830940343781597868e-01
1.119016000000000038e-01 9.828918099089989369e-01
1.119108000000000047e-01 9.823660262891810158e-01
1.119200000000000056e-01 9.821233569261880181e-01
1.119292000000000065e-01 9.817997977755308359e-01
1.119384000000000073e-01 9.817997977755308359e-01
1.119476000000000082e-01 9.817593528816986881e-01
1.119567999999999952e-01 9.802224469160768505e-01
1.119659999999999961e-01 9.801820020222447027e-01
1.119751999999999970e-01 9.801820020222447027e-01
1.119843999999999978e-01 9.786450960566228652e-01
1.119935999999999987e-01 9.777553083923155031e-01
1.120027999999999996e-01 9.777553083923155031e-01
1.120120000000000005e-01 9.776744186046512075e-01
1.120212000000000013e-01 9.763397371081901088e-01
1.120304000000000022e-01 9.759352881698685200e-01
1.120396000000000031e-01 9.746410515672396802e-01
1.120488000000000040e-01 9.740748230535895003e-01
1.120580000000000048e-01 9.732254802831142859e-01
1.120672000000000057e-01 9.723356926188069238e-01
1.120764000000000066e-01 9.703943377148634974e-01
1.120856000000000074e-01 9.695854398382204309e-01
1.120947999999999944e-01 9.694236602628918398e-01
1.121039999999999953e-01 9.688574317492416599e-01
1.121131999999999962e-01 9.680485338725985933e-01
1.121223999999999971e-01 9.675227502527805612e-01
1.121315999999999979e-01 9.650960566228513615e-01
1.121407999999999988e-01 9.650151668351870660e-01
1.121499999999999997e-01 9.650151668351870660e-01
1.121592000000000006e-01 9.645298281092011816e-01
1.121684000000000014e-01 9.628311425682507529e-01
1.121776000000000023e-01 9.622244691607684253e-01
1.121868000000000032e-01 9.620222446916076864e-01
1.121960000000000041e-01 9.615369059656218020e-01
1.122052000000000049e-01 9.605662285136501444e-01
1.122144000000000058e-01 9.602426693629929622e-01
1.122236000000000067e-01 9.585439838220424225e-01
1.122328000000000076e-01 9.579777553083923536e-01
1.122420000000000084e-01 9.544186046511627941e-01
1.122511999999999954e-01 9.534883720930232842e-01
1.122603999999999963e-01 9.529625884732052521e-01
1.122695999999999972e-01 9.525985844287159221e-01
1.122787999999999980e-01 9.523559150657229244e-01
1.122879999999999989e-01 9.508594539939332346e-01
1.122971999999999998e-01 9.505763397371082002e-01
1.123064000000000007e-01 9.503741152679474613e-01
1.123156000000000015e-01 9.496461071789686903e-01
1.123248000000000024e-01 9.485540950455004783e-01
1.123340000000000033e-01 9.483923154701718872e-01
1.123432000000000042e-01 9.471385237613750840e-01
1.123524000000000050e-01 9.466936299292214585e-01
1.123616000000000059e-01 9.458442871587462442e-01
1.123708000000000068e-01 9.443073811931244066e-01
1.123800000000000077e-01 9.432153690596561946e-01
1.123891999999999947e-01 9.382406471183013519e-01
1.123983999999999955e-01 9.382406471183013519e-01
1.124075999999999964e-01 9.360566228513650389e-01
1.124167999999999973e-01 9.338725985844287258e-01
1.124259999999999982e-01 9.337512639029322825e-01
1.124351999999999990e-01 9.331445904954499548e-01
1.124443999999999999e-01 9.305156723963599052e-01
1.124536000000000008e-01 9.281294236602628533e-01
1.124628000000000017e-01 9.218200202224469120e-01
1.124720000000000025e-01 9.211324570273002887e-01
1.124812000000000034e-01 9.201617795753286311e-01
1.124904000000000043e-01 9.128008088978766255e-01
1.124996000000000052e-01 9.106167846309403124e-01
1.125088000000000060e-01 9.088372093023255882e-01
1.125180000000000069e-01 9.079069767441860783e-01
1.125272000000000078e-01 9.066936299292214230e-01
1.125363999999999948e-01 9.063296258847320930e-01
1.125455999999999956e-01 9.047118301314459599e-01
1.125547999999999965e-01 9.021638018200202058e-01
1.125639999999999974e-01 9.010717896865521048e-01
1.125731999999999983e-01 8.996562184024267106e-01
1.125823999999999991e-01 8.994135490394338239e-01
1.125916000000000000e-01 8.981193124368048730e-01
1.126008000000000009e-01 8.969059656218402177e-01
1.126100000000000018e-01 8.952477249747219368e-01
1.126192000000000026e-01 8.948028311425682002e-01
1.126284000000000035e-01 8.927401415571284415e-01
1.126376000000000044e-01 8.915267947421637862e-01
1.126468000000000053e-01 8.909605662285136063e-01
1.126560000000000061e-01 8.891001011122345865e-01
1.126652000000000070e-01 8.842871587462083349e-01
1.126744000000000079e-01 8.827906976744186451e-01
1.126835999999999949e-01 8.793528816986855290e-01
1.126927999999999958e-01 8.759150657229525239e-01
1.127019999999999966e-01 8.742568250758341319e-01
1.127111999999999975e-01 8.724772497472194077e-01
1.127203999999999984e-01 8.713852376137513067e-01
1.127295999999999992e-01 8.686349848331648138e-01
1.127388000000000001e-01 8.668149646107179418e-01
1.127480000000000010e-01 8.632558139534883823e-01
1.127572000000000019e-01 8.614762386248736581e-01
1.127664000000000027e-01 8.596562184024266751e-01
1.127756000000000036e-01 8.580788675429726897e-01
1.127848000000000045e-01 8.559757330637006723e-01
1.127940000000000054e-01 8.535085945399393248e-01
1.128032000000000062e-01 8.511223458038422729e-01
1.128124000000000071e-01 8.475227502527805656e-01
1.128216000000000080e-01 8.433569261880687895e-01
1.128307999999999950e-01 8.423053589484327253e-01
1.128399999999999959e-01 8.414155712841253631e-01
1.128491999999999967e-01 8.375733063700707692e-01
1.128583999999999976e-01 8.356723963599596017e-01
1.128675999999999985e-01 8.328816986855409610e-01
1.128767999999999994e-01 8.307381193124367957e-01
1.128860000000000002e-01 8.253993933265925120e-01
1.128952000000000011e-01 8.217593528816986570e-01
1.129044000000000020e-01 8.200606673407482283e-01
1.129136000000000029e-01 8.167037411526795188e-01
1.129228000000000037e-01 8.143579373104146146e-01
1.129320000000000046e-01 8.107583417593529074e-01
1.129412000000000055e-01 8.085338725985844466e-01
1.129504000000000064e-01 8.046107178968655571e-01
1.129596000000000072e-01 8.010515672396359976e-01
1.129688000000000081e-01 7.993528816986855690e-01
1.129779999999999951e-01 7.980990899898887658e-01
1.129871999999999960e-01 7.971284125379171082e-01
1.129963999999999968e-01 7.938928210313448419e-01
1.130055999999999977e-01 7.932457027300303665e-01
1.130147999999999986e-01 7.905358948432760213e-01
1.130239999999999995e-01 7.884732052578361516e-01
1.130332000000000003e-01 7.861678463094033953e-01
1.130424000000000012e-01 7.842669362992922277e-01
1.130516000000000021e-01 7.815975733063700304e-01
1.130608000000000030e-01 7.796562184024267150e-01
1.130700000000000038e-01 7.773508594539939587e-01
1.130792000000000047e-01 7.764206268958544488e-01
1.130884000000000056e-01 7.737512639029322514e-01
1.130976000000000065e-01 7.710414560161779063e-01
1.131068000000000073e-01 7.686552072800808544e-01
1.131159999999999943e-01 7.671991911021233124e-01
1.131251999999999952e-01 7.643276036400404871e-01
1.131343999999999961e-01 7.626693629929220952e-01
1.131435999999999970e-01 7.614964610717896987e-01
1.131527999999999978e-01 7.567239635995955949e-01
1.131619999999999987e-01 7.534074823053589220e-01
1.131711999999999996e-01 7.526390293225480033e-01
1.131804000000000004e-01 7.473003033367037196e-01
1.131896000000000013e-01 7.454398382204246998e-01
1.131988000000000022e-01 7.427300303336703546e-01
1.132080000000000031e-01 7.417593528816986970e-01
1.132172000000000039e-01 7.381597573306369897e-01
1.132264000000000048e-01 7.342770475227502480e-01
1.132356000000000057e-01 7.316076845298281617e-01
1.132448000000000066e-01 7.283720930232557844e-01
1.132540000000000074e-01 7.253387259858442571e-01
1.132632000000000083e-01 7.182608695652173969e-01
1.132723999999999953e-01 7.170475227502527416e-01
1.132815999999999962e-01 7.137310414560161798e-01
1.132907999999999971e-01 7.104954499494439135e-01
1.132999999999999979e-01 7.068149646107179107e-01
1.133091999999999988e-01 7.027300303336703191e-01
1.133183999999999997e-01 7.002628918099089717e-01
1.133276000000000006e-01 6.973913043478260354e-01
1.133368000000000014e-01 6.945197168857432102e-01
1.133460000000000023e-01 6.923761375126390449e-01
1.133552000000000032e-01 6.907987866531850596e-01
1.133644000000000041e-01 6.885743174924165988e-01
1.133736000000000049e-01 6.829929221435794284e-01
1.133828000000000058e-01 6.808897876643074110e-01
1.133920000000000067e-01 6.778159757330637358e-01
1.134012000000000076e-01 6.753892821031344251e-01
1.134103999999999945e-01 6.714661274014155357e-01
1.134195999999999954e-01 6.684327603640040083e-01
1.134287999999999963e-01 6.649140546006067076e-01
1.134379999999999972e-01 6.608291203235591160e-01
1.134471999999999980e-01 6.575126390293225542e-01
1.134563999999999989e-01 6.527805864509605982e-01
1.134655999999999998e-01 6.511627906976744651e-01
1.134748000000000007e-01 6.473609706774520189e-01
1.134840000000000015e-01 6.454600606673407404e-01
1.134932000000000024e-01 6.413751263902932598e-01
1.135024000000000033e-01 6.379777553083922914e-01
1.135116000000000042e-01 6.349443882709807641e-01
1.135208000000000050e-01 6.334074823053589265e-01
1.135300000000000059e-01 6.263700707785642141e-01
1.135392000000000068e-01 6.241051567239636055e-01
1.135484000000000077e-01 6.220424671385237358e-01
1.135576000000000085e-01 6.179170879676441075e-01
1.135667999999999955e-01 6.152072800808897624e-01
1.135759999999999964e-01 6.133872598584428903e-01
1.135851999999999973e-01 6.088574317492416732e-01
1.135943999999999982e-01 6.072396359959555401e-01
1.136035999999999990e-01 6.040040444893831628e-01
1.136127999999999999e-01 6.018604651162791086e-01
1.136220000000000008e-01 5.988270980788675812e-01
1.136312000000000016e-01 5.948634984833164330e-01
1.136404000000000025e-01 5.896461071789687036e-01
1.136496000000000034e-01 5.860060667340748486e-01
1.136588000000000043e-01 5.822446916076845502e-01
1.136680000000000051e-01 5.779170879676440720e-01
1.136772000000000060e-01 5.752477249747219856e-01
1.136864000000000069e-01 5.728210313447926749e-01
1.136956000000000078e-01 5.689787664307380810e-01
1.137047999999999948e-01 5.655005055611729281e-01
1.137139999999999956e-01 5.619817997977755164e-01
1.137231999999999965e-01 5.579777553083923314e-01
1.137323999999999974e-01 5.554297269969666884e-01
1.137415999999999983e-01 5.485136501516683083e-01
1.137507999999999991e-01 5.449140546006067121e-01
1.137600000000000000e-01 5.399797775530839061e-01
1.137692000000000009e-01 5.358139534883721300e-01
1.137784000000000018e-01 5.315672396359959473e-01
1.137876000000000026e-01 5.255409504550050404e-01
1.137968000000000035e-01 5.222244691607684786e-01
1.138060000000000044e-01 5.210920121334681188e-01
1.138152000000000053e-01 5.177755308392315570e-01
1.138244000000000061e-01 5.137310414560162242e-01
1.138336000000000070e-01 5.102123356926188125e-01
1.138428000000000079e-01 5.055611729019211520e-01
1.138519999999999949e-01 5.033771486349848390e-01
1.138611999999999957e-01 5.005055611729019027e-01
1.138703999999999966e-01 4.977957532861476131e-01
1.138795999999999975e-01 4.944388270980788480e-01
1.138887999999999984e-01 4.925783619817997727e-01
1.138979999999999992e-01 4.887360970677451788e-01
1.139072000000000001e-01 4.848129423660262893e-01
1.139164000000000010e-01 4.789888776541961768e-01
1.139256000000000019e-01 4.768452982810920115e-01
1.139348000000000027e-01 4.726390293225480321e-01
1.139440000000000036e-01 4.688372093023255860e-01
1.139532000000000045e-01 4.657633973710819109e-01
1.139624000000000054e-01 4.621233569261880558e-01
1.139716000000000062e-01 4.562588473205257955e-01
1.139808000000000071e-01 4.526188068756319405e-01
1.139900000000000080e-01 4.487765419615773466e-01
1.139991999999999950e-01 4.449342770475227526e-01
1.140083999999999959e-01 4.428311425682507352e-01
1.140175999999999967e-01 4.400404448938321500e-01
1.140267999999999976e-01 4.359555106167846139e-01
1.140359999999999985e-01 4.321132457027300200e-01
1.140451999999999994e-01 4.285945399393326638e-01
1.140544000000000002e-01 4.237007077856420612e-01
1.140636000000000011e-01 4.224064711830131658e-01
1.140728000000000020e-01 4.198179979777553195e-01
1.140820000000000028e-01 4.184024266936299252e-01
1.140912000000000037e-01 4.142366026289180936e-01
1.141004000000000046e-01 4.123356926188068705e-01
1.141096000000000055e-01 4.101112234580384097e-01
1.141188000000000063e-01 4.080485338725985955e-01
1.141280000000000072e-01 4.052982810920121581e-01
1.141372000000000081e-01 4.040849342770475028e-01
1.141463999999999951e-01 4.003640040444894077e-01
1.141555999999999960e-01 3.967644084934277005e-01
1.141647999999999968e-01 3.950657229524772718e-01
1.141739999999999977e-01 3.913852376137512690e-01
1.141831999999999986e-01 3.883923154701718894e-01
1.141923999999999995e-01 3.858847320525783386e-01
1.142016000000000003e-01 3.828918099089990146e-01
1.142108000000000012e-01 3.799393326592517828e-01
1.142200000000000021e-01 3.769059656218402554e-01
1.142292000000000030e-01 3.736703741152679337e-01
1.142384000000000038e-01 3.714459049544994729e-01
1.142476000000000047e-01 3.678463094034378211e-01
1.142568000000000056e-01 3.657836198179979514e-01
1.142660000000000065e-01 3.622649140546005953e-01
1.142752000000000073e-01 3.612133468149645865e-01
1.142844000000000082e-01 3.587057633973710913e-01
1.142935999999999952e-01 3.575328614762386392e-01
1.143027999999999961e-01 3.549443882709807929e-01
1.143119999999999969e-01 3.516279069767441756e-01
1.143211999999999978e-01 3.488372093023255904e-01
1.143303999999999987e-01 3.462891809908998919e-01
1.143395999999999996e-01 3.447927199191102021e-01
1.143488000000000004e-01 3.434175935288170112e-01
1.143580000000000013e-01 3.401011122345803939e-01
1.143672000000000022e-01 3.381193124368048752e-01
1.143764000000000031e-01 3.363397371081900955e-01
1.143856000000000039e-01 3.326188068756319449e-01
1.143948000000000048e-01 3.306774519716885741e-01
1.144040000000000057e-01 3.272800808897876612e-01
1.144132000000000066e-01 3.237613751263903050e-01
1.144224000000000074e-01 3.209706774519716643e-01
1.144315999999999944e-01 3.181799797775530791e-01
1.144407999999999953e-01 3.156723963599595284e-01
1.144499999999999962e-01 3.149443882709808129e-01
1.144591999999999971e-01 3.125985844287158533e-01
1.144683999999999979e-01 3.079069767441860450e-01
1.144775999999999988e-01 3.054398382204246976e-01
1.144867999999999997e-01 3.031749241658240890e-01
1.144960000000000006e-01 3.020424671385237847e-01
1.145052000000000014e-01 3.000202224469160628e-01
1.145144000000000023e-01 2.990495449949444051e-01
1.145236000000000032e-01 2.956926188068756400e-01
1.145328000000000040e-01 2.945601617795753357e-01
1.145420000000000049e-01 2.924974721941354661e-01
1.145512000000000058e-01 2.909605662285136285e-01
1.145604000000000067e-01 2.889787664307381099e-01
1.145696000000000075e-01 2.878867542972699534e-01
1.145788000000000084e-01 2.855005055611729015e-01
1.145879999999999954e-01 2.828715874620829074e-01
1.145971999999999963e-01 2.791506572295247568e-01
1.146063999999999972e-01 2.773306370070778293e-01
1.146155999999999980e-01 2.744590495449949485e-01
1.146247999999999989e-01 2.724772497472194299e-01
1.146339999999999998e-01 2.704550050556117080e-01
1.146432000000000007e-01 2.675025278058645317e-01
1.146524000000000015e-01 2.652376137512639231e-01
1.146616000000000024e-01 2.613549039433771259e-01
1.146708000000000033e-01 2.599797775530839350e-01
1.146800000000000042e-01 2.581597573306370075e-01
1.146892000000000050e-01 2.562992922143579322e-01
1.146984000000000059e-01 2.540343781597573236e-01
1.147076000000000068e-01 2.522143579373103961e-01
1.147168000000000077e-01 2.505156723963599674e-01
1.147259999999999946e-01 2.481698685540950355e-01
1.147351999999999955e-01 2.459049544994944270e-01
1.147443999999999964e-01 2.439635995955510561e-01
1.147535999999999973e-01 2.406066734074823188e-01
1.147627999999999981e-01 2.389484327603640101e-01
1.147719999999999990e-01 2.363195146612740161e-01
1.147811999999999999e-01 2.347826086956521785e-01
1.147904000000000008e-01 2.328008088978766321e-01
1.147996000000000016e-01 2.310212335692618801e-01
1.148088000000000025e-01 2.296461071789686614e-01
1.148180000000000034e-01 2.277856420626895861e-01
1.148272000000000043e-01 2.272598584428715818e-01
1.148364000000000051e-01 2.247927199191102066e-01
1.148456000000000060e-01 2.226086956521739213e-01
1.148548000000000069e-01 2.210717896865520837e-01
1.148640000000000078e-01 2.198179979777553084e-01
1.148731999999999948e-01 2.192113245702730084e-01
1.148823999999999956e-01 2.169868554095045476e-01
1.148915999999999965e-01 2.147623862487360868e-01
1.149007999999999974e-01 2.135490394337714870e-01
1.149099999999999983e-01 2.120121334681496494e-01
1.149191999999999991e-01 2.107583417593528741e-01
1.149284000000000000e-01 2.096663296258847453e-01
1.149376000000000009e-01 2.084529828109201177e-01
1.149468000000000018e-01 2.062285136501516569e-01
1.149560000000000026e-01 2.050556117290192049e-01
1.149652000000000035e-01 2.032760364004044529e-01
1.149744000000000044e-01 2.006471183013144588e-01
1.149836000000000052e-01 1.994337714863498590e-01
1.149928000000000061e-01 1.978564206268958459e-01
1.150020000000000070e-01 1.962386248736097127e-01
1.150112000000000079e-01 1.958746208291203272e-01
1.150203999999999949e-01 1.936905965621840142e-01
1.150295999999999957e-01 1.921536905965621767e-01
1.150387999999999966e-01 1.898078867542972725e-01
1.150479999999999975e-01 1.873003033367037495e-01
1.150571999999999984e-01 1.867745197168857452e-01
1.150663999999999992e-01 1.858442871587462075e-01
1.150756000000000001e-01 1.856016177957532931e-01
1.150848000000000010e-01 1.849949443882709932e-01
1.150940000000000019e-01 1.834984833164813034e-01
1.151032000000000027e-01 1.805460060667340716e-01
1.151124000000000036e-01 1.789282103134479385e-01
1.151216000000000045e-01 1.781597573306370197e-01
1.151308000000000054e-01 1.758139534883720878e-01
1.151400000000000062e-01 1.750050556117290212e-01
1.151492000000000071e-01 1.743983822042467213e-01
1.151583999999999941e-01 1.730637007077856504e-01
1.151675999999999950e-01 1.715672396359959606e-01
1.151767999999999958e-01 1.690192113245702621e-01
1.151859999999999967e-01 1.687765419615773477e-01
1.151951999999999976e-01 1.654196157735085826e-01
1.152043999999999985e-01 1.644084934277047494e-01
1.152135999999999993e-01 1.632760364004044451e-01
1.152228000000000002e-01 1.623458038422649075e-01
1.152320000000000011e-01 1.609706774519716888e-01
1.152412000000000020e-01 1.600808897876642989e-01
1.152504000000000028e-01 1.595551061678463223e-01
1.152596000000000037e-01 1.579777553083923092e-01
1.152688000000000046e-01 1.562386248736097050e-01
1.152780000000000055e-01 1.539332659251769486e-01
1.152872000000000063e-01 1.529625884732052632e-01
1.152964000000000072e-01 1.515874620829120445e-01
1.153056000000000081e-01 1.490394337714863460e-01
1.153147999999999951e-01 1.477856420626895984e-01
1.153239999999999960e-01 1.466127401415571185e-01
1.153331999999999968e-01 1.446309403437815999e-01
1.153423999999999977e-01 1.436602628918099145e-01
1.153515999999999986e-01 1.428918099089989957e-01
1.153607999999999995e-01 1.417593528816986914e-01
1.153700000000000003e-01 1.405055611729019160e-01
1.153792000000000012e-01 1.398988877654196161e-01
1.153884000000000021e-01 1.388877654196157829e-01
1.153976000000000030e-01 1.380788675429726886e-01
1.154068000000000038e-01 1.374317492416582409e-01
1.154160000000000047e-01 1.369464105156723843e-01
1.154252000000000056e-01 1.367037411526794699e-01
1.154344000000000064e-01 1.362992922143579366e-01
1.154436000000000073e-01 1.349241658240647179e-01
1.154527999999999943e-01 1.336703741152679425e-01
1.154619999999999952e-01 1.321334681496461050e-01
1.154711999999999961e-01 1.318503538928210428e-01
1.154803999999999969e-01 1.301516683518705864e-01
1.154895999999999978e-01 1.293427704752274920e-01
1.154987999999999987e-01 1.276036400404448878e-01
1.155079999999999996e-01 1.271991911021233546e-01
1.155172000000000004e-01 1.264711830131445836e-01
1.155264000000000013e-01 1.256218402426693692e-01
1.155356000000000022e-01 1.237613751263902939e-01
1.155448000000000031e-01 1.225075834175935324e-01
1.155540000000000039e-01 1.218200202224469092e-01
1.155632000000000048e-01 1.216177957532861426e-01
1.155724000000000057e-01 1.210515672396359904e-01
1.155816000000000066e-01 1.202831142568250716e-01
1.155908000000000074e-01 1.196764408493427717e-01
1.156000000000000083e-01 1.185035389282103196e-01
1.156091999999999953e-01 1.173306370070778537e-01
1.156183999999999962e-01 1.171284125379170871e-01
1.156275999999999970e-01 1.170070778564206299e-01
1.156367999999999979e-01 1.165621840242669349e-01
1.156459999999999988e-01 1.160364004044489444e-01
1.156551999999999997e-01 1.155106167846309401e-01
1.156644000000000005e-01 1.136097067745197170e-01
1.156736000000000014e-01 1.119514661274014222e-01
1.156828000000000023e-01 1.107381193124368085e-01
1.156920000000000032e-01 1.092012133468149709e-01
1.157012000000000040e-01 1.089585439838220426e-01
1.157104000000000049e-01 1.083518705763397427e-01
1.157196000000000058e-01 1.073003033367037479e-01
1.157288000000000067e-01 1.066531850353892863e-01
1.157380000000000075e-01 1.065318503538928152e-01
1.157471999999999945e-01 1.063700707785642102e-01
1.157563999999999954e-01 1.054802831142568204e-01
1.157655999999999963e-01 1.045500505561172966e-01
1.157747999999999972e-01 1.035793731041455973e-01
1.157839999999999980e-01 1.033771486349848306e-01
1.157931999999999989e-01 1.031344792719919162e-01
1.158023999999999998e-01 1.022042467138523786e-01
1.158116000000000007e-01 1.018806875631951409e-01
1.158208000000000015e-01 1.007482305358948366e-01
1.158300000000000024e-01 1.006268958543983794e-01
1.158392000000000033e-01 1.004246713852376127e-01
1.158484000000000042e-01 9.973710819009100337e-02
1.158576000000000050e-01 9.917087967644085122e-02
1.158668000000000059e-01 9.807886754297269472e-02
1.158760000000000068e-01 9.751263902932254257e-02
1.158852000000000076e-01 9.589484327603639557e-02
1.158944000000000085e-01 9.569261880687562893e-02
1.159035999999999955e-01 9.480283114256825294e-02
1.159127999999999964e-01 9.362992922143578700e-02
1.159219999999999973e-01 9.282103134479272044e-02
1.159311999999999981e-01 9.229524772497471607e-02
1.159403999999999990e-01 9.140546006066734008e-02
1.159495999999999999e-01 9.059656218402427352e-02
1.159588000000000008e-01 8.910010111223458373e-02
1.159680000000000016e-01 8.760364004044489394e-02
1.159772000000000025e-01 8.748230535894843674e-02
1.159864000000000034e-01 8.537917087967644703e-02
1.159956000000000043e-01 8.509605662285137095e-02
1.160048000000000051e-01 8.501516683518706152e-02
1.160140000000000060e-01 8.408493427704752388e-02
1.160232000000000069e-01 8.376137512639030003e-02
1.160324000000000078e-01 8.351870576339737173e-02
1.160415999999999948e-01 8.299292214357936737e-02
1.160507999999999956e-01 8.182002022244691530e-02
1.160599999999999965e-01 8.129423660262892481e-02
1.160691999999999974e-01 8.064711830131446324e-02
1.160783999999999982e-01 7.951466127401415895e-02
1.160875999999999991e-01 7.882709807886754960e-02
1.160968000000000000e-01 7.830131445904954524e-02
1.161060000000000009e-01 7.704752275025278374e-02
1.161152000000000017e-01 7.587462082912031780e-02
1.161244000000000026e-01 7.579373104145602225e-02
1.161336000000000035e-01 7.506572295247725124e-02
1.161428000000000044e-01 7.397371081900909473e-02
1.161520000000000052e-01 7.356926188068756145e-02
1.161612000000000061e-01 7.280080889787664267e-02
1.161704000000000070e-01 7.255813953488371437e-02
1.161796000000000079e-01 7.183013144590495724e-02
1.161888000000000087e-01 7.154701718907988117e-02
1.161979999999999957e-01 7.122345803842264345e-02
1.162071999999999966e-01 7.081900910010111017e-02
1.162163999999999975e-01 7.009100101112233916e-02
1.162255999999999984e-01 6.806875631951465888e-02
1.162347999999999992e-01 6.798786653185034945e-02
1.162440000000000001e-01 6.746208291203235896e-02
1.162532000000000010e-01 6.713852376137512123e-02
1.162624000000000019e-01 6.701718907987866403e-02
1.162716000000000027e-01 6.661274014155713075e-02
1.162808000000000036e-01 6.608695652173912638e-02
1.162900000000000045e-01 6.568250758341759310e-02
1.162992000000000054e-01 6.535894843276036925e-02
1.163084000000000062e-01 6.519716885743175039e-02
1.163176000000000071e-01 6.491405460060667432e-02
1.163268000000000080e-01 6.455005055611728881e-02
1.163359999999999950e-01 6.357937310414560339e-02
1.163451999999999958e-01 6.325581395348836566e-02
1.163543999999999967e-01 6.224469160768453246e-02
1.163635999999999976e-01 6.151668351870576146e-02
1.163727999999999985e-01 6.147623862487360674e-02
1.163819999999999993e-01 6.127401415571284010e-02
1.163912000000000002e-01 6.082912032355915211e-02
1.164004000000000011e-01 6.038422649140545717e-02
1.164096000000000020e-01 6.026289180990899996e-02
1.164188000000000028e-01 5.973710819009100254e-02
1.164280000000000037e-01 5.937310414560161703e-02
1.164372000000000046e-01 5.929221435793730760e-02
1.164464000000000055e-01 5.844287158746208632e-02
1.164556000000000063e-01 5.791708796764408196e-02
1.164648000000000072e-01 5.771486349848331532e-02
1.164739999999999942e-01 5.751263902932254868e-02
1.164831999999999951e-01 5.726996966632962732e-02
1.164923999999999960e-01 5.726996966632962732e-02
1.165015999999999968e-01 5.642062689585439911e-02
1.165107999999999977e-01 5.633973710819008968e-02
1.165199999999999986e-01 5.605662285136501360e-02
1.165291999999999994e-01 5.565217391304348032e-02
1.165384000000000003e-01 5.512639029322548290e-02
1.165476000000000012e-01 5.508594539939332818e-02
1.165568000000000021e-01 5.484327603640040683e-02
1.165660000000000029e-01 5.451971688574317604e-02
1.165752000000000038e-01 5.431749241658240940e-02
1.165844000000000047e-01 5.326592517694640760e-02
1.165936000000000056e-01 5.310414560161779568e-02
1.166028000000000064e-01 5.290192113245702904e-02
1.166120000000000073e-01 5.241658240647118633e-02
1.166212000000000082e-01 5.213346814964611026e-02
1.166303999999999952e-01 5.180990899898887947e-02
1.166395999999999961e-01 5.152679474216380340e-02
1.166487999999999969e-01 5.051567239635995632e-02
1.166579999999999978e-01 5.047522750252780854e-02
1.166671999999999987e-01 5.047522750252780854e-02
1.166763999999999996e-01 5.015166835187057776e-02
1.166856000000000004e-01 4.982810920121334697e-02
1.166948000000000013e-01 4.946410515672396147e-02
1.167040000000000022e-01 4.946410515672396147e-02
1.167132000000000031e-01 4.946410515672396147e-02
1.167224000000000039e-01 4.869565217391304268e-02
1.167316000000000048e-01 4.861476238624873325e-02
1.167408000000000057e-01 4.853387259858443076e-02
1.167500000000000066e-01 4.736097067745197176e-02
1.167592000000000074e-01 4.707785642062689568e-02
1.167683999999999944e-01 4.643073811931243411e-02
1.167775999999999953e-01 4.554095045500505812e-02
1.167867999999999962e-01 4.554095045500505812e-02
1.167959999999999970e-01 4.550050556117290340e-02
1.168051999999999979e-01 4.529828109201213676e-02
1.168143999999999988e-01 4.457027300303336576e-02
1.168235999999999997e-01 4.404448938321536833e-02
1.168328000000000005e-01 4.400404448938321361e-02
1.168420000000000014e-01 4.388270980788675640e-02
1.168512000000000023e-01 4.376137512639029226e-02
1.168604000000000032e-01 4.327603640040444954e-02
1.168696000000000040e-01 4.319514661274014011e-02
1.168788000000000049e-01 4.319514661274014011e-02
1.168880000000000058e-01 4.303336703741152819e-02
1.168972000000000067e-01 4.303336703741152819e-02
1.169064000000000075e-01 4.258847320525783325e-02
1.169156000000000084e-01 4.182002022244691447e-02
1.169247999999999954e-01 4.125379170879676233e-02
1.169339999999999963e-01 4.121334681496460761e-02
1.169431999999999972e-01 4.088978766430738376e-02
1.169523999999999980e-01 4.088978766430738376e-02
1.169615999999999989e-01 4.088978766430738376e-02
1.169707999999999998e-01 4.052578361981799826e-02
1.169800000000000006e-01 4.040444893832153411e-02
1.169892000000000015e-01 4.000000000000000083e-02
1.169984000000000024e-01 3.923154701718908205e-02
1.170076000000000033e-01 3.874620829120323240e-02
1.170168000000000041e-01 3.858442871587462047e-02
1.170260000000000050e-01 3.858442871587462047e-02
1.170352000000000059e-01 3.749241658240647090e-02
1.170444000000000068e-01 3.737108190091000676e-02
1.170536000000000076e-01 3.720930232558139483e-02
1.170627999999999946e-01 3.704752275025278291e-02
1.170719999999999955e-01 3.692618806875631876e-02
1.170811999999999964e-01 3.692618806875631876e-02
1.170903999999999973e-01 3.692618806875631876e-02
1.170995999999999981e-01 3.688574317492416405e-02
1.171087999999999990e-01 3.672396359959555212e-02
1.171179999999999999e-01 3.583417593528816919e-02
1.171272000000000008e-01 3.583417593528816919e-02
1.171364000000000016e-01 3.486349848331648377e-02
1.171456000000000025e-01 3.486349848331648377e-02
1.171548000000000034e-01 3.486349848331648377e-02
1.171640000000000043e-01 3.470171890798786490e-02
1.171732000000000051e-01 3.429726996966633162e-02
1.171824000000000060e-01 3.332659251769463926e-02
1.171916000000000069e-01 3.255813953488372048e-02
1.172008000000000078e-01 3.255813953488372048e-02
1.172100000000000086e-01 3.227502527805864441e-02
1.172191999999999956e-01 3.227502527805864441e-02
1.172283999999999965e-01 3.219413549039433498e-02
1.172375999999999974e-01 3.219413549039433498e-02
1.172467999999999982e-01 3.199191102123356834e-02
1.172559999999999991e-01 3.199191102123356834e-02
1.172652000000000000e-01 3.187057633973711113e-02
1.172744000000000009e-01 3.162790697674418283e-02
1.172836000000000017e-01 3.158746208291203506e-02
1.172928000000000026e-01 3.158746208291203506e-02
1.173020000000000035e-01 3.098078867542972820e-02
1.173112000000000044e-01 3.061678463094034269e-02
1.173204000000000052e-01 3.049544994944388202e-02
1.173296000000000061e-01 3.045500505561172730e-02
1.173388000000000070e-01 3.025278058645096066e-02
1.173480000000000079e-01 3.025278058645096066e-02
1.173571999999999949e-01 3.025278058645096066e-02
1.173663999999999957e-01 3.025278058645096066e-02
1.173755999999999966e-01 3.017189079878665470e-02
1.173847999999999975e-01 3.017189079878665470e-02
1.173939999999999984e-01 2.863498483316481366e-02
1.174031999999999992e-01 2.855409504550050423e-02
1.174124000000000001e-01 2.855409504550050423e-02
1.174216000000000010e-01 2.847320525783619827e-02
1.174308000000000018e-01 2.827098078867542816e-02
1.174400000000000027e-01 2.827098078867542816e-02
1.174492000000000036e-01 2.823053589484327691e-02
1.174584000000000045e-01 2.645096056622851452e-02
1.174676000000000053e-01 2.645096056622851452e-02
1.174768000000000062e-01 2.637007077856420509e-02
1.174860000000000071e-01 2.637007077856420509e-02
1.174951999999999941e-01 2.604651162790697777e-02
1.175043999999999950e-01 2.600606673407482305e-02
1.175135999999999958e-01 2.600606673407482305e-02
1.175227999999999967e-01 2.600606673407482305e-02
1.175319999999999976e-01 2.600606673407482305e-02
1.175411999999999985e-01 2.600606673407482305e-02
1.175503999999999993e-01 2.600606673407482305e-02
1.175596000000000002e-01 2.600606673407482305e-02
1.175688000000000011e-01 2.600606673407482305e-02
1.175780000000000020e-01 2.600606673407482305e-02
1.175872000000000028e-01 2.596562184024266834e-02
1.175964000000000037e-01 2.596562184024266834e-02
1.176056000000000046e-01 2.596562184024266834e-02
1.176148000000000055e-01 2.592517694641051709e-02
1.176240000000000063e-01 2.592517694641051709e-02
1.176332000000000072e-01 2.588473205257836238e-02
1.176424000000000081e-01 2.434782608695652134e-02
1.176515999999999951e-01 2.337714863498483245e-02
1.176607999999999959e-01 2.293225480283114098e-02
1.176699999999999968e-01 2.293225480283114098e-02
1.176791999999999977e-01 2.192113245702730084e-02
1.176883999999999986e-01 2.171890798786653073e-02
1.176975999999999994e-01 2.163801820020222477e-02
1.177068000000000003e-01 2.163801820020222477e-02
1.177160000000000012e-01 2.111223458038422734e-02
1.177252000000000021e-01 2.111223458038422734e-02
1.177344000000000029e-01 2.107178968655207263e-02
1.177436000000000038e-01 2.107178968655207263e-02
1.177528000000000047e-01 2.107178968655207263e-02
1.177620000000000056e-01 2.107178968655207263e-02
1.177712000000000064e-01 2.086956521739130599e-02
1.177804000000000073e-01 2.058645096056622992e-02
1.177895999999999943e-01 2.058645096056622992e-02
1.177987999999999952e-01 1.977755308392315642e-02
1.178079999999999961e-01 1.977755308392315642e-02
1.178171999999999969e-01 1.977755308392315642e-02
1.178263999999999978e-01 1.977755308392315642e-02
1.178355999999999987e-01 1.977755308392315642e-02
1.178447999999999996e-01 1.977755308392315642e-02
1.178540000000000004e-01 1.977755308392315642e-02
1.178632000000000013e-01 1.977755308392315642e-02
1.178724000000000022e-01 1.913043478260869484e-02
1.178816000000000030e-01 1.913043478260869484e-02
1.178908000000000039e-01 1.913043478260869484e-02
1.179000000000000048e-01 1.872598584428715809e-02
1.179092000000000057e-01 1.856420626895854270e-02
1.179184000000000065e-01 1.852376137512639145e-02
1.179276000000000074e-01 1.852376137512639145e-02
1.179368000000000083e-01 1.811931243680485470e-02
1.179459999999999953e-01 1.811931243680485470e-02
1.179551999999999962e-01 1.811931243680485470e-02
1.179643999999999970e-01 1.807886754297269999e-02
1.179735999999999979e-01 1.803842264914054527e-02
1.179827999999999988e-01 1.803842264914054527e-02
1.179919999999999997e-01 1.803842264914054527e-02
1.180012000000000005e-01 1.783619817997977863e-02
1.180104000000000014e-01 1.763397371081900852e-02
1.180196000000000023e-01 1.763397371081900852e-02
1.180288000000000032e-01 1.763397371081900852e-02
1.180380000000000040e-01 1.759352881698685381e-02
1.180472000000000049e-01 1.751263902932254785e-02
1.180564000000000058e-01 1.751263902932254785e-02
1.180656000000000067e-01 1.747219413549039313e-02
1.180748000000000075e-01 1.747219413549039313e-02
1.180839999999999945e-01 1.747219413549039313e-02
1.180931999999999954e-01 1.743174924165824188e-02
1.181023999999999963e-01 1.726996966632962649e-02
1.181115999999999971e-01 1.726996966632962649e-02
1.181207999999999980e-01 1.573306370070778545e-02
1.181299999999999989e-01 1.536905965621840169e-02
1.181391999999999998e-01 1.516683518705763331e-02
1.181484000000000006e-01 1.516683518705763331e-02
1.181576000000000015e-01 1.435793731041455981e-02
1.181668000000000024e-01 1.435793731041455981e-02
1.181760000000000033e-01 1.431749241658240683e-02
1.181852000000000041e-01 1.431749241658240683e-02
1.181944000000000050e-01 1.427704752275025211e-02
1.182036000000000059e-01 1.411526794742163846e-02
1.182128000000000068e-01 1.411526794742163846e-02
1.182220000000000076e-01 1.411526794742163846e-02
1.182312000000000085e-01 1.411526794742163846e-02
1.182403999999999955e-01 1.411526794742163846e-02
1.182495999999999964e-01 1.411526794742163846e-02
1.182587999999999973e-01 1.411526794742163846e-02
1.182679999999999981e-01 1.411526794742163846e-02
1.182771999999999990e-01 1.411526794742163846e-02
1.182863999999999999e-01 1.407482305358948374e-02
1.182956000000000008e-01 1.350859453993933333e-02
1.183048000000000016e-01 1.350859453993933333e-02
1.183140000000000025e-01 1.306370070778564187e-02
1.183232000000000034e-01 1.306370070778564187e-02
1.183324000000000042e-01 1.294236602628918119e-02
1.183416000000000051e-01 1.294236602628918119e-02
1.183508000000000060e-01 1.294236602628918119e-02
1.183600000000000069e-01 1.294236602628918119e-02
1.183692000000000077e-01 1.294236602628918119e-02
1.183783999999999947e-01 1.294236602628918119e-02
1.183875999999999956e-01 1.294236602628918119e-02
1.183967999999999965e-01 1.274014155712841281e-02
1.184059999999999974e-01 1.274014155712841281e-02
1.184151999999999982e-01 1.241658240647118376e-02
1.184243999999999991e-01 1.241658240647118376e-02
1.184336000000000000e-01 1.213346814964610769e-02
1.184428000000000009e-01 1.201213346814964528e-02
1.184520000000000017e-01 1.180990899898887690e-02
1.184612000000000026e-01 1.116279069767441880e-02
1.184704000000000035e-01 1.087967644084934273e-02
1.184796000000000044e-01 1.087967644084934273e-02
1.184888000000000052e-01 1.051567239635995896e-02
1.184980000000000061e-01 1.051567239635995896e-02
1.185072000000000070e-01 1.051567239635995896e-02
1.185164000000000079e-01 1.051567239635995896e-02
1.185256000000000087e-01 1.051567239635995896e-02
1.185347999999999957e-01 1.035389282103134530e-02
1.185439999999999966e-01 1.035389282103134530e-02
1.185531999999999975e-01 1.035389282103134530e-02
1.185623999999999983e-01 1.035389282103134530e-02
1.185715999999999992e-01 1.035389282103134530e-02
1.185808000000000001e-01 1.023255813953488289e-02
1.185900000000000010e-01 1.023255813953488289e-02
1.185992000000000018e-01 1.011122345803842221e-02
1.186084000000000027e-01 1.011122345803842221e-02
1.186176000000000036e-01 1.003033367037411451e-02
1.186268000000000045e-01 1.003033367037411451e-02
1.186360000000000053e-01 1.003033367037411451e-02
1.186452000000000062e-01 1.003033367037411451e-02
1.186544000000000071e-01 1.003033367037411451e-02
1.186636000000000080e-01 9.949443882709808548e-03
1.186727999999999950e-01 9.949443882709808548e-03
1.186819999999999958e-01 9.949443882709808548e-03
1.186911999999999967e-01 9.949443882709808548e-03
1.187003999999999976e-01 9.585439838220424780e-03
1.187095999999999985e-01 9.585439838220424780e-03
1.187187999999999993e-01 9.544994944388271799e-03
1.187280000000000002e-01 9.544994944388271799e-03
1.187372000000000011e-01 9.544994944388271799e-03
1.187464000000000020e-01 9.504550050556117083e-03
1.187556000000000028e-01 9.504550050556117083e-03
1.187648000000000037e-01 9.504550050556117083e-03
1.187740000000000046e-01 9.504550050556117083e-03
1.187832000000000054e-01 9.504550050556117083e-03
1.187924000000000063e-01 9.342770475227501689e-03
1.188016000000000072e-01 8.978766430738119655e-03
1.188107999999999942e-01 8.938321536905964940e-03
1.188200000000000089e-01 8.897876643073811959e-03
1.188291999999999959e-01 8.897876643073811959e-03
1.188383999999999968e-01 8.331648129423659815e-03
1.188475999999999977e-01 8.331648129423659815e-03
1.188567999999999986e-01 8.331648129423659815e-03
1.188659999999999994e-01 8.291203235591506834e-03
1.188752000000000003e-01 8.291203235591506834e-03
1.188844000000000012e-01 8.291203235591506834e-03
1.188936000000000021e-01 8.291203235591506834e-03
1.189028000000000029e-01 8.048533872598583744e-03
1.189120000000000038e-01 8.008088978766430763e-03
1.189212000000000047e-01 7.886754297269970085e-03
1.189304000000000056e-01 7.886754297269970085e-03
1.189396000000000064e-01 7.603640040444894013e-03
1.189488000000000073e-01 7.522750252780586316e-03
1.189580000000000082e-01 7.522750252780586316e-03
1.189671999999999952e-01 7.239635995955510245e-03
1.189763999999999960e-01 7.239635995955510245e-03
1.189855999999999969e-01 7.239635995955510245e-03
1.189947999999999978e-01 7.239635995955510245e-03
1.190039999999999987e-01 7.239635995955510245e-03
1.190131999999999995e-01 6.835187057633973495e-03
1.190224000000000004e-01 6.794742163801819647e-03
1.190316000000000013e-01 6.713852376137512817e-03
1.190408000000000022e-01 6.713852376137512817e-03
1.190500000000000030e-01 6.713852376137512817e-03
1.190592000000000039e-01 6.713852376137512817e-03
1.190684000000000048e-01 6.713852376137512817e-03
1.190776000000000057e-01 6.713852376137512817e-03
1.190868000000000065e-01 6.713852376137512817e-03
1.190960000000000074e-01 6.673407482305358969e-03
1.191051999999999944e-01 6.673407482305358969e-03
1.191144000000000092e-01 6.673407482305358969e-03
1.191235999999999962e-01 6.673407482305358969e-03
1.191327999999999970e-01 6.673407482305358969e-03
1.191419999999999979e-01 6.673407482305358969e-03
1.191511999999999988e-01 6.673407482305358969e-03
1.191603999999999997e-01 6.673407482305358969e-03
1.191696000000000005e-01 6.673407482305358969e-03
1.191788000000000014e-01 6.592517694641051272e-03
1.191880000000000023e-01 6.592517694641051272e-03
1.191972000000000032e-01 6.592517694641051272e-03
1.192064000000000040e-01 4.691607684529828202e-03
1.192156000000000049e-01 4.691607684529828202e-03
1.192248000000000058e-01 4.691607684529828202e-03
1.192340000000000066e-01 4.691607684529828202e-03
1.192431999999999936e-01 4.691607684529828202e-03
1.192524000000000084e-01 4.368048533872598282e-03
1.192615999999999954e-01 4.368048533872598282e-03
1.192707999999999963e-01 3.923154701718907685e-03
1.192799999999999971e-01 3.923154701718907685e-03
1.192891999999999980e-01 3.923154701718907685e-03
1.192983999999999989e-01 3.882709807886754270e-03
1.193075999999999998e-01 3.882709807886754270e-03
1.193168000000000006e-01 3.882709807886754270e-03
1.193260000000000015e-01 3.882709807886754270e-03
1.193352000000000024e-01 3.882709807886754270e-03
1.193444000000000033e-01 3.882709807886754270e-03
1.193536000000000041e-01 3.882709807886754270e-03
1.193628000000000050e-01 3.437815975733063672e-03
1.193720000000000059e-01 3.437815975733063672e-03
1.193812000000000068e-01 3.437815975733063672e-03
1.193904000000000076e-01 3.397371081900909823e-03
1.193995999999999946e-01 3.397371081900909823e-03
1.194087999999999955e-01 3.397371081900909823e-03
1.194179999999999964e-01 3.397371081900909823e-03
1.194271999999999972e-01 3.397371081900909823e-03
1.194363999999999981e-01 3.397371081900909823e-03
1.194455999999999990e-01 3.397371081900909823e-03
1.194547999999999999e-01 3.397371081900909823e-03
1.194640000000000007e-01 3.397371081900909823e-03
1.194732000000000016e-01 3.397371081900909823e-03
1.194824000000000025e-01 3.356926188068756409e-03
1.194916000000000034e-01 3.356926188068756409e-03
1.195008000000000042e-01 3.356926188068756409e-03
1.195100000000000051e-01 3.356926188068756409e-03
1.195192000000000060e-01 3.356926188068756409e-03
1.195284000000000069e-01 3.033367037411526922e-03
1.195375999999999939e-01 3.033367037411526922e-03
1.195468000000000086e-01 3.033367037411526922e-03
1.195559999999999956e-01 3.033367037411526922e-03
1.195651999999999965e-01 3.033367037411526922e-03
1.195743999999999974e-01 3.033367037411526922e-03
1.195835999999999982e-01 3.033367037411526922e-03
1.195927999999999991e-01 3.033367037411526922e-03
1.196020000000000000e-01 3.033367037411526922e-03
1.196112000000000009e-01 3.033367037411526922e-03
1.196204000000000017e-01 3.033367037411526922e-03
1.196296000000000026e-01 3.033367037411526922e-03
1.196388000000000035e-01 3.033367037411526922e-03
1.196480000000000044e-01 2.871587462082911962e-03
1.196572000000000052e-01 2.871587462082911962e-03
1.196664000000000061e-01 2.871587462082911962e-03
1.196756000000000070e-01 2.871587462082911962e-03
1.196848000000000078e-01 2.831142568250758548e-03
1.196939999999999948e-01 2.831142568250758548e-03
1.197031999999999957e-01 2.831142568250758548e-03
1.197123999999999966e-01 2.831142568250758548e-03
1.197215999999999975e-01 2.831142568250758548e-03
1.197307999999999983e-01 2.831142568250758548e-03
1.197399999999999992e-01 2.831142568250758548e-03
1.197492000000000001e-01 2.831142568250758548e-03
1.197584000000000010e-01 2.831142568250758548e-03
1.197676000000000018e-01 2.831142568250758548e-03
1.197768000000000027e-01 2.628918099089989739e-03
1.197860000000000036e-01 2.628918099089989739e-03
1.197952000000000045e-01 2.628918099089989739e-03
1.198044000000000053e-01 2.628918099089989739e-03
1.198136000000000062e-01 2.628918099089989739e-03
1.198228000000000071e-01 2.628918099089989739e-03
1.198319999999999941e-01 2.588473205257836324e-03
1.198412000000000088e-01 2.588473205257836324e-03
1.198503999999999958e-01 2.588473205257836324e-03
1.198595999999999967e-01 2.426693629929221364e-03
1.198687999999999976e-01 2.103134479271991878e-03
1.198779999999999984e-01 2.103134479271991878e-03
1.198871999999999993e-01 2.103134479271991878e-03
1.198964000000000002e-01 2.103134479271991878e-03
1.199056000000000011e-01 2.103134479271991878e-03
1.199148000000000019e-01 2.103134479271991878e-03
1.199240000000000028e-01 2.103134479271991878e-03
1.199332000000000037e-01 1.941354903943377135e-03
1.199424000000000046e-01 1.941354903943377135e-03
1.199516000000000054e-01 1.941354903943377135e-03
1.199608000000000063e-01 1.941354903943377135e-03
1.199700000000000072e-01 1.941354903943377135e-03
1.199792000000000081e-01 1.941354903943377135e-03
1.199883999999999951e-01 1.941354903943377135e-03
1.199975999999999959e-01 1.941354903943377135e-03
1.200067999999999968e-01 1.941354903943377135e-03
1.200159999999999977e-01 1.941354903943377135e-03
1.200251999999999986e-01 1.941354903943377135e-03
1.200343999999999994e-01 1.941354903943377135e-03
1.200436000000000003e-01 1.941354903943377135e-03
1.200528000000000012e-01 1.941354903943377135e-03
1.200620000000000021e-01 1.941354903943377135e-03
1.200712000000000029e-01 1.941354903943377135e-03
1.200804000000000038e-01 1.941354903943377135e-03
1.200896000000000047e-01 1.941354903943377135e-03
1.200988000000000056e-01 1.860465116279069872e-03
1.201080000000000064e-01 1.860465116279069872e-03
1.201172000000000073e-01 1.860465116279069872e-03
1.201263999999999943e-01 1.860465116279069872e-03
1.201356000000000090e-01 1.779575328614762392e-03
1.201447999999999960e-01 1.779575328614762392e-03
1.201539999999999969e-01 1.779575328614762392e-03
1.201631999999999978e-01 1.779575328614762392e-03
1.201723999999999987e-01 1.779575328614762392e-03
1.201815999999999995e-01 1.617795753286147649e-03
1.201908000000000004e-01 1.617795753286147649e-03
1.202000000000000013e-01 1.617795753286147649e-03
# Ensemble: [1^+], idetect: 0.1125
1.115000000000000019e-01 9.958746208291203716e-01
1.115087000000000023e-01 9.958746208291203716e-01
1.115174000000000026e-01 9.958746208291203716e-01
1.115261000000000030e-01 9.958746208291203716e-01
1.115348000000000034e-01 9.957940647425012060e-01
1.115435000000000038e-01 9.957940647425012060e-01
1.115522000000000041e-01 9.953912843094054885e-01
1.115609000000000045e-01 9.953912843094054885e-01
1.115696000000000049e-01 9.953912843094054885e-01
1.115783000000000053e-01 9.953912843094054885e-01
1.115870000000000056e-01 9.949079477896907164e-01
1.115957000000000060e-01 9.947468356164524961e-01
1.116044000000000064e-01 9.946662795298332194e-01
1.116131000000000068e-01 9.946662795298332194e-01
1.116218000000000071e-01 9.946662795298332194e-01
1.116305000000000075e-01 9.946662795298332194e-01
1.116392000000000079e-01 9.946662795298332194e-01
1.116479000000000082e-01 9.946662795298332194e-01
1.116566000000000086e-01 9.942634990967376130e-01
1.116652999999999951e-01 9.938607186636417845e-01
1.116739999999999955e-01 9.938607186636417845e-01
1.116826999999999959e-01 9.936190504037843985e-01
1.116913999999999962e-01 9.936190504037843985e-01
1.117000999999999966e-01 9.936190504037843985e-01
1.117087999999999970e-01 9.936190504037843985e-01
1.117174999999999974e-01 9.921287628013303328e-01
1.117261999999999977e-01 9.921287628013303328e-01
1.117348999999999981e-01 9.920079286714016398e-01
1.117435999999999985e-01 9.917662604115442537e-01
1.117522999999999989e-01 9.917662604115442537e-01
1.117609999999999992e-01 9.917259823682347264e-01
1.117696999999999996e-01 9.914037580217580636e-01
1.117784000000000000e-01 9.914037580217580636e-01
1.117871000000000004e-01 9.902759728090901881e-01
1.117958000000000007e-01 9.902759728090901881e-01
1.118045000000000011e-01 9.902759728090901881e-01
1.118132000000000015e-01 9.891884656397317288e-01
1.118219000000000019e-01 9.886245730333976800e-01
1.118306000000000022e-01 9.883426267302307666e-01
1.118393000000000026e-01 9.868523391277767010e-01
1.118480000000000030e-01 9.867717830411575353e-01
1.118567000000000033e-01 9.864495586946809835e-01
1.118654000000000037e-01 9.864495586946809835e-01
1.118741000000000041e-01 9.845564906591312004e-01
1.118828000000000045e-01 9.830259250133674964e-01
1.118915000000000048e-01 9.814550813242942651e-01
1.119002000000000052e-01 9.813342471943655720e-01
1.119089000000000056e-01 9.812134130644368790e-01
1.119176000000000060e-01 9.810120228478890203e-01
1.119263000000000063e-01 9.810120228478890203e-01
1.119350000000000067e-01 9.810120228478890203e-01
1.119437000000000071e-01 9.805689643714837755e-01
1.119524000000000075e-01 9.795620132887444820e-01
1.119611000000000078e-01 9.795620132887444820e-01
1.119698000000000082e-01 9.795620132887444820e-01
1.119785000000000086e-01 9.791995108989584029e-01
1.119871999999999951e-01 9.782328378595287477e-01
1.119958999999999955e-01 9.782328378595287477e-01
1.120045999999999958e-01 9.778703354697425576e-01
1.120132999999999962e-01 9.776286672098851716e-01
1.120219999999999966e-01 9.761383796074309949e-01
1.120306999999999970e-01 9.750105943947630083e-01
1.120393999999999973e-01 9.743661457018100158e-01
1.120480999999999977e-01 9.740036433120238257e-01
1.120567999999999981e-01 9.730772483159036979e-01
1.120654999999999984e-01 9.725133557095697601e-01
1.120741999999999988e-01 9.714661265835209392e-01
1.120828999999999992e-01 9.714258485402114118e-01
1.120915999999999996e-01 9.707008437606391427e-01
1.121002999999999999e-01 9.707008437606391427e-01
1.121090000000000003e-01 9.692508342014946043e-01
1.121177000000000007e-01 9.692508342014946043e-01
1.121264000000000011e-01 9.675994344258022073e-01
1.121351000000000014e-01 9.664313711698245823e-01
1.121438000000000018e-01 9.664313711698245823e-01
1.121525000000000022e-01 9.664313711698245823e-01
1.121612000000000026e-01 9.655049761737045655e-01
1.121699000000000029e-01 9.644174690043461062e-01
1.121786000000000033e-01 9.635716300948451440e-01
1.121873000000000037e-01 9.633702398782972853e-01
1.121960000000000041e-01 9.626049570554154888e-01
1.122047000000000044e-01 9.617993961892240540e-01
1.122134000000000048e-01 9.615577279293666679e-01
1.122221000000000052e-01 9.611549474962709505e-01
1.122308000000000056e-01 9.594632696772690261e-01
1.122395000000000059e-01 9.571271431653139983e-01
1.122482000000000063e-01 9.537840655706195658e-01
1.122569000000000067e-01 9.537840655706195658e-01
1.122656000000000071e-01 9.533007290509047937e-01
1.122743000000000074e-01 9.531396168776664624e-01
1.122830000000000078e-01 9.530590607910472967e-01
1.122917000000000082e-01 9.521729438382368071e-01
1.123004000000000085e-01 9.520118316649985868e-01
1.123090999999999950e-01 9.514882171019740653e-01
1.123177999999999954e-01 9.505618221058540485e-01
1.123264999999999958e-01 9.497562612396626136e-01
1.123351999999999962e-01 9.491520905900190375e-01
1.123438999999999965e-01 9.479437492907319962e-01
1.123525999999999969e-01 9.479437492907319962e-01
1.123612999999999973e-01 9.468562421213735369e-01
1.123699999999999977e-01 9.458090129953248271e-01
1.123786999999999980e-01 9.448423399558951719e-01
1.123873999999999984e-01 9.448423399558951719e-01
1.123960999999999988e-01 9.411770380147241877e-01
1.124047999999999992e-01 9.405325893217710842e-01
1.124134999999999995e-01 9.389214675893883255e-01
1.124221999999999999e-01 9.384784091129829697e-01
1.124309000000000003e-01 9.376728482467916459e-01
1.124396000000000007e-01 9.375117360735533145e-01
1.124483000000000010e-01 9.310269711007125304e-01
1.124570000000000014e-01 9.267574985098981921e-01
1.124657000000000018e-01 9.247838743877291323e-01
1.124744000000000022e-01 9.237769233049899498e-01
1.124831000000000025e-01 9.219241333127496940e-01
1.124918000000000029e-01 9.186213337613650110e-01
1.125005000000000033e-01 9.166074315958864238e-01
1.125092000000000036e-01 9.153588122532898552e-01
1.125179000000000040e-01 9.141504709540027029e-01
1.125266000000000044e-01 9.131435198712634094e-01
1.125353000000000048e-01 9.127004613948581646e-01
1.125440000000000051e-01 9.118143444420476751e-01
1.125527000000000055e-01 9.088740472804489601e-01
1.125614000000000059e-01 9.080282083709479979e-01
1.125701000000000063e-01 9.059740281621598834e-01
1.125788000000000066e-01 9.058934720755408287e-01
1.125875000000000070e-01 9.050879112093493939e-01
1.125962000000000074e-01 9.042823503431579590e-01
1.126049000000000078e-01 9.033559553470379422e-01
1.126136000000000081e-01 9.024295603509177033e-01
1.126223000000000085e-01 9.023087262209890103e-01
1.126310000000000089e-01 9.008989947051541103e-01
1.126396999999999954e-01 9.001337118822722028e-01
1.126483999999999958e-01 8.989656486262947999e-01
1.126570999999999961e-01 8.965086879844109680e-01
1.126657999999999965e-01 8.911919862675478088e-01
1.126744999999999969e-01 8.902655912714275699e-01
1.126831999999999973e-01 8.870836258499715798e-01
1.126918999999999976e-01 8.844252749915400003e-01
1.127005999999999980e-01 8.834988799954197614e-01
1.127092999999999984e-01 8.809210852236073475e-01
1.127179999999999988e-01 8.787057928415810126e-01
1.127266999999999991e-01 8.766918906761024255e-01
1.127353999999999995e-01 8.735904813412656011e-01
1.127440999999999999e-01 8.716571352624062907e-01
1.127528000000000002e-01 8.697640672268563966e-01
1.127615000000000006e-01 8.673876626715918414e-01
1.127702000000000010e-01 8.650112581163271752e-01
1.127789000000000014e-01 8.637626387737304956e-01
1.127876000000000017e-01 8.618292926948711852e-01
1.127963000000000021e-01 8.603390050924170085e-01
1.128050000000000025e-01 8.579626005371524533e-01
1.128137000000000029e-01 8.554653618519589831e-01
1.128224000000000032e-01 8.517597818674785826e-01
1.128311000000000036e-01 8.506319966548105960e-01
1.128398000000000040e-01 8.493833773122139164e-01
1.128485000000000044e-01 8.462416899340674536e-01
1.128572000000000047e-01 8.443486218985177816e-01
1.128659000000000051e-01 8.434222269023975427e-01
1.128746000000000055e-01 8.404013736541797730e-01
1.128833000000000059e-01 8.359305108468174650e-01
1.128920000000000062e-01 8.331916039017668307e-01
1.129007000000000066e-01 8.317013162993127651e-01
1.129094000000000070e-01 8.292443556574289332e-01
1.129181000000000074e-01 8.270290632754025983e-01
1.129268000000000077e-01 8.245721026335187664e-01
1.129355000000000081e-01 8.221151419916350456e-01
1.129442000000000085e-01 8.190540107001076375e-01
1.129528999999999950e-01 8.149456502825316306e-01
1.129615999999999953e-01 8.116831287744563639e-01
1.129702999999999957e-01 8.111997922547415918e-01
1.129789999999999961e-01 8.088233876994769256e-01
1.129876999999999965e-01 8.083803292230715698e-01
1.129963999999999968e-01 8.053594759748539111e-01
1.130050999999999972e-01 8.047553053252103350e-01
1.130137999999999976e-01 8.028219592463510246e-01
1.130224999999999980e-01 8.015330618604447066e-01
1.130311999999999983e-01 7.986733207854651573e-01
1.130398999999999987e-01 7.958941357971049957e-01
1.130485999999999991e-01 7.919871655960765144e-01
1.130572999999999995e-01 7.899732634305981493e-01
1.130659999999999998e-01 7.886843660446918314e-01
1.130747000000000002e-01 7.857440688830932274e-01
1.130834000000000006e-01 7.840523910640913030e-01
1.130921000000000010e-01 7.805079232528491229e-01
1.131008000000000013e-01 7.780912406542749293e-01
1.131095000000000017e-01 7.768426213116782497e-01
1.131182000000000021e-01 7.755537239257720428e-01
1.131269000000000025e-01 7.725731487208638004e-01
1.131356000000000028e-01 7.709217489451715144e-01
1.131443000000000032e-01 7.699550759057417482e-01
1.131530000000000036e-01 7.655647691849986058e-01
1.131617000000000040e-01 7.626647500667096402e-01
1.131704000000000043e-01 7.610939063776364089e-01
1.131791000000000047e-01 7.567438777002027939e-01
1.131878000000000051e-01 7.551730340111295625e-01
1.131965000000000054e-01 7.527966294558650073e-01
1.132052000000000058e-01 7.521521807629117928e-01
1.132139000000000062e-01 7.484466007784313923e-01
1.132226000000000066e-01 7.457882499199997017e-01
1.132313000000000069e-01 7.436937916679021709e-01
1.132400000000000073e-01 7.395048751637067763e-01
1.132487000000000077e-01 7.378937534313240176e-01
1.132574000000000081e-01 7.332617784507234893e-01
1.132661000000000084e-01 7.300395349859577498e-01
1.132748000000000088e-01 7.287103595567420156e-01
1.132834999999999953e-01 7.260520086983103250e-01
1.132921999999999957e-01 7.228297652335448076e-01
1.133008999999999961e-01 7.190839072057547687e-01
1.133095999999999964e-01 7.170297269969666543e-01
1.133182999999999968e-01 7.152574930913455642e-01
1.133269999999999972e-01 7.123574739730564875e-01
1.133356999999999976e-01 7.089338402917431115e-01
1.133443999999999979e-01 7.065171576931688069e-01
1.133530999999999983e-01 7.051879822639530726e-01
1.133617999999999987e-01 7.026504655354500750e-01
1.133704999999999991e-01 6.996698903305419437e-01
1.133791999999999994e-01 6.951184714365604700e-01
1.133878999999999998e-01 6.924198425348193631e-01
1.133966000000000002e-01 6.899226038496260038e-01
1.134053000000000005e-01 6.861364677785263266e-01
1.134140000000000009e-01 6.833170047468565267e-01
1.134227000000000013e-01 6.811017123648301919e-01
1.134314000000000017e-01 6.771141860771826559e-01
1.134401000000000020e-01 6.744155571754415490e-01
1.134488000000000024e-01 6.717974843603193857e-01
1.134575000000000028e-01 6.671252313364093300e-01
1.134662000000000032e-01 6.647891048244543022e-01
1.134749000000000035e-01 6.606807444068781843e-01
1.134836000000000039e-01 6.587071202847091245e-01
1.134923000000000043e-01 6.545182037805139519e-01
1.135010000000000047e-01 6.527056918315832235e-01
1.135097000000000050e-01 6.494028922801985404e-01
1.135184000000000054e-01 6.466237072918381568e-01
1.135271000000000058e-01 6.424347907876428732e-01
1.135358000000000062e-01 6.405014447087834517e-01
1.135445000000000065e-01 6.376819816771135407e-01
1.135532000000000069e-01 6.353861332084680402e-01
1.135619000000000073e-01 6.309958264877248979e-01
1.135706000000000077e-01 6.284985878025316497e-01
1.135793000000000080e-01 6.249541199912893585e-01
1.135880000000000084e-01 6.230610519557396865e-01
1.135966999999999949e-01 6.196374182744261994e-01
1.136053999999999953e-01 6.167776771994467611e-01
1.136140999999999956e-01 6.139179361244672117e-01
1.136227999999999960e-01 6.112595852660356321e-01
1.136314999999999964e-01 6.080776198445795311e-01
1.136401999999999968e-01 6.040900935569321062e-01
1.136488999999999971e-01 6.001831233559038470e-01
1.136575999999999975e-01 5.962761531548755878e-01
1.136662999999999979e-01 5.925705731703951873e-01
1.136749999999999983e-01 5.894288857922486136e-01
1.136836999999999986e-01 5.866899788471978683e-01
1.136923999999999990e-01 5.841524621186949817e-01
1.137010999999999994e-01 5.791579847483082633e-01
1.137097999999999998e-01 5.763787997599478796e-01
1.137185000000000001e-01 5.713843223895612722e-01
1.137272000000000005e-01 5.685245813145817229e-01
1.137359000000000009e-01 5.641342745938385805e-01
1.137446000000000013e-01 5.600661922195721010e-01
1.137533000000000016e-01 5.568439487548063616e-01
1.137620000000000020e-01 5.515272470379430914e-01
1.137707000000000024e-01 5.488286181362019844e-01
1.137794000000000028e-01 5.451230381517215839e-01
1.137881000000000031e-01 5.393632779584529580e-01
1.137968000000000035e-01 5.355368638440438644e-01
1.138055000000000039e-01 5.332007373320888366e-01
1.138142000000000043e-01 5.303007182137997599e-01
1.138229000000000046e-01 5.257895773631278136e-01
1.138316000000000050e-01 5.221645534652666898e-01
1.138403000000000054e-01 5.195867586934540538e-01
1.138490000000000058e-01 5.176534126145947434e-01
1.138577000000000061e-01 5.164853493586172295e-01
1.138664000000000065e-01 5.129408815473750494e-01
1.138751000000000069e-01 5.097589161259189483e-01
1.138838000000000072e-01 5.067783409210108170e-01
1.138925000000000076e-01 5.052880533185567513e-01
1.139012000000000080e-01 5.019449757238624299e-01
1.139099000000000084e-01 4.968296642235470184e-01
1.139186000000000087e-01 4.928018598925899552e-01
1.139272999999999952e-01 4.893782262112765236e-01
1.139359999999999956e-01 4.861962607898205335e-01
1.139446999999999960e-01 4.817656760257678084e-01
1.139533999999999964e-01 4.789864910374074802e-01
1.139620999999999967e-01 4.759656377891897105e-01
1.139707999999999971e-01 4.713739408518987095e-01
1.139794999999999975e-01 4.683933656469905227e-01
1.139881999999999979e-01 4.643252832727239321e-01
1.139968999999999982e-01 4.617474885009114627e-01
1.140055999999999986e-01 4.590488595991702447e-01
1.140142999999999990e-01 4.558266161344046719e-01
1.140229999999999994e-01 4.539335480988548888e-01
1.140316999999999997e-01 4.510738070238753950e-01
1.140404000000000001e-01 4.462807198700365352e-01
1.140491000000000005e-01 4.425348618422464964e-01
1.140578000000000009e-01 4.399167890271244996e-01
1.140665000000000012e-01 4.381042770781938267e-01
1.140752000000000016e-01 4.357278725229291605e-01
1.140839000000000020e-01 4.340361947039272361e-01
1.140926000000000023e-01 4.300889464595893941e-01
1.141013000000000027e-01 4.277125419043247279e-01
1.141100000000000031e-01 4.246514106127974308e-01
1.141187000000000035e-01 4.232819571402720582e-01
1.141274000000000038e-01 4.206638843251500059e-01
1.141361000000000042e-01 4.190124845494576089e-01
1.141448000000000046e-01 4.151457923917388770e-01
1.141535000000000050e-01 4.122457732734498004e-01
1.141622000000000053e-01 4.109568758875435934e-01
1.141709000000000057e-01 4.077346324227779650e-01
1.141796000000000061e-01 4.043915548280836991e-01
1.141883000000000065e-01 4.010081991900797949e-01
1.141970000000000068e-01 3.976651215953854734e-01
1.142057000000000072e-01 3.953692731267399729e-01
1.142144000000000076e-01 3.920261955320456515e-01
1.142231000000000080e-01 3.884414496774938885e-01
1.142318000000000083e-01 3.850178159961804569e-01
1.142404999999999948e-01 3.823997431810583492e-01
1.142491999999999952e-01 3.788955534131258074e-01
1.142578999999999956e-01 3.772844316807429932e-01
1.142665999999999960e-01 3.739413540860486718e-01
1.142752999999999963e-01 3.726927347434519922e-01
1.142839999999999967e-01 3.705982764913543503e-01
1.142926999999999971e-01 3.688663206290428431e-01
1.143013999999999974e-01 3.663690819438494839e-01
1.143100999999999978e-01 3.648787943413954182e-01
1.143187999999999982e-01 3.619384971797967587e-01
1.143274999999999986e-01 3.588773658882694617e-01
1.143361999999999989e-01 3.575079124157440891e-01
1.143448999999999993e-01 3.551717859037890057e-01
1.143535999999999997e-01 3.519495424390234328e-01
1.143623000000000001e-01 3.496939720136875152e-01
1.143710000000000004e-01 3.479620161513759524e-01
1.143797000000000008e-01 3.457467237693496176e-01
1.143884000000000012e-01 3.407925244422724820e-01
1.143971000000000016e-01 3.398661294461524096e-01
1.144058000000000019e-01 3.363216616349102295e-01
1.144145000000000023e-01 3.339452570796455633e-01
1.144232000000000027e-01 3.311660720912852351e-01
1.144319000000000031e-01 3.276618823233526934e-01
1.144406000000000034e-01 3.252854777680879717e-01
1.144493000000000038e-01 3.239965803821817647e-01
1.144580000000000042e-01 3.223854586497990060e-01
1.144667000000000046e-01 3.180354299723653910e-01
1.144754000000000049e-01 3.152159669406954801e-01
1.144841000000000053e-01 3.136451232516223042e-01
1.144928000000000057e-01 3.116312210861437171e-01
1.145015000000000061e-01 3.096978750072844067e-01
1.145102000000000064e-01 3.078853630583537337e-01
1.145189000000000068e-01 3.055492365463986504e-01
1.145276000000000072e-01 3.026492174281095737e-01
1.145363000000000075e-01 3.010783737390363979e-01
1.145450000000000079e-01 2.981380765774377939e-01
1.145537000000000083e-01 2.970908474513889730e-01
1.145624000000000087e-01 2.954394476756965759e-01
1.145710999999999952e-01 2.941908283330998963e-01
1.145797999999999955e-01 2.921366481243118374e-01
1.145884999999999959e-01 2.894782972658802023e-01
1.145971999999999963e-01 2.856921611947806361e-01
1.146058999999999967e-01 2.830740883796585838e-01
1.146145999999999970e-01 2.808990740409417763e-01
1.146232999999999974e-01 2.787643377455345517e-01
1.146319999999999978e-01 2.763879331902699410e-01
1.146406999999999982e-01 2.715545679931214984e-01
1.146493999999999985e-01 2.680503782251889011e-01
1.146580999999999989e-01 2.647073006304945797e-01
1.146667999999999993e-01 2.625725643350873550e-01
1.146754999999999997e-01 2.604378280396801859e-01
1.146842000000000000e-01 2.584642039175112371e-01
1.146929000000000004e-01 2.557252969724604363e-01
1.147016000000000008e-01 2.532683363305767155e-01
1.147103000000000012e-01 2.510127659052407978e-01
1.147190000000000015e-01 2.495224783027866766e-01
1.147277000000000019e-01 2.475085761373081727e-01
1.147364000000000023e-01 2.452127276686626722e-01
1.147451000000000026e-01 2.429571572433267546e-01
1.147538000000000030e-01 2.393724113887750193e-01
1.147625000000000034e-01 2.375598994398443742e-01
1.147712000000000038e-01 2.349821046680318770e-01
1.147799000000000041e-01 2.334515390222682285e-01
1.147886000000000045e-01 2.309945783803844521e-01
1.147973000000000049e-01 2.293029005613825000e-01
1.148060000000000053e-01 2.284570616518815100e-01
1.148147000000000056e-01 2.269667740494274444e-01
1.148234000000000060e-01 2.260001010099977614e-01
1.148321000000000064e-01 2.253556523170446302e-01
1.148408000000000068e-01 2.235431403681139850e-01
1.148495000000000071e-01 2.214486821160163155e-01
1.148582000000000075e-01 2.195958921237761152e-01
1.148669000000000079e-01 2.175417119149880285e-01
1.148756000000000083e-01 2.155278097495095246e-01
1.148842999999999948e-01 2.136750197572692966e-01
1.148929999999999951e-01 2.115000054185525169e-01
1.149016999999999955e-01 2.107750006389802477e-01
1.149103999999999959e-01 2.089222106467400197e-01
1.149190999999999963e-01 2.073916450009763712e-01
1.149277999999999966e-01 2.056596891386648640e-01
1.149364999999999970e-01 2.043305137094490465e-01
1.149451999999999974e-01 2.023166115439705426e-01
1.149538999999999977e-01 2.003429874218016216e-01
1.149625999999999981e-01 1.990540900358953591e-01
1.149712999999999985e-01 1.983290852563230899e-01
1.149799999999999989e-01 1.956304563545818997e-01
1.149886999999999992e-01 1.946235052718426617e-01
1.149973999999999996e-01 1.933346078859364270e-01
1.150061000000000000e-01 1.918443202834823336e-01
1.150148000000000004e-01 1.912401496338387852e-01
1.150235000000000007e-01 1.887831889919550088e-01
1.150322000000000011e-01 1.860845600902137909e-01
1.150409000000000015e-01 1.843123261845927008e-01
1.150496000000000019e-01 1.831039848853056318e-01
1.150583000000000022e-01 1.823789801057333626e-01
1.150670000000000026e-01 1.812109168497558209e-01
1.150757000000000030e-01 1.808081364166601035e-01
1.150844000000000034e-01 1.800428535937782792e-01
1.150931000000000037e-01 1.787136781645624617e-01
1.151018000000000041e-01 1.763372736092978510e-01
1.151105000000000045e-01 1.752094883966298644e-01
1.151192000000000049e-01 1.745650397036767332e-01
1.151279000000000052e-01 1.720678010184834017e-01
1.151366000000000056e-01 1.712219621089824395e-01
1.151453000000000060e-01 1.702955671128623394e-01
1.151540000000000064e-01 1.688455575537178011e-01
1.151627000000000067e-01 1.677983284276689802e-01
1.151714000000000071e-01 1.660663725653574452e-01
1.151801000000000075e-01 1.649788653959990692e-01
1.151888000000000079e-01 1.647371971361416276e-01
1.151975000000000082e-01 1.631260754037588412e-01
1.152062000000000086e-01 1.622399584509482962e-01
1.152148999999999951e-01 1.610316171516611994e-01
1.152235999999999955e-01 1.587760467263252817e-01
1.152322999999999958e-01 1.568427006474659158e-01
1.152409999999999962e-01 1.557954715214170949e-01
1.152496999999999966e-01 1.552315789150831016e-01
1.152583999999999970e-01 1.534593450094620393e-01
1.152670999999999973e-01 1.517273891471505320e-01
1.152757999999999977e-01 1.503579356746251317e-01
1.152844999999999981e-01 1.495926528517432796e-01
1.152931999999999985e-01 1.468940239500020895e-01
1.153018999999999988e-01 1.455648485207862997e-01
1.153105999999999992e-01 1.434703902686886579e-01
1.153192999999999996e-01 1.419801026662345644e-01
1.153280000000000000e-01 1.399259224574464777e-01
1.153367000000000003e-01 1.380731324652062497e-01
1.153454000000000007e-01 1.369050692092287080e-01
1.153541000000000011e-01 1.361397863863468838e-01
1.153628000000000015e-01 1.343675524807258215e-01
1.153715000000000018e-01 1.334008794412961385e-01
1.153802000000000022e-01 1.325147624884855935e-01
1.153889000000000026e-01 1.308633627127931964e-01
1.153976000000000030e-01 1.300980798899113722e-01
1.154063000000000033e-01 1.294536311969582687e-01
1.154150000000000037e-01 1.288494605473147203e-01
1.154237000000000041e-01 1.286480703307668616e-01
1.154324000000000044e-01 1.284064020709094200e-01
1.154411000000000048e-01 1.273188949015510163e-01
1.154498000000000052e-01 1.256272170825491197e-01
1.154585000000000056e-01 1.244188757832619951e-01
1.154672000000000059e-01 1.226869199209504879e-01
1.154759000000000063e-01 1.216799688382112221e-01
1.154846000000000067e-01 1.203910714523049874e-01
1.154933000000000071e-01 1.186993936333030492e-01
1.155020000000000074e-01 1.185382814600647594e-01
1.155107000000000078e-01 1.182966132002073456e-01
1.155194000000000082e-01 1.176521645072542283e-01
1.155280999999999947e-01 1.168466036410628212e-01
1.155367999999999951e-01 1.147118673456556104e-01
1.155454999999999954e-01 1.139465845227737861e-01
1.155541999999999958e-01 1.136646382196067895e-01
1.155628999999999962e-01 1.132215797432015170e-01
1.155715999999999966e-01 1.126576871368675375e-01
1.155802999999999969e-01 1.115299019241995648e-01
1.155889999999999973e-01 1.110062873611751544e-01
1.155976999999999977e-01 1.103215606249124681e-01
1.156063999999999981e-01 1.100396143217454714e-01
1.156150999999999984e-01 1.093951656287923541e-01
1.156237999999999988e-01 1.087104388925296539e-01
1.156324999999999992e-01 1.084284925893626711e-01
1.156411999999999995e-01 1.070187610735277156e-01
1.156498999999999999e-01 1.065757025971224570e-01
1.156586000000000003e-01 1.060118099907884776e-01
1.156673000000000007e-01 1.050451369513587807e-01
1.156760000000000010e-01 1.037965176087621150e-01
1.156847000000000014e-01 1.021853958763793008e-01
1.156934000000000018e-01 1.010576106637113419e-01
1.157021000000000022e-01 1.001714937109008108e-01
1.157108000000000025e-01 9.992982545104338310e-02
1.157195000000000029e-01 9.916454262816154497e-02
1.157282000000000033e-01 9.856037197851801046e-02
1.157369000000000037e-01 9.791592328556487923e-02
1.157456000000000040e-01 9.723119654930219291e-02
1.157543000000000044e-01 9.646591372642035478e-02
1.157630000000000048e-01 9.590202112008637536e-02
1.157717000000000052e-01 9.449228960425141988e-02
1.157804000000000055e-01 9.388811895460787149e-02
1.157891000000000059e-01 9.344506047820259897e-02
1.157978000000000063e-01 9.296172395848777137e-02
1.158065000000000067e-01 9.239783135215377807e-02
1.158152000000000070e-01 9.203532896236764349e-02
1.158239000000000074e-01 9.131032418279538820e-02
1.158326000000000078e-01 9.094782179300925362e-02
1.158413000000000082e-01 9.066587548984225697e-02
1.158500000000000085e-01 9.018253897012741549e-02
1.158587000000000089e-01 8.941725614724559124e-02
1.158673999999999954e-01 8.889364158422116691e-02
1.158760999999999958e-01 8.832974897788718749e-02
1.158847999999999961e-01 8.683946137543310795e-02
1.158934999999999965e-01 8.639640289902783543e-02
1.159021999999999969e-01 8.547000790290772143e-02
1.159108999999999973e-01 8.446305682016846950e-02
1.159195999999999976e-01 8.393944225714405905e-02
1.159282999999999980e-01 8.317415943426222091e-02
1.159369999999999984e-01 8.236859856807081381e-02
1.159456999999999988e-01 8.156303770187942059e-02
1.159543999999999991e-01 8.087831096561673427e-02
1.159630999999999995e-01 7.987135988287748234e-02
1.159717999999999999e-01 7.902552097337650627e-02
1.159805000000000003e-01 7.737412119768413699e-02
1.159892000000000006e-01 7.668939446142143679e-02
1.159979000000000010e-01 7.644772620156402299e-02
1.160066000000000014e-01 7.588383359523004357e-02
1.160153000000000018e-01 7.487688251249079163e-02
1.160240000000000021e-01 7.447410207939508808e-02
1.160327000000000025e-01 7.415187773291853635e-02
1.160414000000000029e-01 7.350742903996540512e-02
1.160501000000000033e-01 7.221853165405915653e-02
1.160588000000000036e-01 7.149352687448690125e-02
1.160675000000000040e-01 7.072824405160506311e-02
1.160762000000000044e-01 6.956018079562753531e-02
1.160849000000000047e-01 6.927823449246055254e-02
1.160936000000000051e-01 6.815044927979257983e-02
1.161023000000000055e-01 6.702266406712462099e-02
1.161110000000000059e-01 6.609626907100450699e-02
1.161197000000000062e-01 6.545182037805138964e-02
1.161284000000000066e-01 6.496848385833654815e-02
1.161371000000000070e-01 6.279346951961975454e-02
1.161458000000000074e-01 6.218929886997621309e-02
1.161545000000000077e-01 6.190735256680922338e-02
1.161632000000000081e-01 6.150457213371351983e-02
1.161718999999999946e-01 6.073928931083168864e-02
1.161805999999999950e-01 5.965178214147329877e-02
1.161892999999999954e-01 5.920872366506802625e-02
1.161979999999999957e-01 5.892677736190103654e-02
1.162066999999999961e-01 5.848371888549576403e-02
1.162153999999999965e-01 5.783927019254264668e-02
1.162240999999999969e-01 5.743648975944694313e-02
1.162327999999999972e-01 5.679204106649382577e-02
1.162414999999999976e-01 5.667120693656511193e-02
1.162501999999999980e-01 5.622814846015983942e-02
1.162588999999999984e-01 5.582536802706413587e-02
1.162675999999999987e-01 5.554342172389714616e-02
1.162762999999999991e-01 5.554342172389714616e-02
1.162849999999999995e-01 5.546286563727800822e-02
1.162936999999999999e-01 5.510036324749188058e-02
1.163024000000000002e-01 5.461702672777703910e-02
1.163111000000000006e-01 5.417396825137176658e-02
1.163198000000000010e-01 5.393229999151434584e-02
1.163285000000000013e-01 5.369063173165692510e-02
1.163372000000000017e-01 5.328785129856122849e-02
1.163459000000000021e-01 5.292534890877509390e-02
1.163546000000000025e-01 5.167672956617841429e-02
1.163633000000000028e-01 5.115311500315400384e-02
1.163720000000000032e-01 5.103228087322529694e-02
1.163807000000000036e-01 5.075033457005830723e-02
1.163894000000000040e-01 5.038783218027217958e-02
1.163981000000000043e-01 5.022672000703389678e-02
1.164068000000000047e-01 4.966282740069991736e-02
1.164155000000000051e-01 4.893782262112764819e-02
1.164242000000000055e-01 4.877671044788937232e-02
1.164329000000000058e-01 4.805170566831711704e-02
1.164416000000000062e-01 4.740725697536399275e-02
1.164503000000000066e-01 4.736697893205441684e-02
1.164590000000000070e-01 4.700447654226829614e-02
1.164677000000000073e-01 4.672253023910129949e-02
1.164764000000000077e-01 4.603780350283860623e-02
1.164851000000000081e-01 4.571557915636204755e-02
1.164938000000000085e-01 4.547391089650462681e-02
1.165025000000000088e-01 4.519196459333763710e-02
1.165111999999999953e-01 4.511140850671849917e-02
1.165198999999999957e-01 4.466835003031322665e-02
1.165285999999999961e-01 4.402390133736010930e-02
1.165372999999999964e-01 4.358084286095482984e-02
1.165459999999999968e-01 4.358084286095482984e-02
1.165546999999999972e-01 4.313778438454956426e-02
1.165633999999999976e-01 4.257389177821558485e-02
1.165720999999999979e-01 4.217111134511987436e-02
1.165807999999999983e-01 4.148638460885718804e-02
1.165894999999999987e-01 4.144610656554761907e-02
1.165981999999999991e-01 4.116416026238062936e-02
1.166068999999999994e-01 4.100304808914235349e-02
1.166155999999999998e-01 4.047943352611794304e-02
1.166243000000000002e-01 4.039887743949879817e-02
1.166330000000000006e-01 4.023776526626051536e-02
1.166417000000000009e-01 3.975442874654567388e-02
1.166504000000000013e-01 3.923081418352126343e-02
1.166591000000000017e-01 3.870719962049685298e-02
1.166678000000000021e-01 3.842525331732986327e-02
1.166765000000000024e-01 3.818358505747244253e-02
1.166852000000000028e-01 3.774052658106717001e-02
1.166939000000000032e-01 3.770024853775760104e-02
1.167026000000000036e-01 3.741830223459061133e-02
1.167113000000000039e-01 3.741830223459061133e-02
1.167200000000000043e-01 3.709607788811405266e-02
1.167287000000000047e-01 3.620996093530350762e-02
1.167374000000000051e-01 3.620996093530350762e-02
1.167461000000000054e-01 3.504189767932597288e-02
1.167548000000000058e-01 3.475995137615898317e-02
1.167635000000000062e-01 3.423633681313457272e-02
1.167722000000000065e-01 3.387383442334844508e-02
1.167809000000000069e-01 3.387383442334844508e-02
1.167896000000000073e-01 3.387383442334844508e-02
1.167983000000000077e-01 3.387383442334844508e-02
1.168070000000000080e-01 3.335021986032403463e-02
1.168156999999999945e-01 3.322938573039532079e-02
1.168243999999999949e-01 3.278632725399004827e-02
1.168330999999999953e-01 3.274604921068047930e-02
1.168417999999999957e-01 3.270577116737091034e-02
1.168504999999999960e-01 3.242382486420392063e-02
1.168591999999999964e-01 3.181965421456036530e-02
1.168678999999999968e-01 3.181965421456036530e-02
1.168765999999999972e-01 3.169882008463165840e-02
1.168852999999999975e-01 3.137659573815509972e-02
1.168939999999999979e-01 3.137659573815509972e-02
1.169026999999999983e-01 3.101409334836896514e-02
1.169113999999999987e-01 3.085298117513068580e-02
1.169200999999999990e-01 3.024881052548713395e-02
1.169287999999999994e-01 3.008769835224885461e-02
1.169374999999999998e-01 3.000714226562971321e-02
1.169462000000000002e-01 2.988630813570100284e-02
1.169549000000000005e-01 2.984603009239143387e-02
1.169636000000000009e-01 2.976547400577229593e-02
1.169723000000000013e-01 2.960436183253401313e-02
1.169810000000000016e-01 2.948352770260530276e-02
1.169897000000000020e-01 2.924185944274788201e-02
1.169984000000000024e-01 2.851685466317561979e-02
1.170071000000000028e-01 2.827518640331820252e-02
1.170158000000000031e-01 2.827518640331820252e-02
1.170245000000000035e-01 2.823490836000863008e-02
1.170332000000000039e-01 2.738906945050765748e-02
1.170419000000000043e-01 2.722795727726937814e-02
1.170506000000000046e-01 2.718767923395980918e-02
1.170593000000000050e-01 2.690573293079281947e-02
1.170680000000000054e-01 2.646267445438754695e-02
1.170767000000000058e-01 2.646267445438754695e-02
1.170854000000000061e-01 2.646267445438754695e-02
1.170941000000000065e-01 2.646267445438754695e-02
1.171028000000000069e-01 2.634184032445883658e-02
1.171115000000000073e-01 2.634184032445883658e-02
1.171202000000000076e-01 2.577794771812485369e-02
1.171289000000000080e-01 2.569739163150571229e-02
1.171376000000000084e-01 2.565711358819614679e-02
1.171463000000000088e-01 2.565711358819614679e-02
1.171549999999999953e-01 2.553627945826743642e-02
1.171636999999999956e-01 2.537516728502915361e-02
1.171723999999999960e-01 2.497238685193345353e-02
1.171810999999999964e-01 2.416682598574205337e-02
1.171897999999999967e-01 2.368348946602720842e-02
1.171984999999999971e-01 2.368348946602720842e-02
1.172071999999999975e-01 2.356265533609849805e-02
1.172158999999999979e-01 2.344182120616979115e-02
1.172245999999999982e-01 2.344182120616979115e-02
1.172332999999999986e-01 2.340154316286021871e-02
1.172419999999999990e-01 2.336126511955064974e-02
1.172506999999999994e-01 2.336126511955064974e-02
1.172593999999999997e-01 2.328070903293150834e-02
1.172681000000000001e-01 2.328070903293150834e-02
1.172768000000000005e-01 2.295848468645494966e-02
1.172855000000000009e-01 2.291820664314538070e-02
1.172942000000000012e-01 2.291820664314538070e-02
1.173029000000000016e-01 2.255570425335924958e-02
1.173116000000000020e-01 2.231403599350182537e-02
1.173203000000000024e-01 2.227375795019225987e-02
1.173290000000000027e-01 2.219320186357311500e-02
1.173377000000000031e-01 2.191125556040612529e-02
1.173464000000000035e-01 2.191125556040612529e-02
1.173551000000000039e-01 2.191125556040612529e-02
1.173638000000000042e-01 2.191125556040612529e-02
1.173725000000000046e-01 2.170986534385827699e-02
1.173812000000000050e-01 2.170986534385827699e-02
1.173899000000000054e-01 2.038068991464246291e-02
1.173986000000000057e-01 2.038068991464246291e-02
1.174073000000000061e-01 2.034041187133289394e-02
1.174160000000000065e-01 2.025985578471375254e-02
1.174247000000000068e-01 2.017929969809461460e-02
1.174334000000000072e-01 2.009874361147547320e-02
1.174421000000000076e-01 2.009874361147547320e-02
1.174508000000000080e-01 1.997790948154675936e-02
1.174594999999999945e-01 1.889040231218836949e-02
1.174681999999999948e-01 1.889040231218836949e-02
1.174768999999999952e-01 1.885012426887880052e-02
1.174855999999999956e-01 1.885012426887880052e-02
1.174942999999999960e-01 1.885012426887880052e-02
1.175029999999999963e-01 1.885012426887880052e-02
1.175116999999999967e-01 1.885012426887880052e-02
1.175203999999999971e-01 1.885012426887880052e-02
1.175290999999999975e-01 1.885012426887880052e-02
1.175377999999999978e-01 1.885012426887880052e-02
1.175464999999999982e-01 1.885012426887880052e-02
1.175551999999999986e-01 1.885012426887880052e-02
1.175638999999999990e-01 1.885012426887880052e-02
1.175725999999999993e-01 1.885012426887880052e-02
1.175812999999999997e-01 1.885012426887880052e-02
1.175900000000000001e-01 1.885012426887880052e-02
1.175987000000000005e-01 1.885012426887880052e-02
1.176074000000000008e-01 1.885012426887880052e-02
1.176161000000000012e-01 1.885012426887880052e-02
1.176248000000000016e-01 1.885012426887880052e-02
1.176335000000000020e-01 1.880984622556923155e-02
1.176422000000000023e-01 1.800428535937782792e-02
1.176509000000000027e-01 1.691677819001943806e-02
1.176596000000000031e-01 1.659455384354287591e-02
1.176683000000000034e-01 1.659455384354287591e-02
1.176770000000000038e-01 1.595010515058975509e-02
1.176857000000000042e-01 1.570843689073233435e-02
1.176944000000000046e-01 1.546676863087491360e-02
1.177031000000000049e-01 1.546676863087491360e-02
1.177118000000000053e-01 1.546676863087491360e-02
1.177205000000000057e-01 1.538621254425577220e-02
1.177292000000000061e-01 1.534593450094620323e-02
1.177379000000000064e-01 1.526537841432706183e-02
1.177466000000000068e-01 1.526537841432706183e-02
1.177553000000000072e-01 1.526537841432706183e-02
1.177640000000000076e-01 1.510426624108878076e-02
1.177727000000000079e-01 1.490287602454093072e-02
1.177814000000000083e-01 1.490287602454093072e-02
1.177901000000000087e-01 1.478204189461222208e-02
1.177987999999999952e-01 1.450009559144523064e-02
1.178074999999999956e-01 1.450009559144523064e-02
1.178161999999999959e-01 1.450009559144523064e-02
1.178248999999999963e-01 1.450009559144523064e-02
1.178335999999999967e-01 1.450009559144523064e-02
1.178422999999999971e-01 1.441953950482608923e-02
1.178509999999999974e-01 1.441953950482608923e-02
1.178596999999999978e-01 1.441953950482608923e-02
1.178683999999999982e-01 1.441953950482608923e-02
1.178770999999999985e-01 1.381536885518253911e-02
1.178857999999999989e-01 1.369453472525382874e-02
1.178944999999999993e-01 1.369453472525382874e-02
1.179031999999999997e-01 1.349314450870597870e-02
1.179119000000000000e-01 1.337231037877726833e-02
1.179206000000000004e-01 1.333203233546769763e-02
1.179293000000000008e-01 1.333203233546769763e-02
1.179380000000000012e-01 1.280841777244328718e-02
1.179467000000000015e-01 1.280841777244328718e-02
1.179554000000000019e-01 1.280841777244328718e-02
1.179641000000000023e-01 1.280841777244328718e-02
1.179728000000000027e-01 1.280841777244328718e-02
1.179815000000000030e-01 1.280841777244328718e-02
1.179902000000000034e-01 1.280841777244328718e-02
1.179989000000000038e-01 1.280841777244328718e-02
1.180076000000000042e-01 1.280841777244328718e-02
1.180163000000000045e-01 1.280841777244328718e-02
1.180250000000000049e-01 1.280841777244328718e-02
1.180337000000000053e-01 1.272786168582414751e-02
1.180424000000000057e-01 1.272786168582414751e-02
1.180511000000000060e-01 1.272786168582414751e-02
1.180598000000000064e-01 1.272786168582414751e-02
1.180685000000000068e-01 1.272786168582414751e-02
1.180772000000000072e-01 1.272786168582414751e-02
1.180859000000000075e-01 1.272786168582414751e-02
1.180946000000000079e-01 1.260702755589543714e-02
1.181032999999999944e-01 1.260702755589543714e-02
1.181119999999999948e-01 1.236535929603801640e-02
1.181206999999999951e-01 1.160007647315618520e-02
1.181293999999999955e-01 1.099590582351263335e-02
1.181380999999999959e-01 1.087507169358392298e-02
1.181467999999999963e-01 1.087507169358392298e-02
1.181554999999999966e-01 1.031117908724994182e-02
1.181641999999999970e-01 1.031117908724994182e-02
1.181728999999999974e-01 1.019034495732123145e-02
1.181815999999999978e-01 1.019034495732123145e-02
1.181902999999999981e-01 1.019034495732123145e-02
1.181989999999999985e-01 1.010978887070209178e-02
1.182076999999999989e-01 1.010978887070209178e-02
1.182163999999999993e-01 1.010978887070209178e-02
1.182250999999999996e-01 1.010978887070209178e-02
1.182338000000000000e-01 1.010978887070209178e-02
1.182425000000000004e-01 1.010978887070209178e-02
1.182512000000000008e-01 9.948676697463810711e-03
1.182599000000000011e-01 9.948676697463810711e-03
1.182686000000000015e-01 9.948676697463810711e-03
1.182773000000000019e-01 9.948676697463810711e-03
1.182860000000000023e-01 9.948676697463810711e-03
1.182947000000000026e-01 9.747286480915960671e-03
1.183034000000000030e-01 9.747286480915960671e-03
1.183121000000000034e-01 9.626452350987250300e-03
1.183208000000000037e-01 9.626452350987250300e-03
1.183295000000000041e-01 9.626452350987250300e-03
1.183382000000000045e-01 9.545896264368110631e-03
1.183469000000000049e-01 9.465340177748969228e-03
1.183556000000000052e-01 9.465340177748969228e-03
1.183643000000000056e-01 9.465340177748969228e-03
1.183730000000000060e-01 9.465340177748969228e-03
1.183817000000000064e-01 9.465340177748969228e-03
1.183904000000000067e-01 9.465340177748969228e-03
1.183991000000000071e-01 9.384784091129829559e-03
1.184078000000000075e-01 9.102837787962838115e-03
1.184165000000000079e-01 9.102837787962838115e-03
1.184252000000000082e-01 9.102837787962838115e-03
1.184339000000000086e-01 8.941725614724558777e-03
1.184426000000000090e-01 8.941725614724558777e-03
1.184512999999999955e-01 8.619501268247998366e-03
1.184599999999999959e-01 8.256998878461867253e-03
1.184686999999999962e-01 8.256998878461867253e-03
1.184773999999999966e-01 8.176442791842727584e-03
1.184860999999999970e-01 8.136164748533158617e-03
1.184947999999999974e-01 8.136164748533158617e-03
1.185034999999999977e-01 8.136164748533158617e-03
1.185121999999999981e-01 8.136164748533158617e-03
1.185208999999999985e-01 8.136164748533158617e-03
1.185295999999999988e-01 8.136164748533158617e-03
1.185382999999999992e-01 7.894496488675736140e-03
1.185469999999999996e-01 7.894496488675736140e-03
1.185557000000000000e-01 7.894496488675736140e-03
1.185644000000000003e-01 7.894496488675736140e-03
1.185731000000000007e-01 7.894496488675736140e-03
1.185818000000000011e-01 7.894496488675736140e-03
1.185905000000000015e-01 7.813940402056596471e-03
1.185992000000000018e-01 7.813940402056596471e-03
1.186079000000000022e-01 7.813940402056596471e-03
1.186166000000000026e-01 7.813940402056596471e-03
1.186253000000000030e-01 7.652828228818316265e-03
1.186340000000000033e-01 7.652828228818316265e-03
1.186427000000000037e-01 7.652828228818316265e-03
1.186514000000000041e-01 7.652828228818316265e-03
1.186601000000000045e-01 7.491716055580036060e-03
1.186688000000000048e-01 7.491716055580036060e-03
1.186775000000000052e-01 7.491716055580036060e-03
1.186862000000000056e-01 7.370881925651325689e-03
1.186949000000000060e-01 7.370881925651325689e-03
1.187036000000000063e-01 7.129213665793904947e-03
1.187123000000000067e-01 7.129213665793904947e-03
1.187210000000000071e-01 7.129213665793904947e-03
1.187297000000000075e-01 7.129213665793904947e-03
1.187384000000000078e-01 7.129213665793904947e-03
1.187470999999999943e-01 7.129213665793904947e-03
1.187557999999999947e-01 7.129213665793904947e-03
1.187644999999999951e-01 7.129213665793904947e-03
1.187731999999999954e-01 7.129213665793904947e-03
1.187818999999999958e-01 7.129213665793904947e-03
1.187905999999999962e-01 7.088935622484335113e-03
1.187992999999999966e-01 6.726433232698204867e-03
1.188079999999999969e-01 6.565321059459923794e-03
1.188166999999999973e-01 6.565321059459923794e-03
1.188253999999999977e-01 6.565321059459923794e-03
1.188340999999999981e-01 6.565321059459923794e-03
1.188427999999999984e-01 6.283374756292934085e-03
1.188514999999999988e-01 6.283374756292934085e-03
1.188601999999999992e-01 6.283374756292934085e-03
1.188688999999999996e-01 6.283374756292934085e-03
1.188775999999999999e-01 6.283374756292934085e-03
1.188863000000000003e-01 6.283374756292934085e-03
1.188950000000000007e-01 6.283374756292934085e-03
1.189037000000000011e-01 6.001428453125942641e-03
1.189124000000000014e-01 6.001428453125942641e-03
1.189211000000000018e-01 5.920872366506802105e-03
1.189298000000000022e-01 5.920872366506802105e-03
1.189385000000000026e-01 5.679204106649382230e-03
1.189472000000000029e-01 5.679204106649382230e-03
1.189559000000000033e-01 5.679204106649382230e-03
1.189646000000000037e-01 5.356979760172821819e-03
1.189733000000000041e-01 5.356979760172821819e-03
1.189820000000000044e-01 5.356979760172821819e-03
1.189907000000000048e-01 5.356979760172821819e-03
1.189994000000000052e-01 5.356979760172821819e-03
1.190081000000000055e-01 4.833365197148410501e-03
1.190168000000000059e-01 4.833365197148410501e-03
1.190255000000000063e-01 4.833365197148410501e-03
1.190342000000000067e-01 4.833365197148410501e-03
1.190429000000000070e-01 4.833365197148410501e-03
1.190516000000000074e-01 4.833365197148410501e-03
1.190603000000000078e-01 4.833365197148410501e-03
1.190690000000000082e-01 4.833365197148410501e-03
1.190777000000000085e-01 4.833365197148410501e-03
1.190864000000000089e-01 4.833365197148410501e-03
1.190950999999999954e-01 4.833365197148410501e-03
1.191037999999999958e-01 4.833365197148410501e-03
1.191124999999999962e-01 4.833365197148410501e-03
1.191211999999999965e-01 4.833365197148410501e-03
1.191298999999999969e-01 4.833365197148410501e-03
1.191385999999999973e-01 4.833365197148410501e-03
1.191472999999999977e-01 4.833365197148410501e-03
1.191559999999999980e-01 4.833365197148410501e-03
1.191646999999999984e-01 4.833365197148410501e-03
1.191733999999999988e-01 4.833365197148410501e-03
1.191820999999999992e-01 4.833365197148410501e-03
1.191907999999999995e-01 4.833365197148410501e-03
1.191994999999999999e-01 4.833365197148410501e-03
1.192082000000000003e-01 3.705579984480448195e-03
1.192169000000000006e-01 3.705579984480448195e-03
1.192256000000000010e-01 3.705579984480448195e-03
1.192343000000000014e-01 3.705579984480448195e-03
1.192430000000000018e-01 3.705579984480448195e-03
1.192517000000000021e-01 3.222243464765606712e-03
1.192604000000000025e-01 3.222243464765606712e-03
1.192691000000000029e-01 3.061131291527326506e-03
1.192778000000000033e-01 3.061131291527326506e-03
1.192865000000000036e-01 3.061131291527326506e-03
1.192952000000000040e-01 3.061131291527326506e-03
1.193039000000000044e-01 3.061131291527326506e-03
1.193126000000000048e-01 3.061131291527326506e-03
1.193213000000000051e-01 2.980575204908186403e-03
1.193300000000000055e-01 2.980575204908186403e-03
1.193387000000000059e-01 2.980575204908186403e-03
1.193474000000000063e-01 2.980575204908186403e-03
1.193561000000000066e-01 2.980575204908186403e-03
1.193648000000000070e-01 2.980575204908186403e-03
1.193735000000000074e-01 2.980575204908186403e-03
1.193821999999999939e-01 2.980575204908186403e-03
1.193908999999999943e-01 2.980575204908186403e-03
1.193995999999999946e-01 2.980575204908186403e-03
1.194082999999999950e-01 2.980575204908186403e-03
1.194169999999999954e-01 2.980575204908186403e-03
1.194256999999999957e-01 2.980575204908186403e-03
1.194343999999999961e-01 2.980575204908186403e-03
1.194430999999999965e-01 2.980575204908186403e-03
1.194517999999999969e-01 2.980575204908186403e-03
1.194604999999999972e-01 2.980575204908186403e-03
1.194691999999999976e-01 2.980575204908186403e-03
1.194778999999999980e-01 2.980575204908186403e-03
1.194865999999999984e-01 2.980575204908186403e-03
1.194952999999999987e-01 2.980575204908186403e-03
1.195039999999999991e-01 2.980575204908186403e-03
1.195126999999999995e-01 2.940297161598616135e-03
1.195213999999999999e-01 2.940297161598616135e-03
1.195301000000000002e-01 1.973624122168934035e-03
1.195388000000000006e-01 1.973624122168934035e-03
1.195475000000000010e-01 1.973624122168934035e-03
1.195562000000000014e-01 1.973624122168934035e-03
1.195649000000000017e-01 1.973624122168934035e-03
1.195736000000000021e-01 1.973624122168934035e-03
1.195823000000000025e-01 1.973624122168934035e-03
1.195910000000000029e-01 1.973624122168934035e-03
1.195997000000000032e-01 1.973624122168934035e-03
1.196084000000000036e-01 1.973624122168934035e-03
1.196171000000000040e-01 1.973624122168934035e-03
1.196258000000000044e-01 1.973624122168934035e-03
1.196345000000000047e-01 1.973624122168934035e-03
1.196432000000000051e-01 1.973624122168934035e-03
1.196519000000000055e-01 1.973624122168934035e-03
1.196606000000000058e-01 1.973624122168934035e-03
1.196693000000000062e-01 1.973624122168934035e-03
1.196780000000000066e-01 1.973624122168934035e-03
1.196867000000000070e-01 1.973624122168934035e-03
1.196954000000000073e-01 1.973624122168934035e-03
1.197041000000000077e-01 1.973624122168934035e-03
1.197128000000000081e-01 1.973624122168934035e-03
1.197215000000000085e-01 1.973624122168934035e-03
1.197302000000000088e-01 1.973624122168934035e-03
1.197389000000000092e-01 1.973624122168934035e-03
1.197475999999999957e-01 1.973624122168934035e-03
1.197562999999999961e-01 1.973624122168934035e-03
1.197649999999999965e-01 1.973624122168934035e-03
1.197736999999999968e-01 1.933346078859364200e-03
1.197823999999999972e-01 1.933346078859364200e-03
1.197910999999999976e-01 1.933346078859364200e-03
1.197997999999999980e-01 1.933346078859364200e-03
1.198084999999999983e-01 1.933346078859364200e-03
1.198171999999999987e-01 1.933346078859364200e-03
1.198258999999999991e-01 1.933346078859364200e-03
1.198345999999999995e-01 1.893068035549794149e-03
1.198432999999999998e-01 1.893068035549794149e-03
1.198520000000000002e-01 1.893068035549794149e-03
1.198607000000000006e-01 1.893068035549794149e-03
1.198694000000000009e-01 1.369453472525382831e-03
1.198781000000000013e-01 1.369453472525382831e-03
1.198868000000000017e-01 1.369453472525382831e-03
1.198955000000000021e-01 1.369453472525382831e-03
1.199042000000000024e-01 1.369453472525382831e-03
1.199129000000000028e-01 1.369453472525382831e-03
1.199216000000000032e-01 1.369453472525382831e-03
1.199303000000000036e-01 1.248619342596672460e-03
1.199390000000000039e-01 1.248619342596672460e-03
1.199477000000000043e-01 1.248619342596672460e-03
1.199564000000000047e-01 1.248619342596672460e-03
1.199651000000000051e-01 1.248619342596672460e-03
1.199738000000000054e-01 1.248619342596672460e-03
1.199825000000000058e-01 1.248619342596672460e-03
1.199912000000000062e-01 1.248619342596672460e-03
1.199999000000000066e-01 1.248619342596672460e-03
1.200086000000000069e-01 1.248619342596672460e-03
1.200173000000000073e-01 1.248619342596672460e-03
1.200259999999999938e-01 1.248619342596672460e-03
1.200346999999999942e-01 1.248619342596672460e-03
1.200433999999999946e-01 1.248619342596672460e-03
1.200520999999999949e-01 1.248619342596672460e-03
1.200607999999999953e-01 1.248619342596672460e-03
1.200694999999999957e-01 1.248619342596672460e-03
1.200781999999999961e-01 1.248619342596672460e-03
1.200868999999999964e-01 1.248619342596672460e-03
1.200955999999999968e-01 1.168063255977532574e-03
1.201042999999999972e-01 1.168063255977532574e-03
1.201129999999999975e-01 1.168063255977532574e-03
1.201216999999999979e-01 1.168063255977532574e-03
1.201303999999999983e-01 1.168063255977532574e-03
1.201390999999999987e-01 1.168063255977532574e-03
1.201477999999999990e-01 1.168063255977532574e-03
1.201564999999999994e-01 1.168063255977532574e-03
1.201651999999999998e-01 1.168063255977532574e-03
1.201739000000000002e-01 9.263949961201120489e-04
1.201826000000000005e-01 9.263949961201120489e-04
1.201913000000000009e-01 9.263949961201120489e-04
1.202000000000000013e-01 9.263949961201120489e-04
# Ensemble: [2^+], idetect: 0.113
1.125000000000000028e-01 9.153990902965993826e-01
1.125077000000000021e-01 9.153990902965993826e-01
1.125154000000000015e-01 9.146586259161774146e-01
1.125231000000000009e-01 9.130296042792492850e-01
1.125308000000000003e-01 9.125112792129539407e-01
1.125384999999999996e-01 9.121040238037217973e-01
1.125461999999999990e-01 9.111043968901522128e-01
1.125538999999999984e-01 9.089200269679076349e-01
1.125615999999999978e-01 9.082536090255278749e-01
1.125692999999999971e-01 9.061803087603464979e-01
1.125769999999999965e-01 9.058470997891565624e-01
1.125846999999999959e-01 9.050696121897136015e-01
1.125924000000000091e-01 9.036257066478908806e-01
1.126001000000000085e-01 9.033665441147431530e-01
1.126078000000000079e-01 9.027001261723635039e-01
1.126155000000000073e-01 9.016634760397727044e-01
1.126232000000000066e-01 9.012191974115196791e-01
1.126309000000000060e-01 9.004787330310977111e-01
1.126386000000000054e-01 8.989978042702537753e-01
1.126463000000000048e-01 8.968874807860512943e-01
1.126540000000000041e-01 8.939996697024058525e-01
1.126617000000000035e-01 8.895568834198743779e-01
1.126694000000000029e-01 8.875576295927352088e-01
1.126771000000000023e-01 8.855953989846170327e-01
1.126848000000000016e-01 8.837812612525833833e-01
1.126925000000000010e-01 8.817820074254442142e-01
1.127002000000000004e-01 8.801900090075369665e-01
1.127078999999999998e-01 8.785239641515877329e-01
1.127155999999999991e-01 8.751918744396890437e-01
1.127232999999999985e-01 8.743403404022038750e-01
1.127309999999999979e-01 8.710452739093262897e-01
1.127386999999999972e-01 8.701937398718411210e-01
1.127463999999999966e-01 8.662692786556048796e-01
1.127540999999999960e-01 8.649734659898665745e-01
1.127618000000000092e-01 8.626410031915375809e-01
1.127695000000000086e-01 8.601974707361452754e-01
1.127772000000000080e-01 8.591237973845333720e-01
1.127849000000000074e-01 8.581241704709638984e-01
1.127926000000000067e-01 8.556436147965503780e-01
1.128003000000000061e-01 8.536813841884323129e-01
1.128080000000000055e-01 8.522745018656305849e-01
1.128157000000000049e-01 8.491645514678586304e-01
1.128234000000000042e-01 8.473874369548459740e-01
1.128311000000000036e-01 8.460175778510653499e-01
1.128388000000000030e-01 8.446847419663059409e-01
1.128465000000000024e-01 8.426114417011245639e-01
1.128542000000000017e-01 8.412045593783229469e-01
1.128619000000000011e-01 8.407232575310487066e-01
1.128696000000000005e-01 8.378724696664242577e-01
1.128772999999999999e-01 8.369098659718757771e-01
1.128849999999999992e-01 8.336888459170403998e-01
1.128926999999999986e-01 8.293571292915722371e-01
1.129003999999999980e-01 8.285796416921291652e-01
1.129080999999999974e-01 8.268765736171588276e-01
1.129157999999999967e-01 8.248773197900196585e-01
1.129234999999999961e-01 8.232482981530913069e-01
1.129312000000000094e-01 8.206936960406358006e-01
1.129389000000000087e-01 8.194719298129395924e-01
1.129466000000000081e-01 8.173986295477582154e-01
1.129543000000000075e-01 8.144367720260705656e-01
1.129620000000000068e-01 8.124375181989312855e-01
1.129697000000000062e-01 8.119562163516570452e-01
1.129774000000000056e-01 8.098458928674545643e-01
1.129851000000000050e-01 8.093275678011592200e-01
1.129928000000000043e-01 8.085500802017162592e-01
1.130005000000000037e-01 8.066618960316404019e-01
1.130082000000000031e-01 8.059214316512183229e-01
1.130159000000000025e-01 8.046626422045012328e-01
1.130236000000000018e-01 8.035519456338682254e-01
1.130313000000000012e-01 8.016637614637923681e-01
1.130390000000000006e-01 7.984427414089569908e-01
1.130467000000000000e-01 7.945182801927208605e-01
1.130543999999999993e-01 7.906308421955057231e-01
1.130620999999999987e-01 7.899274010341048591e-01
1.130697999999999981e-01 7.868914970743750015e-01
1.130774999999999975e-01 7.857808005037422161e-01
1.130851999999999968e-01 7.839666627717084557e-01
1.130928999999999962e-01 7.816712231924005660e-01
1.131006000000000095e-01 7.795608997081980851e-01
1.131083000000000088e-01 7.784502031375651887e-01
1.131160000000000082e-01 7.769692743767213639e-01
1.131237000000000076e-01 7.745257419213289474e-01
1.131314000000000070e-01 7.734520685697172659e-01
1.131391000000000063e-01 7.712676986474725771e-01
1.131468000000000057e-01 7.689722590681645764e-01
1.131545000000000051e-01 7.663806337366878552e-01
1.131622000000000045e-01 7.649737514138862382e-01
1.131699000000000038e-01 7.645664960046540948e-01
1.131776000000000032e-01 7.604198954742913408e-01
1.131853000000000026e-01 7.593832453417007633e-01
1.131930000000000019e-01 7.581614791140045551e-01
1.132007000000000013e-01 7.569026896672872429e-01
1.132084000000000007e-01 7.547183197450426650e-01
1.132161000000000001e-01 7.526079962608401841e-01
1.132237999999999994e-01 7.496461387391525344e-01
1.132314999999999988e-01 7.470174901886547092e-01
1.132391999999999982e-01 7.440926558859880524e-01
1.132468999999999976e-01 7.427968432202497473e-01
1.132545999999999969e-01 7.406865197360472663e-01
1.132622999999999963e-01 7.359845709203680642e-01
1.132700000000000096e-01 7.348738743497350567e-01
1.132777000000000089e-01 7.329116437416169916e-01
1.132854000000000083e-01 7.316898775139208944e-01
1.132931000000000077e-01 7.284318342400644131e-01
1.133008000000000071e-01 7.254329534993556594e-01
1.133085000000000064e-01 7.218046780352881386e-01
1.133162000000000058e-01 7.204718421505288406e-01
1.133239000000000052e-01 7.178802168190521193e-01
1.133316000000000046e-01 7.146962199832377349e-01
1.133393000000000039e-01 7.138817091647736701e-01
1.133470000000000033e-01 7.122156643088244365e-01
1.133547000000000027e-01 7.102164104816851564e-01
1.133624000000000021e-01 7.072915761790186107e-01
1.133701000000000014e-01 7.034411614008245772e-01
1.133778000000000008e-01 7.006644199742424473e-01
1.133855000000000002e-01 6.960365175966053419e-01
1.133931999999999995e-01 6.948517745879303487e-01
1.134008999999999989e-01 6.925933582276434519e-01
1.134085999999999983e-01 6.905941044005042828e-01
1.134162999999999977e-01 6.884467576972806979e-01
1.134239999999999970e-01 6.869658289364368731e-01
1.134316999999999964e-01 6.835967160055171910e-01
1.134393999999999958e-01 6.806348584838294302e-01
1.134471000000000090e-01 6.786726278757113651e-01
1.134548000000000084e-01 6.765623043915088841e-01
1.134625000000000078e-01 6.744519809073064032e-01
1.134702000000000072e-01 6.697500320916272010e-01
1.134779000000000065e-01 6.680839872356778564e-01
1.134856000000000059e-01 6.648999903998636940e-01
1.134933000000000053e-01 6.605682737743953092e-01
1.135010000000000047e-01 6.589392521374671796e-01
1.135087000000000040e-01 6.551999070163364580e-01
1.135164000000000034e-01 6.527933977799652565e-01
1.135241000000000028e-01 6.509052136098892882e-01
1.135318000000000022e-01 6.477582399930962298e-01
1.135395000000000015e-01 6.454628004137882291e-01
1.135472000000000009e-01 6.441669877480499240e-01
1.135549000000000003e-01 6.410570373502777475e-01
1.135625999999999997e-01 6.360589027824298247e-01
1.135702999999999990e-01 6.353184384020078568e-01
1.135779999999999984e-01 6.323565808803202071e-01
1.135856999999999978e-01 6.302462573961177261e-01
1.135933999999999972e-01 6.277286785026832128e-01
1.136010999999999965e-01 6.241004030386158030e-01
1.136087999999999959e-01 6.206942668886750170e-01
1.136165000000000092e-01 6.181026415571981847e-01
1.136242000000000085e-01 6.165106431392911590e-01
1.136319000000000079e-01 6.129934373322869501e-01
1.136396000000000073e-01 6.098464637154937806e-01
1.136473000000000066e-01 6.054036774329623061e-01
1.136550000000000060e-01 6.022196805971480327e-01
1.136627000000000054e-01 5.980730800667852787e-01
1.136704000000000048e-01 5.931489919369794528e-01
1.136781000000000041e-01 5.910386684527769718e-01
1.136858000000000035e-01 5.871512304555619455e-01
1.136935000000000029e-01 5.840412800577898800e-01
1.137012000000000023e-01 5.788580293948364375e-01
1.137089000000000016e-01 5.754518932448956514e-01
1.137166000000000010e-01 5.706758979911742413e-01
1.137243000000000004e-01 5.673438082792755521e-01
1.137319999999999998e-01 5.643819507575879024e-01
1.137396999999999991e-01 5.614941396739424606e-01
1.137473999999999985e-01 5.576067016767273232e-01
1.137550999999999979e-01 5.547188905930818814e-01
1.137627999999999973e-01 5.522383349186684720e-01
1.137704999999999966e-01 5.502020578725081990e-01
1.137781999999999960e-01 5.478325718551579904e-01
1.137859000000000093e-01 5.445745285813015091e-01
1.137936000000000086e-01 5.407981602411496835e-01
1.138013000000000080e-01 5.382065349096729623e-01
1.138090000000000074e-01 5.343190969124579359e-01
1.138167000000000068e-01 5.310240304195803507e-01
1.138244000000000061e-01 5.262480351658589406e-01
1.138321000000000055e-01 5.241377116816564596e-01
1.138398000000000049e-01 5.209537148458422973e-01
1.138475000000000042e-01 5.195098093040194653e-01
1.138552000000000036e-01 5.182139966382811602e-01
1.138629000000000030e-01 5.152151158975724066e-01
1.138706000000000024e-01 5.126234905660956853e-01
1.138783000000000017e-01 5.096986562634290285e-01
1.138860000000000011e-01 5.073661934651000349e-01
1.138937000000000005e-01 5.056261021711084824e-01
1.139013999999999999e-01 5.022569892401888003e-01
1.139090999999999992e-01 4.971477850152775102e-01
1.139167999999999986e-01 4.934454631131678926e-01
1.139244999999999980e-01 4.906687216865857071e-01
1.139321999999999974e-01 4.889286303925941546e-01
1.139398999999999967e-01 4.854114245855900567e-01
1.139475999999999961e-01 4.808575686459952703e-01
1.139553000000000094e-01 4.792285470090669741e-01
1.139630000000000087e-01 4.765628752395481560e-01
1.139707000000000081e-01 4.726384140233119147e-01
1.139784000000000075e-01 4.703799976630251289e-01
1.139861000000000069e-01 4.672700472652530079e-01
1.139938000000000062e-01 4.646413987147551272e-01
1.140015000000000056e-01 4.609020535936244611e-01
1.140092000000000050e-01 4.585325675762743636e-01
1.140169000000000044e-01 4.551634546453546259e-01
1.140246000000000037e-01 4.532382472562576092e-01
1.140323000000000031e-01 4.498691343253378716e-01
1.140400000000000025e-01 4.474256018699455106e-01
1.140477000000000019e-01 4.439824425009836206e-01
1.140554000000000012e-01 4.420572351118866039e-01
1.140631000000000006e-01 4.402060741608318506e-01
1.140708000000000000e-01 4.370961237630597851e-01
1.140784999999999993e-01 4.354671021261315444e-01
1.140861999999999987e-01 4.313205015957687904e-01
1.140938999999999981e-01 4.290620852354819492e-01
1.141015999999999975e-01 4.262112973708575003e-01
1.141092999999999968e-01 4.231013469730854348e-01
1.141169999999999962e-01 4.221387432785369542e-01
1.141246999999999956e-01 4.192139089758703530e-01
1.141324000000000088e-01 4.163260978922248556e-01
1.141401000000000082e-01 4.136974493417270304e-01
1.141478000000000076e-01 4.115501026385035011e-01
1.141555000000000070e-01 4.088103844309423640e-01
1.141632000000000063e-01 4.072924324510774352e-01
1.141709000000000057e-01 4.042935517103686260e-01
1.141786000000000051e-01 4.017389495979130642e-01
1.141863000000000045e-01 3.970370007822338065e-01
1.141940000000000038e-01 3.948896540790102772e-01
1.142017000000000032e-01 3.938530039464195887e-01
1.142094000000000026e-01 3.904838910154998510e-01
1.142171000000000020e-01 3.880773817791285940e-01
1.142248000000000013e-01 3.847452920672299603e-01
1.142325000000000007e-01 3.827460382400907357e-01
1.142402000000000001e-01 3.799692968135085502e-01
1.142478999999999995e-01 3.776368340151795566e-01
1.142555999999999988e-01 3.758597195021669557e-01
1.142632999999999982e-01 3.737864192369855787e-01
1.142709999999999976e-01 3.728238155424370426e-01
1.142786999999999970e-01 3.711207474674666495e-01
1.142863999999999963e-01 3.697508883636860810e-01
1.142941000000000096e-01 3.675665184414414477e-01
1.143018000000000089e-01 3.643084751675849109e-01
1.143095000000000083e-01 3.629386160638043979e-01
1.143172000000000077e-01 3.610504318937284851e-01
1.143249000000000071e-01 3.593103405997369881e-01
1.143326000000000064e-01 3.573481099916188675e-01
1.143403000000000058e-01 3.564965759541336987e-01
1.143480000000000052e-01 3.549045775362265620e-01
1.143557000000000046e-01 3.516835574813911847e-01
1.143634000000000039e-01 3.497583500922941679e-01
1.143711000000000033e-01 3.479812355792815670e-01
1.143788000000000027e-01 3.456857959999736774e-01
1.143865000000000021e-01 3.402804060228936112e-01
1.143942000000000014e-01 3.396880345185560590e-01
1.144019000000000008e-01 3.367632002158895133e-01
1.144096000000000002e-01 3.348379928267924965e-01
1.144172999999999996e-01 3.332089711898643114e-01
1.144249999999999989e-01 3.308024619534930544e-01
1.144326999999999983e-01 3.274333490225733168e-01
1.144403999999999977e-01 3.249898165671809558e-01
1.144480999999999971e-01 3.233237717112316112e-01
1.144557999999999964e-01 3.208432160368182018e-01
1.144634999999999958e-01 3.165855458493921915e-01
1.144712000000000091e-01 3.144381991461686066e-01
1.144789000000000084e-01 3.128091775092403659e-01
1.144866000000000078e-01 3.106618308060167810e-01
1.144943000000000072e-01 3.084034144457299398e-01
1.145020000000000066e-01 3.058858355522954264e-01
1.145097000000000059e-01 3.040716978202617216e-01
1.145174000000000053e-01 3.019243511170381367e-01
1.145251000000000047e-01 2.995178418806668796e-01
1.145328000000000040e-01 2.977407273676542787e-01
1.145405000000000034e-01 2.960376592926838857e-01
1.145482000000000028e-01 2.932979410851227486e-01
1.145559000000000022e-01 2.908544086297304432e-01
1.145636000000000015e-01 2.892994334308443549e-01
1.145713000000000009e-01 2.882627832982536664e-01
1.145790000000000003e-01 2.863005526901356013e-01
1.145866999999999997e-01 2.834497648255112634e-01
1.145943999999999990e-01 2.807840930559923343e-01
1.146020999999999984e-01 2.773039104680092848e-01
1.146097999999999978e-01 2.753046566408700602e-01
1.146174999999999972e-01 2.726019616523300826e-01
1.146251999999999965e-01 2.705656846061698095e-01
1.146328999999999959e-01 2.683813146839251207e-01
1.146406000000000092e-01 2.652713642861530552e-01
1.146483000000000085e-01 2.616430888220856454e-01
1.146560000000000079e-01 2.597178814329886287e-01
1.146637000000000073e-01 2.572743489775963233e-01
1.146714000000000067e-01 2.566819774732588266e-01
1.146791000000000060e-01 2.532017948852757772e-01
1.146868000000000054e-01 2.519800286575795689e-01
1.146945000000000048e-01 2.495735194212083397e-01
1.147022000000000042e-01 2.474631959370058587e-01
1.147099000000000035e-01 2.452788260147612254e-01
1.147176000000000029e-01 2.441681294441283567e-01
1.147253000000000023e-01 2.431314793115376682e-01
1.147330000000000017e-01 2.400215289137656027e-01
1.147407000000000010e-01 2.382073911817318423e-01
1.147484000000000004e-01 2.360230212594871813e-01
1.147560999999999998e-01 2.328020012046518594e-01
1.147637999999999991e-01 2.310248866916392585e-01
1.147714999999999985e-01 2.285443310172257936e-01
1.147791999999999979e-01 2.269893558183397608e-01
1.147868999999999973e-01 2.246939162390318157e-01
1.147945999999999966e-01 2.239904750776309794e-01
1.148022999999999960e-01 2.228427552879770068e-01
1.148099999999999954e-01 2.209915943369222258e-01
1.148177000000000086e-01 2.196957816711838374e-01
1.148254000000000080e-01 2.185110386625087886e-01
1.148331000000000074e-01 2.165858312734117719e-01
1.148408000000000068e-01 2.146976471033358869e-01
1.148485000000000061e-01 2.125132771810912258e-01
1.148562000000000055e-01 2.109212787631840891e-01
1.148639000000000049e-01 2.091071410311503842e-01
1.148716000000000043e-01 2.085888159648550400e-01
1.148793000000000036e-01 2.069227711089057231e-01
1.148870000000000030e-01 2.051086333768720182e-01
1.148947000000000024e-01 2.045903083105766740e-01
1.149024000000000018e-01 2.033315188638593896e-01
1.149101000000000011e-01 2.019246365410577448e-01
1.149178000000000005e-01 2.003326381231506359e-01
1.149254999999999999e-01 1.984814771720958271e-01
1.149331999999999993e-01 1.976669663536317345e-01
1.149408999999999986e-01 1.955196196504081496e-01
1.149485999999999980e-01 1.934463193852267726e-01
1.149562999999999974e-01 1.920394370624251001e-01
1.149639999999999967e-01 1.912249262439609798e-01
1.149716999999999961e-01 1.903733922064758111e-01
1.149794000000000094e-01 1.880039061891256580e-01
1.149871000000000087e-01 1.870783257135982536e-01
1.149948000000000081e-01 1.849680022293957726e-01
1.150025000000000075e-01 1.837832592207207238e-01
1.150102000000000069e-01 1.827466090881300076e-01
1.150179000000000062e-01 1.811546106702228986e-01
1.150256000000000056e-01 1.795255890332946580e-01
1.150333000000000050e-01 1.778595441773453412e-01
1.150410000000000044e-01 1.766007547306280567e-01
1.150487000000000037e-01 1.754900581599951881e-01
1.150564000000000031e-01 1.743423383703412155e-01
1.150641000000000025e-01 1.734167578948138111e-01
1.150718000000000019e-01 1.719728523529910624e-01
1.150795000000000012e-01 1.707510861252949097e-01
1.150872000000000006e-01 1.697884824307464013e-01
1.150949000000000000e-01 1.686777858601135327e-01
1.151025999999999994e-01 1.674189964133962483e-01
1.151102999999999987e-01 1.662342534047211995e-01
1.151179999999999981e-01 1.653086729291937673e-01
1.151256999999999975e-01 1.635315584161811664e-01
1.151333999999999969e-01 1.624949082835904779e-01
1.151410999999999962e-01 1.622357457504428335e-01
1.151487999999999956e-01 1.613471884939365053e-01
1.151565000000000089e-01 1.601994687042825327e-01
1.151642000000000082e-01 1.590147256956074562e-01
1.151719000000000076e-01 1.580891452200800518e-01
1.151796000000000070e-01 1.573486808396581393e-01
1.151873000000000064e-01 1.569044022114049752e-01
1.151950000000000057e-01 1.555715663266455107e-01
1.152027000000000051e-01 1.541276607848227898e-01
1.152104000000000045e-01 1.530169642141899211e-01
1.152181000000000038e-01 1.513879425772616805e-01
1.152258000000000032e-01 1.496108280642490518e-01
1.152335000000000026e-01 1.486112011506794672e-01
1.152412000000000020e-01 1.477226438941731668e-01
1.152489000000000013e-01 1.470932491708145384e-01
1.152566000000000007e-01 1.454642275338862978e-01
1.152643000000000001e-01 1.439092523350002650e-01
1.152719999999999995e-01 1.435760433638104128e-01
1.152796999999999988e-01 1.429836718594728884e-01
1.152873999999999982e-01 1.407252554991860194e-01
1.152950999999999976e-01 1.399847911187641070e-01
1.153027999999999970e-01 1.394664660524687627e-01
1.153104999999999963e-01 1.373931657872873857e-01
1.153182000000000096e-01 1.355049816172114729e-01
1.153259000000000090e-01 1.346164243607051725e-01
1.153336000000000083e-01 1.336167974471355879e-01
1.153413000000000077e-01 1.326541937525870796e-01
1.153490000000000071e-01 1.309511256776166865e-01
1.153567000000000065e-01 1.300995916401314623e-01
1.153644000000000058e-01 1.281003378129922654e-01
1.153721000000000052e-01 1.273598734325703530e-01
1.153798000000000046e-01 1.259529911097687083e-01
1.153875000000000040e-01 1.252125267293467958e-01
1.153952000000000033e-01 1.233613657782919731e-01
1.154029000000000027e-01 1.226949478359122409e-01
1.154106000000000021e-01 1.221766227696168966e-01
1.154183000000000014e-01 1.213991351701738941e-01
1.154260000000000008e-01 1.209548565419207300e-01
1.154337000000000002e-01 1.201033225044355196e-01
1.154413999999999996e-01 1.191407188098870390e-01
1.154490999999999989e-01 1.175857436110010062e-01
1.154567999999999983e-01 1.155124433458196292e-01
1.154644999999999977e-01 1.146609093083344189e-01
1.154721999999999971e-01 1.133650966425960582e-01
1.154798999999999964e-01 1.127357019192374160e-01
1.154875999999999958e-01 1.119952375388154897e-01
1.154953000000000091e-01 1.111807267203513833e-01
1.155030000000000084e-01 1.109585874062248012e-01
1.155107000000000078e-01 1.100700301497185007e-01
1.155184000000000072e-01 1.090333800171278122e-01
1.155261000000000066e-01 1.079597066655160337e-01
1.155338000000000059e-01 1.071822190660730173e-01
1.155415000000000053e-01 1.062566385905456129e-01
1.155492000000000047e-01 1.053680813340393124e-01
1.155569000000000041e-01 1.046646401726384901e-01
1.155646000000000034e-01 1.042573847634064299e-01
1.155723000000000028e-01 1.035909668210266976e-01
1.155800000000000022e-01 1.027764560025625912e-01
1.155877000000000016e-01 1.020730148411617549e-01
1.155954000000000009e-01 1.016657594319296948e-01
1.156031000000000003e-01 1.011474343656343505e-01
1.156107999999999997e-01 1.002218538901069600e-01
1.156184999999999991e-01 1.001107842330436620e-01
1.156261999999999984e-01 9.962948238576942173e-02
1.156338999999999978e-01 9.862985547219982330e-02
1.156415999999999972e-01 9.814855362492558299e-02
1.156492999999999965e-01 9.729701958744037260e-02
1.156569999999999959e-01 9.711190349233489449e-02
1.156647000000000092e-01 9.648250876897625228e-02
1.156724000000000085e-01 9.566799795051214583e-02
1.156801000000000079e-01 9.444623172281597923e-02
1.156878000000000073e-01 9.422409240868939717e-02
1.156955000000000067e-01 9.322446549511981262e-02
1.157032000000000060e-01 9.285423330490885641e-02
1.157109000000000054e-01 9.252102433371899026e-02
1.157186000000000048e-01 9.174353673427597389e-02
1.157263000000000042e-01 9.126223488700171971e-02
1.157340000000000035e-01 9.066986338266418144e-02
1.157417000000000029e-01 8.981832934517897105e-02
1.157494000000000023e-01 8.930000427888362680e-02
1.157571000000000017e-01 8.807823805118746019e-02
1.157648000000000010e-01 8.744884332782883185e-02
1.157725000000000004e-01 8.615303066209047123e-02
1.157801999999999998e-01 8.563470559579512698e-02
1.157878999999999992e-01 8.526447340558415688e-02
1.157955999999999985e-01 8.482019477733100665e-02
1.158032999999999979e-01 8.430186971103566240e-02
1.158109999999999973e-01 8.400568395886690021e-02
1.158186999999999967e-01 8.333926601648716792e-02
1.158263999999999960e-01 8.237666232193867344e-02
1.158340999999999954e-01 8.193238369368552321e-02
1.158418000000000087e-01 8.156215150347456699e-02
1.158495000000000080e-01 8.145108184641126903e-02
1.158572000000000074e-01 8.071061746598934272e-02
1.158649000000000068e-01 7.997015308556741642e-02
1.158726000000000061e-01 7.919266548612440004e-02
1.158803000000000055e-01 7.848922432472357769e-02
1.158880000000000049e-01 7.789685282038605330e-02
1.158957000000000043e-01 7.737852775409070905e-02
1.159034000000000036e-01 7.648997049758439470e-02
1.159111000000000030e-01 7.556439002205700417e-02
1.159188000000000024e-01 7.497201851771946590e-02
1.159265000000000018e-01 7.430560057533973362e-02
1.159342000000000011e-01 7.360215941393891126e-02
1.159419000000000005e-01 7.345406653785452322e-02
1.159495999999999999e-01 7.319490400470685110e-02
1.159572999999999993e-01 7.171397524386301237e-02
1.159649999999999986e-01 7.138076627267316010e-02
1.159726999999999980e-01 7.049220901616684576e-02
1.159803999999999974e-01 6.904830347434409710e-02
1.159880999999999968e-01 6.871509450315423095e-02
1.159957999999999961e-01 6.801165334175340860e-02
1.160035000000000094e-01 6.749332827545806435e-02
1.160112000000000088e-01 6.649370136188846592e-02
1.160189000000000081e-01 6.597537629559312167e-02
1.160266000000000075e-01 6.560514410538216545e-02
1.160343000000000069e-01 6.519788869615010529e-02
1.160420000000000063e-01 6.449444753474928294e-02
1.160497000000000056e-01 6.334672774509531035e-02
1.160574000000000050e-01 6.175472932718818059e-02
1.160651000000000044e-01 6.153259001306159853e-02
1.160728000000000038e-01 6.086617207068188012e-02
1.160805000000000031e-01 6.019975412830214784e-02
1.160882000000000025e-01 5.964440584298569964e-02
1.160959000000000019e-01 5.920012721473254941e-02
1.161036000000000012e-01 5.860775571039502502e-02
1.161113000000000006e-01 5.742301270171994848e-02
1.161190000000000000e-01 5.660850188325583510e-02
1.161266999999999994e-01 5.623826969304487194e-02
1.161343999999999987e-01 5.431306230394787604e-02
1.161420999999999981e-01 5.394283011373691983e-02
1.161497999999999975e-01 5.335045860939938156e-02
1.161574999999999969e-01 5.301724963820951542e-02
1.161651999999999962e-01 5.231380847680869306e-02
1.161728999999999956e-01 5.138822800128129559e-02
1.161806000000000089e-01 5.124013512519690755e-02
1.161883000000000082e-01 5.079585649694375038e-02
1.161960000000000076e-01 5.061074040183827227e-02
1.162037000000000070e-01 5.049967074477498125e-02
1.162114000000000064e-01 4.994432245945854693e-02
1.162191000000000057e-01 4.972218314533197181e-02
1.162268000000000051e-01 4.905576520295223952e-02
1.162345000000000045e-01 4.875957945078347039e-02
1.162422000000000039e-01 4.868553301274128331e-02
1.162499000000000032e-01 4.857446335567799228e-02
1.162576000000000026e-01 4.816720794644593906e-02
1.162653000000000020e-01 4.787102219427716993e-02
1.162730000000000014e-01 4.735269712798182568e-02
1.162807000000000007e-01 4.694544171874977245e-02
1.162884000000000001e-01 4.679734884266538442e-02
1.162960999999999995e-01 4.624200055734894316e-02
1.163037999999999988e-01 4.613093090028565907e-02
1.163114999999999982e-01 4.550153617692701685e-02
1.163191999999999976e-01 4.546451295790592678e-02
1.163268999999999970e-01 4.539046651986373276e-02
1.163345999999999963e-01 4.483511823454729150e-02
1.163422999999999957e-01 4.453893248237852237e-02
1.163500000000000090e-01 4.398358419706208111e-02
1.163577000000000083e-01 4.368739844489331892e-02
1.163654000000000077e-01 4.287288762642920553e-02
1.163731000000000071e-01 4.279884118838701151e-02
1.163808000000000065e-01 4.268777153132372743e-02
1.163885000000000058e-01 4.242860899817605530e-02
1.163962000000000052e-01 4.202135358894399514e-02
1.164039000000000046e-01 4.154005174166974790e-02
1.164116000000000040e-01 4.124386598950097876e-02
1.164193000000000033e-01 4.102172667537440365e-02
1.164270000000000027e-01 4.061447126614235043e-02
1.164347000000000021e-01 4.050340160907905940e-02
1.164424000000000015e-01 3.972591400963603608e-02
1.164501000000000008e-01 3.972591400963603608e-02
1.164578000000000002e-01 3.935568181942507987e-02
1.164654999999999996e-01 3.905949606725631074e-02
1.164731999999999990e-01 3.868926387704535452e-02
1.164808999999999983e-01 3.809689237270781625e-02
1.164885999999999977e-01 3.780070662053904712e-02
1.164962999999999971e-01 3.746749764934918098e-02
1.165039999999999965e-01 3.743047443032809091e-02
1.165116999999999958e-01 3.724535833522260586e-02
1.165193999999999952e-01 3.698619580207493374e-02
1.165271000000000085e-01 3.646787073577958949e-02
1.165348000000000078e-01 3.539419738416781092e-02
1.165425000000000072e-01 3.539419738416781092e-02
1.165502000000000066e-01 3.506098841297794477e-02
1.165579000000000059e-01 3.461670978472478760e-02
1.165656000000000053e-01 3.417243115647163737e-02
1.165733000000000047e-01 3.383922218528177123e-02
1.165810000000000041e-01 3.309875780485985186e-02
1.165887000000000034e-01 3.287661849073327675e-02
1.165964000000000028e-01 3.261745595758560462e-02
1.166041000000000022e-01 3.258043273856450761e-02
1.166118000000000016e-01 3.239531664345902950e-02
1.166195000000000009e-01 3.202508445324806635e-02
1.166272000000000003e-01 3.176592192010039423e-02
1.166348999999999997e-01 3.158080582499491612e-02
1.166425999999999991e-01 3.132164329184724400e-02
1.166502999999999984e-01 3.113652719674176589e-02
1.166579999999999978e-01 3.069224856848861219e-02
1.166656999999999972e-01 3.043308603534094006e-02
1.166733999999999966e-01 3.032201637827764903e-02
1.166810999999999959e-01 3.013690028317217093e-02
1.166888000000000092e-01 2.980369131198230478e-02
1.166965000000000086e-01 2.954452877883463266e-02
1.167042000000000079e-01 2.928536624568696053e-02
1.167119000000000073e-01 2.928536624568696053e-02
1.167196000000000067e-01 2.891513405547600432e-02
1.167273000000000061e-01 2.798955357994859991e-02
1.167350000000000054e-01 2.787848392288530888e-02
1.167427000000000048e-01 2.784146070386421534e-02
1.167504000000000042e-01 2.650862481910475771e-02
1.167581000000000035e-01 2.639755516204147015e-02
1.167658000000000029e-01 2.584220687672503236e-02
1.167735000000000023e-01 2.573113721966174480e-02
1.167812000000000017e-01 2.573113721966174480e-02
1.167889000000000010e-01 2.573113721966174480e-02
1.167966000000000004e-01 2.562006756259845378e-02
1.168042999999999998e-01 2.547197468651406921e-02
1.168119999999999992e-01 2.513876571532420306e-02
1.168196999999999985e-01 2.436127811588119016e-02
1.168273999999999979e-01 2.413913880175461157e-02
1.168350999999999973e-01 2.413913880175461157e-02
1.168427999999999967e-01 2.399104592567023048e-02
1.168504999999999960e-01 2.380592983056474890e-02
1.168581999999999954e-01 2.365783695448036433e-02
1.168659000000000087e-01 2.350974407839597977e-02
1.168736000000000080e-01 2.325058154524830764e-02
1.168813000000000074e-01 2.269523325993186638e-02
1.168890000000000068e-01 2.247309394580529127e-02
1.168967000000000062e-01 2.236202428874200371e-02
1.169044000000000055e-01 2.232500106972090670e-02
1.169121000000000049e-01 2.213988497461542512e-02
1.169198000000000043e-01 2.154751347027789032e-02
1.169275000000000037e-01 2.117728128006693064e-02
1.169352000000000030e-01 2.114025806104583363e-02
1.169429000000000024e-01 2.114025806104583363e-02
1.169506000000000018e-01 2.110323484202474009e-02
1.169583000000000012e-01 2.102918840398254607e-02
1.169660000000000005e-01 2.084407230887706797e-02
1.169736999999999999e-01 2.058490977572939584e-02
1.169813999999999993e-01 2.051086333768720182e-02
1.169890999999999986e-01 2.036277046160281726e-02
1.169967999999999980e-01 1.977039895726527899e-02
1.170044999999999974e-01 1.977039895726527899e-02
1.170121999999999968e-01 1.973337573824418545e-02
1.170198999999999961e-01 1.973337573824418545e-02
1.170276000000000094e-01 1.925207389096993474e-02
1.170353000000000088e-01 1.917802745292774419e-02
1.170430000000000081e-01 1.914100423390664718e-02
1.170507000000000075e-01 1.902993457684335962e-02
1.170584000000000069e-01 1.902993457684335962e-02
1.170661000000000063e-01 1.862267916761130293e-02
1.170738000000000056e-01 1.862267916761130293e-02
1.170815000000000050e-01 1.854863272956911238e-02
1.170892000000000044e-01 1.854863272956911238e-02
1.170969000000000038e-01 1.854863272956911238e-02
1.171046000000000031e-01 1.836351663446363081e-02
1.171123000000000025e-01 1.836351663446363081e-02
1.171200000000000019e-01 1.817840053935815270e-02
1.171277000000000013e-01 1.810435410131596215e-02
1.171354000000000006e-01 1.810435410131596215e-02
1.171431000000000000e-01 1.810435410131596215e-02
1.171507999999999994e-01 1.799328444425267112e-02
1.171584999999999988e-01 1.766007547306280845e-02
1.171661999999999981e-01 1.740091293991513285e-02
1.171738999999999975e-01 1.717877362578855774e-02
1.171815999999999969e-01 1.684556465459869506e-02
1.171892999999999962e-01 1.658640212145102294e-02
1.171969999999999956e-01 1.651235568340882892e-02
1.172046999999999950e-01 1.651235568340882892e-02
1.172124000000000082e-01 1.651235568340882892e-02
1.172201000000000076e-01 1.647533246438773538e-02
1.172278000000000070e-01 1.647533246438773538e-02
1.172355000000000064e-01 1.621616993124006326e-02
1.172432000000000057e-01 1.621616993124006326e-02
1.172509000000000051e-01 1.621616993124006326e-02
1.172586000000000045e-01 1.603105383613458168e-02
1.172663000000000039e-01 1.603105383613458168e-02
1.172740000000000032e-01 1.551272876983923743e-02
1.172817000000000026e-01 1.551272876983923743e-02
1.172894000000000020e-01 1.551272876983923743e-02
1.172971000000000014e-01 1.547570555081814042e-02
1.173048000000000007e-01 1.547570555081814042e-02
1.173125000000000001e-01 1.547570555081814042e-02
1.173201999999999995e-01 1.547570555081814042e-02
1.173278999999999989e-01 1.547570555081814042e-02
1.173355999999999982e-01 1.506845014158608546e-02
1.173432999999999976e-01 1.506845014158608546e-02
1.173509999999999970e-01 1.506845014158608546e-02
1.173586999999999964e-01 1.506845014158608546e-02
1.173663999999999957e-01 1.492035726550170090e-02
1.173741000000000090e-01 1.480928760843841334e-02
1.173818000000000084e-01 1.473524117039621932e-02
1.173895000000000077e-01 1.332835884759457114e-02
1.173972000000000071e-01 1.318026597151018831e-02
1.174049000000000065e-01 1.318026597151018831e-02
1.174126000000000059e-01 1.314324275248909130e-02
1.174203000000000052e-01 1.310621953346799602e-02
1.174280000000000046e-01 1.292110343836251618e-02
1.174357000000000040e-01 1.292110343836251618e-02
1.174434000000000033e-01 1.292110343836251618e-02
1.174511000000000027e-01 1.292110343836251618e-02
1.174588000000000021e-01 1.229170871500388264e-02
1.174665000000000015e-01 1.229170871500388264e-02
1.174742000000000008e-01 1.229170871500388264e-02
1.174819000000000002e-01 1.218063905794059508e-02
1.174895999999999996e-01 1.218063905794059508e-02
1.174972999999999990e-01 1.214361583891949807e-02
1.175049999999999983e-01 1.214361583891949807e-02
1.175126999999999977e-01 1.210659261989840280e-02
1.175203999999999971e-01 1.210659261989840280e-02
1.175280999999999965e-01 1.210659261989840280e-02
1.175357999999999958e-01 1.210659261989840280e-02
1.175434999999999952e-01 1.210659261989840280e-02
1.175512000000000085e-01 1.203254618185621051e-02
1.175589000000000078e-01 1.195849974381401823e-02
1.175666000000000072e-01 1.195849974381401823e-02
1.175743000000000066e-01 1.195849974381401823e-02
1.175820000000000060e-01 1.192147652479292295e-02
1.175897000000000053e-01 1.192147652479292295e-02
1.175974000000000047e-01 1.188445330577182595e-02
1.176051000000000041e-01 1.188445330577182595e-02
1.176128000000000035e-01 1.188445330577182595e-02
1.176205000000000028e-01 1.184743008675073067e-02
1.176282000000000022e-01 1.184743008675073067e-02
1.176359000000000016e-01 1.132910502045538469e-02
1.176436000000000009e-01 1.132910502045538469e-02
1.176513000000000003e-01 1.106994248730771256e-02
1.176589999999999997e-01 1.077375673513894516e-02
1.176666999999999991e-01 1.077375673513894516e-02
1.176743999999999984e-01 1.029245488786469792e-02
1.176820999999999978e-01 1.014436201178031335e-02
1.176897999999999972e-01 1.007031557373812107e-02
1.176974999999999966e-01 9.996269135695927052e-03
1.177051999999999959e-01 9.996269135695927052e-03
1.177129000000000092e-01 9.440920850379487528e-03
1.177206000000000086e-01 9.440920850379487528e-03
1.177283000000000079e-01 9.403897631358392253e-03
1.177360000000000073e-01 9.255804755274007686e-03
1.177437000000000067e-01 9.255804755274007686e-03
1.177514000000000061e-01 9.255804755274007686e-03
1.177591000000000054e-01 9.255804755274007686e-03
1.177668000000000048e-01 8.848549346041952729e-03
1.177745000000000042e-01 8.737479688978663436e-03
1.177822000000000036e-01 8.737479688978663436e-03
1.177899000000000029e-01 8.589386812894278869e-03
1.177976000000000023e-01 8.552363593873181860e-03
1.178053000000000017e-01 8.552363593873181860e-03
1.178130000000000011e-01 8.552363593873181860e-03
1.178207000000000004e-01 8.552363593873181860e-03
1.178283999999999998e-01 8.552363593873181860e-03
1.178360999999999992e-01 8.441293936809894302e-03
1.178437999999999986e-01 8.404270717788799028e-03
1.178514999999999979e-01 8.404270717788799028e-03
1.178591999999999973e-01 8.404270717788799028e-03
1.178668999999999967e-01 8.404270717788799028e-03
1.178745999999999960e-01 8.071061746598934619e-03
1.178822999999999954e-01 7.997015308556742336e-03
1.178899999999999948e-01 7.997015308556742336e-03
1.178977000000000080e-01 7.774875994430167220e-03
1.179054000000000074e-01 7.700829556387974069e-03
1.179131000000000068e-01 7.700829556387974069e-03
1.179208000000000062e-01 7.700829556387974069e-03
1.179285000000000055e-01 7.700829556387974069e-03
1.179362000000000049e-01 7.663806337366878794e-03
1.179439000000000043e-01 7.663806337366878794e-03
1.179516000000000037e-01 7.663806337366878794e-03
1.179593000000000030e-01 7.663806337366878794e-03
1.179670000000000024e-01 7.663806337366878794e-03
1.179747000000000018e-01 7.663806337366878794e-03
1.179824000000000012e-01 7.663806337366878794e-03
1.179901000000000005e-01 7.663806337366878794e-03
1.179977999999999999e-01 7.663806337366878794e-03
1.180054999999999993e-01 7.663806337366878794e-03
1.180131999999999987e-01 7.663806337366878794e-03
1.180208999999999980e-01 7.663806337366878794e-03
1.180285999999999974e-01 7.626783118345781785e-03
1.180362999999999968e-01 7.626783118345781785e-03
1.180439999999999962e-01 7.626783118345781785e-03
1.180517000000000094e-01 7.626783118345781785e-03
1.180594000000000088e-01 7.626783118345781785e-03
1.180671000000000082e-01 7.626783118345781785e-03
1.180748000000000075e-01 7.626783118345781785e-03
1.180825000000000069e-01 7.626783118345781785e-03
1.180902000000000063e-01 7.626783118345781785e-03
1.180979000000000056e-01 7.515713461282494227e-03
1.181056000000000050e-01 7.515713461282494227e-03
1.181133000000000044e-01 7.330597366177014386e-03
1.181210000000000038e-01 6.960365175966053836e-03
1.181287000000000031e-01 6.627156204776189427e-03
1.181364000000000025e-01 6.627156204776189427e-03
1.181441000000000019e-01 6.627156204776189427e-03
1.181518000000000013e-01 6.367993671628517302e-03
1.181595000000000006e-01 6.367993671628517302e-03
1.181672000000000000e-01 6.293947233586325019e-03
1.181748999999999994e-01 6.293947233586325019e-03
1.181825999999999988e-01 6.293947233586325019e-03
1.181902999999999981e-01 6.293947233586325019e-03
1.181979999999999975e-01 6.293947233586325019e-03
1.182056999999999969e-01 6.293947233586325019e-03
1.182133999999999963e-01 6.293947233586325019e-03
1.182210999999999956e-01 6.293947233586325019e-03
1.182287999999999950e-01 6.293947233586325019e-03
1.182365000000000083e-01 6.293947233586325019e-03
1.182442000000000076e-01 6.293947233586325019e-03
1.182519000000000070e-01 6.182877576523037461e-03
1.182596000000000064e-01 6.182877576523037461e-03
1.182673000000000058e-01 6.182877576523037461e-03
1.182750000000000051e-01 6.182877576523037461e-03
1.182827000000000045e-01 6.182877576523037461e-03
1.182904000000000039e-01 6.108831138480845177e-03
1.182981000000000033e-01 6.108831138480845177e-03
1.183058000000000026e-01 6.108831138480845177e-03
1.183135000000000020e-01 6.071807919459749035e-03
1.183212000000000014e-01 6.071807919459749035e-03
1.183289000000000007e-01 6.071807919459749035e-03
1.183366000000000001e-01 6.071807919459749035e-03
1.183442999999999995e-01 6.071807919459749035e-03
1.183519999999999989e-01 5.923715043375365336e-03
1.183596999999999982e-01 5.923715043375365336e-03
1.183673999999999976e-01 5.923715043375365336e-03
1.183750999999999970e-01 5.886691824354269194e-03
1.183827999999999964e-01 5.886691824354269194e-03
1.183904999999999957e-01 5.886691824354269194e-03
1.183982000000000090e-01 5.849668605333173052e-03
1.184059000000000084e-01 5.664552510227692343e-03
1.184136000000000077e-01 5.664552510227692343e-03
1.184213000000000071e-01 5.664552510227692343e-03
1.184290000000000065e-01 5.442413196101116360e-03
1.184367000000000059e-01 5.442413196101116360e-03
1.184444000000000052e-01 5.442413196101116360e-03
1.184521000000000046e-01 5.331343539037828802e-03
1.184598000000000040e-01 5.294320320016732660e-03
1.184675000000000034e-01 5.294320320016732660e-03
1.184752000000000027e-01 5.146227443932348961e-03
1.184829000000000021e-01 5.146227443932348961e-03
1.184906000000000015e-01 5.146227443932348961e-03
1.184983000000000009e-01 5.146227443932348961e-03
1.185060000000000002e-01 5.146227443932348961e-03
1.185136999999999996e-01 5.146227443932348961e-03
1.185213999999999990e-01 5.146227443932348961e-03
1.185290999999999983e-01 5.146227443932348961e-03
1.185367999999999977e-01 4.961111348826868252e-03
1.185444999999999971e-01 4.961111348826868252e-03
1.185521999999999965e-01 4.961111348826868252e-03
1.185598999999999958e-01 4.961111348826868252e-03
1.185675999999999952e-01 4.961111348826868252e-03
1.185753000000000085e-01 4.961111348826868252e-03
1.185830000000000078e-01 4.961111348826868252e-03
1.185907000000000072e-01 4.924088129805772110e-03
1.185984000000000066e-01 4.924088129805772110e-03
1.186061000000000060e-01 4.924088129805772110e-03
1.186138000000000053e-01 4.924088129805772110e-03
1.186215000000000047e-01 4.775995253721388410e-03
1.186292000000000041e-01 4.775995253721388410e-03
1.186369000000000035e-01 4.775995253721388410e-03
1.186446000000000028e-01 4.775995253721388410e-03
1.186523000000000022e-01 4.775995253721388410e-03
1.186600000000000016e-01 4.553855939594812427e-03
1.186677000000000010e-01 4.553855939594812427e-03
1.186754000000000003e-01 4.553855939594812427e-03
1.186830999999999997e-01 4.331716625468235576e-03
1.186907999999999991e-01 4.331716625468235576e-03
1.186984999999999985e-01 3.998507654278371168e-03
1.187061999999999978e-01 3.998507654278371168e-03
1.187138999999999972e-01 3.998507654278371168e-03
1.187215999999999966e-01 3.998507654278371168e-03
1.187292999999999960e-01 3.998507654278371168e-03
1.187370000000000092e-01 3.998507654278371168e-03
1.187447000000000086e-01 3.998507654278371168e-03
1.187524000000000080e-01 3.998507654278371168e-03
1.187601000000000073e-01 3.998507654278371168e-03
1.187678000000000067e-01 3.998507654278371168e-03
1.187755000000000061e-01 3.998507654278371168e-03
1.187832000000000054e-01 3.998507654278371168e-03
1.187909000000000048e-01 3.813391559172890893e-03
1.187986000000000042e-01 3.739345121130699477e-03
1.188063000000000036e-01 3.591252245046314909e-03
1.188140000000000029e-01 3.591252245046314909e-03
1.188217000000000023e-01 3.591252245046314909e-03
1.188294000000000017e-01 3.591252245046314909e-03
1.188371000000000011e-01 3.554229026025219201e-03
1.188448000000000004e-01 3.554229026025219201e-03
1.188524999999999998e-01 3.554229026025219201e-03
1.188601999999999992e-01 3.554229026025219201e-03
1.188678999999999986e-01 3.554229026025219201e-03
1.188755999999999979e-01 3.554229026025219201e-03
1.188832999999999973e-01 3.554229026025219201e-03
1.188909999999999967e-01 3.554229026025219201e-03
1.188986999999999961e-01 3.554229026025219201e-03
1.189063999999999954e-01 3.146973616793162509e-03
1.189140999999999948e-01 3.146973616793162509e-03
1.189218000000000081e-01 3.146973616793162509e-03
1.189295000000000074e-01 3.146973616793162509e-03
1.189372000000000068e-01 3.146973616793162509e-03
1.189449000000000062e-01 3.146973616793162509e-03
1.189526000000000056e-01 3.146973616793162509e-03
1.189603000000000049e-01 2.628648550497818259e-03
1.189680000000000043e-01 2.628648550497818259e-03
1.189757000000000037e-01 2.628648550497818259e-03
1.189834000000000030e-01 2.628648550497818259e-03
1.189911000000000024e-01 2.628648550497818259e-03
1.189988000000000018e-01 2.628648550497818259e-03
1.190065000000000012e-01 2.628648550497818259e-03
1.190142000000000005e-01 2.295439579307953851e-03
1.190218999999999999e-01 2.295439579307953851e-03
1.190295999999999993e-01 2.295439579307953851e-03
1.190372999999999987e-01 2.295439579307953851e-03
1.190449999999999980e-01 2.295439579307953851e-03
1.190526999999999974e-01 2.295439579307953851e-03
1.190603999999999968e-01 2.295439579307953851e-03
1.190680999999999962e-01 2.295439579307953851e-03
1.190757999999999955e-01 2.295439579307953851e-03
1.190835000000000088e-01 2.295439579307953851e-03
1.190912000000000082e-01 2.295439579307953851e-03
1.190989000000000075e-01 2.295439579307953851e-03
1.191066000000000069e-01 2.295439579307953851e-03
1.191143000000000063e-01 2.295439579307953851e-03
1.191220000000000057e-01 2.295439579307953851e-03
1.191297000000000050e-01 2.295439579307953851e-03
1.191374000000000044e-01 2.258416360286858143e-03
1.191451000000000038e-01 2.258416360286858143e-03
1.191528000000000032e-01 2.258416360286858143e-03
1.191605000000000025e-01 2.258416360286858143e-03
1.191682000000000019e-01 2.258416360286858143e-03
1.191759000000000013e-01 2.258416360286858143e-03
1.191836000000000007e-01 2.258416360286858143e-03
1.191913000000000000e-01 2.258416360286858143e-03
1.191989999999999994e-01 2.258416360286858143e-03
1.192066999999999988e-01 1.629021636928225467e-03
1.192143999999999981e-01 1.629021636928225467e-03
1.192220999999999975e-01 1.629021636928225467e-03
1.192297999999999969e-01 1.629021636928225467e-03
1.192374999999999963e-01 1.629021636928225467e-03
1.192451999999999956e-01 1.629021636928225467e-03
1.192528999999999950e-01 1.517951979864937259e-03
1.192606000000000083e-01 1.443905541822745409e-03
1.192683000000000076e-01 1.443905541822745409e-03
1.192760000000000070e-01 1.443905541822745409e-03
1.192837000000000064e-01 1.443905541822745409e-03
1.192914000000000058e-01 1.443905541822745409e-03
1.192991000000000051e-01 1.443905541822745409e-03
1.193068000000000045e-01 1.443905541822745409e-03
1.193145000000000039e-01 1.443905541822745409e-03
1.193222000000000033e-01 1.406882322801649050e-03
1.193299000000000026e-01 1.332835884759457201e-03
1.193376000000000020e-01 1.332835884759457201e-03
1.193453000000000014e-01 1.332835884759457201e-03
1.193530000000000008e-01 1.332835884759457201e-03
1.193607000000000001e-01 1.332835884759457201e-03
1.193683999999999995e-01 1.332835884759457201e-03
1.193760999999999989e-01 1.332835884759457201e-03
1.193837999999999983e-01 1.332835884759457201e-03
1.193914999999999976e-01 1.332835884759457201e-03
1.193991999999999970e-01 1.332835884759457201e-03
1.194068999999999964e-01 1.332835884759457201e-03
1.194145999999999957e-01 1.332835884759457201e-03
1.194223000000000090e-01 1.332835884759457201e-03
1.194300000000000084e-01 1.332835884759457201e-03
1.194377000000000077e-01 1.332835884759457201e-03
1.194454000000000071e-01 1.332835884759457201e-03
1.194531000000000065e-01 1.332835884759457201e-03
1.194608000000000059e-01 1.332835884759457201e-03
1.194685000000000052e-01 1.332835884759457201e-03
1.194762000000000046e-01 1.332835884759457201e-03
1.194839000000000040e-01 1.332835884759457201e-03
1.194916000000000034e-01 1.332835884759457201e-03
1.194993000000000027e-01 1.332835884759457201e-03
1.195070000000000021e-01 1.332835884759457201e-03
1.195147000000000015e-01 1.295812665738361276e-03
1.195224000000000009e-01 1.147719789653976925e-03
1.195301000000000002e-01 1.147719789653976925e-03
1.195377999999999996e-01 1.147719789653976925e-03
1.195454999999999990e-01 1.147719789653976925e-03
1.195531999999999984e-01 1.147719789653976925e-03
1.195608999999999977e-01 1.147719789653976925e-03
1.195685999999999971e-01 1.147719789653976925e-03
1.195762999999999965e-01 1.147719789653976925e-03
1.195839999999999959e-01 1.147719789653976925e-03
1.195916999999999952e-01 1.147719789653976925e-03
1.195993999999999946e-01 1.147719789653976925e-03
1.196071000000000079e-01 1.147719789653976925e-03
1.196148000000000072e-01 1.147719789653976925e-03
1.196225000000000066e-01 1.073673351611784859e-03
1.196302000000000060e-01 1.073673351611784859e-03
1.196379000000000054e-01 1.073673351611784859e-03
1.196456000000000047e-01 1.073673351611784859e-03
1.196533000000000041e-01 1.073673351611784859e-03
1.196610000000000035e-01 1.073673351611784859e-03
1.196687000000000028e-01 1.073673351611784859e-03
1.196764000000000022e-01 1.073673351611784859e-03
1.196841000000000016e-01 1.073673351611784859e-03
1.196918000000000010e-01 1.073673351611784859e-03
1.196995000000000003e-01 1.073673351611784859e-03
1.197071999999999997e-01 1.073673351611784859e-03
1.197148999999999991e-01 1.073673351611784859e-03
1.197225999999999985e-01 1.073673351611784859e-03
1.197302999999999978e-01 1.073673351611784859e-03
1.197379999999999972e-01 1.073673351611784859e-03
1.197456999999999966e-01 1.073673351611784859e-03
1.197533999999999960e-01 1.073673351611784859e-03
1.197611000000000092e-01 1.073673351611784859e-03
1.197688000000000086e-01 1.073673351611784859e-03
1.197765000000000080e-01 1.036650132590688934e-03
1.197842000000000073e-01 1.036650132590688934e-03
1.197919000000000067e-01 1.036650132590688934e-03
1.197996000000000061e-01 1.036650132590688934e-03
1.198073000000000055e-01 1.036650132590688934e-03
1.198150000000000048e-01 1.036650132590688934e-03
1.198227000000000042e-01 1.036650132590688934e-03
1.198304000000000036e-01 1.036650132590688934e-03
1.198381000000000030e-01 1.036650132590688934e-03
1.198458000000000023e-01 1.036650132590688934e-03
1.198535000000000017e-01 1.036650132590688934e-03
1.198612000000000011e-01 1.036650132590688934e-03
1.198689000000000004e-01 9.626036945484967586e-04
1.198765999999999998e-01 9.626036945484967586e-04
1.198842999999999992e-01 9.626036945484967586e-04
1.198919999999999986e-01 9.626036945484967586e-04
1.198996999999999979e-01 9.626036945484967586e-04
1.199073999999999973e-01 9.626036945484967586e-04
1.199150999999999967e-01 9.626036945484967586e-04
1.199227999999999961e-01 9.626036945484967586e-04
1.199304999999999954e-01 8.515340374852087670e-04
1.199381999999999948e-01 8.515340374852087670e-04
1.199459000000000081e-01 8.515340374852087670e-04
1.199536000000000074e-01 8.515340374852087670e-04
1.199613000000000068e-01 8.515340374852087670e-04
1.199690000000000062e-01 8.515340374852087670e-04
1.199767000000000056e-01 8.515340374852087670e-04
1.199844000000000049e-01 8.515340374852087670e-04
1.199921000000000043e-01 8.515340374852087670e-04
1.199998000000000037e-01 8.515340374852087670e-04
1.200075000000000031e-01 8.515340374852087670e-04
1.200152000000000024e-01 8.515340374852087670e-04
1.200229000000000018e-01 8.515340374852087670e-04
1.200306000000000012e-01 8.515340374852087670e-04
1.200383000000000006e-01 8.515340374852087670e-04
1.200459999999999999e-01 8.515340374852087670e-04
1.200536999999999993e-01 8.515340374852087670e-04
1.200613999999999987e-01 8.515340374852087670e-04
1.200690999999999981e-01 8.515340374852087670e-04
1.200767999999999974e-01 8.515340374852087670e-04
1.200844999999999968e-01 8.515340374852087670e-04
1.200921999999999962e-01 8.515340374852087670e-04
1.200998999999999955e-01 7.774875994430165919e-04
1.201076000000000088e-01 7.774875994430165919e-04
1.201153000000000082e-01 7.774875994430165919e-04
1.201230000000000075e-01 7.774875994430165919e-04
1.201307000000000069e-01 7.774875994430165919e-04
1.201384000000000063e-01 7.774875994430165919e-04
1.201461000000000057e-01 7.774875994430165919e-04
1.201538000000000050e-01 7.774875994430165919e-04
1.201615000000000044e-01 7.774875994430165919e-04
1.201692000000000038e-01 7.774875994430165919e-04
1.201769000000000032e-01 6.664179423797286003e-04
1.201846000000000025e-01 6.664179423797286003e-04
1.201923000000000019e-01 6.664179423797286003e-04
1.202000000000000013e-01 6.664179423797286003e-04
# Ensemble: [3^+], idetect: 0.1135
1.130000000000000032e-01 8.059584548702395379e-01
1.130072000000000021e-01 8.059584548702395379e-01
1.130144000000000010e-01 8.038396561011166286e-01
1.130215999999999998e-01 8.017208573319936082e-01
1.130287999999999987e-01 8.002865935498180150e-01
1.130359999999999976e-01 7.988523297676424217e-01
1.130431999999999965e-01 7.943213600921333883e-01
1.130504000000000092e-01 7.912572511029400957e-01
1.130576000000000081e-01 7.892036461420979254e-01
1.130648000000000070e-01 7.869870566605537965e-01
1.130720000000000058e-01 7.850312424121326238e-01
1.130792000000000047e-01 7.838251569589395062e-01
1.130864000000000036e-01 7.829124436430096035e-01
1.130936000000000025e-01 7.811848077235709065e-01
1.131008000000000013e-01 7.788378306254655215e-01
1.131080000000000002e-01 7.770124039936057159e-01
1.131151999999999991e-01 7.751217835534651712e-01
1.131223999999999980e-01 7.707863953027981330e-01
1.131295999999999968e-01 7.699062788910085997e-01
1.131368000000000096e-01 7.668095729976750485e-01
1.131440000000000085e-01 7.657990689693240371e-01
1.131512000000000073e-01 7.635172856794993912e-01
1.131584000000000062e-01 7.607791457317095718e-01
1.131656000000000051e-01 7.599316262240604081e-01
1.131728000000000040e-01 7.572912769886918083e-01
1.131800000000000028e-01 7.559222070147969541e-01
1.131872000000000017e-01 7.541293772870775181e-01
1.131944000000000006e-01 7.528255011214634029e-01
1.132015999999999994e-01 7.522061599427966039e-01
1.132087999999999983e-01 7.495332138032877456e-01
1.132159999999999972e-01 7.483597252542349976e-01
1.132232000000000099e-01 7.456541822105855477e-01
1.132304000000000088e-01 7.438287555787257421e-01
1.132376000000000077e-01 7.410580187267957752e-01
1.132448000000000066e-01 7.401779023150062420e-01
1.132520000000000054e-01 7.384828632997079145e-01
1.132592000000000043e-01 7.356143357353567280e-01
1.132664000000000032e-01 7.337889091034969224e-01
1.132736000000000021e-01 7.326154205544441744e-01
1.132808000000000009e-01 7.298772806066545771e-01
1.132879999999999998e-01 7.278236756458122958e-01
1.132951999999999987e-01 7.240098378613909480e-01
1.133023999999999976e-01 7.200656124604081221e-01
1.133095999999999964e-01 7.182075889244080580e-01
1.133168000000000092e-01 7.160561932511446681e-01
1.133240000000000081e-01 7.131876656867934816e-01
1.133312000000000069e-01 7.101887505058810390e-01
1.133384000000000058e-01 7.095042155189336119e-01
1.133456000000000047e-01 7.085589052988633396e-01
1.133528000000000036e-01 7.062119282007579546e-01
1.133600000000000024e-01 7.042887108564770404e-01
1.133672000000000013e-01 7.018765399500909163e-01
1.133744000000000002e-01 6.980301052615291990e-01
1.133815999999999991e-01 6.960090972048272873e-01
1.133887999999999979e-01 6.921626625162655699e-01
1.133959999999999968e-01 6.895223132808969702e-01
1.134032000000000096e-01 6.882836309235634831e-01
1.134104000000000084e-01 6.863604135792826799e-01
1.134176000000000073e-01 6.849261497971070867e-01
1.134248000000000062e-01 6.832637076859491287e-01
1.134320000000000050e-01 6.799714203677733604e-01
1.134392000000000039e-01 6.767443268578784421e-01
1.134464000000000028e-01 6.757664197336678003e-01
1.134536000000000017e-01 6.735824271562641519e-01
1.134608000000000005e-01 6.705509150712112287e-01
1.134679999999999994e-01 6.677475813151407813e-01
1.134751999999999983e-01 6.651724258880529206e-01
1.134823999999999972e-01 6.628580456940877941e-01
1.134896000000000099e-01 6.588812233889647096e-01
1.134968000000000088e-01 6.563712617701574770e-01
1.135040000000000077e-01 6.551651763169644704e-01
1.135112000000000065e-01 6.514165323408237507e-01
1.135184000000000054e-01 6.493303304758410999e-01
1.135256000000000043e-01 6.471137409942970820e-01
1.135328000000000032e-01 6.442778103340863760e-01
1.135400000000000020e-01 6.419308332359808800e-01
1.135472000000000009e-01 6.404639725496650282e-01
1.135543999999999998e-01 6.374976542728928441e-01
1.135615999999999987e-01 6.344009483795592930e-01
1.135687999999999975e-01 6.325429248435591179e-01
1.135759999999999964e-01 6.304567229785764670e-01
1.135832000000000092e-01 6.270340480438393316e-01
1.135904000000000080e-01 6.246218771374532075e-01
1.135976000000000069e-01 6.214273805316985477e-01
1.136048000000000058e-01 6.191130003377335322e-01
1.136120000000000047e-01 6.167660232396280362e-01
1.136192000000000035e-01 6.133433483048909007e-01
1.136264000000000024e-01 6.113549371523293585e-01
1.136336000000000013e-01 6.064654015312762603e-01
1.136408000000000001e-01 6.036294708710655543e-01
1.136479999999999990e-01 5.977294312216615557e-01
1.136551999999999979e-01 5.942089655745034227e-01
1.136623999999999968e-01 5.908188875439065457e-01
1.136696000000000095e-01 5.857989643062921914e-01
1.136768000000000084e-01 5.826370646046779012e-01
1.136840000000000073e-01 5.784646608747125995e-01
1.136912000000000061e-01 5.769000094759757502e-01
1.136984000000000050e-01 5.731839624039754000e-01
1.137056000000000039e-01 5.684900082077645189e-01
1.137128000000000028e-01 5.659474496848169167e-01
1.137200000000000016e-01 5.625247747500797812e-01
1.137272000000000005e-01 5.590043091029216482e-01
1.137343999999999994e-01 5.549622929895178247e-01
1.137415999999999983e-01 5.524523313707105920e-01
1.137487999999999971e-01 5.477909740786400805e-01
1.137560000000000099e-01 5.445312836646046817e-01
1.137632000000000088e-01 5.434229889238326727e-01
1.137704000000000076e-01 5.403914768387798606e-01
1.137776000000000065e-01 5.384030656862183184e-01
1.137848000000000054e-01 5.354041505053057648e-01
1.137920000000000043e-01 5.329267857906389017e-01
1.137992000000000031e-01 5.296344984724631333e-01
1.138064000000000020e-01 5.269289554288137944e-01
1.138136000000000009e-01 5.250709318928137304e-01
1.138207999999999998e-01 5.219416290953398097e-01
1.138279999999999986e-01 5.187471324895851499e-01
1.138351999999999975e-01 5.160415894459358110e-01
1.138423999999999964e-01 5.143139535264970030e-01
1.138496000000000091e-01 5.136946123478303150e-01
1.138568000000000080e-01 5.124233330863564584e-01
1.138640000000000069e-01 5.096199993302861220e-01
1.138712000000000057e-01 5.059691460665666218e-01
1.138784000000000046e-01 5.038503472974436015e-01
1.138856000000000035e-01 5.015685640076188445e-01
1.138928000000000024e-01 4.993519745260748266e-01
1.139000000000000012e-01 4.967116252907062268e-01
1.139072000000000001e-01 4.927348029855830314e-01
1.139143999999999990e-01 4.907137949288811196e-01
1.139215999999999979e-01 4.876496859396879380e-01
1.139287999999999967e-01 4.845203831422140173e-01
1.139360000000000095e-01 4.823363905648102579e-01
1.139432000000000084e-01 4.781313899307046422e-01
1.139504000000000072e-01 4.752628623663536223e-01
1.139576000000000061e-01 4.739263892965990821e-01
1.139648000000000050e-01 4.706992957867041083e-01
1.139720000000000039e-01 4.686456908258618270e-01
1.139792000000000027e-01 4.671462332354055502e-01
1.139864000000000016e-01 4.643103025751948443e-01
1.139936000000000005e-01 4.627130542723175144e-01
1.140007999999999994e-01 4.590947979127382728e-01
1.140079999999999982e-01 4.568130146229134603e-01
1.140151999999999971e-01 4.538466963461413872e-01
1.140223999999999960e-01 4.515323161521762607e-01
1.140296000000000087e-01 4.479792536008777581e-01
1.140368000000000076e-01 4.458930517358951628e-01
1.140440000000000065e-01 4.442306096247370939e-01
1.140512000000000054e-01 4.418184387183509143e-01
1.140584000000000042e-01 4.404819656485964297e-01
1.140656000000000031e-01 4.375156473718243011e-01
1.140728000000000020e-01 4.350708795612977520e-01
1.140800000000000008e-01 4.331476622170169488e-01
1.140871999999999997e-01 4.289426615829113332e-01
1.140943999999999986e-01 4.272476225676128947e-01
1.141015999999999975e-01 4.242161104825600271e-01
1.141087999999999963e-01 4.221625055217178013e-01
1.141160000000000091e-01 4.211520014933667899e-01
1.141232000000000080e-01 4.182834739290157700e-01
1.141304000000000068e-01 4.151541711315417382e-01
1.141376000000000057e-01 4.131983568831205655e-01
1.141448000000000046e-01 4.113729302512607600e-01
1.141520000000000035e-01 4.080480460289447331e-01
1.141592000000000023e-01 4.065159915343480868e-01
1.141664000000000012e-01 4.049839370397515514e-01
1.141736000000000001e-01 4.031585104078917459e-01
1.141807999999999990e-01 4.004529673642424070e-01
1.141879999999999978e-01 3.977800212247333822e-01
1.141951999999999967e-01 3.955960286473297338e-01
1.142024000000000095e-01 3.950092843728033598e-01
1.142096000000000083e-01 3.921081599043118593e-01
1.142168000000000072e-01 3.903153301765924788e-01
1.142240000000000061e-01 3.870230428584167659e-01
1.142312000000000050e-01 3.855887790762411726e-01
1.142384000000000038e-01 3.843500967189077411e-01
1.142456000000000027e-01 3.819379258125216170e-01
1.142528000000000016e-01 3.807644372634688690e-01
1.142600000000000005e-01 3.790693982481704860e-01
1.142671999999999993e-01 3.766898242459246759e-01
1.142743999999999982e-01 3.755163356968719834e-01
1.142815999999999971e-01 3.738212966815736005e-01
1.142887999999999959e-01 3.717024979124506356e-01
1.142960000000000087e-01 3.696162960474679848e-01
1.143032000000000076e-01 3.667803653872572789e-01
1.143104000000000064e-01 3.648571480429763647e-01
1.143176000000000053e-01 3.630969152193972982e-01
1.143248000000000042e-01 3.613040854916778621e-01
1.143320000000000031e-01 3.580443950776425188e-01
1.143392000000000019e-01 3.563819529664845054e-01
1.143464000000000008e-01 3.547521077594668060e-01
1.143535999999999997e-01 3.520465647158174671e-01
1.143607999999999986e-01 3.500907504673962389e-01
1.143679999999999974e-01 3.477111764651504289e-01
1.143751999999999963e-01 3.457553622167292562e-01
1.143824000000000091e-01 3.428868346523781807e-01
1.143896000000000079e-01 3.400509039921673637e-01
1.143968000000000068e-01 3.393337721010796226e-01
1.144040000000000057e-01 3.366934228657109673e-01
1.144112000000000046e-01 3.354873374125179053e-01
1.144184000000000034e-01 3.338574922055002059e-01
1.144256000000000023e-01 3.316409027239561880e-01
1.144328000000000012e-01 3.290657472968682717e-01
1.144400000000000001e-01 3.260342352118154041e-01
1.144471999999999989e-01 3.246325683337801804e-01
1.144543999999999978e-01 3.217966376735694745e-01
1.144615999999999967e-01 3.194170636713236644e-01
1.144688000000000094e-01 3.168093113400953786e-01
1.144760000000000083e-01 3.152120630372180488e-01
1.144832000000000072e-01 3.133214425970775596e-01
1.144904000000000061e-01 3.111700469238142253e-01
1.144976000000000049e-01 3.091164419629719440e-01
1.145048000000000038e-01 3.073236122352525079e-01
1.145120000000000027e-01 3.052700072744102822e-01
1.145192000000000015e-01 3.034771775466907906e-01
1.145264000000000004e-01 3.016843478189713545e-01
1.145335999999999993e-01 2.995981459539887592e-01
1.145407999999999982e-01 2.975119440890061084e-01
1.145479999999999970e-01 2.952953546074620905e-01
1.145551999999999959e-01 2.925898115638127517e-01
1.145624000000000087e-01 2.913837261106196341e-01
1.145696000000000075e-01 2.895582994787598841e-01
1.145768000000000064e-01 2.875046945179176028e-01
1.145840000000000053e-01 2.849621359949700006e-01
1.145912000000000042e-01 2.829411279382681443e-01
1.145984000000000030e-01 2.788013211124432122e-01
1.146056000000000019e-01 2.766499254391798779e-01
1.146128000000000008e-01 2.747919019031797583e-01
1.146199999999999997e-01 2.720211650512496804e-01
1.146271999999999985e-01 2.700001569945477686e-01
1.146343999999999974e-01 2.677183737047230672e-01
1.146415999999999963e-01 2.650454275652140423e-01
1.146488000000000090e-01 2.626984504671086573e-01
1.146560000000000079e-01 2.614597681097751702e-01
1.146632000000000068e-01 2.588194188744065705e-01
1.146704000000000057e-01 2.577111241336345060e-01
1.146776000000000045e-01 2.551685656106869593e-01
1.146848000000000034e-01 2.537668987326517356e-01
1.146920000000000023e-01 2.517458906759498793e-01
1.146992000000000012e-01 2.491707352488619076e-01
1.147064000000000000e-01 2.475734869459846055e-01
1.147135999999999989e-01 2.461066262596686705e-01
1.147207999999999978e-01 2.447375562857738440e-01
1.147279999999999966e-01 2.434336801201597289e-01
1.147352000000000094e-01 2.418038349131420295e-01
1.147424000000000083e-01 2.405977494599489397e-01
1.147496000000000071e-01 2.386745321156681088e-01
1.147568000000000060e-01 2.358386014554573751e-01
1.147640000000000049e-01 2.341435624401589644e-01
1.147712000000000038e-01 2.321877481917377639e-01
1.147784000000000026e-01 2.306230967930008036e-01
1.147856000000000015e-01 2.282109258866146517e-01
1.147928000000000004e-01 2.271026311458426150e-01
1.147999999999999993e-01 2.258313518843688417e-01
1.148071999999999981e-01 2.243644911980529066e-01
1.148143999999999970e-01 2.226042583744738679e-01
1.148215999999999959e-01 2.204528627012105058e-01
1.148288000000000086e-01 2.195727462894210003e-01
1.148360000000000075e-01 2.179754979865436426e-01
1.148432000000000064e-01 2.161174744505434953e-01
1.148504000000000053e-01 2.143246447228240315e-01
1.148576000000000041e-01 2.129229778447888632e-01
1.148648000000000030e-01 2.117820861998764848e-01
1.148720000000000019e-01 2.107063883632448453e-01
1.148792000000000008e-01 2.088809617313850397e-01
1.148863999999999996e-01 2.078378607988937143e-01
1.148935999999999985e-01 2.072837134285076821e-01
1.149007999999999974e-01 2.058494496463321721e-01
1.149079999999999963e-01 2.040892168227530779e-01
1.149152000000000090e-01 2.025571623281564593e-01
1.149224000000000079e-01 2.009925109294194989e-01
1.149296000000000068e-01 2.001775883259106492e-01
1.149368000000000056e-01 1.983521616940508436e-01
1.149440000000000045e-01 1.965593319663314353e-01
1.149512000000000034e-01 1.945709208137698654e-01
1.149584000000000023e-01 1.939515796351031496e-01
1.149656000000000011e-01 1.928758817984714824e-01
1.149728000000000000e-01 1.908222768376292011e-01
1.149799999999999989e-01 1.895184006720150860e-01
1.149871999999999977e-01 1.881819276022605736e-01
1.149943999999999966e-01 1.865846792993832715e-01
1.150016000000000094e-01 1.854437876544708930e-01
1.150088000000000082e-01 1.839117331598742744e-01
1.150160000000000071e-01 1.829664229398040298e-01
1.150232000000000060e-01 1.816299498700495174e-01
1.150304000000000049e-01 1.787614223056984142e-01
1.150376000000000037e-01 1.774249492359439295e-01
1.150448000000000026e-01 1.766426235365754494e-01
1.150520000000000015e-01 1.755343287958034126e-01
1.150592000000000004e-01 1.746542123840139071e-01
1.150663999999999992e-01 1.726332043273119676e-01
1.150735999999999981e-01 1.721768476693470162e-01
1.150807999999999970e-01 1.708077776954521620e-01
1.150879999999999959e-01 1.701558396126451045e-01
1.150952000000000086e-01 1.688193665428906198e-01
1.151024000000000075e-01 1.675806841855571883e-01
1.151096000000000064e-01 1.650707225667499833e-01
1.151168000000000052e-01 1.635712649762937065e-01
1.151240000000000041e-01 1.625281640438023811e-01
1.151312000000000030e-01 1.616154507278725061e-01
1.151384000000000019e-01 1.610939002616268434e-01
1.151456000000000007e-01 1.602463807539776519e-01
1.151527999999999996e-01 1.592358767256266960e-01
1.151599999999999985e-01 1.585839386428196385e-01
1.151671999999999974e-01 1.574430469979072600e-01
1.151743999999999962e-01 1.565629305861176990e-01
1.151816000000000090e-01 1.559435894074509832e-01
1.151888000000000079e-01 1.554872327494860318e-01
1.151960000000000067e-01 1.542159534880122584e-01
1.152032000000000056e-01 1.530750618430999077e-01
1.152104000000000045e-01 1.519341701981875292e-01
1.152176000000000033e-01 1.502391311828891463e-01
1.152248000000000022e-01 1.486744797841521859e-01
1.152320000000000011e-01 1.477617664682222831e-01
1.152392000000000000e-01 1.463926964943274289e-01
1.152463999999999988e-01 1.450888203287132860e-01
1.152535999999999977e-01 1.444042853417658867e-01
1.152607999999999966e-01 1.430352153678710325e-01
1.152680000000000093e-01 1.419269206270990236e-01
1.152752000000000082e-01 1.413075794484323078e-01
1.152824000000000071e-01 1.407208351739059338e-01
1.152896000000000060e-01 1.398407187621163728e-01
1.152968000000000048e-01 1.393843621041514214e-01
1.153040000000000037e-01 1.382760673633794124e-01
1.153112000000000026e-01 1.370699819101863504e-01
1.153184000000000015e-01 1.344948264830984064e-01
1.153256000000000003e-01 1.330605627009228686e-01
1.153327999999999992e-01 1.324086246181157833e-01
1.153399999999999981e-01 1.317892834394490675e-01
1.153471999999999970e-01 1.304854072738349524e-01
1.153543999999999958e-01 1.298986629993085784e-01
1.153616000000000086e-01 1.283666085047119598e-01
1.153688000000000075e-01 1.273235075722206344e-01
1.153760000000000063e-01 1.263781973521503899e-01
1.153832000000000052e-01 1.257262592693433323e-01
1.153904000000000041e-01 1.240638171581853050e-01
1.153976000000000030e-01 1.229881193215536378e-01
1.154048000000000018e-01 1.216842431559394949e-01
1.154120000000000007e-01 1.205107546068867885e-01
1.154191999999999996e-01 1.202173824696236015e-01
1.154263999999999984e-01 1.195980412909568857e-01
1.154335999999999973e-01 1.180985837005006228e-01
1.154407999999999962e-01 1.172836610969917870e-01
1.154480000000000089e-01 1.161427694520794085e-01
1.154552000000000078e-01 1.146433118616231456e-01
1.154624000000000067e-01 1.141543582995178524e-01
1.154696000000000056e-01 1.131764511753072522e-01
1.154768000000000044e-01 1.118725750096931093e-01
1.154840000000000033e-01 1.108620709813421534e-01
1.154912000000000022e-01 1.104383112275175577e-01
1.154984000000000011e-01 1.094278071991665879e-01
1.155055999999999999e-01 1.083195124583945790e-01
1.155127999999999988e-01 1.077653650880085606e-01
1.155199999999999977e-01 1.062007136892716003e-01
1.155271999999999966e-01 1.056139694147452401e-01
1.155344000000000093e-01 1.043100932491311111e-01
1.155416000000000082e-01 1.040167211118679241e-01
1.155488000000000071e-01 1.034625737414819058e-01
1.155560000000000059e-01 1.021912944800081324e-01
1.155632000000000048e-01 1.011807904516571627e-01
1.155704000000000037e-01 1.006266430812711582e-01
1.155776000000000026e-01 9.955094524463949102e-02
1.155848000000000014e-01 9.860563502456924645e-02
1.155920000000000003e-01 9.818187527074465071e-02
1.155991999999999992e-01 9.752993718793757927e-02
1.156063999999999981e-01 9.694319291341121914e-02
1.156135999999999969e-01 9.563931674779707626e-02
1.156207999999999958e-01 9.508516937741107178e-02
1.156280000000000086e-01 9.456361891116540908e-02
1.156352000000000074e-01 9.384648702007764021e-02
1.156424000000000063e-01 9.322714584141092442e-02
1.156496000000000052e-01 9.296637060828809307e-02
1.156568000000000040e-01 9.251001395032314167e-02
1.156640000000000029e-01 9.195586657993713720e-02
1.156712000000000018e-01 9.048900589362122993e-02
1.156784000000000007e-01 8.996745542737558110e-02
1.156855999999999995e-01 8.951109876941062971e-02
1.156927999999999984e-01 8.882656378246320261e-02
1.156999999999999973e-01 8.814202879551577552e-02
1.157071999999999962e-01 8.765307523341048235e-02
1.157144000000000089e-01 8.716412167130517530e-02
1.157216000000000078e-01 8.670776501334022390e-02
1.157288000000000067e-01 8.631660216365598381e-02
1.157360000000000055e-01 8.559947027256821495e-02
1.157432000000000044e-01 8.484974147734007655e-02
1.157504000000000033e-01 8.436078791523478337e-02
1.157576000000000022e-01 8.247016747509428036e-02
1.157648000000000010e-01 8.185082629642756458e-02
1.157719999999999999e-01 8.061214393909413300e-02
1.157791999999999988e-01 8.009059347284847030e-02
1.157863999999999977e-01 7.979722133558529718e-02
1.157935999999999965e-01 7.924307396519927882e-02
1.158008000000000093e-01 7.885191111551503873e-02
1.158080000000000082e-01 7.810218232028691421e-02
1.158152000000000070e-01 7.797179470372549159e-02
1.158224000000000059e-01 7.702648448365524703e-02
1.158296000000000048e-01 7.650493401740959820e-02
1.158368000000000037e-01 7.569001141390074849e-02
1.158440000000000025e-01 7.552702689319898410e-02
1.158512000000000014e-01 7.516846094765509967e-02
1.158584000000000003e-01 7.445132905656731692e-02
1.158655999999999991e-01 7.409276311102344637e-02
1.158727999999999980e-01 7.347342193235671670e-02
1.158799999999999969e-01 7.259330552056718344e-02
1.158871999999999958e-01 7.223473957502328513e-02
1.158944000000000085e-01 7.181097982119870327e-02
1.159016000000000074e-01 7.102865412183020921e-02
1.159088000000000063e-01 7.060489436800561347e-02
1.159160000000000051e-01 6.988776247691784460e-02
1.159232000000000040e-01 6.943140581895289321e-02
1.159304000000000029e-01 6.864908011958439915e-02
1.159376000000000018e-01 6.835570798232122602e-02
1.159448000000000006e-01 6.809493274919839467e-02
1.159519999999999995e-01 6.724741324154920319e-02
1.159591999999999984e-01 6.679105658358425179e-02
1.159663999999999973e-01 6.630210302147895862e-02
1.159735999999999961e-01 6.620431230905789166e-02
1.159808000000000089e-01 6.424849806063669122e-02
1.159880000000000078e-01 6.375954449853139805e-02
1.159952000000000066e-01 6.294462189502254834e-02
1.160024000000000055e-01 6.242307142877689258e-02
1.160096000000000044e-01 6.206450548323300120e-02
1.160168000000000033e-01 6.154295501698735932e-02
1.160240000000000021e-01 6.128217978386452103e-02
1.160312000000000010e-01 6.092361383832062965e-02
1.160383999999999999e-01 6.053245098863638957e-02
1.160455999999999988e-01 5.988051290582932507e-02
1.160527999999999976e-01 5.857663674021518913e-02
1.160599999999999965e-01 5.815287698639058644e-02
1.160672000000000093e-01 5.782690794498705766e-02
1.160744000000000081e-01 5.714237295803963057e-02
1.160816000000000070e-01 5.707717914975892620e-02
1.160888000000000059e-01 5.593628750484655465e-02
1.160960000000000047e-01 5.525175251789912756e-02
1.161032000000000036e-01 5.486058966821488747e-02
1.161104000000000025e-01 5.342632588603932892e-02
1.161176000000000014e-01 5.241582185768837998e-02
1.161248000000000002e-01 5.199206210386379118e-02
1.161319999999999991e-01 5.156830235003918850e-02
1.161391999999999980e-01 4.925392215607409668e-02
1.161463999999999969e-01 4.918872834779338538e-02
1.161535999999999957e-01 4.879756549810914529e-02
1.161608000000000085e-01 4.834120884014419389e-02
1.161680000000000074e-01 4.778706146975818247e-02
1.161752000000000062e-01 4.706992957867041361e-02
1.161824000000000051e-01 4.703733267453005795e-02
1.161896000000000040e-01 4.648318530414404653e-02
1.161968000000000029e-01 4.648318530414404653e-02
1.162040000000000017e-01 4.632020078344228214e-02
1.162112000000000006e-01 4.628760387930192649e-02
1.162183999999999995e-01 4.612461935860016210e-02
1.162255999999999984e-01 4.570085960477556636e-02
1.162327999999999972e-01 4.550527817993344631e-02
1.162399999999999961e-01 4.488593700126673053e-02
1.162472000000000089e-01 4.478814628884567051e-02
1.162544000000000077e-01 4.452737105572283915e-02
1.162616000000000066e-01 4.436438653502107476e-02
1.162688000000000055e-01 4.410361130189824341e-02
1.162760000000000044e-01 4.367985154807364767e-02
1.162832000000000032e-01 4.341907631495082326e-02
1.162904000000000021e-01 4.306051036940693189e-02
1.162976000000000010e-01 4.247376609488056481e-02
1.163047999999999998e-01 4.231078157417880042e-02
1.163119999999999987e-01 4.201740943691562730e-02
1.163191999999999976e-01 4.185442491621385597e-02
1.163263999999999965e-01 4.172403729965244029e-02
1.163336000000000092e-01 4.133287444996820020e-02
1.163408000000000081e-01 4.113729302512608016e-02
1.163480000000000070e-01 4.058314565474006874e-02
1.163552000000000058e-01 4.009419209263476863e-02
1.163624000000000047e-01 3.914888187256451713e-02
1.163696000000000036e-01 3.901849425600310145e-02
1.163768000000000025e-01 3.901849425600310145e-02
1.163840000000000013e-01 3.869252521459957267e-02
1.163912000000000002e-01 3.865992831045921702e-02
1.163983999999999991e-01 3.843174998147674132e-02
1.164055999999999980e-01 3.817097474835390997e-02
1.164127999999999968e-01 3.771461809038896551e-02
1.164199999999999957e-01 3.771461809038896551e-02
1.164272000000000085e-01 3.725826143242401411e-02
1.164344000000000073e-01 3.725826143242401411e-02
1.164416000000000062e-01 3.719306762414330975e-02
1.164488000000000051e-01 3.712787381586260538e-02
1.164560000000000040e-01 3.709527691172224972e-02
1.164632000000000028e-01 3.670411406203800964e-02
1.164704000000000017e-01 3.663892025375729833e-02
1.164776000000000006e-01 3.572620693782740248e-02
1.164847999999999995e-01 3.556322241712563809e-02
1.164919999999999983e-01 3.513946266330104234e-02
1.164991999999999972e-01 3.491128433431856665e-02
1.165063999999999961e-01 3.487868743017821099e-02
1.165136000000000088e-01 3.465050910119573530e-02
1.165208000000000077e-01 3.425934625151149521e-02
1.165280000000000066e-01 3.377039268940619510e-02
1.165352000000000054e-01 3.367260197698513507e-02
1.165424000000000043e-01 3.360740816870443071e-02
1.165496000000000032e-01 3.282508246933594359e-02
1.165568000000000021e-01 3.249911342793240787e-02
1.165640000000000009e-01 3.204275676996746341e-02
1.165711999999999998e-01 3.142341559130074763e-02
1.165783999999999987e-01 3.083667131677438056e-02
1.165855999999999976e-01 3.034771775466907698e-02
1.165927999999999964e-01 3.024992704224802043e-02
1.166000000000000092e-01 3.018473323396731259e-02
1.166072000000000081e-01 2.985876419256378034e-02
1.166144000000000069e-01 2.972837657600236119e-02
1.166216000000000058e-01 2.950019824701988896e-02
1.166288000000000047e-01 2.923942301389706108e-02
1.166360000000000036e-01 2.904384158905494104e-02
1.166432000000000024e-01 2.894605087663388102e-02
1.166504000000000013e-01 2.868527564351105313e-02
1.166576000000000002e-01 2.829411279382681305e-02
1.166647999999999991e-01 2.777256232758115381e-02
1.166719999999999979e-01 2.760957780687938942e-02
1.166791999999999968e-01 2.754438399859868158e-02
1.166863999999999957e-01 2.741399638203726938e-02
1.166936000000000084e-01 2.672946139508984575e-02
1.167008000000000073e-01 2.656647687438808136e-02
1.167080000000000062e-01 2.656647687438808136e-02
1.167152000000000051e-01 2.643608925782666222e-02
1.167224000000000039e-01 2.620791092884418999e-02
1.167296000000000028e-01 2.607752331228277778e-02
1.167368000000000017e-01 2.597973259986171429e-02
1.167440000000000005e-01 2.578415117501959425e-02
1.167511999999999994e-01 2.503442237979146626e-02
1.167583999999999983e-01 2.483884095494934274e-02
1.167655999999999972e-01 2.438248429698439482e-02
1.167727999999999960e-01 2.421949977628262696e-02
1.167800000000000088e-01 2.421949977628262696e-02
1.167872000000000077e-01 2.421949977628262696e-02
1.167944000000000065e-01 2.408911215972121475e-02
1.168016000000000054e-01 2.399132144730015473e-02
1.168088000000000043e-01 2.392612763901944689e-02
1.168160000000000032e-01 2.386093383073873905e-02
1.168232000000000020e-01 2.294822051480884320e-02
1.168304000000000009e-01 2.216589481544035956e-02
1.168375999999999998e-01 2.200291029473859170e-02
1.168447999999999987e-01 2.180732886989647165e-02
1.168519999999999975e-01 2.170953815747541163e-02
1.168591999999999964e-01 2.141616602021223156e-02
1.168664000000000092e-01 2.135097221193152026e-02
1.168736000000000080e-01 2.122058459537010805e-02
1.168808000000000069e-01 2.102500317052798801e-02
1.168880000000000058e-01 2.079682484154551231e-02
1.168952000000000047e-01 2.066643722498410010e-02
1.169024000000000035e-01 2.063384032084374792e-02
1.169096000000000024e-01 2.053604960842268790e-02
1.169168000000000013e-01 1.952554558007172855e-02
1.169240000000000002e-01 1.916697963452784065e-02
1.169311999999999990e-01 1.903659201796642497e-02
1.169383999999999979e-01 1.897139820968572060e-02
1.169455999999999968e-01 1.890620440140501277e-02
1.169527999999999957e-01 1.880841368898395274e-02
1.169600000000000084e-01 1.877581678484360056e-02
1.169672000000000073e-01 1.874321988070324491e-02
1.169744000000000062e-01 1.828686322273829698e-02
1.169816000000000050e-01 1.825426631859794480e-02
1.169888000000000039e-01 1.802608798961546910e-02
1.169960000000000028e-01 1.756973133165052117e-02
1.170032000000000016e-01 1.756973133165052117e-02
1.170104000000000005e-01 1.750453752336981333e-02
1.170175999999999994e-01 1.717856848196627761e-02
1.170247999999999983e-01 1.717856848196627761e-02
1.170319999999999971e-01 1.678740563228203753e-02
1.170391999999999960e-01 1.662442111158026967e-02
1.170463999999999949e-01 1.655922730329956183e-02
1.170536000000000076e-01 1.649403349501885399e-02
1.170608000000000065e-01 1.639624278259779397e-02
1.170680000000000054e-01 1.629845207017673395e-02
1.170752000000000043e-01 1.613546754947496956e-02
1.170824000000000031e-01 1.610287064533461390e-02
1.170896000000000020e-01 1.607027374119425825e-02
1.170968000000000009e-01 1.607027374119425825e-02
1.171039999999999998e-01 1.567911089151001816e-02
1.171111999999999986e-01 1.567911089151001816e-02
1.171183999999999975e-01 1.538573875424683983e-02
1.171255999999999964e-01 1.515756042526436413e-02
1.171328000000000091e-01 1.512496352112401021e-02
1.171400000000000080e-01 1.512496352112401021e-02
1.171472000000000069e-01 1.502717280870295019e-02
1.171544000000000058e-01 1.483159138386083015e-02
1.171616000000000046e-01 1.463600995901870663e-02
1.171688000000000035e-01 1.450562234245729616e-02
1.171760000000000024e-01 1.444042853417658659e-02
1.171832000000000013e-01 1.440783163003623267e-02
1.171904000000000001e-01 1.437523472589588049e-02
1.171975999999999990e-01 1.417965330105375871e-02
1.172047999999999979e-01 1.417965330105375871e-02
1.172119999999999967e-01 1.417965330105375871e-02
1.172191999999999956e-01 1.414705639691340652e-02
1.172264000000000084e-01 1.414705639691340652e-02
1.172336000000000072e-01 1.378849045136951688e-02
1.172408000000000061e-01 1.375589354722916297e-02
1.172480000000000050e-01 1.375589354722916297e-02
1.172552000000000039e-01 1.369069973894845686e-02
1.172624000000000027e-01 1.369069973894845686e-02
1.172696000000000016e-01 1.359290902652739684e-02
1.172768000000000005e-01 1.284318023129926885e-02
1.172839999999999994e-01 1.284318023129926885e-02
1.172911999999999982e-01 1.277798642301855928e-02
1.172983999999999971e-01 1.264759880645714533e-02
1.173055999999999960e-01 1.264759880645714533e-02
1.173127999999999949e-01 1.264759880645714533e-02
1.173200000000000076e-01 1.254980809403608531e-02
1.173272000000000065e-01 1.254980809403608531e-02
1.173344000000000054e-01 1.254980809403608531e-02
1.173416000000000042e-01 1.222383905263255133e-02
1.173488000000000031e-01 1.222383905263255133e-02
1.173560000000000020e-01 1.222383905263255133e-02
1.173632000000000009e-01 1.206085453193078347e-02
1.173703999999999997e-01 1.202825762779042955e-02
1.173775999999999986e-01 1.202825762779042955e-02
1.173847999999999975e-01 1.173488549052724948e-02
1.173919999999999964e-01 1.072438146217629187e-02
1.173992000000000091e-01 1.072438146217629187e-02
1.174064000000000080e-01 1.072438146217629187e-02
1.174136000000000069e-01 1.072438146217629187e-02
1.174208000000000057e-01 1.072438146217629187e-02
1.174280000000000046e-01 1.059399384561487793e-02
1.174352000000000035e-01 1.059399384561487793e-02
1.174424000000000023e-01 1.056139694147452401e-02
1.174496000000000012e-01 1.056139694147452401e-02
1.174568000000000001e-01 1.017023409179028393e-02
1.174639999999999990e-01 1.010504028350957609e-02
1.174711999999999978e-01 1.010504028350957609e-02
1.174783999999999967e-01 1.007244337936922217e-02
1.174855999999999956e-01 1.007244337936922217e-02
1.174928000000000083e-01 1.007244337936922217e-02
1.175000000000000072e-01 9.974652666948162147e-03
1.175072000000000061e-01 9.909458858667454309e-03
1.175144000000000050e-01 9.909458858667454309e-03
1.175216000000000038e-01 9.909458858667454309e-03
1.175288000000000027e-01 9.909458858667454309e-03
1.175360000000000016e-01 9.909458858667454309e-03
1.175432000000000005e-01 9.909458858667454309e-03
1.175503999999999993e-01 9.811668146246394287e-03
1.175575999999999982e-01 9.779071242106042103e-03
1.175647999999999971e-01 9.713877433825334265e-03
1.175719999999999960e-01 9.713877433825334265e-03
1.175791999999999948e-01 9.681280529684980346e-03
1.175864000000000076e-01 9.681280529684980346e-03
1.175936000000000065e-01 9.681280529684980346e-03
1.176008000000000053e-01 9.681280529684980346e-03
1.176080000000000042e-01 9.681280529684980346e-03
1.176152000000000031e-01 9.648683625544626427e-03
1.176224000000000020e-01 9.648683625544626427e-03
1.176296000000000008e-01 9.583489817263920324e-03
1.176367999999999997e-01 9.583489817263920324e-03
1.176439999999999986e-01 9.453102200702506383e-03
1.176511999999999974e-01 9.029342446877910641e-03
1.176583999999999963e-01 8.638179597193668818e-03
1.176656000000000091e-01 8.638179597193668818e-03
1.176728000000000079e-01 8.475195076491900958e-03
1.176800000000000068e-01 8.442598172351548774e-03
1.176872000000000057e-01 8.344807459930488752e-03
1.176944000000000046e-01 8.214419843369074811e-03
1.177016000000000034e-01 8.214419843369074811e-03
1.177088000000000023e-01 8.051435322667306951e-03
1.177160000000000012e-01 7.366900335719883328e-03
1.177232000000000001e-01 7.301706527439178092e-03
1.177303999999999989e-01 7.236512719158470254e-03
1.177375999999999978e-01 7.236512719158470254e-03
1.177447999999999967e-01 7.236512719158470254e-03
1.177519999999999956e-01 7.236512719158470254e-03
1.177592000000000083e-01 7.236512719158470254e-03
1.177664000000000072e-01 7.073528198456703261e-03
1.177736000000000061e-01 7.040931294316349343e-03
1.177808000000000049e-01 7.040931294316349343e-03
1.177880000000000038e-01 6.975737486035643239e-03
1.177952000000000027e-01 6.975737486035643239e-03
1.178024000000000016e-01 6.975737486035643239e-03
1.178096000000000004e-01 6.975737486035643239e-03
1.178167999999999993e-01 6.975737486035643239e-03
1.178239999999999982e-01 6.975737486035643239e-03
1.178311999999999971e-01 6.975737486035643239e-03
1.178383999999999959e-01 6.975737486035643239e-03
1.178455999999999948e-01 6.943140581895288453e-03
1.178528000000000076e-01 6.943140581895288453e-03
1.178600000000000064e-01 6.943140581895288453e-03
1.178672000000000053e-01 6.877946773614581483e-03
1.178744000000000042e-01 6.649768444632107520e-03
1.178816000000000030e-01 6.617171540491754468e-03
1.178888000000000019e-01 6.617171540491754468e-03
1.178960000000000008e-01 6.584574636351401417e-03
1.179031999999999997e-01 6.584574636351401417e-03
1.179103999999999985e-01 6.584574636351401417e-03
1.179175999999999974e-01 6.519380828070694446e-03
1.179247999999999963e-01 6.519380828070694446e-03
1.179320000000000090e-01 6.519380828070694446e-03
1.179392000000000079e-01 6.486783923930339660e-03
1.179464000000000068e-01 6.486783923930339660e-03
1.179536000000000057e-01 6.486783923930339660e-03
1.179608000000000045e-01 6.486783923930339660e-03
1.179680000000000034e-01 6.486783923930339660e-03
1.179752000000000023e-01 6.486783923930339660e-03
1.179824000000000012e-01 6.486783923930339660e-03
1.179896000000000000e-01 6.226008690807512645e-03
1.179967999999999989e-01 6.226008690807512645e-03
1.180039999999999978e-01 6.226008690807512645e-03
1.180111999999999967e-01 6.226008690807512645e-03
1.180183999999999955e-01 6.226008690807512645e-03
1.180256000000000083e-01 6.160814882526805675e-03
1.180328000000000072e-01 6.160814882526805675e-03
1.180400000000000060e-01 6.160814882526805675e-03
1.180472000000000049e-01 6.160814882526805675e-03
1.180544000000000038e-01 6.160814882526805675e-03
1.180616000000000027e-01 6.160814882526805675e-03
1.180688000000000015e-01 6.160814882526805675e-03
1.180760000000000004e-01 6.030427265965391734e-03
1.180831999999999993e-01 6.030427265965391734e-03
1.180903999999999981e-01 6.030427265965391734e-03
1.180975999999999970e-01 5.932636553544331712e-03
1.181047999999999959e-01 5.932636553544331712e-03
1.181119999999999948e-01 5.932636553544331712e-03
1.181192000000000075e-01 5.639264416281150778e-03
1.181264000000000064e-01 5.639264416281150778e-03
1.181336000000000053e-01 5.606667512140796859e-03
1.181408000000000041e-01 5.606667512140796859e-03
1.181480000000000030e-01 4.954729429333727155e-03
1.181552000000000019e-01 4.954729429333727155e-03
1.181624000000000008e-01 4.791744908631960162e-03
1.181695999999999996e-01 4.791744908631960162e-03
1.181767999999999985e-01 4.791744908631960162e-03
1.181839999999999974e-01 4.791744908631960162e-03
1.181911999999999963e-01 4.791744908631960162e-03
1.181984000000000090e-01 4.791744908631960162e-03
1.182056000000000079e-01 4.791744908631960162e-03
1.182128000000000068e-01 4.791744908631960162e-03
1.182200000000000056e-01 4.791744908631960162e-03
1.182272000000000045e-01 4.791744908631960162e-03
1.182344000000000034e-01 4.791744908631960162e-03
1.182416000000000023e-01 4.791744908631960162e-03
1.182488000000000011e-01 4.791744908631960162e-03
1.182560000000000000e-01 4.791744908631960162e-03
1.182631999999999989e-01 4.791744908631960162e-03
1.182703999999999978e-01 4.791744908631960162e-03
1.182775999999999966e-01 4.791744908631960162e-03
1.182847999999999955e-01 4.791744908631960162e-03
1.182920000000000083e-01 4.791744908631960162e-03
1.182992000000000071e-01 4.791744908631960162e-03
1.183064000000000060e-01 4.791744908631960162e-03
1.183136000000000049e-01 4.791744908631960162e-03
1.183208000000000037e-01 4.791744908631960162e-03
1.183280000000000026e-01 4.791744908631960162e-03
1.183352000000000015e-01 4.791744908631960162e-03
1.183424000000000004e-01 4.726551100351253192e-03
1.183495999999999992e-01 4.693954196210900140e-03
1.183567999999999981e-01 4.693954196210900140e-03
1.183639999999999970e-01 4.693954196210900140e-03
1.183711999999999959e-01 4.693954196210900140e-03
1.183783999999999947e-01 4.693954196210900140e-03
1.183856000000000075e-01 4.628760387930192302e-03
1.183928000000000064e-01 4.628760387930192302e-03
1.184000000000000052e-01 4.596163483789839251e-03
1.184072000000000041e-01 4.270194442386304398e-03
1.184144000000000030e-01 4.270194442386304398e-03
1.184216000000000019e-01 4.270194442386304398e-03
1.184288000000000007e-01 3.846434688561709957e-03
1.184359999999999996e-01 3.846434688561709957e-03
1.184431999999999985e-01 3.846434688561709957e-03
1.184503999999999974e-01 3.846434688561709957e-03
1.184575999999999962e-01 3.748643976140649068e-03
1.184648000000000090e-01 3.748643976140649068e-03
1.184720000000000079e-01 3.553062551298528157e-03
1.184792000000000067e-01 3.553062551298528157e-03
1.184864000000000056e-01 3.553062551298528157e-03
1.184936000000000045e-01 3.553062551298528157e-03
1.185008000000000034e-01 3.553062551298528157e-03
1.185080000000000022e-01 3.553062551298528157e-03
1.185152000000000011e-01 3.553062551298528157e-03
1.185224000000000000e-01 3.553062551298528157e-03
1.185295999999999988e-01 3.553062551298528157e-03
1.185367999999999977e-01 3.553062551298528157e-03
1.185439999999999966e-01 3.553062551298528157e-03
1.185511999999999955e-01 3.553062551298528157e-03
1.185584000000000082e-01 3.553062551298528157e-03
1.185656000000000071e-01 3.553062551298528157e-03
1.185728000000000060e-01 3.553062551298528157e-03
1.185800000000000048e-01 3.553062551298528157e-03
1.185872000000000037e-01 3.553062551298528157e-03
1.185944000000000026e-01 3.553062551298528157e-03
1.186016000000000015e-01 3.553062551298528157e-03
1.186088000000000003e-01 3.553062551298528157e-03
1.186159999999999992e-01 3.520465647158174671e-03
1.186231999999999981e-01 3.520465647158174671e-03
1.186303999999999970e-01 3.520465647158174671e-03
1.186375999999999958e-01 3.520465647158174671e-03
1.186447999999999947e-01 3.520465647158174671e-03
1.186520000000000075e-01 3.520465647158174671e-03
1.186592000000000063e-01 3.455271838877468134e-03
1.186664000000000052e-01 3.455271838877468134e-03
1.186736000000000041e-01 3.455271838877468134e-03
1.186808000000000030e-01 3.390078030596760730e-03
1.186880000000000018e-01 3.390078030596760730e-03
1.186952000000000007e-01 3.390078030596760730e-03
1.187023999999999996e-01 3.096705893333579363e-03
1.187095999999999985e-01 3.096705893333579363e-03
1.187167999999999973e-01 3.096705893333579363e-03
1.187239999999999962e-01 3.096705893333579363e-03
1.187312000000000090e-01 3.096705893333579363e-03
1.187384000000000078e-01 3.096705893333579363e-03
1.187456000000000067e-01 3.096705893333579363e-03
1.187528000000000056e-01 3.096705893333579363e-03
1.187600000000000044e-01 3.096705893333579363e-03
1.187672000000000033e-01 3.096705893333579363e-03
1.187744000000000022e-01 3.096705893333579363e-03
1.187816000000000011e-01 3.096705893333579363e-03
1.187887999999999999e-01 2.933721372631812371e-03
1.187959999999999988e-01 2.477364714666863577e-03
1.188031999999999977e-01 2.477364714666863577e-03
1.188103999999999966e-01 2.412170906386156607e-03
1.188175999999999954e-01 2.412170906386156607e-03
1.188248000000000082e-01 2.314380193965096151e-03
1.188320000000000071e-01 2.314380193965096151e-03
1.188392000000000059e-01 2.314380193965096151e-03
1.188464000000000048e-01 2.314380193965096151e-03
1.188536000000000037e-01 2.314380193965096151e-03
1.188608000000000026e-01 2.314380193965096151e-03
1.188680000000000014e-01 2.314380193965096151e-03
1.188752000000000003e-01 2.314380193965096151e-03
1.188823999999999992e-01 2.314380193965096151e-03
1.188895999999999981e-01 2.314380193965096151e-03
1.188967999999999969e-01 2.314380193965096151e-03
1.189039999999999958e-01 2.053604960842268703e-03
1.189111999999999947e-01 2.053604960842268703e-03
1.189184000000000074e-01 2.053604960842268703e-03
1.189256000000000063e-01 2.053604960842268703e-03
1.189328000000000052e-01 2.053604960842268703e-03
1.189400000000000041e-01 2.053604960842268703e-03
1.189472000000000029e-01 2.053604960842268703e-03
1.189544000000000018e-01 2.053604960842268703e-03
1.189616000000000007e-01 1.695039015298380365e-03
1.189687999999999996e-01 1.695039015298380365e-03
1.189759999999999984e-01 1.695039015298380365e-03
1.189831999999999973e-01 1.695039015298380365e-03
1.189903999999999962e-01 1.695039015298380365e-03
1.189975999999999950e-01 1.695039015298380365e-03
1.190048000000000078e-01 1.695039015298380365e-03
1.190120000000000067e-01 1.662442111158026880e-03
1.190192000000000055e-01 1.662442111158026880e-03
1.190264000000000044e-01 1.662442111158026880e-03
1.190336000000000033e-01 1.662442111158026880e-03
1.190408000000000022e-01 1.662442111158026880e-03
1.190480000000000010e-01 1.662442111158026880e-03
1.190551999999999999e-01 1.662442111158026880e-03
1.190623999999999988e-01 1.662442111158026880e-03
1.190695999999999977e-01 1.662442111158026880e-03
1.190767999999999965e-01 1.662442111158026880e-03
1.190839999999999954e-01 1.662442111158026880e-03
1.190912000000000082e-01 1.662442111158026880e-03
1.190984000000000070e-01 1.662442111158026880e-03
1.191056000000000059e-01 1.662442111158026880e-03
1.191128000000000048e-01 1.662442111158026880e-03
1.191200000000000037e-01 1.662442111158026880e-03
1.191272000000000025e-01 1.662442111158026880e-03
1.191344000000000014e-01 1.629845207017673612e-03
1.191416000000000003e-01 1.629845207017673612e-03
1.191487999999999992e-01 1.629845207017673612e-03
1.191559999999999980e-01 1.629845207017673612e-03
1.191631999999999969e-01 1.629845207017673612e-03
1.191703999999999958e-01 1.629845207017673612e-03
1.191775999999999947e-01 1.629845207017673612e-03
1.191848000000000074e-01 1.629845207017673612e-03
1.191920000000000063e-01 1.629845207017673612e-03
1.191992000000000052e-01 1.629845207017673612e-03
1.192064000000000040e-01 9.453102200702506383e-04
1.192136000000000029e-01 9.453102200702506383e-04
1.192208000000000018e-01 9.453102200702506383e-04
1.192280000000000006e-01 9.453102200702506383e-04
1.192351999999999995e-01 9.453102200702506383e-04
1.192423999999999984e-01 9.453102200702506383e-04
1.192495999999999973e-01 8.149226035088368058e-04
1.192567999999999961e-01 8.149226035088368058e-04
1.192639999999999950e-01 7.497287952281298353e-04
1.192712000000000078e-01 7.497287952281298353e-04
1.192784000000000066e-01 7.497287952281298353e-04
1.192856000000000055e-01 7.497287952281298353e-04
1.192928000000000044e-01 7.497287952281298353e-04
1.193000000000000033e-01 7.497287952281298353e-04
1.193072000000000021e-01 7.497287952281298353e-04
1.193144000000000010e-01 7.497287952281298353e-04
1.193215999999999999e-01 7.497287952281298353e-04
1.193287999999999988e-01 7.497287952281298353e-04
1.193359999999999976e-01 7.497287952281298353e-04
1.193431999999999965e-01 7.497287952281298353e-04
1.193503999999999954e-01 7.497287952281298353e-04
1.193576000000000081e-01 7.497287952281298353e-04
1.193648000000000070e-01 7.497287952281298353e-04
1.193720000000000059e-01 7.497287952281298353e-04
1.193792000000000048e-01 7.497287952281298353e-04
1.193864000000000036e-01 7.497287952281298353e-04
1.193936000000000025e-01 7.497287952281298353e-04
1.194008000000000014e-01 7.497287952281298353e-04
1.194080000000000003e-01 7.497287952281298353e-04
1.194151999999999991e-01 7.497287952281298353e-04
1.194223999999999980e-01 7.497287952281298353e-04
1.194295999999999969e-01 7.497287952281298353e-04
1.194367999999999957e-01 7.497287952281298353e-04
1.194439999999999946e-01 7.497287952281298353e-04
1.194512000000000074e-01 7.497287952281298353e-04
1.194584000000000062e-01 7.497287952281298353e-04
1.194656000000000051e-01 7.497287952281298353e-04
1.194728000000000040e-01 7.497287952281298353e-04
1.194800000000000029e-01 7.497287952281298353e-04
1.194872000000000017e-01 7.497287952281298353e-04
1.194944000000000006e-01 7.497287952281298353e-04
1.195015999999999995e-01 7.497287952281298353e-04
1.195087999999999984e-01 7.497287952281298353e-04
1.195159999999999972e-01 7.497287952281298353e-04
1.195231999999999961e-01 7.171318910877763500e-04
1.195303999999999950e-01 7.171318910877763500e-04
1.195376000000000077e-01 7.171318910877763500e-04
1.195448000000000066e-01 7.171318910877763500e-04
1.195520000000000055e-01 7.171318910877763500e-04
1.195592000000000044e-01 7.171318910877763500e-04
1.195664000000000032e-01 7.171318910877763500e-04
1.195736000000000021e-01 7.171318910877763500e-04
1.195808000000000010e-01 7.171318910877763500e-04
1.195879999999999999e-01 7.171318910877763500e-04
1.195951999999999987e-01 7.171318910877763500e-04
1.196023999999999976e-01 7.171318910877763500e-04
1.196095999999999965e-01 7.171318910877763500e-04
1.196167999999999954e-01 7.171318910877763500e-04
1.196240000000000081e-01 5.867442745263625175e-04
1.196312000000000070e-01 5.867442745263625175e-04
1.196384000000000059e-01 5.867442745263625175e-04
1.196456000000000047e-01 5.867442745263625175e-04
1.196528000000000036e-01 5.867442745263625175e-04
1.196600000000000025e-01 5.867442745263625175e-04
1.196672000000000013e-01 5.867442745263625175e-04
1.196744000000000002e-01 5.867442745263625175e-04
1.196815999999999991e-01 5.867442745263625175e-04
1.196887999999999980e-01 5.867442745263625175e-04
1.196959999999999968e-01 5.867442745263625175e-04
1.197031999999999957e-01 5.867442745263625175e-04
1.197103999999999946e-01 5.867442745263625175e-04
1.197176000000000073e-01 5.867442745263625175e-04
1.197248000000000062e-01 5.867442745263625175e-04
1.197320000000000051e-01 5.867442745263625175e-04
1.197392000000000040e-01 5.867442745263625175e-04
1.197464000000000028e-01 5.867442745263625175e-04
1.197536000000000017e-01 5.867442745263625175e-04
1.197608000000000006e-01 5.867442745263625175e-04
1.197679999999999995e-01 5.867442745263625175e-04
1.197751999999999983e-01 5.215504662456555470e-04
1.197823999999999972e-01 5.215504662456555470e-04
1.197895999999999961e-01 5.215504662456555470e-04
1.197967999999999950e-01 5.215504662456555470e-04
1.198040000000000077e-01 5.215504662456555470e-04
1.198112000000000066e-01 5.215504662456555470e-04
1.198184000000000055e-01 5.215504662456555470e-04
1.198256000000000043e-01 5.215504662456555470e-04
1.198328000000000032e-01 5.215504662456555470e-04
1.198400000000000021e-01 5.215504662456555470e-04
1.198472000000000010e-01 5.215504662456555470e-04
1.198543999999999998e-01 5.215504662456555470e-04
1.198615999999999987e-01 5.215504662456555470e-04
1.198687999999999976e-01 5.215504662456555470e-04
1.198759999999999964e-01 5.215504662456555470e-04
1.198831999999999953e-01 5.215504662456555470e-04
1.198904000000000081e-01 5.215504662456555470e-04
1.198976000000000069e-01 5.215504662456555470e-04
1.199048000000000058e-01 5.215504662456555470e-04
1.199120000000000047e-01 5.215504662456555470e-04
1.199192000000000036e-01 5.215504662456555470e-04
1.199264000000000024e-01 5.215504662456555470e-04
1.199336000000000013e-01 4.237597538245950913e-04
1.199408000000000002e-01 4.237597538245950913e-04
1.199479999999999991e-01 4.237597538245950913e-04
1.199551999999999979e-01 4.237597538245950913e-04
1.199623999999999968e-01 4.237597538245950913e-04
1.199695999999999957e-01 4.237597538245950913e-04
1.199767999999999946e-01 4.237597538245950913e-04
1.199840000000000073e-01 4.237597538245950913e-04
1.199912000000000062e-01 4.237597538245950913e-04
1.199984000000000051e-01 4.237597538245950913e-04
1.200056000000000039e-01 4.237597538245950913e-04
1.200128000000000028e-01 4.237597538245950913e-04
1.200200000000000017e-01 4.237597538245950913e-04
1.200272000000000006e-01 4.237597538245950913e-04
1.200343999999999994e-01 4.237597538245950913e-04
1.200415999999999983e-01 4.237597538245950913e-04
1.200487999999999972e-01 4.237597538245950913e-04
1.200559999999999961e-01 4.237597538245950913e-04
1.200631999999999949e-01 4.237597538245950913e-04
1.200704000000000077e-01 4.237597538245950913e-04
1.200776000000000066e-01 4.237597538245950913e-04
1.200848000000000054e-01 4.237597538245950913e-04
1.200920000000000043e-01 4.237597538245950913e-04
1.200992000000000032e-01 4.237597538245950913e-04
1.201064000000000020e-01 4.237597538245950913e-04
1.201136000000000009e-01 4.237597538245950913e-04
1.201207999999999998e-01 4.237597538245950913e-04
1.201279999999999987e-01 4.237597538245950913e-04
1.201351999999999975e-01 4.237597538245950913e-04
1.201423999999999964e-01 4.237597538245950913e-04
1.201495999999999953e-01 4.237597538245950913e-04
1.201568000000000080e-01 4.237597538245950913e-04
1.201640000000000069e-01 4.237597538245950913e-04
1.201712000000000058e-01 4.237597538245950913e-04
1.201784000000000047e-01 2.933721372631812587e-04
1.201856000000000035e-01 2.933721372631812587e-04
1.201928000000000024e-01 2.933721372631812587e-04
1.202000000000000013e-01 2.933721372631812587e-04
# Ensemble: [4^+], idetect: 0.114
1.135000000000000037e-01 6.522966487526132839e-01
1.135067000000000020e-01 6.522966487526132839e-01
1.135134000000000004e-01 6.498160319962922316e-01
1.135200999999999988e-01 6.482854386785621426e-01
1.135267999999999972e-01 6.443797867643543675e-01
1.135335000000000094e-01 6.411074838092073458e-01
1.135402000000000078e-01 6.393657741717904130e-01
1.135469000000000062e-01 6.362518084564084964e-01
1.135536000000000045e-01 6.332697904408309819e-01
1.135603000000000029e-01 6.302613828852926536e-01
1.135670000000000013e-01 6.275168707293629078e-01
1.135736999999999997e-01 6.247987481133939758e-01
1.135803999999999980e-01 6.220806254974251548e-01
1.135871000000000103e-01 6.204180844798906636e-01
1.135938000000000087e-01 6.164596534857612609e-01
1.136005000000000070e-01 6.151929555676398653e-01
1.136072000000000054e-01 6.128970655910447318e-01
1.136139000000000038e-01 6.111289664136668742e-01
1.136206000000000021e-01 6.077511052986763751e-01
1.136273000000000005e-01 6.058774479614551511e-01
1.136339999999999989e-01 6.016023424877953163e-01
1.136406999999999973e-01 5.987786617119830179e-01
1.136474000000000095e-01 5.946882830180492130e-01
1.136541000000000079e-01 5.921021081018846832e-01
1.136608000000000063e-01 5.899117762851330271e-01
1.136675000000000046e-01 5.854519440317471624e-01
1.136742000000000030e-01 5.816518502773828647e-01
1.136809000000000014e-01 5.788281695015704553e-01
1.136875999999999998e-01 5.768489540045057540e-01
1.136942999999999981e-01 5.744475058680672541e-01
1.137010000000000104e-01 5.700140631546423142e-01
1.137077000000000088e-01 5.682723535172252705e-01
1.137144000000000071e-01 5.649472714821565100e-01
1.137211000000000055e-01 5.632847304646221298e-01
1.137278000000000039e-01 5.599332588895925555e-01
1.137345000000000023e-01 5.563706709948760265e-01
1.137412000000000006e-01 5.548400776771460485e-01
1.137478999999999990e-01 5.523858504607856990e-01
1.137545999999999974e-01 5.486913148662648787e-01
1.137613000000000096e-01 5.477412914276738043e-01
1.137680000000000080e-01 5.457884654705699168e-01
1.137747000000000064e-01 5.443634303126833052e-01
1.137814000000000048e-01 5.424369938955403425e-01
1.137881000000000031e-01 5.393230281801584258e-01
1.137948000000000015e-01 5.369215800437199260e-01
1.138014999999999999e-01 5.336228875486120904e-01
1.138081999999999983e-01 5.301130787338173000e-01
1.138148999999999966e-01 5.276852410574178753e-01
1.138216000000000089e-01 5.259699209599617564e-01
1.138283000000000073e-01 5.220642690457540924e-01
1.138350000000000056e-01 5.197683790691589589e-01
1.138417000000000040e-01 5.173141518527987204e-01
1.138484000000000024e-01 5.168655296734641080e-01
1.138551000000000007e-01 5.162057911744424299e-01
1.138617999999999991e-01 5.131446045389823629e-01
1.138684999999999975e-01 5.093445107846180653e-01
1.138752000000000097e-01 5.086056036657138346e-01
1.138819000000000081e-01 5.034860329133064027e-01
1.138886000000000065e-01 5.000026136384725373e-01
1.138953000000000049e-01 4.980497876813687053e-01
1.139020000000000032e-01 4.959122349445387878e-01
1.139087000000000016e-01 4.911357282116225464e-01
1.139154000000000000e-01 4.891301231745969202e-01
1.139220999999999984e-01 4.875995298568668868e-01
1.139287999999999967e-01 4.856467038997629992e-01
1.139355000000000090e-01 4.842216687418763876e-01
1.139422000000000074e-01 4.800521214280600302e-01
1.139489000000000057e-01 4.778090105313866909e-01
1.139556000000000041e-01 4.767534289329521391e-01
1.139623000000000025e-01 4.738241899972963633e-01
1.139690000000000009e-01 4.726102711590966510e-01
1.139756999999999992e-01 4.714227418608578635e-01
1.139823999999999976e-01 4.685462820051237709e-01
1.139891000000000099e-01 4.664878978881764615e-01
1.139958000000000082e-01 4.644822928511508353e-01
1.140025000000000066e-01 4.623183505743600485e-01
1.140092000000000050e-01 4.597849547381172575e-01
1.140159000000000034e-01 4.563807040831658335e-01
1.140226000000000017e-01 4.547973316855140613e-01
1.140293000000000001e-01 4.512611333307584016e-01
1.140359999999999985e-01 4.488069061143982186e-01
1.140426999999999969e-01 4.469068592372160142e-01
1.140494000000000091e-01 4.451651495997990815e-01
1.140561000000000075e-01 4.423942479039084108e-01
1.140628000000000059e-01 4.411803290657086984e-01
1.140695000000000042e-01 4.384358169097790081e-01
1.140762000000000026e-01 4.371691189916576126e-01
1.140829000000000010e-01 4.349260080949842178e-01
1.140895999999999993e-01 4.319703796193675172e-01
1.140962999999999977e-01 4.295953210228898866e-01
1.141030000000000100e-01 4.267188611671557941e-01
1.141097000000000083e-01 4.247132561301301679e-01
1.141164000000000067e-01 4.231562732724392650e-01
1.141231000000000051e-01 4.209659414556876644e-01
1.141298000000000035e-01 4.186964410190534003e-01
1.141365000000000018e-01 4.153449694440238260e-01
1.141432000000000002e-01 4.134713121068025465e-01
1.141498999999999986e-01 4.118351606292290357e-01
1.141565999999999970e-01 4.101462300717337861e-01
1.141633000000000092e-01 4.095920497325556964e-01
1.141700000000000076e-01 4.081934041146299541e-01
1.141767000000000060e-01 4.055280605785827053e-01
1.141834000000000043e-01 4.032321706019876273e-01
1.141901000000000027e-01 4.009890597053142880e-01
1.141968000000000011e-01 3.994848559275450683e-01
1.142034999999999995e-01 3.975320299704412363e-01
1.142101999999999978e-01 3.953944772336113189e-01
1.142169000000000101e-01 3.930458081770945022e-01
1.142236000000000085e-01 3.899054529217517717e-01
1.142303000000000068e-01 3.888498713233173310e-01
1.142370000000000052e-01 3.875567838652349550e-01
1.142437000000000036e-01 3.857359056079354698e-01
1.142504000000000020e-01 3.846539344695401041e-01
1.142571000000000003e-01 3.831761202317316983e-01
1.142637999999999987e-01 3.812496838145887357e-01
1.142704999999999971e-01 3.799829858964673401e-01
1.142772000000000093e-01 3.781357180992069300e-01
1.142839000000000077e-01 3.762884503019464089e-01
1.142906000000000061e-01 3.753912059432771287e-01
1.142973000000000044e-01 3.722772402278953230e-01
1.143040000000000028e-01 3.702980247308305661e-01
1.143107000000000012e-01 3.682396406138832567e-01
1.143173999999999996e-01 3.668409949959575145e-01
1.143240999999999979e-01 3.639645351402234219e-01
1.143308000000000102e-01 3.606394531051547170e-01
1.143375000000000086e-01 3.582116154287552923e-01
1.143442000000000069e-01 3.560476731519645055e-01
1.143509000000000053e-01 3.536462250155260056e-01
1.143576000000000037e-01 3.525378643371697152e-01
1.143643000000000021e-01 3.491072241422574773e-01
1.143710000000000004e-01 3.481308111637055891e-01
1.143776999999999988e-01 3.464418806062103395e-01
1.143843999999999972e-01 3.423251123723156653e-01
1.143911000000000094e-01 3.415070366335289376e-01
1.143978000000000078e-01 3.401083910156031953e-01
1.144045000000000062e-01 3.386833558577165837e-01
1.144112000000000046e-01 3.376277742592820874e-01
1.144179000000000029e-01 3.361235704815128678e-01
1.144246000000000013e-01 3.340387968246046890e-01
1.144312999999999997e-01 3.322706976472268314e-01
1.144379999999999981e-01 3.297373018109839848e-01
1.144447000000000103e-01 3.281539294133322127e-01
1.144514000000000087e-01 3.260163766765023508e-01
1.144581000000000071e-01 3.235357599201811873e-01
1.144648000000000054e-01 3.210023640839383408e-01
1.144715000000000038e-01 3.191814858266388000e-01
1.144782000000000022e-01 3.184425787077346248e-01
1.144849000000000006e-01 3.168855958500437220e-01
1.144915999999999989e-01 3.152758339124310805e-01
1.144982999999999973e-01 3.123465949767752492e-01
1.145050000000000096e-01 3.107896121190843464e-01
1.145117000000000079e-01 3.073325823842112947e-01
1.145184000000000063e-01 3.059075472263246831e-01
1.145251000000000047e-01 3.041658375889076948e-01
1.145318000000000030e-01 3.013421568130953410e-01
1.145385000000000014e-01 2.998643425752870462e-01
1.145451999999999998e-01 2.977267898384571287e-01
1.145518999999999982e-01 2.963017546805705171e-01
1.145585999999999965e-01 2.936364111445233238e-01
1.145653000000000088e-01 2.920530387468715516e-01
1.145720000000000072e-01 2.893085265909418058e-01
1.145787000000000055e-01 2.874348692537205263e-01
1.145854000000000039e-01 2.846111884779081724e-01
1.145921000000000023e-01 2.835819964194344900e-01
1.145988000000000007e-01 2.808902633434264828e-01
1.146054999999999990e-01 2.779346348678098377e-01
1.146121999999999974e-01 2.757706925910190510e-01
1.146189000000000097e-01 2.732900758346978876e-01
1.146256000000000080e-01 2.723136628561459438e-01
1.146323000000000064e-01 2.704400055189247198e-01
1.146390000000000048e-01 2.686982958815077316e-01
1.146457000000000032e-01 2.654523824663215792e-01
1.146524000000000015e-01 2.641065159283175756e-01
1.146590999999999999e-01 2.616522887119572816e-01
1.146657999999999983e-01 2.599633581544620875e-01
1.146724999999999967e-01 2.588022183961841138e-01
1.146792000000000089e-01 2.573244041583757635e-01
1.146859000000000073e-01 2.561104853201760512e-01
1.146926000000000057e-01 2.545535024624851483e-01
1.146993000000000040e-01 2.523631706457334922e-01
1.147060000000000024e-01 2.507270191681599814e-01
1.147127000000000008e-01 2.485366873514083530e-01
1.147193999999999992e-01 2.476130534527781479e-01
1.147260999999999975e-01 2.460560705950872173e-01
1.147328000000000098e-01 2.448949308368092437e-01
1.147395000000000082e-01 2.441032446379833576e-01
1.147462000000000065e-01 2.429684944196662533e-01
1.147529000000000049e-01 2.392739588251454330e-01
1.147596000000000033e-01 2.376905864274936331e-01
1.147663000000000016e-01 2.365822257491373981e-01
1.147730000000000000e-01 2.356058127705854544e-01
1.147796999999999984e-01 2.341279985327771318e-01
1.147863999999999968e-01 2.301695675386476736e-01
1.147931000000000090e-01 2.291139859402131218e-01
1.147998000000000074e-01 2.276625612423656964e-01
1.148065000000000058e-01 2.269500436634223905e-01
1.148132000000000041e-01 2.257097352852618366e-01
1.148199000000000025e-01 2.244694269071012271e-01
1.148266000000000009e-01 2.235721825484318914e-01
1.148332999999999993e-01 2.220679787706627273e-01
1.148399999999999976e-01 2.207221122326586960e-01
1.148467000000000099e-01 2.191387398350069238e-01
1.148534000000000083e-01 2.180303791566506333e-01
1.148601000000000066e-01 2.166317335387249188e-01
1.148668000000000050e-01 2.158664368798598743e-01
1.148735000000000034e-01 2.137816632229517233e-01
1.148802000000000018e-01 2.122510699052216621e-01
1.148869000000000001e-01 2.112482673867088490e-01
1.148935999999999985e-01 2.104301916479220935e-01
1.149002999999999969e-01 2.080023539715226966e-01
1.149070000000000091e-01 2.062342547941448667e-01
1.149137000000000075e-01 2.049675568760234434e-01
1.149204000000000059e-01 2.038591961976671807e-01
1.149271000000000043e-01 2.034369635582933822e-01
1.149338000000000026e-01 2.004285560027549984e-01
1.149405000000000010e-01 1.994521430242030824e-01
1.149471999999999994e-01 1.985285091255728496e-01
1.149538999999999977e-01 1.973409798273340066e-01
1.149605999999999961e-01 1.962853982288995103e-01
1.149673000000000084e-01 1.951506480105823782e-01
1.149740000000000067e-01 1.928811475739481696e-01
1.149807000000000051e-01 1.921422404550439944e-01
1.149874000000000035e-01 1.909019320768834127e-01
1.149941000000000019e-01 1.893713387591533515e-01
1.150008000000000002e-01 1.885796525603274654e-01
1.150074999999999986e-01 1.870754487825582735e-01
1.150141999999999970e-01 1.863101521236932567e-01
1.150209000000000092e-01 1.848059483459240371e-01
1.150276000000000076e-01 1.831434073283896846e-01
1.150343000000000060e-01 1.815600349307379124e-01
1.150410000000000044e-01 1.809530755116380563e-01
1.150477000000000027e-01 1.799238834531643738e-01
1.150544000000000011e-01 1.793960926539471257e-01
1.150610999999999995e-01 1.790266390944950381e-01
1.150677999999999979e-01 1.775224353167258740e-01
1.150744999999999962e-01 1.772057608371954696e-01
1.150812000000000085e-01 1.753321034999742178e-01
1.150879000000000069e-01 1.746459754609917536e-01
1.150946000000000052e-01 1.735903938625572573e-01
1.151013000000000036e-01 1.727987076637313435e-01
1.151080000000000020e-01 1.712945038859621516e-01
1.151147000000000004e-01 1.700805850477624392e-01
1.151213999999999987e-01 1.680222009308151576e-01
1.151280999999999971e-01 1.670457879522632139e-01
1.151348000000000094e-01 1.661485435935938781e-01
1.151415000000000077e-01 1.652249096949636731e-01
1.151482000000000061e-01 1.644068339561768899e-01
1.151549000000000045e-01 1.636415372973118731e-01
1.151616000000000029e-01 1.623220602992687112e-01
1.151683000000000012e-01 1.607914669815386777e-01
1.151749999999999996e-01 1.597622749230649952e-01
1.151816999999999980e-01 1.592872632037694858e-01
1.151883999999999963e-01 1.580733443655697734e-01
1.151951000000000086e-01 1.569649836872135107e-01
1.152018000000000070e-01 1.560677393285441750e-01
1.152085000000000053e-01 1.552760531297182889e-01
1.152152000000000037e-01 1.540093552115968378e-01
1.152219000000000021e-01 1.527426572934754423e-01
1.152286000000000005e-01 1.515815175351974686e-01
1.152352999999999988e-01 1.502356509971934373e-01
1.152419999999999972e-01 1.492064589387197826e-01
1.152487000000000095e-01 1.479661505605592009e-01
1.152554000000000078e-01 1.472536329816159228e-01
1.152621000000000062e-01 1.461980513831813988e-01
1.152688000000000046e-01 1.451160802447860054e-01
1.152755000000000030e-01 1.441396672662340617e-01
1.152822000000000013e-01 1.427938007282300581e-01
1.152888999999999997e-01 1.417646086697564034e-01
1.152955999999999981e-01 1.407090270713218794e-01
1.153022999999999965e-01 1.397590036327308050e-01
1.153090000000000087e-01 1.389145383539831802e-01
1.153157000000000071e-01 1.372256077964879584e-01
1.153224000000000055e-01 1.364339215976620723e-01
1.153291000000000038e-01 1.351936132195014906e-01
1.153358000000000022e-01 1.334782931220453717e-01
1.153425000000000006e-01 1.323963219836500060e-01
1.153491999999999990e-01 1.311560136054894243e-01
1.153558999999999973e-01 1.305226646464287266e-01
1.153626000000000096e-01 1.281739955899119099e-01
1.153693000000000080e-01 1.277781524904989530e-01
1.153760000000000063e-01 1.269600767517122253e-01
1.153827000000000047e-01 1.255614311337864830e-01
1.153894000000000031e-01 1.242419541357433072e-01
1.153961000000000015e-01 1.224474654184046218e-01
1.154027999999999998e-01 1.215238315197744168e-01
1.154094999999999982e-01 1.207849244008702555e-01
1.154161999999999966e-01 1.201779649817704132e-01
1.154229000000000088e-01 1.193334997030227884e-01
1.154296000000000072e-01 1.181195808648230761e-01
1.154363000000000056e-01 1.171959469661928849e-01
1.154430000000000039e-01 1.163778712274061156e-01
1.154497000000000023e-01 1.154806268687367798e-01
1.154564000000000007e-01 1.144250452703022558e-01
1.154630999999999991e-01 1.139500335510067186e-01
1.154697999999999974e-01 1.127888937927287449e-01
1.154765000000000097e-01 1.114958063346464523e-01
1.154832000000000081e-01 1.105985619759771027e-01
1.154899000000000064e-01 1.101763293366033042e-01
1.154966000000000048e-01 1.097277071572686363e-01
1.155033000000000032e-01 1.093582535978165488e-01
1.155100000000000016e-01 1.079859975198516758e-01
1.155166999999999999e-01 1.067192996017302387e-01
1.155233999999999983e-01 1.058220552430609029e-01
1.155300999999999967e-01 1.055581598434522650e-01
1.155368000000000089e-01 1.045553573249394658e-01
1.155435000000000073e-01 1.040011769857613483e-01
1.155502000000000057e-01 1.030247640072094184e-01
1.155569000000000041e-01 1.024705836680313009e-01
1.155636000000000024e-01 1.016788974692054009e-01
1.155703000000000008e-01 1.007024844906534711e-01
1.155769999999999992e-01 1.003330309312013696e-01
1.155836999999999976e-01 9.914550163296255436e-02
1.155904000000000098e-01 9.882882715343217772e-02
1.155971000000000082e-01 9.808992003452801645e-02
1.156038000000000066e-01 9.748296061542817414e-02
1.156105000000000049e-01 9.626904177722846179e-02
1.156172000000000033e-01 9.613709407742415669e-02
1.156239000000000017e-01 9.566208235812861949e-02
1.156306000000000000e-01 9.508151247898963265e-02
1.156372999999999984e-01 9.452733213981150129e-02
1.156439999999999968e-01 9.318146560180749771e-02
1.156507000000000090e-01 9.241616894294246709e-02
1.156574000000000074e-01 9.215227354333382914e-02
1.156641000000000058e-01 9.162448274411658100e-02
1.156708000000000042e-01 9.067445930552549271e-02
1.156775000000000025e-01 9.004111034646479494e-02
1.156842000000000009e-01 8.927581368759976432e-02
1.156908999999999993e-01 8.811467392932177678e-02
1.156975999999999977e-01 8.745493543030020966e-02
1.157043000000000099e-01 8.708548187084812209e-02
1.157110000000000083e-01 8.663685969151345423e-02
1.157177000000000067e-01 8.613545843225704768e-02
1.157244000000000050e-01 8.581878395272669879e-02
1.157311000000000034e-01 8.544933039327461122e-02
1.157378000000000018e-01 8.468403373440958060e-02
1.157445000000000002e-01 8.418263247515317405e-02
1.157511999999999985e-01 8.299510317691434491e-02
1.157578999999999969e-01 8.222980651804931429e-02
1.157646000000000092e-01 8.180757387867550190e-02
1.157713000000000075e-01 8.101588767984961581e-02
1.157780000000000059e-01 8.022420148102372972e-02
1.157847000000000043e-01 7.993391654145423630e-02
1.157914000000000027e-01 7.935334666231524947e-02
1.157981000000000010e-01 7.879916632313711811e-02
1.158047999999999994e-01 7.808664874419381230e-02
1.158114999999999978e-01 7.758524748493741963e-02
1.158181999999999962e-01 7.711023576564188242e-02
1.158249000000000084e-01 7.660883450638547587e-02
1.158316000000000068e-01 7.626577048689425764e-02
1.158383000000000052e-01 7.584353784752044525e-02
1.158450000000000035e-01 7.542130520814664674e-02
1.158517000000000019e-01 7.528935750834232776e-02
1.158584000000000003e-01 7.449767130951644167e-02
1.158650999999999986e-01 7.426016544986867307e-02
1.158717999999999970e-01 7.370598511069054171e-02
1.158785000000000093e-01 7.275596167209948117e-02
1.158852000000000076e-01 7.238650811264739360e-02
1.158919000000000060e-01 7.154204283389976882e-02
1.158986000000000044e-01 7.104064157464337614e-02
1.159053000000000028e-01 7.024895537581749005e-02
1.159120000000000011e-01 6.985311227640453313e-02
1.159186999999999995e-01 6.813779217894844198e-02
1.159253999999999979e-01 6.729332690020081720e-02
1.159320999999999963e-01 6.665997794114010555e-02
1.159388000000000085e-01 6.647525116141406176e-02
1.159455000000000069e-01 6.613218714192284353e-02
1.159522000000000053e-01 6.549883818286213188e-02
1.159589000000000036e-01 6.539328002301868226e-02
1.159656000000000020e-01 6.491826830372314505e-02
1.159723000000000004e-01 6.441686704446675238e-02
1.159789999999999988e-01 6.309739004642359039e-02
1.159856999999999971e-01 6.243765154740201634e-02
1.159924000000000094e-01 6.167235488853698572e-02
1.159991000000000078e-01 6.125012224916317333e-02
1.160058000000000061e-01 6.072233144994591131e-02
1.160125000000000045e-01 6.006259295092433725e-02
1.160192000000000029e-01 5.958758123162880699e-02
1.160259000000000013e-01 5.905979043241153803e-02
1.160325999999999996e-01 5.876950549284204461e-02
1.160392999999999980e-01 5.837366239342910157e-02
1.160459999999999964e-01 5.792504021409443371e-02
1.160527000000000086e-01 5.731808079499458447e-02
1.160594000000000070e-01 5.692223769558163449e-02
1.160661000000000054e-01 5.655278413612955385e-02
1.160728000000000038e-01 5.631527827648178525e-02
1.160795000000000021e-01 5.599860379695142248e-02
1.160862000000000005e-01 5.554998161761675463e-02
1.160928999999999989e-01 5.512774897824294223e-02
1.160995999999999972e-01 5.433606277941704921e-02
1.161062999999999956e-01 5.325409164102166970e-02
1.161130000000000079e-01 5.196100418293937706e-02
1.161197000000000062e-01 5.159155062348729642e-02
1.161264000000000046e-01 5.140682384376125263e-02
1.161331000000000030e-01 5.021929454552241656e-02
1.161398000000000014e-01 4.955955604650084251e-02
1.161464999999999997e-01 4.950677696657911075e-02
1.161531999999999981e-01 4.911093386716616771e-02
1.161598999999999965e-01 4.895259662740099327e-02
1.161666000000000087e-01 4.863592214787063051e-02
1.161733000000000071e-01 4.845119536814459366e-02
1.161800000000000055e-01 4.834563720830113709e-02
1.161867000000000039e-01 4.771228824924041850e-02
1.161934000000000022e-01 4.736922422974920721e-02
1.162001000000000006e-01 4.697338113033625723e-02
1.162067999999999990e-01 4.676226481064935103e-02
1.162134999999999974e-01 4.670948573072763316e-02
1.162201999999999957e-01 4.644559033111899521e-02
1.162269000000000080e-01 4.565390413229310218e-02
1.162336000000000064e-01 4.523167149291930367e-02
1.162403000000000047e-01 4.459832253385858508e-02
1.162470000000000031e-01 4.451915391397599786e-02
1.162537000000000015e-01 4.443998529409341064e-02
1.162603999999999999e-01 4.430803759428909167e-02
1.162670999999999982e-01 4.391219449487614168e-02
1.162737999999999966e-01 4.375385725511096030e-02
1.162805000000000089e-01 4.346357231554146688e-02
1.162872000000000072e-01 4.327884553581543003e-02
1.162939000000000056e-01 4.277744427655903042e-02
1.163006000000000040e-01 4.251354887695039941e-02
1.163073000000000023e-01 4.235521163718522497e-02
1.163140000000000007e-01 4.198575807773313739e-02
1.163206999999999991e-01 4.177464175804623814e-02
1.163273999999999975e-01 4.166908359820278851e-02
1.163340999999999958e-01 4.093017647929861336e-02
1.163408000000000081e-01 4.082461831945516373e-02
1.163475000000000065e-01 4.042877522004221374e-02
1.163542000000000048e-01 3.992737396078582107e-02
1.163609000000000032e-01 3.950514132141200868e-02
1.163676000000000016e-01 3.947875178145114627e-02
1.163743000000000000e-01 3.921485638184251526e-02
1.163809999999999983e-01 3.860789696274266602e-02
1.163876999999999967e-01 3.852872834286007880e-02
1.163944000000000090e-01 3.852872834286007880e-02
1.164011000000000073e-01 3.776343168399504818e-02
1.164078000000000057e-01 3.747314674442555477e-02
1.164145000000000041e-01 3.639117560603016832e-02
1.164212000000000025e-01 3.639117560603016832e-02
1.164279000000000008e-01 3.575782664696945667e-02
1.164345999999999992e-01 3.538837308751737604e-02
1.164412999999999976e-01 3.528281492767391947e-02
1.164479999999999960e-01 3.515086722786960050e-02
1.164547000000000082e-01 3.501891952806528846e-02
1.164614000000000066e-01 3.488697182826097642e-02
1.164681000000000050e-01 3.451751826880888885e-02
1.164748000000000033e-01 3.401611700955248924e-02
1.164815000000000017e-01 3.380500068986558998e-02
1.164882000000000001e-01 3.356749483021782138e-02
1.164948999999999985e-01 3.311887265088315352e-02
1.165015999999999968e-01 3.311887265088315352e-02
1.165083000000000091e-01 3.309248311092228417e-02
1.165150000000000075e-01 3.280219817135279076e-02
1.165217000000000058e-01 3.235357599201811596e-02
1.165284000000000042e-01 3.219523875225294152e-02
1.165351000000000026e-01 3.206329105244862948e-02
1.165418000000000009e-01 3.187856427272258569e-02
1.165484999999999993e-01 3.074381405440547443e-02
1.165551999999999977e-01 3.037436049495339033e-02
1.165618999999999961e-01 3.013685463530562172e-02
1.165686000000000083e-01 2.902849395694937634e-02
1.165753000000000067e-01 2.855348223765383914e-02
1.165820000000000051e-01 2.810486005831916434e-02
1.165887000000000034e-01 2.789374373863226508e-02
1.165954000000000018e-01 2.776179603882794611e-02
1.166021000000000002e-01 2.755067971914103991e-02
1.166087999999999986e-01 2.726039477957154650e-02
1.166154999999999969e-01 2.707566799984550618e-02
1.166222000000000092e-01 2.697010984000205308e-02
1.166289000000000076e-01 2.673260398035428795e-02
1.166356000000000059e-01 2.660065628054997244e-02
1.166423000000000043e-01 2.625759226105875421e-02
1.166490000000000027e-01 2.615203410121530112e-02
1.166557000000000011e-01 2.599369686145011973e-02
1.166623999999999994e-01 2.583535962168494182e-02
1.166690999999999978e-01 2.543951652227199531e-02
1.166757999999999962e-01 2.541312698231113290e-02
1.166825000000000084e-01 2.530756882246767980e-02
1.166892000000000068e-01 2.485894664313300848e-02
1.166959000000000052e-01 2.472699894332869644e-02
1.167026000000000036e-01 2.446310354372006196e-02
1.167093000000000019e-01 2.446310354372006196e-02
1.167160000000000003e-01 2.430476630395488405e-02
1.167226999999999987e-01 2.417281860415056854e-02
1.167293999999999971e-01 2.380336504469848444e-02
1.167361000000000093e-01 2.377697550473762203e-02
1.167428000000000077e-01 2.343391148524640380e-02
1.167495000000000061e-01 2.256305666653792355e-02
1.167562000000000044e-01 2.248388804665533286e-02
1.167629000000000028e-01 2.171859138779030571e-02
1.167696000000000012e-01 2.142830644822081229e-02
1.167762999999999995e-01 2.142830644822081229e-02
1.167829999999999979e-01 2.142830644822081229e-02
1.167896999999999963e-01 2.140191690825994641e-02
1.167964000000000085e-01 2.126996920845563438e-02
1.168031000000000069e-01 2.126996920845563438e-02
1.168098000000000053e-01 2.108524242872959406e-02
1.168165000000000037e-01 2.095329472892527509e-02
1.168232000000000020e-01 2.002966083029506655e-02
1.168299000000000004e-01 1.992410267045161346e-02
1.168365999999999988e-01 1.939631187123435491e-02
1.168432999999999972e-01 1.889491061197795529e-02
1.168500000000000094e-01 1.876296291217363979e-02
1.168567000000000078e-01 1.863101521236932775e-02
1.168634000000000062e-01 1.855184659248673706e-02
1.168701000000000045e-01 1.847267797260414637e-02
1.168768000000000029e-01 1.828795119287810259e-02
1.168835000000000013e-01 1.789210809346515954e-02
1.168901999999999997e-01 1.786571855350429713e-02
1.168968999999999980e-01 1.781293947358257232e-02
1.169035999999999964e-01 1.781293947358257232e-02
1.169103000000000087e-01 1.752265453401307890e-02
1.169170000000000070e-01 1.683652649503063550e-02
1.169237000000000054e-01 1.675735787514804828e-02
1.169304000000000038e-01 1.662541017534373278e-02
1.169371000000000022e-01 1.649346247553941727e-02
1.169438000000000005e-01 1.636151477573510177e-02
1.169504999999999989e-01 1.633512523577423936e-02
1.169571999999999973e-01 1.633512523577423936e-02
1.169639000000000095e-01 1.628234615585251108e-02
1.169706000000000079e-01 1.604484029620474247e-02
1.169773000000000063e-01 1.599206121628301766e-02
1.169840000000000046e-01 1.596567167632215525e-02
1.169907000000000030e-01 1.575455535663524906e-02
1.169974000000000014e-01 1.522676455741799051e-02
1.170040999999999998e-01 1.514759593753540155e-02
1.170107999999999981e-01 1.501564823773108431e-02
1.170174999999999965e-01 1.477814237808331745e-02
1.170242000000000088e-01 1.475175283812245504e-02
1.170309000000000071e-01 1.419757249894432888e-02
1.170376000000000055e-01 1.411840387906174166e-02
1.170443000000000039e-01 1.380172939953138236e-02
1.170510000000000023e-01 1.380172939953138236e-02
1.170577000000000006e-01 1.369617123968793274e-02
1.170643999999999990e-01 1.361700261980534205e-02
1.170710999999999974e-01 1.359061307984447964e-02
1.170777999999999958e-01 1.332671768023584863e-02
1.170845000000000080e-01 1.327393860031412381e-02
1.170912000000000064e-01 1.311560136054894417e-02
1.170979000000000048e-01 1.311560136054894417e-02
1.171046000000000031e-01 1.298365366074463040e-02
1.171113000000000015e-01 1.298365366074463040e-02
1.171179999999999999e-01 1.279892688101858661e-02
1.171246999999999983e-01 1.232391516172305114e-02
1.171313999999999966e-01 1.224474654184046392e-02
1.171381000000000089e-01 1.221835700187960151e-02
1.171448000000000073e-01 1.219196746191873737e-02
1.171515000000000056e-01 1.208640930207528427e-02
1.171582000000000040e-01 1.174334528258406431e-02
1.171649000000000024e-01 1.174334528258406431e-02
1.171716000000000008e-01 1.142667080305370848e-02
1.171782999999999991e-01 1.142667080305370848e-02
1.171849999999999975e-01 1.142667080305370848e-02
1.171916999999999959e-01 1.132111264321025539e-02
1.171984000000000081e-01 1.121555448336680229e-02
1.172051000000000065e-01 1.121555448336680229e-02
1.172118000000000049e-01 1.121555448336680229e-02
1.172185000000000032e-01 1.121555448336680229e-02
1.172252000000000016e-01 1.118916494340593988e-02
1.172319000000000000e-01 1.105721724360162611e-02
1.172385999999999984e-01 1.047664736446263754e-02
1.172452999999999967e-01 1.047664736446263754e-02
1.172520000000000090e-01 1.045025782450177340e-02
1.172587000000000074e-01 1.045025782450177340e-02
1.172654000000000057e-01 1.045025782450177340e-02
1.172721000000000041e-01 1.023914150481487068e-02
1.172788000000000025e-01 1.021275196485400653e-02
1.172855000000000009e-01 1.002802518512796622e-02
1.172921999999999992e-01 9.975246105206239666e-03
1.172988999999999976e-01 9.843298405401924162e-03
1.173055999999999960e-01 9.816908865441061754e-03
1.173123000000000082e-01 9.816908865441061754e-03
1.173190000000000066e-01 9.684961165636746250e-03
1.173257000000000050e-01 9.632182085715019701e-03
1.173324000000000034e-01 9.632182085715019701e-03
1.173391000000000017e-01 9.605792545754155559e-03
1.173458000000000001e-01 9.605792545754155559e-03
1.173524999999999985e-01 9.579403005793293152e-03
1.173591999999999969e-01 9.553013465832429010e-03
1.173658999999999952e-01 9.473844845949841789e-03
1.173726000000000075e-01 9.473844845949841789e-03
1.173793000000000059e-01 9.157170366419484231e-03
1.173860000000000042e-01 8.893274966810853221e-03
1.173927000000000026e-01 8.259926007750139840e-03
1.173994000000000010e-01 8.154367847906688477e-03
1.174060999999999994e-01 8.154367847906688477e-03
1.174127999999999977e-01 8.154367847906688477e-03
1.174194999999999961e-01 8.154367847906688477e-03
1.174262000000000083e-01 8.154367847906688477e-03
1.174329000000000067e-01 8.154367847906688477e-03
1.174396000000000051e-01 8.127978307945824335e-03
1.174463000000000035e-01 8.127978307945824335e-03
1.174530000000000018e-01 8.127978307945824335e-03
1.174597000000000002e-01 8.101588767984961928e-03
1.174663999999999986e-01 7.943251528219784016e-03
1.174730999999999970e-01 7.943251528219784016e-03
1.174797999999999953e-01 7.943251528219784016e-03
1.174865000000000076e-01 7.943251528219784016e-03
1.174932000000000060e-01 7.916861988258919874e-03
1.174999000000000043e-01 7.784914288454605237e-03
1.175066000000000027e-01 7.705745668572015414e-03
1.175133000000000011e-01 7.705745668572015414e-03
1.175199999999999995e-01 7.705745668572015414e-03
1.175266999999999978e-01 7.705745668572015414e-03
1.175333999999999962e-01 7.705745668572015414e-03
1.175401000000000085e-01 7.705745668572015414e-03
1.175468000000000068e-01 7.679356128611152139e-03
1.175535000000000052e-01 7.573797968767700776e-03
1.175602000000000036e-01 7.468239808924247679e-03
1.175669000000000020e-01 7.468239808924247679e-03
1.175736000000000003e-01 7.468239808924247679e-03
1.175802999999999987e-01 7.441850268963385272e-03
1.175869999999999971e-01 7.441850268963385272e-03
1.175936999999999955e-01 7.441850268963385272e-03
1.176004000000000077e-01 7.204344409315617537e-03
1.176071000000000061e-01 7.204344409315617537e-03
1.176138000000000045e-01 7.098786249472164439e-03
1.176205000000000028e-01 7.098786249472164439e-03
1.176272000000000012e-01 7.098786249472164439e-03
1.176338999999999996e-01 7.098786249472164439e-03
1.176405999999999979e-01 6.993228089628713076e-03
1.176472999999999963e-01 6.755722229980944474e-03
1.176540000000000086e-01 6.175152350841957641e-03
1.176607000000000069e-01 5.832088331350737676e-03
1.176674000000000053e-01 5.832088331350737676e-03
1.176741000000000037e-01 5.752919711468147852e-03
1.176808000000000021e-01 5.541803391781244259e-03
1.176875000000000004e-01 5.515413851820380985e-03
1.176941999999999988e-01 5.383466152016065480e-03
1.177008999999999972e-01 5.383466152016065480e-03
1.177075999999999956e-01 5.383466152016065480e-03
1.177143000000000078e-01 4.961233512642256559e-03
1.177210000000000062e-01 4.961233512642256559e-03
1.177277000000000046e-01 4.908454432720530877e-03
1.177344000000000029e-01 4.908454432720530877e-03
1.177411000000000013e-01 4.908454432720530877e-03
1.177477999999999997e-01 4.829285812837941054e-03
1.177544999999999981e-01 4.829285812837941054e-03
1.177611999999999964e-01 4.802896272877077780e-03
1.177679000000000087e-01 4.776506732916214505e-03
1.177746000000000071e-01 4.750117192955352098e-03
1.177813000000000054e-01 4.750117192955352098e-03
1.177880000000000038e-01 4.591779953190173319e-03
1.177947000000000022e-01 4.591779953190173319e-03
1.178014000000000006e-01 4.591779953190173319e-03
1.178080999999999989e-01 4.591779953190173319e-03
1.178147999999999973e-01 4.591779953190173319e-03
1.178214999999999957e-01 4.591779953190173319e-03
1.178282000000000079e-01 4.591779953190173319e-03
1.178349000000000063e-01 4.591779953190173319e-03
1.178416000000000047e-01 4.591779953190173319e-03
1.178483000000000031e-01 4.512611333307584363e-03
1.178550000000000014e-01 4.512611333307584363e-03
1.178616999999999998e-01 4.433442713424995407e-03
1.178683999999999982e-01 4.433442713424995407e-03
1.178750999999999965e-01 4.433442713424995407e-03
1.178818000000000088e-01 4.380663633503269726e-03
1.178885000000000072e-01 4.380663633503269726e-03
1.178952000000000055e-01 4.380663633503269726e-03
1.179019000000000039e-01 4.354274093542406451e-03
1.179086000000000023e-01 4.354274093542406451e-03
1.179153000000000007e-01 4.354274093542406451e-03
1.179219999999999990e-01 4.354274093542406451e-03
1.179286999999999974e-01 4.354274093542406451e-03
1.179353999999999958e-01 4.195936853777227672e-03
1.179421000000000080e-01 4.195936853777227672e-03
1.179488000000000064e-01 4.195936853777227672e-03
1.179555000000000048e-01 4.195936853777227672e-03
1.179622000000000032e-01 4.195936853777227672e-03
1.179689000000000015e-01 4.195936853777227672e-03
1.179755999999999999e-01 4.195936853777227672e-03
1.179822999999999983e-01 4.195936853777227672e-03
1.179889999999999967e-01 4.037599614012048893e-03
1.179957000000000089e-01 3.932041454168596663e-03
1.180024000000000073e-01 3.932041454168596663e-03
1.180091000000000057e-01 3.932041454168596663e-03
1.180158000000000040e-01 3.932041454168596663e-03
1.180225000000000024e-01 3.905651914207734256e-03
1.180292000000000008e-01 3.773704214403418751e-03
1.180358999999999992e-01 3.773704214403418751e-03
1.180425999999999975e-01 3.773704214403418751e-03
1.180492999999999959e-01 3.773704214403418751e-03
1.180560000000000082e-01 3.773704214403418751e-03
1.180627000000000065e-01 3.773704214403418751e-03
1.180694000000000049e-01 3.773704214403418751e-03
1.180761000000000033e-01 3.720925134481692636e-03
1.180828000000000017e-01 3.720925134481692636e-03
1.180895000000000000e-01 3.720925134481692636e-03
1.180961999999999984e-01 3.694535594520829361e-03
1.181028999999999968e-01 3.694535594520829361e-03
1.181096000000000090e-01 3.694535594520829361e-03
1.181163000000000074e-01 3.668146054559966087e-03
1.181230000000000058e-01 3.325082035068746555e-03
1.181297000000000041e-01 3.298692495107883281e-03
1.181364000000000025e-01 3.298692495107883281e-03
1.181431000000000009e-01 3.298692495107883281e-03
1.181497999999999993e-01 2.876459855734073926e-03
1.181564999999999976e-01 2.876459855734073926e-03
1.181631999999999960e-01 2.823680775812348245e-03
1.181699000000000083e-01 2.823680775812348245e-03
1.181766000000000066e-01 2.823680775812348245e-03
1.181833000000000050e-01 2.797291235851484970e-03
1.181900000000000034e-01 2.797291235851484970e-03
1.181967000000000018e-01 2.797291235851484970e-03
1.182034000000000001e-01 2.665343536047169899e-03
1.182100999999999985e-01 2.665343536047169899e-03
1.182167999999999969e-01 2.665343536047169899e-03
1.182235000000000091e-01 2.665343536047169899e-03
1.182302000000000075e-01 2.665343536047169899e-03
1.182369000000000059e-01 2.665343536047169899e-03
1.182436000000000043e-01 2.665343536047169899e-03
1.182503000000000026e-01 2.665343536047169899e-03
1.182570000000000010e-01 2.665343536047169899e-03
1.182636999999999994e-01 2.665343536047169899e-03
1.182703999999999978e-01 2.665343536047169899e-03
1.182770999999999961e-01 2.665343536047169899e-03
1.182838000000000084e-01 2.665343536047169899e-03
1.182905000000000068e-01 2.665343536047169899e-03
1.182972000000000051e-01 2.665343536047169899e-03
1.183039000000000035e-01 2.665343536047169899e-03
1.183106000000000019e-01 2.665343536047169899e-03
1.183173000000000002e-01 2.665343536047169899e-03
1.183239999999999986e-01 2.665343536047169899e-03
1.183306999999999970e-01 2.665343536047169899e-03
1.183374000000000092e-01 2.665343536047169899e-03
1.183441000000000076e-01 2.638953996086306625e-03
1.183508000000000060e-01 2.638953996086306625e-03
1.183575000000000044e-01 2.638953996086306625e-03
1.183642000000000027e-01 2.638953996086306625e-03
1.183709000000000011e-01 2.638953996086306625e-03
1.183775999999999995e-01 2.638953996086306625e-03
1.183842999999999979e-01 2.638953996086306625e-03
1.183909999999999962e-01 2.586174916164580943e-03
1.183976999999999946e-01 2.480616756321128279e-03
1.184044000000000069e-01 2.480616756321128279e-03
1.184111000000000052e-01 2.480616756321128279e-03
1.184178000000000036e-01 2.480616756321128279e-03
1.184245000000000020e-01 2.480616756321128279e-03
1.184312000000000004e-01 2.058384116947318924e-03
1.184378999999999987e-01 2.058384116947318924e-03
1.184445999999999971e-01 2.058384116947318924e-03
1.184512999999999955e-01 1.926436417143003853e-03
1.184580000000000077e-01 1.926436417143003853e-03
1.184647000000000061e-01 1.926436417143003853e-03
1.184714000000000045e-01 1.926436417143003853e-03
1.184781000000000029e-01 1.926436417143003853e-03
1.184848000000000012e-01 1.926436417143003853e-03
1.184914999999999996e-01 1.926436417143003853e-03
1.184981999999999980e-01 1.926436417143003853e-03
1.185048999999999964e-01 1.926436417143003853e-03
1.185115999999999947e-01 1.926436417143003853e-03
1.185183000000000070e-01 1.926436417143003853e-03
1.185250000000000054e-01 1.926436417143003853e-03
1.185317000000000037e-01 1.926436417143003853e-03
1.185384000000000021e-01 1.926436417143003853e-03
1.185451000000000005e-01 1.926436417143003853e-03
1.185517999999999988e-01 1.926436417143003853e-03
1.185584999999999972e-01 1.926436417143003853e-03
1.185651999999999956e-01 1.926436417143003853e-03
1.185719000000000078e-01 1.926436417143003853e-03
1.185786000000000062e-01 1.926436417143003853e-03
1.185853000000000046e-01 1.926436417143003853e-03
1.185920000000000030e-01 1.926436417143003853e-03
1.185987000000000013e-01 1.926436417143003853e-03
1.186053999999999997e-01 1.926436417143003853e-03
1.186120999999999981e-01 1.926436417143003853e-03
1.186187999999999965e-01 1.900046877182140796e-03
1.186254999999999948e-01 1.900046877182140796e-03
1.186322000000000071e-01 1.900046877182140796e-03
1.186389000000000055e-01 1.900046877182140796e-03
1.186456000000000038e-01 1.900046877182140796e-03
1.186523000000000022e-01 1.900046877182140796e-03
1.186590000000000006e-01 1.741709637416962450e-03
1.186656999999999990e-01 1.715320097456099393e-03
1.186723999999999973e-01 1.715320097456099393e-03
1.186790999999999957e-01 1.688930557495236118e-03
1.186858000000000080e-01 1.688930557495236118e-03
1.186925000000000063e-01 1.688930557495236118e-03
1.186992000000000047e-01 1.319476998043153312e-03
1.187059000000000031e-01 1.293087458082290472e-03
1.187126000000000015e-01 1.293087458082290472e-03
1.187192999999999998e-01 1.293087458082290472e-03
1.187259999999999982e-01 1.293087458082290472e-03
1.187326999999999966e-01 1.293087458082290472e-03
1.187393999999999950e-01 1.293087458082290472e-03
1.187461000000000072e-01 1.293087458082290472e-03
1.187528000000000056e-01 1.293087458082290472e-03
1.187595000000000039e-01 1.293087458082290472e-03
1.187662000000000023e-01 1.293087458082290472e-03
1.187729000000000007e-01 1.293087458082290472e-03
1.187795999999999991e-01 1.293087458082290472e-03
1.187862999999999974e-01 1.134750218317111909e-03
1.187929999999999958e-01 7.652966588650289949e-04
1.187997000000000081e-01 7.652966588650289949e-04
1.188064000000000064e-01 7.652966588650289949e-04
1.188131000000000048e-01 7.652966588650289949e-04
1.188198000000000032e-01 7.652966588650289949e-04
1.188265000000000016e-01 7.389071189041659373e-04
1.188331999999999999e-01 7.389071189041659373e-04
1.188398999999999983e-01 7.389071189041659373e-04
1.188465999999999967e-01 7.389071189041659373e-04
1.188532999999999951e-01 7.389071189041659373e-04
1.188600000000000073e-01 7.389071189041659373e-04
1.188667000000000057e-01 7.389071189041659373e-04
1.188734000000000041e-01 7.389071189041659373e-04
1.188801000000000024e-01 7.389071189041659373e-04
1.188868000000000008e-01 7.389071189041659373e-04
1.188934999999999992e-01 7.389071189041659373e-04
1.189001999999999976e-01 7.389071189041659373e-04
1.189068999999999959e-01 5.805698791389874835e-04
1.189136000000000082e-01 5.805698791389874835e-04
1.189203000000000066e-01 5.805698791389874835e-04
1.189270000000000049e-01 5.277907992172613683e-04
1.189337000000000033e-01 5.277907992172613683e-04
1.189404000000000017e-01 5.277907992172613683e-04
1.189471000000000001e-01 5.277907992172613683e-04
1.189537999999999984e-01 5.277907992172613683e-04
1.189604999999999968e-01 4.486221793346721414e-04
1.189671999999999952e-01 4.486221793346721414e-04
1.189739000000000074e-01 4.486221793346721414e-04
1.189806000000000058e-01 4.486221793346721414e-04
1.189873000000000042e-01 4.486221793346721414e-04
1.189940000000000025e-01 4.486221793346721414e-04
1.190007000000000009e-01 4.486221793346721414e-04
1.190073999999999993e-01 4.486221793346721414e-04
1.190140999999999977e-01 4.486221793346721414e-04
1.190207999999999960e-01 4.486221793346721414e-04
1.190275000000000083e-01 4.486221793346721414e-04
1.190342000000000067e-01 4.486221793346721414e-04
1.190409000000000050e-01 4.486221793346721414e-04
1.190476000000000034e-01 4.486221793346721414e-04
1.190543000000000018e-01 4.486221793346721414e-04
1.190610000000000002e-01 4.486221793346721414e-04
1.190676999999999985e-01 4.486221793346721414e-04
1.190743999999999969e-01 4.486221793346721414e-04
1.190810999999999953e-01 4.486221793346721414e-04
1.190878000000000075e-01 4.486221793346721414e-04
1.190945000000000059e-01 4.486221793346721414e-04
1.191012000000000043e-01 4.486221793346721414e-04
1.191079000000000027e-01 4.486221793346721414e-04
1.191146000000000010e-01 4.486221793346721414e-04
1.191212999999999994e-01 4.222326393738090296e-04
1.191279999999999978e-01 4.222326393738090296e-04
1.191346999999999962e-01 4.222326393738090296e-04
1.191414000000000084e-01 4.222326393738090296e-04
1.191481000000000068e-01 4.222326393738090296e-04
1.191548000000000052e-01 4.222326393738090296e-04
1.191615000000000035e-01 4.222326393738090296e-04
1.191682000000000019e-01 4.222326393738090296e-04
1.191749000000000003e-01 4.222326393738090296e-04
1.191815999999999987e-01 4.222326393738090296e-04
1.191882999999999970e-01 4.222326393738090296e-04
1.191949999999999954e-01 4.222326393738090296e-04
1.192017000000000077e-01 4.222326393738090296e-04
1.192084000000000060e-01 4.222326393738090296e-04
1.192151000000000044e-01 4.222326393738090296e-04
1.192218000000000028e-01 4.222326393738090296e-04
1.192285000000000011e-01 4.222326393738090296e-04
1.192351999999999995e-01 4.222326393738090296e-04
1.192418999999999979e-01 4.222326393738090296e-04
1.192485999999999963e-01 4.222326393738090296e-04
1.192553000000000085e-01 4.222326393738090296e-04
1.192620000000000069e-01 3.430640194912198569e-04
1.192687000000000053e-01 3.430640194912198569e-04
1.192754000000000036e-01 3.430640194912198569e-04
1.192821000000000020e-01 3.430640194912198569e-04
1.192888000000000004e-01 3.430640194912198569e-04
1.192954999999999988e-01 3.430640194912198569e-04
1.193021999999999971e-01 3.430640194912198569e-04
1.193088999999999955e-01 3.430640194912198569e-04
1.193156000000000078e-01 3.430640194912198569e-04
1.193223000000000061e-01 3.430640194912198569e-04
1.193290000000000045e-01 3.430640194912198569e-04
1.193357000000000029e-01 3.430640194912198569e-04
1.193424000000000013e-01 3.430640194912198569e-04
1.193490999999999996e-01 3.430640194912198569e-04
1.193557999999999980e-01 3.430640194912198569e-04
1.193624999999999964e-01 3.430640194912198569e-04
1.193692000000000086e-01 3.430640194912198569e-04
1.193759000000000070e-01 3.430640194912198569e-04
1.193826000000000054e-01 3.430640194912198569e-04
1.193893000000000038e-01 3.430640194912198569e-04
1.193960000000000021e-01 3.430640194912198569e-04
1.194027000000000005e-01 3.430640194912198569e-04
1.194093999999999989e-01 3.430640194912198569e-04
1.194160999999999972e-01 3.430640194912198569e-04
1.194227999999999956e-01 3.430640194912198569e-04
1.194295000000000079e-01 3.430640194912198569e-04
1.194362000000000062e-01 3.430640194912198569e-04
1.194429000000000046e-01 3.430640194912198569e-04
1.194496000000000030e-01 3.430640194912198569e-04
1.194563000000000014e-01 3.430640194912198569e-04
1.194629999999999997e-01 3.430640194912198569e-04
1.194696999999999981e-01 3.430640194912198569e-04
1.194763999999999965e-01 3.430640194912198569e-04
1.194831000000000087e-01 3.430640194912198569e-04
1.194898000000000071e-01 3.430640194912198569e-04
1.194965000000000055e-01 3.430640194912198569e-04
1.195032000000000039e-01 3.430640194912198569e-04
1.195099000000000022e-01 3.430640194912198569e-04
1.195166000000000006e-01 3.430640194912198569e-04
1.195232999999999990e-01 3.430640194912198569e-04
1.195299999999999974e-01 3.430640194912198569e-04
1.195366999999999957e-01 3.430640194912198569e-04
1.195434000000000080e-01 3.430640194912198569e-04
1.195501000000000064e-01 3.430640194912198569e-04
1.195568000000000047e-01 3.430640194912198569e-04
1.195635000000000031e-01 3.430640194912198569e-04
1.195702000000000015e-01 3.430640194912198569e-04
1.195768999999999999e-01 3.430640194912198569e-04
1.195835999999999982e-01 3.430640194912198569e-04
1.195902999999999966e-01 3.430640194912198569e-04
1.195970000000000089e-01 3.430640194912198569e-04
1.196037000000000072e-01 3.430640194912198569e-04
1.196104000000000056e-01 3.430640194912198569e-04
1.196171000000000040e-01 3.430640194912198569e-04
1.196238000000000024e-01 2.902849395694937417e-04
1.196305000000000007e-01 2.902849395694937417e-04
1.196371999999999991e-01 2.902849395694937417e-04
1.196438999999999975e-01 2.902849395694937417e-04
1.196505999999999958e-01 2.902849395694937417e-04
1.196572999999999942e-01 2.902849395694937417e-04
1.196640000000000065e-01 2.902849395694937417e-04
1.196707000000000048e-01 2.902849395694937417e-04
1.196774000000000032e-01 2.902849395694937417e-04
1.196841000000000016e-01 2.902849395694937417e-04
1.196908000000000000e-01 2.902849395694937417e-04
1.196974999999999983e-01 2.902849395694937417e-04
1.197041999999999967e-01 2.902849395694937417e-04
1.197108999999999951e-01 2.902849395694937417e-04
1.197176000000000073e-01 2.902849395694937417e-04
1.197243000000000057e-01 2.902849395694937417e-04
1.197310000000000041e-01 2.902849395694937417e-04
1.197377000000000025e-01 2.902849395694937417e-04
1.197444000000000008e-01 2.902849395694937417e-04
1.197510999999999992e-01 2.902849395694937417e-04
1.197577999999999976e-01 2.902849395694937417e-04
1.197644999999999960e-01 2.902849395694937417e-04
1.197711999999999943e-01 1.319476998043153421e-04
1.197779000000000066e-01 1.319476998043153421e-04
1.197846000000000050e-01 1.319476998043153421e-04
1.197913000000000033e-01 1.319476998043153421e-04
1.197980000000000017e-01 1.319476998043153421e-04
1.198047000000000001e-01 1.319476998043153421e-04
1.198113999999999985e-01 1.319476998043153421e-04
1.198180999999999968e-01 1.319476998043153421e-04
1.198247999999999952e-01 1.319476998043153421e-04
1.198315000000000075e-01 1.319476998043153421e-04
1.198382000000000058e-01 1.319476998043153421e-04
1.198449000000000042e-01 1.319476998043153421e-04
1.198516000000000026e-01 1.319476998043153421e-04
1.198583000000000010e-01 1.319476998043153421e-04
1.198649999999999993e-01 1.319476998043153421e-04
1.198716999999999977e-01 1.319476998043153421e-04
1.198783999999999961e-01 1.319476998043153421e-04
1.198850999999999944e-01 1.319476998043153421e-04
1.198918000000000067e-01 1.319476998043153421e-04
1.198985000000000051e-01 1.319476998043153421e-04
1.199052000000000034e-01 1.319476998043153421e-04
1.199119000000000018e-01 1.319476998043153421e-04
1.199186000000000002e-01 1.319476998043153421e-04
1.199252999999999986e-01 1.319476998043153421e-04
1.199319999999999969e-01 1.319476998043153421e-04
1.199386999999999953e-01 1.319476998043153421e-04
1.199454000000000076e-01 1.319476998043153421e-04
1.199521000000000059e-01 1.319476998043153421e-04
1.199588000000000043e-01 1.319476998043153421e-04
1.199655000000000027e-01 1.319476998043153421e-04
1.199722000000000011e-01 1.319476998043153421e-04
1.199788999999999994e-01 1.319476998043153421e-04
1.199855999999999978e-01 1.319476998043153421e-04
1.199922999999999962e-01 1.319476998043153421e-04
1.199989999999999946e-01 1.319476998043153421e-04
1.200057000000000068e-01 1.319476998043153421e-04
1.200124000000000052e-01 1.319476998043153421e-04
1.200191000000000036e-01 1.319476998043153421e-04
1.200258000000000019e-01 1.319476998043153421e-04
1.200325000000000003e-01 1.319476998043153421e-04
1.200391999999999987e-01 1.319476998043153421e-04
1.200458999999999971e-01 1.319476998043153421e-04
1.200525999999999954e-01 1.319476998043153421e-04
1.200593000000000077e-01 1.319476998043153421e-04
1.200660000000000061e-01 1.319476998043153421e-04
1.200727000000000044e-01 1.319476998043153421e-04
1.200794000000000028e-01 1.319476998043153421e-04
1.200861000000000012e-01 1.319476998043153421e-04
1.200927999999999995e-01 1.319476998043153421e-04
1.200994999999999979e-01 1.319476998043153421e-04
1.201061999999999963e-01 1.319476998043153421e-04
1.201128999999999947e-01 1.319476998043153421e-04
1.201196000000000069e-01 1.319476998043153421e-04
1.201263000000000053e-01 1.319476998043153421e-04
1.201330000000000037e-01 1.319476998043153421e-04
1.201397000000000020e-01 1.319476998043153421e-04
1.201464000000000004e-01 1.319476998043153421e-04
1.201530999999999988e-01 1.319476998043153421e-04
1.201597999999999972e-01 1.319476998043153421e-04
1.201664999999999955e-01 1.319476998043153421e-04
1.201732000000000078e-01 7.916861988258919983e-05
1.201799000000000062e-01 7.916861988258919983e-05
1.201866000000000045e-01 7.916861988258919983e-05
1.201933000000000029e-01 7.916861988258919983e-05
1.202000000000000013e-01 7.916861988258919983e-05
# Ensemble: [5^+], idetect: 0.1145
1.140000000000000041e-01 4.613155480558472354e-01
1.140062000000000020e-01 4.613155480558472354e-01
1.140123999999999999e-01 4.587407636015820578e-01
1.140185999999999977e-01 4.561473212889525786e-01
1.140248000000000095e-01 4.546173769030849021e-01
1.140310000000000074e-01 4.508858052302367470e-01
1.140372000000000052e-01 4.489453879603557684e-01
1.140434000000000031e-01 4.476020221581304415e-01
1.140496000000000010e-01 4.448406591202228588e-01
1.140557999999999989e-01 4.431801097258054045e-01
1.140620000000000106e-01 4.421352696574079588e-01
1.140682000000000085e-01 4.394112223362288128e-01
1.140744000000000063e-01 4.370976478990630243e-01
1.140806000000000042e-01 4.353624670711886413e-01
1.140868000000000021e-01 4.325637883165525666e-01
1.140930000000000000e-01 4.305860553299430404e-01
1.140991999999999978e-01 4.281791916009560217e-01
1.141054000000000096e-01 4.267611943652737660e-01
1.141116000000000075e-01 4.240931206191873581e-01
1.141178000000000053e-01 4.218914933322069349e-01
1.141240000000000032e-01 4.190554988608424236e-01
1.141302000000000011e-01 4.175442123333389377e-01
1.141363999999999990e-01 4.135514306433915044e-01
1.141426000000000107e-01 4.107527518887554296e-01
1.141488000000000086e-01 4.088496503356028322e-01
1.141550000000000065e-01 4.074876266750132592e-01
1.141612000000000043e-01 4.068159437739006234e-01
1.141674000000000022e-01 4.058457351389601619e-01
1.141736000000000001e-01 4.031590035345095080e-01
1.141797999999999980e-01 4.019835584575623399e-01
1.141860000000000097e-01 3.999125361791316391e-01
1.141922000000000076e-01 3.986997753854559789e-01
1.141984000000000055e-01 3.976549353170585333e-01
1.142046000000000033e-01 3.949122301375151411e-01
1.142108000000000012e-01 3.932143650263693058e-01
1.142169999999999991e-01 3.899678976709914369e-01
1.142232000000000108e-01 3.875050603669116800e-01
1.142294000000000087e-01 3.861990102814148451e-01
1.142356000000000066e-01 3.846130923204543750e-01
1.142418000000000045e-01 3.834563051018715085e-01
1.142480000000000023e-01 3.820942814412819355e-01
1.142542000000000002e-01 3.801352063130366554e-01
1.142603999999999981e-01 3.786798933606259077e-01
1.142666000000000098e-01 3.765155817903740321e-01
1.142728000000000077e-01 3.741646916364796960e-01
1.142790000000000056e-01 3.733064301517246553e-01
1.142852000000000035e-01 3.717578279074926217e-01
1.142914000000000013e-01 3.701345942298037706e-01
1.142975999999999992e-01 3.686792812773930228e-01
1.143037999999999971e-01 3.670187318829755685e-01
1.143100000000000088e-01 3.642387109867037398e-01
1.143162000000000067e-01 3.633058180684917149e-01
1.143224000000000046e-01 3.598167985543787029e-01
1.143286000000000024e-01 3.569621462246498900e-01
1.143348000000000003e-01 3.545925982123913633e-01
1.143409999999999982e-01 3.532492324101660364e-01
1.143472000000000099e-01 3.523163394919540115e-01
1.143534000000000078e-01 3.501520279217021359e-01
1.143596000000000057e-01 3.474466384588872359e-01
1.143658000000000036e-01 3.456927997726486623e-01
1.143720000000000014e-01 3.448905118629863042e-01
1.143781999999999993e-01 3.430806996016549371e-01
1.143843999999999972e-01 3.395916800875419805e-01
1.143906000000000089e-01 3.382856300020451457e-01
1.143968000000000068e-01 3.360653448567004764e-01
1.144030000000000047e-01 3.349831890715745386e-01
1.144092000000000026e-01 3.331920346686074730e-01
1.144154000000000004e-01 3.312702752570907405e-01
1.144215999999999983e-01 3.291059636868388094e-01
1.144278000000000101e-01 3.266431263827590525e-01
1.144340000000000079e-01 3.255049970225403766e-01
1.144402000000000058e-01 3.225383975426261429e-01
1.144464000000000037e-01 3.219413460749704359e-01
1.144526000000000016e-01 3.189001151615992180e-01
1.144587999999999994e-01 3.164745935742479532e-01
1.144649999999999973e-01 3.147394127463736258e-01
1.144712000000000091e-01 3.136945726779761245e-01
1.144774000000000069e-01 3.131534947854131556e-01
1.144836000000000048e-01 3.119034182750090034e-01
1.144898000000000027e-01 3.107279731980618909e-01
1.144960000000000006e-01 3.077240580014191651e-01
1.145021999999999984e-01 3.065112972077435050e-01
1.145084000000000102e-01 3.033021455690941282e-01
1.145146000000000081e-01 3.006340718230077202e-01
1.145208000000000059e-01 2.982458659523849476e-01
1.145270000000000038e-01 2.964547115494178264e-01
1.145332000000000017e-01 2.945516099962653400e-01
1.145393999999999995e-01 2.933761649193182275e-01
1.145455999999999974e-01 2.920701148338213371e-01
1.145518000000000092e-01 2.901483554223045491e-01
1.145580000000000070e-01 2.882452538691520072e-01
1.145642000000000049e-01 2.863048365992709732e-01
1.145704000000000028e-01 2.838793150119197084e-01
1.145766000000000007e-01 2.817523191583963249e-01
1.145827999999999985e-01 2.795693497297801478e-01
1.145890000000000103e-01 2.781140367773694000e-01
1.145952000000000082e-01 2.755019366063757857e-01
1.146014000000000060e-01 2.730390993022959734e-01
1.146076000000000039e-01 2.715091549164282414e-01
1.146138000000000018e-01 2.699792105305605650e-01
1.146199999999999997e-01 2.679268461104941101e-01
1.146261999999999975e-01 2.668073746086396802e-01
1.146324000000000093e-01 2.647736680469374160e-01
1.146386000000000072e-01 2.631504343692485093e-01
1.146448000000000050e-01 2.599039670138706404e-01
1.146510000000000029e-01 2.587285219369235278e-01
1.146572000000000008e-01 2.571985775510557404e-01
1.146633999999999987e-01 2.550342659808038648e-01
1.146696000000000104e-01 2.541946623544130701e-01
1.146758000000000083e-01 2.526460601101810921e-01
1.146820000000000062e-01 2.523102186596247187e-01
1.146882000000000040e-01 2.509668528573993918e-01
1.146944000000000019e-01 2.498287234971807436e-01
1.147005999999999998e-01 2.485973048451409206e-01
1.147067999999999977e-01 2.465822561418029302e-01
1.147130000000000094e-01 2.450896274726636903e-01
1.147192000000000073e-01 2.435969988035243949e-01
1.147254000000000052e-01 2.406677150403386534e-01
1.147316000000000030e-01 2.396228749719411799e-01
1.147378000000000009e-01 2.387272977704576749e-01
1.147439999999999988e-01 2.382608513113516346e-01
1.147502000000000105e-01 2.330553088277285134e-01
1.147564000000000084e-01 2.319358373258740835e-01
1.147626000000000063e-01 2.308163658240196536e-01
1.147688000000000041e-01 2.292864214381519217e-01
1.147750000000000020e-01 2.281856077946617378e-01
1.147811999999999999e-01 2.254055868983899091e-01
1.147873999999999978e-01 2.237823532207009747e-01
1.147936000000000095e-01 2.225882502853895883e-01
1.147998000000000074e-01 2.209650166077006817e-01
1.148060000000000053e-01 2.205545437236873518e-01
1.148122000000000031e-01 2.192671514965547630e-01
1.148184000000000010e-01 2.184462057285281866e-01
1.148245999999999989e-01 2.178118385441440152e-01
1.148308000000000106e-01 2.170282084928459032e-01
1.148370000000000085e-01 2.150691333646006509e-01
1.148432000000000064e-01 2.143974504634879874e-01
1.148494000000000043e-01 2.128861639359845292e-01
1.148556000000000021e-01 2.113375616917525512e-01
1.148618000000000000e-01 2.101248008980769189e-01
1.148679999999999979e-01 2.091919079798648662e-01
1.148742000000000096e-01 2.075127007270832491e-01
1.148804000000000075e-01 2.065051763754142400e-01
1.148866000000000054e-01 2.056842306073876636e-01
1.148928000000000033e-01 2.049565741311822620e-01
1.148990000000000011e-01 2.037251554791424113e-01
1.149051999999999990e-01 2.022698425267316358e-01
1.149113999999999969e-01 2.010197660163275390e-01
1.149176000000000086e-01 1.998070052226519067e-01
1.149238000000000065e-01 1.981464558282344801e-01
1.149300000000000044e-01 1.967284585925521967e-01
1.149362000000000023e-01 1.956463028074262589e-01
1.149424000000000001e-01 1.941536741382870190e-01
1.149485999999999980e-01 1.932207812200749664e-01
1.149548000000000098e-01 1.920266782847635800e-01
1.149610000000000076e-01 1.905900231907170506e-01
1.149672000000000055e-01 1.893026309635844617e-01
1.149734000000000034e-01 1.879779230197233808e-01
1.149796000000000012e-01 1.873995294104319476e-01
1.149857999999999991e-01 1.864479786338556766e-01
1.149919999999999970e-01 1.846754820892528015e-01
1.149982000000000087e-01 1.835373527290341533e-01
1.150044000000000066e-01 1.822872762186300288e-01
1.150106000000000045e-01 1.804028325238417330e-01
1.150168000000000024e-01 1.786676516959673500e-01
1.150230000000000002e-01 1.776414694859341226e-01
1.150291999999999981e-01 1.759809200915167238e-01
1.150354000000000099e-01 1.744882914223774839e-01
1.150416000000000077e-01 1.732755306287018515e-01
1.150478000000000056e-01 1.721000855517547112e-01
1.150540000000000035e-01 1.715216919424632225e-01
1.150602000000000014e-01 1.710925612000857021e-01
1.150663999999999992e-01 1.702156418569664154e-01
1.150725999999999971e-01 1.697678532562246212e-01
1.150788000000000089e-01 1.679766988532575278e-01
1.150850000000000067e-01 1.669878323599527925e-01
1.150912000000000046e-01 1.658683608580983626e-01
1.150974000000000025e-01 1.653272829655353937e-01
1.151036000000000004e-01 1.637413650045749514e-01
1.151097999999999982e-01 1.627524985112701883e-01
1.151160000000000100e-01 1.612785277004951945e-01
1.151222000000000079e-01 1.598978461815413754e-01
1.151284000000000057e-01 1.592075054220644936e-01
1.151346000000000036e-01 1.587037432462299891e-01
1.151408000000000015e-01 1.583865596540378895e-01
1.151469999999999994e-01 1.577148767529252538e-01
1.151531999999999972e-01 1.571551410019980111e-01
1.151594000000000090e-01 1.555692230410375687e-01
1.151656000000000069e-01 1.540765943718983566e-01
1.151718000000000047e-01 1.529944385867723911e-01
1.151780000000000026e-01 1.522294663938385251e-01
1.151842000000000005e-01 1.512032841838052977e-01
1.151903999999999983e-01 1.489829990384606839e-01
1.151966000000000101e-01 1.472851339273147930e-01
1.152028000000000080e-01 1.466507667429305939e-01
1.152090000000000058e-01 1.457738473998113071e-01
1.152152000000000037e-01 1.449715594901489768e-01
1.152214000000000016e-01 1.437587986964733167e-01
1.152275999999999995e-01 1.427885900615327996e-01
1.152337999999999973e-01 1.420609335853274258e-01
1.152400000000000091e-01 1.413146192507578058e-01
1.152462000000000070e-01 1.401018584570821734e-01
1.152524000000000048e-01 1.390010448135919896e-01
1.152586000000000027e-01 1.381800990455654132e-01
1.152648000000000006e-01 1.370419696853467095e-01
1.152709999999999985e-01 1.363516289258698555e-01
1.152772000000000102e-01 1.354747095827505410e-01
1.152834000000000081e-01 1.345604745229027344e-01
1.152896000000000060e-01 1.334036873043198401e-01
1.152958000000000038e-01 1.328066358366641331e-01
1.153020000000000017e-01 1.320416636437302671e-01
1.153081999999999996e-01 1.314072964593460957e-01
1.153143999999999975e-01 1.301572199489419712e-01
1.153206000000000092e-01 1.294109056143723513e-01
1.153268000000000071e-01 1.281608291039682546e-01
1.153330000000000050e-01 1.269667261686568405e-01
1.153392000000000028e-01 1.261457804006302641e-01
1.153454000000000007e-01 1.252502031991467035e-01
1.153515999999999986e-01 1.248583881734976614e-01
1.153578000000000103e-01 1.243546259976631707e-01
1.153640000000000082e-01 1.222836037192324699e-01
1.153702000000000061e-01 1.213320529426562128e-01
1.153764000000000040e-01 1.203991600244441601e-01
1.153826000000000018e-01 1.195595563980533654e-01
1.153887999999999997e-01 1.186639791965698187e-01
1.153949999999999976e-01 1.174512184028941864e-01
1.154012000000000093e-01 1.165929569181391179e-01
1.154074000000000072e-01 1.158653004419337301e-01
1.154136000000000051e-01 1.151003282489998641e-01
1.154198000000000029e-01 1.148018025151720106e-01
1.154260000000000008e-01 1.139808567471454342e-01
1.154321999999999987e-01 1.129733323954764390e-01
1.154383999999999966e-01 1.123016494943637755e-01
1.154446000000000083e-01 1.109396258337742303e-01
1.154508000000000062e-01 1.104545215163039579e-01
1.154570000000000041e-01 1.092977342977210498e-01
1.154632000000000019e-01 1.086447092549726462e-01
1.154693999999999998e-01 1.078237634869460559e-01
1.154755999999999977e-01 1.072453698776545949e-01
1.154818000000000094e-01 1.059766355088862383e-01
1.154880000000000073e-01 1.055848204832371962e-01
1.154942000000000052e-01 1.051743475992238941e-01
1.155004000000000031e-01 1.048571640070318084e-01
1.155066000000000009e-01 1.038869553720912914e-01
1.155127999999999988e-01 1.028421153036938318e-01
1.155189999999999967e-01 1.015360652181969831e-01
1.155252000000000084e-01 1.009949873256340142e-01
1.155314000000000063e-01 1.004725672914352774e-01
1.155376000000000042e-01 9.974491081522990354e-02
1.155438000000000021e-01 9.894262290556755934e-02
1.155499999999999999e-01 9.834557143791186617e-02
1.155561999999999978e-01 9.722609993605742240e-02
1.155624000000000096e-01 9.642381202639507820e-02
1.155686000000000074e-01 9.549091910818305329e-02
1.155748000000000053e-01 9.496849907398431656e-02
1.155810000000000032e-01 9.414755330595774019e-02
1.155872000000000011e-01 9.397963258067956738e-02
1.155933999999999989e-01 9.325197610447419350e-02
1.155995999999999968e-01 9.246834605317609534e-02
1.156058000000000086e-01 9.170337386024222937e-02
1.156120000000000064e-01 9.050927092493084303e-02
1.156182000000000043e-01 9.021074519110298950e-02
1.156244000000000022e-01 8.935248370634792103e-02
1.156306000000000000e-01 8.845690650486437434e-02
1.156367999999999979e-01 8.772925002865900046e-02
1.156430000000000097e-01 8.675904139371849733e-02
1.156492000000000075e-01 8.646051565989062992e-02
1.156554000000000054e-01 8.582614847550645854e-02
1.156616000000000033e-01 8.507983414093685248e-02
1.156678000000000012e-01 8.437083552309569690e-02
1.156739999999999990e-01 8.390438906398968444e-02
1.156801999999999969e-01 8.356854761343335269e-02
1.156864000000000087e-01 8.278491756213525454e-02
1.156926000000000065e-01 8.166544606028082465e-02
1.156988000000000044e-01 8.108705245098936365e-02
1.157050000000000023e-01 8.043402740824096009e-02
1.157112000000000002e-01 8.024744882459854123e-02
1.157173999999999980e-01 7.976234450712829660e-02
1.157236000000000098e-01 7.935187162311499454e-02
1.157298000000000077e-01 7.914663518110835738e-02
1.157360000000000055e-01 7.862421514690962066e-02
1.157422000000000034e-01 7.798984796252544927e-02
1.157484000000000013e-01 7.770998008706182791e-02
1.157545999999999992e-01 7.666514001866435446e-02
1.157607999999999970e-01 7.644124571829347126e-02
1.157670000000000088e-01 7.599345711755170485e-02
1.157732000000000067e-01 7.548969494171720029e-02
1.157794000000000045e-01 7.479935418224030463e-02
1.157856000000000024e-01 7.461277559859789965e-02
1.157918000000000003e-01 7.397840841421372826e-02
1.157979999999999982e-01 7.278430547890232805e-02
1.158042000000000099e-01 7.228054330306782349e-02
1.158104000000000078e-01 7.175812326886908676e-02
1.158166000000000057e-01 7.106778250939220498e-02
1.158228000000000035e-01 7.045207318337226576e-02
1.158290000000000014e-01 7.019086316627290434e-02
1.158351999999999993e-01 6.979904814062384832e-02
1.158413999999999972e-01 6.955649598188870519e-02
1.158476000000000089e-01 6.938857525661054626e-02
1.158538000000000068e-01 6.869823449713365060e-02
1.158600000000000046e-01 6.832507732984884063e-02
1.158662000000000025e-01 6.797057802092826284e-02
1.158724000000000004e-01 6.767205228710042320e-02
1.158785999999999983e-01 6.675781722725263045e-02
1.158848000000000100e-01 6.653392292688174725e-02
1.158910000000000079e-01 6.584358216740485159e-02
1.158972000000000058e-01 6.539579356666308518e-02
1.159034000000000036e-01 6.448155850681529244e-02
1.159096000000000015e-01 6.401511204770927999e-02
1.159157999999999994e-01 6.298892983767603870e-02
1.159219999999999973e-01 6.239187837002034553e-02
1.159282000000000090e-01 6.205603691946402767e-02
1.159344000000000069e-01 6.158959046035800133e-02
1.159406000000000048e-01 6.095522327597382994e-02
1.159468000000000026e-01 6.052609253359629571e-02
1.159530000000000005e-01 5.998501464103331987e-02
1.159591999999999984e-01 5.970514676556971240e-02
1.159653999999999963e-01 5.935064745664914848e-02
1.159716000000000080e-01 5.879091170572191966e-02
1.159778000000000059e-01 5.847372811352984090e-02
1.159840000000000038e-01 5.810057094624502400e-02
1.159902000000000016e-01 5.754083519531780905e-02
1.159963999999999995e-01 5.726096731985420157e-02
1.160025999999999974e-01 5.683183657747666734e-02
1.160088000000000091e-01 5.660794227710578413e-02
1.160150000000000070e-01 5.591760151762888154e-02
1.160212000000000049e-01 5.491007716595989324e-02
1.160274000000000028e-01 5.470484072395324915e-02
1.160336000000000006e-01 5.408913139793330993e-02
1.160397999999999985e-01 5.397718424774786833e-02
1.160460000000000103e-01 5.354805350537033409e-02
1.160522000000000081e-01 5.308160704626432164e-02
1.160584000000000060e-01 5.289502846262191665e-02
1.160646000000000039e-01 5.254052915370134580e-02
1.160708000000000018e-01 5.226066127823774526e-02
1.160769999999999996e-01 5.179421481913172587e-02
1.160831999999999975e-01 5.140239979348267679e-02
1.160894000000000092e-01 5.106655834292634505e-02
1.160956000000000071e-01 5.037621758344944939e-02
1.161018000000000050e-01 5.007769184962159587e-02
1.161080000000000029e-01 4.931271965668772989e-02
1.161142000000000007e-01 4.798801171282665590e-02
1.161203999999999986e-01 4.791338027936969252e-02
1.161265999999999965e-01 4.778277527082001180e-02
1.161328000000000082e-01 4.722303951989279686e-02
1.161390000000000061e-01 4.673793520242253835e-02
1.161452000000000040e-01 4.657001447714437942e-02
1.161514000000000019e-01 4.597296300948867931e-02
1.161575999999999997e-01 4.576772656748202828e-02
1.161637999999999976e-01 4.546920083365418169e-02
1.161700000000000094e-01 4.530128010837602276e-02
1.161762000000000072e-01 4.518933295819057422e-02
1.161824000000000051e-01 4.492812294109120586e-02
1.161886000000000030e-01 4.420046646488582504e-02
1.161948000000000009e-01 4.377133572250829774e-02
1.162009999999999987e-01 4.330488926340228528e-02
1.162071999999999966e-01 4.317428425485259763e-02
1.162134000000000084e-01 4.309965282139563425e-02
1.162196000000000062e-01 4.289441637938899016e-02
1.162258000000000041e-01 4.205481275299816080e-02
1.162320000000000020e-01 4.184957631099152364e-02
1.162381999999999999e-01 4.151373486043519190e-02
1.162443999999999977e-01 4.151373486043519190e-02
1.162506000000000095e-01 4.143910342697822852e-02
1.162568000000000074e-01 4.128984056006430176e-02
1.162630000000000052e-01 4.117789340987886015e-02
1.162692000000000031e-01 4.033828978348803773e-02
1.162754000000000010e-01 4.007707976638866937e-02
1.162815999999999989e-01 3.987184332438202528e-02
1.162877999999999967e-01 3.966660688237538118e-02
1.162940000000000085e-01 3.916284470654088357e-02
1.163002000000000064e-01 3.880834539762031271e-02
1.163064000000000042e-01 3.860310895561366862e-02
1.163126000000000021e-01 3.830458322178582203e-02
1.163188000000000000e-01 3.817397821323613438e-02
1.163249999999999978e-01 3.802471534632220762e-02
1.163312000000000096e-01 3.737169030357379712e-02
1.163374000000000075e-01 3.647611310209024349e-02
1.163436000000000053e-01 3.625221880171936029e-02
1.163498000000000032e-01 3.610295593480544046e-02
1.163560000000000011e-01 3.569248305079214534e-02
1.163621999999999990e-01 3.548724660878549431e-02
1.163683999999999968e-01 3.541261517532853786e-02
1.163746000000000086e-01 3.481556370767283776e-02
1.163808000000000065e-01 3.429314367347410103e-02
1.163870000000000043e-01 3.423717009838138370e-02
1.163932000000000022e-01 3.405059151473897872e-02
1.163994000000000001e-01 3.378938149763961035e-02
1.164055999999999980e-01 3.362146077236144448e-02
1.164118000000000097e-01 3.332293503853359790e-02
1.164180000000000076e-01 3.302440930470574437e-02
1.164242000000000055e-01 3.263259427905669530e-02
1.164304000000000033e-01 3.253930498723549281e-02
1.164366000000000012e-01 3.222212139504340711e-02
1.164427999999999991e-01 3.220346353667916106e-02
1.164489999999999970e-01 3.196091137794403875e-02
1.164552000000000087e-01 3.188627994448707537e-02
1.164614000000000066e-01 3.173701707757314860e-02
1.164676000000000045e-01 3.123325490173865446e-02
1.164738000000000023e-01 3.061754557571871524e-02
1.164800000000000002e-01 3.058022985899023355e-02
1.164861999999999981e-01 3.054291414226175880e-02
1.164923999999999960e-01 3.039365127534783204e-02
1.164986000000000077e-01 3.033767770025511123e-02
1.165048000000000056e-01 3.022573055006966616e-02
1.165110000000000035e-01 3.016975697497694536e-02
1.165172000000000013e-01 2.975928409096365718e-02
1.165233999999999992e-01 2.949807407386428881e-02
1.165295999999999971e-01 2.927417977349340214e-02
1.165358000000000088e-01 2.921820619840067787e-02
1.165420000000000067e-01 2.897565403966555209e-02
1.165482000000000046e-01 2.821068184673168958e-02
1.165544000000000024e-01 2.796812968799656379e-02
1.165606000000000003e-01 2.778155110435415534e-02
1.165667999999999982e-01 2.683000032777789132e-02
1.165730000000000099e-01 2.632623815194339717e-02
1.165792000000000078e-01 2.612100170993674961e-02
1.165854000000000057e-01 2.584113383447313866e-02
1.165916000000000036e-01 2.569187096755921884e-02
1.165978000000000014e-01 2.559858167573801288e-02
1.166039999999999993e-01 2.552395024228105297e-02
1.166101999999999972e-01 2.494555663298959544e-02
1.166164000000000089e-01 2.466568875752598797e-02
1.166226000000000068e-01 2.447911017388358298e-02
1.166288000000000047e-01 2.438582088206238049e-02
1.166350000000000026e-01 2.431118944860541711e-02
1.166412000000000004e-01 2.399400585641332795e-02
1.166473999999999983e-01 2.339695438875763131e-02
1.166535999999999962e-01 2.334098081366491051e-02
1.166598000000000079e-01 2.315440223002250553e-02
1.166660000000000058e-01 2.298648150474433965e-02
1.166722000000000037e-01 2.283721863783041636e-02
1.166784000000000016e-01 2.272527148764497129e-02
1.166845999999999994e-01 2.272527148764497129e-02
1.166907999999999973e-01 2.244540361218136382e-02
1.166970000000000091e-01 2.233345646199591875e-02
1.167032000000000069e-01 2.224016717017471972e-02
1.167094000000000048e-01 2.196029929471110878e-02
1.167156000000000027e-01 2.181103642779718549e-02
1.167218000000000006e-01 2.179237856943294291e-02
1.167279999999999984e-01 2.164311570251902309e-02
1.167341999999999963e-01 2.160579998579054140e-02
1.167404000000000081e-01 2.156848426906205970e-02
1.167466000000000059e-01 2.063559135085003479e-02
1.167528000000000038e-01 2.054230205902882883e-02
1.167590000000000017e-01 2.001988202483009210e-02
1.167651999999999995e-01 1.974001414936648810e-02
1.167713999999999974e-01 1.936685698208167813e-02
1.167776000000000092e-01 1.925490983189623306e-02
1.167838000000000070e-01 1.921759411516775137e-02
1.167900000000000049e-01 1.869517408096901812e-02
1.167962000000000028e-01 1.869517408096901812e-02
1.168024000000000007e-01 1.863920050587629385e-02
1.168085999999999985e-01 1.860188478914781562e-02
1.168147999999999964e-01 1.858322693078357304e-02
1.168210000000000082e-01 1.835933263041268637e-02
1.168272000000000060e-01 1.753838686238610306e-02
1.168334000000000039e-01 1.742643971220066146e-02
1.168396000000000018e-01 1.718388755346553221e-02
1.168457999999999997e-01 1.675475681108799797e-02
1.168519999999999975e-01 1.647488893562439397e-02
1.168582000000000093e-01 1.645623107726015485e-02
1.168644000000000072e-01 1.638159964380318800e-02
1.168706000000000050e-01 1.597112675978989982e-02
1.168768000000000029e-01 1.587783746796869386e-02
1.168830000000000008e-01 1.559796959250508638e-02
1.168891999999999987e-01 1.543004886722692398e-02
1.168953999999999965e-01 1.543004886722692398e-02
1.169016000000000083e-01 1.531810171704148064e-02
1.169078000000000062e-01 1.529944385867723980e-02
1.169140000000000040e-01 1.511286527503483308e-02
1.169202000000000019e-01 1.498226026648514890e-02
1.169263999999999998e-01 1.466507667429306147e-02
1.169325999999999977e-01 1.466507667429306147e-02
1.169388000000000094e-01 1.440386665719369311e-02
1.169450000000000073e-01 1.440386665719369311e-02
1.169512000000000052e-01 1.440386665719369311e-02
1.169574000000000030e-01 1.440386665719369311e-02
1.169636000000000009e-01 1.410534092336584479e-02
1.169697999999999988e-01 1.401205163154464230e-02
1.169759999999999966e-01 1.356426303080286895e-02
1.169822000000000084e-01 1.356426303080286895e-02
1.169884000000000063e-01 1.341500016388894566e-02
1.169946000000000041e-01 1.306050085496837480e-02
1.170008000000000020e-01 1.291123798805445151e-02
1.170069999999999999e-01 1.291123798805445151e-02
1.170131999999999978e-01 1.287392227132596982e-02
1.170194000000000095e-01 1.265002797095508315e-02
1.170256000000000074e-01 1.233284437876299398e-02
1.170318000000000053e-01 1.220223937021330980e-02
1.170380000000000031e-01 1.205297650329938478e-02
1.170442000000000010e-01 1.190371363638546148e-02
1.170503999999999989e-01 1.181042434456425899e-02
1.170565999999999968e-01 1.175445076947153819e-02
1.170628000000000085e-01 1.162384576092185401e-02
1.170690000000000064e-01 1.158653004419337405e-02
1.170752000000000043e-01 1.153055646910064978e-02
1.170814000000000021e-01 1.143726717727944903e-02
1.170876000000000000e-01 1.125068859363704231e-02
1.170937999999999979e-01 1.123203073527280146e-02
1.171000000000000096e-01 1.119471501854432151e-02
1.171062000000000075e-01 1.108276786835887644e-02
1.171124000000000054e-01 1.106411000999463733e-02
1.171186000000000033e-01 1.102679429326615564e-02
1.171248000000000011e-01 1.052303211743166149e-02
1.171309999999999990e-01 1.048571640070318153e-02
1.171371999999999969e-01 1.029913781706077482e-02
1.171434000000000086e-01 1.029913781706077482e-02
1.171496000000000065e-01 1.016853280851109237e-02
1.171558000000000044e-01 1.011255923341836983e-02
1.171620000000000023e-01 1.011255923341836983e-02
1.171682000000000001e-01 9.981954224868687386e-03
1.171743999999999980e-01 9.981954224868687386e-03
1.171805999999999959e-01 9.944638508140205696e-03
1.171868000000000076e-01 9.925980649775964851e-03
1.171930000000000055e-01 9.888664933047483160e-03
1.171992000000000034e-01 9.888664933047483160e-03
1.172054000000000012e-01 9.870007074683244050e-03
1.172115999999999991e-01 9.814033499590521514e-03
1.172177999999999970e-01 9.814033499590521514e-03
1.172240000000000087e-01 9.814033499590521514e-03
1.172302000000000066e-01 9.683428491040839067e-03
1.172364000000000045e-01 9.403560615577229859e-03
1.172426000000000024e-01 9.384902757212989013e-03
1.172488000000000002e-01 9.384902757212989013e-03
1.172549999999999981e-01 9.384902757212989013e-03
1.172612000000000099e-01 9.384902757212989013e-03
1.172674000000000077e-01 9.291613465391786522e-03
1.172736000000000056e-01 9.198324173570584031e-03
1.172798000000000035e-01 9.179666315206343186e-03
1.172860000000000014e-01 8.899798439742735712e-03
1.172921999999999992e-01 8.881140581378494867e-03
1.172983999999999971e-01 8.750535572828810685e-03
1.173046000000000089e-01 8.526641272457924012e-03
1.173108000000000067e-01 8.526641272457924012e-03
1.173170000000000046e-01 8.526641272457924012e-03
1.173232000000000025e-01 8.284089113722798228e-03
1.173294000000000004e-01 8.190799821901594002e-03
1.173355999999999982e-01 8.116168388444632356e-03
1.173417999999999961e-01 8.116168388444632356e-03
1.173480000000000079e-01 8.078852671716152400e-03
1.173542000000000057e-01 8.060194813351911555e-03
1.173604000000000036e-01 8.022879096623429865e-03
1.173666000000000015e-01 7.985563379894949909e-03
1.173727999999999994e-01 7.966905521530709064e-03
1.173789999999999972e-01 7.873616229709504838e-03
1.173852000000000090e-01 7.724353362795582413e-03
1.173914000000000069e-01 7.481801204060455762e-03
1.173976000000000047e-01 7.239249045325327377e-03
1.174038000000000026e-01 7.201933328596846554e-03
1.174100000000000005e-01 7.201933328596846554e-03
1.174161999999999983e-01 7.201933328596846554e-03
1.174223999999999962e-01 7.164617611868365731e-03
1.174286000000000080e-01 7.164617611868365731e-03
1.174348000000000058e-01 7.164617611868365731e-03
1.174410000000000037e-01 7.164617611868365731e-03
1.174472000000000016e-01 7.164617611868365731e-03
1.174533999999999995e-01 7.108644036775644062e-03
1.174595999999999973e-01 6.810118302947794876e-03
1.174658000000000091e-01 6.679513294398111561e-03
1.174720000000000070e-01 6.660855436033870716e-03
1.174782000000000048e-01 6.660855436033870716e-03
1.174844000000000027e-01 6.660855436033870716e-03
1.174906000000000006e-01 6.660855436033870716e-03
1.174967999999999985e-01 6.586224002576909070e-03
1.175029999999999963e-01 6.399645418934503220e-03
1.175092000000000081e-01 6.306356127113300729e-03
1.175154000000000060e-01 6.175751118563616547e-03
1.175216000000000038e-01 6.138435401835136591e-03
1.175278000000000017e-01 6.007830393285452410e-03
1.175339999999999996e-01 6.007830393285452410e-03
1.175401999999999975e-01 6.007830393285452410e-03
1.175464000000000092e-01 5.951856818192730741e-03
1.175526000000000071e-01 5.914541101464249918e-03
1.175588000000000050e-01 5.802593951278806582e-03
1.175650000000000028e-01 5.802593951278806582e-03
1.175712000000000007e-01 5.802593951278806582e-03
1.175773999999999986e-01 5.802593951278806582e-03
1.175835999999999965e-01 5.802593951278806582e-03
1.175898000000000082e-01 5.802593951278806582e-03
1.175960000000000061e-01 5.671988942729122400e-03
1.176022000000000040e-01 5.671988942729122400e-03
1.176084000000000018e-01 5.671988942729122400e-03
1.176145999999999997e-01 5.634673226000642444e-03
1.176207999999999976e-01 5.634673226000642444e-03
1.176270000000000093e-01 5.616015367636400732e-03
1.176332000000000072e-01 5.616015367636400732e-03
1.176394000000000051e-01 5.392121067265514926e-03
1.176456000000000029e-01 5.186884625258869098e-03
1.176518000000000008e-01 4.962990324887982425e-03
1.176579999999999987e-01 4.589833157603171593e-03
1.176641999999999966e-01 4.515201724146209947e-03
1.176704000000000083e-01 4.496543865781969102e-03
1.176766000000000062e-01 4.291307423775323274e-03
1.176828000000000041e-01 4.253991707046841583e-03
1.176890000000000019e-01 4.198018131954120782e-03
1.176951999999999998e-01 4.198018131954120782e-03
1.177013999999999977e-01 4.160702415225639092e-03
1.177075999999999956e-01 4.160702415225639092e-03
1.177138000000000073e-01 4.030097406675955778e-03
1.177200000000000052e-01 3.936808114854752419e-03
1.177262000000000031e-01 3.862176681397791207e-03
1.177324000000000009e-01 3.862176681397791207e-03
1.177385999999999988e-01 3.824860964669309950e-03
1.177447999999999967e-01 3.675598097755385790e-03
1.177510000000000084e-01 3.675598097755385790e-03
1.177572000000000063e-01 3.675598097755385790e-03
1.177634000000000042e-01 3.638282381026904534e-03
1.177696000000000021e-01 3.619624522662663688e-03
1.177757999999999999e-01 3.600966664298423277e-03
1.177819999999999978e-01 3.600966664298423277e-03
1.177882000000000096e-01 3.544993089205701609e-03
1.177944000000000074e-01 3.507677372477220785e-03
1.178006000000000053e-01 3.489019514112979940e-03
1.178068000000000032e-01 3.489019514112979940e-03
1.178130000000000011e-01 3.489019514112979940e-03
1.178191999999999989e-01 3.489019514112979940e-03
1.178253999999999968e-01 3.489019514112979940e-03
1.178316000000000086e-01 3.451703797384498684e-03
1.178378000000000064e-01 3.451703797384498684e-03
1.178440000000000043e-01 3.451703797384498684e-03
1.178502000000000022e-01 3.451703797384498684e-03
1.178564000000000001e-01 3.451703797384498684e-03
1.178625999999999979e-01 3.302440930470574958e-03
1.178687999999999958e-01 3.302440930470574958e-03
1.178750000000000075e-01 3.302440930470574958e-03
1.178812000000000054e-01 3.302440930470574958e-03
1.178874000000000033e-01 3.302440930470574958e-03
1.178936000000000012e-01 3.302440930470574958e-03
1.178997999999999990e-01 3.302440930470574958e-03
1.179059999999999969e-01 3.209151638649372033e-03
1.179122000000000087e-01 3.209151638649372033e-03
1.179184000000000065e-01 3.209151638649372033e-03
1.179246000000000044e-01 3.209151638649372033e-03
1.179308000000000023e-01 3.209151638649372033e-03
1.179370000000000002e-01 3.041230913371207028e-03
1.179431999999999980e-01 3.022573055006967050e-03
1.179494000000000098e-01 3.022573055006967050e-03
1.179556000000000077e-01 3.022573055006967050e-03
1.179618000000000055e-01 3.022573055006967050e-03
1.179680000000000034e-01 3.022573055006967050e-03
1.179742000000000013e-01 3.022573055006967050e-03
1.179803999999999992e-01 3.022573055006967050e-03
1.179865999999999970e-01 3.022573055006967050e-03
1.179928000000000088e-01 2.891968046457282868e-03
1.179990000000000067e-01 2.761363037907599120e-03
1.180052000000000045e-01 2.761363037907599120e-03
1.180114000000000024e-01 2.761363037907599120e-03
1.180176000000000003e-01 2.761363037907599120e-03
1.180237999999999982e-01 2.761363037907599120e-03
1.180299999999999960e-01 2.761363037907599120e-03
1.180362000000000078e-01 2.761363037907599120e-03
1.180424000000000057e-01 2.724047321179117864e-03
1.180486000000000035e-01 2.630758029357915372e-03
1.180548000000000014e-01 2.630758029357915372e-03
1.180609999999999993e-01 2.630758029357915372e-03
1.180671999999999972e-01 2.630758029357915372e-03
1.180733999999999950e-01 2.630758029357915372e-03
1.180796000000000068e-01 2.630758029357915372e-03
1.180858000000000047e-01 2.630758029357915372e-03
1.180920000000000025e-01 2.630758029357915372e-03
1.180982000000000004e-01 2.630758029357915372e-03
1.181043999999999983e-01 2.630758029357915372e-03
1.181105999999999961e-01 2.630758029357915372e-03
1.181168000000000079e-01 2.556126595900953292e-03
1.181230000000000058e-01 2.556126595900953292e-03
1.181292000000000036e-01 2.518810879172472036e-03
1.181354000000000015e-01 2.518810879172472036e-03
1.181415999999999994e-01 2.518810879172472036e-03
1.181477999999999973e-01 2.350890153894307465e-03
1.181540000000000090e-01 2.350890153894307465e-03
1.181602000000000069e-01 2.350890153894307465e-03
1.181664000000000048e-01 2.350890153894307465e-03
1.181726000000000026e-01 2.350890153894307465e-03
1.181788000000000005e-01 2.350890153894307465e-03
1.181849999999999984e-01 2.350890153894307465e-03
1.181911999999999963e-01 2.350890153894307465e-03
1.181974000000000080e-01 2.350890153894307465e-03
1.182036000000000059e-01 2.108337995159180380e-03
1.182098000000000038e-01 2.033706561702218300e-03
1.182160000000000016e-01 2.033706561702218300e-03
1.182221999999999995e-01 2.033706561702218300e-03
1.182283999999999974e-01 2.033706561702218300e-03
1.182345999999999953e-01 2.033706561702218300e-03
1.182408000000000070e-01 2.033706561702218300e-03
1.182470000000000049e-01 2.033706561702218300e-03
1.182532000000000028e-01 2.033706561702218300e-03
1.182594000000000006e-01 2.033706561702218300e-03
1.182655999999999985e-01 2.033706561702218300e-03
1.182717999999999964e-01 2.033706561702218300e-03
1.182780000000000081e-01 2.033706561702218300e-03
1.182842000000000060e-01 2.033706561702218300e-03
1.182904000000000039e-01 2.033706561702218300e-03
1.182966000000000018e-01 2.033706561702218300e-03
1.183027999999999996e-01 2.033706561702218300e-03
1.183089999999999975e-01 2.033706561702218300e-03
1.183152000000000093e-01 2.033706561702218300e-03
1.183214000000000071e-01 2.033706561702218300e-03
1.183276000000000050e-01 2.033706561702218300e-03
1.183338000000000029e-01 2.033706561702218300e-03
1.183400000000000007e-01 2.033706561702218300e-03
1.183461999999999986e-01 2.015048703337977889e-03
1.183523999999999965e-01 2.015048703337977889e-03
1.183586000000000082e-01 2.015048703337977889e-03
1.183648000000000061e-01 1.940417269881015592e-03
1.183710000000000040e-01 1.940417269881015592e-03
1.183772000000000019e-01 1.940417269881015592e-03
1.183833999999999997e-01 1.940417269881015592e-03
1.183895999999999976e-01 1.940417269881015592e-03
1.183957999999999955e-01 1.828470119695572473e-03
1.184020000000000072e-01 1.828470119695572473e-03
1.184082000000000051e-01 1.828470119695572473e-03
1.184144000000000030e-01 1.809812261331331844e-03
1.184206000000000009e-01 1.809812261331331844e-03
1.184267999999999987e-01 1.623233677688926428e-03
1.184329999999999966e-01 1.623233677688926428e-03
1.184392000000000084e-01 1.623233677688926428e-03
1.184454000000000062e-01 1.623233677688926428e-03
1.184516000000000041e-01 1.623233677688926428e-03
1.184578000000000020e-01 1.623233677688926428e-03
1.184639999999999999e-01 1.623233677688926428e-03
1.184701999999999977e-01 1.623233677688926428e-03
1.184764000000000095e-01 1.623233677688926428e-03
1.184826000000000074e-01 1.623233677688926428e-03
1.184888000000000052e-01 1.623233677688926428e-03
1.184950000000000031e-01 1.623233677688926428e-03
1.185012000000000010e-01 1.492628669139242897e-03
1.185073999999999989e-01 1.492628669139242897e-03
1.185135999999999967e-01 1.492628669139242897e-03
1.185198000000000085e-01 1.492628669139242897e-03
1.185260000000000064e-01 1.492628669139242897e-03
1.185322000000000042e-01 1.492628669139242897e-03
1.185384000000000021e-01 1.492628669139242897e-03
1.185446000000000000e-01 1.492628669139242897e-03
1.185507999999999978e-01 1.492628669139242897e-03
1.185569999999999957e-01 1.492628669139242897e-03
1.185632000000000075e-01 1.492628669139242897e-03
1.185694000000000053e-01 1.492628669139242897e-03
1.185756000000000032e-01 1.492628669139242897e-03
1.185818000000000011e-01 1.417997235682280600e-03
1.185879999999999990e-01 1.417997235682280600e-03
1.185941999999999968e-01 1.417997235682280600e-03
1.186004000000000086e-01 1.417997235682280600e-03
1.186066000000000065e-01 1.417997235682280600e-03
1.186128000000000043e-01 1.417997235682280600e-03
1.186190000000000022e-01 1.399339377318040189e-03
1.186252000000000001e-01 1.399339377318040189e-03
1.186313999999999980e-01 1.399339377318040189e-03
1.186375999999999958e-01 1.399339377318040189e-03
1.186438000000000076e-01 1.380681518953799560e-03
1.186500000000000055e-01 1.380681518953799560e-03
1.186562000000000033e-01 1.231418652039875401e-03
1.186624000000000012e-01 1.175445076947153732e-03
1.186685999999999991e-01 1.175445076947153732e-03
1.186747999999999970e-01 1.175445076947153732e-03
1.186810000000000087e-01 1.138129360218672692e-03
1.186872000000000066e-01 1.138129360218672692e-03
1.186934000000000045e-01 1.138129360218672692e-03
1.186996000000000023e-01 1.026182210033229356e-03
1.187058000000000002e-01 1.007524351668988944e-03
1.187119999999999981e-01 1.007524351668988944e-03
1.187181999999999960e-01 1.007524351668988944e-03
1.187244000000000077e-01 9.702086349405077961e-04
1.187306000000000056e-01 8.955772014835457163e-04
1.187368000000000035e-01 8.955772014835457163e-04
1.187430000000000013e-01 8.955772014835457163e-04
1.187491999999999992e-01 8.955772014835457163e-04
1.187553999999999971e-01 8.955772014835457163e-04
1.187615999999999949e-01 8.955772014835457163e-04
1.187678000000000067e-01 8.955772014835457163e-04
1.187740000000000046e-01 8.955772014835457163e-04
1.187802000000000024e-01 7.836300512981024882e-04
1.187864000000000003e-01 7.089986178411403000e-04
1.187925999999999982e-01 6.716829011126592601e-04
1.187987999999999961e-01 6.716829011126592601e-04
1.188050000000000078e-01 6.716829011126592601e-04
1.188112000000000057e-01 6.716829011126592601e-04
1.188174000000000036e-01 6.716829011126592601e-04
1.188236000000000014e-01 6.343671843841782202e-04
1.188297999999999993e-01 6.343671843841782202e-04
1.188359999999999972e-01 6.343671843841782202e-04
1.188422000000000089e-01 6.343671843841782202e-04
1.188484000000000068e-01 6.343671843841782202e-04
1.188546000000000047e-01 6.343671843841782202e-04
1.188608000000000026e-01 6.343671843841782202e-04
1.188670000000000004e-01 6.343671843841782202e-04
1.188731999999999983e-01 6.343671843841782202e-04
1.188793999999999962e-01 6.343671843841782202e-04
1.188856000000000079e-01 6.343671843841782202e-04
1.188918000000000058e-01 6.343671843841782202e-04
1.188980000000000037e-01 6.343671843841782202e-04
1.189042000000000016e-01 6.343671843841782202e-04
1.189103999999999994e-01 6.343671843841782202e-04
1.189165999999999973e-01 6.343671843841782202e-04
1.189227999999999952e-01 6.343671843841782202e-04
1.189290000000000069e-01 6.157093260199377003e-04
1.189352000000000048e-01 6.157093260199377003e-04
1.189414000000000027e-01 6.157093260199377003e-04
1.189476000000000006e-01 6.157093260199377003e-04
1.189537999999999984e-01 6.157093260199377003e-04
1.189599999999999963e-01 3.171835921920891101e-04
1.189662000000000081e-01 2.798678754636080160e-04
1.189724000000000059e-01 2.798678754636080160e-04
1.189786000000000038e-01 2.798678754636080160e-04
1.189848000000000017e-01 2.798678754636080160e-04
1.189909999999999995e-01 2.798678754636080160e-04
1.189971999999999974e-01 2.798678754636080160e-04
1.190034000000000092e-01 2.798678754636080160e-04
1.190096000000000070e-01 2.798678754636080160e-04
1.190158000000000049e-01 2.798678754636080160e-04
1.190220000000000028e-01 2.798678754636080160e-04
1.190282000000000007e-01 2.798678754636080160e-04
1.190343999999999985e-01 2.798678754636080160e-04
1.190405999999999964e-01 2.798678754636080160e-04
1.190468000000000082e-01 2.798678754636080160e-04
1.190530000000000060e-01 2.798678754636080160e-04
1.190592000000000039e-01 2.798678754636080160e-04
1.190654000000000018e-01 2.798678754636080160e-04
1.190715999999999997e-01 2.798678754636080160e-04
1.190777999999999975e-01 2.798678754636080160e-04
1.190839999999999954e-01 2.798678754636080160e-04
1.190902000000000072e-01 2.798678754636080160e-04
1.190964000000000050e-01 2.798678754636080160e-04
1.191026000000000029e-01 2.798678754636080160e-04
1.191088000000000008e-01 2.798678754636080160e-04
1.191149999999999987e-01 2.798678754636080160e-04
1.191211999999999965e-01 2.425521587351269490e-04
1.191274000000000083e-01 2.425521587351269490e-04
1.191336000000000062e-01 2.425521587351269490e-04
1.191398000000000040e-01 2.425521587351269490e-04
1.191460000000000019e-01 2.425521587351269490e-04
1.191521999999999998e-01 2.425521587351269490e-04
1.191583999999999977e-01 2.425521587351269490e-04
1.191645999999999955e-01 2.425521587351269490e-04
1.191708000000000073e-01 2.425521587351269490e-04
1.191770000000000052e-01 2.425521587351269490e-04
1.191832000000000030e-01 2.425521587351269490e-04
1.191894000000000009e-01 2.425521587351269490e-04
1.191955999999999988e-01 2.425521587351269490e-04
1.192017999999999966e-01 2.425521587351269490e-04
1.192080000000000084e-01 2.425521587351269490e-04
1.192142000000000063e-01 2.425521587351269490e-04
1.192204000000000041e-01 2.425521587351269490e-04
1.192266000000000020e-01 2.425521587351269490e-04
1.192327999999999999e-01 2.425521587351269490e-04
1.192389999999999978e-01 2.425521587351269490e-04
1.192451999999999956e-01 2.425521587351269490e-04
1.192514000000000074e-01 2.425521587351269490e-04
1.192576000000000053e-01 2.425521587351269490e-04
1.192638000000000031e-01 2.425521587351269490e-04
1.192700000000000010e-01 2.425521587351269490e-04
1.192761999999999989e-01 2.425521587351269490e-04
1.192823999999999968e-01 2.425521587351269490e-04
1.192885999999999946e-01 2.425521587351269490e-04
1.192948000000000064e-01 2.425521587351269490e-04
1.193010000000000043e-01 2.425521587351269490e-04
1.193072000000000021e-01 2.425521587351269490e-04
1.193134000000000000e-01 2.425521587351269490e-04
1.193195999999999979e-01 2.425521587351269490e-04
1.193257999999999958e-01 2.425521587351269490e-04
1.193320000000000075e-01 2.425521587351269490e-04
1.193382000000000054e-01 2.425521587351269490e-04
1.193444000000000033e-01 2.425521587351269490e-04
1.193506000000000011e-01 2.425521587351269490e-04
1.193567999999999990e-01 2.425521587351269490e-04
1.193629999999999969e-01 2.425521587351269490e-04
1.193692000000000086e-01 2.425521587351269490e-04
1.193754000000000065e-01 2.425521587351269490e-04
1.193816000000000044e-01 2.425521587351269490e-04
1.193878000000000023e-01 2.425521587351269490e-04
1.193940000000000001e-01 2.425521587351269490e-04
1.194001999999999980e-01 2.425521587351269490e-04
1.194063999999999959e-01 2.425521587351269490e-04
1.194126000000000076e-01 2.052364420066458820e-04
1.194188000000000055e-01 2.052364420066458820e-04
1.194250000000000034e-01 2.052364420066458820e-04
1.194312000000000012e-01 2.052364420066458820e-04
1.194373999999999991e-01 2.052364420066458820e-04
1.194435999999999970e-01 2.052364420066458820e-04
1.194497999999999949e-01 2.052364420066458820e-04
1.194560000000000066e-01 2.052364420066458820e-04
1.194622000000000045e-01 2.052364420066458820e-04
1.194684000000000024e-01 2.052364420066458820e-04
1.194746000000000002e-01 2.052364420066458820e-04
1.194807999999999981e-01 2.052364420066458820e-04
1.194869999999999960e-01 2.052364420066458820e-04
1.194932000000000077e-01 2.052364420066458820e-04
1.194994000000000056e-01 2.052364420066458820e-04
1.195056000000000035e-01 2.052364420066458820e-04
1.195118000000000014e-01 2.052364420066458820e-04
1.195179999999999992e-01 2.052364420066458820e-04
1.195241999999999971e-01 2.052364420066458820e-04
1.195304000000000089e-01 2.052364420066458820e-04
1.195366000000000067e-01 2.052364420066458820e-04
1.195428000000000046e-01 2.052364420066458820e-04
1.195490000000000025e-01 2.052364420066458820e-04
1.195552000000000004e-01 2.052364420066458820e-04
1.195613999999999982e-01 2.052364420066458820e-04
1.195675999999999961e-01 2.052364420066458820e-04
1.195738000000000079e-01 2.052364420066458820e-04
1.195800000000000057e-01 1.119471501854432145e-04
1.195862000000000036e-01 1.119471501854432145e-04
1.195924000000000015e-01 1.119471501854432145e-04
1.195985999999999994e-01 1.119471501854432145e-04
1.196047999999999972e-01 1.119471501854432145e-04
1.196109999999999951e-01 1.119471501854432145e-04
1.196172000000000069e-01 1.119471501854432145e-04
1.196234000000000047e-01 1.119471501854432145e-04
1.196296000000000026e-01 1.119471501854432145e-04
1.196358000000000005e-01 1.119471501854432145e-04
1.196419999999999983e-01 1.119471501854432145e-04
1.196481999999999962e-01 1.119471501854432145e-04
1.196544000000000080e-01 1.119471501854432145e-04
1.196606000000000058e-01 1.119471501854432145e-04
1.196668000000000037e-01 1.119471501854432145e-04
1.196730000000000016e-01 1.119471501854432145e-04
1.196791999999999995e-01 1.119471501854432145e-04
1.196853999999999973e-01 1.119471501854432145e-04
1.196915999999999952e-01 1.119471501854432145e-04
1.196978000000000070e-01 1.119471501854432145e-04
1.197040000000000048e-01 1.119471501854432145e-04
1.197102000000000027e-01 1.119471501854432145e-04
1.197164000000000006e-01 1.119471501854432145e-04
1.197225999999999985e-01 1.119471501854432145e-04
1.197287999999999963e-01 1.119471501854432145e-04
1.197350000000000081e-01 1.119471501854432145e-04
1.197412000000000060e-01 1.119471501854432145e-04
1.197474000000000038e-01 1.119471501854432145e-04
1.197536000000000017e-01 1.119471501854432145e-04
1.197597999999999996e-01 1.119471501854432145e-04
1.197659999999999975e-01 1.119471501854432145e-04
1.197721999999999953e-01 3.731571672848107377e-05
1.197784000000000071e-01 3.731571672848107377e-05
1.197846000000000050e-01 3.731571672848107377e-05
1.197908000000000028e-01 3.731571672848107377e-05
1.197970000000000007e-01 3.731571672848107377e-05
1.198031999999999986e-01 3.731571672848107377e-05
1.198093999999999965e-01 3.731571672848107377e-05
1.198155999999999943e-01 3.731571672848107377e-05
1.198218000000000061e-01 3.731571672848107377e-05
1.198280000000000040e-01 3.731571672848107377e-05
1.198342000000000018e-01 3.731571672848107377e-05
1.198403999999999997e-01 3.731571672848107377e-05
1.198465999999999976e-01 3.731571672848107377e-05
1.198527999999999955e-01 3.731571672848107377e-05
1.198590000000000072e-01 3.731571672848107377e-05
1.198652000000000051e-01 3.731571672848107377e-05
1.198714000000000029e-01 3.731571672848107377e-05
1.198776000000000008e-01 3.731571672848107377e-05
1.198837999999999987e-01 3.731571672848107377e-05
1.198899999999999966e-01 3.731571672848107377e-05
1.198962000000000083e-01 3.731571672848107377e-05
1.199024000000000062e-01 3.731571672848107377e-05
1.199086000000000041e-01 3.731571672848107377e-05
1.199148000000000019e-01 3.731571672848107377e-05
1.199209999999999998e-01 3.731571672848107377e-05
1.199271999999999977e-01 3.731571672848107377e-05
1.199333999999999956e-01 3.731571672848107377e-05
1.199396000000000073e-01 3.731571672848107377e-05
1.199458000000000052e-01 3.731571672848107377e-05
1.199520000000000031e-01 3.731571672848107377e-05
1.199582000000000009e-01 3.731571672848107377e-05
1.199643999999999988e-01 3.731571672848107377e-05
1.199705999999999967e-01 3.731571672848107377e-05
1.199767999999999946e-01 3.731571672848107377e-05
1.199830000000000063e-01 3.731571672848107377e-05
1.199892000000000042e-01 3.731571672848107377e-05
1.199954000000000021e-01 3.731571672848107377e-05
1.200015999999999999e-01 3.731571672848107377e-05
1.200077999999999978e-01 3.731571672848107377e-05
1.200139999999999957e-01 3.731571672848107377e-05
1.200202000000000074e-01 3.731571672848107377e-05
1.200264000000000053e-01 3.731571672848107377e-05
1.200326000000000032e-01 3.731571672848107377e-05
1.200388000000000011e-01 3.731571672848107377e-05
1.200449999999999989e-01 3.731571672848107377e-05
1.200511999999999968e-01 3.731571672848107377e-05
1.200574000000000086e-01 3.731571672848107377e-05
1.200636000000000064e-01 3.731571672848107377e-05
1.200698000000000043e-01 3.731571672848107377e-05
1.200760000000000022e-01 3.731571672848107377e-05
1.200822000000000001e-01 3.731571672848107377e-05
1.200883999999999979e-01 3.731571672848107377e-05
1.200945999999999958e-01 3.731571672848107377e-05
1.201008000000000076e-01 1.865785836424053689e-05
1.201070000000000054e-01 1.865785836424053689e-05
1.201132000000000033e-01 1.865785836424053689e-05
1.201194000000000012e-01 1.865785836424053689e-05
1.201255999999999990e-01 1.865785836424053689e-05
1.201317999999999969e-01 1.865785836424053689e-05
1.201379999999999948e-01 1.865785836424053689e-05
1.201442000000000065e-01 1.865785836424053689e-05
1.201504000000000044e-01 1.865785836424053689e-05
1.201566000000000023e-01 1.865785836424053689e-05
1.201628000000000002e-01 1.865785836424053689e-05
1.201689999999999980e-01 1.865785836424053689e-05
1.201751999999999959e-01 1.865785836424053689e-05
1.201814000000000077e-01 1.865785836424053689e-05
1.201876000000000055e-01 1.865785836424053689e-05
1.201938000000000034e-01 1.865785836424053689e-05
1.202000000000000013e-01 1.865785836424053689e-05
# Ensemble: [6^+], idetect: 0.1148
1.145000000000000046e-01 3.050932999720612493e-01
1.145057000000000019e-01 3.050932999720612493e-01
1.145113999999999993e-01 3.006251482368931249e-01
1.145171000000000106e-01 2.990575922414059340e-01
1.145228000000000079e-01 2.971197474280871664e-01
1.145285000000000053e-01 2.955275055114112148e-01
1.145342000000000027e-01 2.934662310921485884e-01
1.145399000000000000e-01 2.920714765449828332e-01
1.145456000000000113e-01 2.910593537762430905e-01
1.145513000000000087e-01 2.899114584409651085e-01
1.145570000000000060e-01 2.886154475785543960e-01
1.145627000000000034e-01 2.856161081541183644e-01
1.145684000000000008e-01 2.833079745229679647e-01
1.145740999999999982e-01 2.814318445126210988e-01
1.145798000000000094e-01 2.790373101573099812e-01
1.145855000000000068e-01 2.776548985707386619e-01
1.145912000000000042e-01 2.767168335655652567e-01
1.145969000000000015e-01 2.749764761217566300e-01
1.146025999999999989e-01 2.732854905203255802e-01
1.146083000000000102e-01 2.724338262393128929e-01
1.146140000000000075e-01 2.702861510958894931e-01
1.146197000000000049e-01 2.691999705635834683e-01
1.146254000000000023e-01 2.678669308193896703e-01
1.146310999999999997e-01 2.668177791688667311e-01
1.146368000000000109e-01 2.652378802127851598e-01
1.146425000000000083e-01 2.629420895422291959e-01
1.146482000000000057e-01 2.597822916300660534e-01
1.146539000000000030e-01 2.587825118219206910e-01
1.146596000000000004e-01 2.574494720777268930e-01
1.146652999999999978e-01 2.557091146339183219e-01
1.146710000000000090e-01 2.549561940376606772e-01
1.146767000000000064e-01 2.534256669239566828e-01
1.146824000000000038e-01 2.524999448793776580e-01
1.146881000000000012e-01 2.510064466474568046e-01
1.146937999999999985e-01 2.501794682876328779e-01
1.146995000000000098e-01 2.499079231545563440e-01
1.147052000000000072e-01 2.483280241984748282e-01
1.147109000000000045e-01 2.477355620899442112e-01
1.147166000000000019e-01 2.463284645821840757e-01
1.147222999999999993e-01 2.451682262863116857e-01
1.147280000000000105e-01 2.431069518670490315e-01
1.147337000000000079e-01 2.426132334432735682e-01
1.147394000000000053e-01 2.418726558076103317e-01
1.147451000000000026e-01 2.399841828366690855e-01
1.147508000000000000e-01 2.356518036680392281e-01
1.147565000000000113e-01 2.344175076086005005e-01
1.147622000000000086e-01 2.337880166182867425e-01
1.147679000000000060e-01 2.315786266718914688e-01
1.147736000000000034e-01 2.305294750213685573e-01
1.147793000000000008e-01 2.282460273114069460e-01
1.147849999999999981e-01 2.263945832222488685e-01
1.147907000000000094e-01 2.256293196653968713e-01
1.147964000000000068e-01 2.236050741279173582e-01
1.148021000000000041e-01 2.230990127435475145e-01
1.148078000000000015e-01 2.212105397726062683e-01
1.148134999999999989e-01 2.204329332551598630e-01
1.148192000000000101e-01 2.194454964076089087e-01
1.148249000000000075e-01 2.187913194961063901e-01
1.148306000000000049e-01 2.179149692939049143e-01
1.148363000000000023e-01 2.160882111259355975e-01
1.148419999999999996e-01 2.156315215839432753e-01
1.148477000000000109e-01 2.132863590710097068e-01
1.148534000000000083e-01 2.117805178784945008e-01
1.148591000000000056e-01 2.110275972822368840e-01
1.148648000000000030e-01 2.102006189224129296e-01
1.148705000000000004e-01 2.093119257596170457e-01
1.148761999999999978e-01 2.080899726607727540e-01
1.148819000000000090e-01 2.063249292957753667e-01
1.148876000000000064e-01 2.052757776452524552e-01
1.148933000000000038e-01 2.043623985612678107e-01
1.148990000000000011e-01 2.034983913196607153e-01
1.149046999999999985e-01 2.021900374966556779e-01
1.149104000000000098e-01 2.007705970283011898e-01
1.149161000000000071e-01 1.998325320231277291e-01
1.149218000000000045e-01 1.985365211607170999e-01
1.149275000000000019e-01 1.965986763473983046e-01
1.149331999999999993e-01 1.951545499578550280e-01
1.149389000000000105e-01 1.941547701497096656e-01
1.149446000000000079e-01 1.920441238880694623e-01
1.149503000000000053e-01 1.911307448040848178e-01
1.149560000000000026e-01 1.906123404591205661e-01
1.149617000000000000e-01 1.891311851877940930e-01
1.149673999999999974e-01 1.883659216309420681e-01
1.149731000000000086e-01 1.868600804384268621e-01
1.149788000000000060e-01 1.861441887239523862e-01
1.149845000000000034e-01 1.847617771373810391e-01
1.149902000000000007e-01 1.834657662749704099e-01
1.149958999999999981e-01 1.822561561367204708e-01
1.150016000000000094e-01 1.815155785010572342e-01
1.150073000000000067e-01 1.789605856580190890e-01
1.150130000000000041e-01 1.772572570959936866e-01
1.150187000000000015e-01 1.763315350514146340e-01
1.150243999999999989e-01 1.754551848492131583e-01
1.150301000000000101e-01 1.733939104299504763e-01
1.150358000000000075e-01 1.720732136463510864e-01
1.150415000000000049e-01 1.710857767988001044e-01
1.150472000000000022e-01 1.703698850843256563e-01
1.150528999999999996e-01 1.693330763943971529e-01
1.150586000000000109e-01 1.685924987587339163e-01
1.150643000000000082e-01 1.677902063200987504e-01
1.150700000000000056e-01 1.675186611870222164e-01
1.150757000000000030e-01 1.654697297283539426e-01
1.150814000000000004e-01 1.640132603782162857e-01
1.150870999999999977e-01 1.631739390577979509e-01
1.150928000000000090e-01 1.620754155648974904e-01
1.150985000000000064e-01 1.607794047024868334e-01
1.151042000000000037e-01 1.594587079188874157e-01
1.151099000000000011e-01 1.583848703471757435e-01
1.151155999999999985e-01 1.569037150758492982e-01
1.151213000000000097e-01 1.559779930312702456e-01
1.151270000000000071e-01 1.554102168439284448e-01
1.151327000000000045e-01 1.542376355874616467e-01
1.151384000000000019e-01 1.538550038090356620e-01
1.151440999999999992e-01 1.535217438729872264e-01
1.151498000000000105e-01 1.523121337347372595e-01
1.151555000000000079e-01 1.509050362269771239e-01
1.151612000000000052e-01 1.497077690493215651e-01
1.151669000000000026e-01 1.488684477289032582e-01
1.151726000000000000e-01 1.481278700932400216e-01
1.151782999999999973e-01 1.474983791029262914e-01
1.151840000000000086e-01 1.454124187624748765e-01
1.151897000000000060e-01 1.447088700085947810e-01
1.151954000000000033e-01 1.435486317127223910e-01
1.152011000000000007e-01 1.429314836830030411e-01
1.152067999999999981e-01 1.422773067715005224e-01
1.152125000000000093e-01 1.417218735447531019e-01
1.152182000000000067e-01 1.410800395938449914e-01
1.152239000000000041e-01 1.395495124801409692e-01
1.152296000000000015e-01 1.389200214898272390e-01
1.152352999999999988e-01 1.381053860905976649e-01
1.152410000000000101e-01 1.374882380608783150e-01
1.152467000000000075e-01 1.367106315434319097e-01
1.152524000000000048e-01 1.358836531836079831e-01
1.152581000000000022e-01 1.350813607449728171e-01
1.152637999999999996e-01 1.345876423211973538e-01
1.152695000000000108e-01 1.334891188282968932e-01
1.152752000000000082e-01 1.325633967837178406e-01
1.152809000000000056e-01 1.315265880937893372e-01
1.152866000000000030e-01 1.307613245369373400e-01
1.152923000000000003e-01 1.300948046648404133e-01
1.152979999999999977e-01 1.294282847927435143e-01
1.153037000000000090e-01 1.286259923541083483e-01
1.153094000000000063e-01 1.275891836641798172e-01
1.153151000000000037e-01 1.269350067526772985e-01
1.153208000000000011e-01 1.265894038560344825e-01
1.153264999999999985e-01 1.256513388508610496e-01
1.153322000000000097e-01 1.243676709490447868e-01
1.153379000000000071e-01 1.233678911408994383e-01
1.153436000000000045e-01 1.229605734412846652e-01
1.153493000000000018e-01 1.227877719929632433e-01
1.153549999999999992e-01 1.223681113327540759e-01
1.153607000000000105e-01 1.207635264554837579e-01
1.153664000000000078e-01 1.194304867112899321e-01
1.153721000000000052e-01 1.186158513120603858e-01
1.153778000000000026e-01 1.174309270949992212e-01
1.153835000000000000e-01 1.168631509076574204e-01
1.153891999999999973e-01 1.155424541240579750e-01
1.153949000000000086e-01 1.146167320794789501e-01
1.154006000000000060e-01 1.138761544438157275e-01
1.154063000000000033e-01 1.130862049657749419e-01
1.154120000000000007e-01 1.125184287784331272e-01
1.154176999999999981e-01 1.118272229851474536e-01
1.154234000000000093e-01 1.108397861375964855e-01
1.154291000000000067e-01 1.099757788959893900e-01
1.154348000000000041e-01 1.088895983636833237e-01
1.154405000000000014e-01 1.082847932945583541e-01
1.154461999999999988e-01 1.075565586194895118e-01
1.154519000000000101e-01 1.070381542745252462e-01
1.154576000000000074e-01 1.060754033481630526e-01
1.154633000000000048e-01 1.050509376188289157e-01
1.154690000000000022e-01 1.040635007712779614e-01
1.154746999999999996e-01 1.035327534657193016e-01
1.154804000000000108e-01 1.023478292486581370e-01
1.154861000000000082e-01 1.020639411549872366e-01
1.154918000000000056e-01 1.013233635193240140e-01
1.154975000000000029e-01 1.007802732531709600e-01
1.155032000000000003e-01 1.003112407505842574e-01
1.155088999999999977e-01 9.944723350897716196e-02
1.155146000000000089e-01 9.821293744953844829e-02
1.155203000000000063e-01 9.748470277446960597e-02
1.155260000000000037e-01 9.702801323247728371e-02
1.155317000000000011e-01 9.555920092174520486e-02
1.155373999999999984e-01 9.522594098569676924e-02
1.155431000000000097e-01 9.455942111359985636e-02
1.155488000000000071e-01 9.367072795080398639e-02
1.155545000000000044e-01 9.302889399989584807e-02
1.155602000000000018e-01 9.209082899472242900e-02
1.155658999999999992e-01 9.174522609807958529e-02
1.155716000000000104e-01 9.099230550182196842e-02
1.155773000000000078e-01 9.038750043269701273e-02
1.155830000000000052e-01 8.999252569367661991e-02
1.155887000000000026e-01 8.941240654574042490e-02
1.155943999999999999e-01 8.859777114651086471e-02
1.156000999999999973e-01 8.770907798371499475e-02
1.156058000000000086e-01 8.736347508707216492e-02
1.156115000000000059e-01 8.678335593913595603e-02
1.156172000000000033e-01 8.628963751536047888e-02
1.156229000000000007e-01 8.568483244623550932e-02
1.156285999999999980e-01 8.484551112581717458e-02
1.156343000000000093e-01 8.435179270204169744e-02
1.156400000000000067e-01 8.317921144557491320e-02
1.156457000000000040e-01 8.235223308575098655e-02
1.156514000000000014e-01 8.193257242554181918e-02
1.156570999999999988e-01 8.108090814452910411e-02
1.156628000000000100e-01 8.038970235124341668e-02
1.156685000000000074e-01 7.987129800627916498e-02
1.156742000000000048e-01 7.924180701596542087e-02
1.156799000000000022e-01 7.874808859218992985e-02
1.156855999999999995e-01 7.785939542939405988e-02
1.156912999999999969e-01 7.714350371491961178e-02
1.156970000000000082e-01 7.687195858184309172e-02
1.157027000000000055e-01 7.656338456698341677e-02
1.157084000000000029e-01 7.593389357666965878e-02
1.157141000000000003e-01 7.546486107408295618e-02
1.157197999999999977e-01 7.431696573880496037e-02
1.157255000000000089e-01 7.379856139384069480e-02
1.157312000000000063e-01 7.356404514254734350e-02
1.157369000000000037e-01 7.300861191579990916e-02
1.157426000000000010e-01 7.237912092548617893e-02
1.157482999999999984e-01 7.205820395003210976e-02
1.157540000000000097e-01 7.107076710248114160e-02
1.157597000000000070e-01 7.056470571811125636e-02
1.157654000000000044e-01 7.020675986087403231e-02
1.157711000000000018e-01 6.998458657017507523e-02
1.157767999999999992e-01 6.947852518580518999e-02
1.157825000000000104e-01 6.893543491965216374e-02
1.157882000000000078e-01 6.877497643192512222e-02
1.157939000000000052e-01 6.815782840220577232e-02
1.157996000000000025e-01 6.754068037248640854e-02
1.158052999999999999e-01 6.721976339703235326e-02
1.158109999999999973e-01 6.654090056434106004e-02
1.158167000000000085e-01 6.617061174650944178e-02
1.158224000000000059e-01 6.568923628332834497e-02
1.158281000000000033e-01 6.530660450490233249e-02
1.158338000000000007e-01 6.509677417479776962e-02
1.158394999999999980e-01 6.478820015993808079e-02
1.158452000000000093e-01 6.472648535696615135e-02
1.158509000000000067e-01 6.436853949972892730e-02
1.158566000000000040e-01 6.396122180011414027e-02
1.158623000000000014e-01 6.324533008563969216e-02
1.158679999999999988e-01 6.304784271612949575e-02
1.158737000000000100e-01 6.266521093770349715e-02
1.158794000000000074e-01 6.225789323808871706e-02
1.158851000000000048e-01 6.206040586857852759e-02
1.158908000000000021e-01 6.155434448420864929e-02
1.158964999999999995e-01 6.129514231172652344e-02
1.159022000000000108e-01 6.066565132141277933e-02
1.159079000000000081e-01 6.052987875487451930e-02
1.159136000000000055e-01 6.013490401585412648e-02
1.159193000000000029e-01 5.944369822256845293e-02
1.159250000000000003e-01 5.922152493186948197e-02
1.159306999999999976e-01 5.866609170512206151e-02
1.159364000000000089e-01 5.855500505977257603e-02
1.159421000000000063e-01 5.782677038470373371e-02
1.159478000000000036e-01 5.738242380330579873e-02
1.159535000000000010e-01 5.696276314309663830e-02
1.159591999999999984e-01 5.658013136467063969e-02
1.159649000000000096e-01 5.623452846802779598e-02
1.159706000000000070e-01 5.560503747771404492e-02
1.159763000000000044e-01 5.498788944799469502e-02
1.159820000000000018e-01 5.469165839372940041e-02
1.159876999999999991e-01 5.453119990600237277e-02
1.159934000000000104e-01 5.411153924579321234e-02
1.159991000000000078e-01 5.379062227033914317e-02
1.160048000000000051e-01 5.343267641310191218e-02
1.160105000000000025e-01 5.292661502873204082e-02
1.160161999999999999e-01 5.201323594474738937e-02
1.160218999999999973e-01 5.143311679681120130e-02
1.160276000000000085e-01 5.133437311205610309e-02
1.160333000000000059e-01 5.118625758492345579e-02
1.160390000000000033e-01 5.089002653065816811e-02
1.160447000000000006e-01 5.038396514628828982e-02
1.160503999999999980e-01 4.990258968310719301e-02
1.160561000000000093e-01 4.884109507198990119e-02
1.160618000000000066e-01 4.855720697831900079e-02
1.160675000000000040e-01 4.811286039692106581e-02
1.160732000000000014e-01 4.769319973671189844e-02
1.160788999999999987e-01 4.743399756422976565e-02
1.160846000000000100e-01 4.724885315531395652e-02
1.160903000000000074e-01 4.717479539174763981e-02
1.160960000000000047e-01 4.670576288916093027e-02
1.161017000000000021e-01 4.628610222895176290e-02
1.161073999999999995e-01 4.570598308101556789e-02
1.161130999999999969e-01 4.528632242080640052e-02
1.161188000000000081e-01 4.486666176059724703e-02
1.161245000000000055e-01 4.468151735168143790e-02
1.161302000000000029e-01 4.433591445503860112e-02
1.161359000000000002e-01 4.421248484909472837e-02
1.161415999999999976e-01 4.401499747958453196e-02
1.161473000000000089e-01 4.379282418888556100e-02
1.161530000000000062e-01 4.332379168629885147e-02
1.161587000000000036e-01 4.302756063203356379e-02
1.161644000000000010e-01 4.299053175025039503e-02
1.161700999999999984e-01 4.250915628706929822e-02
1.161758000000000096e-01 4.224995411458716543e-02
1.161815000000000070e-01 4.201543786329381414e-02
1.161872000000000044e-01 4.143531871535761912e-02
1.161929000000000017e-01 4.115143062168671179e-02
1.161985999999999991e-01 4.053428259196736189e-02
1.162043000000000104e-01 4.022570857710768000e-02
1.162100000000000077e-01 3.984307679868167446e-02
1.162157000000000051e-01 3.974433311392657625e-02
1.162214000000000025e-01 3.941107317787812675e-02
1.162270999999999999e-01 3.911484212361283214e-02
1.162327999999999972e-01 3.883095402994193174e-02
1.162385000000000085e-01 3.842363633032715858e-02
1.162442000000000059e-01 3.827552080319451128e-02
1.162499000000000032e-01 3.774477349763586537e-02
1.162556000000000006e-01 3.734979875861547949e-02
1.162612999999999980e-01 3.723871211326599401e-02
1.162670000000000092e-01 3.690545217721753757e-02
1.162727000000000066e-01 3.659687816235786262e-02
1.162784000000000040e-01 3.648579151700837714e-02
1.162841000000000014e-01 3.639939079284766621e-02
1.162897999999999987e-01 3.610315973858237854e-02
1.162955000000000100e-01 3.593035829026095668e-02
1.163012000000000074e-01 3.589332940847779485e-02
1.163069000000000047e-01 3.569584203896759844e-02
1.163126000000000021e-01 3.546132578767424021e-02
1.163182999999999995e-01 3.535023914232476167e-02
1.163239999999999968e-01 3.516509473340895253e-02
1.163297000000000081e-01 3.491823552152120702e-02
1.163354000000000055e-01 3.477011999438855971e-02
1.163411000000000028e-01 3.467137630963346845e-02
1.163468000000000002e-01 3.435045933417940622e-02
1.163524999999999976e-01 3.409125716169727344e-02
1.163582000000000088e-01 3.378268314683759155e-02
1.163639000000000062e-01 3.370862538327126789e-02
1.163696000000000036e-01 3.358519577732740208e-02
1.163753000000000010e-01 3.331365064425088202e-02
1.163809999999999983e-01 3.300507662939120707e-02
1.163867000000000096e-01 3.286930406285294703e-02
1.163924000000000070e-01 3.279524629928662338e-02
1.163981000000000043e-01 3.252370116621010332e-02
1.164038000000000017e-01 3.223981307253920292e-02
1.164094999999999991e-01 3.217809826956726654e-02
1.164152000000000103e-01 3.173375168816932462e-02
1.164209000000000077e-01 3.169672280638616974e-02
1.164266000000000051e-01 3.154860727925352243e-02
1.164323000000000025e-01 3.151157839747036060e-02
1.164379999999999998e-01 3.117831846142190763e-02
1.164436999999999972e-01 3.079568668299590903e-02
1.164494000000000085e-01 3.059819931348571262e-02
1.164551000000000058e-01 3.015385273208777764e-02
1.164608000000000032e-01 2.964779134771789934e-02
1.164665000000000006e-01 2.935156029345261167e-02
1.164721999999999980e-01 2.905532923918732052e-02
1.164779000000000092e-01 2.896892851502660959e-02
1.164836000000000066e-01 2.889487075146028941e-02
1.164893000000000040e-01 2.877144114551641318e-02
1.164950000000000013e-01 2.864801153957254390e-02
1.165006999999999987e-01 2.837646640649602731e-02
1.165064000000000100e-01 2.820366495817460892e-02
1.165121000000000073e-01 2.787040502212615595e-02
1.165178000000000047e-01 2.751245916488892843e-02
1.165235000000000021e-01 2.737668659835067186e-02
1.165291999999999994e-01 2.711748442586853908e-02
1.165348999999999968e-01 2.708045554408537725e-02
1.165406000000000081e-01 2.669782376565937518e-02
1.165463000000000054e-01 2.603130389356247271e-02
1.165520000000000028e-01 2.592021724821298723e-02
1.165577000000000002e-01 2.583381652405227630e-02
1.165633999999999976e-01 2.562398619394769608e-02
1.165691000000000088e-01 2.550055658800382333e-02
1.165748000000000062e-01 2.538946994265434132e-02
1.165805000000000036e-01 2.525369737611608476e-02
1.165862000000000009e-01 2.519198257314414491e-02
1.165918999999999983e-01 2.509323888838905017e-02
1.165976000000000096e-01 2.492043744006762832e-02
1.166033000000000069e-01 2.485872263709569194e-02
1.166090000000000043e-01 2.461186342520795337e-02
1.166147000000000017e-01 2.452546270104723897e-02
1.166203999999999991e-01 2.438969013450897894e-02
1.166261000000000103e-01 2.426626052856510965e-02
1.166318000000000077e-01 2.426626052856510965e-02
1.166375000000000051e-01 2.421688868618756055e-02
1.166432000000000024e-01 2.385894282895033650e-02
1.166488999999999998e-01 2.367379842003452736e-02
1.166545999999999972e-01 2.359974065646820718e-02
1.166603000000000084e-01 2.356271177468504188e-02
1.166660000000000058e-01 2.350099697171310897e-02
1.166717000000000032e-01 2.325413775982536693e-02
1.166774000000000006e-01 2.309367927209833582e-02
1.166830999999999979e-01 2.297024966615445959e-02
1.166888000000000092e-01 2.271104749367233375e-02
1.166945000000000066e-01 2.255058900594529916e-02
1.167002000000000039e-01 2.243950236059581715e-02
1.167059000000000013e-01 2.243950236059581715e-02
1.167115999999999987e-01 2.235310163643510623e-02
1.167173000000000099e-01 2.215561426692490982e-02
1.167230000000000073e-01 2.215561426692490982e-02
1.167287000000000047e-01 2.169892472493258756e-02
1.167344000000000021e-01 2.150143735542239115e-02
1.167400999999999994e-01 2.136566478888413459e-02
1.167457999999999968e-01 2.094600412867497069e-02
1.167515000000000081e-01 2.082257452273110140e-02
1.167572000000000054e-01 2.052634346846580679e-02
1.167629000000000028e-01 2.035354202014438840e-02
1.167686000000000002e-01 1.977342287220818992e-02
1.167742999999999975e-01 1.972405102983064776e-02
1.167800000000000088e-01 1.967467918745309866e-02
1.167857000000000062e-01 1.953890662091483862e-02
1.167914000000000035e-01 1.910690300011128745e-02
1.167971000000000009e-01 1.903284523654496380e-02
1.168027999999999983e-01 1.900815931535618925e-02
1.168085000000000095e-01 1.894644451238425634e-02
1.168142000000000069e-01 1.893410155178986559e-02
1.168199000000000043e-01 1.884770082762915813e-02
1.168256000000000017e-01 1.821820983731541402e-02
1.168312999999999990e-01 1.814415207374909383e-02
1.168369999999999964e-01 1.803306542839960488e-02
1.168427000000000077e-01 1.735420259570831514e-02
1.168484000000000050e-01 1.724311595035882966e-02
1.168541000000000024e-01 1.708265746263179855e-02
1.168597999999999998e-01 1.708265746263179855e-02
1.168654999999999972e-01 1.698391377787670034e-02
1.168712000000000084e-01 1.666299680242263465e-02
1.168769000000000058e-01 1.653956719647876189e-02
1.168826000000000032e-01 1.632973686637418168e-02
1.168883000000000005e-01 1.608287765448643963e-02
1.168939999999999979e-01 1.593476212735379233e-02
1.168997000000000092e-01 1.577430363962676121e-02
1.169054000000000065e-01 1.577430363962676121e-02
1.169111000000000039e-01 1.571258883665482484e-02
1.169168000000000013e-01 1.557681627011656654e-02
1.169224999999999987e-01 1.546572962476708279e-02
1.169282000000000099e-01 1.539167186120075914e-02
1.169339000000000073e-01 1.534230001882321177e-02
1.169396000000000047e-01 1.519418449169056447e-02
1.169453000000000020e-01 1.519418449169056447e-02
1.169509999999999994e-01 1.498435416158598599e-02
1.169566999999999968e-01 1.491029639801966233e-02
1.169624000000000080e-01 1.434252021067785286e-02
1.169681000000000054e-01 1.405863211700694899e-02
1.169738000000000028e-01 1.376240106274165612e-02
1.169795000000000001e-01 1.365131441739217237e-02
1.169851999999999975e-01 1.355257073263707764e-02
1.169909000000000088e-01 1.340445520550443033e-02
1.169966000000000061e-01 1.324399671777739748e-02
1.170023000000000035e-01 1.312056711183352646e-02
1.170080000000000009e-01 1.312056711183352646e-02
1.170136999999999983e-01 1.302182342707842999e-02
1.170194000000000095e-01 1.293542270291771906e-02
1.170251000000000069e-01 1.286136493935139714e-02
1.170308000000000043e-01 1.272559237281313711e-02
1.170365000000000016e-01 1.266387756984120247e-02
1.170421999999999990e-01 1.254044796389732971e-02
1.170479000000000103e-01 1.250341908211416962e-02
1.170536000000000076e-01 1.231827467319836222e-02
1.170593000000000050e-01 1.228124579141520213e-02
1.170650000000000024e-01 1.215781618547132938e-02
1.170706999999999998e-01 1.215781618547132938e-02
1.170763999999999971e-01 1.203438657952745836e-02
1.170821000000000084e-01 1.196032881596113644e-02
1.170878000000000058e-01 1.176284144645094176e-02
1.170935000000000031e-01 1.168878368288461811e-02
1.170992000000000005e-01 1.161472591931829619e-02
1.171048999999999979e-01 1.159003999812952164e-02
1.171106000000000091e-01 1.159003999812952164e-02
1.171163000000000065e-01 1.152832519515758526e-02
1.171220000000000039e-01 1.093586308662700297e-02
1.171277000000000013e-01 1.065197499295609911e-02
1.171333999999999986e-01 1.056557426879538991e-02
1.171391000000000099e-01 1.018294249036938957e-02
1.171448000000000073e-01 1.017059952977500056e-02
1.171505000000000046e-01 1.014591360858622601e-02
1.171562000000000020e-01 9.985455120859193165e-03
1.171618999999999994e-01 9.985455120859193165e-03
1.171675999999999968e-01 9.886711436104094960e-03
1.171733000000000080e-01 9.787967751349000226e-03
1.171790000000000054e-01 9.775624790754611215e-03
1.171847000000000028e-01 9.713909987782676572e-03
1.171904000000000001e-01 9.578137421244418276e-03
1.171960999999999975e-01 9.392993012328610877e-03
1.172018000000000088e-01 9.392993012328610877e-03
1.172075000000000061e-01 9.281906366979127132e-03
1.172132000000000035e-01 9.133790839846481560e-03
1.172189000000000009e-01 9.084418997468932458e-03
1.172245999999999982e-01 9.035047155091385090e-03
1.172303000000000095e-01 9.010361233902610539e-03
1.172360000000000069e-01 8.911617549147512335e-03
1.172417000000000042e-01 8.825216824986803141e-03
1.172474000000000016e-01 8.590700573693446640e-03
1.172530999999999990e-01 8.590700573693446640e-03
1.172587999999999964e-01 8.590700573693446640e-03
1.172645000000000076e-01 8.590700573693446640e-03
1.172702000000000050e-01 8.245097677050606394e-03
1.172759000000000024e-01 8.146353992295509924e-03
1.172815999999999997e-01 8.146353992295509924e-03
1.172872999999999971e-01 8.059953268134800730e-03
1.172930000000000084e-01 8.035267346946026179e-03
1.172987000000000057e-01 7.862465898624606056e-03
1.173044000000000031e-01 7.837779977435833240e-03
1.173101000000000005e-01 7.800751095652670546e-03
1.173157999999999979e-01 7.800751095652670546e-03
1.173215000000000091e-01 7.726693332086347760e-03
1.173272000000000065e-01 7.615606686736864014e-03
1.173329000000000039e-01 7.455148199009831167e-03
1.173386000000000012e-01 7.455148199009831167e-03
1.173442999999999986e-01 7.442805238415443891e-03
1.173500000000000099e-01 7.430462277821056616e-03
1.173557000000000072e-01 7.344061553660345687e-03
1.173614000000000046e-01 7.257660829499636493e-03
1.173671000000000020e-01 7.257660829499636493e-03
1.173727999999999994e-01 7.245317868905249217e-03
1.173784999999999967e-01 7.232974908310861942e-03
1.173842000000000080e-01 7.121888262961378196e-03
1.173899000000000054e-01 7.023144578206280859e-03
1.173956000000000027e-01 6.998458657017506308e-03
1.174013000000000001e-01 6.973772735828731757e-03
1.174069999999999975e-01 6.924400893451184390e-03
1.174127000000000087e-01 6.924400893451184390e-03
1.174184000000000061e-01 6.763942405724151542e-03
1.174241000000000035e-01 6.763942405724151542e-03
1.174298000000000008e-01 6.763942405724151542e-03
1.174354999999999982e-01 6.763942405724151542e-03
1.174412000000000095e-01 6.763942405724151542e-03
1.174469000000000068e-01 6.763942405724151542e-03
1.174526000000000042e-01 6.726913523940989716e-03
1.174583000000000016e-01 6.591140957402731419e-03
1.174639999999999990e-01 6.578797996808344144e-03
1.174696999999999963e-01 6.183823257787955663e-03
1.174754000000000076e-01 6.122108454816019285e-03
1.174811000000000050e-01 6.122108454816019285e-03
1.174868000000000023e-01 6.122108454816019285e-03
1.174924999999999997e-01 6.109765494221632010e-03
1.174981999999999971e-01 5.986335888277760989e-03
1.175039000000000083e-01 5.875249242928277243e-03
1.175096000000000057e-01 5.764162597578792631e-03
1.175153000000000031e-01 5.665418912823696161e-03
1.175210000000000005e-01 5.554332267474212416e-03
1.175266999999999978e-01 5.480274503907888763e-03
1.175324000000000091e-01 5.418559700935952385e-03
1.175381000000000065e-01 5.418559700935952385e-03
1.175438000000000038e-01 5.406216740341565977e-03
1.175495000000000012e-01 5.369187858558405017e-03
1.175551999999999986e-01 5.356844897964017742e-03
1.175608999999999960e-01 5.332158976775243191e-03
1.175666000000000072e-01 5.332158976775243191e-03
1.175723000000000046e-01 5.332158976775243191e-03
1.175780000000000020e-01 5.332158976775243191e-03
1.175836999999999993e-01 5.332158976775243191e-03
1.175893999999999967e-01 5.332158976775243191e-03
1.175951000000000080e-01 5.295130094992081364e-03
1.176008000000000053e-01 5.295130094992081364e-03
1.176065000000000027e-01 5.295130094992081364e-03
1.176122000000000001e-01 5.295130094992081364e-03
1.176178999999999975e-01 5.295130094992081364e-03
1.176236000000000087e-01 5.295130094992081364e-03
1.176293000000000061e-01 5.233415292020145854e-03
1.176350000000000035e-01 5.221072331425758578e-03
1.176407000000000008e-01 5.159357528453823068e-03
1.176463999999999982e-01 5.023584961915565639e-03
1.176521000000000094e-01 4.529866538140079821e-03
1.176578000000000068e-01 4.443465813979369759e-03
1.176635000000000042e-01 4.381751011007433382e-03
1.176692000000000016e-01 4.208949562686013258e-03
1.176748999999999989e-01 4.122548838525303197e-03
1.176805999999999963e-01 4.110205877930916789e-03
1.176863000000000076e-01 4.097862917336529513e-03
1.176920000000000049e-01 4.073176996147754962e-03
1.176977000000000023e-01 3.999119232581432176e-03
1.177033999999999997e-01 3.999119232581432176e-03
1.177090999999999971e-01 3.999119232581432176e-03
1.177148000000000083e-01 3.962090350798271217e-03
1.177205000000000057e-01 3.949747390203883941e-03
1.177262000000000031e-01 3.813974823665625645e-03
1.177319000000000004e-01 3.813974823665625645e-03
1.177375999999999978e-01 3.801631863071238369e-03
1.177433000000000091e-01 3.739917060099302859e-03
1.177490000000000064e-01 3.739917060099302859e-03
1.177547000000000038e-01 3.739917060099302859e-03
1.177604000000000012e-01 3.739917060099302859e-03
1.177660999999999986e-01 3.690545217721753757e-03
1.177718000000000098e-01 3.665859296532979639e-03
1.177775000000000072e-01 3.653516335938592798e-03
1.177832000000000046e-01 3.653516335938592798e-03
1.177889000000000019e-01 3.653516335938592798e-03
1.177945999999999993e-01 3.616487454155430971e-03
1.178002999999999967e-01 3.542429690589108185e-03
1.178060000000000079e-01 3.542429690589108185e-03
1.178117000000000053e-01 3.542429690589108185e-03
1.178174000000000027e-01 3.542429690589108185e-03
1.178231000000000001e-01 3.542429690589108185e-03
1.178287999999999974e-01 3.542429690589108185e-03
1.178345000000000087e-01 3.480714887617172675e-03
1.178402000000000061e-01 3.480714887617172675e-03
1.178459000000000034e-01 3.480714887617172675e-03
1.178516000000000008e-01 3.480714887617172675e-03
1.178572999999999982e-01 3.419000084645236730e-03
1.178630000000000094e-01 3.406657124050849455e-03
1.178687000000000068e-01 3.406657124050849455e-03
1.178744000000000042e-01 3.406657124050849455e-03
1.178801000000000015e-01 3.406657124050849455e-03
1.178857999999999989e-01 3.406657124050849455e-03
1.178914999999999963e-01 3.406657124050849455e-03
1.178972000000000075e-01 3.381971202862075771e-03
1.179029000000000049e-01 3.357285281673301220e-03
1.179086000000000023e-01 3.283227518106978434e-03
1.179142999999999997e-01 3.246198636323817041e-03
1.179199999999999970e-01 3.246198636323817041e-03
1.179257000000000083e-01 3.246198636323817041e-03
1.179314000000000057e-01 3.246198636323817041e-03
1.179371000000000030e-01 3.196826793946268373e-03
1.179428000000000004e-01 3.172140872757494255e-03
1.179484999999999978e-01 3.172140872757494255e-03
1.179542000000000090e-01 3.172140872757494255e-03
1.179599000000000064e-01 3.135111990974332428e-03
1.179656000000000038e-01 3.135111990974332428e-03
1.179713000000000012e-01 3.135111990974332428e-03
1.179769999999999985e-01 3.135111990974332428e-03
1.179826999999999959e-01 3.135111990974332428e-03
1.179884000000000072e-01 3.122769030379946020e-03
1.179941000000000045e-01 3.122769030379946020e-03
1.179998000000000019e-01 3.085740148596784194e-03
1.180054999999999993e-01 3.085740148596784194e-03
1.180111999999999967e-01 3.085740148596784194e-03
1.180169000000000079e-01 3.085740148596784194e-03
1.180226000000000053e-01 3.085740148596784194e-03
1.180283000000000027e-01 3.085740148596784194e-03
1.180340000000000000e-01 3.085740148596784194e-03
1.180396999999999974e-01 3.085740148596784194e-03
1.180454000000000087e-01 3.085740148596784194e-03
1.180511000000000060e-01 2.875909818492202678e-03
1.180568000000000034e-01 2.875909818492202678e-03
1.180625000000000008e-01 2.875909818492202678e-03
1.180681999999999982e-01 2.826537976114654443e-03
1.180739000000000094e-01 2.826537976114654443e-03
1.180796000000000068e-01 2.826537976114654443e-03
1.180853000000000042e-01 2.826537976114654443e-03
1.180910000000000015e-01 2.727794291359557106e-03
1.180966999999999989e-01 2.727794291359557106e-03
1.181023999999999963e-01 2.727794291359557106e-03
1.181081000000000075e-01 2.653736527793234320e-03
1.181138000000000049e-01 2.641393567198847478e-03
1.181195000000000023e-01 2.629050606604460202e-03
1.181251999999999996e-01 2.629050606604460202e-03
1.181308999999999970e-01 2.530306921849362865e-03
1.181366000000000083e-01 2.530306921849362865e-03
1.181423000000000056e-01 2.530306921849362865e-03
1.181480000000000030e-01 2.480935079471814630e-03
1.181537000000000004e-01 2.480935079471814630e-03
1.181593999999999978e-01 2.480935079471814630e-03
1.181651000000000090e-01 2.480935079471814630e-03
1.181708000000000064e-01 2.480935079471814630e-03
1.181765000000000038e-01 2.468592118877427355e-03
1.181822000000000011e-01 2.468592118877427355e-03
1.181878999999999985e-01 2.468592118877427355e-03
1.181936000000000098e-01 2.468592118877427355e-03
1.181993000000000071e-01 2.468592118877427355e-03
1.182050000000000045e-01 2.320476591744781783e-03
1.182107000000000019e-01 2.184704025206523053e-03
1.182163999999999993e-01 2.184704025206523053e-03
1.182220999999999966e-01 2.184704025206523053e-03
1.182278000000000079e-01 2.184704025206523053e-03
1.182335000000000053e-01 2.184704025206523053e-03
1.182392000000000026e-01 2.184704025206523053e-03
1.182449000000000000e-01 2.184704025206523053e-03
1.182505999999999974e-01 2.122989222234587543e-03
1.182563000000000086e-01 2.122989222234587543e-03
1.182620000000000060e-01 2.122989222234587543e-03
1.182677000000000034e-01 2.122989222234587543e-03
1.182734000000000008e-01 2.122989222234587543e-03
1.182790999999999981e-01 2.122989222234587543e-03
1.182847999999999955e-01 2.122989222234587543e-03
1.182905000000000068e-01 2.098303301045812991e-03
1.182962000000000041e-01 2.098303301045812991e-03
1.183019000000000015e-01 2.098303301045812991e-03
1.183075999999999989e-01 2.098303301045812991e-03
1.183132999999999962e-01 2.098303301045812991e-03
1.183190000000000075e-01 2.098303301045812991e-03
1.183247000000000049e-01 2.098303301045812991e-03
1.183304000000000022e-01 2.036588498073877481e-03
1.183360999999999996e-01 2.036588498073877481e-03
1.183417999999999970e-01 1.950187773913167636e-03
1.183475000000000082e-01 1.925501852724393302e-03
1.183532000000000056e-01 1.925501852724393302e-03
1.183589000000000030e-01 1.925501852724393302e-03
1.183646000000000004e-01 1.888472970941231909e-03
1.183702999999999977e-01 1.888472970941231909e-03
1.183760000000000090e-01 1.888472970941231909e-03
1.183817000000000064e-01 1.863787049752457792e-03
1.183874000000000037e-01 1.863787049752457792e-03
1.183931000000000011e-01 1.839101128563683241e-03
1.183987999999999985e-01 1.802072246780521848e-03
1.184044999999999959e-01 1.802072246780521848e-03
1.184102000000000071e-01 1.802072246780521848e-03
1.184159000000000045e-01 1.802072246780521848e-03
1.184216000000000019e-01 1.802072246780521848e-03
1.184272999999999992e-01 1.715671522619812003e-03
1.184329999999999966e-01 1.616927837864714883e-03
1.184387000000000079e-01 1.616927837864714883e-03
1.184444000000000052e-01 1.616927837864714883e-03
1.184501000000000026e-01 1.616927837864714883e-03
1.184558000000000000e-01 1.616927837864714883e-03
1.184614999999999974e-01 1.616927837864714883e-03
1.184672000000000086e-01 1.616927837864714883e-03
1.184729000000000060e-01 1.616927837864714883e-03
1.184786000000000034e-01 1.592241916675940765e-03
1.184843000000000007e-01 1.592241916675940765e-03
1.184899999999999981e-01 1.592241916675940765e-03
1.184957000000000094e-01 1.592241916675940765e-03
1.185014000000000067e-01 1.493498231920843428e-03
1.185071000000000041e-01 1.493498231920843428e-03
1.185128000000000015e-01 1.493498231920843428e-03
1.185184999999999989e-01 1.493498231920843428e-03
1.185241999999999962e-01 1.493498231920843428e-03
1.185299000000000075e-01 1.493498231920843428e-03
1.185356000000000048e-01 1.493498231920843428e-03
1.185413000000000022e-01 1.493498231920843428e-03
1.185469999999999996e-01 1.493498231920843428e-03
1.185526999999999970e-01 1.493498231920843428e-03
1.185584000000000082e-01 1.493498231920843428e-03
1.185641000000000056e-01 1.493498231920843428e-03
1.185698000000000030e-01 1.456469350137682252e-03
1.185755000000000003e-01 1.444126389543294977e-03
1.185811999999999977e-01 1.394754547165746308e-03
1.185869000000000090e-01 1.394754547165746308e-03
1.185926000000000063e-01 1.394754547165746308e-03
1.185983000000000037e-01 1.394754547165746308e-03
1.186040000000000011e-01 1.394754547165746308e-03
1.186096999999999985e-01 1.394754547165746308e-03
1.186154000000000097e-01 1.357725665382584915e-03
1.186211000000000071e-01 1.357725665382584915e-03
1.186268000000000045e-01 1.357725665382584915e-03
1.186325000000000018e-01 1.357725665382584915e-03
1.186381999999999992e-01 1.320696783599423739e-03
1.186438999999999966e-01 1.320696783599423739e-03
1.186496000000000078e-01 1.320696783599423739e-03
1.186553000000000052e-01 1.221953098844326402e-03
1.186610000000000026e-01 1.209610138249939560e-03
1.186667000000000000e-01 1.209610138249939560e-03
1.186723999999999973e-01 1.209610138249939560e-03
1.186781000000000086e-01 1.209610138249939560e-03
1.186838000000000060e-01 1.209610138249939560e-03
1.186895000000000033e-01 1.197267177655552284e-03
1.186952000000000007e-01 1.172581256466777950e-03
1.187008999999999981e-01 1.172581256466777950e-03
1.187065999999999955e-01 1.160238295872390892e-03
1.187123000000000067e-01 1.160238295872390892e-03
1.187180000000000041e-01 1.160238295872390892e-03
1.187237000000000015e-01 1.160238295872390892e-03
1.187293999999999988e-01 1.098523492900455164e-03
1.187350999999999962e-01 1.098523492900455164e-03
1.187408000000000075e-01 1.098523492900455164e-03
1.187465000000000048e-01 1.098523492900455164e-03
1.187522000000000022e-01 1.098523492900455164e-03
1.187578999999999996e-01 1.098523492900455164e-03
1.187635999999999969e-01 1.098523492900455164e-03
1.187693000000000082e-01 1.098523492900455164e-03
1.187750000000000056e-01 1.098523492900455164e-03
1.187807000000000029e-01 1.073837571711680830e-03
1.187864000000000003e-01 1.036808689928519437e-03
1.187920999999999977e-01 1.024465729334132378e-03
1.187978000000000089e-01 1.024465729334132378e-03
1.188035000000000063e-01 1.024465729334132378e-03
1.188092000000000037e-01 1.024465729334132378e-03
1.188149000000000011e-01 1.024465729334132378e-03
1.188205999999999984e-01 1.024465729334132378e-03
1.188262999999999958e-01 1.024465729334132378e-03
1.188320000000000071e-01 1.024465729334132378e-03
1.188377000000000044e-01 1.024465729334132378e-03
1.188434000000000018e-01 1.024465729334132378e-03
1.188490999999999992e-01 1.024465729334132378e-03
1.188547999999999966e-01 1.024465729334132378e-03
1.188605000000000078e-01 1.024465729334132378e-03
1.188662000000000052e-01 1.024465729334132378e-03
1.188719000000000026e-01 1.024465729334132378e-03
1.188775999999999999e-01 1.024465729334132378e-03
1.188832999999999973e-01 1.024465729334132378e-03
1.188890000000000086e-01 1.024465729334132378e-03
1.188947000000000059e-01 9.504079657678095924e-04
1.189004000000000033e-01 9.504079657678095924e-04
1.189061000000000007e-01 9.504079657678095924e-04
1.189117999999999981e-01 9.504079657678095924e-04
1.189175000000000093e-01 9.504079657678095924e-04
1.189232000000000067e-01 9.504079657678095924e-04
1.189289000000000041e-01 9.380650051734223168e-04
1.189346000000000014e-01 9.380650051734223168e-04
1.189402999999999988e-01 9.380650051734223168e-04
1.189459999999999962e-01 9.380650051734223168e-04
1.189517000000000074e-01 9.380650051734223168e-04
1.189574000000000048e-01 9.380650051734223168e-04
1.189631000000000022e-01 9.380650051734223168e-04
1.189687999999999996e-01 9.133790839846481994e-04
1.189744999999999969e-01 9.133790839846481994e-04
1.189802000000000082e-01 9.133790839846481994e-04
1.189859000000000055e-01 9.133790839846481994e-04
1.189916000000000029e-01 9.133790839846481994e-04
1.189973000000000003e-01 9.133790839846481994e-04
1.190029999999999977e-01 9.133790839846481994e-04
1.190086999999999950e-01 9.133790839846481994e-04
1.190144000000000063e-01 9.133790839846481994e-04
1.190201000000000037e-01 9.133790839846481994e-04
1.190258000000000010e-01 9.133790839846481994e-04
1.190314999999999984e-01 9.133790839846481994e-04
1.190371999999999958e-01 9.133790839846481994e-04
1.190429000000000070e-01 9.133790839846481994e-04
1.190486000000000044e-01 9.133790839846481994e-04
1.190543000000000018e-01 9.133790839846481994e-04
1.190599999999999992e-01 9.133790839846481994e-04
1.190656999999999965e-01 9.133790839846481994e-04
1.190714000000000078e-01 9.133790839846481994e-04
1.190771000000000052e-01 8.393213204183253050e-04
1.190828000000000025e-01 8.393213204183253050e-04
1.190884999999999999e-01 8.393213204183253050e-04
1.190941999999999973e-01 8.393213204183253050e-04
1.190999000000000085e-01 8.393213204183253050e-04
1.191056000000000059e-01 8.393213204183253050e-04
1.191113000000000033e-01 8.393213204183253050e-04
1.191170000000000007e-01 8.269783598239381379e-04
1.191226999999999980e-01 8.269783598239381379e-04
1.191283999999999954e-01 8.269783598239381379e-04
1.191341000000000067e-01 8.269783598239381379e-04
1.191398000000000040e-01 8.146353992295510792e-04
1.191455000000000014e-01 8.146353992295510792e-04
1.191511999999999988e-01 8.146353992295510792e-04
1.191568999999999962e-01 8.146353992295510792e-04
1.191626000000000074e-01 8.146353992295510792e-04
1.191683000000000048e-01 8.146353992295510792e-04
1.191740000000000022e-01 8.146353992295510792e-04
1.191796999999999995e-01 8.146353992295510792e-04
1.191853999999999969e-01 8.146353992295510792e-04
1.191911000000000082e-01 8.146353992295510792e-04
1.191968000000000055e-01 8.146353992295510792e-04
1.192025000000000029e-01 8.146353992295510792e-04
1.192082000000000003e-01 8.146353992295510792e-04
1.192138999999999976e-01 8.146353992295510792e-04
1.192196000000000089e-01 8.146353992295510792e-04
1.192253000000000063e-01 8.146353992295510792e-04
1.192310000000000036e-01 8.146353992295510792e-04
1.192367000000000010e-01 8.146353992295510792e-04
1.192423999999999984e-01 8.146353992295510792e-04
1.192480999999999958e-01 8.146353992295510792e-04
1.192538000000000070e-01 8.146353992295510792e-04
1.192595000000000044e-01 8.146353992295510792e-04
1.192652000000000018e-01 8.146353992295510792e-04
1.192708999999999991e-01 8.146353992295510792e-04
1.192765999999999965e-01 8.146353992295510792e-04
1.192823000000000078e-01 8.146353992295510792e-04
1.192880000000000051e-01 8.146353992295510792e-04
1.192937000000000025e-01 8.146353992295510792e-04
1.192993999999999999e-01 8.146353992295510792e-04
1.193050999999999973e-01 8.146353992295510792e-04
1.193108000000000085e-01 8.146353992295510792e-04
1.193165000000000059e-01 8.146353992295510792e-04
1.193222000000000033e-01 8.146353992295510792e-04
1.193279000000000006e-01 8.146353992295510792e-04
1.193335999999999980e-01 8.146353992295510792e-04
1.193393000000000093e-01 8.146353992295510792e-04
1.193450000000000066e-01 8.146353992295510792e-04
1.193507000000000040e-01 8.146353992295510792e-04
1.193564000000000014e-01 8.146353992295510792e-04
1.193620999999999988e-01 8.146353992295510792e-04
1.193677999999999961e-01 8.146353992295510792e-04
1.193735000000000074e-01 8.146353992295510792e-04
1.193792000000000048e-01 8.146353992295510792e-04
1.193849000000000021e-01 8.146353992295510792e-04
1.193905999999999995e-01 8.146353992295510792e-04
1.193962999999999969e-01 8.146353992295510792e-04
1.194020000000000081e-01 8.146353992295510792e-04
1.194077000000000055e-01 8.146353992295510792e-04
1.194134000000000029e-01 6.541769115025182317e-04
1.194191000000000003e-01 6.541769115025182317e-04
1.194247999999999976e-01 6.541769115025182317e-04
1.194304999999999950e-01 6.541769115025182317e-04
1.194362000000000062e-01 6.541769115025182317e-04
1.194419000000000036e-01 6.541769115025182317e-04
1.194476000000000010e-01 6.541769115025182317e-04
1.194532999999999984e-01 6.541769115025182317e-04
1.194589999999999957e-01 6.048050691249697800e-04
1.194647000000000070e-01 5.554332267474212199e-04
1.194704000000000044e-01 5.554332267474212199e-04
1.194761000000000017e-01 5.554332267474212199e-04
1.194817999999999991e-01 5.554332267474212199e-04
1.194874999999999965e-01 5.430902661530340528e-04
1.194932000000000077e-01 5.430902661530340528e-04
1.194989000000000051e-01 5.430902661530340528e-04
1.195046000000000025e-01 5.430902661530340528e-04
1.195102999999999999e-01 5.430902661530340528e-04
1.195159999999999972e-01 5.430902661530340528e-04
1.195217000000000085e-01 5.430902661530340528e-04
1.195274000000000059e-01 5.430902661530340528e-04
1.195331000000000032e-01 5.430902661530340528e-04
1.195388000000000006e-01 5.430902661530340528e-04
1.195444999999999980e-01 5.430902661530340528e-04
1.195501999999999954e-01 5.430902661530340528e-04
1.195559000000000066e-01 5.430902661530340528e-04
1.195616000000000040e-01 5.430902661530340528e-04
1.195673000000000014e-01 5.430902661530340528e-04
1.195729999999999987e-01 5.430902661530340528e-04
1.195786999999999961e-01 4.443465813979369326e-04
1.195844000000000074e-01 4.443465813979369326e-04
1.195901000000000047e-01 4.443465813979369326e-04
1.195958000000000021e-01 4.443465813979369326e-04
1.196014999999999995e-01 4.443465813979369326e-04
1.196071999999999969e-01 4.443465813979369326e-04
1.196129000000000081e-01 4.443465813979369326e-04
1.196186000000000055e-01 4.443465813979369326e-04
1.196243000000000029e-01 4.443465813979369326e-04
1.196300000000000002e-01 4.443465813979369326e-04
1.196356999999999976e-01 4.443465813979369326e-04
1.196414000000000089e-01 4.443465813979369326e-04
1.196471000000000062e-01 4.443465813979369326e-04
1.196528000000000036e-01 4.443465813979369326e-04
1.196585000000000010e-01 4.443465813979369326e-04
1.196641999999999983e-01 4.443465813979369326e-04
1.196698999999999957e-01 4.443465813979369326e-04
1.196756000000000070e-01 4.443465813979369326e-04
1.196813000000000043e-01 4.443465813979369326e-04
1.196870000000000017e-01 4.443465813979369326e-04
1.196926999999999991e-01 4.443465813979369326e-04
1.196983999999999965e-01 4.443465813979369326e-04
1.197041000000000077e-01 4.443465813979369326e-04
1.197098000000000051e-01 4.443465813979369326e-04
1.197155000000000025e-01 4.443465813979369326e-04
1.197211999999999998e-01 4.443465813979369326e-04
1.197268999999999972e-01 4.443465813979369326e-04
1.197325999999999946e-01 4.443465813979369326e-04
1.197383000000000058e-01 4.443465813979369326e-04
1.197440000000000032e-01 4.443465813979369326e-04
1.197497000000000006e-01 4.443465813979369326e-04
1.197553999999999980e-01 4.443465813979369326e-04
1.197611000000000092e-01 4.443465813979369326e-04
1.197668000000000066e-01 4.443465813979369326e-04
1.197725000000000040e-01 3.826317784260012053e-04
1.197782000000000013e-01 3.826317784260012053e-04
1.197838999999999987e-01 3.826317784260012053e-04
1.197895999999999961e-01 3.826317784260012053e-04
1.197953000000000073e-01 3.826317784260012053e-04
1.198010000000000047e-01 3.826317784260012053e-04
1.198067000000000021e-01 3.826317784260012053e-04
1.198123999999999995e-01 3.826317784260012053e-04
1.198180999999999968e-01 3.826317784260012053e-04
1.198238000000000081e-01 3.826317784260012053e-04
1.198295000000000055e-01 3.826317784260012053e-04
1.198352000000000028e-01 3.826317784260012053e-04
1.198409000000000002e-01 3.826317784260012053e-04
1.198465999999999976e-01 3.826317784260012053e-04
1.198522999999999950e-01 3.826317784260012053e-04
1.198580000000000062e-01 3.826317784260012053e-04
1.198637000000000036e-01 3.826317784260012053e-04
1.198694000000000009e-01 3.826317784260012053e-04
1.198750999999999983e-01 3.826317784260012053e-04
1.198807999999999957e-01 3.826317784260012053e-04
1.198865000000000069e-01 3.826317784260012053e-04
1.198922000000000043e-01 3.826317784260012053e-04
1.198979000000000017e-01 3.826317784260012053e-04
1.199035999999999991e-01 3.826317784260012053e-04
1.199092999999999964e-01 3.826317784260012053e-04
1.199150000000000077e-01 3.826317784260012053e-04
1.199207000000000051e-01 3.826317784260012053e-04
1.199264000000000024e-01 3.826317784260012053e-04
1.199320999999999998e-01 3.826317784260012053e-04
1.199377999999999972e-01 3.826317784260012053e-04
1.199435000000000084e-01 3.826317784260012053e-04
1.199492000000000058e-01 3.826317784260012053e-04
1.199549000000000032e-01 3.826317784260012053e-04
1.199606000000000006e-01 3.826317784260012053e-04
1.199662999999999979e-01 3.826317784260012053e-04
1.199719999999999953e-01 3.826317784260012053e-04
1.199777000000000066e-01 3.826317784260012053e-04
1.199834000000000039e-01 3.826317784260012053e-04
1.199891000000000013e-01 3.826317784260012053e-04
1.199947999999999987e-01 3.826317784260012053e-04
1.200004999999999961e-01 3.826317784260012053e-04
1.200062000000000073e-01 3.826317784260012053e-04
1.200119000000000047e-01 3.826317784260012053e-04
1.200176000000000021e-01 3.826317784260012053e-04
1.200232999999999994e-01 3.826317784260012053e-04
1.200289999999999968e-01 3.826317784260012053e-04
1.200347000000000081e-01 3.826317784260012053e-04
1.200404000000000054e-01 3.826317784260012053e-04
1.200461000000000028e-01 3.826317784260012053e-04
1.200518000000000002e-01 3.826317784260012053e-04
1.200574999999999976e-01 3.826317784260012053e-04
1.200632000000000088e-01 3.826317784260012053e-04
1.200689000000000062e-01 3.826317784260012053e-04
1.200746000000000036e-01 3.826317784260012053e-04
1.200803000000000009e-01 3.826317784260012053e-04
1.200859999999999983e-01 3.826317784260012053e-04
1.200916999999999957e-01 3.826317784260012053e-04
1.200974000000000069e-01 3.826317784260012053e-04
1.201031000000000043e-01 2.962310542652912522e-04
1.201088000000000017e-01 2.962310542652912522e-04
1.201144999999999990e-01 2.962310542652912522e-04
1.201201999999999964e-01 2.962310542652912522e-04
1.201259000000000077e-01 2.962310542652912522e-04
1.201316000000000050e-01 2.962310542652912522e-04
1.201373000000000024e-01 2.962310542652912522e-04
1.201429999999999998e-01 2.962310542652912522e-04
1.201486999999999972e-01 2.962310542652912522e-04
1.201543999999999945e-01 2.962310542652912522e-04
1.201601000000000058e-01 2.962310542652912522e-04
1.201658000000000032e-01 2.962310542652912522e-04
1.201715000000000005e-01 2.962310542652912522e-04
1.201771999999999979e-01 2.962310542652912522e-04
1.201828999999999953e-01 2.962310542652912522e-04
1.201886000000000065e-01 2.962310542652912522e-04
1.201943000000000039e-01 2.962310542652912522e-04
1.202000000000000013e-01 2.962310542652912522e-04
# Ensemble: [7^+], idetect: 0.1151
1.147999999999999993e-01 2.220375181324301950e-01
1.148054000000000019e-01 2.220375181324301950e-01
1.148108000000000045e-01 2.208229693095826174e-01
1.148161999999999933e-01 2.194734706175297534e-01
1.148215999999999959e-01 2.185648081648808305e-01
1.148269999999999985e-01 2.178360788711722895e-01
1.148324000000000011e-01 2.167654765754770396e-01
1.148378000000000038e-01 2.156768809638877349e-01
1.148431999999999925e-01 2.146512619579275527e-01
1.148485999999999951e-01 2.130228668695171024e-01
1.148539999999999978e-01 2.116103915718351158e-01
1.148594000000000004e-01 2.109356422258086838e-01
1.148648000000000030e-01 2.098560432721663926e-01
1.148702000000000056e-01 2.084435679744844061e-01
1.148755999999999944e-01 2.071210592562726105e-01
1.148809999999999970e-01 2.062843700671998237e-01
1.148863999999999996e-01 2.048089181638887146e-01
1.148918000000000023e-01 2.041521621337563375e-01
1.148972000000000049e-01 2.028386500734915276e-01
1.149025999999999936e-01 2.019749709105777280e-01
1.149079999999999963e-01 2.006344688764718498e-01
1.149133999999999989e-01 1.986372108122336499e-01
1.149188000000000015e-01 1.978724948867370270e-01
1.149242000000000041e-01 1.963970429834258902e-01
1.149295999999999929e-01 1.954523938989888854e-01
1.149349999999999955e-01 1.946247013678631399e-01
1.149403999999999981e-01 1.932212227281281947e-01
1.149458000000000008e-01 1.900903857625655391e-01
1.149512000000000034e-01 1.886239305172014435e-01
1.149566000000000060e-01 1.882010875936915295e-01
1.149619999999999947e-01 1.872204518774664428e-01
1.149673999999999974e-01 1.865187125575989702e-01
1.149728000000000000e-01 1.854481102619037203e-01
1.149782000000000026e-01 1.847013876523011522e-01
1.149836000000000052e-01 1.835588120930297107e-01
1.149889999999999940e-01 1.819754002943543558e-01
1.149943999999999966e-01 1.815795473446855102e-01
1.149997999999999992e-01 1.804369717854140964e-01
1.150052000000000019e-01 1.792044296466724917e-01
1.150106000000000045e-01 1.760825893390568775e-01
1.150159999999999932e-01 1.751919202023020095e-01
1.150213999999999959e-01 1.737254649569378862e-01
1.150267999999999985e-01 1.723579729489909951e-01
1.150322000000000011e-01 1.700278385407130444e-01
1.150376000000000037e-01 1.694700457479978717e-01
1.150429999999999925e-01 1.681115503979979942e-01
1.150483999999999951e-01 1.678326540016404078e-01
1.150537999999999977e-01 1.669779714966735940e-01
1.150592000000000004e-01 1.665731218890577348e-01
1.150646000000000030e-01 1.659703458066074666e-01
1.150700000000000056e-01 1.654305463297863210e-01
1.150753999999999944e-01 1.635772347927003934e-01
1.150807999999999970e-01 1.620837895734952294e-01
1.150861999999999996e-01 1.606623176178662293e-01
1.150916000000000022e-01 1.598526184026345109e-01
1.150970000000000049e-01 1.592948256099193383e-01
1.151023999999999936e-01 1.585750929741577830e-01
1.151077999999999962e-01 1.575854605999857105e-01
1.151131999999999989e-01 1.562719485397209285e-01
1.151186000000000015e-01 1.546255601354164511e-01
1.151240000000000041e-01 1.542926837913767557e-01
1.151293999999999929e-01 1.532580681274695600e-01
1.151347999999999955e-01 1.522774324112444733e-01
1.151401999999999981e-01 1.518365961718405321e-01
1.151456000000000007e-01 1.509729170089267047e-01
1.151510000000000034e-01 1.502711776890592321e-01
1.151564000000000060e-01 1.486067959688606999e-01
1.151617999999999947e-01 1.475092036993243816e-01
1.151671999999999974e-01 1.467984677215098677e-01
1.151726000000000000e-01 1.459167952427019854e-01
1.151780000000000026e-01 1.450980993695232812e-01
1.151834000000000052e-01 1.442434168645564674e-01
1.151887999999999940e-01 1.431458245950201214e-01
1.151941999999999966e-01 1.423001387480003488e-01
1.151995999999999992e-01 1.415534161383977807e-01
1.152050000000000018e-01 1.405457904483316256e-01
1.152104000000000045e-01 1.401319441827687251e-01
1.152157999999999932e-01 1.393402382834310616e-01
1.152211999999999958e-01 1.380807061708484162e-01
1.152265999999999985e-01 1.374599367725040933e-01
1.152320000000000011e-01 1.368841506638948657e-01
1.152374000000000037e-01 1.362363912917095021e-01
1.152428000000000063e-01 1.350938157324380884e-01
1.152481999999999951e-01 1.345630129135639563e-01
1.152535999999999977e-01 1.341311733321070288e-01
1.152590000000000003e-01 1.333574607486633923e-01
1.152644000000000030e-01 1.325027782436966062e-01
1.152698000000000056e-01 1.313781960003191918e-01
1.152751999999999943e-01 1.305595001271404876e-01
1.152805999999999970e-01 1.295428777791273189e-01
1.152859999999999996e-01 1.291110381976704191e-01
1.152914000000000022e-01 1.281214058234983189e-01
1.152968000000000048e-01 1.278874927168758280e-01
1.153021999999999936e-01 1.267629104734984413e-01
1.153075999999999962e-01 1.259891978900548049e-01
1.153129999999999988e-01 1.252334786225051955e-01
1.153184000000000015e-01 1.248376256728363498e-01
1.153238000000000041e-01 1.240909030632337817e-01
1.153291999999999928e-01 1.232722071900550359e-01
1.153345999999999955e-01 1.221026416569425815e-01
1.153399999999999981e-01 1.213559190473399857e-01
1.153454000000000007e-01 1.206901663592605811e-01
1.153508000000000033e-01 1.206631763854195127e-01
1.153562000000000060e-01 1.200334103291281901e-01
1.153615999999999947e-01 1.182790620294594808e-01
1.153669999999999973e-01 1.174333761824396805e-01
1.153724000000000000e-01 1.158949476734994211e-01
1.153778000000000026e-01 1.148603320095922253e-01
1.153832000000000052e-01 1.144644790599233936e-01
1.153885999999999940e-01 1.134838433436983346e-01
1.153939999999999966e-01 1.127101307602546842e-01
1.153993999999999992e-01 1.122782911787977567e-01
1.154048000000000018e-01 1.118104649655527749e-01
1.154102000000000044e-01 1.108928058549568385e-01
1.154155999999999932e-01 1.104519696155528974e-01
1.154209999999999958e-01 1.099121701387317518e-01
1.154263999999999984e-01 1.089945110281358015e-01
1.154318000000000011e-01 1.080948452334339061e-01
1.154372000000000037e-01 1.075100624668776650e-01
1.154426000000000063e-01 1.067003632516459466e-01
1.154479999999999951e-01 1.056567509297917373e-01
1.154533999999999977e-01 1.051709314006527146e-01
1.154588000000000003e-01 1.042352789741627372e-01
1.154642000000000029e-01 1.039293926039640825e-01
1.154696000000000056e-01 1.028587903082688187e-01
1.154749999999999943e-01 1.018511646182026914e-01
1.154803999999999969e-01 1.010684553768120275e-01
1.154857999999999996e-01 1.009245088496597137e-01
1.154912000000000022e-01 9.966497673707705451e-02
1.154966000000000048e-01 9.944905694634859072e-02
1.155019999999999936e-01 9.876531094237514519e-02
1.155073999999999962e-01 9.822551146555401347e-02
1.155127999999999988e-01 9.726286906522296771e-02
1.155182000000000014e-01 9.658811971919653572e-02
1.155236000000000041e-01 9.612929016389856751e-02
1.155289999999999928e-01 9.540056087019002651e-02
1.155343999999999954e-01 9.458186499701128069e-02
1.155397999999999981e-01 9.391611230893189000e-02
1.155452000000000007e-01 9.334032620032266248e-02
1.155506000000000033e-01 9.263858688045517598e-02
1.155560000000000059e-01 9.189186427085259401e-02
1.155613999999999947e-01 9.124410489866721652e-02
1.155667999999999973e-01 9.043440568343551200e-02
1.155721999999999999e-01 8.981363628509118902e-02
1.155776000000000026e-01 8.908490699138264801e-02
1.155830000000000052e-01 8.863507409403169335e-02
1.155883999999999939e-01 8.828420443409795704e-02
1.155937999999999966e-01 8.773540829932979790e-02
1.155991999999999992e-01 8.716861884866759780e-02
1.156046000000000018e-01 8.676376924105173860e-02
1.156100000000000044e-01 8.629594302780674298e-02
1.156153999999999932e-01 8.601704663144915664e-02
1.156207999999999958e-01 8.503641091522406992e-02
1.156261999999999984e-01 8.485647775628368805e-02
1.156316000000000010e-01 8.423570835793937894e-02
1.156370000000000037e-01 8.391182867184669714e-02
1.156424000000000063e-01 8.313811608840306067e-02
1.156477999999999950e-01 8.201353384502567401e-02
1.156531999999999977e-01 8.119483797184694207e-02
1.156586000000000003e-01 8.093393489138338281e-02
1.156640000000000029e-01 8.022319891356888277e-02
1.156694000000000055e-01 7.955744622548947820e-02
1.156747999999999943e-01 7.921557322350275543e-02
1.156801999999999969e-01 7.865778043078756887e-02
1.156855999999999995e-01 7.774911797813864600e-02
1.156910000000000022e-01 7.711035526390028205e-02
1.156964000000000048e-01 7.669650899833740931e-02
1.157017999999999935e-01 7.637262931224472751e-02
1.157071999999999962e-01 7.596777970462888219e-02
1.157125999999999988e-01 7.534701030628455920e-02
1.157180000000000014e-01 7.468125761820514075e-02
1.157234000000000040e-01 7.406048821986083164e-02
1.157287999999999928e-01 7.383557177118535431e-02
1.157341999999999954e-01 7.329577229436420871e-02
1.157395999999999980e-01 7.289991934469537693e-02
1.157450000000000007e-01 7.226115663045702686e-02
1.157504000000000033e-01 7.162239391621866291e-02
1.157558000000000059e-01 7.065975151588763103e-02
1.157611999999999947e-01 7.020092196058966283e-02
1.157665999999999973e-01 7.003898211754332193e-02
1.157719999999999999e-01 6.978707569502679009e-02
1.157774000000000025e-01 6.948118932482813537e-02
1.157828000000000052e-01 6.917530295462948065e-02
1.157881999999999939e-01 6.895038650595401719e-02
1.157935999999999965e-01 6.842858034502691256e-02
1.157989999999999992e-01 6.811369731688124429e-02
1.158044000000000018e-01 6.796975078972893047e-02
1.158098000000000044e-01 6.711506828476211661e-02
1.158151999999999932e-01 6.675520196688136676e-02
1.158205999999999958e-01 6.615242588443109861e-02
1.158259999999999984e-01 6.576556959270926650e-02
1.158314000000000010e-01 6.538770995893447568e-02
1.158368000000000037e-01 6.500085366721265745e-02
1.158422000000000063e-01 6.478493387648419366e-02
1.158475999999999950e-01 6.459600405959679825e-02
1.158529999999999976e-01 6.416416447813987067e-02
1.158584000000000003e-01 6.384928144999420241e-02
1.158638000000000029e-01 6.345342850032537063e-02
1.158692000000000055e-01 6.320152207780883880e-02
1.158745999999999943e-01 6.254476604767644776e-02
1.158799999999999969e-01 6.217590307184866355e-02
1.158853999999999995e-01 6.182503341191492030e-02
1.158908000000000021e-01 6.135720719866993855e-02
1.158962000000000048e-01 6.115928072383551573e-02
1.159015999999999935e-01 6.072744114237859508e-02
1.159069999999999961e-01 6.068245785264350656e-02
1.159123999999999988e-01 6.004369513840514955e-02
1.159178000000000014e-01 5.942292574006084044e-02
1.159232000000000040e-01 5.926098589701449260e-02
1.159285999999999928e-01 5.862222318277614252e-02
1.159339999999999954e-01 5.820837691721326979e-02
1.159393999999999980e-01 5.799245712648480600e-02
1.159448000000000006e-01 5.765958078244510371e-02
1.159502000000000033e-01 5.715576793741204004e-02
1.159556000000000059e-01 5.672392835595511940e-02
1.159609999999999946e-01 5.632807540628628068e-02
1.159663999999999973e-01 5.577028261357110800e-02
1.159717999999999999e-01 5.543740626953139877e-02
1.159772000000000025e-01 5.502356000396851909e-02
1.159826000000000051e-01 5.467269034403477584e-02
1.159879999999999939e-01 5.450175384304141446e-02
1.159933999999999965e-01 5.430382736820699163e-02
1.159987999999999991e-01 5.396195436622026886e-02
1.160042000000000018e-01 5.381800783906796892e-02
1.160096000000000044e-01 5.336817494171701426e-02
1.160149999999999931e-01 5.279238883310780062e-02
1.160203999999999958e-01 5.236054925165087998e-02
1.160257999999999984e-01 5.220760606655155955e-02
1.160312000000000010e-01 5.203666956555819123e-02
1.160366000000000036e-01 5.182974643277675486e-02
1.160420000000000063e-01 5.148787343079003209e-02
1.160473999999999950e-01 5.117299040264437077e-02
1.160527999999999976e-01 5.040827447714774784e-02
1.160582000000000003e-01 4.969753849933324086e-02
1.160636000000000029e-01 4.899579917946575436e-02
1.160690000000000055e-01 4.864492951953201111e-02
1.160743999999999942e-01 4.818609996423404290e-02
1.160797999999999969e-01 4.752934393410164493e-02
1.160851999999999995e-01 4.740339072284338595e-02
1.160906000000000021e-01 4.730442748542617454e-02
1.160960000000000047e-01 4.691757119370435630e-02
1.161013999999999935e-01 4.669265474502887897e-02
1.161067999999999961e-01 4.618884189999580836e-02
1.161121999999999987e-01 4.602690205694946746e-02
1.161176000000000014e-01 4.563104910728063568e-02
1.161230000000000040e-01 4.551409255396938330e-02
1.161283999999999927e-01 4.539713600065813787e-02
1.161337999999999954e-01 4.505526299867141510e-02
1.161391999999999980e-01 4.463242007516151494e-02
1.161446000000000006e-01 4.436252033675094908e-02
1.161500000000000032e-01 4.397566404502912391e-02
1.161554000000000059e-01 4.378673422814172156e-02
1.161607999999999946e-01 4.361579772714836017e-02
1.161661999999999972e-01 4.350783783178413522e-02
1.161715999999999999e-01 4.307599825032721458e-02
1.161770000000000025e-01 4.273412524834049181e-02
1.161824000000000051e-01 4.246422550992992595e-02
1.161877999999999939e-01 4.226629903509550312e-02
1.161931999999999965e-01 4.208636587615512126e-02
1.161985999999999991e-01 4.181646613774455540e-02
1.162040000000000017e-01 4.151057976754590761e-02
1.162094000000000044e-01 4.131265329271148479e-02
1.162147999999999931e-01 4.119569673940023935e-02
1.162201999999999957e-01 4.081783710562543466e-02
1.162255999999999984e-01 4.048496076158573237e-02
1.162310000000000010e-01 4.022405768112218005e-02
1.162364000000000036e-01 3.968425820430103446e-02
1.162418000000000062e-01 3.939636514999642763e-02
1.162471999999999950e-01 3.914445872747988886e-02
1.162525999999999976e-01 3.896452556853951393e-02
1.162580000000000002e-01 3.873061246191701612e-02
1.162634000000000029e-01 3.848770269734750477e-02
1.162688000000000055e-01 3.830776953840712290e-02
1.162741999999999942e-01 3.806485977383760461e-02
1.162795999999999969e-01 3.795689987847337965e-02
1.162849999999999995e-01 3.779496003542703875e-02
1.162904000000000021e-01 3.757004358675156142e-02
1.162958000000000047e-01 3.733613048012906360e-02
1.163011999999999935e-01 3.729114719039396814e-02
1.163065999999999961e-01 3.676034437151984996e-02
1.163119999999999987e-01 3.673335439767878852e-02
1.163174000000000013e-01 3.639148139569206575e-02
1.163228000000000040e-01 3.607659836754639748e-02
1.163281999999999927e-01 3.590566186655303610e-02
1.163335999999999953e-01 3.547382228509611546e-02
1.163389999999999980e-01 3.534786907383785648e-02
1.163444000000000006e-01 3.520392254668554960e-02
1.163498000000000032e-01 3.506897267748026320e-02
1.163552000000000058e-01 3.469111304370545851e-02
1.163605999999999946e-01 3.441221664734787217e-02
1.163659999999999972e-01 3.425027680430152432e-02
1.163713999999999998e-01 3.388141382847374705e-02
1.163768000000000025e-01 3.353054416854000380e-02
1.163822000000000051e-01 3.340459095728173788e-02
1.163875999999999938e-01 3.316168119271221959e-02
1.163929999999999965e-01 3.306271795529501512e-02
1.163983999999999991e-01 3.258589508410300595e-02
1.164038000000000017e-01 3.231599534569243315e-02
1.164092000000000043e-01 3.218104547648714675e-02
1.164145999999999931e-01 3.187515910628849897e-02
1.164199999999999957e-01 3.186616244834147849e-02
1.164253999999999983e-01 3.173121257913619209e-02
1.164308000000000010e-01 3.153328610430177620e-02
1.164362000000000036e-01 3.113743315463293748e-02
1.164416000000000062e-01 3.090352004801043967e-02
1.164469999999999950e-01 3.071459023112304079e-02
1.164523999999999976e-01 3.024676401787805211e-02
1.164578000000000002e-01 3.003084422714959179e-02
1.164632000000000028e-01 2.986890438410325088e-02
1.164686000000000055e-01 2.965298459337479750e-02
1.164739999999999942e-01 2.960800130363969856e-02
1.164793999999999968e-01 2.933810156522912577e-02
1.164847999999999995e-01 2.932010824933508827e-02
1.164902000000000021e-01 2.897823524734836551e-02
1.164956000000000047e-01 2.894224861556028705e-02
1.165009999999999935e-01 2.867234887714971772e-02
1.165063999999999961e-01 2.845642908642125740e-02
1.165117999999999987e-01 2.800659618907030621e-02
1.165172000000000013e-01 2.789863629370608125e-02
1.165226000000000040e-01 2.777268308244781186e-02
1.165280000000000066e-01 2.740382010662003112e-02
1.165333999999999953e-01 2.739482344867301064e-02
1.165387999999999979e-01 2.735883681688493566e-02
1.165442000000000006e-01 2.691800057748100147e-02
1.165496000000000032e-01 2.659412089138831620e-02
1.165550000000000058e-01 2.659412089138831620e-02
1.165603999999999946e-01 2.636920444271283887e-02
1.165657999999999972e-01 2.618927128377246047e-02
1.165711999999999998e-01 2.609030804635524906e-02
1.165766000000000024e-01 2.598234815099102063e-02
1.165820000000000051e-01 2.571244841258045130e-02
1.165873999999999938e-01 2.569445509668641034e-02
1.165927999999999964e-01 2.556850188542814442e-02
1.165981999999999991e-01 2.530759880496459210e-02
1.166036000000000017e-01 2.501970575065998181e-02
1.166090000000000043e-01 2.488475588145469541e-02
1.166143999999999931e-01 2.467783274867325904e-02
1.166197999999999957e-01 2.419201321953422940e-02
1.166251999999999983e-01 2.405706335032894300e-02
1.166306000000000009e-01 2.402107671854086801e-02
1.166360000000000036e-01 2.397609342880577254e-02
1.166414000000000062e-01 2.378716361191837367e-02
1.166467999999999949e-01 2.349927055761375991e-02
1.166521999999999976e-01 2.347228058377270540e-02
1.166576000000000002e-01 2.339131066224953495e-02
1.166630000000000028e-01 2.336432068840847698e-02
1.166684000000000054e-01 2.313940423973300312e-02
1.166737999999999942e-01 2.306743097615684968e-02
1.166791999999999968e-01 2.286050784337540984e-02
1.166845999999999994e-01 2.278853457979925640e-02
1.166900000000000021e-01 2.246465489370657112e-02
1.166954000000000047e-01 2.244666157781253710e-02
1.167007999999999934e-01 2.231171170860724723e-02
1.167061999999999961e-01 2.220375181324302227e-02
1.167115999999999987e-01 2.217676183940196083e-02
1.167170000000000013e-01 2.205980528609071539e-02
1.167224000000000039e-01 2.160997238873976073e-02
1.167278000000000066e-01 2.128609270264707545e-02
1.167331999999999953e-01 2.116913614933582655e-02
1.167385999999999979e-01 2.107017291191861860e-02
1.167440000000000005e-01 2.089023975297823674e-02
1.167494000000000032e-01 2.089023975297823674e-02
1.167548000000000058e-01 2.084525646324314127e-02
1.167601999999999945e-01 2.072829990993189236e-02
1.167655999999999972e-01 2.018850043311075024e-02
1.167709999999999998e-01 1.993659401059421840e-02
1.167764000000000024e-01 1.979264748344191152e-02
1.167818000000000050e-01 1.966669427218364560e-02
1.167871999999999938e-01 1.964870095628960811e-02
1.167925999999999964e-01 1.931582461224990582e-02
1.167979999999999990e-01 1.921686137483269441e-02
1.168034000000000017e-01 1.912689479536250348e-02
1.168088000000000043e-01 1.888398503079298865e-02
1.168142000000000069e-01 1.886599171489895116e-02
1.168195999999999957e-01 1.886599171489895116e-02
1.168249999999999983e-01 1.836217886986588402e-02
1.168304000000000009e-01 1.808328247350829421e-02
1.168358000000000035e-01 1.798431923609108626e-02
1.168412000000000062e-01 1.743552310132292019e-02
1.168465999999999949e-01 1.736354983774677022e-02
1.168519999999999975e-01 1.713863338907129288e-02
1.168574000000000002e-01 1.705766346754812243e-02
1.168628000000000028e-01 1.701268017781302697e-02
1.168682000000000054e-01 1.685074033476668259e-02
1.168735999999999942e-01 1.679676038708457012e-02
1.168789999999999968e-01 1.673378378145543716e-02
1.168843999999999994e-01 1.653585730662101433e-02
1.168898000000000020e-01 1.615799767284621657e-02
1.168952000000000047e-01 1.600505448774689268e-02
1.169005999999999934e-01 1.587010461854160628e-02
1.169059999999999960e-01 1.585211130264756879e-02
1.169113999999999987e-01 1.573515474933632335e-02
1.169168000000000013e-01 1.558221156423699946e-02
1.169222000000000039e-01 1.530331516787940618e-02
1.169276000000000065e-01 1.516836529867412152e-02
1.169329999999999953e-01 1.512338200893902605e-02
1.169383999999999979e-01 1.496144216589268168e-02
1.169438000000000005e-01 1.493445219205162544e-02
1.169492000000000032e-01 1.475451903311124531e-02
1.169546000000000058e-01 1.475451903311124531e-02
1.169599999999999945e-01 1.434067276754836910e-02
1.169653999999999971e-01 1.415174295066096849e-02
1.169707999999999998e-01 1.401679308145568383e-02
1.169762000000000024e-01 1.392682650198549116e-02
1.169816000000000050e-01 1.391782984403847415e-02
1.169869999999999938e-01 1.380087329072722524e-02
1.169923999999999964e-01 1.365692676357492009e-02
1.169977999999999990e-01 1.347699360463453823e-02
1.170032000000000016e-01 1.347699360463453823e-02
1.170086000000000043e-01 1.337803036721732855e-02
1.170140000000000069e-01 1.318010389238291093e-02
1.170193999999999956e-01 1.318010389238291093e-02
1.170247999999999983e-01 1.286522086423724266e-02
1.170302000000000009e-01 1.264030441556176707e-02
1.170356000000000035e-01 1.260431778377369035e-02
1.170410000000000061e-01 1.255933449403859488e-02
1.170463999999999949e-01 1.255933449403859488e-02
1.170517999999999975e-01 1.238839799304523523e-02
1.170572000000000001e-01 1.233441804536311928e-02
1.170626000000000028e-01 1.219047151821081414e-02
1.170680000000000054e-01 1.200154170132341526e-02
1.170733999999999941e-01 1.190257846390620558e-02
1.170787999999999968e-01 1.185759517417111011e-02
1.170841999999999994e-01 1.174063862085986294e-02
1.170896000000000020e-01 1.154271214602544358e-02
1.170950000000000046e-01 1.146174222450227140e-02
1.171003999999999934e-01 1.144374890860823217e-02
1.171057999999999960e-01 1.129980238145592876e-02
1.171111999999999986e-01 1.127281240761487252e-02
1.171166000000000013e-01 1.120983580198573783e-02
1.171220000000000039e-01 1.071501961489969117e-02
1.171274000000000065e-01 1.062505303542950023e-02
1.171327999999999953e-01 1.053508645595930930e-02
1.171381999999999979e-01 1.045411653443613885e-02
1.171436000000000005e-01 1.031017000728383370e-02
1.171490000000000031e-01 1.031017000728383370e-02
1.171544000000000058e-01 1.022020342781364277e-02
1.171597999999999945e-01 1.022020342781364277e-02
1.171651999999999971e-01 1.017522013807854731e-02
1.171705999999999998e-01 1.013023684834345184e-02
1.171760000000000024e-01 1.004027026887326091e-02
1.171814000000000050e-01 9.995286979138165440e-03
1.171867999999999937e-01 9.995286979138165440e-03
1.171921999999999964e-01 9.608430687416347205e-03
1.171975999999999990e-01 9.203581079800489742e-03
1.172030000000000016e-01 9.194584421853470996e-03
1.172084000000000042e-01 9.104617842383280063e-03
1.172138000000000069e-01 9.023647920860107877e-03
1.172191999999999956e-01 8.960671315230974918e-03
1.172245999999999982e-01 8.906691367548862440e-03
1.172300000000000009e-01 8.789734814237613533e-03
1.172354000000000035e-01 8.672778260926364627e-03
1.172408000000000061e-01 8.663781602979347615e-03
1.172461999999999949e-01 8.519835075827042470e-03
1.172515999999999975e-01 8.519835075827042470e-03
1.172570000000000001e-01 8.474851786091947003e-03
1.172624000000000027e-01 8.474851786091947003e-03
1.172678000000000054e-01 8.258931995363490153e-03
1.172731999999999941e-01 8.105988810264164526e-03
1.172785999999999967e-01 8.070002178476089541e-03
1.172839999999999994e-01 7.989032256952919089e-03
1.172894000000000020e-01 7.962042283111859381e-03
1.172948000000000046e-01 7.917058993376765649e-03
1.173001999999999934e-01 7.809099098012537224e-03
1.173055999999999960e-01 7.800102440065517610e-03
1.173109999999999986e-01 7.737125834436384651e-03
1.173164000000000012e-01 7.737125834436384651e-03
1.173218000000000039e-01 7.701139202648307931e-03
1.173272000000000065e-01 7.539199359601965293e-03
1.173325999999999952e-01 7.188329699668222043e-03
1.173379999999999979e-01 7.188329699668222043e-03
1.173434000000000005e-01 7.089366462251012364e-03
1.173488000000000031e-01 7.062376488409955258e-03
1.173542000000000057e-01 6.963413250992745579e-03
1.173595999999999945e-01 6.855453355628517154e-03
1.173649999999999971e-01 6.855453355628517154e-03
1.173703999999999997e-01 6.810470065893421687e-03
1.173758000000000024e-01 6.801473407946402941e-03
1.173812000000000050e-01 6.738496802317269115e-03
1.173865999999999937e-01 6.639533564900060303e-03
1.173919999999999964e-01 6.612543591059003197e-03
1.173973999999999990e-01 6.612543591059003197e-03
1.174028000000000016e-01 6.513580353641793518e-03
1.174082000000000042e-01 6.405620458277565092e-03
1.174136000000000069e-01 6.369633826489488372e-03
1.174189999999999956e-01 6.234683957284202840e-03
1.174243999999999982e-01 6.225687299337184094e-03
1.174298000000000008e-01 6.225687299337184094e-03
1.174352000000000035e-01 6.207693983443145734e-03
1.174406000000000061e-01 6.207693983443145734e-03
1.174459999999999948e-01 6.207693983443145734e-03
1.174513999999999975e-01 6.162710693708050268e-03
1.174568000000000001e-01 6.000770850661707630e-03
1.174622000000000027e-01 5.946790902979593417e-03
1.174676000000000053e-01 5.910804271191516697e-03
1.174729999999999941e-01 5.847827665562383738e-03
1.174783999999999967e-01 5.847827665562383738e-03
1.174837999999999993e-01 5.802844375827288272e-03
1.174892000000000020e-01 5.802844375827288272e-03
1.174946000000000046e-01 5.793847717880269525e-03
1.174999999999999933e-01 5.613914558939888527e-03
1.175053999999999960e-01 5.613914558939888527e-03
1.175107999999999986e-01 5.496958005628640488e-03
1.175162000000000012e-01 5.415988084105469169e-03
1.175216000000000038e-01 5.344014820529316596e-03
1.175270000000000065e-01 5.290034872847202384e-03
1.175323999999999952e-01 5.290034872847202384e-03
1.175377999999999978e-01 5.281038214900183637e-03
1.175432000000000005e-01 5.263044899006145277e-03
1.175486000000000031e-01 5.218061609271049811e-03
1.175540000000000057e-01 5.209064951324031065e-03
1.175593999999999945e-01 5.191071635429992705e-03
1.175647999999999971e-01 5.191071635429992705e-03
1.175701999999999997e-01 5.173078319535954345e-03
1.175756000000000023e-01 5.146088345694898106e-03
1.175810000000000050e-01 5.137091687747878492e-03
1.175863999999999937e-01 5.119098371853840132e-03
1.175917999999999963e-01 5.119098371853840132e-03
1.175971999999999990e-01 5.074115082118745533e-03
1.176026000000000016e-01 5.074115082118745533e-03
1.176080000000000042e-01 5.074115082118745533e-03
1.176134000000000068e-01 5.074115082118745533e-03
1.176187999999999956e-01 5.074115082118745533e-03
1.176241999999999982e-01 5.074115082118745533e-03
1.176296000000000008e-01 5.038128450330668813e-03
1.176350000000000035e-01 5.011138476489611707e-03
1.176404000000000061e-01 4.984148502648554600e-03
1.176457999999999948e-01 4.813212001655192349e-03
1.176511999999999974e-01 4.570302237085678392e-03
1.176566000000000001e-01 4.201439261257896782e-03
1.176620000000000027e-01 4.165452629469820929e-03
1.176674000000000053e-01 4.066489392052611250e-03
1.176727999999999941e-01 4.057492734105592504e-03
1.176781999999999967e-01 4.030502760264535397e-03
1.176835999999999993e-01 4.003512786423478291e-03
1.176890000000000019e-01 3.967526154635401571e-03
1.176944000000000046e-01 3.841572943377135219e-03
1.176997999999999933e-01 3.760603021853963900e-03
1.177051999999999959e-01 3.760603021853963900e-03
1.177105999999999986e-01 3.706623074171849688e-03
1.177160000000000012e-01 3.706623074171849688e-03
1.177214000000000038e-01 3.706623074171849688e-03
1.177268000000000064e-01 3.616656494701658755e-03
1.177321999999999952e-01 3.616656494701658755e-03
1.177375999999999978e-01 3.616656494701658755e-03
1.177430000000000004e-01 3.427726677814258577e-03
1.177484000000000031e-01 3.427726677814258577e-03
1.177538000000000057e-01 3.427726677814258577e-03
1.177591999999999944e-01 3.364750072185125184e-03
1.177645999999999971e-01 3.283780150661953865e-03
1.177699999999999997e-01 3.256790176820896759e-03
1.177754000000000023e-01 3.256790176820896759e-03
1.177808000000000049e-01 3.256790176820896759e-03
1.177861999999999937e-01 3.256790176820896759e-03
1.177915999999999963e-01 3.256790176820896759e-03
1.177969999999999989e-01 3.247793518873877579e-03
1.178024000000000016e-01 3.247793518873877579e-03
1.178078000000000042e-01 3.247793518873877579e-03
1.178132000000000068e-01 3.247793518873877579e-03
1.178185999999999956e-01 3.247793518873877579e-03
1.178239999999999982e-01 3.247793518873877579e-03
1.178294000000000008e-01 3.166823597350706260e-03
1.178348000000000034e-01 3.166823597350706260e-03
1.178402000000000061e-01 3.166823597350706260e-03
1.178455999999999948e-01 3.103846991721572867e-03
1.178509999999999974e-01 3.103846991721572867e-03
1.178564000000000001e-01 3.103846991721572867e-03
1.178618000000000027e-01 3.076857017880515761e-03
1.178672000000000053e-01 3.076857017880515761e-03
1.178725999999999940e-01 3.076857017880515761e-03
1.178779999999999967e-01 3.004883754304363188e-03
1.178833999999999993e-01 3.004883754304363188e-03
1.178888000000000019e-01 3.004883754304363188e-03
1.178942000000000045e-01 2.950903806622248975e-03
1.178995999999999933e-01 2.950903806622248975e-03
1.179049999999999959e-01 2.932910490728211049e-03
1.179103999999999985e-01 2.905920516887153509e-03
1.179158000000000012e-01 2.896923858940134763e-03
1.179212000000000038e-01 2.896923858940134763e-03
1.179266000000000064e-01 2.896923858940134763e-03
1.179319999999999952e-01 2.896923858940134763e-03
1.179373999999999978e-01 2.851940569205039730e-03
1.179428000000000004e-01 2.851940569205039730e-03
1.179482000000000030e-01 2.815953937416963444e-03
1.179536000000000057e-01 2.752977331787829617e-03
1.179589999999999944e-01 2.752977331787829617e-03
1.179643999999999970e-01 2.752977331787829617e-03
1.179697999999999997e-01 2.752977331787829617e-03
1.179752000000000023e-01 2.743980673840810437e-03
1.179806000000000049e-01 2.681004068211677478e-03
1.179859999999999937e-01 2.681004068211677478e-03
1.179913999999999963e-01 2.672007410264658298e-03
1.179967999999999989e-01 2.672007410264658298e-03
1.180022000000000015e-01 2.672007410264658298e-03
1.180076000000000042e-01 2.672007410264658298e-03
1.180130000000000068e-01 2.672007410264658298e-03
1.180183999999999955e-01 2.672007410264658298e-03
1.180237999999999982e-01 2.672007410264658298e-03
1.180292000000000008e-01 2.672007410264658298e-03
1.180346000000000034e-01 2.672007410264658298e-03
1.180400000000000060e-01 2.663010752317639118e-03
1.180453999999999948e-01 2.663010752317639118e-03
1.180507999999999974e-01 2.627024120529562832e-03
1.180562000000000000e-01 2.627024120529562832e-03
1.180616000000000027e-01 2.627024120529562832e-03
1.180670000000000053e-01 2.537057541059372767e-03
1.180723999999999940e-01 2.483077593377258120e-03
1.180777999999999966e-01 2.483077593377258120e-03
1.180831999999999993e-01 2.483077593377258120e-03
1.180886000000000019e-01 2.483077593377258120e-03
1.180940000000000045e-01 2.456087619536201014e-03
1.180993999999999933e-01 2.456087619536201014e-03
1.181047999999999959e-01 2.420100987748125161e-03
1.181101999999999985e-01 2.411104329801105981e-03
1.181156000000000011e-01 2.312141092383896302e-03
1.181210000000000038e-01 2.312141092383896302e-03
1.181264000000000064e-01 2.213177854966686623e-03
1.181317999999999951e-01 2.186187881125629517e-03
1.181371999999999978e-01 2.186187881125629517e-03
1.181426000000000004e-01 2.186187881125629517e-03
1.181480000000000030e-01 2.150201249337553664e-03
1.181534000000000056e-01 2.078227985761401091e-03
1.181587999999999944e-01 2.078227985761401091e-03
1.181641999999999970e-01 2.078227985761401091e-03
1.181695999999999996e-01 2.078227985761401091e-03
1.181750000000000023e-01 2.015251380132267699e-03
1.181804000000000049e-01 2.015251380132267699e-03
1.181857999999999936e-01 2.015251380132267699e-03
1.181911999999999963e-01 2.015251380132267699e-03
1.181965999999999989e-01 2.015251380132267699e-03
1.182020000000000015e-01 1.934281458609096163e-03
1.182074000000000041e-01 1.934281458609096163e-03
1.182128000000000068e-01 1.664381720198524449e-03
1.182181999999999955e-01 1.664381720198524449e-03
1.182235999999999981e-01 1.664381720198524449e-03
1.182290000000000008e-01 1.664381720198524449e-03
1.182344000000000034e-01 1.655385062251505486e-03
1.182398000000000060e-01 1.655385062251505486e-03
1.182451999999999948e-01 1.637391746357467559e-03
1.182505999999999974e-01 1.610401772516410236e-03
1.182560000000000000e-01 1.610401772516410236e-03
1.182614000000000026e-01 1.610401772516410236e-03
1.182668000000000053e-01 1.610401772516410236e-03
1.182721999999999940e-01 1.610401772516410236e-03
1.182775999999999966e-01 1.610401772516410236e-03
1.182829999999999993e-01 1.610401772516410236e-03
1.182884000000000019e-01 1.574415140728333950e-03
1.182938000000000045e-01 1.574415140728333950e-03
1.182991999999999932e-01 1.574415140728333950e-03
1.183045999999999959e-01 1.574415140728333950e-03
1.183099999999999985e-01 1.574415140728333950e-03
1.183154000000000011e-01 1.556421824834296024e-03
1.183208000000000037e-01 1.556421824834296024e-03
1.183262000000000064e-01 1.538428508940257880e-03
1.183315999999999951e-01 1.502441877152181594e-03
1.183369999999999977e-01 1.502441877152181594e-03
1.183424000000000004e-01 1.421471955629010275e-03
1.183478000000000030e-01 1.403478639734972132e-03
1.183532000000000056e-01 1.403478639734972132e-03
1.183585999999999944e-01 1.403478639734972132e-03
1.183639999999999970e-01 1.358495349999876882e-03
1.183693999999999996e-01 1.358495349999876882e-03
1.183748000000000022e-01 1.358495349999876882e-03
1.183802000000000049e-01 1.304515402317762453e-03
1.183856000000000075e-01 1.304515402317762453e-03
1.183909999999999962e-01 1.304515402317762453e-03
1.183963999999999989e-01 1.241538796688629060e-03
1.184018000000000015e-01 1.241538796688629060e-03
1.184072000000000041e-01 1.241538796688629060e-03
1.184126000000000067e-01 1.223545480794590917e-03
1.184179999999999955e-01 1.223545480794590917e-03
1.184233999999999981e-01 1.223545480794590917e-03
1.184288000000000007e-01 1.196555506953533811e-03
1.184342000000000034e-01 1.196555506953533811e-03
1.184396000000000060e-01 1.196555506953533811e-03
1.184449999999999947e-01 1.196555506953533811e-03
1.184503999999999974e-01 1.196555506953533811e-03
1.184558000000000000e-01 1.196555506953533811e-03
1.184612000000000026e-01 1.196555506953533811e-03
1.184666000000000052e-01 1.196555506953533811e-03
1.184719999999999940e-01 1.196555506953533811e-03
1.184773999999999966e-01 1.151572217218438561e-03
1.184827999999999992e-01 1.151572217218438561e-03
1.184882000000000019e-01 1.151572217218438561e-03
1.184936000000000045e-01 1.151572217218438561e-03
1.184990000000000071e-01 1.124582243377381455e-03
1.185043999999999959e-01 1.115585585430362492e-03
1.185097999999999985e-01 1.115585585430362492e-03
1.185152000000000011e-01 1.115585585430362492e-03
1.185206000000000037e-01 1.115585585430362492e-03
1.185260000000000064e-01 1.115585585430362492e-03
1.185313999999999951e-01 1.115585585430362492e-03
1.185367999999999977e-01 1.115585585430362492e-03
1.185422000000000003e-01 1.115585585430362492e-03
1.185476000000000030e-01 1.115585585430362492e-03
1.185530000000000056e-01 1.115585585430362492e-03
1.185583999999999943e-01 1.088595611589305168e-03
1.185637999999999970e-01 1.088595611589305168e-03
1.185691999999999996e-01 1.088595611589305168e-03
1.185746000000000022e-01 1.043612321854209919e-03
1.185800000000000048e-01 1.007625690066133849e-03
1.185854000000000075e-01 1.007625690066133849e-03
1.185907999999999962e-01 1.007625690066133849e-03
1.185961999999999988e-01 1.007625690066133849e-03
1.186016000000000015e-01 1.007625690066133849e-03
1.186070000000000041e-01 1.007625690066133849e-03
1.186124000000000067e-01 1.007625690066133849e-03
1.186177999999999955e-01 9.896323741720957062e-04
1.186231999999999981e-01 9.896323741720957062e-04
1.186286000000000007e-01 9.896323741720957062e-04
1.186340000000000033e-01 9.896323741720957062e-04
1.186394000000000060e-01 9.716390582780575630e-04
1.186447999999999947e-01 9.716390582780575630e-04
1.186501999999999973e-01 9.716390582780575630e-04
1.186556000000000000e-01 9.446490844370003482e-04
1.186610000000000026e-01 9.446490844370003482e-04
1.186664000000000052e-01 9.446490844370003482e-04
1.186717999999999940e-01 9.266557685429624219e-04
1.186771999999999966e-01 9.266557685429624219e-04
1.186825999999999992e-01 9.266557685429624219e-04
1.186880000000000018e-01 8.996657947019050987e-04
1.186934000000000045e-01 8.996657947019050987e-04
1.186988000000000071e-01 8.996657947019050987e-04
1.187041999999999958e-01 8.906691367548860271e-04
1.187095999999999985e-01 8.906691367548860271e-04
1.187150000000000011e-01 8.816724788078669555e-04
1.187204000000000037e-01 8.816724788078669555e-04
1.187258000000000063e-01 8.816724788078669555e-04
1.187311999999999951e-01 8.636791629138289208e-04
1.187365999999999977e-01 8.636791629138289208e-04
1.187420000000000003e-01 8.276925311257527429e-04
1.187474000000000030e-01 8.276925311257527429e-04
1.187528000000000056e-01 8.276925311257527429e-04
1.187581999999999943e-01 8.276925311257527429e-04
1.187635999999999969e-01 8.096992152317147081e-04
1.187689999999999996e-01 8.096992152317147081e-04
1.187744000000000022e-01 8.096992152317147081e-04
1.187798000000000048e-01 8.007025572846956365e-04
1.187852000000000074e-01 8.007025572846956365e-04
1.187905999999999962e-01 8.007025572846956365e-04
1.187959999999999988e-01 7.827092413906574933e-04
1.188014000000000014e-01 7.827092413906574933e-04
1.188068000000000041e-01 7.197326357615241007e-04
1.188122000000000067e-01 7.197326357615241007e-04
1.188175999999999954e-01 7.197326357615241007e-04
1.188229999999999981e-01 7.197326357615241007e-04
1.188284000000000007e-01 7.197326357615241007e-04
1.188338000000000033e-01 7.197326357615241007e-04
1.188392000000000059e-01 7.197326357615241007e-04
1.188445999999999947e-01 7.197326357615241007e-04
1.188499999999999973e-01 7.197326357615241007e-04
1.188553999999999999e-01 7.197326357615241007e-04
1.188608000000000026e-01 7.197326357615241007e-04
1.188662000000000052e-01 7.197326357615241007e-04
1.188715999999999939e-01 7.197326357615241007e-04
1.188769999999999966e-01 7.197326357615241007e-04
1.188823999999999992e-01 7.197326357615241007e-04
1.188878000000000018e-01 7.197326357615241007e-04
1.188932000000000044e-01 6.927426619204669943e-04
1.188985999999999932e-01 6.927426619204669943e-04
1.189039999999999958e-01 6.927426619204669943e-04
1.189093999999999984e-01 6.927426619204669943e-04
1.189148000000000011e-01 6.927426619204669943e-04
1.189202000000000037e-01 6.927426619204669943e-04
1.189256000000000063e-01 6.927426619204669943e-04
1.189309999999999951e-01 6.567560301323907080e-04
1.189363999999999977e-01 6.567560301323907080e-04
1.189418000000000003e-01 6.567560301323907080e-04
1.189472000000000029e-01 6.567560301323907080e-04
1.189526000000000056e-01 6.567560301323907080e-04
1.189579999999999943e-01 6.567560301323907080e-04
1.189633999999999969e-01 6.567560301323907080e-04
1.189687999999999996e-01 6.387627142383526732e-04
1.189742000000000022e-01 6.387627142383526732e-04
1.189796000000000048e-01 6.387627142383526732e-04
1.189850000000000074e-01 6.387627142383526732e-04
1.189903999999999962e-01 6.387627142383526732e-04
1.189957999999999988e-01 6.387627142383526732e-04
1.190012000000000014e-01 6.387627142383526732e-04
1.190066000000000040e-01 6.387627142383526732e-04
1.190120000000000067e-01 6.387627142383526732e-04
1.190173999999999954e-01 6.387627142383526732e-04
1.190227999999999980e-01 6.387627142383526732e-04
1.190282000000000007e-01 6.387627142383526732e-04
1.190336000000000033e-01 6.387627142383526732e-04
1.190390000000000059e-01 6.387627142383526732e-04
1.190443999999999947e-01 6.387627142383526732e-04
1.190497999999999973e-01 6.387627142383526732e-04
1.190551999999999999e-01 6.387627142383526732e-04
1.190606000000000025e-01 6.387627142383526732e-04
1.190660000000000052e-01 6.387627142383526732e-04
1.190713999999999939e-01 6.387627142383526732e-04
1.190767999999999965e-01 5.487961347681621742e-04
1.190821999999999992e-01 5.487961347681621742e-04
1.190876000000000018e-01 5.487961347681621742e-04
1.190930000000000044e-01 5.487961347681621742e-04
1.190984000000000070e-01 5.487961347681621742e-04
1.191037999999999958e-01 5.487961347681621742e-04
1.191091999999999984e-01 5.487961347681621742e-04
1.191146000000000010e-01 5.487961347681621742e-04
1.191200000000000037e-01 4.858195291390287815e-04
1.191254000000000063e-01 4.858195291390287815e-04
1.191307999999999950e-01 4.858195291390287815e-04
1.191361999999999977e-01 4.858195291390287815e-04
1.191416000000000003e-01 4.858195291390287815e-04
1.191470000000000029e-01 4.858195291390287815e-04
1.191524000000000055e-01 4.858195291390287815e-04
1.191577999999999943e-01 4.858195291390287815e-04
1.191631999999999969e-01 4.858195291390287815e-04
1.191685999999999995e-01 4.858195291390287815e-04
1.191740000000000022e-01 4.858195291390287815e-04
1.191794000000000048e-01 4.858195291390287815e-04
1.191848000000000074e-01 4.858195291390287815e-04
1.191901999999999961e-01 4.858195291390287815e-04
1.191955999999999988e-01 4.858195291390287815e-04
1.192010000000000014e-01 4.858195291390287815e-04
1.192064000000000040e-01 4.858195291390287815e-04
1.192118000000000066e-01 4.858195291390287815e-04
1.192171999999999954e-01 4.858195291390287815e-04
1.192225999999999980e-01 4.858195291390287815e-04
1.192280000000000006e-01 4.858195291390287815e-04
1.192334000000000033e-01 4.858195291390287815e-04
1.192388000000000059e-01 4.858195291390287815e-04
1.192441999999999946e-01 4.858195291390287815e-04
1.192495999999999973e-01 4.858195291390287815e-04
1.192549999999999999e-01 4.858195291390287815e-04
1.192604000000000025e-01 4.858195291390287815e-04
1.192658000000000051e-01 4.858195291390287815e-04
1.192711999999999939e-01 4.858195291390287815e-04
1.192765999999999965e-01 4.858195291390287815e-04
1.192819999999999991e-01 4.858195291390287815e-04
1.192874000000000018e-01 4.858195291390287815e-04
1.192928000000000044e-01 4.858195291390287815e-04
1.192982000000000070e-01 4.858195291390287815e-04
1.193035999999999958e-01 4.858195291390287815e-04
1.193089999999999984e-01 4.858195291390287815e-04
1.193144000000000010e-01 4.858195291390287815e-04
1.193198000000000036e-01 4.858195291390287815e-04
1.193252000000000063e-01 4.858195291390287815e-04
1.193305999999999950e-01 4.858195291390287815e-04
1.193359999999999976e-01 4.858195291390287815e-04
1.193414000000000003e-01 4.858195291390287815e-04
1.193468000000000029e-01 4.498328973509525494e-04
1.193522000000000055e-01 4.498328973509525494e-04
1.193575999999999943e-01 4.498328973509525494e-04
1.193629999999999969e-01 4.498328973509525494e-04
1.193683999999999995e-01 4.498328973509525494e-04
1.193738000000000021e-01 4.498328973509525494e-04
1.193792000000000048e-01 4.498328973509525494e-04
1.193846000000000074e-01 4.498328973509525494e-04
1.193899999999999961e-01 4.498328973509525494e-04
1.193953999999999988e-01 4.498328973509525494e-04
1.194008000000000014e-01 4.498328973509525494e-04
1.194062000000000040e-01 4.498328973509525494e-04
1.194116000000000066e-01 3.418730019867239614e-04
1.194169999999999954e-01 3.418730019867239614e-04
1.194223999999999980e-01 3.418730019867239614e-04
1.194278000000000006e-01 3.418730019867239614e-04
1.194332000000000032e-01 3.418730019867239614e-04
1.194386000000000059e-01 3.418730019867239614e-04
1.194439999999999946e-01 3.418730019867239614e-04
1.194493999999999972e-01 3.058863701986477292e-04
1.194547999999999999e-01 3.058863701986477292e-04
1.194602000000000025e-01 2.519064225165334623e-04
1.194656000000000051e-01 2.339131066224953734e-04
1.194709999999999939e-01 2.339131066224953734e-04
1.194763999999999965e-01 2.339131066224953734e-04
1.194817999999999991e-01 2.339131066224953734e-04
1.194872000000000017e-01 2.339131066224953734e-04
1.194926000000000044e-01 2.339131066224953734e-04
1.194980000000000070e-01 2.339131066224953734e-04
1.195033999999999957e-01 2.339131066224953734e-04
1.195087999999999984e-01 2.339131066224953734e-04
1.195142000000000010e-01 2.339131066224953734e-04
1.195196000000000036e-01 2.339131066224953734e-04
1.195250000000000062e-01 2.249164486754762747e-04
1.195303999999999950e-01 2.249164486754762747e-04
1.195357999999999976e-01 2.249164486754762747e-04
1.195412000000000002e-01 2.249164486754762747e-04
1.195466000000000029e-01 2.249164486754762747e-04
1.195520000000000055e-01 2.249164486754762747e-04
1.195573999999999942e-01 2.249164486754762747e-04
1.195627999999999969e-01 2.249164486754762747e-04
1.195681999999999995e-01 2.249164486754762747e-04
1.195736000000000021e-01 2.249164486754762747e-04
1.195790000000000047e-01 2.249164486754762747e-04
1.195844000000000074e-01 2.249164486754762747e-04
1.195897999999999961e-01 2.249164486754762747e-04
1.195951999999999987e-01 2.249164486754762747e-04
1.196006000000000014e-01 2.249164486754762747e-04
1.196060000000000040e-01 2.249164486754762747e-04
1.196114000000000066e-01 2.249164486754762747e-04
1.196167999999999954e-01 2.249164486754762747e-04
1.196221999999999980e-01 2.249164486754762747e-04
1.196276000000000006e-01 2.249164486754762747e-04
1.196330000000000032e-01 2.249164486754762747e-04
1.196384000000000059e-01 2.249164486754762747e-04
1.196437999999999946e-01 2.249164486754762747e-04
1.196491999999999972e-01 2.249164486754762747e-04
1.196545999999999998e-01 2.249164486754762747e-04
1.196600000000000025e-01 2.249164486754762747e-04
1.196654000000000051e-01 2.249164486754762747e-04
1.196707999999999938e-01 2.249164486754762747e-04
1.196761999999999965e-01 2.249164486754762747e-04
1.196815999999999991e-01 2.249164486754762747e-04
1.196870000000000017e-01 2.249164486754762747e-04
1.196924000000000043e-01 2.249164486754762747e-04
1.196978000000000070e-01 2.249164486754762747e-04
1.197031999999999957e-01 2.249164486754762747e-04
1.197085999999999983e-01 2.249164486754762747e-04
1.197140000000000010e-01 2.249164486754762747e-04
1.197194000000000036e-01 2.249164486754762747e-04
1.197248000000000062e-01 2.249164486754762747e-04
1.197301999999999950e-01 2.249164486754762747e-04
1.197355999999999976e-01 2.249164486754762747e-04
1.197410000000000002e-01 2.249164486754762747e-04
1.197464000000000028e-01 2.249164486754762747e-04
1.197518000000000055e-01 2.249164486754762747e-04
1.197572000000000081e-01 2.249164486754762747e-04
1.197625999999999968e-01 2.249164486754762747e-04
1.197679999999999995e-01 2.249164486754762747e-04
1.197734000000000021e-01 1.979264748344191412e-04
1.197788000000000047e-01 1.979264748344191412e-04
1.197842000000000073e-01 1.979264748344191412e-04
1.197895999999999961e-01 1.979264748344191412e-04
1.197949999999999987e-01 1.979264748344191412e-04
1.198004000000000013e-01 1.979264748344191412e-04
1.198058000000000040e-01 1.979264748344191412e-04
1.198112000000000066e-01 1.979264748344191412e-04
1.198165999999999953e-01 1.979264748344191412e-04
1.198219999999999980e-01 1.979264748344191412e-04
1.198274000000000006e-01 1.979264748344191412e-04
1.198328000000000032e-01 1.979264748344191412e-04
1.198382000000000058e-01 1.979264748344191412e-04
1.198435999999999946e-01 1.979264748344191412e-04
1.198489999999999972e-01 1.979264748344191412e-04
1.198543999999999998e-01 1.979264748344191412e-04
1.198598000000000025e-01 1.979264748344191412e-04
1.198652000000000051e-01 1.979264748344191412e-04
1.198705999999999938e-01 1.979264748344191412e-04
1.198759999999999964e-01 1.979264748344191412e-04
1.198813999999999991e-01 1.979264748344191412e-04
1.198868000000000017e-01 1.979264748344191412e-04
1.198922000000000043e-01 1.799331589403810252e-04
1.198976000000000069e-01 1.799331589403810252e-04
1.199029999999999957e-01 1.799331589403810252e-04
1.199083999999999983e-01 1.799331589403810252e-04
1.199138000000000009e-01 1.799331589403810252e-04
1.199192000000000036e-01 1.799331589403810252e-04
1.199246000000000062e-01 1.799331589403810252e-04
1.199299999999999949e-01 1.799331589403810252e-04
1.199353999999999976e-01 1.799331589403810252e-04
1.199408000000000002e-01 1.799331589403810252e-04
1.199462000000000028e-01 1.799331589403810252e-04
1.199516000000000054e-01 1.799331589403810252e-04
1.199570000000000081e-01 1.799331589403810252e-04
1.199623999999999968e-01 1.799331589403810252e-04
1.199677999999999994e-01 1.799331589403810252e-04
1.199732000000000021e-01 1.799331589403810252e-04
1.199786000000000047e-01 1.799331589403810252e-04
1.199840000000000073e-01 1.799331589403810252e-04
1.199893999999999961e-01 1.799331589403810252e-04
1.199947999999999987e-01 1.799331589403810252e-04
1.200002000000000013e-01 1.799331589403810252e-04
1.200056000000000039e-01 1.799331589403810252e-04
1.200110000000000066e-01 1.799331589403810252e-04
1.200163999999999953e-01 1.799331589403810252e-04
1.200217999999999979e-01 1.799331589403810252e-04
1.200272000000000006e-01 1.799331589403810252e-04
1.200326000000000032e-01 1.799331589403810252e-04
1.200380000000000058e-01 1.799331589403810252e-04
1.200433999999999946e-01 1.799331589403810252e-04
1.200487999999999972e-01 1.799331589403810252e-04
1.200541999999999998e-01 1.799331589403810252e-04
1.200596000000000024e-01 1.799331589403810252e-04
1.200650000000000051e-01 1.799331589403810252e-04
1.200703999999999938e-01 1.799331589403810252e-04
1.200757999999999964e-01 1.799331589403810252e-04
1.200811999999999991e-01 1.799331589403810252e-04
1.200866000000000017e-01 1.799331589403810252e-04
1.200920000000000043e-01 1.799331589403810252e-04
1.200974000000000069e-01 1.799331589403810252e-04
1.201027999999999957e-01 1.439465271523048201e-04
1.201081999999999983e-01 1.439465271523048201e-04
1.201136000000000009e-01 1.439465271523048201e-04
1.201190000000000035e-01 1.439465271523048201e-04
1.201244000000000062e-01 1.439465271523048201e-04
1.201297999999999949e-01 1.439465271523048201e-04
1.201351999999999975e-01 1.439465271523048201e-04
1.201406000000000002e-01 1.439465271523048201e-04
1.201460000000000028e-01 1.439465271523048201e-04
1.201514000000000054e-01 1.439465271523048201e-04
1.201568000000000080e-01 1.439465271523048201e-04
1.201621999999999968e-01 1.439465271523048201e-04
1.201675999999999994e-01 1.439465271523048201e-04
1.201730000000000020e-01 1.439465271523048201e-04
1.201784000000000047e-01 1.439465271523048201e-04
1.201838000000000073e-01 1.439465271523048201e-04
1.201891999999999960e-01 1.439465271523048201e-04
1.201945999999999987e-01 1.439465271523048201e-04
1.202000000000000013e-01 1.439465271523048201e-04
# Ensemble: [8^+], idetect: 0.1155
1.150999999999999940e-01 1.578913469701843653e-01
1.151050999999999880e-01 1.578913469701843653e-01
1.151101999999999959e-01 1.564225308480705345e-01
1.151152999999999899e-01 1.551452994375367711e-01
1.151203999999999977e-01 1.539957911680563674e-01
1.151254999999999917e-01 1.534657401326848525e-01
1.151305999999999996e-01 1.522140533503617832e-01
1.151356999999999936e-01 1.511347928084607328e-01
1.151407999999999876e-01 1.504450878467725183e-01
1.151458999999999955e-01 1.492253318497127612e-01
1.151509999999999895e-01 1.484909237886558320e-01
1.151560999999999974e-01 1.466836413427505537e-01
1.151611999999999914e-01 1.457640347271662307e-01
1.151662999999999992e-01 1.453042314193740969e-01
1.151713999999999932e-01 1.445889818294751605e-01
1.151764999999999872e-01 1.437332367844175451e-01
1.151815999999999951e-01 1.428327886399912428e-01
1.151866999999999891e-01 1.419131820244069198e-01
1.151917999999999970e-01 1.408530799536638900e-01
1.151968999999999910e-01 1.398440671393422208e-01
1.152019999999999988e-01 1.390394113507059659e-01
1.152070999999999928e-01 1.380814877928056295e-01
1.152122000000000007e-01 1.377430214690141819e-01
1.152172999999999947e-01 1.369766826226939127e-01
1.152223999999999887e-01 1.360634621641622632e-01
1.152274999999999966e-01 1.354120741447900622e-01
1.152325999999999906e-01 1.349905877793139142e-01
1.152376999999999985e-01 1.345052398433110863e-01
1.152427999999999925e-01 1.335345439713054028e-01
1.152479000000000003e-01 1.329278590513018887e-01
1.152529999999999943e-01 1.325063726858257407e-01
1.152580999999999883e-01 1.319124600799275182e-01
1.152631999999999962e-01 1.306160701982357619e-01
1.152682999999999902e-01 1.292941356883333115e-01
1.152733999999999981e-01 1.283170536592749822e-01
1.152784999999999921e-01 1.275954179123234000e-01
1.152836000000000000e-01 1.263692757582109694e-01
1.152886999999999940e-01 1.259733340209455155e-01
1.152937999999999880e-01 1.256220953830487208e-01
1.152988999999999958e-01 1.247216472386224184e-01
1.153039999999999898e-01 1.238020406230381093e-01
1.153090999999999977e-01 1.230995633472445339e-01
1.153141999999999917e-01 1.225375815266096652e-01
1.153192999999999996e-01 1.223459968150296118e-01
1.153243999999999936e-01 1.218287180937634301e-01
1.153294999999999876e-01 1.212284193308125618e-01
1.153345999999999955e-01 1.195744046541713373e-01
1.153396999999999895e-01 1.186547980385870144e-01
1.153447999999999973e-01 1.182333116731108802e-01
1.153498999999999913e-01 1.179842515480567927e-01
1.153549999999999992e-01 1.172370711728945442e-01
1.153600999999999932e-01 1.151998870730931712e-01
1.153652000000000011e-01 1.143122112427722159e-01
1.153702999999999951e-01 1.132329507008711655e-01
1.153753999999999891e-01 1.120706701172854425e-01
1.153804999999999970e-01 1.117130453223359882e-01
1.153855999999999909e-01 1.112979451139125137e-01
1.153906999999999988e-01 1.106273986233822920e-01
1.153957999999999928e-01 1.096375442802186295e-01
1.154009000000000007e-01 1.091649686583211210e-01
1.154059999999999947e-01 1.087434822928449868e-01
1.154110999999999887e-01 1.079196680330507113e-01
1.154161999999999966e-01 1.075748155522065902e-01
1.154212999999999906e-01 1.066552089366222672e-01
1.154263999999999984e-01 1.062848118275674797e-01
1.154314999999999924e-01 1.055951068658792374e-01
1.154366000000000003e-01 1.052885713273511437e-01
1.154416999999999943e-01 1.047202033496636153e-01
1.154467999999999883e-01 1.034429719391298519e-01
1.154518999999999962e-01 1.029001485896529899e-01
1.154569999999999902e-01 1.025361376376508760e-01
1.154620999999999981e-01 1.017697987913306207e-01
1.154671999999999921e-01 1.011375692431163986e-01
1.154722999999999999e-01 1.005500427942708636e-01
1.154773999999999939e-01 9.952187150879118760e-02
1.154824999999999879e-01 9.897904815931432565e-02
1.154875999999999958e-01 9.858310642204885788e-02
1.154926999999999898e-01 9.728033038330441418e-02
1.154977999999999977e-01 9.711429029993502715e-02
1.155028999999999917e-01 9.687800248898628674e-02
1.155079999999999996e-01 9.621384215550872476e-02
1.155130999999999936e-01 9.533893863929308876e-02
1.155182000000000014e-01 9.503878925781766851e-02
1.155232999999999954e-01 9.466839214876285324e-02
1.155283999999999894e-01 9.395952871591661815e-02
1.155334999999999973e-01 9.309101135675366956e-02
1.155385999999999913e-01 9.275893119001488163e-02
1.155436999999999992e-01 9.178184916095655232e-02
1.155487999999999932e-01 9.114323345568967061e-02
1.155539000000000011e-01 9.098357952937294324e-02
1.155589999999999951e-01 9.040882539463274137e-02
1.155640999999999891e-01 8.957862497778579236e-02
1.155691999999999969e-01 8.874842456093884335e-02
1.155742999999999909e-01 8.819921505440933562e-02
1.155793999999999988e-01 8.758614397735312029e-02
1.155844999999999928e-01 8.708163757019228568e-02
1.155896000000000007e-01 8.692836980092823185e-02
1.155946999999999947e-01 8.644940802197806362e-02
1.155997999999999887e-01 8.550425677818308812e-02
1.156048999999999966e-01 8.504445347039092662e-02
1.156099999999999905e-01 8.463573941902011177e-02
1.156150999999999984e-01 8.431004540933401126e-02
1.156201999999999924e-01 8.347984499248704837e-02
1.156253000000000003e-01 8.319246792511696131e-02
1.156303999999999943e-01 8.286677391543084692e-02
1.156354999999999883e-01 8.262409994742944686e-02
1.156405999999999962e-01 8.170449333184512386e-02
1.156456999999999902e-01 8.100840221310422196e-02
1.156507999999999980e-01 8.041448960720601336e-02
1.156558999999999920e-01 7.990998320004516486e-02
1.156609999999999999e-01 7.941824910698967732e-02
1.156660999999999939e-01 7.905423815498756335e-02
1.156711999999999879e-01 7.861997947540608211e-02
1.156762999999999958e-01 7.824319620929860719e-02
1.156813999999999898e-01 7.802606686950787351e-02
1.156864999999999977e-01 7.681269702950078992e-02
1.156915999999999917e-01 7.662749847497339617e-02
1.156966999999999995e-01 7.602081355496985438e-02
1.157017999999999935e-01 7.552907946191435296e-02
1.157069000000000014e-01 7.520977160928091210e-02
1.157119999999999954e-01 7.476912677264677121e-02
1.157170999999999894e-01 7.400278792632650204e-02
1.157221999999999973e-01 7.356852924674502081e-02
1.157272999999999913e-01 7.337055837811227998e-02
1.157323999999999992e-01 7.292991354147813909e-02
1.157374999999999932e-01 7.246372407663331794e-02
1.157426000000000010e-01 7.171654370147105551e-02
1.157476999999999950e-01 7.132698812125826127e-02
1.157527999999999890e-01 7.051594617556931899e-02
1.157578999999999969e-01 6.996673666903979738e-02
1.157629999999999909e-01 6.969213191577502964e-02
1.157680999999999988e-01 6.946223026187896277e-02
1.157731999999999928e-01 6.917485319450886183e-02
1.157783000000000007e-01 6.911737778103484164e-02
1.157833999999999947e-01 6.896411001177078781e-02
1.157884999999999887e-01 6.884277302777008778e-02
1.157935999999999965e-01 6.848514823282061958e-02
1.157986999999999905e-01 6.833188046355657963e-02
1.158037999999999984e-01 6.819777116545053253e-02
1.158088999999999924e-01 6.741227384797227051e-02
1.158140000000000003e-01 6.708019368123348258e-02
1.158190999999999943e-01 6.646073644712459372e-02
1.158241999999999883e-01 6.593707156880575238e-02
1.158292999999999962e-01 6.540702053343425137e-02
1.158343999999999901e-01 6.497276185385275626e-02
1.158394999999999980e-01 6.448102776079726872e-02
1.158445999999999920e-01 6.412978912290047406e-02
1.158496999999999999e-01 6.373384738563500629e-02
1.158547999999999939e-01 6.328681639194819186e-02
1.158599000000000018e-01 6.280146845594536398e-02
1.158649999999999958e-01 6.253963601678594331e-02
1.158700999999999898e-01 6.229057589173185583e-02
1.158751999999999976e-01 6.174775254225500082e-02
1.158802999999999916e-01 6.140928621846355323e-02
1.158853999999999995e-01 6.087284902603936482e-02
1.158904999999999935e-01 6.039388724708920353e-02
1.158956000000000014e-01 5.994047009634971557e-02
1.159006999999999954e-01 5.957007298729492806e-02
1.159057999999999894e-01 5.957007298729492806e-02
1.159108999999999973e-01 5.898893269550205959e-02
1.159159999999999913e-01 5.874625872750064565e-02
1.159210999999999991e-01 5.855467401592058529e-02
1.159261999999999931e-01 5.835670314728785141e-02
1.159313000000000010e-01 5.807571223697041707e-02
1.159363999999999950e-01 5.790967215360103004e-02
1.159414999999999890e-01 5.739239343233484836e-02
1.159465999999999969e-01 5.715610562138610795e-02
1.159516999999999909e-01 5.672184694180462672e-02
1.159567999999999988e-01 5.642169756032919259e-02
1.159618999999999928e-01 5.621734053464378517e-02
1.159670000000000006e-01 5.547016015948153661e-02
1.159720999999999946e-01 5.532966470432282291e-02
1.159771999999999886e-01 5.483154445421464795e-02
1.159822999999999965e-01 5.451862275863387369e-02
1.159873999999999905e-01 5.438451346052782659e-02
1.159924999999999984e-01 5.418015643484243304e-02
1.159975999999999924e-01 5.379060085462962493e-02
1.160027000000000003e-01 5.352238225841753766e-02
1.160077999999999943e-01 5.336911448915348383e-02
1.160129000000000021e-01 5.262193411399122833e-02
1.160179999999999961e-01 5.237926014598981439e-02
1.160230999999999901e-01 5.180450601124961946e-02
1.160281999999999980e-01 5.146603968745817187e-02
1.160332999999999920e-01 5.135747501756279809e-02
1.160383999999999999e-01 5.106371179314003056e-02
1.160434999999999939e-01 5.082742398219129015e-02
1.160486000000000018e-01 5.032930373208312214e-02
1.160536999999999958e-01 4.998445125123900101e-02
1.160587999999999897e-01 4.947355868702549286e-02
1.160638999999999976e-01 4.897543843691732485e-02
1.160689999999999916e-01 4.886048760996928447e-02
1.160740999999999995e-01 4.851563512912516335e-02
1.160791999999999935e-01 4.799197025080632201e-02
1.160843000000000014e-01 4.788979173796361483e-02
1.160893999999999954e-01 4.765350392701487442e-02
1.160944999999999894e-01 4.728949297501275351e-02
1.160995999999999972e-01 4.716815599101203960e-02
1.161046999999999912e-01 4.649760950048181102e-02
1.161097999999999991e-01 4.627409400363840380e-02
1.161148999999999931e-01 4.552052747142348171e-02
1.161200000000000010e-01 4.529701197458007450e-02
1.161250999999999950e-01 4.507988263478932695e-02
1.161301999999999890e-01 4.473503015394521970e-02
1.161352999999999969e-01 4.418582064741569115e-02
1.161403999999999909e-01 4.373878965372887673e-02
1.161454999999999987e-01 4.352166031393813611e-02
1.161505999999999927e-01 4.316403551898868179e-02
1.161557000000000006e-01 4.300438159267195443e-02
1.161607999999999946e-01 4.289581692277658759e-02
1.161658999999999886e-01 4.265314295477517365e-02
1.161709999999999965e-01 4.230190431687838593e-02
1.161760999999999905e-01 4.184210100908623137e-02
1.161811999999999984e-01 4.161858551224282415e-02
1.161862999999999924e-01 4.104383137750262228e-02
1.161914000000000002e-01 4.093526670760725544e-02
1.161964999999999942e-01 4.087140513708056172e-02
1.162016000000000021e-01 4.074368199602719509e-02
1.162066999999999961e-01 4.020085864655034008e-02
1.162117999999999901e-01 4.005397703433895285e-02
1.162168999999999980e-01 3.972828302465284539e-02
1.162219999999999920e-01 3.948560905665143145e-02
1.162270999999999999e-01 3.935149975854538434e-02
1.162321999999999939e-01 3.910882579054397040e-02
1.162373000000000017e-01 3.875758715264718268e-02
1.162423999999999957e-01 3.861070554043579545e-02
1.162474999999999897e-01 3.838719004359238823e-02
1.162525999999999976e-01 3.824669458843367453e-02
1.162576999999999916e-01 3.802317909159026732e-02
1.162627999999999995e-01 3.786352516527354689e-02
1.162678999999999935e-01 3.778689128064151997e-02
1.162730000000000014e-01 3.772302971011483319e-02
1.162780999999999954e-01 3.759530656906145268e-02
1.162831999999999893e-01 3.746758342800807912e-02
1.162882999999999972e-01 3.696946317789990416e-02
1.162933999999999912e-01 3.686089850800453732e-02
1.162984999999999991e-01 3.673956152400383035e-02
1.163035999999999931e-01 3.627337205915900226e-02
1.163087000000000010e-01 3.604985656231559504e-02
1.163137999999999950e-01 3.590936110715688134e-02
1.163188999999999890e-01 3.573054870968214725e-02
1.163239999999999968e-01 3.543678548525938665e-02
1.163290999999999908e-01 3.523242845957398617e-02
1.163341999999999987e-01 3.502807143388857875e-02
1.163392999999999927e-01 3.494505139220388523e-02
1.163444000000000006e-01 3.488118982167719845e-02
1.163494999999999946e-01 3.473430820946581121e-02
1.163546000000000025e-01 3.442777267093771049e-02
1.163596999999999965e-01 3.408292019009359630e-02
1.163647999999999905e-01 3.394881089198754226e-02
1.163698999999999983e-01 3.369336460988078819e-02
1.163749999999999923e-01 3.335489828608934754e-02
1.163801000000000002e-01 3.311222431808792666e-02
1.163851999999999942e-01 3.285039187892850598e-02
1.163903000000000021e-01 3.267157948145377883e-02
1.163953999999999961e-01 3.251192555513705840e-02
1.164004999999999901e-01 3.230756852945165097e-02
1.164055999999999980e-01 3.210959766081891709e-02
1.164106999999999920e-01 3.184776522165949642e-02
1.164157999999999998e-01 3.175197286586946971e-02
1.164208999999999938e-01 3.172642823765878944e-02
1.164260000000000017e-01 3.138157575681467526e-02
1.164310999999999957e-01 3.120914951639261470e-02
1.164361999999999897e-01 3.086429703554849704e-02
1.164412999999999976e-01 3.069825695217911002e-02
1.164463999999999916e-01 3.047474145533569934e-02
1.164514999999999995e-01 3.024483980143961859e-02
1.164565999999999935e-01 3.000855199049087471e-02
1.164617000000000013e-01 2.954236252564604662e-02
1.164667999999999953e-01 2.942741169869800624e-02
1.164718999999999893e-01 2.926775777238128581e-02
1.164769999999999972e-01 2.908255921785389206e-02
1.164820999999999912e-01 2.903785611848520853e-02
1.164871999999999991e-01 2.878879599343112453e-02
1.164922999999999931e-01 2.852696355427170039e-02
1.164974000000000010e-01 2.848864661195569040e-02
1.165024999999999950e-01 2.823958648690160639e-02
1.165075999999999889e-01 2.805438793237420916e-02
1.165126999999999968e-01 2.774785239384610497e-02
1.165177999999999908e-01 2.772230776563542470e-02
1.165228999999999987e-01 2.758819846752938107e-02
1.165279999999999927e-01 2.731997987131729033e-02
1.165331000000000006e-01 2.731997987131729033e-02
1.165381999999999946e-01 2.730720755721195367e-02
1.165433000000000024e-01 2.676438420773510560e-02
1.165483999999999964e-01 2.651532408268101465e-02
1.165534999999999904e-01 2.629180858583760744e-02
1.165585999999999983e-01 2.601720383257285010e-02
1.165636999999999923e-01 2.585754990625612620e-02
1.165688000000000002e-01 2.564042056646538906e-02
1.165738999999999942e-01 2.553185589657001528e-02
1.165790000000000021e-01 2.544883585488532177e-02
1.165840999999999961e-01 2.539136044141130158e-02
1.165891999999999901e-01 2.532111271383194473e-02
1.165942999999999979e-01 2.528279577151593127e-02
1.165993999999999919e-01 2.509759721698853405e-02
1.166044999999999998e-01 2.505289411761985746e-02
1.166095999999999938e-01 2.491878481951380689e-02
1.166147000000000017e-01 2.471442779382840640e-02
1.166197999999999957e-01 2.422907985782557158e-02
1.166248999999999897e-01 2.411412903087753121e-02
1.166299999999999976e-01 2.409497055971952795e-02
1.166350999999999916e-01 2.404388130329817436e-02
1.166401999999999994e-01 2.392254431929747086e-02
1.166452999999999934e-01 2.376289039298074696e-02
1.166504000000000013e-01 2.375011807887541029e-02
1.166554999999999953e-01 2.370541497950672677e-02
1.166606000000000032e-01 2.362239493782203326e-02
1.166656999999999972e-01 2.353298873908466968e-02
1.166707999999999912e-01 2.336056249866261258e-02
1.166758999999999991e-01 2.314981931592453857e-02
1.166809999999999931e-01 2.307318543129251165e-02
1.166861000000000009e-01 2.272833295044839746e-02
1.166911999999999949e-01 2.251758976771032345e-02
1.166963000000000028e-01 2.244095588307829653e-02
1.167013999999999968e-01 2.226852964265624291e-02
1.167064999999999908e-01 2.221105422918222272e-02
1.167115999999999987e-01 2.212803418749752574e-02
1.167166999999999927e-01 2.196838026118080531e-02
1.167218000000000006e-01 2.147664616812530389e-02
1.167268999999999946e-01 2.121481372896588322e-02
1.167320000000000024e-01 2.095298128980645908e-02
1.167370999999999964e-01 2.081887199170041544e-02
1.167421999999999904e-01 2.073585195001571846e-02
1.167472999999999983e-01 2.066560422243636161e-02
1.167523999999999923e-01 2.062728728012035162e-02
1.167575000000000002e-01 2.040377178327693747e-02
1.167625999999999942e-01 2.032075174159224396e-02
1.167677000000000020e-01 1.986733459085275946e-02
1.167727999999999960e-01 1.981624533443140587e-02
1.167778999999999900e-01 1.969490835043069890e-02
1.167829999999999979e-01 1.966297756516735204e-02
1.167880999999999919e-01 1.945223438242928149e-02
1.167931999999999998e-01 1.934366971253391118e-02
1.167982999999999938e-01 1.932451124137590792e-02
1.168034000000000017e-01 1.917762962916452416e-02
1.168084999999999957e-01 1.903713417400581046e-02
1.168135999999999897e-01 1.895411413232111347e-02
1.168186999999999975e-01 1.895411413232111347e-02
1.168237999999999915e-01 1.869228169316169280e-02
1.168288999999999994e-01 1.859010318031898909e-02
1.168339999999999934e-01 1.843044925400226866e-02
1.168391000000000013e-01 1.832827074115956495e-02
1.168441999999999953e-01 1.809836908726348767e-02
1.168493000000000032e-01 1.779183354873538347e-02
1.168543999999999972e-01 1.765133809357666977e-02
1.168594999999999912e-01 1.760663499420798625e-02
1.168645999999999990e-01 1.751722879547062267e-02
1.168696999999999930e-01 1.749807032431261941e-02
1.168748000000000009e-01 1.744698106789126582e-02
1.168798999999999949e-01 1.743420875378592916e-02
1.168850000000000028e-01 1.737034718325924237e-02
1.168900999999999968e-01 1.703826701652046138e-02
1.168951999999999908e-01 1.702549470241512472e-02
1.169002999999999987e-01 1.694247466073042774e-02
1.169053999999999927e-01 1.682113767672972077e-02
1.169105000000000005e-01 1.675088994915036392e-02
1.169155999999999945e-01 1.672534532093969059e-02
1.169207000000000024e-01 1.650182982409627991e-02
1.169257999999999964e-01 1.625276969904219590e-02
1.169308999999999904e-01 1.618890812851550565e-02
1.169359999999999983e-01 1.608034345862013534e-02
1.169410999999999923e-01 1.593346184640875157e-02
1.169462000000000002e-01 1.591430337525074484e-02
1.169512999999999942e-01 1.580573870535537800e-02
1.169564000000000020e-01 1.572271866367068102e-02
1.169614999999999960e-01 1.533316308345788158e-02
1.169665999999999900e-01 1.522459841356250954e-02
1.169716999999999979e-01 1.507133064429845917e-02
1.169767999999999919e-01 1.496915213145575893e-02
1.169818999999999998e-01 1.477118126282302331e-02
1.169869999999999938e-01 1.470093353524366646e-02
1.169921000000000016e-01 1.447103188134758918e-02
1.169971999999999956e-01 1.428583332682019195e-02
1.170023000000000035e-01 1.425390254155684856e-02
1.170073999999999975e-01 1.400484241650276282e-02
1.170124999999999915e-01 1.395375316008141096e-02
1.170175999999999994e-01 1.383880233313337406e-02
1.170226999999999934e-01 1.372385150618533368e-02
1.170278000000000013e-01 1.319380047081382228e-02
1.170328999999999953e-01 1.319380047081382228e-02
1.170380000000000031e-01 1.311078042912912529e-02
1.170430999999999971e-01 1.311078042912912529e-02
1.170481999999999911e-01 1.305330501565510684e-02
1.170532999999999990e-01 1.298944344512841832e-02
1.170583999999999930e-01 1.284256183291703629e-02
1.170635000000000009e-01 1.272761100596899592e-02
1.170685999999999949e-01 1.256795707965227549e-02
1.170737000000000028e-01 1.239553083923021493e-02
1.170787999999999968e-01 1.223587691291349450e-02
1.170838999999999908e-01 1.208899530070211246e-02
1.170889999999999986e-01 1.197404447375407209e-02
1.170940999999999926e-01 1.182716286154268832e-02
1.170992000000000005e-01 1.182716286154268832e-02
1.171042999999999945e-01 1.173137050575265641e-02
1.171094000000000024e-01 1.150785500890924747e-02
1.171144999999999964e-01 1.150785500890924747e-02
1.171195999999999904e-01 1.136735955375053377e-02
1.171246999999999983e-01 1.099696244469573932e-02
1.171297999999999923e-01 1.091394240301104407e-02
1.171349000000000001e-01 1.085008083248435555e-02
1.171399999999999941e-01 1.070958537732564185e-02
1.171451000000000020e-01 1.058186223627226481e-02
1.171501999999999960e-01 1.058186223627226481e-02
1.171552999999999900e-01 1.053715913690358476e-02
1.171603999999999979e-01 1.053715913690358476e-02
1.171654999999999919e-01 1.040304983879753765e-02
1.171705999999999998e-01 1.034557442532351920e-02
1.171756999999999938e-01 1.017314818490146038e-02
1.171808000000000016e-01 9.911315745742037969e-03
1.171858999999999956e-01 9.872998803426024511e-03
1.171910000000000035e-01 9.706958720056634016e-03
1.171960999999999975e-01 9.534532479634575189e-03
1.172011999999999915e-01 9.387650867423193157e-03
1.172062999999999994e-01 9.355720082159848031e-03
1.172113999999999934e-01 9.234383098159139325e-03
1.172165000000000012e-01 9.215224627001134330e-03
1.172215999999999952e-01 9.138590742369109149e-03
1.172267000000000031e-01 8.998095287210393714e-03
1.172317999999999971e-01 8.940619873736373527e-03
1.172368999999999911e-01 8.934233716683705195e-03
1.172419999999999990e-01 8.787352104472321429e-03
1.172470999999999930e-01 8.774579790366983031e-03
1.172522000000000009e-01 8.755421319208978037e-03
1.172572999999999949e-01 8.678787434576951121e-03
1.172624000000000027e-01 8.659628963418944392e-03
1.172674999999999967e-01 8.589381235839587542e-03
1.172725999999999907e-01 8.436113466575535444e-03
1.172776999999999986e-01 8.429727309522867112e-03
1.172827999999999926e-01 8.353093424890840196e-03
1.172879000000000005e-01 8.238142597942801557e-03
1.172929999999999945e-01 8.212597969732126496e-03
1.172981000000000024e-01 8.148736399205437977e-03
1.173031999999999964e-01 8.148736399205437977e-03
1.173082999999999904e-01 8.142350242152767911e-03
1.173133999999999982e-01 8.135964085100099580e-03
1.173184999999999922e-01 8.078488671626081127e-03
1.173236000000000001e-01 8.078488671626081127e-03
1.173286999999999941e-01 7.861359331835340511e-03
1.173338000000000020e-01 7.727250033729295142e-03
1.173388999999999960e-01 7.695319248465950883e-03
1.173440000000000039e-01 7.605913049728586436e-03
1.173490999999999979e-01 7.605913049728586436e-03
1.173541999999999919e-01 7.599526892675918105e-03
1.173592999999999997e-01 7.529279165096560388e-03
1.173643999999999937e-01 7.503734536885885327e-03
1.173695000000000016e-01 7.439872966359196808e-03
1.173745999999999956e-01 7.433486809306527610e-03
1.173797000000000035e-01 7.433486809306527610e-03
1.173847999999999975e-01 7.331308296463826500e-03
1.173898999999999915e-01 7.318535982358488970e-03
1.173949999999999994e-01 7.318535982358488970e-03
1.174000999999999933e-01 7.184426684252443601e-03
1.174052000000000012e-01 7.133337427831092613e-03
1.174102999999999952e-01 7.075862014357073293e-03
1.174154000000000031e-01 7.056703543199067431e-03
1.174204999999999971e-01 7.024772757935723172e-03
1.174255999999999911e-01 6.967297344461702985e-03
1.174306999999999990e-01 6.967297344461702985e-03
1.174357999999999930e-01 6.928980402145689527e-03
1.174409000000000008e-01 6.922594245093021195e-03
1.174459999999999948e-01 6.909821930987682798e-03
1.174511000000000027e-01 6.890663459829676936e-03
1.174561999999999967e-01 6.884277302777008604e-03
1.174612999999999907e-01 6.852346517513664345e-03
1.174663999999999986e-01 6.762940318776299899e-03
1.174714999999999926e-01 6.635217177722923729e-03
1.174766000000000005e-01 6.596900235406911138e-03
1.174816999999999945e-01 6.584127921301572740e-03
1.174868000000000023e-01 6.564969450143566879e-03
1.174918999999999963e-01 6.558583293090896812e-03
1.174969999999999903e-01 6.526652507827553421e-03
1.175020999999999982e-01 6.488335565511539962e-03
1.175071999999999922e-01 6.488335565511539962e-03
1.175123000000000001e-01 6.373384738563500455e-03
1.175173999999999941e-01 6.226503126352117556e-03
1.175225000000000020e-01 6.213730812246780026e-03
1.175275999999999960e-01 6.207344655194110827e-03
1.175327000000000038e-01 6.175413869930767435e-03
1.175377999999999978e-01 6.175413869930767435e-03
1.175428999999999918e-01 6.162641555825429038e-03
1.175479999999999997e-01 6.124324613509416447e-03
1.175530999999999937e-01 6.124324613509416447e-03
1.175582000000000016e-01 6.111552299404078917e-03
1.175632999999999956e-01 6.086007671193402989e-03
1.175684000000000035e-01 6.047690728877390398e-03
1.175734999999999975e-01 6.022146100666714470e-03
1.175785999999999915e-01 6.002987629508708609e-03
1.175836999999999993e-01 5.939126058982020090e-03
1.175887999999999933e-01 5.939126058982020090e-03
1.175939000000000012e-01 5.939126058982020090e-03
1.175989999999999952e-01 5.926353744876681692e-03
1.176041000000000031e-01 5.926353744876681692e-03
1.176091999999999971e-01 5.868878331402663240e-03
1.176142999999999911e-01 5.868878331402663240e-03
1.176193999999999990e-01 5.868878331402663240e-03
1.176244999999999929e-01 5.849719860244655643e-03
1.176296000000000008e-01 5.836947546139318981e-03
1.176346999999999948e-01 5.836947546139318981e-03
1.176398000000000027e-01 5.830561389086649782e-03
1.176448999999999967e-01 5.613432049295910033e-03
1.176500000000000046e-01 5.485708908242532128e-03
1.176550999999999986e-01 5.326054981925810831e-03
1.176601999999999926e-01 5.249421097293784783e-03
1.176653000000000004e-01 5.191945683819766330e-03
1.176703999999999944e-01 5.134470270345746143e-03
1.176755000000000023e-01 5.057836385713720094e-03
1.176805999999999963e-01 5.000360972239700774e-03
1.176857000000000042e-01 5.000360972239700774e-03
1.176907999999999982e-01 4.981202501081694912e-03
1.176958999999999922e-01 4.821548574764972749e-03
1.177010000000000001e-01 4.802390103606966887e-03
1.177060999999999941e-01 4.802390103606966887e-03
1.177112000000000019e-01 4.776845475396291826e-03
1.177162999999999959e-01 4.776845475396291826e-03
1.177214000000000038e-01 4.776845475396291826e-03
1.177264999999999978e-01 4.681053119606259048e-03
1.177315999999999918e-01 4.681053119606259048e-03
1.177366999999999997e-01 4.681053119606259048e-03
1.177417999999999937e-01 4.636350020237577259e-03
1.177469000000000016e-01 4.629963863184908060e-03
1.177519999999999956e-01 4.610805392026901331e-03
1.177571000000000034e-01 4.508626879184200222e-03
1.177621999999999974e-01 4.451151465710180902e-03
1.177672999999999914e-01 4.451151465710180902e-03
1.177723999999999993e-01 4.451151465710180902e-03
1.177774999999999933e-01 4.393676052236160715e-03
1.177826000000000012e-01 4.393676052236160715e-03
1.177876999999999952e-01 4.393676052236160715e-03
1.177928000000000031e-01 4.393676052236160715e-03
1.177978999999999971e-01 4.393676052236160715e-03
1.178029999999999911e-01 4.393676052236160715e-03
1.178080999999999989e-01 4.393676052236160715e-03
1.178131999999999929e-01 4.393676052236160715e-03
1.178183000000000008e-01 4.393676052236160715e-03
1.178233999999999948e-01 4.374517581078154853e-03
1.178285000000000027e-01 4.374517581078154853e-03
1.178335999999999967e-01 4.374517581078154853e-03
1.178386999999999907e-01 4.361745266972816455e-03
1.178437999999999986e-01 4.265952911182784545e-03
1.178488999999999925e-01 4.265952911182784545e-03
1.178540000000000004e-01 4.265952911182784545e-03
1.178590999999999944e-01 4.214863654761433556e-03
1.178642000000000023e-01 4.202091340656096026e-03
1.178692999999999963e-01 4.182932869498089297e-03
1.178744000000000042e-01 4.182932869498089297e-03
1.178794999999999982e-01 4.112685141918732447e-03
1.178845999999999922e-01 4.112685141918732447e-03
1.178897000000000000e-01 4.093526670760725718e-03
1.178947999999999940e-01 3.889169645075322632e-03
1.178999000000000019e-01 3.889169645075322632e-03
1.179049999999999959e-01 3.889169645075322632e-03
1.179101000000000038e-01 3.812535760443296583e-03
1.179151999999999978e-01 3.767832661074614793e-03
1.179202999999999918e-01 3.767832661074614793e-03
1.179253999999999997e-01 3.767832661074614793e-03
1.179304999999999937e-01 3.755060346969276829e-03
1.179356000000000015e-01 3.748674189916608064e-03
1.179406999999999955e-01 3.672040305284582449e-03
1.179458000000000034e-01 3.620951048863231461e-03
1.179508999999999974e-01 3.608178734757893930e-03
1.179559999999999914e-01 3.569861792441880906e-03
1.179610999999999993e-01 3.569861792441880906e-03
1.179661999999999933e-01 3.569861792441880906e-03
1.179713000000000012e-01 3.563475635389212141e-03
1.179763999999999952e-01 3.531544850125867881e-03
1.179815000000000030e-01 3.467683279599179363e-03
1.179865999999999970e-01 3.461297122546510598e-03
1.179917000000000049e-01 3.461297122546510598e-03
1.179967999999999989e-01 3.461297122546510598e-03
1.180018999999999929e-01 3.461297122546510598e-03
1.180070000000000008e-01 3.461297122546510598e-03
1.180120999999999948e-01 3.403821709072491278e-03
1.180172000000000027e-01 3.403821709072491278e-03
1.180222999999999967e-01 3.403821709072491278e-03
1.180274000000000045e-01 3.403821709072491278e-03
1.180324999999999985e-01 3.403821709072491278e-03
1.180375999999999925e-01 3.403821709072491278e-03
1.180427000000000004e-01 3.359118609703809055e-03
1.180477999999999944e-01 3.359118609703809055e-03
1.180529000000000023e-01 3.359118609703809055e-03
1.180579999999999963e-01 3.359118609703809055e-03
1.180631000000000042e-01 3.276098568019114241e-03
1.180681999999999982e-01 3.193078526334419426e-03
1.180732999999999921e-01 3.193078526334419426e-03
1.180784000000000000e-01 3.193078526334419426e-03
1.180834999999999940e-01 3.193078526334419426e-03
1.180886000000000019e-01 3.193078526334419426e-03
1.180936999999999959e-01 3.052583071175705293e-03
1.180988000000000038e-01 3.052583071175705293e-03
1.181038999999999978e-01 3.020652285912360600e-03
1.181089999999999918e-01 2.988721500649016340e-03
1.181140999999999996e-01 2.841839888437633441e-03
1.181191999999999936e-01 2.841839888437633441e-03
1.181243000000000015e-01 2.777978317910944923e-03
1.181293999999999955e-01 2.771592160858276158e-03
1.181345000000000034e-01 2.720502904436925603e-03
1.181395999999999974e-01 2.720502904436925603e-03
1.181446999999999914e-01 2.694958276226249675e-03
1.181497999999999993e-01 2.573621292225541837e-03
1.181548999999999933e-01 2.477828936435509492e-03
1.181600000000000011e-01 2.477828936435509492e-03
1.181650999999999951e-01 2.477828936435509492e-03
1.181702000000000030e-01 2.477828936435509492e-03
1.181752999999999970e-01 2.413967365908820974e-03
1.181804000000000049e-01 2.413967365908820974e-03
1.181854999999999989e-01 2.413967365908820974e-03
1.181905999999999929e-01 2.413967365908820974e-03
1.181957000000000008e-01 2.413967365908820974e-03
1.182007999999999948e-01 2.318175010118788629e-03
1.182059000000000026e-01 2.318175010118788629e-03
1.182109999999999966e-01 2.164907240854736098e-03
1.182161000000000045e-01 2.158521083802067333e-03
1.182211999999999985e-01 2.152134926749398568e-03
1.182262999999999925e-01 2.152134926749398568e-03
1.182314000000000004e-01 2.081887199170041284e-03
1.182364999999999944e-01 2.062728728012034989e-03
1.182416000000000023e-01 2.043570256854028259e-03
1.182466999999999963e-01 2.018025628643352765e-03
1.182518000000000041e-01 2.018025628643352765e-03
1.182568999999999981e-01 2.005253314538015235e-03
1.182619999999999921e-01 2.005253314538015235e-03
1.182671000000000000e-01 2.005253314538015235e-03
1.182721999999999940e-01 1.979708686327339741e-03
1.182773000000000019e-01 1.979708686327339741e-03
1.182823999999999959e-01 1.960550215169333445e-03
1.182875000000000038e-01 1.947777901063995698e-03
1.182925999999999978e-01 1.947777901063995698e-03
1.182976999999999917e-01 1.947777901063995698e-03
1.183027999999999996e-01 1.947777901063995698e-03
1.183078999999999936e-01 1.947777901063995698e-03
1.183130000000000015e-01 1.947777901063995698e-03
1.183180999999999955e-01 1.915847115800651656e-03
1.183232000000000034e-01 1.915847115800651656e-03
1.183282999999999974e-01 1.883916330537307397e-03
1.183334000000000052e-01 1.883916330537307397e-03
1.183384999999999992e-01 1.756193189483930793e-03
1.183435999999999932e-01 1.705103933062580021e-03
1.183487000000000011e-01 1.705103933062580021e-03
1.183537999999999951e-01 1.685945461904573509e-03
1.183589000000000030e-01 1.685945461904573509e-03
1.183639999999999970e-01 1.602925420219878478e-03
1.183691000000000049e-01 1.602925420219878478e-03
1.183741999999999989e-01 1.602925420219878478e-03
1.183792999999999929e-01 1.590153106114540948e-03
1.183844000000000007e-01 1.570994634956534436e-03
1.183894999999999947e-01 1.570994634956534436e-03
1.183946000000000026e-01 1.443271493903157399e-03
1.183996999999999966e-01 1.398568394534475609e-03
1.184048000000000045e-01 1.366637609271131350e-03
1.184098999999999985e-01 1.366637609271131350e-03
1.184149999999999925e-01 1.366637609271131350e-03
1.184201000000000004e-01 1.366637609271131350e-03
1.184251999999999944e-01 1.366637609271131350e-03
1.184303000000000022e-01 1.360251452218462801e-03
1.184353999999999962e-01 1.360251452218462801e-03
1.184405000000000041e-01 1.360251452218462801e-03
1.184455999999999981e-01 1.360251452218462801e-03
1.184506999999999921e-01 1.360251452218462801e-03
1.184558000000000000e-01 1.328320666955118325e-03
1.184608999999999940e-01 1.328320666955118325e-03
1.184660000000000019e-01 1.328320666955118325e-03
1.184710999999999959e-01 1.328320666955118325e-03
1.184762000000000037e-01 1.302776038744443048e-03
1.184812999999999977e-01 1.302776038744443048e-03
1.184863999999999917e-01 1.302776038744443048e-03
1.184914999999999996e-01 1.302776038744443048e-03
1.184965999999999936e-01 1.296389881691774066e-03
1.185017000000000015e-01 1.226142154112416999e-03
1.185067999999999955e-01 1.226142154112416999e-03
1.185119000000000034e-01 1.226142154112416999e-03
1.185169999999999974e-01 1.213369840007079252e-03
1.185221000000000052e-01 1.213369840007079252e-03
1.185271999999999992e-01 1.213369840007079252e-03
1.185322999999999932e-01 1.213369840007079252e-03
1.185374000000000011e-01 1.213369840007079252e-03
1.185424999999999951e-01 1.213369840007079252e-03
1.185476000000000030e-01 1.213369840007079252e-03
1.185526999999999970e-01 1.206983682954410487e-03
1.185578000000000048e-01 1.123963641269715673e-03
1.185628999999999988e-01 1.123963641269715673e-03
1.185679999999999928e-01 1.123963641269715673e-03
1.185731000000000007e-01 1.117577484217046691e-03
1.185781999999999947e-01 1.104805170111708944e-03
1.185833000000000026e-01 1.098419013059040179e-03
1.185883999999999966e-01 1.085646698953702648e-03
1.185935000000000045e-01 1.085646698953702648e-03
1.185985999999999985e-01 1.085646698953702648e-03
1.186036999999999925e-01 1.085646698953702648e-03
1.186088000000000003e-01 1.085646698953702648e-03
1.186138999999999943e-01 1.085646698953702648e-03
1.186190000000000022e-01 1.085646698953702648e-03
1.186240999999999962e-01 1.085646698953702648e-03
1.186292000000000041e-01 1.085646698953702648e-03
1.186342999999999981e-01 1.085646698953702648e-03
1.186394000000000060e-01 1.060102070743027154e-03
1.186445000000000000e-01 1.060102070743027154e-03
1.186495999999999940e-01 1.060102070743027154e-03
1.186547000000000018e-01 1.053715913690358389e-03
1.186597999999999958e-01 1.053715913690358389e-03
1.186649000000000037e-01 1.053715913690358389e-03
1.186699999999999977e-01 1.053715913690358389e-03
1.186751000000000056e-01 1.034557442532351877e-03
1.186801999999999996e-01 1.034557442532351877e-03
1.186852999999999936e-01 1.015398971374345365e-03
1.186904000000000015e-01 9.834681861110011053e-04
1.186954999999999955e-01 9.834681861110011053e-04
1.187006000000000033e-01 9.834681861110011053e-04
1.187056999999999973e-01 9.579235579003258279e-04
1.187108000000000052e-01 9.579235579003258279e-04
1.187158999999999992e-01 9.515374008476568460e-04
1.187209999999999932e-01 9.515374008476568460e-04
1.187261000000000011e-01 9.515374008476568460e-04
1.187311999999999951e-01 9.451512437949880809e-04
1.187363000000000030e-01 9.451512437949880809e-04
1.187413999999999970e-01 9.259927726369816771e-04
1.187465000000000048e-01 9.259927726369816771e-04
1.187515999999999988e-01 9.259927726369816771e-04
1.187566999999999928e-01 9.259927726369816771e-04
1.187618000000000007e-01 8.621312021102931584e-04
1.187668999999999947e-01 8.621312021102931584e-04
1.187720000000000026e-01 8.621312021102931584e-04
1.187770999999999966e-01 8.621312021102931584e-04
1.187822000000000044e-01 8.557450450576243933e-04
1.187872999999999984e-01 8.557450450576243933e-04
1.187923999999999924e-01 8.238142597942801340e-04
1.187975000000000003e-01 8.046557886362736218e-04
1.188025999999999943e-01 7.024772757935722955e-04
1.188077000000000022e-01 6.513880193722215240e-04
1.188127999999999962e-01 6.513880193722215240e-04
1.188179000000000041e-01 6.513880193722215240e-04
1.188229999999999981e-01 6.513880193722215240e-04
1.188280999999999921e-01 6.513880193722215240e-04
1.188331999999999999e-01 6.513880193722215240e-04
1.188382999999999939e-01 6.258433911615461382e-04
1.188434000000000018e-01 6.258433911615461382e-04
1.188484999999999958e-01 6.258433911615461382e-04
1.188536000000000037e-01 6.258433911615461382e-04
1.188586999999999977e-01 6.194572341088773731e-04
1.188638000000000056e-01 6.194572341088773731e-04
1.188688999999999996e-01 6.194572341088773731e-04
1.188739999999999936e-01 6.194572341088773731e-04
1.188791000000000014e-01 6.194572341088773731e-04
1.188841999999999954e-01 6.194572341088773731e-04
1.188893000000000033e-01 5.875264488455331138e-04
1.188943999999999973e-01 5.875264488455331138e-04
1.188995000000000052e-01 5.875264488455331138e-04
1.189045999999999992e-01 5.875264488455331138e-04
1.189096999999999932e-01 5.875264488455331138e-04
1.189148000000000011e-01 5.875264488455331138e-04
1.189198999999999951e-01 5.875264488455331138e-04
1.189250000000000029e-01 5.875264488455331138e-04
1.189300999999999969e-01 5.683679776875266015e-04
1.189352000000000048e-01 5.683679776875266015e-04
1.189402999999999988e-01 5.683679776875266015e-04
1.189453999999999928e-01 5.683679776875266015e-04
1.189505000000000007e-01 5.683679776875266015e-04
1.189555999999999947e-01 5.683679776875266015e-04
1.189607000000000026e-01 5.683679776875266015e-04
1.189657999999999966e-01 5.619818206348578364e-04
1.189709000000000044e-01 5.619818206348578364e-04
1.189759999999999984e-01 5.619818206348578364e-04
1.189811000000000063e-01 5.619818206348578364e-04
1.189862000000000003e-01 5.619818206348578364e-04
1.189912999999999943e-01 5.619818206348578364e-04
1.189964000000000022e-01 5.619818206348578364e-04
1.190014999999999962e-01 5.619818206348578364e-04
1.190066000000000040e-01 5.619818206348578364e-04
1.190116999999999980e-01 5.619818206348578364e-04
1.190168000000000059e-01 5.619818206348578364e-04
1.190218999999999999e-01 5.619818206348578364e-04
1.190269999999999939e-01 5.619818206348578364e-04
1.190321000000000018e-01 5.619818206348578364e-04
1.190371999999999958e-01 5.428233494768513242e-04
1.190423000000000037e-01 5.428233494768513242e-04
1.190473999999999977e-01 5.428233494768513242e-04
1.190525000000000055e-01 5.428233494768513242e-04
1.190575999999999995e-01 5.428233494768513242e-04
1.190626999999999935e-01 5.428233494768513242e-04
1.190678000000000014e-01 5.428233494768513242e-04
1.190728999999999954e-01 5.428233494768513242e-04
1.190780000000000033e-01 5.428233494768513242e-04
1.190830999999999973e-01 5.428233494768513242e-04
1.190882000000000052e-01 5.428233494768513242e-04
1.190932999999999992e-01 5.428233494768513242e-04
1.190983999999999932e-01 5.428233494768513242e-04
1.191035000000000010e-01 5.428233494768513242e-04
1.191085999999999950e-01 5.428233494768513242e-04
1.191137000000000029e-01 5.428233494768513242e-04
1.191187999999999969e-01 5.300510353715135771e-04
1.191239000000000048e-01 5.300510353715135771e-04
1.191289999999999988e-01 5.300510353715135771e-04
1.191340999999999928e-01 5.300510353715135771e-04
1.191392000000000007e-01 5.300510353715135771e-04
1.191442999999999947e-01 5.300510353715135771e-04
1.191494000000000025e-01 5.300510353715135771e-04
1.191544999999999965e-01 5.300510353715135771e-04
1.191596000000000044e-01 5.300510353715135771e-04
1.191646999999999984e-01 5.300510353715135771e-04
1.191697999999999924e-01 5.300510353715135771e-04
1.191749000000000003e-01 5.300510353715135771e-04
1.191799999999999943e-01 5.300510353715135771e-04
1.191851000000000022e-01 5.300510353715135771e-04
1.191901999999999961e-01 5.172787212661759384e-04
1.191953000000000040e-01 5.172787212661759384e-04
1.192003999999999980e-01 5.172787212661759384e-04
1.192055000000000059e-01 5.172787212661759384e-04
1.192105999999999999e-01 5.172787212661759384e-04
1.192156999999999939e-01 5.172787212661759384e-04
1.192208000000000018e-01 5.172787212661759384e-04
1.192258999999999958e-01 4.406448366341498353e-04
1.192310000000000036e-01 4.406448366341498353e-04
1.192360999999999976e-01 4.406448366341498353e-04
1.192412000000000055e-01 4.406448366341498353e-04
1.192462999999999995e-01 4.406448366341498353e-04
1.192513999999999935e-01 4.406448366341498353e-04
1.192565000000000014e-01 4.406448366341498353e-04
1.192615999999999954e-01 4.406448366341498353e-04
1.192667000000000033e-01 4.406448366341498353e-04
1.192717999999999973e-01 4.406448366341498353e-04
1.192769000000000051e-01 4.406448366341498353e-04
1.192819999999999991e-01 4.406448366341498353e-04
1.192871000000000070e-01 4.406448366341498353e-04
1.192922000000000010e-01 4.406448366341498353e-04
1.192972999999999950e-01 4.406448366341498353e-04
1.193024000000000029e-01 4.406448366341498353e-04
1.193074999999999969e-01 4.406448366341498353e-04
1.193126000000000048e-01 4.406448366341498353e-04
1.193176999999999988e-01 4.406448366341498353e-04
1.193228000000000066e-01 4.406448366341498353e-04
1.193279000000000006e-01 4.406448366341498353e-04
1.193329999999999946e-01 4.406448366341498353e-04
1.193381000000000025e-01 4.406448366341498353e-04
1.193431999999999965e-01 4.406448366341498353e-04
1.193483000000000044e-01 4.214863654761433773e-04
1.193533999999999984e-01 4.214863654761433773e-04
1.193585000000000063e-01 4.214863654761433773e-04
1.193636000000000003e-01 4.214863654761433773e-04
1.193686999999999943e-01 4.214863654761433773e-04
1.193738000000000021e-01 4.214863654761433773e-04
1.193788999999999961e-01 4.214863654761433773e-04
1.193840000000000040e-01 4.214863654761433773e-04
1.193890999999999980e-01 4.214863654761433773e-04
1.193942000000000059e-01 4.214863654761433773e-04
1.193992999999999999e-01 4.214863654761433773e-04
1.194043999999999939e-01 4.214863654761433773e-04
1.194095000000000018e-01 3.831694231601302987e-04
1.194145999999999957e-01 3.831694231601302987e-04
1.194197000000000036e-01 3.831694231601302987e-04
1.194247999999999976e-01 3.831694231601302987e-04
1.194299000000000055e-01 3.831694231601302987e-04
1.194349999999999995e-01 3.831694231601302987e-04
1.194400999999999935e-01 3.831694231601302987e-04
1.194452000000000014e-01 3.831694231601302987e-04
1.194502999999999954e-01 3.703971090547926058e-04
1.194554000000000032e-01 3.703971090547926058e-04
1.194604999999999972e-01 3.065355385281042498e-04
1.194656000000000051e-01 2.873770673700977375e-04
1.194706999999999991e-01 2.873770673700977375e-04
1.194757999999999931e-01 2.873770673700977375e-04
1.194809000000000010e-01 2.873770673700977375e-04
1.194859999999999950e-01 2.873770673700977375e-04
1.194911000000000029e-01 2.746047532647600447e-04
1.194961999999999969e-01 2.746047532647600447e-04
1.195013000000000047e-01 2.746047532647600447e-04
1.195063999999999987e-01 2.746047532647600447e-04
1.195114999999999927e-01 2.746047532647600447e-04
1.195166000000000006e-01 2.746047532647600447e-04
1.195216999999999946e-01 2.746047532647600447e-04
1.195268000000000025e-01 2.746047532647600447e-04
1.195318999999999965e-01 2.682185962120912253e-04
1.195370000000000044e-01 2.682185962120912253e-04
1.195420999999999984e-01 2.682185962120912253e-04
1.195472000000000062e-01 2.682185962120912253e-04
1.195523000000000002e-01 2.682185962120912253e-04
1.195573999999999942e-01 2.682185962120912253e-04
1.195625000000000021e-01 2.682185962120912253e-04
1.195675999999999961e-01 2.682185962120912253e-04
1.195727000000000040e-01 2.682185962120912253e-04
1.195777999999999980e-01 2.682185962120912253e-04
1.195829000000000059e-01 2.682185962120912253e-04
1.195879999999999999e-01 2.682185962120912253e-04
1.195930999999999939e-01 2.682185962120912253e-04
1.195982000000000017e-01 2.682185962120912253e-04
1.196032999999999957e-01 2.682185962120912253e-04
1.196084000000000036e-01 2.682185962120912253e-04
1.196134999999999976e-01 2.682185962120912253e-04
1.196186000000000055e-01 2.682185962120912253e-04
1.196236999999999995e-01 2.682185962120912253e-04
1.196288000000000074e-01 2.682185962120912253e-04
1.196339000000000014e-01 2.682185962120912253e-04
1.196389999999999953e-01 2.682185962120912253e-04
1.196441000000000032e-01 2.618324391594223518e-04
1.196491999999999972e-01 2.554462821067535324e-04
1.196543000000000051e-01 2.554462821067535324e-04
1.196593999999999991e-01 2.554462821067535324e-04
1.196645000000000070e-01 2.554462821067535324e-04
1.196696000000000010e-01 2.554462821067535324e-04
1.196746999999999950e-01 2.554462821067535324e-04
1.196798000000000028e-01 2.554462821067535324e-04
1.196848999999999968e-01 2.554462821067535324e-04
1.196900000000000047e-01 2.554462821067535324e-04
1.196950999999999987e-01 2.554462821067535324e-04
1.197002000000000066e-01 2.554462821067535324e-04
1.197053000000000006e-01 2.043570256854028422e-04
1.197103999999999946e-01 2.043570256854028422e-04
1.197155000000000025e-01 2.043570256854028422e-04
1.197205999999999965e-01 2.043570256854028422e-04
1.197257000000000043e-01 2.043570256854028422e-04
1.197307999999999983e-01 2.043570256854028422e-04
1.197359000000000062e-01 2.043570256854028422e-04
1.197410000000000002e-01 2.043570256854028422e-04
1.197460999999999942e-01 1.915847115800651493e-04
1.197512000000000021e-01 1.915847115800651493e-04
1.197562999999999961e-01 1.915847115800651493e-04
1.197614000000000040e-01 1.915847115800651493e-04
1.197664999999999980e-01 1.915847115800651493e-04
1.197716000000000058e-01 1.915847115800651493e-04
1.197766999999999998e-01 1.915847115800651493e-04
1.197817999999999938e-01 1.915847115800651493e-04
1.197869000000000017e-01 1.915847115800651493e-04
1.197919999999999957e-01 1.915847115800651493e-04
1.197971000000000036e-01 1.341092981060456127e-04
1.198021999999999976e-01 1.341092981060456127e-04
1.198073000000000055e-01 1.341092981060456127e-04
1.198123999999999995e-01 1.341092981060456127e-04
1.198174999999999935e-01 1.341092981060456127e-04
1.198226000000000013e-01 1.341092981060456127e-04
1.198276999999999953e-01 1.341092981060456127e-04
1.198328000000000032e-01 1.341092981060456127e-04
1.198378999999999972e-01 1.341092981060456127e-04
1.198430000000000051e-01 1.341092981060456127e-04
1.198480999999999991e-01 1.341092981060456127e-04
1.198532000000000070e-01 1.341092981060456127e-04
1.198583000000000010e-01 1.341092981060456127e-04
1.198633999999999949e-01 1.341092981060456127e-04
1.198685000000000028e-01 1.341092981060456127e-04
1.198735999999999968e-01 1.341092981060456127e-04
1.198787000000000047e-01 1.341092981060456127e-04
1.198837999999999987e-01 1.341092981060456127e-04
1.198889000000000066e-01 1.213369840007079333e-04
1.198940000000000006e-01 1.213369840007079333e-04
1.198990999999999946e-01 1.213369840007079333e-04
1.199042000000000024e-01 1.213369840007079333e-04
1.199092999999999964e-01 1.213369840007079333e-04
1.199144000000000043e-01 1.213369840007079333e-04
1.199194999999999983e-01 1.213369840007079333e-04
1.199246000000000062e-01 1.213369840007079333e-04
1.199297000000000002e-01 1.213369840007079333e-04
1.199347999999999942e-01 1.213369840007079333e-04
1.199399000000000021e-01 1.213369840007079333e-04
1.199449999999999961e-01 1.213369840007079333e-04
1.199501000000000039e-01 1.213369840007079333e-04
1.199551999999999979e-01 1.213369840007079333e-04
1.199603000000000058e-01 1.213369840007079333e-04
1.199653999999999998e-01 1.213369840007079333e-04
1.199705000000000077e-01 1.213369840007079333e-04
1.199756000000000017e-01 1.213369840007079333e-04
1.199806999999999957e-01 1.213369840007079333e-04
1.199858000000000036e-01 1.213369840007079333e-04
1.199908999999999976e-01 1.213369840007079333e-04
1.199960000000000054e-01 1.213369840007079333e-04
1.200010999999999994e-01 1.213369840007079333e-04
1.200062000000000073e-01 1.213369840007079333e-04
1.200113000000000013e-01 1.213369840007079333e-04
1.200163999999999953e-01 1.213369840007079333e-04
1.200215000000000032e-01 1.213369840007079333e-04
1.200265999999999972e-01 1.213369840007079333e-04
1.200317000000000051e-01 1.213369840007079333e-04
1.200367999999999991e-01 1.213369840007079333e-04
1.200419000000000069e-01 1.085646698953702540e-04
1.200470000000000009e-01 1.085646698953702540e-04
1.200520999999999949e-01 1.085646698953702540e-04
1.200572000000000028e-01 1.085646698953702540e-04
1.200622999999999968e-01 1.085646698953702540e-04
1.200674000000000047e-01 1.085646698953702540e-04
1.200724999999999987e-01 1.085646698953702540e-04
1.200776000000000066e-01 1.085646698953702540e-04
1.200827000000000006e-01 1.085646698953702540e-04
1.200877999999999945e-01 1.085646698953702540e-04
1.200929000000000024e-01 1.085646698953702540e-04
1.200979999999999964e-01 1.085646698953702540e-04
1.201031000000000043e-01 7.663388463202606244e-05
1.201081999999999983e-01 7.663388463202606244e-05
1.201133000000000062e-01 7.663388463202606244e-05
1.201184000000000002e-01 7.663388463202606244e-05
1.201234999999999942e-01 7.663388463202606244e-05
1.201286000000000020e-01 7.663388463202606244e-05
1.201336999999999960e-01 7.663388463202606244e-05
1.201388000000000039e-01 7.663388463202606244e-05
1.201438999999999979e-01 7.663388463202606244e-05
1.201490000000000058e-01 7.663388463202606244e-05
1.201540999999999998e-01 7.663388463202606244e-05
1.201591999999999938e-01 7.663388463202606244e-05
1.201643000000000017e-01 7.663388463202606244e-05
1.201693999999999957e-01 7.663388463202606244e-05
1.201745000000000035e-01 7.663388463202606244e-05
1.201795999999999975e-01 7.663388463202606244e-05
1.201847000000000054e-01 7.663388463202606244e-05
1.201897999999999994e-01 7.663388463202606244e-05
1.201949000000000073e-01 7.663388463202606244e-05
1.202000000000000013e-01 7.663388463202606244e-05
# Ensemble: [9^+], idetect: 0.1159
1.155000000000000054e-01 9.662255620687952573e-02
1.155047000000000018e-01 9.662255620687952573e-02
1.155094000000000121e-01 9.568849517328957555e-02
1.155141000000000084e-01 9.522341875907534836e-02
1.155188000000000048e-01 9.489122132035088253e-02
1.155235000000000012e-01 9.466454542098595715e-02
1.155282000000000114e-01 9.337092951254130635e-02
1.155329000000000078e-01 9.256974745444114527e-02
1.155376000000000042e-01 9.222582540023230302e-02
1.155423000000000006e-01 9.154188949697605882e-02
1.155470000000000108e-01 9.082668795242811177e-02
1.155517000000000072e-01 9.023654897304701772e-02
1.155564000000000036e-01 8.945881614591563724e-02
1.155610999999999999e-01 8.891166742331065020e-02
1.155658000000000102e-01 8.838015152135152153e-02
1.155705000000000066e-01 8.787599305552264151e-02
1.155752000000000029e-01 8.719205715226639730e-02
1.155798999999999993e-01 8.695365663741708162e-02
1.155846000000000096e-01 8.661364278836970743e-02
1.155893000000000059e-01 8.650812124901016698e-02
1.155940000000000023e-01 8.601177919350420920e-02
1.155986999999999987e-01 8.524186277669575096e-02
1.156034000000000089e-01 8.462045815602295407e-02
1.156081000000000053e-01 8.423354584503800480e-02
1.156128000000000017e-01 8.391698122695939732e-02
1.156175000000000119e-01 8.356133455726615089e-02
1.156222000000000083e-01 8.304154327079141251e-02
1.156269000000000047e-01 8.274842788368159952e-02
1.156316000000000010e-01 8.254129301012398667e-02
1.156363000000000113e-01 8.191207197912825366e-02
1.156410000000000077e-01 8.127112633264813035e-02
1.156457000000000040e-01 8.085294838037146437e-02
1.156504000000000004e-01 8.030189145260500927e-02
1.156551000000000107e-01 8.005958273259422553e-02
1.156598000000000070e-01 7.978991657645319313e-02
1.156645000000000034e-01 7.919586939191063102e-02
1.156691999999999998e-01 7.896137708222278340e-02
1.156739000000000100e-01 7.863308784865979950e-02
1.156786000000000064e-01 7.842986118026365472e-02
1.156833000000000028e-01 7.813674579315384172e-02
1.156879999999999992e-01 7.760522989119471304e-02
1.156927000000000094e-01 7.697210065503751197e-02
1.156974000000000058e-01 7.646403398404716389e-02
1.157021000000000022e-01 7.619436782790613150e-02
1.157067999999999985e-01 7.601068218531731313e-02
1.157115000000000088e-01 7.552997295045721371e-02
1.157162000000000052e-01 7.478741396977901801e-02
1.157209000000000015e-01 7.404876319426227649e-02
1.157256000000000118e-01 7.365012626779293692e-02
1.157303000000000082e-01 7.320849908454747645e-02
1.157350000000000045e-01 7.299354780066694137e-02
1.157397000000000009e-01 7.279032113227079659e-02
1.157444000000000112e-01 7.254019600193710449e-02
1.157491000000000075e-01 7.196959804836332297e-02
1.157538000000000039e-01 7.160613496834715430e-02
1.157585000000000003e-01 7.096518932186703099e-02
1.157632000000000105e-01 7.075023803798649591e-02
1.157679000000000069e-01 7.066034931927281382e-02
1.157726000000000033e-01 7.035550931667861052e-02
1.157772999999999997e-01 7.035550931667861052e-02
1.157820000000000099e-01 7.010538418634490454e-02
1.157867000000000063e-01 6.998422982633950573e-02
1.157914000000000027e-01 6.974582931149019005e-02
1.157960999999999990e-01 6.948397956567209377e-02
1.158008000000000093e-01 6.918304776823935853e-02
1.158055000000000057e-01 6.893683084306709286e-02
1.158102000000000020e-01 6.826071135013379865e-02
1.158148999999999984e-01 6.775655288430491863e-02
1.158196000000000087e-01 6.663489800296468202e-02
1.158243000000000050e-01 6.631051697456315230e-02
1.158290000000000014e-01 6.525530158096783107e-02
1.158337000000000117e-01 6.482149080804529284e-02
1.158384000000000080e-01 6.448538516415937283e-02
1.158431000000000044e-01 6.412583028930467222e-02
1.158478000000000008e-01 6.352396669443917399e-02
1.158525000000000110e-01 6.289083745828197292e-02
1.158572000000000074e-01 6.246484309568238469e-02
1.158619000000000038e-01 6.231633129954674416e-02
1.158666000000000001e-01 6.221862617051013983e-02
1.158713000000000104e-01 6.197631745049934915e-02
1.158760000000000068e-01 6.153078206209243450e-02
1.158807000000000031e-01 6.124548308530554375e-02
1.158853999999999995e-01 6.079213128657569992e-02
1.158901000000000098e-01 6.034268769300731722e-02
1.158948000000000061e-01 5.991278512524625399e-02
1.158995000000000025e-01 5.972128307233450645e-02
1.159041999999999989e-01 5.969001743104279667e-02
1.159089000000000091e-01 5.932264614586515300e-02
1.159136000000000055e-01 5.871296614067674641e-02
1.159183000000000019e-01 5.837686049679082639e-02
1.159229999999999983e-01 5.811891895613417736e-02
1.159277000000000085e-01 5.769292459353458913e-02
1.159324000000000049e-01 5.759912766965943898e-02
1.159371000000000013e-01 5.737635997545598165e-02
1.159418000000000115e-01 5.695036561285638649e-02
1.159465000000000079e-01 5.668069945671536103e-02
1.159512000000000043e-01 5.618435740120941019e-02
1.159559000000000006e-01 5.584825175732348324e-02
1.159606000000000109e-01 5.542616559988534919e-02
1.159653000000000073e-01 5.514477482825991955e-02
1.159700000000000036e-01 5.462889174694664923e-02
1.159747000000000000e-01 5.414818251208654981e-02
1.159794000000000103e-01 5.391369020239870219e-02
1.159841000000000066e-01 5.355804353270546270e-02
1.159888000000000030e-01 5.346815481399178061e-02
1.159934999999999994e-01 5.326492814559564276e-02
1.159982000000000096e-01 5.286629121912628931e-02
1.160029000000000060e-01 5.256926762685500826e-02
1.160076000000000024e-01 5.220971275200030071e-02
1.160122999999999988e-01 5.142025530938453687e-02
1.160170000000000090e-01 5.131864197518646448e-02
1.160217000000000054e-01 5.055654196870094930e-02
1.160264000000000018e-01 5.030641683836723638e-02
1.160310999999999981e-01 5.021261991449210010e-02
1.160358000000000084e-01 5.010709837513256659e-02
1.160405000000000048e-01 4.974754350027785904e-02
1.160452000000000011e-01 4.963420555059539635e-02
1.160499000000000114e-01 4.938798862542315149e-02
1.160546000000000078e-01 4.905188298153722454e-02
1.160593000000000041e-01 4.878221682539619908e-02
1.160640000000000005e-01 4.827805835956731212e-02
1.160687000000000108e-01 4.821161887182242450e-02
1.160734000000000071e-01 4.770355220083207642e-02
1.160781000000000035e-01 4.736744655694615641e-02
1.160827999999999999e-01 4.734399732597736887e-02
1.160875000000000101e-01 4.701179988725291692e-02
1.160922000000000065e-01 4.674995014143481370e-02
1.160969000000000029e-01 4.650764142142402996e-02
1.161015999999999992e-01 4.604647321237125696e-02
1.161063000000000095e-01 4.573381679945411754e-02
1.161110000000000059e-01 4.566346910654776187e-02
1.161157000000000022e-01 4.508114653748959699e-02
1.161203999999999986e-01 4.447928294262411264e-02
1.161251000000000089e-01 4.433077114648846517e-02
1.161298000000000052e-01 4.415099370906112181e-02
1.161345000000000016e-01 4.350223165225805544e-02
1.161391999999999980e-01 4.307232908449699915e-02
1.161439000000000082e-01 4.286128600577793213e-02
1.161486000000000046e-01 4.242356702769393972e-02
1.161533000000000010e-01 4.222815676962073106e-02
1.161580000000000112e-01 4.209136958896948083e-02
1.161627000000000076e-01 4.200148087025580568e-02
1.161674000000000040e-01 4.174353932959916358e-02
1.161721000000000004e-01 4.149732240442692566e-02
1.161768000000000106e-01 4.124719727409321274e-02
1.161815000000000070e-01 4.094235727149900250e-02
1.161862000000000034e-01 4.058280239664429495e-02
1.161908999999999997e-01 4.041865777986280300e-02
1.161956000000000100e-01 4.035612649727937651e-02
1.162003000000000064e-01 4.031313624050326949e-02
1.162050000000000027e-01 4.011381777726859277e-02
1.162096999999999991e-01 3.987541726241927709e-02
1.162144000000000094e-01 3.982070239015877283e-02
1.162191000000000057e-01 3.929700289852257333e-02
1.162238000000000021e-01 3.916803212819425922e-02
1.162284999999999985e-01 3.877721161204783495e-02
1.162332000000000087e-01 3.858961776429755547e-02
1.162379000000000051e-01 3.836685007009409121e-02
1.162426000000000015e-01 3.830431878751066471e-02
1.162472999999999979e-01 3.819098083782820896e-02
1.162520000000000081e-01 3.806591827266134903e-02
1.162567000000000045e-01 3.790959006620278626e-02
1.162614000000000009e-01 3.780797673200471387e-02
1.162661000000000111e-01 3.772981262877542902e-02
1.162708000000000075e-01 3.740543160037389930e-02
1.162755000000000039e-01 3.719048031649337116e-02
1.162802000000000002e-01 3.704978493068065981e-02
1.162849000000000105e-01 3.652999364420592143e-02
1.162896000000000069e-01 3.627986851387220851e-02
1.162943000000000032e-01 3.610790748676778739e-02
1.162989999999999996e-01 3.600629415256971499e-02
1.163037000000000099e-01 3.556075876416279341e-02
1.163084000000000062e-01 3.549431927641790580e-02
1.163131000000000026e-01 3.537316491641251393e-02
1.163177999999999990e-01 3.514648901704758854e-02
1.163225000000000092e-01 3.478693414219288099e-02
1.163272000000000056e-01 3.448991054992160687e-02
1.163319000000000020e-01 3.426714285571814261e-02
1.163365999999999983e-01 3.405609977699907559e-02
1.163413000000000086e-01 3.376689259505073065e-02
1.163460000000000050e-01 3.368872849182143886e-02
1.163507000000000013e-01 3.349722643890969825e-02
1.163553999999999977e-01 3.327836694986769511e-02
1.163601000000000080e-01 3.306341566598716697e-02
1.163648000000000043e-01 3.287973002339835554e-02
1.163695000000000007e-01 3.268822797048660800e-02
1.163742000000000110e-01 3.234821412143921993e-02
1.163789000000000073e-01 3.214107924788161402e-02
1.163836000000000037e-01 3.195739360529280260e-02
1.163883000000000001e-01 3.175416693689666475e-02
1.163930000000000103e-01 3.172680950076640916e-02
1.163977000000000067e-01 3.153139924269320049e-02
1.164024000000000031e-01 3.131253975365120429e-02
1.164070999999999995e-01 3.096470949428089051e-02
1.164118000000000097e-01 3.070285974846278729e-02
1.164165000000000061e-01 3.053480692651982728e-02
1.164212000000000025e-01 3.046055102845200702e-02
1.164258999999999988e-01 3.016743564134219749e-02
1.164306000000000091e-01 3.012835358972755159e-02
1.164353000000000055e-01 2.980397256132602188e-02
1.164400000000000018e-01 2.967500179099770430e-02
1.164446999999999982e-01 2.947959153292449563e-02
1.164494000000000085e-01 2.928418127485128350e-02
1.164541000000000048e-01 2.900669870838732539e-02
1.164588000000000012e-01 2.863932742320968866e-02
1.164634999999999976e-01 2.841265152384476675e-02
1.164682000000000078e-01 2.826804793287059081e-02
1.164729000000000042e-01 2.810390331608909539e-02
1.164776000000000006e-01 2.800228998189102300e-02
1.164823000000000108e-01 2.794757510963052569e-02
1.164870000000000072e-01 2.776388946704171079e-02
1.164917000000000036e-01 2.733789510444210868e-02
1.164964000000000000e-01 2.725973100121282730e-02
1.165011000000000102e-01 2.699006484507179143e-02
1.165058000000000066e-01 2.671649048376930485e-02
1.165105000000000030e-01 2.661096894440976787e-02
1.165151999999999993e-01 2.631785355729995141e-02
1.165199000000000096e-01 2.628267971084677704e-02
1.165246000000000060e-01 2.611853509406527815e-02
1.165293000000000023e-01 2.585277714308571034e-02
1.165339999999999987e-01 2.584105252760132004e-02
1.165387000000000089e-01 2.568081611598128922e-02
1.165434000000000053e-01 2.531344483080365249e-02
1.165481000000000017e-01 2.496170636627187411e-02
1.165527999999999981e-01 2.485227662175087948e-02
1.165575000000000083e-01 2.456306943980252414e-02
1.165622000000000047e-01 2.453180379851081089e-02
1.165669000000000011e-01 2.421523918043220688e-02
1.165715999999999974e-01 2.411753405139560602e-02
1.165763000000000077e-01 2.399247148622875303e-02
1.165810000000000041e-01 2.378142840750968601e-02
1.165857000000000004e-01 2.376970379202529224e-02
1.165904000000000107e-01 2.370326430428040115e-02
1.165951000000000071e-01 2.364073302169697119e-02
1.165998000000000034e-01 2.346486378943108200e-02
1.166044999999999998e-01 2.340233250684765551e-02
1.166092000000000101e-01 2.335934225007154849e-02
1.166139000000000064e-01 2.324991250555055039e-02
1.166186000000000028e-01 2.301151199070123471e-02
1.166232999999999992e-01 2.290208224618024008e-02
1.166280000000000094e-01 2.290208224618024008e-02
1.166327000000000058e-01 2.284736737391973929e-02
1.166374000000000022e-01 2.279656070682070657e-02
1.166420999999999986e-01 2.270667198810702794e-02
1.166468000000000088e-01 2.268322275713824041e-02
1.166515000000000052e-01 2.246827147325771226e-02
1.166562000000000016e-01 2.242528121648160525e-02
1.166608999999999979e-01 2.240964839583575036e-02
1.166656000000000082e-01 2.228849403583035849e-02
1.166703000000000046e-01 2.222205454808546740e-02
1.166750000000000009e-01 2.211653300872593042e-02
1.166796999999999973e-01 2.204227711065811363e-02
1.166844000000000076e-01 2.170617146677219361e-02
1.166891000000000039e-01 2.160455813257412469e-02
1.166938000000000003e-01 2.158892531192826633e-02
1.166985000000000106e-01 2.156156787579801420e-02
1.167032000000000069e-01 2.139351505385505420e-02
1.167079000000000033e-01 2.125281966804234285e-02
1.167125999999999997e-01 2.114729812868280934e-02
1.167173000000000099e-01 2.110039966674523773e-02
1.167220000000000063e-01 2.068612991963003286e-02
1.167267000000000027e-01 2.047117863574950125e-02
1.167313999999999991e-01 2.029530940348361207e-02
1.167361000000000093e-01 2.000610222153526366e-02
1.167408000000000057e-01 1.990448888733719127e-02
1.167455000000000020e-01 1.981850837378498070e-02
1.167501999999999984e-01 1.978724273249326746e-02
1.167549000000000087e-01 1.955665862796688095e-02
1.167596000000000050e-01 1.952930119183662883e-02
1.167643000000000014e-01 1.938469760086245289e-02
1.167689999999999978e-01 1.925963503569559990e-02
1.167737000000000080e-01 1.910330682923703019e-02
1.167784000000000044e-01 1.905640836729946205e-02
1.167831000000000008e-01 1.897824426407017720e-02
1.167878000000000110e-01 1.881409964728867831e-02
1.167925000000000074e-01 1.877501759567403936e-02
1.167972000000000038e-01 1.873593554405939693e-02
1.168019000000000002e-01 1.864995503050718290e-02
1.168066000000000104e-01 1.852489246534032991e-02
1.168113000000000068e-01 1.832557400210565318e-02
1.168160000000000032e-01 1.829040015565247534e-02
1.168206999999999995e-01 1.823959348855344262e-02
1.168254000000000098e-01 1.787222220337580589e-02
1.168301000000000062e-01 1.781359912595384398e-02
1.168348000000000025e-01 1.769635297110991670e-02
1.168394999999999989e-01 1.761818886788063185e-02
1.168442000000000092e-01 1.742277860980742318e-02
1.168489000000000055e-01 1.731725707044788967e-02
1.168536000000000019e-01 1.725472578786446318e-02
1.168582999999999983e-01 1.712575501753614213e-02
1.168630000000000085e-01 1.709448937624443235e-02
1.168677000000000049e-01 1.699287604204635996e-02
1.168724000000000013e-01 1.683263963042632913e-02
1.168770999999999977e-01 1.680919039945754506e-02
1.168818000000000079e-01 1.675056732203557969e-02
1.168865000000000043e-01 1.653561603815504807e-02
1.168912000000000007e-01 1.641836988331112426e-02
1.168959000000000109e-01 1.641836988331112426e-02
1.169006000000000073e-01 1.638319603685794296e-02
1.169053000000000037e-01 1.628939911298280321e-02
1.169100000000000000e-01 1.618387757362326970e-02
1.169147000000000103e-01 1.617996936846180858e-02
1.169194000000000067e-01 1.610571347039398832e-02
1.169241000000000030e-01 1.588685398135198865e-02
1.169287999999999994e-01 1.579696526263831349e-02
1.169335000000000097e-01 1.573052577489342241e-02
1.169382000000000060e-01 1.566799449230999591e-02
1.169429000000000024e-01 1.554684013230460404e-02
1.169475999999999988e-01 1.546867602907532092e-02
1.169523000000000090e-01 1.537097090003871659e-02
1.169570000000000054e-01 1.527326577100211052e-02
1.169617000000000018e-01 1.512084576970500714e-02
1.169663999999999981e-01 1.509348833357475675e-02
1.169711000000000084e-01 1.496060935808497284e-02
1.169758000000000048e-01 1.482773038259519068e-02
1.169805000000000011e-01 1.469094320194394392e-02
1.169851999999999975e-01 1.461668730387612365e-02
1.169899000000000078e-01 1.448771653354780607e-02
1.169946000000000041e-01 1.437437858386534512e-02
1.169993000000000005e-01 1.419460114643799134e-02
1.170040000000000108e-01 1.408907960707845783e-02
1.170087000000000071e-01 1.398355806771892432e-02
1.170134000000000035e-01 1.387803652835939081e-02
1.170180999999999999e-01 1.383113806642181920e-02
1.170228000000000101e-01 1.376079037351546526e-02
1.170275000000000065e-01 1.337387806253050905e-02
1.170322000000000029e-01 1.336606165220757814e-02
1.170368999999999993e-01 1.328398934381683216e-02
1.170416000000000095e-01 1.327617293349390125e-02
1.170463000000000059e-01 1.326054011284804462e-02
1.170510000000000023e-01 1.319800883026461813e-02
1.170556999999999986e-01 1.296351652057676530e-02
1.170604000000000089e-01 1.276419805734209031e-02
1.170651000000000053e-01 1.259223703023766745e-02
1.170698000000000016e-01 1.257269600443034450e-02
1.170744999999999980e-01 1.252970574765423922e-02
1.170792000000000083e-01 1.243200061861763489e-02
1.170839000000000046e-01 1.239291856700299073e-02
1.170886000000000010e-01 1.232647907925810138e-02
1.170932999999999974e-01 1.213497702634635557e-02
1.170980000000000076e-01 1.208807856440878570e-02
1.171027000000000040e-01 1.191611753730435937e-02
1.171074000000000004e-01 1.178323856181457546e-02
1.171121000000000106e-01 1.172070727923114897e-02
1.171168000000000070e-01 1.162691035535600749e-02
1.171215000000000034e-01 1.150575599535061735e-02
1.171261999999999998e-01 1.145885753341304748e-02
1.171309000000000100e-01 1.141586727663694047e-02
1.171356000000000064e-01 1.136115240437644315e-02
1.171403000000000028e-01 1.117355855662616020e-02
1.171449999999999991e-01 1.102113855532905681e-02
1.171497000000000094e-01 1.102113855532905681e-02
1.171544000000000058e-01 1.093906624693830737e-02
1.171591000000000021e-01 1.091952522113098789e-02
1.171637999999999985e-01 1.083745291274023845e-02
1.171685000000000088e-01 1.082572829725584641e-02
1.171732000000000051e-01 1.061077701337531480e-02
1.171779000000000015e-01 1.054042932046895913e-02
1.171825999999999979e-01 1.036456008820306994e-02
1.171873000000000081e-01 1.029421239529671427e-02
1.171920000000000045e-01 1.026294675400500102e-02
1.171967000000000009e-01 1.019259906109864534e-02
1.172013999999999972e-01 9.973739572056649141e-03
1.172061000000000075e-01 9.962014956572257107e-03
1.172108000000000039e-01 9.836952391405402382e-03
1.172155000000000002e-01 9.688440595269763589e-03
1.172202000000000105e-01 9.559469824941444274e-03
1.172249000000000069e-01 9.430499054613124960e-03
1.172296000000000032e-01 9.422682644290195780e-03
1.172342999999999996e-01 9.379692387514090499e-03
1.172390000000000099e-01 9.336702130737985217e-03
1.172437000000000062e-01 9.285895463638950756e-03
1.172484000000000026e-01 9.274170848154556987e-03
1.172530999999999990e-01 9.270262642993094132e-03
1.172578000000000092e-01 9.258538027508700363e-03
1.172625000000000056e-01 9.227272386216985381e-03
1.172672000000000020e-01 9.117842641695989014e-03
1.172718999999999984e-01 9.035770333305241306e-03
1.172766000000000086e-01 9.024045717820849272e-03
1.172813000000000050e-01 8.984963666206206845e-03
1.172860000000000014e-01 8.867717511362279564e-03
1.172906999999999977e-01 8.809094433940315924e-03
1.172954000000000080e-01 8.781736997810067266e-03
1.173001000000000044e-01 8.762195972002746053e-03
1.173048000000000007e-01 8.762195972002746053e-03
1.173094999999999971e-01 8.750471356518354019e-03
1.173142000000000074e-01 8.742654946195424839e-03
1.173189000000000037e-01 8.699664689419319558e-03
1.173236000000000001e-01 8.695756484257854968e-03
1.173283000000000104e-01 8.605867765544178080e-03
1.173330000000000067e-01 8.476896995215858766e-03
1.173377000000000031e-01 8.457355969408539287e-03
1.173423999999999995e-01 8.387008276502181878e-03
1.173471000000000097e-01 8.387008276502181878e-03
1.173518000000000061e-01 8.344018019726076596e-03
1.173565000000000025e-01 8.254129301012399708e-03
1.173611999999999989e-01 8.191598018428971478e-03
1.173659000000000091e-01 8.148607761652866197e-03
1.173706000000000055e-01 8.019636991324546882e-03
1.173753000000000019e-01 8.019636991324546882e-03
1.173799999999999982e-01 7.957105708741120387e-03
1.173847000000000085e-01 7.878941605511835533e-03
1.173894000000000049e-01 7.863308784865978909e-03
1.173941000000000012e-01 7.859400579704516054e-03
1.173987999999999976e-01 7.847675964220122286e-03
1.174035000000000079e-01 7.796869297121087825e-03
1.174082000000000042e-01 7.785144681636695790e-03
1.174129000000000006e-01 7.765603655829373710e-03
1.174175999999999970e-01 7.730429809376196740e-03
1.174223000000000072e-01 7.652265706146911886e-03
1.174270000000000036e-01 7.574101602917628767e-03
1.174317000000000000e-01 7.570193397756163310e-03
1.174364000000000102e-01 7.546744166787378374e-03
1.174411000000000066e-01 7.441222627427845730e-03
1.174458000000000030e-01 7.394324165490274992e-03
1.174504999999999993e-01 7.347425703552704253e-03
1.174552000000000096e-01 7.265353395161955677e-03
1.174599000000000060e-01 7.261445190000491955e-03
1.174646000000000023e-01 7.202822112578529182e-03
1.174692999999999987e-01 7.101208778380459392e-03
1.174740000000000090e-01 7.066034931927281555e-03
1.174787000000000053e-01 7.054310316442888654e-03
1.174834000000000017e-01 7.050402111281424931e-03
1.174880999999999981e-01 6.983962623536533847e-03
1.174928000000000083e-01 6.980054418375068390e-03
1.174975000000000047e-01 6.937064161598963108e-03
1.175022000000000011e-01 6.933155956437499386e-03
1.175068999999999975e-01 6.921431340953105617e-03
1.175116000000000077e-01 6.839359032562357041e-03
1.175163000000000041e-01 6.827634417077965007e-03
1.175210000000000005e-01 6.769011339656002234e-03
1.175257000000000107e-01 6.769011339656002234e-03
1.175304000000000071e-01 6.769011339656002234e-03
1.175351000000000035e-01 6.761194929333073922e-03
1.175397999999999998e-01 6.757286724171609332e-03
1.175445000000000101e-01 6.632224159004754607e-03
1.175492000000000065e-01 6.608774928035969672e-03
1.175539000000000028e-01 6.514978004160829061e-03
1.175585999999999992e-01 6.495436978353506981e-03
1.175633000000000095e-01 6.495436978353506981e-03
1.175680000000000058e-01 6.468079542223258323e-03
1.175727000000000022e-01 6.456354926738865421e-03
1.175773999999999986e-01 6.444630311254473387e-03
1.175821000000000088e-01 6.440722106093009665e-03
1.175868000000000052e-01 6.374282618348116845e-03
1.175915000000000016e-01 6.358649797702261089e-03
1.175961999999999980e-01 6.358649797702261089e-03
1.176009000000000082e-01 6.358649797702261089e-03
1.176056000000000046e-01 6.327384156410546974e-03
1.176103000000000010e-01 6.182780565436371036e-03
1.176149999999999973e-01 6.178872360274907313e-03
1.176197000000000076e-01 6.178872360274907313e-03
1.176244000000000040e-01 6.116341077691479951e-03
1.176291000000000003e-01 6.116341077691479951e-03
1.176338000000000106e-01 6.116341077691479951e-03
1.176385000000000070e-01 6.116341077691479951e-03
1.176432000000000033e-01 5.975645691878768602e-03
1.176478999999999997e-01 5.901389793810949205e-03
1.176526000000000099e-01 5.803684664774344006e-03
1.176573000000000063e-01 5.780235433805558203e-03
1.176620000000000027e-01 5.741153382190915776e-03
1.176666999999999991e-01 5.702071330576274216e-03
1.176714000000000093e-01 5.702071330576274216e-03
1.176761000000000057e-01 5.619999022185525640e-03
1.176808000000000021e-01 5.573100560247954902e-03
1.176854999999999984e-01 5.573100560247954902e-03
1.176902000000000087e-01 5.573100560247954902e-03
1.176949000000000051e-01 5.420680558950851519e-03
1.176996000000000014e-01 5.381598507336209959e-03
1.177042999999999978e-01 5.381598507336209959e-03
1.177090000000000081e-01 5.369873891851817058e-03
1.177137000000000044e-01 5.369873891851817058e-03
1.177184000000000008e-01 5.322975429914246319e-03
1.177230999999999972e-01 5.299526198945461383e-03
1.177278000000000074e-01 5.279985173138140170e-03
1.177325000000000038e-01 5.233086711200570298e-03
1.177372000000000002e-01 5.233086711200570298e-03
1.177419000000000104e-01 5.217453890554712807e-03
1.177466000000000068e-01 5.166647223455678346e-03
1.177513000000000032e-01 5.166647223455678346e-03
1.177559999999999996e-01 4.971236965382467947e-03
1.177607000000000098e-01 4.912613887960504307e-03
1.177654000000000062e-01 4.912613887960504307e-03
1.177701000000000026e-01 4.912613887960504307e-03
1.177747999999999989e-01 4.912613887960504307e-03
1.177795000000000092e-01 4.881348246668791059e-03
1.177842000000000056e-01 4.857899015700006123e-03
1.177889000000000019e-01 4.853990810538541534e-03
1.177935999999999983e-01 4.853990810538541534e-03
1.177983000000000086e-01 4.853990810538541534e-03
1.178030000000000049e-01 4.853990810538541534e-03
1.178077000000000013e-01 4.853990810538541534e-03
1.178123999999999977e-01 4.853990810538541534e-03
1.178171000000000079e-01 4.853990810538541534e-03
1.178218000000000043e-01 4.853990810538541534e-03
1.178265000000000007e-01 4.807092348600971662e-03
1.178311999999999971e-01 4.807092348600971662e-03
1.178359000000000073e-01 4.779734912470722137e-03
1.178406000000000037e-01 4.779734912470722137e-03
1.178453000000000001e-01 4.744561066017544300e-03
1.178500000000000103e-01 4.744561066017544300e-03
1.178547000000000067e-01 4.744561066017544300e-03
1.178594000000000031e-01 4.685937988595580660e-03
1.178640999999999994e-01 4.678121578272652348e-03
1.178688000000000097e-01 4.639039526658010788e-03
1.178735000000000060e-01 4.639039526658010788e-03
1.178782000000000024e-01 4.631223116335082476e-03
1.178828999999999988e-01 4.631223116335082476e-03
1.178876000000000090e-01 4.572600038913118836e-03
1.178923000000000054e-01 4.572600038913118836e-03
1.178970000000000018e-01 4.513976961491156063e-03
1.179016999999999982e-01 4.513976961491156063e-03
1.179064000000000084e-01 4.513976961491156063e-03
1.179111000000000048e-01 4.455353884069193290e-03
1.179158000000000012e-01 4.424088242777479175e-03
1.179204999999999975e-01 4.424088242777479175e-03
1.179252000000000078e-01 4.424088242777479175e-03
1.179299000000000042e-01 4.408455422131622552e-03
1.179346000000000005e-01 4.353740549871123501e-03
1.179392999999999969e-01 4.236494395027197088e-03
1.179440000000000072e-01 4.236494395027197088e-03
1.179487000000000035e-01 4.205228753735483840e-03
1.179533999999999999e-01 4.154422086636449379e-03
1.179581000000000102e-01 4.154422086636449379e-03
1.179628000000000065e-01 4.150513881474984790e-03
1.179675000000000029e-01 4.150513881474984790e-03
1.179721999999999993e-01 4.146605676313521067e-03
1.179769000000000095e-01 4.130972855667664444e-03
1.179816000000000059e-01 4.087982598891557427e-03
1.179863000000000023e-01 4.084074393730093705e-03
1.179909999999999987e-01 4.084074393730093705e-03
1.179957000000000089e-01 4.084074393730093705e-03
1.180004000000000053e-01 4.084074393730093705e-03
1.180051000000000017e-01 4.084074393730093705e-03
1.180097999999999980e-01 4.068441573084236214e-03
1.180145000000000083e-01 4.029359521469594654e-03
1.180192000000000047e-01 4.029359521469594654e-03
1.180239000000000010e-01 4.029359521469594654e-03
1.180285999999999974e-01 4.029359521469594654e-03
1.180333000000000077e-01 4.005910290500809719e-03
1.180380000000000040e-01 3.974644649209096471e-03
1.180427000000000004e-01 3.974644649209096471e-03
1.180473999999999968e-01 3.896480545979812051e-03
1.180521000000000070e-01 3.896480545979812051e-03
1.180568000000000034e-01 3.896480545979812051e-03
1.180614999999999998e-01 3.873031315011026682e-03
1.180662000000000100e-01 3.857398494365169624e-03
1.180709000000000064e-01 3.826132853073455943e-03
1.180756000000000028e-01 3.822224647911991787e-03
1.180802999999999991e-01 3.822224647911991787e-03
1.180850000000000094e-01 3.822224647911991787e-03
1.180897000000000058e-01 3.787050801458814384e-03
1.180944000000000021e-01 3.763601570490028581e-03
1.180990999999999985e-01 3.763601570490028581e-03
1.181038000000000088e-01 3.615089774354389354e-03
1.181085000000000051e-01 3.607273364031460608e-03
1.181132000000000015e-01 3.536925671125104934e-03
1.181178999999999979e-01 3.536925671125104934e-03
1.181226000000000081e-01 3.529109260802176622e-03
1.181273000000000045e-01 3.525201055640712466e-03
1.181320000000000009e-01 3.501751824671927096e-03
1.181366999999999973e-01 3.497843619510462940e-03
1.181414000000000075e-01 3.497843619510462940e-03
1.181461000000000039e-01 3.263351309822610548e-03
1.181508000000000003e-01 3.208636437562111931e-03
1.181554999999999966e-01 3.103114898202578419e-03
1.181602000000000069e-01 3.075757462072328460e-03
1.181649000000000033e-01 3.075757462072328460e-03
1.181695999999999996e-01 3.075757462072328460e-03
1.181743000000000099e-01 3.017134384650365687e-03
1.181790000000000063e-01 3.017134384650365687e-03
1.181837000000000026e-01 3.017134384650365687e-03
1.181883999999999990e-01 3.017134384650365687e-03
1.181931000000000093e-01 3.017134384650365687e-03
1.181978000000000056e-01 2.970235922712795382e-03
1.182025000000000020e-01 2.892071819483511396e-03
1.182071999999999984e-01 2.892071819483511396e-03
1.182119000000000086e-01 2.845173357545940657e-03
1.182166000000000050e-01 2.786550280123977451e-03
1.182213000000000014e-01 2.786550280123977451e-03
1.182259999999999978e-01 2.786550280123977451e-03
1.182307000000000080e-01 2.755284638832264203e-03
1.182354000000000044e-01 2.727927202702014678e-03
1.182401000000000008e-01 2.724018997540550522e-03
1.182447999999999971e-01 2.708386176894693465e-03
1.182495000000000074e-01 2.700569766571765586e-03
1.182542000000000038e-01 2.618497458181017010e-03
1.182589000000000001e-01 2.614589253019552854e-03
1.182635999999999965e-01 2.606772842696624543e-03
1.182683000000000068e-01 2.606772842696624543e-03
1.182730000000000031e-01 2.598956432373695797e-03
1.182776999999999995e-01 2.598956432373695797e-03
1.182824000000000098e-01 2.563782585920517960e-03
1.182871000000000061e-01 2.493434893014162285e-03
1.182918000000000025e-01 2.493434893014162285e-03
1.182964999999999989e-01 2.493434893014162285e-03
1.183012000000000091e-01 2.493434893014162285e-03
1.183059000000000055e-01 2.493434893014162285e-03
1.183106000000000019e-01 2.493434893014162285e-03
1.183152999999999982e-01 2.477802072368305662e-03
1.183200000000000085e-01 2.462169251722448604e-03
1.183247000000000049e-01 2.462169251722448604e-03
1.183294000000000012e-01 2.462169251722448604e-03
1.183340999999999976e-01 2.462169251722448604e-03
1.183388000000000079e-01 2.387913353654628774e-03
1.183435000000000042e-01 2.364464122685843838e-03
1.183482000000000006e-01 2.364464122685843838e-03
1.183528999999999970e-01 2.356647712362915526e-03
1.183576000000000072e-01 2.356647712362915526e-03
1.183623000000000036e-01 2.356647712362915526e-03
1.183670000000000000e-01 2.337106686555594313e-03
1.183716999999999964e-01 2.337106686555594313e-03
1.183764000000000066e-01 2.337106686555594313e-03
1.183811000000000030e-01 2.274575403972166950e-03
1.183857999999999994e-01 2.274575403972166950e-03
1.183905000000000096e-01 2.258942583326310326e-03
1.183952000000000060e-01 2.149512838805312659e-03
1.183999000000000024e-01 2.149512838805312659e-03
1.184045999999999987e-01 2.133880018159455601e-03
1.184093000000000090e-01 2.133880018159455601e-03
1.184140000000000054e-01 2.118247197513598544e-03
1.184187000000000017e-01 2.118247197513598544e-03
1.184233999999999981e-01 2.094797966544813608e-03
1.184281000000000084e-01 2.083073351060420707e-03
1.184328000000000047e-01 2.083073351060420707e-03
1.184375000000000011e-01 2.083073351060420707e-03
1.184421999999999975e-01 2.075256940737492395e-03
1.184469000000000077e-01 2.075256940737492395e-03
1.184516000000000041e-01 2.067440530414564083e-03
1.184563000000000005e-01 2.016633863315529622e-03
1.184609999999999969e-01 2.016633863315529622e-03
1.184657000000000071e-01 2.016633863315529622e-03
1.184704000000000035e-01 2.016633863315529622e-03
1.184750999999999999e-01 2.008817452992600876e-03
1.184797999999999962e-01 2.008817452992600876e-03
1.184845000000000065e-01 2.008817452992600876e-03
1.184892000000000029e-01 2.008817452992600876e-03
1.184938999999999992e-01 2.004909247831136720e-03
1.184986000000000095e-01 1.930653349763317107e-03
1.185033000000000059e-01 1.789957963950605541e-03
1.185080000000000022e-01 1.782141553627677013e-03
1.185126999999999986e-01 1.782141553627677013e-03
1.185174000000000089e-01 1.782141553627677013e-03
1.185221000000000052e-01 1.782141553627677013e-03
1.185268000000000016e-01 1.782141553627677013e-03
1.185314999999999980e-01 1.782141553627677013e-03
1.185362000000000082e-01 1.782141553627677013e-03
1.185409000000000046e-01 1.774325143304748918e-03
1.185456000000000010e-01 1.774325143304748918e-03
1.185502999999999973e-01 1.770416938143284762e-03
1.185550000000000076e-01 1.723518476205714240e-03
1.185597000000000040e-01 1.711793860721321555e-03
1.185644000000000003e-01 1.688344629752536403e-03
1.185690999999999967e-01 1.688344629752536403e-03
1.185738000000000070e-01 1.684436424591072247e-03
1.185785000000000033e-01 1.684436424591072247e-03
1.185831999999999997e-01 1.664895398783751033e-03
1.185878999999999961e-01 1.645354372976430253e-03
1.185926000000000063e-01 1.645354372976430253e-03
1.185973000000000027e-01 1.645354372976430253e-03
1.186019999999999991e-01 1.645354372976430253e-03
1.186067000000000093e-01 1.645354372976430253e-03
1.186114000000000057e-01 1.645354372976430253e-03
1.186161000000000021e-01 1.645354372976430253e-03
1.186207999999999985e-01 1.645354372976430253e-03
1.186255000000000087e-01 1.645354372976430253e-03
1.186302000000000051e-01 1.645354372976430253e-03
1.186349000000000015e-01 1.621905142007644667e-03
1.186395999999999978e-01 1.598455911038859732e-03
1.186443000000000081e-01 1.598455911038859732e-03
1.186490000000000045e-01 1.598455911038859732e-03
1.186537000000000008e-01 1.586731295554467047e-03
1.186583999999999972e-01 1.563282064585681894e-03
1.186631000000000075e-01 1.563282064585681894e-03
1.186678000000000038e-01 1.563282064585681894e-03
1.186725000000000002e-01 1.539832833616896525e-03
1.186771999999999966e-01 1.481209756194933318e-03
1.186819000000000068e-01 1.481209756194933318e-03
1.186866000000000032e-01 1.465576935549076695e-03
1.186912999999999996e-01 1.465576935549076695e-03
1.186959999999999960e-01 1.465576935549076695e-03
1.187007000000000062e-01 1.465576935549076695e-03
1.187054000000000026e-01 1.457760525226148166e-03
1.187100999999999990e-01 1.457760525226148166e-03
1.187148000000000092e-01 1.442127704580291325e-03
1.187195000000000056e-01 1.442127704580291325e-03
1.187242000000000020e-01 1.442127704580291325e-03
1.187288999999999983e-01 1.438219499418827169e-03
1.187336000000000086e-01 1.406953858127113705e-03
1.187383000000000050e-01 1.356147191028078810e-03
1.187430000000000013e-01 1.356147191028078810e-03
1.187476999999999977e-01 1.356147191028078810e-03
1.187524000000000080e-01 1.356147191028078810e-03
1.187571000000000043e-01 1.356147191028078810e-03
1.187618000000000007e-01 1.336606165220757814e-03
1.187664999999999971e-01 1.336606165220757814e-03
1.187712000000000073e-01 1.336606165220757814e-03
1.187759000000000037e-01 1.336606165220757814e-03
1.187806000000000001e-01 1.324881549736365346e-03
1.187852999999999964e-01 1.324881549736365346e-03
1.187900000000000067e-01 1.324881549736365346e-03
1.187947000000000031e-01 1.305340523929044349e-03
1.187993999999999994e-01 1.305340523929044349e-03
1.188040999999999958e-01 1.250625651668545299e-03
1.188088000000000061e-01 1.195910779408046465e-03
1.188135000000000024e-01 1.195910779408046465e-03
1.188181999999999988e-01 1.195910779408046465e-03
1.188229000000000091e-01 1.195910779408046465e-03
1.188276000000000054e-01 1.192002574246582309e-03
1.188323000000000018e-01 1.192002574246582309e-03
1.188369999999999982e-01 1.180277958762189841e-03
1.188417000000000084e-01 1.180277958762189841e-03
1.188464000000000048e-01 1.180277958762189841e-03
1.188511000000000012e-01 1.180277958762189841e-03
1.188557999999999976e-01 1.180277958762189841e-03
1.188605000000000078e-01 1.172461548439261312e-03
1.188652000000000042e-01 1.172461548439261312e-03
1.188699000000000006e-01 1.172461548439261312e-03
1.188745999999999969e-01 1.172461548439261312e-03
1.188793000000000072e-01 1.168553343277797156e-03
1.188840000000000036e-01 1.168553343277797156e-03
1.188886999999999999e-01 1.145104112309011787e-03
1.188933999999999963e-01 1.145104112309011787e-03
1.188981000000000066e-01 1.145104112309011787e-03
1.189028000000000029e-01 1.145104112309011787e-03
1.189074999999999993e-01 1.145104112309011787e-03
1.189121999999999957e-01 1.145104112309011787e-03
1.189169000000000059e-01 1.145104112309011787e-03
1.189216000000000023e-01 1.145104112309011787e-03
1.189262999999999987e-01 1.145104112309011787e-03
1.189310000000000089e-01 1.145104112309011787e-03
1.189357000000000053e-01 1.145104112309011787e-03
1.189404000000000017e-01 1.145104112309011787e-03
1.189450999999999981e-01 1.145104112309011787e-03
1.189498000000000083e-01 9.340610335899447638e-04
1.189545000000000047e-01 9.340610335899447638e-04
1.189592000000000011e-01 9.340610335899447638e-04
1.189638999999999974e-01 9.340610335899447638e-04
1.189686000000000077e-01 9.340610335899447638e-04
1.189733000000000041e-01 9.340610335899447638e-04
1.189780000000000004e-01 9.340610335899447638e-04
1.189826999999999968e-01 9.340610335899447638e-04
1.189874000000000070e-01 9.340610335899447638e-04
1.189921000000000034e-01 9.340610335899447638e-04
1.189967999999999998e-01 9.145200077826237672e-04
1.190014999999999962e-01 9.145200077826237672e-04
1.190062000000000064e-01 9.145200077826237672e-04
1.190109000000000028e-01 9.145200077826237672e-04
1.190155999999999992e-01 9.145200077826237672e-04
1.190202999999999955e-01 9.145200077826237672e-04
1.190250000000000058e-01 9.145200077826237672e-04
1.190297000000000022e-01 9.145200077826237672e-04
1.190343999999999985e-01 8.754379561679817741e-04
1.190391000000000088e-01 8.754379561679817741e-04
1.190438000000000052e-01 8.754379561679817741e-04
1.190485000000000015e-01 8.754379561679817741e-04
1.190531999999999979e-01 8.754379561679817741e-04
1.190579000000000082e-01 8.754379561679817741e-04
1.190626000000000045e-01 8.754379561679817741e-04
1.190673000000000009e-01 8.637133406835891978e-04
1.190719999999999973e-01 8.637133406835891978e-04
1.190767000000000075e-01 8.637133406835891978e-04
1.190814000000000039e-01 8.637133406835891978e-04
1.190861000000000003e-01 8.637133406835891978e-04
1.190907999999999967e-01 8.637133406835891978e-04
1.190955000000000069e-01 8.637133406835891978e-04
1.191002000000000033e-01 8.637133406835891978e-04
1.191048999999999997e-01 8.637133406835891978e-04
1.191095999999999960e-01 8.637133406835891978e-04
1.191143000000000063e-01 8.637133406835891978e-04
1.191190000000000027e-01 8.637133406835891978e-04
1.191236999999999990e-01 8.637133406835891978e-04
1.191283999999999954e-01 8.637133406835891978e-04
1.191331000000000057e-01 8.637133406835891978e-04
1.191378000000000020e-01 8.637133406835891978e-04
1.191424999999999984e-01 8.637133406835891978e-04
1.191472000000000087e-01 8.637133406835891978e-04
1.191519000000000050e-01 8.637133406835891978e-04
1.191566000000000014e-01 8.637133406835891978e-04
1.191612999999999978e-01 8.637133406835891978e-04
1.191660000000000080e-01 8.637133406835891978e-04
1.191707000000000044e-01 8.637133406835891978e-04
1.191754000000000008e-01 8.637133406835891978e-04
1.191800999999999972e-01 8.637133406835891978e-04
1.191848000000000074e-01 8.637133406835891978e-04
1.191895000000000038e-01 8.519887251991965131e-04
1.191942000000000002e-01 8.519887251991965131e-04
1.191988999999999965e-01 8.519887251991965131e-04
1.192036000000000068e-01 8.519887251991965131e-04
1.192083000000000031e-01 8.519887251991965131e-04
1.192129999999999995e-01 8.519887251991965131e-04
1.192176999999999959e-01 8.480805200377324656e-04
1.192224000000000061e-01 7.816410322928409472e-04
1.192271000000000025e-01 7.816410322928409472e-04
1.192317999999999989e-01 7.581918013240556862e-04
1.192364999999999953e-01 7.581918013240556862e-04
1.192412000000000055e-01 7.581918013240556862e-04
1.192459000000000019e-01 7.581918013240556862e-04
1.192505999999999983e-01 7.581918013240556862e-04
1.192553000000000085e-01 7.581918013240556862e-04
1.192600000000000049e-01 7.581918013240556862e-04
1.192647000000000013e-01 7.542835961625914219e-04
1.192693999999999976e-01 7.542835961625914219e-04
1.192741000000000079e-01 7.542835961625914219e-04
1.192788000000000043e-01 7.464671858396631100e-04
1.192835000000000006e-01 7.425589806781988456e-04
1.192881999999999970e-01 7.425589806781988456e-04
1.192929000000000073e-01 7.073851342250210084e-04
1.192976000000000036e-01 7.073851342250210084e-04
1.193023000000000000e-01 7.073851342250210084e-04
1.193069999999999964e-01 7.073851342250210084e-04
1.193117000000000066e-01 7.073851342250210084e-04
1.193164000000000030e-01 7.073851342250210084e-04
1.193210999999999994e-01 7.073851342250210084e-04
1.193257999999999958e-01 7.073851342250210084e-04
1.193305000000000060e-01 7.073851342250210084e-04
1.193352000000000024e-01 7.073851342250210084e-04
1.193398999999999988e-01 7.073851342250210084e-04
1.193445999999999951e-01 7.073851342250210084e-04
1.193493000000000054e-01 7.073851342250210084e-04
1.193540000000000018e-01 7.073851342250210084e-04
1.193586999999999981e-01 7.073851342250210084e-04
1.193634000000000084e-01 7.073851342250210084e-04
1.193681000000000048e-01 7.073851342250210084e-04
1.193728000000000011e-01 7.073851342250210084e-04
1.193774999999999975e-01 6.917523135791641678e-04
1.193822000000000078e-01 6.917523135791641678e-04
1.193869000000000041e-01 6.917523135791641678e-04
1.193916000000000005e-01 6.917523135791641678e-04
1.193962999999999969e-01 6.487620568030579103e-04
1.194010000000000071e-01 6.487620568030579103e-04
1.194057000000000035e-01 6.487620568030579103e-04
1.194103999999999999e-01 5.784143638967022358e-04
1.194150999999999962e-01 5.784143638967022358e-04
1.194198000000000065e-01 5.784143638967022358e-04
1.194245000000000029e-01 5.784143638967022358e-04
1.194291999999999992e-01 5.784143638967022358e-04
1.194338999999999956e-01 5.784143638967022358e-04
1.194386000000000059e-01 5.745061587352380799e-04
1.194433000000000022e-01 5.745061587352380799e-04
1.194479999999999986e-01 5.745061587352380799e-04
1.194526999999999950e-01 5.432405174435243986e-04
1.194574000000000052e-01 5.236994916362034021e-04
1.194621000000000016e-01 5.236994916362034021e-04
1.194667999999999980e-01 5.002502606674181411e-04
1.194715000000000082e-01 5.002502606674181411e-04
1.194762000000000046e-01 5.002502606674181411e-04
1.194809000000000010e-01 5.002502606674181411e-04
1.194855999999999974e-01 5.002502606674181411e-04
1.194903000000000076e-01 4.885256451830255649e-04
1.194950000000000040e-01 4.885256451830255649e-04
1.194997000000000004e-01 4.885256451830255649e-04
1.195043999999999967e-01 4.885256451830255649e-04
1.195091000000000070e-01 4.885256451830255649e-04
1.195138000000000034e-01 4.885256451830255649e-04
1.195184999999999997e-01 4.885256451830255649e-04
1.195231999999999961e-01 4.885256451830255649e-04
1.195279000000000064e-01 4.885256451830255649e-04
1.195326000000000027e-01 4.689846193757045141e-04
1.195372999999999991e-01 4.689846193757045141e-04
1.195419999999999955e-01 4.689846193757045141e-04
1.195467000000000057e-01 4.689846193757045141e-04
1.195514000000000021e-01 4.689846193757045141e-04
1.195560999999999985e-01 4.689846193757045141e-04
1.195607999999999949e-01 4.689846193757045141e-04
1.195655000000000051e-01 4.689846193757045141e-04
1.195702000000000015e-01 4.689846193757045141e-04
1.195748999999999979e-01 4.025451316308131041e-04
1.195796000000000081e-01 4.025451316308131041e-04
1.195843000000000045e-01 4.025451316308131041e-04
1.195890000000000009e-01 4.025451316308131041e-04
1.195936999999999972e-01 4.025451316308131041e-04
1.195984000000000075e-01 4.025451316308131041e-04
1.196031000000000039e-01 4.025451316308131041e-04
1.196078000000000002e-01 4.025451316308131041e-04
1.196124999999999966e-01 4.025451316308131041e-04
1.196172000000000069e-01 4.025451316308131041e-04
1.196219000000000032e-01 4.025451316308131041e-04
1.196265999999999996e-01 4.025451316308131041e-04
1.196312999999999960e-01 4.025451316308131041e-04
1.196360000000000062e-01 4.025451316308131041e-04
1.196407000000000026e-01 3.986369264693488397e-04
1.196453999999999990e-01 3.986369264693488397e-04
1.196500999999999953e-01 3.986369264693488397e-04
1.196548000000000056e-01 3.986369264693488397e-04
1.196595000000000020e-01 3.986369264693488397e-04
1.196641999999999983e-01 3.986369264693488397e-04
1.196688999999999947e-01 3.986369264693488397e-04
1.196736000000000050e-01 3.986369264693488397e-04
1.196783000000000013e-01 3.986369264693488397e-04
1.196829999999999977e-01 3.986369264693488397e-04
1.196877000000000080e-01 3.986369264693488397e-04
1.196924000000000043e-01 3.986369264693488397e-04
1.196971000000000007e-01 3.790959006620278431e-04
1.197017999999999971e-01 3.790959006620278431e-04
1.197065000000000073e-01 3.712794903390994228e-04
1.197112000000000037e-01 3.712794903390994228e-04
1.197159000000000001e-01 3.712794903390994228e-04
1.197205999999999965e-01 3.712794903390994228e-04
1.197253000000000067e-01 3.712794903390994228e-04
1.197300000000000031e-01 3.712794903390994228e-04
1.197346999999999995e-01 3.712794903390994228e-04
1.197393999999999958e-01 3.712794903390994228e-04
1.197441000000000061e-01 3.634630800161710025e-04
1.197488000000000025e-01 3.634630800161710025e-04
1.197534999999999988e-01 3.634630800161710025e-04
1.197581999999999952e-01 3.634630800161710025e-04
1.197629000000000055e-01 3.634630800161710025e-04
1.197676000000000018e-01 3.634630800161710025e-04
1.197722999999999982e-01 3.634630800161710025e-04
1.197769999999999946e-01 3.634630800161710025e-04
1.197817000000000048e-01 3.634630800161710025e-04
1.197864000000000012e-01 3.634630800161710025e-04
1.197910999999999976e-01 3.634630800161710025e-04
1.197958000000000078e-01 3.321974387244573754e-04
1.198005000000000042e-01 3.321974387244573754e-04
1.198052000000000006e-01 3.321974387244573754e-04
1.198098999999999970e-01 3.321974387244573754e-04
1.198146000000000072e-01 3.321974387244573754e-04
1.198193000000000036e-01 3.321974387244573754e-04
1.198240000000000000e-01 3.321974387244573754e-04
1.198286999999999963e-01 3.321974387244573754e-04
1.198334000000000066e-01 3.321974387244573754e-04
1.198381000000000030e-01 3.321974387244573754e-04
1.198427999999999993e-01 3.321974387244573754e-04
1.198474999999999957e-01 3.321974387244573754e-04
1.198522000000000060e-01 3.321974387244573754e-04
1.198569000000000023e-01 3.321974387244573754e-04
1.198615999999999987e-01 3.321974387244573754e-04
1.198662999999999951e-01 3.321974387244573754e-04
1.198710000000000053e-01 3.321974387244573754e-04
1.198757000000000017e-01 3.321974387244573754e-04
1.198803999999999981e-01 3.321974387244573754e-04
1.198850999999999944e-01 3.321974387244573754e-04
1.198898000000000047e-01 3.165646180786005890e-04
1.198945000000000011e-01 3.165646180786005890e-04
1.198991999999999974e-01 3.009317974327437484e-04
1.199039000000000077e-01 3.009317974327437484e-04
1.199086000000000041e-01 3.009317974327437484e-04
1.199133000000000004e-01 3.009317974327437484e-04
1.199179999999999968e-01 3.009317974327437484e-04
1.199227000000000071e-01 3.009317974327437484e-04
1.199274000000000034e-01 3.009317974327437484e-04
1.199320999999999998e-01 3.009317974327437484e-04
1.199367999999999962e-01 3.009317974327437484e-04
1.199415000000000064e-01 3.009317974327437484e-04
1.199462000000000028e-01 3.009317974327437484e-04
1.199508999999999992e-01 2.774825664639584875e-04
1.199555999999999956e-01 2.774825664639584875e-04
1.199603000000000058e-01 2.774825664639584875e-04
1.199650000000000022e-01 2.774825664639584875e-04
1.199696999999999986e-01 2.774825664639584875e-04
1.199743999999999949e-01 2.774825664639584875e-04
1.199791000000000052e-01 2.774825664639584875e-04
1.199838000000000016e-01 2.774825664639584875e-04
1.199884999999999979e-01 2.774825664639584875e-04
1.199931999999999943e-01 2.774825664639584875e-04
1.199979000000000046e-01 2.774825664639584875e-04
1.200026000000000009e-01 2.774825664639584875e-04
1.200072999999999973e-01 2.774825664639584875e-04
1.200120000000000076e-01 2.774825664639584875e-04
1.200167000000000039e-01 2.774825664639584875e-04
1.200214000000000003e-01 2.774825664639584875e-04
1.200260999999999967e-01 2.774825664639584875e-04
1.200308000000000069e-01 2.774825664639584875e-04
1.200355000000000033e-01 2.774825664639584875e-04
1.200401999999999997e-01 2.657579509795659112e-04
1.200448999999999961e-01 2.657579509795659112e-04
1.200496000000000063e-01 2.657579509795659112e-04
1.200543000000000027e-01 2.657579509795659112e-04
1.200589999999999991e-01 2.657579509795659112e-04
1.200636999999999954e-01 2.657579509795659112e-04
1.200684000000000057e-01 2.657579509795659112e-04
1.200731000000000021e-01 2.657579509795659112e-04
1.200777999999999984e-01 2.657579509795659112e-04
1.200824999999999948e-01 2.657579509795659112e-04
1.200872000000000051e-01 2.657579509795659112e-04
1.200919000000000014e-01 2.657579509795659112e-04
1.200965999999999978e-01 2.657579509795659112e-04
1.201012999999999942e-01 2.423087200107806774e-04
1.201060000000000044e-01 2.423087200107806774e-04
1.201107000000000008e-01 2.423087200107806774e-04
1.201153999999999972e-01 2.110430787190670503e-04
1.201201000000000074e-01 2.110430787190670503e-04
1.201248000000000038e-01 2.110430787190670503e-04
1.201295000000000002e-01 2.110430787190670503e-04
1.201341999999999965e-01 2.110430787190670503e-04
1.201389000000000068e-01 2.110430787190670503e-04
1.201436000000000032e-01 2.110430787190670503e-04
1.201482999999999995e-01 2.110430787190670503e-04
1.201529999999999959e-01 2.110430787190670503e-04
1.201577000000000062e-01 1.719610271044249758e-04
1.201624000000000025e-01 1.719610271044249758e-04
1.201670999999999989e-01 1.719610271044249758e-04
1.201717999999999953e-01 1.719610271044249758e-04
1.201765000000000055e-01 1.719610271044249758e-04
1.201812000000000019e-01 1.719610271044249758e-04
1.201858999999999983e-01 1.719610271044249758e-04
1.201905999999999947e-01 1.719610271044249758e-04
1.201953000000000049e-01 1.719610271044249758e-04
1.202000000000000013e-01 1.719610271044249758e-04
# Ensemble: [10^+], idetect: 0.1163
1.159000000000000030e-01 5.969001743104279667e-02
1.159043000000000018e-01 5.969001743104279667e-02
1.159086000000000005e-01 5.933675047474411268e-02
1.159128999999999993e-01 5.908510825929846888e-02
1.159171999999999980e-01 5.872216275625187498e-02
1.159214999999999968e-01 5.852133291123276515e-02
1.159258000000000094e-01 5.804708412058521422e-02
1.159301000000000081e-01 5.775672771814793771e-02
1.159344000000000069e-01 5.766720116072978491e-02
1.159387000000000056e-01 5.731635384111807840e-02
1.159430000000000044e-01 5.681548904691377522e-02
1.159473000000000031e-01 5.658804319833790619e-02
1.159516000000000019e-01 5.616460677811688229e-02
1.159559000000000006e-01 5.572665253777399352e-02
1.159601999999999994e-01 5.526692156724830746e-02
1.159644999999999981e-01 5.512416300271665015e-02
1.159687999999999969e-01 5.483138696359239617e-02
1.159731000000000095e-01 5.453135201440720975e-02
1.159774000000000083e-01 5.404500504032477837e-02
1.159817000000000070e-01 5.387805010892333935e-02
1.159860000000000058e-01 5.359011334317304726e-02
1.159903000000000045e-01 5.352962242599861725e-02
1.159946000000000033e-01 5.335298894784927526e-02
1.159989000000000020e-01 5.306747181878594677e-02
1.160032000000000008e-01 5.284486524358403964e-02
1.160074999999999995e-01 5.252789283759001088e-02
1.160117999999999983e-01 5.230286662570112627e-02
1.160160999999999970e-01 5.206574223037735427e-02
1.160204000000000096e-01 5.121161047987436710e-02
1.160247000000000084e-01 5.110998573902131997e-02
1.160290000000000071e-01 5.102771809166409267e-02
1.160333000000000059e-01 5.081237042652311797e-02
1.160376000000000046e-01 5.069138859217425103e-02
1.160419000000000034e-01 5.049055874715514119e-02
1.160462000000000021e-01 5.039135364298906461e-02
1.160505000000000009e-01 5.018084525122204487e-02
1.160547999999999996e-01 4.988806921209779088e-02
1.160590999999999984e-01 4.975014992094008159e-02
1.160633999999999971e-01 4.921057093974414570e-02
1.160677000000000098e-01 4.910168728883017308e-02
1.160720000000000085e-01 4.851613521058166512e-02
1.160763000000000073e-01 4.844112647328537025e-02
1.160806000000000060e-01 4.829594827206672852e-02
1.160849000000000047e-01 4.810479697379552860e-02
1.160892000000000035e-01 4.764990527664379055e-02
1.160935000000000022e-01 4.743939688487677081e-02
1.160978000000000010e-01 4.718291539605717205e-02
1.161020999999999997e-01 4.681513061963663014e-02
1.161063999999999985e-01 4.642072983965932903e-02
1.161106999999999972e-01 4.625377490825789695e-02
1.161150000000000099e-01 4.582307957797594061e-02
1.161193000000000086e-01 4.526656313997116238e-02
1.161236000000000074e-01 4.509476893519577534e-02
1.161279000000000061e-01 4.507783147838693300e-02
1.161322000000000049e-01 4.458180595755659170e-02
1.161365000000000036e-01 4.404706624973461077e-02
1.161408000000000024e-01 4.383897749465456156e-02
1.161451000000000011e-01 4.328004141996281279e-02
1.161493999999999999e-01 4.290983700685527952e-02
1.161536999999999986e-01 4.259528423754823517e-02
1.161579999999999974e-01 4.244526676295563850e-02
1.161622999999999961e-01 4.237025802565934363e-02
1.161666000000000087e-01 4.216942818064023379e-02
1.161709000000000075e-01 4.198311615574298189e-02
1.161752000000000062e-01 4.188391105157691224e-02
1.161795000000000050e-01 4.162017065269638799e-02
1.161838000000000037e-01 4.128868042658050130e-02
1.161881000000000025e-01 4.094751165371669777e-02
1.161924000000000012e-01 4.089427964660320020e-02
1.161967000000000000e-01 4.082169054599388280e-02
1.162009999999999987e-01 4.077571744894131073e-02
1.162052999999999975e-01 4.056520905717428405e-02
1.162095999999999962e-01 4.047568249975613125e-02
1.162139000000000089e-01 4.033050429853748953e-02
1.162182000000000076e-01 3.973527367354107165e-02
1.162225000000000064e-01 3.960945256581825669e-02
1.162268000000000051e-01 3.942072090423403424e-02
1.162311000000000039e-01 3.906745394793534332e-02
1.162354000000000026e-01 3.878919572893295420e-02
1.162397000000000014e-01 3.863191934427943203e-02
1.162440000000000001e-01 3.852303569336545247e-02
1.162482999999999989e-01 3.846012513950404499e-02
1.162525999999999976e-01 3.832462548503331318e-02
1.162568999999999964e-01 3.787457306125554396e-02
1.162612000000000090e-01 3.782618032751599441e-02
1.162655000000000077e-01 3.763260939255781007e-02
1.162698000000000065e-01 3.746323482446940051e-02
1.162741000000000052e-01 3.729386025638099095e-02
1.162784000000000040e-01 3.719949442558887626e-02
1.162827000000000027e-01 3.713174459835350688e-02
1.162870000000000015e-01 3.663571907752316559e-02
1.162913000000000002e-01 3.649054087630453080e-02
1.162955999999999990e-01 3.634536267508588908e-02
1.162998999999999977e-01 3.611065791644909456e-02
1.163041999999999965e-01 3.581788187732484058e-02
1.163085000000000091e-01 3.573077495659365832e-02
1.163128000000000078e-01 3.565092694592340850e-02
1.163171000000000066e-01 3.554204329500942894e-02
1.163214000000000053e-01 3.519845488545866180e-02
1.163257000000000041e-01 3.496616976350883782e-02
1.163300000000000028e-01 3.482583083566415105e-02
1.163343000000000016e-01 3.471694718475017150e-02
1.163386000000000003e-01 3.455483152672270131e-02
1.163428999999999991e-01 3.436609986513847192e-02
1.163471999999999978e-01 3.418946638698912299e-02
1.163514999999999966e-01 3.407090418932723352e-02
1.163558000000000092e-01 3.375151214664623422e-02
1.163601000000000080e-01 3.371521759634157206e-02
1.163644000000000067e-01 3.349261102113966493e-02
1.163687000000000055e-01 3.321435280213727581e-02
1.163730000000000042e-01 3.273284510142879244e-02
1.163773000000000030e-01 3.249330106941804297e-02
1.163816000000000017e-01 3.243039051555662855e-02
1.163859000000000005e-01 3.221988212378961575e-02
1.163901999999999992e-01 3.198759700183979177e-02
1.163944999999999980e-01 3.178434752013369752e-02
1.163987999999999967e-01 3.175289224320299725e-02
1.164031000000000093e-01 3.151818748456619579e-02
1.164074000000000081e-01 3.119637580519821554e-02
1.164117000000000068e-01 3.094957286312653016e-02
1.164160000000000056e-01 3.081407320865580529e-02
1.164203000000000043e-01 3.071244846780275817e-02
1.164246000000000031e-01 3.054791317308830356e-02
1.164289000000000018e-01 3.042451170205245567e-02
1.164332000000000006e-01 3.011479820611936628e-02
1.164374999999999993e-01 2.979540616343836698e-02
1.164417999999999981e-01 2.969620105927229733e-02
1.164460999999999968e-01 2.926550572899033753e-02
1.164504000000000095e-01 2.921227372187683649e-02
1.164547000000000082e-01 2.870898929098555930e-02
1.164590000000000070e-01 2.850332017259249104e-02
1.164633000000000057e-01 2.829281178082546436e-02
1.164676000000000045e-01 2.812343721273705480e-02
1.164719000000000032e-01 2.796374119139655515e-02
1.164762000000000020e-01 2.792018773103096402e-02
1.164805000000000007e-01 2.787179499729141446e-02
1.164847999999999995e-01 2.777500952981232576e-02
1.164890999999999982e-01 2.754030477117552778e-02
1.164933999999999970e-01 2.735883201965223083e-02
1.164977000000000096e-01 2.705879707046704788e-02
1.165020000000000083e-01 2.692329741599631954e-02
1.165063000000000071e-01 2.675150321122092903e-02
1.165106000000000058e-01 2.653131627270599938e-02
1.165149000000000046e-01 2.637645952473945121e-02
1.165192000000000033e-01 2.632322751762595017e-02
1.165235000000000021e-01 2.611997803591985939e-02
1.165278000000000008e-01 2.590946964415283618e-02
1.165320999999999996e-01 2.586349654710026411e-02
1.165363999999999983e-01 2.575703253287326550e-02
1.165406999999999971e-01 2.570622016244674193e-02
1.165450000000000097e-01 2.523923028186012343e-02
1.165493000000000084e-01 2.514244481438103127e-02
1.165536000000000072e-01 2.505291825696287500e-02
1.165579000000000059e-01 2.486418659537864562e-02
1.165622000000000047e-01 2.465125856692464146e-02
1.165665000000000034e-01 2.441655380828784347e-02
1.165708000000000022e-01 2.431976834080875477e-02
1.165751000000000009e-01 2.419878650645988782e-02
1.165793999999999997e-01 2.405844757861520453e-02
1.165836999999999984e-01 2.404151012180636565e-02
1.165879999999999972e-01 2.401005484487566191e-02
1.165922999999999959e-01 2.393988538095331853e-02
1.165966000000000086e-01 2.370760025900349802e-02
1.166009000000000073e-01 2.353580605422811098e-02
1.166052000000000061e-01 2.333497620920899768e-02
1.166095000000000048e-01 2.327206565534758673e-02
1.166138000000000036e-01 2.317044091449454307e-02
1.166181000000000023e-01 2.284137032506563039e-02
1.166224000000000011e-01 2.280991504813492318e-02
1.166266999999999998e-01 2.280991504813492318e-02
1.166309999999999986e-01 2.280265613807399075e-02
1.166352999999999973e-01 2.276878122445630953e-02
1.166395999999999961e-01 2.274216522089956075e-02
1.166439000000000087e-01 2.271070994396885354e-02
1.166482000000000074e-01 2.265989757354233344e-02
1.166525000000000062e-01 2.254133537588044398e-02
1.166568000000000049e-01 2.251471937232369519e-02
1.166611000000000037e-01 2.238163935453994433e-02
1.166654000000000024e-01 2.230179134386969450e-02
1.166697000000000012e-01 2.219774696632966990e-02
1.166739999999999999e-01 2.214935423259012381e-02
1.166782999999999987e-01 2.203079203492823435e-02
1.166825999999999974e-01 2.185173892009191834e-02
1.166868999999999962e-01 2.173075708574305140e-02
1.166912000000000088e-01 2.173075708574305140e-02
1.166955000000000076e-01 2.161461452476814288e-02
1.166998000000000063e-01 2.147669523361043706e-02
1.167041000000000051e-01 2.145733814011462071e-02
1.167084000000000038e-01 2.132909739570482480e-02
1.167127000000000026e-01 2.121053519804293186e-02
1.167170000000000013e-01 2.117907992111222812e-02
1.167213000000000001e-01 2.076774168432609161e-02
1.167255999999999988e-01 2.060078675292465605e-02
1.167298999999999976e-01 2.043867109489717893e-02
1.167341999999999963e-01 2.031043035048738302e-02
1.167385000000000089e-01 2.017251105932967720e-02
1.167428000000000077e-01 2.010718086878128877e-02
1.167471000000000064e-01 2.009992195872035634e-02
1.167514000000000052e-01 1.987247611014449078e-02
1.167557000000000039e-01 1.968858372193421982e-02
1.167600000000000027e-01 1.968374444856026487e-02
1.167643000000000014e-01 1.952404842721976175e-02
1.167686000000000002e-01 1.938128986268810097e-02
1.167728999999999989e-01 1.927966512183505732e-02
1.167771999999999977e-01 1.916352256086014533e-02
1.167814999999999964e-01 1.903044254307639793e-02
1.167858000000000090e-01 1.891429998210148594e-02
1.167901000000000078e-01 1.884655015486612004e-02
1.167944000000000065e-01 1.865539885659491665e-02
1.167987000000000053e-01 1.859006866604652822e-02
1.168030000000000040e-01 1.857313120923768934e-02
1.168073000000000028e-01 1.851747956543721083e-02
1.168116000000000015e-01 1.831906935710507153e-02
1.168159000000000003e-01 1.795128458068452615e-02
1.168201999999999990e-01 1.790047221025799912e-02
1.168244999999999978e-01 1.776013328241331929e-02
1.168287999999999965e-01 1.765366926818631721e-02
1.168331000000000092e-01 1.760527653444677113e-02
1.168374000000000079e-01 1.744074123973231305e-02
1.168417000000000067e-01 1.729798267520065574e-02
1.168460000000000054e-01 1.716248302072992740e-02
1.168503000000000042e-01 1.707537609999874514e-02
1.168546000000000029e-01 1.706811718993781271e-02
1.168589000000000017e-01 1.703182263963315402e-02
1.168632000000000004e-01 1.695923353902383315e-02
1.168674999999999992e-01 1.692535862540615194e-02
1.168717999999999979e-01 1.676324296737867481e-02
1.168760999999999967e-01 1.663016294959492047e-02
1.168804000000000093e-01 1.660596658272514917e-02
1.168847000000000080e-01 1.641481528445394578e-02
1.168890000000000068e-01 1.631802981697485014e-02
1.168933000000000055e-01 1.627205671992228153e-02
1.168976000000000043e-01 1.619946761931296414e-02
1.169019000000000030e-01 1.615833379563435049e-02
1.169062000000000018e-01 1.606638760152921327e-02
1.169105000000000005e-01 1.595266467724128223e-02
1.169147999999999993e-01 1.594540576718034633e-02
1.169190999999999980e-01 1.586797739319707398e-02
1.169233999999999968e-01 1.556794244401189103e-02
1.169277000000000094e-01 1.542034460610627704e-02
1.169320000000000082e-01 1.534533586880998043e-02
1.169363000000000069e-01 1.533081804868811904e-02
1.169406000000000057e-01 1.511789002023411488e-02
1.169449000000000044e-01 1.503804200956386505e-02
1.169492000000000032e-01 1.501384564269409375e-02
1.169535000000000019e-01 1.495577436220663775e-02
1.169578000000000007e-01 1.486624780478847802e-02
1.169620999999999994e-01 1.473558742369170289e-02
1.169663999999999981e-01 1.470413214676099915e-02
1.169706999999999969e-01 1.445007029462838308e-02
1.169749999999999956e-01 1.425891899635717795e-02
1.169793000000000083e-01 1.414277643538226770e-02
1.169836000000000070e-01 1.411374079513853970e-02
1.169879000000000058e-01 1.407744624483388100e-02
1.169922000000000045e-01 1.390807167674546971e-02
1.169965000000000033e-01 1.372175965184821780e-02
1.170008000000000020e-01 1.361287600093423998e-02
1.170051000000000008e-01 1.346527816302862599e-02
1.170093999999999995e-01 1.344834070621978364e-02
1.170136999999999983e-01 1.336849269554953382e-02
1.170179999999999970e-01 1.335639451211464816e-02
1.170222999999999958e-01 1.330800177837510034e-02
1.170266000000000084e-01 1.296441336882432627e-02
1.170309000000000071e-01 1.296199373213734879e-02
1.170352000000000059e-01 1.285552971791034844e-02
1.170395000000000046e-01 1.282165480429266549e-02
1.170438000000000034e-01 1.279261916404893923e-02
1.170481000000000021e-01 1.272003006343962010e-02
1.170524000000000009e-01 1.267405696638705150e-02
1.170566999999999996e-01 1.260630713915168732e-02
1.170609999999999984e-01 1.251678058173352585e-02
1.170652999999999971e-01 1.237402201720186681e-02
1.170695999999999959e-01 1.236676310714093438e-02
1.170739000000000085e-01 1.233046855683627568e-02
1.170782000000000073e-01 1.225062054616602586e-02
1.170825000000000060e-01 1.224094199941811595e-02
1.170868000000000048e-01 1.224094199941811595e-02
1.170911000000000035e-01 1.193848741354595379e-02
1.170954000000000023e-01 1.191429104667618248e-02
1.170997000000000010e-01 1.189977322655431762e-02
1.171039999999999998e-01 1.177395211883149918e-02
1.171082999999999985e-01 1.174249684190079371e-02
1.171125999999999973e-01 1.171588083834404319e-02
1.171168999999999960e-01 1.164329173773472406e-02
1.171212000000000086e-01 1.150779208326399572e-02
1.171255000000000074e-01 1.145939934952445137e-02
1.171298000000000061e-01 1.145456007615049641e-02
1.171341000000000049e-01 1.143520298265467659e-02
1.171384000000000036e-01 1.136987279210629163e-02
1.171427000000000024e-01 1.124405168438347147e-02
1.171470000000000011e-01 1.119323931395694964e-02
1.171512999999999999e-01 1.114726621690437930e-02
1.171555999999999986e-01 1.114726621690437930e-02
1.171598999999999974e-01 1.113274839678251617e-02
1.171641999999999961e-01 1.108677529972994930e-02
1.171685000000000088e-01 1.108677529972994930e-02
1.171728000000000075e-01 1.083755272097128818e-02
1.171771000000000063e-01 1.079883853397965027e-02
1.171814000000000050e-01 1.068269597300474175e-02
1.171857000000000038e-01 1.064882105938705879e-02
1.171900000000000025e-01 1.049396431142051063e-02
1.171943000000000012e-01 1.035120574688885159e-02
1.171986000000000000e-01 1.016247408530462221e-02
1.172028999999999987e-01 1.014553662849578333e-02
1.172071999999999975e-01 1.011166171487810038e-02
1.172114999999999962e-01 1.000519770065110003e-02
1.172158000000000089e-01 9.896314049737122212e-03
1.172201000000000076e-01 9.814046402379893175e-03
1.172244000000000064e-01 9.763234031953369613e-03
1.172287000000000051e-01 9.751135848518483959e-03
1.172330000000000039e-01 9.647091470978461092e-03
1.172373000000000026e-01 9.627734377482641270e-03
1.172416000000000014e-01 9.572082733682164488e-03
1.172459000000000001e-01 9.543047093438436490e-03
1.172501999999999989e-01 9.540627456751459012e-03
1.172544999999999976e-01 9.523689999942616669e-03
1.172587999999999964e-01 9.523689999942616669e-03
1.172631000000000090e-01 9.475297266203072319e-03
1.172674000000000077e-01 9.390609982158867539e-03
1.172717000000000065e-01 9.380931435410957628e-03
1.172760000000000052e-01 9.371252888663047717e-03
1.172803000000000040e-01 9.361574341915139541e-03
1.172846000000000027e-01 9.257529964375116674e-03
1.172889000000000015e-01 9.177681953704865114e-03
1.172932000000000002e-01 9.131708856652296508e-03
1.172974999999999990e-01 9.124449946591364075e-03
1.173017999999999977e-01 9.003468112242500598e-03
1.173060999999999965e-01 8.993789565494592422e-03
1.173104000000000091e-01 8.981691382059705034e-03
1.173147000000000079e-01 8.967173561937841902e-03
1.173190000000000066e-01 8.877647004519680432e-03
1.173233000000000054e-01 8.863129184397817301e-03
1.173276000000000041e-01 8.836513180841066781e-03
1.173319000000000029e-01 8.691334979622430262e-03
1.173362000000000016e-01 8.688915342935452785e-03
1.173405000000000004e-01 8.618745879013111136e-03
1.173447999999999991e-01 8.587290602082405661e-03
1.173490999999999979e-01 8.587290602082405661e-03
1.173533999999999966e-01 8.529219321594951400e-03
1.173577000000000092e-01 8.492924771290292704e-03
1.173620000000000080e-01 8.374362573628403236e-03
1.173663000000000067e-01 8.362264390193517583e-03
1.173706000000000055e-01 8.229184372409766718e-03
1.173749000000000042e-01 8.190470185418130544e-03
1.173792000000000030e-01 8.144497088365561938e-03
1.173835000000000017e-01 8.125139994869743851e-03
1.173878000000000005e-01 8.105782901373925764e-03
1.173920999999999992e-01 8.096104354626017588e-03
1.173963999999999980e-01 8.074327624443220289e-03
1.174006999999999967e-01 8.030774164077629160e-03
1.174050000000000094e-01 8.018675980642743506e-03
1.174093000000000081e-01 7.933988696598536991e-03
1.174136000000000069e-01 7.926729786537606293e-03
1.174179000000000056e-01 7.890435236232945862e-03
1.174222000000000043e-01 7.825105045684559169e-03
1.174265000000000031e-01 7.721060668144537169e-03
1.174308000000000018e-01 7.699283937961739870e-03
1.174351000000000006e-01 7.699283937961739870e-03
1.174393999999999993e-01 7.619435927291490045e-03
1.174436999999999981e-01 7.542007553308217697e-03
1.174479999999999968e-01 7.539587916621240220e-03
1.174523000000000095e-01 7.437963175768193096e-03
1.174566000000000082e-01 7.430704265707261530e-03
1.174609000000000070e-01 7.367793711845851447e-03
1.174652000000000057e-01 7.285526064488623277e-03
1.174695000000000045e-01 7.246811877496987103e-03
1.174738000000000032e-01 7.195999507070464409e-03
1.174781000000000020e-01 7.195999507070464409e-03
1.174824000000000007e-01 7.183901323635577887e-03
1.174866999999999995e-01 7.166963866826736411e-03
1.174909999999999982e-01 7.157285320078827368e-03
1.174952999999999970e-01 7.118571133087190327e-03
1.174995999999999957e-01 7.082276582782530763e-03
1.175039000000000083e-01 7.060499852599736066e-03
1.175082000000000071e-01 7.036303485729963024e-03
1.175125000000000058e-01 7.019366028921122415e-03
1.175168000000000046e-01 6.915321651381098680e-03
1.175211000000000033e-01 6.915321651381098680e-03
1.175254000000000021e-01 6.908062741320167115e-03
1.175297000000000008e-01 6.908062741320167115e-03
1.175339999999999996e-01 6.905643104633188770e-03
1.175382999999999983e-01 6.869348554328529206e-03
1.175425999999999971e-01 6.835473640710847988e-03
1.175468999999999958e-01 6.750786356666642340e-03
1.175512000000000085e-01 6.750786356666642340e-03
1.175555000000000072e-01 6.699973986240119646e-03
1.175598000000000060e-01 6.699973986240119646e-03
1.175641000000000047e-01 6.697554349553142168e-03
1.175684000000000035e-01 6.695134712866164690e-03
1.175727000000000022e-01 6.692715076179188080e-03
1.175770000000000010e-01 6.557215421708458870e-03
1.175812999999999997e-01 6.545117238273572349e-03
1.175855999999999985e-01 6.535438691525663306e-03
1.175898999999999972e-01 6.525760144777754262e-03
1.175941999999999960e-01 6.525760144777754262e-03
1.175985000000000086e-01 6.525760144777754262e-03
1.176028000000000073e-01 6.513661961342868609e-03
1.176071000000000061e-01 6.491885231160072177e-03
1.176114000000000048e-01 6.421715767237731395e-03
1.176157000000000036e-01 6.421715767237731395e-03
1.176200000000000023e-01 6.421715767237731395e-03
1.176243000000000011e-01 6.317671389697707661e-03
1.176285999999999998e-01 6.310412479636775228e-03
1.176328999999999986e-01 6.310412479636775228e-03
1.176371999999999973e-01 6.303153569575843662e-03
1.176414999999999961e-01 6.283796476080025575e-03
1.176458000000000087e-01 6.150716458296273843e-03
1.176501000000000074e-01 6.119261181365570103e-03
1.176544000000000062e-01 6.075707720999978106e-03
1.176587000000000049e-01 6.003118620390658980e-03
1.176630000000000037e-01 5.998279347016704892e-03
1.176673000000000024e-01 5.964404433399022806e-03
1.176716000000000012e-01 5.957145523338091241e-03
1.176758999999999999e-01 5.867618965919931505e-03
1.176801999999999987e-01 5.855520782485044984e-03
1.176844999999999974e-01 5.855520782485044984e-03
1.176887999999999962e-01 5.855520782485044984e-03
1.176931000000000088e-01 5.751476404945021249e-03
1.176974000000000076e-01 5.707922944579430120e-03
1.177017000000000063e-01 5.681306941022679600e-03
1.177060000000000051e-01 5.674048030961748035e-03
1.177103000000000038e-01 5.674048030961748035e-03
1.177146000000000026e-01 5.674048030961748035e-03
1.177189000000000013e-01 5.574842926795679256e-03
1.177232000000000001e-01 5.560325106673815257e-03
1.177274999999999988e-01 5.526450193056133171e-03
1.177317999999999976e-01 5.451441455759837434e-03
1.177360999999999963e-01 5.419986178829131959e-03
1.177404000000000089e-01 5.419986178829131959e-03
1.177447000000000077e-01 5.417566542142155349e-03
1.177490000000000064e-01 5.364334535028655176e-03
1.177533000000000052e-01 5.364334535028655176e-03
1.177576000000000039e-01 5.245772337366767443e-03
1.177619000000000027e-01 5.187701056879312315e-03
1.177662000000000014e-01 5.187701056879312315e-03
1.177705000000000002e-01 5.187701056879312315e-03
1.177747999999999989e-01 5.168343963383494229e-03
1.177790999999999977e-01 5.141727959826743709e-03
1.177833999999999964e-01 5.134469049765812143e-03
1.177877000000000091e-01 5.107853046209062491e-03
1.177920000000000078e-01 5.054621039095561451e-03
1.177963000000000066e-01 5.052201402408583973e-03
1.178006000000000053e-01 5.035263945599743364e-03
1.178049000000000041e-01 5.023165762164856843e-03
1.178092000000000028e-01 4.994130121921128845e-03
1.178135000000000016e-01 4.994130121921128845e-03
1.178178000000000003e-01 4.994130121921128845e-03
1.178220999999999991e-01 4.962674844990424237e-03
1.178263999999999978e-01 4.933639204746697107e-03
1.178306999999999966e-01 4.933639204746697107e-03
1.178350000000000092e-01 4.904603564502969110e-03
1.178393000000000079e-01 4.904603564502969110e-03
1.178436000000000067e-01 4.885246471007151023e-03
1.178479000000000054e-01 4.848951920702491460e-03
1.178522000000000042e-01 4.848951920702491460e-03
1.178565000000000029e-01 4.783621730154104766e-03
1.178608000000000017e-01 4.778782456780149811e-03
1.178651000000000004e-01 4.744907543162467725e-03
1.178693999999999992e-01 4.732809359727582071e-03
1.178736999999999979e-01 4.730389723040604594e-03
1.178779999999999967e-01 4.698934446109899986e-03
1.178822999999999954e-01 4.698934446109899986e-03
1.178866000000000080e-01 4.674738079240126944e-03
1.178909000000000068e-01 4.674738079240126944e-03
1.178952000000000055e-01 4.616666798752670949e-03
1.178995000000000043e-01 4.616666798752670949e-03
1.179038000000000030e-01 4.609407888691739383e-03
1.179081000000000018e-01 4.609407888691739383e-03
1.179124000000000005e-01 4.573113338387080687e-03
1.179166999999999993e-01 4.570693701700103209e-03
1.179209999999999980e-01 4.558595518265216688e-03
1.179252999999999968e-01 4.558595518265216688e-03
1.179295999999999955e-01 4.524720604647534603e-03
1.179339000000000082e-01 4.483586780968920951e-03
1.179382000000000069e-01 4.442452957290307300e-03
1.179425000000000057e-01 4.430354773855419911e-03
1.179468000000000044e-01 4.406158406985647737e-03
1.179511000000000032e-01 4.372283493367965651e-03
1.179554000000000019e-01 4.345667489811215131e-03
1.179597000000000007e-01 4.326310396315396177e-03
1.179639999999999994e-01 4.282756935949805915e-03
1.179682999999999982e-01 4.265819479140964439e-03
1.179725999999999969e-01 4.256140932393055396e-03
1.179768999999999957e-01 4.224685655462350788e-03
1.179812000000000083e-01 4.176292921722804703e-03
1.179855000000000070e-01 4.173873285035827226e-03
1.179898000000000058e-01 4.173873285035827226e-03
1.179941000000000045e-01 4.173873285035827226e-03
1.179984000000000033e-01 4.173873285035827226e-03
1.180027000000000020e-01 4.144837644792100095e-03
1.180070000000000008e-01 4.137578734731168530e-03
1.180112999999999995e-01 4.101284184426508966e-03
1.180155999999999983e-01 4.101284184426508966e-03
1.180198999999999970e-01 4.101284184426508966e-03
1.180241999999999958e-01 4.101284184426508966e-03
1.180285000000000084e-01 4.094025274365576533e-03
1.180328000000000072e-01 4.086766364304644968e-03
1.180371000000000059e-01 4.086766364304644968e-03
1.180414000000000047e-01 4.057730724060916970e-03
1.180457000000000034e-01 4.057730724060916970e-03
1.180500000000000022e-01 4.028695083817189840e-03
1.180543000000000009e-01 4.028695083817189840e-03
1.180585999999999997e-01 4.002079080260439320e-03
1.180628999999999984e-01 4.002079080260439320e-03
1.180671999999999972e-01 3.987561260138575321e-03
1.180714999999999959e-01 3.973043440016712190e-03
1.180758000000000085e-01 3.951266709833916625e-03
1.180801000000000073e-01 3.951266709833916625e-03
1.180844000000000060e-01 3.936748889712053494e-03
1.180887000000000048e-01 3.934329253025075149e-03
1.180930000000000035e-01 3.927070342964143583e-03
1.180973000000000023e-01 3.900454339407393497e-03
1.181016000000000010e-01 3.900454339407393497e-03
1.181058999999999998e-01 3.866579425789711411e-03
1.181101999999999985e-01 3.866579425789711411e-03
1.181144999999999973e-01 3.839963422232961325e-03
1.181187999999999960e-01 3.825445602111097760e-03
1.181231000000000086e-01 3.825445602111097760e-03
1.181274000000000074e-01 3.823025965424120282e-03
1.181317000000000061e-01 3.808508145302256283e-03
1.181360000000000049e-01 3.796409961867370196e-03
1.181403000000000036e-01 3.796409961867370196e-03
1.181446000000000024e-01 3.421366275385889777e-03
1.181489000000000011e-01 3.406848455264025778e-03
1.181531999999999999e-01 3.358455721524480127e-03
1.181574999999999986e-01 3.343937901402616129e-03
1.181617999999999974e-01 3.319741534532843520e-03
1.181660999999999961e-01 3.319741534532843520e-03
1.181704000000000088e-01 3.319741534532843520e-03
1.181747000000000075e-01 3.208438246931888220e-03
1.181790000000000063e-01 3.193920426810024655e-03
1.181833000000000050e-01 3.193920426810024655e-03
1.181876000000000038e-01 3.193920426810024655e-03
1.181919000000000025e-01 3.193920426810024655e-03
1.181962000000000013e-01 3.109233142765819007e-03
1.182005000000000000e-01 3.068099319087205356e-03
1.182047999999999988e-01 3.060840409026273357e-03
1.182090999999999975e-01 3.010028038599750228e-03
1.182133999999999963e-01 3.010028038599750228e-03
1.182177000000000089e-01 2.971313851608113621e-03
1.182220000000000076e-01 2.971313851608113621e-03
1.182263000000000064e-01 2.971313851608113621e-03
1.182306000000000051e-01 2.935019301303454058e-03
1.182349000000000039e-01 2.922921117868567970e-03
1.182392000000000026e-01 2.891465840937862929e-03
1.182435000000000014e-01 2.860010564007158321e-03
1.182478000000000001e-01 2.850332017259248844e-03
1.182520999999999989e-01 2.828555287076453279e-03
1.182563999999999976e-01 2.811617830267612236e-03
1.182606999999999964e-01 2.811617830267612236e-03
1.182650000000000090e-01 2.797100010145748671e-03
1.182693000000000078e-01 2.797100010145748671e-03
1.182736000000000065e-01 2.782582190023885106e-03
1.182779000000000053e-01 2.782582190023885106e-03
1.182822000000000040e-01 2.734189456284339022e-03
1.182865000000000028e-01 2.593850528439656158e-03
1.182908000000000015e-01 2.586591618378724158e-03
1.182951000000000003e-01 2.552716704761042073e-03
1.182993999999999990e-01 2.550297068074065029e-03
1.183036999999999977e-01 2.550297068074065029e-03
1.183079999999999965e-01 2.550297068074065029e-03
1.183123000000000091e-01 2.550297068074065029e-03
1.183166000000000079e-01 2.516422154456382509e-03
1.183209000000000066e-01 2.516422154456382509e-03
1.183252000000000054e-01 2.516422154456382509e-03
1.183295000000000041e-01 2.516422154456382509e-03
1.183338000000000029e-01 2.511582881082428421e-03
1.183381000000000016e-01 2.492225787586609901e-03
1.183424000000000004e-01 2.489806150899632423e-03
1.183466999999999991e-01 2.489806150899632423e-03
1.183509999999999979e-01 2.489806150899632423e-03
1.183552999999999966e-01 2.484966877525677902e-03
1.183596000000000092e-01 2.484966877525677902e-03
1.183639000000000080e-01 2.484966877525677902e-03
1.183682000000000067e-01 2.484966877525677902e-03
1.183725000000000055e-01 2.484966877525677902e-03
1.183768000000000042e-01 2.482547240838700858e-03
1.183811000000000030e-01 2.434154507099154773e-03
1.183854000000000017e-01 2.434154507099154773e-03
1.183897000000000005e-01 2.419636686977291208e-03
1.183939999999999992e-01 2.356726133115881559e-03
1.183982999999999980e-01 2.320431582811222429e-03
1.184025999999999967e-01 2.315592309437267474e-03
1.184069000000000094e-01 2.315592309437267474e-03
1.184112000000000081e-01 2.293815579254472343e-03
1.184155000000000069e-01 2.293815579254472343e-03
1.184198000000000056e-01 2.288976305880517387e-03
1.184241000000000044e-01 2.288976305880517387e-03
1.184284000000000031e-01 2.238163935453994693e-03
1.184327000000000019e-01 2.238163935453994693e-03
1.184370000000000006e-01 2.233324662080039737e-03
1.184412999999999994e-01 2.187351565027471131e-03
1.184455999999999981e-01 2.187351565027471131e-03
1.184498999999999969e-01 2.187351565027471131e-03
1.184541999999999956e-01 2.155896288096766089e-03
1.184585000000000082e-01 2.136539194600948002e-03
1.184628000000000070e-01 2.136539194600948002e-03
1.184671000000000057e-01 2.136539194600948002e-03
1.184714000000000045e-01 2.134119557913970958e-03
1.184757000000000032e-01 2.134119557913970958e-03
1.184800000000000020e-01 2.134119557913970958e-03
1.184843000000000007e-01 2.134119557913970958e-03
1.184885999999999995e-01 2.134119557913970958e-03
1.184928999999999982e-01 2.109923191044197916e-03
1.184971999999999970e-01 2.071209004052561309e-03
1.185014999999999957e-01 1.976843173260447051e-03
1.185058000000000084e-01 1.967164626512537574e-03
1.185101000000000071e-01 1.967164626512537574e-03
1.185144000000000059e-01 1.921191529459969185e-03
1.185187000000000046e-01 1.894575525903219098e-03
1.185230000000000034e-01 1.889736252529264360e-03
1.185273000000000021e-01 1.889736252529264360e-03
1.185316000000000008e-01 1.889736252529264360e-03
1.185358999999999996e-01 1.889736252529264360e-03
1.185401999999999983e-01 1.889736252529264360e-03
1.185444999999999971e-01 1.887316615842287099e-03
1.185487999999999958e-01 1.872798795720423317e-03
1.185531000000000085e-01 1.865539885659491318e-03
1.185574000000000072e-01 1.776013328241331582e-03
1.185617000000000060e-01 1.771174054867377060e-03
1.185660000000000047e-01 1.771174054867377060e-03
1.185703000000000035e-01 1.771174054867377060e-03
1.185746000000000022e-01 1.771174054867377060e-03
1.185789000000000010e-01 1.761495508119468017e-03
1.185831999999999997e-01 1.759075871432490756e-03
1.185874999999999985e-01 1.739718777936672236e-03
1.185917999999999972e-01 1.739718777936672236e-03
1.185960999999999960e-01 1.739718777936672236e-03
1.186004000000000086e-01 1.739718777936672236e-03
1.186047000000000073e-01 1.739718777936672236e-03
1.186090000000000061e-01 1.739718777936672236e-03
1.186133000000000048e-01 1.739718777936672236e-03
1.186176000000000036e-01 1.739718777936672236e-03
1.186219000000000023e-01 1.734879504562717714e-03
1.186262000000000011e-01 1.734879504562717714e-03
1.186304999999999998e-01 1.725200957814808670e-03
1.186347999999999986e-01 1.720361684440853932e-03
1.186390999999999973e-01 1.715522411066899410e-03
1.186433999999999961e-01 1.715522411066899410e-03
1.186477000000000087e-01 1.715522411066899410e-03
1.186520000000000075e-01 1.696165317571081107e-03
1.186563000000000062e-01 1.671968950701308064e-03
1.186606000000000050e-01 1.655031493892467238e-03
1.186649000000000037e-01 1.655031493892467238e-03
1.186692000000000025e-01 1.655031493892467238e-03
1.186735000000000012e-01 1.609058396839898632e-03
1.186778000000000000e-01 1.609058396839898632e-03
1.186820999999999987e-01 1.609058396839898632e-03
1.186863999999999975e-01 1.584862029970125806e-03
1.186906999999999962e-01 1.584862029970125806e-03
1.186950000000000088e-01 1.584862029970125806e-03
1.186993000000000076e-01 1.519531839421738679e-03
1.187036000000000063e-01 1.519531839421738679e-03
1.187079000000000051e-01 1.519531839421738679e-03
1.187122000000000038e-01 1.519531839421738679e-03
1.187165000000000026e-01 1.514692566047784157e-03
1.187208000000000013e-01 1.514692566047784157e-03
1.187251000000000001e-01 1.514692566047784157e-03
1.187293999999999988e-01 1.507433655986852375e-03
1.187336999999999976e-01 1.480817652430102289e-03
1.187379999999999963e-01 1.468719468995215768e-03
1.187422999999999951e-01 1.444523102125442942e-03
1.187466000000000077e-01 1.444523102125442942e-03
1.187509000000000065e-01 1.379192911577055815e-03
1.187552000000000052e-01 1.379192911577055815e-03
1.187595000000000039e-01 1.379192911577055815e-03
1.187638000000000027e-01 1.379192911577055815e-03
1.187681000000000014e-01 1.379192911577055815e-03
1.187724000000000002e-01 1.376773274890078771e-03
1.187766999999999989e-01 1.376773274890078771e-03
1.187809999999999977e-01 1.340478724585419425e-03
1.187852999999999964e-01 1.340478724585419425e-03
1.187895999999999952e-01 1.340478724585419425e-03
1.187939000000000078e-01 1.323541267776578382e-03
1.187982000000000066e-01 1.323541267776578382e-03
1.188025000000000053e-01 1.309023447654714600e-03
1.188068000000000041e-01 1.284827080784941558e-03
1.188111000000000028e-01 1.277568170724009775e-03
1.188154000000000016e-01 1.277568170724009775e-03
1.188197000000000003e-01 1.277568170724009775e-03
1.188239999999999991e-01 1.277568170724009775e-03
1.188282999999999978e-01 1.275148534037032514e-03
1.188325999999999966e-01 1.275148534037032514e-03
1.188368999999999953e-01 1.272728897350055254e-03
1.188412000000000079e-01 1.272728897350055254e-03
1.188455000000000067e-01 1.272728897350055254e-03
1.188498000000000054e-01 1.272728897350055254e-03
1.188541000000000042e-01 1.272728897350055254e-03
1.188584000000000029e-01 1.270309260663077776e-03
1.188627000000000017e-01 1.267889623976100732e-03
1.188670000000000004e-01 1.265469987289123254e-03
1.188712999999999992e-01 1.265469987289123254e-03
1.188755999999999979e-01 1.265469987289123254e-03
1.188798999999999967e-01 1.258211077228191255e-03
1.188841999999999954e-01 1.258211077228191255e-03
1.188885000000000081e-01 1.204979070114691082e-03
1.188928000000000068e-01 1.204979070114691082e-03
1.188971000000000056e-01 1.204979070114691082e-03
1.189014000000000043e-01 1.204979070114691082e-03
1.189057000000000031e-01 1.204979070114691082e-03
1.189100000000000018e-01 1.204979070114691082e-03
1.189143000000000006e-01 1.204979070114691082e-03
1.189185999999999993e-01 1.204979070114691082e-03
1.189228999999999981e-01 1.204979070114691082e-03
1.189271999999999968e-01 1.204979070114691082e-03
1.189314999999999956e-01 1.204979070114691082e-03
1.189358000000000082e-01 1.200139796740736561e-03
1.189401000000000069e-01 1.175943429870963518e-03
1.189444000000000057e-01 1.173523793183986258e-03
1.189487000000000044e-01 1.132389969505372173e-03
1.189530000000000032e-01 1.129970332818394912e-03
1.189573000000000019e-01 1.129970332818394912e-03
1.189616000000000007e-01 1.129970332818394912e-03
1.189658999999999994e-01 1.129970332818394912e-03
1.189701999999999982e-01 1.129970332818394912e-03
1.189744999999999969e-01 1.129970332818394912e-03
1.189787999999999957e-01 1.129970332818394912e-03
1.189831000000000083e-01 1.129970332818394912e-03
1.189874000000000070e-01 1.129970332818394912e-03
1.189917000000000058e-01 1.129970332818394912e-03
1.189960000000000045e-01 1.129970332818394912e-03
1.190003000000000033e-01 1.127550696131417651e-03
1.190046000000000020e-01 1.127550696131417651e-03
1.190089000000000008e-01 1.127550696131417651e-03
1.190131999999999995e-01 1.127550696131417651e-03
1.190174999999999983e-01 1.127550696131417651e-03
1.190217999999999970e-01 1.127550696131417651e-03
1.190260999999999958e-01 1.127550696131417651e-03
1.190304000000000084e-01 1.125131059444440390e-03
1.190347000000000072e-01 1.093675782513735565e-03
1.190390000000000059e-01 1.086416872452803783e-03
1.190433000000000047e-01 1.086416872452803783e-03
1.190476000000000034e-01 1.086416872452803783e-03
1.190519000000000022e-01 1.086416872452803783e-03
1.190562000000000009e-01 1.069479415643962740e-03
1.190604999999999997e-01 1.069479415643962740e-03
1.190647999999999984e-01 1.069479415643962740e-03
1.190690999999999972e-01 1.064640142270008001e-03
1.190733999999999959e-01 1.062220505583030957e-03
1.190777000000000085e-01 1.062220505583030957e-03
1.190820000000000073e-01 1.062220505583030957e-03
1.190863000000000060e-01 1.062220505583030957e-03
1.190906000000000048e-01 1.062220505583030957e-03
1.190949000000000035e-01 1.062220505583030957e-03
1.190992000000000023e-01 1.062220505583030957e-03
1.191035000000000010e-01 1.062220505583030957e-03
1.191077999999999998e-01 1.062220505583030957e-03
1.191120999999999985e-01 1.062220505583030957e-03
1.191163999999999973e-01 1.062220505583030957e-03
1.191206999999999960e-01 1.062220505583030957e-03
1.191250000000000087e-01 1.062220505583030957e-03
1.191293000000000074e-01 1.062220505583030957e-03
1.191336000000000062e-01 1.062220505583030957e-03
1.191379000000000049e-01 1.062220505583030957e-03
1.191422000000000037e-01 1.062220505583030957e-03
1.191465000000000024e-01 1.062220505583030957e-03
1.191508000000000012e-01 1.062220505583030957e-03
1.191550999999999999e-01 1.062220505583030957e-03
1.191593999999999987e-01 1.062220505583030957e-03
1.191636999999999974e-01 1.062220505583030957e-03
1.191679999999999962e-01 1.057381232209076219e-03
1.191723000000000088e-01 1.057381232209076219e-03
1.191766000000000075e-01 1.057381232209076219e-03
1.191809000000000063e-01 1.057381232209076219e-03
1.191852000000000050e-01 1.054961595522098958e-03
1.191895000000000038e-01 1.054961595522098958e-03
1.191938000000000025e-01 1.054961595522098958e-03
1.191981000000000013e-01 1.054961595522098958e-03
1.192024000000000000e-01 1.054961595522098958e-03
1.192066999999999988e-01 1.054961595522098958e-03
1.192109999999999975e-01 1.054961595522098958e-03
1.192152999999999963e-01 1.054961595522098958e-03
1.192196000000000089e-01 1.052541958835121697e-03
1.192239000000000076e-01 1.018667045217439612e-03
1.192282000000000064e-01 1.018667045217439612e-03
1.192325000000000051e-01 9.993099517216213080e-04
1.192368000000000039e-01 9.993099517216213080e-04
1.192411000000000026e-01 9.993099517216213080e-04
1.192454000000000014e-01 9.993099517216213080e-04
1.192497000000000001e-01 9.993099517216213080e-04
1.192539999999999989e-01 9.993099517216213080e-04
1.192582999999999976e-01 9.993099517216213080e-04
1.192625999999999964e-01 9.993099517216213080e-04
1.192669000000000090e-01 9.751135848518483742e-04
1.192712000000000078e-01 9.751135848518483742e-04
1.192755000000000065e-01 9.678546747909164832e-04
1.192798000000000053e-01 9.678546747909164832e-04
1.192841000000000040e-01 9.557564913560300706e-04
1.192884000000000028e-01 9.557564913560300706e-04
1.192927000000000015e-01 9.388190345471890278e-04
1.192970000000000003e-01 9.388190345471890278e-04
1.193012999999999990e-01 9.388190345471890278e-04
1.193055999999999978e-01 9.388190345471890278e-04
1.193098999999999965e-01 9.388190345471890278e-04
1.193141999999999953e-01 9.388190345471890278e-04
1.193185000000000079e-01 9.388190345471890278e-04
1.193228000000000066e-01 9.388190345471890278e-04
1.193271000000000054e-01 9.388190345471890278e-04
1.193314000000000041e-01 9.388190345471890278e-04
1.193357000000000029e-01 9.291404877992798760e-04
1.193400000000000016e-01 9.291404877992798760e-04
1.193443000000000004e-01 9.291404877992798760e-04
1.193485999999999991e-01 9.291404877992798760e-04
1.193528999999999979e-01 9.291404877992798760e-04
1.193571999999999966e-01 9.291404877992798760e-04
1.193614999999999954e-01 9.291404877992798760e-04
1.193658000000000080e-01 9.291404877992798760e-04
1.193701000000000068e-01 9.291404877992798760e-04
1.193744000000000055e-01 9.122030309904387247e-04
1.193787000000000043e-01 9.122030309904387247e-04
1.193830000000000030e-01 9.122030309904387247e-04
1.193873000000000018e-01 9.122030309904387247e-04
1.193916000000000005e-01 9.122030309904387247e-04
1.193958999999999993e-01 9.049441209295069422e-04
1.194001999999999980e-01 9.049441209295069422e-04
1.194044999999999968e-01 9.049441209295069422e-04
1.194087999999999955e-01 7.960604700155289029e-04
1.194131000000000081e-01 7.839622865806422734e-04
1.194174000000000069e-01 7.839622865806422734e-04
1.194217000000000056e-01 7.839622865806422734e-04
1.194260000000000044e-01 7.839622865806422734e-04
1.194303000000000031e-01 7.839622865806422734e-04
1.194346000000000019e-01 7.839622865806422734e-04
1.194389000000000006e-01 7.767033765197104908e-04
1.194431999999999994e-01 7.767033765197104908e-04
1.194474999999999981e-01 7.767033765197104908e-04
1.194517999999999969e-01 7.573462830238920787e-04
1.194560999999999956e-01 7.573462830238920787e-04
1.194604000000000082e-01 7.573462830238920787e-04
1.194647000000000070e-01 7.500873729629602962e-04
1.194690000000000057e-01 7.379891895280738835e-04
1.194733000000000045e-01 7.379891895280738835e-04
1.194776000000000032e-01 7.379891895280738835e-04
1.194819000000000020e-01 7.379891895280738835e-04
1.194862000000000007e-01 7.379891895280738835e-04
1.194904999999999995e-01 7.234713694062099932e-04
1.194947999999999982e-01 7.234713694062099932e-04
1.194990999999999970e-01 7.234713694062099932e-04
1.195033999999999957e-01 7.234713694062099932e-04
1.195077000000000084e-01 7.234713694062099932e-04
1.195120000000000071e-01 7.234713694062099932e-04
1.195163000000000059e-01 7.234713694062099932e-04
1.195206000000000046e-01 7.234713694062099932e-04
1.195249000000000034e-01 7.234713694062099932e-04
1.195292000000000021e-01 7.234713694062099932e-04
1.195335000000000009e-01 6.992750025364371678e-04
1.195377999999999996e-01 6.992750025364371678e-04
1.195420999999999984e-01 6.992750025364371678e-04
1.195463999999999971e-01 6.992750025364371678e-04
1.195506999999999959e-01 6.992750025364371678e-04
1.195550000000000085e-01 6.992750025364371678e-04
1.195593000000000072e-01 6.992750025364371678e-04
1.195636000000000060e-01 6.992750025364371678e-04
1.195679000000000047e-01 6.992750025364371678e-04
1.195722000000000035e-01 6.992750025364371678e-04
1.195765000000000022e-01 6.508822687968913003e-04
1.195808000000000010e-01 6.508822687968913003e-04
1.195850999999999997e-01 6.508822687968913003e-04
1.195893999999999985e-01 6.508822687968913003e-04
1.195936999999999972e-01 6.508822687968913003e-04
1.195979999999999960e-01 6.508822687968913003e-04
1.196022999999999947e-01 6.508822687968913003e-04
1.196066000000000074e-01 6.508822687968913003e-04
1.196109000000000061e-01 6.508822687968913003e-04
1.196152000000000049e-01 6.484626321099140394e-04
1.196195000000000036e-01 6.484626321099140394e-04
1.196238000000000024e-01 6.412037220489821485e-04
1.196281000000000011e-01 6.412037220489821485e-04
1.196323999999999999e-01 6.412037220489821485e-04
1.196366999999999986e-01 6.412037220489821485e-04
1.196409999999999973e-01 6.218466285531638448e-04
1.196452999999999961e-01 6.218466285531638448e-04
1.196495999999999948e-01 6.218466285531638448e-04
1.196539000000000075e-01 6.218466285531638448e-04
1.196582000000000062e-01 6.218466285531638448e-04
1.196625000000000050e-01 6.218466285531638448e-04
1.196668000000000037e-01 6.218466285531638448e-04
1.196711000000000025e-01 6.218466285531638448e-04
1.196754000000000012e-01 6.218466285531638448e-04
1.196797000000000000e-01 6.218466285531638448e-04
1.196839999999999987e-01 6.218466285531638448e-04
1.196882999999999975e-01 6.218466285531638448e-04
1.196925999999999962e-01 6.073288084313001713e-04
1.196968999999999950e-01 6.049091717443228020e-04
1.197012000000000076e-01 6.049091717443228020e-04
1.197055000000000063e-01 5.952306249964135418e-04
1.197098000000000051e-01 5.952306249964135418e-04
1.197141000000000038e-01 5.952306249964135418e-04
1.197184000000000026e-01 5.952306249964135418e-04
1.197227000000000013e-01 5.952306249964135418e-04
1.197270000000000001e-01 5.952306249964135418e-04
1.197312999999999988e-01 5.952306249964135418e-04
1.197355999999999976e-01 5.952306249964135418e-04
1.197398999999999963e-01 5.952306249964135418e-04
1.197441999999999951e-01 5.903913516224590201e-04
1.197485000000000077e-01 5.903913516224590201e-04
1.197528000000000065e-01 5.903913516224590201e-04
1.197571000000000052e-01 5.903913516224590201e-04
1.197614000000000040e-01 5.903913516224590201e-04
1.197657000000000027e-01 5.903913516224590201e-04
1.197700000000000015e-01 5.903913516224590201e-04
1.197743000000000002e-01 5.879717149354817592e-04
1.197785999999999990e-01 5.879717149354817592e-04
1.197828999999999977e-01 5.879717149354817592e-04
1.197871999999999965e-01 5.879717149354817592e-04
1.197914999999999952e-01 5.879717149354817592e-04
1.197958000000000078e-01 5.782931681875726074e-04
1.198001000000000066e-01 5.782931681875726074e-04
1.198044000000000053e-01 5.782931681875726074e-04
1.198087000000000041e-01 5.782931681875726074e-04
1.198130000000000028e-01 5.782931681875726074e-04
1.198173000000000016e-01 5.782931681875726074e-04
1.198216000000000003e-01 5.782931681875726074e-04
1.198258999999999991e-01 5.782931681875726074e-04
1.198301999999999978e-01 5.782931681875726074e-04
1.198344999999999966e-01 5.782931681875726074e-04
1.198387999999999953e-01 5.782931681875726074e-04
1.198431000000000080e-01 5.782931681875726074e-04
1.198474000000000067e-01 5.782931681875726074e-04
1.198517000000000055e-01 5.782931681875726074e-04
1.198560000000000042e-01 5.782931681875726074e-04
1.198603000000000030e-01 5.492575279438451519e-04
1.198646000000000017e-01 5.492575279438451519e-04
1.198689000000000004e-01 5.492575279438451519e-04
1.198731999999999992e-01 5.492575279438451519e-04
1.198774999999999979e-01 5.492575279438451519e-04
1.198817999999999967e-01 5.492575279438451519e-04
1.198860999999999954e-01 5.492575279438451519e-04
1.198904000000000081e-01 5.057040675782539145e-04
1.198947000000000068e-01 5.057040675782539145e-04
1.198990000000000056e-01 4.863469740824355025e-04
1.199033000000000043e-01 4.863469740824355025e-04
1.199076000000000031e-01 4.863469740824355025e-04
1.199119000000000018e-01 4.863469740824355025e-04
1.199162000000000006e-01 4.645702438996399380e-04
1.199204999999999993e-01 4.645702438996399380e-04
1.199247999999999981e-01 4.645702438996399380e-04
1.199290999999999968e-01 4.645702438996399380e-04
1.199333999999999956e-01 4.645702438996399380e-04
1.199377000000000082e-01 4.161775101600941247e-04
1.199420000000000069e-01 4.161775101600941247e-04
1.199463000000000057e-01 4.161775101600941247e-04
1.199506000000000044e-01 4.137578734731168096e-04
1.199549000000000032e-01 4.137578734731168096e-04
1.199592000000000019e-01 4.137578734731168096e-04
1.199635000000000007e-01 4.137578734731168096e-04
1.199677999999999994e-01 4.137578734731168096e-04
1.199720999999999982e-01 4.137578734731168096e-04
1.199763999999999969e-01 4.137578734731168096e-04
1.199806999999999957e-01 4.137578734731168096e-04
1.199850000000000083e-01 4.137578734731168096e-04
1.199893000000000071e-01 4.137578734731168096e-04
1.199936000000000058e-01 4.137578734731168096e-04
1.199979000000000046e-01 4.137578734731168096e-04
1.200022000000000033e-01 4.137578734731168096e-04
1.200065000000000021e-01 4.137578734731168096e-04
1.200108000000000008e-01 4.137578734731168096e-04
1.200150999999999996e-01 4.137578734731168096e-04
1.200193999999999983e-01 4.137578734731168096e-04
1.200236999999999971e-01 4.137578734731168096e-04
1.200279999999999958e-01 4.137578734731168096e-04
1.200323000000000084e-01 4.137578734731168096e-04
1.200366000000000072e-01 4.137578734731168096e-04
1.200409000000000059e-01 4.040793267252076578e-04
1.200452000000000047e-01 4.040793267252076578e-04
1.200495000000000034e-01 4.040793267252076578e-04
1.200538000000000022e-01 4.040793267252076578e-04
1.200581000000000009e-01 4.040793267252076578e-04
1.200623999999999997e-01 4.040793267252076578e-04
1.200666999999999984e-01 4.040793267252076578e-04
1.200709999999999972e-01 4.040793267252076578e-04
1.200752999999999959e-01 4.040793267252076578e-04
1.200796000000000086e-01 4.040793267252076578e-04
1.200839000000000073e-01 4.040793267252076578e-04
1.200882000000000061e-01 4.040793267252076578e-04
1.200925000000000048e-01 4.040793267252076578e-04
1.200968000000000035e-01 4.040793267252076578e-04
1.201011000000000023e-01 3.968204166642757668e-04
1.201054000000000010e-01 3.968204166642757668e-04
1.201096999999999998e-01 3.968204166642757668e-04
1.201139999999999985e-01 3.653651397335709963e-04
1.201182999999999973e-01 3.556865929856617902e-04
1.201225999999999960e-01 3.556865929856617902e-04
1.201269000000000087e-01 3.556865929856617902e-04
1.201312000000000074e-01 3.556865929856617902e-04
1.201355000000000062e-01 3.556865929856617902e-04
1.201398000000000049e-01 3.556865929856617902e-04
1.201441000000000037e-01 3.556865929856617902e-04
1.201484000000000024e-01 3.556865929856617902e-04
1.201527000000000012e-01 3.556865929856617902e-04
1.201569999999999999e-01 3.411687728637980625e-04
1.201612999999999987e-01 3.411687728637980625e-04
1.201655999999999974e-01 3.411687728637980625e-04
1.201698999999999962e-01 3.411687728637980625e-04
1.201742000000000088e-01 3.411687728637980625e-04
1.201785000000000075e-01 3.411687728637980625e-04
1.201828000000000063e-01 3.411687728637980625e-04
1.201871000000000050e-01 3.411687728637980625e-04
1.201914000000000038e-01 3.411687728637980625e-04
1.201957000000000025e-01 3.411687728637980625e-04
1.202000000000000013e-01 3.411687728637980625e-04
# Ensemble: [11^+], idetect: 0.1167
1.163000000000000006e-01 3.581788187732484058e-02
1.163039000000000017e-01 3.581788187732484058e-02
1.163078000000000028e-01 3.575848240489146873e-02
1.163117000000000040e-01 3.569473662959711524e-02
1.163156000000000051e-01 3.539484173218959001e-02
1.163195000000000062e-01 3.506886901761618880e-02
1.163234000000000073e-01 3.484865633932660717e-02
1.163272999999999946e-01 3.481243714881845225e-02
1.163311999999999957e-01 3.470957464777529172e-02
1.163350999999999968e-01 3.455455651240038617e-02
1.163389999999999980e-01 3.433434383411080454e-02
1.163428999999999991e-01 3.425321284737253835e-02
1.163468000000000002e-01 3.421119858638307920e-02
1.163507000000000013e-01 3.398084453475121169e-02
1.163546000000000025e-01 3.376787569456325688e-02
1.163585000000000036e-01 3.372296389833314562e-02
1.163624000000000047e-01 3.361430632680868086e-02
1.163663000000000058e-01 3.326080702744908801e-02
1.163702000000000070e-01 3.301017022913264876e-02
1.163740999999999942e-01 3.282183043849024040e-02
1.163779999999999953e-01 3.269289012028121083e-02
1.163818999999999965e-01 3.264942709167142215e-02
1.163857999999999976e-01 3.229158148945085460e-02
1.163896999999999987e-01 3.222638694653617158e-02
1.163935999999999998e-01 3.193083835198962106e-02
1.163975000000000010e-01 3.192649204912864636e-02
1.164014000000000021e-01 3.173090842038461118e-02
1.164053000000000032e-01 3.164253359554471123e-02
1.164092000000000043e-01 3.133394609241522272e-02
1.164131000000000055e-01 3.129917566952739733e-02
1.164170000000000066e-01 3.084426263674497001e-02
1.164208999999999938e-01 3.063564009941799338e-02
1.164247999999999950e-01 3.045889044973819695e-02
1.164286999999999961e-01 3.038065699824058288e-02
1.164325999999999972e-01 3.013871280564610344e-02
1.164364999999999983e-01 2.989387107781097883e-02
1.164403999999999995e-01 2.965047811759617333e-02
1.164443000000000006e-01 2.932740293826342770e-02
1.164482000000000017e-01 2.923613057818287911e-02
1.164521000000000028e-01 2.886234853213871451e-02
1.164560000000000040e-01 2.860446789572064843e-02
1.164599000000000051e-01 2.845089852796607241e-02
1.164638000000000062e-01 2.829298285735051474e-02
1.164677000000000073e-01 2.805683373523734647e-02
1.164715999999999946e-01 2.788153285317787264e-02
1.164754999999999957e-01 2.785400626839167754e-02
1.164793999999999968e-01 2.779315802833797269e-02
1.164832999999999980e-01 2.771492457684035862e-02
1.164871999999999991e-01 2.768594922443383399e-02
1.164911000000000002e-01 2.743241489087674956e-02
1.164950000000000013e-01 2.732955238983358903e-02
1.164989000000000025e-01 2.714845643729281097e-02
1.165028000000000036e-01 2.686304921608854979e-02
1.165067000000000047e-01 2.673121136263886116e-02
1.165106000000000058e-01 2.651679375483058376e-02
1.165145000000000070e-01 2.640523864806546689e-02
1.165183999999999942e-01 2.625022051269056134e-02
1.165222999999999953e-01 2.616764075833196909e-02
1.165261999999999964e-01 2.584311681137890088e-02
1.165300999999999976e-01 2.578226857132519950e-02
1.165339999999999987e-01 2.573880554271541082e-02
1.165378999999999998e-01 2.533459937664439901e-02
1.165418000000000009e-01 2.523463441084189060e-02
1.165457000000000021e-01 2.496661240108154212e-02
1.165496000000000032e-01 2.488837894958392458e-02
1.165535000000000043e-01 2.479710658950337598e-02
1.165574000000000054e-01 2.464643475698944861e-02
1.165613000000000066e-01 2.461311310172194580e-02
1.165651999999999938e-01 2.438855412057138600e-02
1.165690999999999949e-01 2.427844778142659171e-02
1.165729999999999961e-01 2.423788228805745862e-02
1.165768999999999972e-01 2.411328827270940375e-02
1.165807999999999983e-01 2.399014302498167842e-02
1.165846999999999994e-01 2.392929478492797704e-02
1.165886000000000006e-01 2.384671503056938133e-02
1.165925000000000017e-01 2.367431168375056655e-02
1.165964000000000028e-01 2.352074231599598705e-02
1.166003000000000039e-01 2.328604196150314137e-02
1.166042000000000051e-01 2.313681889660954352e-02
1.166081000000000062e-01 2.311508738230464918e-02
1.166120000000000073e-01 2.298614706409561614e-02
1.166158999999999946e-01 2.274710040674179229e-02
1.166197999999999957e-01 2.263844283521732406e-02
1.166236999999999968e-01 2.263554529997667542e-02
1.166275999999999979e-01 2.263554529997667542e-02
1.166314999999999991e-01 2.259208227136688674e-02
1.166354000000000002e-01 2.259208227136688674e-02
1.166393000000000013e-01 2.255151677799775364e-02
1.166432000000000024e-01 2.250225867890666420e-02
1.166471000000000036e-01 2.248921977032372621e-02
1.166510000000000047e-01 2.236317698735534529e-02
1.166549000000000058e-01 2.230232874730164738e-02
1.166588000000000069e-01 2.218642733767554887e-02
1.166626999999999942e-01 2.204444811088358130e-02
1.166665999999999953e-01 2.197925356796890176e-02
1.166704999999999964e-01 2.195027821556237713e-02
1.166743999999999976e-01 2.185610832024117642e-02
1.166782999999999987e-01 2.184596694689889054e-02
1.166821999999999998e-01 2.174020691061507790e-02
1.166861000000000009e-01 2.163879317719224343e-02
1.166900000000000021e-01 2.163879317719224343e-02
1.166939000000000032e-01 2.159533014858245475e-02
1.166978000000000043e-01 2.156345726093527801e-02
1.167017000000000054e-01 2.144320954844820826e-02
1.167056000000000066e-01 2.132006430072047598e-02
1.167094999999999938e-01 2.126356236352775625e-02
1.167133999999999949e-01 2.119981658823340276e-02
1.167172999999999961e-01 2.114186588342035350e-02
1.167211999999999972e-01 2.076083999927455861e-02
1.167250999999999983e-01 2.061161693438096423e-02
1.167289999999999994e-01 2.038271165036941932e-02
1.167329000000000006e-01 2.032620971317669958e-02
1.167368000000000017e-01 2.025666886740104186e-02
1.167407000000000028e-01 2.015090883111722922e-02
1.167446000000000039e-01 2.014221622539526940e-02
1.167485000000000051e-01 2.011034333774809613e-02
1.167524000000000062e-01 1.971338100977871113e-02
1.167563000000000073e-01 1.966267414306729563e-02
1.167601999999999945e-01 1.956270917726478722e-02
1.167640999999999957e-01 1.952648998675663231e-02
1.167679999999999968e-01 1.942652502095412390e-02
1.167718999999999979e-01 1.939320336568662109e-02
1.167757999999999990e-01 1.907737202445550923e-02
1.167797000000000002e-01 1.895422677672777695e-02
1.167836000000000013e-01 1.887889086047081846e-02
1.167875000000000024e-01 1.882094015565776574e-02
1.167914000000000035e-01 1.873256533081786926e-02
1.167953000000000047e-01 1.866737078790318971e-02
1.167992000000000058e-01 1.848917237060306723e-02
1.168031000000000069e-01 1.845440194771523490e-02
1.168069999999999942e-01 1.824288187514760962e-02
1.168108999999999953e-01 1.810380018359629764e-02
1.168147999999999964e-01 1.787199736434410061e-02
1.168186999999999975e-01 1.777348116616191825e-02
1.168225999999999987e-01 1.757500000217722749e-02
1.168264999999999998e-01 1.753443450880809440e-02
1.168304000000000009e-01 1.747793257161537467e-02
1.168343000000000020e-01 1.725627112570546351e-02
1.168382000000000032e-01 1.719687165327208819e-02
1.168421000000000043e-01 1.710270175795088402e-02
1.168460000000000054e-01 1.701287816549066148e-02
1.168499000000000065e-01 1.697376143974185098e-02
1.168538000000000077e-01 1.689263045300358479e-02
1.168576999999999949e-01 1.686510386821738969e-02
1.168615999999999960e-01 1.684771865677347352e-02
1.168654999999999972e-01 1.680715316340434043e-02
1.168693999999999983e-01 1.668255914805628556e-02
1.168732999999999994e-01 1.653478485078301030e-02
1.168772000000000005e-01 1.641019083543495891e-02
1.168811000000000017e-01 1.638411301826908639e-02
1.168850000000000028e-01 1.605379400083471048e-02
1.168889000000000039e-01 1.596397040837448794e-02
1.168928000000000050e-01 1.583213255492479932e-02
1.168967000000000062e-01 1.583213255492479932e-02
1.169006000000000073e-01 1.576548924438979371e-02
1.169044999999999945e-01 1.564089522904174231e-02
1.169083999999999957e-01 1.557135438326608459e-02
1.169122999999999968e-01 1.556700808040510642e-02
1.169161999999999979e-01 1.555396917182216843e-02
1.169200999999999990e-01 1.551919874893434130e-02
1.169240000000000002e-01 1.524248413345203473e-02
1.169279000000000013e-01 1.518598219625931327e-02
1.169318000000000024e-01 1.511644135048365381e-02
1.169357000000000035e-01 1.506718325139256263e-02
1.169396000000000047e-01 1.495707691224777008e-02
1.169435000000000058e-01 1.478901986828993001e-02
1.169474000000000069e-01 1.476583958636471308e-02
1.169512999999999942e-01 1.474265930443949268e-02
1.169551999999999953e-01 1.471947902251427402e-02
1.169590999999999964e-01 1.455576828141741212e-02
1.169629999999999975e-01 1.454997321093610789e-02
1.169668999999999986e-01 1.449781757660436286e-02
1.169707999999999998e-01 1.420806405253912177e-02
1.169747000000000009e-01 1.406318729050650210e-02
1.169786000000000020e-01 1.397626123328692821e-02
1.169825000000000031e-01 1.397046616280562398e-02
1.169864000000000043e-01 1.389223271130800817e-02
1.169903000000000054e-01 1.368650770922168712e-02
1.169942000000000065e-01 1.358074767293787448e-02
1.169980999999999938e-01 1.323594097930023625e-02
1.170019999999999949e-01 1.322000453547664788e-02
1.170058999999999960e-01 1.311569326681316129e-02
1.170097999999999971e-01 1.311424449919283523e-02
1.170136999999999983e-01 1.308237161154565849e-02
1.170175999999999994e-01 1.303166474483424125e-02
1.170215000000000005e-01 1.299254801908543422e-02
1.170254000000000016e-01 1.259123938825507279e-02
1.170293000000000028e-01 1.258689308539409461e-02
1.170332000000000039e-01 1.258544431777376855e-02
1.170371000000000050e-01 1.246954290814767177e-02
1.170410000000000061e-01 1.246809414052734571e-02
1.170449000000000073e-01 1.236088533662320701e-02
1.170487999999999945e-01 1.229858832894917958e-02
1.170526999999999956e-01 1.221455980697025955e-02
1.170565999999999968e-01 1.200883480488393849e-02
1.170604999999999979e-01 1.195088410007088923e-02
1.170643999999999990e-01 1.186685557809196920e-02
1.170683000000000001e-01 1.186540681047164487e-02
1.170722000000000013e-01 1.185671420474968506e-02
1.170761000000000024e-01 1.183788022568544457e-02
1.170800000000000035e-01 1.179441719707565936e-02
1.170839000000000046e-01 1.173936402750326222e-02
1.170878000000000058e-01 1.171038867509673932e-02
1.170917000000000069e-01 1.154378039875922704e-02
1.170955999999999941e-01 1.150176613776976615e-02
1.170994999999999953e-01 1.147858585584454576e-02
1.171033999999999964e-01 1.139165979862497360e-02
1.171072999999999975e-01 1.138876226338432149e-02
1.171111999999999986e-01 1.138151842528268946e-02
1.171150999999999998e-01 1.122215398704680747e-02
1.171190000000000009e-01 1.110915011266136281e-02
1.171229000000000020e-01 1.094833690680515476e-02
1.171268000000000031e-01 1.093095169536123859e-02
1.171307000000000043e-01 1.090197634295471570e-02
1.171346000000000054e-01 1.089038620199210550e-02
1.171385000000000065e-01 1.077883109522698862e-02
1.171424000000000076e-01 1.069480257324806685e-02
1.171462999999999949e-01 1.063830063605534539e-02
1.171501999999999960e-01 1.054123320549348909e-02
1.171540999999999971e-01 1.052095045880892255e-02
1.171579999999999983e-01 1.050211647974468206e-02
1.171618999999999994e-01 1.044126823969098242e-02
1.171658000000000005e-01 1.044126823969098242e-02
1.171697000000000016e-01 1.040939535204380394e-02
1.171736000000000028e-01 1.021960679378107126e-02
1.171775000000000039e-01 1.014861718038508748e-02
1.171814000000000050e-01 1.011964182797856285e-02
1.171853000000000061e-01 1.005154974982323118e-02
1.171892000000000073e-01 9.987803974528877693e-03
1.171930999999999945e-01 9.887839008726371018e-03
1.171969999999999956e-01 9.825542001052343585e-03
1.172008999999999967e-01 9.787874042923860873e-03
1.172047999999999979e-01 9.770488831479948177e-03
1.172086999999999990e-01 9.761796225757988360e-03
1.172126000000000001e-01 9.706743056185592952e-03
1.172165000000000012e-01 9.638650978030261288e-03
1.172204000000000024e-01 9.483632842655359205e-03
1.172243000000000035e-01 9.453208722628506783e-03
1.172282000000000046e-01 9.422784602601656095e-03
1.172321000000000057e-01 9.331512242521105768e-03
1.172360000000000069e-01 9.331512242521105768e-03
1.172398999999999941e-01 9.296741819633276907e-03
1.172437999999999952e-01 9.293844284392623056e-03
1.172476999999999964e-01 9.263420164365772369e-03
1.172515999999999975e-01 9.261971396745448046e-03
1.172554999999999986e-01 9.227200973857617450e-03
1.172593999999999997e-01 9.218508368135661102e-03
1.172633000000000009e-01 9.154762592841309346e-03
1.172672000000000020e-01 9.082324211824997773e-03
1.172711000000000031e-01 9.067836535621737193e-03
1.172750000000000042e-01 9.037412415594886506e-03
1.172789000000000054e-01 9.021475971771298133e-03
1.172828000000000065e-01 9.001193225086731586e-03
1.172867000000000076e-01 8.853418927813456324e-03
1.172905999999999949e-01 8.837482483989869686e-03
1.172944999999999960e-01 8.824443575406933429e-03
1.172983999999999971e-01 8.776634243936168311e-03
1.173022999999999982e-01 8.711439701021488763e-03
1.173061999999999994e-01 8.689708186716596158e-03
1.173101000000000005e-01 8.681015580994638076e-03
1.173140000000000016e-01 8.598435826636044096e-03
1.173179000000000027e-01 8.562216636127889177e-03
1.173218000000000039e-01 8.520202375138428291e-03
1.173257000000000050e-01 8.515856072277450117e-03
1.173296000000000061e-01 8.389813289309070929e-03
1.173335000000000072e-01 8.370979310244830440e-03
1.173373999999999945e-01 8.357940401661894184e-03
1.173412999999999956e-01 8.331862584496021670e-03
1.173451999999999967e-01 8.330413816875695612e-03
1.173490999999999979e-01 8.284053253025258287e-03
1.173529999999999990e-01 8.263770506340690006e-03
1.173569000000000001e-01 8.244936527276449517e-03
1.173608000000000012e-01 8.159459237677203422e-03
1.173647000000000024e-01 8.153664167195897455e-03
1.173686000000000035e-01 8.059494271874695012e-03
1.173725000000000046e-01 8.005889869922625662e-03
1.173764000000000057e-01 7.950836700350230254e-03
1.173803000000000069e-01 7.888539692676202822e-03
1.173841999999999941e-01 7.772638283050106039e-03
1.173880999999999952e-01 7.772638283050106039e-03
1.173919999999999964e-01 7.769740747809453923e-03
1.173958999999999975e-01 7.743662930643581410e-03
1.173997999999999986e-01 7.716136345857383706e-03
1.174036999999999997e-01 7.662531943905314356e-03
1.174076000000000009e-01 7.597337400990634808e-03
1.174115000000000020e-01 7.568362048584110179e-03
1.174154000000000031e-01 7.535040393316607375e-03
1.174193000000000042e-01 7.500269970428778514e-03
1.174232000000000053e-01 7.466948315161275711e-03
1.174271000000000065e-01 7.414792680829532419e-03
1.174310000000000076e-01 7.407548842727901262e-03
1.174348999999999948e-01 7.407548842727901262e-03
1.174387999999999960e-01 7.330764158850612382e-03
1.174426999999999971e-01 7.217760284465167715e-03
1.174465999999999982e-01 7.214862749224515599e-03
1.174504999999999993e-01 7.158360812031793266e-03
1.174544000000000005e-01 7.107653945320376032e-03
1.174583000000000016e-01 7.107653945320376032e-03
1.174622000000000027e-01 7.033766796683740136e-03
1.174661000000000038e-01 6.930904295640578743e-03
1.174700000000000050e-01 6.887441267030792666e-03
1.174739000000000061e-01 6.842529470800680531e-03
1.174778000000000072e-01 6.842529470800680531e-03
1.174816999999999945e-01 6.830939329838070333e-03
1.174855999999999956e-01 6.830939329838070333e-03
1.174894999999999967e-01 6.804861512672198687e-03
1.174933999999999978e-01 6.804861512672198687e-03
1.174972999999999990e-01 6.712140384971322302e-03
1.175012000000000001e-01 6.706345314490017202e-03
1.175051000000000012e-01 6.693306405907080946e-03
1.175090000000000023e-01 6.652740912537946985e-03
1.175129000000000035e-01 6.613624186789139950e-03
1.175168000000000046e-01 6.552775946735439443e-03
1.175207000000000057e-01 6.552775946735439443e-03
1.175246000000000068e-01 6.477440030478475753e-03
1.175284999999999941e-01 6.477440030478475753e-03
1.175323999999999952e-01 6.444118375210972950e-03
1.175362999999999963e-01 6.418040558045101304e-03
1.175401999999999975e-01 6.416591790424775246e-03
1.175440999999999986e-01 6.370231226574336186e-03
1.175479999999999997e-01 6.315178057001939911e-03
1.175519000000000008e-01 6.300690380798678464e-03
1.175558000000000020e-01 6.232598302643346799e-03
1.175597000000000031e-01 6.232598302643346799e-03
1.175636000000000042e-01 6.232598302643346799e-03
1.175675000000000053e-01 6.229700767402694683e-03
1.175714000000000065e-01 6.229700767402694683e-03
1.175753000000000076e-01 6.229700767402694683e-03
1.175791999999999948e-01 6.158711154006710903e-03
1.175830999999999960e-01 6.122491963498555116e-03
1.175869999999999971e-01 6.112350590156271843e-03
1.175908999999999982e-01 6.110901822535944918e-03
1.175947999999999993e-01 6.110901822535944918e-03
1.175987000000000005e-01 6.110901822535944918e-03
1.176026000000000016e-01 6.087721540610726255e-03
1.176065000000000027e-01 6.080477702509095098e-03
1.176104000000000038e-01 6.058746188204202493e-03
1.176143000000000050e-01 6.032668371038329980e-03
1.176182000000000061e-01 6.032668371038329980e-03
1.176221000000000072e-01 5.937049708096800611e-03
1.176259999999999944e-01 5.937049708096800611e-03
1.176298999999999956e-01 5.903728052829297808e-03
1.176337999999999967e-01 5.896484214727666651e-03
1.176376999999999978e-01 5.884894073765056452e-03
1.176415999999999989e-01 5.867508862321142021e-03
1.176455000000000001e-01 5.824045833711355945e-03
1.176494000000000012e-01 5.815353227989399597e-03
1.176533000000000023e-01 5.795070481304831315e-03
1.176572000000000034e-01 5.779134037481243810e-03
1.176611000000000046e-01 5.742914846973088891e-03
1.176650000000000057e-01 5.722632100288521477e-03
1.176689000000000068e-01 5.715388262186891187e-03
1.176727999999999941e-01 5.708144424085259162e-03
1.176766999999999952e-01 5.629910972587644225e-03
1.176805999999999963e-01 5.629910972587644225e-03
1.176844999999999974e-01 5.629910972587644225e-03
1.176883999999999986e-01 5.629910972587644225e-03
1.176922999999999997e-01 5.571960267774596701e-03
1.176962000000000008e-01 5.531394774405461873e-03
1.177001000000000019e-01 5.525599703924157641e-03
1.177040000000000031e-01 5.471995301972088291e-03
1.177079000000000042e-01 5.471995301972088291e-03
1.177118000000000053e-01 5.471995301972088291e-03
1.177157000000000064e-01 5.419839667640344132e-03
1.177196000000000076e-01 5.419839667640344132e-03
1.177234999999999948e-01 5.403903223816755759e-03
1.177273999999999959e-01 5.396659385715124602e-03
1.177312999999999971e-01 5.253231391302830115e-03
1.177351999999999982e-01 5.189485616008477492e-03
1.177390999999999993e-01 5.188036848388150567e-03
1.177430000000000004e-01 5.177895475045867293e-03
1.177469000000000016e-01 5.102559558788904472e-03
1.177508000000000027e-01 5.102559558788904472e-03
1.177547000000000038e-01 4.973619240579872300e-03
1.177586000000000049e-01 4.849025225231818302e-03
1.177625000000000061e-01 4.849025225231818302e-03
1.177664000000000072e-01 4.849025225231818302e-03
1.177702999999999944e-01 4.849025225231818302e-03
1.177741999999999956e-01 4.827293710926924830e-03
1.177780999999999967e-01 4.822947408065946656e-03
1.177819999999999978e-01 4.814254802343989441e-03
1.177858999999999989e-01 4.799767126140727126e-03
1.177898000000000001e-01 4.764996703252897398e-03
1.177937000000000012e-01 4.762099168012246149e-03
1.177976000000000023e-01 4.762099168012246149e-03
1.178015000000000034e-01 4.721533674643111321e-03
1.178054000000000046e-01 4.721533674643111321e-03
1.178093000000000057e-01 4.688212019375608518e-03
1.178132000000000068e-01 4.662134202209737739e-03
1.178171000000000079e-01 4.662134202209737739e-03
1.178209999999999952e-01 4.650544061247127541e-03
1.178248999999999963e-01 4.649095293626801483e-03
1.178287999999999974e-01 4.649095293626801483e-03
1.178326999999999986e-01 4.608529800257668389e-03
1.178365999999999997e-01 4.596939659295058191e-03
1.178405000000000008e-01 4.595490891674732133e-03
1.178444000000000019e-01 4.583900750712121934e-03
1.178483000000000031e-01 4.549130327824293073e-03
1.178522000000000042e-01 4.549130327824293073e-03
1.178561000000000053e-01 4.528847581139726526e-03
1.178600000000000064e-01 4.521603743038094501e-03
1.178639000000000076e-01 4.489730855390918624e-03
1.178677999999999948e-01 4.467999341086025152e-03
1.178716999999999959e-01 4.467999341086025152e-03
1.178755999999999970e-01 4.439023988679501390e-03
1.178794999999999982e-01 4.439023988679501390e-03
1.178833999999999993e-01 4.428882615337218116e-03
1.178873000000000004e-01 4.415843706754281860e-03
1.178912000000000015e-01 4.407151101032324644e-03
1.178951000000000027e-01 4.301391064748511135e-03
1.178990000000000038e-01 4.291249691406227862e-03
1.179029000000000049e-01 4.282557085684270647e-03
1.179068000000000060e-01 4.282557085684270647e-03
1.179107000000000072e-01 4.249235430416767843e-03
1.179145999999999944e-01 4.239094057074484570e-03
1.179184999999999955e-01 4.239094057074484570e-03
1.179223999999999967e-01 4.234747754213505529e-03
1.179262999999999978e-01 4.191284725603719452e-03
1.179301999999999989e-01 4.166655676058173864e-03
1.179341000000000000e-01 4.153616767475238475e-03
1.179380000000000012e-01 4.137680323651650102e-03
1.179419000000000023e-01 4.133334020790671061e-03
1.179458000000000034e-01 4.130436485550018945e-03
1.179497000000000045e-01 4.130436485550018945e-03
1.179536000000000057e-01 4.072485780736970554e-03
1.179575000000000068e-01 4.062344407394687280e-03
1.179613999999999940e-01 4.049305498811751024e-03
1.179652999999999952e-01 4.036266590228815634e-03
1.179691999999999963e-01 4.024676449266205436e-03
1.179730999999999974e-01 3.973969582554789069e-03
1.179769999999999985e-01 3.930506553945002125e-03
1.179808999999999997e-01 3.914570110121413753e-03
1.179848000000000008e-01 3.914570110121413753e-03
1.179887000000000019e-01 3.910223807260435579e-03
1.179926000000000030e-01 3.910223807260435579e-03
1.179965000000000042e-01 3.910223807260435579e-03
1.180004000000000053e-01 3.885594757714889557e-03
1.180043000000000064e-01 3.885594757714889557e-03
1.180082000000000075e-01 3.849375567206735071e-03
1.180120999999999948e-01 3.847926799586408580e-03
1.180159999999999959e-01 3.847926799586408580e-03
1.180198999999999970e-01 3.821848982420536500e-03
1.180237999999999982e-01 3.805912538596948128e-03
1.180276999999999993e-01 3.805912538596948128e-03
1.180316000000000004e-01 3.747961833783900170e-03
1.180355000000000015e-01 3.747961833783900170e-03
1.180394000000000027e-01 3.737820460441616897e-03
1.180433000000000038e-01 3.737820460441616897e-03
1.180472000000000049e-01 3.729127854719659248e-03
1.180511000000000060e-01 3.708845108035092267e-03
1.180550000000000072e-01 3.708845108035092267e-03
1.180588999999999944e-01 3.695806199452156444e-03
1.180627999999999955e-01 3.695806199452156444e-03
1.180666999999999967e-01 3.663933311804980133e-03
1.180705999999999978e-01 3.663933311804980133e-03
1.180744999999999989e-01 3.619021515574867565e-03
1.180784000000000000e-01 3.619021515574867565e-03
1.180823000000000012e-01 3.613226445093562899e-03
1.180862000000000023e-01 3.605982606991931308e-03
1.180901000000000034e-01 3.601636304130953134e-03
1.180940000000000045e-01 3.579904789826060096e-03
1.180979000000000056e-01 3.577007254585407546e-03
1.181018000000000068e-01 3.577007254585407546e-03
1.181057000000000079e-01 3.545134366938230801e-03
1.181095999999999951e-01 3.540788064077252193e-03
1.181134999999999963e-01 3.523402852633337762e-03
1.181173999999999974e-01 3.494427500226814001e-03
1.181212999999999985e-01 3.494427500226814001e-03
1.181251999999999996e-01 3.492978732606487509e-03
1.181291000000000008e-01 3.492978732606487509e-03
1.181330000000000019e-01 3.485734894504856352e-03
1.181369000000000030e-01 3.485734894504856352e-03
1.181408000000000041e-01 3.482837359264204236e-03
1.181447000000000053e-01 3.227854258086791574e-03
1.181486000000000064e-01 3.200327673300593437e-03
1.181525000000000075e-01 3.188737532337983672e-03
1.181563999999999948e-01 3.161210947551785968e-03
1.181602999999999959e-01 3.153967109450154811e-03
1.181641999999999970e-01 3.153967109450154811e-03
1.181680999999999981e-01 3.153967109450154811e-03
1.181719999999999993e-01 3.071387355091561265e-03
1.181759000000000004e-01 3.071387355091561265e-03
1.181798000000000015e-01 3.069938587471234773e-03
1.181837000000000026e-01 3.069938587471234773e-03
1.181876000000000038e-01 3.069938587471234773e-03
1.181915000000000049e-01 3.069938587471234773e-03
1.181954000000000060e-01 3.058348446508625008e-03
1.181993000000000071e-01 2.990256368353293344e-03
1.182031999999999944e-01 2.984461297871988678e-03
1.182070999999999955e-01 2.984461297871988678e-03
1.182109999999999966e-01 2.969973621668726364e-03
1.182148999999999978e-01 2.969973621668726364e-03
1.182187999999999989e-01 2.949690874984159817e-03
1.182227000000000000e-01 2.949690874984159817e-03
1.182266000000000011e-01 2.948242107363833325e-03
1.182305000000000023e-01 2.930856895919918461e-03
1.182344000000000034e-01 2.914920452096330522e-03
1.182383000000000045e-01 2.880150029208501661e-03
1.182422000000000056e-01 2.846828373940998858e-03
1.182461000000000068e-01 2.845379606320672366e-03
1.182499999999999940e-01 2.845379606320672366e-03
1.182538999999999951e-01 2.823648092015779328e-03
1.182577999999999963e-01 2.822199324395453270e-03
1.182616999999999974e-01 2.822199324395453270e-03
1.182655999999999985e-01 2.817853021534474662e-03
1.182694999999999996e-01 2.799019042470233740e-03
1.182734000000000008e-01 2.775838760545014210e-03
1.182773000000000019e-01 2.774389992924688585e-03
1.182812000000000030e-01 2.758453549101100213e-03
1.182851000000000041e-01 2.714990520491313702e-03
1.182890000000000053e-01 2.713541752870987644e-03
1.182929000000000064e-01 2.671527491881527626e-03
1.182968000000000075e-01 2.671527491881527626e-03
1.183006999999999947e-01 2.662834886159570411e-03
1.183045999999999959e-01 2.651244745196960646e-03
1.183084999999999970e-01 2.648347209956308096e-03
1.183123999999999981e-01 2.645449674715655546e-03
1.183162999999999992e-01 2.564318687977388492e-03
1.183202000000000004e-01 2.564318687977388492e-03
1.183241000000000015e-01 2.564318687977388492e-03
1.183280000000000026e-01 2.564318687977388492e-03
1.183319000000000037e-01 2.522304426987928040e-03
1.183358000000000049e-01 2.510714286025318275e-03
1.183397000000000060e-01 2.510714286025318275e-03
1.183436000000000071e-01 2.510714286025318275e-03
1.183474999999999944e-01 2.502021680303361060e-03
1.183513999999999955e-01 2.499124145062708510e-03
1.183552999999999966e-01 2.497675377442382886e-03
1.183591999999999977e-01 2.455661116452922434e-03
1.183630999999999989e-01 2.442622207869987044e-03
1.183670000000000000e-01 2.442622207869987044e-03
1.183709000000000011e-01 2.442622207869987044e-03
1.183748000000000022e-01 2.432480834527702904e-03
1.183787000000000034e-01 2.426685764046398238e-03
1.183826000000000045e-01 2.420890693565094006e-03
1.183865000000000056e-01 2.419441925944767514e-03
1.183904000000000067e-01 2.393364108778895435e-03
1.183943000000000079e-01 2.319476960142259105e-03
1.183981999999999951e-01 2.319476960142259105e-03
1.184020999999999962e-01 2.319476960142259105e-03
1.184059999999999974e-01 2.319476960142259105e-03
1.184098999999999985e-01 2.304989283938996790e-03
1.184137999999999996e-01 2.304989283938996790e-03
1.184177000000000007e-01 2.304989283938996790e-03
1.184216000000000019e-01 2.304989283938996790e-03
1.184255000000000030e-01 2.274565163912146536e-03
1.184294000000000041e-01 2.274565163912146536e-03
1.184333000000000052e-01 2.274565163912146536e-03
1.184372000000000064e-01 2.261526255329210713e-03
1.184411000000000075e-01 2.228204600061707910e-03
1.184449999999999947e-01 2.228204600061707910e-03
1.184488999999999959e-01 2.228204600061707910e-03
1.184527999999999970e-01 2.219511994339750695e-03
1.184566999999999981e-01 2.213716923858446029e-03
1.184605999999999992e-01 2.213716923858446029e-03
1.184645000000000004e-01 2.213716923858446029e-03
1.184684000000000015e-01 2.213716923858446029e-03
1.184723000000000026e-01 2.207921853377140930e-03
1.184762000000000037e-01 2.207921853377140930e-03
1.184801000000000049e-01 2.207921853377140930e-03
1.184840000000000060e-01 2.207921853377140930e-03
1.184879000000000071e-01 2.207921853377140930e-03
1.184917999999999944e-01 2.151419916184419030e-03
1.184956999999999955e-01 2.142727310462461815e-03
1.184995999999999966e-01 2.073186464686803659e-03
1.185034999999999977e-01 1.989157942707883622e-03
1.185073999999999989e-01 1.989157942707883622e-03
1.185113000000000000e-01 1.989157942707883622e-03
1.185152000000000011e-01 1.950041216959075936e-03
1.185191000000000022e-01 1.944246146477771053e-03
1.185230000000000034e-01 1.937002308376140113e-03
1.185269000000000045e-01 1.931207237894835230e-03
1.185308000000000056e-01 1.931207237894835230e-03
1.185347000000000067e-01 1.928309702654182898e-03
1.185385999999999940e-01 1.925412167413530348e-03
1.185424999999999951e-01 1.922514632172878015e-03
1.185463999999999962e-01 1.922514632172878015e-03
1.185502999999999973e-01 1.910924491210268250e-03
1.185541999999999985e-01 1.868910230220808448e-03
1.185580999999999996e-01 1.852973786397219859e-03
1.185620000000000007e-01 1.844281180675262860e-03
1.185659000000000018e-01 1.826895969231348213e-03
1.185698000000000030e-01 1.826895969231348213e-03
1.185737000000000041e-01 1.826895969231348213e-03
1.185776000000000052e-01 1.821100898750043330e-03
1.185815000000000063e-01 1.802266919685802842e-03
1.185854000000000075e-01 1.784881708241888411e-03
1.185892999999999947e-01 1.784881708241888411e-03
1.185931999999999958e-01 1.784881708241888411e-03
1.185970999999999970e-01 1.784881708241888411e-03
1.186009999999999981e-01 1.784881708241888411e-03
1.186048999999999992e-01 1.781984173001235862e-03
1.186088000000000003e-01 1.781984173001235862e-03
1.186127000000000015e-01 1.781984173001235862e-03
1.186166000000000026e-01 1.781984173001235862e-03
1.186205000000000037e-01 1.781984173001235862e-03
1.186244000000000048e-01 1.773291567279278646e-03
1.186283000000000060e-01 1.771842799658952371e-03
1.186322000000000071e-01 1.770394032038626097e-03
1.186360999999999943e-01 1.770394032038626097e-03
1.186399999999999955e-01 1.770394032038626097e-03
1.186438999999999966e-01 1.770394032038626097e-03
1.186477999999999977e-01 1.770394032038626097e-03
1.186516999999999988e-01 1.732726073910144686e-03
1.186556000000000000e-01 1.724033468188187687e-03
1.186595000000000011e-01 1.721135932947535137e-03
1.186634000000000022e-01 1.703750721503620490e-03
1.186673000000000033e-01 1.700853186262968157e-03
1.186712000000000045e-01 1.700853186262968157e-03
1.186751000000000056e-01 1.684916742439380001e-03
1.186790000000000067e-01 1.684916742439380001e-03
1.186829000000000078e-01 1.684916742439380001e-03
1.186867999999999951e-01 1.668980298615791629e-03
1.186906999999999962e-01 1.668980298615791629e-03
1.186945999999999973e-01 1.668980298615791629e-03
1.186984999999999985e-01 1.634209875727962551e-03
1.187023999999999996e-01 1.634209875727962551e-03
1.187063000000000007e-01 1.624068502385679277e-03
1.187102000000000018e-01 1.599439452840133689e-03
1.187141000000000030e-01 1.593644382358828807e-03
1.187180000000000041e-01 1.593644382358828807e-03
1.187219000000000052e-01 1.593644382358828807e-03
1.187258000000000063e-01 1.593644382358828807e-03
1.187297000000000075e-01 1.586400544257197866e-03
1.187335999999999947e-01 1.574810403294588101e-03
1.187374999999999958e-01 1.574810403294588101e-03
1.187413999999999970e-01 1.550181353749042514e-03
1.187452999999999981e-01 1.550181353749042514e-03
1.187491999999999992e-01 1.522654768962844593e-03
1.187531000000000003e-01 1.515410930861213435e-03
1.187570000000000014e-01 1.515410930861213435e-03
1.187609000000000026e-01 1.515410930861213435e-03
1.187648000000000037e-01 1.515410930861213435e-03
1.187687000000000048e-01 1.515410930861213435e-03
1.187726000000000059e-01 1.495128184176646672e-03
1.187765000000000071e-01 1.495128184176646672e-03
1.187804000000000082e-01 1.470499134631101301e-03
1.187842999999999954e-01 1.470499134631101301e-03
1.187881999999999966e-01 1.470499134631101301e-03
1.187920999999999977e-01 1.464704064149796418e-03
1.187959999999999988e-01 1.464704064149796418e-03
1.187998999999999999e-01 1.464704064149796418e-03
1.188038000000000011e-01 1.458908993668491536e-03
1.188077000000000022e-01 1.450216387946534104e-03
1.188116000000000033e-01 1.450216387946534104e-03
1.188155000000000044e-01 1.399509521235116870e-03
1.188194000000000056e-01 1.399509521235116870e-03
1.188233000000000067e-01 1.399509521235116870e-03
1.188272000000000078e-01 1.399509521235116870e-03
1.188310999999999951e-01 1.399509521235116870e-03
1.188349999999999962e-01 1.399509521235116870e-03
1.188388999999999973e-01 1.385021845031854772e-03
1.188427999999999984e-01 1.385021845031854772e-03
1.188466999999999996e-01 1.385021845031854772e-03
1.188506000000000007e-01 1.385021845031854772e-03
1.188545000000000018e-01 1.385021845031854772e-03
1.188584000000000029e-01 1.380675542170876381e-03
1.188623000000000041e-01 1.350251422144025911e-03
1.188662000000000052e-01 1.340110048801742421e-03
1.188701000000000063e-01 1.340110048801742421e-03
1.188740000000000074e-01 1.340110048801742421e-03
1.188778999999999947e-01 1.338661281181416146e-03
1.188817999999999958e-01 1.338661281181416146e-03
1.188856999999999969e-01 1.338661281181416146e-03
1.188895999999999981e-01 1.319827302117175657e-03
1.188934999999999992e-01 1.319827302117175657e-03
1.188974000000000003e-01 1.319827302117175657e-03
1.189013000000000014e-01 1.316929766876523107e-03
1.189052000000000026e-01 1.316929766876523107e-03
1.189091000000000037e-01 1.316929766876523107e-03
1.189130000000000048e-01 1.316929766876523107e-03
1.189169000000000059e-01 1.303890858293587285e-03
1.189208000000000071e-01 1.303890858293587285e-03
1.189246999999999943e-01 1.303890858293587285e-03
1.189285999999999954e-01 1.303890858293587285e-03
1.189324999999999966e-01 1.299544555432608460e-03
1.189363999999999977e-01 1.282159343988694246e-03
1.189402999999999988e-01 1.282159343988694246e-03
1.189441999999999999e-01 1.244491385860212618e-03
1.189481000000000011e-01 1.230003709656950521e-03
1.189520000000000022e-01 1.205374660111404933e-03
1.189559000000000033e-01 1.205374660111404933e-03
1.189598000000000044e-01 1.205374660111404933e-03
1.189637000000000056e-01 1.205374660111404933e-03
1.189676000000000067e-01 1.205374660111404933e-03
1.189715000000000078e-01 1.203925892491078875e-03
1.189753999999999950e-01 1.203925892491078875e-03
1.189792999999999962e-01 1.203925892491078875e-03
1.189831999999999973e-01 1.203925892491078875e-03
1.189870999999999984e-01 1.203925892491078875e-03
1.189909999999999995e-01 1.183643145806511894e-03
1.189949000000000007e-01 1.183643145806511894e-03
1.189988000000000018e-01 1.182194378186185836e-03
1.190027000000000029e-01 1.182194378186185836e-03
1.190066000000000040e-01 1.182194378186185836e-03
1.190105000000000052e-01 1.182194378186185836e-03
1.190144000000000063e-01 1.180745610565859562e-03
1.190183000000000074e-01 1.179296842945533287e-03
1.190221999999999947e-01 1.179296842945533287e-03
1.190260999999999958e-01 1.179296842945533287e-03
1.190299999999999969e-01 1.179296842945533287e-03
1.190338999999999980e-01 1.166257934362597247e-03
1.190377999999999992e-01 1.147423955298356758e-03
1.190417000000000003e-01 1.147423955298356758e-03
1.190456000000000014e-01 1.147423955298356758e-03
1.190495000000000025e-01 1.147423955298356758e-03
1.190534000000000037e-01 1.147423955298356758e-03
1.190573000000000048e-01 1.118448602891832563e-03
1.190612000000000059e-01 1.118448602891832563e-03
1.190651000000000070e-01 1.118448602891832563e-03
1.190690000000000082e-01 1.112653532410527680e-03
1.190728999999999954e-01 1.105409694308896740e-03
1.190767999999999965e-01 1.105409694308896740e-03
1.190806999999999977e-01 1.105409694308896740e-03
1.190845999999999988e-01 1.103960926688570465e-03
1.190884999999999999e-01 1.103960926688570465e-03
1.190924000000000010e-01 1.103960926688570465e-03
1.190963000000000022e-01 1.103960926688570465e-03
1.191002000000000033e-01 1.099614623827591857e-03
1.191041000000000044e-01 1.096717088586939308e-03
1.191080000000000055e-01 1.096717088586939308e-03
1.191119000000000067e-01 1.096717088586939308e-03
1.191158000000000078e-01 1.096717088586939308e-03
1.191196999999999950e-01 1.089473250485308367e-03
1.191235999999999962e-01 1.089473250485308367e-03
1.191274999999999973e-01 1.089473250485308367e-03
1.191313999999999984e-01 1.089473250485308367e-03
1.191352999999999995e-01 1.089473250485308367e-03
1.191392000000000007e-01 1.089473250485308367e-03
1.191431000000000018e-01 1.089473250485308367e-03
1.191470000000000029e-01 1.089473250485308367e-03
1.191509000000000040e-01 1.089473250485308367e-03
1.191548000000000052e-01 1.089473250485308367e-03
1.191587000000000063e-01 1.088024482864982309e-03
1.191626000000000074e-01 1.088024482864982309e-03
1.191664999999999947e-01 1.080780644763351152e-03
1.191703999999999958e-01 1.080780644763351152e-03
1.191742999999999969e-01 1.080780644763351152e-03
1.191781999999999980e-01 1.080780644763351152e-03
1.191820999999999992e-01 1.079331877143025094e-03
1.191860000000000003e-01 1.059049130458458114e-03
1.191899000000000014e-01 1.053254059977153231e-03
1.191938000000000025e-01 1.053254059977153231e-03
1.191977000000000037e-01 1.046010221875522291e-03
1.192016000000000048e-01 1.046010221875522291e-03
1.192055000000000059e-01 1.046010221875522291e-03
1.192094000000000070e-01 1.046010221875522291e-03
1.192132999999999943e-01 1.024278707570629035e-03
1.192171999999999954e-01 9.982008904047573895e-04
1.192210999999999965e-01 9.750206084795379679e-04
1.192249999999999976e-01 9.750206084795379679e-04
1.192288999999999988e-01 9.634304675169283114e-04
1.192327999999999999e-01 9.634304675169283114e-04
1.192367000000000010e-01 9.634304675169283114e-04
1.192406000000000021e-01 9.634304675169283114e-04
1.192445000000000033e-01 9.634304675169283114e-04
1.192484000000000044e-01 9.634304675169283114e-04
1.192523000000000055e-01 9.634304675169283114e-04
1.192562000000000066e-01 9.634304675169283114e-04
1.192601000000000078e-01 9.634304675169283114e-04
1.192639999999999950e-01 9.532890941746449296e-04
1.192678999999999961e-01 9.532890941746449296e-04
1.192717999999999973e-01 9.532890941746449296e-04
1.192756999999999984e-01 9.503915589339924884e-04
1.192795999999999995e-01 9.503915589339924884e-04
1.192835000000000006e-01 9.489427913136662136e-04
1.192874000000000018e-01 9.489427913136662136e-04
1.192913000000000029e-01 9.445964884526876059e-04
1.192952000000000040e-01 9.445964884526876059e-04
1.192991000000000051e-01 9.445964884526876059e-04
1.193030000000000063e-01 9.445964884526876059e-04
1.193069000000000074e-01 9.431477208323613311e-04
1.193107999999999946e-01 9.431477208323613311e-04
1.193146999999999958e-01 9.431477208323613311e-04
1.193185999999999969e-01 9.431477208323613311e-04
1.193224999999999980e-01 9.431477208323613311e-04
1.193263999999999991e-01 9.431477208323613311e-04
1.193303000000000003e-01 9.431477208323613311e-04
1.193342000000000014e-01 9.301088122494255081e-04
1.193381000000000025e-01 9.301088122494255081e-04
1.193420000000000036e-01 9.301088122494255081e-04
1.193459000000000048e-01 9.301088122494255081e-04
1.193498000000000059e-01 9.301088122494255081e-04
1.193537000000000070e-01 9.301088122494255081e-04
1.193576000000000081e-01 9.301088122494255081e-04
1.193614999999999954e-01 9.301088122494255081e-04
1.193653999999999965e-01 9.301088122494255081e-04
1.193692999999999976e-01 9.301088122494255081e-04
1.193731999999999988e-01 9.112748331851848026e-04
1.193770999999999999e-01 9.112748331851848026e-04
1.193810000000000010e-01 9.112748331851848026e-04
1.193849000000000021e-01 9.112748331851848026e-04
1.193888000000000033e-01 9.112748331851848026e-04
1.193927000000000044e-01 9.112748331851848026e-04
1.193966000000000055e-01 9.098260655648585278e-04
1.194005000000000066e-01 9.098260655648585278e-04
1.194044000000000078e-01 9.083772979445324698e-04
1.194082999999999950e-01 8.518753607518102450e-04
1.194121999999999961e-01 8.446315226501793045e-04
1.194160999999999972e-01 8.446315226501793045e-04
1.194199999999999984e-01 8.446315226501793045e-04
1.194238999999999995e-01 8.446315226501793045e-04
1.194278000000000006e-01 8.446315226501793045e-04
1.194317000000000017e-01 8.446315226501793045e-04
1.194356000000000029e-01 8.446315226501793045e-04
1.194395000000000040e-01 8.373876845485482556e-04
1.194434000000000051e-01 8.373876845485482556e-04
1.194473000000000062e-01 8.373876845485482556e-04
1.194512000000000074e-01 8.344901493078958144e-04
1.194550999999999946e-01 8.344901493078958144e-04
1.194589999999999957e-01 8.344901493078958144e-04
1.194628999999999969e-01 8.142074026233289425e-04
1.194667999999999980e-01 8.142074026233289425e-04
1.194706999999999991e-01 8.142074026233289425e-04
1.194746000000000002e-01 8.142074026233289425e-04
1.194785000000000014e-01 8.142074026233289425e-04
1.194824000000000025e-01 8.142074026233289425e-04
1.194863000000000036e-01 8.142074026233289425e-04
1.194902000000000047e-01 8.069635645216978936e-04
1.194941000000000059e-01 8.069635645216978936e-04
1.194980000000000070e-01 8.069635645216978936e-04
1.195018999999999942e-01 8.069635645216978936e-04
1.195057999999999954e-01 8.069635645216978936e-04
1.195096999999999965e-01 8.069635645216978936e-04
1.195135999999999976e-01 8.069635645216978936e-04
1.195174999999999987e-01 8.069635645216978936e-04
1.195213999999999999e-01 8.069635645216978936e-04
1.195253000000000010e-01 8.069635645216978936e-04
1.195292000000000021e-01 7.808857473558261392e-04
1.195331000000000032e-01 7.808857473558261392e-04
1.195370000000000044e-01 7.808857473558261392e-04
1.195409000000000055e-01 7.808857473558261392e-04
1.195448000000000066e-01 7.808857473558261392e-04
1.195487000000000077e-01 7.808857473558261392e-04
1.195525999999999950e-01 7.808857473558261392e-04
1.195564999999999961e-01 7.808857473558261392e-04
1.195603999999999972e-01 7.808857473558261392e-04
1.195642999999999984e-01 7.808857473558261392e-04
1.195681999999999995e-01 7.808857473558261392e-04
1.195721000000000006e-01 7.808857473558261392e-04
1.195760000000000017e-01 7.678468387728903163e-04
1.195799000000000029e-01 7.678468387728903163e-04
1.195838000000000040e-01 7.678468387728903163e-04
1.195877000000000051e-01 7.678468387728903163e-04
1.195916000000000062e-01 7.577054654306067177e-04
1.195955000000000074e-01 7.577054654306067177e-04
1.195993999999999946e-01 7.577054654306067177e-04
1.196032999999999957e-01 7.577054654306067177e-04
1.196071999999999969e-01 7.577054654306067177e-04
1.196110999999999980e-01 7.577054654306067177e-04
1.196149999999999991e-01 7.171399720614729740e-04
1.196189000000000002e-01 7.171399720614729740e-04
1.196228000000000014e-01 7.171399720614729740e-04
1.196267000000000025e-01 7.142424368208205327e-04
1.196306000000000036e-01 7.142424368208205327e-04
1.196345000000000047e-01 7.026522958582108761e-04
1.196384000000000059e-01 7.026522958582108761e-04
1.196423000000000070e-01 6.809207815533177294e-04
1.196462000000000081e-01 6.809207815533177294e-04
1.196500999999999953e-01 6.722281758313605141e-04
1.196539999999999965e-01 6.722281758313605141e-04
1.196578999999999976e-01 6.722281758313605141e-04
1.196617999999999987e-01 6.707794082110343477e-04
1.196656999999999998e-01 6.707794082110343477e-04
1.196696000000000010e-01 6.707794082110343477e-04
1.196735000000000021e-01 6.707794082110343477e-04
1.196774000000000032e-01 6.707794082110343477e-04
1.196813000000000043e-01 6.707794082110343477e-04
1.196852000000000055e-01 6.707794082110343477e-04
1.196891000000000066e-01 6.707794082110343477e-04
1.196930000000000077e-01 6.693306405907080729e-04
1.196968999999999950e-01 6.693306405907080729e-04
1.197007999999999961e-01 6.693306405907080729e-04
1.197046999999999972e-01 6.678818729703819065e-04
1.197085999999999983e-01 6.678818729703819065e-04
1.197124999999999995e-01 6.678818729703819065e-04
1.197164000000000006e-01 6.678818729703819065e-04
1.197203000000000017e-01 6.678818729703819065e-04
1.197242000000000028e-01 6.504966615264673674e-04
1.197281000000000040e-01 6.504966615264673674e-04
1.197320000000000051e-01 6.360089853232052696e-04
1.197359000000000062e-01 6.360089853232052696e-04
1.197398000000000073e-01 6.360089853232052696e-04
1.197436999999999946e-01 6.316626824622266620e-04
1.197475999999999957e-01 6.316626824622266620e-04
1.197514999999999968e-01 6.316626824622266620e-04
1.197553999999999980e-01 6.215213091199432802e-04
1.197592999999999991e-01 6.215213091199432802e-04
1.197632000000000002e-01 6.215213091199432802e-04
1.197671000000000013e-01 6.171750062589645642e-04
1.197710000000000025e-01 6.171750062589645642e-04
1.197749000000000036e-01 5.766095128898308204e-04
1.197788000000000047e-01 5.766095128898308204e-04
1.197827000000000058e-01 5.766095128898308204e-04
1.197866000000000070e-01 5.766095128898308204e-04
1.197904999999999942e-01 5.766095128898308204e-04
1.197943999999999953e-01 5.563267662052638401e-04
1.197982999999999965e-01 5.563267662052638401e-04
1.198021999999999976e-01 5.563267662052638401e-04
1.198060999999999987e-01 5.563267662052638401e-04
1.198099999999999998e-01 5.563267662052638401e-04
1.198139000000000010e-01 5.563267662052638401e-04
1.198178000000000021e-01 5.563267662052638401e-04
1.198217000000000032e-01 5.563267662052638401e-04
1.198256000000000043e-01 5.563267662052638401e-04
1.198295000000000055e-01 5.563267662052638401e-04
1.198334000000000066e-01 5.563267662052638401e-04
1.198373000000000077e-01 5.563267662052638401e-04
1.198411999999999950e-01 5.563267662052638401e-04
1.198450999999999961e-01 5.563267662052638401e-04
1.198489999999999972e-01 5.563267662052638401e-04
1.198528999999999983e-01 5.563267662052638401e-04
1.198567999999999995e-01 5.563267662052638401e-04
1.198607000000000006e-01 5.490829281036327912e-04
1.198646000000000017e-01 5.490829281036327912e-04
1.198685000000000028e-01 5.490829281036327912e-04
1.198724000000000040e-01 5.490829281036327912e-04
1.198763000000000051e-01 5.490829281036327912e-04
1.198802000000000062e-01 5.490829281036327912e-04
1.198841000000000073e-01 5.490829281036327912e-04
1.198879999999999946e-01 5.331464842800445270e-04
1.198918999999999957e-01 5.331464842800445270e-04
1.198957999999999968e-01 5.331464842800445270e-04
1.198996999999999979e-01 4.520154975417769311e-04
1.199035999999999991e-01 4.520154975417769311e-04
1.199075000000000002e-01 4.520154975417769311e-04
1.199114000000000013e-01 4.389765889588409997e-04
1.199153000000000024e-01 4.331815184775361714e-04
1.199192000000000036e-01 4.331815184775361714e-04
1.199231000000000047e-01 4.331815184775361714e-04
1.199270000000000058e-01 4.331815184775361714e-04
1.199309000000000069e-01 4.331815184775361714e-04
1.199348000000000081e-01 4.244889127555789019e-04
1.199386999999999953e-01 4.244889127555789019e-04
1.199425999999999964e-01 4.244889127555789019e-04
1.199464999999999976e-01 4.128987717929692995e-04
1.199503999999999987e-01 4.128987717929692995e-04
1.199542999999999998e-01 4.128987717929692995e-04
1.199582000000000009e-01 4.128987717929692995e-04
1.199621000000000021e-01 4.128987717929692995e-04
1.199660000000000032e-01 4.128987717929692995e-04
1.199699000000000043e-01 4.128987717929692995e-04
1.199738000000000054e-01 3.926160251084023192e-04
1.199777000000000066e-01 3.926160251084023192e-04
1.199816000000000077e-01 3.926160251084023192e-04
1.199854999999999949e-01 3.926160251084023192e-04
1.199893999999999961e-01 3.926160251084023192e-04
1.199932999999999972e-01 3.926160251084023192e-04
1.199971999999999983e-01 3.926160251084023192e-04
1.200010999999999994e-01 3.926160251084023192e-04
1.200050000000000006e-01 3.926160251084023192e-04
1.200089000000000017e-01 3.926160251084023192e-04
1.200128000000000028e-01 3.926160251084023192e-04
1.200167000000000039e-01 3.926160251084023192e-04
1.200206000000000051e-01 3.926160251084023192e-04
1.200245000000000062e-01 3.926160251084023192e-04
1.200284000000000073e-01 3.926160251084023192e-04
1.200323000000000084e-01 3.926160251084023192e-04
1.200361999999999957e-01 3.926160251084023192e-04
1.200400999999999968e-01 3.868209546270975452e-04
1.200439999999999979e-01 3.868209546270975452e-04
1.200478999999999991e-01 3.868209546270975452e-04
1.200518000000000002e-01 3.868209546270975452e-04
1.200557000000000013e-01 3.868209546270975452e-04
1.200596000000000024e-01 3.868209546270975452e-04
1.200635000000000036e-01 3.868209546270975452e-04
1.200674000000000047e-01 3.868209546270975452e-04
1.200713000000000058e-01 3.868209546270975452e-04
1.200752000000000069e-01 3.868209546270975452e-04
1.200791000000000081e-01 3.868209546270975452e-04
1.200829999999999953e-01 3.868209546270975452e-04
1.200868999999999964e-01 3.868209546270975452e-04
1.200907999999999975e-01 3.868209546270975452e-04
1.200946999999999987e-01 3.868209546270975452e-04
1.200985999999999998e-01 3.708845108035092267e-04
1.201025000000000009e-01 3.708845108035092267e-04
1.201064000000000020e-01 3.708845108035092267e-04
1.201103000000000032e-01 3.708845108035092267e-04
1.201142000000000043e-01 3.506017641189423549e-04
1.201181000000000054e-01 3.361140879156802571e-04
1.201220000000000065e-01 3.361140879156802571e-04
1.201259000000000077e-01 3.361140879156802571e-04
1.201297999999999949e-01 3.361140879156802571e-04
1.201336999999999960e-01 3.361140879156802571e-04
1.201375999999999972e-01 3.361140879156802571e-04
1.201414999999999983e-01 3.361140879156802571e-04
1.201453999999999994e-01 3.361140879156802571e-04
1.201493000000000005e-01 3.361140879156802571e-04
1.201532000000000017e-01 3.361140879156802571e-04
1.201571000000000028e-01 3.303190174343753746e-04
1.201610000000000039e-01 3.303190174343753746e-04
1.201649000000000050e-01 3.303190174343753746e-04
1.201688000000000062e-01 3.303190174343753746e-04
1.201727000000000073e-01 3.303190174343753746e-04
1.201765999999999945e-01 3.303190174343753746e-04
1.201804999999999957e-01 3.303190174343753746e-04
1.201843999999999968e-01 3.303190174343753746e-04
1.201882999999999979e-01 3.303190174343753746e-04
1.201921999999999990e-01 3.303190174343753746e-04
1.201961000000000002e-01 3.303190174343753746e-04
1.202000000000000013e-01 3.303190174343753746e-04
# Ensemble: [12^+], idetect: 0.1172
1.166999999999999982e-01 2.143741447796690056e-02
1.167035000000000017e-01 2.143741447796690056e-02
1.167069999999999913e-01 2.125402528458149656e-02
1.167104999999999948e-01 2.125402528458149656e-02
1.167139999999999983e-01 2.118883955233549776e-02
1.167175000000000018e-01 2.100718864514332027e-02
1.167209999999999914e-01 2.076035200570514397e-02
1.167244999999999949e-01 2.060825196379781690e-02
1.167279999999999984e-01 2.052915994200600960e-02
1.167315000000000019e-01 2.049004850265841171e-02
1.167349999999999915e-01 2.043529248757177189e-02
1.167384999999999950e-01 2.038575133106481502e-02
1.167419999999999985e-01 2.023104385986764994e-02
1.167455000000000020e-01 2.022061414270828750e-02
1.167489999999999917e-01 2.018063356026407809e-02
1.167524999999999952e-01 1.984514432497134703e-02
1.167559999999999987e-01 1.979907974085083969e-02
1.167595000000000022e-01 1.972520257763871188e-02
1.167629999999999918e-01 1.972172600525225888e-02
1.167664999999999953e-01 1.966610084706900755e-02
1.167699999999999988e-01 1.954702824283298737e-02
1.167735000000000023e-01 1.939318991473243034e-02
1.167769999999999919e-01 1.922023043850638532e-02
1.167804999999999954e-01 1.915069899077732202e-02
1.167839999999999989e-01 1.911506412381617712e-02
1.167875000000000024e-01 1.906117725182615574e-02
1.167909999999999920e-01 1.902032752628533135e-02
1.167944999999999955e-01 1.893341321662399962e-02
1.167979999999999990e-01 1.887083491366784230e-02
1.168015000000000025e-01 1.882563947264394993e-02
1.168049999999999922e-01 1.873351030440294218e-02
1.168084999999999957e-01 1.861356855707030702e-02
1.168119999999999992e-01 1.830154618538613540e-02
1.168155000000000027e-01 1.809469012839217197e-02
1.168189999999999923e-01 1.806340097691409158e-02
1.168224999999999958e-01 1.793563694171193892e-02
1.168259999999999993e-01 1.790347864713724702e-02
1.168295000000000028e-01 1.783829291489124821e-02
1.168329999999999924e-01 1.769662259014328359e-02
1.168364999999999959e-01 1.754539169133256804e-02
1.168399999999999994e-01 1.741762765613041539e-02
1.168435000000000029e-01 1.733245163266231362e-02
1.168469999999999925e-01 1.719860359578386649e-02
1.168504999999999960e-01 1.707518527606477488e-02
1.168539999999999995e-01 1.707518527606477488e-02
1.168575000000000030e-01 1.697262639066440815e-02
1.168609999999999927e-01 1.695002867015246370e-02
1.168644999999999962e-01 1.690917894461163931e-02
1.168679999999999997e-01 1.682487206424014906e-02
1.168715000000000032e-01 1.677098519225012421e-02
1.168749999999999928e-01 1.663713715537167709e-02
1.168784999999999963e-01 1.662496915201909162e-02
1.168819999999999998e-01 1.661280114866650268e-02
1.168855000000000033e-01 1.629904049078910455e-02
1.168889999999999929e-01 1.622255589828713526e-02
1.168924999999999964e-01 1.605828785302722272e-02
1.168959999999999999e-01 1.605828785302722272e-02
1.168995000000000034e-01 1.600700841032703936e-02
1.169029999999999930e-01 1.596268211239976198e-02
1.169064999999999965e-01 1.585317008222648580e-02
1.169100000000000000e-01 1.583752550648744734e-02
1.169135000000000035e-01 1.582448836003824688e-02
1.169169999999999932e-01 1.580710549810598192e-02
1.169204999999999967e-01 1.568281803529027879e-02
1.169240000000000002e-01 1.550551284358116753e-02
1.169275000000000037e-01 1.550377455738794104e-02
1.169309999999999933e-01 1.548552255235906283e-02
1.169344999999999968e-01 1.546553226113695813e-02
1.169380000000000003e-01 1.542989739417581323e-02
1.169415000000000038e-01 1.521956476479539334e-02
1.169449999999999934e-01 1.521956476479539334e-02
1.169484999999999969e-01 1.521174247692587585e-02
1.169520000000000004e-01 1.519522875809022067e-02
1.169555000000000039e-01 1.519349047189699417e-02
1.169589999999999935e-01 1.507441786766097573e-02
1.169624999999999970e-01 1.507007215217790776e-02
1.169660000000000005e-01 1.505616586263209405e-02
1.169695000000000040e-01 1.474066691856146943e-02
1.169729999999999936e-01 1.470155547921387154e-02
1.169764999999999971e-01 1.464419203483739197e-02
1.169800000000000006e-01 1.461811774193899453e-02
1.169835000000000041e-01 1.455640858207945046e-02
1.169869999999999938e-01 1.454510972182347824e-02
1.169904999999999973e-01 1.443125197616713755e-02
1.169940000000000008e-01 1.436867367321097849e-02
1.169975000000000043e-01 1.397408270734854310e-02
1.170009999999999939e-01 1.396539127638241236e-02
1.170044999999999974e-01 1.382806666711751051e-02
1.170080000000000009e-01 1.382111352234460279e-02
1.170115000000000044e-01 1.382111352234460279e-02
1.170149999999999940e-01 1.377331065203087415e-02
1.170184999999999975e-01 1.375418950390538096e-02
1.170220000000000010e-01 1.360469689128789191e-02
1.170255000000000045e-01 1.334569224849713187e-02
1.170289999999999941e-01 1.334569224849713187e-02
1.170324999999999976e-01 1.334569224849713187e-02
1.170360000000000011e-01 1.325530136644934888e-02
1.170395000000000046e-01 1.323357278903401768e-02
1.170429999999999943e-01 1.322922707355094971e-02
1.170464999999999978e-01 1.306669731448426540e-02
1.170500000000000013e-01 1.305452931113167819e-02
1.170535000000000048e-01 1.301715615797730680e-02
1.170569999999999944e-01 1.271382521725926591e-02
1.170604999999999979e-01 1.267905949339473599e-02
1.170640000000000014e-01 1.264603205572342910e-02
1.170675000000000049e-01 1.258953775444356452e-02
1.170709999999999945e-01 1.252435202219756918e-02
1.170744999999999980e-01 1.251566059123143670e-02
1.170780000000000015e-01 1.244786742969559989e-02
1.170815000000000050e-01 1.242526970918365371e-02
1.170849999999999946e-01 1.234183197190877671e-02
1.170884999999999981e-01 1.229229081540181810e-02
1.170920000000000016e-01 1.225317937605422021e-02
1.170955000000000051e-01 1.222710508315582277e-02
1.170989999999999948e-01 1.216974163877934494e-02
1.171024999999999983e-01 1.212628448394868080e-02
1.171060000000000018e-01 1.212628448394868080e-02
1.171095000000000053e-01 1.212106962536900132e-02
1.171129999999999949e-01 1.212106962536900132e-02
1.171164999999999984e-01 1.189683070644277120e-02
1.171200000000000019e-01 1.175950609717787108e-02
1.171235000000000054e-01 1.171083408376752573e-02
1.171269999999999950e-01 1.171083408376752573e-02
1.171304999999999985e-01 1.168649807706235479e-02
1.171340000000000020e-01 1.168649807706235479e-02
1.171375000000000055e-01 1.163608777745878294e-02
1.171409999999999951e-01 1.145965172884628319e-02
1.171444999999999986e-01 1.135535455725268823e-02
1.171480000000000021e-01 1.125366481494893302e-02
1.171514999999999918e-01 1.111547106258741792e-02
1.171549999999999953e-01 1.110504134542805894e-02
1.171584999999999988e-01 1.107027562156352729e-02
1.171620000000000023e-01 1.101465046338027595e-02
1.171654999999999919e-01 1.101465046338027595e-02
1.171689999999999954e-01 1.096597844996993233e-02
1.171724999999999989e-01 1.088167156959844381e-02
1.171760000000000024e-01 1.078258925658452834e-02
1.171794999999999920e-01 1.075130010510644794e-02
1.171829999999999955e-01 1.070697380717917056e-02
1.171864999999999990e-01 1.069306751763335860e-02
1.171900000000000025e-01 1.061571378203477606e-02
1.171934999999999921e-01 1.058268634436347090e-02
1.171969999999999956e-01 1.049751032089536740e-02
1.172004999999999991e-01 1.048881888992923492e-02
1.172040000000000026e-01 1.046187545393422076e-02
1.172074999999999922e-01 1.045926802464438275e-02
1.172109999999999957e-01 1.044449259200195580e-02
1.172144999999999992e-01 1.033584970492529460e-02
1.172180000000000027e-01 1.027066397267929754e-02
1.172214999999999924e-01 1.025328111074703084e-02
1.172249999999999959e-01 1.019417938017732651e-02
1.172284999999999994e-01 1.013855422199407691e-02
1.172320000000000029e-01 1.010378849812954526e-02
1.172354999999999925e-01 1.010378849812954526e-02
1.172389999999999960e-01 1.009509706716341104e-02
1.172424999999999995e-01 1.009075135168034480e-02
1.172460000000000030e-01 1.007510677594130634e-02
1.172494999999999926e-01 1.004555591065645417e-02
1.172529999999999961e-01 9.971678747444324628e-03
1.172564999999999996e-01 9.971678747444324628e-03
1.172600000000000031e-01 9.916053589261073289e-03
1.172634999999999927e-01 9.857821001787982207e-03
1.172669999999999962e-01 9.820447848633610810e-03
1.172704999999999997e-01 9.816971276247157818e-03
1.172740000000000032e-01 9.743963256131641520e-03
1.172774999999999929e-01 9.676170094595802976e-03
1.172809999999999964e-01 9.650095801697405537e-03
1.172844999999999999e-01 9.607507789963352918e-03
1.172880000000000034e-01 9.370231724587924083e-03
1.172914999999999930e-01 9.366755152201471091e-03
1.172949999999999965e-01 9.351110576462432628e-03
1.172985000000000000e-01 9.253766549641741918e-03
1.173020000000000035e-01 9.250289977255288926e-03
1.173054999999999931e-01 9.225953970550117983e-03
1.173089999999999966e-01 9.224215684356891487e-03
1.173125000000000001e-01 9.173805384753319636e-03
1.173160000000000036e-01 9.118180226570070032e-03
1.173194999999999932e-01 9.055601923613910975e-03
1.173229999999999967e-01 9.038219061681646016e-03
1.173265000000000002e-01 9.038219061681646016e-03
1.173300000000000037e-01 8.963472755372903222e-03
1.173334999999999934e-01 8.922623029832078834e-03
1.173369999999999969e-01 8.908716740286265132e-03
1.173405000000000004e-01 8.886119019774320685e-03
1.173440000000000039e-01 8.885249876677707437e-03
1.173474999999999935e-01 8.884380733581092454e-03
1.173509999999999970e-01 8.801812139402830429e-03
1.173545000000000005e-01 8.783560134373950487e-03
1.173580000000000040e-01 8.738364693350059859e-03
1.173614999999999936e-01 8.726196689997474387e-03
1.173649999999999971e-01 8.725327546900861139e-03
1.173685000000000006e-01 8.673178961104062792e-03
1.173720000000000041e-01 8.588002937635959289e-03
1.173754999999999937e-01 8.525424634679801966e-03
1.173789999999999972e-01 8.451547471467672420e-03
1.173825000000000007e-01 8.440248611211700197e-03
1.173860000000000042e-01 8.378539451352156123e-03
1.173894999999999939e-01 8.378539451352156123e-03
1.173929999999999974e-01 8.363764018709729173e-03
1.173965000000000009e-01 8.329867437941810768e-03
1.174000000000000044e-01 8.286410283111146635e-03
1.174034999999999940e-01 8.282064567628080395e-03
1.174069999999999975e-01 8.207318261319337602e-03
1.174105000000000010e-01 8.159515391005605495e-03
1.174140000000000045e-01 8.157777104812378999e-03
1.174174999999999941e-01 8.116058236174941362e-03
1.174209999999999976e-01 8.107366805208807148e-03
1.174245000000000011e-01 8.047395931542491304e-03
1.174280000000000046e-01 8.006546206001665181e-03
1.174314999999999942e-01 8.006546206001665181e-03
1.174349999999999977e-01 7.990032487166013470e-03
1.174385000000000012e-01 7.922239325630176660e-03
1.174420000000000047e-01 7.850100448611273610e-03
1.174454999999999943e-01 7.837063302162073156e-03
1.174489999999999978e-01 7.773615856109302585e-03
1.174525000000000013e-01 7.571974657695019519e-03
1.174560000000000048e-01 7.571974657695019519e-03
1.174594999999999945e-01 7.570236371501791288e-03
1.174629999999999980e-01 7.508527211642248081e-03
1.174665000000000015e-01 7.465939199908196329e-03
1.174700000000000050e-01 7.388585464309613791e-03
1.174734999999999946e-01 7.259083142914232040e-03
1.174769999999999981e-01 7.251260855044713675e-03
1.174805000000000016e-01 7.251260855044713675e-03
1.174840000000000051e-01 7.227793991436154246e-03
1.174874999999999947e-01 7.213887701890342279e-03
1.174909999999999982e-01 7.183467693508875998e-03
1.174945000000000017e-01 7.129580821518852023e-03
1.174980000000000052e-01 7.128711678422238775e-03
1.175014999999999948e-01 7.125235106035785783e-03
1.175049999999999983e-01 7.079170521915281039e-03
1.175085000000000018e-01 7.005293358703150626e-03
1.175120000000000053e-01 6.997471070833631394e-03
1.175154999999999950e-01 6.945322485036833048e-03
1.175189999999999985e-01 6.945322485036833048e-03
1.175225000000000020e-01 6.945322485036833048e-03
1.175260000000000055e-01 6.920986478331661237e-03
1.175294999999999951e-01 6.920986478331661237e-03
1.175329999999999986e-01 6.899257900916328304e-03
1.175365000000000021e-01 6.869707035631477006e-03
1.175400000000000056e-01 6.808867018868546180e-03
1.175434999999999952e-01 6.770624722617561535e-03
1.175469999999999987e-01 6.744550429719163229e-03
1.175505000000000022e-01 6.688056128439298642e-03
1.175540000000000057e-01 6.581151527555863939e-03
1.175574999999999953e-01 6.555946377754078881e-03
1.175609999999999988e-01 6.555946377754078881e-03
1.175645000000000023e-01 6.555946377754078881e-03
1.175680000000000058e-01 6.555946377754078881e-03
1.175714999999999955e-01 6.555946377754078881e-03
1.175749999999999990e-01 6.555946377754078881e-03
1.175785000000000025e-01 6.504666935053893782e-03
1.175819999999999921e-01 6.483807500735174097e-03
1.175854999999999956e-01 6.480330928348721105e-03
1.175889999999999991e-01 6.480330928348721105e-03
1.175925000000000026e-01 6.480330928348721105e-03
1.175959999999999922e-01 6.478592642155494609e-03
1.175994999999999957e-01 6.474246926672427502e-03
1.176029999999999992e-01 6.464686352609682642e-03
1.176065000000000027e-01 6.454256635450322799e-03
1.176099999999999923e-01 6.454256635450322799e-03
1.176134999999999958e-01 6.445565204484189452e-03
1.176169999999999993e-01 6.445565204484189452e-03
1.176205000000000028e-01 6.389940046300938981e-03
1.176239999999999924e-01 6.386463473914485989e-03
1.176274999999999959e-01 6.363865753402539807e-03
1.176309999999999995e-01 6.319539455475261559e-03
1.176345000000000030e-01 6.313455453798967956e-03
1.176379999999999926e-01 6.286512017803956402e-03
1.176414999999999961e-01 6.283904588514116658e-03
1.176449999999999996e-01 6.209158282205372997e-03
1.176485000000000031e-01 6.203943423625693510e-03
1.176519999999999927e-01 6.187429704790041798e-03
1.176554999999999962e-01 6.151794837828895163e-03
1.176589999999999997e-01 6.140495977572922939e-03
1.176625000000000032e-01 6.140495977572922939e-03
1.176659999999999928e-01 6.117029113964363510e-03
1.176694999999999963e-01 6.097038822742258807e-03
1.176729999999999998e-01 6.076179388423539988e-03
1.176765000000000033e-01 6.022292516433515146e-03
1.176799999999999929e-01 6.020554230240288650e-03
1.176834999999999964e-01 6.020554230240288650e-03
1.176869999999999999e-01 6.020554230240288650e-03
1.176905000000000034e-01 5.970143930636717666e-03
1.176939999999999931e-01 5.872799903816028691e-03
1.176974999999999966e-01 5.856286184980376112e-03
1.177010000000000001e-01 5.826735319695523947e-03
1.177045000000000036e-01 5.823258747309070955e-03
1.177079999999999932e-01 5.777194163188566212e-03
1.177114999999999967e-01 5.767633589125819617e-03
1.177150000000000002e-01 5.731129579068061468e-03
1.177185000000000037e-01 5.730260435971448220e-03
1.177219999999999933e-01 5.711139287845955897e-03
1.177254999999999968e-01 5.698102141396756311e-03
1.177290000000000003e-01 5.516451234204577947e-03
1.177325000000000038e-01 5.516451234204577947e-03
1.177359999999999934e-01 5.453003788151807377e-03
1.177394999999999969e-01 5.452134645055194129e-03
1.177430000000000004e-01 5.439966641702608657e-03
1.177465000000000039e-01 5.394771200678717162e-03
1.177499999999999936e-01 5.394771200678717162e-03
1.177534999999999971e-01 5.343491757978532930e-03
1.177570000000000006e-01 5.300034603147867930e-03
1.177605000000000041e-01 5.200083147037339211e-03
1.177639999999999937e-01 5.200083147037339211e-03
1.177674999999999972e-01 5.200083147037339211e-03
1.177710000000000007e-01 5.176616283428779781e-03
1.177745000000000042e-01 5.171401424849100294e-03
1.177779999999999938e-01 5.134897414791342145e-03
1.177814999999999973e-01 5.134897414791342145e-03
1.177850000000000008e-01 5.117514552859076318e-03
1.177885000000000043e-01 5.087963687574224153e-03
1.177919999999999939e-01 5.087963687574224153e-03
1.177954999999999974e-01 5.085356258284384409e-03
1.177990000000000009e-01 5.080141399704704054e-03
1.178025000000000044e-01 5.073188254931798070e-03
1.178059999999999941e-01 5.073188254931798070e-03
1.178094999999999976e-01 5.015824810555320236e-03
1.178130000000000011e-01 5.004525950299348012e-03
1.178165000000000046e-01 4.998441948623054409e-03
1.178199999999999942e-01 4.988881374560308682e-03
1.178234999999999977e-01 4.988881374560308682e-03
1.178270000000000012e-01 4.988881374560308682e-03
1.178305000000000047e-01 4.969760226434816359e-03
1.178339999999999943e-01 4.962807081661909508e-03
1.178374999999999978e-01 4.960199652372069765e-03
1.178410000000000013e-01 4.929779643990604351e-03
1.178445000000000048e-01 4.921957356121085120e-03
1.178479999999999944e-01 4.913265925154951773e-03
1.178514999999999979e-01 4.901097921802365434e-03
1.178550000000000014e-01 4.901097921802365434e-03
1.178585000000000049e-01 4.855033337681861558e-03
1.178619999999999945e-01 4.855033337681861558e-03
1.178654999999999980e-01 4.830697330976688880e-03
1.178690000000000015e-01 4.806361324271517070e-03
1.178725000000000050e-01 4.806361324271517070e-03
1.178759999999999947e-01 4.729007588672933665e-03
1.178794999999999982e-01 4.722054443900026814e-03
1.178830000000000017e-01 4.722054443900026814e-03
1.178865000000000052e-01 4.654261282364190004e-03
1.178899999999999948e-01 4.645569851398057525e-03
1.178934999999999983e-01 4.561262971026568136e-03
1.178970000000000018e-01 4.553440683157048037e-03
1.179005000000000053e-01 4.538665250514621954e-03
1.179039999999999949e-01 4.538665250514621954e-03
1.179074999999999984e-01 4.538665250514621954e-03
1.179110000000000019e-01 4.472610375172011640e-03
1.179145000000000054e-01 4.452620083949906070e-03
1.179179999999999950e-01 4.452620083949906070e-03
1.179214999999999985e-01 4.447405225370225715e-03
1.179250000000000020e-01 4.447405225370225715e-03
1.179285000000000055e-01 4.330940050424044417e-03
1.179319999999999952e-01 4.330070907327431169e-03
1.179354999999999987e-01 4.307473186815485855e-03
1.179390000000000022e-01 4.296174326559512764e-03
1.179425000000000057e-01 4.296174326559512764e-03
1.179459999999999953e-01 4.241418311472875541e-03
1.179494999999999988e-01 4.226642878830449458e-03
1.179530000000000023e-01 4.183185723999785326e-03
1.179565000000000058e-01 4.181447437806557962e-03
1.179599999999999954e-01 4.167541148260745995e-03
1.179634999999999989e-01 4.155373144908159656e-03
1.179670000000000024e-01 4.154504001811546408e-03
1.179705000000000059e-01 4.102355416014748062e-03
1.179739999999999955e-01 4.081495981696029243e-03
1.179774999999999990e-01 4.041515399251818103e-03
1.179810000000000025e-01 4.033693111382298871e-03
1.179845000000000060e-01 4.033693111382298871e-03
1.179879999999999957e-01 3.982413668682113772e-03
1.179914999999999992e-01 3.982413668682113772e-03
1.179950000000000027e-01 3.978067953199047532e-03
1.179985000000000062e-01 3.959815948170168458e-03
1.180019999999999958e-01 3.958946805073555210e-03
1.180054999999999993e-01 3.958077661976941095e-03
1.180090000000000028e-01 3.934610798368382532e-03
1.180124999999999924e-01 3.932872512175156036e-03
1.180159999999999959e-01 3.918097079532729954e-03
1.180194999999999994e-01 3.892022786634331214e-03
1.180230000000000029e-01 3.891153643537717966e-03
1.180264999999999925e-01 3.891153643537717966e-03
1.180299999999999960e-01 3.825098768195107218e-03
1.180334999999999995e-01 3.821622195808654660e-03
1.180370000000000030e-01 3.818145623422201235e-03
1.180404999999999927e-01 3.818145623422201235e-03
1.180439999999999962e-01 3.818145623422201235e-03
1.180474999999999997e-01 3.809454192456068321e-03
1.180510000000000032e-01 3.797286189103482416e-03
1.180544999999999928e-01 3.793809616717028991e-03
1.180579999999999963e-01 3.785987328847509759e-03
1.180614999999999998e-01 3.785987328847509759e-03
1.180650000000000033e-01 3.768604466915243933e-03
1.180684999999999929e-01 3.755567320466043912e-03
1.180719999999999964e-01 3.749483318789750743e-03
1.180754999999999999e-01 3.722539882794739189e-03
1.180790000000000034e-01 3.714717594925219090e-03
1.180824999999999930e-01 3.703418734669246433e-03
1.180859999999999965e-01 3.701680448476019937e-03
1.180895000000000000e-01 3.697334732992953264e-03
1.180930000000000035e-01 3.661699866031808363e-03
1.180964999999999931e-01 3.661699866031808363e-03
1.180999999999999966e-01 3.639971288616475863e-03
1.181035000000000001e-01 3.630410714553730135e-03
1.181070000000000036e-01 3.627803285263889524e-03
1.181104999999999933e-01 3.618242711201143796e-03
1.181139999999999968e-01 3.595644990689198049e-03
1.181175000000000003e-01 3.588691845916291197e-03
1.181210000000000038e-01 3.588691845916291197e-03
1.181244999999999934e-01 3.586953559723065135e-03
1.181279999999999969e-01 3.564355839211119387e-03
1.181315000000000004e-01 3.560010123728052714e-03
1.181350000000000039e-01 3.560010123728052714e-03
1.181384999999999935e-01 3.551318692761919801e-03
1.181419999999999970e-01 3.457451238327684251e-03
1.181455000000000005e-01 3.334902061705209350e-03
1.181490000000000040e-01 3.332294632415370040e-03
1.181524999999999936e-01 3.307089482613584548e-03
1.181559999999999971e-01 3.293183193067771280e-03
1.181595000000000006e-01 3.287099191391478544e-03
1.181630000000000041e-01 3.287099191391478544e-03
1.181664999999999938e-01 3.287099191391478544e-03
1.181699999999999973e-01 3.286230048294865296e-03
1.181735000000000008e-01 3.259286612299852875e-03
1.181770000000000043e-01 3.259286612299852875e-03
1.181804999999999939e-01 3.247118608947266970e-03
1.181839999999999974e-01 3.247118608947266970e-03
1.181875000000000009e-01 3.245380322754040474e-03
1.181910000000000044e-01 3.242772893464200296e-03
1.181944999999999940e-01 3.241034607270973800e-03
1.181979999999999975e-01 3.213222028179348565e-03
1.182015000000000010e-01 3.161073442382550652e-03
1.182050000000000045e-01 3.161073442382550652e-03
1.182084999999999941e-01 3.114139715165433094e-03
1.182119999999999976e-01 3.114139715165433094e-03
1.182155000000000011e-01 3.086327136073807424e-03
1.182190000000000046e-01 3.086327136073807424e-03
1.182224999999999943e-01 3.086327136073807424e-03
1.182259999999999978e-01 3.083719706783967680e-03
1.182295000000000013e-01 3.081981420590741184e-03
1.182330000000000048e-01 3.066336844851701854e-03
1.182364999999999944e-01 2.997674540219251796e-03
1.182399999999999979e-01 2.995067110929411618e-03
1.182435000000000014e-01 2.993328824736185122e-03
1.182470000000000049e-01 2.985506536866665457e-03
1.182504999999999945e-01 2.977684248997145358e-03
1.182539999999999980e-01 2.962039673258106461e-03
1.182575000000000015e-01 2.955955671581813726e-03
1.182610000000000050e-01 2.955955671581813726e-03
1.182644999999999946e-01 2.940311095842774395e-03
1.182679999999999981e-01 2.929012235586801304e-03
1.182715000000000016e-01 2.922059090813895321e-03
1.182750000000000051e-01 2.915975089137602151e-03
1.182784999999999948e-01 2.915975089137602151e-03
1.182819999999999983e-01 2.890769939335816226e-03
1.182855000000000018e-01 2.867303075727257230e-03
1.182890000000000053e-01 2.866433932630643982e-03
1.182924999999999949e-01 2.816892776123686680e-03
1.182959999999999984e-01 2.816892776123686680e-03
1.182995000000000019e-01 2.811677917544006759e-03
1.183030000000000054e-01 2.803855629674486660e-03
1.183064999999999950e-01 2.798640771094807172e-03
1.183099999999999985e-01 2.788211053935447763e-03
1.183135000000000020e-01 2.769959048906568255e-03
1.183170000000000055e-01 2.726501894075903688e-03
1.183204999999999951e-01 2.726501894075903688e-03
1.183239999999999986e-01 2.726501894075903688e-03
1.183275000000000021e-01 2.726501894075903688e-03
1.183310000000000056e-01 2.631765296545054891e-03
1.183344999999999952e-01 2.631765296545054891e-03
1.183379999999999987e-01 2.627419581061988217e-03
1.183415000000000022e-01 2.627419581061988217e-03
1.183450000000000057e-01 2.620466436289081800e-03
1.183484999999999954e-01 2.600476145066976229e-03
1.183519999999999989e-01 2.571794422878737312e-03
1.183555000000000024e-01 2.571794422878737312e-03
1.183590000000000059e-01 2.558757276429538159e-03
1.183624999999999955e-01 2.540505271400658651e-03
1.183659999999999990e-01 2.537897842110818907e-03
1.183695000000000025e-01 2.537897842110818907e-03
1.183730000000000060e-01 2.537897842110818907e-03
1.183764999999999956e-01 2.534421269724365915e-03
1.183799999999999991e-01 2.531813840434525738e-03
1.183835000000000026e-01 2.528337268048072746e-03
1.183870000000000061e-01 2.528337268048072746e-03
1.183904999999999957e-01 2.504001261342900502e-03
1.183939999999999992e-01 2.465758965091915424e-03
1.183975000000000027e-01 2.465758965091915424e-03
1.184010000000000062e-01 2.465758965091915424e-03
1.184044999999999959e-01 2.465758965091915424e-03
1.184079999999999994e-01 2.462282392705462432e-03
1.184115000000000029e-01 2.459674963415622254e-03
1.184150000000000064e-01 2.447506960063036349e-03
1.184184999999999960e-01 2.447506960063036349e-03
1.184219999999999995e-01 2.447506960063036349e-03
1.184255000000000030e-01 2.430124098130770523e-03
1.184290000000000065e-01 2.430124098130770523e-03
1.184324999999999961e-01 2.430124098130770523e-03
1.184359999999999996e-01 2.405788091425598279e-03
1.184395000000000031e-01 2.389274372589945700e-03
1.184429999999999927e-01 2.389274372589945700e-03
1.184464999999999962e-01 2.389274372589945700e-03
1.184499999999999997e-01 2.362330936594933279e-03
1.184535000000000032e-01 2.358854364208480287e-03
1.184569999999999929e-01 2.357985221111867039e-03
1.184604999999999964e-01 2.357985221111867039e-03
1.184639999999999999e-01 2.357985221111867039e-03
1.184675000000000034e-01 2.353639505628800366e-03
1.184709999999999930e-01 2.318004638667655465e-03
1.184744999999999965e-01 2.318004638667655465e-03
1.184780000000000000e-01 2.318004638667655465e-03
1.184815000000000035e-01 2.318004638667655465e-03
1.184849999999999931e-01 2.318004638667655465e-03
1.184884999999999966e-01 2.306705778411682808e-03
1.184920000000000001e-01 2.257164621904725072e-03
1.184955000000000036e-01 2.255426335711498143e-03
1.184989999999999932e-01 2.169381169146782258e-03
1.185024999999999967e-01 2.138961160765316845e-03
1.185060000000000002e-01 2.138961160765316845e-03
1.185095000000000037e-01 2.114625154060145035e-03
1.185129999999999934e-01 2.068560569939640291e-03
1.185164999999999969e-01 2.068560569939640291e-03
1.185200000000000004e-01 2.059869138973507378e-03
1.185235000000000039e-01 2.053785137297214208e-03
1.185269999999999935e-01 2.053785137297214208e-03
1.185304999999999970e-01 2.045962849427694543e-03
1.185340000000000005e-01 2.037271418461561630e-03
1.185375000000000040e-01 2.005982266983482969e-03
1.185409999999999936e-01 2.004243980790256473e-03
1.185444999999999971e-01 1.997290836017350055e-03
1.185480000000000006e-01 1.992945120534283382e-03
1.185515000000000041e-01 1.992945120534283382e-03
1.185549999999999937e-01 1.946011393317165607e-03
1.185584999999999972e-01 1.932105103771352772e-03
1.185620000000000007e-01 1.928628531384899781e-03
1.185655000000000042e-01 1.922544529708606828e-03
1.185689999999999938e-01 1.910376526356020706e-03
1.185724999999999973e-01 1.910376526356020706e-03
1.185760000000000008e-01 1.910376526356020706e-03
1.185795000000000043e-01 1.899946809196661080e-03
1.185829999999999940e-01 1.899946809196661080e-03
1.185864999999999975e-01 1.895601093713594624e-03
1.185900000000000010e-01 1.895601093713594624e-03
1.185935000000000045e-01 1.895601093713594624e-03
1.185969999999999941e-01 1.894731950616981159e-03
1.186004999999999976e-01 1.894731950616981159e-03
1.186040000000000011e-01 1.887778805844074958e-03
1.186075000000000046e-01 1.887778805844074958e-03
1.186109999999999942e-01 1.887778805844074958e-03
1.186144999999999977e-01 1.887778805844074958e-03
1.186180000000000012e-01 1.887778805844074958e-03
1.186215000000000047e-01 1.884302233457621966e-03
1.186249999999999943e-01 1.884302233457621966e-03
1.186284999999999978e-01 1.884302233457621966e-03
1.186320000000000013e-01 1.883433090361008285e-03
1.186355000000000048e-01 1.883433090361008285e-03
1.186389999999999945e-01 1.883433090361008285e-03
1.186424999999999980e-01 1.883433090361008285e-03
1.186460000000000015e-01 1.883433090361008285e-03
1.186495000000000050e-01 1.868657657718582419e-03
1.186529999999999946e-01 1.864311942235516179e-03
1.186564999999999981e-01 1.864311942235516179e-03
1.186600000000000016e-01 1.793042208313225944e-03
1.186635000000000051e-01 1.793042208313225944e-03
1.186669999999999947e-01 1.763491343028373995e-03
1.186704999999999982e-01 1.763491343028373995e-03
1.186740000000000017e-01 1.753061625869014369e-03
1.186775000000000052e-01 1.753061625869014369e-03
1.186809999999999948e-01 1.753061625869014369e-03
1.186844999999999983e-01 1.746977624192721200e-03
1.186880000000000018e-01 1.746977624192721200e-03
1.186915000000000053e-01 1.746977624192721200e-03
1.186949999999999950e-01 1.746977624192721200e-03
1.186984999999999985e-01 1.734809620840135295e-03
1.187020000000000020e-01 1.734809620840135295e-03
1.187055000000000055e-01 1.732202191550295334e-03
1.187089999999999951e-01 1.732202191550295334e-03
1.187124999999999986e-01 1.683530178139950846e-03
1.187160000000000021e-01 1.683530178139950846e-03
1.187195000000000056e-01 1.683530178139950846e-03
1.187229999999999952e-01 1.683530178139950846e-03
1.187264999999999987e-01 1.683530178139950846e-03
1.187300000000000022e-01 1.680922748850110886e-03
1.187335000000000057e-01 1.678315319560270925e-03
1.187369999999999953e-01 1.678315319560270925e-03
1.187404999999999988e-01 1.672231317883977973e-03
1.187440000000000023e-01 1.672231317883977973e-03
1.187475000000000058e-01 1.672231317883977973e-03
1.187509999999999954e-01 1.653110169758485433e-03
1.187544999999999989e-01 1.649633597372032225e-03
1.187580000000000024e-01 1.648764454275418977e-03
1.187615000000000059e-01 1.648764454275418977e-03
1.187649999999999956e-01 1.648764454275418977e-03
1.187684999999999991e-01 1.648764454275418977e-03
1.187720000000000026e-01 1.633989021632993111e-03
1.187755000000000061e-01 1.633989021632993111e-03
1.187789999999999957e-01 1.624428447570246733e-03
1.187824999999999992e-01 1.624428447570246733e-03
1.187860000000000027e-01 1.624428447570246733e-03
1.187895000000000062e-01 1.623559304473633485e-03
1.187929999999999958e-01 1.623559304473633485e-03
1.187964999999999993e-01 1.623559304473633485e-03
1.188000000000000028e-01 1.612260444217660611e-03
1.188035000000000063e-01 1.606176442541367658e-03
1.188069999999999959e-01 1.603569013251527698e-03
1.188104999999999994e-01 1.603569013251527698e-03
1.188140000000000029e-01 1.603569013251527698e-03
1.188175000000000064e-01 1.571410718676835789e-03
1.188209999999999961e-01 1.571410718676835789e-03
1.188244999999999996e-01 1.571410718676835789e-03
1.188280000000000031e-01 1.571410718676835789e-03
1.188315000000000066e-01 1.571410718676835789e-03
1.188349999999999962e-01 1.571410718676835789e-03
1.188384999999999997e-01 1.567065003193769549e-03
1.188420000000000032e-01 1.567065003193769549e-03
1.188454999999999928e-01 1.562719287710702875e-03
1.188489999999999963e-01 1.562719287710702875e-03
1.188524999999999998e-01 1.562719287710702875e-03
1.188560000000000033e-01 1.559242715324249667e-03
1.188595000000000068e-01 1.536644994812304136e-03
1.188629999999999964e-01 1.506224986430838722e-03
1.188664999999999999e-01 1.503617557140998979e-03
1.188700000000000034e-01 1.503617557140998979e-03
1.188734999999999931e-01 1.503617557140998979e-03
1.188769999999999966e-01 1.503617557140998979e-03
1.188805000000000001e-01 1.503617557140998979e-03
1.188840000000000036e-01 1.503617557140998979e-03
1.188875000000000071e-01 1.493187839981639353e-03
1.188909999999999967e-01 1.493187839981639353e-03
1.188945000000000002e-01 1.493187839981639353e-03
1.188980000000000037e-01 1.484496409015506439e-03
1.189014999999999933e-01 1.479281550435826735e-03
1.189049999999999968e-01 1.479281550435826735e-03
1.189085000000000003e-01 1.474066691856146813e-03
1.189120000000000038e-01 1.474066691856146813e-03
1.189154999999999934e-01 1.472328405662920317e-03
1.189189999999999969e-01 1.451468971344201065e-03
1.189225000000000004e-01 1.447992398957748074e-03
1.189260000000000039e-01 1.447992398957748074e-03
1.189294999999999936e-01 1.447992398957748074e-03
1.189329999999999971e-01 1.431478680122095712e-03
1.189365000000000006e-01 1.428002107735642286e-03
1.189400000000000041e-01 1.428002107735642286e-03
1.189434999999999937e-01 1.384544952904977503e-03
1.189469999999999972e-01 1.384544952904977503e-03
1.189505000000000007e-01 1.330658080914953311e-03
1.189540000000000042e-01 1.330658080914953311e-03
1.189574999999999938e-01 1.330658080914953311e-03
1.189609999999999973e-01 1.330658080914953311e-03
1.189645000000000008e-01 1.330658080914953311e-03
1.189680000000000043e-01 1.330658080914953311e-03
1.189714999999999939e-01 1.324574079238660359e-03
1.189749999999999974e-01 1.324574079238660359e-03
1.189785000000000009e-01 1.314144362079300733e-03
1.189820000000000044e-01 1.314144362079300733e-03
1.189854999999999940e-01 1.314144362079300733e-03
1.189889999999999975e-01 1.314144362079300733e-03
1.189925000000000010e-01 1.314144362079300733e-03
1.189960000000000045e-01 1.314144362079300733e-03
1.189994999999999942e-01 1.314144362079300733e-03
1.190029999999999977e-01 1.314144362079300733e-03
1.190065000000000012e-01 1.305452931113167819e-03
1.190100000000000047e-01 1.305452931113167819e-03
1.190134999999999943e-01 1.305452931113167819e-03
1.190169999999999978e-01 1.300238072533488115e-03
1.190205000000000013e-01 1.299368929436874650e-03
1.190240000000000048e-01 1.299368929436874650e-03
1.190274999999999944e-01 1.299368929436874650e-03
1.190309999999999979e-01 1.299368929436874650e-03
1.190345000000000014e-01 1.288070069180901993e-03
1.190380000000000049e-01 1.235052340287491049e-03
1.190414999999999945e-01 1.235052340287491049e-03
1.190449999999999980e-01 1.235052340287491049e-03
1.190485000000000015e-01 1.235052340287491049e-03
1.190520000000000050e-01 1.235052340287491049e-03
1.190554999999999947e-01 1.190726042360213018e-03
1.190589999999999982e-01 1.190726042360213018e-03
1.190625000000000017e-01 1.190726042360213018e-03
1.190660000000000052e-01 1.190726042360213018e-03
1.190694999999999948e-01 1.188987756166986522e-03
1.190729999999999983e-01 1.180296325200853608e-03
1.190765000000000018e-01 1.180296325200853608e-03
1.190800000000000053e-01 1.180296325200853608e-03
1.190834999999999949e-01 1.178558039007626896e-03
1.190869999999999984e-01 1.178558039007626896e-03
1.190905000000000019e-01 1.178558039007626896e-03
1.190940000000000054e-01 1.178558039007626896e-03
1.190974999999999950e-01 1.175950609717786935e-03
1.191009999999999985e-01 1.174212323524560439e-03
1.191045000000000020e-01 1.170735751138107230e-03
1.191080000000000055e-01 1.170735751138107230e-03
1.191114999999999952e-01 1.170735751138107230e-03
1.191149999999999987e-01 1.168997464944880734e-03
1.191185000000000022e-01 1.166390035655040774e-03
1.191220000000000057e-01 1.166390035655040774e-03
1.191254999999999953e-01 1.166390035655040774e-03
1.191289999999999988e-01 1.166390035655040774e-03
1.191325000000000023e-01 1.166390035655040774e-03
1.191360000000000058e-01 1.166390035655040774e-03
1.191394999999999954e-01 1.166390035655040774e-03
1.191429999999999989e-01 1.166390035655040774e-03
1.191465000000000024e-01 1.166390035655040774e-03
1.191500000000000059e-01 1.166390035655040774e-03
1.191534999999999955e-01 1.166390035655040774e-03
1.191569999999999990e-01 1.166390035655040774e-03
1.191605000000000025e-01 1.166390035655040774e-03
1.191640000000000060e-01 1.149007173722774947e-03
1.191674999999999957e-01 1.149007173722774947e-03
1.191709999999999992e-01 1.149007173722774947e-03
1.191745000000000027e-01 1.149007173722774947e-03
1.191780000000000062e-01 1.149007173722774947e-03
1.191814999999999958e-01 1.148138030626161699e-03
1.191849999999999993e-01 1.136839170370188825e-03
1.191885000000000028e-01 1.135100884176962113e-03
1.191920000000000063e-01 1.135100884176962113e-03
1.191954999999999959e-01 1.135100884176962113e-03
1.191989999999999994e-01 1.122063737727762743e-03
1.192025000000000029e-01 1.122063737727762743e-03
1.192060000000000064e-01 1.122063737727762743e-03
1.192094999999999960e-01 1.103811732698883668e-03
1.192129999999999995e-01 1.103811732698883668e-03
1.192165000000000030e-01 1.070784295027578511e-03
1.192200000000000065e-01 1.053401433095312468e-03
1.192234999999999961e-01 1.051663146902085972e-03
1.192269999999999996e-01 1.051663146902085972e-03
1.192305000000000031e-01 1.049924860708859259e-03
1.192340000000000066e-01 1.049924860708859259e-03
1.192374999999999963e-01 1.049924860708859259e-03
1.192409999999999998e-01 1.049924860708859259e-03
1.192445000000000033e-01 1.049924860708859259e-03
1.192480000000000068e-01 1.049924860708859259e-03
1.192514999999999964e-01 1.049924860708859259e-03
1.192549999999999999e-01 1.049924860708859259e-03
1.192585000000000034e-01 1.049924860708859259e-03
1.192620000000000069e-01 1.047317431419019515e-03
1.192654999999999965e-01 1.047317431419019515e-03
1.192690000000000000e-01 1.047317431419019515e-03
1.192725000000000035e-01 1.045579145225792803e-03
1.192760000000000070e-01 1.045579145225792803e-03
1.192794999999999966e-01 1.045579145225792803e-03
1.192830000000000001e-01 1.033411141873206681e-03
1.192865000000000036e-01 1.033411141873206681e-03
1.192900000000000071e-01 1.033411141873206681e-03
1.192934999999999968e-01 1.033411141873206681e-03
1.192970000000000003e-01 1.033411141873206681e-03
1.193005000000000038e-01 1.033411141873206681e-03
1.193039999999999934e-01 1.033411141873206681e-03
1.193074999999999969e-01 1.033411141873206681e-03
1.193110000000000004e-01 1.026457997100300480e-03
1.193145000000000039e-01 1.026457997100300480e-03
1.193180000000000074e-01 1.026457997100300480e-03
1.193214999999999970e-01 1.026457997100300480e-03
1.193250000000000005e-01 1.026457997100300480e-03
1.193285000000000040e-01 1.026457997100300480e-03
1.193319999999999936e-01 1.024719710907073767e-03
1.193354999999999971e-01 1.024719710907073767e-03
1.193390000000000006e-01 1.024719710907073767e-03
1.193425000000000041e-01 1.020373995424007311e-03
1.193459999999999938e-01 1.020373995424007311e-03
1.193494999999999973e-01 1.020373995424007311e-03
1.193530000000000008e-01 1.020373995424007311e-03
1.193565000000000043e-01 1.020373995424007311e-03
1.193599999999999939e-01 1.020373995424007311e-03
1.193634999999999974e-01 1.017766566134167350e-03
1.193670000000000009e-01 1.017766566134167350e-03
1.193705000000000044e-01 1.011682564457874398e-03
1.193739999999999940e-01 1.008205992071421189e-03
1.193774999999999975e-01 1.008205992071421189e-03
1.193810000000000010e-01 1.008205992071421189e-03
1.193845000000000045e-01 1.008205992071421189e-03
1.193879999999999941e-01 1.003860276588354732e-03
1.193914999999999976e-01 1.003860276588354732e-03
1.193950000000000011e-01 1.003860276588354732e-03
1.193985000000000046e-01 1.003860276588354732e-03
1.194019999999999943e-01 9.734402682068894275e-04
1.194054999999999978e-01 9.499734045983305401e-04
1.194090000000000013e-01 9.325905426660646052e-04
1.194125000000000048e-01 9.212916824100918396e-04
1.194159999999999944e-01 9.212916824100918396e-04
1.194194999999999979e-01 9.212916824100918396e-04
1.194230000000000014e-01 9.212916824100918396e-04
1.194265000000000049e-01 9.212916824100918396e-04
1.194299999999999945e-01 9.212916824100918396e-04
1.194334999999999980e-01 9.212916824100918396e-04
1.194370000000000015e-01 8.787036706760404129e-04
1.194405000000000050e-01 8.787036706760404129e-04
1.194439999999999946e-01 8.787036706760404129e-04
1.194474999999999981e-01 8.760962413862005606e-04
1.194510000000000016e-01 8.760962413862005606e-04
1.194545000000000051e-01 8.760962413862005606e-04
1.194579999999999947e-01 8.760962413862005606e-04
1.194614999999999982e-01 8.760962413862005606e-04
1.194650000000000017e-01 8.534985208742548127e-04
1.194685000000000052e-01 8.534985208742548127e-04
1.194719999999999949e-01 8.534985208742548127e-04
1.194754999999999984e-01 8.465453761013485038e-04
1.194790000000000019e-01 8.300316572656959253e-04
1.194825000000000054e-01 8.300316572656959253e-04
1.194859999999999950e-01 8.300316572656959253e-04
1.194894999999999985e-01 8.300316572656959253e-04
1.194930000000000020e-01 8.300316572656959253e-04
1.194965000000000055e-01 8.300316572656959253e-04
1.194999999999999951e-01 8.300316572656959253e-04
1.195034999999999986e-01 8.300316572656959253e-04
1.195070000000000021e-01 8.300316572656959253e-04
1.195105000000000056e-01 8.300316572656959253e-04
1.195139999999999952e-01 8.230785124927896164e-04
1.195174999999999987e-01 8.230785124927896164e-04
1.195210000000000022e-01 8.230785124927896164e-04
1.195245000000000057e-01 8.230785124927896164e-04
1.195279999999999954e-01 8.230785124927896164e-04
1.195314999999999989e-01 8.117796522368167424e-04
1.195350000000000024e-01 8.117796522368167424e-04
1.195385000000000059e-01 8.117796522368167424e-04
1.195419999999999955e-01 8.117796522368167424e-04
1.195454999999999990e-01 8.117796522368167424e-04
1.195490000000000025e-01 8.117796522368167424e-04
1.195525000000000060e-01 8.117796522368167424e-04
1.195559999999999956e-01 8.117796522368167424e-04
1.195594999999999991e-01 8.117796522368167424e-04
1.195630000000000026e-01 8.117796522368167424e-04
1.195665000000000061e-01 8.117796522368167424e-04
1.195699999999999957e-01 8.117796522368167424e-04
1.195734999999999992e-01 8.117796522368167424e-04
1.195770000000000027e-01 8.117796522368167424e-04
1.195805000000000062e-01 8.109105091402034945e-04
1.195839999999999959e-01 8.109105091402034945e-04
1.195874999999999994e-01 8.109105091402034945e-04
1.195910000000000029e-01 7.970042195943907682e-04
1.195945000000000064e-01 7.970042195943907682e-04
1.195979999999999960e-01 7.970042195943907682e-04
1.196014999999999995e-01 7.970042195943907682e-04
1.196050000000000030e-01 7.970042195943907682e-04
1.196085000000000065e-01 7.943967903045508075e-04
1.196119999999999961e-01 7.048750513533816060e-04
1.196154999999999996e-01 7.048750513533816060e-04
1.196190000000000031e-01 7.048750513533816060e-04
1.196225000000000066e-01 7.005293358703151493e-04
1.196259999999999962e-01 6.961836203872485843e-04
1.196294999999999997e-01 6.961836203872485843e-04
1.196330000000000032e-01 6.961836203872485843e-04
1.196365000000000067e-01 6.857539032278891751e-04
1.196399999999999963e-01 6.814081877448227185e-04
1.196434999999999998e-01 6.814081877448227185e-04
1.196470000000000034e-01 6.779316153583694014e-04
1.196505000000000069e-01 6.779316153583694014e-04
1.196539999999999965e-01 6.744550429719163012e-04
1.196575000000000000e-01 6.744550429719163012e-04
1.196610000000000035e-01 6.735858998753029448e-04
1.196645000000000070e-01 6.735858998753029448e-04
1.196679999999999966e-01 6.735858998753029448e-04
1.196715000000000001e-01 6.735858998753029448e-04
1.196750000000000036e-01 6.735858998753029448e-04
1.196785000000000071e-01 6.735858998753029448e-04
1.196819999999999967e-01 6.735858998753029448e-04
1.196855000000000002e-01 6.735858998753029448e-04
1.196890000000000037e-01 6.735858998753029448e-04
1.196925000000000072e-01 6.735858998753029448e-04
1.196959999999999968e-01 6.735858998753029448e-04
1.196995000000000003e-01 6.735858998753029448e-04
1.197030000000000038e-01 6.735858998753029448e-04
1.197065000000000073e-01 6.718476136820763405e-04
1.197099999999999970e-01 6.718476136820763405e-04
1.197135000000000005e-01 6.718476136820763405e-04
1.197170000000000040e-01 6.718476136820763405e-04
1.197205000000000075e-01 6.640253258125566752e-04
1.197239999999999971e-01 6.631561827159434272e-04
1.197275000000000006e-01 6.631561827159434272e-04
1.197310000000000041e-01 6.631561827159434272e-04
1.197344999999999937e-01 6.527264655565839097e-04
1.197379999999999972e-01 6.527264655565839097e-04
1.197415000000000007e-01 6.527264655565839097e-04
1.197450000000000042e-01 6.353436036243180832e-04
1.197485000000000077e-01 6.353436036243180832e-04
1.197519999999999973e-01 6.353436036243180832e-04
1.197555000000000008e-01 6.214373140785053569e-04
1.197590000000000043e-01 6.214373140785053569e-04
1.197624999999999940e-01 6.214373140785053569e-04
1.197659999999999975e-01 6.136150262089856916e-04
1.197695000000000010e-01 6.136150262089856916e-04
1.197730000000000045e-01 6.075310245326926307e-04
1.197764999999999941e-01 6.075310245326926307e-04
1.197799999999999976e-01 6.075310245326926307e-04
1.197835000000000011e-01 6.075310245326926307e-04
1.197870000000000046e-01 6.075310245326926307e-04
1.197904999999999942e-01 6.075310245326926307e-04
1.197939999999999977e-01 5.866715902139735955e-04
1.197975000000000012e-01 5.866715902139735955e-04
1.198010000000000047e-01 5.866715902139735955e-04
1.198044999999999943e-01 5.866715902139735955e-04
1.198079999999999978e-01 5.866715902139735955e-04
1.198115000000000013e-01 5.866715902139735955e-04
1.198150000000000048e-01 5.814567316342937825e-04
1.198184999999999945e-01 5.814567316342937825e-04
1.198219999999999980e-01 5.814567316342937825e-04
1.198255000000000015e-01 5.814567316342937825e-04
1.198290000000000050e-01 5.814567316342937825e-04
1.198324999999999946e-01 5.814567316342937825e-04
1.198359999999999981e-01 5.814567316342937825e-04
1.198395000000000016e-01 5.814567316342937825e-04
1.198430000000000051e-01 5.779801592478405739e-04
1.198464999999999947e-01 5.779801592478405739e-04
1.198499999999999982e-01 5.779801592478405739e-04
1.198535000000000017e-01 5.779801592478405739e-04
1.198570000000000052e-01 5.779801592478405739e-04
1.198604999999999948e-01 5.736344437647741172e-04
1.198639999999999983e-01 5.718961575715475129e-04
1.198675000000000018e-01 5.718961575715475129e-04
1.198710000000000053e-01 5.605972973155747474e-04
1.198744999999999949e-01 5.605972973155747474e-04
1.198779999999999984e-01 5.605972973155747474e-04
1.198815000000000019e-01 5.605972973155747474e-04
1.198850000000000054e-01 5.605972973155747474e-04
1.198884999999999951e-01 5.336538613205625428e-04
1.198919999999999986e-01 5.336538613205625428e-04
1.198955000000000021e-01 5.336538613205625428e-04
1.198990000000000056e-01 5.075795684221638031e-04
1.199024999999999952e-01 5.075795684221638031e-04
1.199059999999999987e-01 5.075795684221638031e-04
1.199095000000000022e-01 5.075795684221638031e-04
1.199130000000000057e-01 5.041029960357105945e-04
1.199164999999999953e-01 4.971498512628042855e-04
1.199199999999999988e-01 4.971498512628042855e-04
1.199235000000000023e-01 4.971498512628042855e-04
1.199270000000000058e-01 4.971498512628042855e-04
1.199304999999999954e-01 4.971498512628042855e-04
1.199339999999999989e-01 4.971498512628042855e-04
1.199375000000000024e-01 4.606458412050459198e-04
1.199410000000000059e-01 4.606458412050459198e-04
1.199444999999999956e-01 4.519544102389129524e-04
1.199479999999999991e-01 4.510852671422997044e-04
1.199515000000000026e-01 4.510852671422997044e-04
1.199550000000000061e-01 4.510852671422997044e-04
1.199584999999999957e-01 4.510852671422997044e-04
1.199619999999999992e-01 4.510852671422997044e-04
1.199655000000000027e-01 4.510852671422997044e-04
1.199690000000000062e-01 4.510852671422997044e-04
1.199724999999999958e-01 4.432629792727800391e-04
1.199759999999999993e-01 4.432629792727800391e-04
1.199795000000000028e-01 4.432629792727800391e-04
1.199830000000000063e-01 4.432629792727800391e-04
1.199864999999999959e-01 4.432629792727800391e-04
1.199899999999999994e-01 4.432629792727800391e-04
1.199935000000000029e-01 4.432629792727800391e-04
1.199970000000000064e-01 4.432629792727800391e-04
1.200004999999999961e-01 4.432629792727800391e-04
1.200039999999999996e-01 4.432629792727800391e-04
1.200075000000000031e-01 4.432629792727800391e-04
1.200110000000000066e-01 4.432629792727800391e-04
1.200144999999999962e-01 4.432629792727800391e-04
1.200179999999999997e-01 4.432629792727800391e-04
1.200215000000000032e-01 4.415246930795534890e-04
1.200250000000000067e-01 4.154504001811545866e-04
1.200284999999999963e-01 4.154504001811545866e-04
1.200319999999999998e-01 4.111046846980881300e-04
1.200355000000000033e-01 4.111046846980881300e-04
1.200390000000000068e-01 4.102355416014748278e-04
1.200424999999999964e-01 4.050206830217950691e-04
1.200459999999999999e-01 4.050206830217950691e-04
1.200495000000000034e-01 4.050206830217950691e-04
1.200530000000000069e-01 4.050206830217950691e-04
1.200564999999999966e-01 4.050206830217950691e-04
1.200600000000000001e-01 4.050206830217950691e-04
1.200635000000000036e-01 4.050206830217950691e-04
1.200670000000000071e-01 4.050206830217950691e-04
1.200704999999999967e-01 4.050206830217950691e-04
1.200740000000000002e-01 4.050206830217950691e-04
1.200775000000000037e-01 4.024132537319551626e-04
1.200810000000000072e-01 4.024132537319551626e-04
1.200844999999999968e-01 4.024132537319551626e-04
1.200880000000000003e-01 4.024132537319551626e-04
1.200915000000000038e-01 4.024132537319551626e-04
1.200950000000000073e-01 4.024132537319551626e-04
1.200984999999999969e-01 3.815538194132361274e-04
1.201020000000000004e-01 3.815538194132361274e-04
1.201055000000000039e-01 3.815538194132361274e-04
1.201090000000000074e-01 3.815538194132361274e-04
1.201124999999999970e-01 3.798155332200095773e-04
1.201160000000000005e-01 3.798155332200095773e-04
1.201195000000000040e-01 3.702549591572633077e-04
1.201230000000000075e-01 3.702549591572633077e-04
1.201264999999999972e-01 3.702549591572633077e-04
1.201300000000000007e-01 3.702549591572633077e-04
1.201335000000000042e-01 3.702549591572633077e-04
1.201370000000000077e-01 3.702549591572633077e-04
1.201404999999999973e-01 3.702549591572633077e-04
1.201440000000000008e-01 3.702549591572633077e-04
1.201475000000000043e-01 3.702549591572633077e-04
1.201510000000000078e-01 3.702549591572633077e-04
1.201544999999999974e-01 3.693858160606500597e-04
1.201580000000000009e-01 3.693858160606500597e-04
1.201615000000000044e-01 3.693858160606500597e-04
1.201649999999999940e-01 3.693858160606500597e-04
1.201684999999999975e-01 3.693858160606500597e-04
1.201720000000000010e-01 3.693858160606500597e-04
1.201755000000000045e-01 3.693858160606500597e-04
1.201790000000000080e-01 3.693858160606500597e-04
1.201824999999999977e-01 3.693858160606500597e-04
1.201860000000000012e-01 3.693858160606500597e-04
1.201895000000000047e-01 3.693858160606500597e-04
1.201929999999999943e-01 3.693858160606500597e-04
1.201964999999999978e-01 3.693858160606500597e-04
1.202000000000000013e-01 3.693858160606500597e-04
# Ensemble: [13^+], idetect: 0.1178
1.171999999999999986e-01 1.046187545393422076e-02
1.172030000000000016e-01 1.046187545393422076e-02
1.172060000000000046e-01 1.046145076141762054e-02
1.172089999999999937e-01 1.043766798048799752e-02
1.172119999999999967e-01 1.027203789901384202e-02
1.172149999999999997e-01 1.013273875356891264e-02
1.172180000000000027e-01 1.010598312502308631e-02
1.172209999999999919e-01 1.008432380667646615e-02
1.172239999999999949e-01 1.003166193461801740e-02
1.172269999999999979e-01 1.000023468838958686e-02
1.172300000000000009e-01 9.919543110235512842e-03
1.172330000000000039e-01 9.919543110235512842e-03
1.172359999999999930e-01 9.919543110235512842e-03
1.172389999999999960e-01 9.912323337453305544e-03
1.172419999999999990e-01 9.910624567386904643e-03
1.172450000000000020e-01 9.900856639505094259e-03
1.172480000000000050e-01 9.831631759299229792e-03
1.172509999999999941e-01 9.781942734856982624e-03
1.172539999999999971e-01 9.744145100879546967e-03
1.172570000000000001e-01 9.744145100879546967e-03
1.172600000000000031e-01 9.717814164850322595e-03
1.172629999999999922e-01 9.702949926769307773e-03
1.172659999999999952e-01 9.614613883316424497e-03
1.172689999999999982e-01 9.614189190799824272e-03
1.172720000000000012e-01 9.549635928276564018e-03
1.172750000000000042e-01 9.538169230328352732e-03
1.172779999999999934e-01 9.504193829000322571e-03
1.172809999999999964e-01 9.489329590919307750e-03
1.172839999999999994e-01 9.460450499790480292e-03
1.172870000000000024e-01 9.335590899909963769e-03
1.172900000000000054e-01 9.335590899909963769e-03
1.172929999999999945e-01 9.335590899909963769e-03
1.172959999999999975e-01 9.309259963880739397e-03
1.172990000000000005e-01 9.254474629239286057e-03
1.173020000000000035e-01 9.250227704073283805e-03
1.173049999999999926e-01 9.247679548973680719e-03
1.173079999999999956e-01 9.247679548973680719e-03
1.173109999999999986e-01 9.209881914996245061e-03
1.173140000000000016e-01 9.167412663336205192e-03
1.173170000000000046e-01 9.127916259292368634e-03
1.173199999999999937e-01 9.075254387233919889e-03
1.173229999999999967e-01 9.068034614451712591e-03
1.173259999999999997e-01 9.068034614451712591e-03
1.173290000000000027e-01 8.958039252652209156e-03
1.173319999999999919e-01 8.914295923442368610e-03
1.173349999999999949e-01 8.910048998276364624e-03
1.173379999999999979e-01 8.862908128933720542e-03
1.173410000000000009e-01 8.862908128933720542e-03
1.173440000000000039e-01 8.862908128933720542e-03
1.173469999999999930e-01 8.859085896284316780e-03
1.173499999999999960e-01 8.755885614750420418e-03
1.173529999999999990e-01 8.732527526337397622e-03
1.173560000000000020e-01 8.732527526337397622e-03
1.173590000000000050e-01 8.710443515474177237e-03
1.173619999999999941e-01 8.699401510042566177e-03
1.173649999999999971e-01 8.699401510042566177e-03
1.173680000000000001e-01 8.668398956330737593e-03
1.173710000000000031e-01 8.583460453010657853e-03
1.173739999999999922e-01 8.515934342871194287e-03
1.173769999999999952e-01 8.418255064053102588e-03
1.173799999999999982e-01 8.418255064053102588e-03
1.173830000000000012e-01 8.363894421928251208e-03
1.173860000000000042e-01 8.363894421928251208e-03
1.173889999999999934e-01 8.363894421928251208e-03
1.173919999999999964e-01 8.354975879079643009e-03
1.173949999999999994e-01 8.340536333515230147e-03
1.173980000000000024e-01 8.326096787950815550e-03
1.174010000000000054e-01 8.272160838342566130e-03
1.174039999999999945e-01 8.272160838342566130e-03
1.174069999999999975e-01 8.141780235746243211e-03
1.174100000000000005e-01 8.141780235746243211e-03
1.174130000000000035e-01 8.139656773163240350e-03
1.174159999999999926e-01 8.118422147333220415e-03
1.174189999999999956e-01 8.111202374551014851e-03
1.174219999999999986e-01 8.076802280706380996e-03
1.174250000000000016e-01 8.045375034477952186e-03
1.174280000000000046e-01 8.032634258979940226e-03
1.174309999999999937e-01 8.032634258979940226e-03
1.174339999999999967e-01 8.032634258979940226e-03
1.174369999999999997e-01 7.996535395068907204e-03
1.174400000000000027e-01 7.983794619570895243e-03
1.174430000000000057e-01 7.930708054995844539e-03
1.174459999999999948e-01 7.912446276782027915e-03
1.174489999999999978e-01 7.807122532665129559e-03
1.174520000000000008e-01 7.683112317817812620e-03
1.174550000000000038e-01 7.683112317817812620e-03
1.174579999999999930e-01 7.683112317817812620e-03
1.174609999999999960e-01 7.609640512445943299e-03
1.174639999999999990e-01 7.550608252638487707e-03
1.174670000000000020e-01 7.526400779192265328e-03
1.174700000000000050e-01 7.275407501881429873e-03
1.174729999999999941e-01 7.243980255653000196e-03
1.174759999999999971e-01 7.229965402605186692e-03
1.174790000000000001e-01 7.182399840745942385e-03
1.174820000000000031e-01 7.167535602664928431e-03
1.174849999999999922e-01 7.167535602664928431e-03
1.174879999999999952e-01 7.156068904716717145e-03
1.174909999999999982e-01 7.139505896569302290e-03
1.174940000000000012e-01 7.097461337425862646e-03
1.174970000000000042e-01 7.097461337425862646e-03
1.174999999999999933e-01 7.094063797293059109e-03
1.175029999999999963e-01 7.034182152452403067e-03
1.175059999999999993e-01 6.984493128010155899e-03
1.175090000000000023e-01 6.939051028733913586e-03
1.175120000000000053e-01 6.928858408335503843e-03
1.175149999999999945e-01 6.906349704955683233e-03
1.175179999999999975e-01 6.906349704955683233e-03
1.175210000000000005e-01 6.906349704955683233e-03
1.175240000000000035e-01 6.902102779789679246e-03
1.175269999999999926e-01 6.902102779789679246e-03
1.175299999999999956e-01 6.832453207067213687e-03
1.175329999999999986e-01 6.819712431569201726e-03
1.175360000000000016e-01 6.811643273753793977e-03
1.175390000000000046e-01 6.811643273753793977e-03
1.175419999999999937e-01 6.778941949975563624e-03
1.175449999999999967e-01 6.756008554079141054e-03
1.175479999999999997e-01 6.752186321429738160e-03
1.175510000000000027e-01 6.704196067053893628e-03
1.175540000000000057e-01 6.635395879364629386e-03
1.175569999999999948e-01 6.625627951482819002e-03
1.175599999999999978e-01 6.625627951482819002e-03
1.175630000000000008e-01 6.625627951482819002e-03
1.175660000000000038e-01 6.602694555586398166e-03
1.175689999999999930e-01 6.602694555586398166e-03
1.175719999999999960e-01 6.602694555586398166e-03
1.175749999999999990e-01 6.543662295778942574e-03
1.175780000000000020e-01 6.543662295778942574e-03
1.175810000000000050e-01 6.533469675380532832e-03
1.175839999999999941e-01 6.530921520280929746e-03
1.175869999999999971e-01 6.530921520280929746e-03
1.175900000000000001e-01 6.530921520280929746e-03
1.175930000000000031e-01 6.504590584251706241e-03
1.175959999999999922e-01 6.496946118952898717e-03
1.175989999999999952e-01 6.496521426436298492e-03
1.176019999999999982e-01 6.492699193786893863e-03
1.176050000000000012e-01 6.492699193786893863e-03
1.176080000000000042e-01 6.489301653654092061e-03
1.176109999999999933e-01 6.473588030539877657e-03
1.176139999999999963e-01 6.473588030539877657e-03
1.176169999999999993e-01 6.473588030539877657e-03
1.176200000000000023e-01 6.410308845566417210e-03
1.176230000000000053e-01 6.403089072784210779e-03
1.176259999999999944e-01 6.373360596622182871e-03
1.176289999999999975e-01 6.269735622571685416e-03
1.176320000000000005e-01 6.262940542306079210e-03
1.176350000000000035e-01 6.209004592697828923e-03
1.176379999999999926e-01 6.209004592697828923e-03
1.176409999999999956e-01 6.209004592697828923e-03
1.176439999999999986e-01 6.094337613215721275e-03
1.176470000000000016e-01 6.088391917983315520e-03
1.176500000000000046e-01 6.064609137053692499e-03
1.176529999999999937e-01 6.058238749304687386e-03
1.176559999999999967e-01 6.032757198308662597e-03
1.176589999999999997e-01 6.025537425526456166e-03
1.176620000000000027e-01 6.025537425526456166e-03
1.176650000000000057e-01 6.004727492213036456e-03
1.176679999999999948e-01 5.986465713999218966e-03
1.176709999999999978e-01 5.959285392936794143e-03
1.176740000000000008e-01 5.955887852803991474e-03
1.176770000000000038e-01 5.930406301807966685e-03
1.176799999999999929e-01 5.929556916774766234e-03
1.176829999999999959e-01 5.929556916774766234e-03
1.176859999999999989e-01 5.929556916774766234e-03
1.176890000000000019e-01 5.918090218826554949e-03
1.176920000000000049e-01 5.903225980745540995e-03
1.176949999999999941e-01 5.847591261070888939e-03
1.176979999999999971e-01 5.847591261070888939e-03
1.177010000000000001e-01 5.792381233912837109e-03
1.177040000000000031e-01 5.791956541396236884e-03
1.177069999999999922e-01 5.746089749603393478e-03
1.177099999999999952e-01 5.741418131920789265e-03
1.177129999999999982e-01 5.741418131920789265e-03
1.177160000000000012e-01 5.628025229988483161e-03
1.177190000000000042e-01 5.620805457206275862e-03
1.177219999999999933e-01 5.620380764689675637e-03
1.177249999999999963e-01 5.618681994623273869e-03
1.177279999999999993e-01 5.498918704941961784e-03
1.177310000000000023e-01 5.498918704941961784e-03
1.177340000000000053e-01 5.393594960825062561e-03
1.177369999999999944e-01 5.363017099629835069e-03
1.177399999999999974e-01 5.363017099629835069e-03
1.177430000000000004e-01 5.354098556781225135e-03
1.177460000000000034e-01 5.340933088766613816e-03
1.177489999999999926e-01 5.340933088766613816e-03
1.177519999999999956e-01 5.340933088766613816e-03
1.177549999999999986e-01 5.290394679291166198e-03
1.177580000000000016e-01 5.236883422199516136e-03
1.177610000000000046e-01 5.236883422199516136e-03
1.177639999999999937e-01 5.236883422199516136e-03
1.177669999999999967e-01 5.236883422199516136e-03
1.177699999999999997e-01 5.141752298481026655e-03
1.177730000000000027e-01 5.141752298481026655e-03
1.177760000000000057e-01 5.064458260459753572e-03
1.177789999999999948e-01 5.064033567943153347e-03
1.177819999999999978e-01 5.058512565227348684e-03
1.177850000000000008e-01 5.051292792445142253e-03
1.177880000000000038e-01 5.026660626482318782e-03
1.177909999999999929e-01 5.026660626482318782e-03
1.177939999999999959e-01 5.026660626482318782e-03
1.177969999999999989e-01 5.017742083633709715e-03
1.178000000000000019e-01 5.014769236017507271e-03
1.178030000000000049e-01 4.997356842836891098e-03
1.178059999999999941e-01 4.997356842836891098e-03
1.178089999999999971e-01 4.965929596608461422e-03
1.178120000000000001e-01 4.965929596608461422e-03
1.178150000000000031e-01 4.949791280977646792e-03
1.178180000000000061e-01 4.947243125878044573e-03
1.178209999999999952e-01 4.947243125878044573e-03
1.178239999999999982e-01 4.947243125878044573e-03
1.178270000000000012e-01 4.947243125878044573e-03
1.178300000000000042e-01 4.905198566734604061e-03
1.178329999999999933e-01 4.893307176269793418e-03
1.178359999999999963e-01 4.891608406203391650e-03
1.178389999999999993e-01 4.875470090572576153e-03
1.178420000000000023e-01 4.872921935472973934e-03
1.178450000000000053e-01 4.866126855207367728e-03
1.178479999999999944e-01 4.861879930041363741e-03
1.178509999999999974e-01 4.821109448447725640e-03
1.178540000000000004e-01 4.821109448447725640e-03
1.178570000000000034e-01 4.807519287916513229e-03
1.178599999999999925e-01 4.807519287916513229e-03
1.178629999999999955e-01 4.793079742352099500e-03
1.178659999999999985e-01 4.793079742352099500e-03
1.178690000000000015e-01 4.770571038972278022e-03
1.178720000000000045e-01 4.770571038972278022e-03
1.178749999999999937e-01 4.687755998235200276e-03
1.178779999999999967e-01 4.670343605054584103e-03
1.178809999999999997e-01 4.670343605054584103e-03
1.178840000000000027e-01 4.659301599622973911e-03
1.178870000000000057e-01 4.635518818693351757e-03
1.178899999999999948e-01 4.635518818693351757e-03
1.178929999999999978e-01 4.563321090871283979e-03
1.178960000000000008e-01 4.557800088155478449e-03
1.178990000000000038e-01 4.550155622856671793e-03
1.179019999999999929e-01 4.550155622856671793e-03
1.179049999999999959e-01 4.550155622856671793e-03
1.179079999999999989e-01 4.515330836495438580e-03
1.179110000000000019e-01 4.499617213381223307e-03
1.179140000000000049e-01 4.472012199802197392e-03
1.179169999999999940e-01 4.472012199802197392e-03
1.179199999999999970e-01 4.469039352185994948e-03
1.179230000000000000e-01 4.469039352185994948e-03
1.179260000000000030e-01 4.387923081515318971e-03
1.179290000000000060e-01 4.364140300585696818e-03
1.179319999999999952e-01 4.362016838002694824e-03
1.179349999999999982e-01 4.356071142770289069e-03
1.179380000000000012e-01 4.340357519656073797e-03
1.179410000000000042e-01 4.340357519656073797e-03
1.179439999999999933e-01 4.333562439390468458e-03
1.179469999999999963e-01 4.314451276143450517e-03
1.179499999999999993e-01 4.305957425811442543e-03
1.179530000000000023e-01 4.285996877531223284e-03
1.179560000000000053e-01 4.285996877531223284e-03
1.179589999999999944e-01 4.274105487066411774e-03
1.179619999999999974e-01 4.274105487066411774e-03
1.179650000000000004e-01 4.268584484350607111e-03
1.179680000000000034e-01 4.260090634018599137e-03
1.179709999999999925e-01 4.229937465339971003e-03
1.179739999999999955e-01 4.198510219111541326e-03
1.179769999999999985e-01 4.139477959304085734e-03
1.179800000000000015e-01 4.135231034138081747e-03
1.179830000000000045e-01 4.135231034138081747e-03
1.179859999999999937e-01 4.116544563407664031e-03
1.179889999999999967e-01 4.116544563407664031e-03
1.179919999999999997e-01 4.110174175658658051e-03
1.179950000000000027e-01 4.078322236913628149e-03
1.179980000000000057e-01 3.995082503659950178e-03
1.180009999999999948e-01 3.992959041076948185e-03
1.180039999999999978e-01 3.992534348560347959e-03
1.180070000000000008e-01 3.981067650612136674e-03
1.180100000000000038e-01 3.979793573062335998e-03
1.180129999999999929e-01 3.963655257431520501e-03
1.180159999999999959e-01 3.946667556767504553e-03
1.180189999999999989e-01 3.904198305107464684e-03
1.180220000000000019e-01 3.903773612590864459e-03
1.180250000000000049e-01 3.903773612590864459e-03
1.180279999999999940e-01 3.843042582717007532e-03
1.180309999999999970e-01 3.825630189536391359e-03
1.180340000000000000e-01 3.803121486156569881e-03
1.180370000000000030e-01 3.803121486156569881e-03
1.180400000000000060e-01 3.799723946023766778e-03
1.180429999999999952e-01 3.779338705226947728e-03
1.180459999999999982e-01 3.742815148799313180e-03
1.180490000000000012e-01 3.737718838600108742e-03
1.180520000000000042e-01 3.737294146083508083e-03
1.180549999999999933e-01 3.733896605950704981e-03
1.180579999999999963e-01 3.728800295751500109e-03
1.180609999999999993e-01 3.728800295751500109e-03
1.180640000000000023e-01 3.723703985552295672e-03
1.180670000000000053e-01 3.716059520253488582e-03
1.180699999999999944e-01 3.712661980120685046e-03
1.180729999999999974e-01 3.694824894423468214e-03
1.180760000000000004e-01 3.684207581508458246e-03
1.180790000000000034e-01 3.679535963825853601e-03
1.180819999999999925e-01 3.666795188327842073e-03
1.180849999999999955e-01 3.653629720313229887e-03
1.180879999999999985e-01 3.653629720313229887e-03
1.180910000000000015e-01 3.639190174748816158e-03
1.180940000000000045e-01 3.635792634616012622e-03
1.180969999999999936e-01 3.601817233287981160e-03
1.180999999999999966e-01 3.601817233287981160e-03
1.181029999999999996e-01 3.587377687723567431e-03
1.181060000000000026e-01 3.573362834675754360e-03
1.181090000000000056e-01 3.551278823812533975e-03
1.181119999999999948e-01 3.550854131295933750e-03
1.181149999999999978e-01 3.525797272816509620e-03
1.181180000000000008e-01 3.525797272816509620e-03
1.181210000000000038e-01 3.525372580299909395e-03
1.181239999999999929e-01 3.510083649702295215e-03
1.181269999999999959e-01 3.489273716388875506e-03
1.181299999999999989e-01 3.485451483739472178e-03
1.181330000000000019e-01 3.485451483739472178e-03
1.181360000000000049e-01 3.482903328639869525e-03
1.181389999999999940e-01 3.478231710957264879e-03
1.181419999999999970e-01 3.405184598101996217e-03
1.181450000000000000e-01 3.351673341010346155e-03
1.181480000000000030e-01 3.349125185910743936e-03
1.181510000000000060e-01 3.335535025379531091e-03
1.181539999999999951e-01 3.323218942398119789e-03
1.181569999999999981e-01 3.320246094781916478e-03
1.181600000000000011e-01 3.317273247165713600e-03
1.181630000000000041e-01 3.315149784582712041e-03
1.181659999999999933e-01 3.312601629483109822e-03
1.181689999999999963e-01 3.312601629483109822e-03
1.181719999999999993e-01 3.288394156036887010e-03
1.181750000000000023e-01 3.288394156036887010e-03
1.181780000000000053e-01 3.251870599609252895e-03
1.181809999999999944e-01 3.245924904376846706e-03
1.181839999999999974e-01 3.245924904376846706e-03
1.181870000000000004e-01 3.236581669011638282e-03
1.181900000000000034e-01 3.233184128878835179e-03
1.181929999999999925e-01 3.231485358812433411e-03
1.181959999999999955e-01 3.168206173838974266e-03
1.181989999999999985e-01 3.151218473174958318e-03
1.182020000000000015e-01 3.146971548008953897e-03
1.182050000000000045e-01 3.146971548008953897e-03
1.182079999999999936e-01 3.115544301780524654e-03
1.182109999999999966e-01 3.115544301780524654e-03
1.182139999999999996e-01 3.115544301780524654e-03
1.182170000000000026e-01 3.104926988865514687e-03
1.182200000000000056e-01 3.104926988865514687e-03
1.182229999999999948e-01 3.103228218799112918e-03
1.182259999999999978e-01 3.102803526282512693e-03
1.182290000000000008e-01 3.099830678666309815e-03
1.182320000000000038e-01 3.087939288201498739e-03
1.182349999999999929e-01 3.051840424290464850e-03
1.182379999999999959e-01 3.021262563095236057e-03
1.182409999999999989e-01 3.017865022962432954e-03
1.182440000000000019e-01 3.014042790313029626e-03
1.182470000000000049e-01 3.012344020246627424e-03
1.182499999999999940e-01 3.004699554947820334e-03
1.182529999999999970e-01 2.997904474682214129e-03
1.182560000000000000e-01 2.988561239317005704e-03
1.182590000000000030e-01 2.988561239317005704e-03
1.182620000000000060e-01 2.988561239317005704e-03
1.182649999999999951e-01 2.969025383553386670e-03
1.182679999999999981e-01 2.964353765870782892e-03
1.182710000000000011e-01 2.943119140040762957e-03
1.182740000000000041e-01 2.942694447524162298e-03
1.182769999999999933e-01 2.942694447524162298e-03
1.182799999999999963e-01 2.918486974077939486e-03
1.182829999999999993e-01 2.912541278845534164e-03
1.182860000000000023e-01 2.910842508779132396e-03
1.182890000000000053e-01 2.910842508779132396e-03
1.182919999999999944e-01 2.833123778241259522e-03
1.182949999999999974e-01 2.833123778241259522e-03
1.182980000000000004e-01 2.832274393208059071e-03
1.183010000000000034e-01 2.828876853075255535e-03
1.183040000000000064e-01 2.825904005459052657e-03
1.183069999999999955e-01 2.819108925193446451e-03
1.183099999999999985e-01 2.817410155127044683e-03
1.183130000000000015e-01 2.814437307510841806e-03
1.183160000000000045e-01 2.785133523865414122e-03
1.183189999999999936e-01 2.771543363334201277e-03
1.183219999999999966e-01 2.771543363334201277e-03
1.183249999999999996e-01 2.743938349755175796e-03
1.183280000000000026e-01 2.741814887172174236e-03
1.183310000000000056e-01 2.679809779748515766e-03
1.183339999999999947e-01 2.679809779748515766e-03
1.183369999999999977e-01 2.673864084516110011e-03
1.183400000000000007e-01 2.673864084516110011e-03
1.183430000000000037e-01 2.673864084516110011e-03
1.183459999999999929e-01 2.662397386567899593e-03
1.183489999999999959e-01 2.661548001534698275e-03
1.183519999999999989e-01 2.627572600206666813e-03
1.183550000000000019e-01 2.627572600206666813e-03
1.183580000000000049e-01 2.626298522656865270e-03
1.183609999999999940e-01 2.615681209741855737e-03
1.183639999999999970e-01 2.544332866952988409e-03
1.183670000000000000e-01 2.542634096886586641e-03
1.183700000000000030e-01 2.542634096886586641e-03
1.183730000000000060e-01 2.542634096886586641e-03
1.183759999999999951e-01 2.541784711853385757e-03
1.183789999999999981e-01 2.539661249270384197e-03
1.183820000000000011e-01 2.538811864237183313e-03
1.183850000000000041e-01 2.538811864237183313e-03
1.183879999999999932e-01 2.534140246554579100e-03
1.183909999999999962e-01 2.511206850658157397e-03
1.183939999999999992e-01 2.479354911913127495e-03
1.183970000000000022e-01 2.459819056149509329e-03
1.184000000000000052e-01 2.459819056149509329e-03
1.184029999999999944e-01 2.459819056149509329e-03
1.184059999999999974e-01 2.459819056149509329e-03
1.184090000000000004e-01 2.458969671116308445e-03
1.184120000000000034e-01 2.458969671116308445e-03
1.184150000000000064e-01 2.407581876607659942e-03
1.184179999999999955e-01 2.407581876607659942e-03
1.184209999999999985e-01 2.407581876607659942e-03
1.184240000000000015e-01 2.396964563692649975e-03
1.184270000000000045e-01 2.394416408593047756e-03
1.184299999999999936e-01 2.394416408593047756e-03
1.184329999999999966e-01 2.394416408593047756e-03
1.184359999999999996e-01 2.368934857597023835e-03
1.184390000000000026e-01 2.352796541966208337e-03
1.184420000000000056e-01 2.352371849449608112e-03
1.184449999999999947e-01 2.340905151501397694e-03
1.184479999999999977e-01 2.318396448121576216e-03
1.184510000000000007e-01 2.313300137922371779e-03
1.184540000000000037e-01 2.311601367855970011e-03
1.184570000000000067e-01 2.311601367855970011e-03
1.184599999999999959e-01 2.311601367855970011e-03
1.184629999999999989e-01 2.309902597789568243e-03
1.184660000000000019e-01 2.290791434542550301e-03
1.184690000000000049e-01 2.245774027782908213e-03
1.184719999999999940e-01 2.245774027782908213e-03
1.184749999999999970e-01 2.245774027782908213e-03
1.184780000000000000e-01 2.245774027782908213e-03
1.184810000000000030e-01 2.245774027782908213e-03
1.184840000000000060e-01 2.245774027782908213e-03
1.184869999999999951e-01 2.241102410100303567e-03
1.184899999999999981e-01 2.221991246853285626e-03
1.184930000000000011e-01 2.215196166587679420e-03
1.184960000000000041e-01 2.214346781554478970e-03
1.184989999999999932e-01 2.149368826514617623e-03
1.185019999999999962e-01 2.140874976182609649e-03
1.185049999999999992e-01 2.140874976182609649e-03
1.185080000000000022e-01 2.136203358500005436e-03
1.185110000000000052e-01 2.117516887769587720e-03
1.185139999999999944e-01 2.104776112271575760e-03
1.185169999999999974e-01 2.104776112271575760e-03
1.185200000000000004e-01 2.096282261939567786e-03
1.185230000000000034e-01 2.090761259223762689e-03
1.185260000000000064e-01 2.090761259223762689e-03
1.185289999999999955e-01 2.084390871474756709e-03
1.185319999999999985e-01 2.080568638825352947e-03
1.185350000000000015e-01 2.078445176242350954e-03
1.185380000000000045e-01 2.047017930013921710e-03
1.185409999999999936e-01 2.014316606235690924e-03
1.185439999999999966e-01 2.004548678353881841e-03
1.185469999999999996e-01 2.003274600804080732e-03
1.185500000000000026e-01 2.003274600804080732e-03
1.185530000000000056e-01 1.978642434841257694e-03
1.185559999999999947e-01 1.964627581793444190e-03
1.185589999999999977e-01 1.962928811727042422e-03
1.185620000000000007e-01 1.959955964110839978e-03
1.185650000000000037e-01 1.957832501527837984e-03
1.185680000000000067e-01 1.951037421262231562e-03
1.185709999999999958e-01 1.933625028081615172e-03
1.185739999999999988e-01 1.933625028081615172e-03
1.185770000000000018e-01 1.933625028081615172e-03
1.185800000000000048e-01 1.927679332849209634e-03
1.185829999999999940e-01 1.926829947816008750e-03
1.185859999999999970e-01 1.926829947816008750e-03
1.185890000000000000e-01 1.926829947816008750e-03
1.185920000000000030e-01 1.926829947816008750e-03
1.185950000000000060e-01 1.926829947816008750e-03
1.185979999999999951e-01 1.920884252583603211e-03
1.186009999999999981e-01 1.916212634900998782e-03
1.186040000000000011e-01 1.916212634900998782e-03
1.186070000000000041e-01 1.916212634900998782e-03
1.186099999999999932e-01 1.916212634900998782e-03
1.186129999999999962e-01 1.916212634900998782e-03
1.186159999999999992e-01 1.899224934236982834e-03
1.186190000000000022e-01 1.899224934236982834e-03
1.186220000000000052e-01 1.893279239004577079e-03
1.186249999999999943e-01 1.868222380525153600e-03
1.186279999999999973e-01 1.866948302975352490e-03
1.186310000000000003e-01 1.859303837676545400e-03
1.186340000000000033e-01 1.859303837676545400e-03
1.186370000000000063e-01 1.859303837676545400e-03
1.186399999999999955e-01 1.859303837676545400e-03
1.186429999999999985e-01 1.859303837676545400e-03
1.186460000000000015e-01 1.859303837676545400e-03
1.186490000000000045e-01 1.856755682576942965e-03
1.186519999999999936e-01 1.851234679861137869e-03
1.186549999999999966e-01 1.849111217278135658e-03
1.186579999999999996e-01 1.849111217278135658e-03
1.186610000000000026e-01 1.828725976481316608e-03
1.186640000000000056e-01 1.797723422769487590e-03
1.186669999999999947e-01 1.790503649987280725e-03
1.186699999999999977e-01 1.790503649987280725e-03
1.186730000000000007e-01 1.784982647271475412e-03
1.186760000000000037e-01 1.784982647271475412e-03
1.186790000000000067e-01 1.784982647271475412e-03
1.186819999999999958e-01 1.783283877205073861e-03
1.186849999999999988e-01 1.774790026873066104e-03
1.186880000000000018e-01 1.774790026873066104e-03
1.186910000000000048e-01 1.774790026873066104e-03
1.186939999999999940e-01 1.774365334356465661e-03
1.186969999999999970e-01 1.752706016009845285e-03
1.187000000000000000e-01 1.752706016009845285e-03
1.187030000000000030e-01 1.742088703094835317e-03
1.187060000000000060e-01 1.742088703094835317e-03
1.187089999999999951e-01 1.736567700379030004e-03
1.187119999999999981e-01 1.703866376600799435e-03
1.187150000000000011e-01 1.703866376600799435e-03
1.187180000000000041e-01 1.703866376600799435e-03
1.187209999999999932e-01 1.703866376600799435e-03
1.187239999999999962e-01 1.703866376600799435e-03
1.187269999999999992e-01 1.703866376600799435e-03
1.187300000000000022e-01 1.700044143951395890e-03
1.187330000000000052e-01 1.696646603818592570e-03
1.187359999999999943e-01 1.696646603818592570e-03
1.187389999999999973e-01 1.694523141235590794e-03
1.187420000000000003e-01 1.694098448718990135e-03
1.187450000000000033e-01 1.694098448718990135e-03
1.187480000000000063e-01 1.685604598386982378e-03
1.187509999999999954e-01 1.682207058254179275e-03
1.187539999999999984e-01 1.681357673220978391e-03
1.187570000000000014e-01 1.655026737191753585e-03
1.187600000000000044e-01 1.655026737191753585e-03
1.187629999999999936e-01 1.655026737191753585e-03
1.187659999999999966e-01 1.653327967125351817e-03
1.187689999999999996e-01 1.653327967125351817e-03
1.187720000000000026e-01 1.635066188911534759e-03
1.187750000000000056e-01 1.635066188911534759e-03
1.187779999999999947e-01 1.632942726328532983e-03
1.187809999999999977e-01 1.632518033811932324e-03
1.187840000000000007e-01 1.632518033811932324e-03
1.187870000000000037e-01 1.632518033811932324e-03
1.187900000000000067e-01 1.632093341295332099e-03
1.187929999999999958e-01 1.632093341295332099e-03
1.187959999999999988e-01 1.628695801162528996e-03
1.187990000000000018e-01 1.607461175332508844e-03
1.188020000000000048e-01 1.604063635199705958e-03
1.188049999999999939e-01 1.604063635199705958e-03
1.188079999999999969e-01 1.604063635199705958e-03
1.188109999999999999e-01 1.604063635199705958e-03
1.188140000000000029e-01 1.597693247450699761e-03
1.188170000000000059e-01 1.593021629768095549e-03
1.188199999999999951e-01 1.591747552218294223e-03
1.188229999999999981e-01 1.591322859701693780e-03
1.188260000000000011e-01 1.591322859701693780e-03
1.188290000000000041e-01 1.591322859701693780e-03
1.188319999999999932e-01 1.582404316853085581e-03
1.188349999999999962e-01 1.581130239303284255e-03
1.188379999999999992e-01 1.581130239303284255e-03
1.188410000000000022e-01 1.581130239303284255e-03
1.188440000000000052e-01 1.580705546786684030e-03
1.188469999999999943e-01 1.580705546786684030e-03
1.188499999999999973e-01 1.580705546786684030e-03
1.188530000000000003e-01 1.579006776720282262e-03
1.188560000000000033e-01 1.560320305989864762e-03
1.188590000000000063e-01 1.556073380823860776e-03
1.188619999999999954e-01 1.530591829827836854e-03
1.188649999999999984e-01 1.529317752278035528e-03
1.188680000000000014e-01 1.529317752278035528e-03
1.188710000000000044e-01 1.529317752278035528e-03
1.188739999999999936e-01 1.529317752278035528e-03
1.188769999999999966e-01 1.529317752278035528e-03
1.188799999999999996e-01 1.529317752278035528e-03
1.188830000000000026e-01 1.529317752278035528e-03
1.188860000000000056e-01 1.524646134595431315e-03
1.188889999999999947e-01 1.521248594462627996e-03
1.188919999999999977e-01 1.521248594462627996e-03
1.188950000000000007e-01 1.518700439363025560e-03
1.188980000000000037e-01 1.510631281547618028e-03
1.189010000000000067e-01 1.506809048898214484e-03
1.189039999999999958e-01 1.506809048898214484e-03
1.189069999999999988e-01 1.491944810817200529e-03
1.189100000000000018e-01 1.491944810817200529e-03
1.189130000000000048e-01 1.491944810817200529e-03
1.189159999999999939e-01 1.490246040750798978e-03
1.189189999999999969e-01 1.473683032603383255e-03
1.189219999999999999e-01 1.473258340086782813e-03
1.189250000000000029e-01 1.473258340086782813e-03
1.189280000000000059e-01 1.473258340086782813e-03
1.189309999999999951e-01 1.461366949621971953e-03
1.189339999999999981e-01 1.461366949621971953e-03
1.189370000000000011e-01 1.457544716972568408e-03
1.189400000000000041e-01 1.457544716972568408e-03
1.189429999999999932e-01 1.431213780943343603e-03
1.189459999999999962e-01 1.431213780943343603e-03
1.189489999999999992e-01 1.413376695246126987e-03
1.189520000000000022e-01 1.391292684382905952e-03
1.189550000000000052e-01 1.391292684382905952e-03
1.189579999999999943e-01 1.391292684382905952e-03
1.189609999999999973e-01 1.391292684382905952e-03
1.189640000000000003e-01 1.391292684382905952e-03
1.189670000000000033e-01 1.388744529283303733e-03
1.189700000000000063e-01 1.387045759216901965e-03
1.189729999999999954e-01 1.387045759216901965e-03
1.189759999999999984e-01 1.387045759216901965e-03
1.189790000000000014e-01 1.369633366036285792e-03
1.189820000000000044e-01 1.369633366036285792e-03
1.189849999999999935e-01 1.369633366036285792e-03
1.189879999999999965e-01 1.367509903453283581e-03
1.189909999999999995e-01 1.367509903453283581e-03
1.189940000000000025e-01 1.367509903453283581e-03
1.189970000000000055e-01 1.367509903453283581e-03
1.189999999999999947e-01 1.367509903453283581e-03
1.190029999999999977e-01 1.363687670803880037e-03
1.190060000000000007e-01 1.363687670803880037e-03
1.190090000000000037e-01 1.363687670803880037e-03
1.190120000000000067e-01 1.363687670803880037e-03
1.190149999999999958e-01 1.362413593254078710e-03
1.190179999999999988e-01 1.362413593254078710e-03
1.190210000000000018e-01 1.362413593254078710e-03
1.190240000000000048e-01 1.362413593254078710e-03
1.190269999999999939e-01 1.361564208220878260e-03
1.190299999999999969e-01 1.361564208220878260e-03
1.190329999999999999e-01 1.359016053121275824e-03
1.190360000000000029e-01 1.343727122523661428e-03
1.190390000000000059e-01 1.343727122523661428e-03
1.190419999999999950e-01 1.343727122523661428e-03
1.190449999999999980e-01 1.343727122523661428e-03
1.190480000000000010e-01 1.343727122523661428e-03
1.190510000000000040e-01 1.343727122523661428e-03
1.190540000000000070e-01 1.296161560664416687e-03
1.190569999999999962e-01 1.296161560664416687e-03
1.190599999999999992e-01 1.296161560664416687e-03
1.190630000000000022e-01 1.296161560664416687e-03
1.190660000000000052e-01 1.296161560664416687e-03
1.190689999999999943e-01 1.295312175631216020e-03
1.190719999999999973e-01 1.294887483114615578e-03
1.190750000000000003e-01 1.294887483114615578e-03
1.190780000000000033e-01 1.294887483114615578e-03
1.190810000000000063e-01 1.294887483114615578e-03
1.190839999999999954e-01 1.294462790598015136e-03
1.190869999999999984e-01 1.294462790598015136e-03
1.190900000000000014e-01 1.294462790598015136e-03
1.190930000000000044e-01 1.294462790598015136e-03
1.190959999999999935e-01 1.291914635498412700e-03
1.190989999999999965e-01 1.287667710332408713e-03
1.191019999999999995e-01 1.287667710332408713e-03
1.191050000000000025e-01 1.286818325299207829e-03
1.191080000000000055e-01 1.286818325299207829e-03
1.191109999999999947e-01 1.265583699469188111e-03
1.191139999999999977e-01 1.264309621919386785e-03
1.191170000000000007e-01 1.253692309004376818e-03
1.191200000000000037e-01 1.253692309004376818e-03
1.191230000000000067e-01 1.252418231454575709e-03
1.191259999999999958e-01 1.252418231454575709e-03
1.191289999999999988e-01 1.252418231454575709e-03
1.191320000000000018e-01 1.249445383838372831e-03
1.191350000000000048e-01 1.249445383838372831e-03
1.191379999999999939e-01 1.249445383838372831e-03
1.191409999999999969e-01 1.249445383838372831e-03
1.191439999999999999e-01 1.249445383838372831e-03
1.191470000000000029e-01 1.249445383838372831e-03
1.191500000000000059e-01 1.249445383838372831e-03
1.191529999999999950e-01 1.249445383838372831e-03
1.191559999999999980e-01 1.249445383838372831e-03
1.191590000000000010e-01 1.249445383838372831e-03
1.191620000000000040e-01 1.249445383838372831e-03
1.191650000000000070e-01 1.238403378406762421e-03
1.191679999999999962e-01 1.238403378406762421e-03
1.191709999999999992e-01 1.225662602908750461e-03
1.191740000000000022e-01 1.225662602908750461e-03
1.191770000000000052e-01 1.225662602908750461e-03
1.191799999999999943e-01 1.225237910392150235e-03
1.191829999999999973e-01 1.225237910392150235e-03
1.191860000000000003e-01 1.223114447809148242e-03
1.191890000000000033e-01 1.220141600192945364e-03
1.191920000000000063e-01 1.220141600192945364e-03
1.191949999999999954e-01 1.220141600192945364e-03
1.191979999999999984e-01 1.218018137609943371e-03
1.192010000000000014e-01 1.218018137609943371e-03
1.192040000000000044e-01 1.215469982510340935e-03
1.192070000000000074e-01 1.215469982510340935e-03
1.192099999999999965e-01 1.194235356680321001e-03
1.192129999999999995e-01 1.183618043765311033e-03
1.192160000000000025e-01 1.176398270983104169e-03
1.192190000000000055e-01 1.161534032902090431e-03
1.192219999999999946e-01 1.161534032902090431e-03
1.192249999999999976e-01 1.161534032902090431e-03
1.192280000000000006e-01 1.161534032902090431e-03
1.192310000000000036e-01 1.161534032902090431e-03
1.192340000000000066e-01 1.161534032902090431e-03
1.192369999999999958e-01 1.161534032902090431e-03
1.192399999999999988e-01 1.161534032902090431e-03
1.192430000000000018e-01 1.161534032902090431e-03
1.192460000000000048e-01 1.161534032902090431e-03
1.192489999999999939e-01 1.161534032902090431e-03
1.192519999999999969e-01 1.161534032902090431e-03
1.192549999999999999e-01 1.161534032902090431e-03
1.192580000000000029e-01 1.161534032902090431e-03
1.192610000000000059e-01 1.159410570319088438e-03
1.192639999999999950e-01 1.159410570319088438e-03
1.192669999999999980e-01 1.159410570319088438e-03
1.192700000000000010e-01 1.159410570319088438e-03
1.192730000000000040e-01 1.154314260119883567e-03
1.192760000000000070e-01 1.154314260119883567e-03
1.192789999999999961e-01 1.154314260119883567e-03
1.192819999999999991e-01 1.144546332238074483e-03
1.192850000000000021e-01 1.144546332238074483e-03
1.192880000000000051e-01 1.144546332238074483e-03
1.192909999999999943e-01 1.144546332238074483e-03
1.192939999999999973e-01 1.144546332238074483e-03
1.192970000000000003e-01 1.144546332238074483e-03
1.193000000000000033e-01 1.144546332238074483e-03
1.193030000000000063e-01 1.144546332238074483e-03
1.193059999999999954e-01 1.144546332238074483e-03
1.193089999999999984e-01 1.136052481906066509e-03
1.193120000000000014e-01 1.136052481906066509e-03
1.193150000000000044e-01 1.133079634289863632e-03
1.193180000000000074e-01 1.133079634289863632e-03
1.193209999999999965e-01 1.133079634289863632e-03
1.193239999999999995e-01 1.133079634289863632e-03
1.193270000000000025e-01 1.133079634289863632e-03
1.193300000000000055e-01 1.133079634289863632e-03
1.193329999999999946e-01 1.133079634289863632e-03
1.193359999999999976e-01 1.133079634289863632e-03
1.193390000000000006e-01 1.129257401640460087e-03
1.193420000000000036e-01 1.114817856076046575e-03
1.193450000000000066e-01 1.114817856076046575e-03
1.193479999999999958e-01 1.114817856076046575e-03
1.193509999999999988e-01 1.114817856076046575e-03
1.193540000000000018e-01 1.114393163559446133e-03
1.193570000000000048e-01 1.108447468327040377e-03
1.193599999999999939e-01 1.106324005744038384e-03
1.193629999999999969e-01 1.103351158127835723e-03
1.193659999999999999e-01 1.098679540445231294e-03
1.193690000000000029e-01 1.091035075146424204e-03
1.193720000000000059e-01 1.088062227530221327e-03
1.193749999999999950e-01 1.070649834349604937e-03
1.193779999999999980e-01 1.070649834349604937e-03
1.193810000000000010e-01 1.070649834349604937e-03
1.193840000000000040e-01 1.048565823486384335e-03
1.193870000000000070e-01 1.030728737789167503e-03
1.193899999999999961e-01 1.030728737789167503e-03
1.193929999999999991e-01 1.030728737789167503e-03
1.193960000000000021e-01 1.030728737789167503e-03
1.193990000000000051e-01 1.030728737789167503e-03
1.194019999999999943e-01 9.984521065275373756e-04
1.194049999999999973e-01 9.984521065275373756e-04
1.194080000000000003e-01 9.852866385129249727e-04
1.194110000000000033e-01 9.776421732141178829e-04
1.194140000000000063e-01 9.776421732141178829e-04
1.194169999999999954e-01 9.776421732141178829e-04
1.194199999999999984e-01 9.776421732141178829e-04
1.194230000000000014e-01 9.772174806975172240e-04
1.194260000000000044e-01 9.772174806975172240e-04
1.194290000000000074e-01 9.772174806975172240e-04
1.194319999999999965e-01 9.772174806975172240e-04
1.194349999999999995e-01 9.772174806975172240e-04
1.194380000000000025e-01 9.581063174504993911e-04
1.194410000000000055e-01 9.581063174504993911e-04
1.194439999999999946e-01 9.581063174504993911e-04
1.194469999999999976e-01 9.572569324172986154e-04
1.194500000000000006e-01 9.572569324172986154e-04
1.194530000000000036e-01 9.572569324172986154e-04
1.194560000000000066e-01 9.572569324172986154e-04
1.194589999999999957e-01 9.572569324172986154e-04
1.194619999999999987e-01 9.377210766536802321e-04
1.194650000000000017e-01 9.377210766536802321e-04
1.194680000000000047e-01 9.377210766536802321e-04
1.194709999999999939e-01 9.377210766536802321e-04
1.194739999999999969e-01 9.338988440042766872e-04
1.194769999999999999e-01 9.181852208900619572e-04
1.194800000000000029e-01 9.156370657904595216e-04
1.194830000000000059e-01 9.156370657904595216e-04
1.194859999999999950e-01 9.075679079750518814e-04
1.194889999999999980e-01 9.075679079750518814e-04
1.194920000000000010e-01 9.075679079750518814e-04
1.194950000000000040e-01 9.075679079750518814e-04
1.194980000000000070e-01 9.075679079750518814e-04
1.195009999999999961e-01 8.999234426762446832e-04
1.195039999999999991e-01 8.999234426762446832e-04
1.195070000000000021e-01 8.961012100268412467e-04
1.195100000000000051e-01 8.961012100268412467e-04
1.195129999999999942e-01 8.944024399604395869e-04
1.195159999999999972e-01 8.918542848608372597e-04
1.195190000000000002e-01 8.884567447280340485e-04
1.195220000000000032e-01 8.876073596948331644e-04
1.195250000000000062e-01 8.876073596948331644e-04
1.195279999999999954e-01 8.859085896284316130e-04
1.195309999999999984e-01 8.689208889644156652e-04
1.195340000000000014e-01 8.689208889644156652e-04
1.195370000000000044e-01 8.689208889644156652e-04
1.195400000000000074e-01 8.689208889644156652e-04
1.195429999999999965e-01 8.672221188980141137e-04
1.195459999999999995e-01 8.672221188980141137e-04
1.195490000000000025e-01 8.655233488316124539e-04
1.195520000000000055e-01 8.655233488316124539e-04
1.195549999999999946e-01 8.655233488316124539e-04
1.195579999999999976e-01 8.655233488316124539e-04
1.195610000000000006e-01 8.549060359166025949e-04
1.195640000000000036e-01 8.549060359166025949e-04
1.195670000000000066e-01 8.549060359166025949e-04
1.195699999999999957e-01 8.549060359166025949e-04
1.195729999999999987e-01 8.549060359166025949e-04
1.195760000000000017e-01 8.498097257173977239e-04
1.195790000000000047e-01 8.498097257173977239e-04
1.195819999999999939e-01 8.498097257173977239e-04
1.195849999999999969e-01 8.498097257173977239e-04
1.195879999999999999e-01 8.430146454517913014e-04
1.195910000000000029e-01 8.340961026031828854e-04
1.195940000000000059e-01 8.340961026031828854e-04
1.195969999999999950e-01 8.340961026031828854e-04
1.195999999999999980e-01 8.273010223375765713e-04
1.196030000000000010e-01 8.273010223375765713e-04
1.196060000000000040e-01 8.273010223375765713e-04
1.196090000000000070e-01 8.098886291569602899e-04
1.196119999999999961e-01 7.279229734530832116e-04
1.196149999999999991e-01 7.279229734530832116e-04
1.196180000000000021e-01 7.279229734530832116e-04
1.196210000000000051e-01 7.092365027226657124e-04
1.196239999999999942e-01 7.066883476230634937e-04
1.196269999999999972e-01 7.066883476230634937e-04
1.196300000000000002e-01 7.066883476230634937e-04
1.196330000000000032e-01 7.066883476230634937e-04
1.196360000000000062e-01 7.011673449072581806e-04
1.196389999999999953e-01 7.011673449072581806e-04
1.196419999999999983e-01 7.011673449072581806e-04
1.196450000000000014e-01 7.011673449072581806e-04
1.196480000000000044e-01 6.990438823242561871e-04
1.196510000000000074e-01 6.990438823242561871e-04
1.196539999999999965e-01 6.986191898076558535e-04
1.196569999999999995e-01 6.986191898076558535e-04
1.196600000000000025e-01 6.964957272246538600e-04
1.196630000000000055e-01 6.964957272246538600e-04
1.196659999999999946e-01 6.964957272246538600e-04
1.196689999999999976e-01 6.964957272246538600e-04
1.196720000000000006e-01 6.964957272246538600e-04
1.196750000000000036e-01 6.964957272246538600e-04
1.196780000000000066e-01 6.964957272246538600e-04
1.196809999999999957e-01 6.964957272246538600e-04
1.196839999999999987e-01 6.964957272246538600e-04
1.196870000000000017e-01 6.964957272246538600e-04
1.196900000000000047e-01 6.964957272246538600e-04
1.196929999999999938e-01 6.939475721250514244e-04
1.196959999999999968e-01 6.939475721250514244e-04
1.196989999999999998e-01 6.939475721250514244e-04
1.197020000000000028e-01 6.939475721250514244e-04
1.197050000000000058e-01 6.935228796084509824e-04
1.197079999999999950e-01 6.935228796084509824e-04
1.197109999999999980e-01 6.935228796084509824e-04
1.197140000000000010e-01 6.935228796084509824e-04
1.197170000000000040e-01 6.935228796084509824e-04
1.197200000000000070e-01 6.935228796084509824e-04
1.197229999999999961e-01 6.926734945752502067e-04
1.197259999999999991e-01 6.926734945752502067e-04
1.197290000000000021e-01 6.926734945752502067e-04
1.197320000000000051e-01 6.854537217930435590e-04
1.197349999999999942e-01 6.854537217930435590e-04
1.197379999999999972e-01 6.854537217930435590e-04
1.197410000000000002e-01 6.854537217930435590e-04
1.197440000000000032e-01 6.731376388116319318e-04
1.197470000000000062e-01 6.731376388116319318e-04
1.197499999999999953e-01 6.731376388116319318e-04
1.197529999999999983e-01 6.731376388116319318e-04
1.197560000000000013e-01 6.659178660294250672e-04
1.197590000000000043e-01 6.659178660294250672e-04
1.197620000000000073e-01 6.378881599337988184e-04
1.197649999999999965e-01 6.349153123175960492e-04
1.197679999999999995e-01 6.349153123175960492e-04
1.197710000000000025e-01 6.327918497345940557e-04
1.197740000000000055e-01 6.327918497345940557e-04
1.197769999999999946e-01 6.327918497345940557e-04
1.197799999999999976e-01 6.327918497345940557e-04
1.197830000000000006e-01 6.327918497345940557e-04
1.197860000000000036e-01 6.319424647013931716e-04
1.197890000000000066e-01 6.319424647013931716e-04
1.197919999999999957e-01 6.047621436389676985e-04
1.197949999999999987e-01 6.047621436389676985e-04
1.197980000000000017e-01 6.047621436389676985e-04
1.198010000000000047e-01 6.047621436389676985e-04
1.198039999999999938e-01 6.047621436389676985e-04
1.198069999999999968e-01 6.047621436389676985e-04
1.198099999999999998e-01 6.047621436389676985e-04
1.198130000000000028e-01 6.047621436389676985e-04
1.198160000000000058e-01 6.022139885393652629e-04
1.198189999999999950e-01 6.022139885393652629e-04
1.198219999999999980e-01 6.022139885393652629e-04
1.198250000000000010e-01 6.022139885393652629e-04
1.198280000000000040e-01 5.949942157571585068e-04
1.198310000000000070e-01 5.949942157571585068e-04
1.198339999999999961e-01 5.949942157571585068e-04
1.198369999999999991e-01 5.949942157571585068e-04
1.198400000000000021e-01 5.911719831077549619e-04
1.198430000000000051e-01 5.911719831077549619e-04
1.198460000000000081e-01 5.911719831077549619e-04
1.198489999999999972e-01 5.911719831077549619e-04
1.198520000000000002e-01 5.869250579417509750e-04
1.198550000000000032e-01 5.869250579417509750e-04
1.198580000000000062e-01 5.329891083335002539e-04
1.198609999999999953e-01 5.295915682006971511e-04
1.198639999999999983e-01 5.287421831674963754e-04
1.198670000000000013e-01 5.287421831674963754e-04
1.198700000000000043e-01 5.266187205844943819e-04
1.198730000000000073e-01 5.253446430346931642e-04
1.198759999999999964e-01 5.253446430346931642e-04
1.198789999999999994e-01 5.253446430346931642e-04
1.198820000000000024e-01 5.253446430346931642e-04
1.198850000000000054e-01 5.253446430346931642e-04
1.198879999999999946e-01 5.036853246880727874e-04
1.198909999999999976e-01 5.036853246880727874e-04
1.198940000000000006e-01 5.036853246880727874e-04
1.198970000000000036e-01 4.922186267398620443e-04
1.199000000000000066e-01 4.922186267398620443e-04
1.199029999999999957e-01 4.803272362750509133e-04
1.199059999999999987e-01 4.803272362750509133e-04
1.199090000000000017e-01 4.803272362750509133e-04
1.199120000000000047e-01 4.803272362750509133e-04
1.199150000000000077e-01 4.743815410426453208e-04
1.199179999999999968e-01 4.743815410426453208e-04
1.199209999999999998e-01 4.743815410426453208e-04
1.199240000000000028e-01 4.743815410426453208e-04
1.199270000000000058e-01 4.743815410426453208e-04
1.199299999999999949e-01 4.726827709762437693e-04
1.199329999999999979e-01 4.726827709762437693e-04
1.199360000000000009e-01 4.599419954782317001e-04
1.199390000000000039e-01 4.599419954782317001e-04
1.199420000000000069e-01 4.599419954782317001e-04
1.199449999999999961e-01 4.561197628288281552e-04
1.199479999999999991e-01 4.535716077292257739e-04
1.199510000000000021e-01 4.535716077292257739e-04
1.199540000000000051e-01 4.476259124968201813e-04
1.199570000000000081e-01 4.476259124968201813e-04
1.199599999999999972e-01 4.467765274636194056e-04
1.199630000000000002e-01 4.412555247478142009e-04
1.199660000000000032e-01 4.412555247478142009e-04
1.199690000000000062e-01 4.395567546814126494e-04
1.199719999999999953e-01 4.353098295154086625e-04
1.199749999999999983e-01 4.353098295154086625e-04
1.199780000000000013e-01 4.293641342830030157e-04
1.199810000000000043e-01 4.293641342830030157e-04
1.199840000000000073e-01 4.293641342830030157e-04
1.199869999999999964e-01 4.293641342830030157e-04
1.199899999999999994e-01 4.293641342830030157e-04
1.199930000000000024e-01 4.293641342830030157e-04
1.199960000000000054e-01 4.293641342830030157e-04
1.199989999999999946e-01 4.293641342830030157e-04
1.200019999999999976e-01 4.293641342830030157e-04
1.200050000000000006e-01 4.293641342830030157e-04
1.200080000000000036e-01 4.293641342830030157e-04
1.200110000000000066e-01 4.293641342830030157e-04
1.200139999999999957e-01 4.293641342830030157e-04
1.200169999999999987e-01 4.293641342830030157e-04
1.200200000000000017e-01 4.285147492498022942e-04
1.200230000000000047e-01 4.217196689841958717e-04
1.200260000000000077e-01 4.217196689841958717e-04
1.200289999999999968e-01 4.217196689841958717e-04
1.200319999999999998e-01 4.178974363347923268e-04
1.200350000000000028e-01 4.178974363347923268e-04
1.200380000000000058e-01 4.178974363347923268e-04
1.200409999999999949e-01 4.115270485857862922e-04
1.200439999999999979e-01 4.115270485857862922e-04
1.200470000000000009e-01 4.115270485857862922e-04
1.200500000000000039e-01 4.115270485857862922e-04
1.200530000000000069e-01 4.115270485857862922e-04
1.200559999999999961e-01 4.115270485857862922e-04
1.200589999999999991e-01 4.115270485857862922e-04
1.200620000000000021e-01 4.115270485857862922e-04
1.200650000000000051e-01 4.115270485857862922e-04
1.200680000000000081e-01 4.115270485857862922e-04
1.200709999999999972e-01 4.115270485857862922e-04
1.200740000000000002e-01 4.115270485857862922e-04
1.200770000000000032e-01 4.077048159363826931e-04
1.200800000000000062e-01 4.077048159363826931e-04
1.200829999999999953e-01 4.077048159363826931e-04
1.200859999999999983e-01 4.077048159363826931e-04
1.200890000000000013e-01 4.077048159363826931e-04
1.200920000000000043e-01 4.077048159363826931e-04
1.200950000000000073e-01 4.077048159363826931e-04
1.200979999999999964e-01 4.038825832869791482e-04
1.201009999999999994e-01 4.038825832869791482e-04
1.201040000000000024e-01 4.038825832869791482e-04
1.201070000000000054e-01 4.038825832869791482e-04
1.201099999999999945e-01 4.038825832869791482e-04
1.201129999999999975e-01 3.987862730877743313e-04
1.201160000000000005e-01 3.987862730877743313e-04
1.201190000000000035e-01 3.915665003055675752e-04
1.201220000000000065e-01 3.915665003055675752e-04
1.201249999999999957e-01 3.915665003055675752e-04
1.201279999999999987e-01 3.915665003055675752e-04
1.201310000000000017e-01 3.915665003055675752e-04
1.201340000000000047e-01 3.915665003055675752e-04
1.201370000000000077e-01 3.915665003055675752e-04
1.201399999999999968e-01 3.915665003055675752e-04
1.201429999999999998e-01 3.915665003055675752e-04
1.201460000000000028e-01 3.915665003055675752e-04
1.201490000000000058e-01 3.915665003055675752e-04
1.201519999999999949e-01 3.915665003055675752e-04
1.201549999999999979e-01 3.915665003055675752e-04
1.201580000000000009e-01 3.898677302391659696e-04
1.201610000000000039e-01 3.898677302391659696e-04
1.201640000000000069e-01 3.898677302391659696e-04
1.201669999999999960e-01 3.898677302391659696e-04
1.201699999999999990e-01 3.898677302391659696e-04
1.201730000000000020e-01 3.898677302391659696e-04
1.201760000000000050e-01 3.898677302391659696e-04
1.201790000000000080e-01 3.898677302391659696e-04
1.201819999999999972e-01 3.898677302391659696e-04
1.201850000000000002e-01 3.898677302391659696e-04
1.201880000000000032e-01 3.898677302391659696e-04
1.201910000000000062e-01 3.898677302391659696e-04
1.201939999999999953e-01 3.898677302391659696e-04
1.201969999999999983e-01 3.898677302391659696e-04
1.202000000000000013e-01 3.898677302391659696e-04
# Ensemble: [14^+], idetect: 0.1185
1.178000000000000019e-01 4.997356842836891098e-03
1.178024000000000016e-01 4.997356842836891098e-03
1.178048000000000012e-01 4.997356842836891098e-03
1.178072000000000008e-01 4.983186835181096716e-03
1.178096000000000004e-01 4.983186835181096716e-03
1.178120000000000001e-01 4.976506688714794728e-03
1.178143999999999997e-01 4.973065401141244825e-03
1.178167999999999993e-01 4.972458115098853104e-03
1.178191999999999989e-01 4.972458115098853104e-03
1.178215999999999986e-01 4.972458115098853104e-03
1.178239999999999982e-01 4.972458115098853104e-03
1.178263999999999978e-01 4.972458115098853104e-03
1.178287999999999974e-01 4.970838685652476628e-03
1.178311999999999971e-01 4.944725385829656927e-03
1.178335999999999967e-01 4.928328662685095216e-03
1.178359999999999963e-01 4.887438069164090279e-03
1.178383999999999959e-01 4.877114206443440569e-03
1.178407999999999956e-01 4.873672918869890666e-03
1.178431999999999952e-01 4.856264052321343332e-03
1.178456000000000087e-01 4.856264052321343332e-03
1.178480000000000083e-01 4.853834908151779051e-03
1.178504000000000079e-01 4.831770181944900107e-03
1.178528000000000076e-01 4.831770181944900107e-03
1.178552000000000072e-01 4.828531323052148022e-03
1.178576000000000068e-01 4.828531323052148022e-03
1.178600000000000064e-01 4.828531323052148022e-03
1.178624000000000061e-01 4.824077892074612496e-03
1.178648000000000057e-01 4.819219603735483068e-03
1.178672000000000053e-01 4.803632595314110028e-03
1.178696000000000049e-01 4.788652872935127841e-03
1.178720000000000045e-01 4.788652872935127841e-03
1.178744000000000042e-01 4.732984985715937669e-03
1.178768000000000038e-01 4.730150984184778619e-03
1.178792000000000034e-01 4.730150984184778619e-03
1.178816000000000030e-01 4.730150984184778619e-03
1.178840000000000027e-01 4.698167252618843867e-03
1.178864000000000023e-01 4.698167252618843867e-03
1.178888000000000019e-01 4.698167252618843867e-03
1.178912000000000015e-01 4.698167252618843867e-03
1.178936000000000012e-01 4.642904222761248464e-03
1.178960000000000008e-01 4.639058077826103792e-03
1.178984000000000004e-01 4.634604646848569133e-03
1.179008000000000000e-01 4.634604646848569133e-03
1.179031999999999997e-01 4.634604646848569133e-03
1.179055999999999993e-01 4.634604646848569133e-03
1.179079999999999989e-01 4.600191771113069233e-03
1.179103999999999985e-01 4.573673613928655630e-03
1.179127999999999982e-01 4.550596744317791063e-03
1.179151999999999978e-01 4.550596744317791063e-03
1.179175999999999974e-01 4.550596744317791063e-03
1.179199999999999970e-01 4.548774886190617636e-03
1.179223999999999967e-01 4.548774886190617636e-03
1.179247999999999963e-01 4.539463166873953549e-03
1.179271999999999959e-01 4.470232558041360715e-03
1.179295999999999955e-01 4.470232558041360715e-03
1.179319999999999952e-01 4.459503837959117103e-03
1.179344000000000087e-01 4.452013976769625576e-03
1.179368000000000083e-01 4.412945241375794067e-03
1.179392000000000079e-01 4.412945241375794067e-03
1.179416000000000075e-01 4.412945241375794067e-03
1.179440000000000072e-01 4.395941232188841502e-03
1.179464000000000068e-01 4.393512088019276354e-03
1.179488000000000064e-01 4.379544509044279790e-03
1.179512000000000060e-01 4.368208502919644458e-03
1.179536000000000057e-01 4.368208502919644458e-03
1.179560000000000053e-01 4.362338071176530274e-03
1.179584000000000049e-01 4.362338071176530274e-03
1.179608000000000045e-01 4.362338071176530274e-03
1.179632000000000042e-01 4.346143776712765514e-03
1.179656000000000038e-01 4.346143776712765514e-03
1.179680000000000034e-01 4.337641772119289231e-03
1.179704000000000030e-01 4.316184331954801140e-03
1.179728000000000027e-01 4.303026467702993248e-03
1.179752000000000023e-01 4.254848441673294603e-03
1.179776000000000019e-01 4.239059004571123744e-03
1.179800000000000015e-01 4.239059004571123744e-03
1.179824000000000012e-01 4.235010430955182988e-03
1.179848000000000008e-01 4.232986144147212609e-03
1.179872000000000004e-01 4.232986144147212609e-03
1.179896000000000000e-01 4.228532713169677083e-03
1.179919999999999997e-01 4.226305997680909754e-03
1.179943999999999993e-01 4.133188804514263681e-03
1.179967999999999989e-01 4.112338650392167311e-03
1.179991999999999985e-01 3.995739730253064503e-03
1.180015999999999982e-01 3.982379437320458793e-03
1.180039999999999978e-01 3.982177008639661842e-03
1.180063999999999974e-01 3.972258003280605167e-03
1.180087999999999970e-01 3.972258003280605167e-03
1.180111999999999967e-01 3.929545551632426803e-03
1.180135999999999963e-01 3.929545551632426803e-03
1.180159999999999959e-01 3.915982830019024141e-03
1.180183999999999955e-01 3.868007232670122447e-03
1.180207999999999952e-01 3.865578088500557733e-03
1.180232000000000087e-01 3.865578088500557733e-03
1.180256000000000083e-01 3.865578088500557733e-03
1.180280000000000079e-01 3.786023616947315623e-03
1.180304000000000075e-01 3.786023616947315623e-03
1.180328000000000072e-01 3.778533755757824096e-03
1.180352000000000068e-01 3.778533755757824096e-03
1.180376000000000064e-01 3.778533755757824096e-03
1.180400000000000060e-01 3.772258466653115577e-03
1.180424000000000057e-01 3.767400178313986148e-03
1.180448000000000053e-01 3.755052028785366060e-03
1.180472000000000049e-01 3.754849600104569109e-03
1.180496000000000045e-01 3.752218027254207444e-03
1.180520000000000042e-01 3.752218027254207444e-03
1.180544000000000038e-01 3.738857734321601733e-03
1.180568000000000034e-01 3.738250448279210447e-03
1.180592000000000030e-01 3.738250448279210447e-03
1.180616000000000027e-01 3.738250448279210447e-03
1.180640000000000023e-01 3.736428590152037019e-03
1.180664000000000019e-01 3.732380016536095829e-03
1.180688000000000015e-01 3.732380016536095829e-03
1.180712000000000012e-01 3.723675583261822596e-03
1.180736000000000008e-01 3.708493432202043458e-03
1.180760000000000004e-01 3.708493432202043458e-03
1.180784000000000000e-01 3.707076431436463933e-03
1.180807999999999996e-01 3.699384141566175888e-03
1.180831999999999993e-01 3.693108852461467369e-03
1.180855999999999989e-01 3.693108852461467369e-03
1.180879999999999985e-01 3.693108852461467369e-03
1.180903999999999981e-01 3.687643278079946654e-03
1.180927999999999978e-01 3.685618991271976275e-03
1.180951999999999974e-01 3.685618991271976275e-03
1.180975999999999970e-01 3.658291119364373567e-03
1.180999999999999966e-01 3.650801258174882907e-03
1.181023999999999963e-01 3.649586686090100333e-03
1.181047999999999959e-01 3.643311396985391814e-03
1.181071999999999955e-01 3.643311396985391814e-03
1.181095999999999951e-01 3.637036107880683294e-03
1.181120000000000086e-01 3.630760818775973908e-03
1.181144000000000083e-01 3.608088806526704544e-03
1.181168000000000079e-01 3.608088806526704544e-03
1.181192000000000075e-01 3.608088806526704544e-03
1.181216000000000071e-01 3.606469377080327634e-03
1.181240000000000068e-01 3.582785221427072647e-03
1.181264000000000064e-01 3.580153648576710982e-03
1.181288000000000060e-01 3.579141505172725359e-03
1.181312000000000056e-01 3.579141505172725359e-03
1.181336000000000053e-01 3.579141505172725359e-03
1.181360000000000049e-01 3.577926933087943219e-03
1.181384000000000045e-01 3.576105074960769358e-03
1.181408000000000041e-01 3.512542469190494624e-03
1.181432000000000038e-01 3.455862438567318829e-03
1.181456000000000034e-01 3.455862438567318829e-03
1.181480000000000030e-01 3.452826008355362828e-03
1.181504000000000026e-01 3.442907002996307454e-03
1.181528000000000023e-01 3.436834142572395886e-03
1.181552000000000019e-01 3.428332137978919603e-03
1.181576000000000015e-01 3.428332137978919603e-03
1.181600000000000011e-01 3.427522423255731799e-03
1.181624000000000008e-01 3.423473849639790175e-03
1.181648000000000004e-01 3.423473849639790175e-03
1.181672000000000000e-01 3.418615561300660747e-03
1.181695999999999996e-01 3.415983988450299082e-03
1.181719999999999993e-01 3.410518414068779234e-03
1.181743999999999989e-01 3.410518414068779234e-03
1.181767999999999985e-01 3.402218838156099903e-03
1.181791999999999981e-01 3.401611552113708182e-03
1.181815999999999978e-01 3.401611552113708182e-03
1.181839999999999974e-01 3.401611552113708182e-03
1.181863999999999970e-01 3.394324119605014473e-03
1.181887999999999966e-01 3.390882832031464136e-03
1.181911999999999963e-01 3.388656116542696373e-03
1.181935999999999959e-01 3.384405114245958666e-03
1.181959999999999955e-01 3.308696787627859928e-03
1.181983999999999951e-01 3.296551066780036791e-03
1.182008000000000086e-01 3.296146209418442889e-03
1.182032000000000083e-01 3.296146209418442889e-03
1.182056000000000079e-01 3.296146209418442889e-03
1.182080000000000075e-01 3.237846749348891051e-03
1.182104000000000071e-01 3.237846749348891051e-03
1.182128000000000068e-01 3.237846749348891051e-03
1.182152000000000064e-01 3.231773888924979483e-03
1.182176000000000060e-01 3.230761745520994294e-03
1.182200000000000056e-01 3.230761745520994294e-03
1.182224000000000053e-01 3.220640311481141535e-03
1.182248000000000049e-01 3.220640311481141535e-03
1.182272000000000045e-01 3.208494590633318398e-03
1.182296000000000041e-01 3.205053303059768061e-03
1.182320000000000038e-01 3.165377281623545265e-03
1.182344000000000034e-01 3.143717412778260657e-03
1.182368000000000030e-01 3.104243820022835245e-03
1.182392000000000026e-01 3.095741815429358963e-03
1.182416000000000023e-01 3.094729672025373340e-03
1.182440000000000019e-01 3.090073812367041296e-03
1.182464000000000015e-01 3.090073812367041296e-03
1.182488000000000011e-01 3.090073812367041296e-03
1.182512000000000008e-01 3.061733797055452965e-03
1.182536000000000004e-01 3.058292509481903496e-03
1.182560000000000000e-01 3.058292509481903496e-03
1.182583999999999996e-01 3.058292509481903496e-03
1.182607999999999993e-01 3.058292509481903496e-03
1.182631999999999989e-01 3.047158932038065114e-03
1.182655999999999985e-01 3.047158932038065114e-03
1.182679999999999981e-01 3.047158932038065114e-03
1.182703999999999978e-01 3.020843203534448462e-03
1.182727999999999974e-01 3.020843203534448462e-03
1.182751999999999970e-01 3.020640774853651511e-03
1.182775999999999966e-01 3.010316912133001368e-03
1.182799999999999963e-01 3.010316912133001368e-03
1.182823999999999959e-01 3.010114483452204417e-03
1.182847999999999955e-01 3.010114483452204417e-03
1.182871999999999951e-01 3.010114483452204417e-03
1.182896000000000086e-01 2.974689464312720195e-03
1.182920000000000083e-01 2.930762440579758824e-03
1.182944000000000079e-01 2.930762440579758824e-03
1.182968000000000075e-01 2.930762440579758824e-03
1.182992000000000071e-01 2.920438577859109115e-03
1.183016000000000068e-01 2.916390004243167924e-03
1.183040000000000064e-01 2.910924429861647643e-03
1.183064000000000060e-01 2.910924429861647643e-03
1.183088000000000056e-01 2.909305000415271167e-03
1.183112000000000053e-01 2.908900143053676831e-03
1.183136000000000049e-01 2.908900143053676831e-03
1.183160000000000045e-01 2.854446827919269233e-03
1.183184000000000041e-01 2.854446827919269233e-03
1.183208000000000037e-01 2.854446827919269233e-03
1.183232000000000034e-01 2.825297097884493097e-03
1.183256000000000030e-01 2.825297097884493097e-03
1.183280000000000026e-01 2.823272811076523153e-03
1.183304000000000022e-01 2.750196057308786080e-03
1.183328000000000019e-01 2.750196057308786080e-03
1.183352000000000015e-01 2.747564484458424414e-03
1.183376000000000011e-01 2.747564484458424414e-03
1.183400000000000007e-01 2.747564484458424414e-03
1.183424000000000004e-01 2.747564484458424414e-03
1.183448000000000000e-01 2.747564484458424414e-03
1.183471999999999996e-01 2.745337768969656651e-03
1.183495999999999992e-01 2.733394476802630466e-03
1.183519999999999989e-01 2.716188038934880949e-03
1.183543999999999985e-01 2.716188038934880949e-03
1.183567999999999981e-01 2.716188038934880949e-03
1.183591999999999977e-01 2.712341893999736710e-03
1.183615999999999974e-01 2.677726589583440293e-03
1.183639999999999970e-01 2.676714446179455538e-03
1.183663999999999966e-01 2.676714446179455538e-03
1.183687999999999962e-01 2.676714446179455538e-03
1.183711999999999959e-01 2.676714446179455538e-03
1.183735999999999955e-01 2.676309588817861202e-03
1.183759999999999951e-01 2.676309588817861202e-03
1.183784000000000086e-01 2.676309588817861202e-03
1.183808000000000082e-01 2.675095016733078628e-03
1.183832000000000079e-01 2.675095016733078628e-03
1.183856000000000075e-01 2.675095016733078628e-03
1.183880000000000071e-01 2.671856157840326110e-03
1.183904000000000067e-01 2.656876435461343923e-03
1.183928000000000064e-01 2.635216566616058881e-03
1.183952000000000060e-01 2.623880560491423982e-03
1.183976000000000056e-01 2.623880560491423982e-03
1.184000000000000052e-01 2.623880560491423982e-03
1.184024000000000049e-01 2.623880560491423982e-03
1.184048000000000045e-01 2.623880560491423982e-03
1.184072000000000041e-01 2.623880560491423982e-03
1.184096000000000037e-01 2.623880560491423982e-03
1.184120000000000034e-01 2.623880560491423982e-03
1.184144000000000030e-01 2.593313829691068755e-03
1.184168000000000026e-01 2.593313829691068755e-03
1.184192000000000022e-01 2.593313829691068755e-03
1.184216000000000019e-01 2.593313829691068755e-03
1.184240000000000015e-01 2.591087114202300992e-03
1.184264000000000011e-01 2.591087114202300992e-03
1.184288000000000007e-01 2.591087114202300992e-03
1.184312000000000004e-01 2.591087114202300992e-03
1.184336000000000000e-01 2.584406967735998137e-03
1.184359999999999996e-01 2.572463675568971951e-03
1.184383999999999992e-01 2.555459666382019386e-03
1.184407999999999989e-01 2.555459666382019386e-03
1.184431999999999985e-01 2.552828093531657721e-03
1.184455999999999981e-01 2.552625664850860770e-03
1.184479999999999977e-01 2.512342357372246687e-03
1.184503999999999974e-01 2.498577207078047074e-03
1.184527999999999970e-01 2.497362634993264933e-03
1.184551999999999966e-01 2.497362634993264933e-03
1.184575999999999962e-01 2.497362634993264933e-03
1.184599999999999959e-01 2.497362634993264933e-03
1.184623999999999955e-01 2.483799913379861838e-03
1.184647999999999951e-01 2.440277747008495236e-03
1.184672000000000086e-01 2.440277747008495236e-03
1.184696000000000082e-01 2.396958009317925586e-03
1.184720000000000079e-01 2.396958009317925586e-03
1.184744000000000075e-01 2.396958009317925586e-03
1.184768000000000071e-01 2.396958009317925586e-03
1.184792000000000067e-01 2.396958009317925586e-03
1.184816000000000064e-01 2.396958009317925586e-03
1.184840000000000060e-01 2.396958009317925586e-03
1.184864000000000056e-01 2.396755580637128635e-03
1.184888000000000052e-01 2.385824431874087638e-03
1.184912000000000049e-01 2.373071424983873214e-03
1.184936000000000045e-01 2.372464138941481927e-03
1.184960000000000041e-01 2.372464138941481927e-03
1.184984000000000037e-01 2.302423815385700855e-03
1.185008000000000034e-01 2.300601957258527428e-03
1.185032000000000030e-01 2.299994671216136141e-03
1.185056000000000026e-01 2.299994671216136141e-03
1.185080000000000022e-01 2.299994671216136141e-03
1.185104000000000019e-01 2.292099952665051146e-03
1.185128000000000015e-01 2.280763946540416247e-03
1.185152000000000011e-01 2.278132373690054582e-03
1.185176000000000007e-01 2.277322658966865910e-03
1.185200000000000004e-01 2.254650646717596112e-03
1.185224000000000000e-01 2.244934070039337256e-03
1.185247999999999996e-01 2.244934070039337256e-03
1.185271999999999992e-01 2.243314640592960780e-03
1.185295999999999988e-01 2.243314640592960780e-03
1.185319999999999985e-01 2.214772196600576365e-03
1.185343999999999981e-01 2.194326899840073463e-03
1.185367999999999977e-01 2.175298603845150520e-03
1.185391999999999973e-01 2.175096175164353569e-03
1.185415999999999970e-01 2.122262289476322013e-03
1.185439999999999966e-01 2.122262289476322013e-03
1.185463999999999962e-01 2.122262289476322013e-03
1.185487999999999958e-01 2.116796715094801731e-03
1.185511999999999955e-01 2.116796715094801731e-03
1.185535999999999951e-01 2.088659128464011219e-03
1.185560000000000086e-01 2.088659128464011219e-03
1.185584000000000082e-01 2.088659128464011219e-03
1.185608000000000078e-01 2.088659128464011219e-03
1.185632000000000075e-01 2.032181526521632808e-03
1.185656000000000071e-01 2.032181526521632808e-03
1.185680000000000067e-01 2.029145096309676807e-03
1.185704000000000063e-01 2.009914371633956913e-03
1.185728000000000060e-01 2.009914371633956913e-03
1.185752000000000056e-01 2.009914371633956913e-03
1.185776000000000052e-01 1.991290933000627872e-03
1.185800000000000048e-01 1.944327479055710933e-03
1.185824000000000045e-01 1.940278905439769960e-03
1.185848000000000041e-01 1.940278905439769960e-03
1.185872000000000037e-01 1.940278905439769960e-03
1.185896000000000033e-01 1.940278905439769960e-03
1.185920000000000030e-01 1.940278905439769960e-03
1.185944000000000026e-01 1.940278905439769960e-03
1.185968000000000022e-01 1.937040046547017008e-03
1.185992000000000018e-01 1.937040046547017008e-03
1.186016000000000015e-01 1.931776900846293677e-03
1.186040000000000011e-01 1.931776900846293677e-03
1.186064000000000007e-01 1.931776900846293677e-03
1.186088000000000003e-01 1.931776900846293677e-03
1.186112000000000000e-01 1.931776900846293677e-03
1.186135999999999996e-01 1.931776900846293677e-03
1.186159999999999992e-01 1.910521889362602971e-03
1.186183999999999988e-01 1.909509745958617782e-03
1.186207999999999985e-01 1.907283030469850019e-03
1.186231999999999981e-01 1.892303308090867832e-03
1.186255999999999977e-01 1.892303308090867832e-03
1.186279999999999973e-01 1.892100879410070881e-03
1.186303999999999970e-01 1.885420732943768026e-03
1.186327999999999966e-01 1.885420732943768026e-03
1.186351999999999962e-01 1.885420732943768026e-03
1.186375999999999958e-01 1.885218304262971075e-03
1.186399999999999955e-01 1.885218304262971075e-03
1.186423999999999951e-01 1.885218304262971075e-03
1.186448000000000086e-01 1.885218304262971075e-03
1.186472000000000082e-01 1.885218304262971075e-03
1.186496000000000078e-01 1.885218304262971075e-03
1.186520000000000075e-01 1.882991588774203529e-03
1.186544000000000071e-01 1.881169730647029885e-03
1.186568000000000067e-01 1.880562444604638814e-03
1.186592000000000063e-01 1.875704156265509386e-03
1.186616000000000060e-01 1.874287155499930295e-03
1.186640000000000056e-01 1.856068574228195373e-03
1.186664000000000052e-01 1.839064565041242808e-03
1.186688000000000048e-01 1.839064565041242808e-03
1.186712000000000045e-01 1.839064565041242808e-03
1.186736000000000041e-01 1.839064565041242808e-03
1.186760000000000037e-01 1.839064565041242808e-03
1.186784000000000033e-01 1.839064565041242808e-03
1.186808000000000030e-01 1.839064565041242808e-03
1.186832000000000026e-01 1.835015991425301618e-03
1.186856000000000022e-01 1.835015991425301618e-03
1.186880000000000018e-01 1.835015991425301618e-03
1.186904000000000015e-01 1.830967417809360427e-03
1.186928000000000011e-01 1.830157703086172189e-03
1.186952000000000007e-01 1.830157703086172189e-03
1.186976000000000003e-01 1.822667841896681096e-03
1.187000000000000000e-01 1.819024125642334025e-03
1.187023999999999996e-01 1.818619268280740123e-03
1.187047999999999992e-01 1.818619268280740123e-03
1.187071999999999988e-01 1.818619268280740123e-03
1.187095999999999985e-01 1.786635536714805371e-03
1.187119999999999981e-01 1.786433108034008420e-03
1.187143999999999977e-01 1.786433108034008420e-03
1.187167999999999973e-01 1.786433108034008420e-03
1.187191999999999970e-01 1.786433108034008420e-03
1.187215999999999966e-01 1.786433108034008420e-03
1.187239999999999962e-01 1.786433108034008420e-03
1.187263999999999958e-01 1.786433108034008420e-03
1.187287999999999955e-01 1.777728674759734969e-03
1.187311999999999951e-01 1.776514102674952612e-03
1.187336000000000086e-01 1.776514102674952612e-03
1.187360000000000082e-01 1.776514102674952612e-03
1.187384000000000078e-01 1.775906816632561325e-03
1.187408000000000075e-01 1.775906816632561325e-03
1.187432000000000071e-01 1.775906816632561325e-03
1.187456000000000067e-01 1.775906816632561325e-03
1.187480000000000063e-01 1.763558667103941238e-03
1.187504000000000060e-01 1.755866377233652976e-03
1.187528000000000056e-01 1.755866377233652976e-03
1.187552000000000052e-01 1.741898798258656195e-03
1.187576000000000048e-01 1.730360363453224129e-03
1.187600000000000044e-01 1.730360363453224129e-03
1.187624000000000041e-01 1.730360363453224129e-03
1.187648000000000037e-01 1.721655930178950895e-03
1.187672000000000033e-01 1.721655930178950895e-03
1.187696000000000029e-01 1.721655930178950895e-03
1.187720000000000026e-01 1.710522352735112731e-03
1.187744000000000022e-01 1.710522352735112731e-03
1.187768000000000018e-01 1.710117495373518828e-03
1.187792000000000014e-01 1.710117495373518828e-03
1.187816000000000011e-01 1.702425205503230567e-03
1.187840000000000007e-01 1.702425205503230567e-03
1.187864000000000003e-01 1.702425205503230567e-03
1.187887999999999999e-01 1.702425205503230567e-03
1.187911999999999996e-01 1.699793632652869119e-03
1.187935999999999992e-01 1.699793632652869119e-03
1.187959999999999988e-01 1.695745059036927928e-03
1.187983999999999984e-01 1.680765336657945742e-03
1.188007999999999981e-01 1.678133763807584077e-03
1.188031999999999977e-01 1.678133763807584077e-03
1.188055999999999973e-01 1.678133763807584077e-03
1.188079999999999969e-01 1.654652036835125607e-03
1.188103999999999966e-01 1.654652036835125607e-03
1.188127999999999962e-01 1.654652036835125607e-03
1.188151999999999958e-01 1.651008320580778753e-03
1.188175999999999954e-01 1.651008320580778753e-03
1.188199999999999951e-01 1.651008320580778753e-03
1.188223999999999947e-01 1.649388891134402277e-03
1.188248000000000082e-01 1.649388891134402277e-03
1.188272000000000078e-01 1.649388891134402277e-03
1.188296000000000074e-01 1.649388891134402277e-03
1.188320000000000071e-01 1.626109592842740975e-03
1.188344000000000067e-01 1.625907164161943808e-03
1.188368000000000063e-01 1.624287734715567548e-03
1.188392000000000059e-01 1.624287734715567548e-03
1.188416000000000056e-01 1.624287734715567548e-03
1.188440000000000052e-01 1.624287734715567548e-03
1.188464000000000048e-01 1.624287734715567548e-03
1.188488000000000044e-01 1.624287734715567548e-03
1.188512000000000041e-01 1.624287734715567548e-03
1.188536000000000037e-01 1.614571158037308909e-03
1.188560000000000033e-01 1.596150148084776819e-03
1.188584000000000029e-01 1.595542862042385532e-03
1.188608000000000026e-01 1.594733147319197511e-03
1.188632000000000022e-01 1.586636000087315347e-03
1.188656000000000018e-01 1.586636000087315347e-03
1.188680000000000014e-01 1.586636000087315347e-03
1.188704000000000011e-01 1.586636000087315347e-03
1.188728000000000007e-01 1.586636000087315347e-03
1.188752000000000003e-01 1.586636000087315347e-03
1.188775999999999999e-01 1.586636000087315347e-03
1.188799999999999996e-01 1.586636000087315347e-03
1.188823999999999992e-01 1.586636000087315347e-03
1.188847999999999988e-01 1.579550996259418373e-03
1.188871999999999984e-01 1.576919423409056708e-03
1.188895999999999981e-01 1.576919423409056708e-03
1.188919999999999977e-01 1.576919423409056708e-03
1.188943999999999973e-01 1.575907280005071518e-03
1.188967999999999969e-01 1.573275707154709853e-03
1.188991999999999966e-01 1.572465992431521398e-03
1.189015999999999962e-01 1.569024704857971712e-03
1.189039999999999958e-01 1.557891127414133547e-03
1.189063999999999954e-01 1.551413409628627643e-03
1.189087999999999951e-01 1.551413409628627643e-03
1.189111999999999947e-01 1.551413409628627643e-03
1.189136000000000082e-01 1.551210980947830692e-03
1.189160000000000078e-01 1.546555121289498432e-03
1.189184000000000074e-01 1.544125977119933718e-03
1.189208000000000071e-01 1.544125977119933718e-03
1.189232000000000067e-01 1.544125977119933718e-03
1.189256000000000063e-01 1.544125977119933718e-03
1.189280000000000059e-01 1.544125977119933718e-03
1.189304000000000056e-01 1.530158398144936937e-03
1.189328000000000052e-01 1.530158398144936937e-03
1.189352000000000048e-01 1.527729253975372223e-03
1.189376000000000044e-01 1.527729253975372223e-03
1.189400000000000041e-01 1.519429678062693108e-03
1.189424000000000037e-01 1.508093671938057993e-03
1.189448000000000033e-01 1.503842669641319851e-03
1.189472000000000029e-01 1.502020811514146424e-03
1.189496000000000026e-01 1.472263795436979435e-03
1.189520000000000022e-01 1.471251652032994029e-03
1.189544000000000018e-01 1.471251652032994029e-03
1.189568000000000014e-01 1.471251652032994029e-03
1.189592000000000011e-01 1.471251652032994029e-03
1.189616000000000007e-01 1.471251652032994029e-03
1.189640000000000003e-01 1.471251652032994029e-03
1.189663999999999999e-01 1.470441937309806008e-03
1.189687999999999996e-01 1.470441937309806008e-03
1.189711999999999992e-01 1.450199069230100274e-03
1.189735999999999988e-01 1.450199069230100274e-03
1.189759999999999984e-01 1.442304350679015279e-03
1.189783999999999980e-01 1.442304350679015279e-03
1.189807999999999977e-01 1.442304350679015279e-03
1.189831999999999973e-01 1.442304350679015279e-03
1.189855999999999969e-01 1.442304350679015279e-03
1.189879999999999965e-01 1.441494635955827041e-03
1.189903999999999962e-01 1.441494635955827041e-03
1.189927999999999958e-01 1.441494635955827041e-03
1.189951999999999954e-01 1.441494635955827041e-03
1.189975999999999950e-01 1.441494635955827041e-03
1.189999999999999947e-01 1.441494635955827041e-03
1.190024000000000082e-01 1.413559478005833479e-03
1.190048000000000078e-01 1.413154620644239360e-03
1.190072000000000074e-01 1.413154620644239360e-03
1.190096000000000070e-01 1.413154620644239360e-03
1.190120000000000067e-01 1.413154620644239360e-03
1.190144000000000063e-01 1.413154620644239360e-03
1.190168000000000059e-01 1.413154620644239360e-03
1.190192000000000055e-01 1.413154620644239360e-03
1.190216000000000052e-01 1.413154620644239360e-03
1.190240000000000048e-01 1.413154620644239360e-03
1.190264000000000044e-01 1.411332762517065933e-03
1.190288000000000040e-01 1.411332762517065933e-03
1.190312000000000037e-01 1.411332762517065933e-03
1.190336000000000033e-01 1.408093903624312981e-03
1.190360000000000029e-01 1.401818614519604244e-03
1.190384000000000025e-01 1.401818614519604244e-03
1.190408000000000022e-01 1.401818614519604244e-03
1.190432000000000018e-01 1.401818614519604244e-03
1.190456000000000014e-01 1.401818614519604244e-03
1.190480000000000010e-01 1.401818614519604244e-03
1.190504000000000007e-01 1.401818614519604244e-03
1.190528000000000003e-01 1.358903734190628496e-03
1.190551999999999999e-01 1.358903734190628496e-03
1.190575999999999995e-01 1.358903734190628496e-03
1.190599999999999992e-01 1.358903734190628496e-03
1.190623999999999988e-01 1.358903734190628496e-03
1.190647999999999984e-01 1.358903734190628496e-03
1.190671999999999980e-01 1.357891590786643524e-03
1.190695999999999977e-01 1.357081876063455069e-03
1.190719999999999973e-01 1.357081876063455069e-03
1.190743999999999969e-01 1.357081876063455069e-03
1.190767999999999965e-01 1.357081876063455069e-03
1.190791999999999962e-01 1.357081876063455069e-03
1.190815999999999958e-01 1.354247874532296452e-03
1.190839999999999954e-01 1.354247874532296452e-03
1.190863999999999950e-01 1.352223587724325641e-03
1.190887999999999947e-01 1.352223587724325641e-03
1.190912000000000082e-01 1.352223587724325641e-03
1.190936000000000078e-01 1.352223587724325641e-03
1.190960000000000074e-01 1.351616301681934570e-03
1.190984000000000070e-01 1.349187157512369856e-03
1.191008000000000067e-01 1.349187157512369856e-03
1.191032000000000063e-01 1.349187157512369856e-03
1.191056000000000059e-01 1.349187157512369856e-03
1.191080000000000055e-01 1.349187157512369856e-03
1.191104000000000052e-01 1.335624435898967411e-03
1.191128000000000048e-01 1.335624435898967411e-03
1.191152000000000044e-01 1.326920002624694178e-03
1.191176000000000040e-01 1.326920002624694178e-03
1.191200000000000037e-01 1.326515145263099842e-03
1.191224000000000033e-01 1.324288429774332296e-03
1.191248000000000029e-01 1.324288429774332296e-03
1.191272000000000025e-01 1.324288429774332296e-03
1.191296000000000022e-01 1.323478715051144058e-03
1.191320000000000018e-01 1.323478715051144058e-03
1.191344000000000014e-01 1.323478715051144058e-03
1.191368000000000010e-01 1.323276286370347107e-03
1.191392000000000007e-01 1.323276286370347107e-03
1.191416000000000003e-01 1.323276286370347107e-03
1.191439999999999999e-01 1.320847142200782393e-03
1.191463999999999995e-01 1.320847142200782393e-03
1.191487999999999992e-01 1.320847142200782393e-03
1.191511999999999988e-01 1.293721698973977069e-03
1.191535999999999984e-01 1.293721698973977069e-03
1.191559999999999980e-01 1.293721698973977069e-03
1.191583999999999977e-01 1.293721698973977069e-03
1.191607999999999973e-01 1.293721698973977069e-03
1.191631999999999969e-01 1.288053695911659403e-03
1.191655999999999965e-01 1.288053695911659403e-03
1.191679999999999962e-01 1.280361406041371575e-03
1.191703999999999958e-01 1.280361406041371575e-03
1.191727999999999954e-01 1.276920118467821455e-03
1.191751999999999950e-01 1.276920118467821455e-03
1.191775999999999947e-01 1.276920118467821455e-03
1.191800000000000082e-01 1.269025399916736243e-03
1.191824000000000078e-01 1.263762254216012912e-03
1.191848000000000074e-01 1.263762254216012912e-03
1.191872000000000070e-01 1.262345253450433604e-03
1.191896000000000067e-01 1.262345253450433604e-03
1.191920000000000063e-01 1.262345253450433604e-03
1.191944000000000059e-01 1.262345253450433604e-03
1.191968000000000055e-01 1.261333110046448198e-03
1.191992000000000052e-01 1.261333110046448198e-03
1.192016000000000048e-01 1.245746101625074941e-03
1.192040000000000044e-01 1.245746101625074941e-03
1.192064000000000040e-01 1.245746101625074941e-03
1.192088000000000036e-01 1.226920234310948949e-03
1.192112000000000033e-01 1.226920234310948949e-03
1.192136000000000029e-01 1.218418229717472667e-03
1.192160000000000025e-01 1.215786656867111001e-03
1.192184000000000021e-01 1.195746217468202435e-03
1.192208000000000018e-01 1.194734074064217246e-03
1.192232000000000014e-01 1.194734074064217246e-03
1.192256000000000010e-01 1.194531645383420295e-03
1.192280000000000006e-01 1.194531645383420295e-03
1.192304000000000003e-01 1.186232069470740964e-03
1.192327999999999999e-01 1.186232069470740964e-03
1.192351999999999995e-01 1.186232069470740964e-03
1.192375999999999991e-01 1.186232069470740964e-03
1.192399999999999988e-01 1.186232069470740964e-03
1.192423999999999984e-01 1.186232069470740964e-03
1.192447999999999980e-01 1.186232069470740964e-03
1.192471999999999976e-01 1.186232069470740964e-03
1.192495999999999973e-01 1.186232069470740964e-03
1.192519999999999969e-01 1.186232069470740964e-03
1.192543999999999965e-01 1.186232069470740964e-03
1.192567999999999961e-01 1.186232069470740964e-03
1.192591999999999958e-01 1.184815068705161656e-03
1.192615999999999954e-01 1.184815068705161656e-03
1.192639999999999950e-01 1.184815068705161656e-03
1.192663999999999946e-01 1.184815068705161656e-03
1.192688000000000081e-01 1.184815068705161656e-03
1.192712000000000078e-01 1.176717921473279275e-03
1.192736000000000074e-01 1.176313064111685373e-03
1.192760000000000070e-01 1.176313064111685373e-03
1.192784000000000066e-01 1.176313064111685373e-03
1.192808000000000063e-01 1.174491205984511729e-03
1.192832000000000059e-01 1.174491205984511729e-03
1.192856000000000055e-01 1.174491205984511729e-03
1.192880000000000051e-01 1.174491205984511729e-03
1.192904000000000048e-01 1.174491205984511729e-03
1.192928000000000044e-01 1.174491205984511729e-03
1.192952000000000040e-01 1.174491205984511729e-03
1.192976000000000036e-01 1.174491205984511729e-03
1.193000000000000033e-01 1.174491205984511729e-03
1.193024000000000029e-01 1.174491205984511729e-03
1.193048000000000025e-01 1.174491205984511729e-03
1.193072000000000021e-01 1.150807050331256525e-03
1.193096000000000018e-01 1.150807050331256525e-03
1.193120000000000014e-01 1.150807050331256525e-03
1.193144000000000010e-01 1.149187620884879833e-03
1.193168000000000006e-01 1.149187620884879833e-03
1.193192000000000003e-01 1.149187620884879833e-03
1.193215999999999999e-01 1.148782763523285930e-03
1.193239999999999995e-01 1.148782763523285930e-03
1.193263999999999991e-01 1.148782763523285930e-03
1.193287999999999988e-01 1.139875901568215312e-03
1.193311999999999984e-01 1.139875901568215312e-03
1.193335999999999980e-01 1.139875901568215312e-03
1.193359999999999976e-01 1.139875901568215312e-03
1.193383999999999973e-01 1.136029756633071507e-03
1.193407999999999969e-01 1.126515608635609818e-03
1.193431999999999965e-01 1.126515608635609818e-03
1.193455999999999961e-01 1.126515608635609818e-03
1.193479999999999958e-01 1.126515608635609818e-03
1.193503999999999954e-01 1.126515608635609818e-03
1.193527999999999950e-01 1.126515608635609818e-03
1.193551999999999946e-01 1.124491321827639223e-03
1.193576000000000081e-01 1.124491321827639223e-03
1.193600000000000078e-01 1.119430604807712844e-03
1.193624000000000074e-01 1.119430604807712844e-03
1.193648000000000070e-01 1.119430604807712844e-03
1.193672000000000066e-01 1.111131028895033512e-03
1.193696000000000063e-01 1.110321314171845491e-03
1.193720000000000059e-01 1.027730412406647163e-03
1.193744000000000055e-01 1.027730412406647163e-03
1.193768000000000051e-01 1.027730412406647163e-03
1.193792000000000048e-01 1.027730412406647163e-03
1.193816000000000044e-01 1.027730412406647163e-03
1.193840000000000040e-01 1.019228407813170881e-03
1.193864000000000036e-01 9.943296800751331033e-04
1.193888000000000033e-01 9.943296800751331033e-04
1.193912000000000029e-01 9.943296800751331033e-04
1.193936000000000025e-01 9.912932498631773191e-04
1.193960000000000021e-01 9.912932498631773191e-04
1.193984000000000018e-01 9.912932498631773191e-04
1.194008000000000014e-01 9.864349615240478909e-04
1.194032000000000010e-01 9.803621011001361057e-04
1.194056000000000006e-01 9.748965267186157158e-04
1.194080000000000003e-01 9.748965267186157158e-04
1.194103999999999999e-01 9.702406670602834555e-04
1.194127999999999995e-01 9.702406670602834555e-04
1.194151999999999991e-01 9.702406670602834555e-04
1.194175999999999987e-01 9.702406670602834555e-04
1.194199999999999984e-01 9.702406670602834555e-04
1.194223999999999980e-01 9.686212376139070879e-04
1.194247999999999976e-01 9.686212376139070879e-04
1.194271999999999972e-01 9.686212376139070879e-04
1.194295999999999969e-01 9.686212376139070879e-04
1.194319999999999965e-01 9.686212376139070879e-04
1.194343999999999961e-01 9.686212376139070879e-04
1.194367999999999957e-01 9.548560873197073666e-04
1.194391999999999954e-01 9.548560873197073666e-04
1.194415999999999950e-01 9.548560873197073666e-04
1.194439999999999946e-01 9.548560873197073666e-04
1.194464000000000081e-01 9.542488012773161880e-04
1.194488000000000077e-01 9.542488012773161880e-04
1.194512000000000074e-01 9.542488012773161880e-04
1.194536000000000070e-01 9.542488012773161880e-04
1.194560000000000066e-01 9.526293718309397120e-04
1.194584000000000062e-01 9.526293718309397120e-04
1.194608000000000059e-01 9.342083618784077304e-04
1.194632000000000055e-01 9.342083618784077304e-04
1.194656000000000051e-01 9.342083618784077304e-04
1.194680000000000047e-01 9.342083618784077304e-04
1.194704000000000044e-01 9.336010758360165519e-04
1.194728000000000040e-01 9.303622169432637081e-04
1.194752000000000036e-01 9.303622169432637081e-04
1.194776000000000032e-01 9.149776372026875108e-04
1.194800000000000029e-01 9.147752085218905597e-04
1.194824000000000025e-01 9.147752085218905597e-04
1.194848000000000021e-01 9.087023480979788828e-04
1.194872000000000017e-01 9.070829186516024068e-04
1.194896000000000014e-01 9.070829186516024068e-04
1.194920000000000010e-01 9.070829186516024068e-04
1.194944000000000006e-01 9.052610605244288712e-04
1.194968000000000002e-01 8.963541985693585781e-04
1.194991999999999999e-01 8.963541985693585781e-04
1.195015999999999995e-01 8.906861955070409119e-04
1.195039999999999991e-01 8.906861955070409119e-04
1.195063999999999987e-01 8.848157637639264030e-04
1.195087999999999984e-01 8.848157637639264030e-04
1.195111999999999980e-01 8.696336127041473735e-04
1.195135999999999976e-01 8.696336127041473735e-04
1.195159999999999972e-01 8.633583235994386372e-04
1.195183999999999969e-01 8.633583235994386372e-04
1.195207999999999965e-01 8.595121786642945065e-04
1.195231999999999961e-01 8.595121786642945065e-04
1.195255999999999957e-01 8.595121786642945065e-04
1.195279999999999954e-01 8.439251702429213580e-04
1.195303999999999950e-01 8.372450237766186111e-04
1.195327999999999946e-01 8.372450237766186111e-04
1.195352000000000081e-01 8.372450237766186111e-04
1.195376000000000077e-01 8.372450237766186111e-04
1.195400000000000074e-01 8.372450237766186111e-04
1.195424000000000070e-01 8.348158796070538970e-04
1.195448000000000066e-01 8.348158796070538970e-04
1.195472000000000062e-01 8.325891641182862424e-04
1.195496000000000059e-01 8.325891641182862424e-04
1.195520000000000055e-01 8.325891641182862424e-04
1.195544000000000051e-01 8.317794493950981128e-04
1.195568000000000047e-01 8.317794493950981128e-04
1.195592000000000044e-01 8.317794493950981128e-04
1.195616000000000040e-01 8.299575912679245772e-04
1.195640000000000036e-01 8.299575912679245772e-04
1.195664000000000032e-01 8.299575912679245772e-04
1.195688000000000029e-01 8.299575912679245772e-04
1.195712000000000025e-01 8.299575912679245772e-04
1.195736000000000021e-01 8.299575912679245772e-04
1.195760000000000017e-01 8.091074371458279900e-04
1.195784000000000014e-01 8.091074371458279900e-04
1.195808000000000010e-01 8.091074371458279900e-04
1.195832000000000006e-01 8.091074371458279900e-04
1.195856000000000002e-01 8.091074371458279900e-04
1.195879999999999999e-01 8.040467201259015022e-04
1.195903999999999995e-01 7.831965660038049150e-04
1.195927999999999991e-01 7.831965660038049150e-04
1.195951999999999987e-01 7.831965660038049150e-04
1.195975999999999984e-01 7.815771365574284389e-04
1.195999999999999980e-01 7.815771365574284389e-04
1.196023999999999976e-01 7.815771365574284389e-04
1.196047999999999972e-01 7.815771365574284389e-04
1.196071999999999969e-01 7.759091334951108811e-04
1.196095999999999965e-01 7.748969900911256920e-04
1.196119999999999961e-01 7.165975300215738546e-04
1.196143999999999957e-01 7.141683858520092489e-04
1.196167999999999954e-01 7.070833820241123830e-04
1.196191999999999950e-01 7.020226650041858953e-04
1.196215999999999946e-01 7.020226650041858953e-04
1.196240000000000081e-01 6.993910921538242301e-04
1.196264000000000077e-01 6.977716627074477540e-04
1.196288000000000074e-01 6.977716627074477540e-04
1.196312000000000070e-01 6.977716627074477540e-04
1.196336000000000066e-01 6.971643766650566839e-04
1.196360000000000062e-01 6.902818015179567690e-04
1.196384000000000059e-01 6.902818015179567690e-04
1.196408000000000055e-01 6.902818015179567690e-04
1.196432000000000051e-01 6.902818015179567690e-04
1.196456000000000047e-01 6.894720867947686394e-04
1.196480000000000044e-01 6.880550860291892229e-04
1.196504000000000040e-01 6.880550860291892229e-04
1.196528000000000036e-01 6.864356565828127468e-04
1.196552000000000032e-01 6.842089410940450922e-04
1.196576000000000028e-01 6.842089410940450922e-04
1.196600000000000025e-01 6.842089410940450922e-04
1.196624000000000021e-01 6.842089410940450922e-04
1.196648000000000017e-01 6.842089410940450922e-04
1.196672000000000013e-01 6.842089410940450922e-04
1.196696000000000010e-01 6.842089410940450922e-04
1.196720000000000006e-01 6.842089410940450922e-04
1.196744000000000002e-01 6.842089410940450922e-04
1.196767999999999998e-01 6.842089410940450922e-04
1.196791999999999995e-01 6.842089410940450922e-04
1.196815999999999991e-01 6.842089410940450922e-04
1.196839999999999987e-01 6.842089410940450922e-04
1.196863999999999983e-01 6.842089410940450922e-04
1.196887999999999980e-01 6.842089410940450922e-04
1.196911999999999976e-01 6.791482240741187129e-04
1.196935999999999972e-01 6.791482240741187129e-04
1.196959999999999968e-01 6.791482240741187129e-04
1.196983999999999965e-01 6.781360806701334154e-04
1.197007999999999961e-01 6.781360806701334154e-04
1.197031999999999957e-01 6.781360806701334154e-04
1.197055999999999953e-01 6.781360806701334154e-04
1.197079999999999950e-01 6.781360806701334154e-04
1.197103999999999946e-01 6.781360806701334154e-04
1.197128000000000081e-01 6.781360806701334154e-04
1.197152000000000077e-01 6.781360806701334154e-04
1.197176000000000073e-01 6.781360806701334154e-04
1.197200000000000070e-01 6.781360806701334154e-04
1.197224000000000066e-01 6.781360806701334154e-04
1.197248000000000062e-01 6.781360806701334154e-04
1.197272000000000058e-01 6.781360806701334154e-04
1.197296000000000055e-01 6.773263659469451773e-04
1.197320000000000051e-01 6.753020791389747991e-04
1.197344000000000047e-01 6.753020791389747991e-04
1.197368000000000043e-01 6.753020791389747991e-04
1.197392000000000040e-01 6.753020791389747991e-04
1.197416000000000036e-01 6.720632202462218470e-04
1.197440000000000032e-01 6.720632202462218470e-04
1.197464000000000028e-01 6.720632202462218470e-04
1.197488000000000025e-01 6.720632202462218470e-04
1.197512000000000021e-01 6.720632202462218470e-04
1.197536000000000017e-01 6.690267900342660628e-04
1.197560000000000013e-01 6.690267900342660628e-04
1.197584000000000010e-01 6.690267900342660628e-04
1.197608000000000006e-01 6.530349242512986868e-04
1.197632000000000002e-01 6.530349242512986868e-04
1.197655999999999998e-01 6.499984940393427942e-04
1.197679999999999995e-01 6.499984940393427942e-04
1.197703999999999991e-01 6.473669211889811290e-04
1.197727999999999987e-01 6.473669211889811290e-04
1.197751999999999983e-01 6.473669211889811290e-04
1.197775999999999980e-01 6.414964894458665117e-04
1.197799999999999976e-01 6.414964894458665117e-04
1.197823999999999972e-01 6.414964894458665117e-04
1.197847999999999968e-01 6.414964894458665117e-04
1.197871999999999965e-01 6.400794886802870952e-04
1.197895999999999961e-01 6.400794886802870952e-04
1.197919999999999957e-01 6.127516167726848205e-04
1.197943999999999953e-01 6.127516167726848205e-04
1.197967999999999950e-01 6.127516167726848205e-04
1.197991999999999946e-01 6.127516167726848205e-04
1.198016000000000081e-01 6.127516167726848205e-04
1.198040000000000077e-01 6.127516167726848205e-04
1.198064000000000073e-01 6.127516167726848205e-04
1.198088000000000070e-01 6.014156106480497048e-04
1.198112000000000066e-01 6.014156106480497048e-04
1.198136000000000062e-01 6.014156106480497048e-04
1.198160000000000058e-01 5.981767517552968611e-04
1.198184000000000055e-01 5.981767517552968611e-04
1.198208000000000051e-01 5.981767517552968611e-04
1.198232000000000047e-01 5.923063200121822438e-04
1.198256000000000043e-01 5.923063200121822438e-04
1.198280000000000040e-01 5.908893192466029357e-04
1.198304000000000036e-01 5.908893192466029357e-04
1.198328000000000032e-01 5.908893192466029357e-04
1.198352000000000028e-01 5.908893192466029357e-04
1.198376000000000025e-01 5.908893192466029357e-04
1.198400000000000021e-01 5.838043154187059613e-04
1.198424000000000017e-01 5.838043154187059613e-04
1.198448000000000013e-01 5.838043154187059613e-04
1.198472000000000010e-01 5.797557418027648795e-04
1.198496000000000006e-01 5.797557418027648795e-04
1.198520000000000002e-01 5.787435983987795820e-04
1.198543999999999998e-01 5.787435983987795820e-04
1.198567999999999995e-01 5.487841536408155337e-04
1.198591999999999991e-01 5.465574381520478791e-04
1.198615999999999987e-01 5.392700056433539536e-04
1.198639999999999983e-01 5.370432901545862990e-04
1.198663999999999979e-01 5.370432901545862990e-04
1.198687999999999976e-01 5.370432901545862990e-04
1.198711999999999972e-01 5.352214320274127635e-04
1.198735999999999968e-01 5.346141459850216934e-04
1.198759999999999964e-01 5.346141459850216934e-04
1.198783999999999961e-01 5.346141459850216934e-04
1.198807999999999957e-01 5.346141459850216934e-04
1.198831999999999953e-01 5.346141459850216934e-04
1.198855999999999949e-01 5.313752870922688496e-04
1.198879999999999946e-01 5.220635677756042207e-04
1.198904000000000081e-01 5.220635677756042207e-04
1.198928000000000077e-01 5.220635677756042207e-04
1.198952000000000073e-01 5.220635677756042207e-04
1.198976000000000069e-01 5.151809926285044142e-04
1.199000000000000066e-01 5.151809926285044142e-04
1.199024000000000062e-01 5.070838453966221423e-04
1.199048000000000058e-01 5.070838453966221423e-04
1.199072000000000054e-01 5.070838453966221423e-04
1.199096000000000051e-01 5.070838453966221423e-04
1.199120000000000047e-01 5.070838453966221423e-04
1.199144000000000043e-01 5.024279857382898820e-04
1.199168000000000039e-01 5.024279857382898820e-04
1.199192000000000036e-01 5.024279857382898820e-04
1.199216000000000032e-01 5.024279857382898820e-04
1.199240000000000028e-01 5.024279857382898820e-04
1.199264000000000024e-01 5.024279857382898820e-04
1.199288000000000021e-01 5.024279857382898820e-04
1.199312000000000017e-01 5.008085562919135144e-04
1.199336000000000013e-01 5.008085562919135144e-04
1.199360000000000009e-01 4.949381245487988971e-04
1.199384000000000006e-01 4.949381245487988971e-04
1.199408000000000002e-01 4.949381245487988971e-04
1.199431999999999998e-01 4.910919796136548748e-04
1.199455999999999994e-01 4.910919796136548748e-04
1.199479999999999991e-01 4.878531207209019769e-04
1.199503999999999987e-01 4.878531207209019769e-04
1.199527999999999983e-01 4.838045471049608952e-04
1.199551999999999979e-01 4.838045471049608952e-04
1.199575999999999976e-01 4.797559734890198134e-04
1.199599999999999972e-01 4.797559734890198134e-04
1.199623999999999968e-01 4.789462587658315754e-04
1.199647999999999964e-01 4.789462587658315754e-04
1.199671999999999961e-01 4.779341153618463321e-04
1.199695999999999957e-01 4.765171145962669155e-04
1.199719999999999953e-01 4.710515402147464172e-04
1.199743999999999949e-01 4.710515402147464172e-04
1.199767999999999946e-01 4.676102526411965140e-04
1.199792000000000081e-01 4.676102526411965140e-04
1.199816000000000077e-01 4.676102526411965140e-04
1.199840000000000073e-01 4.676102526411965140e-04
1.199864000000000069e-01 4.676102526411965140e-04
1.199888000000000066e-01 4.676102526411965140e-04
1.199912000000000062e-01 4.670029665988053354e-04
1.199936000000000058e-01 4.670029665988053354e-04
1.199960000000000054e-01 4.663956805564141569e-04
1.199984000000000051e-01 4.663956805564141569e-04
1.200008000000000047e-01 4.663956805564141569e-04
1.200032000000000043e-01 4.663956805564141569e-04
1.200056000000000039e-01 4.663956805564141569e-04
1.200080000000000036e-01 4.663956805564141569e-04
1.200104000000000032e-01 4.663956805564141569e-04
1.200128000000000028e-01 4.663956805564141569e-04
1.200152000000000024e-01 4.663956805564141569e-04
1.200176000000000021e-01 4.663956805564141569e-04
1.200200000000000017e-01 4.653835371524289136e-04
1.200224000000000013e-01 4.635616790252554322e-04
1.200248000000000009e-01 4.635616790252554322e-04
1.200272000000000006e-01 4.635616790252554322e-04
1.200296000000000002e-01 4.635616790252554322e-04
1.200319999999999998e-01 4.625495356212701347e-04
1.200343999999999994e-01 4.625495356212701347e-04
1.200367999999999991e-01 4.625495356212701347e-04
1.200391999999999987e-01 4.625495356212701347e-04
1.200415999999999983e-01 4.435212396263469746e-04
1.200439999999999979e-01 4.435212396263469746e-04
1.200463999999999976e-01 4.435212396263469746e-04
1.200487999999999972e-01 4.435212396263469746e-04
1.200511999999999968e-01 4.435212396263469746e-04
1.200535999999999964e-01 4.435212396263469746e-04
1.200559999999999961e-01 4.435212396263469746e-04
1.200583999999999957e-01 4.435212396263469746e-04
1.200607999999999953e-01 4.435212396263469746e-04
1.200631999999999949e-01 4.435212396263469746e-04
1.200655999999999946e-01 4.435212396263469746e-04
1.200680000000000081e-01 4.435212396263469746e-04
1.200704000000000077e-01 4.435212396263469746e-04
1.200728000000000073e-01 4.435212396263469746e-04
1.200752000000000069e-01 4.408896667759853094e-04
1.200776000000000066e-01 4.408896667759853094e-04
1.200800000000000062e-01 4.408896667759853094e-04
1.200824000000000058e-01 4.408896667759853094e-04
1.200848000000000054e-01 4.408896667759853094e-04
1.200872000000000051e-01 4.408896667759853094e-04
1.200896000000000047e-01 4.408896667759853094e-04
1.200920000000000043e-01 4.408896667759853094e-04
1.200944000000000039e-01 4.408896667759853094e-04
1.200968000000000035e-01 4.362338071176530491e-04
1.200992000000000032e-01 4.362338071176530491e-04
1.201016000000000028e-01 4.362338071176530491e-04
1.201040000000000024e-01 4.362338071176530491e-04
1.201064000000000020e-01 4.362338071176530491e-04
1.201088000000000017e-01 4.362338071176530491e-04
1.201112000000000013e-01 4.362338071176530491e-04
1.201136000000000009e-01 4.319828048209148536e-04
1.201160000000000005e-01 4.319828048209148536e-04
1.201184000000000002e-01 4.311730900977266698e-04
1.201207999999999998e-01 4.311730900977266698e-04
1.201231999999999994e-01 4.311730900977266698e-04
1.201255999999999990e-01 4.311730900977266698e-04
1.201279999999999987e-01 4.311730900977266698e-04
1.201303999999999983e-01 4.311730900977266698e-04
1.201327999999999979e-01 4.311730900977266698e-04
1.201351999999999975e-01 4.311730900977266698e-04
1.201375999999999972e-01 4.311730900977266698e-04
1.201399999999999968e-01 4.311730900977266698e-04
1.201423999999999964e-01 4.311730900977266698e-04
1.201447999999999960e-01 4.311730900977266698e-04
1.201471999999999957e-01 4.311730900977266698e-04
1.201495999999999953e-01 4.311730900977266698e-04
1.201519999999999949e-01 4.311730900977266698e-04
1.201543999999999945e-01 4.311730900977266698e-04
1.201568000000000080e-01 4.244929436314238145e-04
1.201592000000000077e-01 4.244929436314238145e-04
1.201616000000000073e-01 4.244929436314238145e-04
1.201640000000000069e-01 4.244929436314238145e-04
1.201664000000000065e-01 4.244929436314238145e-04
1.201688000000000062e-01 4.244929436314238145e-04
1.201712000000000058e-01 4.244929436314238145e-04
1.201736000000000054e-01 4.244929436314238145e-04
1.201760000000000050e-01 4.244929436314238145e-04
1.201784000000000047e-01 4.244929436314238145e-04
1.201808000000000043e-01 4.244929436314238145e-04
1.201832000000000039e-01 4.244929436314238145e-04
1.201856000000000035e-01 4.244929436314238145e-04
1.201880000000000032e-01 4.244929436314238145e-04
1.201904000000000028e-01 4.244929436314238145e-04
1.201928000000000024e-01 4.244929436314238145e-04
1.201952000000000020e-01 4.244929436314238145e-04
1.201976000000000017e-01 4.244929436314238145e-04
1.202000000000000013e-01 4.244929436314238145e-04
# Ensemble: [15^+], idetect: 0.1193
1.184999999999999942e-01 2.299994671216136141e-03
1.185016999999999876e-01 2.299994671216136141e-03
1.185033999999999949e-01 2.299994671216136141e-03
1.185050999999999882e-01 2.299994671216136141e-03
1.185067999999999955e-01 2.299994671216136141e-03
1.185084999999999888e-01 2.299994671216136141e-03
1.185101999999999961e-01 2.294678381830113616e-03
1.185118999999999895e-01 2.290294774792515746e-03
1.185135999999999967e-01 2.289362092444090658e-03
1.185152999999999901e-01 2.288429410095665570e-03
1.185169999999999974e-01 2.288429410095665570e-03
1.185186999999999907e-01 2.267537325490944985e-03
1.185203999999999980e-01 2.267537325490944985e-03
1.185220999999999913e-01 2.261381621991339751e-03
1.185237999999999986e-01 2.261381621991339751e-03
1.185254999999999920e-01 2.260075866703544715e-03
1.185271999999999992e-01 2.260075866703544715e-03
1.185288999999999926e-01 2.260075866703544715e-03
1.185305999999999998e-01 2.241795292674413770e-03
1.185322999999999932e-01 2.228457935091935835e-03
1.185340000000000005e-01 2.228457935091935835e-03
1.185356999999999938e-01 2.222208963357488222e-03
1.185374000000000011e-01 2.222208963357488222e-03
1.185390999999999945e-01 2.206633168138790162e-03
1.185407999999999878e-01 2.196000589366744679e-03
1.185424999999999951e-01 2.196000589366744679e-03
1.185441999999999885e-01 2.196000589366744679e-03
1.185458999999999957e-01 2.196000589366744679e-03
1.185475999999999891e-01 2.188445862344502030e-03
1.185492999999999963e-01 2.188445862344502030e-03
1.185509999999999897e-01 2.188445862344502030e-03
1.185526999999999970e-01 2.177720015337614168e-03
1.185543999999999903e-01 2.175015236527181716e-03
1.185560999999999976e-01 2.175015236527181716e-03
1.185577999999999910e-01 2.175015236527181716e-03
1.185594999999999982e-01 2.175015236527181716e-03
1.185611999999999916e-01 2.125956145000024600e-03
1.185628999999999988e-01 2.125956145000024600e-03
1.185645999999999922e-01 2.125956145000024600e-03
1.185662999999999995e-01 2.125209999121284703e-03
1.185679999999999928e-01 2.125209999121284703e-03
1.185697000000000001e-01 2.089954606350818284e-03
1.185713999999999935e-01 2.089954606350818284e-03
1.185731000000000007e-01 2.089954606350818284e-03
1.185747999999999941e-01 2.089954606350818284e-03
1.185765000000000013e-01 2.089674801646290714e-03
1.185781999999999947e-01 2.073259592314009945e-03
1.185798999999999881e-01 2.057963601799839455e-03
1.185815999999999953e-01 2.057963601799839455e-03
1.185832999999999887e-01 2.057963601799839455e-03
1.185849999999999960e-01 2.057963601799839455e-03
1.185866999999999893e-01 2.057963601799839455e-03
1.185883999999999966e-01 2.057963601799839455e-03
1.185900999999999900e-01 2.057963601799839455e-03
1.185917999999999972e-01 2.057963601799839455e-03
1.185934999999999906e-01 2.057963601799839455e-03
1.185951999999999978e-01 2.056844382981729610e-03
1.185968999999999912e-01 2.056844382981729610e-03
1.185985999999999985e-01 2.056844382981729610e-03
1.186002999999999918e-01 2.054885750050037055e-03
1.186019999999999991e-01 2.054885750050037055e-03
1.186036999999999925e-01 2.054885750050037055e-03
1.186053999999999997e-01 2.054885750050037055e-03
1.186070999999999931e-01 2.054885750050037055e-03
1.186088000000000003e-01 2.054885750050037055e-03
1.186104999999999937e-01 2.054885750050037055e-03
1.186122000000000010e-01 2.054885750050037055e-03
1.186138999999999943e-01 2.054885750050037055e-03
1.186156000000000016e-01 2.045652194800628987e-03
1.186172999999999950e-01 2.045185853626416660e-03
1.186189999999999883e-01 2.044906048921889090e-03
1.186206999999999956e-01 2.044906048921889090e-03
1.186223999999999890e-01 2.034086933680158849e-03
1.186240999999999962e-01 2.034086933680158849e-03
1.186257999999999896e-01 2.033900397210473658e-03
1.186274999999999968e-01 2.033900397210473658e-03
1.186291999999999902e-01 2.031755227809095912e-03
1.186308999999999975e-01 2.031755227809095912e-03
1.186325999999999908e-01 2.031755227809095912e-03
1.186342999999999981e-01 2.031755227809095912e-03
1.186359999999999915e-01 2.029143717233505839e-03
1.186376999999999987e-01 2.029143717233505839e-03
1.186393999999999921e-01 2.029143717233505839e-03
1.186410999999999993e-01 2.029143717233505839e-03
1.186427999999999927e-01 2.029143717233505839e-03
1.186445000000000000e-01 2.029143717233505839e-03
1.186461999999999933e-01 2.027931230180553615e-03
1.186479000000000006e-01 2.027931230180553615e-03
1.186495999999999940e-01 2.027931230180553615e-03
1.186513000000000012e-01 2.026905279597286148e-03
1.186529999999999946e-01 2.023827427847483314e-03
1.186546999999999880e-01 2.023827427847483314e-03
1.186563999999999952e-01 2.022708209029373469e-03
1.186580999999999886e-01 2.021962063150633138e-03
1.186597999999999958e-01 2.021962063150633138e-03
1.186614999999999892e-01 2.021868794915790760e-03
1.186631999999999965e-01 1.965628049305760943e-03
1.186648999999999898e-01 1.965628049305760943e-03
1.186665999999999971e-01 1.958166590518360672e-03
1.186682999999999905e-01 1.958166590518360672e-03
1.186699999999999977e-01 1.958166590518360672e-03
1.186716999999999911e-01 1.958166590518360672e-03
1.186733999999999983e-01 1.958166590518360672e-03
1.186750999999999917e-01 1.958166590518360672e-03
1.186767999999999990e-01 1.958166590518360672e-03
1.186784999999999923e-01 1.958166590518360672e-03
1.186801999999999996e-01 1.958166590518360672e-03
1.186818999999999930e-01 1.958166590518360672e-03
1.186836000000000002e-01 1.955088738768558272e-03
1.186852999999999936e-01 1.955088738768558272e-03
1.186870000000000008e-01 1.955088738768558272e-03
1.186886999999999942e-01 1.951824350549070681e-03
1.186904000000000015e-01 1.951824350549070681e-03
1.186920999999999948e-01 1.951731082314228085e-03
1.186937999999999882e-01 1.951731082314228085e-03
1.186954999999999955e-01 1.949865717617377909e-03
1.186971999999999888e-01 1.949865717617377909e-03
1.186988999999999961e-01 1.948280157625055520e-03
1.187005999999999895e-01 1.948280157625055520e-03
1.187022999999999967e-01 1.948280157625055520e-03
1.187039999999999901e-01 1.948280157625055520e-03
1.187056999999999973e-01 1.948280157625055520e-03
1.187073999999999907e-01 1.928040950664232237e-03
1.187090999999999980e-01 1.895023995529985942e-03
1.187107999999999913e-01 1.893718240242190905e-03
1.187124999999999986e-01 1.893718240242190905e-03
1.187141999999999920e-01 1.893718240242190905e-03
1.187158999999999992e-01 1.893718240242190905e-03
1.187175999999999926e-01 1.893718240242190905e-03
1.187192999999999998e-01 1.893718240242190905e-03
1.187209999999999932e-01 1.893718240242190905e-03
1.187227000000000005e-01 1.893718240242190905e-03
1.187243999999999938e-01 1.893718240242190905e-03
1.187261000000000011e-01 1.893718240242190905e-03
1.187277999999999945e-01 1.889427901439435847e-03
1.187295000000000017e-01 1.888215414386483406e-03
1.187311999999999951e-01 1.888215414386483406e-03
1.187328999999999884e-01 1.888215414386483406e-03
1.187345999999999957e-01 1.888215414386483406e-03
1.187362999999999891e-01 1.887282732038058318e-03
1.187379999999999963e-01 1.887282732038058318e-03
1.187396999999999897e-01 1.887282732038058318e-03
1.187413999999999970e-01 1.887282732038058318e-03
1.187430999999999903e-01 1.887282732038058318e-03
1.187447999999999976e-01 1.887282732038058318e-03
1.187464999999999909e-01 1.887282732038058318e-03
1.187481999999999982e-01 1.868815621539242399e-03
1.187498999999999916e-01 1.843913002836293892e-03
1.187515999999999988e-01 1.843913002836293892e-03
1.187532999999999922e-01 1.831508327602241045e-03
1.187549999999999994e-01 1.775827191401266368e-03
1.187566999999999928e-01 1.775827191401266368e-03
1.187584000000000001e-01 1.775827191401266368e-03
1.187600999999999934e-01 1.775827191401266368e-03
1.187618000000000007e-01 1.775827191401266368e-03
1.187634999999999941e-01 1.773495485530204082e-03
1.187652000000000013e-01 1.773495485530204082e-03
1.187668999999999947e-01 1.773495485530204082e-03
1.187686000000000019e-01 1.773495485530204082e-03
1.187702999999999953e-01 1.762396565583946055e-03
1.187719999999999887e-01 1.762396565583946055e-03
1.187736999999999959e-01 1.762396565583946055e-03
1.187753999999999893e-01 1.762396565583946055e-03
1.187770999999999966e-01 1.762396565583946055e-03
1.187787999999999899e-01 1.762396565583946055e-03
1.187804999999999972e-01 1.761743687940048320e-03
1.187821999999999906e-01 1.761743687940048320e-03
1.187838999999999978e-01 1.761743687940048320e-03
1.187855999999999912e-01 1.761743687940048320e-03
1.187872999999999984e-01 1.761743687940048320e-03
1.187889999999999918e-01 1.761743687940048320e-03
1.187906999999999991e-01 1.761090810296151018e-03
1.187923999999999924e-01 1.761090810296151018e-03
1.187940999999999997e-01 1.761090810296151018e-03
1.187957999999999931e-01 1.751111109168003053e-03
1.187975000000000003e-01 1.749432280940838068e-03
1.187991999999999937e-01 1.736281459828044891e-03
1.188009000000000009e-01 1.735628582184147589e-03
1.188025999999999943e-01 1.735628582184147589e-03
1.188043000000000016e-01 1.735628582184147589e-03
1.188059999999999949e-01 1.722384492836512033e-03
1.188077000000000022e-01 1.722384492836512033e-03
1.188093999999999956e-01 1.722384492836512033e-03
1.188110999999999889e-01 1.722384492836512033e-03
1.188127999999999962e-01 1.721545078722929323e-03
1.188144999999999896e-01 1.720612396374504452e-03
1.188161999999999968e-01 1.720612396374504452e-03
1.188178999999999902e-01 1.720612396374504452e-03
1.188195999999999974e-01 1.720612396374504452e-03
1.188212999999999908e-01 1.715575911693009064e-03
1.188229999999999981e-01 1.715575911693009064e-03
1.188246999999999914e-01 1.715575911693009064e-03
1.188263999999999987e-01 1.715575911693009064e-03
1.188280999999999921e-01 1.715575911693009064e-03
1.188297999999999993e-01 1.694497290618603505e-03
1.188314999999999927e-01 1.694497290618603505e-03
1.188331999999999999e-01 1.694497290618603505e-03
1.188348999999999933e-01 1.694497290618603505e-03
1.188366000000000006e-01 1.692911730626280899e-03
1.188382999999999939e-01 1.692911730626280899e-03
1.188400000000000012e-01 1.692911730626280899e-03
1.188416999999999946e-01 1.692911730626280899e-03
1.188434000000000018e-01 1.692911730626280899e-03
1.188450999999999952e-01 1.692911730626280899e-03
1.188468000000000024e-01 1.692911730626280899e-03
1.188484999999999958e-01 1.692911730626280899e-03
1.188501999999999892e-01 1.689181001232580763e-03
1.188518999999999964e-01 1.680507055392227835e-03
1.188535999999999898e-01 1.680507055392227835e-03
1.188552999999999971e-01 1.667356234279434874e-03
1.188569999999999904e-01 1.667356234279434874e-03
1.188586999999999977e-01 1.667356234279434874e-03
1.188603999999999911e-01 1.667356234279434874e-03
1.188620999999999983e-01 1.656070777863491873e-03
1.188637999999999917e-01 1.656070777863491873e-03
1.188654999999999989e-01 1.656070777863491873e-03
1.188671999999999923e-01 1.656070777863491873e-03
1.188688999999999996e-01 1.656070777863491873e-03
1.188705999999999929e-01 1.656070777863491873e-03
1.188723000000000002e-01 1.656070777863491873e-03
1.188739999999999936e-01 1.656070777863491873e-03
1.188757000000000008e-01 1.656070777863491873e-03
1.188773999999999942e-01 1.656070777863491873e-03
1.188791000000000014e-01 1.656070777863491873e-03
1.188807999999999948e-01 1.656070777863491873e-03
1.188825000000000021e-01 1.656070777863491873e-03
1.188841999999999954e-01 1.650567952007784157e-03
1.188859000000000027e-01 1.650101610833571613e-03
1.188875999999999961e-01 1.650101610833571613e-03
1.188892999999999894e-01 1.650101610833571613e-03
1.188909999999999967e-01 1.650101610833571613e-03
1.188926999999999901e-01 1.649915074363886855e-03
1.188943999999999973e-01 1.649915074363886855e-03
1.188960999999999907e-01 1.648795855545776793e-03
1.188977999999999979e-01 1.648702587310934414e-03
1.188994999999999913e-01 1.648702587310934414e-03
1.189011999999999986e-01 1.646743954379241643e-03
1.189028999999999919e-01 1.646743954379241643e-03
1.189045999999999992e-01 1.637883472069203740e-03
1.189062999999999926e-01 1.635924839137511185e-03
1.189079999999999998e-01 1.635924839137511185e-03
1.189096999999999932e-01 1.635924839137511185e-03
1.189114000000000004e-01 1.635924839137511185e-03
1.189130999999999938e-01 1.634619083849716149e-03
1.189148000000000011e-01 1.634619083849716149e-03
1.189164999999999944e-01 1.631541232099913748e-03
1.189182000000000017e-01 1.631541232099913748e-03
1.189198999999999951e-01 1.631541232099913748e-03
1.189216000000000023e-01 1.631541232099913748e-03
1.189232999999999957e-01 1.631541232099913748e-03
1.189250000000000029e-01 1.631541232099913748e-03
1.189266999999999963e-01 1.631541232099913748e-03
1.189283999999999897e-01 1.622494213320190655e-03
1.189300999999999969e-01 1.618950020396175710e-03
1.189317999999999903e-01 1.618950020396175710e-03
1.189334999999999976e-01 1.618950020396175710e-03
1.189351999999999909e-01 1.617737533343223269e-03
1.189368999999999982e-01 1.617737533343223269e-03
1.189385999999999916e-01 1.617737533343223269e-03
1.189402999999999988e-01 1.611954902782987767e-03
1.189419999999999922e-01 1.609343392207397694e-03
1.189436999999999994e-01 1.608224173389287848e-03
1.189453999999999928e-01 1.608224173389287848e-03
1.189471000000000001e-01 1.604493443995587713e-03
1.189487999999999934e-01 1.592741646405431951e-03
1.189505000000000007e-01 1.592741646405431951e-03
1.189521999999999941e-01 1.585839797027087036e-03
1.189539000000000013e-01 1.585839797027087036e-03
1.189555999999999947e-01 1.585839797027087036e-03
1.189573000000000019e-01 1.585839797027087036e-03
1.189589999999999953e-01 1.585839797027087036e-03
1.189607000000000026e-01 1.585839797027087036e-03
1.189623999999999959e-01 1.585839797027087036e-03
1.189640999999999893e-01 1.585839797027087036e-03
1.189657999999999966e-01 1.584534041739291783e-03
1.189674999999999899e-01 1.584534041739291783e-03
1.189691999999999972e-01 1.571010147687128874e-03
1.189708999999999905e-01 1.571010147687128874e-03
1.189725999999999978e-01 1.571010147687128874e-03
1.189742999999999912e-01 1.571010147687128874e-03
1.189759999999999984e-01 1.563175615960358438e-03
1.189776999999999918e-01 1.563175615960358438e-03
1.189793999999999990e-01 1.563175615960358438e-03
1.189810999999999924e-01 1.563175615960358438e-03
1.189827999999999997e-01 1.563175615960358438e-03
1.189844999999999930e-01 1.563175615960358438e-03
1.189862000000000003e-01 1.563175615960358438e-03
1.189878999999999937e-01 1.563175615960358438e-03
1.189896000000000009e-01 1.563175615960358438e-03
1.189912999999999943e-01 1.563175615960358438e-03
1.189930000000000015e-01 1.563175615960358438e-03
1.189946999999999949e-01 1.563175615960358438e-03
1.189964000000000022e-01 1.563175615960358438e-03
1.189980999999999955e-01 1.563175615960358438e-03
1.189998000000000028e-01 1.563175615960358438e-03
1.190014999999999962e-01 1.563175615960358438e-03
1.190031999999999895e-01 1.552076696014100627e-03
1.190048999999999968e-01 1.552076696014100627e-03
1.190065999999999902e-01 1.552076696014100627e-03
1.190082999999999974e-01 1.552076696014100627e-03
1.190099999999999908e-01 1.552076696014100627e-03
1.190116999999999980e-01 1.552076696014100627e-03
1.190133999999999914e-01 1.552076696014100627e-03
1.190150999999999987e-01 1.552076696014100627e-03
1.190167999999999920e-01 1.552076696014100627e-03
1.190184999999999993e-01 1.552076696014100627e-03
1.190201999999999927e-01 1.552076696014100627e-03
1.190218999999999999e-01 1.552076696014100627e-03
1.190235999999999933e-01 1.552076696014100627e-03
1.190253000000000005e-01 1.549465185438510554e-03
1.190269999999999939e-01 1.549465185438510554e-03
1.190287000000000012e-01 1.549465185438510554e-03
1.190303999999999945e-01 1.549465185438510554e-03
1.190321000000000018e-01 1.547599820741660378e-03
1.190337999999999952e-01 1.547599820741660378e-03
1.190355000000000024e-01 1.544055627817645217e-03
1.190371999999999958e-01 1.544055627817645217e-03
1.190389000000000030e-01 1.544055627817645217e-03
1.190405999999999964e-01 1.544055627817645217e-03
1.190422999999999898e-01 1.544055627817645217e-03
1.190439999999999970e-01 1.544055627817645217e-03
1.190456999999999904e-01 1.544055627817645217e-03
1.190473999999999977e-01 1.544055627817645217e-03
1.190490999999999910e-01 1.544055627817645217e-03
1.190507999999999983e-01 1.544055627817645217e-03
1.190524999999999917e-01 1.511505013857611466e-03
1.190541999999999989e-01 1.511505013857611466e-03
1.190558999999999923e-01 1.511505013857611466e-03
1.190575999999999995e-01 1.511505013857611466e-03
1.190592999999999929e-01 1.511505013857611466e-03
1.190610000000000002e-01 1.511505013857611466e-03
1.190626999999999935e-01 1.511505013857611466e-03
1.190644000000000008e-01 1.511505013857611466e-03
1.190660999999999942e-01 1.510479063274343999e-03
1.190678000000000014e-01 1.510479063274343999e-03
1.190694999999999948e-01 1.509173307986549179e-03
1.190712000000000020e-01 1.509173307986549179e-03
1.190728999999999954e-01 1.509173307986549179e-03
1.190746000000000027e-01 1.509173307986549179e-03
1.190762999999999960e-01 1.509173307986549179e-03
1.190780000000000033e-01 1.509173307986549179e-03
1.190796999999999967e-01 1.509173307986549179e-03
1.190813999999999900e-01 1.505815651532218776e-03
1.190830999999999973e-01 1.505815651532218776e-03
1.190847999999999907e-01 1.505815651532218776e-03
1.190864999999999979e-01 1.480539959889900321e-03
1.190881999999999913e-01 1.480539959889900321e-03
1.190898999999999985e-01 1.480539959889900321e-03
1.190915999999999919e-01 1.480539959889900321e-03
1.190932999999999992e-01 1.473638110511555190e-03
1.190949999999999925e-01 1.473638110511555190e-03
1.190966999999999998e-01 1.468321821125532448e-03
1.190983999999999932e-01 1.466456456428682489e-03
1.191001000000000004e-01 1.466456456428682489e-03
1.191017999999999938e-01 1.466456456428682489e-03
1.191035000000000010e-01 1.466456456428682489e-03
1.191051999999999944e-01 1.466456456428682489e-03
1.191069000000000017e-01 1.466456456428682489e-03
1.191085999999999950e-01 1.432693355415696080e-03
1.191103000000000023e-01 1.432693355415696080e-03
1.191119999999999957e-01 1.432693355415696080e-03
1.191137000000000029e-01 1.431294331893058448e-03
1.191153999999999963e-01 1.428962626021996161e-03
1.191171000000000035e-01 1.428962626021996161e-03
1.191187999999999969e-01 1.428962626021996161e-03
1.191204999999999903e-01 1.425045360158610835e-03
1.191221999999999975e-01 1.425045360158610835e-03
1.191238999999999909e-01 1.425045360158610835e-03
1.191255999999999982e-01 1.425045360158610835e-03
1.191272999999999915e-01 1.425045360158610835e-03
1.191289999999999988e-01 1.422527117817863358e-03
1.191306999999999922e-01 1.422527117817863358e-03
1.191323999999999994e-01 1.422527117817863358e-03
1.191340999999999928e-01 1.422527117817863358e-03
1.191358000000000000e-01 1.422527117817863358e-03
1.191374999999999934e-01 1.422154044878493192e-03
1.191392000000000007e-01 1.422154044878493192e-03
1.191408999999999940e-01 1.422154044878493192e-03
1.191426000000000013e-01 1.413853171977510429e-03
1.191442999999999947e-01 1.413853171977510429e-03
1.191460000000000019e-01 1.413853171977510429e-03
1.191476999999999953e-01 1.413853171977510429e-03
1.191494000000000025e-01 1.413853171977510429e-03
1.191510999999999959e-01 1.399676400281450002e-03
1.191528000000000032e-01 1.399676400281450002e-03
1.191544999999999965e-01 1.399676400281450002e-03
1.191562000000000038e-01 1.399676400281450002e-03
1.191578999999999972e-01 1.399676400281450002e-03
1.191595999999999905e-01 1.399676400281450002e-03
1.191612999999999978e-01 1.399676400281450002e-03
1.191629999999999912e-01 1.397997572054285017e-03
1.191646999999999984e-01 1.397997572054285017e-03
1.191663999999999918e-01 1.397997572054285017e-03
1.191680999999999990e-01 1.369550760427321349e-03
1.191697999999999924e-01 1.369550760427321349e-03
1.191714999999999997e-01 1.362275838109606053e-03
1.191731999999999930e-01 1.360410473412756093e-03
1.191749000000000003e-01 1.360410473412756093e-03
1.191765999999999937e-01 1.360410473412756093e-03
1.191783000000000009e-01 1.360410473412756093e-03
1.191799999999999943e-01 1.357705694602323208e-03
1.191817000000000015e-01 1.355000915791890756e-03
1.191833999999999949e-01 1.352855746390513227e-03
1.191851000000000022e-01 1.352855746390513227e-03
1.191867999999999955e-01 1.351923064042088139e-03
1.191885000000000028e-01 1.351923064042088139e-03
1.191901999999999961e-01 1.351923064042088139e-03
1.191919000000000034e-01 1.351923064042088139e-03
1.191935999999999968e-01 1.351923064042088139e-03
1.191953000000000040e-01 1.351923064042088139e-03
1.191969999999999974e-01 1.351923064042088139e-03
1.191986999999999908e-01 1.351923064042088139e-03
1.192003999999999980e-01 1.342596240557837909e-03
1.192020999999999914e-01 1.342596240557837909e-03
1.192037999999999986e-01 1.342596240557837909e-03
1.192054999999999920e-01 1.342596240557837909e-03
1.192071999999999993e-01 1.342596240557837909e-03
1.192088999999999926e-01 1.331310784141894691e-03
1.192105999999999999e-01 1.331310784141894691e-03
1.192122999999999933e-01 1.312377332468866661e-03
1.192140000000000005e-01 1.310698504241701676e-03
1.192156999999999939e-01 1.310325431302331511e-03
1.192174000000000011e-01 1.310325431302331511e-03
1.192190999999999945e-01 1.295775586666900918e-03
1.192208000000000018e-01 1.282251692614738226e-03
1.192224999999999951e-01 1.282251692614738226e-03
1.192242000000000024e-01 1.282251692614738226e-03
1.192258999999999958e-01 1.281971887910210439e-03
1.192276000000000030e-01 1.281971887910210439e-03
1.192292999999999964e-01 1.276095989115132775e-03
1.192310000000000036e-01 1.276095989115132775e-03
1.192326999999999970e-01 1.276095989115132775e-03
1.192343999999999904e-01 1.276095989115132775e-03
1.192360999999999976e-01 1.276095989115132775e-03
1.192377999999999910e-01 1.276095989115132775e-03
1.192394999999999983e-01 1.276095989115132775e-03
1.192411999999999916e-01 1.276095989115132775e-03
1.192428999999999989e-01 1.276095989115132775e-03
1.192445999999999923e-01 1.276095989115132775e-03
1.192462999999999995e-01 1.276095989115132775e-03
1.192479999999999929e-01 1.276095989115132775e-03
1.192497000000000001e-01 1.276095989115132775e-03
1.192513999999999935e-01 1.276095989115132775e-03
1.192531000000000008e-01 1.276095989115132775e-03
1.192547999999999941e-01 1.276095989115132775e-03
1.192565000000000014e-01 1.276095989115132775e-03
1.192581999999999948e-01 1.268447993858047313e-03
1.192599000000000020e-01 1.268447993858047313e-03
1.192615999999999954e-01 1.268447993858047313e-03
1.192633000000000026e-01 1.268447993858047313e-03
1.192649999999999960e-01 1.268447993858047313e-03
1.192667000000000033e-01 1.268447993858047313e-03
1.192683999999999966e-01 1.268447993858047313e-03
1.192701000000000039e-01 1.264344191524977229e-03
1.192717999999999973e-01 1.264250923290134851e-03
1.192734999999999906e-01 1.264250923290134851e-03
1.192751999999999979e-01 1.264250923290134851e-03
1.192768999999999913e-01 1.264250923290134851e-03
1.192785999999999985e-01 1.264250923290134851e-03
1.192802999999999919e-01 1.264157655055292255e-03
1.192819999999999991e-01 1.264157655055292255e-03
1.192836999999999925e-01 1.264157655055292255e-03
1.192853999999999998e-01 1.264157655055292255e-03
1.192870999999999931e-01 1.264157655055292255e-03
1.192888000000000004e-01 1.264157655055292255e-03
1.192904999999999938e-01 1.264157655055292255e-03
1.192922000000000010e-01 1.264157655055292255e-03
1.192938999999999944e-01 1.264157655055292255e-03
1.192956000000000016e-01 1.264157655055292255e-03
1.192972999999999950e-01 1.264157655055292255e-03
1.192990000000000023e-01 1.264157655055292255e-03
1.193006999999999956e-01 1.264157655055292255e-03
1.193024000000000029e-01 1.264157655055292255e-03
1.193040999999999963e-01 1.264157655055292255e-03
1.193058000000000035e-01 1.264064386820449876e-03
1.193074999999999969e-01 1.255017368040726999e-03
1.193092000000000041e-01 1.251286638647026864e-03
1.193108999999999975e-01 1.251286638647026864e-03
1.193125999999999909e-01 1.250167419828916802e-03
1.193142999999999981e-01 1.250167419828916802e-03
1.193159999999999915e-01 1.250167419828916802e-03
1.193176999999999988e-01 1.248395323366909221e-03
1.193193999999999921e-01 1.248395323366909221e-03
1.193210999999999994e-01 1.247649177488169107e-03
1.193227999999999928e-01 1.247649177488169107e-03
1.193245000000000000e-01 1.247649177488169107e-03
1.193261999999999934e-01 1.247649177488169107e-03
1.193279000000000006e-01 1.228062848171243560e-03
1.193295999999999940e-01 1.228062848171243560e-03
1.193313000000000013e-01 1.228062848171243560e-03
1.193329999999999946e-01 1.228062848171243560e-03
1.193347000000000019e-01 1.228062848171243560e-03
1.193363999999999953e-01 1.228062848171243560e-03
1.193381000000000025e-01 1.226757092883448306e-03
1.193397999999999959e-01 1.222466754080693248e-03
1.193415000000000031e-01 1.222466754080693248e-03
1.193431999999999965e-01 1.222466754080693248e-03
1.193449000000000038e-01 1.222466754080693248e-03
1.193465999999999971e-01 1.222466754080693248e-03
1.193483000000000044e-01 1.222466754080693248e-03
1.193499999999999978e-01 1.222466754080693248e-03
1.193516999999999911e-01 1.221440803497425781e-03
1.193533999999999984e-01 1.221440803497425781e-03
1.193550999999999918e-01 1.221160998792898212e-03
1.193567999999999990e-01 1.221160998792898212e-03
1.193584999999999924e-01 1.212020711778332739e-03
1.193601999999999996e-01 1.212020711778332739e-03
1.193618999999999930e-01 1.212020711778332739e-03
1.193636000000000003e-01 1.212020711778332739e-03
1.193652999999999936e-01 1.209689005907270453e-03
1.193670000000000009e-01 1.206611154157467836e-03
1.193686999999999943e-01 1.205678471809042748e-03
1.193704000000000015e-01 1.205678471809042748e-03
1.193720999999999949e-01 1.174526881371646412e-03
1.193738000000000021e-01 1.174526881371646412e-03
1.193754999999999955e-01 1.174526881371646412e-03
1.193772000000000028e-01 1.174526881371646412e-03
1.193788999999999961e-01 1.174526881371646412e-03
1.193806000000000034e-01 1.174526881371646412e-03
1.193822999999999968e-01 1.173687467258064136e-03
1.193840000000000040e-01 1.151582895600390677e-03
1.193856999999999974e-01 1.147665629737005567e-03
1.193874000000000046e-01 1.147665629737005567e-03
1.193890999999999980e-01 1.147665629737005567e-03
1.193907999999999914e-01 1.145054119161415494e-03
1.193924999999999986e-01 1.145054119161415494e-03
1.193941999999999920e-01 1.145054119161415494e-03
1.193958999999999993e-01 1.145054119161415494e-03
1.193975999999999926e-01 1.145054119161415494e-03
1.193992999999999999e-01 1.143468559169092888e-03
1.194009999999999933e-01 1.141043585063187789e-03
1.194027000000000005e-01 1.141043585063187789e-03
1.194043999999999939e-01 1.141043585063187789e-03
1.194061000000000011e-01 1.127706227480709637e-03
1.194077999999999945e-01 1.127706227480709637e-03
1.194095000000000018e-01 1.117819794587404268e-03
1.194111999999999951e-01 1.117633258117719294e-03
1.194129000000000024e-01 1.117633258117719294e-03
1.194145999999999957e-01 1.117633258117719294e-03
1.194163000000000030e-01 1.117633258117719294e-03
1.194179999999999964e-01 1.117633258117719294e-03
1.194197000000000036e-01 1.117633258117719294e-03
1.194213999999999970e-01 1.099445952323431161e-03
1.194231000000000043e-01 1.099445952323431161e-03
1.194247999999999976e-01 1.099445952323431161e-03
1.194265000000000049e-01 1.099445952323431161e-03
1.194281999999999982e-01 1.099445952323431161e-03
1.194298999999999916e-01 1.099445952323431161e-03
1.194315999999999989e-01 1.099445952323431161e-03
1.194332999999999922e-01 1.099445952323431161e-03
1.194349999999999995e-01 1.059806952515367304e-03
1.194366999999999929e-01 1.059806952515367304e-03
1.194384000000000001e-01 1.059060806636627191e-03
1.194400999999999935e-01 1.059060806636627191e-03
1.194418000000000007e-01 1.059060806636627191e-03
1.194434999999999941e-01 1.059060806636627191e-03
1.194452000000000014e-01 1.059060806636627191e-03
1.194468999999999947e-01 1.059060806636627191e-03
1.194486000000000020e-01 1.059060806636627191e-03
1.194502999999999954e-01 1.059060806636627191e-03
1.194520000000000026e-01 1.059060806636627191e-03
1.194536999999999960e-01 1.059060806636627191e-03
1.194554000000000032e-01 1.057661783113989559e-03
1.194570999999999966e-01 1.057661783113989559e-03
1.194588000000000039e-01 1.057661783113989559e-03
1.194604999999999972e-01 1.053091639606706931e-03
1.194622000000000045e-01 1.053091639606706931e-03
1.194638999999999979e-01 1.053091639606706931e-03
1.194656000000000051e-01 1.053091639606706931e-03
1.194672999999999985e-01 1.053091639606706931e-03
1.194689999999999919e-01 1.053091639606706931e-03
1.194706999999999991e-01 1.052998371371864552e-03
1.194723999999999925e-01 1.052625298432494387e-03
1.194740999999999997e-01 1.052625298432494387e-03
1.194757999999999931e-01 1.026789997381120792e-03
1.194775000000000004e-01 1.026789997381120792e-03
1.194791999999999937e-01 1.026789997381120792e-03
1.194809000000000010e-01 1.026789997381120792e-03
1.194825999999999944e-01 1.023525609161633418e-03
1.194843000000000016e-01 1.023525609161633418e-03
1.194859999999999950e-01 1.016717028018130665e-03
1.194877000000000022e-01 1.016717028018130665e-03
1.194893999999999956e-01 1.016717028018130665e-03
1.194911000000000029e-01 1.016717028018130665e-03
1.194927999999999962e-01 1.013545908033485453e-03
1.194945000000000035e-01 1.007576741003565193e-03
1.194961999999999969e-01 1.007576741003565193e-03
1.194979000000000041e-01 1.007576741003565193e-03
1.194995999999999975e-01 9.998354775116373525e-04
1.195013000000000047e-01 9.998354775116373525e-04
1.195029999999999981e-01 9.998354775116373525e-04
1.195046999999999915e-01 9.957316751785672687e-04
1.195063999999999987e-01 9.957316751785672687e-04
1.195080999999999921e-01 9.957316751785672687e-04
1.195097999999999994e-01 9.865913881640020131e-04
1.195114999999999927e-01 9.776376376191217316e-04
1.195132000000000000e-01 9.776376376191217316e-04
1.195148999999999934e-01 9.718550070588864460e-04
1.195166000000000006e-01 9.718550070588864460e-04
1.195182999999999940e-01 9.718550070588864460e-04
1.195200000000000012e-01 9.718550070588864460e-04
1.195216999999999946e-01 9.700829105968788654e-04
1.195234000000000019e-01 9.698963741271937828e-04
1.195250999999999952e-01 9.698963741271937828e-04
1.195268000000000025e-01 9.583311130067234283e-04
1.195284999999999959e-01 9.555330659614483810e-04
1.195302000000000031e-01 9.555330659614483810e-04
1.195318999999999965e-01 9.555330659614483810e-04
1.195336000000000037e-01 9.555330659614483810e-04
1.195352999999999971e-01 9.555330659614483810e-04
1.195370000000000044e-01 9.555330659614483810e-04
1.195386999999999977e-01 9.555330659614483810e-04
1.195404000000000050e-01 9.555330659614483810e-04
1.195420999999999984e-01 9.534811647949132307e-04
1.195437999999999917e-01 9.534811647949132307e-04
1.195454999999999990e-01 9.534811647949132307e-04
1.195471999999999924e-01 9.523619459768031684e-04
1.195488999999999996e-01 9.523619459768031684e-04
1.195505999999999930e-01 9.523619459768031684e-04
1.195523000000000002e-01 9.523619459768031684e-04
1.195539999999999936e-01 9.464860471817255040e-04
1.195557000000000009e-01 9.464860471817255040e-04
1.195573999999999942e-01 9.464860471817255040e-04
1.195591000000000015e-01 9.448072189545603022e-04
1.195607999999999949e-01 9.448072189545603022e-04
1.195625000000000021e-01 9.448072189545603022e-04
1.195641999999999955e-01 9.448072189545603022e-04
1.195659000000000027e-01 9.448072189545603022e-04
1.195675999999999961e-01 9.448072189545603022e-04
1.195693000000000034e-01 9.448072189545603022e-04
1.195709999999999967e-01 9.448072189545603022e-04
1.195727000000000040e-01 9.448072189545603022e-04
1.195743999999999974e-01 9.331486895992473522e-04
1.195761000000000046e-01 9.331486895992473522e-04
1.195777999999999980e-01 9.331486895992473522e-04
1.195795000000000052e-01 9.331486895992473522e-04
1.195811999999999986e-01 9.331486895992473522e-04
1.195828999999999920e-01 9.331486895992473522e-04
1.195845999999999992e-01 9.331486895992473522e-04
1.195862999999999926e-01 9.331486895992473522e-04
1.195879999999999999e-01 9.291381555010198639e-04
1.195896999999999932e-01 9.215834284787769977e-04
1.195914000000000005e-01 9.215834284787769977e-04
1.195930999999999939e-01 9.215834284787769977e-04
1.195948000000000011e-01 9.215834284787769977e-04
1.195964999999999945e-01 9.214901602439344022e-04
1.195982000000000017e-01 9.214901602439344022e-04
1.195998999999999951e-01 9.214901602439344022e-04
1.196016000000000024e-01 9.214901602439344022e-04
1.196032999999999957e-01 9.214901602439344022e-04
1.196050000000000030e-01 9.214901602439344022e-04
1.196066999999999964e-01 9.185055767289744891e-04
1.196084000000000036e-01 9.180392355547619451e-04
1.196100999999999970e-01 8.880068639354757798e-04
1.196118000000000042e-01 8.813848192616580016e-04
1.196134999999999976e-01 8.813848192616580016e-04
1.196152000000000049e-01 8.813848192616580016e-04
1.196168999999999982e-01 8.781204310421704103e-04
1.196186000000000055e-01 8.771877486937453222e-04
1.196202999999999989e-01 8.771877486937453222e-04
1.196219999999999922e-01 8.764416028150053169e-04
1.196236999999999995e-01 8.764416028150053169e-04
1.196253999999999929e-01 8.763483345801628297e-04
1.196271000000000001e-01 8.763483345801628297e-04
1.196287999999999935e-01 8.763483345801628297e-04
1.196305000000000007e-01 8.763483345801628297e-04
1.196321999999999941e-01 8.763483345801628297e-04
1.196339000000000014e-01 8.763483345801628297e-04
1.196355999999999947e-01 8.728974098909901558e-04
1.196373000000000020e-01 8.728974098909901558e-04
1.196389999999999953e-01 8.728974098909901558e-04
1.196407000000000026e-01 8.728974098909901558e-04
1.196423999999999960e-01 8.728974098909901558e-04
1.196441000000000032e-01 8.728974098909901558e-04
1.196457999999999966e-01 8.724310687167776118e-04
1.196475000000000039e-01 8.674878522701250354e-04
1.196491999999999972e-01 8.674878522701250354e-04
1.196509000000000045e-01 8.667417063913850301e-04
1.196525999999999978e-01 8.667417063913850301e-04
1.196543000000000051e-01 8.645032687551649055e-04
1.196559999999999985e-01 8.645032687551649055e-04
1.196577000000000057e-01 8.645032687551649055e-04
1.196593999999999991e-01 8.645032687551649055e-04
1.196610999999999925e-01 8.645032687551649055e-04
1.196627999999999997e-01 8.645032687551649055e-04
1.196644999999999931e-01 8.645032687551649055e-04
1.196662000000000003e-01 8.645032687551649055e-04
1.196678999999999937e-01 8.645032687551649055e-04
1.196696000000000010e-01 8.645032687551649055e-04
1.196712999999999943e-01 8.645032687551649055e-04
1.196730000000000016e-01 8.645032687551649055e-04
1.196746999999999950e-01 8.645032687551649055e-04
1.196764000000000022e-01 8.645032687551649055e-04
1.196780999999999956e-01 8.645032687551649055e-04
1.196798000000000028e-01 8.645032687551649055e-04
1.196814999999999962e-01 8.645032687551649055e-04
1.196832000000000035e-01 8.645032687551649055e-04
1.196848999999999968e-01 8.645032687551649055e-04
1.196866000000000041e-01 8.645032687551649055e-04
1.196882999999999975e-01 8.645032687551649055e-04
1.196900000000000047e-01 8.595600523085121123e-04
1.196916999999999981e-01 8.595600523085121123e-04
1.196934000000000053e-01 8.595600523085121123e-04
1.196950999999999987e-01 8.595600523085121123e-04
1.196968000000000060e-01 8.595600523085121123e-04
1.196984999999999993e-01 8.585341017252446456e-04
1.197001999999999927e-01 8.585341017252446456e-04
1.197019000000000000e-01 8.585341017252446456e-04
1.197035999999999933e-01 8.585341017252446456e-04
1.197053000000000006e-01 8.585341017252446456e-04
1.197069999999999940e-01 8.585341017252446456e-04
1.197087000000000012e-01 8.585341017252446456e-04
1.197103999999999946e-01 8.585341017252446456e-04
1.197121000000000018e-01 8.585341017252446456e-04
1.197137999999999952e-01 8.585341017252446456e-04
1.197155000000000025e-01 8.585341017252446456e-04
1.197171999999999958e-01 8.585341017252446456e-04
1.197189000000000031e-01 8.570418099677645264e-04
1.197205999999999965e-01 8.570418099677645264e-04
1.197223000000000037e-01 8.570418099677645264e-04
1.197239999999999971e-01 8.570418099677645264e-04
1.197257000000000043e-01 8.570418099677645264e-04
1.197273999999999977e-01 8.211335395534008052e-04
1.197291000000000050e-01 8.211335395534008052e-04
1.197307999999999983e-01 8.211335395534008052e-04
1.197325000000000056e-01 8.211335395534008052e-04
1.197341999999999990e-01 8.211335395534008052e-04
1.197359000000000062e-01 8.211335395534008052e-04
1.197375999999999996e-01 8.211335395534008052e-04
1.197392999999999930e-01 8.211335395534008052e-04
1.197410000000000002e-01 8.189883701520232762e-04
1.197426999999999936e-01 8.189883701520232762e-04
1.197444000000000008e-01 8.189883701520232762e-04
1.197460999999999942e-01 8.189883701520232762e-04
1.197478000000000015e-01 8.189883701520232762e-04
1.197494999999999948e-01 8.182422242732831624e-04
1.197512000000000021e-01 8.182422242732831624e-04
1.197528999999999955e-01 8.143249584098979444e-04
1.197546000000000027e-01 8.143249584098979444e-04
1.197562999999999961e-01 8.143249584098979444e-04
1.197580000000000033e-01 8.141384219402129701e-04
1.197596999999999967e-01 8.065836949179702123e-04
1.197614000000000040e-01 8.065836949179702123e-04
1.197630999999999973e-01 8.065836949179702123e-04
1.197648000000000046e-01 7.992155043654124288e-04
1.197664999999999980e-01 7.992155043654124288e-04
1.197682000000000052e-01 7.992155043654124288e-04
1.197698999999999986e-01 7.978164808427749052e-04
1.197716000000000058e-01 7.978164808427749052e-04
1.197732999999999992e-01 7.934328738051772516e-04
1.197749999999999926e-01 7.934328738051772516e-04
1.197766999999999998e-01 7.904482902902171216e-04
1.197783999999999932e-01 7.904482902902171216e-04
1.197801000000000005e-01 7.904482902902171216e-04
1.197817999999999938e-01 7.904482902902171216e-04
1.197835000000000011e-01 7.904482902902171216e-04
1.197851999999999945e-01 7.817743444498643016e-04
1.197869000000000017e-01 7.817743444498643016e-04
1.197885999999999951e-01 7.817743444498643016e-04
1.197903000000000023e-01 7.570582622166007695e-04
1.197919999999999957e-01 7.570582622166007695e-04
1.197937000000000030e-01 7.570582622166007695e-04
1.197953999999999963e-01 7.570582622166007695e-04
1.197971000000000036e-01 7.570582622166007695e-04
1.197987999999999970e-01 7.570582622166007695e-04
1.198005000000000042e-01 7.570582622166007695e-04
1.198021999999999976e-01 7.570582622166007695e-04
1.198039000000000048e-01 7.554727022242782716e-04
1.198055999999999982e-01 7.554727022242782716e-04
1.198073000000000055e-01 7.360729093770375896e-04
1.198089999999999988e-01 7.360729093770375896e-04
1.198107000000000061e-01 7.360729093770375896e-04
1.198123999999999995e-01 7.360729093770375896e-04
1.198140999999999928e-01 7.339277399756599521e-04
1.198158000000000001e-01 7.339277399756599521e-04
1.198174999999999935e-01 7.339277399756599521e-04
1.198192000000000007e-01 7.339277399756599521e-04
1.198208999999999941e-01 7.307566199910148479e-04
1.198226000000000013e-01 7.307566199910148479e-04
1.198242999999999947e-01 7.307566199910148479e-04
1.198260000000000020e-01 7.307566199910148479e-04
1.198276999999999953e-01 7.301970105819599252e-04
1.198294000000000026e-01 7.301970105819599252e-04
1.198310999999999960e-01 7.301970105819599252e-04
1.198328000000000032e-01 7.301970105819599252e-04
1.198344999999999966e-01 7.301970105819599252e-04
1.198362000000000038e-01 7.301970105819599252e-04
1.198378999999999972e-01 7.301970105819599252e-04
1.198396000000000045e-01 7.142481424238918087e-04
1.198412999999999978e-01 7.142481424238918087e-04
1.198430000000000051e-01 7.142481424238918087e-04
1.198446999999999985e-01 7.142481424238918087e-04
1.198464000000000057e-01 7.118231683179866015e-04
1.198480999999999991e-01 7.118231683179866015e-04
1.198498000000000063e-01 7.089318530378690671e-04
1.198514999999999997e-01 7.089318530378690671e-04
1.198531999999999931e-01 7.089318530378690671e-04
1.198549000000000003e-01 7.075328295152314350e-04
1.198565999999999937e-01 7.000713707278312728e-04
1.198583000000000010e-01 6.986723472051936407e-04
1.198599999999999943e-01 6.820706014032280060e-04
1.198617000000000016e-01 6.820706014032280060e-04
1.198633999999999949e-01 6.777802626004728395e-04
1.198651000000000022e-01 6.777802626004728395e-04
1.198667999999999956e-01 6.777802626004728395e-04
1.198685000000000028e-01 6.777802626004728395e-04
1.198701999999999962e-01 6.775937261307878653e-04
1.198719000000000035e-01 6.769408484868903470e-04
1.198735999999999968e-01 6.769408484868903470e-04
1.198753000000000041e-01 6.769408484868903470e-04
1.198769999999999974e-01 6.769408484868903470e-04
1.198787000000000047e-01 6.769408484868903470e-04
1.198803999999999981e-01 6.769408484868903470e-04
1.198821000000000053e-01 6.769408484868903470e-04
1.198837999999999987e-01 6.769408484868903470e-04
1.198855000000000059e-01 6.739562649719302171e-04
1.198871999999999993e-01 6.708784132221276000e-04
1.198889000000000066e-01 6.708784132221276000e-04
1.198905999999999999e-01 6.708784132221276000e-04
1.198922999999999933e-01 6.708784132221276000e-04
1.198940000000000006e-01 6.708784132221276000e-04
1.198956999999999939e-01 6.614583215030347746e-04
1.198974000000000012e-01 6.614583215030347746e-04
1.198990999999999946e-01 6.614583215030347746e-04
1.199008000000000018e-01 6.589400791622871886e-04
1.199024999999999952e-01 6.589400791622871886e-04
1.199042000000000024e-01 6.589400791622871886e-04
1.199058999999999958e-01 6.589400791622871886e-04
1.199076000000000031e-01 6.589400791622871886e-04
1.199092999999999964e-01 6.589400791622871886e-04
1.199110000000000037e-01 6.589400791622871886e-04
1.199126999999999971e-01 6.555824227079571102e-04
1.199144000000000043e-01 6.539968627156345039e-04
1.199160999999999977e-01 6.539968627156345039e-04
1.199178000000000049e-01 6.539968627156345039e-04
1.199194999999999983e-01 6.539968627156345039e-04
1.199212000000000056e-01 6.539968627156345039e-04
1.199228999999999989e-01 6.539968627156345039e-04
1.199246000000000062e-01 6.539968627156345039e-04
1.199262999999999996e-01 6.539968627156345039e-04
1.199280000000000068e-01 6.539968627156345039e-04
1.199297000000000002e-01 6.537170580111069341e-04
1.199313999999999936e-01 6.452296486404391967e-04
1.199331000000000008e-01 6.452296486404391967e-04
1.199347999999999942e-01 6.425248698300065281e-04
1.199365000000000014e-01 6.425248698300065281e-04
1.199381999999999948e-01 6.425248698300065281e-04
1.199399000000000021e-01 6.425248698300065281e-04
1.199415999999999954e-01 6.425248698300065281e-04
1.199433000000000027e-01 6.130521076197755024e-04
1.199449999999999961e-01 6.130521076197755024e-04
1.199467000000000033e-01 6.103473288093428338e-04
1.199483999999999967e-01 6.103473288093428338e-04
1.199501000000000039e-01 6.103473288093428338e-04
1.199517999999999973e-01 6.090415735215477973e-04
1.199535000000000046e-01 6.090415735215477973e-04
1.199551999999999979e-01 6.090415735215477973e-04
1.199569000000000052e-01 6.058704535369026931e-04
1.199585999999999986e-01 6.058704535369026931e-04
1.199603000000000058e-01 6.056839170672177189e-04
1.199619999999999992e-01 6.056839170672177189e-04
1.199637000000000064e-01 6.056839170672177189e-04
1.199653999999999998e-01 6.056839170672177189e-04
1.199671000000000071e-01 6.052175758930051748e-04
1.199688000000000004e-01 6.047512347187926308e-04
1.199704999999999938e-01 6.007407006205649257e-04
1.199722000000000011e-01 6.007407006205649257e-04
1.199738999999999944e-01 6.007407006205649257e-04
1.199756000000000017e-01 6.002743594463524901e-04
1.199772999999999951e-01 6.002743594463524901e-04
1.199790000000000023e-01 6.002743594463524901e-04
1.199806999999999957e-01 5.902946583182045251e-04
1.199824000000000029e-01 5.902946583182045251e-04
1.199840999999999963e-01 5.902946583182045251e-04
1.199858000000000036e-01 5.902946583182045251e-04
1.199874999999999969e-01 5.902946583182045251e-04
1.199892000000000042e-01 5.902946583182045251e-04
1.199908999999999976e-01 5.852581736367093532e-04
1.199926000000000048e-01 5.852581736367093532e-04
1.199942999999999982e-01 5.850716371670244874e-04
1.199960000000000054e-01 5.805947618945842383e-04
1.199976999999999988e-01 5.805947618945842383e-04
1.199994000000000061e-01 5.805947618945842383e-04
1.200010999999999994e-01 5.805947618945842383e-04
1.200028000000000067e-01 5.805947618945842383e-04
1.200045000000000001e-01 5.805947618945842383e-04
1.200062000000000073e-01 5.805947618945842383e-04
1.200079000000000007e-01 5.805947618945842383e-04
1.200095999999999941e-01 5.805947618945842383e-04
1.200113000000000013e-01 5.805947618945842383e-04
1.200129999999999947e-01 5.732265713420264548e-04
1.200147000000000019e-01 5.732265713420264548e-04
1.200163999999999953e-01 5.732265713420264548e-04
1.200181000000000026e-01 5.732265713420264548e-04
1.200197999999999959e-01 5.727602301678139107e-04
1.200215000000000032e-01 5.724804254632864494e-04
1.200231999999999966e-01 5.724804254632864494e-04
1.200249000000000038e-01 5.724804254632864494e-04
1.200265999999999972e-01 5.724804254632864494e-04
1.200283000000000044e-01 5.724804254632864494e-04
1.200299999999999978e-01 5.721073525239163925e-04
1.200317000000000051e-01 5.721073525239163925e-04
1.200333999999999984e-01 5.721073525239163925e-04
1.200351000000000057e-01 5.647391619713586089e-04
1.200367999999999991e-01 5.647391619713586089e-04
1.200385000000000063e-01 5.647391619713586089e-04
1.200401999999999997e-01 5.339606444733325467e-04
1.200419000000000069e-01 5.339606444733325467e-04
1.200436000000000003e-01 5.278049409737273125e-04
1.200452999999999937e-01 5.278049409737273125e-04
1.200470000000000009e-01 5.278049409737273125e-04
1.200486999999999943e-01 5.278049409737273125e-04
1.200504000000000016e-01 5.278049409737273125e-04
1.200520999999999949e-01 5.278049409737273125e-04
1.200538000000000022e-01 5.278049409737273125e-04
1.200554999999999956e-01 5.278049409737273125e-04
1.200572000000000028e-01 5.278049409737273125e-04
1.200588999999999962e-01 5.278049409737273125e-04
1.200606000000000034e-01 5.278049409737273125e-04
1.200622999999999968e-01 5.278049409737273125e-04
1.200640000000000041e-01 5.278049409737273125e-04
1.200656999999999974e-01 5.278049409737273125e-04
1.200674000000000047e-01 5.278049409737273125e-04
1.200690999999999981e-01 5.278049409737273125e-04
1.200708000000000053e-01 5.278049409737273125e-04
1.200724999999999987e-01 5.278049409737273125e-04
1.200742000000000059e-01 5.188511904288469227e-04
1.200758999999999993e-01 5.188511904288469227e-04
1.200776000000000066e-01 5.188511904288469227e-04
1.200792999999999999e-01 5.188511904288469227e-04
1.200810000000000072e-01 5.188511904288469227e-04
1.200827000000000006e-01 5.188511904288469227e-04
1.200844000000000078e-01 5.188511904288469227e-04
1.200861000000000012e-01 5.188511904288469227e-04
1.200877999999999945e-01 5.188511904288469227e-04
1.200895000000000018e-01 5.188511904288469227e-04
1.200911999999999952e-01 5.188511904288469227e-04
1.200929000000000024e-01 5.188511904288469227e-04
1.200945999999999958e-01 5.188511904288469227e-04
1.200963000000000030e-01 5.165194845577843110e-04
1.200979999999999964e-01 5.165194845577843110e-04
1.200997000000000037e-01 5.165194845577843110e-04
1.201013999999999970e-01 5.165194845577843110e-04
1.201031000000000043e-01 5.165194845577843110e-04
1.201047999999999977e-01 5.165194845577843110e-04
1.201065000000000049e-01 5.165194845577843110e-04
1.201081999999999983e-01 5.165194845577843110e-04
1.201099000000000055e-01 5.165194845577843110e-04
1.201115999999999989e-01 5.140945104518792122e-04
1.201133000000000062e-01 5.140945104518792122e-04
1.201149999999999995e-01 5.140945104518792122e-04
1.201167000000000068e-01 5.140945104518792122e-04
1.201184000000000002e-01 5.140945104518792122e-04
1.201201000000000074e-01 5.140945104518792122e-04
1.201218000000000008e-01 5.140945104518792122e-04
1.201234999999999942e-01 5.140945104518792122e-04
1.201252000000000014e-01 5.140945104518792122e-04
1.201268999999999948e-01 5.140945104518792122e-04
1.201286000000000020e-01 5.140945104518792122e-04
1.201302999999999954e-01 5.140945104518792122e-04
1.201320000000000027e-01 5.140945104518792122e-04
1.201336999999999960e-01 5.098041716491240457e-04
1.201354000000000033e-01 5.098041716491240457e-04
1.201370999999999967e-01 5.098041716491240457e-04
1.201388000000000039e-01 5.098041716491240457e-04
1.201404999999999973e-01 5.098041716491240457e-04
1.201422000000000045e-01 5.098041716491240457e-04
1.201438999999999979e-01 5.098041716491240457e-04
1.201456000000000052e-01 5.098041716491240457e-04
1.201472999999999985e-01 5.098041716491240457e-04
1.201490000000000058e-01 5.098041716491240457e-04
1.201506999999999992e-01 5.098041716491240457e-04
1.201524000000000064e-01 5.098041716491240457e-04
1.201540999999999998e-01 5.098041716491240457e-04
1.201558000000000070e-01 5.098041716491240457e-04
1.201575000000000004e-01 5.081253434219590607e-04
1.201592000000000077e-01 5.081253434219590607e-04
1.201609000000000010e-01 5.081253434219590607e-04
1.201625999999999944e-01 5.081253434219590607e-04
1.201643000000000017e-01 5.069128563690065113e-04
1.201659999999999950e-01 5.069128563690065113e-04
1.201677000000000023e-01 5.069128563690065113e-04
1.201693999999999957e-01 5.050474916721564437e-04
1.201711000000000029e-01 5.050474916721564437e-04
1.201727999999999963e-01 5.050474916721564437e-04
1.201745000000000035e-01 5.050474916721564437e-04
1.201761999999999969e-01 5.050474916721564437e-04
1.201779000000000042e-01 5.050474916721564437e-04
1.201795999999999975e-01 5.050474916721564437e-04
1.201813000000000048e-01 5.050474916721564437e-04
1.201829999999999982e-01 5.050474916721564437e-04
1.201847000000000054e-01 5.050474916721564437e-04
1.201863999999999988e-01 5.050474916721564437e-04
1.201881000000000060e-01 5.050474916721564437e-04
1.201897999999999994e-01 5.050474916721564437e-04
1.201915000000000067e-01 5.050474916721564437e-04
1.201932000000000000e-01 5.050474916721564437e-04
1.201949000000000073e-01 5.050474916721564437e-04
1.201966000000000007e-01 5.050474916721564437e-04
1.201983000000000079e-01 4.986119834680236397e-04
1.202000000000000013e-01 4.986119834680236397e-04
# Ensemble: [16^+], idetect: 0.1202
1.193000000000000033e-01 1.264157655055292255e-03
1.193009000000000014e-01 1.264157655055292255e-03
1.193017999999999995e-01 1.264157655055292255e-03
1.193026999999999976e-01 1.264157655055292255e-03
1.193036000000000096e-01 1.264157655055292255e-03
1.193045000000000078e-01 1.262790600235534416e-03
1.193054000000000059e-01 1.262790600235534416e-03
1.193063000000000040e-01 1.257795592240265430e-03
1.193072000000000021e-01 1.257480118051090444e-03
1.193081000000000003e-01 1.253116058434171213e-03
1.193089999999999984e-01 1.249172631069485296e-03
1.193098999999999965e-01 1.249172631069485296e-03
1.193108000000000085e-01 1.249172631069485296e-03
1.193117000000000066e-01 1.245649835957032478e-03
1.193126000000000048e-01 1.245649835957032478e-03
1.193135000000000029e-01 1.245649835957032478e-03
1.193144000000000010e-01 1.245649835957032478e-03
1.193152999999999991e-01 1.245649835957032478e-03
1.193161999999999973e-01 1.244703413389507737e-03
1.193171000000000093e-01 1.244703413389507737e-03
1.193180000000000074e-01 1.244703413389507737e-03
1.193189000000000055e-01 1.244703413389507737e-03
1.193198000000000036e-01 1.244335360168803695e-03
1.193207000000000018e-01 1.244335360168803695e-03
1.193215999999999999e-01 1.244335360168803695e-03
1.193224999999999980e-01 1.244335360168803695e-03
1.193234000000000100e-01 1.244335360168803695e-03
1.193243000000000081e-01 1.244335360168803695e-03
1.193252000000000063e-01 1.244335360168803695e-03
1.193261000000000044e-01 1.244335360168803695e-03
1.193270000000000025e-01 1.232715394200861953e-03
1.193279000000000006e-01 1.232715394200861953e-03
1.193287999999999988e-01 1.232715394200861953e-03
1.193296999999999969e-01 1.232715394200861953e-03
1.193306000000000089e-01 1.232715394200861953e-03
1.193315000000000070e-01 1.232715394200861953e-03
1.193324000000000051e-01 1.232715394200861953e-03
1.193333000000000033e-01 1.232715394200861953e-03
1.193342000000000014e-01 1.232715394200861953e-03
1.193350999999999995e-01 1.232715394200861953e-03
1.193359999999999976e-01 1.232715394200861953e-03
1.193369000000000096e-01 1.232505078074745512e-03
1.193378000000000078e-01 1.232505078074745512e-03
1.193387000000000059e-01 1.225301750755252274e-03
1.193396000000000040e-01 1.225301750755252274e-03
1.193405000000000021e-01 1.225301750755252274e-03
1.193414000000000003e-01 1.225301750755252274e-03
1.193422999999999984e-01 1.225301750755252274e-03
1.193431999999999965e-01 1.225301750755252274e-03
1.193441000000000085e-01 1.225301750755252274e-03
1.193450000000000066e-01 1.225301750755252274e-03
1.193459000000000048e-01 1.225301750755252274e-03
1.193468000000000029e-01 1.225301750755252274e-03
1.193477000000000010e-01 1.225301750755252274e-03
1.193485999999999991e-01 1.225301750755252274e-03
1.193494999999999973e-01 1.225301750755252274e-03
1.193504000000000093e-01 1.219675794381633533e-03
1.193513000000000074e-01 1.219675794381633533e-03
1.193522000000000055e-01 1.219675794381633533e-03
1.193531000000000036e-01 1.219675794381633533e-03
1.193540000000000018e-01 1.219518057287045931e-03
1.193548999999999999e-01 1.219518057287045931e-03
1.193557999999999980e-01 1.219518057287045931e-03
1.193567000000000100e-01 1.219518057287045931e-03
1.193576000000000081e-01 1.219518057287045931e-03
1.193585000000000063e-01 1.215153997670126917e-03
1.193594000000000044e-01 1.215153997670126917e-03
1.193603000000000025e-01 1.215153997670126917e-03
1.193612000000000006e-01 1.215153997670126917e-03
1.193620999999999988e-01 1.215153997670126917e-03
1.193629999999999969e-01 1.215153997670126917e-03
1.193639000000000089e-01 1.214312733165660504e-03
1.193648000000000070e-01 1.214312733165660504e-03
1.193657000000000051e-01 1.210053831611799602e-03
1.193666000000000033e-01 1.210053831611799602e-03
1.193675000000000014e-01 1.209107409044274861e-03
1.193683999999999995e-01 1.209107409044274861e-03
1.193692999999999976e-01 1.209107409044274861e-03
1.193702000000000096e-01 1.159840856501463593e-03
1.193711000000000078e-01 1.159840856501463593e-03
1.193720000000000059e-01 1.159840856501463593e-03
1.193729000000000040e-01 1.159840856501463593e-03
1.193738000000000021e-01 1.159840856501463593e-03
1.193747000000000003e-01 1.159840856501463593e-03
1.193755999999999984e-01 1.159840856501463593e-03
1.193764999999999965e-01 1.159840856501463593e-03
1.193774000000000085e-01 1.159840856501463593e-03
1.193783000000000066e-01 1.159840856501463593e-03
1.193792000000000048e-01 1.159840856501463593e-03
1.193801000000000029e-01 1.159840856501463593e-03
1.193810000000000010e-01 1.159420224249230495e-03
1.193818999999999991e-01 1.159420224249230495e-03
1.193827999999999973e-01 1.152742687245028683e-03
1.193837000000000093e-01 1.150008577605513222e-03
1.193846000000000074e-01 1.150008577605513222e-03
1.193855000000000055e-01 1.150008577605513222e-03
1.193864000000000036e-01 1.150008577605513222e-03
1.193873000000000018e-01 1.150008577605513222e-03
1.193881999999999999e-01 1.150008577605513222e-03
1.193890999999999980e-01 1.149850840510925620e-03
1.193899999999999961e-01 1.149430208258692522e-03
1.193909000000000081e-01 1.149430208258692522e-03
1.193918000000000063e-01 1.149430208258692522e-03
1.193927000000000044e-01 1.149430208258692522e-03
1.193936000000000025e-01 1.149430208258692522e-03
1.193945000000000006e-01 1.149430208258692522e-03
1.193953999999999988e-01 1.149430208258692522e-03
1.193962999999999969e-01 1.149430208258692522e-03
1.193972000000000089e-01 1.149430208258692522e-03
1.193981000000000070e-01 1.146801256682235173e-03
1.193990000000000051e-01 1.146801256682235173e-03
1.193999000000000033e-01 1.145907413146239704e-03
1.194008000000000014e-01 1.145066148641773291e-03
1.194016999999999995e-01 1.145066148641773291e-03
1.194025999999999976e-01 1.145066148641773291e-03
1.194035000000000096e-01 1.145066148641773291e-03
1.194044000000000078e-01 1.138546348732159081e-03
1.194053000000000059e-01 1.138546348732159081e-03
1.194062000000000040e-01 1.138546348732159081e-03
1.194071000000000021e-01 1.138546348732159081e-03
1.194080000000000003e-01 1.116357997426858885e-03
1.194088999999999984e-01 1.116357997426858885e-03
1.194097999999999965e-01 1.116357997426858885e-03
1.194107000000000085e-01 1.116200260332271283e-03
1.194116000000000066e-01 1.116200260332271283e-03
1.194125000000000048e-01 1.116200260332271283e-03
1.194134000000000029e-01 1.116200260332271283e-03
1.194143000000000010e-01 1.116200260332271283e-03
1.194151999999999991e-01 1.116200260332271283e-03
1.194160999999999972e-01 1.116200260332271283e-03
1.194170000000000093e-01 1.116200260332271283e-03
1.194179000000000074e-01 1.116200260332271283e-03
1.194188000000000055e-01 1.116200260332271283e-03
1.194197000000000036e-01 1.116200260332271283e-03
1.194206000000000018e-01 1.104685452427388087e-03
1.194214999999999999e-01 1.104685452427388087e-03
1.194223999999999980e-01 1.104685452427388087e-03
1.194232999999999961e-01 1.104685452427388087e-03
1.194242000000000081e-01 1.104685452427388087e-03
1.194251000000000063e-01 1.104685452427388087e-03
1.194260000000000044e-01 1.104685452427388087e-03
1.194269000000000025e-01 1.104685452427388087e-03
1.194278000000000006e-01 1.104685452427388087e-03
1.194286999999999987e-01 1.104685452427388087e-03
1.194295999999999969e-01 1.104685452427388087e-03
1.194305000000000089e-01 1.104685452427388087e-03
1.194314000000000070e-01 1.101110078283405996e-03
1.194323000000000051e-01 1.101110078283405996e-03
1.194332000000000032e-01 1.101110078283405996e-03
1.194341000000000014e-01 1.024765324503083873e-03
1.194349999999999995e-01 1.024765324503083873e-03
1.194358999999999976e-01 1.024765324503083873e-03
1.194368000000000096e-01 1.023608585809442691e-03
1.194377000000000077e-01 1.022083793895097467e-03
1.194386000000000059e-01 1.022083793895097467e-03
1.194395000000000040e-01 1.022083793895097467e-03
1.194404000000000021e-01 1.022083793895097467e-03
1.194413000000000002e-01 1.022083793895097467e-03
1.194421999999999984e-01 1.022083793895097467e-03
1.194430999999999965e-01 1.022083793895097467e-03
1.194440000000000085e-01 1.022083793895097467e-03
1.194449000000000066e-01 1.022083793895097467e-03
1.194458000000000047e-01 1.022083793895097467e-03
1.194467000000000029e-01 1.022083793895097467e-03
1.194476000000000010e-01 1.022083793895097467e-03
1.194484999999999991e-01 1.022083793895097467e-03
1.194493999999999972e-01 1.022083793895097467e-03
1.194503000000000092e-01 1.022083793895097467e-03
1.194512000000000074e-01 1.022083793895097467e-03
1.194521000000000055e-01 1.022083793895097467e-03
1.194530000000000036e-01 1.022083793895097467e-03
1.194539000000000017e-01 1.020769318106868684e-03
1.194547999999999999e-01 1.020769318106868684e-03
1.194556999999999980e-01 1.020769318106868684e-03
1.194565999999999961e-01 1.020769318106868684e-03
1.194575000000000081e-01 1.020769318106868684e-03
1.194584000000000062e-01 1.020769318106868684e-03
1.194593000000000044e-01 1.020769318106868684e-03
1.194602000000000025e-01 1.020769318106868684e-03
1.194611000000000006e-01 1.020769318106868684e-03
1.194619999999999987e-01 1.020769318106868684e-03
1.194628999999999969e-01 1.020769318106868684e-03
1.194638000000000089e-01 1.020769318106868684e-03
1.194647000000000070e-01 1.020769318106868684e-03
1.194656000000000051e-01 1.020769318106868684e-03
1.194665000000000032e-01 1.020769318106868684e-03
1.194674000000000014e-01 1.020769318106868684e-03
1.194682999999999995e-01 1.020769318106868684e-03
1.194691999999999976e-01 1.015458835922424712e-03
1.194701000000000096e-01 1.015458835922424712e-03
1.194710000000000077e-01 1.015458835922424712e-03
1.194719000000000059e-01 1.015458835922424712e-03
1.194728000000000040e-01 1.015458835922424712e-03
1.194737000000000021e-01 1.015458835922424712e-03
1.194746000000000002e-01 1.015458835922424712e-03
1.194754999999999984e-01 9.953736458782904382e-04
1.194763999999999965e-01 9.953736458782904382e-04
1.194773000000000085e-01 9.953736458782904382e-04
1.194782000000000066e-01 9.953736458782904382e-04
1.194791000000000047e-01 9.953736458782904382e-04
1.194800000000000029e-01 9.953736458782904382e-04
1.194809000000000010e-01 9.953736458782904382e-04
1.194817999999999991e-01 9.932179055855954591e-04
1.194826999999999972e-01 9.932179055855954591e-04
1.194836000000000092e-01 9.928498523648914172e-04
1.194845000000000074e-01 9.928498523648914172e-04
1.194854000000000055e-01 9.872764750228017316e-04
1.194863000000000036e-01 9.872764750228017316e-04
1.194872000000000017e-01 9.872764750228017316e-04
1.194880999999999999e-01 9.872764750228017316e-04
1.194889999999999980e-01 9.872764750228017316e-04
1.194898999999999961e-01 9.872764750228017316e-04
1.194908000000000081e-01 9.855939460138689063e-04
1.194917000000000062e-01 9.855939460138689063e-04
1.194926000000000044e-01 9.855939460138689063e-04
1.194935000000000025e-01 9.834907847527031999e-04
1.194944000000000006e-01 9.834907847527031999e-04
1.194952999999999987e-01 9.834907847527031999e-04
1.194961999999999969e-01 9.834907847527031999e-04
1.194971000000000089e-01 9.834907847527031999e-04
1.194980000000000070e-01 9.784957767574342137e-04
1.194989000000000051e-01 9.784957767574342137e-04
1.194998000000000032e-01 9.784957767574342137e-04
1.195007000000000014e-01 9.784957767574342137e-04
1.195015999999999995e-01 9.784957767574342137e-04
1.195024999999999976e-01 9.784957767574342137e-04
1.195034000000000096e-01 9.774967751583804165e-04
1.195043000000000077e-01 9.774967751583804165e-04
1.195052000000000059e-01 9.774967751583804165e-04
1.195061000000000040e-01 9.774967751583804165e-04
1.195070000000000021e-01 9.774967751583804165e-04
1.195079000000000002e-01 9.774967751583804165e-04
1.195087999999999984e-01 9.774967751583804165e-04
1.195096999999999965e-01 9.683480236723086398e-04
1.195106000000000085e-01 9.683480236723086398e-04
1.195115000000000066e-01 9.683480236723086398e-04
1.195124000000000047e-01 9.683480236723086398e-04
1.195133000000000029e-01 9.667706527264342516e-04
1.195142000000000010e-01 9.647200704967974928e-04
1.195150999999999991e-01 9.647200704967974928e-04
1.195159999999999972e-01 9.647200704967974928e-04
1.195169000000000092e-01 9.647200704967974928e-04
1.195178000000000074e-01 9.647200704967974928e-04
1.195187000000000055e-01 9.647200704967974928e-04
1.195196000000000036e-01 9.638788059923311885e-04
1.195205000000000017e-01 9.638788059923311885e-04
1.195213999999999999e-01 9.638788059923311885e-04
1.195222999999999980e-01 9.577796383349500764e-04
1.195231999999999961e-01 9.577796383349500764e-04
1.195241000000000081e-01 9.577796383349500764e-04
1.195250000000000062e-01 9.422162450023224183e-04
1.195259000000000044e-01 9.422162450023224183e-04
1.195268000000000025e-01 9.419007708131475406e-04
1.195277000000000006e-01 9.379047644169322432e-04
1.195285999999999987e-01 9.379047644169322432e-04
1.195294999999999969e-01 9.379047644169322432e-04
1.195304000000000089e-01 9.379047644169322432e-04
1.195313000000000070e-01 9.379047644169322432e-04
1.195322000000000051e-01 9.379047644169322432e-04
1.195331000000000032e-01 9.379047644169322432e-04
1.195340000000000014e-01 9.379047644169322432e-04
1.195348999999999995e-01 9.379047644169322432e-04
1.195357999999999976e-01 9.379047644169322432e-04
1.195367000000000096e-01 9.379047644169322432e-04
1.195376000000000077e-01 9.379047644169322432e-04
1.195385000000000059e-01 9.379047644169322432e-04
1.195394000000000040e-01 9.379047644169322432e-04
1.195403000000000021e-01 9.379047644169322432e-04
1.195412000000000002e-01 9.363799725025869110e-04
1.195420999999999984e-01 9.363799725025869110e-04
1.195429999999999965e-01 9.363799725025869110e-04
1.195439000000000085e-01 9.363799725025869110e-04
1.195448000000000066e-01 9.363799725025869110e-04
1.195457000000000047e-01 9.360644983134120333e-04
1.195466000000000029e-01 9.360644983134120333e-04
1.195475000000000010e-01 9.360644983134120333e-04
1.195483999999999991e-01 9.360644983134120333e-04
1.195492999999999972e-01 9.360644983134120333e-04
1.195502000000000092e-01 9.360644983134120333e-04
1.195511000000000074e-01 9.360644983134120333e-04
1.195520000000000055e-01 9.333829677054255192e-04
1.195529000000000036e-01 9.333829677054255192e-04
1.195538000000000017e-01 9.333829677054255192e-04
1.195546999999999999e-01 9.333829677054255192e-04
1.195555999999999980e-01 9.333829677054255192e-04
1.195564999999999961e-01 9.333829677054255192e-04
1.195574000000000081e-01 9.333829677054255192e-04
1.195583000000000062e-01 9.323839661063718304e-04
1.195592000000000044e-01 9.323839661063718304e-04
1.195601000000000025e-01 9.323839661063718304e-04
1.195610000000000006e-01 9.323839661063718304e-04
1.195618999999999987e-01 9.323839661063718304e-04
1.195627999999999969e-01 9.323839661063718304e-04
1.195637000000000089e-01 9.323839661063718304e-04
1.195646000000000070e-01 9.323839661063718304e-04
1.195655000000000051e-01 9.323839661063718304e-04
1.195664000000000032e-01 9.323839661063718304e-04
1.195673000000000014e-01 9.323839661063718304e-04
1.195681999999999995e-01 9.323839661063718304e-04
1.195690999999999976e-01 9.323839661063718304e-04
1.195700000000000096e-01 9.323839661063718304e-04
1.195709000000000077e-01 9.323839661063718304e-04
1.195718000000000059e-01 9.323839661063718304e-04
1.195727000000000040e-01 9.323839661063718304e-04
1.195736000000000021e-01 9.274415371426320085e-04
1.195745000000000002e-01 9.274415371426320085e-04
1.195753999999999984e-01 9.274415371426320085e-04
1.195762999999999965e-01 9.274415371426320085e-04
1.195772000000000085e-01 9.274415371426320085e-04
1.195781000000000066e-01 9.274415371426320085e-04
1.195790000000000047e-01 9.274415371426320085e-04
1.195799000000000029e-01 9.274415371426320085e-04
1.195808000000000010e-01 9.274415371426320085e-04
1.195816999999999991e-01 9.274415371426320085e-04
1.195825999999999972e-01 9.274415371426320085e-04
1.195835000000000092e-01 9.274415371426320085e-04
1.195844000000000074e-01 9.274415371426320085e-04
1.195853000000000055e-01 9.274415371426320085e-04
1.195862000000000036e-01 9.168731518052732283e-04
1.195871000000000017e-01 9.168731518052732283e-04
1.195879999999999999e-01 9.059892922787397872e-04
1.195888999999999980e-01 9.059892922787397872e-04
1.195897999999999961e-01 9.059892922787397872e-04
1.195907000000000081e-01 9.059892922787397872e-04
1.195916000000000062e-01 9.059892922787397872e-04
1.195925000000000044e-01 9.059892922787397872e-04
1.195934000000000025e-01 9.059892922787397872e-04
1.195943000000000006e-01 9.059892922787397872e-04
1.195951999999999987e-01 9.059892922787397872e-04
1.195960999999999969e-01 9.059892922787397872e-04
1.195970000000000089e-01 9.059892922787397872e-04
1.195979000000000070e-01 9.059892922787397872e-04
1.195988000000000051e-01 9.059892922787397872e-04
1.195997000000000032e-01 9.059892922787397872e-04
1.196006000000000014e-01 9.059892922787397872e-04
1.196014999999999995e-01 9.059892922787397872e-04
1.196023999999999976e-01 9.059892922787397872e-04
1.196032999999999957e-01 9.059892922787397872e-04
1.196042000000000077e-01 9.059892922787397872e-04
1.196051000000000059e-01 9.054635019634483606e-04
1.196060000000000040e-01 9.054635019634483606e-04
1.196069000000000021e-01 9.054635019634483606e-04
1.196078000000000002e-01 9.052006068058025389e-04
1.196086999999999984e-01 8.828019393743856847e-04
1.196095999999999965e-01 8.828019393743856847e-04
1.196105000000000085e-01 8.828019393743856847e-04
1.196114000000000066e-01 8.796997765141660727e-04
1.196123000000000047e-01 8.796997765141660727e-04
1.196132000000000029e-01 8.796997765141660727e-04
1.196141000000000010e-01 8.796997765141660727e-04
1.196149999999999991e-01 8.774388781584126565e-04
1.196158999999999972e-01 8.774388781584126565e-04
1.196168000000000092e-01 8.774388781584126565e-04
1.196177000000000074e-01 8.769130878431212299e-04
1.196186000000000055e-01 8.769130878431212299e-04
1.196195000000000036e-01 8.769130878431212299e-04
1.196204000000000017e-01 8.765976136539463523e-04
1.196212999999999999e-01 8.765976136539463523e-04
1.196221999999999980e-01 8.765976136539463523e-04
1.196230999999999961e-01 8.765976136539463523e-04
1.196240000000000081e-01 8.765976136539463523e-04
1.196249000000000062e-01 8.765976136539463523e-04
1.196258000000000044e-01 8.765976136539463523e-04
1.196267000000000025e-01 8.765976136539463523e-04
1.196276000000000006e-01 8.765976136539463523e-04
1.196284999999999987e-01 8.765976136539463523e-04
1.196293999999999969e-01 8.765976136539463523e-04
1.196303000000000089e-01 8.765976136539463523e-04
1.196312000000000070e-01 8.765976136539463523e-04
1.196321000000000051e-01 8.765976136539463523e-04
1.196330000000000032e-01 8.765976136539463523e-04
1.196339000000000014e-01 8.737057669198432892e-04
1.196347999999999995e-01 8.737057669198432892e-04
1.196356999999999976e-01 8.737057669198432892e-04
1.196365999999999957e-01 8.737057669198432892e-04
1.196375000000000077e-01 8.737057669198432892e-04
1.196384000000000059e-01 8.737057669198432892e-04
1.196393000000000040e-01 8.737057669198432892e-04
1.196402000000000021e-01 8.737057669198432892e-04
1.196411000000000002e-01 8.737057669198432892e-04
1.196419999999999983e-01 8.737057669198432892e-04
1.196428999999999965e-01 8.737057669198432892e-04
1.196438000000000085e-01 8.736006088567849605e-04
1.196447000000000066e-01 8.736006088567849605e-04
1.196456000000000047e-01 8.736006088567849605e-04
1.196465000000000029e-01 8.718129217847940234e-04
1.196474000000000010e-01 8.718129217847940234e-04
1.196482999999999991e-01 8.718129217847940234e-04
1.196491999999999972e-01 8.718129217847940234e-04
1.196501000000000092e-01 8.714974475956191458e-04
1.196510000000000074e-01 8.714974475956191458e-04
1.196519000000000055e-01 8.714974475956191458e-04
1.196528000000000036e-01 8.701303927758611981e-04
1.196537000000000017e-01 8.701303927758611981e-04
1.196545999999999998e-01 8.701303927758611981e-04
1.196554999999999980e-01 8.701303927758611981e-04
1.196563999999999961e-01 8.701303927758611981e-04
1.196573000000000081e-01 8.701303927758611981e-04
1.196582000000000062e-01 8.701303927758611981e-04
1.196591000000000043e-01 8.701303927758611981e-04
1.196600000000000025e-01 8.701303927758611981e-04
1.196609000000000006e-01 8.701303927758611981e-04
1.196617999999999987e-01 8.701303927758611981e-04
1.196626999999999968e-01 8.701303927758611981e-04
1.196636000000000088e-01 8.701303927758611981e-04
1.196645000000000070e-01 8.701303927758611981e-04
1.196654000000000051e-01 8.701303927758611981e-04
1.196663000000000032e-01 8.701303927758611981e-04
1.196672000000000013e-01 8.701303927758611981e-04
1.196680999999999995e-01 8.701303927758611981e-04
1.196689999999999976e-01 8.701303927758611981e-04
1.196698999999999957e-01 8.701303927758611981e-04
1.196708000000000077e-01 8.701303927758611981e-04
1.196717000000000058e-01 8.701303927758611981e-04
1.196726000000000040e-01 8.701303927758611981e-04
1.196735000000000021e-01 8.701303927758611981e-04
1.196744000000000002e-01 8.701303927758611981e-04
1.196752999999999983e-01 8.701303927758611981e-04
1.196761999999999965e-01 8.701303927758611981e-04
1.196771000000000085e-01 8.701303927758611981e-04
1.196780000000000066e-01 8.701303927758611981e-04
1.196789000000000047e-01 8.701303927758611981e-04
1.196798000000000028e-01 8.701303927758611981e-04
1.196807000000000010e-01 8.701303927758611981e-04
1.196815999999999991e-01 8.701303927758611981e-04
1.196824999999999972e-01 8.701303927758611981e-04
1.196834000000000092e-01 8.701303927758611981e-04
1.196843000000000073e-01 8.701303927758611981e-04
1.196852000000000055e-01 8.701303927758611981e-04
1.196861000000000036e-01 8.701303927758611981e-04
1.196870000000000017e-01 8.701303927758611981e-04
1.196878999999999998e-01 8.701303927758611981e-04
1.196887999999999980e-01 8.654508589697670895e-04
1.196896999999999961e-01 8.654508589697670895e-04
1.196906000000000081e-01 8.654508589697670895e-04
1.196915000000000062e-01 8.654508589697670895e-04
1.196924000000000043e-01 8.654508589697670895e-04
1.196933000000000025e-01 8.654508589697670895e-04
1.196942000000000006e-01 8.654508589697670895e-04
1.196950999999999987e-01 8.654508589697670895e-04
1.196959999999999968e-01 8.654508589697670895e-04
1.196969000000000088e-01 8.609816412897896383e-04
1.196978000000000070e-01 8.609816412897896383e-04
1.196987000000000051e-01 8.609816412897896383e-04
1.196996000000000032e-01 8.609816412897896383e-04
1.197005000000000013e-01 8.609816412897896383e-04
1.197013999999999995e-01 8.609816412897896383e-04
1.197022999999999976e-01 8.609816412897896383e-04
1.197031999999999957e-01 8.609816412897896383e-04
1.197041000000000077e-01 8.609816412897896383e-04
1.197050000000000058e-01 8.609816412897896383e-04
1.197059000000000040e-01 8.609816412897896383e-04
1.197068000000000021e-01 8.609816412897896383e-04
1.197077000000000002e-01 8.609816412897896383e-04
1.197085999999999983e-01 8.609816412897896383e-04
1.197094999999999965e-01 8.609816412897896383e-04
1.197104000000000085e-01 8.609816412897896383e-04
1.197113000000000066e-01 8.609816412897896383e-04
1.197122000000000047e-01 8.609816412897896383e-04
1.197131000000000028e-01 8.609816412897896383e-04
1.197140000000000010e-01 8.609816412897896383e-04
1.197148999999999991e-01 8.609816412897896383e-04
1.197157999999999972e-01 8.609816412897896383e-04
1.197167000000000092e-01 8.601403767853232256e-04
1.197176000000000073e-01 8.601403767853232256e-04
1.197185000000000055e-01 8.601403767853232256e-04
1.197194000000000036e-01 8.601403767853232256e-04
1.197203000000000017e-01 8.601403767853232256e-04
1.197211999999999998e-01 8.601403767853232256e-04
1.197220999999999980e-01 8.601403767853232256e-04
1.197229999999999961e-01 8.601403767853232256e-04
1.197239000000000081e-01 8.601403767853232256e-04
1.197248000000000062e-01 8.601403767853232256e-04
1.197257000000000043e-01 8.601403767853232256e-04
1.197266000000000025e-01 8.396871335204848016e-04
1.197275000000000006e-01 8.396871335204848016e-04
1.197283999999999987e-01 8.396871335204848016e-04
1.197292999999999968e-01 8.396871335204848016e-04
1.197302000000000088e-01 8.396871335204848016e-04
1.197311000000000070e-01 8.396871335204848016e-04
1.197320000000000051e-01 8.396871335204848016e-04
1.197329000000000032e-01 8.396871335204848016e-04
1.197338000000000013e-01 8.396871335204848016e-04
1.197346999999999995e-01 8.396871335204848016e-04
1.197355999999999976e-01 8.396871335204848016e-04
1.197364999999999957e-01 8.396871335204848016e-04
1.197374000000000077e-01 8.396871335204848016e-04
1.197383000000000058e-01 8.396871335204848016e-04
1.197392000000000040e-01 8.396871335204848016e-04
1.197401000000000021e-01 8.367952867863817385e-04
1.197410000000000002e-01 8.367952867863817385e-04
1.197418999999999983e-01 8.367952867863817385e-04
1.197427999999999965e-01 8.367952867863817385e-04
1.197437000000000085e-01 8.367952867863817385e-04
1.197446000000000066e-01 8.367952867863817385e-04
1.197455000000000047e-01 8.367952867863817385e-04
1.197464000000000028e-01 8.367952867863817385e-04
1.197473000000000010e-01 8.367952867863817385e-04
1.197481999999999991e-01 8.367952867863817385e-04
1.197490999999999972e-01 8.367952867863817385e-04
1.197499999999999953e-01 8.367952867863817385e-04
1.197509000000000073e-01 8.367952867863817385e-04
1.197518000000000055e-01 8.362694964710902035e-04
1.197527000000000036e-01 8.362694964710902035e-04
1.197536000000000017e-01 8.362694964710902035e-04
1.197544999999999998e-01 8.362694964710902035e-04
1.197553999999999980e-01 8.362694964710902035e-04
1.197562999999999961e-01 8.362694964710902035e-04
1.197572000000000081e-01 8.362694964710902035e-04
1.197581000000000062e-01 8.332724916739288118e-04
1.197590000000000043e-01 8.332724916739288118e-04
1.197599000000000025e-01 8.332724916739288118e-04
1.197608000000000006e-01 8.332724916739288118e-04
1.197616999999999987e-01 8.332724916739288118e-04
1.197625999999999968e-01 8.258588482283190247e-04
1.197635000000000088e-01 8.258588482283190247e-04
1.197644000000000070e-01 8.258588482283190247e-04
1.197653000000000051e-01 8.258588482283190247e-04
1.197662000000000032e-01 8.258588482283190247e-04
1.197671000000000013e-01 8.258588482283190247e-04
1.197679999999999995e-01 8.258588482283190247e-04
1.197688999999999976e-01 8.241237401878572519e-04
1.197697999999999957e-01 8.241237401878572519e-04
1.197707000000000077e-01 8.241237401878572519e-04
1.197716000000000058e-01 8.211793144222249161e-04
1.197725000000000040e-01 8.211793144222249161e-04
1.197734000000000021e-01 8.211793144222249161e-04
1.197743000000000002e-01 8.211793144222249161e-04
1.197751999999999983e-01 8.211793144222249161e-04
1.197760999999999965e-01 8.124511951883864542e-04
1.197770000000000085e-01 8.124511951883864542e-04
1.197779000000000066e-01 8.124511951883864542e-04
1.197788000000000047e-01 8.124511951883864542e-04
1.197797000000000028e-01 8.124511951883864542e-04
1.197806000000000010e-01 8.124511951883864542e-04
1.197814999999999991e-01 8.124511951883864542e-04
1.197823999999999972e-01 8.124511951883864542e-04
1.197832999999999953e-01 8.124511951883864542e-04
1.197842000000000073e-01 8.077190823507632896e-04
1.197851000000000055e-01 8.077190823507632896e-04
1.197860000000000036e-01 8.077190823507632896e-04
1.197869000000000017e-01 8.077190823507632896e-04
1.197877999999999998e-01 8.077190823507632896e-04
1.197886999999999980e-01 7.904205809776736419e-04
1.197895999999999961e-01 7.904205809776736419e-04
1.197905000000000081e-01 7.904205809776736419e-04
1.197914000000000062e-01 7.904205809776736419e-04
1.197923000000000043e-01 7.904205809776736419e-04
1.197932000000000025e-01 7.904205809776736419e-04
1.197941000000000006e-01 7.904205809776736419e-04
1.197949999999999987e-01 7.904205809776736419e-04
1.197958999999999968e-01 7.904205809776736419e-04
1.197968000000000088e-01 7.904205809776736419e-04
1.197977000000000070e-01 7.904205809776736419e-04
1.197986000000000051e-01 7.904205809776736419e-04
1.197995000000000032e-01 7.904205809776736419e-04
1.198004000000000013e-01 7.904205809776736419e-04
1.198012999999999995e-01 7.904205809776736419e-04
1.198021999999999976e-01 7.848472036355840648e-04
1.198030999999999957e-01 7.848472036355840648e-04
1.198040000000000077e-01 7.848472036355840648e-04
1.198049000000000058e-01 7.848472036355840648e-04
1.198058000000000040e-01 7.701776538389519837e-04
1.198067000000000021e-01 7.701776538389519837e-04
1.198076000000000002e-01 7.701776538389519837e-04
1.198084999999999983e-01 7.701776538389519837e-04
1.198093999999999965e-01 7.701776538389519837e-04
1.198103000000000085e-01 7.701776538389519837e-04
1.198112000000000066e-01 7.701776538389519837e-04
1.198121000000000047e-01 7.701776538389519837e-04
1.198130000000000028e-01 7.695467054606022284e-04
1.198139000000000010e-01 7.667600167895573856e-04
1.198147999999999991e-01 7.667600167895573856e-04
1.198156999999999972e-01 7.667600167895573856e-04
1.198165999999999953e-01 7.667600167895573856e-04
1.198175000000000073e-01 7.667600167895573856e-04
1.198184000000000055e-01 7.667600167895573856e-04
1.198193000000000036e-01 7.667600167895573856e-04
1.198202000000000017e-01 7.659187522850910814e-04
1.198210999999999998e-01 7.659187522850910814e-04
1.198219999999999980e-01 7.659187522850910814e-04
1.198228999999999961e-01 7.659187522850910814e-04
1.198238000000000081e-01 7.659187522850910814e-04
1.198247000000000062e-01 7.659187522850910814e-04
1.198256000000000043e-01 7.659187522850910814e-04
1.198265000000000025e-01 7.659187522850910814e-04
1.198274000000000006e-01 7.659187522850910814e-04
1.198282999999999987e-01 7.659187522850910814e-04
1.198291999999999968e-01 7.659187522850910814e-04
1.198301000000000088e-01 7.659187522850910814e-04
1.198310000000000070e-01 7.659187522850910814e-04
1.198319000000000051e-01 7.659187522850910814e-04
1.198328000000000032e-01 7.659187522850910814e-04
1.198337000000000013e-01 7.659187522850910814e-04
1.198345999999999995e-01 7.659187522850910814e-04
1.198354999999999976e-01 7.659187522850910814e-04
1.198363999999999957e-01 7.659187522850910814e-04
1.198373000000000077e-01 7.659187522850910814e-04
1.198382000000000058e-01 7.595041104385349831e-04
1.198391000000000040e-01 7.595041104385349831e-04
1.198400000000000021e-01 7.595041104385349831e-04
1.198409000000000002e-01 7.595041104385349831e-04
1.198417999999999983e-01 7.595041104385349831e-04
1.198426999999999965e-01 7.595041104385349831e-04
1.198436000000000085e-01 7.595041104385349831e-04
1.198445000000000066e-01 7.567174217674901403e-04
1.198454000000000047e-01 7.567174217674901403e-04
1.198463000000000028e-01 7.567174217674901403e-04
1.198472000000000010e-01 7.567174217674901403e-04
1.198480999999999991e-01 7.567174217674901403e-04
1.198489999999999972e-01 7.534049427811538710e-04
1.198498999999999953e-01 7.534049427811538710e-04
1.198508000000000073e-01 7.534049427811538710e-04
1.198517000000000055e-01 7.534049427811538710e-04
1.198526000000000036e-01 7.534049427811538710e-04
1.198535000000000017e-01 7.526162573082167311e-04
1.198543999999999998e-01 7.526162573082167311e-04
1.198552999999999980e-01 7.504079379839924792e-04
1.198561999999999961e-01 7.504079379839924792e-04
1.198571000000000081e-01 7.504079379839924792e-04
1.198580000000000062e-01 7.448345606419027936e-04
1.198589000000000043e-01 7.448345606419027936e-04
1.198598000000000025e-01 7.264844786382302928e-04
1.198607000000000006e-01 7.264844786382302928e-04
1.198615999999999987e-01 7.264844786382302928e-04
1.198624999999999968e-01 7.264844786382302928e-04
1.198634000000000088e-01 7.264844786382302928e-04
1.198643000000000070e-01 7.264844786382302928e-04
1.198652000000000051e-01 7.264844786382302928e-04
1.198661000000000032e-01 7.264844786382302928e-04
1.198670000000000013e-01 7.264844786382302928e-04
1.198678999999999994e-01 7.264844786382302928e-04
1.198687999999999976e-01 7.264844786382302928e-04
1.198696999999999957e-01 7.264844786382302928e-04
1.198706000000000077e-01 7.258535302598805375e-04
1.198715000000000058e-01 7.258535302598805375e-04
1.198724000000000040e-01 7.258535302598805375e-04
1.198733000000000021e-01 7.258535302598805375e-04
1.198742000000000002e-01 7.258535302598805375e-04
1.198750999999999983e-01 7.258535302598805375e-04
1.198759999999999964e-01 7.258535302598805375e-04
1.198769000000000085e-01 7.258535302598805375e-04
1.198778000000000066e-01 7.258535302598805375e-04
1.198787000000000047e-01 7.258535302598805375e-04
1.198796000000000028e-01 7.258535302598805375e-04
1.198805000000000009e-01 7.258535302598805375e-04
1.198813999999999991e-01 7.258535302598805375e-04
1.198822999999999972e-01 7.258535302598805375e-04
1.198831999999999953e-01 7.258535302598805375e-04
1.198841000000000073e-01 7.253277399445891109e-04
1.198850000000000054e-01 7.234874738410689010e-04
1.198859000000000036e-01 7.234874738410689010e-04
1.198868000000000017e-01 7.234874738410689010e-04
1.198876999999999998e-01 7.234874738410689010e-04
1.198885999999999979e-01 7.234874738410689010e-04
1.198894999999999961e-01 7.234874738410689010e-04
1.198904000000000081e-01 7.234874738410689010e-04
1.198913000000000062e-01 7.234874738410689010e-04
1.198922000000000043e-01 7.234874738410689010e-04
1.198931000000000024e-01 7.234874738410689010e-04
1.198940000000000006e-01 7.234874738410689010e-04
1.198948999999999987e-01 7.140758271973515195e-04
1.198957999999999968e-01 7.140758271973515195e-04
1.198967000000000088e-01 7.140758271973515195e-04
1.198976000000000069e-01 7.140758271973515195e-04
1.198985000000000051e-01 7.140758271973515195e-04
1.198994000000000032e-01 7.140758271973515195e-04
1.199003000000000013e-01 7.133922997874727083e-04
1.199011999999999994e-01 7.133922997874727083e-04
1.199020999999999976e-01 7.133922997874727083e-04
1.199029999999999957e-01 7.133922997874727083e-04
1.199039000000000077e-01 7.133922997874727083e-04
1.199048000000000058e-01 7.133922997874727083e-04
1.199057000000000039e-01 7.133922997874727083e-04
1.199066000000000021e-01 7.133922997874727083e-04
1.199075000000000002e-01 7.133922997874727083e-04
1.199083999999999983e-01 7.133922997874727083e-04
1.199092999999999964e-01 7.133922997874727083e-04
1.199102000000000084e-01 7.133922997874727083e-04
1.199111000000000066e-01 7.133922997874727083e-04
1.199120000000000047e-01 7.084498708237328864e-04
1.199129000000000028e-01 7.063467095625668548e-04
1.199138000000000009e-01 7.063467095625668548e-04
1.199146999999999991e-01 7.063467095625668548e-04
1.199155999999999972e-01 7.063467095625668548e-04
1.199164999999999953e-01 7.063467095625668548e-04
1.199174000000000073e-01 7.063467095625668548e-04
1.199183000000000054e-01 7.063467095625668548e-04
1.199192000000000036e-01 7.063467095625668548e-04
1.199201000000000017e-01 7.063467095625668548e-04
1.199209999999999998e-01 7.063467095625668548e-04
1.199218999999999979e-01 7.063467095625668548e-04
1.199227999999999961e-01 7.063467095625668548e-04
1.199237000000000081e-01 7.063467095625668548e-04
1.199246000000000062e-01 7.063467095625668548e-04
1.199255000000000043e-01 7.063467095625668548e-04
1.199264000000000024e-01 7.063467095625668548e-04
1.199273000000000006e-01 7.063467095625668548e-04
1.199281999999999987e-01 7.063467095625668548e-04
1.199290999999999968e-01 7.063467095625668548e-04
1.199300000000000088e-01 7.014042805988270329e-04
1.199309000000000069e-01 7.014042805988270329e-04
1.199318000000000051e-01 7.014042805988270329e-04
1.199327000000000032e-01 7.014042805988270329e-04
1.199336000000000013e-01 6.983021177386073124e-04
1.199344999999999994e-01 6.983021177386073124e-04
1.199353999999999976e-01 6.983021177386073124e-04
1.199362999999999957e-01 6.983021177386073124e-04
1.199372000000000077e-01 6.983021177386073124e-04
1.199381000000000058e-01 6.983021177386073124e-04
1.199390000000000039e-01 6.983021177386073124e-04
1.199399000000000021e-01 6.983021177386073124e-04
1.199408000000000002e-01 6.983021177386073124e-04
1.199416999999999983e-01 6.769024519062443639e-04
1.199425999999999964e-01 6.769024519062443639e-04
1.199435000000000084e-01 6.769024519062443639e-04
1.199444000000000066e-01 6.728538664785000106e-04
1.199453000000000047e-01 6.728538664785000106e-04
1.199462000000000028e-01 6.728538664785000106e-04
1.199471000000000009e-01 6.728538664785000106e-04
1.199479999999999991e-01 6.728538664785000106e-04
1.199488999999999972e-01 6.728538664785000106e-04
1.199497999999999953e-01 6.728538664785000106e-04
1.199507000000000073e-01 6.728538664785000106e-04
1.199516000000000054e-01 6.725383922893251329e-04
1.199525000000000036e-01 6.725383922893251329e-04
1.199534000000000017e-01 6.725383922893251329e-04
1.199542999999999998e-01 6.725383922893251329e-04
1.199551999999999979e-01 6.704878100596883741e-04
1.199560999999999961e-01 6.704878100596883741e-04
1.199570000000000081e-01 6.704878100596883741e-04
1.199579000000000062e-01 6.704878100596883741e-04
1.199588000000000043e-01 6.704878100596883741e-04
1.199597000000000024e-01 6.686475439561681642e-04
1.199606000000000006e-01 6.686475439561681642e-04
1.199614999999999987e-01 6.686475439561681642e-04
1.199623999999999968e-01 6.686475439561681642e-04
1.199632999999999949e-01 6.686475439561681642e-04
1.199642000000000069e-01 6.686475439561681642e-04
1.199651000000000051e-01 6.685423858931099439e-04
1.199660000000000032e-01 6.685423858931099439e-04
1.199669000000000013e-01 6.685423858931099439e-04
1.199677999999999994e-01 6.685423858931099439e-04
1.199686999999999976e-01 6.684898068615806712e-04
1.199695999999999957e-01 6.641783262761907130e-04
1.199705000000000077e-01 6.641783262761907130e-04
1.199714000000000058e-01 6.641783262761907130e-04
1.199723000000000039e-01 6.641783262761907130e-04
1.199732000000000021e-01 6.641783262761907130e-04
1.199741000000000002e-01 6.641783262761907130e-04
1.199749999999999983e-01 6.641783262761907130e-04
1.199758999999999964e-01 6.641783262761907130e-04
1.199768000000000084e-01 6.641783262761907130e-04
1.199777000000000066e-01 6.641783262761907130e-04
1.199786000000000047e-01 6.581317376503386567e-04
1.199795000000000028e-01 6.581317376503386567e-04
1.199804000000000009e-01 6.581317376503386567e-04
1.199812999999999991e-01 6.581317376503386567e-04
1.199821999999999972e-01 6.581317376503386567e-04
1.199830999999999953e-01 6.581317376503386567e-04
1.199840000000000073e-01 6.581317376503386567e-04
1.199849000000000054e-01 6.581317376503386567e-04
1.199858000000000036e-01 6.581317376503386567e-04
1.199867000000000017e-01 6.581317376503386567e-04
1.199875999999999998e-01 6.581317376503386567e-04
1.199884999999999979e-01 6.581317376503386567e-04
1.199893999999999961e-01 6.550821538216481006e-04
1.199903000000000081e-01 6.550821538216481006e-04
1.199912000000000062e-01 6.550821538216481006e-04
1.199921000000000043e-01 6.550821538216481006e-04
1.199930000000000024e-01 6.550821538216481006e-04
1.199939000000000006e-01 6.534522038442446565e-04
1.199947999999999987e-01 6.534522038442446565e-04
1.199956999999999968e-01 6.534522038442446565e-04
1.199965999999999949e-01 6.534522038442446565e-04
1.199975000000000069e-01 6.534522038442446565e-04
1.199984000000000051e-01 6.534522038442446565e-04
1.199993000000000032e-01 6.534522038442446565e-04
1.200002000000000013e-01 6.534522038442446565e-04
1.200010999999999994e-01 6.534522038442446565e-04
1.200019999999999976e-01 6.534522038442446565e-04
1.200028999999999957e-01 6.534522038442446565e-04
1.200038000000000077e-01 6.534522038442446565e-04
1.200047000000000058e-01 6.534522038442446565e-04
1.200056000000000039e-01 6.534522038442446565e-04
1.200065000000000021e-01 6.534522038442446565e-04
1.200074000000000002e-01 6.534522038442446565e-04
1.200082999999999983e-01 6.534522038442446565e-04
1.200091999999999964e-01 6.534522038442446565e-04
1.200101000000000084e-01 6.534522038442446565e-04
1.200110000000000066e-01 6.534522038442446565e-04
1.200119000000000047e-01 6.534522038442446565e-04
1.200128000000000028e-01 6.490355651957961528e-04
1.200137000000000009e-01 6.490355651957961528e-04
1.200145999999999991e-01 6.490355651957961528e-04
1.200154999999999972e-01 6.490355651957961528e-04
1.200163999999999953e-01 6.490355651957961528e-04
1.200173000000000073e-01 6.490355651957961528e-04
1.200182000000000054e-01 6.488252490696796038e-04
1.200191000000000036e-01 6.488252490696796038e-04
1.200200000000000017e-01 6.487726700381504395e-04
1.200208999999999998e-01 6.487726700381504395e-04
1.200217999999999979e-01 6.487726700381504395e-04
1.200226999999999961e-01 6.487726700381504395e-04
1.200236000000000081e-01 6.480365635967423555e-04
1.200245000000000062e-01 6.480365635967423555e-04
1.200254000000000043e-01 6.480365635967423555e-04
1.200263000000000024e-01 6.480365635967423555e-04
1.200272000000000006e-01 6.480365635967423555e-04
1.200280999999999987e-01 6.480365635967423555e-04
1.200289999999999968e-01 6.480365635967423555e-04
1.200298999999999949e-01 6.480365635967423555e-04
1.200308000000000069e-01 6.480365635967423555e-04
1.200317000000000051e-01 6.480365635967423555e-04
1.200326000000000032e-01 6.480365635967423555e-04
1.200335000000000013e-01 6.480365635967423555e-04
1.200343999999999994e-01 6.411487104664239951e-04
1.200352999999999976e-01 6.411487104664239951e-04
1.200361999999999957e-01 6.411487104664239951e-04
1.200371000000000077e-01 6.411487104664239951e-04
1.200380000000000058e-01 6.315267476965900646e-04
1.200389000000000039e-01 5.955626901306532552e-04
1.200398000000000021e-01 5.955626901306532552e-04
1.200407000000000002e-01 5.955626901306532552e-04
1.200415999999999983e-01 5.955626901306532552e-04
1.200424999999999964e-01 5.743733404244068556e-04
1.200434000000000084e-01 5.743733404244068556e-04
1.200443000000000066e-01 5.743733404244068556e-04
1.200452000000000047e-01 5.743733404244068556e-04
1.200461000000000028e-01 5.743733404244068556e-04
1.200470000000000009e-01 5.743733404244068556e-04
1.200478999999999991e-01 5.743733404244068556e-04
1.200487999999999972e-01 5.743733404244068556e-04
1.200496999999999953e-01 5.743733404244068556e-04
1.200506000000000073e-01 5.743733404244068556e-04
1.200515000000000054e-01 5.743733404244068556e-04
1.200524000000000036e-01 5.743733404244068556e-04
1.200533000000000017e-01 5.743733404244068556e-04
1.200541999999999998e-01 5.743733404244068556e-04
1.200550999999999979e-01 5.743733404244068556e-04
1.200559999999999961e-01 5.743733404244068556e-04
1.200569000000000081e-01 5.743733404244068556e-04
1.200578000000000062e-01 5.743733404244068556e-04
1.200587000000000043e-01 5.743733404244068556e-04
1.200596000000000024e-01 5.743733404244068556e-04
1.200605000000000006e-01 5.743733404244068556e-04
1.200613999999999987e-01 5.743733404244068556e-04
1.200622999999999968e-01 5.743733404244068556e-04
1.200631999999999949e-01 5.743733404244068556e-04
1.200641000000000069e-01 5.743733404244068556e-04
1.200650000000000051e-01 5.743733404244068556e-04
1.200659000000000032e-01 5.743733404244068556e-04
1.200668000000000013e-01 5.743733404244068556e-04
1.200676999999999994e-01 5.743733404244068556e-04
1.200685999999999976e-01 5.743733404244068556e-04
1.200694999999999957e-01 5.743733404244068556e-04
1.200704000000000077e-01 5.743733404244068556e-04
1.200713000000000058e-01 5.743733404244068556e-04
1.200722000000000039e-01 5.743733404244068556e-04
1.200731000000000021e-01 5.613863196367073830e-04
1.200740000000000002e-01 5.613863196367073830e-04
1.200748999999999983e-01 5.613863196367073830e-04
1.200757999999999964e-01 5.613863196367073830e-04
1.200767000000000084e-01 5.613863196367073830e-04
1.200776000000000066e-01 5.613863196367073830e-04
1.200785000000000047e-01 5.613863196367073830e-04
1.200794000000000028e-01 5.613863196367073830e-04
1.200803000000000009e-01 5.613863196367073830e-04
1.200811999999999991e-01 5.613863196367073830e-04
1.200820999999999972e-01 5.613863196367073830e-04
1.200829999999999953e-01 5.613863196367073830e-04
1.200839000000000073e-01 5.613863196367073830e-04
1.200848000000000054e-01 5.613863196367073830e-04
1.200857000000000036e-01 5.613863196367073830e-04
1.200866000000000017e-01 5.613863196367073830e-04
1.200874999999999998e-01 5.613863196367073830e-04
1.200883999999999979e-01 5.613863196367073830e-04
1.200892999999999960e-01 5.613863196367073830e-04
1.200902000000000081e-01 5.613863196367073830e-04
1.200911000000000062e-01 5.613863196367073830e-04
1.200920000000000043e-01 5.613863196367073830e-04
1.200929000000000024e-01 5.613863196367073830e-04
1.200938000000000005e-01 5.613863196367073830e-04
1.200946999999999987e-01 5.612811615736490543e-04
1.200955999999999968e-01 5.612811615736490543e-04
1.200964999999999949e-01 5.612811615736490543e-04
1.200974000000000069e-01 5.612811615736490543e-04
1.200983000000000051e-01 5.612811615736490543e-04
1.200992000000000032e-01 5.612811615736490543e-04
1.201001000000000013e-01 5.612811615736490543e-04
1.201009999999999994e-01 5.612811615736490543e-04
1.201018999999999975e-01 5.612811615736490543e-04
1.201027999999999957e-01 5.612811615736490543e-04
1.201037000000000077e-01 5.612811615736490543e-04
1.201046000000000058e-01 5.612811615736490543e-04
1.201055000000000039e-01 5.612811615736490543e-04
1.201064000000000020e-01 5.612811615736490543e-04
1.201073000000000002e-01 5.612811615736490543e-04
1.201081999999999983e-01 5.612811615736490543e-04
1.201090999999999964e-01 5.612811615736490543e-04
1.201099999999999945e-01 5.602821599745952570e-04
1.201109000000000065e-01 5.602821599745952570e-04
1.201118000000000047e-01 5.602821599745952570e-04
1.201127000000000028e-01 5.602821599745952570e-04
1.201136000000000009e-01 5.602821599745952570e-04
1.201144999999999990e-01 5.602821599745952570e-04
1.201153999999999972e-01 5.602821599745952570e-04
1.201162999999999953e-01 5.602821599745952570e-04
1.201172000000000073e-01 5.602821599745952570e-04
1.201181000000000054e-01 5.602821599745952570e-04
1.201190000000000035e-01 5.602821599745952570e-04
1.201199000000000017e-01 5.602821599745952570e-04
1.201207999999999998e-01 5.602821599745952570e-04
1.201216999999999979e-01 5.602821599745952570e-04
1.201225999999999960e-01 5.602821599745952570e-04
1.201235000000000080e-01 5.602821599745952570e-04
1.201244000000000062e-01 5.602821599745952570e-04
1.201253000000000043e-01 5.602821599745952570e-04
1.201262000000000024e-01 5.602821599745952570e-04
1.201271000000000005e-01 5.602821599745952570e-04
1.201279999999999987e-01 5.602821599745952570e-04
1.201288999999999968e-01 5.602821599745952570e-04
1.201297999999999949e-01 5.602821599745952570e-04
1.201307000000000069e-01 5.602821599745952570e-04
1.201316000000000050e-01 5.602821599745952570e-04
1.201325000000000032e-01 5.578635245242545646e-04
1.201334000000000013e-01 5.578635245242545646e-04
1.201342999999999994e-01 5.578635245242545646e-04
1.201351999999999975e-01 5.578635245242545646e-04
1.201360999999999957e-01 5.578635245242545646e-04
1.201370000000000077e-01 5.578635245242545646e-04
1.201379000000000058e-01 5.578635245242545646e-04
1.201388000000000039e-01 5.578635245242545646e-04
1.201397000000000020e-01 5.578635245242545646e-04
1.201406000000000002e-01 5.578635245242545646e-04
1.201414999999999983e-01 5.578635245242545646e-04
1.201423999999999964e-01 5.578635245242545646e-04
1.201433000000000084e-01 5.578635245242545646e-04
1.201442000000000065e-01 5.578635245242545646e-04
1.201451000000000047e-01 5.578635245242545646e-04
1.201460000000000028e-01 5.578635245242545646e-04
1.201469000000000009e-01 5.578635245242545646e-04
1.201477999999999990e-01 5.578635245242545646e-04
1.201486999999999972e-01 5.578635245242545646e-04
1.201495999999999953e-01 5.578635245242545646e-04
1.201505000000000073e-01 5.578635245242545646e-04
1.201514000000000054e-01 5.578635245242545646e-04
1.201523000000000035e-01 5.523427262136940434e-04
1.201532000000000017e-01 5.523427262136940434e-04
1.201540999999999998e-01 5.523427262136940434e-04
1.201549999999999979e-01 5.523427262136940434e-04
1.201558999999999960e-01 5.463487166193711515e-04
1.201568000000000080e-01 5.463487166193711515e-04
1.201577000000000062e-01 5.463487166193711515e-04
1.201586000000000043e-01 5.463487166193711515e-04
1.201595000000000024e-01 5.463487166193711515e-04
1.201604000000000005e-01 5.463487166193711515e-04
1.201612999999999987e-01 5.463487166193711515e-04
1.201621999999999968e-01 5.463487166193711515e-04
1.201630999999999949e-01 5.451393988942008053e-04
1.201640000000000069e-01 5.451393988942008053e-04
1.201649000000000050e-01 5.451393988942008053e-04
1.201658000000000032e-01 5.451393988942008053e-04
1.201667000000000013e-01 5.451393988942008053e-04
1.201675999999999994e-01 5.437197650429138017e-04
1.201684999999999975e-01 5.437197650429138017e-04
1.201693999999999957e-01 5.437197650429138017e-04
1.201703000000000077e-01 5.437197650429138017e-04
1.201712000000000058e-01 5.437197650429138017e-04
1.201721000000000039e-01 5.437197650429138017e-04
1.201730000000000020e-01 5.437197650429138017e-04
1.201739000000000002e-01 5.437197650429138017e-04
1.201747999999999983e-01 5.437197650429138017e-04
1.201756999999999964e-01 5.437197650429138017e-04
1.201765999999999945e-01 5.437197650429138017e-04
1.201775000000000065e-01 5.437197650429138017e-04
1.201784000000000047e-01 5.437197650429138017e-04
1.201793000000000028e-01 5.437197650429138017e-04
1.201802000000000009e-01 5.437197650429138017e-04
1.201810999999999990e-01 5.437197650429138017e-04
1.201819999999999972e-01 5.437197650429138017e-04
1.201828999999999953e-01 5.437197650429138017e-04
1.201838000000000073e-01 5.437197650429138017e-04
1.201847000000000054e-01 5.437197650429138017e-04
1.201856000000000035e-01 5.437197650429138017e-04
1.201865000000000017e-01 5.437197650429138017e-04
1.201873999999999998e-01 5.437197650429138017e-04
1.201882999999999979e-01 5.437197650429138017e-04
1.201891999999999960e-01 5.437197650429138017e-04
1.201901000000000080e-01 5.437197650429138017e-04
1.201910000000000062e-01 5.437197650429138017e-04
1.201919000000000043e-01 5.437197650429138017e-04
1.201928000000000024e-01 5.399866538043443260e-04
1.201937000000000005e-01 5.399866538043443260e-04
1.201945999999999987e-01 5.399866538043443260e-04
1.201954999999999968e-01 5.399866538043443260e-04
1.201963999999999949e-01 5.399866538043443260e-04
1.201973000000000069e-01 5.338874861469632138e-04
1.201982000000000050e-01 5.338874861469632138e-04
1.201991000000000032e-01 5.338874861469632138e-04
1.202000000000000013e-01 5.338874861469632138e-04
