#"Step","Time (ps)","Potential Energy (kJ/mole)","Kinetic Energy (kJ/mole)","Total Energy (kJ/mole)","Temperature (K)","Box Volume (nm^3)","Density (g/mL)"
505000,1009.9999999899404,-46723.22475551907,6139.3101185624055,-40583.914636956666,277.9556884235416,26.791924782855435,0.9893211129819895
510000,1019.999999989704,-46840.030182255956,6106.3869853230935,-40733.64319693286,276.4651020241147,26.625547521217708,0.9955031656713159
515000,1029.9999999894676,-46828.96461646474,5955.95266836426,-40873.01194810048,269.6542269705168,26.613180748675845,0.9959657620565742
520000,1039.9999999892311,-46651.30535439291,5993.78468020835,-40657.52067418456,271.36706158767964,26.18185328736098,1.0123735915172856
525000,1049.9999999889947,-46976.86866409326,6072.443566157245,-40904.425097936015,274.92832244147627,26.79059141613109,0.9893703514564692
530000,1059.9999999887582,-46678.80084362731,6028.551856908979,-40650.24898671833,272.94113658108114,26.752152545893875,0.9907919297197862
535000,1069.9999999885217,-46670.843990666675,6091.764024821223,-40579.07996584545,275.8030512440444,26.455938295215184,1.001885344202595
540000,1079.9999999882853,-46997.61581334338,6166.920728600391,-40830.69508474298,279.2057516998205,26.948940140710967,0.9835569305029079
545000,1089.9999999880488,-46614.90236518753,6075.055214003415,-40539.84715118412,275.0465641267769,26.499359101440504,1.000243694333854
550000,1099.9999999878123,-46795.925301636744,6143.333116935832,-40652.592184700916,278.1378286413865,26.591443335990633,0.9967799231578207
555000,1109.9999999875758,-46674.58977612917,6239.979539917785,-40434.61023621139,282.51347061334013,26.616760751838527,0.9958318028339876
560000,1119.9999999873394,-46800.937063828576,6230.856257636273,-40570.0808061923,282.10041635182426,26.258129297795904,1.0094327948689465
565000,1129.999999987103,-46366.449014066544,6248.784248312713,-40117.66476575383,282.9121015239829,26.84063055395211,0.9875258627708162
570000,1139.9999999868664,-46968.0700147936,6038.989615573003,-40929.0803992206,273.4137034231251,26.912553521801915,0.9848867304112138
575000,1149.99999998663,-46817.50068959792,6206.612650168667,-40610.88803942925,281.00279325193327,26.214205669023805,1.0111241660251815
580000,1159.9999999863935,-46882.05601438938,6140.97020889399,-40741.08580549539,278.03084858682536,26.694595840205643,0.9929281942970258
585000,1169.999999986157,-46729.41518343636,6057.79374270171,-40671.62144073465,274.26505544807986,26.55603609555794,0.9981089327385703
590000,1179.9999999859206,-46620.072774777655,6288.314151240274,-40331.75862353738,284.7018077237601,26.566485401860678,0.9977163499108488
595000,1189.999999985684,-46711.93655707437,6140.267526875894,-40571.66903019848,277.9990348389757,26.51690023770104,0.9995820253311132
600000,1199.9999999854476,-46878.227357964206,6249.858379591433,-40628.368978372775,282.96073254168164,26.396763989633065,1.0041312963783762
605000,1209.9999999852112,-46682.58063200163,5983.390019960382,-40699.190612041246,270.8964460153506,26.383688846574753,1.0046289205137207
610000,1219.9999999849747,-46893.86815505294,6263.895900534015,-40629.97225451893,283.5962776961051,26.028841380305757,1.018324882687995
615000,1229.9999999847382,-46661.633357126964,6097.270471041091,-40564.36288608587,276.0523541820379,26.505467092010424,1.000013195507653
620000,1239.9999999845018,-46758.416300170415,6127.588967084406,-40630.82733308601,277.42501630154965,26.63977952037777,0.994971329429697
625000,1249.9999999842653,-46789.29347198113,6200.792043162644,-40588.50142881849,280.7392667650548,26.45801039224149,1.0018068801150979
630000,1259.9999999840288,-46767.08893051831,6253.264396379109,-40513.8245341392,283.11493907673486,26.453265833046157,1.0019865604643976
635000,1269.9999999837923,-47071.12873435719,6109.830990358043,-40961.297743999145,276.62102846730403,26.45517245507224,1.0019143473783076
640000,1279.9999999835559,-46933.509849611146,6009.282497847148,-40924.227351764,272.0687212998727,26.701438119528067,0.9926737551158072
645000,1289.9999999833194,-46705.64199504431,6060.079631845116,-40645.56236319919,274.3685484918006,26.721209423157976,0.9919392653737066
650000,1299.999999983083,-46623.73968073289,5986.990764901969,-40636.748915830925,271.05946881754625,26.449594694652824,1.0021256337233335
655000,1309.9999999828465,-46633.82272806892,5775.971039537775,-40857.85168853114,261.50560496284237,26.28676482553712,1.0083331676994487
660000,1319.99999998261,-46778.26988057222,5998.125156909105,-40780.144723663114,271.56357555523385,26.4172881896397,1.0033511636330372
665000,1329.9999999823735,-46814.16941598983,6107.412429865097,-40706.75698612473,276.5115287623163,26.386746369029698,1.0045125107282777
670000,1339.999999982137,-46977.662418054126,6186.421336555015,-40791.24108149911,280.0886367152421,25.883046063382512,1.0240609540390544
675000,1349.9999999819006,-46569.7917647392,6213.767650672454,-40356.02411406675,281.3267340616161,26.934211952492458,0.9840947599230379
680000,1359.9999999816641,-46925.075042906916,6023.143995124321,-40901.93104778259,272.69629702806543,26.568116829128794,0.9976550846857086
685000,1369.9999999814277,-47057.683967134915,5978.875120401637,-41078.80884673328,270.69203509771023,26.82521504233942,0.9880933592990396
690000,1379.9999999811912,-46959.785087831726,6055.478855371683,-40904.30623246005,274.1602495189096,26.38796019618145,1.004466303876716
695000,1389.9999999809547,-46937.866963563545,6253.465885276806,-40684.40107828674,283.1240614348154,26.543178573766987,0.9985924169345857
700000,1399.9999999807183,-46832.17181405483,5965.843378247734,-40866.328435807096,270.1020263195587,26.004769695945374,1.0192675095767925
705000,1409.9999999804818,-46863.78665777942,6191.316956126178,-40672.469701653245,280.31028463363737,26.639404596478517,0.9949853326905103
710000,1419.9999999802453,-46435.04615129245,6039.466622326048,-40395.5795289664,273.4352997813258,26.321543560087505,1.0070008540569102
715000,1429.9999999800089,-46792.65155939985,6028.94326492252,-40763.70829447733,272.95885747834114,26.688075467769693,0.9931707843495303
720000,1439.9999999797724,-46882.61238960421,6323.198399810972,-40559.41398979324,286.28118311600315,26.556383352399973,0.9980958812566955
725000,1449.999999979536,-46647.7197011853,6147.275846927275,-40500.443854258025,278.3163347288581,26.389612818969105,1.0044034001912923
730000,1459.9999999792994,-46842.99737364077,6100.7035223703915,-40742.29385127038,276.2077846990179,26.271109512846202,1.008934047195202
735000,1469.999999979063,-46539.4535902341,6212.131601548401,-40327.3219886857,281.2526623578271,26.42488964228589,1.003062537021494
740000,1479.9999999788265,-46689.22209081071,6199.376050325462,-40489.84604048525,280.67515805312127,26.235672622805712,1.0102968285274205
745000,1489.99999997859,-47170.21805309254,6111.66368903591,-41058.55436405663,276.70400342912245,26.78416144938555,0.9896078656482392
750000,1499.9999999783536,-46983.438217960706,6219.159831482606,-40764.2783864781,281.5708636625395,26.609042342675238,0.9961206609301607
755000,1509.999999978117,-46904.195443342556,6032.276904650751,-40871.9185386918,273.10978716062175,26.532645133880813,0.9989888573626505
760000,1519.9999999778806,-46471.673203159764,6303.854019169845,-40167.81918398992,285.40537125206515,26.75002841213525,0.9908706053216684
765000,1529.9999999776442,-46479.238230325514,6198.914723106642,-40280.32350721887,280.65427158180455,26.172927784111273,1.0127188316010673
770000,1539.9999999774077,-46547.604067417036,6179.326191588616,-40368.27787582842,279.7674058496376,26.390313494949112,1.0043767327802788
775000,1549.9999999771712,-46709.66836832283,6213.786481351682,-40495.881886971154,281.3275866157805,26.719209081878336,0.9920135271923607
780000,1559.9999999769348,-46696.872274044144,6069.995972804563,-40626.87630123958,274.8175082812226,26.890486716113884,0.9856949457601639
785000,1569.9999999766983,-46913.70398508664,6137.277075047391,-40776.42691003925,277.86364290069,26.355592337761895,1.005699910114604
790000,1579.9999999764618,-46973.11316979665,6153.638071646063,-40819.475098150586,278.60438281853993,25.993686085059224,1.01970212144477
795000,1589.9999999762254,-46649.4510279785,5980.224730931145,-40669.22629704736,270.75313836771755,26.201165266033197,1.0116274057271046
800000,1599.9999999759889,-46705.188953903795,6192.299417398439,-40512.889536505354,280.35476531534374,26.329051766470908,1.0067136895092623
805000,1609.9999999757524,-46818.70613940811,6007.794980251705,-40810.91115915641,272.00137432288363,26.55867381171265,0.9980098039916038
810000,1619.999999975516,-46880.16941070894,6290.9318380964305,-40589.23757261251,284.82032282368647,26.396744440453457,1.0041320400285298
815000,1629.9999999752795,-46726.9923987271,6028.417823511671,-40698.57457521543,272.93506825345133,26.410543176863552,1.0036074104043493
820000,1639.999999975043,-46586.73522347107,6234.13763747998,-40352.59758599109,282.2489799812586,26.263977619323207,1.00920801979374
825000,1649.9999999748065,-46551.52551073069,6296.776937828356,-40254.74857290233,285.0849582124379,26.517140662656914,0.9995729623454999
830000,1659.99999997457,-46715.543290292204,6005.219945096465,-40710.323345195735,271.88479026775906,26.164985471892464,1.0130262397270564
835000,1669.9999999743336,-46703.13181776402,6136.7451526722325,-40566.38666509179,277.83956025180606,26.326673409840314,1.0068046362134386
840000,1679.9999999740971,-46620.778719404654,6133.349624771995,-40487.42909463266,277.68582859843707,26.698038193918993,0.9928001695323633
845000,1689.9999999738607,-46823.23978548229,6176.105977168721,-40647.13380831357,279.6216114690529,26.3308945852195,1.006643232698329
850000,1699.9999999736242,-46686.97626597568,5974.580663465733,-40712.39560250995,270.4976046631871,26.248704473791022,1.009795240430627
855000,1709.9999999733877,-46846.013205642696,6287.978198362111,-40558.03500728059,284.6865975435079,25.982163253951647,1.0201543491985023
860000,1719.9999999731513,-46648.7068322752,6032.613156682131,-40616.093675593074,273.12501088495907,26.673236447435198,0.9937233112801725
865000,1729.9999999729148,-46866.678174117755,6093.215729604211,-40773.46244451354,275.86877680514993,26.331676371929056,1.0066133454898782
870000,1739.9999999726783,-46736.385991609364,6295.445738023025,-40440.94025358634,285.02468848323804,25.967558988076874,1.0207280883534164
875000,1749.9999999724419,-46835.44106481498,5985.321154534359,-40850.11991028062,270.98387763707717,26.604958499758663,0.9962735647696923
880000,1759.9999999722054,-46712.02978561743,6002.507637038409,-40709.522148579024,271.76199121722493,26.40149382373988,1.00395140600986
885000,1769.999999971969,-46819.99328067474,6070.328208520032,-40749.665072154705,274.8325501678887,26.776095777847917,0.9899059618330454
890000,1779.9999999717324,-46757.70488330937,6063.738362037406,-40693.96652127197,274.5341965613254,26.423596810457845,1.0031116140333287
895000,1789.999999971496,-46665.75913023885,6071.922575274805,-40593.836554964044,274.90473471311685,25.97773261224723,1.020328341997334
900000,1799.9999999712595,-46656.057948259404,6079.598342216997,-40576.45960604241,275.25225308951303,26.775043519649817,0.9899448650999222
905000,1809.999999971023,-46912.663630745665,6113.122645552608,-40799.54098519306,276.7700573106087,26.15485730946737,1.0134185222838084
910000,1819.9999999707866,-46860.44261542527,6095.915172740547,-40764.527442684725,275.9909933996581,26.9811478450002,0.9823828473634048
915000,1829.99999997055,-46589.52897060185,6312.13068407155,-40277.398286530304,285.7800951292071,26.6322854348442,0.9952513054108962
920000,1839.9999999703136,-46879.04092473915,6048.924745354136,-40830.11617938502,273.863513871622,26.31020017906024,1.0074350124557294
925000,1849.9999999700772,-47167.72746982542,6166.058657991685,-41001.66881183373,279.166721674478,26.59309445253777,0.9967180349173258
930000,1859.9999999698407,-46648.58855468442,5951.7336388675485,-40696.854915816875,269.4632114939257,26.369222164318195,1.005180080016578
935000,1869.9999999696042,-46961.176387289306,6250.050775332634,-40711.125611956675,282.9694432094379,27.03872865855902,0.9802907962062766
940000,1879.9999999693678,-46921.75944298715,6239.981531101239,-40681.77791188592,282.51356076365954,26.360173356793553,1.0055251339336582
945000,1889.9999999691313,-46587.93951964419,6173.184765816655,-40414.75475382754,279.48935437554996,26.304266617952987,1.0076622636957966
950000,1899.9999999688948,-46558.74970802356,5884.960705610905,-40673.789002412654,266.4400840947587,26.065907402917425,1.0168768128953618
955000,1909.9999999686584,-47133.25374542718,6185.714357849922,-40947.53938757726,280.0566284359924,26.511436456722855,0.999788030662626
960000,1919.999999968422,-46529.55653472501,6063.682686031714,-40465.87384869329,274.53167584447095,26.81313565582425,0.9885384978965258
965000,1929.9999999681854,-46767.96620311064,6016.428126401446,-40751.5380767092,272.39223779695004,26.881644533511942,0.9860191705184134
970000,1939.999999967949,-46639.35634800437,6191.361348718876,-40447.99499928549,280.31229449686725,26.220240923566983,1.0108914301119416
975000,1949.9999999677125,-46596.98339794006,6206.039533305324,-40390.94386463473,280.97684553317964,26.33220015059567,1.0065933227575246
980000,1959.999999967476,-46469.47011248354,6285.7580240073685,-40183.712088476175,284.58607971996173,26.432156174021973,1.0027867825309957
985000,1969.9999999672395,-46880.77715480962,5994.602215247182,-40886.174939562436,271.40407527653724,26.812830035587563,0.9885497655385205
990000,1979.999999967003,-46402.37532258179,6199.516693240221,-40202.85862934157,280.68152562495567,26.945924032887763,0.9836670218751333
995000,1989.9999999667666,-46508.21925967123,6275.434085109486,-40232.78517456174,284.1186660385894,27.222477892405745,0.9736739230670333
1000000,1999.9999999665301,-46743.11177225754,6277.589849112852,-40465.52192314469,284.21626770002405,26.432225917621402,1.0027841365956933
1005000,2009.9999999662937,-46783.19360098761,6037.103340126334,-40746.090260861274,273.3283027868631,26.593943208244024,0.9966862242861216
1010000,2019.9999999660572,-46647.55208850192,6222.322640196224,-40425.2294483057,281.7140590145201,26.111886581921333,1.0150862428858625
1015000,2029.9999999658207,-46906.48148036399,6312.243951508566,-40594.237528855425,285.7852232833195,26.116544758752298,1.0149051909411384
1020000,2039.9999999655843,-46684.29373959848,5895.030896733299,-40789.26284286518,266.8960094107838,26.388904572647434,1.0044303571652624
1025000,2049.999999965348,-46731.52502178238,6142.131685172391,-40589.39333660999,278.08343412694563,26.36221683151492,1.005447190367454
1030000,2059.9999999651113,-46730.71762435755,6056.01038302091,-40674.70724133664,274.18431429667845,26.121663705929052,1.0147063044490556
1035000,2069.999999964875,-46813.15947011707,6117.591704543291,-40695.56776557378,276.97239280830655,26.51372022999243,0.9997019133935342
1040000,2079.9999999646384,-46651.19208638038,6259.750945837137,-40391.44114054325,283.40861593704665,26.41195690195799,1.003553691363904
1045000,2089.999999964402,-46694.52364632953,6283.424991453301,-40411.09865487623,284.48045227043457,26.44634884966795,1.0022486278077318
1050000,2099.9999999641655,-46590.19763959781,6210.850287850179,-40379.34735174764,281.19465120931073,26.24192990213288,1.0100559274396186
1055000,2109.999999963929,-46799.12048893084,6128.789553565414,-40670.330935365426,277.47937254604557,26.40240519084205,1.0039167512775733
1060000,2119.9999999636925,-46572.16374708142,6112.749739725612,-40459.41400735581,276.7531740950913,26.512814803627034,0.9997360537319563
1065000,2129.999999963456,-47150.36345650244,6065.617177781208,-41084.746278721235,274.6192594614566,26.503052001697647,1.0001043216987409
1070000,2139.9999999632196,-46667.28390717378,6128.676011609061,-40538.607895564724,277.4742319631407,26.329919005467655,1.0066805309807487
1075000,2149.999999962983,-46714.15478171781,6179.165859061681,-40534.98892265613,279.7601468356702,26.80806542351849,0.9887254610267758
1080000,2159.9999999627466,-46688.23983709689,6051.579581143642,-40636.66025595325,273.98371087996213,27.024479706136088,0.9808076652475186
1085000,2169.99999996251,-47154.888509928016,6088.1901626798735,-41066.698347248144,275.64124555372325,25.967913025974806,1.0207141720858135
1090000,2179.9999999622737,-46247.835928677814,6176.730055863678,-40071.105872814136,279.6498664716406,26.39099225485837,1.0043509008352947
1095000,2189.9999999620372,-46661.54275840672,6039.921366165195,-40621.621392241526,273.45588819181904,26.446109099899363,1.0022577137899333
1100000,2199.9999999618008,-46678.57929701306,6061.795289569505,-40616.78400744355,274.4462244545183,26.29510284614277,1.0080134312535092
1105000,2209.9999999615643,-46809.28201501217,6256.485105738771,-40552.7969092734,283.2607558655904,26.175577691948956,1.0126163081113928
1110000,2219.999999961328,-46927.78437984915,6249.877052082318,-40677.907327766836,282.96157793390955,26.412027447843474,1.0035510108963055
1115000,2229.9999999610914,-46529.45727147901,6139.605733355842,-40389.85153812317,277.9690723073707,26.30231175625941,1.007737155985783
1120000,2239.999999960855,-46620.78846580675,6084.609201811749,-40536.179263995,275.479118470371,26.415130888576773,1.0034331064612187
1125000,2249.9999999606184,-46585.863833865325,6301.61879416513,-40284.245039700196,285.30417201420806,26.549359290958993,0.9983599436288644
1130000,2259.999999960382,-46614.10127674742,6257.42500442044,-40356.67627232698,283.30330953694215,27.08741370076513,0.9785288893917393
1135000,2269.9999999601455,-46469.65995198634,6054.6905760965765,-40414.96937588976,274.1245603772388,26.470936954645573,1.0013176673919202
1140000,2279.999999959909,-46542.314119027986,6036.969472802999,-40505.344646224985,273.3222419781897,26.543478034059234,0.9985811509363384
1145000,2289.9999999596726,-46013.158154489705,6173.192560333357,-39839.96559415635,279.48970727029115,26.820871280054718,0.988253385519779
1150000,2299.999999959436,-46653.58461016684,6169.538897427609,-40484.04571273924,279.3242886208628,26.422771955308615,1.003142928756155
1155000,2309.9999999591996,-46550.86347926193,6180.127096933995,-40370.73638232793,279.8036666333963,26.538908872159784,0.9987530750712134
1160000,2319.999999958963,-46625.7277654162,6259.7689124043445,-40365.958853011856,283.40942936876127,26.539150123051463,0.9987439960287868
1165000,2329.9999999587267,-46582.45633209532,6188.214480737223,-40394.24185135809,280.1698208574312,26.56174619119531,0.9978943648625945
1170000,2339.99999995849,-47009.93577724823,6219.092328684994,-40790.84344856324,281.5678074907192,26.68973868292345,0.9931088932715237
1175000,2349.9999999582537,-46705.3260013258,6181.035519606795,-40524.290481719,279.8447952365327,26.482280335949344,1.0008887644438607
1180000,2359.9999999580173,-46644.70944773068,6114.79067519166,-40529.91877253902,276.8455769239984,26.32217355644392,1.0069767524428241
1185000,2369.999999957781,-46781.42827287479,6160.628411984693,-40620.799860890096,278.92086868154666,26.528504303179805,0.9991447894002528
1190000,2379.9999999575443,-46783.168820982275,6292.996414409935,-40490.17240657234,284.91379598588884,26.683629013927863,0.9933362823800778
1195000,2389.999999957308,-46925.399855850206,5983.034620309532,-40942.365235540674,270.88035538746084,26.545935367014057,0.9984887131926186
1200000,2399.9999999570714,-46876.733478391485,6162.048755533953,-40714.684722857535,278.9851743708518,26.159404732737475,1.013242354553018
1205000,2409.999999956835,-46892.49817495671,6224.458922574082,-40668.03925238263,281.8107786503648,26.51940604419104,0.9994875752849023
1210000,2419.9999999565985,-46816.225232612225,6066.776962692855,-40749.44826991937,274.67176842538163,26.68163047042791,0.9934106865950909
1215000,2429.999999956362,-46789.93888210703,6175.768514848196,-40614.170367258834,279.60633294918546,26.370257584458866,1.0051406119265711
1220000,2439.9999999561255,-46640.80114835221,6025.85811146947,-40614.943036882745,272.81917794833305,26.418836792899903,1.00329234980655
1225000,2449.999999955889,-46536.961387154006,6067.438927939341,-40469.52245921466,274.7017387318568,26.365544897789714,1.0053202749216203
1230000,2459.9999999556526,-46569.34648799646,6208.9207271513205,-40360.42576084514,281.1072908443759,26.746272749871558,0.9910097415435791
1235000,2469.999999955416,-46470.96033827227,6013.772330908176,-40457.18800736409,272.27199733826853,26.251254998102812,1.0096971305569913
1240000,2479.9999999551796,-46561.56371477252,6080.742232259953,-40480.82148251257,275.30404241734146,26.41628244054326,1.0033893642969083
1245000,2489.999999954943,-46369.87511760299,5968.618030079049,-40401.25708752394,270.2276479684109,26.16266485250144,1.0131160948067581
1250000,2499.9999999547067,-46282.472223379766,6099.145426551662,-40183.3267968281,276.1372423111012,26.612031969928776,0.9960087555529576
1255000,2509.9999999544702,-46802.15375100623,6247.083014188356,-40555.07073681788,282.8350785860513,26.966687177609824,0.9829096422015012
1260000,2519.9999999542338,-46912.651621810335,5905.553000439591,-41007.098621370744,267.3723949529481,26.235708644097375,1.0102954414028256
1265000,2529.9999999539973,-46734.137214822054,6102.52379996493,-40631.61341485712,276.2901972994797,26.343997766259253,1.006142540713858
1270000,2539.999999953761,-46746.74558502389,6245.507034169055,-40501.23855085483,282.76372649554816,26.072785109388704,1.0166085722679334
1275000,2549.9999999535244,-46902.750156517955,6080.006281509028,-40822.74387500893,275.27072243615976,26.44642901151152,1.002245589889165
1280000,2559.999999953288,-46553.39331282,6030.582013808907,-40522.8112990111,273.0330514131762,26.518817217257233,0.9995097680244771
1285000,2569.9999999530514,-46859.7991084978,6250.039323072746,-40609.75978542505,282.96892471131355,26.341420696514124,1.0062409750212111
1290000,2579.999999952815,-46752.11015864799,6325.125497344474,-40426.98466130352,286.36843196175937,26.43370060846281,1.002728192987795
1295000,2589.9999999525785,-46865.43482743332,6071.870089065003,-40793.56473836831,274.9023584134518,26.59028424991637,0.9968233733788555
1300000,2599.999999952342,-46858.93791084684,6098.401011781176,-40760.536899065664,276.10353912360824,26.106941629802115,1.0152785117827374
1305000,2609.9999999521056,-46774.16457421752,6178.873479470991,-40595.29109474653,279.7469094248143,26.35058532828212,1.0058910082978518
1310000,2619.999999951869,-46964.8193910885,6088.567645805364,-40876.25174528314,275.65833600525406,26.380922491030095,1.0047342678830378
1315000,2629.9999999516326,-46341.048584761505,6071.25422189121,-40269.79436287029,274.87447518537516,26.442409375435968,1.0023979459953154
1320000,2639.999999951396,-47072.82763061556,6167.396135919473,-40905.43149469609,279.2272756440593,26.272145196035833,1.0088942736622706
1325000,2649.9999999511597,-46777.85456877347,5964.38340793705,-40813.47116083642,270.0359265388102,26.08892013957892,1.015979837543866
1330000,2659.999999950923,-46916.84134561039,6171.522111057696,-40745.31923455269,279.41407810847556,26.176778278539235,1.0125698649033066
1335000,2669.9999999506867,-46904.02638964122,6287.784133240656,-40616.24225640057,284.6778112949895,25.89690404271922,1.0235129574323096
1340000,2679.9999999504503,-47001.516382930975,6054.454155901669,-40947.06222702931,274.11385651365094,26.244752199902464,1.009947308445259
1345000,2689.999999950214,-46887.7193224401,6032.670968689499,-40855.0483537506,273.12762830874067,26.610470147266792,0.9960672133343252
1350000,2699.9999999499773,-46466.84062119422,6039.997182760126,-40426.843438434094,273.4593207686772,26.4362915087629,1.0026299201731206
1355000,2709.999999949741,-46595.7312521665,6089.476299651023,-40506.254952515475,275.6994750746823,26.09567904348606,1.0157166939758404
1360000,2719.9999999495044,-46980.72282122518,6182.134228479232,-40798.588592745946,279.894538998473,26.47246095837351,1.0012600221333114
1365000,2729.999999949268,-46598.98965861631,5993.066377902664,-40605.92328071364,271.3345406353222,26.638292710874836,0.9950268635002847
1370000,2739.9999999490315,-46440.600925746374,6449.3990848241865,-39991.201840922186,291.9948867089053,26.514071322070137,0.9996886756143338
1375000,2749.999999948795,-46756.572542900685,6029.49278620226,-40727.079756698426,272.9837369131088,26.105914142214854,1.0153184715429202
1380000,2759.9999999485585,-46224.3551943191,6082.350916498797,-40142.0042778203,275.3768751829827,26.71133767651126,0.9923058577636229
1385000,2769.999999948322,-47143.20622501522,6188.482512303675,-40954.72371271155,280.18195591774474,26.207780915549137,1.0113720398730257
1390000,2779.9999999480856,-46857.81494998565,6180.127490191961,-40677.68745979369,279.8036844380497,26.566434533221354,0.9977182603092158
1395000,2789.999999947849,-46802.54208630021,6197.089205223233,-40605.45288107698,280.57162172861047,26.5152975379849,0.9996424444090424
1400000,2799.9999999476127,-46898.89254693297,6169.799862389074,-40729.092684543895,279.336103742451,26.391073713830846,1.0043478007949826
1405000,2809.999999947376,-46802.79368370079,6223.606694626742,-40579.18698907405,281.7721942489871,26.63292684673624,0.9952273363583571
1410000,2819.9999999471397,-46492.889151654905,6201.14517067596,-40291.74398097894,280.75525452250145,26.349095233706457,1.0059478934668447
1415000,2829.9999999469032,-46589.26012120565,6134.359835439967,-40454.90028576568,277.7315656269054,26.989141298311058,0.9820918921478611
1420000,2839.999999946667,-46744.95475193998,6325.189559325254,-40419.76519261472,286.3713323514816,26.56188964598415,0.9978889754596831
1425000,2849.9999999464303,-46718.830062152876,6011.9586249581735,-40706.8714371947,272.1898822673249,26.959724315783728,0.9831634973205678
1430000,2859.999999946194,-46762.63357279298,6188.458374188391,-40574.17519860459,280.18086307077635,26.563126797114286,0.997842499776185
1435000,2869.9999999459574,-46658.577619019896,6061.291865172189,-40597.285753847704,274.42343204426,26.178645608722,1.0124976380089459
1440000,2879.999999945721,-46926.94190421258,6116.753111572476,-40810.1887926401,276.9344257269882,26.639411193178265,0.9949850863029515
1445000,2889.9999999454844,-46873.32475665491,6183.221175364166,-40690.10358129074,279.9437502394507,26.243701070382045,1.0099877595015765
1450000,2899.999999945248,-47002.425870762614,6190.227762983404,-40812.19810777921,280.260971693913,26.335653028077306,1.0064613479242595
1455000,2909.9999999450115,-47008.97054327163,6372.812122812017,-40636.158420459615,288.5274316790648,26.396066668983277,1.004157823114228
1460000,2919.999999944775,-46770.56606799184,6108.829222392398,-40661.73684559944,276.5756736800145,26.88765377369913,0.9857988007503894
1465000,2929.9999999445386,-46706.88810544362,6169.787663745046,-40537.100441698574,279.33555145197647,26.41041077014318,1.0036124419188874
1470000,2939.999999944302,-46554.28382936807,6251.752445983768,-40302.5313833843,283.0464859110072,26.28744281897997,1.0083071612415127
1475000,2949.9999999440656,-46665.41991946765,6142.45457555547,-40522.965343912176,278.0980529060887,26.411337772910223,1.0035772164593255
1480000,2959.999999943829,-46793.75282376143,5996.078724955983,-40797.67409880545,271.4709238742865,26.243701421805792,1.009987745977048
1485000,2969.9999999435927,-46824.54261317174,6238.886835994557,-40585.655777177184,282.46399872393266,26.89676503440289,0.9854648620829102
1490000,2979.999999943356,-46801.779576754314,6126.0664916825635,-40675.71308507175,277.3560866188566,26.46010468608897,1.0017275879879397
1495000,2989.9999999431197,-46858.488403657335,6121.125846549015,-40737.36255710832,277.1324001796914,26.681413877707527,0.9934187508425125
1500000,2999.9999999428833,-46814.5395439369,6112.692959889138,-40701.846584047766,276.7506034025817,26.479613495455258,1.0009895669230038
1505000,3009.999999942647,-46614.46759950655,6245.660652379356,-40368.80694712719,282.77068152055483,25.956575677654342,1.0211600010059407
1510000,3019.9999999424103,-46671.14881634689,5893.018740486295,-40778.130075860594,266.80490955362546,26.5192434086563,0.9994937048789395
1515000,3029.999999942174,-46706.477128434635,6115.228250820535,-40591.248877614096,276.86538804818224,26.67926028934599,0.9934989410365711
1520000,3039.9999999419374,-47066.76681416732,6196.211408326957,-40870.555405840365,280.5318796996384,26.161769443167824,1.0131507695870439
1525000,3049.999999941701,-46668.82135979558,6040.125997867489,-40628.69536192809,273.46515283957035,26.661050952349402,0.9941774948210946
1530000,3059.9999999414645,-46764.12391486752,6018.514884425174,-40745.60903044235,272.48671523038433,26.87384543142664,0.9863053247343613
1535000,3069.999999941228,-46345.78655247635,6365.010153247651,-39980.77639922869,288.17419951137117,26.37997480791588,1.0047703622958215
1540000,3079.9999999409915,-46825.03687183373,6004.705586639096,-40820.33128519463,271.8615028207408,26.32141903765324,1.0070056180172986
1545000,3089.999999940755,-46976.990668150596,6119.012834441934,-40857.97783370866,277.036734099378,26.28047338742256,1.0085745585461778
1550000,3099.9999999405186,-46881.967122816306,6200.473945286505,-40681.4931775298,280.7248649654323,26.721789692691527,0.9919177251946448
1555000,3109.999999940282,-46804.44724934694,6331.338175829291,-40473.10907351765,286.64970938411665,26.15393502070296,1.0134542593350784
1560000,3119.9999999400457,-46789.498148281826,6291.422663192734,-40498.075485089095,284.8425448038282,26.431099455464704,1.0028268740680073
1565000,3129.999999939809,-46813.40176264831,5985.528318218792,-40827.87344442952,270.9932569196693,26.555875736740926,0.9981149598630111
1570000,3139.9999999395727,-46629.45873154752,6170.66864489963,-40458.79008664789,279.3754376474254,26.78881488123303,0.989435962830629
1575000,3149.9999999393362,-46453.92728729034,6321.669631876435,-40132.2576554139,286.2119685405089,26.37553655271937,1.0049394366679332
1580000,3159.9999999391,-46805.8485254806,6057.677335431839,-40748.17119004876,274.25978513884166,26.596008573863713,0.9966088246471668
1585000,3169.9999999388633,-46820.53107955586,6116.652780507153,-40703.87829904871,276.9298832637808,26.31803599103877,1.0071350633508311
1590000,3179.999999938627,-46682.541540972365,6173.0837973296475,-40509.45774364272,279.48478305323954,26.272576060639352,1.0088777280129133
1595000,3189.9999999383904,-46951.37812147086,6146.253441955847,-40805.12467951501,278.27004560643354,26.513231565774575,0.99972033885602
1600000,3199.999999938154,-46958.05690169375,6101.881663060325,-40856.17523863343,276.2611247160893,26.59369925494234,0.9966953672373459
1605000,3209.9999999379174,-47017.859352936735,6134.9145146874425,-40882.94483824929,277.75667858733726,26.696600126947533,0.9928536487441834
1610000,3219.999999937681,-46577.62121009728,6146.309873031319,-40431.311337065956,278.2726005088783,26.611827819909173,0.9960163963361593
1615000,3229.9999999374445,-46787.96293148975,6003.911536299049,-40784.0513951907,271.8255523955874,26.36876548658709,1.0051974886191357
1620000,3239.999999937208,-46862.65423104155,5918.914810147948,-40943.7394208936,267.9773474548328,26.46988179336238,1.001357582630041
1625000,3249.9999999369716,-46709.12949480739,6296.933642643538,-40412.19585216385,285.0920529826877,26.675298520513596,0.9936464937672964
1630000,3259.999999936735,-46716.83236774843,6013.794490032715,-40703.03787771572,272.2730005869393,26.611791825309613,0.9960177435288465
1635000,3269.9999999364986,-46728.00562396424,6009.350858071435,-40718.65476589281,272.0718162914655,26.52075308256161,0.9994368094521741
1640000,3279.999999936262,-46593.79397554899,6124.112651910739,-40469.68132363825,277.2676270251304,26.64130869851434,0.9949142193071915
1645000,3289.9999999360257,-46801.14827694517,6147.618892982464,-40653.529383962705,278.33186605087803,26.172097972100943,1.0127509408439124
1650000,3299.999999935789,-47079.89970624825,6043.016767989704,-41036.882938258546,273.59603171421213,26.55418440671025,0.9981785333390341
1655000,3309.9999999355528,-46464.98176073568,5928.496394635894,-40536.48536609979,268.4111512310068,26.406623595628844,1.003756377604135
1660000,3319.9999999353163,-46756.678543724585,6057.3262359155915,-40699.35230780899,274.24388919844137,26.648147199442572,0.9946589024267599
1665000,3329.99999993508,-46844.100938068295,5880.753180463495,-40963.3477576048,266.2495894746267,26.478595696019987,1.0010280435336074
1670000,3339.9999999348433,-46681.732280074386,6153.159450189889,-40528.5728298845,278.5827133550699,26.144704081987484,1.0138120807175472
1675000,3349.999999934607,-47063.3056330728,6198.935602035121,-40864.37003103768,280.6552168699277,26.4658140727938,1.001511488450741
1680000,3359.9999999343704,-46494.34818062495,6082.7954726786575,-40411.55270794629,275.39700234981893,26.514401895199544,0.9996762118138968
1685000,3369.999999934134,-46848.76495755068,6309.365988404254,-40539.39896914642,285.6549242431231,26.27245336157187,1.008882439729582
1690000,3379.9999999338975,-46579.81100972468,6255.7689544410205,-40324.04205528366,283.22833229956467,26.773413680358384,0.990005128279536
1695000,3389.999999933661,-46878.22717660153,5988.090647583065,-40890.13652901847,271.109265723372,26.57438117344442,0.9974199087499862
1700000,3399.9999999334245,-46565.62690711819,5978.218293523165,-40587.40861359502,270.6622974295268,26.684642215671442,0.9932985659271034
1705000,3409.999999933188,-46883.751683031616,6280.667604637102,-40603.08407839452,284.35561229070635,26.25037213049403,1.0097310892714362
1710000,3419.9999999329516,-46826.10048631352,6235.709766510764,-40590.39071980275,282.320157719246,26.017396756843123,1.0187728269982546
1715000,3429.999999932715,-46716.5205374175,6324.451670977398,-40392.0688664401,286.3379246460966,26.70804976978292,0.9924280160318019
1720000,3439.9999999324787,-46775.64961998217,6069.914024600807,-40705.73559538136,274.81379809735006,26.447382731481866,1.0022094478767785
1725000,3449.999999932242,-47055.47860677581,6211.121495978434,-40844.35711079738,281.20693008764385,26.43209941498789,1.0027889358676745
1730000,3459.9999999320057,-46828.64725867368,6350.228427927758,-40478.41883074592,287.5049606949518,26.43684347035126,1.0026089867661538
1735000,3469.9999999317693,-46513.93407538772,6179.995884066297,-40333.938191321424,279.79772600452,26.55693758392885,0.9980750514375761
1740000,3479.999999931533,-47029.74133229809,6063.4905846339825,-40966.250747664104,274.52297850303967,26.4695442506726,1.0013703520577526
1745000,3489.9999999312963,-46661.74777371838,6136.542394233741,-40525.205379484636,277.83038041559223,26.41131978778105,1.0035778998581872
1750000,3499.99999993106,-47051.984250186826,6241.2102983315035,-40810.77395185532,282.56919288433835,26.386761560470262,1.0045119324082716
1755000,3509.9999999308234,-47001.25226264662,6166.5432949505175,-40834.708967696104,279.1886634882855,26.365433845082705,1.0053245093878005
1760000,3519.999999930587,-46445.59783760324,6128.376148132322,-40317.22168947092,277.4606557212665,26.733105760575203,0.9914978484914344
1765000,3529.9999999303504,-46568.24027943332,6181.781656882334,-40386.458622550985,279.87857640999937,26.14855145550654,1.0136629132288897
1770000,3539.999999930114,-46724.18113173242,6082.590255323374,-40641.59087640904,275.38771118677903,26.69902197037957,0.9927635879138332
1775000,3549.9999999298775,-46783.423957535066,5971.595205368962,-40811.828752166104,270.3624388148226,26.310122128525272,1.0074380010713382
1780000,3559.999999929641,-46764.406655397615,6184.7269723652225,-40579.679683032395,280.01192481183296,26.616847120787526,0.9958285714615489
1785000,3569.9999999294046,-46872.895962001,6114.262250403156,-40758.633711597846,276.8216526274517,26.68819624375649,0.9931662898089311
1790000,3579.999999929168,-46897.960505314055,6018.536951189781,-40879.423554124274,272.48771429748285,26.4832373438972,1.0008525959615089
1795000,3589.9999999289316,-46598.55345387367,6045.260948856667,-40553.292505017,273.69763642643176,26.20377693602272,1.0115265791576153
1800000,3599.999999928695,-46856.190598838555,6102.870073131735,-40753.32052570682,276.30587472814886,26.585105455435993,0.9970175551695811
1805000,3609.9999999284587,-46801.80896325823,6189.99170929333,-40611.817253964895,280.2502844237373,27.157360286531688,0.9760085871913506
1810000,3619.999999928222,-47098.40943495667,6143.115222231451,-40955.294212725224,278.12796351462305,26.14555180485892,1.013779209669555
1815000,3629.9999999279858,-46530.92174573487,6105.765471084076,-40425.1562746508,276.43696312661075,26.23529504282791,1.010311368781436
1820000,3639.9999999277493,-46661.26342361339,6212.895837953613,-40448.36758565978,281.28726296474,26.395671172474316,1.0041728687977
1825000,3649.999999927513,-46535.35128596646,6110.413752394205,-40424.93753357226,276.64741286877916,26.624971061748674,0.9955247193933828
1830000,3659.9999999272763,-46725.431066172256,5914.560151280322,-40810.87091489193,267.78019139331695,26.24233433360443,1.0100403610498343
1835000,3669.99999992704,-46598.366437813034,6025.333110814463,-40573.03332699857,272.7954086785508,26.696982475004802,0.9928394293220406
1840000,3679.9999999268034,-46264.12769552838,6231.033517054334,-40033.09417847405,282.1084417264389,26.51065821108242,0.9998173803932145
1845000,3689.999999926567,-46775.23620113416,6138.170211241799,-40637.06598989236,277.90407941244433,26.8022273592532,0.9889408253211246
1850000,3699.9999999263305,-46680.52682905091,6170.340028699594,-40510.186800351315,279.36055963339055,26.72536632807758,0.9917849776022477
1855000,3709.999999926094,-46935.22530266357,6267.869844849496,-40667.355457814076,283.77619700407865,26.612433059900233,0.9959937441813016
1860000,3719.9999999258575,-46868.953634699865,6308.265679520377,-40560.687955179485,285.60510804107594,26.770997891900347,0.9900944653663324
1865000,3729.999999925621,-46413.97862487624,6121.801667291693,-40292.17695758455,277.16299779019715,26.35283669255466,1.0058050734474762
1870000,3739.9999999253846,-46775.50523829745,6313.47347706712,-40462.03176123033,285.8408897371168,26.636206372123915,0.995104801141799
1875000,3749.999999925148,-46919.928933006944,6124.921297040349,-40795.0076359666,277.3042382256318,26.71384725641718,0.9922126375390231
1880000,3759.9999999249117,-46796.98258567427,6119.4982082332945,-40677.484377440975,277.0587092730889,26.656679016963334,0.9943405488822129
1885000,3769.999999924675,-46820.25536328211,6177.7768665872245,-40642.47849669488,279.6972605582226,26.65933469169328,0.9942414974580432
1890000,3779.9999999244387,-46786.320194587635,6221.929488068281,-40564.390706519356,281.6962591529287,26.816640998634746,0.9884092808809914
1895000,3789.9999999242023,-47001.43610822072,6176.484847438531,-40824.95126078219,279.6387647231864,26.742630988079345,0.9911446954085924
1900000,3799.999999923966,-46844.761206047784,6026.837366029997,-40817.923840017786,272.8635134469895,26.46867594274429,1.0014032021261787
1905000,3809.9999999237293,-46892.792747625324,6189.362435293784,-40703.43031233154,280.2217942050689,26.301840474453797,1.007755212828114
1910000,3819.999999923493,-46549.41097519203,6145.988624960735,-40403.422350231296,278.25805608501156,27.054439417664895,0.979721532422424
1915000,3829.9999999232564,-46601.73360329325,6317.672242236703,-40284.06136105655,286.0309877515031,26.485414530073754,1.0007703226622096
1920000,3839.99999992302,-46939.87766941957,6067.795089568777,-40872.082579850794,274.71786385813124,26.401697487906105,1.003943661472747
1925000,3849.9999999227834,-46714.035882144526,6113.114270017411,-40600.92161212712,276.76967811040436,25.885399825182784,1.0239678360817872
1930000,3859.999999922547,-46768.877545171126,5875.854676546209,-40893.02286862492,266.0278109682017,26.514584681939418,0.9996693202273274
1935000,3869.9999999223105,-46606.07251195324,6252.878316989425,-40353.19419496382,283.09745943155104,26.845993977347547,0.987328570045486
1940000,3879.999999922074,-46867.136402140895,6057.70985871192,-40809.42654342898,274.26125762199206,26.274912894210388,1.0087880006233922
1945000,3889.9999999218376,-46675.14800544473,6194.675731628565,-40480.472273816165,280.46235233163543,26.54891464641849,0.9983766642859724
1950000,3899.999999921601,-46908.38117072161,6208.847297022224,-40699.53387369939,281.1039663141452,26.35464909467587,1.005735904503428
1955000,3909.9999999213646,-47095.0960881692,5944.085205570749,-41151.01088259845,269.1169306413026,26.490339263910563,1.0005842726678402
1960000,3919.999999921128,-46845.1142954462,6034.113630493266,-40811.00066495293,273.19294445128503,26.26689722443856,1.0090958448051273
1965000,3929.9999999208917,-46685.65285427676,6116.351886209913,-40569.30096806685,276.9162603517733,26.349510793185942,1.0059320286112776
1970000,3939.9999999206552,-46623.75969774643,6169.826915987142,-40453.932781759286,279.33732858715337,26.72437888552311,0.9918216231944974
1975000,3949.9999999204188,-46698.55461538379,6064.918899984312,-40633.63571539948,274.58764511359027,26.24434504513829,1.0099629767676155
1980000,3959.9999999201823,-47064.16367881867,6059.338672230495,-41004.82500658818,274.3350017356019,26.86349004726635,0.9866855274004704
1985000,3969.999999919946,-46772.836702171655,6258.793901105147,-40514.042801066505,283.3652859826714,26.26323371530378,1.0092366055311441
1990000,3979.9999999197094,-46436.11431307421,6198.3609283068145,-40237.7533847674,280.6291986645128,26.525245677762232,0.9992675342994378
1995000,3989.999999919473,-46828.46801432612,6386.791166145956,-40441.67684818016,289.1603292747799,26.588521748462732,0.996889450863765
2000000,3999.9999999192364,-46778.57383045304,6237.531501526457,-40541.04232892658,282.40263630407605,26.393495052739645,1.0042556619401939
2005000,4009.999999919,-46830.87987003976,6135.043991415277,-40695.835878624486,277.76254061292724,26.38355717008613,1.0046339344702455
2010000,4019.9999999187635,-46414.568736767804,6058.7532793594255,-40355.815457408375,274.30849822375217,26.34833662603572,1.0059768561979336
2015000,4029.999999918527,-47089.860171824286,6236.602530574377,-40853.25764124991,282.36057738287417,26.263270551190853,1.0092351900133945
2020000,4039.9999999182905,-46732.06258224824,5936.2222671214595,-40795.84031512678,268.7609381230071,26.41982217490171,1.003254929939849
2025000,4049.999999918054,-46927.63219833223,6147.436119759598,-40780.196078572626,278.32359104016734,26.448157796190173,1.002180078074187
2030000,4059.9999999178176,-46903.34678792185,6026.06295183588,-40877.283836085975,272.82845204329857,26.203155918331436,1.0115505524493371
2035000,4069.999999917581,-46775.6158106497,6189.332870416658,-40586.282940233046,280.22045566285226,26.622780456463413,0.9956066342675814
2040000,4079.9999999173447,-46700.76612928667,5874.898732719165,-40825.867396567504,265.98453085701516,26.763146211909806,0.9903849358827995
2045000,4089.999999917108,-46467.83748009411,6231.58246326148,-40236.25501683263,282.1332951249426,26.6572362085574,0.9943197650998602
2050000,4099.999999917781,-47001.983735917485,6197.335890783569,-40804.64784513391,280.58279035398095,26.10251626111598,1.0154506400821244
2055000,4109.999999919818,-47082.008901407244,6007.325639980999,-41074.683261426246,271.98012506270135,26.659961544320733,0.9942181199713964
2060000,4119.999999921855,-46869.503821979626,6145.204267773222,-40724.2995542064,278.222544514849,26.849447870376864,0.9872015608316583
2065000,4129.999999923893,-46530.172743894334,6114.912702967198,-40415.26004092714,276.8511017001869,27.01992998388214,0.9809728175060213
2070000,4139.99999992593,-46744.4481234476,6201.18958370338,-40543.258539744216,280.7572653109081,26.62774051607429,0.9954211784925423
2075000,4149.999999927967,-47018.25909612316,6054.964877691784,-40963.29421843138,274.1369793114935,26.446374553951742,1.0022476536824085
2080000,4159.999999930004,-46839.365653926216,6007.092592845791,-40832.27306108043,271.9695739135248,26.470763641690272,1.0013242233540558
2085000,4169.999999932042,-46851.39004946721,6383.422679108642,-40467.96737035857,289.00782188953286,26.344909135574355,1.00610773446596
2090000,4179.999999934079,-47050.42524910986,6183.257551630726,-40867.16769747913,279.94539716557415,26.683135558950067,0.9933546522876207
2095000,4189.999999936116,-46784.95430659328,6044.903278792539,-40740.05102780074,273.68144300616416,26.398193779818584,1.0040769101925444
2100000,4199.999999938153,-46824.353834985406,6166.352935068289,-40658.00089991712,279.1800449935212,26.533785126339524,0.9989459369968487
2105000,4209.999999940191,-46732.81411907839,6193.922196247833,-40538.89192283056,280.4282362108567,26.981990988020613,0.9823521495086208
2110000,4219.999999942228,-46596.55195542623,6317.530818028043,-40279.02113739819,286.02458480678797,26.723430529849395,0.9918568207587705
2115000,4229.999999944265,-46740.58571071969,6202.138372331569,-40538.44733838813,280.80022147230477,26.236752454707684,1.010255247514382
2120000,4239.9999999463025,-46717.980917308014,6215.119434729854,-40502.86148257816,281.3879357375403,26.3890493707581,1.004424845802728
2125000,4249.99999994834,-46954.55029938731,6206.166579140318,-40748.38372024699,280.98259750072083,26.72503872497128,0.9917971351838619
2130000,4259.999999950377,-46821.33830516867,6124.697487233593,-40696.64081793508,277.2941052941279,26.59434047860729,0.9966713356334512
2135000,4269.999999952414,-46631.67655137926,6300.5202680386865,-40331.15628334058,285.2544365260457,26.710769666428966,0.9923269593544407
2140000,4279.999999954452,-46623.3153280298,5845.910237927369,-40777.40509010243,264.6720842024873,26.608547468448297,0.9961391870989642
2145000,4289.999999956489,-46790.80093530903,6115.071785125245,-40675.72915018379,276.8583041040241,26.499314734074122,1.0002453690254034
2150000,4299.999999958526,-46688.403234723955,6171.549200808493,-40516.854033915464,279.4153045899835,26.059361971927192,1.0171322257873407
2155000,4309.999999960563,-46810.24212705018,5932.237869373598,-40878.004257676585,268.58054553856806,26.28387292136285,1.0084441103640036
2160000,4319.999999962601,-46478.86860279238,6229.889923281669,-40248.978679510714,282.0566658121718,26.50831361866501,0.9999058116786816
2165000,4329.999999964638,-46519.731002477696,6018.365766541629,-40501.36523593607,272.4799639565153,26.669404094001724,0.9938661078319994
2170000,4339.999999966675,-47071.244679745054,6164.632029019434,-40906.61265072562,279.10213141426163,26.54498064532698,0.9985246250224865
2175000,4349.9999999687125,-46915.470875193074,5846.37854067586,-41069.09233451721,264.6932864891179,26.612236701229175,0.996001093131718
2180000,4359.99999997075,-46741.23188185564,6102.7407203946905,-40638.491161460945,276.30001831621,26.237131461264703,1.0102406539463453
2185000,4369.999999972787,-46822.48057936726,6233.272531466413,-40589.208047900844,282.2098125287409,26.57788766526356,0.997288316473191
2190000,4379.999999974824,-46949.147445849725,6119.535403138555,-40829.61204271117,277.0603932628692,26.445382507758847,1.002285251019822
2195000,4389.999999976862,-46871.50491692865,6041.38242280546,-40830.12249412319,273.5220371558603,26.311233858401714,1.0073954337432351
2200000,4399.999999978899,-46609.689512579585,6097.84733249393,-40511.84218008566,276.0784714361189,26.443739970877562,1.0023475073607246
2205000,4409.999999980936,-46850.214940621576,6144.14735066806,-40706.06758995351,278.17469286443577,26.31552135912255,1.0072313021423673
2210000,4419.999999982973,-46852.24685981602,5987.369679728149,-40864.87718008787,271.076624088958,26.70180130924531,0.992660253071647
2215000,4429.999999985011,-46665.405941283796,6012.235978824123,-40653.16996245967,272.20243939235326,26.070365251550577,1.016702934130461
2220000,4439.999999987048,-46896.34807698149,6276.676570165244,-40619.671506816245,284.1749192302933,26.777968893040548,0.9898367180489559
2225000,4449.999999989085,-46550.93097186036,5933.708349010965,-40617.2226228494,268.64712112638233,26.73176569964891,0.9915475521862893
2230000,4459.999999991122,-46712.47983456461,6106.837257592388,-40605.64257697223,276.48548798543163,26.637615772948596,0.995052149975894
2235000,4469.99999999316,-46630.71717049775,6076.829001473406,-40553.88816902434,275.12687189879307,26.44273761984659,1.0023855028236694
2240000,4479.999999995197,-46755.10461419565,6203.584076397348,-40551.5205377983,280.8656753524802,26.77197390826982,0.9900583698431247
2245000,4489.999999997234,-46408.32188021729,6139.728255201255,-40268.59362501604,277.9746194524458,26.48029141601446,1.0009639406413176
2250000,4499.9999999992715,-46646.79851837788,6284.770885067403,-40362.02763331048,284.54138725805166,26.516478354528903,0.9995979289073732
2255000,4510.000000001309,-47039.089097200485,6160.875343936203,-40878.21375326428,278.93204846221414,26.25784277048282,1.0094438098662173
2260000,4520.000000003346,-46880.71463404433,6073.629843733064,-40807.084790311266,274.9820308539657,26.567189881129114,0.997689893575518
2265000,4530.000000005383,-46601.75303748058,6271.115995972192,-40330.63704150839,283.9231656622195,26.289512449263135,1.008227782704552
2270000,4540.000000007421,-46528.31024905952,6234.019406081419,-40294.2908429781,282.24362708506254,27.177077279892732,0.9753004921068135
2275000,4550.000000009458,-47007.02217489865,5915.956290135643,-41091.06588476301,267.8434012213222,26.606454015611206,0.996217565465587
2280000,4560.000000011495,-46939.39241995686,6210.1664003592305,-40729.22601959763,281.1636883788494,26.655598939991435,0.9943808392666641
2285000,4570.000000013532,-47039.246187066776,6322.829978467993,-40716.416208598785,286.26450293434755,26.310748120779948,1.007414031840861
2290000,4580.00000001557,-46828.15738941991,6254.554044127281,-40573.60334529263,283.1733275472217,26.340929527243915,1.0062597380130351
2295000,4590.000000017607,-46636.19076620467,6071.8198721026565,-40564.370894102016,274.90008485338234,26.25602688288951,1.0095136237987918
2300000,4600.000000019644,-46977.85443822894,6303.699412476138,-40674.1550257528,285.39837147372623,26.578931974311544,0.9972491321593387
2305000,4610.000000021681,-46707.83107964479,6216.853053978088,-40490.9780256667,281.4664249036357,26.09679641121883,1.0156732047658394
2310000,4620.000000023719,-47096.882587111846,6121.840292801825,-40975.04229431002,277.16474655024547,26.68299939955989,0.9933597212291461
2315000,4630.000000025756,-46961.66593256837,6121.575269883821,-40840.09066268455,277.1527477057175,26.626815131710202,0.9954557732118019
2320000,4640.000000027793,-46851.40688056266,6148.831539814719,-40702.57534074794,278.38676832467826,26.66368188979975,0.9940793981360894
2325000,4650.0000000298305,-46692.884313302755,5992.270072611178,-40700.614240691575,271.2984881178217,26.41326483699052,1.0035039972788276
2330000,4660.000000031868,-46865.159938375,6030.734373956063,-40834.42556441894,273.03994947969727,26.387381578934203,1.0044883296137512
2335000,4670.000000033905,-46774.79047081631,6182.148924499651,-40592.64154631666,279.895204357022,26.410664460416676,1.0036028016194074
2340000,4680.000000035942,-46886.8664225057,5878.084487573751,-41008.78193493195,266.12876508963325,26.414379141208574,1.003461663944736
2345000,4690.00000003798,-46875.73603815719,6237.147463178643,-40638.58857497855,282.3852490665386,26.33414340230163,1.0065190441238219
2350000,4700.000000040017,-46935.74302951206,6201.854461417019,-40733.88856809504,280.78736747858545,26.441444624684614,1.0024345197977411
2355000,4710.000000042054,-46795.64158485975,6200.129038091762,-40595.51254676799,280.7092493807973,26.123337343200006,1.014641295515936
2360000,4720.000000044091,-47031.74308556982,6014.0254661982935,-41017.71761937153,272.2834579734979,26.524472102836988,0.9992966775112291
2365000,4730.000000046129,-46802.12377816008,6152.8587162345375,-40649.265061925544,278.56909770250024,26.29575330709647,1.0079884966806076
2370000,4740.000000048166,-46710.15533158922,6136.05711866637,-40574.09821292285,277.8084096889472,26.14598379343816,1.0137624598297363
2375000,4750.000000050203,-46641.08190577681,6130.343097102374,-40510.73880867443,277.5497088305746,26.57950366971205,0.9972276824457135
2380000,4760.0000000522405,-46654.01280434162,6061.119528670844,-40592.89327567077,274.415629553435,26.335597492181524,1.0064634703265531
2385000,4770.000000054278,-46743.52226277662,5993.215260312309,-40750.30700246431,271.3412812481708,26.413321647749054,1.003501838904957
2390000,4780.000000056315,-46384.87723600358,6202.543844396835,-40182.33339160674,280.81857911589356,26.170899436935592,1.0127973212757073
2395000,4790.000000058352,-46678.98637955409,6073.019284312965,-40605.967095241125,274.954387933074,26.183479164455388,1.0123107276395293
2400000,4800.0000000603895,-46370.544321242254,6016.426400000258,-40354.117921241996,272.39215963457974,26.599976009181944,0.9964601786089899
2405000,4810.000000062427,-46740.83278117032,6111.045302959259,-40629.78747821106,276.676006158366,26.518467554939278,0.9995229471760092
2410000,4820.000000064464,-46705.97208201664,6064.602920723846,-40641.369161292794,274.57333923374813,26.13314726275743,1.014260417185876
2415000,4830.000000066501,-46565.828439220844,6113.014728995603,-40452.813710225244,276.7651714162142,26.237074461032847,1.010242848701389
2420000,4840.000000068539,-47056.16681738454,5999.158499004147,-41057.008318380394,271.61035985312037,26.39904774630645,1.0040444299288325
2425000,4850.000000070576,-47128.709426688554,6009.065333339848,-41119.6440933487,272.0588892325944,26.537139252747565,0.9988196765542453
2430000,4860.000000072613,-46635.66281814175,6178.208110822652,-40457.45470731909,279.71678503019456,26.08714115895989,1.0160491210437061
2435000,4870.00000007465,-46761.07702134148,6303.697255875,-40457.37976546648,285.3982738341637,26.49483829303037,1.0004143656946494
2440000,4880.000000076688,-46605.03535181354,6241.632118506816,-40363.40323330672,282.5882906844096,26.69449142845531,0.9929320779960652
2445000,4890.000000078725,-47065.979289259005,6019.40183682825,-41046.577452430756,272.5268717725747,26.36782870494292,1.0052332007199174
2450000,4900.000000080762,-46620.983184496115,6218.327501111745,-40402.65568338437,281.5331801188252,26.548746510775757,0.998382987096809
2455000,4910.0000000827995,-46626.7853861553,6241.476882779943,-40385.30850337536,282.58126242675564,26.760501087917042,0.9904828298253446
2460000,4920.000000084837,-46726.200146965566,5991.368582123673,-40734.831564841894,271.25767336759367,26.461296826613125,1.0016824579227117
2465000,4930.000000086874,-46743.07435637468,6110.280039294126,-40632.79431708055,276.6413590425241,26.52541104184459,0.9992613046897032
2470000,4940.000000088911,-46500.476552600856,6071.972680973993,-40428.50387162686,274.9070032357754,26.922994631948377,0.9845047776985014
2475000,4950.000000090949,-46995.45328313316,6268.9893129856555,-40726.4639701475,283.8268806363509,26.35489054804054,1.0057266903381228
2480000,4960.000000092986,-46882.98308038991,6203.481418123044,-40679.50166226686,280.8610275254841,26.57053813456787,0.9975641709198437
2485000,4970.000000095023,-46659.9831847999,5972.214276253822,-40687.76890854608,270.39046709009483,26.725739654457172,0.9917711235611693
2490000,4980.00000009706,-46777.56799586094,6220.841348037358,-40556.72664782358,281.6469938925728,26.390260153342457,1.0043787628879133
2495000,4990.000000099098,-46785.96956362383,6138.963393621283,-40647.00617000255,277.93999054090625,26.81219446347133,0.9885731987068629
2500000,5000.000000101135,-46461.83710800554,6181.666936192325,-40280.17017181321,279.8733824602311,26.589620491283412,0.996848257153328
2505000,5010.000000103172,-46922.21153569815,6373.534613947588,-40548.676921750564,288.56014227961913,26.1984358881344,1.0117327980297137
2510000,5020.000000105209,-46797.42881697614,6063.208356788013,-40734.22046018813,274.510200709818,26.54013740794224,0.998706843061495
2515000,5030.000000107247,-46724.39326243661,5960.3803789556005,-40764.01288348102,269.85469043005685,26.80181777882026,0.9889559381323052
2520000,5040.000000109284,-46465.49540189339,6204.196317272275,-40261.29908462112,280.89339440080727,26.22677913978793,1.0106394194967325
2525000,5050.000000111321,-46556.24391408975,6029.781431071291,-40526.462483018455,272.99680523540115,26.409382543888437,1.0036515166931899
2530000,5060.0000001133585,-46600.341704741004,6009.9728749887,-40590.368829752304,272.09997794759795,26.09124648409487,1.0158892508743167
2535000,5070.000000115396,-46595.985860891,6145.11053850203,-40450.87532238897,278.2183009461749,26.33966738131607,1.0063079560338744
2540000,5080.000000117433,-46774.63521248137,6011.717558991602,-40762.91765348977,272.1789680676184,26.396101423158008,1.0041565009994249
2545000,5090.00000011947,-46775.558796352474,5931.187352177038,-40844.371444175435,268.53298364237264,26.53651431199875,0.9988431989773208
2550000,5100.000000121508,-46512.86823017796,6119.217401341848,-40393.650828836115,277.0459958132182,26.476069661705452,1.0011235498236302
2555000,5110.000000123545,-46375.69552676461,6020.503098019338,-40355.19242874527,272.5767310900862,26.15156685923763,1.0135460329307773
2560000,5120.000000125582,-46550.55429333652,6208.2490987966885,-40342.30519453983,281.0768830431618,26.229985881849487,1.010515863961851
2565000,5130.000000127619,-46625.84775530652,6101.045860407605,-40524.80189489891,276.22328396570583,26.741200423129605,0.9911977183409565
2570000,5140.000000129657,-46947.919993036194,6108.897382449164,-40839.02261058703,276.57875960907427,26.360816242011023,1.0055006112770581
2575000,5150.000000131694,-46587.77910257963,6382.021784245131,-40205.7573183345,288.9443967344786,26.335701530241128,1.0064594943357714
2580000,5160.000000133731,-46562.00803889206,6078.089693363679,-40483.918345528386,275.1839494002523,26.249191494572575,1.0097765049481533
2585000,5170.0000001357685,-46502.499077784945,6187.524022504879,-40314.97505528007,280.13856053834115,26.209157310329516,1.011318926864461
2590000,5180.000000137806,-46574.29658459744,6138.685858160499,-40435.61072643694,277.9274251942183,26.448216766663553,1.0021778435555373
2595000,5190.000000139843,-46577.944648041506,6109.743525776062,-40468.20112226545,276.6170685308245,26.448345068597867,1.0021729819524572
2600000,5200.00000014188,-46520.014963212016,6145.55367685049,-40374.461286361526,278.23836392105875,26.715297406505112,0.9921587786123685
2605000,5210.0000001439175,-46764.2901395596,6221.1729777538785,-40543.11716180572,281.6620083427923,26.70497350942459,0.9925423380685992
2610000,5220.000000145955,-46746.86199938948,6312.491682578393,-40434.37031681109,285.79643924386363,26.54508205358518,0.9985208104310384
2615000,5230.000000147992,-46546.70389982412,6132.981017610759,-40413.72288221336,277.6691400039076,26.590821578525166,0.9968032302736547
2620000,5240.000000150029,-46495.383526756894,6187.1565085712755,-40308.227018185615,280.1219214394119,26.49121406716451,1.0005512309818172
2625000,5250.000000152067,-46621.31830109091,6174.887533173467,-40446.430767917445,279.5664467301871,26.05888166775291,1.017150973055933
2630000,5260.000000154104,-46986.650894612016,6188.016088051985,-40798.63480656003,280.1608386795743,26.846175968439425,0.9873218769132978
2635000,5270.000000156141,-46578.66766032699,6174.700125088501,-40403.96753523849,279.5579618772856,26.711038147483478,0.9923169851637338
2640000,5280.000000158178,-46792.043085367884,6110.0019674309,-40682.041117936984,276.6287694103534,26.12920126816772,1.0144135893428698
2645000,5290.000000160216,-46703.256576740416,6235.444534621726,-40467.81204211869,282.3081494136081,26.707996416836068,0.9924299985451422
2650000,5300.000000162253,-46613.72981149977,6117.431763966244,-40496.29804753352,276.96515153976964,26.804030656578046,0.9888742922549755
2655000,5310.00000016429,-47061.70832033816,6102.789620111107,-40958.918700227056,276.3022322383084,26.828003706867747,0.9879906509152231
2660000,5320.0000001663275,-46777.78505902027,6135.942293943728,-40641.842765076544,277.8032110291282,26.672688660889264,0.9937437197311996
2665000,5330.000000168365,-47098.38902089372,6081.794669562043,-41016.59435133168,275.3516912458215,26.920757670937423,0.9845865844154494
2670000,5340.000000170402,-46486.1548534336,6309.435943540731,-40176.71890989287,285.6580914439556,26.750158893975748,0.990865772056162
2675000,5350.000000172439,-46863.1011449059,6242.365962360267,-40620.735182545635,282.62151527634944,26.81763341395401,0.9883727037342723
2680000,5360.000000174477,-46621.13314142858,6164.727738507802,-40456.40540292078,279.10646463675965,26.489674904495917,1.0006093672597556
2685000,5370.000000176514,-46669.626417448395,6113.939660146158,-40555.68675730224,276.80704743643986,26.54102430247276,0.9986734702863297
2690000,5380.000000178551,-46729.8784367023,6133.303737766993,-40596.57469893531,277.68375107607403,26.575440611283206,0.9973801463088683
2695000,5390.000000180588,-46903.17166638153,6181.215203908248,-40721.95646247328,279.85293039711996,26.482356817731066,1.0008858738493212
2700000,5400.000000182626,-46947.033184168744,6178.113780224545,-40768.9194039442,279.7125142365988,26.53809091423951,0.9987838586716912
2705000,5410.000000184663,-46490.93770312925,6078.940228176638,-40411.997474952615,275.2224571454059,26.4839270586608,1.0008265309897206
2710000,5420.0000001867,-46810.7482233835,6098.958287466976,-40711.78993591653,276.12876963711824,26.660620239047756,0.9941935561680316
2715000,5430.000000188737,-46767.487057183695,6242.948291623727,-40524.53876555997,282.64788008415167,26.37762186112579,1.0048599902088757
2720000,5440.000000190775,-46398.93840372114,6090.465379970578,-40308.473023750565,275.7442554320545,26.789469171614364,0.989411797423346
2725000,5450.000000192812,-46658.81633286923,5990.075237315532,-40668.7410955537,271.1991175136665,26.31813697955298,1.0071311987507747
2730000,5460.000000194849,-46472.822152719484,6007.52686689257,-40465.29528582691,271.9892355594274,26.120577957077934,1.0147484825435098
2735000,5470.0000001968865,-46492.74156702374,6156.793932577255,-40335.947634446486,278.7472636114561,26.570584174136652,0.9975624424134639
2740000,5480.000000198924,-46742.630243820895,6162.7897323422985,-40579.8405114786,279.01872190549204,25.99805392644744,1.0195308048861422
2745000,5490.000000200961,-46737.25083824963,6085.861493810815,-40651.389344438816,275.53581566891376,26.762657726377757,0.9904030128883529
2750000,5500.000000202998,-46517.53921115486,6119.680513195147,-40397.85869795971,277.06696308340247,26.196754442504645,1.011797736367608
2755000,5510.000000205036,-46761.52309925121,6134.536022460413,-40626.98707679079,277.7395424489935,26.26463453853696,1.0091827779371325
2760000,5520.000000207073,-47125.65006879973,6117.271534019243,-41008.37853478049,276.95789717008233,26.51133148996926,0.9997919891399245
2765000,5530.00000020911,-46855.19514103257,6174.6709213303275,-40680.524219702245,279.5566396846367,26.513818795189017,0.9996981969988351
2770000,5540.000000211147,-46935.981417778064,6233.5374999856585,-40702.44391779241,282.2218089103791,26.185134817703386,1.0122467205012857
2775000,5550.000000213185,-46937.500793163665,5976.65248431076,-40960.8483088529,270.59140581969297,27.115264767462627,0.9775238070664294
2780000,5560.000000215222,-46795.15495376859,6019.460655224089,-40775.694298544506,272.5295347603358,26.363578592346784,1.0053952558928703
2785000,5570.000000217259,-46899.70104592526,5968.732188825672,-40930.96885709959,270.2328164763367,26.32583444518205,1.0068367215594631
2790000,5580.000000219296,-47013.36162867851,6211.178214571883,-40802.18341410663,281.2094980073912,26.169359692294947,1.0128569119292743
2795000,5590.000000221334,-46716.41741495347,6196.018580378247,-40520.39883457522,280.5231494637982,25.95990619145001,1.0210289917701656
2800000,5600.000000223371,-46709.8929380973,6016.383680898029,-40693.50925719927,272.3902255382009,26.377019131859246,1.0048829518074494
2805000,5610.000000225408,-46692.84532608959,5985.176095150999,-40707.66923093859,270.9773101107614,26.05675816907447,1.0172338658982827
2810000,5620.0000002274455,-46752.71328014077,6231.026830815605,-40521.68644932516,282.10813900869806,26.57765307731831,0.9972971190494117
2815000,5630.000000229483,-46702.72347208625,6131.477602764875,-40571.24586932137,277.6010732829888,26.51070914776577,0.9998154593815572
2820000,5640.00000023152,-46872.955899305874,6339.2601212713025,-40533.69577803457,287.00837342884876,26.46381956216316,1.0015869698190194
2825000,5650.000000233557,-46816.105613597494,5910.273461169903,-40905.83215242759,267.5861125998223,26.15031501994561,1.013594552298415
2830000,5660.000000235595,-46768.50955430191,6299.48833692769,-40469.02121737422,285.2077161100994,26.300317377568273,1.0078135736761598
2835000,5670.000000237632,-47264.4664498223,5909.388764541805,-41355.07768528049,267.5460581872646,26.836463083635646,0.9876792169854535
2840000,5680.000000239669,-46575.34561669966,6129.369008380749,-40445.97660831892,277.50560721394737,26.77225213016906,0.9900480809843958
2845000,5690.000000241706,-46693.38777004136,6164.2894738331925,-40529.09829620816,279.0866223162073,26.397167156753753,1.0041159601598666
2850000,5700.000000243744,-46568.19158436661,6269.539078302742,-40298.65250606387,283.8517711198467,26.789178048131234,0.989422549563938
2855000,5710.000000245781,-46890.04739436391,6186.292983366071,-40703.75441099783,280.08282555758666,26.567135328279573,0.9976919422279594
2860000,5720.000000247818,-46655.7190702752,6213.830273883452,-40441.888796391744,281.3295693114061,26.95656115415474,0.9832788645972752
2865000,5730.0000002498555,-46448.534686856205,6181.1823772503885,-40267.35230960582,279.8514441786186,26.403788972023516,1.003864137574682
2870000,5740.000000251893,-46757.74395038886,5953.774063498311,-40803.96988689055,269.5555911948965,26.28543407340124,1.0083842165622083
2875000,5750.00000025393,-46485.34414488304,6234.181552072346,-40251.162592810695,282.2509682031463,26.619596890951506,0.9957257036493331
2880000,5760.000000255967,-46591.861129512894,5874.7794415031385,-40717.081688009755,265.97912997785556,26.219258501906797,1.0109293076757548
2885000,5770.000000258005,-46718.21199623146,6095.732310655592,-40622.47968557587,275.98271436573924,26.168419547990403,1.0128933005103777
2890000,5780.000000260042,-46714.26611708407,6228.888457419013,-40485.37765966506,282.01132470251747,26.34705333880285,1.00602585436253
2895000,5790.000000262079,-46729.68374804675,6132.667053713885,-40597.016694332866,277.6549253691342,26.31525587754841,1.007241463599769
2900000,5800.000000264116,-46774.57223313511,6033.323511516388,-40741.24872161873,273.15717201758923,26.37339606786335,1.005020998315886
2905000,5810.000000266154,-46672.234431421035,6234.932210336789,-40437.30222108425,282.2849540632241,26.294304578470562,1.0080440334903136
2910000,5820.000000268191,-46576.99842233193,6081.604537250246,-40495.393885081685,275.34308305425003,26.709255860493045,0.9923832016716844
2915000,5830.000000270228,-46724.98975267669,6131.046949209422,-40593.94280346727,277.581575553901,26.912807592404107,0.984877432579175
2920000,5840.000000272265,-46792.63439693645,6186.26701784411,-40606.36737909234,280.08164997525046,26.540449217720465,0.9986951097800916
2925000,5850.000000274303,-46716.4543998068,6249.893582835648,-40466.56081697115,282.96232635951975,26.83481733788506,0.9877397901152731
2930000,5860.00000027634,-47107.23162413377,6017.294382486156,-41089.93724164761,272.4314573186433,26.68422122495857,0.9933142369660981
2935000,5870.000000278377,-46874.76639838825,6315.002051713567,-40559.76434667468,285.9100955615425,26.544874937969183,0.9985286013606705
2940000,5880.0000002804145,-46630.62568188168,5927.079809395167,-40703.54587248651,268.34701569815496,26.438298687664698,1.0025538011442123
2945000,5890.000000282452,-46653.38241629343,6133.624518808009,-40519.757897485426,277.69827435529703,26.63463190193744,0.9951636254141819
2950000,5900.000000284489,-46668.55848112359,6054.116798893991,-40614.4416822296,274.0985827617957,26.65338513630572,0.994463431551123
2955000,5910.000000286526,-46688.914636656235,6157.168189065831,-40531.746447590405,278.7642079778296,25.992732877357245,1.0197395160473488
2960000,5920.000000288564,-46789.984166857554,6144.142941765616,-40645.841225091935,278.1744932525103,26.3197271433532,1.0070703507197294
2965000,5930.000000290601,-46660.57260522689,6066.597349685597,-40593.97525554129,274.6636364926207,26.62464443449715,0.9955369323453236
2970000,5940.000000292638,-46773.187984706834,6339.97175099777,-40433.21623370906,287.04059228189624,26.771852171226357,0.9900628718394017
2975000,5950.000000294675,-46764.43378365337,5963.187616356001,-40801.246167297366,269.98178738217814,26.124795942120628,1.014584646089784
2980000,5960.000000296713,-46533.5439312348,6176.54929595279,-40356.99463528201,279.64168261311255,26.592955201419898,0.9967232541229205
2985000,5970.00000029875,-46504.75373480783,6096.962473998008,-40407.79126080983,276.038409695037,26.259657960207107,1.0093740324139102
2990000,5980.000000300787,-46554.668175912055,6014.1190678774365,-40540.54910803462,272.2876957654747,26.36346960710777,1.0053994121455903
2995000,5990.000000302824,-46679.72407278663,6112.016795137797,-40567.707277648835,276.71999021717215,26.227887417384437,1.0105967142262335
3000000,6000.000000304862,-46636.5878979289,6013.753240004949,-40622.83465792395,272.2711330025294,26.5164746661689,0.9995980679483681
3005000,6010.000000306899,-46887.78080659505,6167.9825702181615,-40719.79823637689,279.25382630627695,26.62911753321057,0.995369704311361
3010000,6020.000000308936,-47172.86402967444,6351.005165492714,-40821.858864181726,287.5401272886606,26.396478955007,1.0041421391952938
3015000,6030.0000003109735,-46512.24924482184,6115.572876807979,-40396.67636801386,276.880990901229,26.029278165730954,1.018307794643369
3020000,6040.000000313011,-46679.52112094575,6190.397554811798,-40489.12356613395,280.26865897532383,26.32272543823233,1.0069556401863322
3025000,6050.000000315048,-46901.801341411134,6057.8550700386095,-40843.94627137252,274.267832027503,26.360611352494228,1.0055084265940712
3030000,6060.000000317085,-46779.906939832435,5779.187443227636,-41000.7194966048,261.6512268136038,25.968417874637332,1.0206943285132446
3035000,6070.000000319123,-46870.49410163588,6056.982159471562,-40813.51194216432,274.2283112258315,26.613941388547616,0.995937296852624
3040000,6080.00000032116,-46664.76164625643,6360.865116678866,-40303.89652957757,287.98653404558314,26.541676673092198,0.9986489237876872
3045000,6090.000000323197,-47005.978522890015,6151.232832104649,-40854.74569078536,278.4954862162107,26.327859212564015,1.0067592898876998
3050000,6100.000000325234,-46705.806982310954,5943.691174215519,-40762.115808095434,269.09909097292154,26.299664909584642,1.0078385765076616
3055000,6110.000000327272,-47020.587541966466,6044.4752298720705,-40976.112312094396,273.6620632012561,26.648488017109827,0.994646181355057
3060000,6120.000000329309,-46913.218176888244,6110.712842076514,-40802.50533481173,276.6609540773092,26.46533392393229,1.0015296584312277
3065000,6130.000000331346,-46652.23994188226,5992.8144748110535,-40659.42546707121,271.3231357875637,26.975466857105562,0.9825897355367709
3070000,6140.0000003333835,-47076.7516376978,5971.863866648971,-41104.88777104883,270.37460238525574,26.216203806609006,1.0110471005120227
3075000,6150.000000335421,-46379.90341773728,6071.714379312421,-40308.18903842486,274.8953086944056,26.593994976671596,0.9966842841158443
3080000,6160.000000337458,-46235.1061985009,5975.772408423698,-40259.3337900772,270.55156060999855,26.417021503321937,1.0033612927093687
3085000,6170.000000339495,-47007.97958592989,5972.740304718573,-41035.23928121132,270.41428289369924,26.333861644311888,1.006529813329886
3090000,6180.0000003415325,-46730.02861809498,6122.4889500031895,-40607.53966809179,277.1941143383966,26.698810344201508,0.992771456982197
3095000,6190.00000034357,-46848.21264692338,6140.840146369572,-40707.37250055381,278.0249600394455,26.29722577543467,1.007932056082679
3100000,6200.000000345607,-46905.62680124177,6116.405711459945,-40789.22108978183,276.9186972761408,26.325962734807323,1.006831815121396
3105000,6210.000000347644,-46702.4681662299,6284.772098766219,-40417.69606746368,284.5414422079538,26.4819013147327,1.0009030896266606
3110000,6220.000000349682,-46701.52321322268,6097.174228721828,-40604.34898450085,276.047996835758,26.760134927486188,0.990496382657597
3115000,6230.000000351719,-46891.7390379376,6182.313819418174,-40709.42521851943,279.9026699320965,26.578188667754308,0.9972770220140009
3120000,6240.000000353756,-46921.91060270433,6018.916857620542,-40902.99374508379,272.5049144635373,26.646243911448494,0.994729948925977
3125000,6250.000000355793,-46571.37568375707,6322.514761005993,-40248.860922751075,286.2502315447352,26.160978477394806,1.0131814017586325
3130000,6260.000000357831,-46649.6046830765,6117.973914242197,-40531.6307688343,276.9896972542345,26.554321267150435,0.9981733887468571
3135000,6270.000000359868,-47031.033694285725,6344.574910684729,-40686.458783600996,287.24899915416734,26.606030989515602,0.996233404958041
3140000,6280.000000361905,-46853.079906651226,6230.181473589484,-40622.89843306174,282.0698656774585,26.796434476534415,0.9891546156379639
3145000,6290.0000003639425,-46828.765610914736,6157.569475318363,-40671.19613559637,278.78237610982217,26.66864216280908,0.9938945028880449
3150000,6300.00000036598,-46881.49554301327,6268.745342809373,-40612.7502002039,283.8158349492958,26.574599297990492,0.9974117219185537
3155000,6310.000000368017,-47061.254060612235,5994.019949582405,-41067.23411102983,271.37771334814903,26.301401569006323,1.0077720297742174
3160000,6320.000000370054,-46831.69288748235,6163.404002291462,-40668.28888519089,279.0465328196339,27.193087021182563,0.9747262907097339
3165000,6330.000000372092,-46491.385464483115,6045.445892165802,-40445.939572317315,273.7060096872408,26.344698433802208,1.0061157811962407
3170000,6340.000000374129,-46986.46196129412,5999.6153892842085,-40986.846572009905,271.6310454431746,26.6547482246922,0.9944125760133818
3175000,6350.000000376166,-46543.24301495269,6252.17402791626,-40291.06898703643,283.065572924696,26.961202958035148,0.9831095773567795
3180000,6360.000000378203,-46611.13699892996,5881.760747446803,-40729.376251483154,266.29520681095113,26.457375954473356,1.0018309030613723
3185000,6370.000000380241,-46691.86007023946,5977.163203318131,-40714.69686692133,270.61452849154756,26.32936829592186,1.0067015868819669
3190000,6380.000000382278,-46623.3360247775,6237.264308401076,-40386.07171637642,282.3905392039666,26.64487255263733,0.9947811457060514
3195000,6390.000000384315,-46762.777692351316,6191.4178282134735,-40571.35986413784,280.31485159147553,26.408153735651968,1.003698217998499
3200000,6400.000000386352,-46748.59992519411,6154.42526328491,-40594.1746619092,278.6400227177585,26.096087380451124,1.0157008006096766
3205000,6410.00000038839,-46707.17040472117,6095.902053916332,-40611.268350804836,275.99039944826205,26.714315587285476,0.9921952429774984
3210000,6420.000000390427,-46767.81750411092,5948.446273884078,-40819.37123022684,269.31437688882613,26.697493979698525,0.9928204072359753
3215000,6430.000000392464,-46546.4954476594,6246.851423470605,-40299.64402418879,282.824593375801,26.544677145111887,0.9985360417158149
3220000,6440.0000003945015,-46954.39791951078,6132.967257997559,-40821.43066151322,277.6685170409548,26.393927470882872,1.0042392089750511
3225000,6450.000000396539,-46561.168357498245,6032.088791531368,-40529.07956596688,273.1012703874681,26.731832471703594,0.991545075451204
3230000,6460.000000398576,-46622.47706150584,6045.7742230250215,-40576.702838480815,273.72087478254343,26.39794361194357,1.004086425622635
3235000,6470.000000400613,-46891.47112869576,5943.375144115065,-40948.095984580694,269.08478279131197,26.71503664128526,0.9921684630648178
3240000,6480.000000402651,-46869.194011423155,6289.707291681049,-40579.486719742104,284.7648817993172,26.170786620332308,1.012801687226004
3245000,6490.000000404688,-46905.937586345826,6008.174022718904,-40897.763563626926,272.0185353732097,26.341434155453328,1.0062404608906583
3250000,6500.000000406725,-46366.50104064733,6287.379682871974,-40079.12135777536,284.65949990845115,26.981110910503997,0.9823841921492314
3255000,6510.000000408762,-46825.7934338646,6361.37605049609,-40464.41738336851,288.0096664428986,26.548543110073517,0.9983906361719329
3260000,6520.0000004108,-46814.790758048184,6230.277803747362,-40584.51295430082,282.07422700060914,26.473530963822782,1.0012195532709869
3265000,6530.000000412837,-47292.2769397535,6132.725990035313,-41159.55094971819,277.65759369594605,26.32831818623602,1.006741739355044
3270000,6540.000000414874,-46385.463140819804,6293.5934919837855,-40091.869648836015,284.94082851965516,26.024005872033516,1.018514097154756
3275000,6550.0000004169115,-46672.99350015086,5915.186388463531,-40757.807111687325,267.8085441209058,26.270064768701285,1.0089741718750493
3280000,6560.000000418949,-46484.202038290736,6293.96154324638,-40190.24049504436,284.9574919460164,26.435734066843448,1.0026510623114768
3285000,6570.000000420986,-46480.83263100748,6006.3432601066215,-40474.489370900854,271.93564806626324,26.57191861366475,0.9975123449111246
3290000,6580.000000423023,-46753.54938165174,6098.601260664794,-40654.94812098695,276.11260534036995,26.36874643349456,1.005198214938106
3295000,6590.0000004250605,-46738.11777820921,6055.667093379515,-40682.450684829695,274.1687719463557,26.245859560560444,1.0099046969273004
3300000,6600.000000427098,-46747.65460623999,6201.343576684566,-40546.31102955542,280.76423730357044,26.01748737136878,1.0187692787841185
3305000,6610.000000429135,-46688.88759608625,6237.633235608324,-40451.25436047793,282.40724228849706,26.36487168169153,1.0053459453592044
3310000,6620.000000431172,-46847.39008970634,6320.862630630145,-40526.5274590762,286.1754317664025,26.35450698113337,1.0057413278146026
3315000,6630.00000043321,-47038.95543895953,6157.708212721589,-40881.24722623794,278.78865741011145,26.214292650509574,1.0111208110202068
3320000,6640.000000435247,-46625.32582697569,6061.262845038215,-40564.06298193747,274.42211816514964,26.398526804201317,1.0040642434973264
3325000,6650.000000437284,-46745.07998441934,6107.640057266923,-40637.439927152416,276.5218345344562,26.549547595094868,0.9983528627057034
3330000,6660.000000439321,-46547.98121920577,6162.159204717453,-40385.82201448832,278.99017492926026,26.524685571466083,0.9992886352484384
3335000,6670.000000441359,-46777.82610632834,6209.375337841706,-40568.45076848664,281.1278732265932,26.821044888145174,0.9882469887226423
3340000,6680.000000443396,-46865.761128517974,6112.991075845031,-40752.770052672946,276.7641005258986,26.25035118958718,1.009731894772457
3345000,6690.000000445433,-46817.478090059594,6326.290403574456,-40491.18768648514,286.4211727920563,26.055563798993273,1.0172804952364305
3350000,6700.0000004474705,-46769.89318968239,5971.449369326016,-40798.44382035638,270.35583612544366,26.718838154889227,0.9920272989210812
3355000,6710.000000449508,-46882.08493747027,6130.640852898066,-40751.4440845722,277.5631896477309,26.595269967480068,0.9966365025628556
3360000,6720.000000451545,-46721.80465791811,6198.59187299636,-40523.21278492175,280.639654626002,26.307898735296952,1.0075231439727943
3365000,6730.000000453582,-46604.35793522658,6179.078057271558,-40425.27987795502,279.7561716321787,26.288022821454327,1.0082849145836943
3370000,6740.00000045562,-46421.10440484143,6225.580314730931,-40195.5240901105,281.8615493921794,26.87936320084711,0.986102856940783
3375000,6750.000000457657,-46865.78848211223,6223.831610126382,-40641.95687198584,281.7823772404523,26.233891989207855,1.010365402739643
3380000,6760.000000459694,-46680.46790088841,6195.615665666168,-40484.85223522224,280.504907603718,26.316233633748766,1.007204040441121
3385000,6770.000000461731,-46908.617942592886,6026.6851419774175,-40881.93280061547,272.8566215421155,26.400222236943467,1.003999762093406
3390000,6780.000000463769,-46851.372859065305,6068.3335445528755,-40783.039314512425,274.7422422692067,26.545090038416486,0.9985205100734124
3395000,6790.000000465806,-46937.27329299349,6003.33716402262,-40933.93612897087,271.79954783832886,26.096096252486188,1.0157004552962232
3400000,6800.000000467843,-46560.57639221696,6049.682759034631,-40510.89363318233,273.89783274627206,26.716311988081852,0.9921211002824243
3405000,6810.00000046988,-46777.29735486535,6023.604620622249,-40753.6927342431,272.717151729149,26.77346428318191,0.9900032571337528
3410000,6820.000000471918,-46957.87501166796,5987.054364119967,-40970.82064754799,271.0623482558024,26.547862048690277,0.9984162489804685
3415000,6830.000000473955,-46593.56049632735,5980.836939703095,-40612.72355662426,270.7808559625905,26.237447862371823,1.0102284713109364
3420000,6840.000000475992,-46795.08202692564,6191.736612054622,-40603.345414871015,280.3292844479877,26.74753157518242,0.9909631014212015
3425000,6850.0000004780295,-46771.745929210505,5941.392106143092,-40830.35382306742,268.99500125657516,26.63663480829314,0.9950887954078897
3430000,6860.000000480067,-46532.07738714648,6053.1306546631795,-40478.946732483295,274.05393533508703,26.017897469463772,1.0187532207863133
3435000,6870.000000482104,-46449.35826785705,6161.889859717539,-40287.46840813951,278.9779804035842,26.387228400587954,1.004494160686982
3440000,6880.000000484141,-46647.047465415555,6204.297922123031,-40442.74954329252,280.89799453432283,26.115479180607466,1.0149466016609288
3445000,6890.000000486179,-46732.68657838571,6045.53864258477,-40687.14793580094,273.71020893863187,26.423293548398185,1.0031231268181973
3450000,6900.000000488216,-47009.30276787811,6063.737820315402,-40945.56494756271,274.53417203500084,27.111175346297205,0.977671255729029
3455000,6910.000000490253,-46501.00410231447,6168.383443358511,-40332.62065895596,279.2719757347216,26.294149993322325,1.0080499598517432
3460000,6920.00000049229,-46884.87614996958,5972.6794648230625,-40912.19668514652,270.4115283830598,26.733549613063644,0.9914813868245885
3465000,6930.000000494328,-46767.08939786354,6147.796430004839,-40619.2929678587,278.33990399395657,26.645195864666263,0.994769075060664
3470000,6940.000000496365,-46878.60228496406,6059.456167473691,-40819.14611749037,274.3403213025529,26.276817211996814,1.0087148923425522
3475000,6950.000000498402,-46879.3544678216,6211.434038336325,-40667.920429485275,281.221080362605,25.93901991214843,1.0218511314180534
3480000,6960.0000005004395,-46955.23299583385,6200.327144818749,-40754.9058510151,280.71821861196776,26.204110967793127,1.0115136849207356
3485000,6970.000000502477,-46813.10081695946,6016.075886507051,-40797.024930452404,272.37629022622207,26.297008759374346,1.0079403740418005
3490000,6980.000000504514,-46928.62070279865,6075.606859186662,-40853.01384361199,275.0715397207303,26.526882055114065,0.9992058919715475
3495000,6990.000000506551,-47036.97551172989,6153.729323676306,-40883.246188053585,278.6085142307665,26.60605769371863,0.9962324050496963
3500000,7000.0000005085885,-46577.663846724376,6081.682826701446,-40495.981020022926,275.3466275890405,26.73785676309485,0.9913216709908163
3505000,7010.000000510626,-46863.94249411201,5841.067963629348,-41022.87453048266,264.45285147762917,26.506349002296766,0.9999799234065605
3510000,7020.000000512663,-46782.97059889126,6122.034412360074,-40660.93618653119,277.17353526337575,26.463917485226126,1.00158326369864
3515000,7030.0000005147,-46852.350001445855,6321.675326020257,-40530.6746754256,286.2122263414076,26.247473689089176,1.009842591293748
3520000,7040.000000516738,-46570.076504243596,6169.675173346523,-40400.401330897075,279.33045847808216,26.5420324440451,0.998635537839193
3525000,7050.000000518775,-46836.26096472284,5958.145139191565,-40878.11582553128,269.7534905239753,26.60711145068901,0.9961929499272234
3530000,7060.000000520812,-46857.26476798882,6083.911883042771,-40773.35288494605,275.4475475422474,26.659162646684823,0.994247913799363
3535000,7070.000000522849,-46866.9521260559,6092.4917271942095,-40774.46039886169,275.8359977820339,26.793891788103252,0.9892484844950044
3540000,7080.000000524887,-46898.523589691205,6162.000589395199,-40736.52300029601,278.9829936612936,26.15878473349761,1.0132663697928705
3545000,7090.000000526924,-46723.095982210536,6150.8494112108365,-40572.2465709997,278.4781269337445,26.75448165809699,0.9907056762986307
3550000,7100.000000528961,-46803.256562133145,6235.345859492162,-40567.910702640984,282.30368192246686,26.374604496281176,1.0049749503861416
3555000,7110.0000005309985,-46999.303009424475,5970.9579972849315,-41028.34501213954,270.3335893825175,26.260866746410752,1.009327570984572
3560000,7120.000000533036,-46922.80977609515,6188.699849620322,-40734.109926474826,280.19179580892177,26.29880114043133,1.007871678392012
3565000,7130.000000535073,-46837.600175594795,6001.083649511369,-40836.516526083426,271.69752054776194,26.464363757435713,1.0015663738621687
3570000,7140.00000053711,-46659.40407464199,6276.319650269592,-40383.0844243724,284.15875977371076,26.44304519442,1.002373843489763
3575000,7150.000000539148,-46818.09997351142,5920.722091978603,-40897.37788153281,268.05917167542344,26.584791080305436,0.9970293452763052
3580000,7160.000000541185,-46751.211044466065,6140.296841794406,-40610.91420267166,278.0003620643803,26.466474097980697,1.0014865125961978
3585000,7170.000000543222,-46691.577049812884,6214.112982431647,-40477.46406738124,281.3423688682975,26.749539629808208,0.990888711055336
3590000,7180.000000545259,-47261.85047618474,6007.143950386209,-41254.70652579854,271.97189911297346,26.457044687486185,1.0018434469228972
3595000,7190.000000547297,-46508.58649541234,6093.642773460828,-40414.94372195151,275.88811110605025,26.59370260474074,0.9966952416915129
3600000,7200.000000549334,-46817.8511213141,6104.740312407665,-40713.11080890644,276.39054933090046,26.567021197397608,0.997696228273446
3605000,7210.000000551371,-46816.081004102365,6047.229160412388,-40768.851843689976,273.78674669898174,27.172844281679335,0.9754524248672498
3610000,7220.000000553408,-46722.46421582607,5985.008485113766,-40737.4557307123,270.96972160938486,26.601313704463028,0.9964100698025782
3615000,7230.000000555446,-46974.6932587183,6304.611880746012,-40670.08137797228,285.4396832402308,26.770388698702096,0.9901169961865128
3620000,7240.000000557483,-46750.791294339986,5989.188774378608,-40761.60251996138,271.1589831319304,26.064580352279737,1.0169285861065458
3625000,7250.00000055952,-46741.91930272104,6140.8080760166695,-40601.11122670437,278.02350806245676,26.581844844425028,0.9971398524155977
3630000,7260.0000005615575,-46647.01766538329,6238.514558879253,-40408.50310650404,282.4471439731756,26.627216001090492,0.9954407867506226
3635000,7270.000000563595,-46709.16736848332,6084.931176341484,-40624.236192141834,275.49369578448926,26.658519477396126,0.9942719012426284
3640000,7280.000000565632,-46408.941419515,6236.118841871925,-40172.82257764308,282.3386785011307,26.427246871993724,1.0029730669067094
3645000,7290.000000567669,-46779.31763760245,6277.6154799854285,-40501.70215761702,284.2174281311954,26.256287259896627,1.0095036127056998
3650000,7300.000000569707,-46742.47444494662,6033.9943191460825,-40708.48012580054,273.1875426606925,26.42819829159673,1.0029369597068687
3655000,7310.000000571744,-46652.57999631652,6229.415705084108,-40423.16429123241,282.0351957051043,26.439761847765077,1.0024983204356963
3660000,7320.000000573781,-47154.41166383802,6008.224593393396,-41146.18707044463,272.02082494750573,25.932924109527654,1.0220913281185346
3665000,7330.000000575818,-46624.09397346148,6207.86346134342,-40416.23051211806,281.05942340653564,26.612399220174563,0.9959950106644471
3670000,7340.000000577856,-46514.060963270254,6062.384930240299,-40451.67603302996,274.47292028440927,26.814194448901695,0.9884994641780096
3675000,7350.000000579893,-46269.94196283951,6152.4278881860755,-40117.51407465344,278.54959207328625,26.59692654983692,0.9965744273285895
3680000,7360.00000058193,-46547.297800775035,6092.0309169714765,-40455.26688380356,275.8151347175823,26.551390162273286,0.9982835807507452
3685000,7370.000000583967,-46688.26528141985,6292.866399011096,-40395.39888240876,284.9079095721075,26.747757554833267,0.9909547292241977
3690000,7380.000000586005,-46346.51449773938,5887.85868174293,-40458.65581599645,266.57128921964335,26.20913252367541,1.0113198832949113
3695000,7390.000000588042,-46896.54092498886,6157.895939915271,-40738.64498507359,278.79715671057807,26.65729470092221,0.9943175833287882
3700000,7400.000000590079,-47006.51356846234,6032.574161863282,-40973.93940659906,273.1232454045534,26.774654973200242,0.9899592309082955
3705000,7410.0000005921165,-46986.56712844747,6025.911713504003,-40960.65541494347,272.82160476667616,26.55742024475867,0.9980569121857922
3710000,7420.000000594154,-47106.850918933225,5954.521984551453,-41152.328934381774,269.58945312843593,26.31471888943738,1.007262017750211
3715000,7430.000000596191,-46684.73539213004,6078.725736424874,-40606.009655705166,275.2127460864479,26.589806789357585,0.9968412728637458
3720000,7440.000000598228,-46433.43315177469,6101.949252969443,-40331.48389880525,276.26418483186063,26.59257557720867,0.9967374829168958
3725000,7450.000000600266,-46633.188201713376,6046.93188723711,-40586.25631447627,273.77328773234075,26.398555709609216,1.0040631440854177
3730000,7460.000000602303,-46859.12980749481,6231.539261536222,-40627.59054595859,282.1313391779301,26.770951969472595,0.9900961637572453
3735000,7470.00000060434,-46631.40413359052,6080.735228578859,-40550.66890501166,275.3037253274792,26.387162339125226,1.0044966754838631
3740000,7480.000000606377,-46847.402384064044,5930.598917086347,-40916.8034669777,268.50634239481116,26.46189562327963,1.001659791212615
3745000,7490.000000608415,-46753.189424546144,6341.9480725400035,-40411.24135200614,287.1300697320021,26.647920322215455,0.9946673708344623
3750000,7500.000000610452,-46929.11484205094,6037.189327191439,-40891.925514859504,273.3321958291455,26.588929341089226,0.9968741691356295
3755000,7510.000000612489,-46553.317165735876,6282.006017118875,-40271.311148617,284.4162085719792,26.754707853497827,0.990697300461795
3760000,7520.0000006145265,-46733.56634821481,5981.7387870691255,-40751.827561145685,270.8216868704021,26.500250568491737,1.0002100461879846
3765000,7530.000000616564,-46718.67604909878,6032.840733117236,-40685.835315981545,273.1353143495938,26.61397961975716,0.9959358661801718
3770000,7540.000000618601,-46594.28155671508,6074.183681794353,-40520.09787492073,275.00710572990903,26.65154216653141,0.9945321992807559
3775000,7550.000000620638,-46789.60617195623,6272.129862366614,-40517.47630958961,283.96906820276376,26.44407914178898,1.0023346512837252
3780000,7560.0000006226755,-46595.1846135112,6041.139418089566,-40554.04519542163,273.51103517977634,26.953787855049562,0.9833800350305365
3785000,7570.000000624713,-46900.86529566586,6154.924716269652,-40745.94057939621,278.6626353233327,26.206676349271465,1.011414667462825
3790000,7580.00000062675,-46921.193065686326,6107.242838822316,-40813.950226864006,276.50385057142245,26.15823871790139,1.0132875202704312
3795000,7590.000000628787,-46637.6204336909,6211.579870354641,-40426.04056333626,281.22768286976986,26.23419762811522,1.010353631578119
3800000,7600.000000630825,-46735.062361967284,6187.007504123811,-40548.054857843475,280.11517530133233,26.17511690763468,1.0126341341143408
3805000,7610.000000632862,-46370.70318511088,6035.624381820125,-40335.07880329075,273.2613433294952,26.68242298794291,0.9933811804528236
3810000,7620.000000634899,-46914.086026921635,6150.923609463009,-40763.162417458625,278.48148624054994,26.630164219659623,0.9953305817594796
3815000,7630.000000636936,-46852.34375696402,6034.344612426145,-40817.99914453788,273.2034020989567,26.664151784718317,0.9940618797517956
3820000,7640.000000638974,-46756.653836446465,6126.195131556926,-40630.45870488954,277.3619107561206,26.81238262183761,0.9885662613033264
3825000,7650.000000641011,-46558.211791510286,6304.217211339944,-40253.99458017034,285.421814684262,26.34169161900352,1.0062306259018825
3830000,7660.000000643048,-46274.49949175597,6142.808011215533,-40131.69148054044,278.1140546148001,26.52192088452804,0.9993928026746679
3835000,7670.0000006450855,-46831.74924452667,6178.797384544043,-40652.951859982626,279.74346424654556,26.146390642556174,1.0137466852485217
3840000,7680.000000647123,-46840.7742073916,6261.843296018453,-40578.93091137315,283.50334655397904,26.6585391488343,0.9942711675655832
3845000,7690.00000064916,-46885.47819542058,6372.92652299084,-40512.55167242974,288.53261111777147,26.536425188500196,0.9988465536266288
3850000,7700.000000651197,-46558.28358934773,6124.870487740638,-40433.41310160709,277.3019378476404,26.74800976832372,0.99094538527101
3855000,7710.000000653235,-46605.227670517634,6135.696553885071,-40469.53111663256,277.7920852111033,26.554641208497046,0.9981613623392835
3860000,7720.000000655272,-46617.4099482458,6142.607892945839,-40474.80205529996,278.1049943115503,26.25507902786618,1.0095500690350991
3865000,7730.000000657309,-46518.80032104213,6085.186613626436,-40433.613707415694,275.5052606419434,26.530386384451543,0.9990739094790698
3870000,7740.000000659346,-46815.5179475678,6050.133135177754,-40765.384812390046,273.9182234104499,26.732460569734936,0.9915217783997314
3875000,7750.000000661384,-46811.303889982344,6182.162639801221,-40629.14125018112,279.89582531377715,26.399111428984682,1.0040420078685848
3880000,7760.000000663421,-46912.77707346913,6009.315299418415,-40903.46177405072,272.07020638258507,26.372109299306597,1.0050700360854792
3885000,7770.000000665458,-46878.79550184152,5868.712782085085,-41010.082719756436,265.7044635312335,26.492791007413828,1.0004916747988843
3890000,7780.000000667495,-46647.79648802773,6089.081305577936,-40558.71518244979,275.6815918194976,26.586187572491667,0.9969769743342013
3895000,7790.000000669533,-46605.72286430502,6120.0771633339355,-40485.64570097109,277.08492131653634,26.667174122881462,0.9939492172273805
3900000,7800.00000067157,-47027.71753515536,6211.611097641919,-40816.106437513445,281.22909667717903,26.408600733390813,1.003681229183436
3905000,7810.000000673607,-46899.555138703785,6046.857330958173,-40852.697807745615,273.76991221596546,26.445339927107327,1.0022868648375727
3910000,7820.0000006756445,-46766.04558369913,6063.970773000036,-40702.074810699094,274.54471890795196,26.291719301089824,1.0081431549440583
3915000,7830.000000677682,-46789.3965448339,6201.788633917129,-40587.60791091677,280.78438715543905,26.283209594229355,1.0084695611499368
3920000,7840.000000679719,-47035.81191763916,6033.534095713641,-41002.27782192552,273.1667061630206,26.2278383986643,1.010598602988729
3925000,7850.000000681756,-47249.4444542228,6040.450763500304,-41208.9936907225,273.4798565201634,26.21287188988414,1.0111756146541577
3930000,7860.000000683794,-46877.6887906263,6054.963329618944,-40822.72546100736,274.1369092228934,26.450358918466613,1.0020966795501196
3935000,7870.000000685831,-46891.8095484926,6006.499473181179,-40885.31007531142,271.94272057308257,26.501990018974123,1.0001443976896611
3940000,7880.000000687868,-46995.2143041548,6092.573887147355,-40902.64041700744,275.83971755280567,26.839682166053528,0.9875607572815631
3945000,7890.000000689905,-46717.95229463617,6008.116201153938,-40709.83609348223,272.01591751671026,26.735976261224273,0.991391396600924
3950000,7900.000000691943,-46751.95715544128,6016.757292080284,-40735.199863361,272.4071406884965,26.346458921172825,1.0060485518911004
3955000,7910.00000069398,-47021.3205775189,6277.131146834562,-40744.18943068434,284.19550007221557,26.656789480643983,0.9943364284116315
3960000,7920.000000696017,-46783.110392434464,6222.227785608502,-40560.882606825966,281.7097644974293,27.10756967148942,0.977801299279956
3965000,7930.0000006980545,-46804.51046638866,6085.658198632636,-40718.852267756025,275.52661153194845,26.426398632151642,1.0030052605373183
3970000,7940.000000700092,-46694.28659350169,6037.468339284382,-40656.81825421731,273.3448280299751,26.96710004062589,0.9828945939746326
3975000,7950.000000702129,-46672.93329433515,6125.703026545283,-40547.23026778986,277.33963082814074,26.647822141219898,0.9946710355779526
3980000,7960.000000704166,-46881.505514161836,6094.027097550492,-40787.478416611346,275.90551128047656,26.700272517383134,0.9927170903535816
3985000,7970.0000007062035,-46339.631444052444,6104.326429178202,-40235.30501487424,276.3718108740135,26.32298188692618,1.0069458300341312
3990000,7980.000000708241,-46519.7553655419,5968.424209436562,-40551.33115610534,270.218872788615,26.249926906746936,1.009748215271852
3995000,7990.000000710278,-46766.98980663816,5952.312039580484,-40814.67776705767,269.48939843761224,26.787896044748855,0.9894699009144517
4000000,8000.000000712315,-46826.87026021554,6226.597417524882,-40600.272842690654,281.90759845988094,26.280903950944076,1.008558034935938
4005000,8010.000000714353,-46889.67392904812,6155.209366124725,-40734.46456292339,278.6755227723944,26.44825170367168,1.0021765197215138
4010000,8020.00000071639,-47081.00930840225,6142.140715149815,-40938.86859325244,278.0838429568537,26.223107562840614,1.0107809221918564
4015000,8030.000000718427,-46589.21653401677,6130.760966116406,-40458.45556790037,277.56862774283405,26.519496980543412,0.9994841480044225
4020000,8040.000000720464,-46755.56351351214,6166.607555411807,-40588.955958100334,279.1915728641618,26.526977922741473,0.9992022808742548
4025000,8050.000000722502,-46699.8616576973,5921.638194214085,-40778.22346348321,268.10064796878737,26.629575490781694,0.9953525866110691
4030000,8060.000000724539,-46907.88007868081,6050.654250947183,-40857.22582773363,273.9418167930356,26.26636294703524,1.0091163705668686
4035000,8070.000000726576,-46856.44844153838,6166.07607047282,-40690.37237106556,279.1675100200881,26.741178370555534,0.9911985357492548
4040000,8080.0000007286135,-46752.449511006766,5987.057866183972,-40765.3916448228,271.06250681085055,26.3536157209805,1.0057753412562138
4045000,8090.000000730651,-47129.98790951591,6120.194936976579,-41009.79297253933,277.09025348795086,26.477203819642455,1.0010806664350487
4050000,8100.000000732688,-47073.385727841815,6004.781840431959,-41068.60388740986,271.86495519162304,26.423657926538635,1.0031092939060164
4055000,8110.000000734725,-47086.17168960406,6263.208394628586,-40822.963294975474,283.56515104285774,26.68798130954669,0.9931742883686282
4060000,8120.000000736763,-46699.43173913786,6113.380913726719,-40586.05082541114,276.7817503358422,26.393683977848447,1.0042484735116912
4065000,8130.0000007388,-46671.87970511115,6080.323306049244,-40591.556399061905,275.28507564077415,26.120865621919815,1.0147373072836234
4070000,8140.000000740837,-46741.58969125559,6242.028454844572,-40499.56123641102,282.60623471028237,26.747730576793224,0.9909557287114732
4075000,8150.000000742874,-46580.84046658105,6271.836277662353,-40309.0041889187,283.9557762307005,26.204545309985097,1.011496919009863
4080000,8160.000000744912,-46927.307150774985,6140.58886592455,-40786.71828485043,278.01358338185133,26.081634676731685,1.0162636343016884
4085000,8170.000000746949,-46454.22069587879,6017.96715048868,-40436.25354539011,272.4619167171229,26.471067667034504,1.0013127229512186
4090000,8180.000000748986,-46968.8767215031,6140.184756198058,-40828.69196530504,277.9952874178005,26.61266679397186,0.9959849965546563
4095000,8190.000000751023,-46580.03123409313,6269.15354986979,-40310.877684223335,283.8343164190875,26.575719536444737,0.9973696783169089
4100000,8200.00000075306,-46785.06538437528,5921.270833527827,-40863.79455084745,268.0840158080923,26.561755884878384,0.9978940006821634
4105000,8210.000000755097,-46526.19426548056,6379.2166592301255,-40146.97760625044,288.8173954200634,26.756640359045928,0.9906257470827482
4110000,8220.000000757134,-46762.520360502065,6220.487216939119,-40542.03314356295,281.63096069807665,26.47843221007007,1.0010342241873293
4115000,8230.000000759172,-46638.92559347465,5957.284461121543,-40681.64113235311,269.71452354546403,26.109904363517995,1.0151633064631014
4120000,8240.000000761209,-46544.82397414965,6137.501940658298,-40407.32203349135,277.87382363345563,26.421651003771313,1.003185487588227
4125000,8250.000000763246,-46898.53952597984,6165.801740094925,-40732.737785884914,279.15508978270464,26.53498729067136,0.9989006798741776
4130000,8260.000000765283,-46946.83075377194,6173.717514932045,-40773.11323883989,279.51347445488545,26.319568827662483,1.007076408381206
4135000,8270.00000076732,-46539.83325835568,6173.920011419289,-40365.91324693639,279.5226424313239,26.691473493808292,0.9930443462123936
4140000,8280.000000769358,-46746.98757666291,6085.247237824107,-40661.740338838805,275.5080053869185,26.068683966764162,1.016768505801729
4145000,8290.000000771395,-46817.181952409504,6169.205596833261,-40647.97635557625,279.30919852207893,26.800191068735884,0.9890159654878354
4150000,8300.000000773432,-46627.09437432996,6114.445071281461,-40512.6493030485,276.82992979575016,26.365870124877336,1.0053078741404746
4155000,8310.00000077547,-46874.53750603914,5909.049702225941,-40965.4878038132,267.5307072280192,26.56780861214404,0.9976666586264319
4160000,8320.000000777507,-46645.08820231183,6305.585598337,-40339.50260397483,285.48376805401386,26.74209501122821,0.9911645603672892
4165000,8330.000000779544,-46793.1142744089,6046.864132308174,-40746.250142100725,273.77022014533947,26.71276455393063,0.9922528531852803
4170000,8340.000000781582,-46843.89234266995,6225.595341610887,-40618.29700105906,281.8622297303091,26.47796238361016,1.001051986595138
4175000,8350.000000783619,-46844.29173228337,6108.040732373083,-40736.250999910284,276.5399749969539,26.308865778117376,1.007486110144312
4180000,8360.000000785656,-46926.59103777213,6126.4850440235405,-40800.10599374859,277.3750364685678,26.445686660478284,1.002273723703906
4185000,8370.000000787693,-46739.34864354599,5905.015432702434,-40834.33321084356,267.34805671174996,26.553149663554358,0.9982174311127
4190000,8380.00000078973,-46940.618290334416,6228.80936157178,-40711.808928762635,282.0077436583538,26.78048159689671,0.989743845688561
4195000,8390.000000791768,-46718.8169001239,6178.971827553454,-40539.845072570446,279.7513621089821,26.268695861835337,1.00902675125237
4200000,8400.000000793805,-46913.12648237252,6241.106013271045,-40672.02046910147,282.564471405017,26.176023710374988,1.012599053942581
4205000,8410.000000795842,-46802.13318963797,6107.661981303707,-40694.47120833426,276.5228271395893,26.628033954031068,0.9954102090624577
4210000,8420.00000079788,-46912.61851610278,5998.449023721096,-40914.16949238168,271.5782385419451,26.52905779341264,0.999123943696405
4215000,8430.000000799917,-46425.748665822495,5999.652681593418,-40426.095984229076,271.6327338428937,26.213351594659777,1.0111571101233803
4220000,8440.000000801954,-46299.94464679179,6146.2039353499695,-40153.74071144182,278.2678042075707,26.63880471469818,0.9950077388599754
4225000,8450.000000803991,-46514.77601576765,6237.276261058331,-40277.49975470932,282.3910803574532,26.76788546240498,0.990209588364058
4230000,8460.000000806029,-46436.11863193306,5973.567868599524,-40462.55076333354,270.4517506358074,26.53131432310369,0.9990389666456441
4235000,8470.000000808066,-46723.02117604192,6114.300196786149,-40608.72097925577,276.8233706401933,25.710035685036466,1.030952160853319
4240000,8480.000000810103,-46718.46872526809,6146.811752751981,-40571.65697251611,278.2953229842979,26.501992727744998,1.0001442954648192
4245000,8490.00000081214,-46990.4095719101,6249.173257978253,-40741.23631393185,282.9297138366533,26.593996983977203,0.9966842088864625
4250000,8500.000000814178,-46917.4001875227,6100.670331614738,-40816.72985590796,276.20628199608245,26.152386119402596,1.0135142821801442
4255000,8510.000000816215,-46910.45375944843,6186.952720821884,-40723.50103862654,280.1126950014115,26.775301216790066,0.9899353374401333
4260000,8520.000000818252,-46674.295505691785,5943.2293147588125,-40731.06619093297,269.0781804046713,26.513215582834146,0.999720941516628
4265000,8530.00000082029,-46701.590449647745,5953.319087902828,-40748.27136174492,269.5349922916947,26.629270538816755,0.9953639851481282
4270000,8540.000000822327,-46789.85330663482,6171.656084743472,-40618.19722189134,279.42014373268114,26.299592711825895,1.0078413432305993
4275000,8550.000000824364,-46925.03010208602,6191.646795274948,-40733.38330681107,280.32521801636193,26.7798613553527,0.9897667688935351
4280000,8560.000000826401,-46722.780305057706,6042.37930900442,-40680.400996053286,273.56717092241723,26.309790490197997,1.0074506999582273
4285000,8570.000000828439,-46756.79956831579,5914.181925062689,-40842.61764325311,267.7630672984802,26.42815923472681,1.002938441897816
4290000,8580.000000830476,-46725.93171659723,6003.173176356462,-40722.75854024077,271.79212333887216,26.57549108064499,0.9973782521899868
4295000,8590.000000832513,-46895.726562702854,5935.599064434967,-40960.12749826789,268.7327227814775,26.24457679486096,1.0099540584054865
4300000,8600.00000083455,-46889.663755722635,6200.975052365413,-40688.68870335722,280.747552459695,26.20868177243556,1.011337276527247
4305000,8610.000000836588,-46734.11929298937,6147.2120985047,-40586.90719448467,278.31344853540315,26.50222959531188,1.000135356528382
4310000,8620.000000838625,-46735.261700123316,6060.117703765793,-40675.143996357525,274.37027218822857,26.50816673123368,0.9999113523710177
4315000,8630.000000840662,-46693.82449660951,6018.434474589458,-40675.39002202005,272.48307469572956,26.45836990037376,1.0017932678736134
4320000,8640.0000008427,-46467.24855862587,6244.7945800186335,-40222.453978607235,282.7314703169179,26.513133710893356,0.9997240286316639
4325000,8650.000000844737,-46992.2443585904,6197.685996035347,-40794.55836255505,280.5986412793128,26.515432221007032,0.9996373668050136
4330000,8660.000000846774,-46637.32198299421,6041.849852425423,-40595.472130568785,273.543199911821,26.68859016819291,0.9931516306430285
4335000,8670.000000848811,-46848.00471128465,6017.474936663788,-40830.52977462087,272.4396318626511,26.774510508395164,0.989964572341794
4340000,8680.000000850849,-46798.57594151923,6119.634953957353,-40678.94098756187,277.06490040061556,26.77127271020082,0.9900843016329446
4345000,8690.000000852886,-46935.54776581365,5982.21257093705,-40953.3351948766,270.84313731330695,25.93793095318273,1.02189403206241
4350000,8700.000000854923,-46839.617645711696,6157.394744625256,-40682.22290108644,278.7744652225802,26.422281103023803,1.0031615643537652
4355000,8710.00000085696,-46831.93139486195,6125.845691075631,-40706.085703786324,277.34608992810155,26.439262629905194,1.0025172492943812
4360000,8720.000000858998,-46891.97265011439,6169.448352755857,-40722.524297358534,279.3201892341102,26.40883081962439,1.0036724846375185
4365000,8730.000000861035,-46960.75819408457,6155.145823327535,-40805.61237075704,278.6726458885758,26.642650887345713,0.9948640980651658
4370000,8740.000000863072,-46702.419725936605,6263.425412093071,-40438.994313843534,283.5749764528103,26.959359594792843,0.9831767980951535
4375000,8750.00000086511,-46946.59044618858,6253.307729738515,-40693.28271645006,283.1169009834496,26.59769911917188,0.9965454803569318
4380000,8760.000000867147,-46764.195468134945,5846.802710513657,-40917.39275762129,264.71249066955454,26.42930034452236,1.0028951390912542
4385000,8770.000000869184,-46964.79329738626,6284.108513668012,-40680.68478371825,284.51139856310806,26.614371422788338,0.9959212045266979
4390000,8780.000000871221,-46700.59568058263,6095.907724909311,-40604.68795567332,275.99065620101226,26.695314967389013,0.9929014464704305
4395000,8790.000000873259,-46769.621127408114,6223.4943767902105,-40546.12675061791,281.7671090877927,26.815151800804166,0.9884641728677216
4400000,8800.000000875296,-47062.941837010556,6098.925440384821,-40964.01639662574,276.1272824939121,26.413185730799917,1.003507002723884
4405000,8810.000000877333,-47075.183744448645,6054.714277566849,-41020.4694668818,274.12563345521653,26.90225780003514,0.9852636548992428
4410000,8820.00000087937,-46679.04545054707,6142.129208569856,-40536.91624197721,278.08332199940213,26.284970170388817,1.0084020135188991
4415000,8830.000000881408,-46777.37295090896,6424.86117196405,-40352.511778944914,290.8839390079749,26.022338833259745,1.0185793450366802
4420000,8840.000000883445,-46785.46592425398,6196.160437417626,-40589.305486836354,280.52957200481285,26.17613925621738,1.0125945841615507
4425000,8850.000000885482,-46846.21295432182,5968.307699988136,-40877.90525433368,270.2135978532689,26.37388740765796,1.0050022749929544
4430000,8860.00000088752,-46679.87819760386,6239.454448027091,-40440.42374957677,282.4896972128856,26.3763139335604,1.004909818402605
4435000,8870.000000889557,-46440.4143207483,5996.959331494085,-40443.45498925421,271.51079310907045,26.166785111282252,1.0129565681217696
4440000,8880.000000891594,-46711.427503580344,6150.910225114074,-40560.51727846627,278.4808802675904,26.4955830435914,1.00038624556765
4445000,8890.000000893631,-47139.99284659978,6251.3667282774495,-40888.62611832233,283.0290226409449,26.627522244235827,0.9954293381856854
4450000,8900.000000895669,-46928.702680882474,6113.4344486097925,-40815.26823227268,276.78417411392024,26.17464191215891,1.0126525105503559
4455000,8910.000000897706,-46782.61156698724,5897.572797855059,-40885.03876913218,267.0110933310548,26.740776243599488,0.9912134413618063
4460000,8920.000000899743,-46926.626726434624,6402.963620335231,-40523.6631060994,289.89253298348103,26.56534728974648,0.9977590940561438
4465000,8930.00000090178,-46871.407889013644,6148.43829952566,-40722.969589487984,278.3689644716149,26.478508598359706,1.0010313362870547
4470000,8940.000000903818,-46861.94055438606,6011.77532617215,-40850.16522821391,272.1815834618773,26.346206786651607,1.0060581798262338
4475000,8950.000000905855,-46750.44256191031,6251.743278372362,-40498.69928353795,283.04607084975595,27.0838094822703,0.9786591085886799
4480000,8960.000000907892,-46592.34267439187,5862.642358000756,-40729.700316391114,265.429626640313,26.62065469254497,0.9956861373708873
4485000,8970.00000090993,-46682.09055914503,6013.111591658153,-40668.97896748687,272.24208253846825,26.706891540623612,0.9924710558241692
4490000,8980.000000911967,-46901.81010563369,6275.631513496652,-40626.17859213704,284.1276045580988,26.460309494698738,1.0017198343962934
4495000,8990.000000914004,-46923.982943071926,6111.978554257543,-40812.004388814385,276.7182588711427,26.452580841965354,1.0020125069631949
4500000,9000.000000916041,-46610.21031030087,6131.7299159789045,-40478.48039432197,277.61249669893454,26.954333239851813,0.9833601376536963
4505000,9010.000000918079,-46959.82286828355,6016.616175216001,-40943.20669306755,272.40075165871906,26.497730766728846,1.0003051611644267
4510000,9020.000000920116,-46668.77135617961,6128.535700798129,-40540.23565538148,277.4678794272217,26.456612261596884,1.0018598217723749
4515000,9030.000000922153,-46601.41661446431,6046.244143008844,-40555.172471455466,273.7421502890881,26.716820223744353,0.9921022271036379
4520000,9040.00000092419,-46597.23817301582,6121.694968642127,-40475.543204373695,277.15816703624904,26.46359701114091,1.0015953928691401
4525000,9050.000000926228,-46764.17614508164,6071.0921523662255,-40693.083992715416,274.86713752926727,26.287022667478645,1.0083232772457082
4530000,9060.000000928265,-46470.5344759422,6155.846470493244,-40314.68800544896,278.7043675090064,26.24986779548219,1.0097504890926021
4535000,9070.000000930302,-46610.23071507475,6191.765502328734,-40418.465212746014,280.3305924477262,26.655569219986663,0.9943819479656771
4540000,9080.00000093234,-46837.61255736265,6160.1978287635775,-40677.41472859907,278.9013741368278,26.62221821728182,0.995627660654439
4545000,9090.000000934377,-46834.72070727893,5916.852993437446,-40917.867713841486,267.8839992329474,26.503736497103425,1.0000784926306934
4550000,9100.000000936414,-46595.54343191505,5975.511526255483,-40620.03190565957,270.5397492368535,26.501132513214028,1.0001767596870783
4555000,9110.000000938451,-46808.582358102954,6273.249397655904,-40535.33296044705,284.01975487537675,26.501102458521434,1.0001778939797026
4560000,9120.000000940488,-46734.803264978575,6115.399183093221,-40619.404081885354,276.87312696291536,26.389041960290776,1.0044251278613763
4565000,9130.000000942526,-46891.567483825434,6257.206259582308,-40634.361224243126,283.2934059205915,26.44108300371907,1.0024482295742618
4570000,9140.000000944563,-46658.37191152165,6039.341168024892,-40619.03074349676,273.42961987007027,26.50073509777259,1.000191758730954
4575000,9150.0000009466,-46876.95549825166,6291.253669424743,-40585.70182882692,284.83489365439704,26.24307694464239,1.0100117795263155
4580000,9160.000000948638,-46770.24671551288,6057.0946702875,-40713.15204522538,274.2334051241189,26.11793670220416,1.0148511020346944
4585000,9170.000000950675,-46888.881874449784,6270.239054909958,-40618.642819539826,283.88346238091384,26.55113639939088,0.9982931218609672
4590000,9180.000000952712,-46756.966241422284,6047.369386066342,-40709.59685535594,273.79309537944033,26.145951858951424,1.0137636980322693
4595000,9190.00000095475,-46553.4952449234,6018.7450447609535,-40534.750200162445,272.4971356804583,26.80488941866598,0.9888426111784878
4600000,9200.000000956787,-46538.87920259492,5990.685537340643,-40548.19366525428,271.22674869051684,26.37643863523264,1.0049050674225148
4605000,9210.000000958824,-46913.76064439694,5984.8589267450425,-40928.9017176519,270.96295039266255,26.331505287837484,1.0066198857741457
4610000,9220.000000960861,-46815.948135263636,6188.562041628937,-40627.3860936347,280.18555658751484,25.77806371364213,1.0282314893603517
4615000,9230.000000962898,-47019.52772417484,6039.549923863998,-40979.977800310844,273.43907123705617,26.39657130078814,1.0041386263038217
4620000,9240.000000964936,-46965.24079920817,6162.3461220934005,-40802.894677114775,278.99863756543704,26.571615766508263,0.9975237139516778
4625000,9250.000000966973,-46635.34907691588,6169.396855127687,-40465.9522217882,279.3178576922246,26.49709228267686,1.0003292648994975
4630000,9260.00000096901,-46587.58345260902,6111.950943089117,-40475.6325095199,276.7170087825856,26.84752120972079,0.9872724054504972
4635000,9270.000000971047,-46684.34267247503,6176.712635019656,-40507.630037455376,279.649077747403,26.380873590280913,1.0047361303027282
4640000,9280.000000973085,-46712.89976294298,6050.835267578977,-40662.064495364,273.9500122745368,26.239087096614522,1.0101653593170998
4645000,9290.000000975122,-46833.727040244325,6097.127558730894,-40736.59948151343,276.045883863908,26.89197975872068,0.9856402199807855
4650000,9300.00000097716,-46763.32817085786,6048.909654292931,-40714.418516564925,273.8628306277029,26.51110481936331,0.9998005373863121
4655000,9310.000000979197,-46969.54350034491,6173.053628456921,-40796.489871887985,279.4834171652773,26.236497846526863,1.010265051385777
4660000,9320.000000981234,-46950.92905520758,6110.450534888378,-40840.47852031921,276.64907818675334,26.194387284829176,1.0118891714048788
4665000,9330.000000983271,-46336.65245989151,6282.642672292624,-40054.00978759889,284.44503297141335,26.921599645309993,0.9845557914208809
4670000,9340.000000985308,-47171.50194327545,6149.370428221103,-41022.131515054345,278.4111663588364,25.997575735517714,1.019549557803277
4675000,9350.000000987346,-46892.39612619928,6057.956024073797,-40834.44010212548,274.27240269551095,26.847716186346496,0.9872652355653221
4680000,9360.000000989383,-46928.108931811,6262.705501053793,-40665.40343075721,283.5423826654528,26.62319134605632,0.9955912685513031
4685000,9370.00000099142,-46890.85784719506,6256.421241739942,-40634.43660545512,283.25786443945015,26.112701860803593,1.0150545503255937
4690000,9380.000000993457,-46728.91319724341,5986.289309329483,-40742.62388791393,271.0277105967065,26.46309764018224,1.001614293439978
4695000,9390.000000995495,-46313.201395330834,6036.617777680558,-40276.58361765028,273.30631907187205,26.48869871884493,1.000646242627509
4700000,9400.000000997532,-46447.73087169946,6356.406611020778,-40091.32426067868,287.78467634730737,26.846812021704846,0.9872984853350605
4705000,9410.00000099957,-46799.23024899635,6111.225117878695,-40688.00513111765,276.6841472326489,26.39351711250377,1.0042548225809327
4710000,9420.000001001607,-46891.27930983191,6087.0704925078435,-40804.20881732406,275.59055277432884,26.52906267254747,0.9991237599409329
4715000,9430.000001003644,-46835.64780656103,6155.563302651519,-40680.08450390951,278.6915471577184,26.258224918139586,1.009429118980303
4720000,9440.000001005681,-46741.425373019476,6205.466061979797,-40535.95931103968,280.9508817662417,26.585308673302563,0.9970099339761248
4725000,9450.000001007718,-46697.16303501581,6284.201352355041,-40412.96168266077,284.515601810813,26.48974244785723,1.0006068159129407
4730000,9460.000001009756,-46894.443048670364,6059.238491701582,-40835.20455696878,274.3304660878918,26.908277892319006,0.9850432254035253
4735000,9470.000001011793,-46713.32467371144,6183.234065213732,-40530.0906084977,279.9443338240784,26.592258092785276,0.99674938294524
4740000,9480.00000101383,-46720.71237680316,6237.240088753514,-40483.47228804965,282.38944266564533,26.37352161151316,1.005016214199221
4745000,9490.000001015867,-46718.71199355571,6098.830791848536,-40619.881201707176,276.1229973057471,26.019706186543424,1.0186824038317646
4750000,9500.000001017905,-46602.41873007268,6270.075477173653,-40332.34325289902,283.8760564409258,26.69338110607226,0.9929733794223129
4755000,9510.000001019942,-46735.31442783115,5947.379996282645,-40787.93443154851,269.266101444349,26.440753930607514,1.0024607057222168
4760000,9520.00000102198,-46660.958483202325,6217.910525698541,-40443.04795750378,281.51430166411376,26.581867160047015,0.9971390153112709
4765000,9530.000001024016,-46556.58652216132,6046.5151799662635,-40510.07134219506,273.75442141770566,26.687069209308323,0.9932082326919278
4770000,9540.000001026054,-47017.13947242155,5930.795378249941,-41086.34409417161,268.5152371235218,26.425450192666503,1.00304125953775
4775000,9550.000001028091,-46800.554249898996,6202.882677411481,-40597.67157248752,280.83391969358513,26.198057600467394,1.0117474069768975
4780000,9560.000001030128,-46616.89999278268,6088.895594382796,-40528.004398399884,275.673183792847,26.449318731076012,1.002136089575793
4785000,9570.000001032166,-46785.33129830903,6032.956533000894,-40752.37476530814,273.1405571595773,26.22032769096123,1.0108880849052648
4790000,9580.000001034203,-46435.510365180264,6070.475090575169,-40365.03527460509,274.8392002152009,26.312872795849042,1.0073326865809074
4795000,9590.00000103624,-46975.5035519728,6017.374284283021,-40958.12926768978,272.4350748519695,26.431568472307543,1.0028090793353612
4800000,9600.000001038277,-46855.49867306184,6044.872759060159,-40810.62591400168,273.6800612331212,26.30235279678448,1.0077355835765642
4805000,9610.000001040315,-47055.142086987966,6146.236211955336,-40908.90587503263,278.2692655225868,26.375435989758344,1.0049432682514354
4810000,9620.000001042352,-46616.05533067131,6246.745886058413,-40369.309444612896,282.8198151965766,26.883435791698616,0.9859534715160577
4815000,9630.00000104439,-46801.85726283671,6196.828337485847,-40605.02892535087,280.5598110088175,26.744990112377113,0.9910572684354014
4820000,9640.000001046426,-46557.9393026976,6299.438909428541,-40258.50039326906,285.20547829277336,26.204593485203407,1.0114950594471526
4825000,9650.000001048464,-46874.40404391551,6165.742107329515,-40708.661936585995,279.1523899245704,26.426415621786663,1.0030046157017285
4830000,9660.000001050501,-46859.13807616028,5957.541549543865,-40901.59652661641,269.72616315773837,26.6319252885866,0.9952647642963927
4835000,9670.000001052538,-46717.103654439445,6173.031741925223,-40544.07191251422,279.4824262581773,25.916574071273885,1.0227361368138361
4840000,9680.000001054575,-47090.1018216419,6010.203181219262,-41079.898640422645,272.11040500302073,26.845560517931556,0.9873445118569851
4845000,9690.000001056613,-46652.253743503534,5937.24107553379,-40715.01266796974,268.80706441214255,26.407706794615613,1.003715205233522
4850000,9700.00000105865,-46413.317456573364,6016.036773785474,-40397.28068278789,272.3745194078008,26.17373560481354,1.0126875752588282
4855000,9710.000001060687,-47150.52804320323,5982.517453418372,-41168.010589784855,270.8569407893242,26.430250182510576,1.0028590975140945
4860000,9720.000001062725,-46736.808802130574,6095.55803340819,-40641.250768722384,275.97482400813504,26.311671899186624,1.0073786624681826
4865000,9730.000001064762,-46760.36684983369,6356.54492267443,-40403.82192715926,287.79093837189413,26.49816487685145,1.000288773516521
4870000,9740.000001066799,-46869.88853333559,6077.305553448301,-40792.58297988729,275.1484476670298,26.649548551677466,0.9946065988211973
4875000,9750.000001068836,-46786.35054705234,6085.707764227303,-40700.64278282503,275.52885560151356,26.596200759427926,0.9966016230986826
4880000,9760.000001070874,-46828.4839356349,6160.146856387369,-40668.337079247525,278.8990663755898,26.585823995806635,0.996990608577151
4885000,9770.00000107291,-46549.128336703696,6246.012945483259,-40303.11539122044,282.78663150032963,26.50619086736578,0.9999858892489166
4890000,9780.000001074948,-47026.467770471354,6153.054135822677,-40873.41363464868,278.5779452741498,26.226641820601106,1.0106447110694852
4895000,9790.000001076985,-46673.30178979557,6109.708802914591,-40563.59298688098,276.61549646219174,26.2292929955567,1.010542558260889
4900000,9800.000001079023,-46192.29816981504,6098.269525825313,-40094.028643989725,276.0975861307354,26.974448829748148,0.9826268188980736
4905000,9810.00000108106,-46850.173824352794,6152.279283623608,-40697.89454072919,278.54286403989715,26.54114883707601,0.9986687843774732
4910000,9820.000001083097,-46666.3453545213,6190.459702304142,-40475.885652217155,280.271472687074,26.886806210012185,0.9858298764854405
4915000,9830.000001085134,-46786.48430728284,5820.23740728387,-40966.246899998965,263.50975339047653,26.395288034300318,1.0041874447689427
4920000,9840.000001087172,-46792.11293895746,6084.24486427018,-40707.868074687285,275.46262318177514,26.74503662106441,0.991055545021325
4925000,9850.000001089209,-46720.479575992445,6276.920775271183,-40443.558800721265,284.1859755537282,26.693716620986848,0.9929608986807467
4930000,9860.000001091246,-46918.01008074137,6148.50928248403,-40769.50079825734,278.3721782068195,26.49065679217378,1.000572279239788
4935000,9870.000001093284,-46359.66142607172,6266.042512323067,-40093.61891374865,283.6934649933879,26.386908555359742,1.0045063365227145
4940000,9880.00000109532,-46581.906931953155,6074.065618825169,-40507.84131312799,275.0017604593097,26.463997709996228,1.001580227430728
4945000,9890.000001097358,-46795.23977414757,6013.153178491034,-40782.08659565654,272.24396537164324,26.47832470147468,1.0010382886356883
4950000,9900.000001099395,-46676.65477093507,6021.5680199949975,-40655.08675094007,272.62494515895474,26.30496312096367,1.0076355828068257
4955000,9910.000001101433,-46884.06686482526,6063.345401510223,-40820.721463315036,274.51640537440915,26.782052002543377,0.9896858105789332
4960000,9920.00000110347,-46807.98964117566,6172.873737917091,-40635.11590325857,279.4752726673005,26.456445522522433,1.0018661358926626
4965000,9930.000001105507,-46877.596460583736,6206.225616874663,-40671.370843709075,280.9852704189764,26.403930524890608,1.0038587558059824
4970000,9940.000001107544,-46625.834655069455,5939.271113579502,-40686.56354148995,268.8989738631435,26.68607608007719,0.9932451951934784
4975000,9950.000001109582,-46532.15268630278,6233.919418136211,-40298.23326816657,282.23910015653024,26.239990765861087,1.0101305706093862
4980000,9960.000001111619,-46890.40462530445,6379.57140111656,-40510.83322418789,288.8334562678382,26.554816157834388,0.9981547862188589
4985000,9970.000001113656,-46603.784390805,6280.414866878962,-40323.369523926034,284.34416965363505,26.467316284231103,1.0014546454374038
4990000,9980.000001115694,-46682.56440905656,6033.112364899584,-40649.45204415698,273.14761240875714,26.6168736923586,0.9958275773279041
4995000,9990.00000111773,-46881.58354191226,6356.30444316333,-40525.27909874893,287.7800507238084,26.463664826404013,1.0015928262006333
5000000,10000.000001119768,-46470.25205319055,6093.317780265237,-40376.93427292531,275.8733971226109,26.44850925200034,1.0021667608014473
5005000,10010.000001121805,-46930.19159288955,6050.5386760911215,-40879.652916798426,273.9365841711188,26.535127602146183,0.9988953979237876
5010000,10020.000001123843,-46476.85317650752,6156.576991735551,-40320.27618477197,278.73744167058027,26.64814691675372,0.9946589129782998
5015000,10030.00000112588,-46592.50225393579,5977.321573744497,-40615.18068019129,270.6216986719158,26.555548438865404,0.9981272616577432
5020000,10040.000001127917,-46806.86386717827,6251.459948921841,-40555.40391825643,283.03324318167125,27.074527548646753,0.9789946213273484
5025000,10050.000001129954,-47039.37173025176,6100.838231568227,-40938.53349868354,276.213883623343,26.469568486886274,1.0013694351774556
5030000,10060.000001131992,-46631.41791420046,6052.393972146207,-40579.02394205425,274.0205822233855,26.81793865178681,0.9883614542215484
5035000,10070.000001134029,-46647.224429815484,6150.833476769446,-40496.39095304604,278.47740550600406,26.812565978102135,0.9885595010470697
5040000,10080.000001136066,-46960.91395142587,6113.731773550715,-40847.182177875155,276.79763542423746,26.6948341415425,0.9929193305552678
5045000,10090.000001138103,-46731.50193471613,6360.197145762924,-40371.3047889532,287.9562918339662,26.66594145617382,0.9939951637810087
5050000,10100.00000114014,-46714.26526825316,6128.368478725796,-40585.89678952737,277.46030849085633,26.300741504403106,1.0077973216331884
5055000,10110.000001142178,-46683.64735934755,6144.487205370302,-40539.16015397725,278.1900796987707,26.597328479158932,0.9965593674520223
5060000,10120.000001144215,-46789.973558592144,6220.588850763154,-40569.38470782899,281.63556214335,26.154881056232092,1.0134176021721413
5065000,10130.000001146253,-46820.7772698474,6114.465770769965,-40706.311499077434,276.8308669597744,26.618416626367924,0.9957698542763023
5070000,10140.00000114829,-46403.321918696165,6103.706694946385,-40299.61522374978,276.3437525658783,26.460095990664502,1.0017279171797377
5075000,10150.000001150327,-46718.028588411165,6109.842960917227,-40608.185627493935,276.6215704312958,26.692908695727397,0.9929909530371617
5080000,10160.000001152364,-46568.9972059736,6129.981742002721,-40439.01546397088,277.5333485712703,26.494346268503357,1.0004329443151638
5085000,10170.000001154402,-46799.502100665704,6287.747496918635,-40511.75460374707,284.6761525949219,26.238273203926582,1.010196693932498
5090000,10180.000001156439,-46819.098678543,5906.371813121899,-40912.7268654211,267.40946648678585,26.28635290352246,1.0083489688503884
5095000,10190.000001158476,-46878.703637316066,6058.232138977218,-40820.47149833885,274.2849037268291,26.173095707183695,1.0127123341328428
5100000,10200.000001160513,-46923.318246998475,5978.55936388178,-40944.758883116694,270.6777393023918,26.430713681681983,1.0028415109908422
5105000,10210.00000116255,-46651.69161876914,6100.598301268594,-40551.09331750055,276.20302084066543,26.524667275849755,0.9992893245163292
5110000,10220.000001164588,-46898.82485514373,6062.149793424275,-40836.675061719456,274.46227452547066,26.15706950138784,1.0133328140485285
5115000,10230.000001166625,-46595.4699477714,6000.391971225671,-40595.077976545734,271.6662049910698,26.595206904667812,0.9966388657969856
5120000,10240.000001168662,-46845.181507572066,6195.008218990288,-40650.17328858178,280.47740561152114,26.19728144525312,1.0117773823400698
5125000,10250.0000011707,-46668.395385009004,6258.982981541027,-40409.41240346798,283.373846550831,26.914505020972747,0.9848153188940315
5130000,10260.000001172737,-47024.044796300004,6002.13211150025,-41021.912684799754,271.74498939495766,26.086488123801917,1.0160745562726692
5135000,10270.000001174774,-47049.57206801482,6033.111195834401,-41016.460872180425,273.1475594796313,26.872942907039477,0.9863384496738903
5140000,10280.000001176812,-46888.768473658885,6132.257626453816,-40756.51084720507,277.63638865511683,26.318475942736015,1.0071182276198625
5145000,10290.000001178849,-46663.25614626502,6247.232000737288,-40416.02414552773,282.84182391377936,26.67242826507234,0.9937534213865997
5150000,10300.000001180886,-46559.792039568594,6175.803802686913,-40383.98823688168,279.6079305970179,26.74499230888051,0.9910571870421959
5155000,10310.000001182923,-46887.215567684965,6142.356256040554,-40744.85931164441,278.0936015153093,26.39877330694982,1.0040548678876031
5160000,10320.00000118496,-46538.16011489701,6121.229637438566,-40416.930477458445,277.13709928555187,26.45839148590371,1.001792450581353
5165000,10330.000001186998,-46525.64767617121,6109.606958672843,-40416.04071749837,276.61088549031047,26.739086026341887,0.9912760974325077
5170000,10340.000001189035,-46695.511908789456,6193.564207183472,-40501.94770160598,280.4120283479355,26.32170842061357,1.0069945469172712
5175000,10350.000001191072,-46936.46539163904,6461.487506858579,-40474.977884780455,292.54218691098583,26.091407467341302,1.0158829828663594
5180000,10360.00000119311,-46851.71587671654,6147.897916381607,-40703.817960334934,278.3444987635928,26.328042238702746,1.0067522911422637
5185000,10370.000001195147,-46525.176359907025,6082.056271910354,-40443.12008799667,275.3635352249354,26.327897254853326,1.0067578351787347
5190000,10380.000001197184,-46776.94473604375,6072.552256192366,-40704.39247985138,274.9332433548938,26.75398590233622,0.9907240342378194
5195000,10390.000001199222,-46626.47754718037,6077.566420476942,-40548.91112670343,275.16025835473454,26.584531079338564,0.9970390963828039
5200000,10400.000001201259,-46832.00278352399,6119.7051253282225,-40712.29765819576,277.0680773914046,26.200185559643135,1.011665233620785
5205000,10410.000001203296,-46685.31764165743,6181.5137489780145,-40503.80389267941,279.8664469484571,26.585184234679865,0.9970146007311831
5210000,10420.000001205333,-47133.206967118254,6230.356950812069,-40902.85001630618,282.0778103636308,26.697917977913445,0.9928046399360401
5215000,10430.00000120737,-46710.88907696819,6032.835030832246,-40678.05404613594,273.13505618010583,26.451082835996626,1.0020692540054796
5220000,10440.000001209408,-46576.326928425755,6035.846152066325,-40540.48077635943,273.27138392041894,26.765097839424048,0.9903127201000608
5225000,10450.000001211445,-46925.69006939692,6244.585910820786,-40681.104158576134,282.7220228725927,26.373582575601148,1.0050138910451047
5230000,10460.000001213482,-46439.00516807579,6141.749957812648,-40297.255210263145,278.06615151879936,26.54867067389239,0.9983858390005854
5235000,10470.00000121552,-46412.017969688924,6075.659456417457,-40336.358513271465,275.0739210468422,26.158031280042202,1.0132955558214136
5240000,10480.000001217557,-47019.86342079454,6311.559605564533,-40708.303815230014,285.7542396965125,26.51515819365111,0.9996476978006844
5245000,10490.000001219594,-46468.002631861134,6105.2864454272085,-40362.71618643393,276.4152753630582,26.56398168911459,0.9978103868354139
5250000,10500.000001221631,-47003.45678194187,6193.861657382242,-40809.59512455963,280.4254953292696,26.257634611519492,1.0094518122921825
5255000,10510.000001223669,-46645.14798664086,6100.228977295703,-40544.91900934516,276.18629979267246,26.3080091606677,1.0075189149900525
5260000,10520.000001225706,-47100.34496696771,6402.249076243773,-40698.09589072393,289.86018218330736,26.784260630990413,0.9896042011492392
5265000,10530.000001227743,-46527.14071399823,6061.623774971989,-40465.516939026245,274.4384591751781,26.543022665350236,0.9985982824671088
5270000,10540.00000122978,-46806.35938986571,6041.266857039736,-40765.09253282598,273.51680494550607,26.198544036787514,1.0117286215556598
5275000,10550.000001231818,-46650.10837544408,6001.245914801077,-40648.862460643,271.7048670670673,26.46357741051312,1.0015961347151192
5280000,10560.000001233855,-46489.4700510237,6314.4769862235635,-40174.99306480014,285.8863233563724,26.789473631972076,0.9894116326895928
5285000,10570.000001235892,-46849.650582862145,6285.521500011162,-40564.12908285098,284.57537115679673,26.49103227052334,1.0005580973376182
5290000,10580.00000123793,-47053.830161438906,6053.927204424746,-40999.90295701416,274.08999892090765,26.30466805340038,1.0076468857655059
5295000,10590.000001239967,-46738.00069885224,6287.5832545298745,-40450.41744432236,284.66871656296485,26.781692909314074,0.989699080444842
5300000,10600.000001242004,-47100.159422872355,6248.971513921665,-40851.18790895069,282.92057992631953,26.6364618096959,0.9950952583145237
5305000,10610.000001244041,-46807.58470800513,6119.317056773998,-40688.26765123113,277.0505076873073,26.414753963593576,1.0034474249366934
5310000,10620.000001246079,-46667.43526597851,6071.186650079852,-40596.24861589866,274.8714158889752,26.763133827986408,0.9903853941569039
5315000,10630.000001248116,-46651.29773870093,6169.372153246317,-40481.92558545461,279.31673932089154,26.518212479161733,0.9995325614776189
5320000,10640.000001250153,-46862.14854695863,6329.564159032434,-40532.584387926196,286.56939122938553,25.99837014859238,1.0195184041773242
5325000,10650.00000125219,-46709.770627695834,6062.243419208311,-40647.527208487525,274.4665134087904,26.245442051860657,1.0099207623452917
5330000,10660.000001254228,-46656.40519794106,6155.687450371657,-40500.717747569404,278.69716791385395,26.480466505726916,1.0009573222349344
5335000,10670.000001256265,-47009.602084908984,6022.66936050205,-40986.932724406935,272.6748080674762,26.352740708752506,1.0058087368613216
5340000,10680.000001258302,-47116.99912878277,6213.408686993518,-40903.59044178925,281.31048207327035,26.256079092773994,1.0095116163935924
5345000,10690.00000126034,-46928.11052052735,6005.201525154114,-40922.90899537323,271.8839563096012,26.60680770443527,0.9962043225759041
5350000,10700.000001262377,-46719.77186179691,5969.203467905497,-40750.56839389141,270.2541535156038,26.26869073583197,1.009026948151202
5355000,10710.000001264414,-47025.6970613671,5957.1594068099575,-41068.53765455714,269.7088617436336,26.343710934267037,1.0061534956575302
5360000,10720.000001266451,-46823.080698800215,5987.636861644474,-40835.44383715574,271.08872068158036,26.774196638065064,0.9899761775642142
5365000,10730.000001268489,-47051.765789591416,6331.26217288023,-40720.50361671118,286.64626837012315,26.79888673935884,0.9890641019119601
5370000,10740.000001270526,-46952.98456778994,6077.87388054976,-40875.11068724019,275.1741785305447,26.374947074524236,1.0049618969930163
5375000,10750.000001272563,-46998.87073239137,6098.597206195802,-40900.27352619557,276.1124217753279,26.77825968902522,0.9898259690105032
5380000,10760.0000012746,-46848.37500089395,6152.069912333243,-40696.30508856071,278.5333848085136,26.35218655799153,1.0058298876556095
5385000,10770.000001276638,-46778.64760580938,6081.759965774627,-40696.88764003476,275.3501200407616,26.742293810504165,0.9911571921587745
5390000,10780.000001278675,-46657.41273287649,6201.656301700998,-40455.75643117549,280.77839584835,26.365361506118532,1.0053272677089278
5395000,10790.000001280712,-46456.09034881409,6257.584325839409,-40198.50602297468,283.31052277325614,26.477580996471076,1.0010664059015426
5400000,10800.00000128275,-46797.59643146838,6068.303021518426,-40729.293409949954,274.74086034666345,26.101263728656004,1.0154993689445058
5405000,10810.000001284787,-46708.603299013805,6230.170424377711,-40478.43287463609,282.0693654272341,26.65941315312048,0.9942385713018513
5410000,10820.000001286824,-47124.5219260563,6105.546840212744,-41018.97508584356,276.42706467007764,26.596161906138686,0.996603078994885
5415000,10830.000001288861,-46811.24835608131,6201.329872087854,-40609.91848399346,280.763616831475,26.474053583108002,1.0011997883851285
5420000,10840.000001290899,-46828.46613679698,6101.316707468088,-40727.14942932889,276.23554649678834,26.401171345667528,1.0039636688110025
5425000,10850.000001292936,-46560.30577223323,6114.70836162962,-40445.59741060361,276.84185019862355,26.324404629409905,1.0068914081153313
5430000,10860.000001294973,-46815.79388734384,6044.616543050211,-40771.17734429363,273.66846111909285,26.166025471606396,1.0129859757977613
5435000,10870.00000129701,-46721.35133476806,6185.537390702348,-40535.81394406571,280.0486162938491,26.577733730130937,0.9972940926507544
5440000,10880.000001299048,-46588.53711961134,6099.3796166296725,-40489.15750298167,276.14784520671947,26.216886187663455,1.0110207846718573
5445000,10890.000001301085,-46567.94661445392,5994.574296460557,-40573.37231799336,271.40281126064514,26.234015010932143,1.0103606647346537
5450000,10900.000001303122,-46826.38830079115,6050.627570191083,-40775.760730600065,273.9406088286575,26.378431261784044,1.004829156899288
5455000,10910.00000130516,-46898.2762121383,6179.605672758988,-40718.67053937931,279.78005928782716,26.331891628379537,1.0066051166843364
5460000,10920.000001307197,-46851.68191929191,6065.273714273189,-40786.40820501871,274.6037092393671,26.61630756815349,0.9958487584062408
5465000,10930.000001309234,-46896.439911542344,6215.177158187871,-40681.26275335447,281.39054915227285,26.515178536681095,0.9996469308489151
5470000,10940.000001311271,-46457.11371061613,5956.216359735952,-40500.89735088018,269.6661655296276,26.608959759725824,0.996123752467105
5475000,10950.000001313309,-46955.87482598418,6316.004955741209,-40639.86987024297,285.955501783747,26.047145391249586,1.017609279134626
5480000,10960.000001315346,-46697.470752194524,6234.109835904768,-40463.360916289756,282.24772127208314,26.350124660140374,1.005908593867088
5485000,10970.000001317383,-46802.16981561924,6059.204708112211,-40742.96510750703,274.32893654456205,26.34268260967958,1.006192772309558
5490000,10980.00000131942,-46650.10562051489,6271.639840645645,-40378.46577986925,283.9468825952339,26.353366651356712,1.0057848469899282
5495000,10990.000001321458,-46691.18703794485,5999.411739382682,-40691.77529856217,271.6218252462009,26.528601636109894,0.9991411235572026
5500000,11000.000001323495,-46586.06506821263,5955.152485113625,-40630.912583099,269.6179988794121,27.102368018828805,0.9779889649011453
