#"Step","Time (ps)","Potential Energy (kJ/mole)","Kinetic Energy (kJ/mole)","Total Energy (kJ/mole)","Temperature (K)","Box Volume (nm^3)","Density (g/mL)"
505000,1009.9999999899404,-45917.07780658937,6304.538632269939,-39612.53917431943,285.4363669342942,26.394053715672673,1.004234405621644
510000,1019.999999989704,-45532.66610336793,6670.810071476324,-38861.8560318916,302.0192122488964,26.368307480724,1.0052149484558617
515000,1029.9999999894676,-45795.94763304264,6435.134586685735,-39360.8130463569,291.3490652202495,26.693738599294342,0.9929600811257279
520000,1039.9999999892311,-46012.839723888435,6508.527389865219,-39504.31233402321,294.67190552952263,26.59168076508733,0.9967710232105457
525000,1049.9999999889947,-45592.34222556639,6570.397944725249,-39021.94428084114,297.4730790062084,26.40499734860432,1.0038181975619587
530000,1059.9999999887582,-45428.29546903883,6418.514949810682,-39009.780519228145,290.5966154303314,26.72766121528636,0.9916998210806715
535000,1069.9999999885217,-45583.07356981875,6208.941342910158,-39374.132226908594,281.108224217561,26.993620307939626,0.9819289351605845
540000,1079.9999999882853,-46055.034649690206,6499.852472085859,-39555.18217760435,294.2791508556563,26.80426364290572,0.9888656968243026
545000,1089.9999999880488,-46123.088425689086,6419.206470252743,-39703.88195543634,290.6279238406935,26.612705547069687,0.9959835462134299
550000,1099.9999999878123,-45675.60933917051,6819.775721679391,-38855.83361749112,308.76359379242876,26.518253587671126,0.9995310120055334
555000,1109.9999999875758,-45660.89916152402,6044.431685817714,-39616.46747570631,273.66009175538164,26.843850413198197,0.9874074112733203
560000,1119.9999999873394,-45982.16739475913,6691.107659504341,-39291.05973525479,302.938180332396,26.528739104374004,0.999135946145818
565000,1129.999999987103,-45556.88944193785,6628.193696753455,-38928.69574518439,300.089766831504,26.67309651275695,0.9937285246363258
570000,1139.9999999868664,-45936.38825206191,6488.492680635147,-39447.895571426765,293.7648392160661,26.50928616799476,0.999869128015425
575000,1149.99999998663,-45532.4317189047,6803.124609191059,-38729.30710971364,308.0097189522055,26.721473593195668,0.9919294590046001
580000,1159.9999999863935,-46034.782770024496,6349.815382842359,-39684.967387182136,287.48626018482196,26.54914351831741,0.9983680575916419
585000,1169.999999986157,-45855.57231931208,6518.129622221004,-39337.44269709107,295.10664413260844,26.911456696065994,0.9849268712748274
590000,1179.9999999859206,-45715.2168290033,6614.770741486725,-39100.446087516575,299.48204598017224,26.473647856848164,1.0012151324377383
595000,1189.999999985684,-45885.02157837455,6517.108897134784,-39367.912681239766,295.06043106655505,26.4968959091845,1.0003366785283214
600000,1199.9999999854476,-45894.89683253894,6574.998515463383,-39319.89831707556,297.6813686644866,26.444453343479815,1.002320467767945
605000,1209.9999999852112,-45768.37288353982,6595.59314790826,-39172.779735631564,298.61378535764857,26.774079818745104,0.9899804969785366
610000,1219.9999999849747,-45309.27129449922,6532.754414778256,-38776.51687972097,295.76877785851553,26.413889252320836,1.0034802747866967
615000,1229.9999999847382,-45736.18382720463,6481.565589325615,-39254.61823787901,293.45121693660315,26.70899440029724,0.9923929163281903
620000,1239.9999999845018,-45731.99811474461,6509.135013675058,-39222.86310106955,294.69941554141394,26.341447481574445,1.0062399518342648
625000,1249.9999999842653,-45262.036448656814,6450.508078573673,-38811.52837008314,292.0450961160118,26.34082091034004,1.006263887345268
630000,1259.9999999840288,-45738.0921063947,6444.644453981751,-39293.44765241295,291.77962201898305,26.161730604074727,1.0131522736869696
635000,1269.9999999837923,-45725.55047298613,6651.438393987861,-39074.11207899827,301.1421645272078,26.97552666148718,0.9825875571484766
640000,1279.9999999835559,-45553.577040694305,6545.957819461096,-39007.61922123321,296.3665586135644,26.502126289686142,1.000139255068737
645000,1289.9999999833194,-45808.5672716971,6672.578929905021,-39135.98834179208,302.0992968598343,26.28333052915148,1.0084649209774248
650000,1299.999999983083,-45615.46443334693,6524.521703427685,-39090.94272991925,295.39604396710945,26.003764755121324,1.0193069001627577
655000,1309.9999999828465,-45840.53655409708,6587.70961046668,-39252.8269436304,298.256860225269,26.712166820350944,0.9922750566573487
660000,1319.99999998261,-45554.606004428875,6614.421248732332,-38940.184755696544,299.46622278550217,26.564192402568498,0.9978024719675435
665000,1329.9999999823735,-45712.43659397529,6647.187602775017,-39065.24899120027,300.94971104707844,26.567089217725144,0.9976936738489222
670000,1339.999999982137,-45751.44151498942,6622.1379651840325,-39129.30354980539,299.8155951404214,26.33122622075577,1.0066305542660559
675000,1349.9999999819006,-45527.055757823924,6612.8806213137195,-38914.1751365102,299.39647127491304,26.633937475761307,0.9951895722976137
680000,1359.9999999816641,-45908.344124543364,6618.655036214879,-39289.68908832849,299.65790642611057,26.228417818174613,1.0105762775647662
685000,1369.9999999814277,-45588.19307345181,6719.432608678651,-38868.76046477316,304.22058512955755,26.618286845629132,0.9957747092749766
690000,1379.9999999811912,-45805.809149115,6485.769125069541,-39320.040024045455,293.6415309375172,26.649249445112474,0.9946177621135782
695000,1389.9999999809547,-45828.55094864854,6628.353925817901,-39200.19702283064,300.09702116123384,26.67092842478872,0.9938093051334886
700000,1399.9999999807183,-45631.14632681379,6624.984268947268,-39006.16205786652,299.94446081208383,26.796665896071158,0.9891460731683968
705000,1409.9999999804818,-45542.3390866351,6413.081955439174,-39129.257131195925,290.35063800590257,26.69297305941675,0.9929885586781257
710000,1419.9999999802453,-46123.954396357876,6365.375015125964,-39758.57938123191,288.1907185391785,26.67890497262683,0.9935121727184778
715000,1429.9999999800089,-45606.11187688372,6545.398985250304,-39060.71289163342,296.34125753823577,26.769056075123135,0.9901662864286245
720000,1439.9999999797724,-45675.67292327131,6573.951961944461,-39101.72096132685,297.633986222778,26.74570458088173,0.9910307939335831
725000,1449.999999979536,-45688.13108929101,6479.101639055905,-39209.0294502351,293.3396622211331,26.50366765931811,1.0000810901273665
730000,1459.9999999792994,-45419.39056886401,6332.090889823602,-39087.29967904041,286.6837883168362,26.24861939060606,1.0097985136159304
735000,1469.999999979063,-45725.410055303946,6603.514500411224,-39121.89555489272,298.97242255721756,26.702869605893323,0.9926205399008672
740000,1479.9999999788265,-45806.732174563105,6453.58342262947,-39353.14875193364,292.1843315280793,26.801039681817574,0.9889846498412681
745000,1489.99999997859,-45650.46789863444,6539.448956369817,-39111.01894226462,296.0718715092396,26.466589338002866,1.001482151953939
750000,1499.9999999783536,-45954.44158540532,6241.788607462182,-39712.652977943144,282.59537568166166,26.30717661485645,1.0075508000404596
755000,1509.999999978117,-46073.675490136375,6413.556735146589,-39660.11875498979,290.37213353518445,26.18870522352967,1.0121087170544691
760000,1519.9999999778806,-45798.59482406039,6483.351718356887,-39315.2431057035,293.53208346963584,26.796258095401456,0.9891611265549418
765000,1529.9999999776442,-45689.311300144356,6562.4061417169,-39126.90515842746,297.1112521781069,26.439620526075494,1.0025036788619377
770000,1539.9999999774077,-45858.78986933484,6478.297601016238,-39380.4922683186,293.3032596054453,26.815267487616474,0.9884599084213836
775000,1549.9999999771712,-45908.57187128393,6388.748724581559,-39519.82314670237,289.2489572300533,26.600646105591455,0.996435076798107
780000,1559.9999999769348,-45944.61275943392,6661.356942860195,-39283.25581657373,301.5912242793185,26.616643570117905,0.9958361870563558
785000,1569.9999999766983,-45608.72277405445,6461.581700641664,-39147.141073412786,292.5464515103165,26.76303873562836,0.9903889131176405
790000,1579.9999999764618,-45686.25798690651,6460.553292423189,-39225.70469448332,292.4998905924241,26.503081899822067,1.0001031934811413
795000,1589.9999999762254,-45951.15751226182,6326.698786559984,-39624.45872570184,286.4396622268122,26.13713267976076,1.014105761709241
800000,1599.9999999759889,-45719.423428122245,6610.742356527977,-39108.68107159427,299.29966188606073,26.82469220427455,0.9881126181526343
805000,1609.9999999757524,-45692.04570165585,6551.394808667466,-39140.650892988386,296.6127169031153,26.619747038875943,0.9957200872868827
810000,1619.999999975516,-45660.74987157708,6468.583353891802,-39192.16651768528,292.8634495624854,26.297277360564376,1.0079300789081929
815000,1629.9999999752795,-46084.15622487158,6424.3119002573185,-39659.844324614256,290.85907087256095,26.161599936281565,1.013157334018603
820000,1639.999999975043,-45850.592836167896,6564.342780858404,-39286.250055309494,297.1989330177141,26.468781859806114,1.0013991949268513
825000,1649.9999999748065,-45656.34544582706,6464.42387880931,-39191.92156701775,292.67513039669853,26.72131743117361,0.9919352559384698
830000,1659.99999997457,-46117.18722267356,6495.758622235536,-39621.42860043802,294.0938028553967,26.655722226464498,0.9943762401151006
835000,1669.9999999743336,-45628.93361307902,6671.79951650992,-38957.1340965691,302.0640091186031,26.361065742444662,1.005491094482821
840000,1679.9999999740971,-45883.970515811874,6315.2117629532495,-39568.75875285862,285.9195901840441,26.817118079319066,0.9883916969267905
845000,1689.9999999738607,-46131.515923662286,6267.250958770848,-39864.26496489144,283.7481770958602,26.59301874578589,0.9967208724396729
850000,1699.9999999736242,-46215.17180936114,6362.232899730552,-39852.93890963059,288.04846007186353,26.489453429939513,1.0006177332125048
855000,1709.9999999733877,-45933.70617073745,6427.547066556095,-39506.15910418136,291.00554219562093,26.638304004707617,0.9950264416390805
860000,1719.9999999731513,-45734.46985955135,6504.242038429847,-39230.2278211215,294.4778873441968,26.5131535016757,0.9997232823861955
865000,1729.9999999729148,-46112.37632160931,6534.528213761171,-39577.848107848135,295.8490861517764,26.515540146721733,0.9996332979994508
870000,1739.9999999726783,-45686.696545884886,6510.908787966453,-39175.787757918435,294.7797227167726,26.727641884774233,0.9917005383181106
875000,1749.9999999724419,-45990.65150656097,6536.899945348504,-39453.75156121247,295.9564656900929,26.41218637343146,1.0035449723983096
880000,1759.9999999722054,-45690.32104334084,6747.131809195262,-38943.189234145575,305.4746593169972,26.590273334832087,0.9968237825664933
885000,1769.999999971969,-45491.24746170896,6451.740451595819,-39039.50701011314,292.10089148799176,26.934179732893828,0.9840959371312727
890000,1779.9999999717324,-46040.49959126563,6582.019328269144,-39458.48026299648,297.99923416061426,26.76753992538086,0.9902223707891659
895000,1789.999999971496,-45678.64457574056,6631.064666264722,-39047.57990947584,300.219749238572,26.70231152013054,0.9926412859471692
900000,1799.9999999712595,-45740.03892375843,6618.237805324927,-39121.801118433505,299.639016404755,26.5562414428789,0.9981012148167475
905000,1809.999999971023,-46009.1848978232,6514.444004293201,-39494.74089353,294.93977872776577,27.0559913852216,0.9796653342956847
910000,1819.9999999707866,-45971.420219328604,6498.986217487791,-39472.43400184081,294.23993140127044,26.620948753842306,0.9956751387862762
915000,1829.99999997055,-45883.2275037166,6619.235342084922,-39263.99216163167,299.6841796252957,26.414541713326468,1.0034554879947726
920000,1839.9999999703136,-46070.955353133555,6624.0828689389045,-39446.87248419465,299.90365015827564,26.70788945494806,0.9924339731080346
925000,1849.9999999700772,-45701.54177995684,6477.483672764112,-39224.05810719273,293.2664092129292,26.977255942366355,0.9825245718738318
930000,1859.9999999698407,-45855.760679860716,6566.281142105461,-39289.47953775525,297.28669182520787,26.49939407356672,1.0002423742791906
935000,1869.9999999696042,-45840.464569072414,6565.748924112201,-39274.71564496021,297.2625957922903,26.489342767318053,1.0006219134212178
940000,1879.9999999693678,-45631.64750382863,6636.131850612827,-38995.5156532158,300.4491647081681,26.621917277431418,0.9956389154425945
945000,1889.9999999691313,-45913.618781714,6490.610256274587,-39423.008525439414,293.8607119091347,26.5475977457978,0.9984261890249513
950000,1899.9999999688948,-45580.14582877542,6422.340195059894,-39157.80563371553,290.7698024262804,26.97040102393017,0.9827742947383813
955000,1909.9999999686584,-45800.780283604574,6710.737470895769,-39090.04281270881,303.82691500022634,26.350067968788828,1.0059107580481363
960000,1919.999999968422,-45921.22952880559,6678.825193367618,-39242.40433543797,302.3820948334326,25.820778443032193,1.0265305092789312
965000,1929.9999999681854,-45513.41046172613,6551.994975606074,-38961.41548612006,296.63988930707734,26.919177772045405,0.984644370253746
970000,1939.999999967949,-45449.46971108508,6578.745132983189,-38870.724578101894,297.85099581018636,26.6723376412702,0.9937567978328131
975000,1949.9999999677125,-45631.547527832096,6613.085786504582,-39018.46174132751,299.40576007622224,26.917689303579937,0.9846988181700694
980000,1959.999999967476,-45813.37692661275,6668.340743018245,-39145.03618359451,301.90741403732954,26.632587963744324,0.9952400000025301
985000,1969.9999999672395,-45869.51303454966,6363.422982698046,-39506.090051851614,288.10234077248344,26.283077576012577,1.0084746266280094
990000,1979.999999967003,-45777.91870207526,6565.4712912300665,-39212.44741084519,297.2500260348758,26.56038591018986,0.9979454716783825
995000,1989.9999999667666,-45954.86429992062,6801.177966732321,-39153.6863331883,307.9215852149804,26.568546809396782,0.9976389388270829
1000000,1999.9999999665301,-45760.96762877569,6631.447193441518,-39129.52043533417,300.2370680582298,26.81940948410994,0.9883072504190874
1005000,2009.9999999662937,-45685.39968538791,6426.177857190401,-39259.22182819751,290.94355159334026,26.86848797079747,0.9865019897626036
1010000,2019.9999999660572,-45664.55398181063,6621.765431140339,-39042.788550670295,299.7987287572975,26.2290872868581,1.0105504837137371
1015000,2029.9999999658207,-45866.79858118406,6518.7185601128285,-39348.08002107123,295.13330814436216,26.43430936070733,1.0027051012917039
1020000,2039.9999999655843,-46027.415729214845,6563.077276044298,-39464.338453170545,297.14163761236483,26.628963487703572,0.9953754624112142
1025000,2049.999999965348,-45982.95331322268,6331.332210291961,-39651.621102930716,286.6494392959466,26.452733377652415,1.0020067290095895
1030000,2059.9999999651113,-45979.195424521866,6487.771426579073,-39491.423997942795,293.73218462396824,26.65262387397803,0.994491835791932
1035000,2069.999999964875,-45838.40831591684,6465.044126528646,-39373.36418938819,292.70321195284924,26.654538371992395,0.9944204050802703
1040000,2079.9999999646384,-45468.789581203484,6469.111848840949,-38999.677732362536,292.8873770355372,27.273316442860374,0.9718589560105734
1045000,2089.999999964402,-45671.27093225159,6409.115603446728,-39262.15532880486,290.171062438404,26.795004754533103,0.9892073947335318
1050000,2099.9999999641655,-46060.74076674046,6508.374788936538,-39552.36597780392,294.6649965616798,26.75318217560752,0.990753797851802
1055000,2109.999999963929,-45671.080060678825,6738.520517084911,-38932.55954359392,305.0847852789499,26.218781223014062,1.0109477103320985
1060000,2119.9999999636925,-46165.44712449744,6453.986687638154,-39711.460436859285,292.20258924774834,26.72600228732555,0.9917613775583008
1065000,2129.999999963456,-45436.74463784427,6561.169467452824,-38875.57517039144,297.0552620685036,26.60194462387001,0.9963864379042625
1070000,2139.9999999632196,-45434.617780713015,6538.21789974871,-38896.39988096431,296.0161357369785,26.59159154584734,0.9967743675441475
1075000,2149.999999962983,-45512.047475087864,6433.644392618477,-39078.40308246939,291.28159706668663,26.75190405464839,0.990801132919683
1080000,2159.9999999627466,-45922.59780628368,6442.234583657833,-39480.36322262585,291.6705157591656,26.569310960854637,0.9976102460525266
1085000,2169.99999996251,-46228.54063599097,6303.912652048302,-39924.627983942664,285.4080258405745,26.520822479516504,0.9994341942289381
1090000,2179.9999999622737,-45874.29786992358,6680.26857516052,-39194.029294763066,302.4474435733001,26.764952083855096,0.9903181131078084
1095000,2189.9999999620372,-45823.72849148471,6562.774452944902,-39260.95403853981,297.1279273743352,26.446287173178195,1.002250965193574
1100000,2199.9999999618008,-46026.07382484357,6588.771221262867,-39437.3026035807,298.30492438133757,26.498425172540408,1.0002789476172922
1105000,2209.9999999615643,-46040.22365115647,6318.806810098935,-39721.41684105754,286.0823550199941,26.57064764227362,0.9975600595799483
1110000,2219.999999961328,-46089.09789424646,6468.698245829308,-39620.39964841715,292.8686512654401,26.17704521699456,1.012559539298052
1115000,2229.9999999610914,-45949.230563625926,6653.008635497894,-39296.221928128034,301.2132568081781,26.475069651339393,1.001161364036802
1120000,2239.999999960855,-45859.615205031645,6750.378524652771,-39109.236680378875,305.62165352525176,26.461244038591396,1.0016844561974443
1125000,2249.9999999606184,-45846.25221082545,6400.516914763464,-39445.73529606198,289.7817590172802,26.301592906207055,1.0077646984966084
1130000,2259.999999960382,-45883.40160500363,6349.656186772952,-39533.745418230676,287.47905262367726,26.455420576540035,1.0019049505721689
1135000,2269.9999999601455,-45817.8587958343,6551.799581482659,-39266.05921435164,296.63104288833665,26.193256964456427,1.011932837564721
1140000,2279.999999959909,-45649.25749367551,6392.900457254034,-39256.357036421476,289.4369258602157,26.50028549940433,1.0002087277776714
1145000,2289.9999999596726,-46006.8248835337,6395.41523156286,-39611.40965197084,289.55078162099994,26.724948771615583,0.9918004734682958
1150000,2299.999999959436,-45953.72992042126,6267.426213436207,-39686.303706985054,283.7561117058113,26.7903162546419,0.989380513211063
1155000,2309.9999999591996,-45664.68943046534,6352.462593780034,-39312.22683668531,287.60611197995433,26.273023076887366,1.0088605626971687
1160000,2319.999999958963,-45625.83600855747,6420.114674313431,-39205.72133424404,290.66904254622267,26.448911733851855,1.0021515104978629
1165000,2329.9999999587267,-46010.34850707813,6653.406640826377,-39356.94186625176,301.2312763971772,26.11435999499264,1.0149900993241536
1170000,2339.99999995849,-45497.21460116329,6564.092987421991,-38933.1216137413,297.1876236840527,26.803700664291153,0.9888864667264503
1175000,2349.9999999582537,-45938.99963753985,6488.302635293455,-39450.697002246394,293.75623496204383,26.706031622286936,0.9925030128019633
1180000,2359.9999999580173,-45888.703596824605,6580.978140164252,-39307.72545666035,297.9520946366475,26.30556279528061,1.0076126122593203
1185000,2369.999999957781,-46275.330602012866,6812.400425180611,-39462.930176832255,308.4296791381669,26.48566537766356,1.0007608442964668
1190000,2379.9999999575443,-45785.50944555679,6307.651858568324,-39477.857586988466,285.577317455163,26.772971220352872,0.990021489469742
1195000,2389.999999957308,-45867.074271179794,6518.073579420048,-39349.00069175975,295.1041068091926,26.604176120894266,0.9963028633045046
1200000,2399.9999999570714,-45615.88431595435,6628.743003965672,-38987.14131198867,300.1146365744196,27.121285685180954,0.9773067970589255
1205000,2409.999999956835,-45724.04934843315,6746.530564409938,-38977.51878402322,305.447438113802,26.367547721719653,1.0052439128903419
1210000,2419.9999999565985,-46198.40995829849,6313.432660871258,-39884.977297427235,285.8390417943349,26.102982503647258,1.0154325024506583
1215000,2429.999999956362,-45879.725006476336,6332.630002782784,-39547.095003693554,286.70819651756455,26.933633588451194,0.9841158920521458
1220000,2439.9999999561255,-45889.58641511685,6652.2472848508205,-39237.33913026603,301.1787868532235,26.122231219775305,1.0146842596293457
1225000,2449.999999955889,-45675.39694870543,6410.163624830175,-39265.233323875254,290.21851133730195,26.393412004584647,1.0042588218794943
1230000,2459.9999999556526,-45808.829333494825,6695.073996352177,-39113.75533714265,303.1177552142262,26.37389124042001,1.0050021289419016
1235000,2469.999999955416,-45771.821229597495,6486.8473864267435,-39284.97384317075,293.6903489434582,26.55815519406577,0.9980292927509823
1240000,2479.9999999551796,-45715.444328056416,6374.126841314514,-39341.3174867419,288.58695522151294,26.507112911451816,0.9999511049599457
1245000,2489.999999954943,-45774.8780097065,6570.64705782153,-39204.23095188497,297.48435753764517,26.456052295226815,1.001881027045235
1250000,2499.9999999547067,-46096.55548273795,6535.089100420517,-39561.466382317434,295.874480151186,26.644033341087553,0.9948124784932569
1255000,2509.9999999544702,-45673.59081201808,6269.1235820543625,-39404.46722996372,283.8329596339427,26.678477319545216,0.9935280986102443
1260000,2519.9999999542338,-45933.638791511476,6443.924236578776,-39489.714554932696,291.74701436108785,26.64642423902748,0.9947232171693321
1265000,2529.9999999539973,-45694.914958974754,6355.707443923323,-39339.20751505143,287.7530217365868,26.98302614970242,0.9823144631017082
1270000,2539.999999953761,-45948.91494439443,6408.066727630643,-39540.84821676379,290.1235748552879,26.452355840221298,1.0020210300060193
1275000,2549.9999999535244,-45916.272193014156,6461.013789640416,-39455.25840337374,292.52073948563185,27.018169684564867,0.9810367302655114
1280000,2559.999999953288,-45688.101333941275,6506.261436940588,-39181.83989700069,294.5693150929853,26.68880508514223,0.9931436330905719
1285000,2569.9999999530514,-46015.119995832734,6677.694532541242,-39337.425463291496,302.3309044549862,26.778237778992402,0.9898267788890189
1290000,2579.999999952815,-45795.593736524985,6711.804303439532,-39083.789433085454,303.875215569575,26.397770954110708,1.0040929929720734
1295000,2589.9999999525785,-45941.16015105462,6510.994156954064,-39430.16599410055,294.7835877757553,26.281693081786845,1.0085277520980092
1300000,2599.999999952342,-45857.427886772435,6639.171033602319,-39218.25685317012,300.58676293724847,26.335856674291147,1.0064535653012971
1305000,2609.9999999521056,-45847.67638007371,6615.411926706348,-39232.26445336736,299.51107547626964,26.44180635735941,1.0024208061612652
1310000,2619.999999951869,-45793.07293431088,6537.543850726689,-39255.529083584195,295.9856183406703,26.419105658094306,1.0032821393779245
1315000,2629.9999999516326,-45854.391497610544,6475.818003633289,-39378.57349397725,293.1909964709431,26.30829909166875,1.0075078116128793
1320000,2639.999999951396,-45928.01710373501,6533.467541769091,-39394.54956196592,295.80106449982264,26.718569976376244,0.9920372560559914
1325000,2649.9999999511597,-45640.89018007135,6484.895312909375,-39155.99486716198,293.6019693164489,26.863887349880148,0.9866709348460152
1330000,2659.999999950923,-46054.94317843724,6756.060141808153,-39298.88303662909,305.87888728234907,26.887498786007846,0.9858044831934242
1335000,2669.9999999506867,-45264.91384210397,6570.477283333475,-38694.436558770496,297.4766710413137,27.053257593345645,0.9797643316575666
1340000,2679.9999999504503,-46025.18571976537,6440.046596253776,-39585.139123511595,291.5714551915429,26.572508669822298,0.9974901946388769
1345000,2689.999999950214,-46126.962245560135,6512.523923069226,-39614.43832249091,294.85284754362095,26.757907933016185,0.9905788192207341
1350000,2699.9999999499773,-45759.40515078674,6648.7644390491405,-39110.6407117376,301.0211019042987,26.421788518969702,1.0031802663954505
1355000,2709.999999949741,-45976.940588404774,6492.361692485232,-39484.57889591954,293.94000773362603,26.66945882176579,0.9938640683429261
1360000,2719.9999999495044,-45615.83854399924,6558.333989210398,-39057.504554788844,296.9268865195147,26.923644457986367,0.9844810158025192
1365000,2729.999999949268,-45756.19658680516,6479.2819854331,-39276.91460137206,293.3478273570295,26.465534733231863,1.0015220592471854
1370000,2739.9999999490315,-46017.453265617776,6628.699532301705,-39388.75373331607,300.11266840600143,26.552093592589536,0.9982571337614535
1375000,2749.999999948795,-45731.51400460955,6482.846224335013,-39248.66778027453,293.50919735765734,26.5600877425502,0.9979566747680968
1380000,2759.9999999485585,-45618.38386568701,6688.723255938429,-38929.66060974858,302.8302270735048,27.067730386500138,0.9792404633350382
1385000,2769.999999948322,-45938.17208875535,6373.871485218282,-39564.30060353707,288.57539403985726,26.80016464016958,0.9890169407905761
1390000,2779.9999999480856,-45752.52751700033,6445.242056357454,-39307.285460642874,291.80667831301844,26.9023157354127,0.9852615330885258
1395000,2789.999999947849,-45643.02150435024,6883.580233751362,-38759.44127059888,311.6523266850499,26.345496924003523,1.006085287423624
1400000,2799.9999999476127,-46048.91782891692,6697.771478302217,-39351.146350614705,303.23988301652867,26.27707823719919,1.0087048722023166
1405000,2809.999999947376,-45989.048953814956,6668.70488546247,-39320.34406835248,301.92390049294335,26.253522010488417,1.0096099424113487
1410000,2819.9999999471397,-45640.48421219265,6465.481982542737,-39175.00222964991,292.72303577140156,26.51227911934817,0.9997562535376611
1415000,2829.9999999469032,-45945.25043156976,6844.573482137683,-39100.676949432076,309.8863060266106,26.411156275794905,1.0035841130286345
1420000,2839.999999946667,-45411.685453395534,6804.482510035266,-38607.202943360266,308.07119756408105,26.33144439712726,1.006622213553771
1425000,2849.9999999464303,-45916.68856739707,6508.643461832567,-39408.0451055645,294.67716065802523,26.634713438787465,0.9951605789197089
1430000,2859.999999946194,-45571.41732147877,6389.186044964941,-39182.231276513834,289.2687567980629,26.587918837820972,0.9969120564412172
1435000,2869.9999999459574,-45557.32289804815,6635.3412944830925,-38921.98160356506,300.413372482489,26.47532793939194,1.0011515969049427
1440000,2879.999999945721,-45800.737488784944,6342.784192250891,-39457.953296534055,287.16792483711254,26.853641421120606,0.9870473962707063
1445000,2889.9999999454844,-45571.60653551493,6667.684791547727,-38903.92174396721,301.8777160030164,27.211667750390344,0.9740607260179438
1450000,2899.999999945248,-46111.91685739788,6646.075345491866,-39465.841511906016,300.8993538843237,26.70722932135785,0.9924585035074194
1455000,2909.9999999450115,-45792.118265771365,6506.033128011623,-39286.08513775974,294.55897846487915,26.79926372522116,0.9890501887243749
1460000,2919.999999944775,-45525.333734946675,6486.227370688063,-39039.10636425861,293.6622778901721,26.598218373084432,0.9965260256651757
1465000,2929.9999999445386,-45541.31264838978,6544.660957978717,-38996.65169041106,296.3078435431146,26.47254335154877,1.0012569058104337
1470000,2939.999999944302,-45864.79787634045,6696.950165888057,-39167.8477104524,303.2026983079735,26.541575051272254,0.9986527473935178
1475000,2949.9999999440656,-45657.669388156675,6552.978401585675,-39104.690986571004,296.6844136656607,25.984389889632343,1.0200669308645183
1480000,2959.999999943829,-46023.580361060915,6526.328584324873,-39497.25177673604,295.4778500355403,26.448586741272376,1.0021638246455946
1485000,2969.9999999435927,-45761.81102103158,6711.336979990838,-39050.47404104074,303.8540576204912,26.629621038200344,0.9953508841557127
1490000,2979.999999943356,-46093.34168257995,6489.243269725577,-39604.09841285437,293.7988219443083,26.735682411218086,0.9914022929140812
1495000,2989.9999999431197,-46002.506977015175,6411.470132201045,-39591.03684481413,290.27766312287514,26.610587591599728,0.9960628172476539
1500000,2999.9999999428833,-45610.93117435352,6507.187107686852,-39103.744066666666,294.6112245982167,26.553992440668893,0.9981857494434313
1505000,3009.999999942647,-45742.792746948835,6406.825130313528,-39335.96761663531,290.067361855723,26.507138274797253,0.9999501481571014
1510000,3019.9999999424103,-45692.561107726535,6387.635917090694,-39304.92519063584,289.19857515678564,26.697285685642676,0.9928281532889555
1515000,3029.999999942174,-45950.8747404131,6447.114809125802,-39503.7599312873,291.89146671349346,26.32127123313594,1.0070112727585903
1520000,3039.9999999419374,-45661.136329791974,6493.5634691050855,-39167.57286068689,293.9944178613524,26.444590409976538,1.002315272582352
1525000,3049.999999941701,-45527.478535470495,6724.649167599081,-38802.82936787141,304.45676349454124,26.67411547901676,0.9936905636460611
1530000,3059.9999999414645,-46125.56767789967,6458.495068755092,-39667.07260914458,292.40670504461053,25.933134927247785,1.0220830192517445
1535000,3069.999999941228,-45770.5402122871,6350.712195233964,-39419.828017053136,287.52686313546,26.63727928724715,0.99506471960874
1540000,3079.9999999409915,-45982.77822989947,6521.347939280398,-39461.43029061907,295.25235261068394,26.682144096955778,0.9933915636160735
1545000,3089.999999940755,-45777.24612944049,6378.978506395528,-39398.267623044965,288.8066131116587,26.66875319606733,0.9938903648863843
1550000,3099.9999999405186,-45681.167567688855,6516.404355640521,-39164.76321204833,295.0285331313997,26.520060998407306,0.9994628913823436
1555000,3109.999999940282,-45646.82405283593,6568.295629744993,-39078.52842309094,297.377897235564,26.25655204761418,1.009493432231242
1560000,3119.9999999400457,-45811.725223550166,6588.011212272497,-39223.71401127767,298.27051516954555,26.83094444027746,0.9878823648605859
1565000,3129.999999939809,-46198.994149787875,6555.646868471533,-39643.34728131634,296.80522781838636,26.635065538190535,0.9951474235007635
1570000,3139.9999999395727,-46137.603814599104,6390.6092306498995,-39746.99458394921,289.33319116433165,26.5417976716452,0.9986443711542812
1575000,3149.9999999393362,-45984.53785531031,6430.959999341272,-39553.57785596904,291.16006185068426,26.963819209776176,0.9830141879713451
1580000,3159.9999999391,-45700.3618784853,6548.476913545275,-39151.88496494003,296.480609951068,26.311352641541745,1.0073908858359304
1585000,3169.9999999388633,-45883.119871121424,6468.653476101637,-39414.46639501979,292.86662432752127,26.470650280193684,1.0013285115604778
1590000,3179.999999938627,-45551.93589396257,6860.469794458702,-38691.466099503865,310.6060074831676,26.713562249314318,0.9922232234596355
1595000,3189.9999999383904,-46039.46303428791,6446.513427560583,-39592.94960672733,291.8642393176237,26.45556418368715,1.0018995119918146
1600000,3199.999999938154,-45704.46698042442,6599.5178230367765,-39104.949157387644,298.7914740158395,26.71208887091497,0.9922779522482317
1605000,3209.9999999379174,-45873.974352891324,6538.6621164495955,-39335.31223644173,296.03624753399146,26.329253036679095,1.0067059938304828
1610000,3219.999999937681,-45589.10083932744,6476.543324212859,-39112.55751511458,293.22383517384765,26.896603682685015,0.9854707738496998
1615000,3229.9999999374445,-45728.68455097149,6372.503670288564,-39356.18088068293,288.5134665703072,26.950210574452083,0.9835105655994737
1620000,3239.999999937208,-46035.65657286096,6555.37220075562,-39480.284372105336,296.7927923081108,26.61134906114196,0.9960343154420618
1625000,3249.9999999369716,-45777.621884086344,6461.977196651446,-39315.6446874349,292.5643574905561,26.652685387047207,0.9944895405543526
1630000,3259.999999936735,-45957.30795081775,6629.618968527553,-39327.688982290194,300.1542956449227,26.927689588806697,0.9843331251160229
1635000,3269.9999999364986,-45793.41624933947,6453.980625272126,-39339.435624067344,292.2023147756839,26.795262160725986,0.9891978920047312
1640000,3279.999999936262,-45759.661649022484,6515.685282198068,-39243.97636682441,294.9959772660232,26.53099943912688,0.9990508237701193
1645000,3289.9999999360257,-45748.33376597561,6363.244126336721,-39385.089639638885,288.09424309667276,26.63001521241025,0.9953361510943454
1650000,3299.999999935789,-45775.443566703005,6393.765498890733,-39381.678067812274,289.47609039808725,26.45684729569236,1.0018509215729532
1655000,3309.9999999355528,-45454.437518697756,6456.258908525683,-38998.17861017207,292.3054634646956,26.596894872543665,0.9965756142634004
1660000,3319.9999999353163,-45570.95728791162,6574.510845905851,-38996.44644200576,297.6592895505521,26.854619090581544,0.9870114618159082
1665000,3329.99999993508,-45962.222201665514,6801.3570185592,-39160.86518310632,307.92969174044373,26.24981671714341,1.0097524539207043
1670000,3339.9999999348433,-45775.98671547731,6419.495432718668,-39356.49128275864,290.6410065421035,26.379715843206583,1.004780225937505
1675000,3349.999999934607,-46240.24054363725,6539.927065577264,-39700.31347805999,296.0935177807801,26.7651604870951,0.9903104021320606
1680000,3359.9999999343704,-46081.89305729105,6560.417469347283,-39521.475587943765,297.02121554746424,26.519696198409694,0.9994766398075766
1685000,3369.999999934134,-45942.14374324051,6550.814063149872,-39391.32968009064,296.5864237990002,26.48565909111062,1.000761081833921
1690000,3379.9999999338975,-45760.616430185735,6543.463804221793,-39217.15262596394,296.2536427143197,26.717142363922893,0.9920902648965945
1695000,3389.999999933661,-45788.88864657906,6506.223568519281,-39282.66507805978,294.567600609939,26.867864327906794,0.9865248879336322
1700000,3399.9999999334245,-45649.13272698794,6581.260562176616,-39067.87216481133,297.96488122070275,26.457245966080897,1.0018358252059059
1705000,3409.999999933188,-45818.15537665435,6668.588514903339,-39149.56686175101,301.91863184577437,26.70671411255037,0.9924776493806226
1710000,3419.9999999329516,-46110.16333680076,6536.070640960588,-39574.09269584017,295.918919146979,26.51232048316052,0.9997546937447302
1715000,3429.999999932715,-45585.0687773595,6367.491325310133,-39217.577452049365,288.28653393908473,26.777444112632764,0.9898561167232411
1720000,3439.9999999324787,-45566.57333342661,6563.889094500722,-39002.68423892589,297.17839248442255,26.73235933202905,0.9915255333765721
1725000,3449.999999932242,-45798.09237221343,6683.094755803757,-39114.99761640967,302.5753981758742,26.660219999669405,0.9942084816041641
1730000,3459.9999999320057,-45874.42995212105,6641.26177375129,-39233.16817836976,300.6814206603801,26.504839341506674,1.0000368801932742
1735000,3469.9999999317693,-45594.292283469054,6611.442312618721,-38982.84997085034,299.3313522182498,26.80164088543169,0.9889624653359114
1740000,3479.999999931533,-46048.42864127777,6583.687783576448,-39464.74085770133,298.07477304602475,26.52500241485088,0.9992766986616425
1745000,3489.9999999312963,-45925.662242003775,6563.258472701429,-39362.40376930234,297.14984124446687,26.56247605073406,0.9978669456295582
1750000,3499.99999993106,-45850.08384209091,6560.8921470387995,-39289.19169505211,297.0427064580025,26.150990892286934,1.0135683559479196
1755000,3509.9999999308234,-45603.2898013824,6497.660702772071,-39105.62909861033,294.1799190630421,26.372779168525327,1.0050445072826355
1760000,3519.999999930587,-45641.380462314235,6439.108916952179,-39202.271545362055,291.52900200205374,26.304335590988977,1.0076596214878102
1765000,3529.9999999303504,-45927.04401747073,6349.108908015727,-39577.93510945501,287.4542747185403,26.63922189917104,0.994992156506234
1770000,3539.999999930114,-45757.36676719808,6394.185426712919,-39363.181340485164,289.4951025223569,26.66630075865586,0.9939817706623787
1775000,3549.9999999298775,-45558.418923693185,6544.443267929682,-39013.975655763505,296.2979876820693,26.808750381922955,0.9887001992818383
1780000,3559.999999929641,-45710.476102416986,6619.432804832566,-39091.043297584416,299.6931197004669,26.40554680071472,1.0037973099041013
1785000,3569.9999999294046,-45607.44942346838,6494.499613539338,-39112.94980992904,294.0368015601168,26.928444527128583,0.9843055293595391
1790000,3579.999999929168,-45624.168602804595,6442.812173387639,-39181.356429416956,291.6966659857992,26.92823824052878,0.9843130697355195
1795000,3589.9999999289316,-45877.57578258769,6454.856391189029,-39422.71939139866,292.2419648525866,26.371169965324892,1.0051058364098537
1800000,3599.999999928695,-45677.3603369373,6559.628389550568,-39117.73194738673,296.9854901623833,26.377982144352927,1.0048462653455366
1805000,3609.9999999284587,-45761.45261645329,6440.414729300814,-39321.03788715247,291.5881223206738,26.730351806834285,0.9915999997548632
1810000,3619.999999928222,-45691.7360965354,6535.489348072135,-39156.246748463265,295.89260126078904,26.557729395606483,0.9980452940939001
1815000,3629.9999999279858,-45636.85510692216,6647.375450666821,-38989.47965625534,300.9582158121216,26.5236538470555,0.999327505853678
1820000,3639.9999999277493,-45667.16455603752,6198.636136276906,-39468.52841976061,280.6416586346575,26.37830595244359,1.0048339303096483
1825000,3649.999999927513,-45825.054503507796,6539.721929302194,-39285.332574205604,296.084230288626,26.264136378333696,1.009201919426902
1830000,3659.9999999272763,-46156.8354750165,6577.191337291173,-39579.64413772533,297.7806481094019,26.249682643615373,1.0097576113573021
1835000,3669.99999992704,-45713.43720008986,6371.56133075911,-39341.875869330746,288.4708023901991,26.82516222058492,0.9880953049657392
1840000,3679.9999999268034,-45660.93077862053,6339.367217137553,-39321.56356148298,287.0132221666802,26.973210280469452,0.9826719389162368
1845000,3689.999999926567,-45815.519216422865,6694.856491827042,-39120.66272459582,303.1079077527278,26.445347629642846,1.0022865729090913
1850000,3699.9999999263305,-46015.1753145837,6446.659712315517,-39568.515602268184,291.87086232232264,26.548932133048556,0.9983760066985669
1855000,3709.999999926094,-45858.66587896604,6520.67730711739,-39337.988571848655,295.22198991178976,26.353677711078696,1.005772975434151
1860000,3719.9999999258575,-46260.26972787705,6749.432921648315,-39510.83680622873,305.5788415921513,26.49614081232056,1.0003651864946017
1865000,3729.999999925621,-45817.42317574116,6734.371524594573,-39083.05165114659,304.89694070982983,26.35945547696372,1.0055525186500334
1870000,3739.9999999253846,-45917.49373397429,6431.85725657597,-39485.63647739832,291.200684941479,26.743362997450784,0.99111756616514
1875000,3749.999999925148,-45489.06379172212,6534.01653008658,-38955.04726163554,295.82591980486126,26.719653169304994,0.9919970396754116
1880000,3759.9999999249117,-45694.89061260148,6657.585233771606,-39037.30537882987,301.4204611192881,26.624107495762342,0.9955570097259828
1885000,3769.999999924675,-45960.004653234326,6448.816329298355,-39511.188323935974,291.9685026021838,26.723609149783737,0.9918501912126187
1890000,3779.9999999244387,-46241.51040963188,6661.801757950963,-39579.70865168092,301.61136316827964,26.541358437456164,0.9986608977669462
1895000,3789.9999999242023,-45806.79054802435,6628.285541320822,-39178.505006703526,300.09392507069657,26.89864880411144,0.9853958478781615
1900000,3799.999999923966,-45817.04240654764,6528.419623882157,-39288.62278266548,295.57252131430636,26.546358730441003,0.9984727892157116
1905000,3809.9999999237293,-45631.17721299338,6343.054979474229,-39288.122233519156,287.18018465908375,26.02481697874335,1.0184823534687606
1910000,3819.999999923493,-45971.2863864844,6402.841077330474,-39568.445309153925,289.88698488042206,26.629380864614678,0.9953598613449333
1915000,3829.9999999232564,-45991.67864898284,6248.711823806303,-39742.96682517653,282.90882252306113,26.51478246110681,0.999661863490086
1920000,3839.99999992302,-45720.095998545934,6373.688920055452,-39346.40707849048,288.5671284490113,26.642663542141303,0.9948636255222543
1925000,3849.9999999227834,-45902.35318396299,6572.779612093733,-39329.57357186925,297.580908384464,26.903983046451806,0.9852004738235207
1930000,3859.999999922547,-45518.86031919671,6437.9575353523815,-39080.90278384433,291.4768734959138,26.646814884037944,0.9947086344260185
1935000,3869.9999999223105,-45890.496629154484,6487.569179301695,-39402.92744985279,293.7230279304424,26.259530116857317,1.009378946506315
1940000,3879.999999922074,-45689.23300874542,6432.392839132737,-39256.84016961268,291.224933304145,26.457941835999726,1.0018094759373692
1945000,3889.9999999218376,-45580.06885368796,6434.938998963418,-39145.12985472454,291.34021003636826,26.454454442045922,1.001941540815778
1950000,3899.999999921601,-45480.040387692105,6532.600187226815,-38947.44020046529,295.76179524574525,26.547516173871408,0.9984292568655383
1955000,3909.9999999213646,-45671.605574948946,6409.6095677897065,-39261.996007159236,290.1934265471325,26.63366732610115,0.9951996666688266
1960000,3919.999999921128,-46027.42758701363,6597.674844676254,-39429.75274233738,298.7080336440297,27.017330425639738,0.9810672049208081
1965000,3929.9999999208917,-46201.13484806125,6597.2683057064105,-39603.86654235484,298.6896276966103,26.67066618622012,0.9938190767352858
1970000,3939.9999999206552,-46183.79072925297,6495.636470083665,-39688.15425916931,294.08827244810175,26.746967813821605,0.9909839885255066
1975000,3949.9999999204188,-45566.150702491635,6690.374760785537,-38875.7759417061,302.9049985311844,26.19255800375453,1.0119598414673683
1980000,3959.9999999201823,-45326.874793639756,6523.612067564727,-38803.26272607503,295.35486043710034,26.51664276269928,0.9995917312122853
1985000,3969.999999919946,-45950.88821258291,6485.3872156399575,-39465.50099694295,293.62424008620576,26.664387523333684,0.994053091296748
1990000,3979.9999999197094,-45750.818836062215,6313.143146826491,-39437.67568923572,285.82593412033447,26.68557603481421,0.9932638070291079
1995000,3989.999999919473,-45745.76424160204,6487.097443206512,-39258.66679839553,293.7016701999225,26.579854407363612,0.9972145234084195
2000000,3999.9999999192364,-45392.16073150461,6526.095253025664,-38866.06547847895,295.4672860209116,26.510157308538425,0.9998362716832033
2005000,4009.999999919,-45600.002209837025,6434.376023111299,-39165.62618672573,291.3147214492926,26.838113720693595,0.9876184712887222
2010000,4019.9999999187635,-45922.636155203974,6510.793820000131,-39411.842335203844,294.77451757163277,26.3065228987036,1.007575837641793
2015000,4029.999999918527,-45780.85034613224,6745.555339469547,-39035.295006662695,305.40328505516203,26.404077170031762,1.0038531804924429
2020000,4039.9999999182905,-45816.03159280063,6440.869769075168,-39375.161823725466,291.6087241295575,26.524718543427678,0.9992873930672461
2025000,4049.999999918054,-45467.65351828007,6666.717254237299,-38800.93626404277,301.83391099984794,26.57428569435756,0.9974234923925795
2030000,4059.9999999178176,-45799.05230125226,6763.746720950329,-39035.30558030193,306.2268951783219,26.801843271052128,0.9889549974994604
2035000,4069.999999917581,-45961.743537512084,6548.327869494799,-39413.41566801728,296.4738620199723,26.853918720462026,0.9870372038069626
2040000,4079.9999999173447,-46257.24805623753,6430.261272439531,-39826.986783798,291.12842716971153,26.315281912248203,1.0072404670978425
2045000,4089.999999917108,-46118.507939694915,6722.407445128189,-39396.10049456672,304.35527008557216,26.874636323211348,0.9862762988242368
2050000,4099.999999917781,-45617.38521914394,6448.611060192456,-39168.77415895148,291.95920909614796,26.53553980199768,0.9988798812040313
2055000,4109.999999919818,-45531.967336274625,6624.716496426776,-38907.25083984785,299.9323374800096,26.140064886246503,1.0139920065405126
2060000,4119.999999921855,-45787.29250520241,6552.481612363273,-39234.81089283914,296.66192166124205,26.84199855264432,0.9874755336536997
2065000,4129.999999923893,-45772.686066246126,6716.085385171136,-39056.60068107499,304.0690404451596,26.481596225399215,1.0009146208370112
2070000,4139.99999992593,-45830.68326446961,6413.23433201172,-39417.44893245789,290.3575368160789,26.674595435677677,0.9936726841469675
2075000,4149.999999927967,-45845.37363261933,6462.584758994883,-39382.78887362445,292.5918647195719,26.657525517578875,0.9943089739377893
2080000,4159.999999930004,-45824.81642796699,6411.416607735094,-39413.39982023189,290.2752398164297,26.332315384910075,1.0065889177483283
2085000,4169.999999932042,-45599.48299108306,6315.604407546018,-39283.87858353704,285.9373670671109,26.52959647726414,0.9991036564698512
2090000,4179.999999934079,-46061.49588561762,6615.73343926621,-39445.762446351415,299.52563187482053,26.32788201439342,1.006758417962128
2095000,4189.999999936116,-45714.55816002918,6723.951543187797,-38990.60661684138,304.42517872854074,26.796595935552883,0.9891486556296951
2100000,4199.999999938153,-45930.249963938026,6563.080334221093,-39367.16962971693,297.1417760705335,26.37151836491335,1.0050925577485752
2105000,4209.999999940191,-45652.59066359012,6671.576984766971,-38981.01367882315,302.0539340511097,26.430520081069858,1.0028488566930758
2110000,4219.999999942228,-45735.75371638645,6510.848286381952,-39224.905430004495,294.7769835230772,26.435085796976097,1.0026756504091348
2115000,4229.999999944265,-45816.23622598912,6484.329659433587,-39331.90656655554,293.57635950064946,26.46908531081089,1.0013877145304446
2120000,4239.9999999463025,-45553.40019329713,6811.554431272509,-38741.84576202462,308.3913769813142,26.410842720616326,1.0035960277940628
2125000,4249.99999994834,-45416.482874543,6361.461791041063,-39055.02108350194,288.0135483240455,26.901431320199553,0.9852939246842896
2130000,4259.999999950377,-45794.73586788366,6343.642441917758,-39451.093425965904,287.20678187029483,26.514028150170788,0.9996903033737465
2135000,4269.999999952414,-46005.40945213876,6635.939195876224,-39369.47025626253,300.4404423144616,26.377432982550726,1.0048671856218339
2140000,4279.999999954452,-46045.19803441287,6551.151838606136,-39494.04619580673,296.6017164960078,26.27760580562687,1.0086846207057625
2145000,4289.999999956489,-45941.150283997296,6528.617392414453,-39412.53289158284,295.58147523379915,26.611091038628345,0.9960439730422459
2150000,4299.999999958526,-45475.521577213716,6379.900975646274,-39095.62060156744,288.848377670003,26.560445905464626,0.9979432174988787
2155000,4309.999999960563,-45735.33375458134,6399.467922307705,-39335.86583227364,289.7342661533328,26.532713634089536,0.9989862782466888
2160000,4319.999999962601,-46083.61457330483,6271.349641231994,-39812.26493207284,283.9337438913333,26.30279802326297,1.0077185256740275
2165000,4329.999999964638,-45375.860515169275,6632.752583991447,-38743.10793117783,300.29616928002184,26.458002325386666,1.0018071855588182
2170000,4339.999999966675,-45937.02350087266,6561.893868566332,-39375.12963230633,297.0880591428184,26.687439056669298,0.9931944683347341
2175000,4349.9999999687125,-45577.38002985186,6572.737863583241,-39004.64216626862,297.5790182313767,27.048866370559647,0.9799233905770474
2180000,4359.99999997075,-45751.32721706387,6568.226393678439,-39183.10082338543,297.37476259043757,26.7585724335368,0.9905542199958421
2185000,4369.999999972787,-45702.08298633841,6479.233710670951,-39222.84927566746,293.345641729575,26.689411836026192,0.993121055194102
2190000,4379.999999974824,-45750.66272779612,6531.626186549756,-39219.036541246365,295.717697615313,26.64369860806692,0.9948249766299005
2195000,4389.999999976862,-45460.9138545554,6371.680095128684,-39089.233759426716,288.47617941652084,26.231655211222453,1.0104515567803185
2200000,4399.999999978899,-45866.34539220203,6505.797933189309,-39360.54745901272,294.54833007972064,26.33879729503503,1.0063411988101956
2205000,4409.999999980936,-45863.95247798809,6692.860461629578,-39171.09201635851,303.0175379983196,26.43058781870838,1.0028462865416357
2210000,4419.999999982973,-45705.693476844404,6520.704351587963,-39184.98912525644,295.2232143432472,26.676211919693376,0.993612471099643
2215000,4429.999999985011,-45910.141812910326,6653.080216284152,-39257.061596626176,301.21649760988674,26.592793858276696,0.9967293014176718
2220000,4439.999999987048,-46043.88137470005,6722.357201555938,-39321.52417314411,304.3529953207462,26.228433422597167,1.0105756763294957
2225000,4449.999999989085,-45404.320577296836,6581.450579114448,-38822.86999818239,297.9734841887476,26.52515018914554,0.99927113159008
2230000,4459.999999991122,-46049.887390219956,6573.348774128222,-39476.53861609173,297.6066770493573,26.675352067059944,0.9936444991792627
2235000,4469.99999999316,-45906.18035782664,6593.162142024481,-39313.01821580216,298.5037221907881,26.74332384608415,0.9911190171294044
2240000,4479.999999995197,-45607.02249892044,6533.93199953094,-39073.0904993895,295.8220927056707,26.238891239163568,1.0101728995904489
2245000,4489.999999997234,-46170.61620291276,6382.405022193801,-39788.21118071896,288.96174773415044,26.639665630671328,0.9949755831239512
2250000,4499.9999999992715,-45993.52971910767,6513.994394565722,-39479.53532454195,294.91942276285937,26.567815046871164,0.9976664169914802
2255000,4510.000000001309,-45749.134881477396,6343.903800141197,-39405.2310813362,287.2186147967179,26.806344605392894,0.9887889316983507
2260000,4520.000000003346,-45831.82397527364,6459.536467720782,-39372.28750755286,292.45385411524575,26.46850471662086,1.00140968025519
2265000,4530.000000005383,-45837.66303842695,6562.6494158948135,-39275.01362253214,297.1222663540146,26.90995069601301,0.984981992145805
2270000,4540.000000007421,-45883.145689194615,6332.793556889627,-39550.352132304986,286.7156013877347,26.755345075640058,0.9906737053911908
2275000,4550.000000009458,-45942.00920902449,6492.310023506951,-39449.69918551754,293.93766843390824,26.569947947442675,0.9975863293949522
2280000,4560.000000011495,-45970.20649799163,6545.520302687002,-39424.68619530463,296.34675015401575,26.432923915220663,1.0027576567056076
2285000,4570.000000013532,-45931.42858167522,6579.127593642631,-39352.30098803259,297.86831161828815,26.625607033872306,0.9955009405563738
2290000,4580.00000001557,-45936.74807469291,6680.874217535784,-39255.87385715712,302.4748638762501,26.49310046495151,1.0004799883716744
2295000,4590.000000017607,-45809.24431372079,6462.503418991782,-39346.74089472901,292.5881820718279,26.373169556671996,1.005029630137828
2300000,4600.000000019644,-45927.91203056555,6464.868503292955,-39463.043527272595,292.69526065597114,26.78654423439145,0.9895198355252285
2305000,4610.000000021681,-46005.03366973065,6575.345328402182,-39429.68834132847,297.69707053119413,26.781681106222855,0.9896995166201694
2310000,4620.000000023719,-45779.89045008144,6630.689027863265,-39149.201422218175,300.2027423064478,26.628421392475264,0.9953957260340778
2315000,4630.000000025756,-45630.17549469037,6390.198064846265,-39239.977429844104,289.314575738201,26.584034895023343,0.9970577058663995
2320000,4640.000000027793,-46009.74848158343,6380.081229659434,-39629.667251923995,288.8565386241414,26.736029612991956,0.9913894182786286
2325000,4650.0000000298305,-45847.80921726639,6483.080057121202,-39364.72916014519,293.5197840769802,26.28278146139533,1.0084859885943407
2330000,4660.000000031868,-45665.472172493755,6362.210992698858,-39303.2611797949,288.0474682366315,26.611273278889175,0.9960371518987574
2335000,4670.000000033905,-46086.87132848211,6389.771489157813,-39697.0998393243,289.295262633494,26.698610616472546,0.9927788837352717
2340000,4680.000000035942,-45481.7423754452,6260.238846843024,-39221.50352860218,283.4307055297459,26.344871940973217,1.0061091549236478
2345000,4690.00000003798,-45750.7985313735,6388.642597450992,-39362.155933922506,289.244152351481,27.08830656299088,0.9784966359365405
2350000,4700.000000040017,-45742.51939481404,6531.016478796922,-39211.50291601712,295.6900932534379,26.55490057155678,0.9981516132466689
2355000,4710.000000042054,-45854.97930139437,6580.448293709176,-39274.5310076852,297.92810597451194,26.663037767151412,0.9941034129936679
2360000,4720.000000044091,-45677.131668041344,6402.053374816039,-39275.078293225306,289.85132185144255,26.608547307832186,0.9961391931119192
2365000,4730.000000046129,-45795.29770745046,6440.159467696689,-39355.13823975377,291.57656541712396,26.617483482456002,0.9958047635335129
2370000,4740.000000048166,-45939.0858326187,6461.909523672615,-39477.17630894609,292.5612936138248,26.601083384200205,0.9964186970237271
2375000,4750.000000050203,-46134.641086352814,6687.68976860023,-39446.95131775258,302.7834361997716,26.770615959919297,0.990108590881455
2380000,4760.0000000522405,-45837.10640070203,6667.9674157653435,-39169.13898493669,301.89051174186255,26.356565167379784,1.0056627893952288
2385000,4770.000000054278,-45463.89238037,6590.436020374649,-38873.456359995354,298.3802977334351,26.403678363479987,1.0038683428959494
2390000,4780.000000056315,-45829.850104088895,6533.131665286581,-39296.718438802316,295.7858577783639,26.457529379979107,1.001825093508607
2395000,4790.000000058352,-45807.59812674846,6713.454557712259,-39094.1435690362,303.9499304078209,26.976080291305962,0.9825673915141321
2400000,4800.0000000603895,-46100.44131053268,6378.029690593041,-39722.41161993964,288.76365571995274,26.538522752148396,0.9987676063453281
2405000,4810.000000062427,-45980.011989700724,6502.910985531675,-39477.101004169046,294.4176242661807,26.578393246384618,0.9972693457950018
2410000,4820.000000064464,-45849.14810764592,6514.769440729803,-39334.37866691611,294.9545127788281,26.625860565237048,0.9954914613993925
2415000,4830.000000066501,-45729.17669924506,6548.291716327434,-39180.884982917625,296.4722251946076,26.390604974070946,1.004365639633746
2420000,4840.000000068539,-46162.415100023965,6484.931694281415,-39677.48340574255,293.60361647372156,26.87292745209985,0.9863390169288431
2425000,4850.000000070576,-45440.64312226034,6765.786134361895,-38674.85698789845,306.31922909660335,26.96294298967561,0.9830461331781785
2430000,4860.000000072613,-45946.85941796651,6718.388901978497,-39228.47051598801,304.1733315768373,26.6244360526207,0.9955447241292933
2435000,4870.00000007465,-45650.22951731569,6564.509673247114,-39085.719844068575,297.20648902773814,26.49245912752795,1.000504208292331
2440000,4880.000000076688,-46228.40029449394,6469.841936489646,-39758.558358004295,292.9204315662718,26.525496484415857,0.9992580859203471
2445000,4890.000000078725,-46022.34205463639,6506.670908464703,-39515.67114617169,294.587853811046,26.703247968859316,0.9926064752877526
2450000,4900.000000080762,-45785.75665446004,6483.234808412519,-39302.52184604752,293.5267904019388,26.265119858088312,1.0091641305395318
2455000,4910.0000000827995,-45806.731492718565,6525.549878644487,-39281.18161407408,295.442594335911,26.304715519903446,1.0076450674803412
2460000,4920.000000084837,-45605.79696688219,6595.920110751839,-39009.87685613035,298.6285885163946,25.941246941059145,1.0217634065674597
2465000,4930.000000086874,-45827.743450218986,6532.767574018319,-39294.97587620067,295.7693736397287,26.69350942834032,0.9929686059549456
2470000,4940.000000088911,-45551.16616521886,6546.169461774165,-39004.996703444696,296.37614066491744,26.47249143282633,1.0012588695084677
2475000,4950.000000090949,-45879.537554882816,6505.878216936902,-39373.659337945915,294.55196490576793,26.362145815796566,1.0054498988933454
2480000,4960.000000092986,-46024.40591828758,6509.691256578175,-39514.714661709404,294.7245992959532,26.67636378205138,0.9936068146940684
2485000,4970.000000095023,-46395.71998446708,6726.52423483764,-39669.19574962944,304.54165668206053,26.529107962010837,0.9991220542756317
2490000,4980.00000009706,-45926.76018775179,6505.623862369079,-39421.13632538271,294.54044906805365,26.309457756678942,1.0074634411032473
2495000,4990.000000099098,-46005.149541398394,6496.771201351876,-39508.37834004652,294.1396471147565,26.209117214127804,1.0113204740378112
2500000,5000.000000101135,-45880.4359130059,6587.805610852687,-39292.630302153215,298.26120661808284,26.416961772620972,1.0033635613833307
2505000,5010.000000103172,-45602.65575385856,6371.828586699853,-39230.827167158706,288.48290233425786,26.29614776475104,1.0079733762613814
2510000,5020.000000105209,-45758.44562268263,6525.076661800687,-39233.36896088194,295.42116956487786,26.640081680265528,0.9949600441630513
2515000,5030.000000107247,-45920.294880527246,6484.439481635547,-39435.8553988917,293.5813316726298,26.326747399119025,1.006801806667209
2520000,5040.000000109284,-45534.23515518871,6553.228110829669,-38981.007044359045,296.69571918753206,26.29158304826105,1.0081483795194068
2525000,5050.000000111321,-45956.53015930962,6581.164427786491,-39375.36573152313,297.9605287608868,26.746892484945548,0.9909867794930963
2530000,5060.0000001133585,-45843.41097266087,6599.926515212099,-39243.48445744877,298.8099774490838,26.700412795266455,0.9927118748442469
2535000,5070.000000115396,-45844.630096061155,6485.413832025599,-39359.21626403555,293.6254451362278,26.717266767544025,0.9920856454262528
2540000,5080.000000117433,-45655.47009758302,6593.946731151152,-39061.523366431866,298.53924426193646,26.3773372522064,1.004870832551043
2545000,5090.00000011947,-45966.60441392538,6509.893141811674,-39456.71127211371,294.7337395980354,26.55806078248865,0.9980328406575975
2550000,5100.000000121508,-45774.07636622939,6481.75458671867,-39292.32177951072,293.45977374502013,26.15654063989614,1.013353302717539
2555000,5110.000000123545,-45746.67070317519,6356.0708804837495,-39390.59982269144,287.7694762334929,26.631745932881923,0.9952714670643448
2560000,5120.000000125582,-45858.43370255502,6636.587418273425,-39221.84628428159,300.4697904169659,26.701643262842975,0.9926661286044821
2565000,5130.000000127619,-45759.22351064911,6446.396062212807,-39312.82744843631,291.8589256316544,26.507435450565314,0.9999389376816913
2570000,5140.000000129657,-45914.95982645615,6688.153701537304,-39226.80612491885,302.8044406443128,26.57849488710262,0.9972655320661665
2575000,5150.000000131694,-46027.73006092291,6461.614664277317,-39566.1153966456,292.5479439304523,26.40548511891837,1.0037996547207546
2580000,5160.000000133731,-45949.97635760391,6877.457278873637,-39072.51907873027,311.37511147595353,26.829894794115916,0.9879210130528465
2585000,5170.0000001357685,-45532.85911805759,6382.620035392082,-39150.23908266551,288.97148240146555,26.784547228023513,0.9895936122964362
2590000,5180.000000137806,-45784.440753033734,6576.1715177022925,-39208.26923533144,297.7344760395079,26.423509336306815,1.0031149348010477
2595000,5190.000000139843,-45777.315044200455,6479.978783616104,-39297.33626058435,293.37937471575685,26.91574739649163,0.9847698618452344
2600000,5200.00000014188,-45674.80190296733,6760.098132102177,-38914.703770865155,306.0617062555476,26.394799708660823,1.0042060230677574
2605000,5210.0000001439175,-45756.08317487466,6813.423368940792,-38942.659805933865,308.4759926541139,26.48341477870206,1.000845890403085
2610000,5220.000000145955,-45857.638915501826,6415.626009610821,-39442.012905891,290.465819404954,26.771348060152672,0.9900815149669803
2615000,5230.000000147992,-46077.802134724916,6306.202702935326,-39771.59943178959,285.5117073061683,26.537375377437314,0.9988107892403006
2620000,5240.000000150029,-45579.448555689305,6407.554216785898,-39171.89433890341,290.1003710584566,27.05773976565077,0.9796020316062343
2625000,5250.000000152067,-45591.1297979473,6672.796123533786,-38918.333674413516,302.1091302455794,26.48074532350734,1.0009467830792016
2630000,5260.000000154104,-45791.45605940407,6492.727215492139,-39298.72884391193,293.9565566938606,26.844512843724623,0.9873830454442569
2635000,5270.000000156141,-45908.9831640973,6625.55242751411,-39283.43073658319,299.97018404523715,26.56789672554221,0.9976633498285832
2640000,5280.000000158178,-45656.55668673164,6657.249934914048,-38999.30675181759,301.40528054965074,26.721333300883323,0.9919346668314672
2645000,5290.000000160216,-45817.03921754967,6289.97849892894,-39527.06071862073,284.777160637792,26.607722000500527,0.9961700909459921
2650000,5300.000000162253,-46090.87333711976,6869.484956828305,-39221.38838029146,311.014166643448,26.816739772178547,0.9884056402934994
2655000,5310.00000016429,-45897.236708102515,6379.184254758131,-39518.05245334438,288.81592831591854,26.95272767141681,0.98341871621452
2660000,5320.0000001663275,-45739.71261227771,6654.376385027186,-39085.336227250526,301.2751813167407,26.708132215023408,0.9924249525092093
2665000,5330.000000168365,-45887.26651311171,6590.683497446651,-39296.58301566506,298.3915021942929,26.86216745401016,0.9867341081275006
2670000,5340.000000170402,-45817.07365389832,6623.598463571141,-39193.475190327175,299.8817188296943,26.554781683019666,0.9981560820759189
2675000,5350.000000172439,-46171.26126760803,6612.380548978078,-39558.88071862995,299.3738306283859,26.808205244692317,0.9887203042192503
2680000,5360.000000174477,-45537.173392683966,6641.313001069782,-38895.86039161419,300.6837399640645,26.307603607864394,1.0075344467019656
2685000,5370.000000176514,-45731.79513470363,6669.438139185955,-39062.35699551767,301.95709836690054,26.89106794588937,0.9856736407211385
2690000,5380.000000178551,-45804.989788854145,6516.45864853907,-39288.53114031508,295.03099122843355,26.753586120309464,0.9907388387451697
2695000,5390.000000180588,-45800.8376285414,6544.445777877498,-39256.3918506639,296.29810131931185,26.49369901959054,1.0004573851882588
2700000,5400.000000182626,-46173.2575320116,6604.097585368711,-39569.15994664289,298.99882157887276,26.092562871595995,1.0158379985723116
2705000,5410.000000184663,-45835.01006601937,6382.95005807386,-39452.06000794551,288.9864240935999,26.299897086221915,1.0078296792648
2710000,5420.0000001867,-45510.55151836248,6651.904030381177,-38858.6474879813,301.1632460952928,26.98951570248904,0.9820782683647731
2715000,5430.000000188737,-45818.76822113589,6710.622835300809,-39108.14538583508,303.8217249031146,26.580540878947108,0.9971887692510424
2720000,5440.000000190775,-45899.95162422524,6598.216487134176,-39301.73513709107,298.7325563671637,26.55154055055436,0.9982779264591816
2725000,5450.000000192812,-45531.76021866774,6466.2197607809685,-39065.540457886775,292.75643849160167,26.844181093235626,0.9873952478953957
2730000,5460.000000194849,-45612.015079896955,6505.431189518242,-39106.583890378715,294.5317258542299,26.414620671609498,1.0034524884770653
2735000,5470.0000001968865,-45606.339754898334,6370.993350041088,-39235.34640485725,288.44508720910534,26.735391701419847,0.991413073020233
2740000,5480.000000198924,-45709.04031599744,6332.415316270408,-39376.62499972703,286.6984766408699,26.793031628543467,0.9892802431833356
2745000,5490.000000200961,-45802.63462472684,6552.709195367492,-39249.92542935935,296.6722254232918,26.64746504483929,0.9946843649293975
2750000,5500.000000202998,-45813.12140927807,6483.141489346963,-39329.97991993111,293.52256540521955,26.890729597166168,0.9856860428174308
2755000,5510.000000205036,-45341.491514471534,6372.647628892284,-38968.84388557925,288.5199842591075,26.529639613220375,0.9991020319739202
2760000,5520.000000207073,-45333.17674493394,6445.352196064196,-38887.82454886974,291.8116648599461,26.88467306380798,0.985908096490349
2765000,5530.00000020911,-45880.24113706086,6595.698020811755,-39284.54311624911,298.6185334514123,26.085001809459133,1.016132451847964
2770000,5540.000000211147,-45899.72310630616,6474.811054943744,-39424.91205136242,293.14540712771,26.497515976859255,1.0003132696760058
2775000,5550.000000213185,-45996.2759111622,6535.884348135859,-39460.391563026344,295.91048478719824,26.149080159717187,1.0136424181350996
2780000,5560.000000215222,-45866.683842780825,6654.520230424295,-39212.16361235653,301.2816938801408,26.59839262732016,0.9965194971172511
2785000,5570.000000217259,-45802.696556419716,6298.4810751248915,-39504.21548129483,285.16211259074413,26.387761807159478,1.0044738556762618
2790000,5580.000000219296,-45479.72370059503,6576.2715346474315,-38903.4521659476,297.7390042810046,26.633077163088128,0.9952217193227594
2795000,5590.000000221334,-45646.207682783715,6206.956951669974,-39439.250731113745,281.0183814139536,26.72642965550716,0.9917455188273748
2800000,5600.000000223371,-45927.18838671886,6719.971574988387,-39207.21681173047,304.24498669076996,27.089942455973457,0.9784375470040776
2805000,5610.000000225408,-45511.807454548776,6593.417056068709,-38918.39039848007,298.5152633586529,26.700096936991393,0.9927236184817763
2810000,5620.0000002274455,-46175.67926627048,6784.550976185868,-39391.12829008461,307.16880248947876,26.520546590850515,0.9994445911702547
2815000,5630.000000229483,-45745.89561086899,6509.759419321243,-39236.13619154775,294.72768534663453,26.81371143955446,0.9885172705336127
2820000,5640.00000023152,-45976.491165532905,6498.645015304202,-39477.8461502287,294.22448356006356,26.554359818479877,0.9981719396096376
2825000,5650.000000233557,-45940.542231575586,6615.2939817788265,-39325.24824979676,299.5057355499763,26.322432253669845,1.006966855861463
2830000,5660.000000235595,-45465.35221604089,6658.528381678402,-38806.82383436249,301.4631618984728,26.43869695434057,1.002538698895775
2835000,5670.000000237632,-45972.73750575172,6608.096739810078,-39364.64076594164,299.1798822688192,26.41840423462157,1.00330877708231
2840000,5680.000000239669,-45830.44485852047,6274.472803171173,-39555.972055349295,284.07514424578653,26.510910954621608,0.9998078485674807
2845000,5690.000000241706,-45581.20473342494,6578.230786548375,-39002.97394687656,297.8277089074863,26.68243998274859,0.993380547740068
2850000,5700.000000243744,-46091.51817284577,6551.765942938719,-39539.75222990705,296.6295199119015,26.11141978965797,1.0151043895208842
2855000,5710.000000245781,-45667.85730706621,6372.534409742601,-39295.32289732361,288.51485829119173,26.437832889046604,1.0025714647771242
2860000,5720.000000247818,-45560.153640070464,6699.5778337638,-38860.57580630666,303.3216652959975,26.812107532668957,0.9885764038805426
2865000,5730.0000002498555,-46149.13125624618,6390.5511999492965,-39758.58005629689,289.33056383927004,26.481466751021454,1.0009195145537735
2870000,5740.000000251893,-45985.699009207485,6605.162624466717,-39380.53638474077,299.04704095042547,26.743250555141962,0.9911217333305048
2875000,5750.00000025393,-45467.43488639535,6424.269713627209,-39043.16517276814,290.85716088372055,26.363771670988804,1.005387892744944
2880000,5760.000000255967,-45666.1923041789,6674.800947933529,-38991.39135624537,302.1998981552365,26.811043674025665,0.9886156304606268
2885000,5770.000000258005,-45582.22086160717,6475.327007417378,-39106.893854189795,293.16876674340506,26.61106080305019,0.9960451047508094
2890000,5780.000000260042,-45647.174085603736,6538.995630525811,-39108.17845507793,296.05134729811203,26.35431267582537,1.005748742953099
2895000,5790.000000262079,-46027.1083543367,6653.926713222396,-39373.1816411143,301.2548225412999,26.706310384983205,0.9924926529726976
2900000,5800.000000264116,-45370.51798158686,6599.865788219217,-38770.65219336764,298.80722805008196,26.503630151978747,1.0000825054195597
2905000,5810.000000266154,-45774.72962291783,6279.797089936544,-39494.932532981285,284.31619996127455,26.955961728884866,0.9833007299717961
2910000,5820.000000268191,-45993.55044533539,6444.892227629283,-39548.65821770611,291.7908399072218,26.892766836795012,0.9856113729747845
2915000,5830.000000270228,-45827.76492078975,6484.400205054772,-39343.36471573498,293.5795534355254,26.64422225502045,0.9948054250339363
2920000,5840.000000272265,-45859.14467918646,6549.703763065701,-39309.44091612076,296.53615524792656,26.61980546241822,0.9957179019405358
2925000,5850.000000274303,-45870.999526970845,6515.978536887202,-39355.02099008364,295.00925429673634,26.252588421709074,1.0096458459382165
2930000,5860.00000027634,-45423.08272070682,6511.639763213456,-38911.44295749337,294.8128174332924,26.649669551590552,0.9946020829185972
2935000,5870.000000278377,-45940.32576862455,6422.056904266262,-39518.26886435829,290.75697650837645,26.516534866483024,0.9995957985674708
2940000,5880.0000002804145,-45672.1588752743,6445.707097639943,-39226.45177763436,291.8277329376136,26.552099302175524,0.9982569191029107
2945000,5890.000000282452,-45980.80189606029,6422.530801081166,-39558.27109497913,290.77843206492673,26.031437184989656,1.0182233372957281
2950000,5900.000000284489,-45892.170313428505,6882.216502085974,-39009.95381134253,311.59058408424335,26.21953936364236,1.0109184786769707
2955000,5910.000000286526,-45812.52883161575,6352.250860808833,-39460.27797080692,287.59652582407756,26.323067953677064,1.0069425376916104
2960000,5920.000000288564,-45573.96452994156,6282.653227109669,-39291.31130283189,284.4455108380436,26.50387799789863,1.0000731533402702
2965000,5930.000000290601,-45956.59829709068,6442.652126533524,-39513.94617055715,291.68941990559534,26.55838737948996,0.9980205675278961
2970000,5940.000000292638,-45708.97111428069,6732.461632144712,-38976.50948213598,304.81047081981546,26.370615441200513,1.0051269718829747
2975000,5950.000000294675,-45644.56187474716,6722.487244827559,-38922.0746299196,304.3588829964605,26.500173257884818,1.0002129641630848
2980000,5960.000000296713,-46008.464503308816,6599.511267049791,-39408.953236259025,298.791177195213,26.43615870128595,1.002634957090606
2985000,5970.00000029875,-45949.35817820969,6710.9768020816355,-39238.381376128054,303.8377506581821,26.34495625214856,1.0061059350949806
2990000,5980.000000300787,-45664.22160199651,6469.1881771382705,-39195.033424858244,292.89083277958963,26.440472533751407,1.0024713745667542
2995000,5990.000000302824,-46118.6335177077,6510.738176435309,-39607.89534127239,294.7719983235303,26.72503974225575,0.9917970974312587
3000000,6000.000000304862,-45682.66998307075,6549.485930739867,-39133.184052330886,296.52629294533574,26.32496680414498,1.0068699057554302
3005000,6010.000000306899,-45616.51941760932,6582.367971943336,-39034.151445665986,298.0150189133964,26.728185320144657,0.9916803751404412
3010000,6020.000000308936,-46099.92241181282,6485.841386036208,-39614.08102577661,293.64480253421914,27.046643727968558,0.9800039188483481
3015000,6030.0000003109735,-45820.25849764689,6651.501842873455,-39168.75665477344,301.145037159203,26.365585289697187,1.0053187347774106
3020000,6040.000000313011,-45615.91099723964,6485.157685300593,-39130.75331193905,293.61384815905757,26.5797614531052,0.9972180108489169
3025000,6050.000000315048,-45756.19438867149,6380.180348011951,-39376.01404065954,288.861026182088,26.540286496856332,0.9987012328689019
3030000,6060.000000317085,-45736.955849662714,6433.835364018831,-39303.120485643885,291.2902432477769,26.575802161313756,0.997366577468305
3035000,6070.000000319123,-45473.004504999786,6489.574054266796,-38983.43045073299,293.8137981294332,26.555953161401796,0.9981120498295507
3040000,6080.00000032116,-45836.28097205557,6599.266944528821,-39237.01402752675,298.78011555584277,26.417828706789027,1.0033306347501845
3045000,6090.000000323197,-45510.43893271079,6483.810861726322,-39026.62807098447,293.55287106773267,26.575092586229754,0.9973932079107275
3050000,6100.000000325234,-45667.54496340669,6630.373639682608,-39037.171323724084,300.18846318759205,26.711257170790063,0.9923088484988855
3055000,6110.000000327272,-45842.99160808115,6593.612505296116,-39249.37910278504,298.5241122722127,26.555386254021208,0.9981333576381546
3060000,6120.000000329309,-45954.69363629422,6362.960656441554,-39591.73297985267,288.0814090699928,26.38232102886063,1.0046810065008518
3065000,6130.000000331346,-45338.36530719529,6552.651385017303,-38785.71392217798,296.6696080745386,26.6056158281838,0.9962489504575273
3070000,6140.0000003333835,-45845.452411120816,6378.170647028052,-39467.28176409276,288.770037486336,26.3931175792565,1.0042700247710168
3075000,6150.000000335421,-45781.83846263599,6462.0657808671895,-39319.7726817688,292.5683681181665,26.65615540066481,0.9943600810656748
3080000,6160.000000337458,-45566.467615599744,6724.412221948876,-38842.055393650866,304.4460358410998,26.64667270529294,0.9947139418963677
3085000,6170.000000339495,-45774.83913698769,6532.098958264982,-39242.74017872271,295.73910223326436,26.71397199840024,0.992208004361597
3090000,6180.0000003415325,-46046.459648188786,6443.582394970621,-39602.87725321816,291.73153757009806,26.82217456567303,0.9882053664294014
3095000,6190.00000034357,-45897.67334186216,6510.323722376904,-39387.349619485256,294.7532340225096,26.39862552275146,1.004060488765237
3100000,6200.000000345607,-45448.03988898167,6645.300143061235,-38802.73974592044,300.8642567934271,26.848677626128325,0.9872298820151062
3105000,6210.000000347644,-45862.074827973905,6541.175286556567,-39320.89954141734,296.1500306649489,26.628597578277926,0.9953891400847262
3110000,6220.000000349682,-45654.53359726182,6472.93047431545,-39181.60312294637,293.06026432288684,26.998437690280454,0.9817537277220485
3115000,6230.000000351719,-45795.352880336985,6549.5921355653445,-39245.760744771644,296.53110134152513,26.45964278772193,1.0017450748580696
3120000,6240.000000353756,-45861.84652679559,6537.743027776737,-39324.10349901886,295.9946360304425,26.646342942069264,0.9947262520312639
3125000,6250.000000355793,-46002.6483289295,6615.4832529685755,-39387.165075960926,299.51430475446824,26.76037685633363,0.9904874280135896
3130000,6260.000000357831,-45330.41956125846,6298.130223114093,-39032.289338144365,285.14622785608947,26.487427003972176,1.0006942856748355
3135000,6270.000000359868,-45591.87536294077,6636.555112929242,-38955.32025001153,300.4683278008073,26.468155805065233,1.0014228811525978
3140000,6280.000000361905,-45738.32186314883,6652.169480593495,-39086.15238255533,301.1752642854611,26.411395522008537,1.0035750221156268
3145000,6290.0000003639425,-45771.40820778342,6414.266927183824,-39357.14128059959,290.4042872972213,26.138969979818857,1.0140344805311248
3150000,6300.00000036598,-45922.90893872321,6599.346390221142,-39323.562548502065,298.7837124391529,26.521560049445352,0.9994063997626189
3155000,6310.000000368017,-46110.12959755829,6517.186892899596,-39592.94270465869,295.0639623047698,26.49962094243342,1.0002338109924034
3160000,6320.000000370054,-45860.22169983201,6669.329775666094,-39190.89192416592,301.9521922363775,26.4214534815606,1.003192987229206
3165000,6330.000000372092,-46127.13816823071,6759.067798527654,-39368.070369703055,306.01505816765473,26.53917346540097,0.9987431175902983
3170000,6340.000000374129,-45814.97252171667,6549.259709436828,-39265.712812279846,296.5160508339571,26.431684070808807,1.0028046935676471
3175000,6350.000000376166,-46194.28760086093,6436.715732180173,-39757.57186868076,291.4206511763125,26.316983203312336,1.0071753529017027
3180000,6360.000000378203,-46057.28728732612,6490.263964142693,-39567.02332318343,293.84503362182596,26.24231795400557,1.0100409914840807
3185000,6370.000000380241,-45521.60178103973,6184.967807620665,-39336.63397341907,280.02282856615227,26.70285941521813,0.9926209187169839
3190000,6380.000000382278,-46111.60366801213,6538.937985576758,-39572.66568243537,296.0487374378527,26.757966384093127,0.9905766553642604
3195000,6390.000000384315,-45666.63604531414,6471.093698256299,-39195.54234705784,292.9771047586782,26.944350263878604,0.9837244760226336
3200000,6400.000000386352,-45907.844698013156,6608.180661364446,-39299.66403664871,299.18368179563373,26.412114602045154,1.0035476993974528
3205000,6410.00000038839,-45938.69836106134,6369.867612194756,-39568.83074886658,288.39411971731573,26.663273016579513,0.9940946420427333
3210000,6420.000000390427,-45525.696165631874,6422.619013472429,-39103.07715215944,290.7824258582793,26.825805336564734,0.9880716165853821
3215000,6430.000000392464,-45564.26960711577,6630.465418090645,-38933.804189025126,300.192618431438,27.02934148928795,0.9806312468103915
3220000,6440.0000003945015,-45546.63516592386,6387.551114065616,-39159.08405185824,289.1947357216112,26.75490551392739,0.9906899813683349
3225000,6450.000000396539,-45990.610272034304,6620.661029484174,-39369.94924255013,299.74872725603643,26.43086276466214,1.00283585447473
3230000,6460.000000398576,-46193.26853144128,6547.093871619072,-39646.17465982221,296.41799308316394,26.360244883012008,1.005522405529172
3235000,6470.000000400613,-45867.760914450395,6554.130302429531,-39313.63061202086,296.7365656804419,26.616498685317946,0.9958416078116722
3240000,6480.000000402651,-45681.24588295078,6470.917534571108,-39210.32834837967,292.96912899308785,26.50287765945488,1.000110900623214
3245000,6490.000000404688,-45675.775628348754,6623.196741935963,-39052.57888641279,299.8635309858643,26.81804460190417,0.9883575494994249
3250000,6500.000000406725,-45618.289871453366,6558.971387100954,-39059.318484352414,296.95574454526155,26.557171706265695,0.9980662526217243
3255000,6510.000000408762,-45807.782143031945,6784.257282409022,-39023.52486062292,307.15550557918226,26.664929370122834,0.9940328915629222
3260000,6520.0000004108,-45527.5891044889,6463.065987823201,-39064.523116665696,292.61365223114586,26.603209721112393,0.9963390554362012
3265000,6530.000000412837,-45554.911204279226,6635.449614895033,-38919.46158938419,300.418276661312,26.232871839731672,1.0104046940434184
3270000,6540.000000414874,-45611.02260628564,6674.715723729592,-38936.30688255605,302.19603965129744,26.29358168960233,1.0080717476229524
3275000,6550.0000004169115,-45746.26276920241,6685.277331433399,-39060.98543776901,302.67421372680064,26.59664314651548,0.9965850464319556
3280000,6560.000000418949,-45779.4836878418,6258.491562773632,-39520.992125068165,283.3515976923831,26.47767893096577,1.001062703200378
3285000,6570.000000420986,-45816.97840755456,6375.288179357278,-39441.69022819729,288.6395345030503,26.61516939133087,0.9958913450965221
3290000,6580.000000423023,-46069.90396446345,6552.681569519746,-39517.2223949437,296.6709746701322,26.645203767122272,0.9947687800312498
3295000,6590.0000004250605,-45975.44519511849,6475.674295757131,-39499.770899361356,293.18449013376875,26.423855568586365,1.0031017909670743
3300000,6600.000000427098,-45679.38141180674,6465.66159829235,-39213.719813514384,292.73116782832193,26.244773087665937,1.0099465046455682
3305000,6610.000000429135,-45503.54238504899,6285.233992141517,-39218.30839290747,284.56235431185956,26.61362996546229,0.9959489509511511
3310000,6620.000000431172,-46131.939974842244,6516.865826104668,-39615.07414873758,295.0494260881117,26.373041668861674,1.0050345037144266
3315000,6630.00000043321,-45989.89476668183,6617.875914772085,-39372.01885190974,299.6226319029451,26.62827084938674,0.995401353509769
3320000,6640.000000435247,-46080.21515596751,6583.702758915454,-39496.51239705206,298.07545105065105,26.42516236269528,1.0030521849327543
3325000,6650.000000437284,-45680.18795555027,6650.532529278396,-39029.65542627187,301.1011517352043,26.701118934817202,0.9926856215205928
3330000,6660.000000439321,-45996.514298517315,6441.181466250769,-39555.33283226655,291.62283613910756,26.059859368383485,1.0171128120998936
3335000,6670.000000441359,-45766.177355403895,6478.781948205315,-39287.39540719858,293.32518830000146,26.64303580815118,0.9948497249324376
3340000,6680.000000443396,-45571.65097825212,6451.983880942224,-39119.667097309895,292.11191268911296,26.828478523256802,0.9879731652366044
3345000,6690.000000445433,-45814.14927227999,6253.183386813763,-39560.96588546623,283.1112713894753,26.595789546739816,0.9966170321254267
3350000,6700.0000004474705,-45503.56020334893,6472.605943738015,-39030.95425961091,293.0455712843657,26.556755410746124,0.9980818980009422
3355000,6710.000000449508,-45750.321062448784,6653.187058699221,-39097.13400374956,301.2213348727811,26.773779947861442,0.9899915849282777
3360000,6720.000000451545,-45611.911558077554,6480.056578162557,-39131.854979915,293.38289684386206,26.79363124332515,0.9892581040767826
3365000,6730.000000453582,-46047.3175059692,6519.49094520407,-39527.82656076513,295.1682776809417,26.475479589143223,1.0011458623765026
3370000,6740.00000045562,-45703.21559709223,6565.362747045947,-39137.852850046285,297.2451117248249,26.457828909006423,1.0018137518487593
3375000,6750.000000457657,-45855.67013059737,6704.038356143505,-39151.63177445387,303.5236143008263,26.336068448314016,1.0064454721904832
3380000,6760.000000459694,-45567.49811401003,6674.716492865329,-38892.7816211447,302.1960744737204,26.51173648952187,0.9997767160811997
3385000,6770.000000461731,-45782.21120092127,6490.034724684547,-39292.176476236724,293.8346548642502,26.580119384552003,0.9972045821776521
3390000,6780.000000463769,-45857.41104028886,6413.816374528076,-39443.594665760786,290.3838886414797,26.614990570635197,0.9958980362874386
3395000,6790.000000465806,-45548.32361947984,6509.673063410299,-39038.65055606954,294.72377560495147,27.213540685061908,0.9739936876223495
3400000,6800.000000467843,-45276.346297314914,6435.79049757523,-38840.55579973968,291.3787614172673,26.49406008142662,1.0004437509253596
3405000,6810.00000046988,-45804.94951679115,6490.923142243573,-39314.02637454758,293.87487774099986,26.633340982693884,0.9952118610401728
3410000,6820.000000471918,-45630.113427969685,6664.869132655693,-38965.24429531399,301.7502377700249,26.836537816069725,0.9876764665683736
3415000,6830.000000473955,-45698.69013403088,6571.027493845674,-39127.66264018521,297.5015816809039,26.470278544129577,1.0013425737441886
3420000,6840.000000475992,-45615.896866218245,6456.77849928823,-39159.118366930015,292.3289878029866,26.321246460715155,1.0070122205141236
3425000,6850.0000004780295,-45787.356256756466,6585.962550460208,-39201.39370629626,298.17776253229727,26.794116032991397,0.989240205292381
3430000,6860.000000480067,-45669.246884482214,6510.025951908548,-39159.22093257366,294.7397525410523,26.512923538253432,0.999731953621075
3435000,6870.000000482104,-46132.32528174395,6446.113430813861,-39686.21185093009,291.84612956767535,26.32741962968071,1.0067760995165078
3440000,6880.000000484141,-45427.93622061948,6345.960312684485,-39081.97590793499,287.3117228737953,26.46622830030672,1.0014958136213579
3445000,6890.000000486179,-45681.202016171475,6310.261079891041,-39370.940936280436,285.6954492802376,26.688968463229823,0.9931375535035059
3450000,6900.000000488216,-45895.50315278204,6587.136607191773,-39308.36654559027,298.23091764920264,26.73176378041685,0.9915476233753762
3455000,6910.000000490253,-45971.155079298886,6652.634658243217,-39318.52042105567,301.1963250840477,26.42909425748219,1.002902959400524
3460000,6920.00000049229,-45590.18678745342,6463.980738963056,-39126.20604849036,292.65506735400237,26.585273859586426,0.9970112395718848
3465000,6930.000000494328,-45878.02381355461,6735.711552589912,-39142.312260964696,304.95761013306435,26.30811889085163,1.0075147126661879
3470000,6940.000000496365,-45960.87791354221,6881.646176847171,-39079.23173669504,311.5647627555736,27.04351341126196,0.9801173553901559
3475000,6950.000000498402,-45919.48723581643,6297.164568046826,-39622.3226677696,285.10250807099663,26.526568735187738,0.9992176941431583
3480000,6960.0000005004395,-45919.03117114474,6593.350255892445,-39325.6809152523,298.51223899783355,26.269882274420763,1.0089811811190816
3485000,6970.000000502477,-45740.24624912965,6759.152628209151,-38981.093620920496,306.0188988096917,26.298693154535023,1.0078758168458097
3490000,6980.000000504514,-45756.571803512226,6324.273417665273,-39432.29838584695,286.32985427318357,26.29264906264538,1.008107504951327
3495000,6990.000000506551,-45770.34693543491,6533.08336399667,-39237.263571438234,295.78367094987186,26.468118168475854,1.0014243051352751
3500000,7000.0000005085885,-45504.089742883516,6420.26151198733,-39083.828230896186,290.6756905841857,26.55333428516683,0.9982104906467777
3505000,7010.000000510626,-45899.779550822685,6386.702688296897,-39513.07686252579,289.1563234628938,26.30253747234758,1.0077285080563203
3510000,7020.000000512663,-46022.50655136048,6549.204423955566,-39473.30212740491,296.5135477979959,26.52003502037545,0.999463870418714
3515000,7030.0000005147,-45735.40514572215,6611.675629267669,-39123.72951645448,299.34191556959166,26.75702512159652,0.9906115020129994
3520000,7040.000000516738,-45932.736979105975,6601.212528469507,-39331.52445063647,298.868201368935,26.636498425208895,0.9950938904198859
3525000,7050.000000518775,-45687.06579154567,6749.985722064652,-38937.08006948102,305.60386948898605,26.535733626635732,0.9988725850978012
3530000,7060.000000520812,-45697.9364142734,6486.384494745167,-39211.55191952823,293.6693916414922,26.740497418797485,0.9912237768049809
3535000,7070.000000522849,-45693.24540568917,6469.519641574262,-39223.72576411491,292.90583974677565,26.54256450464202,0.998615519629563
3540000,7080.000000524887,-45648.248893994954,6553.484588748737,-39094.764305246215,296.7073311594284,26.247920185236254,1.0098254131393272
3545000,7090.000000526924,-45887.95980835176,6647.008935391673,-39240.95087296009,300.9416219271974,26.901161110691813,0.9853038214982327
3550000,7100.000000528961,-45586.25842743006,6450.962542506627,-39135.295884923435,292.0656718538241,26.70425326641377,0.9925691080244861
3555000,7110.0000005309985,-45763.36781926971,6762.4490341283745,-39000.91878514134,306.1681427408348,26.264634165314053,1.0091827922777141
3560000,7120.000000533036,-45655.64688136114,6397.928480063319,-39257.718401297825,289.66456830120234,26.613764629915377,0.9959439114942141
3565000,7130.000000535073,-45729.209786041174,6767.8997702343495,-38961.31001580683,306.41492341773375,26.092724685493884,1.0158316988581901
3570000,7140.00000053711,-46172.23844613222,6685.786992343894,-39486.45145378833,302.697288493591,26.698897477092295,0.9927682170339178
3575000,7150.000000539148,-45663.09323728189,6282.202848159859,-39380.89038912203,284.42512004679367,26.93525046121986,0.9840568174135285
3580000,7160.000000541185,-45514.79561899364,6748.637630936993,-38766.15798805664,305.54283500950714,26.5252236278188,0.9992683649726459
3585000,7170.000000543222,-45690.13828937244,6534.889133281589,-39155.249156090846,295.86542669034276,26.169863490208172,1.0128374133484424
3590000,7180.000000545259,-45947.44814944186,6581.245100224049,-39366.20304921781,297.96418118477243,26.77951297223767,0.9897796450810317
3595000,7190.000000547297,-45848.25078009063,6416.470852280422,-39431.77992781021,290.5040694397794,26.423658986848032,1.0031092536539752
3600000,7200.000000549334,-45486.45483148337,6471.732126998986,-39014.72270448438,293.00600945599047,26.690218954838038,0.9930910229681601
3605000,7210.000000551371,-45675.49497895356,6390.979770426471,-39284.51520852709,289.34996725752393,26.57904220710703,0.9972449962104667
3610000,7220.000000553408,-45768.196071604965,6551.015725693153,-39217.18034591181,296.59555401884,26.705573797875054,0.9925200276810129
3615000,7230.000000555446,-45740.520539879624,6399.971191979728,-39340.5493478999,289.75705155844327,26.738565883307654,0.9912953806416122
3620000,7240.000000557483,-45953.00370582676,6550.820820496033,-39402.18288533073,296.5867297361117,26.245406129268847,1.0099221446432498
3625000,7250.00000055952,-45613.153570335766,6664.1706297781075,-38948.98294055766,301.71861323168827,26.353293570635728,1.0057876361472522
3630000,7260.0000005615575,-45570.47236560035,6552.3402753117625,-39018.132090288585,296.65552266254457,26.620989284703303,0.9956736228557369
3635000,7270.000000563595,-45815.083402700664,6481.692487268633,-39333.39091543203,293.45696220837306,26.849638754992444,0.9871945424284626
3640000,7280.000000565632,-45876.880399085465,6466.009521879325,-39410.870877206136,292.74691997934025,26.25802860883216,1.0094366656371447
3645000,7290.000000567669,-45844.75284800882,6631.028582602315,-39213.724265406505,300.2181155600264,26.972547086017833,0.9826961006157444
3650000,7300.000000569707,-45767.036727913655,6511.4851989768595,-39255.5515289368,294.80581957718823,26.47965949996066,1.0009878278511726
3655000,7310.000000571744,-45626.962588229566,6448.353888465712,-39178.608699763856,291.9475657122873,26.463200893045087,1.001610385388806
3660000,7320.000000573781,-45420.95350901742,6272.669216288898,-39148.284292728524,283.99348731303456,26.598879847067042,0.9965012435674799
3665000,7330.000000575818,-45742.94769596396,6603.833746592002,-39139.11394937195,298.98687634603766,26.539665054214687,0.9987246180748229
3670000,7340.000000577856,-45849.79047642491,6581.186170909219,-39268.60430551569,297.9615131751826,26.3839805048718,1.0046178149733695
3675000,7350.000000579893,-45888.75328804774,6640.044252475499,-39248.70903557224,300.62629769740096,26.58391553462614,0.9970621826036076
3680000,7360.00000058193,-46217.23909618409,6420.7715783358235,-39796.467517848265,290.69878370707727,26.964097095137866,0.9830040572685736
3685000,7370.000000583967,-45744.89600144583,6393.8152365236965,-39351.08076492213,289.478342256642,26.205566218249906,1.0114575134287798
3690000,7380.000000586005,-46085.32561258471,6474.326821056514,-39610.998791528196,293.1234835628658,26.71084882018287,0.9923240187363995
3695000,7390.000000588042,-45671.17511959933,6233.5732403275715,-39437.60187927176,282.2234270451775,26.43328493166841,1.002743961396526
3700000,7400.000000590079,-45742.10895263724,6751.796153574008,-38990.31279906323,305.68583631047056,26.642810326573855,0.9948581444753621
3705000,7410.0000005921165,-45679.97869773774,6348.59402814872,-39331.38466958902,287.4309636648346,26.58958666120328,0.9968495254489523
3710000,7420.000000594154,-46143.67430706654,6477.855471465327,-39665.81883560121,293.2832423036113,26.11916995771365,1.0148031843284686
3715000,7430.000000596191,-45886.74272441247,6363.535875296111,-39523.20684911636,288.10745195585855,26.763707746911237,0.9903641564074126
3720000,7440.000000598228,-45510.35729799501,6873.427819426799,-38636.929478568214,311.19267873466976,26.670966547444895,0.9938078846131494
3725000,7450.000000600266,-46037.85922316142,6602.516744647193,-39435.34247851423,298.9272494213254,26.93172148669727,0.9841857624361904
3730000,7460.000000602303,-45772.64524329605,6567.5789546766855,-39205.06628861937,297.3454499559609,26.764308549702545,0.990341924801897
3735000,7470.00000060434,-45865.651051135326,6648.494808159381,-39217.15624297594,301.00889443503326,26.50297526755498,1.000107217303741
3740000,7480.000000606377,-46016.64260162506,6453.307888560195,-39563.33471306487,292.1718567938779,26.908063615119392,0.9850510696061725
3745000,7490.000000608415,-45888.954257845355,6558.227423881284,-39330.72683396407,296.9220618016158,26.671730189953305,0.99377943074306
3750000,7500.000000610452,-45896.61891159712,6683.374745965528,-39213.24416563159,302.58807465851874,26.52062206469135,0.9994417468960213
3755000,7510.000000612489,-45472.591506670055,6701.754911524585,-38770.83659514547,303.4202319323237,26.897537731254804,0.9854365522203417
3760000,7520.0000006145265,-45611.99190340802,6520.656304125649,-39091.33559928238,295.2210390067344,26.507827869100698,0.9999241347119672
3765000,7530.000000616564,-45874.65703210479,6490.0183706321,-39384.638661472694,293.83391443872705,26.490526389569276,1.0005772046697052
3770000,7540.000000618601,-45763.933806443994,6454.110766884403,-39309.82303955959,292.2082069037462,26.571729987539577,0.9975194260040202
3775000,7550.000000620638,-45764.61273447878,6513.258345169199,-39251.354389309585,294.88609831552355,26.621399914264902,0.9956582647970108
3780000,7560.0000006226755,-45796.38482715597,6657.89298191306,-39138.49184524291,301.43439433733164,26.955748450016785,0.9833085100290652
3785000,7570.000000624713,-45758.595145086,6399.764282715358,-39358.83086237064,289.74768379465405,26.880834958368116,0.9860488666425488
3790000,7580.00000062675,-45804.068782916525,6505.161251352401,-39298.907531564124,294.5195044731188,26.423071166282682,1.0031315693130778
3795000,7590.000000628787,-45675.81341966218,6445.920210908003,-39229.893208754176,291.83738158607605,26.499425636586754,1.0002411829073272
3800000,7600.000000630825,-45874.18253544369,6410.057211629123,-39464.125323814565,290.213693506962,26.31242170584947,1.0073499559035959
3805000,7610.000000632862,-45760.250107091386,6573.930082052677,-39186.32002503871,297.6329956162984,26.5597029279508,0.9979711338265834
3810000,7620.000000634899,-45967.007445929165,6343.78165687141,-39623.22578905775,287.213084791557,26.4021754643935,1.0039254863998066
3815000,7630.000000636936,-45903.19440199272,6584.318541757902,-39318.87586023482,298.10333046064767,26.783143674480534,0.989645471317824
3820000,7640.000000638974,-45570.02440712147,6547.1193105013745,-39022.905096620096,296.41914482202486,26.8158763703525,0.9884374643973591
3825000,7650.000000641011,-45626.91664290195,6452.828664867661,-39174.087978034295,292.1501600643114,27.156430264344213,0.9760420124108075
3830000,7660.000000643048,-45801.09059728199,6453.861624916021,-39347.22897236597,292.19692706513257,26.445565941800098,1.0022782988814378
3835000,7670.0000006450855,-45595.019692434114,6663.215460322766,-38931.804232111346,301.6753681799816,26.496729681837074,1.000342954144769
3840000,7680.000000647123,-46014.3939199929,6909.006111961117,-39105.38780803178,312.8034767890652,26.83867754659217,0.9875977234381226
3845000,7690.00000064916,-45862.94955971092,6366.96189206614,-39495.98766764478,288.2625639849748,26.427601371668935,1.002959613032426
3850000,7700.000000651197,-45731.542938189814,6368.755896832221,-39362.787041357595,288.34378708987765,26.49878898481436,1.0002652143950408
3855000,7710.000000653235,-45959.02253469179,6498.968049307271,-39460.05448538451,294.2391088415648,26.241914223042066,1.0100565309306018
3860000,7720.000000655272,-45977.942064503965,6619.619018452406,-39358.32304605156,299.70155047426664,26.662164835730398,0.9941359603922113
3865000,7730.000000657309,-45834.16381283308,6525.058805020448,-39309.105007812635,295.42036110373994,26.567523952090013,0.9976773482129158
3870000,7740.000000659346,-45838.169719500176,6766.933278364872,-39071.236441135305,306.3711657466358,26.67597452810102,0.993621313335058
3875000,7750.000000661384,-45935.372283682984,6286.1296669593485,-39649.24261672363,284.60290575913723,27.0462678809563,0.9800175374202903
3880000,7760.000000663421,-45754.488348172046,6514.588893509977,-39239.89945466207,294.94633854983323,27.056850588718163,0.9796342245448314
3885000,7770.000000665458,-45455.147647348815,6672.710872346089,-38782.43677500272,302.1052705199575,26.84059162517616,0.9875272950482262
3890000,7780.000000667495,-45726.08818651171,6409.25693694056,-39316.83124957115,290.17746127602857,26.78218647035833,0.9896808415713212
3895000,7790.000000669533,-45991.72206477553,6698.575171713649,-39293.14689306188,303.27627002926164,26.489751006779898,1.000606492613701
3900000,7800.00000067157,-45631.60151465394,6319.752052461822,-39311.84946219212,286.12515062514024,26.67618686337554,0.9936134043765767
3905000,7810.000000673607,-45938.98974459857,6608.261025992737,-39330.72871860583,299.1873202835338,26.552446866045464,0.9982438522078051
3910000,7820.0000006756445,-45471.81941542524,6544.950748082885,-38926.86866734236,296.3209637156334,26.995409576423203,0.9818638524474728
3915000,7830.000000677682,-45602.26511058287,6512.187288734526,-39090.07782184835,294.8376065105991,26.531706056320743,0.9990242161148061
3920000,7840.000000679719,-45779.64505366102,6453.998150276922,-39325.6469033841,292.20310821577385,26.397605728065294,1.0040992777206283
3925000,7850.000000681756,-45944.58647720062,6412.456824093277,-39532.12965310734,290.3223353448139,26.39410780950045,1.004232347477327
3930000,7860.000000683794,-45311.703370063566,6432.154345946874,-38879.54902411669,291.21413558642416,26.588100647084136,0.9969052395629143
3935000,7870.000000685831,-45563.87511135114,6461.04844709503,-39102.82666425611,292.52230859298595,26.647477688855187,0.9946838929595897
3940000,7880.000000687868,-45668.22363531421,6571.940288833033,-39096.28334648117,297.5429082394587,26.853539266801093,0.9870511511260381
3945000,7890.000000689905,-45645.170982694835,6378.712208983153,-39266.45877371168,288.79455656472544,26.46829840022197,1.001417486092797
3950000,7900.000000691943,-45727.480975549144,6449.516404569389,-39277.964570979755,292.0001983302298,26.45520226412973,1.0019132184463841
3955000,7910.00000069398,-45768.08103372302,6335.775955399766,-39432.305078323254,286.8506287141003,26.379853292797282,1.0047749906304972
3960000,7920.000000696017,-45844.54812057171,6505.174397296903,-39339.3737232748,294.5200996523789,26.687669331268975,0.993185898554595
3965000,7930.0000006980545,-45966.77545404225,6572.177517827631,-39394.59793621462,297.5536487212448,26.699970837669042,0.9927283069429109
3970000,7940.000000700092,-45835.8124772741,6571.467675358461,-39264.344801915635,297.52151078581227,26.931541905594557,0.9841923250446409
3975000,7950.000000702129,-45951.96246665268,6374.564803834315,-39577.39766281837,288.606783862084,26.306926176036335,1.0075603918046925
3980000,7960.000000704166,-45853.10903419275,6650.7141095821,-39202.39492461065,301.10937273680634,26.931468001348545,0.9841950258254416
3985000,7970.0000007062035,-45837.92010420514,6764.548374711765,-39073.371729493374,306.2631898464253,26.415212746449367,1.0034299969311091
3990000,7980.000000708241,-45828.106335990306,6714.196917899726,-39113.90941809058,303.98354057459545,26.70596034689856,0.9925056616877095
3995000,7990.000000710278,-46046.04132294428,6481.010897989423,-39565.03042495486,293.4261034288578,26.775968888663225,0.9899106529185833
4000000,8000.000000712315,-45483.054690117715,6437.388728082032,-39045.66596203568,291.4511208928759,26.30717743372587,1.0075507686781997
4005000,8010.000000714353,-45679.99546942691,6418.734879514386,-39261.26058991253,290.6065726911665,26.233848098516894,1.0103670931373108
4010000,8020.00000071639,-45932.35990888515,6531.034600400473,-39401.32530848467,295.69091370438326,26.297579725902068,1.0079184898904257
4015000,8030.000000718427,-46026.36971641233,6561.974083093652,-39464.39563331868,297.0916908349356,26.4169506998318,1.0033639819478881
4020000,8040.000000720464,-46035.36347196606,6340.567081577238,-39694.79639038882,287.0675457209407,26.325452022292176,1.006851347610646
4025000,8050.000000722502,-45516.49531258951,6446.785763950576,-39069.70954863894,291.8765692777172,26.31174509641294,1.007375860019175
4030000,8060.000000724539,-45122.94485302502,6592.447526668329,-38530.49732635669,298.47136816412365,26.997237033444023,0.98179738957246
4035000,8070.000000726576,-45839.99803347309,6413.266281199711,-39426.73175227338,290.35898330735745,26.503701750864835,1.0000798037292802
4040000,8080.0000007286135,-45789.122144286346,6501.9349468890705,-39287.187197397274,294.37343436738206,26.50676693263977,0.9999641567929467
4045000,8090.000000730651,-45734.881429678295,6367.6379833457495,-39367.24344633255,288.2931738439707,26.791198940584852,0.9893479162275096
4050000,8100.000000732688,-45858.79949774529,6476.299556833983,-39382.49994091131,293.2127986683931,26.415617839051812,1.0034146089863218
4055000,8110.000000734725,-45779.337090178684,6425.605398595891,-39353.73169158279,290.9176336775389,26.61314023478929,0.9959672782415692
4060000,8120.000000736763,-45405.45830516197,6491.486968275982,-38913.97133688599,293.9004048197697,26.365107322060847,1.0053369599950652
4065000,8130.0000007388,-45892.209651676705,6526.119395632679,-39366.09025604403,295.46837907124194,26.394360285248077,1.0042227414739997
4070000,8140.000000740837,-45847.27356031421,6640.373773691735,-39206.899786622474,300.64121668581174,26.53421504970206,0.9989297514720303
4075000,8150.000000742874,-45877.46090268786,6597.341706482391,-39280.11919620547,298.6929508978861,26.68415237991639,0.993316799714188
4080000,8160.000000744912,-46072.00669472688,6453.96576550589,-39618.04092922099,292.201642003585,26.627334442022683,0.995436358934726
4085000,8170.000000746949,-45577.68563622853,6598.819146538401,-38978.86648969013,298.7598416168662,26.464104256304427,1.0015761949996824
4090000,8180.000000748986,-45704.722381107684,6528.26900916658,-39176.453371941105,295.56570227175166,26.36394408229304,1.0053813178471476
4095000,8190.000000751023,-46258.7210077896,6470.5424518083955,-39788.178555981205,292.9521472173651,26.219557561213495,1.0109177770533495
4100000,8200.00000075306,-45719.88788045029,6699.892961943455,-39019.99491850683,303.33593264337463,26.582233629897587,0.9971252684835576
4105000,8210.000000755097,-46127.43540727114,6480.811841014042,-39646.6235662571,293.41709117543536,26.488255038857755,1.0006630035168707
4110000,8220.000000757134,-46282.98216653621,6436.883194773487,-39846.09897176272,291.4282330022035,26.400087399250193,1.0040048899935494
4115000,8230.000000759172,-45924.363755584345,6681.005409455904,-39243.35834612844,302.48080355673017,26.53361840676549,0.9989522137073429
4120000,8240.000000761209,-45707.8664851074,6495.585627124226,-39212.280857983176,294.0859705461748,26.878842209922468,0.9861219705110483
4125000,8250.000000763246,-45753.83442934707,6623.3090191054325,-39130.52541024164,299.86861430586794,26.643459588289655,0.9948339012533541
4130000,8260.000000765283,-46080.69580284075,6630.378073696153,-39450.317729144605,300.1886639364162,26.525705796671343,0.9992502008534847
4135000,8270.00000076732,-45897.53693444282,6524.352967038667,-39373.183967404155,295.3884044704452,26.20686848223233,1.0114072523802162
4140000,8280.000000769358,-45839.322166394966,6482.169655584686,-39357.15251081028,293.4785658812974,26.472173753874664,1.0012708851015568
4145000,8290.000000771395,-45999.36330047401,6523.717142582035,-39475.64615789198,295.3596176815151,26.653933899812653,0.9944429570784894
4150000,8300.000000773432,-45554.74191675341,6662.101277391493,-38892.64063936192,301.62492383400274,26.65860417660818,0.9942687422607837
4155000,8310.00000077547,-45963.84118194552,6677.316152836382,-39286.525029109136,302.31377341105474,26.76819870147879,0.9901980010197693
4160000,8320.000000777507,-45868.68620402989,6595.9755414113915,-39272.7106626185,298.6310981252656,26.492863818677435,1.0004889251126456
4165000,8330.000000779544,-46122.331889651774,6415.523826230332,-39706.80806342144,290.4611930786534,26.184187383293388,1.012283347086651
4170000,8340.000000781582,-45330.42136834364,6381.338497601177,-38949.082870742466,288.9134611072105,26.55868980052441,0.9980092031716459
4175000,8350.000000783619,-46020.85114954319,6603.866637014938,-39416.98451252825,298.9883654514865,26.019871985321153,1.01867591278148
4180000,8360.000000785656,-45579.69084362092,6677.8256684396165,-38901.8651751813,302.3368415990962,26.52710303876563,0.9991975681011893
4185000,8370.000000787693,-45843.06922010187,6656.69501005502,-39186.37421004685,301.380156469219,26.679893439905868,0.9934753639405015
4190000,8380.00000078973,-45508.622563574405,6437.841084885924,-39070.781478688485,291.4716012309612,26.539006948624873,0.9987493841203313
4195000,8390.000000791768,-46041.2720705549,6573.62353343331,-39467.64853712159,297.61911670630917,26.682909186850406,0.9933630796962203
4200000,8400.000000793805,-46135.94943365513,6748.252644780112,-39387.696788875015,305.5254048601576,26.661034148088806,0.9941781214441132
4205000,8410.000000795842,-45728.34472733777,6542.893921843127,-39185.45080549464,296.22784143602894,26.801996380006987,0.9889493479999261
4210000,8420.00000079788,-45931.954355429916,6557.309573506705,-39374.64478192321,296.8805063617034,26.51140718231444,0.9997891346479004
4215000,8430.000000799917,-45711.911085630534,6444.5570464832135,-39267.35403914732,291.77566466694185,26.50844266723848,0.9999009439306882
4220000,8440.000000801954,-45693.40218144772,6426.235136225628,-39267.167045222086,290.9461448869451,26.780940976208083,0.9897268683968866
4225000,8450.000000803991,-45618.19790546241,6424.659096559909,-39193.5388089025,290.87479009596575,27.013310755477242,0.9812131909721561
4230000,8460.000000806029,-45636.47980295343,6362.388795853252,-39274.09100710018,288.0555182287689,26.681431050002605,0.9934181114735109
4235000,8470.000000808066,-45747.00591195229,6610.594682224086,-39136.411229728204,299.29297596988977,26.46429118963423,1.001569120259919
4240000,8480.000000810103,-45967.5699258495,6491.725898682295,-39475.84402716721,293.91122233253407,26.80612598544925,0.9887969958617676
4245000,8490.00000081214,-45651.294369645126,6688.6937632027275,-38962.6006064424,302.8288917974726,26.84593805111493,0.9873306268768464
4250000,8500.000000814178,-45891.08486141858,6755.162831759841,-39135.922029658745,305.8382618004315,26.489667908758896,1.0006096315137287
4255000,8510.000000816215,-45913.180521852395,6719.925820477778,-39193.254701374615,304.2429151670564,26.854395001069697,0.9870196980437829
4260000,8520.000000818252,-45764.111508011236,6495.4063235919875,-39268.70518441925,294.0778526248159,26.46010686159601,1.0017275056275232
4265000,8530.00000082029,-46034.88711598609,6561.130899555184,-39473.756216430906,297.0535159168461,26.56443430391597,0.9977933857675619
4270000,8540.000000822327,-45738.14911744057,6805.681926148427,-38932.46719129214,308.1255008204733,27.059491720665033,0.9795386076990532
4275000,8550.000000824364,-45889.71920602716,6487.241159716228,-39402.478046310935,293.70817692797897,26.798896156553848,0.9890637543525133
4280000,8560.000000826401,-45691.84182082786,6557.706069525955,-39134.1357513019,296.8984576171147,26.910611312398444,0.9849578122698515
4285000,8570.000000828439,-45744.17429400439,6655.409284482395,-39088.765009521994,301.32194557422247,26.58287120891716,0.9971013528520942
4290000,8580.000000830476,-45880.1171406958,6569.401998811627,-39310.715141884175,297.4279878108286,27.092065420341555,0.9783608755500385
4295000,8590.000000832513,-45774.238017426746,6716.990512540351,-39057.24750488639,304.1100198542727,26.699921980057688,0.9927301235150282
4300000,8600.00000083455,-45753.55011330807,6369.286186643177,-39384.26392666489,288.3677958248367,26.428928870251244,1.0029092353772835
4305000,8610.000000836588,-45772.46914951323,6193.474310933497,-39578.99483857973,280.4079583183123,26.814455226380154,0.9884898507663049
4310000,8620.000000838625,-45953.08028969908,6386.139212330335,-39566.94107736874,289.13081223326515,26.646686537568232,0.9947134255410953
4315000,8630.000000840662,-45867.95656851295,6590.735913400549,-39277.220655112396,298.3938753131399,26.776723702763896,0.9898827481410041
4320000,8640.0000008427,-46099.83758442168,6423.921321565116,-39675.91626285656,290.84138752261157,26.590159152815758,0.9968280630730056
4325000,8650.000000844737,-45535.90972335491,6600.755427446616,-38935.154295908294,298.8475062375533,26.72346081109225,0.9918556968527958
4330000,8660.000000846774,-45574.592059034214,6479.408454201293,-39095.18360483292,293.3535531980195,26.809747058017823,0.9886634434761427
4335000,8670.000000848811,-46068.01821679523,6623.831375115884,-39444.186841679344,299.8922638400474,26.54750254967231,0.9984297692602145
4340000,8680.000000850849,-45910.89673052373,6667.819446883563,-39243.07728364017,301.8838124887533,26.59046519684579,0.9968165900402696
4345000,8690.000000852886,-46008.70604771987,6296.0146051063075,-39712.69144261356,285.0504437942912,26.54490102862918,0.9985276199190668
4350000,8700.000000854923,-45551.926621157676,6510.3129530593105,-39041.61366809836,294.75274644442226,26.50470506379357,1.0000419465641304
4355000,8710.00000085696,-45880.76581026678,6336.47837332189,-39544.287436944884,286.88243050507265,26.275534071866183,1.0087641519524688
4360000,8720.000000858998,-45835.619091074856,6469.863222163702,-39365.755868911154,292.92139526969635,26.711536859976796,0.9922984583047053
4365000,8730.000000861035,-45915.399379877665,6350.162923435028,-39565.23645644264,287.5019949958716,26.64638089008593,0.9947248354078005
4370000,8740.000000863072,-45854.98767863697,6752.394591982962,-39102.59308665401,305.71293045569666,26.880439811646546,0.9860633617170227
4375000,8750.00000086511,-45679.188373015495,6468.048784569785,-39211.13958844571,292.83924707376246,26.778126133926722,0.9898309057377457
4380000,8760.000000867147,-46009.90338896745,6330.170932355974,-39679.73245661147,286.5968627357282,26.32663085931408,1.0068062634656045
4385000,8770.000000869184,-46081.64442700677,6687.17277212615,-39394.471654880625,302.7600293172245,26.38299706497194,1.0046552626234952
4390000,8780.000000871221,-45554.84792479477,6697.813356652832,-38857.034568141935,303.2417790480942,26.931357877095767,0.9841990502694485
4395000,8790.000000873259,-45962.81976285967,6296.742083309888,-39666.07767954978,285.08338018306847,26.796268741087683,0.9891607335786254
4400000,8800.000000875296,-45931.89531846362,6587.363172638,-39344.53214582562,298.2411753415757,25.932775684827597,1.0220971779974926
4405000,8810.000000877333,-45685.86929391383,6484.406035903071,-39201.46325801076,293.57981742568415,26.83897876528529,0.987586639450979
4410000,8820.00000087937,-45929.62062826683,6296.755822668451,-39632.86480559838,285.08400222899775,26.88744390549572,0.9858064953391338
4415000,8830.000000881408,-45628.83259997156,6560.520781490595,-39068.311818480965,297.02589297821174,26.39100705647802,1.004350337536592
4420000,8840.000000883445,-46098.463635865715,6388.801915815926,-39709.661720049786,289.25136544952437,26.584845786569257,0.9970272935905125
4425000,8850.000000885482,-45810.378227652516,6496.475254928742,-39313.90297272377,294.126248216478,26.873315571094505,0.9863247716859503
4430000,8860.00000088752,-45407.8579916014,6405.4460882419335,-39002.41190335946,290.0049260802088,26.759262662138376,0.990528669633611
4435000,8870.000000889557,-45517.48202126718,6471.774525960244,-39045.70749530693,293.0079290580691,26.976801207605288,0.982541133810623
4440000,8880.000000891594,-46142.36750262318,6560.0143539162345,-39582.35314870694,297.00296459988425,26.442045821709996,1.002411728041933
4445000,8890.000000893631,-45685.273655184195,6518.638610722794,-39166.6350444614,295.1296884562674,26.421616325173055,1.0031868042777916
4450000,8900.000000895669,-45716.108902998734,6577.846764038951,-39138.262138959784,297.81032238702784,26.74884374523019,0.9909144895218419
4455000,8910.000000897706,-45672.24380930152,6558.540748073157,-39113.70306122836,296.93624747390965,26.32581438252651,1.0068374888602591
4460000,8920.000000899743,-46212.89851245022,6685.450893216774,-39527.44761923345,302.6820716919548,26.600975343519227,0.9964227440089664
4465000,8930.00000090178,-45798.44401674479,6479.301208439105,-39319.14280830568,293.3486976736879,26.79244783770236,0.9893017989869993
4470000,8940.000000903818,-46154.90039636637,6496.046850207159,-39658.85354615921,294.1068523027659,26.81991061131877,0.988288784002064
4475000,8950.000000905855,-45870.81982063316,6652.880507462957,-39217.9393131702,301.2074558443125,26.869060998516467,0.986480950955739
4480000,8960.000000907892,-45789.30511363753,6506.909343814341,-39282.39576982319,294.59864891024654,26.575443422435196,0.997380040805937
4485000,8970.00000090993,-45928.501837641525,6460.269202591844,-39468.23263504968,292.48702849829283,26.734716484802284,0.991438112320057
4490000,8980.000000911967,-45999.754107277375,6617.299268819353,-39382.45483845802,299.596524405576,26.000575098813933,1.0194319450385312
4495000,8990.000000914004,-45913.20298611699,6335.659176851908,-39577.54380926508,286.84534159534655,26.10201128607092,1.0154702852055257
4500000,9000.000000916041,-46041.084240107506,6700.051800275569,-39341.032439831935,303.3431240080553,26.503299923557233,1.0000949663458631
4505000,9010.000000918079,-45845.31151681155,6560.601758865041,-39284.709757946504,297.0295592080366,26.250255068339747,1.009735592134218
4510000,9020.000000920116,-45835.69466004241,6497.215131536389,-39338.479528506025,294.15974593981423,26.45187441152924,1.0020392669621754
4515000,9030.000000922153,-45877.78874680126,6645.4905250113425,-39232.29822178992,300.8728762873089,26.192166294827455,1.0119749755230736
4520000,9040.00000092419,-45741.23323870968,6256.034066847536,-39485.19917186214,283.24033519566206,26.719455168591242,0.9920043907280681
4525000,9050.000000926228,-45738.31335359998,6432.148886286598,-39306.164467313385,291.2138884017078,26.315084901521345,1.0072480079124468
4530000,9060.000000928265,-45850.525051040284,6503.518441532411,-39347.00660950787,294.4451266805581,26.53558130159451,0.9988783190331527
4535000,9070.000000930302,-45933.47466301528,6410.859501280427,-39522.61516173485,290.25001696481576,26.2593703510746,1.0093850877128743
4540000,9080.00000093234,-45826.361164447735,6379.48370272255,-39446.877461725184,288.82948574557923,26.642788581568258,0.9948589564472717
4545000,9090.000000934377,-45596.916876161995,6460.396500062759,-39136.52037609924,292.4927918585857,26.07406589990433,1.0165586351916653
4550000,9100.000000936414,-46035.6150275516,6639.569527572766,-39396.045499978834,300.604804649387,26.222975808111503,1.0107860007598868
4555000,9110.000000938451,-45972.33241202589,6582.947899792825,-39389.38451223307,298.04127499779804,26.711520529221392,0.9922990649711583
4560000,9120.000000940488,-45613.83922519832,6637.526324273738,-38976.312900924575,300.5122991449243,26.64319247710952,0.9948438749551782
4565000,9130.000000942526,-46312.48132841836,6660.604953854339,-39651.876374564024,301.557178170265,26.51769982885528,0.9995518848230543
4570000,9140.000000944563,-45982.38859661028,6742.592559660106,-39239.796036950174,305.2691459604304,26.129910079249626,1.0143860719273265
4575000,9150.0000009466,-45505.14332639426,6551.137473117862,-38954.005853276394,296.6010661022167,25.953523479150068,1.0212800919458165
4580000,9160.000000948638,-45731.251122330315,6515.09842400601,-39216.15269832431,294.9694074121422,26.331173423942577,1.0066325726677605
4585000,9170.000000950675,-46035.20537417621,6523.898576472682,-39511.306797703524,295.3678320543036,26.898762180706818,0.9853916944964712
4590000,9180.000000952712,-45827.950713262195,6466.644726008839,-39361.305987253356,292.7756786831195,26.542738123191018,0.9986089875914319
4595000,9190.00000095475,-46170.5140802908,6635.907377613197,-39534.6067026776,300.4390017507772,26.410023778918685,1.0036271480475556
4600000,9200.000000956787,-45719.182481223426,6642.04539336225,-39077.13708786118,300.71689883695376,26.601315645183956,0.9964099971086596
4605000,9210.000000958824,-45785.35507461062,6322.971347171842,-39462.38372743878,286.2709033660966,26.84762826524163,0.9872684686796013
4610000,9220.000000960861,-45620.635166741034,6453.685943860683,-39166.94922288035,292.18897315048474,26.73174845347604,0.9915481918900678
4615000,9230.000000962898,-45855.37954415474,6551.159471204564,-39304.22007295018,296.6020620599408,26.643294869181315,0.9948400516996098
4620000,9240.000000964936,-46124.468288787175,6584.911787262286,-39539.55650152489,298.1301894984534,26.729013203526545,0.9916496596143396
4625000,9250.000000966973,-45904.54361492238,6477.437821412791,-39427.10579350959,293.26433330477744,26.89350667750435,0.98558425879343
4630000,9260.00000096901,-45931.62504398805,6571.042991933818,-39360.58205205423,297.5022833528632,26.55167137022578,0.9982730079593817
4635000,9270.000000971047,-46055.08705368487,6452.448937631573,-39602.63811605329,292.13296801124983,26.483422770886513,1.000845588367165
4640000,9280.000000973085,-45929.58563155291,6742.63600641294,-39186.94962513997,305.27111300100347,26.994085560268612,0.9819120112783895
4645000,9290.000000975122,-45667.07732501719,6654.767994897535,-39012.30933011966,301.29291135301577,26.549272754313307,0.9983631977564448
4650000,9300.00000097716,-45692.91167145601,6393.257821766626,-39299.653849689385,289.453105446716,26.574206308345243,0.997426472029026
4655000,9310.000000979197,-45537.18279519491,6695.115888167147,-38842.066907027765,303.1196518553869,26.696454885858035,0.9928590503282614
4660000,9320.000000981234,-45837.98951636377,6635.3035823881,-39202.68593397567,300.41166507707646,26.721890277215234,0.9919139914927654
4665000,9330.000000983271,-45589.92682022846,6333.897038207124,-39256.02978202133,286.765561220899,26.606238327445467,0.9962256414790664
4670000,9340.000000985308,-45544.606978837226,6335.992370565273,-39208.61460827195,286.8604268551214,26.588514932831806,0.99688970640382
4675000,9350.000000987346,-45620.165478675044,6614.841985410437,-39005.32349326461,299.48527153051566,26.51952049804398,0.9994832616622646
4680000,9360.000000989383,-45878.532640278805,6425.947772309689,-39452.58486796912,290.93313455947504,26.402609046832776,1.0039089999813442
4685000,9370.00000099142,-45811.864331649675,6421.4924406514765,-39390.3718909982,290.73142056322826,26.66499434147975,0.9940304695235637
4690000,9380.000000993457,-45582.08725767111,6622.9484491323765,-38959.13880853874,299.8522895929686,26.422058033701116,1.0031700335869498
4695000,9390.000000995495,-45817.64046187326,6721.291219194198,-39096.34924267906,304.3047332431702,26.489720908748055,1.0006076295183206
4700000,9400.000000997532,-45998.65366062068,6602.990900107036,-39395.662760513645,298.94871668795884,26.76757681639883,0.9902210060667809
4705000,9410.00000099957,-46153.406702286564,6608.978406994747,-39544.428295291815,299.219799524104,26.680735271489475,0.9934440177676773
4710000,9420.000001001607,-45486.53744767315,6395.744139520808,-39090.793308152344,289.5656728442993,26.650353753268988,0.9945765482326113
4715000,9430.000001003644,-45522.106913367985,6633.6390084124505,-38888.467904955534,300.33630191795953,26.363930607335796,1.0053818317109744
4720000,9440.000001005681,-45887.89218309434,6408.5252890162865,-39479.366894078055,290.1443361042181,26.96212859834558,0.9830758260952256
4725000,9450.000001007718,-45572.96158934216,6443.028295008475,-39129.933294333685,291.7064508366607,26.428596931169892,1.0029218317618414
4730000,9460.000001009756,-45758.07558808033,6333.195631732926,-39424.87995634741,286.7338052229716,26.50332151567584,1.00009415157368
4735000,9470.000001011793,-45667.05238268152,6488.14626271534,-39178.90611996618,293.74915523374193,26.680186573248466,0.9934644486962091
4740000,9480.00000101383,-45558.92084475589,6428.9154544423,-39130.00539031359,291.0674956056288,26.93579487525861,0.9840369281045696
4745000,9490.000001015867,-45504.562756652245,6365.5274009104405,-39139.035355741806,288.1976177664226,26.542199917123586,0.998629236757582
4750000,9500.000001017905,-45812.07594978303,6513.475646253475,-39298.60030352956,294.89593656628927,26.776140149049382,0.9899043214428838
4755000,9510.000001019942,-45896.9127418485,6703.686224618957,-39193.226517229545,303.50767163651534,26.757833588216545,0.9905815714758298
4760000,9520.00000102198,-45970.35210542497,6498.2173564037585,-39472.134749021214,294.20512141321194,26.658359938468895,0.9942778515363773
4765000,9530.000001024016,-45840.43500853679,6533.780895190232,-39306.65411334656,295.81525149546394,26.621414122092627,0.99565773341498
4770000,9540.000001026054,-45734.67297930387,6665.729646808564,-39068.943332495306,301.78919732722926,26.563698026603213,0.9978210420310847
4775000,9550.000001028091,-45999.002715872426,6612.646231187413,-39386.35648468501,299.38585932215955,26.406886838455783,1.0037463714391517
4780000,9560.000001030128,-45640.75490594393,6569.426378388934,-39071.328527555,297.429091589928,26.94172864663425,0.9838201992438068
4785000,9570.000001032166,-45758.45933656284,6677.300964636448,-39081.15837192639,302.31308576920463,26.694797551632014,0.9929206915256723
4790000,9580.000001034203,-46167.43328429753,6649.316510507519,-39518.11677379001,301.04609679774916,26.28650468174382,1.008343146645616
4795000,9590.00000103624,-45768.69358638732,6532.848744756948,-39235.84484163037,295.7730486240673,26.835273662922177,0.9877229939237364
4800000,9600.000001038277,-45746.24616138241,6497.027537011012,-39249.2186243714,294.15125264587107,26.30844959200838,1.0075020480551564
4805000,9610.000001040315,-45997.53367058764,6788.1476198531145,-39209.38605073452,307.3316396075323,26.240459722154917,1.010112518064054
4810000,9620.000001042352,-45994.33365600492,6698.445512627193,-39295.88814337773,303.2703997474319,26.865520492424427,0.9866109555769981
4815000,9630.00000104439,-45605.37818090693,6297.135872807633,-39308.2423080993,285.101208901414,26.40552507079695,1.0037981359597448
4820000,9640.000001046426,-46246.855416735634,6742.2187347194285,-39504.63668201621,305.25222113227716,26.539330541091207,0.9987372064289627
4825000,9650.000001048464,-45726.62220202765,6421.29580389118,-39305.326398136465,290.722517884422,26.424320032974002,1.003084159290706
4830000,9660.000001050501,-46053.14849484194,6512.751049670804,-39540.39744517113,294.86313064215835,26.333213531691776,1.006554586025165
4835000,9670.000001052538,-45428.970243810036,6475.9659432954295,-38953.00430051461,293.19769440114067,26.80621883736467,0.9887935708470134
4840000,9680.000001054575,-45667.962270073825,6701.529283277523,-38966.4329867963,303.4100166714021,26.972638213061852,0.9826927805774852
4845000,9690.000001056613,-45620.4043995479,6691.246466067012,-38929.15793348089,302.94446476386133,26.519476385554476,0.999484924202439
4850000,9700.00000105865,-45587.061173796654,6414.236630371467,-39172.82454342519,290.40291561682506,26.802626194032097,0.9889261094499052
4855000,9710.000001060687,-45282.73185643408,6802.172520697581,-38480.5593357365,307.9666133902557,26.801380194956735,0.9889720847321114
4860000,9720.000001062725,-45322.95211155515,6784.6743439201855,-38538.277767634965,307.17438793195674,27.00374177612397,0.9815608912591538
4865000,9730.000001064762,-45564.81184721639,6618.404635608209,-38946.40721160818,299.64656960297174,26.552474881005725,0.998242798981619
4870000,9740.000001066799,-45736.02761213051,6360.602715127314,-39375.42489700319,287.9746538827478,26.747123509766784,0.9909782199729109
4875000,9750.000001068836,-45561.50939506199,6466.7927971978015,-39094.71659786419,292.7823825681602,26.5795197349417,0.9972270796999946
4880000,9760.000001070874,-45805.81422450283,6590.978785844585,-39214.83543865824,298.4048713006495,26.68042739572032,0.9934554815023675
4885000,9770.00000107291,-45890.008482790785,6291.59162383599,-39598.41685895479,284.85019445354544,26.392268382492773,1.0043023381304668
4890000,9780.000001074948,-46040.03818580252,6281.1493627756045,-39758.888823026915,284.3774237666629,26.350245316573666,1.0059039878627913
4895000,9790.000001076985,-45987.478544982965,6398.215762473805,-39589.26278250916,289.677574938534,26.720911745005502,0.9919503158442406
4900000,9800.000001079023,-45777.291318124684,6577.903058217289,-39199.3882599074,297.81287109149,26.629176846030422,0.9953674872625843
4905000,9810.00000108106,-45718.206101308926,6467.505573016228,-39250.7005282927,292.8146533102267,26.393949422333552,1.004238373764408
4910000,9820.000001083097,-45951.494895772135,6396.055956604153,-39555.43893916798,289.5797902826416,26.433535807770944,1.0027344445275495
4915000,9830.000001085134,-45802.18281696405,6566.034524477216,-39236.14829248683,297.2755262754454,26.513887915439188,0.9996955908405194
4920000,9840.000001087172,-45831.56732476776,6448.025775707292,-39383.54154906047,291.9327104914423,26.237109407521963,1.010241503109534
4925000,9850.000001089209,-45414.86867682618,6503.584787039439,-38911.28388978675,294.44813045634453,26.874189751125098,0.9862926879123717
4930000,9860.000001091246,-45401.15753287019,6500.1399584511,-38901.017574419086,294.2921667269871,26.932119846157907,0.9841712051079247
4935000,9870.000001093284,-45301.5444167619,6822.413940346472,-38479.13047641543,308.88303846482006,27.01784639271453,0.9810484692166909
4940000,9880.00000109532,-45956.85853605793,6385.296354082695,-39571.562181975234,289.09265204263437,26.44633910761689,1.002248997006556
4945000,9890.000001097358,-45983.784305889334,6532.703454085389,-39451.08085180394,295.7664706262378,26.237936790380722,1.0102096463172276
4950000,9900.000001099395,-45678.66065950779,6578.30473957352,-39100.35591993427,297.8310571117011,26.63782601230317,0.9950442965151167
4955000,9910.000001101433,-45540.19680550671,6658.167148528905,-38882.02965697781,301.4468071604304,26.507194106820965,0.9999480419650932
4960000,9920.00000110347,-45688.027701332176,6481.732031151673,-39206.2956701805,293.4587525475189,26.057160038701202,1.017218177488902
4965000,9930.000001105507,-45583.74773100298,6673.765324508854,-38909.98240649413,302.15301057073697,26.558538734530963,0.9980148798865155
4970000,9940.000001107544,-45775.17321108596,6472.62476624665,-39302.54844483931,293.0464234686087,26.64606934606088,0.9947364656627179
4975000,9950.000001109582,-45883.745095223945,6421.114163824782,-39462.630931399166,290.7142941770793,26.65095111952163,0.9945542553522215
4980000,9960.000001111619,-45790.55312249967,6525.434231588428,-39265.11889091124,295.43735844515777,26.60522954708424,0.9962634149874927
4985000,9970.000001113656,-45491.71762883576,6560.079440279554,-38931.63818855621,297.0059113682628,26.78931107703123,0.9894176363433994
4990000,9980.000001115694,-45787.5205045396,6445.963968281841,-39341.55653625776,291.83936268993523,26.64727795283773,0.9946913486629361
4995000,9990.00000111773,-45893.72393361124,6545.9112058640785,-39347.812727747165,296.3644481949345,26.501337055885127,1.0001690401208705
5000000,10000.000001119768,-45373.362947890244,6548.248553338466,-38825.114394551776,296.4702710013707,26.724203170146556,0.9918281445604998
5005000,10010.000001121805,-45997.01522058179,6438.125627874796,-39558.88959270699,291.4844838416831,26.404611214985884,1.0038328771173484
5010000,10020.000001123843,-45983.751062105235,6476.47608532752,-39507.27497677771,293.2207909505876,26.772009832612,0.9900570413214379
5015000,10030.00000112588,-45985.3391060048,6476.525043578888,-39508.81406242591,293.2230075228409,26.503680992703675,1.000080587009827
5020000,10040.000001127917,-45709.996264785004,6330.860260857906,-39379.136003927095,286.628071906564,26.8768303953714,0.9861957848150499
5025000,10050.000001129954,-45900.21314024128,6581.417252493899,-39318.79588774738,297.9719753345638,26.53464842519223,0.9989134365141779
5030000,10060.000001131992,-45655.59233350027,6499.851657569258,-39155.74067593102,294.27911397862647,26.299424152378585,1.0078478027324804
5035000,10070.000001134029,-45908.58786622493,6470.893757417114,-39437.69410880782,292.9680524885491,26.439482460664284,1.0025089138767633
5040000,10080.000001136066,-45818.30593315209,6690.322210390937,-39127.98372276116,302.90261932556916,26.569204842312892,0.9976142305505636
5045000,10090.000001138103,-45487.9665482188,6568.684265388718,-38919.282282830085,297.39549261449275,26.343265299363658,1.0061705162170824
5050000,10100.00000114014,-46065.35112246737,6665.620859396893,-39399.73026307048,301.78427200511345,26.394042092444995,1.0042348478595207
5055000,10110.000001142178,-45820.34347900824,6550.991333347698,-39269.35214566054,296.594449661666,26.536934696109558,0.9988273758306444
5060000,10120.000001144215,-45597.321618072514,6474.223104545532,-39123.09851352698,293.11878782447593,26.615722955390396,0.9958706321646674
5065000,10130.000001146253,-45760.67959855439,6755.844112974318,-39004.83548558007,305.8691066323952,26.400660266163367,1.0039831041300014
5070000,10140.00000114829,-45862.07255610323,6413.119868816182,-39448.95268728705,290.35235452430663,26.992960213073214,0.9819529475787915
5075000,10150.000001150327,-45771.30920891091,6519.090886791055,-39252.21832211986,295.1501651390678,26.70224792072049,0.9926436502200334
5080000,10160.000001152364,-45832.69223657093,6479.031548102806,-39353.660688468124,293.336488871238,26.42236677812839,1.0031583115803604
5085000,10170.000001154402,-45836.032047278015,6288.550265747399,-39547.481781530616,284.71249774741216,26.72562804800429,0.9917752652059223
5090000,10180.000001156439,-45652.360659423575,6494.863268637043,-39157.497390786535,294.0532659512421,26.993092941054876,0.9819481192090634
5095000,10190.000001158476,-45770.2788915126,6524.492933403902,-39245.785958108696,295.3947414116737,26.78523528868774,0.9895681915588225
5100000,10200.000001160513,-45886.559184462996,6539.777795195922,-39346.781389267075,296.0867596026125,26.44092350997948,1.0024542764211815
5105000,10210.00000116255,-45485.54442334571,6357.165391992878,-39128.37903135283,287.81902996088763,26.518942647501685,0.9995050405073885
5110000,10220.000001164588,-45870.771571977355,6683.750305630008,-39187.02126634735,302.60507802584647,26.54239723085411,0.998621813040033
5115000,10230.000001166625,-45979.41301330313,6684.161110257987,-39295.251903045144,302.6236770998421,26.681740925861448,0.9934065741344994
5120000,10240.000001168662,-45777.09270586254,6583.1989598087075,-39193.89374605383,298.0526416755195,26.71368970775966,0.9922184892866001
5125000,10250.0000011707,-46194.85293722025,6522.318362841416,-39672.53457437883,295.2962882881063,26.641197494594305,0.9949183722121542
5130000,10260.000001172737,-45854.06216718955,6613.492325394045,-39240.56984179551,299.4241660200024,26.630021924176262,0.9953359002322408
5135000,10270.000001174774,-45771.17300626758,6308.902229947397,-39462.27077632018,285.6339276981289,26.30831715785443,1.007507119747144
5140000,10280.000001176812,-45555.56083748682,6590.700332316421,-38964.86050517039,298.3922643886968,26.800188157316406,0.989016072928885
5145000,10290.000001178849,-45662.15163960768,6493.39110825705,-39168.76053135063,293.9866142682373,26.736634565075125,0.9913669867683216
5150000,10300.000001180886,-45723.32232861529,6356.294760554174,-39367.02756806112,287.7796123461664,27.037749878349832,0.9803262832284915
5155000,10310.000001182923,-46014.988176227256,6614.676898832347,-39400.31127739491,299.4777972781036,26.51059723335325,0.9998196800997395
5160000,10320.00000118496,-45699.44644683477,6482.896377437788,-39216.55006939698,293.5114680265011,26.266696084700587,1.0091035720530903
5165000,10330.000001186998,-46161.674572832824,6547.8882090783045,-39613.78636375452,296.4539565075646,26.69479931371761,0.9929206259843948
5170000,10340.000001189035,-45462.737595255836,6404.919706404956,-39057.81788885088,289.98109427776757,26.63050619194292,0.9953178003474691
5175000,10350.000001191072,-45851.925233008515,6506.368732499109,-39345.5565005094,294.57417287183296,26.27661206026107,1.0087227677722521
5180000,10360.00000119311,-45744.57801755919,6449.770731078937,-39294.80728648025,292.0117128976129,26.644586401102273,0.9947918292328137
5185000,10370.000001195147,-45797.10356770374,6635.21153128319,-39161.892036420555,300.4074974869497,26.661080191140215,0.9941764045221422
5190000,10380.000001197184,-45935.622259869124,6308.385231255868,-39627.23702861326,285.61052071518736,26.398416314469774,1.0040684459762703
5195000,10390.000001199222,-45909.855058247165,6622.864843702206,-39286.99021454496,299.8485043785959,26.485984642175133,1.0007487810325757
5200000,10400.000001201259,-46165.09396885568,6359.317893356382,-39805.7760754993,287.91648390714073,26.75716180851706,0.9906064415496875
5205000,10410.000001203296,-45677.06876684673,6701.7509222819735,-38975.31784456476,303.42005132038935,27.05796200632133,0.9795939856413411
5210000,10420.000001205333,-46072.67845099507,6352.153363693241,-39720.52508730182,287.5921116672163,26.45670857925912,1.001856174425403
5215000,10430.00000120737,-45637.83858504379,6481.99312871994,-39155.84545632385,293.47057367284594,26.827009905944745,0.9880272508204767
5220000,10440.000001209408,-45883.19754518801,6388.137245832906,-39495.06029935511,289.2212726867974,26.4064719601489,1.0037621415350493
5225000,10450.000001211445,-45937.99494272104,6527.026089488662,-39410.96885323238,295.50942940264116,26.300098770903524,1.007821950631925
5230000,10460.000001213482,-46031.80899301398,6499.078724453764,-39532.73026856022,294.2441196303897,26.330698636360587,1.0066507239766844
5235000,10470.00000121552,-45863.9307418167,6509.715059240621,-39354.21568257608,294.72567695538055,26.161506634759935,1.0131609473090084
5240000,10480.000001217557,-45780.05432165536,6341.627981208847,-39438.42634044652,287.1155776792157,26.753234164738313,0.9907518725358396
5245000,10490.000001219594,-45792.092454003636,6302.978865446385,-39489.11358855725,285.36574889206327,26.356944194818066,1.005648327407981
5250000,10500.000001221631,-46009.96099856653,6279.429478151114,-39730.53152041542,284.29955643212907,26.456791832051366,1.0018530218389339
5255000,10510.000001223669,-45734.42553683487,6659.548758022698,-39074.87677881217,301.5093591753252,26.37820687608333,1.0048377044588523
5260000,10520.000001225706,-46096.421698776016,6382.362016937469,-39714.059681838546,288.9598006822181,26.60290940112442,0.9963503030982005
5265000,10530.000001227743,-45908.47280723037,6499.474795169721,-39408.99801206065,294.26205163030374,26.505789062641682,1.000001048165838
5270000,10540.00000122978,-45927.29421209247,6281.575050725032,-39645.71916136744,284.3966966792136,26.910188782126788,0.9849732775828359
5275000,10550.000001231818,-45755.34755671088,6421.675714359922,-39333.67184235096,290.7397182332949,26.748756202077615,0.9909177325802364
5280000,10560.000001233855,-45693.82577134267,6575.659095735811,-39118.16667560686,297.7112762666171,26.45191375287253,1.0020377766514492
5285000,10570.000001235892,-45588.27330139588,6464.749510046009,-39123.52379134987,292.6898732672851,26.654905216838262,0.9944067191190088
5290000,10580.00000123793,-45848.6469210682,6394.160394637358,-39454.48652643084,289.4939692015666,26.706515075331534,0.9924850460772909
5295000,10590.000001239967,-45516.66115047835,6610.731808808769,-38905.92934166958,299.2991843407833,26.700160852228258,0.9927212420854105
5300000,10600.000001242004,-45774.411155261216,6480.092661172933,-39294.318494088286,293.38453049288705,26.986262084422577,0.9821966733364077
5305000,10610.000001244041,-45896.32320631709,6496.327420038673,-39399.995786278414,294.1195550298091,26.76660580174989,0.9902569284063445
5310000,10620.000001246079,-45486.269924778666,6842.924532331306,-38643.34539244736,309.81165024774367,26.3880988848907,1.0044610246735506
5315000,10630.000001248116,-45502.16388388985,6715.084507088031,-38787.07937680182,304.0237259470735,26.468653191220845,1.0014040628971543
5320000,10640.000001250153,-45686.081644194084,6577.664218241473,-39108.41742595261,297.80205767294314,26.230195497125248,1.0105077885526719
5325000,10650.00000125219,-46175.4088964531,6512.237533896272,-39663.17136255682,294.8398813473891,26.612068781764112,0.9960073777979772
5330000,10660.000001254228,-46035.731583519664,6547.056216885645,-39488.67536663402,296.41628827478155,26.454424471501067,1.0019426759277483
5335000,10670.000001256265,-45958.39775383414,6542.761907091849,-39415.63584674229,296.22186450207954,26.399428001297395,1.004029967763001
5340000,10680.000001258302,-45701.156566333375,6438.249705433489,-39262.906860899886,291.49010142127725,26.867653115135322,0.9865326432316038
5345000,10690.00000126034,-45715.31035202206,6583.053057431785,-39132.25729459028,298.04603598288685,26.54328859646781,0.9985882777400644
5350000,10700.000001262377,-46256.489624210924,6612.146570391419,-39644.3430538195,299.36323730798426,26.455636283978542,1.0018967814868294
5355000,10710.000001264414,-46013.41280678887,6369.058960393377,-39644.35384639549,288.3575082147517,26.217144762868656,1.011010813147146
5360000,10720.000001266451,-45592.57889394654,6557.737389236652,-39034.84150470989,296.8998756089705,26.814268700536005,0.9884967269151907
5365000,10730.000001268489,-46075.49253104662,6500.353816499641,-39575.13871454698,294.3018490951945,26.28263703110119,1.0084915305012583
5370000,10740.000001270526,-45883.7762704356,6534.400616381058,-39349.375654054544,295.8433092131717,26.949574474249594,0.983533779742262
5375000,10750.000001272563,-45914.87036589981,6596.571362916967,-39318.29900298284,298.65807379086345,26.63330922856426,0.9952130476026898
5380000,10760.0000012746,-45634.021115128475,6661.25327648477,-38972.767838643704,301.5865308108031,26.78308626883632,0.9896475924787408
5385000,10770.000001276638,-45839.76773702062,6619.199499015309,-39220.56823800531,299.682556839527,26.357903244760543,1.0056117362208294
5390000,10780.000001278675,-46130.14113247162,6593.036355174935,-39537.104777296685,298.49802722348966,26.548115405807906,0.9984067207763317
5395000,10790.000001280712,-45735.773308862816,6792.055553090977,-38943.71775577184,307.5085702809249,26.77378590450121,0.9899913646746584
5400000,10800.00000128275,-45783.47704924439,6502.720524601287,-39280.756524643104,294.40900119648705,26.431654070843578,1.0028058317524107
5405000,10810.000001284787,-45622.49745970627,6391.88081949036,-39230.61664021591,289.3907620224112,26.25182591213802,1.009675172074367
5410000,10820.000001286824,-45558.4629841391,6317.1166034671805,-39241.34638067192,286.0058313489571,26.337300283815278,1.0063983992084626
5415000,10830.000001288861,-45392.883396111836,6619.383949629425,-38773.49944648241,299.6909077936956,26.595288540604052,0.9966358065503532
5420000,10840.000001290899,-45963.102502995054,6592.076619384978,-39371.02588361008,298.4545754321564,26.37581928015175,1.0049286645306355
5425000,10850.000001292936,-46077.5226667854,6567.481046087738,-39510.041620697666,297.341017169749,26.801899454486062,0.9889529244043105
5430000,10860.000001294973,-45737.90216406854,6465.251970510135,-39272.6501935584,292.71262203571587,26.43564783161923,1.0026543330404456
5435000,10870.00000129701,-45668.640953583934,6374.268431951223,-39294.372521632715,288.5933657012152,26.56370163488614,0.9978209064919689
5440000,10880.000001299048,-45597.009895142866,6289.792925590169,-39307.2169695527,284.76875885255316,26.50785126190101,0.9999232522931932
5445000,10890.000001301085,-45944.73412236356,6512.791555210945,-39431.94256715261,294.86496452008237,26.381239428784998,1.004722197251406
5450000,10900.000001303122,-45808.48660066631,6536.6365298419,-39271.85007082441,295.94453962070304,26.48271366891867,1.00087238703988
5455000,10910.00000130516,-45892.41842947557,6465.197968072948,-39427.22046140262,292.7101770892455,26.394893813961655,1.0042024427877774
5460000,10920.000001307197,-46028.46566374658,6434.138966161492,-39594.326697585086,291.30398875679026,26.31672781895802,1.007185126792627
5465000,10930.000001309234,-45835.6269149509,6502.954152568567,-39332.67276238234,294.4195786426864,26.50419676163186,1.000061125545022
5470000,10940.000001311271,-45443.575255896256,6349.548383790603,-39094.02687210565,287.4741718713461,26.71518228905693,0.9921630538887095
5475000,10950.000001313309,-45766.67240873526,6698.893414335272,-39067.77899439999,303.2906783821988,26.492584286271136,1.0004994816168238
5480000,10960.000001315346,-45606.34559728805,6364.425684909389,-39241.91991237866,288.14773785750685,26.56801655729255,0.9976588499915252
5485000,10970.000001317383,-45631.79725354625,6456.366136699959,-39175.43111684629,292.310318192739,26.838865972193496,0.9875907898853004
5490000,10980.00000131942,-45766.980958432425,6417.015594762788,-39349.96536366964,290.5287325157237,26.75506274589764,0.9906841593622661
5495000,10990.000001321458,-45726.256194590474,6493.581275396455,-39232.67491919402,293.99522403661973,26.592302270969046,0.9967477270307964
5500000,11000.000001323495,-45669.81588954484,6486.431418368843,-39183.384471176,293.6715160964994,26.469976391396106,1.0013540039922297
