#"Step","Time (ps)","Potential Energy (kJ/mole)","Kinetic Energy (kJ/mole)","Total Energy (kJ/mole)","Temperature (K)"
505000,1009.9999999899404,-46826.38055809529,5931.457790080102,-40894.92276801519,268.5452276489582
510000,1019.999999989704,-46780.835513495374,6054.422784650691,-40726.41272884468,274.11243618832225
515000,1029.9999999894676,-46863.44190884457,5995.694204712903,-40867.74770413167,271.45351481906465
520000,1039.9999999892311,-46942.925476070144,6209.497609030399,-40733.42786703975,281.1334090232496
525000,1049.9999999889947,-46445.20150203153,6272.037676176353,-40173.163825855176,283.9648944966824
530000,1059.9999999887582,-46795.691073222784,6260.09813824312,-40535.592934979664,283.42433498403346
535000,1069.9999999885217,-46936.317125146976,6139.380627915014,-40796.93649723196,277.958880716367
540000,1079.9999999882853,-46862.54270651552,6022.715539294392,-40839.827167221134,272.6768988004361
545000,1089.9999999880488,-46957.96588777704,6213.327938946812,-40744.637948830234,281.3068262262
550000,1099.9999999878123,-46823.216943839274,6040.6786424896645,-40782.53830134961,273.49017368286445
555000,1109.9999999875758,-46874.524408486264,6297.832899940679,-40576.691508545584,285.13276662579574
560000,1119.9999999873394,-46579.47163253598,6173.423364876964,-40406.04826765901,279.5001568867091
565000,1129.999999987103,-46768.5284995829,6166.922129556573,-40601.606370026326,279.2058151277517
570000,1139.9999999868664,-47036.01049165614,6131.68557364772,-40904.32491800842,277.6104891112817
575000,1149.99999998663,-46799.62300190644,6145.877978349905,-40653.745023556534,278.25304658813144
580000,1159.9999999863935,-46981.74863127526,6118.030864467924,-40863.717766807335,276.99227566107373
585000,1169.999999986157,-46676.73678956623,6193.747702762051,-40482.989086804184,280.4203360631154
590000,1179.9999999859206,-46804.17777851247,6048.201598143962,-40755.97618036851,273.83077356745855
595000,1189.999999985684,-47072.21904076566,6071.142810881709,-41001.076229883955,274.8694310805416
600000,1199.9999999854476,-46752.060819157516,6233.795405246114,-40518.2654139114,282.2334855047901
605000,1209.9999999852112,-46752.026942870114,6061.438959488783,-40690.58798338133,274.43009170165516
610000,1219.9999999849747,-46448.02886102296,5986.2675731450645,-40461.7612878779,271.026726496541
615000,1229.9999999847382,-46989.776386445155,6248.423323353207,-40741.35306309195,282.8957607391632
620000,1239.9999999845018,-46716.37530581397,6093.155192118515,-40623.22011369545,275.86603598603716
625000,1249.9999999842653,-46956.00571768766,6251.529645544984,-40704.47607214267,283.03639867837893
630000,1259.9999999840288,-46744.36199079448,6136.80307224474,-40607.55891854974,277.84218254557175
635000,1269.9999999837923,-46848.169692561496,6187.356225425329,-40660.81346713617,280.13096356867175
640000,1279.9999999835559,-46686.94925477513,6095.136987298014,-40591.812267477115,275.955761253664
645000,1289.9999999833194,-47178.19213733077,6248.082357405943,-40930.109779924824,282.88032359349535
650000,1299.999999983083,-46924.227906450105,6135.039255344142,-40789.188651105964,277.76232618852333
655000,1309.9999999828465,-46444.97024858743,6107.679386178526,-40337.2908624089,276.5236151408255
660000,1319.99999998261,-46674.95770156692,6028.31207458915,-40646.64562697777,272.9302804981512
665000,1329.9999999823735,-46364.67759295186,6113.894553966541,-40250.78303898532,276.80500526574554
670000,1339.999999982137,-46687.33837264014,6022.925076321748,-40664.41329631839,272.6863855355193
675000,1349.9999999819006,-46653.67129814258,6436.302287316467,-40217.369010826114,291.40193256632256
680000,1359.9999999816641,-46731.800239191914,6098.2172134479215,-40633.583025743996,276.09521770128816
685000,1369.9999999814277,-46846.937242812885,6032.640355711294,-40814.29688710159,273.12624231401696
690000,1379.9999999811912,-46567.442240200995,6319.589122112044,-40247.853118088955,286.1177739954109
695000,1389.9999999809547,-46472.018481755105,6247.2350242510265,-40224.783457504076,282.84196080258715
700000,1399.9999999807183,-46541.713655764644,6328.067178081084,-40213.646477683564,286.50161580138894
705000,1409.9999999804818,-46384.29639896337,6159.987705542057,-40224.30869342131,278.89186086195434
710000,1419.9999999802453,-46505.396440275945,6172.989800758533,-40332.40663951741,279.48052738263016
715000,1429.9999999800089,-46813.74127572845,6033.541442916334,-40780.19983281211,273.16703880573493
720000,1439.9999999797724,-46694.871945850784,6111.199623513298,-40583.67232233749,276.6829929818051
725000,1449.999999979536,-46566.82661208173,6356.497515885721,-40210.32909619601,287.78879204171415
730000,1459.9999999792994,-46613.12480132509,5982.150564170784,-40630.9742371543,270.8403299728938
735000,1469.999999979063,-46662.502877146006,6031.645698244145,-40630.85717890186,273.08120945272015
740000,1479.9999999788265,-46677.6042226585,6093.451343011892,-40584.15287964661,275.8794441416534
745000,1489.99999997859,-46813.538046374044,6140.836185092791,-40672.70186128125,278.02478069365696
750000,1499.9999999783536,-46615.26023528451,6022.0660849564365,-40593.194150328076,272.64749492213053
755000,1509.999999978117,-46943.93796392484,6228.690581464263,-40715.24738246057,282.00236591950073
760000,1519.9999999778806,-46895.12533786625,6261.235932884755,-40633.8894049815,283.47584834413306
765000,1529.9999999776442,-46941.82485414483,6010.2246503143415,-40931.60020383049,272.1113770107851
770000,1539.9999999774077,-46793.38021775568,6208.070052135817,-40585.31016561986,281.0687767515881
775000,1549.9999999771712,-46807.10294675117,6204.695952287041,-40602.40699446413,280.9160152477441
780000,1559.9999999769348,-46708.94938621763,5964.214478843883,-40744.73490737375,270.02827831751506
785000,1569.9999999766983,-47013.92197270127,5946.856272841242,-41067.065699860024,269.2423900000844
790000,1579.9999999764618,-46829.832909622986,6147.062976632251,-40682.769932990734,278.3066970809375
795000,1589.9999999762254,-46813.17241677106,6019.940084782962,-40793.2323319881,272.55124081044784
800000,1599.9999999759889,-46634.81234139827,6355.763963083007,-40279.04837831526,287.7555806270217
805000,1609.9999999757524,-46958.71676020569,6046.214132197218,-40912.50262800847,273.7407915573015
810000,1619.999999975516,-47017.581137391506,6250.326149450559,-40767.25498794095,282.98191070188307
815000,1629.9999999752795,-46944.793900870776,6190.183149186678,-40754.6107516841,280.2589518157275
820000,1639.999999975043,-46855.316011848685,6160.903510758257,-40694.412501090424,278.93332370784657
825000,1649.9999999748065,-46472.72933686158,6148.630994376328,-40324.09834248525,278.37768868147543
830000,1659.99999997457,-46857.874724277586,6175.073189710765,-40682.801534566825,279.57485228221793
835000,1669.9999999743336,-46864.37517849839,6116.981747575819,-40747.39343092257,276.9447771633027
840000,1679.9999999740971,-47186.56222295627,6112.7441991645,-41073.81802379177,276.75292324761034
845000,1689.9999999738607,-46742.094187570794,6016.651190561231,-40725.442997009566,272.4023369694789
850000,1699.9999999736242,-46433.42984173022,6066.58524681323,-40366.84459491699,274.66308853818356
855000,1709.9999999733877,-46779.82747965329,6008.123267064293,-40771.704212589,272.0162374239864
860000,1719.9999999731513,-46843.06652342121,5998.598122140503,-40844.468401280705,271.5849889345802
865000,1729.9999999729148,-46858.32247370831,6146.652164295152,-40711.67030941315,278.2880976579134
870000,1739.9999999726783,-46926.06034428999,6294.06802537496,-40631.99231891503,284.9623128970325
875000,1749.9999999724419,-47042.80772884004,6172.222566250375,-40870.58516258966,279.4457910373765
880000,1759.9999999722054,-46716.26501913223,6212.596860105152,-40503.66815902708,281.2737268194586
885000,1769.999999971969,-46853.846492315584,6332.349892351998,-40521.49659996359,286.6955145897714
890000,1779.9999999717324,-46952.44405594538,5876.893061375829,-41075.55099456955,266.07482357460077
895000,1789.999999971496,-47289.973462156486,5902.233215090338,-41387.74024706615,267.22209252411653
900000,1799.9999999712595,-46532.98643178103,5964.661267468149,-40568.325164312875,270.0485065576984
905000,1809.999999971023,-46358.22492381174,6168.220265747674,-40190.00465806406,279.2645879103114
910000,1819.9999999707866,-46677.13236701151,6011.065490094848,-40666.06687691666,272.149445815835
915000,1829.99999997055,-46347.98230571236,6196.98518132915,-40150.99712438321,280.5669120735297
920000,1839.9999999703136,-46844.49680865841,6430.023710489658,-40414.47309816875,291.1176716134609
925000,1849.9999999700772,-46805.27009810787,6246.336889996233,-40558.93320811163,282.8012980049329
930000,1859.9999999698407,-46788.80928511976,6108.161919039169,-40680.647366080586,276.54546169212796
935000,1869.9999999696042,-46736.9225406755,6047.886545338076,-40689.03599533742,273.81650963260944
940000,1879.9999999693678,-46758.79856815783,6198.862585265888,-40559.93598289194,280.6519110544587
945000,1889.9999999691313,-46792.572500164446,5963.701968838864,-40828.870531325585,270.0050745587021
950000,1899.9999999688948,-46758.54047830461,6234.201567658887,-40524.338910645725,282.25187440368495
955000,1909.9999999686584,-46663.03551823279,6075.92986737725,-40587.10565085554,275.08616383357804
960000,1919.999999968422,-46906.60922583443,6170.514011456073,-40736.09521437836,279.3684366579938
965000,1929.9999999681854,-46440.07826144999,6296.523349451314,-40143.554911998675,285.07347706381444
970000,1939.999999967949,-46787.85045790847,6056.740800836648,-40731.10965707182,274.217383775641
975000,1949.9999999677125,-46721.55259546626,6028.675508239088,-40692.87708722717,272.94673486328577
980000,1959.999999967476,-46581.81312579784,6099.519479728788,-40482.293646069054,276.15417747260096
985000,1969.9999999672395,-46699.75479632494,6155.928869707458,-40543.82592661748,278.7080981122615
990000,1979.999999967003,-46715.14410473796,6127.094118805586,-40588.049985932375,277.4026121728531
995000,1989.9999999667666,-46578.34284076397,6239.667481136292,-40338.67535962768,282.4993422321763
1000000,1999.9999999665301,-46923.04162434081,6169.1278566167,-40753.91376772411,279.30567885374563
1005000,2009.9999999662937,-46584.66500759515,6215.175961519704,-40369.48904607544,281.390494973429
1010000,2019.9999999660572,-46930.149875550414,6050.978952983976,-40879.17092256644,273.95651759433525
1015000,2029.9999999658207,-46942.94772698736,6172.864386005833,-40770.083340981524,279.47484926192084
1020000,2039.9999999655843,-46933.48737362691,6201.917367308171,-40731.57000631874,280.7902155266468
1025000,2049.999999965348,-46644.85841902817,6089.243021073064,-40555.6153979551,275.68891344699466
1030000,2059.9999999651113,-46851.58481920051,6288.522173783387,-40563.06264541712,284.71122589095836
1035000,2069.999999964875,-46679.473306610016,6151.781109540607,-40527.69219706941,278.5203093362707
1040000,2079.9999999646384,-46447.659743480384,6192.629212416105,-40255.03053106428,280.3696967000439
1045000,2089.999999964402,-46491.408432621276,6052.903043036335,-40438.50538958494,274.0436302771553
1050000,2099.9999999641655,-46748.312274188094,6024.6665689322945,-40723.645705255796,272.7652311660708
1055000,2109.999999963929,-46841.864658720384,6074.934758658703,-40766.92990006168,275.0411105419902
1060000,2119.9999999636925,-46390.55217965011,6095.761003401547,-40294.79117624857,275.98401342244114
1065000,2129.999999963456,-46582.64955991501,6233.484995371198,-40349.16456454381,282.2194317774479
1070000,2139.9999999632196,-46476.02719867497,6092.359776716563,-40383.66742195841,275.8300237580567
1075000,2149.999999962983,-46755.967793796735,6158.9800813857955,-40596.98771241094,278.84624093713916
1080000,2159.9999999627466,-46554.82641537662,6175.600144981813,-40379.22627039481,279.59871004673937
1085000,2169.99999996251,-47045.4730652881,6359.310788044424,-40686.162277243675,287.91616221596723
1090000,2179.9999999622737,-46728.13546051236,5936.33559870772,-40791.79986180464,268.76606918146007
1095000,2189.9999999620372,-47000.164315503964,6138.611218454392,-40861.553097049575,277.9240459006993
1100000,2199.9999999618008,-46665.99174050684,6184.647476386172,-40481.34426412067,280.008325651804
1105000,2209.9999999615643,-46898.436486212304,5949.718199175797,-40948.71828703651,269.37196297964994
1110000,2219.999999961328,-46909.566121409414,6111.453898891892,-40798.11222251752,276.69450523424734
1115000,2229.9999999610914,-46846.46896155388,6126.580071846681,-40719.8888897072,277.3793388288477
1120000,2239.999999960855,-46691.242804735724,6092.465730439028,-40598.7770742967,275.83482078562173
1125000,2249.9999999606184,-47151.99872655852,6270.864570122318,-40881.13415643621,283.911782421458
1130000,2259.999999960382,-46847.766533693415,6134.640078379748,-40713.126455313664,277.74425355400933
1135000,2269.9999999601455,-46528.287945718796,6170.8664673477015,-40357.42147837109,279.38439400794107
1140000,2279.999999959909,-46670.28218451649,5921.761819630464,-40748.520364886026,268.1062450777544
1145000,2289.9999999596726,-46691.566178128356,6220.356813238051,-40471.2093648903,281.6250567040116
1150000,2299.999999959436,-46850.20601096877,6130.940161448554,-40719.26584952022,277.5767407654616
1155000,2309.9999999591996,-46996.9449211451,6222.003124289931,-40774.94179685517,281.6995930139467
1160000,2319.999999958963,-46596.88914463599,5942.3021887199875,-40654.586955916006,269.03620501144303
1165000,2329.9999999587267,-46736.02001290809,5985.551483339204,-40750.46852956888,270.99430571454485
1170000,2339.99999995849,-46937.49413688271,6172.749337242557,-40764.74479964015,279.46964045871965
1175000,2349.9999999582537,-46687.274496087804,6193.504787749669,-40493.769708338135,280.40933814833494
1180000,2359.9999999580173,-46821.83156381658,6047.973234510913,-40773.858329305665,273.82043446263907
1185000,2369.999999957781,-46724.17057658144,6057.273103863768,-40666.897472717676,274.2414836584447
1190000,2379.9999999575443,-46657.323954158346,6262.785170793628,-40394.53878336472,283.5459896924566
1195000,2389.999999957308,-46737.84909797192,6079.391673675878,-40658.457424296044,275.2428962244072
1200000,2399.9999999570714,-46805.91986378661,6089.883751047248,-40716.036112739355,275.71792233197175
1205000,2409.999999956835,-46759.036850014,5984.743772191623,-40774.29307782238,270.95773679983984
1210000,2419.9999999565985,-46697.99786919606,6233.611736389221,-40464.38613280684,282.225169944479
1215000,2429.999999956362,-46340.08791663509,6273.946958713148,-40066.14095792195,284.05133677303934
1220000,2439.9999999561255,-46874.577122360526,6116.614081685942,-40757.963040674585,276.9281311845923
1225000,2449.999999955889,-46689.29092106054,6331.434473817286,-40357.856447243255,286.6540692507841
1230000,2459.9999999556526,-46751.73086070479,5859.650922989538,-40892.07993771525,265.29419018868253
1235000,2469.999999955416,-46753.12253888068,6032.76471005593,-40720.35782882475,273.1318724250236
1240000,2479.9999999551796,-46835.89289063803,5986.701272903868,-40849.19161773416,271.04636214170296
1245000,2489.999999954943,-46792.94567583216,6300.7283872742955,-40492.21728855786,285.2638590709719
1250000,2499.9999999547067,-46726.10775845114,6086.611678086979,-40639.49608036416,275.56978006929404
1255000,2509.9999999544702,-46816.46337303799,6099.688721070559,-40716.774651967426,276.1618398308714
1260000,2519.9999999542338,-46510.99193548772,6067.59515408492,-40443.3967814028,274.7088118304633
1265000,2529.9999999539973,-46486.26269587269,6203.234556295738,-40283.028139576956,280.84985091967184
1270000,2539.999999953761,-47249.376367727586,6096.50255609128,-41152.87381163631,276.0175870299632
1275000,2549.9999999535244,-46914.17305404623,6139.1687436500615,-40775.004310396165,277.94928771070454
1280000,2559.999999953288,-46439.63076900225,6044.252826605869,-40395.377942396386,273.65199395051445
1285000,2569.9999999530514,-46602.14103830763,6171.7156955140645,-40430.42534279356,279.42284259500565
1290000,2579.999999952815,-46832.4806775318,6216.899984060368,-40615.580693471435,281.4685496510546
1295000,2589.9999999525785,-46587.271761993936,6327.297354703924,-40259.974407290014,286.4667622457563
1300000,2599.999999952342,-46694.851462976425,6200.293003027551,-40494.55845994887,280.7166728511424
1305000,2609.9999999521056,-46665.84522550943,5997.610404664684,-40668.234820844744,271.540270279608
1310000,2619.999999951869,-46727.38753974112,6043.462332315172,-40683.92520742594,273.6162045245818
1315000,2629.9999999516326,-46844.086522369354,5990.498814444938,-40853.58770792442,271.21829485938304
1320000,2639.999999951396,-46823.62763410818,6200.262737304676,-40623.364896803505,280.7153025783145
1325000,2649.9999999511597,-46554.504302178626,6156.331847761888,-40398.17245441674,278.7263428401504
1330000,2659.999999950923,-47034.6764683167,6156.335763529407,-40878.34070478729,278.72652012551885
1335000,2669.9999999506867,-46878.03943651961,5960.665324026886,-40917.374112492726,269.86759124495666
1340000,2679.9999999504503,-46847.172363007674,6224.080810410342,-40623.09155259733,281.7936597192888
1345000,2689.999999950214,-46717.03471704479,5992.75585649003,-40724.27886055476,271.32048185813846
1350000,2699.9999999499773,-46462.382070549356,6189.222030577622,-40273.160039971735,280.21543741761474
1355000,2709.999999949741,-46932.76808225253,6134.135484669634,-40798.632597582895,277.7214082034145
1360000,2719.9999999495044,-46849.51626863668,6142.269642954037,-40707.246625682645,278.0896801300682
1365000,2729.999999949268,-46693.358121465484,6064.137971554455,-40629.22014991103,274.55228877954977
1370000,2739.9999999490315,-46686.604853208526,6120.324011469507,-40566.28084173902,277.0960973024588
1375000,2749.999999948795,-46513.00660611759,6035.998464842771,-40477.00814127482,273.27827984224325
1380000,2759.9999999485585,-46913.98443670879,6184.01407359696,-40729.97036311183,279.9796485032442
1385000,2769.999999948322,-46617.23298481712,6132.590555430979,-40484.64242938614,277.6514619290282
1390000,2779.9999999480856,-46512.041830733186,6139.864319565328,-40372.17751116786,277.98077973157416
1395000,2789.999999947849,-46570.690339979075,6041.3091006601235,-40529.38123931895,273.5187175145667
1400000,2799.9999999476127,-46677.208798597916,6119.4397672742425,-40557.769031323674,277.05606337368135
1405000,2809.999999947376,-46657.620465114305,6090.694673349565,-40566.92579176474,275.75463663088243
1410000,2819.9999999471397,-47114.049694798654,6012.389590179552,-41101.6601046191,272.2093941070074
1415000,2829.9999999469032,-46655.91173798009,6305.05644070416,-40350.85529727593,285.45981057812816
1420000,2839.999999946667,-46991.582800281,6295.830634091245,-40695.752166189755,285.04211455384655
1425000,2849.9999999464303,-46913.68845392723,6079.269493237554,-40834.418960689676,275.23736453645034
1430000,2859.999999946194,-46720.86288607877,6007.764342226735,-40713.09854385204,271.9999871941741
1435000,2869.9999999459574,-46634.909229877696,5939.101964383697,-40695.807265494,268.89131567675804
1440000,2879.999999945721,-46746.63671749702,6156.975997649381,-40589.66071984764,278.7555065608239
1445000,2889.9999999454844,-46851.60985151009,6251.127565378538,-40600.48228613155,283.01819460213784
1450000,2899.999999945248,-46499.72328863578,5961.448137282269,-40538.27515135351,269.9030329139887
1455000,2909.9999999450115,-47006.612492198416,6175.654514276361,-40830.95797792205,279.60117160258244
1460000,2919.999999944775,-46731.16167818918,6270.360102047156,-40460.801576142025,283.8889427589533
1465000,2929.9999999445386,-46664.72278699413,6018.056103075291,-40646.66668391884,272.4659440226297
1470000,2939.999999944302,-46692.555601618194,6068.3299553552315,-40624.22564626296,274.7420797692055
1475000,2949.9999999440656,-46552.243933025806,6238.931345677978,-40313.31258734783,282.466013888415
1480000,2959.999999943829,-46850.851670851116,6191.2954224020405,-40659.55624844907,280.30930969980903
1485000,2969.9999999435927,-46202.75359237922,6105.410219177944,-40097.34337320127,276.42087918782516
1490000,2979.999999943356,-46669.36660495913,6136.095295585262,-40533.271309373864,277.81013813914234
1495000,2989.9999999431197,-47010.16091688932,6042.003899118577,-40968.15701777074,273.55017433627876
1500000,2999.9999999428833,-47106.77459969552,6002.3931370195205,-41104.381462676,271.75680725828494
1505000,3009.999999942647,-46796.47121811117,6221.491658947065,-40574.9795591641,281.6764365519443
1510000,3019.9999999424103,-46438.718121979386,6094.577618867928,-40344.140503111455,275.9304359916941
1515000,3029.999999942174,-46712.73113287671,6063.595028683952,-40649.13610419276,274.52770718057025
1520000,3039.9999999419374,-46592.33074638387,6061.453865631027,-40530.87688075285,274.4307665734158
1525000,3049.999999941701,-46756.69184314221,6163.009344743561,-40593.682498398644,279.0286648005406
1530000,3059.9999999414645,-46661.159218986926,6132.2331826886,-40528.926036298326,277.6352819699263
1535000,3069.999999941228,-46893.024337990326,6104.134313042883,-40788.89002494744,276.3631128653417
1540000,3079.9999999409915,-46786.21267974039,6154.588337716216,-40631.62434202417,278.6474058707419
1545000,3089.999999940755,-46475.46010818682,6056.535917248291,-40418.924190938524,274.2081077238129
1550000,3099.9999999405186,-46857.32698628394,6233.5185391783,-40623.808447105635,282.22095046469695
1555000,3109.999999940282,-46993.91725496267,6055.184852856244,-40938.73240210643,274.1469386305526
1560000,3119.9999999400457,-46688.71973232366,6048.605834364009,-40640.11389795965,273.8490752584725
1565000,3129.999999939809,-46294.918341664365,6291.811970006653,-40003.10637165771,284.8601705698151
1570000,3139.9999999395727,-46606.63571995968,5973.165495543766,-40633.47022441591,270.4335332990779
1575000,3149.9999999393362,-47036.29547131574,6109.049937587257,-40927.24553372848,276.5856665037598
1580000,3159.9999999391,-46831.626448409224,6218.631229034538,-40612.99521937469,281.5469313225017
1585000,3169.9999999388633,-47092.94468140538,6317.218040608075,-40775.72664079731,286.0104238894518
1590000,3179.999999938627,-46396.37142752734,6254.4212367385735,-40141.95019078876,283.1673147268163
1595000,3189.9999999383904,-46921.39769631834,6028.624630467402,-40892.77306585094,272.9444313852432
1600000,3199.999999938154,-46611.55057145021,6137.534021551706,-40474.0165498985,277.8752760876631
1605000,3209.9999999379174,-46646.678414404625,5995.88705468937,-40650.79135971525,271.46224605220584
1610000,3219.999999937681,-46616.71861513256,6051.211502794977,-40565.50711233758,273.967046227286
1615000,3229.9999999374445,-46906.440184612526,6269.831996029819,-40636.60818858271,283.8650328946893
1620000,3239.999999937208,-46783.225431132305,6042.524277023429,-40740.70115410887,273.57373431223544
1625000,3249.9999999369716,-47092.20387519593,5925.842813344179,-41166.361061851756,268.2910110197319
1630000,3259.999999936735,-46484.61518817849,6112.597022138775,-40372.018166039714,276.74625984558054
1635000,3269.9999999364986,-46722.52816346579,5827.414244116256,-40895.11391934953,263.8346828343269
1640000,3279.999999936262,-46934.6219414908,6036.50120247978,-40898.12073901102,273.30104115960506
1645000,3289.9999999360257,-47021.74928137433,5961.08667409595,-41060.662607278384,269.88666776108835
1650000,3299.999999935789,-46566.1049132304,6387.215797258768,-40178.88911597164,289.17955433932434
1655000,3309.9999999355528,-47007.289003749844,6324.558243127414,-40682.73076062243,286.3427496728101
1660000,3319.9999999353163,-46998.78864520445,6122.883062256024,-40875.90558294843,277.2119576693959
1665000,3329.99999993508,-46704.84558683017,6034.804874559547,-40670.040712270624,273.2242403488047
1670000,3339.9999999348433,-46811.19111595582,6120.1440334786585,-40691.04708247716,277.0879488451597
1675000,3349.999999934607,-46780.90625333128,6216.590531614138,-40564.31572171715,281.4545392710501
1680000,3359.9999999343704,-46824.96560248255,6216.060135660127,-40608.90546682243,281.43052573049147
1685000,3369.999999934134,-46712.831464714254,6258.487373428051,-40454.344091286206,283.3514080208381
1690000,3379.9999999338975,-46506.16464104928,6049.678877822695,-40456.48576322659,273.8976570253987
1695000,3389.999999933661,-46732.53521428094,6183.66775839388,-40548.86745588706,279.96396917139344
1700000,3399.9999999334245,-46920.570063849795,6177.655372443156,-40742.91469140664,279.6917599420619
1705000,3409.999999933188,-46761.35482433211,6329.842208068866,-40431.512616263244,286.58197982807894
1710000,3419.9999999329516,-46758.58561758639,6087.281186854834,-40671.30443073156,275.60009190676135
1715000,3429.999999932715,-46674.875794177526,6203.18454861227,-40471.69124556526,280.84758683464986
1720000,3439.9999999324787,-46670.574770631676,5900.347491481638,-40770.227279150036,267.13671687217675
1725000,3449.999999932242,-46947.1843438404,6124.952793232688,-40822.231550607714,277.30566420764865
1730000,3459.9999999320057,-47046.340078049514,6172.522445478748,-40873.81763257077,279.4593679924019
1735000,3469.9999999317693,-46687.80105691822,6133.759250146966,-40554.04180677126,277.70437428205577
1740000,3479.999999931533,-46775.64426023292,6154.686469595812,-40620.957790637105,278.65184876638045
1745000,3489.9999999312963,-46906.017919563456,6046.984035493273,-40859.03388407018,273.77564873124163
1750000,3499.99999993106,-46624.01645504631,6047.02512584494,-40576.991329201366,273.77750908635716
1755000,3509.9999999308234,-46869.52463381045,6177.008911795856,-40692.51572201459,279.66249160233167
1760000,3519.999999930587,-46911.88226053672,5969.029261198693,-40942.85299933802,270.2462663517071
1765000,3529.9999999303504,-46679.13730048895,6230.226817847264,-40448.91048264168,282.07191862708055
1770000,3539.999999930114,-46862.18248385639,6152.240544070957,-40709.941939785436,278.54111011660314
1775000,3549.9999999298775,-46356.81365993398,6067.221073815388,-40289.59258611859,274.6918754423617
1780000,3559.999999929641,-46788.28944542579,6251.739886940428,-40536.54955848536,283.04591730354645
1785000,3569.9999999294046,-46942.928525359544,6163.827675141566,-40779.100850217976,279.0657144990804
1790000,3579.999999929168,-46858.3005798338,5983.280510283553,-40875.02006955024,270.8914879928653
1795000,3589.9999999289316,-46953.75401756313,5915.370093223008,-41038.38392434012,267.8168613066972
1800000,3599.999999928695,-46693.77106025856,6162.025097426478,-40531.74596283208,278.98410325611366
1805000,3609.9999999284587,-46505.39524708997,5842.850916899504,-40662.54433019046,264.53357422889314
1810000,3619.999999928222,-47080.80594810506,6337.452988724037,-40743.35295938102,286.9265559670253
1815000,3629.9999999279858,-47145.23805780988,6176.441592240231,-40968.79646556965,279.6368063551957
1820000,3639.9999999277493,-46755.32606352342,5915.915269829618,-40839.4107936938,267.8415440375051
1825000,3649.999999927513,-46706.18300135009,5951.865278365406,-40754.317722984684,269.4691714383729
1830000,3659.9999999272763,-46920.970477951865,6094.676146029748,-40826.294331922116,275.9348967836338
1835000,3669.99999992704,-46839.95676230738,6188.038166697859,-40651.918595609524,280.16183828459424
1840000,3679.9999999268034,-46531.3779716983,6075.755938351465,-40455.62203334683,275.07828924161817
1845000,3689.999999926567,-46749.52634421381,6369.988202299185,-40379.53814191462,288.3995794033141
1850000,3699.9999999263305,-46782.30068442726,6131.5562493615835,-40650.74443506567,277.6046339874504
1855000,3709.999999926094,-46437.222765351005,6134.317291678835,-40302.905473672174,277.72963946904974
1860000,3719.9999999258575,-46593.87803967373,6047.480874582969,-40546.39716509076,273.79814299338915
1865000,3729.999999925621,-46670.31279583555,6233.91589664952,-40436.39689918603,282.23894072212494
1870000,3739.9999999253846,-46438.65440121561,5989.447434913097,-40449.20696630251,271.1706939211793
1875000,3749.999999925148,-46647.57612991694,6074.375899723878,-40573.20023019306,275.01580834728736
1880000,3759.9999999249117,-46708.93282079033,5961.922133064674,-40747.010687725655,269.92449295126715
1885000,3769.999999924675,-46929.37797681498,5987.7318015800365,-40941.64617523495,271.0930190627728
1890000,3779.9999999244387,-46631.588738307124,6190.460856483628,-40441.12788182349,280.2715249422537
1895000,3789.9999999242023,-46760.63482640573,6453.766609542775,-40306.86821686295,292.1926252685184
1900000,3799.999999923966,-46856.32555111637,6288.077559749353,-40568.24799136702,284.69109610478927
1905000,3809.9999999237293,-46845.645861835335,6173.941944641998,-40671.703917193336,279.52363545234743
1910000,3819.999999923493,-47008.49470957898,5987.798992056998,-41020.69571752199,271.0960610943559
1915000,3829.9999999232564,-46839.9492514992,6047.81876384166,-40792.130487657545,273.81344084277237
1920000,3839.99999992302,-46560.159498188994,6027.146290502302,-40533.013207686694,272.8774999231102
1925000,3849.9999999227834,-46835.75927882799,6163.805086883989,-40671.954191943994,279.06469182152154
1930000,3859.999999922547,-46953.805981359386,6127.409584132078,-40826.396397227305,277.41689478446665
1935000,3869.9999999223105,-46399.59578163043,6030.055065718399,-40369.54071591203,273.00919397375196
1940000,3879.999999922074,-46907.3288009151,6154.670573031879,-40752.65822788322,278.65112905353226
1945000,3889.9999999218376,-46654.33330421749,6248.870024945806,-40405.46327927169,282.9159850390101
1950000,3899.999999921601,-46773.96656791982,6179.362310999892,-40594.604256919934,279.76904114670396
1955000,3909.9999999213646,-46741.68679928529,6132.30820843213,-40609.378590853164,277.63867874119046
1960000,3919.999999921128,-46592.12838981359,5971.97317249405,-40620.15521731954,270.37955117931097
1965000,3929.9999999208917,-46906.73828580504,6058.9354200514,-40847.80286575364,274.3167445967892
1970000,3939.9999999206552,-46402.16619311465,6120.350208741588,-40281.81598437306,277.0972833772222
1975000,3949.9999999204188,-46495.377796958725,6019.840888367524,-40475.5369085912,272.54674971822254
1980000,3959.9999999201823,-46781.78583626007,6030.077214632289,-40751.70862162778,273.01019676013823
1985000,3969.999999919946,-46644.529653635924,6080.972105743044,-40563.55754789288,275.3144498802337
1990000,3979.9999999197094,-46398.46736691194,6321.755065249787,-40076.71230166215,286.2158365145395
1995000,3989.999999919473,-46944.765688624175,6140.102278559585,-40804.66341006459,277.99155326390724
2000000,3999.9999999192364,-47132.58149513311,6134.712459070398,-40997.869036062715,277.74753057118386
2005000,4009.999999919,-46489.34010752407,6268.911270232227,-40220.42883729184,283.8233472707387
2010000,4019.9999999187635,-46937.26982539793,6178.493238071198,-40758.776587326734,279.729694093123
2015000,4029.999999918527,-46963.08218282863,6075.057701949546,-40888.02448087908,275.0466767678988
2020000,4039.9999999182905,-46556.15170683281,6261.47472586245,-40294.67698097036,283.48665963485206
2025000,4049.999999918054,-46929.44627514522,6014.163022873277,-40915.28325227195,272.2896858166194
2030000,4059.9999999178176,-46799.38242640725,5925.660241256809,-40873.72218515044,268.28274511537916
2035000,4069.999999917581,-46897.96558450989,6146.930609131118,-40751.034975378774,278.3007041763291
2040000,4079.9999999173447,-46889.39474727638,6180.017198444216,-40709.37754883217,279.7986910075046
2045000,4089.999999917108,-46745.08496051363,6073.432581224818,-40671.65237928881,274.9730998445817
2050000,4099.999999917781,-46684.61570609594,5999.663457233922,-40684.95224886201,271.63322170724916
2055000,4109.999999919818,-46731.48920339247,6365.477360398543,-40366.011842993925,288.1953521951019
2060000,4119.999999921855,-46687.40078881907,5962.536202087777,-40724.86458673129,269.9522947685332
2065000,4129.999999923893,-46644.31393390312,6229.882929785432,-40414.43100411769,282.0563491834263
2070000,4139.99999992593,-47190.93971572601,6197.462069986766,-40993.47764573924,280.5885030849901
2075000,4149.999999927967,-47017.263722293545,6177.928901018879,-40839.334821274664,279.70414387805795
2080000,4159.999999930004,-46782.47658885439,6581.339585371451,-40201.13700348294,297.9684589755477
2085000,4169.999999932042,-46758.326137491036,6107.502143770367,-40650.82399372067,276.5155905363298
2090000,4179.999999934079,-46861.35676528548,5995.673657327165,-40865.68310795832,271.452584541454
2095000,4189.999999936116,-46888.35343790037,6139.68458676304,-40748.66885113733,277.9726423751241
2100000,4199.999999938153,-47183.35603592207,6004.927800807978,-41178.428235114094,271.8715635101499
2105000,4209.999999940191,-46903.02661969571,6011.218131149808,-40891.8084885459,272.1563566003847
2110000,4219.999999942228,-46644.649699260655,6259.901542944736,-40384.748156315916,283.4154341824047
2115000,4229.999999944265,-46933.202463395544,6108.968113161053,-40824.23435023449,276.58196192388425
2120000,4239.9999999463025,-46697.62343958707,6209.143286935159,-40488.480152651915,281.11736718141333
2125000,4249.99999994834,-46652.34821114538,6220.207196548409,-40432.14101459697,281.61828284682474
2130000,4259.999999950377,-46563.29839401675,6026.7468358173455,-40536.551558199404,272.85941471486905
2135000,4269.999999952414,-46997.295072030276,6095.902020385226,-40901.39305164505,275.9903979301498
2140000,4279.999999954452,-46254.45476393221,6302.23976647593,-39952.21499745628,285.3322863760512
2145000,4289.999999956489,-46843.75858625851,6059.470846593463,-40784.28773966505,274.3409858959295
2150000,4299.999999958526,-46989.99216981698,6208.5171698278145,-40781.474999989165,281.0890198902283
2155000,4309.999999960563,-46816.770913299115,6055.2967619631645,-40761.47415133595,274.15200528661893
2160000,4319.999999962601,-46750.47121434804,6030.082704423501,-40720.38850992454,273.01044530902504
2165000,4329.999999964638,-46617.7761834854,6088.845240310035,-40528.930943175365,275.6709040251388
2170000,4339.999999966675,-46547.80046077038,6441.6664417056145,-40106.13401906476,291.64479327823506
2175000,4349.9999999687125,-46650.28278592153,6215.92542279418,-40434.357363127354,281.4244266400936
2180000,4359.99999997075,-46885.29414537444,6276.767422626813,-40608.52672274763,284.1790325521508
2185000,4369.999999972787,-46477.60655024508,5940.120486860884,-40537.486063384196,268.9374290202533
2190000,4379.999999974824,-46735.23592818086,6253.557074240343,-40481.67885394052,283.1281899917131
2195000,4389.999999976862,-46594.9314867339,6105.376858363083,-40489.55462837082,276.41936878550274
2200000,4399.999999978899,-46777.58944674308,6344.813072924141,-40432.77637381894,287.25978188837263
2205000,4409.999999980936,-46431.65851532668,5807.261163746254,-40624.397351580425,262.92225729791977
2210000,4419.999999982973,-46831.44703693251,6142.763466715542,-40688.68357021697,278.1120378740065
2215000,4429.999999985011,-46786.28983572859,6192.357391795591,-40593.932443932994,280.35739009128116
2220000,4439.999999987048,-46763.89885249711,6288.809948215404,-40475.0889042817,284.72425480443843
2225000,4449.999999989085,-47019.782710808446,6101.923090876731,-40917.85961993171,276.2630003498342
2230000,4459.999999991122,-46759.25623672019,6085.462554453994,-40673.793682266194,275.5177537920216
2235000,4469.99999999316,-46521.03896369913,5979.079734730525,-40541.959228968604,270.701298958885
2240000,4479.999999995197,-47074.478541571356,6257.196569123682,-40817.28197244767,283.29296718756666
2245000,4489.999999997234,-46917.372794285126,6168.32713902484,-40749.045655260285,279.26942657047925
2250000,4499.9999999992715,-46728.87658397999,6171.6363338975025,-40557.24025008248,279.41924951820386
2255000,4510.000000001309,-46680.84909535886,5916.452576698524,-40764.39651866034,267.86587046796024
2260000,4520.000000003346,-46423.87901981472,6112.1669579053,-40311.71206190942,276.72678879789385
2265000,4530.000000005383,-46796.76911382179,6234.357424334433,-40562.41168948736,282.2589307746305
2270000,4540.000000007421,-46849.750236092834,6125.3407081754995,-40724.409527917334,277.3232269570287
2275000,4550.000000009458,-46722.07753168483,6151.9003197911115,-40570.17721189372,278.5257065497371
2280000,4560.000000011495,-46823.66661870963,6103.18948717809,-40720.47713153154,276.3203361170398
2285000,4570.000000013532,-47097.98506356572,6093.094560776215,-41004.89050278951,275.86329091759075
2290000,4580.00000001557,-46861.88815698534,6193.883701891712,-40668.00445509363,280.42649338877254
2295000,4590.000000017607,-46548.546627820586,6119.260281625671,-40429.28634619492,277.0479372070523
2300000,4600.000000019644,-46898.45822049986,6300.99845740204,-40597.45976309782,285.2760864266242
2305000,4610.000000021681,-46543.13368074701,6202.861805264863,-40340.27187548215,280.832974712509
2310000,4620.000000023719,-46646.03397360846,6073.491866347924,-40572.54210726053,274.9757839633
2315000,4630.000000025756,-46694.87692014524,6140.416839301818,-40554.46008084342,278.0057949207009
2320000,4640.000000027793,-46309.25521176844,6207.204618858148,-40102.050592910295,281.0295944822722
2325000,4650.0000000298305,-46796.8097735091,5994.4243244927,-40802.3854490164,271.39602131832834
2330000,4660.000000031868,-46266.97948027414,6143.7618296930705,-40123.217650581064,278.1572385013338
2335000,4670.000000033905,-46921.54713734117,6217.981963372276,-40703.56517396889,281.5175359864397
2340000,4680.000000035942,-46669.82804371865,5905.205380721375,-40764.62266299727,267.3566565595097
2345000,4690.00000003798,-46539.00429460517,6033.692875519033,-40505.31141908614,273.173894877919
2350000,4700.000000040017,-46672.56406724709,6160.6979630051665,-40511.866104241926,278.92401758613084
2355000,4710.000000042054,-46690.82532009663,6215.2875239328405,-40475.537796163786,281.39554593302324
2360000,4720.000000044091,-46693.18512164435,5878.029899300747,-40815.1552223436,266.1262936195967
2365000,4730.000000046129,-46851.41156857612,6104.922516614708,-40746.48905196141,276.3987985795659
2370000,4740.000000048166,-46810.93228181545,6123.102456138833,-40687.829825676614,277.22189067107763
2375000,4750.000000050203,-46593.59008673305,6197.40211353015,-40396.1879732029,280.5857885718197
2380000,4760.0000000522405,-46483.895412099664,6158.3189317509505,-40325.57648034871,278.8163075572715
2385000,4770.000000054278,-46946.91787836212,6094.487417512892,-40852.430460849224,275.92635214851765
2390000,4780.000000056315,-46788.705318433174,6225.979988143829,-40562.725330289344,281.87964450327195
2395000,4790.000000058352,-46665.101478529454,6188.6809909649255,-40476.42048756453,280.1909419881435
2400000,4800.0000000603895,-46982.274789781426,6259.282764967746,-40722.99202481368,283.387419168461
2405000,4810.000000062427,-46350.39507342724,6174.9779574724225,-40175.41711595481,279.57054066709225
2410000,4820.000000064464,-46664.16382518626,6127.385065438156,-40536.77875974811,277.4157847068982
2415000,4830.000000066501,-46462.35610916652,6217.33043307288,-40245.02567609364,281.4880381195133
2420000,4840.000000068539,-46819.43420978263,6240.757832253064,-40578.67637752957,282.548707598876
2425000,4850.000000070576,-46532.97132467327,6220.470427282495,-40312.500897390775,281.63020055068625
2430000,4860.000000072613,-46944.755845568085,6098.437487277514,-40846.31835829057,276.1051905423344
2435000,4870.00000007465,-46914.53746642481,6180.692528976382,-40733.844937448426,279.82926642385536
2440000,4880.000000076688,-47033.301802264294,5872.4432136715,-41160.85858859279,265.8733578629572
2445000,4890.000000078725,-46957.9270867412,6164.693689110174,-40793.233397631026,279.1049230590293
2450000,4900.000000080762,-46246.04050134058,6208.627683749299,-40037.412817591285,281.0940233796324
2455000,4910.0000000827995,-46972.81378345803,6186.057274001272,-40786.756509456754,280.07215387664934
2460000,4920.000000084837,-46880.04434161389,5977.27203926531,-40902.772302348574,270.619456011096
2465000,4930.000000086874,-46641.82157678425,5826.840465767847,-40814.9811110164,263.80870516700685
2470000,4940.000000088911,-46721.062476795225,6094.873886901993,-40626.18858989323,275.9438494508248
2475000,4950.000000090949,-46804.83930938941,6129.85931892396,-40674.97999046545,277.52780589783
2480000,4960.000000092986,-46992.06203755824,6148.795103949102,-40843.266933609135,278.38511870022285
2485000,4970.000000095023,-46830.81230373052,6094.346770010037,-40736.46553372048,275.91998436895835
2490000,4980.00000009706,-47020.29344846954,6260.648956027806,-40759.64449244174,283.4492731177295
2495000,4990.000000099098,-46582.68467801955,6265.311769696208,-40317.37290832334,283.6603808086853
2500000,5000.000000101135,-46867.931083579315,6200.280209249971,-40667.650874329345,280.7160936161492
2505000,5010.000000103172,-46677.70321795897,6230.874220788443,-40446.82899717053,282.10122962892405
2510000,5020.000000105209,-46879.57803591533,5928.312287094157,-40951.26574882117,268.40281580935203
2515000,5030.000000107247,-46588.42797185457,6285.26726739605,-40303.160704458525,284.5638608404601
2520000,5040.000000109284,-46607.37151980621,6166.016697607257,-40441.354822198955,279.16482192885275
2525000,5050.000000111321,-46846.94220507768,5906.748457060061,-40940.19374801761,267.42651894432595
2530000,5060.0000001133585,-46820.981831804034,6175.0836400989565,-40645.89819170508,279.57532542085863
2535000,5070.000000115396,-46652.666719876695,6362.334578815933,-40290.33214106076,288.0530635663327
2540000,5080.000000117433,-46839.95863603696,6136.184013988668,-40703.77462204829,277.81415484206474
2545000,5090.00000011947,-46789.44611522299,6215.702051267027,-40573.744063955965,281.4143135515861
2550000,5100.000000121508,-46852.44567073765,6500.333641104273,-40352.11202963338,294.30093565935226
2555000,5110.000000123545,-46497.0513989068,6127.304276634302,-40369.7471222725,277.41212701455845
2560000,5120.000000125582,-46674.23341067595,5995.36680713286,-40678.866603543094,271.43869197773694
2565000,5130.000000127619,-46820.978562730714,6002.976759072246,-40818.001803658466,271.78323059678905
2570000,5140.000000129657,-46759.890637147706,6161.796250269295,-40598.09438687841,278.9737422598633
2575000,5150.000000131694,-46781.37490246043,6289.598612802917,-40491.776289657515,284.75996139102944
2580000,5160.000000133731,-46407.58622305357,6261.223277509336,-40146.362945544235,283.4752753752621
2585000,5170.0000001357685,-47017.86787414609,6280.229737097759,-40737.63813704833,284.3357879503511
2590000,5180.000000137806,-46919.56739587715,6363.048466174473,-40556.51892970268,288.0853846330923
2595000,5190.000000139843,-46805.717285545485,6073.607953686886,-40732.1093318586,274.9810397877485
2600000,5200.00000014188,-46807.64666426327,6205.363570461601,-40602.28309380167,280.9462414890856
2605000,5210.0000001439175,-46615.07832267601,6067.884247059981,-40547.19407561603,274.72190044064087
2610000,5220.000000145955,-46787.585743881704,6176.955898922979,-40610.62984495873,279.6600914581312
2615000,5230.000000147992,-46668.27228385542,6068.204944532958,-40600.06733932246,274.73641993634243
2620000,5240.000000150029,-46474.68122322252,6164.017060955241,-40310.664162267276,279.0742888931411
2625000,5250.000000152067,-46958.43750217254,6022.344143904702,-40936.09335826784,272.66008396957966
2630000,5260.000000154104,-46773.73685563973,6089.778307134374,-40683.958548505354,275.713148385905
2635000,5270.000000156141,-46865.027124793734,6117.665942715839,-40747.3611820779,276.9757539224968
2640000,5280.000000158178,-46696.73528133123,6149.941406202439,-40546.793875128795,278.4370172402566
2645000,5290.000000160216,-47000.6058976847,6021.811149015579,-40978.79474866912,272.63595276290147
2650000,5300.000000162253,-46538.88266329025,6023.392033414571,-40515.490629875676,272.7075268979353
2655000,5310.00000016429,-46699.91447679716,5907.434223097413,-40792.480253699745,267.4575668254932
2660000,5320.0000001663275,-46359.376946284785,6114.551807887148,-40244.82513839764,276.8347622681519
2665000,5330.000000168365,-46742.900437513366,6028.960267631468,-40713.9401698819,272.9596272716208
2670000,5340.000000170402,-46619.30282064533,6042.288319614901,-40577.014501030426,273.563051401182
2675000,5350.000000172439,-46773.41285077564,6188.109210773278,-40585.30364000236,280.1650547868575
2680000,5360.000000174477,-46748.138054021285,5980.811165843757,-40767.32688817753,270.77968905773037
2685000,5370.000000176514,-46386.276256671175,6214.246938976833,-40172.029317694345,281.34843371646724
2690000,5380.000000178551,-46743.48728089151,6001.401501389952,-40742.08577950156,271.7119112099083
2695000,5390.000000180588,-46740.73507153033,6122.4519697623,-40618.28310176803,277.1924400674906
2700000,5400.000000182626,-46730.48835356458,6116.156370813484,-40614.33198275109,276.90740844242805
2705000,5410.000000184663,-47064.709462190454,6151.899600988247,-40912.80986120221,278.525674006122
2710000,5420.0000001867,-47244.16340839636,6156.005314186038,-41088.15809421032,278.71155911639056
2715000,5430.000000188737,-46687.40392015508,6145.7116306670205,-40541.692289488055,278.24551523952374
2720000,5440.000000190775,-46440.91894508299,6364.588463124049,-40076.33048195894,288.1551075993577
2725000,5450.000000192812,-46703.5689203387,6059.362988459853,-40644.205931878845,274.33610264663923
2730000,5460.000000194849,-46943.62705828977,6120.401174775248,-40823.22588351452,277.09959085130293
2735000,5470.0000001968865,-46548.15913547308,6003.211163204238,-40544.94797226884,271.79384318364635
2740000,5480.000000198924,-46740.849869396654,6206.070689684178,-40534.779179712474,280.9782561302282
2745000,5490.000000200961,-46843.606023595145,6292.336398549667,-40551.269625045476,284.8839139373739
2750000,5500.000000202998,-47034.94193962624,6223.196522943215,-40811.74541668302,281.7536238313889
2755000,5510.000000205036,-46799.6606616964,6083.35697653241,-40716.30368516399,275.42242429254674
2760000,5520.000000207073,-46683.90364535467,6204.310322063588,-40479.59332329108,280.898555938446
2765000,5530.00000020911,-46703.00456502626,6298.402810595871,-40404.60175443039,285.158569184299
2770000,5540.000000211147,-46637.67205125454,6022.081426728635,-40615.59062452591,272.6481895169255
2775000,5550.000000213185,-46725.17840166844,6376.823918409631,-40348.35448325881,288.7090646941128
2780000,5560.000000215222,-46584.980446253496,6286.6578781847375,-40298.32256806876,284.6268203866688
2785000,5570.000000217259,-46694.40917460318,5899.905651822186,-40794.50352278099,267.11671269510407
2790000,5580.000000219296,-46612.035361090326,6062.479129180369,-40549.556231909955,274.47718511722115
2795000,5590.000000221334,-47088.96381789597,5919.679572735637,-41169.284245160336,268.01197188452227
2800000,5600.000000223371,-46775.85377320787,6054.839764644802,-40721.01400856307,274.13131485043306
2805000,5610.000000225408,-46562.939101454336,5881.361861046493,-40681.577240407845,266.27714733165135
2810000,5620.0000002274455,-46520.97737658059,6197.854284904795,-40323.12309167579,280.60626051464357
2815000,5630.000000229483,-46909.75829641492,5986.088298125704,-40923.66999828922,271.0186098660954
2820000,5640.00000023152,-46860.872842690325,6075.343683317502,-40785.529159372825,275.0596245008641
2825000,5650.000000233557,-47010.27256110852,6052.060715773459,-40958.211845335056,274.0054941267232
2830000,5660.000000235595,-46705.23044441856,6089.675902703088,-40615.55454171547,275.7085120515863
2835000,5670.000000237632,-46846.64034815808,6076.784040748714,-40769.85630740936,275.12483631353314
2840000,5680.000000239669,-46724.189151733415,6220.494065408903,-40503.695086324515,281.6312707607868
2845000,5690.000000241706,-46692.00831222732,6007.956976240779,-40684.05133598654,272.0087086496721
2850000,5700.000000243744,-46974.41327468224,6275.408436308349,-40699.00483837389,284.1175047957072
2855000,5710.000000245781,-46673.26964170218,6121.5521147981035,-40551.717526904074,277.15169936516014
2860000,5720.000000247818,-47036.93125148327,6114.1628209206665,-40922.7684305626,276.81715098317557
2865000,5730.0000002498555,-46732.1189125338,6012.342383782061,-40719.77652875174,272.2072568494884
2870000,5740.000000251893,-46858.55000295781,6092.026365846454,-40766.52363711136,275.8149286665661
2875000,5750.00000025393,-46883.603213809256,5946.134674478042,-40937.46853933121,269.2097198195699
2880000,5760.000000255967,-46454.65652422706,6100.776585314243,-40353.87993891282,276.21109260503084
2885000,5770.000000258005,-46669.64669651055,6053.9354254705395,-40615.71127104001,274.0903711266439
2890000,5780.000000260042,-46683.859958852874,6217.831601297841,-40466.028357555035,281.5107283821479
2895000,5790.000000262079,-46958.58552134223,6160.833089845415,-40797.75243149682,278.93013541910886
2900000,5800.000000264116,-46902.82289903873,6230.771476320333,-40672.051422718396,282.09657789952547
2905000,5810.000000266154,-46415.572761999094,5946.86526555411,-40468.707496444986,269.2427971428493
2910000,5820.000000268191,-46561.17766750819,6008.5370384886955,-40552.6406290195,272.03497081892795
2915000,5830.000000270228,-46916.8348603769,6154.988442356622,-40761.84641802027,278.66552050554907
2920000,5840.000000272265,-47014.58383459685,6057.115447400719,-40957.46838719613,274.2343458025822
2925000,5850.000000274303,-46778.63239386864,6107.923014981096,-40670.70937888754,276.5346453722733
2930000,5860.00000027634,-46928.76049676258,6275.1851159696425,-40653.575380792936,284.1073940247434
2935000,5870.000000278377,-46488.53601695935,5985.936336004181,-40502.599680955165,271.0117298200826
2940000,5880.0000002804145,-46426.79520708363,6191.8875769265605,-40234.907630157075,280.33611934378166
2945000,5890.000000282452,-46766.8614352133,6261.399419294172,-40505.462015919125,283.48325014931953
2950000,5900.000000284489,-46939.79093611549,6088.178252861859,-40851.61268325363,275.6407063397723
2955000,5910.000000286526,-46732.21761662688,6063.362285218994,-40668.85533140788,274.5171697799863
2960000,5920.000000288564,-47062.97690625704,6118.6925055453175,-40944.284400711724,277.0222312908765
2965000,5930.000000290601,-46873.53058054735,6169.35493948258,-40704.175641064765,279.31595997216056
2970000,5940.000000292638,-46429.91360827099,6271.304374125036,-40158.60923414595,283.931694434695
2975000,5950.000000294675,-46497.67460349272,6263.343144014156,-40234.33145947856,283.5712517866721
2980000,5960.000000296713,-46804.409692142974,6129.472015117373,-40674.9376770256,277.5102708174855
2985000,5970.00000029875,-46851.964755596535,6075.771828012693,-40776.19292758384,275.0790086419482
2990000,5980.000000300787,-47235.08779906569,6213.935330180206,-41021.152468885484,281.3343257082525
2995000,5990.000000302824,-46784.24268097768,6192.808926684331,-40591.43375429335,280.37783321736913
3000000,6000.000000304862,-46963.629623117275,6331.470367652597,-40632.15925546468,286.6556943349567
3005000,6010.000000306899,-46956.88090324326,6253.341727910661,-40703.539175332604,283.1184402419593
3010000,6020.000000308936,-46677.44793957082,5943.797705916433,-40733.650233654385,269.1039141683124
3015000,6030.0000003109735,-46694.10377564153,6026.851207764279,-40667.25256787725,272.8641401279532
3020000,6040.000000313011,-46862.32353157946,6204.393648615922,-40657.92988296354,280.9023285266963
3025000,6050.000000315048,-46906.48925045517,6083.6336643955465,-40822.855586059624,275.4349512644689
3030000,6060.000000317085,-46672.915736935334,6203.570870675801,-40469.34486625953,280.8650774668297
3035000,6070.000000319123,-46560.78006279358,6343.460285961394,-40217.319776832184,287.19853480616655
3040000,6080.00000032116,-46932.885143818276,6236.373334377999,-40696.51180944028,282.3502005839639
3045000,6090.000000323197,-46777.969686109864,6217.161971661918,-40560.80771444795,281.4804110724099
3050000,6100.000000325234,-46790.87400032987,6216.444487186414,-40574.42951314346,281.4479271471039
3055000,6110.000000327272,-46839.522172060504,6241.519754883526,-40598.00241717698,282.58320345023145
3060000,6120.000000329309,-46591.03528876888,6072.965656674713,-40518.069632094164,274.95195995552905
3065000,6130.000000331346,-46379.955309310986,6120.57072160883,-40259.38458770215,277.10726704063666
3070000,6140.0000003333835,-46757.15447594965,5949.487806569651,-40807.66666937999,269.3615320135948
3075000,6150.000000335421,-46713.82437171048,5986.6481025916255,-40727.17626911885,271.04395486947567
3080000,6160.000000337458,-46756.69030520023,6396.801489104357,-40359.888816095874,289.6135440750604
3085000,6170.000000339495,-47237.08291273948,6097.154528297859,-41139.92838444162,276.04710490412384
3090000,6180.0000003415325,-46676.21557927597,6081.8286993818765,-40594.3868798941,275.35323193717215
3095000,6190.00000034357,-46624.10999089014,6069.392256209934,-40554.717734680205,274.7901751674961
3100000,6200.000000345607,-46789.04817465856,5948.2767781250395,-40840.77139653352,269.30670301187934
3105000,6210.000000347644,-46667.40362558054,6326.668278342905,-40340.735347237634,286.4382809751215
3110000,6220.000000349682,-46836.95483179856,5967.934896872845,-40869.01993492572,270.19671928799755
3115000,6230.000000351719,-46800.21761696646,6245.911429402635,-40554.30618756382,282.78203538585893
3120000,6240.000000353756,-46901.63954510429,6026.402932893792,-40875.2366122105,272.84384459835417
3125000,6250.000000355793,-46476.87659046461,6164.586062995824,-40312.29052746879,279.10005031435145
3130000,6260.000000357831,-46663.92692215479,5958.012195391482,-40705.91472676331,269.74747152757993
3135000,6270.000000359868,-46876.556533483556,6123.120980270517,-40753.435553213036,277.2227293463807
3140000,6280.000000361905,-46924.661869465664,6147.680121109719,-40776.981748355945,278.33463813860993
3145000,6290.0000003639425,-46942.57588617905,6248.42503452249,-40694.15085165657,282.8958382119129
3150000,6300.00000036598,-46592.001365543576,5962.7547030865735,-40629.246662457,269.96218734512064
3155000,6310.000000368017,-47008.88484911673,6097.673358786336,-40911.211490330395,276.0705948212016
3160000,6320.000000370054,-46431.26821091538,6336.803448172752,-40094.46476274263,286.8971481854334
3165000,6330.000000372092,-46723.07848617755,6323.331243899314,-40399.74724227823,286.2871975979751
3170000,6340.000000374129,-46670.21763980872,6078.175386328298,-40592.04225348042,275.1878291272109
3175000,6350.000000376166,-46790.60989307909,6146.281352603433,-40644.32854047566,278.2713092538327
3180000,6360.000000378203,-46352.78745866974,6123.464187339976,-40229.32327132977,277.2382679582803
3185000,6370.000000380241,-46725.38427786599,6119.032279052776,-40606.35199881321,277.03761444913863
3190000,6380.000000382278,-46804.456493090605,6000.7902498256935,-40803.66624326491,271.6842369523676
3195000,6390.000000384315,-46503.19274157862,6081.702310104398,-40421.49043147422,275.34750969510384
3200000,6400.000000386352,-46721.703235013934,6122.51420205419,-40599.189032959745,277.1952576185184
3205000,6410.00000038839,-46879.48924228491,6065.253972050139,-40814.23527023477,274.6028154152903
3210000,6420.000000390427,-46671.229590266186,6188.599981650057,-40482.62960861613,280.1872743122242
3215000,6430.000000392464,-46637.84751545015,6072.676827071244,-40565.17068837891,274.9388832694326
3220000,6440.0000003945015,-46928.64078065287,6172.380621311968,-40756.260159340905,279.4529469396857
3225000,6450.000000396539,-46721.95990513981,6055.448866785011,-40666.5110383548,274.1588917933521
3230000,6460.000000398576,-46431.73483270354,5847.0324035152935,-40584.70242918825,264.7228899611953
3235000,6470.000000400613,-46840.066403899225,6037.946044940924,-40802.1203589583,273.366456030852
3240000,6480.000000402651,-46618.92344739748,5958.117068461448,-40660.80637893603,269.75221962888065
3245000,6490.000000404688,-46946.44203862082,6243.559539814551,-40702.88249880627,282.67555418896103
3250000,6500.000000406725,-46756.49359527463,6128.532533721385,-40627.961061553244,277.4677360386358
3255000,6510.000000408762,-46554.13697960676,6269.734550960253,-40284.40242864651,283.8606210941984
3260000,6520.0000004108,-46476.862350712414,6172.332614962515,-40304.5297357499,279.4507734645471
3265000,6530.000000412837,-46690.91510519653,6175.213892716292,-40515.70121248024,279.58122257464646
3270000,6540.000000414874,-47003.526962714386,6219.383063851764,-40784.143898862625,281.58097045070457
3275000,6550.0000004169115,-46645.14869712613,6107.831886878275,-40537.31681024786,276.53051957082903
3280000,6560.000000418949,-47095.57754987216,6219.722084690093,-40875.855465182074,281.59631953206514
3285000,6570.000000420986,-46788.8420789144,6173.460010942459,-40615.38206797194,279.50181602790997
3290000,6580.000000423023,-46337.59670494322,5984.178714249381,-40353.41799069384,270.93215394666873
3295000,6590.0000004250605,-46597.843244303775,6085.803709890107,-40512.03953441367,275.5331995167485
3300000,6600.000000427098,-47126.91040902492,5934.267576658449,-41192.642832366466,268.6724400144561
3305000,6610.000000429135,-46782.57602322864,6257.844790373652,-40524.73123285499,283.32231523813044
3310000,6620.000000431172,-46814.63031150802,6206.319118990886,-40608.31119251714,280.98950370326764
3315000,6630.00000043321,-46586.50434644066,6189.9730509475285,-40396.531295493136,280.24943967192445
3320000,6640.000000435247,-46751.410647128476,6267.1738019307795,-40484.236845197694,283.7446838397478
3325000,6650.000000437284,-46787.46033503517,6097.320193857301,-40690.140141177864,276.05460536976796
3330000,6660.000000439321,-46845.92511714494,5890.415244711573,-40955.50987243337,266.6870369512653
3335000,6670.000000441359,-46897.75534532458,6083.175582108804,-40814.57976321578,275.4142117066184
3340000,6680.000000443396,-47125.52456809528,6007.147476118769,-41118.37709197651,271.9720587396094
3345000,6690.000000445433,-46746.03222698934,6092.61607112869,-40653.41615586064,275.8416274217235
3350000,6700.0000004474705,-46945.42935292842,6023.927648408175,-40921.50170452024,272.73177672917063
3355000,6710.000000449508,-46986.07565586135,6065.643749302473,-40920.43190655888,274.62046248025564
3360000,6720.000000451545,-46661.879769311694,6163.255036190947,-40498.62473312075,279.0397884177026
3365000,6730.000000453582,-46954.25968169328,6019.129612711444,-40935.13006898183,272.51454689562087
3370000,6740.00000045562,-46719.9544120651,6112.990428214107,-40606.96398385099,276.7640712045748
3375000,6750.000000457657,-46663.82117031381,6356.197303744097,-40307.62386656971,287.7752000141269
3380000,6760.000000459694,-46814.174932978116,6151.889015896164,-40662.28591708195,278.5251947687973
3385000,6770.000000461731,-46988.79823814193,6071.852837951461,-40916.94540019047,274.901577373718
3390000,6780.000000463769,-46876.80884871795,6066.65583587964,-40810.15301283831,274.6662844400309
3395000,6790.000000465806,-46462.33324665815,6099.4646552088,-40362.86859144935,276.151695306543
3400000,6800.000000467843,-47093.19928296533,5797.635288776339,-41295.563994189,262.48644828155295
3405000,6810.00000046988,-47151.43239162001,6058.668664006485,-41092.76372761352,274.30466728538556
3410000,6820.000000471918,-46850.9900574162,6042.695864297375,-40808.294193118825,273.58150288198243
3415000,6830.000000473955,-46755.95926492027,6179.061839984321,-40576.897424935945,279.75543739866526
3420000,6840.000000475992,-46779.2722767574,6068.315961615769,-40710.95631514163,274.7414462062463
3425000,6850.0000004780295,-46960.689259912644,6012.565437555748,-40948.123822356894,272.21735555178935
3430000,6860.000000480067,-46921.83835917985,6155.4630260684735,-40766.37533311138,278.6870071611821
3435000,6870.000000482104,-46780.84977267851,6371.015832150424,-40409.833940528086,288.44610508082985
3440000,6880.000000484141,-46762.782803445065,6004.1004892709425,-40758.68231417412,271.83410719284774
3445000,6890.000000486179,-46918.25155467499,6227.668783294446,-40690.58277138055,281.9561042698631
3450000,6900.000000488216,-46801.80735198816,6126.351789645694,-40675.45556234247,277.36900341084396
3455000,6910.000000490253,-46660.51286729594,6259.6951510313675,-40400.81771626457,283.40608984154915
3460000,6920.00000049229,-46861.30816182145,6073.599169772078,-40787.708992049375,274.98064209826225
3465000,6930.000000494328,-46980.900109539565,6069.474650016153,-40911.42545952341,274.79390552590553
3470000,6940.000000496365,-47107.0501131753,5914.072892413822,-41192.97722076147,267.7581308733134
3475000,6950.000000498402,-46586.97320009378,6199.150294249703,-40387.82290584408,280.6649370047882
3480000,6960.0000005004395,-46721.76223514177,6194.055658471558,-40527.70657667021,280.4342786787493
3485000,6970.000000502477,-46860.86879905668,6206.673242696923,-40654.19555635976,281.0055365630838
3490000,6980.000000504514,-46906.2552893759,6167.830104925684,-40738.425184450214,279.24692347932853
3495000,6990.000000506551,-46554.86943234864,5880.538688683064,-40674.330743665574,266.2398784143709
3500000,7000.0000005085885,-46800.687972639746,5983.279016486151,-40817.408956153595,270.89142036157165
3505000,7010.000000510626,-46769.680845405965,5914.085161150387,-40855.595684255575,267.7586863372095
3510000,7020.000000512663,-46784.66138521582,6221.912999282138,-40562.74838593368,281.695512627372
3515000,7030.0000005147,-46572.59138773481,6334.386095378137,-40238.205292356666,286.78770315867735
3520000,7040.000000516738,-46763.40401798673,6124.190155331511,-40639.21386265522,277.2711359725952
3525000,7050.000000518775,-46406.99345581059,6246.513807504497,-40160.47964830609,282.80930789966925
3530000,7060.000000520812,-46804.19077097037,6008.687560897846,-40795.50321007252,272.0417856823329
3535000,7070.000000522849,-46805.467859410215,6176.582130266263,-40628.88572914395,279.6431691782199
3540000,7080.000000524887,-46321.66014058329,6171.453238064312,-40150.20690251898,279.4109599013937
3545000,7090.000000526924,-47057.71327192517,6004.9978942413545,-41052.71537768381,271.874736972339
3550000,7100.000000528961,-46663.7810302226,6097.56081962676,-40566.22021059584,276.06549963966324
3555000,7110.0000005309985,-46704.6544657271,5996.304432243063,-40708.350033484036,271.48114271372464
3560000,7120.000000533036,-46737.72449699615,6126.153457328381,-40611.57103966777,277.36002396612935
3565000,7130.000000535073,-46784.1946622688,6244.927942212145,-40539.26672005665,282.7375082559683
3570000,7140.00000053711,-46903.916788031114,5957.9763973809095,-40945.940390650205,269.74585078184776
3575000,7150.000000539148,-46771.677198129124,6036.210676615989,-40735.46652151314,273.28788767575827
3580000,7160.000000541185,-46672.290835147665,5954.2765427739905,-40718.01429237367,269.5783408150155
3585000,7170.000000543222,-46661.233646809414,6152.503556936526,-40508.730089872886,278.55301795652355
3590000,7180.000000545259,-46453.9814801992,5848.420372777491,-40605.561107421716,264.7857299129707
3595000,7190.000000547297,-46858.13325817039,6005.65051448354,-40852.48274368685,271.9042841861452
3600000,7200.000000549334,-47052.76238367974,6236.943585889287,-40815.81879779046,282.37601857463926
3605000,7210.000000551371,-46617.67420214886,6321.212108365351,-40296.46209378351,286.19125428108276
3610000,7220.000000553408,-46544.319331942825,6068.16967998771,-40476.149651955115,274.7348233431158
3615000,7230.000000555446,-46645.24693709274,6026.295208818832,-40618.95172827391,272.83896741853476
3620000,7240.000000557483,-46689.79337588529,6156.61783321943,-40533.17554266586,278.73929075827067
3625000,7250.00000055952,-47202.897364124714,6192.252003498754,-41010.64536062596,280.3526186632162
3630000,7260.0000005615575,-46570.247391795856,6212.321017644756,-40357.9263741511,281.2612381229284
3635000,7270.000000563595,-46659.706677492126,5999.811331005471,-40659.89534648666,271.63991665426715
3640000,7280.000000565632,-46896.31411690515,5974.352947265117,-40921.96116964004,270.48729487070466
3645000,7290.000000567669,-46677.0812468357,6227.531371755722,-40449.54987507998,281.94988299774855
3650000,7300.000000569707,-46374.831279125356,6137.8711703352155,-40236.96010879014,277.89054041222266
3655000,7310.000000571744,-46487.521174765425,6261.990620894796,-40225.53055387063,283.5100166499075
3660000,7320.000000573781,-46532.23764053779,6212.122997447637,-40320.11464309015,281.2522728093754
3665000,7330.000000575818,-46850.01329023251,6140.097150150123,-40709.916140082394,277.9913210764863
3670000,7340.000000577856,-46743.20567142876,5998.44217755527,-40744.76349387349,271.5779285835461
3675000,7350.000000579893,-46448.995895084576,5931.548354054225,-40517.44754103035,268.54932790962056
3680000,7360.00000058193,-46463.550910844526,6065.69145173488,-40397.85945910965,274.62262219562797
3685000,7370.000000583967,-46634.045053991955,6187.723005853624,-40446.32204813833,280.1475694583366
3690000,7380.000000586005,-46698.010217961564,6144.172140611981,-40553.83807734958,278.1758152227782
3695000,7390.000000588042,-46643.80639490776,6319.918342085357,-40323.8880528224,286.1326793451258
3700000,7400.000000590079,-46857.4612194933,6105.734033695102,-40751.7271857982,276.43553980690126
3705000,7410.0000005921165,-46878.38449447334,6263.136432021614,-40615.24806245173,283.5618929543143
3710000,7420.000000594154,-46416.93503504631,6130.869371550494,-40286.065663495814,277.5735357710129
3715000,7430.000000596191,-46732.63711103669,6305.259936196859,-40427.37717483983,285.46902378428183
3720000,7440.000000598228,-46659.36190208857,6076.578906817758,-40582.78299527081,275.1155489275082
3725000,7450.000000600266,-46609.74698594952,6008.042108768783,-40601.70487718073,272.0125630030068
3730000,7460.000000602303,-46813.16668503394,6153.714280070855,-40659.452404963085,278.6078331353944
3735000,7470.00000060434,-46861.06603022694,6043.974426028093,-40817.091604198846,273.63938943587704
3740000,7480.000000606377,-46710.95684330026,6100.584173549843,-40610.37266975042,276.2023812118284
3745000,7490.000000608415,-46519.303737841896,5958.476050376019,-40560.82768746588,269.76847244284005
3750000,7500.000000610452,-46746.47399002651,6166.510353978899,-40579.963636047614,279.187172094258
3755000,7510.000000612489,-46563.576126875414,6054.88595172802,-40508.69017514739,274.13340595876025
3760000,7520.0000006145265,-47294.86398544541,6114.581716533927,-41180.282268911484,276.83611637445125
3765000,7530.000000616564,-46585.44175580691,6317.507529787921,-40267.93422601899,286.02353043769926
3770000,7540.000000618601,-46285.54638507118,5887.364172479323,-40398.182212591855,266.5489004397735
3775000,7550.000000620638,-46710.314933657355,6126.774941575648,-40583.53999208171,277.3881615057645
3780000,7560.0000006226755,-46948.74976897036,6119.219295017153,-40829.53047395321,277.04608154888115
3785000,7570.000000624713,-46613.759262919775,6263.191376271285,-40350.56788664849,283.56438054110293
3790000,7580.00000062675,-46602.99988646025,6160.779745643826,-40442.220140816426,278.9277202740861
3795000,7590.000000628787,-46994.445910260314,6127.4452859155535,-40867.00062434476,277.4185111735417
3800000,7600.000000630825,-46947.510530783446,6207.385872426342,-40740.124658357105,281.03780069100804
3805000,7610.000000632862,-46780.10307732044,6202.679681077493,-40577.42339624295,280.8247290867137
3810000,7620.000000634899,-46932.936555602355,6166.022544666347,-40766.91401093601,279.1650866529509
3815000,7630.000000636936,-46579.741015209525,6048.14075385499,-40531.600261354535,273.82801885790633
3820000,7640.000000638974,-47016.50099552196,6009.330510826383,-41007.170484695576,272.07089507517304
3825000,7650.000000641011,-46738.41208025429,6002.473289648384,-40735.938790605906,271.7604361479655
3830000,7660.000000643048,-46963.5127432858,6279.151878306175,-40684.36086497962,284.28698817046507
3835000,7670.0000006450855,-46878.43466176157,6257.630895268805,-40620.80376649276,283.31263119220836
3840000,7680.000000647123,-46804.42092993157,6165.340338045662,-40639.08059188591,279.1341999234589
3845000,7690.00000064916,-47008.09428968013,6170.167731523723,-40837.9265581564,279.3527589230163
3850000,7700.000000651197,-46357.213192806754,6121.732756308076,-40235.48043649868,277.15987786311723
3855000,7710.000000653235,-46833.71959621599,6056.288978696678,-40777.43061751931,274.19692764432733
3860000,7720.000000655272,-46550.19491796475,6184.45278933503,-40365.74212862972,279.9995112455788
3865000,7730.000000657309,-46418.5919270764,6193.833077674284,-40224.75884940212,280.4242013903339
3870000,7740.000000659346,-46809.90435861709,5992.775636688204,-40817.128721928886,271.3213774015292
3875000,7750.000000661384,-46643.50747688161,6193.1449157290635,-40450.36256115255,280.39304503505355
3880000,7760.000000663421,-46767.78636949364,5970.661857369587,-40797.12451212405,270.3201817239289
3885000,7770.000000665458,-46862.54037846136,6119.612034509752,-40742.92834395161,277.06386272851347
3890000,7780.000000667495,-46917.578115543816,6170.221491947097,-40747.356623596716,279.35519291237347
3895000,7790.000000669533,-46992.63374086091,6079.057183843208,-40913.5765570177,275.2277522831638
3900000,7800.00000067157,-46621.37200487079,6004.47842018522,-40616.893584685575,271.85121791790084
3905000,7810.000000673607,-47011.743059856235,6005.443386589353,-41006.29967326688,271.8949065239472
3910000,7820.0000006756445,-46578.74242114421,6259.40991807245,-40319.33250307176,283.3931759926108
3915000,7830.000000677682,-46677.428618839185,6051.984140252998,-40625.444478586185,274.00202718970667
3920000,7840.000000679719,-46516.570218751964,6146.14707317553,-40370.42314557643,278.2652297872309
3925000,7850.000000681756,-46921.06180234585,6224.8040577327465,-40696.2577446131,281.8264045560078
3930000,7860.000000683794,-46294.55392673856,6270.616759036737,-40023.93716770182,283.90056283822116
3935000,7870.000000685831,-46777.610821319104,6125.240411965212,-40652.37040935389,277.3186860718741
3940000,7880.000000687868,-46758.40925793955,6416.74912282746,-40341.66013511209,290.51666806730856
3945000,7890.000000689905,-46751.293217990664,6112.6296050776755,-40638.66361291299,276.7477350297687
3950000,7900.000000691943,-46636.10639404837,6106.61365392192,-40529.49274012645,276.47536438669516
3955000,7910.00000069398,-46911.40775951417,6102.172192739792,-40809.23556677438,276.2742783726898
3960000,7920.000000696017,-46752.635346579074,5948.37418463057,-40804.2611619485,269.3111130663934
3965000,7930.0000006980545,-46454.040531840525,6022.841586024591,-40431.19894581594,272.68260553376433
3970000,7940.000000700092,-46764.44278789457,6292.094428641056,-40472.34835925352,284.8729588119238
3975000,7950.000000702129,-46634.88984130428,6035.185406693769,-40599.70443461051,273.2414688434225
3980000,7960.000000704166,-46960.46456191345,6152.692841619181,-40807.77172029427,278.5615877719033
3985000,7970.0000007062035,-46483.50805306365,6048.452554804031,-40435.055498259615,273.8421355657722
3990000,7980.000000708241,-46748.86428595154,6223.055068469903,-40525.809217481634,281.7472195164495
3995000,7990.000000710278,-46471.9666613281,6176.819951500043,-40295.146709828055,279.6539364734828
4000000,8000.000000712315,-46748.56173495104,6124.502958221254,-40624.05877672979,277.28529804306896
4005000,8010.000000714353,-46603.45810279407,6110.42958395075,-40493.02851884332,276.6481296384346
4010000,8020.00000071639,-47004.59572880942,6198.67249159347,-40805.92323721595,280.6433046122752
4015000,8030.000000718427,-46798.337021038984,6207.184628832991,-40591.15239220599,281.0286894390187
4020000,8040.000000720464,-46619.832364814356,6055.418654081004,-40564.41371073335,274.15752392093987
4025000,8050.000000722502,-46682.45689728297,6137.659028991047,-40544.79786829193,277.8809357673648
4030000,8060.000000724539,-46758.95374046563,6094.825793645848,-40664.12794681978,275.9416720410081
4035000,8070.000000726576,-46701.93507167575,6036.783714264566,-40665.15135741118,273.3138318080837
4040000,8080.0000007286135,-46711.788249597594,6134.685153668846,-40577.103095928745,277.7462943261434
4045000,8090.000000730651,-46768.20896274049,6179.357883391864,-40588.85107934863,279.768840687888
4050000,8100.000000732688,-46656.91624230018,6098.7379231235045,-40558.17831917668,276.11879269807935
4055000,8110.000000734725,-46791.354629009846,6231.756214935651,-40559.59841407419,282.14116168735376
4060000,8120.000000736763,-46431.10484448209,6238.919874394765,-40192.18497008733,282.4654945290145
4065000,8130.0000007388,-47199.92116919649,6101.72243895442,-41098.19873024207,276.2539158855992
4070000,8140.000000740837,-47008.38451281615,6030.284799758605,-40978.09971305754,273.0195951234034
4075000,8150.000000742874,-46804.593201835116,6184.898253233166,-40619.69494860195,280.0196795091269
4080000,8160.000000744912,-46755.714729223866,6110.76197869404,-40644.952750529825,276.66317872504453
4085000,8170.000000746949,-46696.84731700021,6176.674958749301,-40520.17235825091,279.64737196394174
4090000,8180.000000748986,-46647.26440008305,6013.564142117882,-40633.70025796517,272.2625716442719
4095000,8190.000000751023,-46825.40960498329,6063.589542682318,-40761.82006230097,274.5274588032556
4100000,8200.00000075306,-46893.55588605901,6201.614240194118,-40691.94164586489,280.77649152443166
4105000,8210.000000755097,-46830.735330016236,6165.195554548328,-40665.53977546791,279.1276448878121
4110000,8220.000000757134,-46725.560136436485,6345.841010526397,-40379.71912591009,287.30632149923673
4115000,8230.000000759172,-46739.083797588944,6048.03526488281,-40691.04853270613,273.8232428717911
4120000,8240.000000761209,-46750.29215449322,6217.978073483677,-40532.31408100954,281.51735987273275
4125000,8250.000000763246,-46528.26367781457,6058.106194194486,-40470.15748362008,274.2792016091463
4130000,8260.000000765283,-46742.896468402934,6083.525639744273,-40659.37082865866,275.4300604761341
4135000,8270.00000076732,-46603.79753363988,6107.917970898234,-40495.87956274165,276.5344170027176
4140000,8280.000000769358,-46509.584723991924,6087.778070309552,-40421.806653682375,275.6225881775239
4145000,8290.000000771395,-46796.88445090683,6280.061369541994,-40516.82308136483,284.3281651525176
4150000,8300.000000773432,-46719.19619659032,6242.762526431552,-40476.43367015877,282.63946961279925
4155000,8310.00000077547,-46779.32920804102,6089.200030657445,-40690.12917738357,275.68696706697176
4160000,8320.000000777507,-46416.95228043356,6209.13556458349,-40207.816715850066,281.1170175539254
4165000,8330.000000779544,-47057.8735565744,6177.620747397286,-40880.25280917711,279.6901923020053
4170000,8340.000000781582,-46853.41916471085,6104.162033225084,-40749.25713148577,276.3643678894696
4175000,8350.000000783619,-46331.093210196064,6227.739328363457,-40103.353881832605,281.9592981797395
4180000,8360.000000785656,-46635.16588981566,6453.033540314107,-40182.13234950155,292.15943574751657
4185000,8370.000000787693,-46757.613372819964,6169.650473473277,-40587.96289934669,279.3293401976664
4190000,8380.00000078973,-46876.95921488665,6234.401758405199,-40642.55745648145,282.260937988295
4195000,8390.000000791768,-47052.537468324415,6105.4782388255735,-40947.059229498846,276.4239587598973
4200000,8400.000000793805,-47118.92883684422,6240.752998701223,-40878.175838143,282.5484887610581
4205000,8410.000000795842,-46745.95921871939,6007.585284032405,-40738.373934686984,271.991880380426
4210000,8420.00000079788,-46555.083037245204,6192.441508085472,-40362.64152915973,280.361198434696
4215000,8430.000000799917,-46744.27020750503,6232.668838030526,-40511.601369474505,282.1824804635205
4220000,8440.000000801954,-46709.60478877887,6043.679120169515,-40665.92566860936,273.62601953899417
4225000,8450.000000803991,-46362.98551504954,6150.077979954301,-40212.90753509524,278.44320058178624
4230000,8460.000000806029,-46678.04616884253,6293.217502271808,-40384.82866657072,284.9238056820375
4235000,8470.000000808066,-46700.76404315245,6352.089157922168,-40348.674885230284,287.58920476742543
4240000,8480.000000810103,-46733.698846946645,6101.340544299938,-40632.35830264671,276.23662570322665
4245000,8490.00000081214,-46729.52763958549,6140.55553976737,-40588.97209981812,278.0120745486465
4250000,8500.000000814178,-46397.07716186758,6180.670691482733,-40216.40647038485,279.8282777369405
4255000,8510.000000816215,-46645.98315512529,6113.685177612159,-40532.297977513124,276.7955258050899
4260000,8520.000000818252,-46716.4130591015,5978.966357629121,-40737.44670147238,270.6961658397457
4265000,8530.00000082029,-46693.958237123385,6086.0782479167265,-40607.87998920666,275.5456291553746
4270000,8540.000000822327,-47012.40470038593,6068.9846417075905,-40943.42005867834,274.771720525619
4275000,8550.000000824364,-46833.81721563556,6160.357457399094,-40673.459758236466,278.90860128229207
4280000,8560.000000826401,-46598.68365375674,5886.552469901232,-40712.13118385551,266.51215081407753
4285000,8570.000000828439,-46738.94671839924,6334.447494329337,-40404.4992240699,286.79048298041954
4290000,8580.000000830476,-47022.51025438757,5968.329823166732,-41054.18043122084,270.21459947449637
4295000,8590.000000832513,-46736.87542207382,6236.816480450427,-40500.05894162339,282.3702639085484
4300000,8600.00000083455,-46478.481263538706,6224.360165354368,-40254.12109818434,281.8063074426131
4305000,8610.000000836588,-46479.59638422157,6075.216881046395,-40404.37950317518,275.0538835606154
4310000,8620.000000838625,-46934.49124884163,6292.596937746423,-40641.89431109521,284.8957097825742
4315000,8630.000000840662,-46590.58064074686,6296.606228114933,-40293.97441263193,285.0772293740182
4320000,8640.0000008427,-46715.14298283204,6182.532042664266,-40532.610940167775,279.91254993350157
4325000,8650.000000844737,-46815.95521465212,6047.568327380537,-40768.38688727158,273.8021023963324
4330000,8660.000000846774,-46421.29525122262,5929.47144017472,-40491.8238110479,268.45529616728703
4335000,8670.000000848811,-46807.82327322749,6102.205943146015,-40705.61733008148,276.27580641366103
4340000,8680.000000850849,-46270.62421339733,6281.956820506195,-39988.66739289113,284.4139812079788
4345000,8690.000000852886,-46825.947877909115,6068.626506606902,-40757.32137130221,274.75550605094054
4350000,8700.000000854923,-46653.91569193022,6065.939767699621,-40587.975924230595,274.63386463713914
4355000,8710.00000085696,-47031.540424210776,6109.559986531356,-40921.98043767942,276.60875883867186
4360000,8720.000000858998,-46832.23304863239,5931.094746755002,-40901.13830187739,268.5287909556804
4365000,8730.000000861035,-46556.743963561894,6173.001338481932,-40383.74262507996,279.481049750093
4370000,8740.000000863072,-46736.63177884155,5916.566096324019,-40820.065682517525,267.8710100398412
4375000,8750.00000086511,-46673.90153600747,5945.60193273569,-40728.29960327178,269.18560007404676
4380000,8760.000000867147,-46226.1953380566,6096.910615962261,-40129.28472209434,276.0360618357909
4385000,8770.000000869184,-46503.35150237079,6307.618707899652,-40195.732794471136,285.57581656715524
4390000,8780.000000871221,-46740.147797002166,6214.266392701565,-40525.8814043006,281.3493144788568
4395000,8790.000000873259,-46621.73352153407,6008.220782582572,-40613.5127389515,272.0206524140246
4400000,8800.000000875296,-46556.16795189964,6148.581380159328,-40407.586571740314,278.37544241054667
4405000,8810.000000877333,-46768.206904235645,6151.898973520167,-40616.30793071548,278.5256455976659
4410000,8820.00000087937,-46948.83381895389,6219.844931868332,-40728.98888708556,281.6018814065004
4415000,8830.000000881408,-46758.87038358173,6033.032885082045,-40725.837498499684,273.1440139804365
4420000,8840.000000883445,-47079.06561639684,5980.924509258134,-41098.141107138705,270.7848206516982
4425000,8850.000000885482,-47002.985130996734,6120.61008642512,-40882.375044571614,277.1090492725813
4430000,8860.00000088752,-46982.71548310836,6140.304360378727,-40842.41112272963,278.00070246635397
4435000,8870.000000889557,-47048.322883158224,6152.515707768098,-40895.807175390124,278.55356808230135
4440000,8880.000000891594,-46753.7238879042,6245.762421380386,-40507.96146652381,282.7752890859319
4445000,8890.000000893631,-46749.213693554455,6087.667628330343,-40661.54606522411,275.61758794528777
4450000,8900.000000895669,-46881.365124385804,6136.572995495204,-40744.7921288906,277.83176587984343
4455000,8910.000000897706,-46771.9996896442,6269.9703534294695,-40502.029336214735,283.87129699041435
4460000,8920.000000899743,-46719.725484839815,6197.646806864206,-40522.07867797561,280.59686699965715
4465000,8930.00000090178,-46628.05248063395,6068.8989410792765,-40559.153539554674,274.7678404516887
4470000,8940.000000903818,-46446.76799696614,6199.893520829639,-40246.8744761365,280.69858639725925
4475000,8950.000000905855,-46933.53641026432,6273.500818236957,-40660.035592027365,284.0311378775937
4480000,8960.000000907892,-47054.94243236049,5935.028479862272,-41119.91395249822,268.7068897115324
4485000,8970.00000090993,-46588.79580304207,6310.2576902312885,-40278.538112810784,285.6952958142631
4490000,8980.000000911967,-46825.31512593123,6271.331661143248,-40553.98346478798,283.9329298474345
4495000,8990.000000914004,-46802.647085765435,6111.127863594293,-40691.51922217114,276.6797440699073
4500000,9000.000000916041,-46606.35561134317,6106.56955367906,-40499.78605766411,276.4733677595291
4505000,9010.000000918079,-46698.02345768735,6114.0176368596885,-40584.00582082766,276.81057781211274
4510000,9020.000000920116,-46975.26428577135,6217.878091264764,-40757.38619450659,281.512833203457
4515000,9030.000000922153,-46902.6864964682,6064.204583794603,-40838.4819126736,274.5553046316098
4520000,9040.00000092419,-46607.16325490881,6074.852977685945,-40532.31027722287,275.03740792945814
4525000,9050.000000926228,-46523.04889429355,6002.731001188247,-40520.3178931053,271.77210397172644
4530000,9060.000000928265,-46490.50263065414,6100.456642375273,-40390.04598827887,276.19660727066264
4535000,9070.000000930302,-46560.74551668891,5993.935218531378,-40566.810298157536,271.3738771715813
4540000,9080.00000093234,-46656.95729673805,6302.298534771022,-40354.65876196703,285.3349470955138
4545000,9090.000000934377,-46870.64627811726,5912.750364232962,-40957.8959138843,267.69825374968366
4550000,9100.000000936414,-46679.673028919555,6349.394994798933,-40330.27803412062,287.467227224154
4555000,9110.000000938451,-46524.40650694608,6291.620659515749,-40232.78584743033,284.85150903648724
4560000,9120.000000940488,-46545.223191469384,5977.651492874358,-40567.57169859503,270.63663567576367
4565000,9130.000000942526,-46725.15194998821,6117.518106976586,-40607.63384301163,276.9690606973813
4570000,9140.000000944563,-46571.102414745896,5970.924512819728,-40600.17790192617,270.3320733819576
4575000,9150.0000009466,-46836.57532914105,6123.360151167546,-40713.21517797351,277.2335577473005
4580000,9160.000000948638,-46970.548893332016,6140.397088676343,-40830.151804655674,278.00490071620646
4585000,9170.000000950675,-46605.240235840436,5964.954314440371,-40640.285921400064,270.0617741840816
4590000,9180.000000952712,-46752.51946715306,5917.248951875946,-40835.270515277116,267.90192614952844
4595000,9190.00000095475,-46737.45318992017,6083.520825692187,-40653.93236422798,275.42984252116264
4600000,9200.000000956787,-46604.07018821797,6121.632444929881,-40482.43774328809,277.1553362912395
4605000,9210.000000958824,-46932.82689361536,6186.226586419038,-40746.60030719632,280.0798194528672
4610000,9220.000000960861,-47159.50660763157,6032.666948019029,-41126.83965961254,273.12744627391805
4615000,9230.000000962898,-46803.15509963309,6150.020334985857,-40653.134764647235,278.44059072064897
4620000,9240.000000964936,-46641.052466660214,6140.636569239332,-40500.415897420884,278.01574313717305
4625000,9250.000000966973,-46782.65819045581,6093.471626303823,-40689.18656415199,275.8803624624847
4630000,9260.00000096901,-46826.58557194279,6137.552113082195,-40689.0334588606,277.87609517705823
4635000,9270.000000971047,-46724.88809730619,5969.647510917338,-40755.24058638885,270.27425744888984
4640000,9280.000000973085,-46460.75410790718,6116.844271203509,-40343.90983670367,276.9385529558642
4645000,9290.000000975122,-46731.67586087319,6110.463976207797,-40621.21188466539,276.64968673903695
4650000,9300.00000097716,-46817.82779172965,6126.614879534522,-40691.21291219513,277.3809147379726
4655000,9310.000000979197,-46765.941427642945,6196.458939911032,-40569.48248773191,280.5430866285163
4660000,9320.000000981234,-46872.029560212046,6121.27501087806,-40750.754549333986,277.13915355636846
4665000,9330.000000983271,-46941.78094336181,6187.704730968424,-40754.07621239338,280.146742067604
4670000,9340.000000985308,-46887.565865284996,6162.274738757134,-40725.29112652786,278.9954057032261
4675000,9350.000000987346,-47127.502304372494,6268.3763066241845,-40859.12599774831,283.7991269308172
4680000,9360.000000989383,-46871.937595811905,6363.426416623414,-40508.51117918849,288.1024962425723
4685000,9370.00000099142,-46890.48297203635,6115.875655942373,-40774.60731609398,276.8946991487544
4690000,9380.000000993457,-46654.29566928942,6215.8731205919285,-40438.42254869749,281.42205867132316
4695000,9390.000000995495,-46738.84328711324,6069.16100385083,-40669.68228326241,274.77970527634653
4700000,9400.000000997532,-46899.41080821899,6058.661535493174,-40840.74927272582,274.30434454377666
4705000,9410.00000099957,-46626.557362453605,6164.870372565972,-40461.68698988763,279.11292235710044
4710000,9420.000001001607,-46600.602526478004,6024.997435830248,-40575.605090647754,272.78021107987564
4715000,9430.000001003644,-46820.63060643937,6183.793372816259,-40636.83723362311,279.9696563320962
4720000,9440.000001005681,-46701.219151425816,6204.5336651175185,-40496.6854863083,280.9086677378357
4725000,9450.000001007718,-46467.14207093179,6144.771540586547,-40322.370530345244,278.2029529026403
4730000,9460.000001009756,-46454.94942482811,6109.762367172126,-40345.18705765599,276.61792157019096
4735000,9470.000001011793,-46857.786975024384,5952.3838314588575,-40905.40314356553,269.49264879646216
4740000,9480.00000101383,-46606.20621001441,6100.919345911279,-40505.28686410313,276.21755605438636
4745000,9490.000001015867,-46953.84185713233,6159.987947954536,-40793.85390917779,278.89187183711704
4750000,9500.000001017905,-46890.73420610343,6056.6037240377445,-40834.13048206568,274.2111776587858
4755000,9510.000001019942,-46634.7519666304,5974.810930486924,-40659.94103614348,270.50802994341564
4760000,9520.00000102198,-46593.758324677474,6192.9529077103125,-40400.80541696716,280.3843519213316
4765000,9530.000001024016,-46465.616598214954,6294.101923436528,-40171.514674778424,284.96384762306155
4770000,9540.000001026054,-46786.67068297492,5947.194714442865,-40839.47596853205,269.257712856652
4775000,9550.000001028091,-46728.18926839711,5957.265925975856,-40770.92334242125,269.7136843715047
4780000,9560.000001030128,-46501.23517481721,6211.019774867513,-40290.215399949695,281.2023246904792
4785000,9570.000001032166,-46740.861338293995,6177.533112204345,-40563.32822608965,279.68622464115845
4790000,9580.000001034203,-46995.89506888768,6209.165986763176,-40786.729082124504,281.1183949102952
4795000,9590.00000103624,-46742.02579951601,6169.964174581442,-40572.06162493456,279.3435429347485
4800000,9600.000001038277,-47093.0447655684,6183.217760231694,-40909.8270053367,279.94359562020543
4805000,9610.000001040315,-46468.68865713483,6068.524052496498,-40400.16460463833,274.7508674674126
4810000,9620.000001042352,-46841.99786173989,6080.843995041437,-40761.15386669845,275.30864970113015
4815000,9630.00000104439,-46608.210076283605,6098.7055088552215,-40509.50456742838,276.1173251504101
4820000,9640.000001046426,-46843.49267269159,6286.538367923925,-40556.95430476766,284.6214095903128
4825000,9650.000001048464,-46763.045097716385,6256.782315802413,-40506.262781913974,283.27421197486825
4830000,9660.000001050501,-46589.04389236501,6039.169805174475,-40549.87408719053,273.4218614610409
4835000,9670.000001052538,-46714.20726644772,6135.171876528592,-40579.035389919125,277.76833057857885
4840000,9680.000001054575,-46486.43682713434,6381.562338694848,-40104.87448843949,288.9235954552215
4845000,9690.000001056613,-46943.13329041959,6160.717969049692,-40782.415321369896,278.9249233546572
4850000,9700.00000105865,-46903.068291707255,6160.8326401060385,-40742.235651601215,278.9301150572742
4855000,9710.000001060687,-46758.08333921112,6257.648123288538,-40500.43521592258,283.31341118637584
4860000,9720.000001062725,-46863.832112245844,6086.570489358564,-40777.26162288728,275.5679152601965
4865000,9730.000001064762,-46691.9539426266,6022.700112423495,-40669.2538302031,272.67620035281936
4870000,9740.000001066799,-46575.125358962454,6013.387104011632,-40561.73825495082,272.25455628949265
4875000,9750.000001068836,-47027.334445476474,6208.82910582532,-40818.50533965115,281.1031427123787
4880000,9760.000001070874,-46616.236208317336,6068.0939476620715,-40548.142260655266,274.7313945815282
4885000,9770.00000107291,-46569.32692908833,6159.905299800515,-40409.42162928782,278.88812996317614
4890000,9780.000001074948,-46543.82439356798,6241.587622487587,-40302.23677108039,282.5862761385701
4895000,9790.000001076985,-47026.66366158734,6200.291504149112,-40826.37215743823,280.7166049898061
4900000,9800.000001079023,-46559.42711725738,6230.490068509568,-40328.93704874781,282.083837233187
4905000,9810.00000108106,-46755.62167248747,6264.969217774188,-40490.65245471328,283.6448718584178
4910000,9820.000001083097,-46560.384479814675,6151.645922009635,-40408.73855780504,278.5141887555357
4915000,9830.000001085134,-46832.10932137119,6299.916882563344,-40532.19243880784,285.2271184036598
4920000,9840.000001087172,-46806.15960004652,6007.125822201726,-40799.033777844794,271.97107836407815
4925000,9850.000001089209,-46935.62527453818,6310.206884122891,-40625.41839041529,285.69299558075755
4930000,9860.000001091246,-46789.26430518448,6050.192661589334,-40739.07164359515,273.9209184534418
4935000,9870.000001093284,-46805.12360087765,6168.495205455479,-40636.628395422165,279.27703573495
4940000,9880.00000109532,-46532.06679581659,6102.7425417554505,-40429.32425406114,276.30010077785056
4945000,9890.000001097358,-46684.401220480795,6079.687569899113,-40604.71365058168,275.25629284989816
4950000,9900.000001099395,-46733.12603069091,6196.031498468261,-40537.09453222265,280.52373432700495
4955000,9910.000001101433,-46782.380156715226,6203.783168374988,-40578.596988340236,280.8746891906209
4960000,9920.00000110347,-46960.91381955595,6223.828654527761,-40737.08516502819,281.782243426484
4965000,9930.000001105507,-46586.35775518516,6168.704111569891,-40417.653643615275,279.2864939056119
4970000,9940.000001107544,-46931.821495395445,6123.5373988253305,-40808.28409657012,277.2415825894716
4975000,9950.000001109582,-46548.57379820687,6087.657579976587,-40460.91621823028,275.6171330086529
4980000,9960.000001111619,-46743.007266046945,5973.165372917887,-40769.84189312906,270.43352774722274
4985000,9970.000001113656,-46606.589890914445,6168.0501651950035,-40438.53972571944,279.25688665148823
4990000,9980.000001115694,-46797.55885435041,6164.26831543628,-40633.29053891413,279.0856643752227
4995000,9990.00000111773,-46727.21359584591,6324.269585935624,-40402.94400991029,286.3296807926081
5000000,10000.000001119768,-46549.13019062369,6012.979298409635,-40536.15089221406,272.23609299562787
5005000,10010.000001121805,-47049.19934339094,6227.316200102616,-40821.88314328832,281.94014115643193
5010000,10020.000001123843,-46870.637527900166,6213.511402151119,-40657.12612574905,281.3151324756431
5015000,10030.00000112588,-46798.52632042172,6138.532014979748,-40659.99430544197,277.92045998373226
5020000,10040.000001127917,-46697.62681340374,5961.622261178673,-40736.004552225066,269.9109163286658
5025000,10050.000001129954,-47059.8179614821,5995.816909058263,-41064.00105242383,271.459070226778
5030000,10060.000001131992,-46781.606254879094,6049.008808437278,-40732.59744644182,273.8673198061154
5035000,10070.000001134029,-46935.88926390145,6125.38996406152,-40810.49929983993,277.32545700461435
5040000,10080.000001136066,-47054.70352465985,6146.768237446186,-40907.935287213666,278.2933528400072
5045000,10090.000001138103,-46747.91303491767,6293.789076714361,-40454.12395820331,284.949683568086
5050000,10100.00000114014,-46605.321349862614,6095.475848596845,-40509.845501265765,275.9711031119148
5055000,10110.000001142178,-46896.03126270749,5946.095820327937,-40949.93544237955,269.20796070790556
5060000,10120.000001144215,-46718.544804092264,6201.393044341214,-40517.151759751054,280.76647693901685
5065000,10130.000001146253,-46867.08646123501,6204.463955637626,-40662.622505597385,280.90551165904196
5070000,10140.00000114829,-46800.59897786216,6119.2955115335335,-40681.30346632862,277.04953223208025
5075000,10150.000001150327,-46717.65117678634,6030.127995233679,-40687.523181552664,273.0124958388206
5080000,10160.000001152364,-46628.07735007332,6215.885478824491,-40412.191871248826,281.42261818712757
5085000,10170.000001154402,-46611.82211942715,6009.220186898618,-40602.60193252853,272.0659001876857
5090000,10180.000001156439,-47141.554812116665,6188.774237081758,-40952.78057503491,280.19516368212805
5095000,10190.000001158476,-46583.05740799627,6015.192620427866,-40567.864787568404,272.33630058139886
5100000,10200.000001160513,-46468.75429866224,6162.985203111242,-40305.769095551004,279.02757179433934
5105000,10210.00000116255,-46580.65712700592,6052.004995710904,-40528.65213129502,274.0029714152056
5110000,10220.000001164588,-46718.5490467425,6328.376209547923,-40390.17283719457,286.51560712165957
5115000,10230.000001166625,-46720.24618540285,6301.893814823734,-40418.352370579116,285.3166235038733
5120000,10240.000001168662,-46573.02970449987,6026.091099020991,-40546.938605478885,272.82972639987344
5125000,10250.0000011707,-46797.86554459995,6189.528048960561,-40608.33749563938,280.2292923212859
5130000,10260.000001172737,-46549.25058388343,6014.861520351893,-40534.38906353154,272.32131011051905
5135000,10270.000001174774,-46833.21502208384,6149.5575199370605,-40683.65750214678,278.4196368882123
5140000,10280.000001176812,-46854.96506770083,5969.611222457419,-40885.353845243415,270.27261449818957
5145000,10290.000001178849,-46814.12786084559,6116.622786469027,-40697.50507437656,276.9285252914102
5150000,10300.000001180886,-46795.060085472185,6187.476493610509,-40607.58359186168,280.1364086798588
5155000,10310.000001182923,-46741.36190625111,5983.825914324356,-40757.53599192676,270.9161810206978
5160000,10320.00000118496,-46851.140814831655,6114.48450793569,-40736.656306895966,276.83171528013906
5165000,10330.000001186998,-46472.9192312705,6135.7551402252275,-40337.16409104527,277.79473769260306
5170000,10340.000001189035,-46606.20317977894,6400.988030783774,-40205.215148995165,289.8030886740696
5175000,10350.000001191072,-46679.04897010914,5919.775355420341,-40759.273614688806,268.0163084209656
5180000,10360.00000119311,-46435.30912971473,6076.215314355439,-40359.093815359294,275.09908737218393
5185000,10370.000001195147,-46592.535087427415,6208.653496269571,-40383.88159115784,281.0951920348565
5190000,10380.000001197184,-46292.96297617792,6020.719746364552,-40272.24322981337,272.58653978825856
5195000,10390.000001199222,-46673.94301842601,6025.987696463161,-40647.95532196285,272.82504487563193
5200000,10400.000001201259,-46844.93916765443,6241.466463299959,-40603.47270435447,282.58079068747617
5205000,10410.000001203296,-46876.13269256451,5927.9122915167045,-40948.22040104781,268.3847061123421
5210000,10420.000001205333,-46591.76927002653,6232.416741441384,-40359.35252858515,282.171066855211
5215000,10430.00000120737,-46927.095800941344,6096.402819432566,-40830.69298150878,276.01307147836235
5220000,10440.000001209408,-46538.1853447429,6189.9571713343175,-40348.228173408585,280.2487207265158
5225000,10450.000001211445,-46912.25115569442,6236.579158012086,-40675.67199768234,282.35951919612086
5230000,10460.000001213482,-46947.138803711394,6172.036858604573,-40775.10194510682,279.43738317142135
5235000,10470.00000121552,-47031.33045027999,6266.3755251842,-40764.954925095786,283.7085420651244
5240000,10480.000001217557,-46840.733011545904,6290.348297476898,-40550.384714069005,284.7939031720492
5245000,10490.000001219594,-46538.106399695156,6260.60396858225,-40277.50243111291,283.44723632268926
5250000,10500.000001221631,-46767.787122965325,6000.753223524322,-40767.033899441005,271.68256059608507
5255000,10510.000001223669,-46702.819655132014,6136.332242244271,-40566.48741288774,277.82086583825713
5260000,10520.000001225706,-46898.02374851925,6137.729290153669,-40760.29445836558,277.8841168234523
5265000,10530.000001227743,-46462.016438221326,5885.138281239389,-40576.87815698194,266.4481237857189
5270000,10540.00000122978,-46669.62803178321,6135.108098731656,-40534.51993305156,277.76544305520713
5275000,10550.000001231818,-46398.73517424846,6272.7187722099525,-40126.016402038505,283.99573094462943
5280000,10560.000001233855,-46930.07089410344,5932.709069949858,-40997.36182415358,268.6018790236064
5285000,10570.000001235892,-46459.92706919456,6086.9660095142635,-40372.961059680296,275.5858223336363
5290000,10580.00000123793,-46674.379638543935,5961.311798433673,-40713.06784011026,269.89686020764407
5295000,10590.000001239967,-46856.052590171166,6240.495356799722,-40615.557233371444,282.536824090156
5300000,10600.000001242004,-46462.40946122416,6225.890092702566,-40236.51936852159,281.875574510263
5305000,10610.000001244041,-46550.84912871657,6179.206638851856,-40371.64248986471,279.761993130194
5310000,10620.000001246079,-46506.82501522044,6067.775409594469,-40439.04960562597,274.71697285235024
5315000,10630.000001248116,-46886.679563591664,6317.2817811069235,-40569.39778248474,286.0133097241621
5320000,10640.000001250153,-46891.99729837157,6078.495200458363,-40813.50209791321,275.202308629789
5325000,10650.00000125219,-46750.59929978929,5963.960746173798,-40786.63855361549,270.01679063606116
5330000,10660.000001254228,-46485.259281768,5947.604546901646,-40537.65473486635,269.276267915937
5335000,10670.000001256265,-46717.91080598673,6111.582496787093,-40606.328309199635,276.7003274709157
5340000,10680.000001258302,-46891.726142201165,5859.723645575149,-41032.00249662602,265.2974826850635
5345000,10690.00000126034,-47010.298370220815,6240.015297026872,-40770.28307319395,282.51508950726804
5350000,10700.000001262377,-46742.027226146776,6201.53546152761,-40540.49176461917,280.77292484054385
5355000,10710.000001264414,-46633.69743200787,6090.50476412376,-40543.19266788411,275.746038539472
5360000,10720.000001266451,-46799.33312338439,6178.331418830649,-40621.001704553746,279.7223677685787
5365000,10730.000001268489,-46538.388460630376,6160.990982629797,-40377.39747800058,278.937283974359
5370000,10740.000001270526,-46832.14583666035,6255.785023413693,-40576.360813246654,283.22905981817433
5375000,10750.000001272563,-46586.861384853546,6079.0449785308865,-40507.81640632266,275.227199690784
5380000,10760.0000012746,-46667.2653616998,6226.320630817722,-40440.944730882075,281.8950670128211
5385000,10770.000001276638,-46782.65500639443,6229.712357259827,-40552.9426491346,282.0486265561497
5390000,10780.000001278675,-46403.95405331167,6025.79633538909,-40378.15771792258,272.8163810521642
5395000,10790.000001280712,-46753.57392145612,6195.766685581146,-40557.80723587497,280.51174499157145
5400000,10800.00000128275,-46780.64468331775,6152.883355588997,-40627.76132772875,278.5702132429435
5405000,10810.000001284787,-46329.86811024445,6029.117477885948,-40300.750632358504,272.9667449255049
5410000,10820.000001286824,-46770.08266095008,6298.560991072266,-40471.52166987782,285.16573076473105
5415000,10830.000001288861,-46972.993269525294,6145.555889348926,-40827.437380176365,278.23846409135706
5420000,10840.000001290899,-46656.45096910506,6148.254240500701,-40508.196728604365,278.3606312465448
5425000,10850.000001292936,-46853.9260083792,6124.060535702089,-40729.86547267711,277.26526747717253
5430000,10860.000001294973,-47054.01810509473,6125.77968722339,-40928.23841787134,277.3431016206478
5435000,10870.00000129701,-46665.18729300721,6136.491636175976,-40528.69565683124,277.8280823575667
5440000,10880.000001299048,-46675.917376191646,6126.826494985247,-40549.0908812064,277.3904955731401
5445000,10890.000001301085,-46608.49597594945,5954.743961019626,-40653.75201492983,269.5995030560065
5450000,10900.000001303122,-46732.21100929985,6462.072649611941,-40270.13835968791,292.56867909882055
5455000,10910.00000130516,-46901.92972286412,6280.369809499257,-40621.559913364865,284.34212969234426
5460000,10920.000001307197,-46765.46183857025,6050.002723246524,-40715.45911532373,273.9123190437664
5465000,10930.000001309234,-46588.57451014145,6418.76335695595,-40169.8111531855,290.60786200001735
5470000,10940.000001311271,-46768.792215830006,5924.5429008699575,-40844.24931496005,268.23215781641017
5475000,10950.000001313309,-46517.409808414406,6090.1472688169915,-40427.26253959742,275.72985303129894
5480000,10960.000001315346,-46663.431272329995,6267.578948028106,-40395.852324301886,283.76302672522183
5485000,10970.000001317383,-46712.95607243694,6167.110681844625,-40545.84539059231,279.214351784154
5490000,10980.00000131942,-47174.80360589712,5915.184812397651,-41259.61879349947,267.80847276492796
5495000,10990.000001321458,-46591.52693930111,5879.473302076904,-40712.053637224206,266.1916433094757
5500000,11000.000001323495,-46952.14597197197,6248.336565489558,-40703.80940648241,282.89183279917467
