#"Step","Time (ps)","Potential Energy (kJ/mole)","Kinetic Energy (kJ/mole)","Total Energy (kJ/mole)","Temperature (K)","Box Volume (nm^3)","Density (g/mL)"
505000,1009.9999999899404,-47746.74651150149,5742.7311503445635,-42004.015361156926,260.00067751897757,26.402103823969643,1.0039282104875478
510000,1019.999999989704,-47816.13901649014,5641.134417651446,-42175.00459883869,255.40091154659,26.624121999406263,0.9955564673905634
515000,1029.9999999894676,-47788.62778927304,5806.885675071758,-41981.74211420128,262.90525714464536,26.691097237457676,0.9930583448591476
520000,1039.9999999892311,-47307.56345521839,5706.174657825812,-41601.38879739258,258.34559171158736,26.788382830183163,0.9894519207497474
525000,1049.9999999889947,-47514.15157437709,5784.901693919486,-41729.2498804576,261.9099380456811,26.090279023832082,1.0159269213216398
530000,1059.9999999887582,-47661.50382190599,5703.881706496862,-41957.62211540913,258.24177892923046,26.79071556942308,0.9893657665253272
535000,1069.9999999885217,-47784.492580535705,5761.730492237028,-42022.76208829868,260.8608678422106,26.41131497499629,1.0035780827345195
540000,1079.9999999882853,-47909.230851776374,5820.985958001182,-42088.24489377519,263.5436438318995,26.48589852134374,1.0007520350402497
545000,1089.9999999880488,-47492.648771574546,5682.571050404851,-41810.0777211697,257.27694444939164,26.532268431541535,0.9990030409007243
550000,1099.9999999878123,-47817.97783234803,5627.0578763885305,-42190.9199559595,254.76359975718782,26.422105614904613,1.0031682270678854
555000,1109.9999999875758,-47914.31837694242,5791.460473696626,-42122.85790324579,262.2068851151346,26.57194242608232,0.9975114509915116
560000,1119.9999999873394,-47713.357916373934,5614.74977089304,-42098.608145480895,254.20635344284298,26.671787691560898,0.9937772882576923
565000,1129.999999987103,-47868.745698331855,5848.0671036088315,-42020.678594723024,264.76973574211485,26.614454160690087,0.9959181084485188
570000,1139.9999999868664,-47959.11401389429,5820.175021140203,-42138.93899275408,263.50692887384906,26.694407751267363,0.9929351904743372
575000,1149.99999998663,-47965.10081257415,5688.802038192025,-42276.29877438213,257.5590508207095,26.461147539347348,1.0016881091679986
580000,1159.9999999863935,-47641.65834194608,5863.736657480764,-41777.92168446531,265.4791707681439,26.47453788889331,1.0011814731702682
585000,1169.999999986157,-47536.68165023398,5768.320332518255,-41768.361317715724,261.1592211680072,26.57350315535031,0.9974528646129068
590000,1179.9999999859206,-47469.289189312374,5586.249910123153,-41883.03927918922,252.91602956812665,26.762093930992048,0.9904238776476687
595000,1189.999999985684,-47634.20539371058,5652.414731831232,-41981.79066187935,255.91162487315682,26.684702376636064,0.9932963265242035
600000,1199.9999999854476,-48188.54942809767,5792.624606168595,-42395.924821929075,262.2595909137363,27.03800531150772,0.980317021900394
605000,1209.9999999852112,-48066.580510173575,5690.177977257453,-42376.40253291612,257.62134610841673,26.668222914509133,0.993910127797961
610000,1219.9999999849747,-47791.14817095036,5842.962215098891,-41948.18595585147,264.53861322627773,26.849598733788742,0.987196013910933
615000,1229.9999999847382,-47513.8483606244,5741.990961296289,-41771.85739932811,259.9671656499722,26.418193884096524,1.0033167657634805
620000,1239.9999999845018,-47980.36527595605,5706.885974168106,-42273.47930178794,258.3777963762469,26.57097641524693,0.9975477163833072
625000,1249.9999999842653,-47766.33753892407,5867.647089059712,-41898.690449864356,265.6562145532873,26.571258567823968,0.997537123710093
630000,1259.9999999840288,-47537.022572699585,5936.387327096724,-41600.63524560286,268.76841117098314,26.50979979621162,0.9998497555191683
635000,1269.9999999837923,-47908.83336677053,5970.725359595874,-41938.108007174655,270.3230567709102,26.45075014976107,1.00208185760447
640000,1279.9999999835559,-47569.3294662073,5661.742007988828,-41907.58745821848,256.3339149050062,26.715425967099122,0.9921540041228248
645000,1289.9999999833194,-47480.252901732805,5637.953563658632,-41842.299338074175,255.25689919922968,26.259127833668774,1.00939440993616
650000,1299.999999983083,-47910.90795591904,5730.054090937832,-42180.85386498121,259.426726911086,26.249502039150336,1.0097645587932167
655000,1309.9999999828465,-47778.57584214362,5713.843868553461,-42064.731973590155,258.69281325705447,25.964692199763476,1.020840787989227
660000,1319.99999998261,-47805.830569258775,5702.521761872851,-42103.308807385925,258.1802077857494,26.36285612647067,1.0054228084372872
665000,1329.9999999823735,-47552.527660602645,5828.756222411524,-41723.77143819112,263.8954405568897,26.356455747194556,1.0056669644561609
670000,1339.999999982137,-47582.68037600553,5952.047893260055,-41630.63248274548,269.4774392808142,26.37396032148952,1.0049994965491522
675000,1349.9999999819006,-47463.74461617303,5890.843252605569,-41572.901363567464,266.70641489871036,26.631907886359677,0.9952654146374554
680000,1359.9999999816641,-48059.59190787905,5850.866243087245,-42208.725664791804,264.89646606289847,26.372204010721795,1.0050664265424372
685000,1369.9999999814277,-47943.36160912347,5691.582818147543,-42251.77879097593,257.6849499188107,26.156850551060277,1.013341296321696
690000,1379.9999999811912,-47739.37163188169,5785.553377164132,-41953.81825471755,261.9394428371644,26.251769042819397,1.0096773593379749
695000,1389.9999999809547,-47735.04280788329,5749.727393736928,-41985.31541414636,260.3174306412256,26.676522114089824,0.9936009173813787
700000,1399.9999999807183,-47711.04927486292,5715.347740609419,-41995.7015342535,258.7609006780419,26.672208999008596,0.9937615908037277
705000,1409.9999999804818,-47777.87657497061,5651.882508138042,-42125.994066832565,255.8875285821764,26.683267701324194,0.9933497329410257
710000,1419.9999999802453,-47886.529328797595,5906.73197474449,-41979.7973540531,267.4257727117228,26.543518031968667,0.9985796461938853
715000,1429.9999999800089,-47876.265675593924,5795.6385285287715,-42080.627147065155,262.3960454743139,26.754815543891926,0.9906933128214189
720000,1439.9999999797724,-47702.303224756324,5604.739970731871,-42097.563254024455,253.7531623120729,26.539490650099268,0.9987311811881041
725000,1449.999999979536,-47548.40734519146,5750.58560310378,-41797.821742087675,260.35628584983505,26.240342854590228,1.0101170168387346
730000,1459.9999999792994,-47513.957304084965,5696.260214480921,-41817.697089604044,257.89671783617695,26.150118875347218,1.0136021549826453
735000,1469.999999979063,-47638.02582049597,5843.4692749606,-41794.556545535364,264.56157023125246,26.397021859732163,1.0041214871113202
740000,1479.9999999788265,-47719.94604236126,5927.833816366751,-41792.11222599451,268.38115317008834,26.675093133366886,0.9936541444329258
745000,1489.99999997859,-47526.19792165479,5760.182259611499,-41766.01566204329,260.7907720078322,26.522142497890684,0.9993844519616882
750000,1499.9999999783536,-48094.69944372529,5701.837715417852,-42392.861728307435,258.14923775823144,26.185662143152815,1.01222633593152
755000,1509.999999978117,-47417.25363786286,5704.060476225064,-41713.19316163779,258.2498726827487,26.573795471480338,0.9974418924669978
760000,1519.9999999778806,-47524.359235448355,5692.543210672619,-41831.81602477573,257.7284314436578,26.798424067255393,0.9890811780044694
765000,1529.9999999776442,-47414.312893605325,5809.533966626192,-41604.77892697913,263.0251578644238,26.342255596075972,1.0062090829098431
770000,1539.9999999774077,-47762.85982800444,5839.966164434085,-41922.89366357036,264.4029678021168,26.292497853698023,1.0081133026079627
775000,1549.9999999771712,-48029.47855778778,6101.13474379599,-41928.343813991785,276.2273081382807,26.72468907876309,0.9918101111293102
780000,1559.9999999769348,-47810.37743412447,5845.017972130551,-41965.35946199392,264.6316870977603,26.476530779983182,1.0011061141417834
785000,1569.9999999766983,-47904.07138419227,5696.420709757078,-42207.650674435194,257.9039842185736,26.21184613695818,1.0112151851727684
790000,1579.9999999764618,-47870.377590512624,5689.044950004741,-42181.332640507884,257.57004859062596,26.51244742259919,0.9997499070006922
795000,1589.9999999762254,-47571.35921522044,5524.219306752591,-42047.13990846784,250.10760993624302,26.688544787009587,0.9931533193973827
800000,1599.9999999759889,-47663.066651509085,5643.214775420143,-42019.85187608894,255.495099210122,26.640631073349475,0.9949395257239212
805000,1609.9999999757524,-47374.02832151699,5835.636051262225,-41538.392270254764,264.2069230406709,26.775066773407428,0.9899440053471478
810000,1619.999999975516,-47787.785609717655,5656.94046401012,-42130.845145707535,256.1165262348913,26.59891341418814,0.9964999860094212
815000,1629.9999999752795,-47736.89599070873,5725.124745250312,-42011.77124545841,259.2035520514369,26.66165980260254,0.9941547916126723
820000,1639.999999975043,-47542.12969937094,5773.818809818711,-41768.31088955223,261.40816331522154,26.736709779458728,0.9913641979039681
825000,1649.9999999748065,-47699.7847413299,5856.505513345564,-41843.27922798434,265.15178257511025,26.542698935169685,0.9986104619520613
830000,1659.99999997457,-47873.66864514502,5571.6953100664105,-42301.97333507861,252.25707378964762,26.56870643912665,0.9976329448267851
835000,1669.9999999743336,-47482.48726972361,6025.7138542731045,-41456.77341545051,272.81264674082746,26.557334597061846,0.998060130930336
840000,1679.9999999740971,-47494.87836314767,5728.700584635735,-41766.177778511934,259.3654472609755,26.36233341632095,1.0054427438769327
845000,1689.9999999738607,-47460.07813987008,5702.323615227123,-41757.75452464296,258.1712367472681,26.02789115585745,1.0183620596223095
850000,1699.9999999736242,-47579.175870497944,5753.953442586472,-41825.222427911474,260.5087639172129,26.453957442147818,1.0019603646475155
855000,1709.9999999733877,-47684.50854553905,5751.620559812409,-41932.887985726644,260.4031432489369,26.70653795947093,0.9924841956426081
860000,1719.9999999731513,-47526.31181050214,5736.3138549775995,-41789.997955524545,259.71013611984733,26.942770407285707,0.9837821591626946
865000,1729.9999999729148,-47887.01507336629,5848.568926769249,-42038.44614659704,264.7924556567839,26.570784216988358,0.9975549320880588
870000,1739.9999999726783,-47807.07015451597,5715.726668572122,-42091.34348594384,258.7780565442063,26.335387939223523,1.0064714788433753
875000,1749.9999999724419,-47806.474178930745,5860.154266547742,-41946.319912383005,265.31697893897075,26.346398042312085,1.0060508765766072
880000,1759.9999999722054,-47610.644114489725,5829.840951611697,-41780.80316287803,263.94455139275965,26.3370236962022,1.0064089682588708
885000,1769.999999971969,-47489.31996792741,5806.310656057585,-41683.00931186983,262.8792233065016,26.679349892684254,0.9934956043427599
890000,1779.9999999717324,-47480.831688976206,5712.513421393582,-41768.318267582625,258.632577603684,26.957907961537884,0.9832297403389527
895000,1789.999999971496,-47739.701977010525,5772.441638333806,-41967.26033867672,261.34581223003903,26.769132507804397,0.9901634592520568
900000,1799.9999999712595,-47815.079172522936,5943.868305463985,-41871.21086705895,269.1071105446907,26.49140576765136,1.0005439906654754
905000,1809.999999971023,-47801.86755781621,5754.427566734679,-42047.43999108153,260.53022976622003,26.416097430288197,1.0033963917286746
910000,1819.9999999707866,-47790.52136962797,5605.183965011229,-42185.33740461674,253.77326403900824,26.006866126338576,1.019185345759918
915000,1829.99999997055,-47512.21221017005,5708.645167977313,-41803.567042192735,258.45744342402025,26.277294893283806,1.0086965554387748
920000,1839.9999999703136,-47857.705647209834,5806.747033528998,-42050.958613680836,262.89898018441403,26.82785568887998,0.9879961019803317
925000,1849.9999999700772,-47607.32676962303,5731.205984812137,-41876.1207848109,259.4788786103225,26.689099130005324,0.9931326912156813
930000,1859.9999999698407,-47552.76876985631,5802.030727122834,-41750.73804273347,262.6854506234984,26.745278661173636,0.9910465761414189
935000,1869.9999999696042,-47973.68305531447,5981.555601138895,-41992.12745417557,270.8133931744716,26.637170752718298,0.9950687740513655
940000,1879.9999999693678,-47489.19615668862,5728.725959351065,-41760.47019733755,259.3665960946933,26.562384082758424,0.9978704005830992
945000,1889.9999999691313,-47381.77753879572,5754.522239715703,-41627.25529908002,260.53451606111435,26.221945563716965,1.0108257139310102
950000,1899.9999999688948,-47581.016372443526,5681.970504244482,-41899.04586819904,257.2497548762618,26.26936639232431,1.0090009956558779
955000,1909.9999999686584,-47728.524957692076,5623.865515005025,-42104.65944268705,254.61906641567018,26.102108972604704,1.0154664848316775
960000,1919.999999968422,-47632.44519971206,5680.690240389512,-41951.75495932255,257.191791259129,26.38239122446752,1.0046783333469143
965000,1929.9999999681854,-47464.89243818744,5617.126172296937,-41847.7662658905,254.31394440590472,26.28260466999158,1.0084927722314965
970000,1939.999999967949,-47592.30727396597,5847.521291281408,-41744.78598268456,264.74502422921034,26.13684395249457,1.0141169642853725
975000,1949.9999999677125,-47498.519525596814,5583.604718361237,-41914.914807235575,252.79626919065805,26.735016646257794,0.9914269811690731
980000,1959.999999967476,-47657.640439159586,5913.513676403756,-41744.126762755826,267.73281251212074,26.384333873400955,1.004604360007201
985000,1969.9999999672395,-47404.362188048544,5792.655440786613,-41611.70674726193,262.2609869431456,26.316952994364723,1.0071765090274698
990000,1979.999999967003,-47753.197589181305,5734.080074972968,-42019.11751420834,259.6090023039977,26.312116678106104,1.0073616337814189
995000,1989.9999999667666,-47611.76251276204,5921.595034340917,-41690.16747842112,268.09869391661744,25.85038660108156,1.0253547559708567
1000000,1999.9999999665301,-47873.09499648982,5715.204238155535,-42157.89075833428,258.75440364130816,26.866296876607567,0.986582444422508
1005000,2009.9999999662937,-47763.81556728447,5740.435116215018,-42023.38045106945,259.89672516361566,26.70092273828706,0.9926929157057555
1010000,2019.9999999660572,-47681.60477591801,5615.026948885045,-42066.57782703296,254.21890260522378,26.200019649378515,1.0116716399383703
1015000,2029.9999999658207,-47720.3556014073,5694.912163558294,-42025.443437849004,257.83568517697057,26.15583911050064,1.013380482007291
1020000,2039.9999999655843,-47732.5801698147,5572.231618997505,-42160.348550817194,252.28135503872468,26.463322290723582,1.0016057906076137
1025000,2049.999999965348,-47832.96226392797,5615.314296186286,-42217.64796774169,254.23191218046765,26.09761239031195,1.0156414482937093
1030000,2059.9999999651113,-47790.35711909679,5755.618496006144,-42034.73862309065,260.5841487830348,26.798163299389845,0.9890908025665992
1035000,2069.999999964875,-47635.561721958744,5879.308672310249,-41756.2530496485,266.184189739084,26.266808758088043,1.0090992434298913
1040000,2079.9999999646384,-47837.20105458831,5690.550195629914,-42146.6508589584,257.6381981996067,26.572590740994823,0.9974871138256188
1045000,2089.999999964402,-47890.586917636974,5682.005274700396,-42208.58164293658,257.25132909972075,26.577992499679365,0.9972843827623192
1050000,2099.9999999641655,-47789.91507369734,5682.481279340645,-42107.43379435669,257.272880087522,26.868221738265948,0.986511764839073
1055000,2109.999999963929,-47800.23464030685,5602.239543325705,-42197.99509698115,253.6399561036208,26.532750676187515,0.998984883572309
1060000,2119.9999999636925,-47879.98155866191,5732.844747375727,-42147.13681128618,259.55307316438945,26.056895069765744,1.01722852143882
1065000,2129.999999963456,-47760.18221081165,5805.853532676301,-41954.328678135345,262.8585271628494,26.343243157470358,1.0061713619185808
1070000,2139.9999999632196,-47640.2265327397,5759.6752472114995,-41880.55128552821,260.76781715167414,26.73938920865395,0.9912648579319803
1075000,2149.999999962983,-47852.07980977831,5755.149674654603,-42096.93013512371,260.56292301678434,26.697388660717756,0.9928243238300177
1080000,2159.9999999627466,-47409.94006035314,5650.127352580248,-41759.81270777289,255.8080643651983,26.476995526758493,1.0010885418746498
1085000,2169.99999996251,-47969.15492916247,5848.472380368432,-42120.68254879404,264.7880845432897,26.629712592540066,0.9953474620874997
1090000,2179.9999999622737,-47749.8457956317,5782.611192016291,-41967.234603615405,261.80623616044596,26.029489669869,1.0182995203239298
1095000,2189.9999999620372,-47938.450454460515,5615.595869461144,-42322.85458499937,254.2446603381504,26.623413811988748,0.9955829493649868
1100000,2199.9999999618008,-47469.59333892603,5853.602003854492,-41615.991335071536,265.0203269288162,26.495840681806392,1.0003765180889221
1105000,2209.9999999615643,-47557.834756122786,5816.068723689588,-41741.766032433196,263.32101731168405,26.41694839573107,1.003364069461845
1110000,2219.999999961328,-47946.64685032581,5471.115212842877,-42475.53163748293,247.7033357269709,26.28645897828622,1.0083448998208266
1115000,2229.9999999610914,-47617.23768553743,5871.779804662679,-41745.457880874754,265.8433221905132,26.912653704750277,0.9848830641485874
1120000,2239.999999960855,-47853.55404976936,5705.59490598754,-42147.959143781816,258.3193435960484,26.243256699404558,1.01000486139
1125000,2249.9999999606184,-47579.53087536013,5754.763292509859,-41824.76758285027,260.545429664443,26.31836193464344,1.0071225903392602
1130000,2259.999999960382,-47721.70581348828,5675.003664328347,-42046.70214915994,256.93433298884634,26.54299168883554,0.9985994478630345
1135000,2269.9999999601455,-47425.721301238635,5889.215094566028,-41536.50620667261,266.6327004617454,26.422359978387195,1.0031585697411343
1140000,2279.999999959909,-47888.46559353091,5710.22174191529,-42178.243851615625,258.5288224040389,26.61467992904334,0.9959096602240083
1145000,2289.9999999596726,-47620.56563477195,5686.477051458014,-41934.08858331393,257.4537876436184,26.555040043411235,0.9981463707745692
1150000,2299.999999959436,-47600.709097818646,5731.791898387803,-41868.91719943084,259.505405696939,26.496384121850944,1.0003560003965053
1155000,2309.9999999591996,-47432.872556350136,5733.323825341566,-41699.548731008574,259.5747632962172,26.400110903163093,1.004003996132021
1160000,2319.999999958963,-47894.02727967169,5743.405190826904,-42150.622088844786,260.03119452865394,26.49975142541688,1.0002288859087782
1165000,2329.9999999587267,-47452.815440141596,5885.176829851531,-41567.638610290065,266.4498690642305,26.809377342869848,0.9886770776552071
1170000,2339.99999995849,-47550.87263752386,5690.492546087611,-41860.38009143625,257.63558813138917,26.571266794472344,0.9975368148656852
1175000,2349.9999999582537,-48031.16369641427,5576.798523290191,-42454.365173124075,252.48812045733416,26.638680820011334,0.995012366573076
1180000,2359.9999999580173,-47799.448676729575,5909.808952981743,-41889.63972374783,267.5650821109359,26.657061005972977,0.9943263002311168
1185000,2369.999999957781,-47562.339061169245,5623.014027043943,-41939.3250341253,254.5805155169802,26.616030088825653,0.9958591403994678
1190000,2379.9999999575443,-47837.18378793576,5865.296813886188,-41971.88697404957,265.5498064485938,26.485720697973182,1.0007587540229796
1195000,2389.999999957308,-47443.935670693754,5633.528490840491,-41810.40717985326,255.05655516419355,26.26711645779201,1.0090874225838924
1200000,2399.9999999570714,-47435.17392650992,5548.648174486063,-41886.52575202385,251.2136206470776,26.612534026768536,0.9959899654216728
1205000,2409.999999956835,-47522.3532693602,5838.308025216778,-41684.045244143424,264.32789597503074,26.656023632642682,0.9943649964597698
1210000,2419.9999999565985,-47597.09694307303,5698.549525319635,-41898.5474177534,258.00036579627374,26.655969759674477,0.9943670061181812
1215000,2429.999999956362,-47788.48100697319,5966.224249895751,-41822.25675707744,270.1192701855764,26.808094887110194,0.9887243743623404
1220000,2439.9999999561255,-47847.98575562239,5605.683421119006,-42242.30233450338,253.79587678597716,27.005757667709165,0.9814876209452675
1225000,2449.999999955889,-47743.087668940716,5555.458572932761,-42187.62909600796,251.52195968715424,26.633065354913636,0.9952221605694413
1230000,2459.9999999556526,-47562.90534600394,5813.905816844774,-41748.99952915917,263.22309225993786,26.076383249411542,1.0164682959130245
1235000,2469.999999955416,-47596.26527712826,5868.70402441181,-41727.56125271645,265.70406702982586,27.102646155732227,0.9779789284338306
1240000,2479.9999999551796,-47773.27745106246,5580.235844915763,-42193.0416061467,252.6437443108809,26.483601105311223,1.0008388489052045
1245000,2489.999999954943,-47649.59895869187,5648.317574569611,-42001.28138412226,255.72612713070038,26.46849408652284,1.0014100824345897
1250000,2499.9999999547067,-47735.91720532894,5575.6944971113535,-42160.22270821758,252.43813595571262,26.116327312187252,1.0149136411204065
1255000,2509.9999999544702,-47678.60783965321,5527.3853212224,-42151.22251843081,250.25095042801166,26.76299463864906,0.9903905449663924
1260000,2519.9999999542338,-47429.06282106554,5796.781596394826,-41632.28122467072,262.4477975782943,26.436674922413204,1.0026153789345293
1265000,2529.9999999539973,-47600.84436705045,5794.441989068385,-41806.40237798206,262.34187245763695,26.309973127983888,1.0074437064670392
1270000,2539.999999953761,-47531.59208232869,5677.234665485824,-41854.35741684286,257.03534099310485,26.1644656691579,1.0130463652597639
1275000,2549.9999999535244,-47618.210556837614,5721.265066020558,-41896.94549081706,259.02880606586484,26.22160661612618,1.01083878013803
1280000,2559.999999953288,-47992.477202234906,5514.966763255573,-42477.510438979334,249.6887034064024,26.28410915287951,1.0084350468541745
1285000,2569.9999999530514,-47241.531760953716,5776.606072550566,-41464.92568840315,261.5343559193559,26.283364937489004,1.008463600765897
1290000,2579.999999952815,-47786.787767399626,5840.193781783547,-41946.59398561608,264.4132731191386,26.34482935522755,1.006110781273472
1295000,2589.9999999525785,-48092.47191423323,5804.570280496479,-42287.90163373675,262.8004282500766,26.24008308295235,1.0101270167976175
1300000,2599.999999952342,-47988.776261320105,5756.796885921862,-42231.979375398245,260.63750008373944,26.594709774153916,0.9966574958025667
1305000,2609.9999999521056,-48114.975681800104,5797.794991401362,-42317.180690398745,262.4936787768731,26.225409165520638,1.0106922137158612
1310000,2619.999999951869,-47953.693071896734,5637.07118782884,-42316.62188406789,255.216949860219,26.699430625145414,0.9927483929242004
1315000,2629.9999999516326,-47766.88893360819,5820.87477485419,-41946.014158754,263.5386100434825,26.31542942336887,1.00723482101213
1320000,2639.999999951396,-47898.56905313034,5849.987192107295,-42048.58186102305,264.85666725561026,26.328278186680688,1.0067432688596176
1325000,2649.9999999511597,-47951.8951582936,5859.341729392389,-42092.55342890121,265.28019152800374,26.65780172313776,0.9942986717505083
1330000,2659.999999950923,-47615.47866419144,5865.203407954982,-41750.275256236455,265.5455775190546,26.42275175231293,1.0031436957653013
1335000,2669.9999999506867,-47830.64626583259,5869.932524373117,-41960.713741459476,265.75968704997126,26.451197489876314,1.002064910492195
1340000,2679.9999999504503,-47690.24988473533,5860.986045594785,-41829.26383914054,265.3546375216408,26.633396399436293,0.9952097902791432
1345000,2689.999999950214,-47647.60698331834,5670.743546361852,-41976.86343695649,256.7414572423415,26.851767024660543,0.9871162974399957
1350000,2699.9999999499773,-47451.590498673904,5752.140519132564,-41699.44997954134,260.42668427357887,26.80027486439815,0.9890128731595574
1355000,2709.999999949741,-47714.157782886,5652.390382876065,-42061.767400009936,255.9105224804669,26.304435746143298,1.0076557847849108
1360000,2719.9999999495044,-47561.81017811323,5741.698685742859,-41820.11149237037,259.9539329493765,26.231552518040687,1.010455512569261
1365000,2729.999999949268,-47898.883087044815,5708.7865409213355,-42190.09654612348,258.4638440477421,26.53448724620142,0.9989195042349559
1370000,2739.9999999490315,-47715.64557127998,5762.295221100747,-41953.35035017923,260.88643579643616,26.54222044797888,0.9986284643010201
1375000,2749.999999948795,-47961.37838068546,5672.018399306982,-42289.35998137848,256.79917588192137,26.457262913785467,1.001835183460853
1380000,2759.9999999485585,-47690.784077114076,5531.9276858563535,-42158.85639125772,250.45660481987625,26.802158722205323,0.9889433578775308
1385000,2769.999999948322,-47944.25326637796,5646.739959638286,-42297.51330673967,255.65470101997533,26.802352164033845,0.9889362203319051
1390000,2779.9999999480856,-47913.35607919353,5771.646195549936,-42141.70988364359,261.3097987623493,26.406793815401397,1.0037499073304814
1395000,2789.999999947849,-47800.33659741044,5914.223933774054,-41886.112663636384,267.7649692320952,26.578001004643795,0.9972840636311626
1400000,2799.9999999476127,-47711.66964991926,5626.958747584995,-42084.710902334264,254.75911172607402,26.370275124607016,1.005139943358831
1405000,2809.999999947376,-47735.30102630443,5811.2380315150585,-41924.06299478937,263.10230896449144,26.607734441647292,0.9961696251604389
1410000,2819.9999999471397,-47712.33867689804,5746.651170788526,-41965.68750610952,260.1781554375211,25.98768169863418,1.0199377209740619
1415000,2829.9999999469032,-47614.84486651397,5786.947554055823,-41827.89731245815,262.0025638377704,26.294653593202824,1.0080306534996928
1420000,2839.999999946667,-47504.08538932819,5788.416858184897,-41715.668531143296,262.06908620474866,26.464872365754022,1.001547125517342
1425000,2849.9999999464303,-47588.16900404531,5782.283203844301,-41805.88580020101,261.7913865802196,26.02000200164684,1.0186708226781342
1430000,2859.999999946194,-47420.4494673615,5723.315775108726,-41697.13369225277,259.12165139300265,26.240159889949865,1.0101240600769423
1435000,2869.9999999459574,-47387.877116933,5886.469003220175,-41501.40811371282,266.5083718815353,26.62858056184326,0.9953897761672326
1440000,2879.999999945721,-47429.20502751437,5694.293192164036,-41734.911835350336,257.80766140610984,26.237823985779503,1.0102139895240563
1445000,2889.9999999454844,-47713.9101973942,5850.6212524321145,-41863.288944962085,264.88537417392575,26.3322339279662,1.006592031561505
1450000,2899.999999945248,-47777.236507018155,5727.245639321884,-42049.99086769627,259.2995749856676,26.662325761801643,0.9941299600756666
1455000,2909.9999999450115,-47596.325173052435,5630.795315376156,-41965.52985767628,254.9328113472011,26.39127473295663,1.0043401508000906
1460000,2919.999999944775,-47774.5829444651,5688.2152912491,-42086.367653216,257.5324860036044,26.34204932570618,1.0062169619900563
1465000,2929.9999999445386,-47367.3724662576,5776.956360386809,-41590.41610587079,261.55021511115257,26.53456465006715,0.998916590291117
1470000,2939.999999944302,-47488.19616322662,5844.300241689918,-41643.8959215367,264.59919203644625,26.614139619867416,0.9959298787670644
1475000,2949.9999999440656,-47717.41119894991,5800.628040439133,-41916.78315851078,262.6219443442453,26.09525716623517,1.0157331148819004
1480000,2959.999999943829,-47689.606723334524,5696.39501615392,-41993.211707180606,257.90282094729133,26.22885626773751,1.010559384463418
1485000,2969.9999999435927,-47783.321571369655,5526.97787908058,-42256.343692289076,250.232503589713,26.450844043611568,1.0020783004656517
1490000,2979.999999943356,-47462.0432657217,5835.253973612724,-41626.78929210898,264.1896245732458,26.965752218083505,0.9829437217527061
1495000,2989.9999999431197,-47443.24403222854,5632.054817925187,-41811.189214303355,254.9898350015411,26.435504294080708,1.0026597771785015
1500000,2999.9999999428833,-47534.54390186607,5739.272240099358,-41795.27166176671,259.8440762462231,26.526318091771902,0.9992271356093714
1505000,3009.999999942647,-47926.956874971336,5754.077558781238,-42172.8793161901,260.5143832460453,26.183103785976776,1.0123252408028245
1510000,3019.9999999424103,-47986.401372048655,5762.952949948265,-42223.44842210039,260.9162143010364,26.305140413047255,1.0076287915177786
1515000,3029.999999942174,-47749.91735472978,5776.682350424044,-41973.23500430574,261.53780938048175,26.759254922095252,0.9905289561413871
1520000,3039.9999999419374,-47445.4194813802,5590.118297857682,-41855.30118352252,253.0911698290151,26.71029128430973,0.9923447319600908
1525000,3049.999999941701,-48023.09574647737,5690.429270233711,-42332.666476243656,257.6327233333595,26.314246973581245,1.007280081839901
1530000,3059.9999999414645,-48052.56858826976,5877.632137357583,-42174.93645091217,266.1082850498054,26.51446689578924,0.9996737610935588
1535000,3069.999999941228,-47795.07767546014,5710.730743741693,-42084.34693171845,258.5518673309662,26.56154605432547,0.9979018838320931
1540000,3079.9999999409915,-48036.58382145496,5629.479990376758,-42407.1038310782,254.8732603457615,26.394265221550032,1.004226358362997
1545000,3089.999999940755,-47960.464297247876,5910.316736487592,-42050.147560760284,267.5880718787132,26.701903257510143,0.9926564630799977
1550000,3099.9999999405186,-47879.343012434314,5744.284706557635,-42135.05830587668,260.0710143774144,26.564733247403506,0.9977821572025393
1555000,3109.999999940282,-47617.58211837616,5618.964696920875,-41998.61742145528,254.3971831359349,26.582654990276534,0.9971094630991391
1560000,3119.9999999400457,-47648.02830665599,5528.4313560819255,-42119.596950574065,250.29830938754932,26.32877541153896,1.0067242562860608
1565000,3129.999999939809,-47627.1872376448,5755.498141175274,-41871.68909646953,260.5786997489864,26.13185971054114,1.0143103911740465
1570000,3139.9999999395727,-47713.92688063695,5772.547937366985,-41941.37894326996,261.3506248914579,26.27109046263404,1.0089347788133922
1575000,3149.9999999393362,-47737.800769398804,5787.965399120799,-41949.83537027801,262.0486465116019,26.690690414052362,0.993073481199619
1580000,3159.9999999391,-48197.123988844105,5737.877839003626,-42459.24614984048,259.78094509483674,26.46322897247993,1.0016093226064229
1585000,3169.9999999388633,-47418.18914744933,5719.37606063388,-41698.813086815455,258.9432818322702,26.570191366652455,0.9975771901428996
1590000,3179.999999938627,-47719.660753293836,5888.481640409728,-41831.17911288411,266.599493513244,26.282585625201826,1.0084935030017903
1595000,3189.9999999383904,-48059.48879645986,5745.785298298204,-42313.70349816166,260.13895328296525,26.063903241870747,1.0169550047486218
1600000,3199.999999938154,-47808.17685493821,5774.678907527602,-42033.49794741061,261.44710401803167,26.520872159047627,0.999432322064936
1605000,3209.9999999379174,-47806.69110639818,5828.707708346501,-41977.983398051685,263.8932440950591,26.82800121212912,0.9879907427885767
1610000,3219.999999937681,-47665.40055001434,5735.271954906399,-41930.12859510794,259.66296436178874,26.65728428089842,0.9943179719960195
1615000,3229.9999999374445,-47581.1266666273,5739.5471367835635,-41841.57952984374,259.8565221229793,25.977433682105403,1.0203400832224188
1620000,3239.999999937208,-47308.069616388704,5931.871859206698,-41376.197757182,268.56397452229004,26.75974366622067,0.9905108649662844
1625000,3249.9999999369716,-47739.51220540528,5775.461437787513,-41964.050767617766,261.4825328745164,26.78729961793806,0.9894919317419633
1630000,3259.999999936735,-47786.3144809042,5850.733470216857,-41935.58101068734,264.89045480530115,26.553142105376775,0.9982177152487385
1635000,3269.9999999364986,-47600.871967169514,5728.729763862955,-41872.14220330656,259.3667683429917,26.761192673215557,0.9904572329331618
1640000,3279.999999936262,-47487.69450122927,5786.90802201204,-41700.78647921723,262.00077403464394,26.636672559176738,0.9950873851160749
1645000,3289.9999999360257,-47466.205980603,5736.979509562127,-41729.22647104088,259.74027346015447,26.720848428931518,0.991952666308514
1650000,3299.999999935789,-47667.84817442502,5667.104652928667,-42000.74352149635,256.57670727698905,26.190891552114817,1.0120242295823656
1655000,3309.9999999355528,-47583.115539516206,5631.548328531266,-41951.56721098494,254.9669038243489,26.473254121898727,1.0012300234438736
1660000,3319.9999999353163,-47754.10862584604,5792.354768974923,-41961.75385687112,262.2473741041142,26.937617543576195,0.9839703456412432
1665000,3329.99999993508,-48026.06555709953,5824.395215997474,-42201.67034110206,263.6979971118401,26.542316215070013,0.9986248611586881
1670000,3339.9999999348433,-48016.214385113155,5709.8295836374455,-42306.38480147571,258.5110675387553,26.433084748993938,1.0027515553633262
1675000,3349.999999934607,-47548.09936098941,5604.822918803025,-41943.27644218638,253.75691776468489,26.223016718249625,1.01078442384769
1680000,3359.9999999343704,-47674.004887630115,5849.978977967697,-41824.02590966242,264.85629536255016,26.204093878275497,1.0115143445993733
1685000,3369.999999934134,-47742.01433331444,5956.584549817127,-41785.42978349731,269.68283524096444,26.201087022910887,1.011630426704317
1690000,3379.9999999338975,-47606.17462792096,5593.63281207736,-42012.5418158436,253.2502885574291,26.314534924530122,1.0072690595187321
1695000,3389.999999933661,-47831.255915924674,5820.965216372129,-42010.29069955254,263.54270475997265,26.240908408342264,1.0100952464236264
1700000,3399.9999999334245,-47513.411588899384,5584.4523864321,-41928.95920246728,252.83464714479965,26.307813872193197,1.0075263940163564
1705000,3409.999999933188,-47727.81219791074,5741.627442852587,-41986.18475505815,259.95070744582176,26.544310594328305,0.998549830515009
1710000,3419.9999999329516,-47697.665965312684,5673.179420619701,-42024.48654469298,256.85174082358725,26.775249049397008,0.9899372661746058
1715000,3429.999999932715,-47882.27951410622,5659.138163081483,-42223.14135102474,256.2160264957563,26.469519744351366,1.0013712791581972
1720000,3439.9999999324787,-47880.382739413006,5680.025059950783,-42200.35767946222,257.161675385651,26.58801433523546,0.9969084757855632
1725000,3449.999999932242,-47735.48086059949,5614.873293729926,-42120.60756686956,254.21194590754993,26.321188279816436,1.0070144464347541
1730000,3459.9999999320057,-47785.755884574086,5619.852575290576,-42165.90330928351,254.43738160102635,26.43670273665275,1.0026143240758885
1735000,3469.9999999317693,-47705.21443918772,5781.679886202162,-41923.53455298556,261.76407152896456,26.698413300488188,0.9927862209182154
1740000,3479.999999931533,-47633.876079201524,6003.107964256762,-41630.76811494476,271.7891708778113,26.116902792436157,1.0148912777199894
1745000,3489.9999999312963,-48109.13186840661,5809.330055219829,-42299.80181318678,263.0159258278858,26.066895049699646,1.0168382845201849
1750000,3499.99999993106,-47917.69417720591,5623.971320828081,-42293.722856377826,254.6238567471274,26.42577902816423,1.0030287779540863
1755000,3509.9999999308234,-47467.20530443231,5793.358914019811,-41673.8463904125,262.29283651305576,26.572190590003217,0.997502134998087
1760000,3519.999999930587,-47329.50710502907,5819.593896860778,-41509.91320816829,263.4806186213895,26.62498169258085,0.9955243218999181
1765000,3529.9999999303504,-47375.84606173495,5668.127740404549,-41707.7183213304,256.6230272996275,26.740184589733,0.9912353729705103
1770000,3539.999999930114,-47827.10180738027,5648.541342330711,-42178.56046504956,255.73625815859802,26.67496949088358,0.9936587501688764
1775000,3549.9999999298775,-47832.38453040051,5710.69940911175,-42121.685121288756,258.5504486636455,26.467105526383207,1.0014626200315893
1780000,3559.999999929641,-47986.84127617773,5600.838212325303,-42386.003063852426,253.5765112025808,26.496540794478395,1.0003500853450207
1785000,3569.9999999294046,-47711.05861372175,5776.493614943216,-41934.56499877853,261.5292644300736,26.325770479592173,1.0068391679419861
1790000,3579.999999929168,-47661.56010559166,5677.538863863113,-41984.02124172855,257.0491134964878,26.433842501462497,1.0027228104895385
1795000,3589.9999999289316,-47926.16038942506,5686.833859175173,-42239.326530249884,257.46994202134846,26.56141620108091,0.9979067623670472
1800000,3599.999999928695,-47861.78888685565,5717.108423251561,-42144.68046360408,258.8406151323438,26.520264668080262,0.9994552157319392
1805000,3609.9999999284587,-47541.603067300806,5808.745140255005,-41732.8579270458,262.98944395311855,26.499323485100888,1.0002450387085182
1810000,3619.999999928222,-47876.92123433575,5722.502964317693,-42154.41827001805,259.08485159325045,26.382430961773895,1.0046768200970246
1815000,3629.9999999279858,-47538.212877663784,5707.555413826563,-41830.65746383722,258.40810508480394,26.3516219471066,1.0058514386062152
1820000,3639.9999999277493,-47804.52391044563,5756.664534212964,-42047.85937623266,260.6315078941204,26.78939159695323,0.9894146624859822
1825000,3649.999999927513,-47527.73537386308,5818.712836821951,-41709.02253704113,263.44072885447673,26.327502270321528,1.0067729392994402
1830000,3659.9999999272763,-47894.709461140155,5741.493923436643,-42153.21553770351,259.94466238856614,26.734413125111246,0.9914493623279785
1835000,3669.99999992704,-47611.43395311467,5884.80746339538,-41726.62648971929,266.43314609281884,27.086551582634783,0.9785600342753558
1840000,3679.9999999268034,-47307.139839200594,5610.754494180508,-41696.385345020084,254.02546831607336,26.739688949281984,0.9912537462712715
1845000,3689.999999926567,-47350.945312345226,5661.70418673874,-41689.24112560649,256.3322025576248,26.48752780775889,1.0006904773249559
1850000,3699.9999999263305,-47543.42617312097,5929.157091662369,-41614.2690814586,268.44106411914674,26.618381908628265,0.9957711530358841
1855000,3709.999999926094,-47629.413758481096,5784.869142247037,-41844.54461623406,261.90846427707356,26.480718885111617,1.0009477824262083
1860000,3719.9999999258575,-47568.09877843765,5605.990551665269,-41962.10822677238,253.80978204255712,25.801990253816246,1.0272779961686846
1865000,3729.999999925621,-47646.32432046253,5943.9168194066115,-41702.40750105592,269.10930700097987,26.25699806396614,1.009476284399762
1870000,3739.9999999253846,-47678.85353841662,5717.166522737652,-41961.68701567897,258.84324557165075,26.67137736684408,0.9937925769838342
1875000,3749.999999925148,-47678.295228042756,5758.510776171698,-41919.784451871055,260.71509602450084,26.933358028289124,0.9841259607236581
1880000,3759.9999999249117,-47830.11756307236,5704.099456421087,-42126.018106651274,258.2516375011096,26.649756902468305,0.9945988228751653
1885000,3769.999999924675,-47546.514977266255,5603.896801135672,-41942.618176130585,253.71498802521603,26.628245697914867,0.9954022937072354
1890000,3779.9999999244387,-47852.75184405944,5615.748700889853,-42237.00314316959,254.25157974182272,26.48009800862621,1.0009712515591784
1895000,3789.9999999242023,-47704.26891641697,5579.0472139070425,-42125.22170250993,252.58992934732143,26.60135770162329,0.9964084217959607
1900000,3799.999999923966,-47579.85704422655,5645.484601254409,-41934.37244297214,255.59786499164804,26.364858386279753,1.0053464523404338
1905000,3809.9999999237293,-47605.8557738752,5629.100725596263,-41976.75504827894,254.8560892302581,26.37508667131224,1.0049565779791063
1910000,3819.999999923493,-48036.63132627407,5924.589518544868,-42112.041807729205,268.2342684196656,26.187017795900125,1.012173934874481
1915000,3829.9999999232564,-48057.183871551184,5749.494806902063,-42307.68906464912,260.3069003320288,26.379432749904254,1.0047910088286673
1920000,3839.99999992302,-47687.953631852,5711.352962124436,-41976.60066972756,258.5800381083965,26.337465977456443,1.006392067778728
1925000,3849.9999999227834,-47734.54664952209,5566.320684676208,-42168.225964845886,252.0137390058524,26.384169311418624,1.004610625873789
1930000,3859.999999922547,-47741.55115710717,5673.339924814141,-42068.211232293026,256.8590076097569,26.415970160650552,1.0034012259972784
1935000,3869.9999999223105,-48030.88552847225,5908.627090497443,-42122.25843797481,267.5115735905808,26.24418397578748,1.0099691752488165
1940000,3879.999999922074,-47732.50966615183,5851.388007107473,-41881.12165904436,264.92008879487264,26.206068532096033,1.0114381259684615
1945000,3889.9999999218376,-47547.50602846022,5651.454241652793,-41896.05178680743,255.86813892707877,26.455081129953847,1.0019178060691332
1950000,3899.999999921601,-47754.37941838516,5717.851413441256,-42036.5280049439,258.8742538223074,26.816872469525425,0.9884007493873633
1955000,3909.9999999213646,-47414.880392234074,5848.355617379434,-41566.52477485464,264.78279812895937,26.428733769845724,1.002916638985804
1960000,3919.999999921128,-47538.05418501567,5566.530589563288,-41971.52359545238,252.02324239569018,26.679740026194438,0.9934810766177109
1965000,3929.9999999208917,-47822.12015574699,5795.3057654670665,-42026.81439027992,262.38097971218235,26.254913790167503,1.0095564227306946
1970000,3939.9999999206552,-47788.27078960015,5858.28441788897,-41929.98637171118,265.2323220213107,26.372666580563507,1.0050487979338012
1975000,3949.9999999204188,-47726.68303724553,5760.008240276792,-41966.674796968735,260.78289332715906,26.82133771969253,0.9882361991826907
1980000,3959.9999999201823,-47715.24824904505,5646.1741519616035,-42069.074097083445,255.62908422277002,26.584745869395178,0.9970310408578417
1985000,3969.999999919946,-47881.58597018343,5728.809265574936,-42152.77670460849,259.3703677625776,26.22644496724265,1.0106522968786116
1990000,3979.9999999197094,-47519.769658840785,5643.675583541446,-41876.09407529934,255.51596217943197,26.561758589405052,0.9978938990762803
1995000,3989.999999919473,-47578.15286675375,5751.228324622719,-41826.92454213103,260.3853849014892,26.618023984713304,0.9957845428468521
2000000,3999.9999999192364,-47598.84824867337,5788.215728990336,-41810.63251968304,262.05998013213514,26.37214067210792,1.005068840435003
2005000,4009.999999919,-47970.1650262397,5816.442349459057,-42153.72267678064,263.337933122412,26.079097425403468,1.016362507211816
2010000,4019.9999999187635,-47819.074221105955,5735.434232900088,-42083.63998820587,259.67031145626373,26.69514612599445,0.9929077263710571
2015000,4029.999999918527,-47746.8284792591,5759.646328593428,-41987.18215066567,260.76650786867015,26.271880161812263,1.0089044515219763
2020000,4039.9999999182905,-47766.94721959147,5852.023625350875,-41914.923594240594,264.94886624755173,26.637164210146345,0.9950690184583527
2025000,4049.999999918054,-47940.42438657617,5825.109219699365,-42115.315166876804,263.73032344601506,26.46931407827888,1.0013790597941998
2030000,4059.9999999178176,-47730.13054122712,5780.466544713569,-41949.66399651355,261.7091378047771,26.600848396879375,0.9964274992151665
2035000,4069.999999917581,-47828.23997868324,5513.375950961154,-42314.864027722084,249.6166797884537,26.371733044611982,1.0050843757695211
2040000,4079.9999999173447,-47818.91237457137,5686.215453486455,-42132.69692108492,257.44194386266076,26.631508936190343,0.9952803240932678
2045000,4089.999999917108,-47681.89203636575,5812.224754152894,-41869.66728221286,263.1469825784295,26.36393935403043,1.0053814981580955
2050000,4099.999999917781,-47756.01222801505,5896.13661569059,-41859.87561232447,266.9460705525149,26.669798613017274,0.9938514058432766
2055000,4109.999999919818,-47778.37057139509,5981.974448756051,-41796.39612263904,270.832356392736,26.491629585839032,1.0005355374315228
2060000,4119.999999921855,-47885.0470507241,6120.1330970424615,-41764.91395368164,277.08745370082045,26.54142242808425,0.9986584900234177
2065000,4129.999999923893,-47862.5479715516,5887.333447361944,-41975.21452418965,266.54750936797745,26.563357539008663,0.9978338320440148
2070000,4139.99999992593,-47796.47108648531,5831.656917547943,-41964.814168937366,264.02676878399984,26.17523323856216,1.012629633651367
2075000,4149.999999927967,-47415.67464359786,5792.617099739327,-41623.05754385853,262.2592510620796,26.228786218419568,1.0105620833681646
2080000,4159.999999930004,-47634.24326264486,5676.716862418791,-41957.52640022607,257.011897592269,26.771247398903366,0.9900852377237395
2085000,4169.999999932042,-47861.518424026726,5926.672271890729,-41934.846152136,268.3285645423382,26.562352000489366,0.9978716058207482
2090000,4179.999999934079,-47883.021235875494,5794.82094859376,-42088.20028728173,262.3590297527932,26.140351852007623,1.0139808750534702
2095000,4189.999999936116,-47752.88800273533,5778.52665793011,-41974.36134480522,261.6213099290146,26.404487516874152,1.00383757981159
2100000,4199.999999938153,-47647.6567567914,5709.099240352625,-41938.55751643878,258.47800143416094,26.7706934852136,0.990105723624395
2105000,4209.999999940191,-47621.6924219834,5746.433061569864,-41875.25936041354,260.1682805986787,26.49235775460908,1.0005080367183576
2110000,4219.999999942228,-47682.32321516727,5538.247791831569,-42144.0754233357,250.74274599426317,26.807222816529215,0.9887565387325731
2115000,4229.999999944265,-47915.960723520024,5952.398774057572,-41963.561949462455,269.4933253187802,26.654235655309797,0.9944316988817518
2120000,4239.9999999463025,-47899.31139831967,5771.591406080233,-42127.719992239436,261.30731818318395,26.153346665943584,1.0134770583536707
2125000,4249.99999994834,-47500.946650988364,5810.382929927239,-41690.563721061124,263.0635944597793,26.35987354505897,1.0055365705679824
2130000,4259.999999950377,-47857.005911459506,5857.247498675955,-41999.75841278355,265.18537577032697,26.26183229678826,1.0092904617453469
2135000,4269.999999952414,-47579.00004613452,5958.4425546805005,-41620.55749145402,269.76695593383056,26.41192364746795,1.0035549549093647
2140000,4279.999999954452,-47672.49828959699,5967.274481271764,-41705.22380832522,270.16681914131993,26.298246773818327,1.0078929243105519
2145000,4289.999999956489,-47882.67538482236,5687.085587764233,-42195.58979705813,257.4813389685489,26.712494272030924,0.9922628929810182
2150000,4299.999999958526,-47829.55083524861,5639.862345468648,-42189.68848977996,255.3433188053103,26.803402571756056,0.9888974645717051
2155000,4309.999999960563,-47986.00995815499,5671.5350520887805,-42314.47490606621,256.7772924607896,26.457668149580513,1.00181983896886
2160000,4319.999999962601,-47865.27981865022,5642.9436263250855,-42222.336192325136,255.4828230045017,26.3687846506217,1.0051967580720242
2165000,4329.999999964638,-47723.890022439824,5750.705734317612,-41973.18428812221,260.3617247596794,26.509150262531705,0.9998742540822921
2170000,4339.999999966675,-47531.38643241342,5761.454579499336,-41769.93185291408,260.8483759638939,26.52152068758385,0.999407883029614
2175000,4349.9999999687125,-47525.84420888126,5701.793745222889,-41824.05046365837,258.14724701895045,26.960489417217993,0.9831355964991001
2180000,4359.99999997075,-47485.6362975933,5877.552900361257,-41608.08339723204,266.1046976151528,27.007192335361502,0.9814354826658249
2185000,4369.999999972787,-47552.18417335895,5682.296969096549,-41869.887204262406,257.26453548857006,26.292204554598083,1.0081245484783377
2190000,4379.999999974824,-47673.809633635916,5644.609833427727,-42029.19980020819,255.55826010302363,26.615652842259912,0.9958732555685716
2195000,4389.999999976862,-47801.04238902556,5690.998604024541,-42110.04378500102,257.6584997744769,26.514015998813132,0.9996907615312137
2200000,4399.999999978899,-47766.65990759578,5723.08464464602,-42043.57526294976,259.11118702068126,26.491405488075618,1.0005440012246671
2205000,4409.999999980936,-47985.164721184934,5732.240620039272,-42252.92410114566,259.5257214544323,26.313980723836163,1.0072902736868827
2210000,4419.999999982973,-47859.18761213252,5680.070619782154,-42179.11699235036,257.16373809531194,26.164354707198264,1.013050661548021
2215000,4429.999999985011,-47489.71647071309,5730.9964781009385,-41758.71999261215,259.46939324779544,26.90829602895568,0.9850425614680955
2220000,4439.999999987048,-47775.674863961176,5799.427327689817,-41976.24753627136,262.5675823829842,26.71864468306642,0.9920344822693412
2225000,4449.999999989085,-47689.817125081376,5851.511267462536,-41838.30585761884,264.92566937578243,26.277992486356123,1.008669777908889
2230000,4459.999999991122,-47795.79716820328,5879.354231531767,-41916.44293667151,266.18625242113404,26.65147461697219,0.9945347199747383
2235000,4469.99999999316,-47594.95953130716,5608.608792075533,-41986.35073923163,253.9283222045034,26.988467428925606,0.9821164137944332
2240000,4479.999999995197,-47921.008751594636,5793.41004458203,-42127.59870701261,262.2951514361247,26.267917849495277,1.0090566369581357
2245000,4489.999999997234,-47469.72964318341,5676.166551196127,-41793.563091987286,256.98698239303843,26.21524915714596,1.0110839186084608
2250000,4499.9999999992715,-47787.75975926878,5473.274953682305,-42314.48480558648,247.80111743863662,26.36665500584837,1.0052779481972607
2255000,4510.000000001309,-47790.08806111099,5805.299701050177,-41984.78836006081,262.83345257825647,25.96065469811689,1.0209995531055285
2260000,4520.000000003346,-47552.16268698353,5901.07233038185,-41651.09035660168,267.16953376717214,26.428152138497857,1.002938711197038
2265000,4530.000000005383,-47868.400527692866,5789.001682850259,-42079.39884484261,262.09556399123096,26.406068863109383,1.0037774642833814
2270000,4540.000000007421,-47761.920303684834,5731.673232317799,-42030.247071367034,259.5000331211051,26.56407606805693,0.9978068417360578
2275000,4550.000000009458,-47859.62478804652,5715.93126735379,-42143.69352069273,258.78731970148465,26.795878814308402,0.9891751275927838
2280000,4560.000000011495,-47865.29161653289,5809.652844435724,-42055.63877209717,263.0305400267106,26.641815157949537,0.9948953060428138
2285000,4570.000000013532,-47885.298784032,5685.632183154787,-42199.666600877215,257.4155364482372,26.529243629569116,0.9991169448781902
2290000,4580.00000001557,-47835.02863062569,5667.739883319275,-42167.28874730642,256.60546716973255,26.962407108006172,0.98306567135965
2295000,4590.000000017607,-47872.457271736115,5832.809982057242,-42039.64728967888,264.07897348343505,26.442499462654144,1.0023945309156408
2300000,4600.000000019644,-47893.070638214645,5814.447132778181,-42078.623505436466,263.24760019975827,26.472964543793452,1.0012409755339826
2305000,4610.000000021681,-47778.20997903519,5935.853968326983,-41842.35601070821,268.7442634897034,26.50791856670175,0.9999207134429594
2310000,4620.000000023719,-47639.98693498026,5552.094954174281,-42087.89198080598,251.3696727119808,26.231411635201894,1.010460939491878
2315000,4630.000000025756,-47812.86339318927,5659.341460195752,-42153.52193299352,256.2252307203776,26.623029407925745,0.9955973243681064
2320000,4640.000000027793,-47916.610505307035,5816.719042700582,-42099.89146260645,263.35046033783925,26.055878814258172,1.0172681963273447
2325000,4650.0000000298305,-47792.63983028609,5821.507891174228,-41971.13193911186,263.56727422222406,26.215111254188585,1.01108923735234
2330000,4660.000000031868,-47657.40102095535,5808.813843011791,-41848.58717794356,262.99255445278226,26.2212088159149,1.0108541155057902
2335000,4670.000000033905,-47786.38702376111,5827.3486124547635,-41959.03841130635,263.83171137771365,26.2259558687908,1.010671144941814
2340000,4680.000000035942,-47715.38292766578,5784.540054243122,-41930.842873422655,261.89356490223923,26.185214060895316,1.0122436571823852
2345000,4690.00000003798,-47307.78850610554,5819.672045985372,-41488.11646012017,263.4841568029289,26.90661630607534,0.9851040555820261
2350000,4700.000000040017,-47680.32599180483,5680.169188666183,-42000.15680313864,257.16820077621395,26.438946378814247,1.0025292409664108
2355000,4710.000000042054,-47763.52565183304,5690.170873469464,-42073.35477836358,257.6210244862405,26.319651008066177,1.0070732638886835
2360000,4720.000000044091,-47649.76840377686,5831.1199358419,-41818.64846793497,264.00245707520986,26.404762333647533,1.0038271320218617
2365000,4730.000000046129,-47762.79559429927,5836.928447150085,-41925.86714714918,264.26543593247607,26.337541027112195,1.0063892000327161
2370000,4740.000000048166,-47748.40714213194,5825.067226867115,-41923.33991526482,263.7284222313229,26.498109816115353,1.0002908520284055
2375000,4750.000000050203,-47634.40386878158,5722.815049808169,-41911.58881897341,259.0989811836567,26.647121731550776,0.9946971801356249
2380000,4760.0000000522405,-47486.63645907107,5669.593179033507,-41817.043280037564,256.6893746570811,26.19005562746387,1.0120565310029084
2385000,4770.000000054278,-47939.54389175889,5700.784133806075,-42238.759757952816,258.10153712142437,26.45640554247257,1.0018676498798142
2390000,4780.000000056315,-47569.92701049568,5668.504811247127,-41901.422199248555,256.6400990851554,26.43551955558285,1.0026591983325173
2395000,4790.000000058352,-47609.86742041883,5534.327895896933,-42075.5395245219,250.5652737128473,26.456529436983626,1.001862958187243
2400000,4800.0000000603895,-47762.80311924609,5849.22815808325,-41913.57496116284,264.8223021851681,26.256099910313775,1.0095108159872752
2405000,4810.000000062427,-47568.77479415783,5697.95932044398,-41870.81547371385,257.9736444221526,26.408994256776378,1.003666273216863
2410000,4820.000000064464,-47774.88514538668,5738.75795928536,-42036.12718610132,259.8207923144886,26.62899245873712,0.9953743794916875
2415000,4830.000000066501,-47768.34165092249,5688.744710908304,-42079.59694001419,257.5564553426665,26.375178057792898,1.004953095938353
2420000,4840.000000068539,-47640.17207297491,5938.17217535435,-41701.99989762055,268.849219717318,26.711466552253043,0.9923010701510355
2425000,4850.000000070576,-47276.950473663455,5743.566205243317,-41533.38426842014,260.0384844149923,26.050029383764315,1.0174966198550255
2430000,4860.000000072613,-47665.860966060194,5721.422099021461,-41944.438867038734,259.03591569463885,26.11001686459691,1.0151589323959438
2435000,4870.00000007465,-47706.630816886434,5483.060801373016,-42223.57001551342,248.24416917884037,26.101690735790086,1.015482756017796
2440000,4880.000000076688,-47786.18480168015,5754.079042648964,-42032.10575903119,260.51445042777544,26.609462968919733,0.9961049148591797
2445000,4890.000000078725,-47618.62871448742,5637.675808531409,-41980.952905956015,255.24432390720014,26.299906940537333,1.0078293016409718
2450000,4900.000000080762,-47583.81205962063,5605.705997761457,-41978.10606185917,253.79689893766417,26.672110328386534,0.9937652671185426
2455000,4910.0000000827995,-47768.74009076081,5690.900777992368,-42077.83931276844,257.65407072600186,26.454058446404222,1.001956539062047
2460000,4920.000000084837,-47668.62619038194,5573.218017285781,-42095.40817309616,252.32601396781973,26.36158712446529,1.0054712077826733
2465000,4930.000000086874,-47789.750454204855,5700.161933634182,-42089.58852057067,258.0733671684857,26.254896757721266,1.0095570776643494
2470000,4940.000000088911,-47779.945078768884,5865.546215619002,-41914.39886314988,265.56109804797546,26.532587769707156,0.9989910172036277
2475000,4950.000000090949,-47560.99055694387,5590.008886511,-41970.98167043287,253.08621625840195,26.379722499457177,1.004779972406825
2480000,4960.000000092986,-47775.48547797388,5692.345567490054,-42083.13991048383,257.7194831993419,26.538153293482505,0.9987815109807902
2485000,4970.000000095023,-47806.06576236145,5855.367191330055,-41950.6985710314,265.10024533829403,26.554918248108212,0.9981509488168947
2490000,4980.00000009706,-47713.70990299259,5644.400435757059,-42069.30946723553,255.54877967727862,26.461067530499367,1.0016911379162363
2495000,4990.000000099098,-47621.691009559436,5938.158328012591,-41683.53268154684,268.8485927824772,26.405498202262905,1.0037991573600678
2500000,5000.000000101135,-47415.70132742642,5723.305543108303,-41692.39578431811,259.1211881418121,26.192746636715118,1.0119525536107898
2505000,5010.000000103172,-47991.47742557648,5847.430566857653,-42144.04685871882,264.74091670423206,26.565168972486134,0.9977657914601138
2510000,5020.000000105209,-47778.1593887863,5777.5818522858735,-42000.57753650042,261.57853409619327,26.910083396617665,0.9849771349439894
2515000,5030.000000107247,-47825.53716428857,5529.850757859172,-42295.6864064294,250.36257243836852,26.862454096591012,0.9867235789327237
2520000,5040.000000109284,-47385.12873795669,5787.530882120362,-41597.59785583633,262.02897386603485,26.677795005449035,0.9935535091895855
2525000,5050.000000111321,-47998.07409657957,5834.931195104255,-42163.142901475316,264.17501085919696,26.838223491565753,0.9876144318357758
2530000,5060.0000001133585,-47968.42984472355,5663.86694108466,-42304.562903638885,256.4301207050228,26.674524280381235,0.9936753348062131
2535000,5070.000000115396,-47621.31359106564,5583.296983676847,-42038.016607388796,252.7823365818796,26.711216308895107,0.9923103664986449
2540000,5080.000000117433,-48021.86920842435,5795.512845508651,-42226.3563629157,262.390355207866,26.285492191132416,1.0083819870052193
2545000,5090.00000011947,-47821.56011249428,5718.683070732493,-42102.877041761785,258.9119068925147,26.299096959286366,1.0078603415979621
2550000,5100.000000121508,-47696.04763374891,6098.934090281635,-41597.113543467276,276.1276741157682,26.55699932680097,0.9980727309939329
2555000,5110.000000123545,-47730.48628352943,5838.578279007897,-41891.90800452154,264.34013164599526,26.42249126836364,1.0031535851746278
2560000,5120.000000125582,-47511.46650989744,5772.871710560168,-41738.59479933727,261.36528363960167,26.29090348038351,1.008174438161896
2565000,5130.000000127619,-47490.28443760524,5914.30484991979,-41575.97958768545,267.768632689806,26.46282123674247,1.0016247552737165
2570000,5140.000000129657,-47774.868571527884,5654.349357357016,-42120.51921417087,255.99921454682962,26.564484188865165,0.9977915120299805
2575000,5150.000000131694,-47651.76714459428,5630.670481237454,-42021.09666335683,254.9271595136413,26.76968196212944,0.9901431359028308
2580000,5160.000000133731,-47677.90051074792,5607.859804489124,-42070.04070625879,253.89441198394437,26.4011971619221,1.003962687091064
2585000,5170.0000001357685,-47448.640647890745,5834.890531053281,-41613.750116837466,264.1731698047358,26.588636820817126,0.9968851364486653
2590000,5180.000000137806,-47309.65618058981,5666.762614532795,-41642.89356605701,256.56122157648593,26.092922972657924,1.0158239792789416
2595000,5190.000000139843,-47430.56841818208,5805.229949818213,-41625.33846836387,262.83029460914844,26.01798073305119,1.0187499605391508
2600000,5200.00000014188,-47429.99611575104,5626.7789696193495,-41803.21714613169,254.75097232486453,26.62004216770022,0.9957090480219251
2605000,5210.0000001439175,-47762.81150350778,5761.303945869557,-42001.50755763822,260.84155606500354,26.450414718567867,1.0020945655153575
2610000,5220.000000145955,-47705.58799256262,5644.932959676916,-42060.655032885705,255.57288956094425,26.505815278517478,1.0000000591035132
2615000,5230.000000147992,-47745.02950518712,5678.574999309398,-42066.45450587772,257.09602426263416,26.686011573370696,0.9932475961133801
2620000,5240.000000150029,-47721.13870515581,5868.577528477159,-41852.56117667865,265.6983399588815,26.381140043454185,1.0047259823284642
2625000,5250.000000152067,-47646.7967535911,5650.258700473383,-41996.53805311772,255.81401110731667,26.353918335708425,1.0057637922171916
2630000,5260.000000154104,-47404.58051131951,5698.530922308059,-41706.04958901145,257.9995235497038,26.395092583514355,1.0041948805915188
2635000,5270.000000156141,-47723.87000970222,5629.48232099114,-42094.38768871108,254.87336586372894,26.4863403250579,1.0007353420596186
2640000,5280.000000158178,-47625.72893408913,5795.128200476294,-41830.60073361284,262.3729405028417,26.4331846202078,1.0027477667159694
2645000,5290.000000160216,-47660.35793503019,5774.88904882739,-41885.4688862028,261.4566181113941,26.346972421178872,1.0060289440997678
2650000,5300.000000162253,-47739.81232437509,5633.646941543191,-42106.165382831896,255.0619179893282,26.604873902078744,0.9962767327017207
2655000,5310.00000016429,-47685.33310108073,5757.670340823906,-41927.662760256826,260.6770455300382,26.613918593652024,0.9959381498756998
2660000,5320.0000001663275,-47634.47156012023,5731.729785736314,-41902.74177438392,259.5025935625997,26.54772456970227,0.998421419339049
2665000,5330.000000168365,-47896.16901754134,5839.153363297903,-42057.015654243434,264.36616843948553,26.560244123213458,0.9979507990266699
2670000,5340.000000170402,-47888.640729092294,5683.901256217859,-42204.73947287443,257.3371691758445,26.861087771203668,0.9867737699558
2675000,5350.000000172439,-47335.78642975504,5773.124706156163,-41562.66172359888,261.3767379502155,26.520830142967043,0.999433905432755
2680000,5360.000000174477,-47450.77569035237,5788.398172017376,-41662.37751833499,262.06824019331464,26.451901813654793,1.0020382289269523
2685000,5370.000000176514,-47689.4467963943,5792.015074984128,-41897.431721410176,262.2319945459486,26.52417012651953,0.9993080544526861
2690000,5380.000000178551,-47665.42701903096,5635.291022792877,-42030.13599623808,255.13635334554175,26.553787261301828,0.9981934623590416
2695000,5390.000000180588,-47479.28466576937,5907.912644720815,-41571.37202104856,267.47922724158576,26.300944844670482,1.0077895300584732
2700000,5400.000000182626,-47592.3656669248,5691.757852817493,-41900.60781410731,257.69287456852607,26.22872062892224,1.01056461045517
2705000,5410.000000184663,-47745.2936386161,5560.117482559531,-42185.17615605657,251.7328906236281,26.256619575089722,1.0094908359890693
2710000,5420.0000001867,-47540.08074932627,5662.9240508535,-41877.15669847277,256.38743159203636,26.475838015113293,1.0011323090122353
2715000,5430.000000188737,-47572.0528160329,5652.252009017495,-41919.8008070154,255.90425763956853,26.41843155505547,1.0033077395176435
2720000,5440.000000190775,-47689.27657136874,5713.393059109405,-41975.88351225934,258.6724029752882,26.44429109159932,1.002326617616326
2725000,5450.000000192812,-47855.99613046332,5732.391041232006,-42123.605089231314,259.53253173529,26.667317543465757,0.9939438716286992
2730000,5460.000000194849,-47829.809339993575,5585.877553042306,-42243.93178695127,252.89917119695016,26.765494390775196,0.9902980478567058
2735000,5470.0000001968865,-47708.11054173845,5620.878224765498,-42087.23231697296,254.48381761751315,26.400834123941898,1.0039764925861636
2740000,5480.000000198924,-47608.1388037476,5587.519001706689,-42020.61980204091,252.9734873635404,26.43326313174248,1.0027447883751697
2745000,5490.000000200961,-47846.61054336274,5802.62889214495,-42043.981651217786,262.71253239120557,26.675096416252433,0.993654022144602
2750000,5500.000000202998,-47743.149263724685,5929.720538661256,-41813.42872506343,268.46657403727136,26.890735895786822,0.9856858119400577
2755000,5510.000000205036,-47820.832523606776,5790.07876769866,-42030.75375590812,262.14432873103823,26.78017040535883,0.9897553467322355
2760000,5520.000000207073,-47680.86025566561,5854.819446301304,-41826.040809364305,265.07544632283356,26.625032580981646,0.9955224191551783
2765000,5530.00000020911,-47677.31091300392,5854.626618786442,-41822.684294217484,265.0667161066357,26.19113780553358,1.0120147143628186
2770000,5540.000000211147,-47648.774204168585,5884.296818884504,-41764.47738528408,266.41002679377397,26.335771027591644,1.0064568383942314
2775000,5550.000000213185,-47560.98298122047,5926.520442247786,-41634.462538972686,268.3216904942592,26.16786053699174,1.0129149384465268
2780000,5560.000000215222,-47581.663713715505,5797.239292339249,-41784.42442137626,262.4685196445956,26.36801826323026,1.0052259741516556
2785000,5570.000000217259,-47733.815538869356,5713.651720345266,-42020.16381852409,258.68411379629146,26.174094959614134,1.0126736716590197
2790000,5580.000000219296,-47754.48079794471,5636.142793684396,-42118.33800426031,255.17491705383455,26.64564085031175,0.9947524622885613
2795000,5590.000000221334,-47729.79020371399,5736.7555156343715,-41993.03468807961,259.73013219261964,27.055335356747015,0.9796890888840641
2800000,5600.000000223371,-47927.3079473346,5753.48376071549,-42173.82418661911,260.4874991911658,26.6808638316145,0.9934392309178987
2805000,5610.000000225408,-47606.21897052211,5817.377131564695,-41788.841838957414,263.38025514209835,26.49791732890928,1.0002981183802844
2810000,5620.0000002274455,-47908.039370691404,5890.101272140851,-42017.938098550556,266.6728219237857,26.424354788549795,1.0030828399484626
2815000,5630.000000229483,-47625.79191486392,5893.594645152219,-41732.1972697117,266.8309834894247,26.369347799415838,1.0051752908993627
2820000,5640.00000023152,-47643.02764047973,5683.684137308506,-41959.34350317123,257.3273391730016,26.487569669421404,1.000688895807
2825000,5650.000000233557,-47584.91585425718,5787.842075846877,-41797.073778410304,262.04306308205696,26.213419576580822,1.0111544877870375
2830000,5660.000000235595,-47686.81147941103,5858.748004337314,-41828.063475073715,265.2533107786637,26.249440871639454,1.0097669117875125
2835000,5670.000000237632,-47707.022552517534,5692.22410354457,-42014.798448972964,257.7139839504143,26.37829117378204,1.0048344932763877
2840000,5680.000000239669,-47535.71848438046,5802.104706964087,-41733.61377741637,262.6888000418056,26.506298185981272,0.9999818405092401
2845000,5690.000000241706,-47814.28431207052,5769.518425008648,-42044.765887061876,261.2134644977187,26.349823339769117,1.0059200968190072
2850000,5700.000000243744,-48052.43043837574,5792.796728996251,-42259.63370937949,262.26738373053985,26.301976838304558,1.0077499880732488
2855000,5710.000000245781,-47670.74051341991,5727.454046155834,-41943.28646726407,259.3090105515348,26.94804148451644,0.983589729900548
2860000,5720.000000247818,-47774.74843635212,5599.0761399692965,-42175.67229638282,253.49673382934063,26.353215167831184,1.0057906284413969
2865000,5730.0000002498555,-47544.67468135664,5713.15674077213,-41831.51794058451,258.66170372327844,26.0699742440123,1.016718183033575
2870000,5740.000000251893,-47842.31456323835,5789.209695320946,-42053.104867917405,262.10498170240265,26.497536134011668,1.0003125087197067
2875000,5750.00000025393,-47702.53377683443,5801.048432652327,-41901.4853441821,262.64097749369853,26.20011028845841,1.011668140068118
2880000,5760.000000255967,-47571.412719970685,5953.596544236606,-41617.81617573408,269.5475540559277,26.463728503771634,1.0015904161549516
2885000,5770.000000258005,-47839.46270364168,5658.491773668062,-42180.97092997361,256.1867613811217,26.422814964967518,1.0031412958932202
2890000,5780.000000260042,-47680.345874632825,5685.113233478213,-41995.23264115461,257.392041134949,26.47549279206744,1.0011453631203395
2895000,5790.000000262079,-47583.148204079596,5627.055420162073,-41956.09278391753,254.7634885521659,26.45169494367435,1.0020460655373948
2900000,5800.000000264116,-47480.530541551416,5660.839807637121,-41819.69073391429,256.29306801585875,26.81166413849608,0.9885927523255573
2905000,5810.000000266154,-47711.289548664354,5748.266777505996,-41963.02277115836,260.25130161660377,26.402413865880316,1.003916421420755
2910000,5820.000000268191,-47635.68631884782,5776.1873140477055,-41859.49900480011,261.51539673571835,26.086544570617644,1.0160723576613089
2915000,5830.000000270228,-47423.66062306968,5811.83963372211,-41611.820989347565,263.1295463498636,26.492483156719288,1.0005033008157869
2920000,5840.000000272265,-47634.20773868711,5812.881051000164,-41821.326687686946,263.17669624958637,26.624121821556134,0.9955564740409181
2925000,5850.000000274303,-47687.96640648361,5672.734536044336,-42015.231870439275,256.83159878872885,26.5002669914401,1.0002094263301564
2930000,5860.00000027634,-47748.70457416476,5728.016244842809,-42020.68832932195,259.3344639526583,26.40524854239965,1.0038086482141286
2935000,5870.000000278377,-47837.32031078328,5666.628370117926,-42170.691940665354,256.55514369509024,26.555690024110415,0.998121940007552
2940000,5880.0000002804145,-47550.22524485772,5720.404280609989,-41829.82096424773,258.9898342275379,26.460882172330155,1.001698154750907
2945000,5890.000000282452,-48000.16018460842,5824.1284431977765,-42176.03174141065,263.685919041868,26.668448451405673,0.9939017222318828
2950000,5900.000000284489,-47775.68642409175,5575.740445017887,-42199.94597907386,252.44021623537688,26.22029028726527,1.010889526954539
2955000,5910.000000286526,-47542.18070181931,5918.327827972518,-41623.85287384679,267.95077198763653,26.82081108955445,0.9882556033298768
2960000,5920.000000288564,-47495.090644333686,5659.978960686933,-41835.111683646755,256.25409339134137,26.155374881611092,1.0133984683866863
2965000,5930.000000290601,-47799.63426339481,5682.855220563009,-42116.7790428318,257.28981018029873,26.49275064729022,1.000493198988207
2970000,5940.000000292638,-47654.5546224335,6066.145075311259,-41588.40954712224,274.64315988651225,26.394601377623378,1.004213568748009
2975000,5950.000000294675,-47892.17653687118,5818.438751276195,-42073.73778559498,263.42831970180544,26.46545408808244,1.0015251110707382
2980000,5960.000000296713,-47583.90110349166,5681.157811584206,-41902.743291907456,257.2129604248493,26.26941320220394,1.0089991977011694
2985000,5970.00000029875,-47754.86784346588,5594.560220946471,-42160.30762251941,253.2922767557259,26.710624164240063,0.9923323649093169
2990000,5980.000000300787,-47397.41523132875,5652.943056937527,-41744.47217439122,255.9355446566171,26.52952752039984,0.9991062533896498
2995000,5990.000000302824,-47707.42013601144,5713.612138229359,-41993.80799778208,258.68232172616246,26.574402436214914,0.9974191106921314
3000000,6000.000000304862,-47893.22863150138,5703.86529255431,-42189.36333894706,258.2410357921982,26.380745040818912,1.004741026233029
3005000,6010.000000306899,-47590.12407241762,5853.905847327806,-41736.21822508981,265.0340833640128,26.856628996856514,0.9869375954892444
3010000,6020.000000308936,-47542.11469072325,5746.630363552539,-41795.48432717071,260.17721339525724,26.11203623663266,1.0150804251688035
3015000,6030.0000003109735,-47519.29382631398,5939.39148727364,-41579.90233904034,268.90442375122154,26.500935579280664,1.000184192207442
3020000,6040.000000313011,-47363.96011358319,5807.136406624413,-41556.82370695878,262.91660895127865,26.430653680085214,1.0028437875933316
3025000,6050.000000315048,-47860.42088086193,5696.900712975145,-42163.52016788678,257.9257162409583,25.910714117512647,1.022967438291846
3030000,6060.000000317085,-47726.77339356649,5765.49229049557,-41961.28110307092,261.0311822919567,26.174710765009877,1.0126498467573146
3035000,6070.000000319123,-47582.18444927852,5709.149939767512,-41873.034509511,258.4802968371452,26.14042030971544,1.0139782195947722
3040000,6080.00000032116,-47754.00162473443,5686.875130518606,-42067.12649421582,257.4718105708198,26.318783521663672,1.0071064577618742
3045000,6090.000000323197,-47696.239885962685,5689.356678230448,-42006.88320773224,257.58416200596156,26.250861452552574,1.0097122676531027
3050000,6100.000000325234,-47819.50972683355,5623.813402448761,-42195.69632438479,254.61670703307306,26.46552727558458,1.0015223414632994
3055000,6110.000000327272,-47533.475440173526,5763.298785875802,-41770.17665429773,260.93187193381004,26.438122456096295,1.0025604839799198
3060000,6120.000000329309,-47811.89879072871,5785.328614347565,-42026.570176381145,261.9292667583861,26.43510440666199,1.002674944549282
3065000,6130.000000331346,-47787.51784122572,5714.288573807233,-42073.22926741849,258.7129471731738,26.21282998410107,1.0111772311948355
3070000,6140.0000003333835,-47930.811851251696,5776.284459961772,-42154.52739128992,261.5197949920208,26.343568767318263,1.0061589255130574
3075000,6150.000000335421,-47720.23377029883,5795.305973690303,-41924.92779660853,262.3809891394359,26.414460887390565,1.003458558480644
3080000,6160.000000337458,-47156.30900388898,5825.9370195104075,-41330.37198437857,263.7678018697975,26.23753271513846,1.010225204209504
3085000,6170.000000339495,-47641.80611512833,5662.7365411983155,-41979.06957393001,256.3789421405693,26.265426473288883,1.0091523498413348
3090000,6180.0000003415325,-47579.120221331774,5649.284222312048,-41929.83599901973,255.76989185890653,26.56112103377032,0.9979178518634164
3095000,6190.00000034357,-47985.21447689267,5607.190067548348,-42378.02440934432,253.86408981600678,26.47225080545982,1.0012679707476004
3100000,6200.000000345607,-47952.61705651623,5663.2358306289625,-42289.38122588727,256.4015473412739,26.29304836162852,1.0080921953418787
3105000,6210.000000347644,-47537.023295908875,5756.276924859394,-41780.74637104948,260.6139589802147,26.45157045069543,1.0020507816165383
3110000,6220.000000349682,-47798.28833074984,5845.028952994097,-41953.25937775574,264.6321842535364,26.42731701530907,1.0029704048182317
3115000,6230.000000351719,-47787.24149836722,5922.564171323893,-41864.677327043326,268.14257134454954,26.358198824917437,1.0056004593169432
3120000,6240.000000353756,-47991.27618080162,5635.196673065189,-42356.07950773643,255.13208168585928,26.666540830331577,0.9939728221125524
3125000,6250.000000355793,-47863.54673741886,5822.496146916075,-42041.05059050278,263.61201724705234,26.362535418776435,1.0054350396899154
3130000,6260.000000357831,-47406.65089374111,5850.461185703043,-41556.18970803807,264.87812719388836,26.181961124359642,1.012369421801766
3135000,6270.000000359868,-47517.407155508234,5598.96011544107,-41918.44704006716,253.491480848632,26.5110467575437,0.9998027270485681
3140000,6280.000000361905,-47417.248307757895,5704.709161784111,-41712.53914597379,258.2792417547866,26.320563484028785,1.007038350876793
3145000,6290.0000003639425,-47677.26779792085,5832.332322496194,-41844.93547542466,264.0573475695198,26.319393015486767,1.007083135599207
3150000,6300.00000036598,-47635.26718074636,5885.162466378357,-41750.104714368004,266.44921876167257,26.26287623943482,1.009250342706359
3155000,6310.000000368017,-47718.81010805676,5830.303427242191,-41888.506680814564,263.9654898581198,26.835514166065355,0.9877141418300833
3160000,6320.000000370054,-47780.05308856309,5569.961036385461,-42210.09205217763,252.1785549942791,26.938884622162373,0.9839240642984228
3165000,6330.000000372092,-47736.884481002344,5843.334351786649,-41893.5501292157,264.5554616192137,26.81598476654414,0.9884334689126604
3170000,6340.000000374129,-47719.28997434722,5809.842670061629,-41909.4473042856,263.03913433315705,26.491520110449073,1.0005396721137785
3175000,6350.000000376166,-47900.18754792429,5537.117042390935,-42363.07050553335,250.691551603829,26.73773851912292,0.9913260549745909
3180000,6360.000000378203,-47492.37582417665,5612.519089423609,-41879.85673475304,254.10535991237865,26.353515312277857,1.0057791733293155
3185000,6370.000000380241,-47799.372998045175,5621.749095508871,-42177.6239025363,254.52324606669185,26.861991164193235,0.9867405838639495
3190000,6380.000000382278,-47711.13768940931,5764.557002472229,-41946.580686937086,260.9888373669763,26.160834616472517,1.0131869733397016
3195000,6390.000000384315,-47641.26291299751,5818.741367410163,-41822.52154558735,263.4420205695285,26.461634809019102,1.001669663889025
3200000,6400.000000386352,-47861.26462527027,5715.874374672305,-42145.390250597964,258.78474389994625,26.91283890381362,0.9848762867357089
3205000,6410.00000038839,-47665.37468344538,5610.994407892858,-42054.38027555252,254.03633034776595,26.525352156258613,0.9992635230235871
3210000,6420.000000390427,-47824.49326742045,5849.230450060234,-41975.26281736021,264.8224059538373,26.761367260676376,0.9904507713270839
3215000,6430.000000392464,-47486.263122580596,5752.539019634296,-41733.724102946304,260.4447262814196,26.70920068688414,0.9923852516530108
3220000,6440.0000003945015,-47886.95237719815,5814.936834111624,-42072.01554308653,263.26977130182524,26.303642613431276,1.007686168590573
3225000,6450.000000396539,-47537.53464821627,5568.224422196463,-41969.31022601981,252.09993023301,26.452445955264423,1.0020176164400874
3230000,6460.000000398576,-47340.60116102209,5873.007012390333,-41467.59414863175,265.898883705112,26.524616569503934,0.9992912348289603
3235000,6470.000000400613,-47888.80418290489,5655.73612335041,-42233.068059554476,256.0620000209191,26.907524167000233,0.9850708181324015
3240000,6480.000000402651,-47635.39147162362,5958.063186730601,-41677.32828489302,269.74978014735876,26.222563735551326,1.0108018846825775
3245000,6490.000000404688,-47700.58102633286,5951.97774978771,-41748.60327654515,269.4742635531237,26.402235808539945,1.0039231918582758
3250000,6500.000000406725,-47320.991865341784,5587.735790219484,-41733.2560751223,252.98330240776406,26.349815848862484,1.0059203827888814
3255000,6510.000000408762,-47650.74443838297,5700.528682943062,-41950.21575543991,258.089971649227,26.228302220546333,1.0105807315404716
3260000,6520.0000004108,-47827.04353810311,5806.478620722848,-42020.56491738027,262.8868278635711,26.32625455575991,1.0068206546040972
3265000,6530.000000412837,-47743.109297950345,5688.049782385531,-42055.05951556481,257.5249926323257,26.683641726950263,0.9933358091198482
3270000,6540.000000414874,-47627.1183876546,5735.985468044128,-41891.13291961047,259.69526848579727,26.55949014020055,0.9979791293126135
3275000,6550.0000004169115,-47982.18583046063,5776.047268256732,-42206.138562203894,261.50905619850994,26.458994053811164,1.0017696361092903
3280000,6560.000000418949,-47718.88756427611,5851.633539297049,-41867.25402497906,264.9312052016782,26.629973052369056,0.99533772689065
3285000,6570.000000420986,-47635.571667607,5700.131235801113,-41935.44043180589,258.0719773319798,26.596167832231,0.9966028569342528
3290000,6580.000000423023,-48148.31157908123,5677.046625308545,-42471.26495377268,257.02682752238627,26.364626693369075,1.0053552873468419
3295000,6590.0000004250605,-47687.09742230171,5657.046547365166,-42030.05087493655,256.121329131538,26.436375306253634,1.0026267420569652
3300000,6600.000000427098,-47578.18526402302,5633.78450103726,-41944.40076298576,255.06814596008303,26.695070780990548,0.9929105287849236
3305000,6610.000000429135,-47888.09908526053,5783.820239819171,-42104.27884544136,261.86097548911584,26.691413481900906,0.9930465789336158
3310000,6620.000000431172,-47654.31080916955,5927.487407245975,-41726.82340192357,268.365469586138,26.546098067830613,0.998482593463514
3315000,6630.00000043321,-47610.4829886778,5686.395257494426,-41924.087731183376,257.4500844429299,26.302704788993186,1.007722097698336
3320000,6640.000000435247,-47761.8855084395,5589.142336570136,-42172.74317186937,253.04698343244675,26.24368036757549,1.0099885562488664
3325000,6650.000000437284,-47538.53529455245,5712.5155814722075,-41826.01971308024,258.63267540068887,26.192176671261713,1.0119745746135984
3330000,6660.000000439321,-47684.676024984336,5637.965648699987,-42046.71037628435,255.25744634637232,26.447755068073963,1.0021953385790543
3335000,6670.000000441359,-47312.99787202536,5697.491477612196,-41615.50639441316,257.95246295813286,26.40891760613841,1.0036691863108904
3340000,6680.000000443396,-47744.681261002144,5714.054412272377,-42030.626848729764,258.7023455698395,26.270760266435264,1.0089474600767203
3345000,6690.000000445433,-47529.46576383,5845.009980403442,-41684.45578342656,264.6313252743685,26.856701716305516,0.9869349231745687
3350000,6700.0000004474705,-47618.742146815755,5929.4884412402735,-41689.25370557548,268.4560658861624,26.52221987158034,0.9993815364416901
3355000,6710.000000449508,-47424.4605654747,5706.410804453977,-41718.049761020724,258.35628318951126,26.250135958257072,1.0097401738129583
3360000,6720.000000451545,-47512.587768571684,5892.898447899537,-41619.68932067214,266.79946333766327,25.942586955139006,1.0217106293577907
3365000,6730.000000453582,-47686.072195991874,5691.680497538999,-41994.39169845288,257.6893723281649,26.849454089036943,0.9872013321837717
3370000,6740.00000045562,-47737.322364764404,5735.058348508665,-42002.264016255736,259.6532933870071,26.58922112138223,0.99686322980665
3375000,6750.000000457657,-47783.02022018959,5701.770395866697,-42081.24982432289,258.14618988284735,26.591827324327852,0.9967655295676172
3380000,6760.000000459694,-48056.18132931879,5829.6972625971885,-42226.4840667216,263.9380459095416,26.71544606423469,0.9921532577585876
3385000,6770.000000461731,-47848.42767590057,5712.538772820788,-42135.88890307979,258.633725383038,26.33013698690102,1.006672196893266
3390000,6780.000000463769,-47402.676150776446,5638.947009294945,-41763.7291414815,255.30187719519665,26.21195288666563,1.0112110669399283
3395000,6790.000000465806,-47670.23761556111,5806.293597328093,-41863.94401823302,262.87845097690627,26.161966913026983,1.0131431223508691
3400000,6800.000000467843,-47621.32970215898,5711.698601901344,-41909.63110025764,258.59568686050085,26.229674492322033,1.0105278604529797
3405000,6810.00000046988,-47552.538705452695,5706.84512810325,-41845.69357734945,258.375947081154,26.67476477463251,0.9936663760315931
3410000,6820.000000471918,-47797.848762260226,5694.253485058499,-42103.595277201726,257.8058636771074,26.662320056124454,0.9941301728172671
3415000,6830.000000473955,-47753.20863533439,5687.023789220237,-42066.184846114156,257.47854105534554,26.58251699245068,0.9971146393936969
3420000,6840.000000475992,-47830.10413124069,5523.303162100672,-42306.800969140015,250.0661317224858,26.074284471565893,1.01655011373405
3425000,6850.0000004780295,-47853.237969896756,5531.195198632908,-42322.04277126385,250.42344164901138,26.172160764553652,1.012748511043938
3430000,6860.000000480067,-47377.409101626254,5705.358409292643,-41672.05069233361,258.3086362689432,26.016000496196835,1.0188275038270798
3435000,6870.000000482104,-47655.162930655526,5695.8065647681315,-41959.3563658874,257.87617896197344,26.548673734969274,0.9983857238861413
3440000,6880.000000484141,-47855.482552397356,5697.419878596689,-42158.06267380067,257.9492213310996,26.386118473432926,1.0045364145466062
3445000,6890.000000486179,-47753.159188050835,5707.682495127983,-42045.47669292285,258.4138586580784,26.901368868895666,0.9852962120359335
3450000,6900.000000488216,-47839.001838435535,5904.410310068737,-41934.5915283668,267.3206599399659,26.65161474075192,0.9945294910996629
3455000,6910.000000490253,-47886.34019889106,5987.06421884699,-41899.27598004407,271.0627944260367,26.548535201311843,0.9983909335907375
3460000,6920.00000049229,-47712.4508525196,5756.92711417574,-41955.52373834386,260.643396134478,26.417563236672624,1.0033407172206235
3465000,6930.000000494328,-47862.79156269046,5443.358671420227,-42419.43289127023,246.44666544474126,26.14880154500139,1.013653218465423
3470000,6940.000000496365,-47694.15345475619,5797.756754069533,-41896.39670068666,262.49194759149776,26.29135339176125,1.0081571857540905
3475000,6950.000000498402,-47747.42057155387,5781.3605071841175,-41966.060064369754,261.74961172597136,26.79457524220999,0.9892232515538885
3480000,6960.0000005004395,-47621.37305010692,5898.631121534071,-41722.741928572854,267.05900866373764,26.449686540081903,1.002122153884029
3485000,6970.000000502477,-47347.693776876724,5891.501161780881,-41456.192615095846,266.7362015676052,26.31330095655568,1.007316295620472
3490000,6980.000000504514,-47506.65662714344,5719.4498084352745,-41787.20681870817,258.9466207450325,26.669925170115313,0.9938466897089416
3495000,6990.000000506551,-47829.85855288338,5721.980661887961,-42107.87789099542,259.0612044849243,26.40791172975196,1.0037074160332802
3500000,7000.0000005085885,-47820.767230895755,5735.892573511208,-42084.87465738455,259.691062709684,26.673457437307817,0.9937150782721907
3505000,7010.000000510626,-47651.38352114323,5891.2002518051995,-41760.18326933803,266.72257794576024,26.44422572727006,1.0023290951480086
3510000,7020.000000512663,-47955.049034381635,5693.862923756982,-42261.18611062465,257.7881811145169,26.5434689515425,0.998581492626041
3515000,7030.0000005147,-47707.01193828159,5910.569018652711,-41796.44291962888,267.59949388892744,26.733530374348238,0.9914821003415825
3520000,7040.000000516738,-47409.41687576589,5799.139932392427,-41610.276943373465,262.55457063472704,26.56842749022565,0.9976434192371982
3525000,7050.000000518775,-47602.17201262922,5852.47872391071,-41749.69328871851,264.96947071793306,26.46085983025268,1.0016990005290838
3530000,7060.000000520812,-47589.24247878883,5635.241589059973,-41954.00088972886,255.1341152459841,26.876124741016966,0.9862216781816191
3535000,7070.000000522849,-47727.92146478087,5661.274418587643,-42066.647046193226,256.3127449149917,26.640846217295156,0.994931490873469
3540000,7080.000000524887,-47765.22855800664,5703.599033847864,-42061.62952415877,258.22898099766593,26.454225982436256,1.0019501936175446
3545000,7090.000000526924,-47615.753069722734,6039.94138797965,-41575.811681743086,273.4567946743249,26.661545778352185,0.9941590433449532
3550000,7100.000000528961,-47534.052572137036,5781.822428296882,-41752.230143840156,261.7705250856838,26.503846750190966,1.0000743324141543
3555000,7110.0000005309985,-47832.39693071932,5721.514522570245,-42110.882408149075,259.04010014706637,26.255593781472292,1.0095302763180534
3560000,7120.000000533036,-47739.28441690968,5663.174441072115,-42076.109975837564,256.39876794485866,26.583133585707277,0.9970915114144194
3565000,7130.000000535073,-47835.641019668255,5736.8340393885355,-42098.80698027972,259.73368733541656,26.55985012000538,0.9979656031695602
3570000,7140.00000053711,-47793.60995061684,5828.308328874709,-41965.30162174213,263.8751622920747,26.716980431883794,0.9920962779713118
3575000,7150.000000539148,-47584.60705080727,5693.940641555355,-41890.66640925192,257.7916997678724,26.50599000530873,0.9999934671293392
3580000,7160.000000541185,-47715.47846371005,5930.724961732039,-41784.75350197801,268.51204903376384,26.34455557937026,1.006121236900284
3585000,7170.000000543222,-47748.677661905065,5734.548650306331,-42014.129011598736,259.63021693183833,26.354709293543976,1.005733607222802
3590000,7180.000000545259,-47549.8005856463,5709.416311522517,-41840.38427412378,258.49235674992195,26.130752055066466,1.014353386739403
3595000,7190.000000547297,-47714.773142025166,5689.982836117732,-42024.79030590743,257.6125111434479,26.39814470721391,1.004078776712704
3600000,7200.000000549334,-47879.0841330039,5817.520602592108,-42061.56353041179,263.3867507560067,26.636823110311028,0.9950817608892696
3605000,7210.000000551371,-47621.44779822935,5722.989986761251,-41898.45781146809,259.1069014092661,26.77239219881908,0.9900429012194676
3610000,7220.000000553408,-48159.5352906746,5934.6509282729785,-42224.884362401615,268.6897961603205,26.695290101525895,0.9929023713283872
3615000,7230.000000555446,-47774.17369548866,5850.852458579661,-41923.321236908996,264.8958419728589,26.28922923686798,1.0082386442860243
3620000,7240.000000557483,-47735.178722107376,5863.322584887276,-41871.8561372201,265.46042373784934,26.613371469875254,0.9959586245999417
3625000,7250.00000055952,-47679.703789951396,5903.402527496744,-41776.30126245465,267.27503284291913,26.718528662591332,0.992038790003251
3630000,7260.0000005615575,-47804.808680177724,5973.676052463065,-41831.13262771466,270.45664863243667,26.318775623853686,1.0071067599771275
3635000,7270.000000563595,-47445.884014983545,5553.323482359867,-41892.56053262368,251.42529400997316,26.17921421471033,1.0124756468133576
3640000,7280.000000565632,-47697.30559968966,5690.569911487126,-42006.735688202534,257.6390908299769,26.340600906891513,1.006272291919109
3645000,7290.000000567669,-47740.95177070488,5842.628321703158,-41898.32344900172,264.5234962885635,26.29137426395809,1.0081563853982394
3650000,7300.000000569707,-47782.430881065084,6018.25813457856,-41764.172746486525,272.47509094703815,26.22056821822091,1.0108788117980279
3655000,7310.000000571744,-47745.44374047464,5720.553498137642,-42024.890242337,258.9965900127683,26.4326733268957,1.0027671630978832
3660000,7320.000000573781,-47641.77136514266,5790.4986046526465,-41851.272760490014,262.16333674127344,26.37384655749846,1.0050038316298728
3665000,7330.000000575818,-47918.163122264785,5779.841750931348,-42138.32137133344,261.68085042679706,26.18033245847125,1.0124324008165038
3670000,7340.000000577856,-47628.66304186318,5758.441886732294,-41870.22115513089,260.71197707282954,26.14684548963362,1.0137290502448177
3675000,7350.000000579893,-47816.94821107254,5724.447824773888,-42092.50038629865,259.17290465076826,26.44239898554214,1.002398339863067
3680000,7360.00000058193,-47680.78777699807,5860.124637091665,-41820.663139906406,265.3156374729587,26.541593297637828,0.9986520608566206
3685000,7370.000000583967,-47875.11796392582,5656.640099481086,-42218.477864444736,256.10292730800313,26.383419869720747,1.0046391626251612
3690000,7380.000000586005,-47694.37366612861,5691.37240968866,-42003.00125643995,257.6754237298889,26.589720771316912,0.9968444976562846
3695000,7390.000000588042,-47742.3077987046,5867.890414974896,-41874.4173837297,265.66723107158657,26.605578645334912,0.9962503427735776
3700000,7400.000000590079,-47888.631982071965,5890.953955432618,-41997.67802663935,266.71142694076536,26.588199330505734,0.9969015394996333
3705000,7410.0000005921165,-47873.11967648042,5713.76441293885,-42159.35526354157,258.68921592451517,26.68292334866215,0.9933625524743434
3710000,7420.000000594154,-47349.81733345729,5591.239635495722,-41758.57769796157,253.1419381025047,26.396556629015418,1.004139184425622
3715000,7430.000000596191,-47289.39743722236,5586.907229624108,-41702.49020759825,252.9457895396664,26.889186343558464,0.985742614389445
3720000,7440.000000598228,-47404.332161791914,5844.823881945935,-41559.50827984598,264.6228997145137,26.920459887604803,0.9845974755174433
3725000,7450.000000600266,-47811.389351516904,5858.836094070017,-41952.55325744689,265.2572990186815,26.60009558714268,0.996455699125985
3730000,7460.000000602303,-47729.21291551221,5796.375100155217,-41932.837815356994,262.42939356547527,26.688836774758407,0.9931424538581909
3735000,7470.00000060434,-47620.4102879205,5768.398049800755,-41852.01223811974,261.1627397980067,26.692490735526555,0.9930065016310442
3740000,7480.000000606377,-47661.56774912559,5724.851098361241,-41936.71665076435,259.19116275883437,26.72335810675642,0.9918595087944007
3745000,7490.000000608415,-47846.83246937703,5629.130807418562,-42217.70166195846,254.85745117703462,26.631329180942963,0.9952870420028267
3750000,7500.000000610452,-47693.22379015363,5785.050539052085,-41908.17325110154,261.9166769708211,26.764089815449083,0.9903500185462794
3755000,7510.000000612489,-47590.8581729664,5668.880131608424,-41921.97804135798,256.657091618093,27.099539397491004,0.9780910463577219
3760000,7520.0000006145265,-47817.684514059336,5858.1845746596,-41959.499939399735,265.2278016447508,26.6033498430278,0.9963338076408043
3765000,7530.000000616564,-47752.8313597393,5865.417995577863,-41887.41336416144,265.5552929185527,26.968795100162684,0.9828328164703359
3770000,7540.000000618601,-47656.749211013375,5720.826255656635,-41935.92295535674,259.00893903936907,26.866423901872363,0.9865777798308711
3775000,7550.000000620638,-47779.233025757305,5707.346851684941,-42071.886174072366,258.39866248742175,26.624284604364483,0.9955503871363822
3780000,7560.0000006226755,-47602.52060885442,5704.720256911365,-41897.80035194306,258.2797440838227,26.277797749180476,1.0086772528695225
3785000,7570.000000624713,-47709.589949525835,5649.898358921939,-42059.69159060389,255.79769673614706,26.433190058424845,1.0027475604162386
3790000,7580.00000062675,-48064.65312070225,5753.393386370855,-42311.2597343314,260.4834075159298,26.45900812740768,1.001769103266124
3795000,7590.000000628787,-48091.418582038605,5583.088325457455,-42508.33025658115,252.77288963460109,26.793908421084765,0.9892478703945344
3800000,7600.000000630825,-47864.093641429616,5721.923127772518,-42142.170513657096,259.05859964262817,26.735607553513834,0.9914050687664532
3805000,7610.000000632862,-47770.50721637352,5756.192050580941,-42014.31516579258,260.610116319062,26.084437112704045,1.0161544498959119
3810000,7620.000000634899,-47664.974062207504,5686.795120849238,-41978.17894135827,257.46818815359376,26.772231701870584,0.9900488364312309
3815000,7630.000000636936,-47810.00577307737,5750.561142874389,-42059.44463020298,260.35517841923314,26.31147841176086,1.00738607045572
3820000,7640.000000638974,-47848.41366286471,5807.849474943281,-42040.56418792143,262.94889293622754,26.600931271422876,0.9964243948699355
3825000,7650.000000641011,-47698.696635806875,5678.011920145583,-42020.68471566129,257.070530998148,26.51583374935019,0.9996222293313274
3830000,7660.000000643048,-47678.8178955997,5692.735652758113,-41986.082242841585,257.73714420964,26.571496228267378,0.9975282015510583
3835000,7670.0000006450855,-47769.72855508985,5645.496381002951,-42124.2321740869,255.59839831673702,26.073513300546608,1.0165801800307677
3840000,7680.000000647123,-47715.37469209655,5879.264849895246,-41836.1098422013,266.1822056905027,26.31608918952153,1.0072095688009106
3845000,7690.00000064916,-47676.05167577561,5819.785478927937,-41856.266196847675,263.4892924502625,26.732468719064077,0.9915214761366894
3850000,7700.000000651197,-47630.37046809221,5628.857123658993,-42001.51334443322,254.84506021512976,26.988404051907786,0.9821187201038147
3855000,7710.000000653235,-47488.347432704584,5686.891829454001,-41801.455603250586,257.47256661082986,26.43804036324159,1.0025635970341027
3860000,7720.000000655272,-47750.65403218492,5778.563041841328,-41972.09099034359,261.622957201248,26.20227572494942,1.011584532707815
3865000,7730.000000657309,-47735.160860063974,5870.021359622743,-41865.13950044123,265.76370904307623,26.52066595965736,0.9994400926969306
3870000,7740.000000659346,-47760.13546755281,5629.263501767255,-42130.871965785554,254.8634588795824,26.70712241616692,0.992462476191715
3875000,7750.000000661384,-47979.57643904962,5671.108144670832,-42308.468294378785,256.7579643371149,26.533073639449714,0.9989727238270313
3880000,7760.000000663421,-47873.42536994087,5697.0031051158185,-42176.42226482506,257.9303520188227,27.009804582878523,0.9813405633414424
3885000,7770.000000665458,-47606.09399382223,5823.663372913539,-41782.43062090869,263.6648631042261,26.624024496916658,0.9955601133169757
3890000,7780.000000667495,-47974.60254416609,5371.729589449875,-42602.872954716215,243.20367716011006,26.39778008322488,1.004092645727739
3895000,7790.000000669533,-47855.277334473154,5677.535453224726,-42177.741881248425,257.04895908071103,26.412000515387188,1.0035520342225663
3900000,7800.00000067157,-47500.30513166584,5815.815051778702,-41684.49007988714,263.30953238108725,26.56153598518271,0.9979022621240914
3905000,7810.000000673607,-47598.46739860991,5776.493880999114,-41821.97351761079,261.529276475686,26.509687171435246,0.9998540033193929
3910000,7820.0000006756445,-47507.49873386492,5687.454866449756,-41820.04386741517,257.49805796616795,26.482717708874098,1.0008722343561607
3915000,7830.000000677682,-47686.68888228922,5598.053150618413,-42088.63573167081,253.45041824928626,26.515194867050887,0.9996463151791407
3920000,7840.000000679719,-47374.93640005059,5726.089611591844,-41648.846788458744,259.2472361271747,26.62801788693029,0.995410809683811
3925000,7850.000000681756,-47966.942712755466,5743.197796708012,-42223.74491604746,260.0218048132008,26.729804763967447,0.9916202934948067
3930000,7860.000000683794,-48045.69957991358,5637.592035403525,-42408.10754451005,255.2405311003566,26.77975951943624,0.9897705326990284
3935000,7870.000000685831,-47892.86831587326,5541.564652134194,-42351.30366373907,250.8929159923601,26.608094627189125,0.9961561403205351
3940000,7880.000000687868,-47674.61770925374,5551.568894499628,-42123.04881475411,251.3458554953561,26.379926586950244,1.0047721989573812
3945000,7890.000000689905,-47687.30463110213,5800.3480187582045,-41886.95661234393,262.6092664345791,26.321246542653554,1.0070122173792808
3950000,7900.000000691943,-47256.178511702456,5589.708901949428,-41666.469609753025,253.07263453444307,26.62961398672464,0.9953511477229048
3955000,7910.00000069398,-47763.43142035435,5720.688865587093,-42042.742554767254,259.0027187392662,26.397294218625547,1.0041111269048995
3960000,7920.000000696017,-47315.890669924556,5783.468205205338,-41532.42246471922,261.84503721241254,26.663068138811123,0.9941022806194633
3965000,7930.0000006980545,-47349.72652638436,5654.245108518748,-41695.48141786561,255.99449470745867,26.89376626296114,0.9855747456840528
3970000,7940.000000700092,-47659.1414016778,5805.439704593522,-41853.70169708428,262.83979120271437,26.467748337585114,1.001438297925219
3975000,7950.000000702129,-47621.891996933904,5818.4561827584,-41803.43581417551,263.4291089076841,26.331340419868283,1.0066261885059353
3980000,7960.000000704166,-47654.71614536154,5695.498659458267,-41959.217485903275,257.8622386281705,26.304210812512743,1.0076644014917808
3985000,7970.0000007062035,-47596.65601082757,5871.0939522619965,-41725.56205856558,265.8122703992684,26.606450769520062,0.9962176870080297
3990000,7980.000000708241,-47725.13002549659,5793.3980960097015,-41931.73192948689,262.2946104675821,26.422323993046284,1.0031599359723231
3995000,7990.000000710278,-47379.43706695945,5860.720588408514,-41518.71647855094,265.34261901572864,26.466089648405365,1.0015010603087455
4000000,8000.000000712315,-47326.90865136753,5547.7091184590245,-41779.199532908504,251.1711051266977,26.982357699990335,0.9823387985518324
4005000,8010.000000714353,-47730.44965536171,5766.827462472986,-41963.622192888724,261.0916318602273,26.700721155990966,0.992700410234315
4010000,8020.00000071639,-47884.6737020975,5719.642362480747,-42165.03133961675,258.95533857997395,26.055996063443956,1.017263618729641
4015000,8030.000000718427,-48175.80214366311,5862.893725938367,-42312.90841772474,265.44100725911176,26.496897966308087,1.0003366008657897
4020000,8040.000000720464,-47919.32878697716,5654.746484755654,-42264.582302221505,256.0171943877806,26.725098926738376,0.9917949010316031
4025000,8050.000000722502,-47856.061645136564,5792.007771642017,-42064.053873494544,262.2316638890108,26.621403274553213,0.9956581391199834
4030000,8060.000000724539,-47725.19149274245,5858.7568296255395,-41866.43466311691,265.25371034132087,26.394865591023294,1.0042035165399261
4035000,8070.000000726576,-47800.01882131281,5719.227235508955,-42080.79158580386,258.9365438129726,26.446410830678012,1.0022462788923086
4040000,8080.0000007286135,-48167.14096683345,5794.297115866632,-42372.84385096682,262.3353133606456,26.71621189042009,0.9921248174636896
4045000,8090.000000730651,-47565.441659454315,5857.88408515579,-41707.557574298524,265.21419705966184,26.58154077931577,0.9971512586557656
4050000,8100.000000732688,-47610.89088654879,5622.1002909347,-41988.79059561409,254.53914634937385,26.673269013191952,0.9937220980298722
4055000,8110.000000734725,-47818.718059165985,5593.062718844983,-42225.655340321005,253.22447773279066,26.485962546891145,1.0007496158834321
4060000,8120.000000736763,-47770.87951257528,5733.462378845826,-42037.417133729454,259.5810362705281,26.209010707895327,1.011324583766893
4065000,8130.0000007388,-47390.949102978455,5680.626069455905,-41710.32303352255,257.1888859365955,26.60280263889935,0.9963543016459006
4070000,8140.000000740837,-47752.47791228478,5675.707397681053,-42076.77051460373,256.96619433560033,26.13837614686752,1.0140575181936387
4075000,8150.000000742874,-47788.268937759975,5716.121798990607,-42072.14713876937,258.79594597239384,26.385199928553906,1.0045713853553124
4080000,8160.000000744912,-47630.924173258594,5707.600132335387,-41923.32404092321,258.4101297038027,26.83692496872699,0.9876622182307196
4085000,8170.000000746949,-48024.87333659211,5569.400405224527,-42455.47293136758,252.15317256249452,26.90780330540729,0.9850605991228492
4090000,8180.000000748986,-47873.55516083888,5812.406923031235,-42061.14823780764,263.1552302275971,26.749552283774136,0.9908882423120892
4095000,8190.000000751023,-48047.70368059998,5758.398874379001,-42289.30480622098,260.7100296995842,26.33509917549556,1.0064825147788914
4100000,8200.00000075306,-47632.443247681425,5665.380243153719,-41967.06300452771,256.4986350674307,26.46602971909337,1.001503328093908
4105000,8210.000000755097,-47775.464680820354,5753.393296090631,-42022.07138472972,260.4834034285158,26.45283552688407,1.0020028596997237
4110000,8220.000000757134,-48024.93970940885,5736.84087753014,-42288.09883187871,259.733996930521,26.649935757728013,0.9945921478410342
4115000,8230.000000759172,-47714.210633240466,5530.207328129803,-42184.003305110666,250.37871606576812,26.86201212325663,0.9867398139604011
4120000,8240.000000761209,-47579.2780023095,5775.872010705611,-41803.40599160388,261.5011214579067,26.722482830327813,0.9918919964660758
4125000,8250.000000763246,-47772.38463233091,5862.683997930282,-41909.70063440063,265.43151187742495,26.618262903243505,0.9957756049465754
4130000,8260.000000765283,-47479.51169418945,5748.107526968868,-41731.404167220586,260.2440915894469,26.38159720171182,1.0047085717533586
4135000,8270.00000076732,-47505.65303668828,5659.4936300706195,-41846.15940661766,256.23212017236966,26.551163652953573,0.9982920971584519
4140000,8280.000000769358,-47571.02692127583,5729.540864101029,-41841.4860571748,259.4034906978981,26.40586784510733,1.0037851056660299
4145000,8290.000000771395,-47473.32860575197,5653.532344368345,-41819.79626138363,255.9622244936589,26.330684511295143,1.0066512639933085
4150000,8300.000000773432,-47751.896625892026,5795.231053188372,-41956.665572703656,262.37759713295804,26.23482482728746,1.0103294769300293
4155000,8310.00000077547,-47722.32803200482,5608.51710917675,-42113.810922828074,253.92417128481443,26.722625410158336,0.9918867041794615
4160000,8320.000000777507,-47938.68359923171,6016.736453023537,-41921.94714620817,272.4061972055558,26.588138991547183,0.9969038018618351
4165000,8330.000000779544,-47800.141935653985,5692.929566395847,-42107.21236925814,257.74592359977186,26.78460428053879,0.9895915044137102
4170000,8340.000000781582,-47642.20992422808,5777.422569435506,-41864.78735479258,261.5713226060628,26.845555588759048,0.9873446931455195
4175000,8350.000000783619,-47504.70779414568,5898.301781158126,-41606.40601298756,267.04409786282463,26.643278724310107,0.9948406545369959
4180000,8360.000000785656,-47615.451450741384,5525.804747666563,-42089.64670307482,250.1793903663219,26.5184290991793,0.9995243966364731
4185000,8370.000000787693,-47569.514545692946,5624.695725017647,-41944.8188206753,254.65665396070992,26.261041342953295,1.0093208604698638
4190000,8380.00000078973,-47597.17168251012,5799.804804655494,-41797.36687785463,262.58467255563113,26.339581259000802,1.0063112463508386
4195000,8390.000000791768,-47568.68529240909,5730.818630223723,-41837.86666218537,259.4613412308438,26.687572962828202,0.9931894849345394
4200000,8400.000000793805,-47859.10734200996,5711.139784124986,-42147.96755788497,258.57038652923706,26.383893097458127,1.004621143179886
4205000,8410.000000795842,-47480.641983715235,5708.995055525365,-41771.64692818987,258.4732844928719,26.454224281101233,1.00195025805538
4210000,8420.00000079788,-47756.03202626703,5892.3057581669245,-41863.7262681001,266.77262946228177,26.339489271080513,1.0063147607879548
4215000,8430.000000799917,-47560.32155291387,5775.498033892187,-41784.82351902168,261.4841897537539,26.966163180357185,0.9829287417652272
4220000,8440.000000801954,-47716.14496656472,5702.248668423894,-42013.896298140826,258.16784355000584,26.404212490362724,1.0038480357927222
4225000,8450.000000803991,-47911.298048389086,5825.09293455164,-42086.205113837445,263.72958614013544,26.53163969164887,0.9990267150148013
4230000,8460.000000806029,-47685.85424125509,5528.762568201488,-42157.0916730536,250.31330493117383,25.97815967862924,1.020311568371378
4235000,8470.000000808066,-47777.235077395686,5813.570723310596,-41963.66435408509,263.2079209862638,26.59746952400129,0.9965540827553427
4240000,8480.000000810103,-47973.43641070003,5630.005010730856,-42343.43139996917,254.89703050741508,26.512914392253904,0.999732298492553
4245000,8490.00000081214,-47748.54805780883,5706.089347274154,-42042.45871053468,258.3417292982774,26.84089160519147,0.9875162582146721
4250000,8500.000000814178,-47627.60976232542,5712.9449258596505,-41914.66483646577,258.6521138575314,26.829361997573624,0.9879406318905907
4255000,8510.000000816215,-47721.753849649336,5599.398965704699,-42122.35488394464,253.51134968157675,26.5869394729669,0.9969487790068842
4260000,8520.000000818252,-47483.82568576827,5850.436503696508,-41633.38918207176,264.8770097223833,26.550665462727565,0.9983108288684425
4265000,8530.00000082029,-47740.95334937901,5651.233685372719,-42089.71966400629,255.85815329815958,26.780483871088098,0.9897437616397836
4270000,8540.000000822327,-47723.528844938905,5770.0525151535885,-41953.47632978531,261.2376452918226,26.93629266197564,0.9840187429549639
4275000,8550.000000824364,-47705.732720597065,5728.25045504324,-41977.48226555382,259.34506775931396,26.88331590085237,0.9859578685479005
4280000,8560.000000826401,-47786.162517717865,5703.839699211895,-42082.32281850597,258.2398770601953,26.70755846894469,0.9924462723136976
4285000,8570.000000828439,-47740.702984715754,5917.082457893235,-41823.62052682252,267.89438817723374,26.27034362923224,1.0089634615822087
4290000,8580.000000830476,-47678.68488631549,5796.603003841523,-41882.08188247397,262.4397118463241,26.906667804831944,0.9851021701150348
4295000,8590.000000832513,-47851.44900940923,5782.513142682473,-42068.93586672676,261.8017970020463,26.426556027388127,1.002999286688512
4300000,8600.00000083455,-47540.03567075863,5842.905332324026,-41697.13033843461,264.536037873259,26.538174869073107,0.9987806989693732
4305000,8610.000000836588,-47725.16131653078,5832.587073865587,-41892.57424266519,264.0688813723232,26.3753479327197,1.004946623366539
4310000,8620.000000838625,-47943.67092026211,5619.701249540269,-42323.969670721846,254.4305303665569,26.311444684278403,1.007387361779569
4315000,8630.000000840662,-47331.442821057804,5697.925718225129,-41633.51710283267,257.9721230903266,26.35918850095205,1.0055627032731655
4320000,8640.0000008427,-47736.73510276788,5647.518118695165,-42089.216984072715,255.68993197136575,26.550382406962452,0.9983214719405896
4325000,8650.000000844737,-47662.52200330573,5685.490795048587,-41977.03120825714,257.40913513805174,26.31883695778294,1.007104412995957
4330000,8660.000000846774,-48001.19145169505,5731.574018355002,-42269.61743334005,259.4955412344276,26.373295943840642,1.0050248137944469
4335000,8670.000000848811,-47848.93731810147,5957.935809465274,-41891.0015086362,269.74401317439447,26.28675185653579,1.0083336651771995
4340000,8680.000000850849,-47721.0100837893,5878.992465791109,-41842.017617998186,266.16987357016365,26.561427119348302,0.9979063521702299
4345000,8690.000000852886,-47798.34734097193,5579.778496933299,-42218.56884403863,252.6230379984679,26.592545106206313,0.9967386250260872
4350000,8700.000000854923,-47831.62036037311,5783.018609845637,-42048.60175052747,261.8246818980036,26.761548359505298,0.9904440688197257
4355000,8710.00000085696,-47470.67764797213,5684.704667757818,-41785.97298021431,257.37354342691896,26.7091282660983,0.9923879424678911
4360000,8720.000000858998,-47770.49889385939,5603.3264676228,-42167.17242623659,253.68916632193995,26.81936530829785,0.9883088783202278
4365000,8730.000000861035,-47600.04779414367,5771.531251791819,-41828.51654235185,261.30459471322973,26.688462951897424,0.9931563647137591
4370000,8740.000000863072,-47372.489480352146,5670.073231014625,-41702.41624933752,256.7111088872004,26.7434178571805,0.9911155330502223
4375000,8750.00000086511,-47859.47602476989,5696.225002306041,-42163.251022463846,257.8951236140053,26.61643350224228,0.9958440466064442
4380000,8760.000000867147,-47926.87254424667,5610.8760768641305,-42315.99646738254,254.03097294083966,26.70202684181445,0.9926518687936112
4385000,8770.000000869184,-47711.55740961898,5864.605181062823,-41846.952228556154,265.51849295019707,26.981338353619694,0.9823759109988103
4390000,8780.000000871221,-47710.69267198228,5660.85986195117,-42049.83281003111,256.2939759697754,26.708472229853204,0.9924123183458468
4395000,8790.000000873259,-47589.053219888185,5713.396338125158,-41875.656881763025,258.672551431884,26.544577154051087,0.9985398031122568
4400000,8800.000000875296,-47713.27016629296,5913.0543405808985,-41800.21582571206,267.71201620074464,26.53078073684334,0.9990590592871476
4405000,8810.000000877333,-47811.97109505348,5619.944994064169,-42192.02610098931,254.4415658372583,26.449576378100982,1.002126327703678
4410000,8820.00000087937,-47309.92901787232,5718.625834626614,-41591.303183245705,258.909315542525,26.555210293236303,0.9981399714938578
4415000,8830.000000881408,-47394.62613369903,5911.633369807333,-41482.99276389169,267.6476821140202,26.381685522701932,1.004705208175404
4420000,8840.000000883445,-47941.88703275629,5768.865077187918,-42173.02195556837,261.18388434298083,26.487157433174676,1.000704470156025
4425000,8850.000000885482,-47568.06232897419,5933.586344242487,-41634.475984731704,268.64159739183265,26.869315200243484,0.9864716181848988
4430000,8860.00000088752,-47350.37685418682,5703.863777593855,-41646.513076592964,258.2409672027528,26.469395839325074,1.00137596664466
4435000,8870.000000889557,-47668.909057584184,5731.579171545459,-41937.32988603872,259.49577454380164,26.674120324388056,0.9936903831415241
4440000,8880.000000891594,-47689.597434029274,5628.19163814955,-42061.40579587972,254.81493052965354,26.40893240907505,1.003668623726567
4445000,8890.000000893631,-47443.17734641762,5694.033651339628,-41749.143695078,257.79591076196107,26.44308107902907,1.0023724832173573
4450000,8900.000000895669,-47642.54991764785,5632.016761456171,-42010.533156191676,254.98811200468313,26.285138513185345,1.0083955552225163
4455000,8910.000000897706,-47552.04280107439,5704.9367846314335,-41847.10601644296,258.2895473207227,26.42023386967061,1.0032392966639072
4460000,8920.000000899743,-47901.863340569835,5832.0797681024105,-42069.78357246742,264.04591323422267,26.747384570453818,0.990968547795272
4465000,8930.00000090178,-48025.15440001077,5757.617847376619,-42267.53655263415,260.6746689026978,26.729383413429648,0.9916359249718781
4470000,8940.000000903818,-47765.94011903112,5749.009618004223,-42016.930501026894,260.2849335293246,26.280221656476478,1.0085842194018257
4475000,8950.000000905855,-47651.87723573769,5765.678221986964,-41886.199013750724,261.0396002924636,26.66956282867147,0.9938601924366323
4480000,8960.000000907892,-47580.097749612236,5786.514668365157,-41793.58308124708,261.9829650493342,26.799129530820732,0.9890551413104997
4485000,8970.00000090993,-47528.04164997686,5954.749237397649,-41573.29241257921,269.599741942666,26.71706518595566,0.9920931307618913
4490000,8980.000000911967,-47551.15788689093,5563.696234732869,-41987.46165215806,251.89491770889128,26.80397314756467,0.9888764139249456
4495000,8990.000000914004,-47646.45599655772,5703.011542606831,-41943.44445395089,258.2023824826552,26.582463759784567,0.9971166361638669
4500000,9000.000000916041,-47485.124801095866,5691.178552560685,-41793.94624853518,257.66664689822187,26.822711216179584,0.9881855950906206
4505000,9010.000000918079,-47951.42502009275,5957.053992347303,-41994.371027745445,269.70408913091796,26.464736320150077,1.001552274107599
4510000,9020.000000920116,-47803.847796733375,5782.283830750086,-42021.56396598329,261.79141496321796,26.60364441632858,0.9963227755681378
4515000,9030.000000922153,-47735.44930995366,5755.97603704346,-41979.4732729102,260.60033636164667,26.466284822430975,1.0014936747994116
4520000,9040.00000092419,-47776.05392370181,5827.807901548442,-41948.24602215337,263.8525055734381,26.410239671420197,1.003618943821533
4525000,9050.000000926228,-47973.397218698636,5754.962359198711,-42218.434859499925,260.5544423576404,26.64672665165031,0.99471192809578
4530000,9060.000000928265,-47722.27180743887,5687.024417688894,-42035.24738974997,257.47856950910256,26.425744721644556,1.003030080109498
4535000,9070.000000930302,-47891.370261465956,5671.797465604754,-42219.572795861204,256.789173165311,26.18374224319943,1.012300556540519
4540000,9080.00000093234,-47610.09529491677,5669.389777872815,-41940.705517043956,256.6801657217847,26.526585660866132,0.9992170565776022
4545000,9090.000000934377,-47629.96886196168,5727.038207749176,-41902.930654212505,259.2901835745027,26.518514808216306,0.9995211661285011
4550000,9100.000000936414,-47946.21024860075,5868.454640015695,-42077.75560858505,265.69277621535883,26.477558812824807,1.001067244623239
4555000,9110.000000938451,-47413.90730543964,5669.119762458444,-41744.7875429812,256.6679408432662,26.660034009268035,0.9942154175756063
4560000,9120.000000940488,-47859.91233653948,5521.609350721512,-42338.302985817965,249.989444847436,26.468419508691028,1.0014129040232636
4565000,9130.000000942526,-47661.32726181083,6020.793001604638,-41640.534260206194,272.58985640043414,26.581998239207902,0.997134098293963
4570000,9140.000000944563,-47677.28199180751,5721.329076522211,-41955.9529152853,259.0317041248829,26.584454563209306,0.9970419660889395
4575000,9150.0000009466,-47685.08589577762,5777.847573808216,-41907.2383219694,261.59056456985326,26.493347772968555,1.0004706491698439
4580000,9160.000000948638,-47999.204742941365,5646.487711982873,-42352.71703095849,255.64328057217918,26.321799646309454,1.0069910568907712
4585000,9170.000000950675,-47800.911725806305,5795.981828132995,-42004.92989767331,262.4115882757011,26.88331666596821,0.985957840486929
4590000,9180.000000952712,-47677.59776332468,5848.136415152337,-41829.46134817234,264.7728738044408,26.66395022629923,0.9940693940750394
4595000,9190.00000095475,-47748.52903369005,5869.178586033349,-41879.3504476567,265.7255526853258,26.515806864587258,0.9996232428628707
4600000,9200.000000956787,-47837.405952273635,5771.492487965554,-42065.91346430808,261.30283969095404,26.598808265803374,0.9965039252973357
4605000,9210.000000958824,-47494.20162972162,5817.15216918295,-41677.04946053867,263.3700700280579,26.27964108970699,1.0086065009269052
4610000,9220.000000960861,-47506.157043495274,5715.531749195572,-41790.6252942997,258.769231619508,26.660716707394876,0.9941899588075356
4615000,9230.000000962898,-48079.235355504556,5957.503291428858,-42121.732064075695,269.72443103140995,26.30984641612425,1.0074485584552837
4620000,9240.000000964936,-48095.20395267574,5798.663525034612,-42296.54042764113,262.5330014139914,26.927262719161803,0.984348729447438
4625000,9250.000000966973,-47972.529615930864,5615.187779762757,-42357.34183616811,254.22618418189458,26.846980256993604,0.9872922984773884
4630000,9260.00000096901,-47796.93279336335,5839.255647860843,-41957.6771455025,264.37079934679565,26.43383179739203,1.0027232165303919
4635000,9270.000000971047,-47685.3745193386,5624.307278095881,-42061.067241242716,254.63906712611933,26.735036413642433,0.9914262481265528
4640000,9280.000000973085,-47730.0214446967,5772.891803330437,-41957.129641366264,261.36619333461374,26.53387820785859,0.9989424326691154
4645000,9290.000000975122,-47487.547955427435,5920.772138112235,-41566.7758173152,268.06143750126665,26.44708508761929,1.0022207270589716
4650000,9300.00000097716,-47586.50925338175,5735.621641870941,-41850.887611510814,259.67879634927357,26.5524975491771,0.9982419467703044
4655000,9310.000000979197,-47708.61387058796,5731.694036922858,-41976.9198336651,259.50097504425435,26.873257215630026,0.9863269134970348
4660000,9320.000000981234,-47769.70248093462,5786.713448316647,-41982.989032617974,261.9919647605712,26.718890922198973,0.9920253397599801
4665000,9330.000000983271,-47668.99114990991,5612.70427137779,-42056.28687853212,254.11374397778076,26.626523447811287,0.9954666780684459
4670000,9340.000000985308,-47946.43609861622,5758.111039664629,-42188.325058951596,260.6969980568359,26.425677819312806,1.0030326194975747
4675000,9350.000000987346,-47997.58452872519,5836.158874292769,-42161.425654432416,264.23059371906504,26.169307156859468,1.012858945260865
4680000,9360.000000989383,-47548.20577303227,5816.3129443496455,-41731.89282868263,263.3320743393277,26.838940996498692,0.9875880292207555
4685000,9370.00000099142,-48036.440147395246,5846.588749758692,-42189.85139763655,264.7028036513402,26.835659743608215,0.9877087836984336
4690000,9380.000000993457,-47945.851231744804,5957.176345206607,-41988.674886538196,269.70962862519036,26.685543820541135,0.9932650060779911
4695000,9390.000000995495,-47810.91391506145,5843.307558530943,-41967.60635653051,264.55424856144487,26.69853488022267,0.9927816999703177
4700000,9400.000000997532,-47985.659029365575,5733.555858114843,-42252.10317125073,259.58526852041797,26.239747402359495,1.010139939179478
4705000,9410.00000099957,-47683.70026381401,5849.647724356337,-41834.052539457676,264.8412979403952,26.719303890529112,0.992010007210536
4710000,9420.000001001607,-47751.16650411376,5588.043296373849,-42163.12320773991,252.9972246699043,26.276717639803145,1.0087187147360486
4715000,9430.000001003644,-47588.939815406105,5517.311972576073,-42071.627842830036,249.7948821559016,26.404884332172642,1.003822494037918
4720000,9440.000001005681,-47629.25169442495,5597.590677940219,-42031.66101648473,253.4294799175907,26.3901982321021,1.0043811195348105
4725000,9450.000001007718,-47688.71400302445,5734.954319283778,-41953.75968374067,259.6485834905755,26.38366614577167,1.0046297849077428
4730000,9460.000001009756,-47614.97937988548,5732.600603782823,-41882.37877610266,259.5420196259414,26.51854129247758,0.9995201678993972
4735000,9470.000001011793,-47995.19752180425,5691.537330942933,-42303.660190861316,257.6828904973077,26.440478258524543,1.0024711575161722
4740000,9480.00000101383,-47744.63220744004,5911.468046197106,-41833.16416124293,267.64019713003887,26.311238756805054,1.0073952461948947
4745000,9490.000001015867,-47576.15560625034,5740.89955683195,-41835.256049418385,259.917752593232,26.3836964615532,1.0046286305533054
4750000,9500.000001017905,-47475.0910507174,5548.113105986631,-41926.97794473077,251.18939555822539,27.03631122745534,0.9803784481585514
4755000,9510.000001019942,-47295.762312656676,5895.685870365107,-41400.07644229157,266.9256631737005,26.403011986185312,1.003893679212537
4760000,9520.00000102198,-47717.922775290266,5845.044480512561,-41872.87829477771,264.63288725794575,26.46553710001394,1.001521969682237
4765000,9530.000001024016,-47334.78559064842,5767.691217734479,-41567.09437291394,261.13073815779194,26.308641740387177,1.0074946896408725
4770000,9540.000001026054,-47662.09916362172,5991.061423731045,-41671.03773989068,271.2437668502767,26.522525795311516,0.9993700090882678
4775000,9550.000001028091,-47905.68719654705,5755.84910707599,-42149.83808947106,260.5945896399778,26.220780947151955,1.0108706105484357
4780000,9560.000001030128,-47949.43411526008,5620.187097275892,-42329.24701798419,254.45252699797248,26.44711944237299,1.0022194251763106
4785000,9570.000001032166,-47439.05402611045,5775.23411747645,-41663.819908633996,261.47224100583185,26.30248585661647,1.0077304856125098
4790000,9580.000001034203,-47665.93411122769,5759.392250354362,-41906.54186087333,260.7550045416694,26.13797074019513,1.0140732464874742
4795000,9590.00000103624,-47694.00756114203,5691.766849305422,-42002.24071183661,257.69328188220584,26.529074451064325,0.9991233163447545
4800000,9600.000001038277,-47675.594908601255,5670.860665035101,-42004.734243566156,256.7467597601849,26.239642539264327,1.0101439760637616
4805000,9610.000001040315,-47533.441963308724,5678.150466137828,-41855.291497170896,257.0768036323543,26.495251215968423,1.0003987744463996
4810000,9620.000001042352,-47754.535219802696,5793.679950916743,-41960.85526888595,262.3073713760897,26.719078545309856,0.9920183736933919
4815000,9630.00000104439,-47804.080068102805,5788.966370005988,-42015.113698096815,262.0939652112785,26.43566458746315,1.0026536975232467
4820000,9640.000001046426,-47829.781009356084,5812.928899960651,-42016.85210939543,263.17886259898,26.49430634078769,1.0004344519976685
4825000,9650.000001048464,-47718.7903135423,5800.462304404612,-41918.32800913769,262.6144406878601,26.71240425084831,0.9922662369210938
4830000,9660.000001050501,-47767.53777551238,5628.893073536943,-42138.644701975434,254.84668783661834,26.499612558806106,1.0002341274342939
4835000,9670.000001052538,-47903.60836058442,5858.763680364879,-42044.84468021954,265.2540205067845,26.664854201068522,0.9940356937725966
4840000,9680.000001054575,-47766.36314853979,5776.001146787052,-41990.36200175274,261.5069680608188,26.367407343303274,1.0052492647456355
4845000,9690.000001056613,-47838.13988852332,5775.079264476761,-42063.06062404656,261.46523007605276,26.263661242766972,1.009220176886191
4850000,9700.00000105865,-47562.04056792689,5840.319045296943,-41721.721522629945,264.4189443925273,26.30037104575414,1.0078115171452426
4855000,9710.000001060687,-47678.30342665035,5881.12016071523,-41797.18326593512,266.2662044112464,26.143935344782438,1.013841890884039
4860000,9720.000001062725,-47762.23903618049,6178.2317277219845,-41584.0073084585,279.7178542792446,26.62271761518676,0.9956089843354012
4865000,9730.000001064762,-47665.78289391665,5707.178999558355,-41958.6038943583,258.391063025512,26.51729063255307,0.9995673092093842
4870000,9740.000001066799,-47997.70156693907,5819.737331088079,-42177.96423585099,263.48711256918216,26.460398524554456,1.0017164639643534
4875000,9750.000001068836,-47544.500979667995,5862.791891047405,-41681.70908862059,265.4363967105849,26.58566314910304,0.9969966404993945
4880000,9760.000001070874,-47833.088295664464,5692.955372032148,-42140.132923632314,257.74709194332587,26.58322309231831,0.9970881541735851
4885000,9770.00000107291,-47836.58934016072,5714.667405514607,-42121.92193464611,258.730098681403,26.768169473305736,0.9901990822172926
4890000,9780.000001074948,-47556.24034311721,5718.214100603944,-41838.02624251327,258.89067439042344,26.45072302279768,1.0020828853055972
4895000,9790.000001076985,-47731.89067700377,5815.5400498405725,-41916.3506271632,263.2970817389867,26.9923012182069,0.9819769211535594
4900000,9800.000001079023,-47715.04587083176,5667.653252935591,-42047.39261789617,256.6015450013667,26.631562139254182,0.9952783357772111
4905000,9810.00000108106,-47577.11434245092,5753.271222879127,-41823.84311957179,260.4778765952257,26.806389256490057,0.988787284683893
4910000,9820.000001083097,-47810.3786978483,5877.670173368269,-41932.708524480026,266.1100071204177,26.605880922937924,0.9962390240667668
4915000,9830.000001085134,-47854.560065414524,5670.642207485098,-42183.917857929424,256.73686915073046,26.725465791096163,0.9917812865186785
4920000,9840.000001087172,-47863.20925282274,5640.449816470428,-42222.75943635231,255.3699164039941,26.47030332946495,1.0013416361421066
4925000,9850.000001089209,-47693.179471646145,5626.061463504511,-42067.11800814163,254.7184874198432,26.094375273398402,1.015767442883575
4930000,9860.000001091246,-47828.04585315898,5667.255471799122,-42160.79038135986,256.5835355626034,26.713704553203474,0.9922179378870812
4935000,9870.000001093284,-47748.57688090397,5601.155083466553,-42147.42179743742,253.5908574620964,26.294171059609226,1.008049152225231
4940000,9880.00000109532,-47542.26975352259,5687.369083177506,-41854.90067034509,257.4941741505546,26.82903134303776,0.9879528077700298
4945000,9890.000001097358,-47839.9009580983,5740.641450136341,-42099.25950796196,259.9060668788962,26.191881990749504,1.0119859601713865
4950000,9900.000001099395,-47670.2237717121,5847.575884553129,-41822.64788715897,264.74749592556253,26.23926431956123,1.0101585365464816
4955000,9910.000001101433,-47608.452770882635,5533.177162444219,-42075.27560843842,250.5131745514002,26.159901620010906,1.0132231087913868
4960000,9920.00000110347,-47528.31690564699,5613.86200976375,-41914.454895883246,254.16616028578105,26.280057302747448,1.0085905270203972
4965000,9930.000001105507,-47777.29099539982,5908.128787568336,-41869.16220783148,267.48901305347994,26.669948256163384,0.993845829415092
4970000,9940.000001107544,-47896.03673761542,5823.420257468617,-42072.6164801468,263.6538561149139,26.852036694563747,0.9871063840185518
4975000,9950.000001109582,-47809.26045792701,5687.464759388909,-42121.7956985381,257.49850586644664,26.503944281712457,1.0000706522535636
4980000,9960.000001111619,-47527.8321694248,5668.399330163449,-41859.43283926135,256.63532345619006,26.662010031700955,0.9941417325096286
4985000,9970.000001113656,-47707.47183847119,5740.250439554433,-41967.22139891676,259.88836397525125,26.41938724632062,1.0032714460020529
4990000,9980.000001115694,-47702.48415910482,5684.972164902378,-42017.51199420244,257.3856542914187,26.420669510515538,1.0032227546147103
4995000,9990.00000111773,-47626.775255558896,5707.699633455153,-41919.075622103745,258.41463459143813,26.432800036240668,1.0027623561924393
5000000,10000.000001119768,-47623.22608500166,5558.298961331664,-42064.92712367,251.6505575422162,26.102518866299516,1.0154505387342316
5005000,10010.000001121805,-47736.62365759554,5624.120909086092,-42112.50274850945,254.63062931707947,26.412719376244954,1.0035247210835496
5010000,10020.000001123843,-47638.85203160439,5797.473208559161,-41841.37882304523,262.4791101413588,26.422448309548543,1.003155216147234
5015000,10030.00000112588,-47411.68144715758,5925.339155073885,-41486.34229208369,268.2682080209346,26.411840694972973,1.0035581068058312
5020000,10040.000001127917,-47745.505025036575,5569.538554961315,-42175.96647007526,252.15942725633678,26.742103773833467,0.9911642355916522
5025000,10050.000001129954,-47450.599564830074,5617.380497976259,-41833.21906685382,254.32545893569957,26.338756662035337,1.0063427513003964
5030000,10060.000001131992,-47678.76707786735,5711.362185033446,-41967.4048928339,258.5804556732325,26.337604898243676,1.0063867594456861
5035000,10070.000001134029,-47844.96935589763,5621.577322522611,-42223.392033375014,254.51546908886763,26.373296391777274,1.0050247967246266
5040000,10080.000001136066,-47532.92884774023,5857.439371176868,-41675.489476563365,265.1940627485136,26.21943204877002,1.0109226163176064
5045000,10090.000001138103,-47705.97399182536,5634.272339043071,-42071.70165278229,255.0902327004701,26.201380261888442,1.0116191048018437
5050000,10100.00000114014,-47391.79140979698,5510.58427419446,-41881.20713560252,249.49028734002593,26.18213219382248,1.012362807157401
5055000,10110.000001142178,-47220.65498222603,5897.441915677306,-41323.21306654872,267.00516767408067,26.48978600711507,1.0006051705357266
5060000,10120.000001144215,-47545.12980574608,5652.3408227345435,-41892.78898301154,255.90827865779158,26.533308830585742,0.9989638689370787
5065000,10130.000001146253,-47680.5850791923,5635.591428156058,-42044.993651036246,255.1499541211854,26.6212537820529,0.9956637302700433
5070000,10140.00000114829,-47643.771339203406,5779.043809672958,-41864.72752953045,261.64472384131534,26.550079616387173,0.9983328573050467
5075000,10150.000001150327,-47637.58646413521,5746.3209243878755,-41891.265539747335,260.1632036165723,26.500178682337875,1.0002127594245305
5080000,10160.000001152364,-47876.03048181068,5865.468000417953,-42010.56248139273,265.5575568748415,26.80451219945409,0.988856527135163
5085000,10170.000001154402,-47657.82983509771,5940.864188059559,-41716.96564703815,268.9710999009658,26.263262079316842,1.0092355155675221
5090000,10180.000001156439,-47524.46876144328,5576.949469775793,-41947.519291667486,252.4949545206915,26.260004688561676,1.0093607049754136
5095000,10190.000001158476,-47922.25342559436,5913.832457046836,-42008.42096854752,267.74724522384116,26.26336241184086,1.0092316600388576
5100000,10200.000001160513,-47791.942850224674,5642.573643413608,-42149.36920681107,255.46607212323346,26.42220591005221,1.0031644191759275
5105000,10210.00000116255,-47890.12236203026,5767.270862158952,-42122.85149987131,261.11170666709967,26.614149645804275,0.9959295035858091
5110000,10220.000001164588,-47962.66015086474,5604.347267796618,-42358.31288306812,253.73538278756507,26.54740158906576,0.9984335663201553
5115000,10230.000001166625,-47721.520618593204,5728.687899475132,-41992.83271911807,259.36487294358807,26.7355304288799,0.9914079286967324
5120000,10240.000001168662,-47928.58842399012,5643.779711446086,-42284.808712544036,255.52067654356398,26.152127463302357,1.013524306284383
5125000,10250.0000011707,-47782.51396107016,5756.640007136665,-42025.87395393349,260.63039743704195,26.266284259619873,1.0091193936347005
5130000,10260.000001172737,-47834.614838876994,5864.4575742229235,-41970.15726465407,265.51181008844094,26.51869798590887,0.9995142619441034
5135000,10270.000001174774,-47650.024465204624,5805.464712998935,-41844.55975220569,262.8409234518448,26.38864298905618,1.0044403138159357
5140000,10280.000001176812,-47694.427080155874,5816.168067576129,-41878.25901257974,263.3255150806257,26.40433528051999,1.0038433675192409
5145000,10290.000001178849,-48215.80828183587,5725.818623294484,-42489.98965854138,259.2349672016289,26.18338543712525,1.012314351356638
5150000,10300.000001180886,-48086.878102118906,5619.782050554806,-42467.0960515641,254.43418861173222,26.522156113605558,0.9993839389063512
5155000,10310.000001182923,-47648.00105846638,5743.82178945463,-41904.17926901175,260.05005592449965,26.539796879806293,0.9987196573185584
5160000,10320.00000118496,-47695.2748915907,5638.614116348773,-42056.66077524193,255.2868055525792,26.329522444734454,1.0066956930472197
5165000,10330.000001186998,-47533.012362747744,5695.411658796051,-41837.60070395169,257.8582996955392,26.242326245400903,1.0100406723565356
5170000,10340.000001189035,-47697.88911380654,5683.94628943291,-42013.942824373626,257.33920804308684,26.74814637926826,0.9909403242105853
5175000,10350.000001191072,-47696.62658204028,5656.872198651535,-42039.75438338874,256.1134355383187,26.462037146657803,1.0016544341693667
5180000,10360.00000119311,-47973.82147653162,5599.194736455458,-42374.626740076164,253.502103254784,26.356013526631163,1.0056838382755326
5185000,10370.000001195147,-47865.4685287294,5745.7132143626,-42119.7553143668,260.13568970129927,26.282458099421447,1.0084983963386498
5190000,10380.000001197184,-47561.40980132512,5627.650398477152,-41933.759402847965,254.79042604253067,26.399391483040535,1.0040313566368422
5195000,10390.000001199222,-47659.69833407074,5719.19600237814,-41940.502331692594,258.9351297409988,26.321603942166302,1.0069985439847333
5200000,10400.000001201259,-47776.65982955386,5834.511270634044,-41942.14855891981,264.15599888668714,26.484457936331737,1.000806469546173
5205000,10410.000001203296,-47570.07473629259,5690.723237438902,-41879.35149885369,257.646032623054,26.950396332093053,0.9835037866786637
5210000,10420.000001205333,-48020.31541071861,5804.642592579419,-42215.672818139195,262.8037021610546,26.725180097088522,0.9917918887286326
5215000,10430.00000120737,-47581.323799175385,5809.926139440538,-41771.397659734845,263.0429133878438,26.23571700997651,1.0102951192462193
5220000,10440.000001209408,-47741.10483894026,5518.782688692132,-42222.322150248125,249.86146845022787,26.25778370897027,1.009446080403552
5225000,10450.000001211445,-47756.2634191729,5627.271514012025,-42128.991905160874,254.77327214570784,26.53295055371622,0.9989773580379988
5230000,10460.000001213482,-47945.15946413088,5720.54564973456,-42224.61381439632,258.99623467833504,26.469521001865242,1.0013712315850554
5235000,10470.00000121552,-47863.33995758265,5858.757805297751,-42004.5821522849,265.2537545146296,26.506786965882785,0.9999634010421652
5240000,10480.000001217557,-47555.58740777068,5914.400362968864,-41641.187044801816,267.7729570185654,26.403512726642976,1.003874640451082
5245000,10490.000001219594,-47515.9892304737,5841.288891002626,-41674.70033947108,264.4628539076979,26.41395390325323,1.0034778186631024
5250000,10500.000001221631,-47665.96707523707,5614.557076770896,-42051.40999846617,254.19762926596624,26.211150826085486,1.0112420099740735
5255000,10510.000001223669,-47622.78680368909,5687.8787447215,-41934.90805896759,257.5172489460265,26.325886604079077,1.0068347267361293
5260000,10520.000001225706,-47261.66210266092,5747.03348567252,-41514.6286169884,260.19546464567696,26.35429087419581,1.005749574960366
5265000,10530.000001227743,-47617.814570823335,5614.267101190959,-42003.54746963238,254.18450069607957,26.56983044273986,0.997590741206515
5270000,10540.00000122978,-47720.53257773392,5893.083294777645,-41827.44928295627,266.80783223258226,26.506301808221007,0.9999817038559271
5275000,10550.000001231818,-47623.86241073592,5719.896992084404,-41903.96541865152,258.96686686986493,26.66141483161355,0.9941639261272525
5280000,10560.000001233855,-47502.93981098168,5714.377117524201,-41788.56269345748,258.7169559672126,26.440985043210684,1.0024519435182784
5285000,10570.000001235892,-47153.34940425807,5607.969163522051,-41545.38024073602,253.8993631860657,26.499056405319383,1.0002551200194263
5290000,10580.00000123793,-47271.00848194957,5797.919039750751,-41473.08944219882,262.4992950340236,26.28637267558089,1.0083482103914343
5295000,10590.000001239967,-47673.519894161785,5621.961001569008,-42051.55889259278,254.53284005912568,26.50294033788837,1.0001085353994401
5300000,10600.000001242004,-47717.56678421417,5801.747285909459,-41915.819498304714,262.6726178953792,26.523415430511708,0.9993364887167895
5305000,10610.000001244041,-47918.68947034242,5723.930518995534,-42194.758951346885,259.1494837645496,26.544946725572768,0.998525900960623
5310000,10620.000001246079,-47718.742651952954,5694.9791191627955,-42023.76353279016,257.83871657476345,26.52297172383769,0.9993532067631025
5315000,10630.000001248116,-47512.25235478021,5659.586409007986,-41852.66594577223,256.2363207149239,26.301462923209893,1.007769678914478
5320000,10640.000001250153,-47543.29256569297,5566.1940327086895,-41977.09853298428,252.00800487055997,26.351768738957862,1.0058458355365982
5325000,10650.00000125219,-47778.411801455775,5660.489703947847,-42117.92209750793,256.2772171612689,26.289650869267284,1.0082224741938168
5330000,10660.000001254228,-47840.20057513856,5705.953589494119,-42134.24698564444,258.33558289966265,26.04716830905045,1.0176083837832948
5335000,10670.000001256265,-47731.24283957586,5869.220772456941,-41862.02206711892,265.72746266481613,26.214806684440447,1.0111009844233017
5340000,10680.000001258302,-47809.62288635975,5627.6561234731635,-42181.96676288659,254.79068524025433,26.580195687537124,0.9972017195318199
5345000,10690.00000126034,-47613.69786370953,5918.440051565919,-41695.25781214361,267.95585288199743,26.83535841754162,0.9877198743795452
5350000,10700.000001262377,-47691.00147444621,5741.226425935167,-41949.775048511045,259.93255150790725,26.357488980969155,1.0056275415401759
5355000,10710.000001264414,-47913.49038421281,5803.165100439943,-42110.325283772865,262.73680908400894,26.612228918900563,0.9960013843966035
5360000,10720.000001266451,-47474.76970947848,5728.98038128109,-41745.789328197396,259.3781149822139,26.517216128444854,0.9995701176441241
5365000,10730.000001268489,-47588.669055886974,5645.632697068873,-41943.0363588181,255.60456999160198,26.588678908906385,0.9968835584465858
5370000,10740.000001270526,-47646.782511225145,5661.611873765165,-41985.17063745998,256.32802311146145,26.33044201258774,1.0066605350731561
5375000,10750.000001272563,-47988.77200359962,5632.372102511976,-42356.39990108764,255.00419997969726,26.49277868715745,1.000492140069594
5380000,10760.0000012746,-47747.612599211454,5768.321962004045,-41979.29063720741,261.1592949425577,26.44758926972451,1.0022016212814688
5385000,10770.000001276638,-48032.00562329346,5936.307994209965,-42095.697629083494,268.76481939491583,26.54593245053029,0.9984888228921412
5390000,10780.000001278675,-47718.021570564306,5707.982029311773,-42010.03954125253,258.42741999129885,26.585052022180836,0.9970195590736314
5395000,10790.000001280712,-47965.09213777579,5596.404620732752,-42368.68751704304,253.37578148222178,26.324115045639164,1.0069024846286418
5400000,10800.00000128275,-47902.113284363586,5760.889853325451,-42141.22343103813,260.8228081314499,26.551232842973675,0.9982894957029685
5405000,10810.000001284787,-47816.188174684066,5853.834030070883,-41962.354144613186,265.0308318561555,26.462574717808405,1.0016340861672384
5410000,10820.000001286824,-47801.70576729544,5769.0597922333745,-42032.64597506206,261.19270001664137,26.71366066868286,0.9922195678774106
5415000,10830.000001288861,-47755.11169476283,5730.7463611978155,-42024.365333565016,259.45806926926184,26.475198012915985,1.0011565100352926
5420000,10840.000001290899,-47629.62149179302,5753.341491166406,-41876.28000062661,260.4810579738803,26.342184505382647,1.0062117984060206
5425000,10850.000001292936,-47426.92514839739,5724.218713826045,-41702.706434571344,259.1625317114635,26.317059762474866,1.0071724229200774
5430000,10860.000001294973,-47692.11245963385,5735.124545599441,-41956.987914034406,259.65629044328585,26.434411030181717,1.0027012447843473
5435000,10870.00000129701,-47625.83119298442,5835.590668870511,-41790.240524113906,264.20486836454484,26.424583399511057,1.0030741618274568
5440000,10880.000001299048,-47724.31116938079,5653.010365203802,-42071.300804176986,255.9385920210812,26.41766311577459,1.003336923820376
5445000,10890.000001301085,-47490.52439407306,5853.108534647357,-41637.4158594257,264.9979852372358,26.325339564083603,1.0068556487403075
5450000,10900.000001303122,-47554.22496743151,5686.290670704407,-41867.9342967271,257.44534930288023,26.04290716775048,1.0177748848994492
5455000,10910.00000130516,-47859.77210589632,5644.886958000401,-42214.88514789592,255.5708068468579,26.395149760629284,1.0041927053067936
5460000,10920.000001307197,-48014.39199191891,6067.88453263892,-41946.50745927999,274.72191337015397,26.288811661044406,1.008254659315067
5465000,10930.000001309234,-48023.59161909501,5474.548279971018,-42549.04333912399,247.85876695923943,26.05700478198139,1.017224238429478
5470000,10940.000001311271,-47619.57997000957,5621.583156234314,-41997.99681377525,254.51573320866626,26.808125074076198,0.9887232610211801
5475000,10950.000001313309,-47404.01200047339,5794.415407638208,-41609.59659283518,262.34066899021445,27.070026442298154,0.9791574050215088
5480000,10960.000001315346,-47596.857704427326,5610.474394805899,-41986.38330962143,254.0127868888457,26.38633003514646,1.0045283603213735
5485000,10970.000001317383,-47744.09151672403,5734.874773657966,-42009.21674306606,259.64498208280224,26.344450575460097,1.0061252471059123
5490000,10980.00000131942,-47906.19884333812,5665.487705892625,-42240.7111374455,256.50350041532744,26.564331530978286,0.9977972460626099
5495000,10990.000001321458,-47794.702079504845,5616.676192509643,-42178.0258869952,254.29357168663523,26.311366606050488,1.0073903511727544
5500000,11000.000001323495,-47689.95913249458,5865.016839405187,-41824.94229308939,265.5371306758922,26.81602023182493,0.988432161669072
