#"Step","Time (ps)","Potential Energy (kJ/mole)","Kinetic Energy (kJ/mole)","Total Energy (kJ/mole)","Temperature (K)"
505000,1009.9999999899404,-47711.44256927306,5761.224800630154,-41950.217768642906,260.8379727846221
510000,1019.999999989704,-47464.86163007771,5926.6778263109345,-41538.18380376677,268.32881601728616
515000,1029.9999999894676,-47605.05205516296,5933.268861362401,-41671.783193800555,268.62722343599836
520000,1039.9999999892311,-47614.756283253955,5585.180278584336,-42029.57600466962,252.867602274996
525000,1049.9999999889947,-47348.11647889076,5901.017143253792,-41447.09933563697,267.16703518412686
530000,1059.9999999887582,-47855.48377198563,5554.122409285633,-42301.361362699994,251.46146522129214
535000,1069.9999999885217,-47894.948211223294,5744.217264908347,-42150.73094631495,260.0679609740687
540000,1079.9999999882853,-47669.946345469216,5671.598965960737,-41998.34737950848,256.7801861449229
545000,1089.9999999880488,-47787.106405856204,5617.752308514944,-42169.35409734126,254.34229256232004
550000,1099.9999999878123,-47525.18125516287,5646.029038150432,-41879.15221701244,255.62251423224913
555000,1109.9999999875758,-47759.27074890741,5772.166888715536,-41987.10386019187,261.3333730116553
560000,1119.9999999873394,-47865.23523175198,5596.212244535917,-42269.02298721606,253.3670716993317
565000,1129.999999987103,-47862.556132967235,5661.1376160871605,-42201.418516880076,256.30655121692706
570000,1139.9999999868664,-47728.351434001874,5943.393414690072,-41784.9580193118,269.08560998690166
575000,1149.99999998663,-47988.5106422822,5631.7943214248635,-42356.71632085733,254.97804108941074
580000,1159.9999999863935,-47658.700160883425,5766.639102432464,-41892.06105845096,261.0831039077826
585000,1169.999999986157,-47880.54616208433,5602.448377825283,-42278.097784259044,253.64941103193945
590000,1179.9999999859206,-47760.631820343435,5612.715565587647,-42147.916254755786,254.1142553202305
595000,1189.999999985684,-47851.65287047508,5715.970183056592,-42135.68268741849,258.7890815999316
600000,1199.9999999854476,-47852.68736170011,5685.472095081516,-42167.215266618594,257.40828850184664
605000,1209.9999999852112,-47789.43275608134,5748.521712048039,-42040.9110440333,260.2628437125019
610000,1219.9999999849747,-47325.216042400105,5829.961212273693,-41495.25483012641,263.94999616333644
615000,1229.9999999847382,-47943.00292348664,5618.797632989126,-42324.20529049751,254.38961935934384
620000,1239.9999999845018,-47996.174444276665,5740.9768169151885,-42255.19762736148,259.9212505236525
625000,1249.9999999842653,-47794.58957122726,5795.1504844587635,-41999.4390867685,262.37394940442323
630000,1259.9999999840288,-47887.21988185041,5672.882940633874,-42214.336941216534,256.83831776839486
635000,1269.9999999837923,-47545.26704324223,5751.823929152941,-41793.44311408929,260.4123507435837
640000,1279.9999999835559,-47550.63940413564,5758.282070362069,-41792.35733377357,260.70474142772457
645000,1289.9999999833194,-48032.58701198775,5683.604547251431,-42348.98246473632,257.3237357536143
650000,1299.999999983083,-47780.84367835731,5664.555295254324,-42116.28838310299,256.46128576321547
655000,1309.9999999828465,-47612.39541626914,5722.541526751174,-41889.853889517966,259.0865974975196
660000,1319.99999998261,-47546.04515174549,5738.982486020868,-41807.062665724625,259.83095770475757
665000,1329.9999999823735,-47745.2698793147,5797.851175060604,-41947.418704254094,262.4962224776117
670000,1339.999999982137,-47850.86961263209,5639.7287113375005,-42211.14090129459,255.33726855435336
675000,1349.9999999819006,-47903.88644427236,5676.1822474416995,-42227.70419683066,256.9876930365243
680000,1359.9999999816641,-47749.95499214379,5816.9865140847,-41932.96847805909,263.3625700360415
685000,1369.9999999814277,-47660.637135070865,5753.279057231765,-41907.3580778391,260.4782312935288
690000,1379.9999999811912,-47771.17322521319,5785.568878717748,-41985.60434649544,261.940144666022
695000,1389.9999999809547,-48018.24341851234,5766.316211989646,-42251.9272065227,261.06848512593484
700000,1399.9999999807183,-47567.986524018284,5723.945660020208,-41844.040863998074,259.150169270552
705000,1409.9999999804818,-47497.66254597512,5650.060364979612,-41847.60218099551,255.80503151878875
710000,1419.9999999802453,-47881.64408047672,5754.164119095081,-42127.479961381636,260.51830224201717
715000,1429.9999999800089,-47580.82223126764,5729.669865682239,-41851.152365585396,259.4093312113468
720000,1439.9999999797724,-47578.73558976967,5565.94241586323,-42012.79317390644,251.9966129825224
725000,1449.999999979536,-47595.48140062095,5603.555238901481,-41991.92616171947,253.69952388281064
730000,1459.9999999792994,-47521.84957346687,5878.778090895828,-41643.07148257104,266.16016780185294
735000,1469.999999979063,-47898.754984426254,5630.623513720156,-42268.131470706096,254.92503307136167
740000,1479.9999999788265,-47607.83208787383,5688.641825112558,-41919.19026276127,257.5517972146955
745000,1489.99999997859,-47231.78215518396,5708.1404817097355,-41523.64167347422,258.43459388291006
750000,1499.9999999783536,-47569.18347151921,5892.846074979707,-41676.3373965395,266.7970921671726
755000,1509.999999978117,-47496.65078175289,5772.706319508685,-41723.94446224421,261.3577956022349
760000,1519.9999999778806,-47868.92653450993,5932.788130572797,-41936.13840393713,268.6054584729992
765000,1529.9999999776442,-47745.22437562322,5505.137604886967,-42240.086770736256,249.2436907863835
770000,1539.9999999774077,-48148.57922324998,5861.718274779143,-42286.860948470836,265.3877890098523
775000,1549.9999999771712,-47721.43935661297,5900.848472566529,-41820.59088404644,267.1593986620927
780000,1559.9999999769348,-47529.42094049917,5686.174271473323,-41843.246669025844,257.44007935759595
785000,1569.9999999766983,-47732.42956078058,5768.883269796292,-41963.54629098429,261.1847080086512
790000,1579.9999999764618,-47803.25135706435,5866.547271879527,-41936.70408518482,265.6064206129984
795000,1589.9999999762254,-47624.967553281924,5807.00327605756,-41817.96427722437,262.9105814990657
800000,1599.9999999759889,-47906.60915297107,5837.779128249252,-42068.830024721814,264.3039503007001
805000,1609.9999999757524,-47461.21103004698,5833.733115719368,-41627.47791432761,264.1207681228339
810000,1619.999999975516,-47522.97742327745,5740.404925874376,-41782.572497403075,259.895358303699
815000,1629.9999999752795,-47480.8097692139,5835.899662163038,-41644.91010705086,264.2188579564833
820000,1639.999999975043,-47645.17920925724,5724.09003665969,-41921.08917259755,259.156705885814
825000,1649.9999999748065,-47469.9641002501,5775.7265126478615,-41694.23758760224,261.4945340707207
830000,1659.99999997457,-47689.45953019051,5822.44359811606,-41867.01593207445,263.6096381136315
835000,1669.9999999743336,-47516.00236390479,5890.532263481207,-41625.47010042358,266.6923349459983
840000,1679.9999999740971,-47496.77012315561,5772.966113321431,-41723.80400983418,261.3695577003657
845000,1689.9999999738607,-47629.92553650361,5830.950354755241,-41798.97518174836,263.99477933507694
850000,1699.9999999736242,-47760.23499623698,5727.053311489476,-42033.1816847475,259.2908673924646
855000,1709.9999999733877,-47833.080205143255,5634.7994367113315,-42198.28076843193,255.11409691198872
860000,1719.9999999731513,-47742.984264338156,5863.122131726042,-41879.862132612114,265.4513482724711
865000,1729.9999999729148,-47452.85563111596,5884.025065663911,-41568.83056545205,266.3977232365253
870000,1739.9999999726783,-47595.77378964523,5684.600157610728,-41911.1736320345,257.3688117568583
875000,1749.9999999724419,-47754.823463504144,5682.129603538491,-42072.69385996566,257.2569580559253
880000,1759.9999999722054,-47754.76203247224,5655.238345965504,-42099.523686506735,256.03946327769694
885000,1769.999999971969,-47562.72951650206,5815.960518105179,-41746.76899839688,263.3161183316481
890000,1779.9999999717324,-47634.591851860576,5650.04806159644,-41984.543790264135,255.80447448627635
895000,1789.999999971496,-47478.91261522664,5819.2918503891615,-41659.62076483748,263.46694354498305
900000,1799.9999999712595,-47442.26881953946,5978.8372987524635,-41463.431520786995,270.6903227322603
905000,1809.999999971023,-47703.939972586755,5843.62267274518,-41860.317299841576,264.56851527654135
910000,1819.9999999707866,-47630.20307412837,5925.649315050452,-41704.55375907791,268.28225043419326
915000,1829.99999997055,-47634.09115245129,5740.8322838504955,-41893.258868600795,259.9147068262792
920000,1839.9999999703136,-47615.22650025418,5798.302008399243,-41816.92449185494,262.51663384119905
925000,1849.9999999700772,-47744.798165201326,5924.3911719301395,-41820.40699327119,268.22528832763925
930000,1859.9999999698407,-47754.05108110403,5858.714539683597,-41895.33654142043,265.25179567506376
935000,1869.9999999696042,-47435.25244395755,5763.782105296601,-41671.47033866095,260.9537540964215
940000,1879.9999999693678,-47558.69665462384,5778.394414431989,-41780.30224019185,261.6153226386107
945000,1889.9999999691313,-47610.38228758436,5761.472725099139,-41848.90956248522,260.84919750126335
950000,1899.9999999688948,-47640.009479973174,5733.257892053114,-41906.75158792006,259.5717781835209
955000,1909.9999999686584,-47972.036602083244,5753.990609072361,-42218.045993010885,260.51044662031336
960000,1919.999999968422,-48099.155582626874,6021.459711976565,-42077.69587065031,272.62004154124463
965000,1929.9999999681854,-47543.40640207415,6038.294264287395,-41505.11213778675,273.38222157230564
970000,1939.999999967949,-47483.855774040916,5662.816472749222,-41821.03930129169,256.3825610210021
975000,1949.9999999677125,-47860.01514094678,5646.068657752103,-42213.946483194675,255.62430799953646
980000,1959.999999967476,-47645.52362771385,5793.495201674681,-41852.02842603916,262.29900690161753
985000,1969.9999999672395,-47799.633599917695,5836.8336084118055,-41962.79999150589,264.2611421329646
990000,1979.999999967003,-47768.68166261609,5853.698114266248,-41914.98354834984,265.0246783030176
995000,1989.9999999667666,-47549.86027897755,5404.898755230677,-42144.96152374687,244.70540261964695
1000000,1999.9999999665301,-47557.938528072205,5609.590215814609,-41948.3483122576,253.97275591216146
1005000,2009.9999999662937,-47703.542367887916,5690.782357073815,-42012.760010814105,257.64870924933683
1010000,2019.9999999660572,-47742.00307735463,5708.623904650647,-42033.379172703986,258.45648073236805
1015000,2029.9999999658207,-47850.72063448251,5825.879230310217,-42024.84140417229,263.76518547860496
1020000,2039.9999999655843,-47764.20028331608,5729.651458448732,-42034.54882486735,259.4084978285786
1025000,2049.999999965348,-47611.5780330096,5785.064663253817,-41826.51336975578,261.9173164404259
1030000,2059.9999999651113,-47695.67902764352,5649.228460133914,-42046.45056750961,255.7673672406169
1035000,2069.999999964875,-48080.69404334802,5621.444696518967,-42459.24934682905,254.50946448062433
1040000,2079.9999999646384,-47897.2422119659,5697.27597625962,-42199.966235706284,257.9427061897575
1045000,2089.999999964402,-47531.40491489362,5884.649586488875,-41646.755328404746,266.42599825643555
1050000,2099.9999999641655,-47731.987601724046,5832.945289279613,-41899.042312444435,264.0850994831673
1055000,2109.999999963929,-47664.36561350955,5692.957868998368,-41971.40774451118,257.74720499283
1060000,2119.9999999636925,-47768.8196430527,5637.859372978602,-42130.9602700741,255.25263474038894
1065000,2129.999999963456,-47772.081005682354,5771.7421666348855,-42000.33883904747,261.3141438285653
1070000,2139.9999999632196,-47721.16808117769,5808.263560441483,-41912.90452073621,262.96764055077966
1075000,2149.999999962983,-47548.37471456226,5704.689359706095,-41843.68535485616,258.2783452207916
1080000,2159.9999999627466,-47673.07694210223,5977.784115533581,-41695.29282656865,270.6426401325891
1085000,2169.99999996251,-47688.53210696665,5748.518818175626,-41940.01328879103,260.26271269317175
1090000,2179.9999999622737,-47568.40871706634,5772.672567360349,-41795.73614970599,261.35626748238985
1095000,2189.9999999620372,-47663.14122457104,5755.52573429702,-41907.615490274016,260.5799490204848
1100000,2199.9999999618008,-47316.88122441247,5876.663818863102,-41440.21740554937,266.06444467872967
1105000,2209.9999999615643,-47920.99800833629,5698.6729477734825,-42222.325060562805,258.0059537161643
1110000,2219.999999961328,-47863.262743497675,5612.605570483862,-42250.65717301381,254.10927532016453
1115000,2229.9999999610914,-47925.757558718906,5747.000886370969,-42178.75667234794,260.193988720674
1120000,2239.999999960855,-47660.47799148579,5933.820484929171,-41726.65750655662,268.6521980512712
1125000,2249.9999999606184,-47637.45010582922,5799.858523966212,-41837.59158186301,262.5871046836233
1130000,2259.999999960382,-47482.43072659214,5871.939868676273,-41610.490857915865,265.85056904760813
1135000,2269.9999999601455,-47472.14116728213,5619.115792997389,-41853.02537428474,254.40402397198235
1140000,2279.999999959909,-47712.59963297745,5810.037422584222,-41902.562210393226,263.04795170358534
1145000,2289.9999999596726,-48120.30419860728,5711.088625578326,-42409.21557302895,258.56807033917966
1150000,2299.999999959436,-47809.09961107728,5675.9834504686705,-42133.11616060861,256.9786925546415
1155000,2309.9999999591996,-47715.367141624505,5649.837648392337,-42065.52949323217,255.7949480825159
1160000,2319.999999958963,-48118.313496126095,5778.723530451311,-42339.589965674786,261.6302232818353
1165000,2329.9999999587267,-47801.53662299551,5691.8509919525395,-42109.68563104297,257.6970914189378
1170000,2339.99999995849,-47761.01172373333,5893.079075856684,-41867.932647876645,266.8076412220195
1175000,2349.9999999582537,-47847.736467101844,5739.82957368786,-42107.90689341399,259.869309381263
1180000,2359.9999999580173,-47689.50573218556,5766.601227598669,-41922.904504586884,261.0813891344125
1185000,2369.999999957781,-47638.47740197688,5735.059665381861,-41903.417736595016,259.6533530081027
1190000,2379.9999999575443,-47570.69088768022,5918.781959078075,-41651.90892860215,267.9713326567739
1195000,2389.999999957308,-47658.20037799736,5741.859313276513,-41916.34106472085,259.9612053196973
1200000,2399.9999999570714,-47885.34493446222,5686.018425637282,-42199.32650882494,257.43302347740615
1205000,2409.999999956835,-48025.58392257738,5790.282411917475,-42235.301510659905,262.15354867072864
1210000,2419.9999999565985,-47403.27842998551,5724.213364039917,-41679.06506594559,259.1622895012709
1215000,2429.999999956362,-47328.788687158434,5800.550285857458,-41528.23840130097,262.6184240255352
1220000,2439.9999999561255,-47497.71349552198,5994.893678957189,-41502.81981656479,271.41727122113053
1225000,2449.999999955889,-47579.993802413985,5777.499660914229,-41802.49414149976,261.5748129029571
1230000,2459.9999999556526,-47729.51370700885,5744.579321409874,-41984.93438559898,260.08435298916265
1235000,2469.999999955416,-48010.644692351285,5849.970027838695,-42160.67466451259,264.8558901477589
1240000,2479.9999999551796,-47522.93806456489,5525.905778647347,-41997.03228591754,250.18396451802195
1245000,2489.999999954943,-47649.391068708384,5921.793617207721,-41727.59745150067,268.10768470489586
1250000,2499.9999999547067,-47645.08621052501,5641.805929881243,-42003.28028064377,255.43131409028197
1255000,2509.9999999544702,-47658.242862542276,5738.423585335118,-41919.819277207156,259.80565361979234
1260000,2519.9999999542338,-47851.81755590573,5769.316953449192,-42082.50060245654,261.20434292462255
1265000,2529.9999999539973,-47728.10806891398,5850.668321768089,-41877.43974714589,264.88750522601987
1270000,2539.999999953761,-47646.642482280964,5829.8009916899155,-41816.84149059105,263.9427422175667
1275000,2549.9999999535244,-47718.16504761926,5784.884308058887,-41933.280739560374,261.9091509053089
1280000,2559.999999953288,-47650.33730437653,5863.240130534262,-41787.09717384227,265.45669063819923
1285000,2569.9999999530514,-47964.60814905219,5827.50667478089,-42137.1014742713,263.83886760892267
1290000,2579.999999952815,-47377.459522696154,5789.173100698923,-41588.28642199723,262.10332489029173
1295000,2589.9999999525785,-47802.864319653716,5766.947022060757,-42035.91729759296,261.0970448898487
1300000,2599.999999952342,-47647.216274790466,5669.73507726135,-41977.481197529116,256.6957990628929
1305000,2609.9999999521056,-47711.337688900065,5765.95392771962,-41945.38376118045,261.0520827986806
1310000,2619.999999951869,-47684.86843841401,5477.814834085567,-42207.05360432844,248.00665935759488
1315000,2629.9999999516326,-47730.91002007265,5690.627508419557,-42040.282511653095,257.64169851629606
1320000,2639.999999951396,-47496.62242863345,5560.69621268604,-41935.92621594741,251.75909248142952
1325000,2649.9999999511597,-47533.80241237406,5831.529005522884,-41702.27340685118,264.020977599926
1330000,2659.999999950923,-47789.929644376214,5816.107141288387,-41973.822503087824,263.32275665860016
1335000,2669.9999999506867,-47723.86691494251,5681.757065098985,-42042.109849843524,257.2400914737821
1340000,2679.9999999504503,-47905.22566928505,5917.248774103617,-41987.97689518143,267.90191810093194
1345000,2689.999999950214,-47640.45585005195,5676.479980066595,-41963.975869985356,257.00117280462865
1350000,2699.9999999499773,-47523.97737603518,5561.318235620314,-41962.659140414864,251.7872544099805
1355000,2709.999999949741,-47733.919964455126,5861.017838044105,-41872.90212641102,265.35607691661636
1360000,2719.9999999495044,-47821.564738007786,5822.8481194799015,-41998.716618527884,263.62795271445754
1365000,2729.999999949268,-47868.799247907475,5910.082003106265,-41958.71724480121,267.5774443851768
1370000,2739.9999999490315,-47753.08090042882,5500.453502148379,-42252.62739828044,249.03161923824422
1375000,2749.999999948795,-47799.496540451306,5450.01470744984,-42349.48183300147,246.74801576604025
1380000,2759.9999999485585,-48248.06655916094,5707.6131176766385,-42540.45344148431,258.4107176117919
1385000,2769.999999948322,-47729.3301517223,5503.854530861,-42225.4756208613,249.18559993948074
1390000,2779.9999999480856,-47488.19109174801,5766.808303058993,-41721.38278868902,261.0907644226809
1395000,2789.999999947849,-47834.849973701814,5746.0855969780205,-42088.76437672379,260.1525492285469
1400000,2799.9999999476127,-47951.82505252998,5693.529857916234,-42258.29519461375,257.77310164414183
1405000,2809.999999947376,-47836.46031958336,5580.993325772315,-42255.466993811046,252.67803906206376
1410000,2819.9999999471397,-47759.64497193729,5882.11792575347,-41877.52704618382,266.31137796702603
1415000,2829.9999999469032,-47475.319665528834,5972.966405843368,-41502.353259685464,270.42451956403875
1420000,2839.999999946667,-47744.889114640595,5748.685267800912,-41996.203846839686,260.27024865719557
1425000,2849.9999999464303,-48159.41099583026,5791.418074998816,-42367.99292083144,262.2049655249835
1430000,2859.999999946194,-47895.00287060137,5810.75025622013,-42084.25261438124,263.08022506332344
1435000,2869.9999999459574,-47650.08716600394,5601.34183788144,-42048.7453281225,253.59931272025304
1440000,2879.999999945721,-47620.9462036434,5902.371231680164,-41718.57497196324,267.22834118976436
1445000,2889.9999999454844,-47399.48279695504,5509.519800698899,-41889.96299625614,249.44209357597865
1450000,2899.999999945248,-47711.35077344626,5612.201731145167,-42099.1490423011,254.09099159785183
1455000,2909.9999999450115,-47633.5489301894,5869.832886892177,-41763.71604329722,265.7551759886187
1460000,2919.999999944775,-47730.01817678567,5810.990905963343,-41919.02727082233,263.0911204186243
1465000,2929.9999999445386,-47467.765470490325,5706.722877817776,-41761.04259267255,258.37041223088534
1470000,2939.999999944302,-47680.241948199866,5855.621176783816,-41824.62077141605,265.1117444644639
1475000,2949.9999999440656,-47636.016143935616,5861.515043787339,-41774.50110014828,265.3785877789086
1480000,2959.999999943829,-47674.955833089945,5764.320991890453,-41910.63484119949,260.97815204851776
1485000,2969.9999999435927,-47617.46654357441,5590.877092815325,-42026.589450759086,253.12552407578727
1490000,2979.999999943356,-47857.50760363211,5787.73654589517,-42069.77105773694,262.03828524060407
1495000,2989.9999999431197,-47504.071754789504,5923.29488572706,-41580.77686906244,268.17565425143175
1500000,2999.9999999428833,-48088.647497355996,5627.396494129192,-42461.251003226804,254.77893058840507
1505000,3009.999999942647,-48039.977925716026,5643.712093441477,-42396.26583227455,255.5176151557764
1510000,3019.9999999424103,-47726.8573855508,5843.884072493083,-41882.973313057715,264.58035008297384
1515000,3029.999999942174,-47869.05133864388,5837.566406977719,-42031.484931666164,264.29431939977974
1520000,3039.9999999419374,-47714.28988473199,5871.689356924417,-41842.600527807575,265.8392271923995
1525000,3049.999999941701,-47643.65574795753,5788.059546042339,-41855.59620191519,262.0529089892882
1530000,3059.9999999414645,-47622.07779021491,5780.2179843052645,-41841.85980590965,261.69788429614647
1535000,3069.999999941228,-48080.83973458625,5607.574496338188,-42473.26523824806,253.88149473070663
1540000,3079.9999999409915,-47720.32202476385,5816.7079895561055,-41903.61403520775,263.34995990956264
1545000,3089.999999940755,-47523.45652908145,5662.993829010714,-41860.46270007073,256.3905907801781
1550000,3099.9999999405186,-47666.386974372785,5874.687162212225,-41791.69981216056,265.9749520566661
1555000,3109.999999940282,-47863.28759339842,5695.094727233087,-42168.19286616533,257.84395070044604
1560000,3119.9999999400457,-47401.410265654966,5834.925294779803,-41566.484970875164,264.17474372352325
1565000,3129.999999939809,-47649.23537681374,5844.935366939096,-41804.30000987464,264.6279471689385
1570000,3139.9999999395727,-47914.755029873864,5762.577202714299,-42152.17782715957,260.8992024415484
1575000,3149.9999999393362,-47780.003470136435,5674.374805281097,-42105.628664855336,256.90586155703653
1580000,3159.9999999391,-47810.447339186736,5853.103182767431,-41957.344156419305,264.99774293224704
1585000,3169.9999999388633,-47882.57537032309,5774.480250560257,-42108.09511976283,261.4381098748703
1590000,3179.999999938627,-47630.11106425751,5917.401103541228,-41712.70996071628,267.90881477708615
1595000,3189.9999999383904,-47533.304836882104,5639.865873604192,-41893.43896327791,255.34347854074068
1600000,3199.999999938154,-47711.74103352195,5675.706095061024,-42036.03493846092,256.96613535981317
1605000,3209.9999999379174,-47968.48227389483,5746.307290027535,-42222.17498386729,260.16258632441054
1610000,3219.999999937681,-47674.301690253254,5594.678435514757,-42079.6232547385,253.29762888993562
1615000,3229.9999999374445,-47765.151331529196,5928.980350908798,-41836.1709806204,268.4330622269337
1620000,3239.999999937208,-47622.56812832347,5548.851723556803,-42073.716404766674,251.22283627896337
1625000,3249.9999999369716,-47658.82680198463,5773.037019687651,-41885.789782296975,261.3727679678804
1630000,3259.999999936735,-47934.81095214811,5952.863072111677,-41981.94788003643,269.5143462939012
1635000,3269.9999999364986,-47529.5288025419,5721.851926493003,-41807.6768760489,259.05537602298983
1640000,3279.999999936262,-47626.241366155504,5672.215455364045,-41954.02591079146,256.80809754428094
1645000,3289.9999999360257,-47620.89085192059,5819.871712427515,-41801.01913949307,263.4931966498024
1650000,3299.999999935789,-47696.69665301492,5507.34444569201,-42189.35220732291,249.34360493689243
1655000,3309.9999999355528,-47733.767851283075,5733.577691797077,-42000.190159485996,259.586257034772
1660000,3319.9999999353163,-48058.883511579654,5651.699005680863,-42407.18450589879,255.87922055556956
1665000,3329.99999993508,-47781.4427438883,5709.982362986496,-42071.4603809018,258.5179845845344
1670000,3339.9999999348433,-47587.46801978559,5916.658840652887,-41670.8091791327,267.8752090155046
1675000,3349.999999934607,-47468.0217536196,5732.679578262337,-41735.34217535726,259.5455951752128
1680000,3359.9999999343704,-47893.766743774584,5934.8065881923685,-41958.960155582216,268.6968436231817
1685000,3369.999999934134,-47645.35753163573,5829.058770268206,-41816.29876136752,263.9091383333761
1690000,3379.9999999338975,-47657.22507788602,5639.70219897212,-42017.5228789139,255.33606821382182
1695000,3389.999999933661,-47923.78975509619,5771.425253525186,-42152.364501571006,261.29979566893894
1700000,3399.9999999334245,-47958.67249454581,5684.374163418293,-42274.29833112752,257.3585799278539
1705000,3409.999999933188,-47513.626181903936,5774.600002435924,-41739.02617946801,261.44353161027675
1710000,3419.9999999329516,-47737.53354992502,5620.392670418918,-42117.1408795061,254.4618342692111
1715000,3429.999999932715,-47614.43942892668,5770.644549113456,-41843.79487981322,261.26444947726156
1720000,3439.9999999324787,-47415.601497998054,5787.390989642061,-41628.210508355995,262.0226402700183
1725000,3449.999999932242,-47691.74520253466,5661.581469943281,-42030.163732591376,256.32664658623645
1730000,3459.9999999320057,-47869.4461114626,5546.246658316752,-42323.19945314585,251.10489261946367
1735000,3469.9999999317693,-47432.294539491704,6052.489808484942,-41379.80473100676,274.0249211890013
1740000,3479.999999931533,-47681.392856079096,5783.185328964219,-41898.20752711488,261.83223006326705
1745000,3489.9999999312963,-47575.71765028202,5818.9667199041405,-41756.75093037788,263.45222334580006
1750000,3499.99999993106,-47737.47570747649,5824.976629160972,-41912.49907831552,263.7243204434519
1755000,3509.9999999308234,-47663.37479960336,5657.492970377606,-42005.88182922576,256.1415408187398
1760000,3519.999999930587,-47909.79781981016,5824.858631239455,-42084.93918857071,263.71897811786897
1765000,3529.9999999303504,-47971.27977330197,5755.598280768567,-42215.681492533404,260.5832335433468
1770000,3539.999999930114,-47546.238266779226,5770.332356998384,-41775.90590978084,261.2503150594541
1775000,3549.9999999298775,-47627.4462850446,5743.818381734588,-41883.627903310015,260.0499016408502
1780000,3559.999999929641,-47728.50350092078,5716.215968149262,-42012.287532771516,258.8002094568598
1785000,3569.9999999294046,-47981.8327772608,5761.18245157364,-42220.650325687166,260.83605544196786
1790000,3579.999999929168,-47995.279862091586,5662.361939392904,-42332.91792269868,256.3619821400648
1795000,3589.9999999289316,-48093.730178611004,5914.780154553394,-42178.95002405761,267.79015198498615
1800000,3599.999999928695,-48131.00494153076,5889.8637166216495,-42241.14122490911,266.66206665868214
1805000,3609.9999999284587,-47686.4458077274,5579.989403897731,-42106.456403829674,252.63258675710037
1810000,3619.999999928222,-47550.6851558825,5866.808919261662,-41683.87623662084,265.61826663100715
1815000,3629.9999999279858,-47483.351531329274,5638.342429777716,-41845.00910155156,255.2745050128711
1820000,3639.9999999277493,-47578.524045151076,5732.2928840036675,-41846.23116114741,259.5280876919936
1825000,3649.999999927513,-47593.47665149701,5896.547648539981,-41696.929002957026,266.9646799591764
1830000,3659.9999999272763,-47705.083948199346,5788.940877435882,-41916.143070763464,262.09281104171595
1835000,3669.99999992704,-47493.97449703631,5742.996715782134,-41750.97778125417,260.0127009259396
1840000,3679.9999999268034,-47805.976571550884,5628.472267231124,-42177.50430431976,254.82763593922792
1845000,3689.999999926567,-47725.41283525532,5803.085280986399,-41922.32755426892,262.73319527875543
1850000,3699.9999999263305,-47850.85423243849,5911.784515421621,-41939.06971701687,267.65452519287766
1855000,3709.999999926094,-47633.989307981974,5757.563803287966,-41876.42550469401,260.672222070468
1860000,3719.9999999258575,-47529.719466278155,5718.886073765321,-41810.83339251283,258.9210978026743
1865000,3729.999999925621,-47696.26918190339,5612.326374872069,-42083.94280703132,254.0966348105662
1870000,3739.9999999253846,-47625.99212318624,5722.026006797517,-41903.96611638872,259.0632574640553
1875000,3749.999999925148,-47748.69458821538,5680.295842405198,-42068.398745810184,257.1739349917104
1880000,3759.9999999249117,-47785.38267441961,5640.212597001963,-42145.17007741765,255.35917635350125
1885000,3769.999999924675,-47843.279589812504,5788.753870505971,-42054.52571930653,262.08434435100645
1890000,3779.9999999244387,-47771.623260085995,5836.385751905929,-41935.237508180064,264.2408655447158
1895000,3789.9999999242023,-47472.52431999741,5712.502537131922,-41760.021782865486,258.63208482153357
1900000,3799.999999923966,-47832.735083171574,5691.8032726228885,-42140.93181054869,257.69493093854703
1905000,3809.9999999237293,-47627.368606252305,5569.256970520964,-42058.111635731344,252.14667859313923
1910000,3819.999999923493,-47709.4608711832,5906.731135076561,-41802.72973610664,267.425734695973
1915000,3829.9999999232564,-47656.91326484131,5839.909888177555,-41817.00337666375,264.4004199090599
1920000,3839.99999992302,-47857.187543912965,5456.497458119541,-42400.69008579342,247.0415206371864
1925000,3849.9999999227834,-47520.75721152342,5783.34486556609,-41737.41234595733,261.83945304193173
1930000,3859.999999922547,-47638.226230306376,5904.841465744717,-41733.38476456166,267.3401804024316
1935000,3869.9999999223105,-47715.80315825547,5845.139579008077,-41870.66357924739,264.6371928178994
1940000,3879.999999922074,-47674.31056841352,5784.173298936036,-41890.137269477484,261.8769601499307
1945000,3889.9999999218376,-47569.56107712025,5638.466173932187,-41931.09490318806,255.28010749767483
1950000,3899.999999921601,-47483.26608951669,5817.370429023717,-41665.89566049298,263.3799516862775
1955000,3909.9999999213646,-47559.61153131921,5663.922022342422,-41895.68950897679,256.4326144948175
1960000,3919.999999921128,-47551.99301169708,5787.685705108677,-41764.3073065884,262.0359834370567
1965000,3929.9999999208917,-47898.355196080636,5627.281982047229,-42271.07321403341,254.77374608331243
1970000,3939.9999999206552,-47678.18994754861,5787.857036669444,-41890.332910879166,262.04374042945517
1975000,3949.9999999204188,-47451.70615498343,5614.537758274031,-41837.1683967094,254.19675462598363
1980000,3959.9999999201823,-47511.10009407584,5805.555620199375,-41705.54447387646,262.84503925199056
1985000,3969.999999919946,-47740.39560406166,5907.970502458631,-41832.42510160303,267.48184673580164
1990000,3979.9999999197094,-47548.40816051245,5783.270004500006,-41765.13815601244,261.8360637263966
1995000,3989.999999919473,-47727.59415795584,5796.749356238144,-41930.8448017177,262.44633791348303
2000000,3999.9999999192364,-47555.5624193541,5896.719209031955,-41658.84321032214,266.9724473163764
2005000,4009.999999919,-47489.28763012617,5825.818761106496,-41663.46886901968,263.762447750941
2010000,4019.9999999187635,-47893.72816625371,5895.780271281867,-41997.94789497185,266.92993715095514
2015000,4029.999999918527,-47642.54123862606,5693.175532135167,-41949.36570649089,257.75705963543066
2020000,4039.9999999182905,-47763.716245527554,5947.42057004727,-41816.29567548029,269.26793841111896
2025000,4049.999999918054,-47755.62814102956,5836.395770190984,-41919.23237083858,264.24131911999797
2030000,4059.9999999178176,-47460.8074126133,5890.9156784459665,-41569.89173416734,266.7096939600281
2035000,4069.999999917581,-47563.99094698217,5573.203658001408,-41990.78728898076,252.32536385490866
2040000,4079.9999999173447,-47341.67787713115,5614.938960966135,-41726.73891616501,254.21491897479925
2045000,4089.999999917108,-47781.23544265918,5763.279787656658,-42017.955655002515,260.931011794319
2050000,4099.999999917781,-48064.45206544583,5827.210375839226,-42237.241689606606,263.82545275045834
2055000,4109.999999919818,-47871.63938003819,5826.580603193013,-42045.05877684518,263.7969399556902
2060000,4119.999999921855,-47880.02859185869,5939.192971384452,-41940.83562047424,268.89543599533744
2065000,4129.999999923893,-47909.96521379979,5826.22140296103,-42083.74381083876,263.78067725746604
2070000,4139.99999992593,-47757.58178543276,5704.291641754087,-42053.29014367868,258.2603386426886
2075000,4149.999999927967,-47668.42083725205,5616.613611513154,-42051.8072257389,254.29073834809628
2080000,4159.999999930004,-47791.27353918587,5826.064775017948,-41965.208764167925,263.7735859675808
2085000,4169.999999932042,-47860.03102519334,5769.91166325397,-42090.119361939374,261.2312682582524
2090000,4179.999999934079,-47625.71357680787,5748.932205060977,-41876.781371746896,260.28142867820657
2095000,4189.999999936116,-47666.2281369273,5809.081585242469,-41857.146551684826,263.00467641349303
2100000,4199.999999938153,-48041.45531607076,5668.814259564268,-42372.64105650649,256.65410927821637
2105000,4209.999999940191,-47496.49695468129,5785.839701449939,-41710.65725323136,261.95240609564735
2110000,4219.999999942228,-47617.38430282945,5743.125047377276,-41874.259255452176,260.0185111059412
2115000,4229.999999944265,-47822.66887554189,5680.463359702697,-42142.20551583919,257.18151929431934
2120000,4239.9999999463025,-48018.808185442875,5676.1622060481395,-42342.645979394736,256.9867856675795
2125000,4249.99999994834,-47759.51757770259,5404.237283211329,-42355.280294491255,244.6754546439037
2130000,4259.999999950377,-47501.35756481171,5760.319523255753,-41741.038041555956,260.79698658406267
2135000,4269.999999952414,-47414.92308609444,5753.162124367182,-41661.760961727254,260.4729371881249
2140000,4279.999999954452,-47635.69689608214,5733.44122025964,-41902.2556758225,259.58007832097417
2145000,4289.999999956489,-47700.668754165934,5757.036624047161,-41943.63213011877,260.6483541657734
2150000,4299.999999958526,-47758.98499141587,5533.593154010501,-42225.39183740537,250.53200846269496
2155000,4309.999999960563,-47764.75142086495,5734.232758094,-42030.51866277095,259.61591499307804
2160000,4319.999999962601,-47583.630068833765,5778.631158790237,-41804.99891004353,261.62604117861054
2165000,4329.999999964638,-47437.396482384065,5654.162092069578,-41783.23439031449,255.9907361590495
2170000,4339.999999966675,-47829.2681276169,5816.290319791183,-42012.97780782572,263.3310500182555
2175000,4349.9999999687125,-47644.119182745984,5773.614697805504,-41870.50448494048,261.3989221962602
2180000,4359.99999997075,-47553.3575607962,5908.973507755909,-41644.38405304029,267.5272575429629
2185000,4369.999999972787,-47567.66721551743,5533.409669164698,-42034.25754635273,250.52370123343871
2190000,4379.999999974824,-47631.7890214583,5909.106876805885,-41722.68214465242,267.53329579243797
2195000,4389.999999976862,-47639.84152298735,5669.062736325866,-41970.77878666148,256.66535899976384
2200000,4399.999999978899,-47743.50646610331,5729.806866474974,-42013.69959962834,259.4155338870423
2205000,4409.999999980936,-47616.72476642742,5729.394407888389,-41887.33035853903,259.39685993049557
2210000,4419.999999982973,-47942.19934549683,5838.976970402509,-42103.22237509432,264.3581822964621
2215000,4429.999999985011,-47843.89024022833,5689.978914019418,-42153.91132620891,257.61233357145426
2220000,4439.999999987048,-47860.98732673412,5613.4626218825015,-42247.52470485162,254.14807810206065
2225000,4449.999999989085,-47712.835899088706,5781.275659914692,-41931.56023917401,261.7457702876455
2230000,4459.999999991122,-47992.826063584595,5975.117120053036,-42017.70894353156,270.52189259736105
2235000,4469.99999999316,-47647.33295491472,5715.485573572421,-41931.8473813423,258.7671410300324
2240000,4479.999999995197,-47706.35021386319,5790.404474521102,-41915.94573934209,262.1590750237499
2245000,4489.999999997234,-47956.97347705206,5880.524809637347,-42076.44866741471,266.23925004414156
2250000,4499.9999999992715,-47741.56513356225,5821.614426334598,-41919.950707227654,263.5720975742408
2255000,4510.000000001309,-47946.22717109427,5858.93409996465,-42087.29307112962,265.2617362103832
2260000,4520.000000003346,-47654.632993194915,5797.791910713907,-41856.841082481005,262.49353929954
2265000,4530.000000005383,-47715.14174435206,5656.4573832324095,-42058.68436111965,256.09465487678426
2270000,4540.000000007421,-47987.14604859584,5611.877675865161,-42375.26837273068,254.0763200782996
2275000,4550.000000009458,-48070.22950433596,5741.310161568315,-42328.91934276765,259.93634261718626
2280000,4560.000000011495,-47990.544949526666,5712.8577838141355,-42277.68716571253,258.64816852380756
2285000,4570.000000013532,-47819.52165120136,5789.253162092598,-42030.268489108756,262.1069496493226
2290000,4580.00000001557,-47818.432054692355,5730.060837063118,-42088.37121762924,259.4270323401752
2295000,4590.000000017607,-47793.61639441014,5842.788484401155,-41950.827910008986,264.5307476135693
2300000,4600.000000019644,-47759.325321081036,5578.486759496895,-42180.83856158414,252.56455491788327
2305000,4610.000000021681,-48042.703764043865,5710.47833842691,-42332.225425616954,258.54043974518265
2310000,4620.000000023719,-48086.35761594365,5717.532110215494,-42368.82550572816,258.8597974507903
2315000,4630.000000025756,-47707.819096627994,5755.792877102035,-41952.02621952596,260.59204384235255
2320000,4640.000000027793,-47779.7703111599,5894.046713609494,-41885.7235975504,266.851450772691
2325000,4650.0000000298305,-47819.11810079549,5721.201803471152,-42097.91629732434,259.02594187019275
2330000,4660.000000031868,-47918.595215105976,5645.487772309862,-42273.107442796114,255.598008560369
2335000,4670.000000033905,-47837.46659318049,5805.201414452884,-42032.26517872761,262.82900267781395
2340000,4680.000000035942,-47477.01130443707,5705.866022596372,-41771.1452818407,258.33161833086314
2345000,4690.00000003798,-47652.07550624601,5624.500450868531,-42027.57505537748,254.64781297377476
2350000,4700.000000040017,-47751.881620298314,5792.06889177048,-41959.81272852783,262.2344310871252
2355000,4710.000000042054,-48061.92058787838,5620.631101351441,-42441.28948652694,254.472629168428
2360000,4720.000000044091,-48150.158745141875,5661.190108137384,-42488.96863700449,256.3089277810157
2365000,4730.000000046129,-47793.20039222512,5738.803283236996,-42054.39710898812,259.8228443447551
2370000,4740.000000048166,-48073.522446209914,5916.610505606208,-42156.911940603706,267.8730206586835
2375000,4750.000000050203,-47653.33797716565,5654.17107616722,-41999.166900998425,255.99114291176224
2380000,4760.0000000522405,-47837.661549546,5760.972374388693,-42076.689175157306,260.82654425138844
2385000,4770.000000054278,-47890.10491682746,5832.65096226952,-42057.45395455794,264.07177390339825
2390000,4780.000000056315,-47722.292199573014,5536.177425498133,-42186.11477407488,250.6490106903958
2395000,4790.000000058352,-47694.294088089024,5642.294816158288,-42051.999271930734,255.45344829087983
2400000,4800.0000000603895,-47839.0490138458,5772.725144247284,-42066.32386959851,261.35864788743885
2405000,4810.000000062427,-47650.5316130133,5647.789703886658,-42002.74190912664,255.70222792114012
2410000,4820.000000064464,-47765.09809582855,5655.977989612697,-42109.12010621585,256.07295045380846
2415000,4830.000000066501,-47801.186267816985,5689.67107261533,-42111.51519520165,257.5983961309689
2420000,4840.000000068539,-47889.28163538984,5785.979584171275,-42103.30205121856,261.9587392499198
2425000,4850.000000070576,-47592.178725782374,5691.142553668252,-41901.03617211412,257.66501705761516
2430000,4860.000000072613,-47867.10192248691,5771.860899187181,-42095.24102329973,261.31951941436796
2435000,4870.00000007465,-47833.60962301225,5751.637454484224,-42081.972168528024,260.40390815086306
2440000,4880.000000076688,-47672.07214800245,5486.096193948893,-42185.97595405356,248.38159579791807
2445000,4890.000000078725,-47593.52631658537,5817.1253446845285,-41776.40097190084,263.3688555557831
2450000,4900.000000080762,-47627.867116051784,5756.565580518415,-41871.30153553337,260.62702779102096
2455000,4910.0000000827995,-47658.726040624664,5739.887562608739,-41918.838478015925,259.8719348147584
2460000,4920.000000084837,-47838.74319966405,5669.751951488315,-42168.991248175735,256.6965630391837
2465000,4930.000000086874,-47688.76639474643,5782.016769134634,-41906.749625611796,261.7793238171867
2470000,4940.000000088911,-47862.216399359284,5676.421064838907,-42185.79533452038,256.9985054328305
2475000,4950.000000090949,-47504.49333055946,5725.276936924735,-41779.21639363473,259.2104424903982
2480000,4960.000000092986,-47706.658842413744,5602.978445667366,-42103.68039674638,253.67340971731483
2485000,4970.000000095023,-47689.15264184977,5689.575040633632,-41999.57760121614,257.59404830766823
2490000,4980.00000009706,-47783.76481589698,5726.067384242431,-42057.69743165455,259.2462297896402
2495000,4990.000000099098,-47842.95323050581,5644.3083247436225,-42198.64490576219,255.54460937480866
2500000,5000.000000101135,-47350.619092794135,5830.815242874507,-41519.80384991963,263.98866217938706
2505000,5010.000000103172,-47438.539667631325,5718.358739741689,-41720.18092788964,258.89722289022694
2510000,5020.000000105209,-47659.271079564816,5810.436444491221,-41848.834635073596,263.0660173179156
2515000,5030.000000107247,-47855.133213824825,5606.865786538912,-42248.267427285915,253.84940807661266
2520000,5040.000000109284,-48105.33371436864,5763.438225200975,-42341.89548916766,260.9381850134352
2525000,5050.000000111321,-47831.72926205263,5759.947034657091,-42071.78222739554,260.7801222584509
2530000,5060.0000001133585,-48072.89787310362,5593.402107280328,-42479.49576582329,253.23984345701172
2535000,5070.000000115396,-47873.97068481275,5852.487057436159,-42021.4836273766,264.9698480161569
2540000,5080.000000117433,-47864.682956920355,5719.031433643264,-42145.65152327709,258.92767893380505
2545000,5090.00000011947,-47992.969795812794,5545.39727239803,-42447.57252341477,251.06643689020157
2550000,5100.000000121508,-47437.661551511555,5699.845666692458,-41737.815884819094,258.0590482639484
2555000,5110.000000123545,-47814.71752729756,5784.383995809081,-42030.333531488475,261.88649939672956
2560000,5120.000000125582,-47794.25252482644,5607.2303392042395,-42187.022185622205,253.86591310488143
2565000,5130.000000127619,-47732.58322841127,5624.680467375601,-42107.90276103567,254.65596317488598
2570000,5140.000000129657,-47953.09018338751,6015.600889039979,-41937.48929434753,272.35478483792764
2575000,5150.000000131694,-47804.776948872954,5805.493261099042,-41999.28368777391,262.84221595974304
2580000,5160.000000133731,-47590.147128337936,5663.171448369259,-41926.97567996867,256.3986324510057
2585000,5170.0000001357685,-47760.6418490276,5832.091024959598,-41928.550824068,264.0464228855399
2590000,5180.000000137806,-47853.18939941563,5888.629038038225,-41964.5603613774,266.60616690300765
2595000,5190.000000139843,-47814.156213907234,5751.193690311817,-42062.962523595415,260.3838168419607
2600000,5200.00000014188,-48209.95650446613,5554.518360181784,-42655.438144284344,251.47939179639528
2605000,5210.0000001439175,-47940.15758784168,5583.64580777142,-42356.51178007026,252.79812950314817
2610000,5220.000000145955,-47753.68349899101,5648.557936528185,-42105.125562462825,255.73700945662557
2615000,5230.000000147992,-47968.133716135286,5932.346127583694,-42035.78758855159,268.5854469012186
2620000,5240.000000150029,-47648.24621920509,5785.397031257397,-41862.84918794769,261.93236431640236
2625000,5250.000000152067,-48094.22695444018,5942.147995096133,-42152.07895934404,269.0292239347355
2630000,5260.000000154104,-47802.421012356004,5514.593711674281,-42287.827300681725,249.6718135918967
2635000,5270.000000156141,-47676.47382342123,5929.0414645634355,-41747.43235885779,268.4358291319473
2640000,5280.000000158178,-47846.938757864584,5549.974964314106,-42296.96379355048,251.27369071568867
2645000,5290.000000160216,-47614.646012824145,5797.245340388914,-41817.40067243523,262.4687934684904
2650000,5300.000000162253,-47601.607200828206,5798.292436963817,-41803.314763864386,262.51620049691905
2655000,5310.00000016429,-47650.402940826956,5805.5802375213125,-41844.82270330565,262.84615379491703
2660000,5320.0000001663275,-47729.281197897624,5905.205134590695,-41824.07606330693,267.35664541600636
2665000,5330.000000168365,-47631.132613601105,5779.790852944692,-41851.34176065641,261.67854603352697
2670000,5340.000000170402,-47792.98387353984,5903.616162870323,-41889.36771066951,267.28470512957483
2675000,5350.000000172439,-47837.67428617051,5762.6408913709765,-42075.03339479954,260.9020859291178
2680000,5360.000000174477,-47719.95008295926,5765.161873092577,-41954.78820986668,261.0162227289207
2685000,5370.000000176514,-47875.39589338633,5581.515794596976,-42293.880098789356,252.7016937038775
2690000,5380.000000178551,-47428.058746696275,5910.741018914334,-41517.31772778194,267.6072811565854
2695000,5390.000000180588,-47357.90429638978,5784.0589556792265,-41573.845340710555,261.8717832883535
2700000,5400.000000182626,-47993.25690818328,5961.836799475041,-42031.42010870823,269.9206294949187
2705000,5410.000000184663,-47540.304599903175,5512.841658810294,-42027.46294109288,249.59248984858365
2710000,5420.0000001867,-47899.097592671635,5766.575001310607,-42132.52259136103,261.08020174595816
2715000,5430.000000188737,-47656.31890907191,5609.861272864597,-42046.45763620731,253.98502795046485
2720000,5440.000000190775,-47632.62423913932,5716.062848921472,-41916.561390217845,258.79327702315805
2725000,5450.000000192812,-47372.97448382212,5758.729821195408,-41614.24466262672,260.7250132316764
2730000,5460.000000194849,-47650.69405690278,5897.904876129193,-41752.78918077359,267.026128089605
2735000,5470.0000001968865,-47935.480513736664,5793.937943787119,-42141.542569949546,262.3190519370173
2740000,5480.000000198924,-47643.14335360221,5816.522787987855,-41826.62056561436,263.3415749561385
2745000,5490.000000200961,-47774.86656974646,5819.269324334628,-41955.59724541183,263.465923683651
2750000,5500.000000202998,-48127.733627526555,5707.9329407302175,-42419.80068679634,258.4251975183799
2755000,5510.000000205036,-47870.69853226148,5924.7772113897445,-41945.921320871734,268.24276616499895
2760000,5520.000000207073,-47652.19160834298,5634.173397655301,-42018.01821068768,255.08575315455695
2765000,5530.00000020911,-47783.023288053984,5717.273379927505,-42065.74990812648,258.8480835034697
2770000,5540.000000211147,-47822.72849683004,5567.3063811157335,-42255.422115714304,252.05836615892557
2775000,5550.000000213185,-47626.40514017048,5776.242660050495,-41850.16248011998,261.5179025117762
2780000,5560.000000215222,-47867.419236041256,5752.370869830264,-42115.04836621099,260.43711334223997
2785000,5570.000000217259,-47760.24978486489,5722.407171416029,-42037.84261344886,259.08051459423694
2790000,5580.000000219296,-47654.430889179115,5662.391427800162,-41992.039461378954,256.36331722012784
2795000,5590.000000221334,-47970.75883574941,5819.06859482628,-42151.690240923126,263.4568357067281
2800000,5600.000000223371,-47781.76708317618,5982.553730679527,-41799.21335249665,270.85858323300334
2805000,5610.000000225408,-47482.05721657962,5646.19534688561,-41835.86186969401,255.6300438175095
2810000,5620.0000002274455,-47839.19333874679,5848.907349821449,-41990.28598892534,264.807777673531
2815000,5630.000000229483,-47561.0616736181,5875.522635327316,-41685.53903829078,266.012777887318
2820000,5640.00000023152,-47903.03840703645,5836.546502535116,-42066.49190450134,264.2481434881552
2825000,5650.000000233557,-47477.79900971113,5816.453336259857,-41661.34567345127,263.33843054699565
2830000,5660.000000235595,-47619.61914758192,5791.272237620711,-41828.34690996121,262.19836277515554
2835000,5670.000000237632,-47708.71563313628,5857.65788265192,-41851.05775048436,265.2039557994108
2840000,5680.000000239669,-47759.73226214008,5567.286279628654,-42192.44598251143,252.05745606926212
2845000,5690.000000241706,-47876.719120494265,5967.673632963669,-41909.045487530595,270.18489063162855
2850000,5700.000000243744,-47735.06182397739,5778.012441519055,-41957.04938245834,261.5980289131068
2855000,5710.000000245781,-47888.00310401735,5697.302259230155,-42190.70084478719,257.9438961444963
2860000,5720.000000247818,-47590.370615073945,5815.226174516386,-41775.14444055756,263.282871114319
2865000,5730.0000002498555,-47740.661887805734,5816.473941494596,-41924.18794631114,263.33936344370494
2870000,5740.000000251893,-47451.24008094921,5635.649348235116,-41815.590732714096,255.15257643788502
2875000,5750.00000025393,-47713.004547102784,5747.467708451344,-41965.53683865144,260.21512397043597
2880000,5760.000000255967,-47773.87932392798,5698.074469026232,-42075.80485490175,257.9788577446323
2885000,5770.000000258005,-47621.10294000566,5514.433461365635,-42106.669478640026,249.66455830034118
2890000,5780.000000260042,-47944.87854071002,5945.10124440797,-41999.777296302054,269.1629315386365
2895000,5790.000000262079,-47821.18314062647,5812.615398038024,-42008.56774258844,263.16466887997206
2900000,5800.000000264116,-47849.35388739506,6022.686666682166,-41826.667220712894,272.67559160033494
2905000,5810.000000266154,-47565.21346896776,5582.651921304028,-41982.56154766373,252.75313154866734
2910000,5820.000000268191,-47605.94055285503,5778.248143037001,-41827.692409818024,261.6087002387799
2915000,5830.000000270228,-47915.42381927185,5691.854821718625,-42223.56899755322,257.69726481061343
2920000,5840.000000272265,-47672.65441075794,5982.934877509922,-41689.71953324802,270.87583955783253
2925000,5850.000000274303,-47563.51347264019,5699.230501233668,-41864.28297140652,258.03119680583825
2930000,5860.00000027634,-47809.852376187046,5767.529865658495,-42042.32251052855,261.1234329840032
2935000,5870.000000278377,-47752.48624163534,5701.065816240371,-42051.42042539497,258.1142902212726
2940000,5880.0000002804145,-47783.11294431391,5744.148034966295,-42038.96490934761,260.06482660622754
2945000,5890.000000282452,-47442.21501893492,5374.174438164994,-42068.04058076993,243.31436705760322
2950000,5900.000000284489,-47651.665478714975,5601.820643256107,-42049.84483545887,253.62099051058556
2955000,5910.000000286526,-48104.0941346481,5718.550476277207,-42385.543658370894,258.9059037126152
2960000,5920.000000288564,-47739.638519960805,5814.517883181799,-41925.12063677901,263.25080340610623
2965000,5930.000000290601,-47543.612658007536,5979.478021542887,-41564.134636464645,270.7193312919944
2970000,5940.000000292638,-47809.00424043549,5605.001850294366,-42204.002390141126,253.7650188419877
2975000,5950.000000294675,-47703.21903270768,5617.961594118634,-42085.25743858905,254.35176791426144
2980000,5960.000000296713,-47504.14720673981,5718.741783679716,-41785.405423060096,258.91456510611675
2985000,5970.00000029875,-47763.22972039151,5879.989605114122,-41883.24011527738,266.21501879684706
2990000,5980.000000300787,-47727.19679792505,5786.158556110527,-41941.038241814524,261.96684215849143
2995000,5990.000000302824,-47794.02975210565,5733.197756779466,-42060.83199532618,259.56905557445526
3000000,6000.000000304862,-47869.08929903904,5837.410851496937,-42031.67844754211,264.2872766653497
3005000,6010.000000306899,-48214.9163192914,5753.063771316636,-42461.85254797476,260.4684842790284
3010000,6020.000000308936,-47710.96842491225,5625.664825614735,-42085.30359929752,254.7005297412802
3015000,6030.0000003109735,-47621.30676026759,5867.777135845756,-41753.52962442183,265.6621023881163
3020000,6040.000000313011,-47651.256571009115,5499.1835116029815,-42152.07305940613,248.97412074256306
3025000,6050.000000315048,-47646.119747997494,5753.5137185482345,-41892.60602944926,260.4888555243472
3030000,6060.000000317085,-47889.74930833798,5865.680331226383,-42024.0689771116,265.5671700976452
3035000,6070.000000319123,-47327.92570668162,5735.194104099621,-41592.731602582004,259.65943968651186
3040000,6080.00000032116,-47702.11020955292,5730.072087817851,-41972.038121735066,259.4275417152054
3045000,6090.000000323197,-47881.96551919723,5812.7206321529,-42069.244887044326,263.16943332748826
3050000,6100.000000325234,-47850.43607847486,5487.808724105473,-42362.62735436938,248.45913016080664
3055000,6110.000000327272,-47517.476445367734,5735.027280389186,-41782.44916497855,259.65188678587907
3060000,6120.000000329309,-47736.27780394268,5846.556232419543,-41889.721571523136,264.70133143716396
3065000,6130.000000331346,-47657.64948492363,5533.137384283047,-42124.51210064058,250.51137360537217
3070000,6140.0000003333835,-48001.27256246103,5754.3089670074405,-42246.96359545359,260.5248601940377
3075000,6150.000000335421,-47811.82973547018,5846.447896235362,-41965.38183923482,264.69642654425684
3080000,6160.000000337458,-47554.71373202972,5841.643056682556,-41713.07067534716,264.47888866787116
3085000,6170.000000339495,-47615.596844122745,5831.991155218364,-41783.60568890438,264.04190130866215
3090000,6180.0000003415325,-47550.47193801211,5726.894946203334,-41823.576991808775,259.2836974448187
3095000,6190.00000034357,-47793.84211479942,5620.144469003573,-42173.69764579585,254.45059701389457
3100000,6200.000000345607,-47816.87319529324,5757.713560162864,-42059.15963513038,260.6790022745064
3105000,6210.000000347644,-47449.69709074253,5685.8697945614695,-41763.82729618106,257.4262942436322
3110000,6220.000000349682,-48012.310322668636,5740.416183873891,-42271.89413879474,259.8958680067349
3115000,6230.000000351719,-47788.855251458066,5808.997591831752,-41979.857659626316,263.0008736334008
3120000,6240.000000353756,-47871.294926231145,5612.717955356362,-42258.57697087478,254.11436351639514
3125000,6250.000000355793,-47703.735169532825,5720.749819589642,-41982.985349943185,259.0054784160725
3130000,6260.000000357831,-47479.08229831053,5655.682251514576,-41823.400046795956,256.0595609873914
3135000,6270.000000359868,-47927.8052267094,5915.51005762527,-42012.29516908413,267.82319815905265
3140000,6280.000000361905,-47928.36019013735,5787.7832553113985,-42140.57693482595,262.0403999974242
3145000,6290.0000003639425,-47590.99169908161,5868.745900870628,-41722.245798210985,265.70596297574076
3150000,6300.00000036598,-47512.0955522717,5473.204359380662,-42038.89119289104,247.79792129976548
3155000,6310.000000368017,-47864.47056524939,5670.371228022246,-42194.09933722714,256.7246006251647
3160000,6320.000000370054,-47906.508695197816,5736.958586235358,-42169.55010896246,259.73932616191024
3165000,6330.000000372092,-47941.805436897674,5559.729807408345,-42382.07562948933,251.71533873075225
3170000,6340.000000374129,-47529.59327381506,5821.42910941584,-41708.16416439922,263.5637073983521
3175000,6350.000000376166,-47560.587320188526,5755.691499472962,-41804.89582071557,260.58745399624036
3180000,6360.000000378203,-47670.007195250306,5932.174853274869,-41737.83234197544,268.57769250088705
3185000,6370.000000380241,-47881.8185097808,5891.066566462217,-41990.75194331858,266.7165253762006
3190000,6380.000000382278,-47698.344970103644,5691.830383661321,-42006.514586442325,257.6961583838472
3195000,6390.000000384315,-47669.18184123031,5874.308387024381,-41794.87345420593,265.95780310734415
3200000,6400.000000386352,-47795.858445735415,5820.6636798317,-41975.19476590372,263.52905277056976
3205000,6410.00000038839,-47836.47896887426,5827.258122828215,-42009.220846046046,263.8276144831185
3210000,6420.000000390427,-47616.93360079982,5804.753896103653,-41812.179704696166,262.8087413995204
3215000,6430.000000392464,-47321.776759813074,5826.7289515016955,-41495.04780831138,263.80365638725493
3220000,6440.0000003945015,-47472.09258501383,5885.1590191595305,-41586.9335658543,266.44906268972574
3225000,6450.000000396539,-47878.113296852505,5689.968355105535,-42188.14494174697,257.6118555193408
3230000,6460.000000398576,-47723.46577206411,5567.6304399893925,-42155.83533207472,252.07303784117946
3235000,6470.000000400613,-47808.570989315456,5699.500684121091,-42109.070305194364,258.04342926665606
3240000,6480.000000402651,-47681.54650711542,5570.815343775549,-42110.73116333987,252.21723354189302
3245000,6490.000000404688,-47609.33018004481,5684.943113203401,-41924.38706684141,257.3843389832109
3250000,6500.000000406725,-47657.98253213108,5771.838516067743,-41886.144016063336,261.3185060243857
3255000,6510.000000408762,-47653.24976324098,5699.166657377518,-41954.083105863465,258.0283062916526
3260000,6520.0000004108,-47546.59880672151,5725.720162541952,-41820.87864417955,259.2305094163526
3265000,6530.000000412837,-47614.17419985507,5812.491916522831,-41801.68228333224,263.15907828609414
3270000,6540.000000414874,-47540.01069738547,5840.148646765561,-41699.86205061991,264.4112296427945
3275000,6550.0000004169115,-47605.91444988188,5645.038775811383,-41960.8756740705,255.577680359248
3280000,6560.000000418949,-47649.690948617295,5701.378115930835,-41948.31283268646,258.1284295095283
3285000,6570.000000420986,-47553.388836356986,5853.870656303781,-41699.5181800532,265.0324900994407
3290000,6580.000000423023,-47706.98205959669,5625.177624819333,-42081.804434777354,254.67847185043075
3295000,6590.0000004250605,-47725.255782887805,5823.014713021242,-41902.24106986656,263.6354951942437
3300000,6600.000000427098,-47735.197292562225,5933.075912064553,-41802.12138049767,268.61848770610715
3305000,6610.000000429135,-47425.191119867144,5702.069493513303,-41723.12162635384,258.15973145195903
3310000,6620.000000431172,-47742.750678187,5684.572002380047,-42058.17867580696,257.36753703602227
3315000,6630.00000043321,-47512.99221218529,5914.330830283103,-41598.66138190219,267.7698089440806
3320000,6640.000000435247,-47685.97450139554,5717.000436339948,-41968.97406505559,258.8357260526625
3325000,6650.000000437284,-47461.16095533443,5863.603861148368,-41597.557094186064,265.47315844831013
3330000,6660.000000439321,-47687.84648369707,5754.062503985422,-41933.78397971165,260.5137016440324
3335000,6670.000000441359,-47687.94558645168,5660.1076352806,-42027.83795117108,256.25991910051306
3340000,6680.000000443396,-47686.824973720824,5820.026794093972,-41866.79817962685,263.50021793241064
3345000,6690.000000445433,-47696.62393894914,5632.635873204992,-42063.988065744146,255.01614213006064
3350000,6700.0000004474705,-47636.740897614625,5537.45779284445,-42099.28310477018,250.70697899307277
3355000,6710.000000449508,-47921.175506789645,5653.8843318338095,-42267.29117495583,255.9781606357319
3360000,6720.000000451545,-47861.32147576049,5924.506095712017,-41936.81538004847,268.2304914723397
3365000,6730.000000453582,-47565.777171849506,5643.991076403491,-41921.78609544601,255.53024603771064
3370000,6740.00000045562,-47700.10688358068,5678.801930614613,-42021.304952966064,257.106298519179
3375000,6750.000000457657,-47800.175090230245,5644.267033423745,-42155.9080568065,255.54273992090899
3380000,6760.000000459694,-48014.12095869018,5690.393518338248,-42323.72744035193,257.63110467547705
3385000,6770.000000461731,-47847.15735527838,5918.220827722596,-41928.93652755579,267.94592757880974
3390000,6780.000000463769,-47861.21647007123,5736.2614415100015,-42124.95502856123,259.7077631135669
3395000,6790.000000465806,-47883.87931245181,5797.660698497977,-42086.21861395384,262.4875987001723
3400000,6800.000000467843,-47604.10967721691,5994.6817931782,-41609.42788403871,271.40767814692043
3405000,6810.00000046988,-47978.456949397456,5739.50180613629,-42238.95514326116,259.85446978956946
3410000,6820.000000471918,-47453.73696275917,5847.468909180747,-41606.268053578424,264.74265264305996
3415000,6830.000000473955,-47721.81835009623,5735.915009523718,-41985.90334057251,259.6920784943866
3420000,6840.000000475992,-47861.15188089025,5739.57418421986,-42121.577696670385,259.85774668870914
3425000,6850.0000004780295,-47525.652539354865,5769.63462945776,-41756.017909897106,261.2187256242992
3430000,6860.000000480067,-47615.09216887719,5842.042731202103,-41773.04943767509,264.49698382906695
3435000,6870.000000482104,-47481.82076464803,5770.1056323742505,-41711.71513227378,261.24005016034226
3440000,6880.000000484141,-47655.882751672936,5638.715534388668,-42017.16721728427,255.29139722828103
3445000,6890.000000486179,-47710.525666527974,5639.130427634509,-42071.39523889346,255.31018141340007
3450000,6900.000000488216,-47562.27544953703,5642.573941344063,-41919.70150819297,255.46608561195833
3455000,6910.000000490253,-48096.34384156915,5802.768588285238,-42293.57525328391,262.718857098069
3460000,6920.00000049229,-47540.79963358684,5623.952120381535,-41916.8475132053,254.62298745184265
3465000,6930.000000494328,-47728.17106852727,5827.5106514980835,-41900.66041702918,263.83904765377196
3470000,6940.000000496365,-47624.529765294574,6024.207620904196,-41600.322144390375,272.74445241200283
3475000,6950.000000498402,-47583.39119449671,5691.151723119852,-41892.23947137686,257.6654322021807
3480000,6960.0000005004395,-47597.007834727876,5951.265272171449,-41645.74256255643,269.44200631208366
3485000,6970.000000502477,-47923.27782075998,5737.413746822619,-42185.86407393736,259.75993344056735
3490000,6980.000000504514,-47700.06593097543,5746.959436227938,-41953.10649474749,260.1921120760968
3495000,6990.000000506551,-47871.421764048224,5949.685042064152,-41921.736721984074,269.37046179993837
3500000,7000.0000005085885,-47863.63505316264,5808.758998537369,-42054.87605462527,262.9900713832924
3505000,7010.000000510626,-47569.85844523413,6044.751395472436,-41525.1070497617,273.67456652786547
3510000,7020.000000512663,-47790.52880998788,5550.309891376719,-42240.218918611165,251.2888544524054
3515000,7030.0000005147,-47690.15650154778,5744.30936741881,-41945.84713412897,260.07213089156875
3520000,7040.000000516738,-47651.08154214214,5933.413254099327,-41717.66828804281,268.6337607800681
3525000,7050.000000518775,-48090.72726278828,5469.867400576588,-42620.85986221169,247.64684134717876
3530000,7060.000000520812,-47557.4512300443,5566.248691040525,-41991.202539003774,252.01047951249205
3535000,7070.000000522849,-47702.489311009704,5656.105830594183,-42046.38348041552,256.07873842140276
3540000,7080.000000524887,-47585.38392570877,5878.537383173829,-41706.84654253494,266.14926982157743
3545000,7090.000000526924,-47649.395522946084,5903.591419083721,-41745.80410386236,267.28358486099313
3550000,7100.000000528961,-48000.673967609415,5850.8013061362635,-42149.87266147315,264.8935260591251
3555000,7110.0000005309985,-48037.043331985245,5753.725367847441,-42283.31796413781,260.4984378919958
3560000,7120.000000533036,-47960.080794285925,5773.963331335612,-42186.117462950315,261.4147064897715
3565000,7130.000000535073,-47621.95059934829,5560.393680800255,-42061.556918548034,251.7453954280213
3570000,7140.00000053711,-47673.628656504094,5802.181993309857,-41871.446663194234,262.6922991612554
3575000,7150.000000539148,-47889.94121015305,5877.928084171726,-42012.01312598132,266.1216839657867
3580000,7160.000000541185,-47941.951300341054,5527.554576126958,-42414.39672421409,250.25861340033373
3585000,7170.000000543222,-47995.33118877665,5909.259202792758,-42086.07198598389,267.54019231236094
3590000,7180.000000545259,-47787.83119242906,5744.140987370427,-42043.690205058636,260.06450752813515
3595000,7190.000000547297,-47830.944478403835,5672.932908396746,-42158.01157000709,256.8405800460222
3600000,7200.000000549334,-47734.03736183717,5491.364450417345,-42242.672911419824,248.62011475610734
3605000,7210.000000551371,-48040.26881303685,5790.726194220111,-42249.54261881673,262.17364080047247
3610000,7220.000000553408,-47826.94341577089,5695.9529622325135,-42130.990453538376,257.88280706956374
3615000,7230.000000555446,-47996.62302823848,5822.357843550699,-42174.26518468778,263.6057555977152
3620000,7240.000000557483,-47711.70483510278,5833.311553901936,-41878.39328120084,264.1016820198493
3625000,7250.00000055952,-47899.37323343218,5739.998929216464,-42159.37430421572,259.87697690931293
3630000,7260.0000005615575,-47803.50840462162,5657.228713370532,-42146.27969125109,256.12957665063243
3635000,7270.000000563595,-47609.28830456635,5922.123003182407,-41687.16530138394,268.1225975702803
3640000,7280.000000565632,-47821.581594216754,5894.659456357602,-41926.922137859154,266.8791925431974
3645000,7290.000000567669,-47987.8416204488,5762.92779903324,-42224.91382141556,260.91507559981994
3650000,7300.000000569707,-48156.61764035665,5744.56172906573,-42412.05591129092,260.0835565003011
3655000,7310.000000571744,-47968.04296815634,5629.0342775438585,-42339.00869061248,254.853080811756
3660000,7320.000000573781,-47935.17023644305,5743.734658469057,-42191.435577974,260.0461110915119
3665000,7330.000000575818,-47608.77024225955,5770.228264800324,-41838.54197745922,261.24560231192834
3670000,7340.000000577856,-47608.28846127569,5790.887859645428,-41817.40060163026,262.18096016107165
3675000,7350.000000579893,-47595.09328603727,5729.859192599496,-41865.23409343777,259.4179029388873
3680000,7360.00000058193,-47604.00128517544,5727.444458415537,-41876.55682675991,259.30857646905605
3685000,7370.000000583967,-47719.03599302942,5583.173350904691,-42135.86264212473,252.77673913988158
3690000,7380.000000586005,-47178.53356881015,5874.388012229001,-41304.14555658115,265.9614081180275
3695000,7390.000000588042,-47542.32251422416,5827.914368477771,-41714.40814574638,263.8573258363121
3700000,7400.000000590079,-47323.53611041809,5857.200594207094,-41466.335516210995,265.18325218254904
3705000,7410.0000005921165,-47547.72933110717,5735.9171321071535,-41811.812199000015,259.6921745938063
3710000,7420.000000594154,-48022.59011566173,5755.74066179687,-42266.84945386487,260.5896798078254
3715000,7430.000000596191,-47723.6984810775,5723.702336386731,-41999.99614469077,259.1391528555564
3720000,7440.000000598228,-47868.9069851684,5852.406830795735,-42016.50015437267,264.96621577562195
3725000,7450.000000600266,-47517.92002048966,5733.741080619735,-41784.178939869926,259.5936544217431
3730000,7460.000000602303,-47589.45053372672,5686.9865701076105,-41902.463963619106,257.4768559695831
3735000,7470.00000060434,-47861.0854988214,5855.1160097378215,-42005.969489083574,265.0888731562344
3740000,7480.000000606377,-47465.38602809893,5755.984406014008,-41709.40162208492,260.6007152646382
3745000,7490.000000608415,-47662.44343048264,5704.960476446112,-41957.48295403653,258.29061996154576
3750000,7500.000000610452,-47639.576395351614,5620.346507696726,-42019.22988765489,254.45974426382313
3755000,7510.000000612489,-47577.669995834236,5604.24912732429,-41973.420868509944,253.73093950289277
3760000,7520.0000006145265,-47505.92789897905,5601.857436122344,-41904.070462856704,253.6226562981523
3765000,7530.000000616564,-47514.104822559806,5722.513255351604,-41791.591567208205,259.085317517167
3770000,7540.000000618601,-47630.08864809439,5967.6844548446115,-41662.40419324978,270.1853805895081
3775000,7550.000000620638,-47851.26598469098,5774.646488020171,-42076.61949667081,261.44563623316134
3780000,7560.0000006226755,-47588.60958548682,5851.13924218956,-41737.47034329726,264.9088260271221
3785000,7570.000000624713,-47543.33200274099,5751.4640744876015,-41791.86792825339,260.39605841605743
3790000,7580.00000062675,-47671.447013367026,5705.2056499890605,-41966.241363377965,258.30172013071746
3795000,7590.000000628787,-47836.081738857785,5812.484407297328,-42023.59733156046,263.15873830783863
3800000,7600.000000630825,-47914.706604202394,5954.150052220655,-41960.55655198174,269.5726139877088
3805000,7610.000000632862,-47459.01475317526,5676.286736727929,-41782.728016447334,256.9924237621149
3810000,7620.000000634899,-47947.39461711823,5713.327653846385,-42234.06696327185,258.66944176880764
3815000,7630.000000636936,-47515.60654781369,5849.027467064818,-41666.57908074887,264.8132159508663
3820000,7640.000000638974,-47661.98510255793,5742.964275082542,-41919.02082747538,260.0112321815996
3825000,7650.000000641011,-47694.244055582094,5877.114948252438,-41817.12910732966,266.0848694459363
3830000,7660.000000643048,-47625.77955698967,5993.819689753148,-41631.959867236525,271.3686466358264
3835000,7670.0000006450855,-47507.451697540644,5686.433804265137,-41821.01789327551,257.4518296380711
3840000,7680.000000647123,-47609.21362829843,5894.359392312179,-41714.85423598625,266.8656072206276
3845000,7690.00000064916,-47556.421041396796,5776.009001617745,-41780.412039779054,261.5073236862605
3850000,7700.000000651197,-47902.56348763377,5911.159079101885,-41991.40440853189,267.62620872417676
3855000,7710.000000653235,-47741.2628048053,5665.590722506089,-42075.672082299214,256.508164466037
3860000,7720.000000655272,-47680.7661692237,5728.636178647561,-41952.12999057614,259.36253129640687
3865000,7730.000000657309,-47852.35177035601,5832.930279144777,-42019.42149121123,264.0844199031688
3870000,7740.000000659346,-47954.41150393465,5629.517054377546,-42324.894449557105,254.87493840887544
3875000,7750.000000661384,-47741.03618150699,5624.570348389261,-42116.465833117734,254.6509775660691
3880000,7760.000000663421,-47544.8273390003,5667.338452937567,-41877.48888606273,256.5872925123286
3885000,7770.000000665458,-47635.39907889016,5877.207638716771,-41758.19144017339,266.0890659828967
3890000,7780.000000667495,-47803.51432708424,5959.173096237101,-41844.34123084714,269.80003101512887
3895000,7790.000000669533,-47667.49200550513,5706.208648696442,-41961.28335680869,258.34713063952285
3900000,7800.00000067157,-47900.97676807555,5662.884958085718,-42238.091809989826,256.385661677018
3905000,7810.000000673607,-47586.22462813894,5671.548320457797,-41914.67630768114,256.77789318278815
3910000,7820.0000006756445,-47590.96649739705,5825.943261501803,-41765.02323589525,263.7680844743543
3915000,7830.000000677682,-47838.81809840811,5802.768140971012,-42036.0499574371,262.7188368460324
3920000,7840.000000679719,-48044.74794412404,5816.580456760617,-42228.167487363426,263.34418589501024
3925000,7850.000000681756,-47823.94799548283,5843.695604234053,-41980.252391248774,264.57181723096386
3930000,7860.000000683794,-47498.37340492109,5611.916443127051,-41886.45696179404,254.07807525612236
3935000,7870.000000685831,-47446.28462870605,5559.58126006145,-41886.7033686446,251.70861328778355
3940000,7880.000000687868,-47564.30673265108,5640.899721007649,-41923.40701164343,255.39028571633588
3945000,7890.000000689905,-47882.49399082386,5622.047436218634,-42260.44655460522,254.5367533656824
3950000,7900.000000691943,-47692.453117921366,5537.074918534237,-42155.37819938713,250.68964445703867
3955000,7910.00000069398,-47830.71049100603,5726.11292534464,-42104.59756566139,259.2482916513432
3960000,7920.000000696017,-47567.73153041903,5760.905753000296,-41806.82577741873,260.82352798514387
3965000,7930.0000006980545,-47993.86355110287,5787.621777161373,-42206.241773941496,262.03308911566563
3970000,7940.000000700092,-47914.442609307414,5590.763968682748,-42323.67864062467,253.12040240974648
3975000,7950.000000702129,-47803.52030235017,5792.893777067973,-42010.62652528219,262.2717775570554
3980000,7960.000000704166,-47512.84092196624,5643.830569758582,-41869.01035220766,255.52297914059668
3985000,7970.0000007062035,-47308.542211370426,5899.641096914001,-41408.90111445643,267.1047350396004
3990000,7980.000000708241,-48007.5812104551,5878.2067877979935,-42129.37442265711,266.1343022008668
3995000,7990.000000710278,-47678.445852990495,5822.049218651979,-41856.39663433852,263.5917826847117
4000000,8000.000000712315,-47921.394661610946,5726.220393358399,-42195.17426825255,259.2531572380575
4005000,8010.000000714353,-48173.73212545534,5705.158523639449,-42468.57360181589,258.2995864973456
4010000,8020.00000071639,-47909.0930825253,5623.349303002073,-42285.743779523225,254.5956950498518
4015000,8030.000000718427,-47848.54258813977,5691.874713301899,-42156.66787483787,257.698165396936
4020000,8040.000000720464,-47629.60508660704,5792.410490981607,-41837.194595625435,262.2498969036518
4025000,8050.000000722502,-47725.538419169956,5700.736913640035,-42024.80150552992,258.09939924053776
4030000,8060.000000724539,-48039.85602654738,5617.292563741432,-42422.56346280595,254.32147773580814
4035000,8070.000000726576,-47690.99852492433,5989.407865943198,-41701.590658981135,271.16890244623244
4040000,8080.0000007286135,-48037.18436802592,5698.805541428355,-42338.37882659756,258.01195685982526
4045000,8090.000000730651,-47514.32968212321,6007.411296890074,-41506.91838523313,271.9840031572544
4050000,8100.000000732688,-47863.718997304095,5643.173539216066,-42220.54545808803,255.493232251576
4055000,8110.000000734725,-48023.264843090554,5627.058428993894,-42396.20641409666,254.7636247762537
4060000,8120.000000736763,-47952.56876104837,5651.004692021112,-42301.56406902726,255.84778568299416
4065000,8130.0000007388,-47844.75548729696,5725.89654078859,-42118.85894650837,259.2384948961574
4070000,8140.000000740837,-48068.95911751769,5806.6939972584605,-42262.26512025923,262.8965789808905
4075000,8150.000000742874,-48075.74979509646,5564.293797339523,-42511.45599775694,251.92197220239316
4080000,8160.000000744912,-47942.74881365179,5867.951862542971,-42074.79695110882,265.67001309444527
4085000,8170.000000746949,-47798.42760036059,5624.114677796427,-42174.31292256417,254.6303471970407
4090000,8180.000000748986,-47645.707182910235,5786.1447502738265,-41859.562432636405,261.9662171027815
4095000,8190.000000751023,-47910.82835587539,5738.439826568302,-42172.388529307085,259.8063889374523
4100000,8200.00000075306,-47752.1593928028,5428.11605425386,-42324.043338548945,245.75655986837626
4105000,8210.000000755097,-47666.862883103604,5684.262008779664,-41982.600874323936,257.35350215540257
4110000,8220.000000757134,-47558.87841532257,5671.0151342295285,-41887.86328109304,256.75375331327933
4115000,8230.000000759172,-47740.570447627106,5818.78470098877,-41921.785746638336,263.44398248616744
4120000,8240.000000761209,-48023.496763613715,5673.466147016471,-42350.03061659724,256.86472228754076
4125000,8250.000000763246,-47940.35645359423,5657.493302379733,-42282.86315121449,256.1415558500508
4130000,8260.000000765283,-47761.97497585992,5787.187784357791,-41974.78719150213,262.0134402029766
4135000,8270.00000076732,-48041.7448377157,5507.137119357435,-42534.60771835826,249.3342182903569
4140000,8280.000000769358,-47677.92587837798,5752.482152474919,-41925.44372590306,260.4421516353881
4145000,8290.000000771395,-47526.95095596858,5805.003661059305,-41721.947294909274,262.82004944372267
4150000,8300.000000773432,-47559.33573263406,5790.788279248023,-41768.54745338604,262.1764516841614
4155000,8310.00000077547,-47778.609328217164,5627.420554125938,-42151.18877409123,254.78001989857668
4160000,8320.000000777507,-47634.920173663006,5813.11684674925,-41821.80332691375,263.1873718415501
4165000,8330.000000779544,-48227.12212373107,5852.645646369849,-42374.47647736122,264.97702808938806
4170000,8340.000000781582,-47804.839865917165,5824.252223417081,-41980.58764250008,263.6915231594977
4175000,8350.000000783619,-47747.545053208945,5676.078414695672,-42071.46663851327,256.98299203562266
4180000,8360.000000785656,-47796.91408102168,5644.689487052039,-42152.22459396964,255.5618664004013
4185000,8370.000000787693,-47851.595910017495,5802.8109787708045,-42048.78493124669,262.72077631641287
4190000,8380.00000078973,-47308.36143970315,5727.578703258899,-41580.78273644425,259.31465436985155
4195000,8390.000000791768,-47634.9909451952,5707.046529177494,-41927.9444160177,258.3850654630503
4200000,8400.000000793805,-47729.91230801074,5827.746769042049,-41902.16553896869,263.84973781491624
4205000,8410.000000795842,-47755.36140065815,5767.748708187648,-41987.6126924705,261.1333410232898
4210000,8420.00000079788,-47707.61363255506,5664.768679932573,-42042.84495262249,256.4709466997045
4215000,8430.000000799917,-47967.821480056096,5728.531111982898,-42239.2903680732,259.357774430156
4220000,8440.000000801954,-47698.386856398894,5678.9108026013455,-42019.47605379755,257.11122767040894
4225000,8450.000000803991,-47634.678425338236,5588.817203394427,-42045.86122194381,253.03226311144357
4230000,8460.000000806029,-47543.978985240334,5638.946681141995,-41905.032304098335,255.30186233815616
4235000,8470.000000808066,-47783.37176361843,5696.511966024249,-42086.85979759418,257.908115822626
4240000,8480.000000810103,-48160.68104548653,5711.117719564794,-42449.56332592174,258.56938756194273
4245000,8490.00000081214,-47944.20413970656,5691.427350098426,-42252.776789608135,257.6779111428268
4250000,8500.000000814178,-48211.920585035405,5845.971230410914,-42365.94935462449,264.6748456215108
4255000,8510.000000816215,-47967.59856719902,5751.485280118546,-42216.11328708047,260.3970184955507
4260000,8520.000000818252,-47769.78605034662,5833.225975489862,-41936.56007485676,264.09780747922787
4265000,8530.00000082029,-47710.63335135259,5434.890647905993,-42275.742703446595,246.06327785557727
4270000,8540.000000822327,-47970.37126862566,5504.68354680662,-42465.68772181904,249.22313342344373
4275000,8550.000000824364,-47918.638326423534,5645.593872897134,-42273.044453526396,255.60281223720042
4280000,8560.000000826401,-47717.37571607577,5596.751989131893,-42120.62372694387,253.39150849725368
4285000,8570.000000828439,-47608.90062396304,5674.363289245883,-41934.537334717155,256.9053401715007
4290000,8580.000000830476,-47561.81606572884,5912.83384621126,-41648.98221951758,267.70203337480444
4295000,8590.000000832513,-47767.8791580979,5916.99437797123,-41850.88478012667,267.89040038139274
4300000,8600.00000083455,-47768.70376520761,5788.689973425997,-41980.01379178162,262.0814514271259
4305000,8610.000000836588,-47802.31338641071,5804.175923041431,-41998.137463369276,262.78257381761006
4310000,8620.000000838625,-48018.21825433371,5648.105610782186,-42370.112643551525,255.7165305246784
4315000,8630.000000840662,-48258.211024947756,5706.115076191013,-42552.095948756745,258.34289416837845
4320000,8640.0000008427,-47733.5866320823,5836.263118043165,-41897.32351403913,264.2353133280839
4325000,8650.000000844737,-47630.546723357984,5732.605233890681,-41897.9414894673,259.54222925288525
4330000,8660.000000846774,-47741.72238436766,5709.381890198494,-42032.34049416917,258.4907983333197
4335000,8670.000000848811,-48014.11542041716,5757.791883355245,-42256.323537061915,260.6825483369201
4340000,8680.000000850849,-47771.188208528154,5609.045749876422,-42162.14245865173,253.94810535668384
4345000,8690.000000852886,-47757.60819858033,5741.0224066455685,-42016.58579193476,259.9233145869834
4350000,8700.000000854923,-48067.1528338067,5559.816550926555,-42507.33628288015,251.71926602125473
4355000,8710.00000085696,-48038.746059418656,5424.759217908259,-42613.9868415104,245.6045799652035
4360000,8720.000000858998,-47954.534196453926,5699.0364847285255,-42255.4977117254,258.02241275841095
4365000,8730.000000861035,-47830.73105614603,5878.477787365193,-41952.25326878084,266.1465716366517
4370000,8740.000000863072,-47638.684227679565,5577.380146302756,-42061.30408137681,252.51445328980853
4375000,8750.00000086511,-47537.51231487008,5810.852056160358,-41726.66025870972,263.0848340294648
4380000,8760.000000867147,-47874.54451869661,5575.5197481589075,-42299.024770537704,252.4302242417838
4385000,8770.000000869184,-47705.61278633715,5608.1656704610505,-42097.4471158761,253.90825998724608
4390000,8780.000000871221,-47744.62579587608,5820.869253533026,-41923.75654234306,263.5383600670852
4395000,8790.000000873259,-47726.84440183622,5692.4951008673,-42034.34930096892,257.72625328458145
4400000,8800.000000875296,-47689.124531070294,5739.338768366297,-41949.785762704,259.84708829641755
4405000,8810.000000877333,-47779.45606978424,5522.94355536179,-42256.51251442245,250.0498506197662
4410000,8820.00000087937,-47634.501097035536,5615.070231935018,-42019.43086510052,254.22086223419183
4415000,8830.000000881408,-47696.5712696698,5770.331972204153,-41926.23929746565,261.25029763799415
4420000,8840.000000883445,-47925.36231305549,5496.892715862217,-42428.469597193274,248.8704055539075
4425000,8850.000000885482,-47911.01713780541,5978.500643496436,-41932.51649430897,270.6750807520307
4430000,8860.00000088752,-47667.84105384827,5721.848100137164,-41945.99295371111,259.0552027857122
4435000,8870.000000889557,-48053.31515917485,5678.862721658177,-42374.452437516666,257.1090508180591
4440000,8880.000000891594,-48001.102175879,5611.2643883420305,-42389.83778753697,254.04855364324402
4445000,8890.000000893631,-47930.21007962851,5829.750293598932,-42100.459786029576,263.94044687452185
4450000,8900.000000895669,-47759.51406366442,5924.230210785335,-41835.28385287909,268.21800085315925
4455000,8910.000000897706,-47825.324849538796,5813.7543385071485,-42011.57051103165,263.21623411711676
4460000,8920.000000899743,-47639.938170674606,5858.769610030887,-41781.16856064372,265.2542889708897
4465000,8930.00000090178,-47294.93397184659,5772.814957543844,-41522.11901430275,261.3627141613675
4470000,8940.000000903818,-47494.74893123447,5695.7594308058615,-41798.98950042861,257.87404498394045
4475000,8950.000000905855,-47810.995557128685,5568.42380718836,-42242.571749940325,252.108957337296
4480000,8960.000000907892,-47624.75397181307,5896.173368926561,-41728.58060288651,266.94773454583157
4485000,8970.00000090993,-47884.93808019225,5871.363541682851,-42013.574538509405,265.8244759910399
4490000,8980.000000911967,-47500.49537477951,5680.756915684569,-41819.73845909494,257.1948099659838
4495000,8990.000000914004,-47732.44037817005,5898.917325642918,-41833.52305252713,267.0719664812396
4500000,9000.000000916041,-47784.88251609751,5644.889344741045,-42139.993171356466,255.57091490592737
4505000,9010.000000918079,-47604.38214314799,5963.430460133889,-41640.9516830141,269.9927820718352
4510000,9020.000000920116,-47858.54535758338,5808.685223564805,-42049.86013401858,262.9867312403624
4515000,9030.000000922153,-47992.72630522313,5655.419678762564,-42337.306626460566,256.0476730734993
4520000,9040.00000092419,-47864.92778396874,5740.967986417292,-42123.95979755145,259.9208507251288
4525000,9050.000000926228,-48152.46820997604,5824.194738867899,-42328.27347110814,263.6889205613014
4530000,9060.000000928265,-47962.29729214334,5809.32981266402,-42152.96747947932,263.0159148462339
4535000,9070.000000930302,-47702.07744170277,5894.117349344853,-41807.96009235792,266.854648787463
4540000,9080.00000093234,-47509.804048708465,5899.9239036678655,-41609.8801450406,267.1175390427283
4545000,9090.000000934377,-47782.101900487614,5747.5996004512035,-42034.50230003641,260.2210953468465
4550000,9100.000000936414,-47541.03489105095,5704.112151182669,-41836.92273986828,258.2522122531789
4555000,9110.000000938451,-47777.732270757435,5709.502060572513,-42068.23021018492,258.4962390161315
4560000,9120.000000940488,-47948.372786027554,5796.473256488838,-42151.899529538714,262.43383756826347
4565000,9130.000000942526,-47849.16488252062,5698.94121155802,-42150.2236709626,258.01809929009204
4570000,9140.000000944563,-47805.38659259601,5740.926431375897,-42064.460161220115,259.91896933130516
4575000,9150.0000009466,-47642.01743005478,5596.106089807003,-42045.91134024778,253.36226557125136
4580000,9160.000000948638,-47488.395349632425,5592.494555080625,-41895.9007945518,253.1987542643212
4585000,9170.000000950675,-47641.09237089043,5572.1217208123235,-42068.9706500781,252.27637942662352
4590000,9180.000000952712,-47770.756780688185,5697.3420182642185,-42073.41476242397,257.9456962245494
4595000,9190.00000095475,-47923.44356870529,5590.602731182711,-42332.84083752258,253.11310242335438
4600000,9200.000000956787,-47789.9319286978,5893.088367442248,-41896.84356125555,266.808061896169
4605000,9210.000000958824,-47929.43291397719,5615.803160421587,-42313.6297535556,254.25404538313123
4610000,9220.000000960861,-48080.33539679705,5619.8129465696275,-42460.52245022742,254.43558742086609
4615000,9230.000000962898,-47931.142745727964,5687.701542011504,-42243.44120371646,257.5092261388549
4620000,9240.000000964936,-47823.6726608965,5811.7330576850545,-42011.939603211446,263.12472114716536
4625000,9250.000000966973,-47478.184971277195,5734.4301633318155,-41743.75480794538,259.62485246450655
4630000,9260.00000096901,-47998.07746363926,5689.527721188868,-42308.54974245039,257.59190593196297
4635000,9270.000000971047,-47911.260037602915,6159.588380307414,-41751.671657295505,278.8737815145429
4640000,9280.000000973085,-47859.5914979169,5697.659018348217,-42161.932479568684,257.9600483219148
4645000,9290.000000975122,-47823.49637335981,5790.377733949317,-42033.118639410495,262.157864351232
4650000,9300.00000097716,-47586.3184516452,5912.9385804920985,-41673.379871153105,267.7067751924631
4655000,9310.000000979197,-47691.97778083867,6027.625033978895,-41664.352746859775,272.8991749110233
4660000,9320.000000981234,-47649.31183774024,5688.724949799722,-41960.58688794052,257.55556066355206
4665000,9330.000000983271,-47942.23703104397,5903.070258019838,-42039.16677302413,267.2599894277126
4670000,9340.000000985308,-48135.78064610134,5894.899649038618,-42240.88099706272,266.89006720512475
4675000,9350.000000987346,-47912.186615059734,5821.639472420186,-42090.547142639545,263.5732315293315
4680000,9360.000000989383,-47923.29446834023,5718.591817389266,-42204.70265095097,258.90777542084317
4685000,9370.00000099142,-47750.90923996031,5886.859855601824,-41864.049384358485,266.52606762270415
4690000,9380.000000993457,-47516.27957536717,5807.716086085657,-41708.563489281514,262.9428537899663
4695000,9390.000000995495,-47756.33844123036,5772.929222253833,-41983.40921897652,261.36788746675757
4700000,9400.000000997532,-47545.793475915096,5949.117948597579,-41596.675527317515,269.34478678892606
4705000,9410.00000099957,-47733.90995670954,6027.540608358412,-41706.36934835113,272.89535256274496
4710000,9420.000001001607,-47530.092263489496,5606.011645786536,-41924.08061770296,253.81073707347835
4715000,9430.000001003644,-47779.560389502556,5681.259346394891,-42098.30104310767,257.21755738731866
4720000,9440.000001005681,-48067.54405921558,5794.135493560017,-42273.40856565556,262.3279959522346
4725000,9450.000001007718,-47897.80388311553,5743.689620822101,-42154.11426229343,260.04407202361614
4730000,9460.000001009756,-47512.557496914116,5630.789131768609,-41881.76836514551,254.93253138595796
4735000,9470.000001011793,-47842.45698677673,5670.746370098805,-42171.71061667793,256.74158508630654
4740000,9480.00000101383,-47587.02283293003,5631.1250683198505,-41955.89776461018,254.94774082701298
4745000,9490.000001015867,-47664.32297033694,5851.344778596538,-41812.9781917404,264.9181316351455
4750000,9500.000001017905,-47936.44111919997,5975.466498921824,-41960.974620278146,270.5377106358896
4755000,9510.000001019942,-47475.188037738495,5712.484338829825,-41762.70369890867,258.6312608980812
4760000,9520.00000102198,-47463.35079853103,5851.886294894257,-41611.46450363677,264.9426486464087
4765000,9530.000001024016,-47626.298093013174,5746.823720640269,-41879.474372372904,260.1859675877306
4770000,9540.000001026054,-47885.79109517217,5787.777083072513,-42098.01401209966,262.04012055089424
4775000,9550.000001028091,-47501.39087889955,5581.927749373001,-41919.46312952654,252.72034485053052
4780000,9560.000001030128,-47656.76608489978,5490.9032737108955,-42165.86281118888,248.59923509919955
4785000,9570.000001032166,-47967.317041882605,5871.272111432942,-42096.044930449665,265.82033650996374
4790000,9580.000001034203,-47739.83432644396,5973.692636651814,-41766.141689792144,270.45739947732176
4795000,9590.00000103624,-47508.886370487686,5751.846298343121,-41757.04007214456,260.41336350292244
4800000,9600.000001038277,-47988.3017772779,5712.581462550722,-42275.72031472718,258.6356581495937
4805000,9610.000001040315,-47863.96136958187,5894.52977999426,-41969.431589587606,266.8733214791611
4810000,9620.000001042352,-47919.90195904055,5718.304965332219,-42201.596993708336,258.89478826765287
4815000,9630.00000104439,-47432.02114462666,5895.404749780491,-41536.61639484617,266.91293551145225
4820000,9640.000001046426,-47580.125896771904,5895.333982982965,-41684.79191378894,266.90973156287424
4825000,9650.000001048464,-47679.28919702023,5719.734675989617,-41959.554521030615,258.95951805037265
4830000,9660.000001050501,-47868.46624567587,5684.026540971712,-42184.43970470416,257.34284141088943
4835000,9670.000001052538,-47962.740675218694,5561.415620158054,-42401.32505506064,251.7916634699085
4840000,9680.000001054575,-47651.75952782709,5659.965651783305,-41991.79387604378,256.2534908341487
4845000,9690.000001056613,-47897.38898017019,5660.4753096171025,-42236.913670553084,256.27656546164235
4850000,9700.00000105865,-47873.78315882094,5737.421582440039,-42136.3615763809,259.76028819613305
4855000,9710.000001060687,-48010.76445337979,5689.299809336477,-42321.46464404331,257.5815872813967
4860000,9720.000001062725,-47905.33476099052,5713.691428366059,-42191.64333262446,258.6859115667319
4865000,9730.000001064762,-48008.14877329627,5878.861607204932,-42129.28716609134,266.16394898129215
4870000,9740.000001066799,-47765.92431749636,5757.97861421995,-42007.94570327641,260.6910025288483
4875000,9750.000001068836,-47895.91187059716,5798.346220522784,-42097.56565007438,262.5186355337342
4880000,9760.000001070874,-47637.423259028816,5743.7424860435685,-41893.680772985244,260.046465482937
4885000,9770.00000107291,-47833.99068687775,5700.224746088714,-42133.76594078903,258.07621098622803
4890000,9780.000001074948,-47978.540509355604,5727.371417524006,-42251.1690918316,259.3052695614562
4895000,9790.000001076985,-47357.629408398585,5954.314256706127,-41403.315151692455,269.58004830360426
4900000,9800.000001079023,-47864.34390445723,5635.875988132262,-42228.46791632497,255.16283750100433
4905000,9810.00000108106,-47573.17425164499,5660.384736344764,-41912.789515300225,256.2724647800055
4910000,9820.000001083097,-47631.76672684116,5876.368443917511,-41755.39828292365,266.05107165395015
4915000,9830.000001085134,-47809.025107567664,5835.022965650394,-41974.00214191727,264.1791657470975
4920000,9840.000001087172,-47811.65023657837,5743.820007257622,-42067.830229320745,260.0499752359879
4925000,9850.000001089209,-48037.788698715274,5687.507690684823,-42350.28100803045,257.50044956984
4930000,9860.000001091246,-47996.108854354534,5821.832053022383,-42174.27680133215,263.58195056662174
4935000,9870.000001093284,-47618.365064684185,5700.655682579836,-41917.70938210435,258.09572152515557
4940000,9880.00000109532,-47607.645126532996,5887.160197730966,-41720.484928802034,266.5396655354429
4945000,9890.000001097358,-47376.43144787743,5693.294658817401,-41683.13678906003,257.76245306536504
4950000,9900.000001099395,-47526.02028345433,5817.9948857195095,-41708.02539773482,263.40822380275597
4955000,9910.000001101433,-47596.792428636225,5694.388256390719,-41902.40417224551,257.8119654145508
4960000,9920.00000110347,-47996.78933694441,5697.8955237446025,-42298.8938131998,257.97075604297777
4965000,9930.000001105507,-47522.63864102127,5647.404743852239,-41875.23389716903,255.68479895447842
4970000,9940.000001107544,-47854.69330019067,5443.764206513284,-42410.92909367739,246.46502594189707
4975000,9950.000001109582,-47735.65621249034,5708.830613894035,-42026.825598596304,258.46583944025866
4980000,9960.000001111619,-47722.507498260005,5755.926493258894,-41966.58100500111,260.59809327952826
4985000,9970.000001113656,-47781.85275679227,5728.203132931665,-42053.649623860605,259.3429252628695
4990000,9980.000001115694,-47654.292515644105,5722.238564445168,-41932.053951198934,259.07288095694645
4995000,9990.00000111773,-47989.2984767952,5832.5650314788745,-42156.73344531633,264.06788340892746
5000000,10000.000001119768,-47980.706825564615,5789.843340059131,-42190.863485505484,262.1336698051401
5005000,10010.000001121805,-48125.329223648296,5722.862810741235,-42402.46641290706,259.10114354763147
5010000,10020.000001123843,-47696.112822044466,5639.923427169962,-42056.189394874506,255.34608426364542
5015000,10030.00000112588,-47749.42543373699,5905.351217891121,-41844.074215845874,267.36325929990426
5020000,10040.000001127917,-47875.71195580257,5649.373635014426,-42226.33832078815,255.7739399960365
5025000,10050.000001129954,-47851.527856174565,5610.894698233854,-42240.63315794071,254.03181601857005
5030000,10060.000001131992,-47483.12959635828,5658.668965622294,-41824.460630735986,256.1947837013288
5035000,10070.000001134029,-47819.33496572048,5761.096161038709,-42058.23880468177,260.83214866016704
5040000,10080.000001136066,-47596.76614611212,5742.120954746614,-41854.645191365504,259.9730510700402
5045000,10090.000001138103,-47723.33047495468,5624.24280925583,-42099.08766569885,254.6361483159481
5050000,10100.00000114014,-47462.365575584816,5834.792790610103,-41627.57278497471,264.1687446312805
5055000,10110.000001142178,-47645.7252794829,5662.182660333644,-41983.54261914925,256.3538653267138
5060000,10120.000001144215,-47736.789325069345,5686.877887987446,-42049.9114370819,257.47193541451315
5065000,10130.000001146253,-47647.62500554632,5796.704249666351,-41850.92075587997,262.44429572503304
5070000,10140.00000114829,-47866.377023040375,5601.58036292405,-42264.79666011633,253.61011188027993
5075000,10150.000001150327,-47528.628803491534,5664.316766585075,-41864.312036906456,256.4504864389935
5080000,10160.000001152364,-48018.02321330458,5775.443404056244,-42242.57980924834,261.481716401966
5085000,10170.000001154402,-47555.58486698975,5732.590086555421,-41822.99478043433,259.5415434611727
5090000,10180.000001156439,-47652.88047201268,5827.057346183474,-41825.82312582921,263.81852437210756
5095000,10190.000001158476,-47910.67922741856,5635.751218826071,-42274.928008592484,255.15718860271986
5100000,10200.000001160513,-48004.57085718191,5585.582074280161,-42418.98878290175,252.88579347190276
5105000,10210.00000116255,-47929.72575172619,5773.069267215273,-42156.65648451092,261.374227966409
5110000,10220.000001164588,-48041.305045353365,5744.300062427595,-42297.00498292577,260.0717096104819
5115000,10230.000001166625,-48035.09405695804,5859.920314454993,-42175.17374250305,265.30638681807403
5120000,10240.000001168662,-47615.329856251075,5855.601850859137,-41759.72800539194,265.11086948818894
5125000,10250.0000011707,-47749.88605058455,5898.36813753692,-41851.51791304763,267.0471021308275
5130000,10260.000001172737,-47719.08925326908,5722.833440027595,-41996.255813241485,259.0998137961168
5135000,10270.000001174774,-47393.81304206303,5575.05269669882,-41818.760345364215,252.4090786069143
5140000,10280.000001176812,-47429.59391625435,5731.260317433853,-41698.3335988205,259.48133850581263
5145000,10290.000001178849,-47764.50757196534,5884.768023589675,-41879.73954837566,266.4313604657477
5150000,10300.000001180886,-47882.59396217292,5948.696352832425,-41933.89760934049,269.32569914896703
5155000,10310.000001182923,-48036.079655417765,5754.435422346241,-42281.64423307152,260.53058542701535
5160000,10320.00000118496,-47749.64003773895,5782.731168749932,-41966.90886898902,261.8116680762394
5165000,10330.000001186998,-47637.715365158336,5508.647614579208,-42129.067750579125,249.40260557347503
5170000,10340.000001189035,-47781.62611803581,5799.446978390654,-41982.17913964516,262.5684720634164
5175000,10350.000001191072,-47449.78954202152,5660.690247471201,-41789.099294550324,256.2862967177689
5180000,10360.00000119311,-47647.13693441363,5620.557100572342,-42026.57983384129,254.46927880216512
5185000,10370.000001195147,-47669.65439590474,5802.61848887694,-41867.0359070278,262.712061385919
5190000,10380.000001197184,-47549.138436243986,5869.051508180773,-41680.08692806321,265.71979926819677
5195000,10390.000001199222,-47431.94606618339,5750.664905469428,-41681.28116071396,260.35987624406687
5200000,10400.000001201259,-47699.60832619434,5880.004387031138,-41819.60393916321,266.21568804434247
5205000,10410.000001203296,-47825.87379294977,5925.946178865929,-41899.92761408384,268.2956908671744
5210000,10420.000001205333,-47883.16288831411,5735.782883017106,-42147.380005297004,259.68609650074313
5215000,10430.00000120737,-47727.0486189567,5663.632444015491,-42063.41617494121,256.4195039104587
5220000,10440.000001209408,-47887.93512630428,5707.32200093823,-42180.61312536605,258.39753737624864
5225000,10450.000001211445,-47785.0514837582,5995.019095802269,-41790.03238795593,271.4229494365718
5230000,10460.000001213482,-47902.80684963259,5584.279291302688,-42318.5275583299,252.82681030728384
5235000,10470.00000121552,-47706.064329518354,5871.539788993128,-41834.52454052523,265.8324555427345
5240000,10480.000001217557,-47629.06196792278,5787.957219899813,-41841.10474802297,262.048276199473
5245000,10490.000001219594,-47716.296061459056,5633.064077425244,-42083.23198403381,255.03552896612652
5250000,10500.000001221631,-47509.50360371539,5810.51526836173,-41698.988335353664,263.06958604840304
5255000,10510.000001223669,-47638.01296782872,5825.949515148544,-41812.06345268017,263.76836760660393
5260000,10520.000001225706,-48041.52249548171,5702.42420012253,-42339.09829535918,258.1757907025673
5265000,10530.000001227743,-47929.83744343708,5614.962580744957,-42314.87486269212,254.21598835421756
5270000,10540.00000122978,-47630.09393079055,5895.8647070168645,-41734.229223773684,266.93375995716553
5275000,10550.000001231818,-47810.73258964298,5712.9851178553945,-42097.74747178759,258.65393353981335
5280000,10560.000001233855,-47786.892642918916,5600.154035632749,-42186.73860728617,253.54553527859102
5285000,10570.000001235892,-47460.22766760946,5670.284413160584,-41789.94325444888,256.7206701046058
5290000,10580.00000123793,-47654.35420336638,5918.007094229733,-41736.34710913665,267.93625084982875
5295000,10590.000001239967,-47876.16957262962,5785.275572623834,-42090.894000005785,261.9268653079707
5300000,10600.000001242004,-47723.8891748545,5780.270830437844,-41943.61834441665,261.70027689122276
5305000,10610.000001244041,-47558.44857608684,5748.125703919297,-41810.32287216754,260.2449145462079
5310000,10620.000001246079,-47835.84284230514,5539.012810813381,-42296.83003149176,250.77738203213062
5315000,10630.000001248116,-47889.88052615168,5831.212354648142,-42058.66817150354,264.00664131291995
5320000,10640.000001250153,-47574.36377837218,5719.830238437808,-41854.533539934375,258.96384461566436
5325000,10650.00000125219,-47470.083660674165,5581.665167155073,-41888.41849351909,252.70845650807144
5330000,10660.000001254228,-47753.525837034394,5836.218007797671,-41917.30782923672,264.23327097330804
5335000,10670.000001256265,-47645.05259977066,5785.69813121143,-41859.35446855923,261.94599653946835
5340000,10680.000001258302,-47698.46524279367,5725.85997106268,-41972.60527173099,259.23683921121165
5345000,10690.00000126034,-47493.75729865325,5909.661552755768,-41584.09574589748,267.55840860357216
5350000,10700.000001262377,-47969.186659322586,5800.5341073084055,-42168.65255201418,262.61769154588313
5355000,10710.000001264414,-47736.50762120879,5671.709545668042,-42064.79807554075,256.7851926127631
5360000,10720.000001266451,-47652.42184591893,5769.828391015355,-41882.593454903574,261.22749812904186
5365000,10730.000001268489,-47440.61285219976,5742.156302083591,-41698.45655011617,259.9746514116411
5370000,10740.000001270526,-47777.39687218587,5918.1981129727465,-41859.19875921312,267.9448991743458
5375000,10750.000001272563,-48045.513321127684,5614.205965168684,-42431.307355959,254.18173277837695
5380000,10760.0000012746,-47596.669239351235,5744.721131638017,-41851.948107713215,260.09077341081064
5385000,10770.000001276638,-47641.02791088715,5849.655798515198,-41791.37211237195,264.8416634958634
5390000,10780.000001278675,-47344.31830866082,5890.3110983003535,-41454.00721036046,266.68232174925265
5395000,10790.000001280712,-47938.073728046904,5642.713875878497,-42295.3598521684,255.47242111205549
5400000,10800.00000128275,-47810.031391331635,5923.754886621489,-41886.27650471014,268.1964806737523
5405000,10810.000001284787,-47586.95757629501,5858.225524945554,-41728.732051349456,265.2296556584272
5410000,10820.000001286824,-48162.3506607631,5865.30231264061,-42297.04834812249,265.5500554032876
5415000,10830.000001288861,-47623.64684754115,5732.857711862262,-41890.78913567889,259.5536601281867
5420000,10840.000001290899,-48009.387149238435,5816.392226049748,-42192.994923188686,263.3356637979323
5425000,10850.000001292936,-47978.26322479104,5581.79594686235,-42396.467277928685,252.714377525721
5430000,10860.000001294973,-48103.44844090234,5737.062146389005,-42366.38629451334,259.744014821262
5435000,10870.00000129701,-48036.04961795197,5980.669798338933,-42055.37981961304,270.7732886802669
5440000,10880.000001299048,-47977.482162912376,6054.282712301958,-41923.19945061042,274.10609444871807
5445000,10890.000001301085,-47649.1642822923,5749.604523333954,-41899.55975895835,260.3118677152964
5450000,10900.000001303122,-47710.25961037219,5742.5009837212865,-41967.7586266509,259.9902567842387
5455000,10910.00000130516,-47634.95939452102,5750.8115171385625,-41884.14787738246,260.3665140497223
5460000,10920.000001307197,-47619.50989241118,5893.4242625743755,-41726.0856298368,266.82326946198424
5465000,10930.000001309234,-47871.48374342045,5759.038911968009,-42112.44483145244,260.7390072370003
5470000,10940.000001311271,-47830.0761233379,5887.4466486582005,-41942.6294746797,266.5526345275839
5475000,10950.000001313309,-47537.31553566537,5606.756755801197,-41930.55877986418,253.8444717379727
5480000,10960.000001315346,-47884.878854262235,5829.1559211670665,-42055.72293309517,263.9135368153639
5485000,10970.000001317383,-47749.08298692567,5981.270720018629,-41767.81226690704,270.80049525493774
5490000,10980.00000131942,-47774.02756859717,5748.85300860566,-42025.174559991516,260.2778430790377
5495000,10990.000001321458,-47803.29910789279,5898.906938468784,-41904.392169424005,267.0714962045992
5500000,11000.000001323495,-47507.97328836139,5751.289996663905,-41756.68329169748,260.38817708731034
