# Cycle: 0, status: ACC, move: ('ki', 0, 0, 0)
#     Time       Orderp
         0     0.108498
         1     0.111432
         2     0.112152
# Cycle: 1, status: BTL, move: ('sh', 0.11143159336561596, 1, 0)
#     Time       Orderp
         0     0.111432
         1     0.108221
# Cycle: 2, status: ACC, move: ('00', 0, 0, 0)
#     Time       Orderp
         0     0.108498
         1     0.111432
         2     0.112152
# Cycle: 3, status: ACC, move: ('00', 0, 0, 0)
#     Time       Orderp
         0     0.108498
         1     0.111432
         2     0.112152
# Cycle: 4, status: ACC, move: ('s-', 0, 0, 0)
#     Time       Orderp
         0     0.108272
         1     0.111018
         2     0.111808
         3     0.108197
# Cycle: 5, status: ACC, move: ('00', 0, 0, 0)
#     Time       Orderp
         0     0.108272
         1     0.111018
         2     0.111808
         3     0.108197
# Cycle: 6, status: BTL, move: ('sh', 0.11101801655587246, 1, 0)
#     Time       Orderp
         0     0.111018
         1     0.108773
         2     0.108539
         3     0.109840
# Cycle: 7, status: FTL, move: ('sh', 0.11180787092150518, 2, 1)
#     Time       Orderp
         0     0.107569
         1     0.111808
         2     0.109539
         3     0.108144
# Cycle: 8, status: FTL, move: ('sh', 0.11180787092150518, 2, 1)
#     Time       Orderp
         0     0.108103
         1     0.111808
         2     0.109203
         3     0.108828
         4     0.108655
# Cycle: 9, status: ACC, move: ('00', 0, 0, 0)
#     Time       Orderp
         0     0.108272
         1     0.111018
         2     0.111808
         3     0.108197
# Cycle: 10, status: ACC, move: ('00', 0, 0, 0)
#     Time       Orderp
         0     0.108272
         1     0.111018
         2     0.111808
         3     0.108197
# Cycle: 11, status: ACC, move: ('s-', 0, 0, 0)
#     Time       Orderp
         0     0.108498
         1     0.111432
         2     0.112152
# Cycle: 12, status: ACC, move: ('s-', 0, 0, 0)
#     Time       Orderp
         0     0.108272
         1     0.111018
         2     0.111808
         3     0.108197
# Cycle: 13, status: ACC, move: ('tr', 0, 0, 0)
#     Time       Orderp
         0     0.108197
         1     0.111808
         2     0.111018
         3     0.108272
# Cycle: 14, status: ACC, move: ('s-', 0, 0, 0)
#     Time       Orderp
         0     0.108498
         1     0.111432
         2     0.112152
# Cycle: 15, status: BTL, move: ('sh', 0.11143159336561596, 1, 0)
#     Time       Orderp
         0     0.111432
         1     0.108960
         2     0.108560
# Cycle: 16, status: ACC, move: ('00', 0, 0, 0)
#     Time       Orderp
         0     0.108498
         1     0.111432
         2     0.112152
# Cycle: 17, status: BWI, move: ('tr', 0, 0, 0)
#     Time       Orderp
         0     0.112152
         1     0.111432
         2     0.108498
# Cycle: 18, status: BTL, move: ('sh', 0.11143159336561596, 1, 0)
#     Time       Orderp
         0     0.111432
         1     0.109116
# Cycle: 19, status: ACC, move: ('00', 0, 0, 0)
#     Time       Orderp
         0     0.108498
         1     0.111432
         2     0.112152
# Cycle: 20, status: ACC, move: ('00', 0, 0, 0)
#     Time       Orderp
         0     0.108498
         1     0.111432
         2     0.112152
# Cycle: 21, status: FTL, move: ('sh', 0.11143159336561596, 1, 1)
#     Time       Orderp
         0     0.108147
         1     0.111432
         2     0.109567
         3     0.108120
# Cycle: 22, status: ACC, move: ('s-', 0, 0, 0)
#     Time       Orderp
         0     0.108454
         1     0.111808
         2     0.108766
         3     0.108192
# Cycle: 23, status: ACC, move: ('s-', 0, 0, 0)
#     Time       Orderp
         0     0.108498
         1     0.111432
         2     0.112152
# Cycle: 24, status: ACC, move: ('s-', 0, 0, 0)
#     Time       Orderp
         0     0.108454
         1     0.111808
         2     0.108766
         3     0.108192
# Cycle: 25, status: ACC, move: ('tr', 0, 0, 0)
#     Time       Orderp
         0     0.108192
         1     0.108766
         2     0.111808
         3     0.108454
# Cycle: 26, status: FTL, move: ('sh', 0.11180787092150518, 2, 2)
#     Time       Orderp
         0     0.108173
         1     0.109842
         2     0.111808
         3     0.109597
         4     0.108663
# Cycle: 27, status: NCR, move: ('sh', 0.10914210919713785, 1, 2)
#     Time       Orderp
         0     0.108222
         1     0.108519
         2     0.109142
         3     0.108895
         4     0.108496
# Cycle: 28, status: ACC, move: ('sh', 0.11180787092150518, 2, 3)
#     Time       Orderp
         0     0.108395
         1     0.109101
         2     0.108816
         3     0.111808
         4     0.108677
         5     0.109586
         6     0.108919
         7     0.109316
         8     0.108651
         9     0.108564
        10     0.110375
        11     0.108587
        12     0.108623
        13     0.108604
        14     0.108587
        15     0.109599
        16     0.108193
# Cycle: 29, status: ACC, move: ('s-', 0, 0, 0)
#     Time       Orderp
         0     0.108498
         1     0.111432
         2     0.112152
# Cycle: 30, status: ACC, move: ('00', 0, 0, 0)
#     Time       Orderp
         0     0.108498
         1     0.111432
         2     0.112152
# Cycle: 31, status: BTL, move: ('sh', 0.11143159336561596, 1, 0)
#     Time       Orderp
         0     0.111432
         1     0.108034
# Cycle: 32, status: BWI, move: ('tr', 0, 0, 0)
#     Time       Orderp
         0     0.112152
         1     0.111432
         2     0.108498
# Cycle: 33, status: BWI, move: ('tr', 0, 0, 0)
#     Time       Orderp
         0     0.112152
         1     0.111432
         2     0.108498
# Cycle: 34, status: ACC, move: ('00', 0, 0, 0)
#     Time       Orderp
         0     0.108498
         1     0.111432
         2     0.112152
# Cycle: 35, status: BWI, move: ('tr', 0, 0, 0)
#     Time       Orderp
         0     0.112152
         1     0.111432
         2     0.108498
# Cycle: 36, status: ACC, move: ('s-', 0, 0, 0)
#     Time       Orderp
         0     0.108193
         1     0.109599
         2     0.108587
         3     0.108604
         4     0.108623
         5     0.108587
         6     0.110375
         7     0.108564
         8     0.108651
         9     0.109316
        10     0.108919
        11     0.109586
        12     0.108677
        13     0.111808
        14     0.108816
        15     0.109101
        16     0.108395
# Cycle: 37, status: NCR, move: ('sh', 0.10957189420649809, 1, 3)
#     Time       Orderp
         0     0.108216
         1     0.108967
         2     0.108692
         3     0.109572
         4     0.108649
         5     0.108171
# Cycle: 38, status: NCR, move: ('sh', 0.1092428487361988, 15, 3)
#     Time       Orderp
         0     0.108434
         1     0.109515
         2     0.108503
         3     0.109243
         4     0.109889
         5     0.108794
         6     0.110258
         7     0.108181
# Cycle: 39, status: NCR, move: ('sh', 0.10957189420649809, 1, 2)
#     Time       Orderp
         0     0.108336
         1     0.109395
         2     0.109572
         3     0.109549
         4     0.108301
# Cycle: 40, status: NCR, move: ('sh', 0.10878878618681252, 9, 3)
#     Time       Orderp
         0     0.108464
         1     0.108966
         2     0.109123
         3     0.108789
         4     0.109019
         5     0.109818
         6     0.108888
         7     0.109005
         8     0.108752
         9     0.108961
        10     0.107989
# Cycle: 41, status: NCR, move: ('sh', 0.10870142593360975, 14, 1)
#     Time       Orderp
         0     0.108485
         1     0.108701
         2     0.108797
         3     0.107922
# Cycle: 42, status: ACC, move: ('tr', 0, 0, 0)
#     Time       Orderp
         0     0.108395
         1     0.109101
         2     0.108816
         3     0.111808
         4     0.108677
         5     0.109586
         6     0.108919
         7     0.109316
         8     0.108651
         9     0.108564
        10     0.110375
        11     0.108587
        12     0.108623
        13     0.108604
        14     0.108587
        15     0.109599
        16     0.108193
# Cycle: 43, status: ACC, move: ('00', 0, 0, 0)
#     Time       Orderp
         0     0.108395
         1     0.109101
         2     0.108816
         3     0.111808
         4     0.108677
         5     0.109586
         6     0.108919
         7     0.109316
         8     0.108651
         9     0.108564
        10     0.110375
        11     0.108587
        12     0.108623
        13     0.108604
        14     0.108587
        15     0.109599
        16     0.108193
# Cycle: 44, status: ACC, move: ('00', 0, 0, 0)
#     Time       Orderp
         0     0.108395
         1     0.109101
         2     0.108816
         3     0.111808
         4     0.108677
         5     0.109586
         6     0.108919
         7     0.109316
         8     0.108651
         9     0.108564
        10     0.110375
        11     0.108587
        12     0.108623
        13     0.108604
        14     0.108587
        15     0.109599
        16     0.108193
# Cycle: 45, status: NCR, move: ('sh', 0.10957189420649809, 15, 4)
#     Time       Orderp
         0     0.108052
         1     0.108766
         2     0.109193
         3     0.109946
         4     0.109572
         5     0.108479
# Cycle: 46, status: ACC, move: ('tr', 0, 0, 0)
#     Time       Orderp
         0     0.108193
         1     0.109599
         2     0.108587
         3     0.108604
         4     0.108623
         5     0.108587
         6     0.110375
         7     0.108564
         8     0.108651
         9     0.109316
        10     0.108919
        11     0.109586
        12     0.108677
        13     0.111808
        14     0.108816
        15     0.109101
        16     0.108395
# Cycle: 47, status: NCR, move: ('s-', 0, 0, 0)
#     Time       Orderp
         0     0.107954
         1     0.108836
         2     0.108639
         3     0.111432
         4     0.108616
         5     0.111548
         6     0.108485
# Cycle: 48, status: NCR, move: ('s-', 0, 0, 0)
#     Time       Orderp
         0     0.107954
         1     0.108836
         2     0.108639
         3     0.111432
         4     0.108616
         5     0.111548
         6     0.108485
# Cycle: 49, status: NCR, move: ('s-', 0, 0, 0)
#     Time       Orderp
         0     0.107954
         1     0.108836
         2     0.108639
         3     0.111432
         4     0.108616
         5     0.111548
         6     0.108485
# Cycle: 50, status: KOB, move: ('sh', 0.10815729286552965, 2, 0)
#     Time       Orderp
         0     0.108157
# Cycle: 51, status: ACC, move: ('00', 0, 0, 0)
#     Time       Orderp
         0     0.108193
         1     0.109599
         2     0.108587
         3     0.108604
         4     0.108623
         5     0.108587
         6     0.110375
         7     0.108564
         8     0.108651
         9     0.109316
        10     0.108919
        11     0.109586
        12     0.108677
        13     0.111808
        14     0.108816
        15     0.109101
        16     0.108395
# Cycle: 52, status: NCR, move: ('s-', 0, 0, 0)
#     Time       Orderp
         0     0.107954
         1     0.108836
         2     0.108639
         3     0.111432
         4     0.108616
         5     0.111548
         6     0.108485
# Cycle: 53, status: ACC, move: ('tr', 0, 0, 0)
#     Time       Orderp
         0     0.108395
         1     0.109101
         2     0.108816
         3     0.111808
         4     0.108677
         5     0.109586
         6     0.108919
         7     0.109316
         8     0.108651
         9     0.108564
        10     0.110375
        11     0.108587
        12     0.108623
        13     0.108604
        14     0.108587
        15     0.109599
        16     0.108193
# Cycle: 54, status: NCR, move: ('sh', 0.11001818031580052, 10, 1)
#     Time       Orderp
         0     0.108357
         1     0.110018
         2     0.108769
         3     0.109181
         4     0.108884
         5     0.108591
         6     0.109424
         7     0.109099
         8     0.108448
# Cycle: 55, status: NCR, move: ('s-', 0, 0, 0)
#     Time       Orderp
         0     0.108485
         1     0.111548
         2     0.108616
         3     0.111432
         4     0.108639
         5     0.108836
         6     0.107954
# Cycle: 56, status: NCR, move: ('sh', 0.1092428487361988, 1, 1)
#     Time       Orderp
         0     0.108173
         1     0.109243
         2     0.108334
# Cycle: 57, status: ACC, move: ('tr', 0, 0, 0)
#     Time       Orderp
         0     0.108193
         1     0.109599
         2     0.108587
         3     0.108604
         4     0.108623
         5     0.108587
         6     0.110375
         7     0.108564
         8     0.108651
         9     0.109316
        10     0.108919
        11     0.109586
        12     0.108677
        13     0.111808
        14     0.108816
        15     0.109101
        16     0.108395
# Cycle: 58, status: ACC, move: ('tr', 0, 0, 0)
#     Time       Orderp
         0     0.108395
         1     0.109101
         2     0.108816
         3     0.111808
         4     0.108677
         5     0.109586
         6     0.108919
         7     0.109316
         8     0.108651
         9     0.108564
        10     0.110375
        11     0.108587
        12     0.108623
        13     0.108604
        14     0.108587
        15     0.109599
        16     0.108193
# Cycle: 59, status: NCR, move: ('s-', 0, 0, 0)
#     Time       Orderp
         0     0.108485
         1     0.111548
         2     0.108616
         3     0.111432
         4     0.108639
         5     0.108836
         6     0.107954
# Cycle: 60, status: NCR, move: ('sh', 0.10978160137290759, 5, 1)
#     Time       Orderp
         0     0.108309
         1     0.109782
         2     0.109068
         3     0.107823
# Cycle: 61, status: NCR, move: ('s-', 0, 0, 0)
#     Time       Orderp
         0     0.108485
         1     0.111548
         2     0.108616
         3     0.111432
         4     0.108639
         5     0.108836
         6     0.107954
# Cycle: 62, status: ACC, move: ('tr', 0, 0, 0)
#     Time       Orderp
         0     0.108193
         1     0.109599
         2     0.108587
         3     0.108604
         4     0.108623
         5     0.108587
         6     0.110375
         7     0.108564
         8     0.108651
         9     0.109316
        10     0.108919
        11     0.109586
        12     0.108677
        13     0.111808
        14     0.108816
        15     0.109101
        16     0.108395
# Cycle: 63, status: ACC, move: ('00', 0, 0, 0)
#     Time       Orderp
         0     0.108193
         1     0.109599
         2     0.108587
         3     0.108604
         4     0.108623
         5     0.108587
         6     0.110375
         7     0.108564
         8     0.108651
         9     0.109316
        10     0.108919
        11     0.109586
        12     0.108677
        13     0.111808
        14     0.108816
        15     0.109101
        16     0.108395
# Cycle: 64, status: ACC, move: ('00', 0, 0, 0)
#     Time       Orderp
         0     0.108193
         1     0.109599
         2     0.108587
         3     0.108604
         4     0.108623
         5     0.108587
         6     0.110375
         7     0.108564
         8     0.108651
         9     0.109316
        10     0.108919
        11     0.109586
        12     0.108677
        13     0.111808
        14     0.108816
        15     0.109101
        16     0.108395
# Cycle: 65, status: ACC, move: ('00', 0, 0, 0)
#     Time       Orderp
         0     0.108193
         1     0.109599
         2     0.108587
         3     0.108604
         4     0.108623
         5     0.108587
         6     0.110375
         7     0.108564
         8     0.108651
         9     0.109316
        10     0.108919
        11     0.109586
        12     0.108677
        13     0.111808
        14     0.108816
        15     0.109101
        16     0.108395
# Cycle: 66, status: NCR, move: ('sh', 0.1092428487361988, 15, 2)
#     Time       Orderp
         0     0.108382
         1     0.109606
         2     0.109243
         3     0.110880
         4     0.108393
# Cycle: 67, status: NCR, move: ('s-', 0, 0, 0)
#     Time       Orderp
         0     0.107954
         1     0.108836
         2     0.108639
         3     0.111432
         4     0.108616
         5     0.111548
         6     0.108485
# Cycle: 68, status: ACC, move: ('tr', 0, 0, 0)
#     Time       Orderp
         0     0.108395
         1     0.109101
         2     0.108816
         3     0.111808
         4     0.108677
         5     0.109586
         6     0.108919
         7     0.109316
         8     0.108651
         9     0.108564
        10     0.110375
        11     0.108587
        12     0.108623
        13     0.108604
        14     0.108587
        15     0.109599
        16     0.108193
# Cycle: 69, status: NCR, move: ('sh', 0.10871522432483878, 8, 1)
#     Time       Orderp
         0     0.107849
         1     0.108715
         2     0.110161
         3     0.108619
         4     0.109365
         5     0.108857
         6     0.108797
         7     0.109143
         8     0.108629
         9     0.108662
        10     0.108214
# Cycle: 70, status: NCR, move: ('sh', 0.1092428487361988, 1, 4)
#     Time       Orderp
         0     0.108485
         1     0.109277
         2     0.108694
         3     0.108807
         4     0.109243
         5     0.110242
         6     0.108533
         7     0.108763
         8     0.108439
# Cycle: 71, status: NCR, move: ('sh', 0.10909170454255432, 6, 1)
#     Time       Orderp
         0     0.108215
         1     0.109092
         2     0.107768
# Cycle: 72, status: NCR, move: ('sh', 0.10931605554537731, 9, 1)
#     Time       Orderp
         0     0.108344
         1     0.109316
         2     0.108901
         3     0.108545
         4     0.109568
         5     0.108138
# Cycle: 73, status: ACC, move: ('00', 0, 0, 0)
#     Time       Orderp
         0     0.108395
         1     0.109101
         2     0.108816
         3     0.111808
         4     0.108677
         5     0.109586
         6     0.108919
         7     0.109316
         8     0.108651
         9     0.108564
        10     0.110375
        11     0.108587
        12     0.108623
        13     0.108604
        14     0.108587
        15     0.109599
        16     0.108193
# Cycle: 74, status: ACC, move: ('00', 0, 0, 0)
#     Time       Orderp
         0     0.108395
         1     0.109101
         2     0.108816
         3     0.111808
         4     0.108677
         5     0.109586
         6     0.108919
         7     0.109316
         8     0.108651
         9     0.108564
        10     0.110375
        11     0.108587
        12     0.108623
        13     0.108604
        14     0.108587
        15     0.109599
        16     0.108193
# Cycle: 75, status: ACC, move: ('00', 0, 0, 0)
#     Time       Orderp
         0     0.108395
         1     0.109101
         2     0.108816
         3     0.111808
         4     0.108677
         5     0.109586
         6     0.108919
         7     0.109316
         8     0.108651
         9     0.108564
        10     0.110375
        11     0.108587
        12     0.108623
        13     0.108604
        14     0.108587
        15     0.109599
        16     0.108193
# Cycle: 76, status: NCR, move: ('sh', 0.10978160137290759, 5, 9)
#     Time       Orderp
         0     0.108420
         1     0.108510
         2     0.108805
         3     0.108996
         4     0.109445
         5     0.108862
         6     0.108803
         7     0.109169
         8     0.109083
         9     0.109782
        10     0.109077
        11     0.108343
# Cycle: 77, status: NCR, move: ('s-', 0, 0, 0)
#     Time       Orderp
         0     0.108485
         1     0.111548
         2     0.108616
         3     0.111432
         4     0.108639
         5     0.108836
         6     0.107954
# Cycle: 78, status: ACC, move: ('00', 0, 0, 0)
#     Time       Orderp
         0     0.108395
         1     0.109101
         2     0.108816
         3     0.111808
         4     0.108677
         5     0.109586
         6     0.108919
         7     0.109316
         8     0.108651
         9     0.108564
        10     0.110375
        11     0.108587
        12     0.108623
        13     0.108604
        14     0.108587
        15     0.109599
        16     0.108193
# Cycle: 79, status: ACC, move: ('00', 0, 0, 0)
#     Time       Orderp
         0     0.108395
         1     0.109101
         2     0.108816
         3     0.111808
         4     0.108677
         5     0.109586
         6     0.108919
         7     0.109316
         8     0.108651
         9     0.108564
        10     0.110375
        11     0.108587
        12     0.108623
        13     0.108604
        14     0.108587
        15     0.109599
        16     0.108193
# Cycle: 80, status: ACC, move: ('tr', 0, 0, 0)
#     Time       Orderp
         0     0.108193
         1     0.109599
         2     0.108587
         3     0.108604
         4     0.108623
         5     0.108587
         6     0.110375
         7     0.108564
         8     0.108651
         9     0.109316
        10     0.108919
        11     0.109586
        12     0.108677
        13     0.111808
        14     0.108816
        15     0.109101
        16     0.108395
# Cycle: 81, status: ACC, move: ('tr', 0, 0, 0)
#     Time       Orderp
         0     0.108395
         1     0.109101
         2     0.108816
         3     0.111808
         4     0.108677
         5     0.109586
         6     0.108919
         7     0.109316
         8     0.108651
         9     0.108564
        10     0.110375
        11     0.108587
        12     0.108623
        13     0.108604
        14     0.108587
        15     0.109599
        16     0.108193
# Cycle: 82, status: NCR, move: ('sh', 0.10856334556377639, 11, 3)
#     Time       Orderp
         0     0.108089
         1     0.108651
         2     0.108667
         3     0.108563
         4     0.109142
         5     0.108750
         6     0.107958
# Cycle: 83, status: ACC, move: ('00', 0, 0, 0)
#     Time       Orderp
         0     0.108395
         1     0.109101
         2     0.108816
         3     0.111808
         4     0.108677
         5     0.109586
         6     0.108919
         7     0.109316
         8     0.108651
         9     0.108564
        10     0.110375
        11     0.108587
        12     0.108623
        13     0.108604
        14     0.108587
        15     0.109599
        16     0.108193
# Cycle: 84, status: ACC, move: ('tr', 0, 0, 0)
#     Time       Orderp
         0     0.108193
         1     0.109599
         2     0.108587
         3     0.108604
         4     0.108623
         5     0.108587
         6     0.110375
         7     0.108564
         8     0.108651
         9     0.109316
        10     0.108919
        11     0.109586
        12     0.108677
        13     0.111808
        14     0.108816
        15     0.109101
        16     0.108395
# Cycle: 85, status: NCR, move: ('s-', 0, 0, 0)
#     Time       Orderp
         0     0.107954
         1     0.108836
         2     0.108639
         3     0.111432
         4     0.108616
         5     0.111548
         6     0.108485
# Cycle: 86, status: NCR, move: ('s-', 0, 0, 0)
#     Time       Orderp
         0     0.107954
         1     0.108836
         2     0.108639
         3     0.111432
         4     0.108616
         5     0.111548
         6     0.108485
# Cycle: 87, status: KOB, move: ('sh', 0.10815729286552965, 2, 0)
#     Time       Orderp
         0     0.108157
# Cycle: 88, status: KOB, move: ('sh', 0.10815729286552965, 2, 0)
#     Time       Orderp
         0     0.108157
# Cycle: 89, status: NCR, move: ('s-', 0, 0, 0)
#     Time       Orderp
         0     0.107954
         1     0.108836
         2     0.108639
         3     0.111432
         4     0.108616
         5     0.111548
         6     0.108485
# Cycle: 90, status: NCR, move: ('s-', 0, 0, 0)
#     Time       Orderp
         0     0.107954
         1     0.108836
         2     0.108639
         3     0.111432
         4     0.108616
         5     0.111548
         6     0.108485
# Cycle: 91, status: NCR, move: ('s-', 0, 0, 0)
#     Time       Orderp
         0     0.107954
         1     0.108836
         2     0.108639
         3     0.111432
         4     0.108616
         5     0.111548
         6     0.108485
# Cycle: 92, status: ACC, move: ('tr', 0, 0, 0)
#     Time       Orderp
         0     0.108395
         1     0.109101
         2     0.108816
         3     0.111808
         4     0.108677
         5     0.109586
         6     0.108919
         7     0.109316
         8     0.108651
         9     0.108564
        10     0.110375
        11     0.108587
        12     0.108623
        13     0.108604
        14     0.108587
        15     0.109599
        16     0.108193
# Cycle: 93, status: ACC, move: ('tr', 0, 0, 0)
#     Time       Orderp
         0     0.108193
         1     0.109599
         2     0.108587
         3     0.108604
         4     0.108623
         5     0.108587
         6     0.110375
         7     0.108564
         8     0.108651
         9     0.109316
        10     0.108919
        11     0.109586
        12     0.108677
        13     0.111808
        14     0.108816
        15     0.109101
        16     0.108395
# Cycle: 94, status: ACC, move: ('tr', 0, 0, 0)
#     Time       Orderp
         0     0.108395
         1     0.109101
         2     0.108816
         3     0.111808
         4     0.108677
         5     0.109586
         6     0.108919
         7     0.109316
         8     0.108651
         9     0.108564
        10     0.110375
        11     0.108587
        12     0.108623
        13     0.108604
        14     0.108587
        15     0.109599
        16     0.108193
# Cycle: 95, status: ACC, move: ('tr', 0, 0, 0)
#     Time       Orderp
         0     0.108193
         1     0.109599
         2     0.108587
         3     0.108604
         4     0.108623
         5     0.108587
         6     0.110375
         7     0.108564
         8     0.108651
         9     0.109316
        10     0.108919
        11     0.109586
        12     0.108677
        13     0.111808
        14     0.108816
        15     0.109101
        16     0.108395
# Cycle: 96, status: NCR, move: ('sh', 0.10871522432483878, 8, 1)
#     Time       Orderp
         0     0.108254
         1     0.108715
         2     0.108643
         3     0.109107
         4     0.108397
# Cycle: 97, status: ACC, move: ('00', 0, 0, 0)
#     Time       Orderp
         0     0.108193
         1     0.109599
         2     0.108587
         3     0.108604
         4     0.108623
         5     0.108587
         6     0.110375
         7     0.108564
         8     0.108651
         9     0.109316
        10     0.108919
        11     0.109586
        12     0.108677
        13     0.111808
        14     0.108816
        15     0.109101
        16     0.108395
# Cycle: 98, status: ACC, move: ('tr', 0, 0, 0)
#     Time       Orderp
         0     0.108395
         1     0.109101
         2     0.108816
         3     0.111808
         4     0.108677
         5     0.109586
         6     0.108919
         7     0.109316
         8     0.108651
         9     0.108564
        10     0.110375
        11     0.108587
        12     0.108623
        13     0.108604
        14     0.108587
        15     0.109599
        16     0.108193
# Cycle: 99, status: NCR, move: ('s-', 0, 0, 0)
#     Time       Orderp
         0     0.108485
         1     0.111548
         2     0.108616
         3     0.111432
         4     0.108639
         5     0.108836
         6     0.107954
# Cycle: 100, status: NCR, move: ('s-', 0, 0, 0)
#     Time       Orderp
         0     0.108485
         1     0.111548
         2     0.108616
         3     0.111432
         4     0.108639
         5     0.108836
         6     0.107954
# Cycle: 101, status: ACC, move: ('00', 0, 0, 0)
#     Time       Orderp
         0     0.108395
         1     0.109101
         2     0.108816
         3     0.111808
         4     0.108677
         5     0.109586
         6     0.108919
         7     0.109316
         8     0.108651
         9     0.108564
        10     0.110375
        11     0.108587
        12     0.108623
        13     0.108604
        14     0.108587
        15     0.109599
        16     0.108193
# Cycle: 102, status: ACC, move: ('00', 0, 0, 0)
#     Time       Orderp
         0     0.108395
         1     0.109101
         2     0.108816
         3     0.111808
         4     0.108677
         5     0.109586
         6     0.108919
         7     0.109316
         8     0.108651
         9     0.108564
        10     0.110375
        11     0.108587
        12     0.108623
        13     0.108604
        14     0.108587
        15     0.109599
        16     0.108193
# Cycle: 103, status: NCR, move: ('sh', 0.10915585188161003, 4, 3)
#     Time       Orderp
         0     0.108302
         1     0.109556
         2     0.109533
         3     0.109156
         4     0.107789
# Cycle: 104, status: NCR, move: ('s-', 0, 0, 0)
#     Time       Orderp
         0     0.108485
         1     0.111548
         2     0.108616
         3     0.111432
         4     0.108639
         5     0.108836
         6     0.107954
# Cycle: 105, status: NCR, move: ('s-', 0, 0, 0)
#     Time       Orderp
         0     0.108485
         1     0.111548
         2     0.108616
         3     0.111432
         4     0.108639
         5     0.108836
         6     0.107954
# Cycle: 106, status: ACC, move: ('tr', 0, 0, 0)
#     Time       Orderp
         0     0.108193
         1     0.109599
         2     0.108587
         3     0.108604
         4     0.108623
         5     0.108587
         6     0.110375
         7     0.108564
         8     0.108651
         9     0.109316
        10     0.108919
        11     0.109586
        12     0.108677
        13     0.111808
        14     0.108816
        15     0.109101
        16     0.108395
# Cycle: 107, status: NCR, move: ('s-', 0, 0, 0)
#     Time       Orderp
         0     0.107954
         1     0.108836
         2     0.108639
         3     0.111432
         4     0.108616
         5     0.111548
         6     0.108485
# Cycle: 108, status: ACC, move: ('tr', 0, 0, 0)
#     Time       Orderp
         0     0.108395
         1     0.109101
         2     0.108816
         3     0.111808
         4     0.108677
         5     0.109586
         6     0.108919
         7     0.109316
         8     0.108651
         9     0.108564
        10     0.110375
        11     0.108587
        12     0.108623
        13     0.108604
        14     0.108587
        15     0.109599
        16     0.108193
# Cycle: 109, status: ACC, move: ('00', 0, 0, 0)
#     Time       Orderp
         0     0.108395
         1     0.109101
         2     0.108816
         3     0.111808
         4     0.108677
         5     0.109586
         6     0.108919
         7     0.109316
         8     0.108651
         9     0.108564
        10     0.110375
        11     0.108587
        12     0.108623
        13     0.108604
        14     0.108587
        15     0.109599
        16     0.108193
# Cycle: 110, status: NCR, move: ('s-', 0, 0, 0)
#     Time       Orderp
         0     0.108485
         1     0.111548
         2     0.108616
         3     0.111432
         4     0.108639
         5     0.108836
         6     0.107954
# Cycle: 111, status: ACC, move: ('00', 0, 0, 0)
#     Time       Orderp
         0     0.108395
         1     0.109101
         2     0.108816
         3     0.111808
         4     0.108677
         5     0.109586
         6     0.108919
         7     0.109316
         8     0.108651
         9     0.108564
        10     0.110375
        11     0.108587
        12     0.108623
        13     0.108604
        14     0.108587
        15     0.109599
        16     0.108193
# Cycle: 112, status: NCR, move: ('s-', 0, 0, 0)
#     Time       Orderp
         0     0.108485
         1     0.111548
         2     0.108616
         3     0.111432
         4     0.108639
         5     0.108836
         6     0.107954
# Cycle: 113, status: NCR, move: ('s-', 0, 0, 0)
#     Time       Orderp
         0     0.108485
         1     0.111548
         2     0.108616
         3     0.111432
         4     0.108639
         5     0.108836
         6     0.107954
# Cycle: 114, status: NCR, move: ('s-', 0, 0, 0)
#     Time       Orderp
         0     0.108485
         1     0.111548
         2     0.108616
         3     0.111432
         4     0.108639
         5     0.108836
         6     0.107954
# Cycle: 115, status: ACC, move: ('tr', 0, 0, 0)
#     Time       Orderp
         0     0.108193
         1     0.109599
         2     0.108587
         3     0.108604
         4     0.108623
         5     0.108587
         6     0.110375
         7     0.108564
         8     0.108651
         9     0.109316
        10     0.108919
        11     0.109586
        12     0.108677
        13     0.111808
        14     0.108816
        15     0.109101
        16     0.108395
# Cycle: 116, status: NCR, move: ('s-', 0, 0, 0)
#     Time       Orderp
         0     0.107954
         1     0.108836
         2     0.108639
         3     0.111432
         4     0.108616
         5     0.111548
         6     0.108485
# Cycle: 117, status: NCR, move: ('s-', 0, 0, 0)
#     Time       Orderp
         0     0.107954
         1     0.108836
         2     0.108639
         3     0.111432
         4     0.108616
         5     0.111548
         6     0.108485
# Cycle: 118, status: NCR, move: ('sh', 0.10915585188161003, 12, 2)
#     Time       Orderp
         0     0.108270
         1     0.109712
         2     0.109156
         3     0.107519
# Cycle: 119, status: ACC, move: ('tr', 0, 0, 0)
#     Time       Orderp
         0     0.108395
         1     0.109101
         2     0.108816
         3     0.111808
         4     0.108677
         5     0.109586
         6     0.108919
         7     0.109316
         8     0.108651
         9     0.108564
        10     0.110375
        11     0.108587
        12     0.108623
        13     0.108604
        14     0.108587
        15     0.109599
        16     0.108193
# Cycle: 120, status: ACC, move: ('tr', 0, 0, 0)
#     Time       Orderp
         0     0.108193
         1     0.109599
         2     0.108587
         3     0.108604
         4     0.108623
         5     0.108587
         6     0.110375
         7     0.108564
         8     0.108651
         9     0.109316
        10     0.108919
        11     0.109586
        12     0.108677
        13     0.111808
        14     0.108816
        15     0.109101
        16     0.108395
# Cycle: 121, status: ACC, move: ('tr', 0, 0, 0)
#     Time       Orderp
         0     0.108395
         1     0.109101
         2     0.108816
         3     0.111808
         4     0.108677
         5     0.109586
         6     0.108919
         7     0.109316
         8     0.108651
         9     0.108564
        10     0.110375
        11     0.108587
        12     0.108623
        13     0.108604
        14     0.108587
        15     0.109599
        16     0.108193
# Cycle: 122, status: ACC, move: ('00', 0, 0, 0)
#     Time       Orderp
         0     0.108395
         1     0.109101
         2     0.108816
         3     0.111808
         4     0.108677
         5     0.109586
         6     0.108919
         7     0.109316
         8     0.108651
         9     0.108564
        10     0.110375
        11     0.108587
        12     0.108623
        13     0.108604
        14     0.108587
        15     0.109599
        16     0.108193
# Cycle: 123, status: ACC, move: ('tr', 0, 0, 0)
#     Time       Orderp
         0     0.108193
         1     0.109599
         2     0.108587
         3     0.108604
         4     0.108623
         5     0.108587
         6     0.110375
         7     0.108564
         8     0.108651
         9     0.109316
        10     0.108919
        11     0.109586
        12     0.108677
        13     0.111808
        14     0.108816
        15     0.109101
        16     0.108395
# Cycle: 124, status: ACC, move: ('00', 0, 0, 0)
#     Time       Orderp
         0     0.108193
         1     0.109599
         2     0.108587
         3     0.108604
         4     0.108623
         5     0.108587
         6     0.110375
         7     0.108564
         8     0.108651
         9     0.109316
        10     0.108919
        11     0.109586
        12     0.108677
        13     0.111808
        14     0.108816
        15     0.109101
        16     0.108395
# Cycle: 125, status: ACC, move: ('00', 0, 0, 0)
#     Time       Orderp
         0     0.108193
         1     0.109599
         2     0.108587
         3     0.108604
         4     0.108623
         5     0.108587
         6     0.110375
         7     0.108564
         8     0.108651
         9     0.109316
        10     0.108919
        11     0.109586
        12     0.108677
        13     0.111808
        14     0.108816
        15     0.109101
        16     0.108395
# Cycle: 126, status: ACC, move: ('tr', 0, 0, 0)
#     Time       Orderp
         0     0.108395
         1     0.109101
         2     0.108816
         3     0.111808
         4     0.108677
         5     0.109586
         6     0.108919
         7     0.109316
         8     0.108651
         9     0.108564
        10     0.110375
        11     0.108587
        12     0.108623
        13     0.108604
        14     0.108587
        15     0.109599
        16     0.108193
# Cycle: 127, status: NCR, move: ('sh', 0.10911003620199201, 12, 1)
#     Time       Orderp
         0     0.108377
         1     0.109110
         2     0.109359
         3     0.109602
         4     0.108394
# Cycle: 128, status: ACC, move: ('00', 0, 0, 0)
#     Time       Orderp
         0     0.108395
         1     0.109101
         2     0.108816
         3     0.111808
         4     0.108677
         5     0.109586
         6     0.108919
         7     0.109316
         8     0.108651
         9     0.108564
        10     0.110375
        11     0.108587
        12     0.108623
        13     0.108604
        14     0.108587
        15     0.109599
        16     0.108193
# Cycle: 129, status: NCR, move: ('s-', 0, 0, 0)
#     Time       Orderp
         0     0.108485
         1     0.111548
         2     0.108616
         3     0.111432
         4     0.108639
         5     0.108836
         6     0.107954
# Cycle: 130, status: NCR, move: ('s-', 0, 0, 0)
#     Time       Orderp
         0     0.108485
         1     0.111548
         2     0.108616
         3     0.111432
         4     0.108639
         5     0.108836
         6     0.107954
# Cycle: 131, status: NCR, move: ('s-', 0, 0, 0)
#     Time       Orderp
         0     0.108485
         1     0.111548
         2     0.108616
         3     0.111432
         4     0.108639
         5     0.108836
         6     0.107954
# Cycle: 132, status: ACC, move: ('tr', 0, 0, 0)
#     Time       Orderp
         0     0.108193
         1     0.109599
         2     0.108587
         3     0.108604
         4     0.108623
         5     0.108587
         6     0.110375
         7     0.108564
         8     0.108651
         9     0.109316
        10     0.108919
        11     0.109586
        12     0.108677
        13     0.111808
        14     0.108816
        15     0.109101
        16     0.108395
# Cycle: 133, status: ACC, move: ('00', 0, 0, 0)
#     Time       Orderp
         0     0.108193
         1     0.109599
         2     0.108587
         3     0.108604
         4     0.108623
         5     0.108587
         6     0.110375
         7     0.108564
         8     0.108651
         9     0.109316
        10     0.108919
        11     0.109586
        12     0.108677
        13     0.111808
        14     0.108816
        15     0.109101
        16     0.108395
# Cycle: 134, status: NCR, move: ('s-', 0, 0, 0)
#     Time       Orderp
         0     0.107954
         1     0.108836
         2     0.108639
         3     0.111432
         4     0.108616
         5     0.111548
         6     0.108485
# Cycle: 135, status: ACC, move: ('tr', 0, 0, 0)
#     Time       Orderp
         0     0.108395
         1     0.109101
         2     0.108816
         3     0.111808
         4     0.108677
         5     0.109586
         6     0.108919
         7     0.109316
         8     0.108651
         9     0.108564
        10     0.110375
        11     0.108587
        12     0.108623
        13     0.108604
        14     0.108587
        15     0.109599
        16     0.108193
# Cycle: 136, status: NCR, move: ('s-', 0, 0, 0)
#     Time       Orderp
         0     0.108485
         1     0.111548
         2     0.108616
         3     0.111432
         4     0.108639
         5     0.108836
         6     0.107954
# Cycle: 137, status: ACC, move: ('tr', 0, 0, 0)
#     Time       Orderp
         0     0.108193
         1     0.109599
         2     0.108587
         3     0.108604
         4     0.108623
         5     0.108587
         6     0.110375
         7     0.108564
         8     0.108651
         9     0.109316
        10     0.108919
        11     0.109586
        12     0.108677
        13     0.111808
        14     0.108816
        15     0.109101
        16     0.108395
# Cycle: 138, status: ACC, move: ('00', 0, 0, 0)
#     Time       Orderp
         0     0.108193
         1     0.109599
         2     0.108587
         3     0.108604
         4     0.108623
         5     0.108587
         6     0.110375
         7     0.108564
         8     0.108651
         9     0.109316
        10     0.108919
        11     0.109586
        12     0.108677
        13     0.111808
        14     0.108816
        15     0.109101
        16     0.108395
# Cycle: 139, status: NCR, move: ('s-', 0, 0, 0)
#     Time       Orderp
         0     0.107954
         1     0.108836
         2     0.108639
         3     0.111432
         4     0.108616
         5     0.111548
         6     0.108485
# Cycle: 140, status: NCR, move: ('sh', 0.10911003620199201, 4, 4)
#     Time       Orderp
         0     0.108016
         1     0.108856
         2     0.109038
         3     0.108811
         4     0.109110
         5     0.110665
         6     0.108637
         7     0.108315
# Cycle: 141, status: ACC, move: ('tr', 0, 0, 0)
#     Time       Orderp
         0     0.108395
         1     0.109101
         2     0.108816
         3     0.111808
         4     0.108677
         5     0.109586
         6     0.108919
         7     0.109316
         8     0.108651
         9     0.108564
        10     0.110375
        11     0.108587
        12     0.108623
        13     0.108604
        14     0.108587
        15     0.109599
        16     0.108193
# Cycle: 142, status: ACC, move: ('00', 0, 0, 0)
#     Time       Orderp
         0     0.108395
         1     0.109101
         2     0.108816
         3     0.111808
         4     0.108677
         5     0.109586
         6     0.108919
         7     0.109316
         8     0.108651
         9     0.108564
        10     0.110375
        11     0.108587
        12     0.108623
        13     0.108604
        14     0.108587
        15     0.109599
        16     0.108193
# Cycle: 143, status: NCR, move: ('sh', 0.11001818031580052, 10, 1)
#     Time       Orderp
         0     0.107872
         1     0.110018
         2     0.109431
         3     0.109814
         4     0.109421
         5     0.108825
         6     0.108343
# Cycle: 144, status: ACC, move: ('00', 0, 0, 0)
#     Time       Orderp
         0     0.108395
         1     0.109101
         2     0.108816
         3     0.111808
         4     0.108677
         5     0.109586
         6     0.108919
         7     0.109316
         8     0.108651
         9     0.108564
        10     0.110375
        11     0.108587
        12     0.108623
        13     0.108604
        14     0.108587
        15     0.109599
        16     0.108193
# Cycle: 145, status: ACC, move: ('00', 0, 0, 0)
#     Time       Orderp
         0     0.108395
         1     0.109101
         2     0.108816
         3     0.111808
         4     0.108677
         5     0.109586
         6     0.108919
         7     0.109316
         8     0.108651
         9     0.108564
        10     0.110375
        11     0.108587
        12     0.108623
        13     0.108604
        14     0.108587
        15     0.109599
        16     0.108193
# Cycle: 146, status: ACC, move: ('tr', 0, 0, 0)
#     Time       Orderp
         0     0.108193
         1     0.109599
         2     0.108587
         3     0.108604
         4     0.108623
         5     0.108587
         6     0.110375
         7     0.108564
         8     0.108651
         9     0.109316
        10     0.108919
        11     0.109586
        12     0.108677
        13     0.111808
        14     0.108816
        15     0.109101
        16     0.108395
# Cycle: 147, status: NCR, move: ('sh', 0.10915585188161003, 12, 1)
#     Time       Orderp
         0     0.108203
         1     0.109156
         2     0.109551
         3     0.109419
         4     0.108533
         5     0.108369
# Cycle: 148, status: ACC, move: ('00', 0, 0, 0)
#     Time       Orderp
         0     0.108193
         1     0.109599
         2     0.108587
         3     0.108604
         4     0.108623
         5     0.108587
         6     0.110375
         7     0.108564
         8     0.108651
         9     0.109316
        10     0.108919
        11     0.109586
        12     0.108677
        13     0.111808
        14     0.108816
        15     0.109101
        16     0.108395
# Cycle: 149, status: NCR, move: ('s-', 0, 0, 0)
#     Time       Orderp
         0     0.107954
         1     0.108836
         2     0.108639
         3     0.111432
         4     0.108616
         5     0.111548
         6     0.108485
# Cycle: 150, status: ACC, move: ('tr', 0, 0, 0)
#     Time       Orderp
         0     0.108395
         1     0.109101
         2     0.108816
         3     0.111808
         4     0.108677
         5     0.109586
         6     0.108919
         7     0.109316
         8     0.108651
         9     0.108564
        10     0.110375
        11     0.108587
        12     0.108623
        13     0.108604
        14     0.108587
        15     0.109599
        16     0.108193
# Cycle: 151, status: NCR, move: ('sh', 0.10978160137290759, 5, 4)
#     Time       Orderp
         0     0.108158
         1     0.109062
         2     0.108846
         3     0.109289
         4     0.109782
         5     0.109337
         6     0.108767
         7     0.108087
# Cycle: 152, status: ACC, move: ('00', 0, 0, 0)
#     Time       Orderp
         0     0.108395
         1     0.109101
         2     0.108816
         3     0.111808
         4     0.108677
         5     0.109586
         6     0.108919
         7     0.109316
         8     0.108651
         9     0.108564
        10     0.110375
        11     0.108587
        12     0.108623
        13     0.108604
        14     0.108587
        15     0.109599
        16     0.108193
# Cycle: 153, status: NCR, move: ('sh', 0.10978160137290759, 5, 2)
#     Time       Orderp
         0     0.107819
         1     0.108515
         2     0.109782
         3     0.108669
         4     0.107779
# Cycle: 154, status: NCR, move: ('s-', 0, 0, 0)
#     Time       Orderp
         0     0.108485
         1     0.111548
         2     0.108616
         3     0.111432
         4     0.108639
         5     0.108836
         6     0.107954
# Cycle: 155, status: NCR, move: ('s-', 0, 0, 0)
#     Time       Orderp
         0     0.108485
         1     0.111548
         2     0.108616
         3     0.111432
         4     0.108639
         5     0.108836
         6     0.107954
# Cycle: 156, status: ACC, move: ('00', 0, 0, 0)
#     Time       Orderp
         0     0.108395
         1     0.109101
         2     0.108816
         3     0.111808
         4     0.108677
         5     0.109586
         6     0.108919
         7     0.109316
         8     0.108651
         9     0.108564
        10     0.110375
        11     0.108587
        12     0.108623
        13     0.108604
        14     0.108587
        15     0.109599
        16     0.108193
# Cycle: 157, status: NCR, move: ('sh', 0.10978160137290759, 5, 1)
#     Time       Orderp
         0     0.108389
         1     0.109782
         2     0.108325
# Cycle: 158, status: NCR, move: ('s-', 0, 0, 0)
#     Time       Orderp
         0     0.108485
         1     0.111548
         2     0.108616
         3     0.111432
         4     0.108639
         5     0.108836
         6     0.107954
# Cycle: 159, status: ACC, move: ('00', 0, 0, 0)
#     Time       Orderp
         0     0.108395
         1     0.109101
         2     0.108816
         3     0.111808
         4     0.108677
         5     0.109586
         6     0.108919
         7     0.109316
         8     0.108651
         9     0.108564
        10     0.110375
        11     0.108587
        12     0.108623
        13     0.108604
        14     0.108587
        15     0.109599
        16     0.108193
# Cycle: 160, status: ACC, move: ('tr', 0, 0, 0)
#     Time       Orderp
         0     0.108193
         1     0.109599
         2     0.108587
         3     0.108604
         4     0.108623
         5     0.108587
         6     0.110375
         7     0.108564
         8     0.108651
         9     0.109316
        10     0.108919
        11     0.109586
        12     0.108677
        13     0.111808
        14     0.108816
        15     0.109101
        16     0.108395
# Cycle: 161, status: ACC, move: ('tr', 0, 0, 0)
#     Time       Orderp
         0     0.108395
         1     0.109101
         2     0.108816
         3     0.111808
         4     0.108677
         5     0.109586
         6     0.108919
         7     0.109316
         8     0.108651
         9     0.108564
        10     0.110375
        11     0.108587
        12     0.108623
        13     0.108604
        14     0.108587
        15     0.109599
        16     0.108193
# Cycle: 162, status: ACC, move: ('00', 0, 0, 0)
#     Time       Orderp
         0     0.108395
         1     0.109101
         2     0.108816
         3     0.111808
         4     0.108677
         5     0.109586
         6     0.108919
         7     0.109316
         8     0.108651
         9     0.108564
        10     0.110375
        11     0.108587
        12     0.108623
        13     0.108604
        14     0.108587
        15     0.109599
        16     0.108193
# Cycle: 163, status: NCR, move: ('s-', 0, 0, 0)
#     Time       Orderp
         0     0.108485
         1     0.111548
         2     0.108616
         3     0.111432
         4     0.108639
         5     0.108836
         6     0.107954
# Cycle: 164, status: ACC, move: ('tr', 0, 0, 0)
#     Time       Orderp
         0     0.108193
         1     0.109599
         2     0.108587
         3     0.108604
         4     0.108623
         5     0.108587
         6     0.110375
         7     0.108564
         8     0.108651
         9     0.109316
        10     0.108919
        11     0.109586
        12     0.108677
        13     0.111808
        14     0.108816
        15     0.109101
        16     0.108395
# Cycle: 165, status: ACC, move: ('tr', 0, 0, 0)
#     Time       Orderp
         0     0.108395
         1     0.109101
         2     0.108816
         3     0.111808
         4     0.108677
         5     0.109586
         6     0.108919
         7     0.109316
         8     0.108651
         9     0.108564
        10     0.110375
        11     0.108587
        12     0.108623
        13     0.108604
        14     0.108587
        15     0.109599
        16     0.108193
# Cycle: 166, status: ACC, move: ('tr', 0, 0, 0)
#     Time       Orderp
         0     0.108193
         1     0.109599
         2     0.108587
         3     0.108604
         4     0.108623
         5     0.108587
         6     0.110375
         7     0.108564
         8     0.108651
         9     0.109316
        10     0.108919
        11     0.109586
        12     0.108677
        13     0.111808
        14     0.108816
        15     0.109101
        16     0.108395
# Cycle: 167, status: NCR, move: ('s-', 0, 0, 0)
#     Time       Orderp
         0     0.107954
         1     0.108836
         2     0.108639
         3     0.111432
         4     0.108616
         5     0.111548
         6     0.108485
# Cycle: 168, status: ACC, move: ('00', 0, 0, 0)
#     Time       Orderp
         0     0.108193
         1     0.109599
         2     0.108587
         3     0.108604
         4     0.108623
         5     0.108587
         6     0.110375
         7     0.108564
         8     0.108651
         9     0.109316
        10     0.108919
        11     0.109586
        12     0.108677
        13     0.111808
        14     0.108816
        15     0.109101
        16     0.108395
# Cycle: 169, status: ACC, move: ('tr', 0, 0, 0)
#     Time       Orderp
         0     0.108395
         1     0.109101
         2     0.108816
         3     0.111808
         4     0.108677
         5     0.109586
         6     0.108919
         7     0.109316
         8     0.108651
         9     0.108564
        10     0.110375
        11     0.108587
        12     0.108623
        13     0.108604
        14     0.108587
        15     0.109599
        16     0.108193
# Cycle: 170, status: NCR, move: ('s-', 0, 0, 0)
#     Time       Orderp
         0     0.108485
         1     0.111548
         2     0.108616
         3     0.111432
         4     0.108639
         5     0.108836
         6     0.107954
# Cycle: 171, status: NCR, move: ('s-', 0, 0, 0)
#     Time       Orderp
         0     0.108485
         1     0.111548
         2     0.108616
         3     0.111432
         4     0.108639
         5     0.108836
         6     0.107954
# Cycle: 172, status: ACC, move: ('tr', 0, 0, 0)
#     Time       Orderp
         0     0.108193
         1     0.109599
         2     0.108587
         3     0.108604
         4     0.108623
         5     0.108587
         6     0.110375
         7     0.108564
         8     0.108651
         9     0.109316
        10     0.108919
        11     0.109586
        12     0.108677
        13     0.111808
        14     0.108816
        15     0.109101
        16     0.108395
# Cycle: 173, status: ACC, move: ('00', 0, 0, 0)
#     Time       Orderp
         0     0.108193
         1     0.109599
         2     0.108587
         3     0.108604
         4     0.108623
         5     0.108587
         6     0.110375
         7     0.108564
         8     0.108651
         9     0.109316
        10     0.108919
        11     0.109586
        12     0.108677
        13     0.111808
        14     0.108816
        15     0.109101
        16     0.108395
# Cycle: 174, status: NCR, move: ('s-', 0, 0, 0)
#     Time       Orderp
         0     0.107954
         1     0.108836
         2     0.108639
         3     0.111432
         4     0.108616
         5     0.111548
         6     0.108485
# Cycle: 175, status: ACC, move: ('00', 0, 0, 0)
#     Time       Orderp
         0     0.108193
         1     0.109599
         2     0.108587
         3     0.108604
         4     0.108623
         5     0.108587
         6     0.110375
         7     0.108564
         8     0.108651
         9     0.109316
        10     0.108919
        11     0.109586
        12     0.108677
        13     0.111808
        14     0.108816
        15     0.109101
        16     0.108395
# Cycle: 176, status: ACC, move: ('00', 0, 0, 0)
#     Time       Orderp
         0     0.108193
         1     0.109599
         2     0.108587
         3     0.108604
         4     0.108623
         5     0.108587
         6     0.110375
         7     0.108564
         8     0.108651
         9     0.109316
        10     0.108919
        11     0.109586
        12     0.108677
        13     0.111808
        14     0.108816
        15     0.109101
        16     0.108395
# Cycle: 177, status: ACC, move: ('tr', 0, 0, 0)
#     Time       Orderp
         0     0.108395
         1     0.109101
         2     0.108816
         3     0.111808
         4     0.108677
         5     0.109586
         6     0.108919
         7     0.109316
         8     0.108651
         9     0.108564
        10     0.110375
        11     0.108587
        12     0.108623
        13     0.108604
        14     0.108587
        15     0.109599
        16     0.108193
# Cycle: 178, status: NCR, move: ('s-', 0, 0, 0)
#     Time       Orderp
         0     0.108485
         1     0.111548
         2     0.108616
         3     0.111432
         4     0.108639
         5     0.108836
         6     0.107954
# Cycle: 179, status: NCR, move: ('sh', 0.10957189420649809, 15, 5)
#     Time       Orderp
         0     0.108436
         1     0.108811
         2     0.108921
         3     0.109049
         4     0.109168
         5     0.109572
         6     0.107885
# Cycle: 180, status: NCR, move: ('sh', 0.10915585188161003, 4, 5)
#     Time       Orderp
         0     0.108070
         1     0.109528
         2     0.108619
         3     0.109335
         4     0.109498
         5     0.109156
         6     0.108913
         7     0.108944
         8     0.110655
         9     0.108734
        10     0.109344
        11     0.109047
        12     0.107962
# Cycle: 181, status: ACC, move: ('00', 0, 0, 0)
#     Time       Orderp
         0     0.108395
         1     0.109101
         2     0.108816
         3     0.111808
         4     0.108677
         5     0.109586
         6     0.108919
         7     0.109316
         8     0.108651
         9     0.108564
        10     0.110375
        11     0.108587
        12     0.108623
        13     0.108604
        14     0.108587
        15     0.109599
        16     0.108193
# Cycle: 182, status: ACC, move: ('tr', 0, 0, 0)
#     Time       Orderp
         0     0.108193
         1     0.109599
         2     0.108587
         3     0.108604
         4     0.108623
         5     0.108587
         6     0.110375
         7     0.108564
         8     0.108651
         9     0.109316
        10     0.108919
        11     0.109586
        12     0.108677
        13     0.111808
        14     0.108816
        15     0.109101
        16     0.108395
# Cycle: 183, status: NCR, move: ('s-', 0, 0, 0)
#     Time       Orderp
         0     0.107954
         1     0.108836
         2     0.108639
         3     0.111432
         4     0.108616
         5     0.111548
         6     0.108485
# Cycle: 184, status: NCR, move: ('sh', 0.10870142593360975, 14, 2)
#     Time       Orderp
         0     0.107950
         1     0.110089
         2     0.108701
         3     0.107911
# Cycle: 185, status: ACC, move: ('tr', 0, 0, 0)
#     Time       Orderp
         0     0.108395
         1     0.109101
         2     0.108816
         3     0.111808
         4     0.108677
         5     0.109586
         6     0.108919
         7     0.109316
         8     0.108651
         9     0.108564
        10     0.110375
        11     0.108587
        12     0.108623
        13     0.108604
        14     0.108587
        15     0.109599
        16     0.108193
# Cycle: 186, status: ACC, move: ('00', 0, 0, 0)
#     Time       Orderp
         0     0.108395
         1     0.109101
         2     0.108816
         3     0.111808
         4     0.108677
         5     0.109586
         6     0.108919
         7     0.109316
         8     0.108651
         9     0.108564
        10     0.110375
        11     0.108587
        12     0.108623
        13     0.108604
        14     0.108587
        15     0.109599
        16     0.108193
# Cycle: 187, status: ACC, move: ('00', 0, 0, 0)
#     Time       Orderp
         0     0.108395
         1     0.109101
         2     0.108816
         3     0.111808
         4     0.108677
         5     0.109586
         6     0.108919
         7     0.109316
         8     0.108651
         9     0.108564
        10     0.110375
        11     0.108587
        12     0.108623
        13     0.108604
        14     0.108587
        15     0.109599
        16     0.108193
# Cycle: 188, status: NCR, move: ('sh', 0.1092428487361988, 1, 3)
#     Time       Orderp
         0     0.108210
         1     0.109196
         2     0.110217
         3     0.109243
         4     0.108586
         5     0.107911
# Cycle: 189, status: NCR, move: ('sh', 0.11001818031580052, 10, 3)
#     Time       Orderp
         0     0.108035
         1     0.108894
         2     0.109617
         3     0.110018
         4     0.108663
         5     0.108248
# Cycle: 190, status: NCR, move: ('s-', 0, 0, 0)
#     Time       Orderp
         0     0.108485
         1     0.111548
         2     0.108616
         3     0.111432
         4     0.108639
         5     0.108836
         6     0.107954
# Cycle: 191, status: ACC, move: ('tr', 0, 0, 0)
#     Time       Orderp
         0     0.108193
         1     0.109599
         2     0.108587
         3     0.108604
         4     0.108623
         5     0.108587
         6     0.110375
         7     0.108564
         8     0.108651
         9     0.109316
        10     0.108919
        11     0.109586
        12     0.108677
        13     0.111808
        14     0.108816
        15     0.109101
        16     0.108395
# Cycle: 192, status: NCR, move: ('sh', 0.11001818031580052, 6, 1)
#     Time       Orderp
         0     0.108289
         1     0.110018
         2     0.109566
         3     0.108452
# Cycle: 193, status: ACC, move: ('tr', 0, 0, 0)
#     Time       Orderp
         0     0.108395
         1     0.109101
         2     0.108816
         3     0.111808
         4     0.108677
         5     0.109586
         6     0.108919
         7     0.109316
         8     0.108651
         9     0.108564
        10     0.110375
        11     0.108587
        12     0.108623
        13     0.108604
        14     0.108587
        15     0.109599
        16     0.108193
# Cycle: 194, status: ACC, move: ('00', 0, 0, 0)
#     Time       Orderp
         0     0.108395
         1     0.109101
         2     0.108816
         3     0.111808
         4     0.108677
         5     0.109586
         6     0.108919
         7     0.109316
         8     0.108651
         9     0.108564
        10     0.110375
        11     0.108587
        12     0.108623
        13     0.108604
        14     0.108587
        15     0.109599
        16     0.108193
# Cycle: 195, status: NCR, move: ('sh', 0.10870142593360975, 2, 2)
#     Time       Orderp
         0     0.107637
         1     0.108920
         2     0.108701
         3     0.109221
         4     0.108870
         5     0.109566
         6     0.108901
         7     0.109453
         8     0.109277
         9     0.108224
# Cycle: 196, status: ACC, move: ('tr', 0, 0, 0)
#     Time       Orderp
         0     0.108193
         1     0.109599
         2     0.108587
         3     0.108604
         4     0.108623
         5     0.108587
         6     0.110375
         7     0.108564
         8     0.108651
         9     0.109316
        10     0.108919
        11     0.109586
        12     0.108677
        13     0.111808
        14     0.108816
        15     0.109101
        16     0.108395
# Cycle: 197, status: ACC, move: ('00', 0, 0, 0)
#     Time       Orderp
         0     0.108193
         1     0.109599
         2     0.108587
         3     0.108604
         4     0.108623
         5     0.108587
         6     0.110375
         7     0.108564
         8     0.108651
         9     0.109316
        10     0.108919
        11     0.109586
        12     0.108677
        13     0.111808
        14     0.108816
        15     0.109101
        16     0.108395
# Cycle: 198, status: ACC, move: ('tr', 0, 0, 0)
#     Time       Orderp
         0     0.108395
         1     0.109101
         2     0.108816
         3     0.111808
         4     0.108677
         5     0.109586
         6     0.108919
         7     0.109316
         8     0.108651
         9     0.108564
        10     0.110375
        11     0.108587
        12     0.108623
        13     0.108604
        14     0.108587
        15     0.109599
        16     0.108193
# Cycle: 199, status: NCR, move: ('s-', 0, 0, 0)
#     Time       Orderp
         0     0.108485
         1     0.111548
         2     0.108616
         3     0.111432
         4     0.108639
         5     0.108836
         6     0.107954
# Cycle: 200, status: ACC, move: ('sh', 0.11180787092150518, 3, 4)
#     Time       Orderp
         0     0.107894
         1     0.109870
         2     0.109543
         3     0.109059
         4     0.111808
         5     0.108884
         6     0.109909
         7     0.108145
# Cycle: 201, status: NCR, move: ('s-', 0, 0, 0)
#     Time       Orderp
         0     0.108485
         1     0.111548
         2     0.108616
         3     0.111432
         4     0.108639
         5     0.108836
         6     0.107954
# Cycle: 202, status: ACC, move: ('tr', 0, 0, 0)
#     Time       Orderp
         0     0.108145
         1     0.109909
         2     0.108884
         3     0.111808
         4     0.109059
         5     0.109543
         6     0.109870
         7     0.107894
# Cycle: 203, status: NCR, move: ('sh', 0.10927488274987983, 4, 6)
#     Time       Orderp
         0     0.108428
         1     0.108750
         2     0.108832
         3     0.109082
         4     0.109798
         5     0.108690
         6     0.109275
         7     0.109208
         8     0.108329
# Cycle: 204, status: ACC, move: ('tr', 0, 0, 0)
#     Time       Orderp
         0     0.107894
         1     0.109870
         2     0.109543
         3     0.109059
         4     0.111808
         5     0.108884
         6     0.109909
         7     0.108145
# Cycle: 205, status: ACC, move: ('00', 0, 0, 0)
#     Time       Orderp
         0     0.107894
         1     0.109870
         2     0.109543
         3     0.109059
         4     0.111808
         5     0.108884
         6     0.109909
         7     0.108145
# Cycle: 206, status: NCR, move: ('sh', 0.10977249200050047, 6, 2)
#     Time       Orderp
         0     0.108127
         1     0.109895
         2     0.109773
         3     0.109158
         4     0.108933
         5     0.109053
         6     0.108934
         7     0.108790
         8     0.108901
         9     0.108723
        10     0.109166
        11     0.108259
# Cycle: 207, status: ACC, move: ('tr', 0, 0, 0)
#     Time       Orderp
         0     0.108145
         1     0.109909
         2     0.108884
         3     0.111808
         4     0.109059
         5     0.109543
         6     0.109870
         7     0.107894
# Cycle: 208, status: NCR, move: ('sh', 0.11009995458673001, 6, 1)
#     Time       Orderp
         0     0.108207
         1     0.110100
         2     0.108678
         3     0.108980
         4     0.108109
# Cycle: 209, status: NCR, move: ('sh', 0.10977249200050047, 1, 2)
#     Time       Orderp
         0     0.108017
         1     0.109928
         2     0.109773
         3     0.108124
# Cycle: 210, status: ACC, move: ('00', 0, 0, 0)
#     Time       Orderp
         0     0.108145
         1     0.109909
         2     0.108884
         3     0.111808
         4     0.109059
         5     0.109543
         6     0.109870
         7     0.107894
# Cycle: 211, status: NCR, move: ('s-', 0, 0, 0)
#     Time       Orderp
         0     0.107954
         1     0.108836
         2     0.108639
         3     0.111432
         4     0.108616
         5     0.111548
         6     0.108485
# Cycle: 212, status: ACC, move: ('tr', 0, 0, 0)
#     Time       Orderp
         0     0.107894
         1     0.109870
         2     0.109543
         3     0.109059
         4     0.111808
         5     0.108884
         6     0.109909
         7     0.108145
# Cycle: 213, status: ACC, move: ('sh', 0.11180787092150518, 4, 5)
#     Time       Orderp
         0     0.108119
         1     0.109075
         2     0.110383
         3     0.109952
         4     0.109529
         5     0.111808
         6     0.109921
         7     0.108862
         8     0.109096
         9     0.109073
        10     0.108929
        11     0.108455
# Cycle: 214, status: NCR, move: ('sh', 0.10936635680134904, 8, 1)
#     Time       Orderp
         0     0.107738
         1     0.109366
         2     0.109443
         3     0.108746
         4     0.108942
         5     0.109646
         6     0.109065
         7     0.108213
# Cycle: 215, status: NCR, move: ('s-', 0, 0, 0)
#     Time       Orderp
         0     0.108485
         1     0.111548
         2     0.108616
         3     0.111432
         4     0.108639
         5     0.108836
         6     0.107954
# Cycle: 216, status: ACC, move: ('00', 0.11180787092150518, 4, 5)
#     Time       Orderp
         0     0.108119
         1     0.109075
         2     0.110383
         3     0.109952
         4     0.109529
         5     0.111808
         6     0.109921
         7     0.108862
         8     0.109096
         9     0.109073
        10     0.108929
        11     0.108455
# Cycle: 217, status: ACC, move: ('00', 0.11180787092150518, 4, 5)
#     Time       Orderp
         0     0.108119
         1     0.109075
         2     0.110383
         3     0.109952
         4     0.109529
         5     0.111808
         6     0.109921
         7     0.108862
         8     0.109096
         9     0.109073
        10     0.108929
        11     0.108455
# Cycle: 218, status: NCR, move: ('sh', 0.1087106250556953, 10, 1)
#     Time       Orderp
         0     0.107844
         1     0.108711
         2     0.109875
         3     0.108548
         4     0.108734
         5     0.108588
         6     0.109631
         7     0.108778
         8     0.108877
         9     0.108606
        10     0.108806
        11     0.108424
# Cycle: 219, status: NCR, move: ('s-', 0, 0, 0)
#     Time       Orderp
         0     0.108485
         1     0.111548
         2     0.108616
         3     0.111432
         4     0.108639
         5     0.108836
         6     0.107954
# Cycle: 220, status: ACC, move: ('00', 0.11180787092150518, 4, 5)
#     Time       Orderp
         0     0.108119
         1     0.109075
         2     0.110383
         3     0.109952
         4     0.109529
         5     0.111808
         6     0.109921
         7     0.108862
         8     0.109096
         9     0.109073
        10     0.108929
        11     0.108455
# Cycle: 221, status: ACC, move: ('tr', 0, 0, 0)
#     Time       Orderp
         0     0.108455
         1     0.108929
         2     0.109073
         3     0.109096
         4     0.108862
         5     0.109921
         6     0.111808
         7     0.109529
         8     0.109952
         9     0.110383
        10     0.109075
        11     0.108119
# Cycle: 222, status: NCR, move: ('s-', 0, 0, 0)
#     Time       Orderp
         0     0.107954
         1     0.108836
         2     0.108639
         3     0.111432
         4     0.108616
         5     0.111548
         6     0.108485
# Cycle: 223, status: ACC, move: ('00', 0, 0, 0)
#     Time       Orderp
         0     0.108455
         1     0.108929
         2     0.109073
         3     0.109096
         4     0.108862
         5     0.109921
         6     0.111808
         7     0.109529
         8     0.109952
         9     0.110383
        10     0.109075
        11     0.108119
# Cycle: 224, status: NCR, move: ('s-', 0, 0, 0)
#     Time       Orderp
         0     0.107954
         1     0.108836
         2     0.108639
         3     0.111432
         4     0.108616
         5     0.111548
         6     0.108485
# Cycle: 225, status: ACC, move: ('00', 0, 0, 0)
#     Time       Orderp
         0     0.108455
         1     0.108929
         2     0.109073
         3     0.109096
         4     0.108862
         5     0.109921
         6     0.111808
         7     0.109529
         8     0.109952
         9     0.110383
        10     0.109075
        11     0.108119
# Cycle: 226, status: NCR, move: ('s-', 0, 0, 0)
#     Time       Orderp
         0     0.107954
         1     0.108836
         2     0.108639
         3     0.111432
         4     0.108616
         5     0.111548
         6     0.108485
# Cycle: 227, status: ACC, move: ('00', 0, 0, 0)
#     Time       Orderp
         0     0.108455
         1     0.108929
         2     0.109073
         3     0.109096
         4     0.108862
         5     0.109921
         6     0.111808
         7     0.109529
         8     0.109952
         9     0.110383
        10     0.109075
        11     0.108119
# Cycle: 228, status: NCR, move: ('s-', 0, 0, 0)
#     Time       Orderp
         0     0.107954
         1     0.108836
         2     0.108639
         3     0.111432
         4     0.108616
         5     0.111548
         6     0.108485
# Cycle: 229, status: NCR, move: ('sh', 0.10860018416190646, 4, 1)
#     Time       Orderp
         0     0.108116
         1     0.108600
         2     0.108295
# Cycle: 230, status: ACC, move: ('tr', 0, 0, 0)
#     Time       Orderp
         0     0.108119
         1     0.109075
         2     0.110383
         3     0.109952
         4     0.109529
         5     0.111808
         6     0.109921
         7     0.108862
         8     0.109096
         9     0.109073
        10     0.108929
        11     0.108455
# Cycle: 231, status: NCR, move: ('s-', 0, 0, 0)
#     Time       Orderp
         0     0.108485
         1     0.111548
         2     0.108616
         3     0.111432
         4     0.108639
         5     0.108836
         6     0.107954
# Cycle: 232, status: NCR, move: ('sh', 0.1101725918729336, 4, 1)
#     Time       Orderp
         0     0.108128
         1     0.110173
         2     0.109116
         3     0.108576
         4     0.109770
         5     0.109485
         6     0.108966
         7     0.109965
         8     0.108437
# Cycle: 233, status: ACC, move: ('00', 0, 0, 0)
#     Time       Orderp
         0     0.108119
         1     0.109075
         2     0.110383
         3     0.109952
         4     0.109529
         5     0.111808
         6     0.109921
         7     0.108862
         8     0.109096
         9     0.109073
        10     0.108929
        11     0.108455
# Cycle: 234, status: NCR, move: ('s-', 0, 0, 0)
#     Time       Orderp
         0     0.108485
         1     0.111548
         2     0.108616
         3     0.111432
         4     0.108639
         5     0.108836
         6     0.107954
# Cycle: 235, status: ACC, move: ('00', 0, 0, 0)
#     Time       Orderp
         0     0.108119
         1     0.109075
         2     0.110383
         3     0.109952
         4     0.109529
         5     0.111808
         6     0.109921
         7     0.108862
         8     0.109096
         9     0.109073
        10     0.108929
        11     0.108455
# Cycle: 236, status: NCR, move: ('s-', 0, 0, 0)
#     Time       Orderp
         0     0.108485
         1     0.111548
         2     0.108616
         3     0.111432
         4     0.108639
         5     0.108836
         6     0.107954
# Cycle: 237, status: NCR, move: ('sh', 0.1101725918729336, 4, 2)
#     Time       Orderp
         0     0.108212
         1     0.110073
         2     0.110173
         3     0.108879
         4     0.109215
         5     0.108293
# Cycle: 238, status: NCR, move: ('s-', 0, 0, 0)
#     Time       Orderp
         0     0.108485
         1     0.111548
         2     0.108616
         3     0.111432
         4     0.108639
         5     0.108836
         6     0.107954
# Cycle: 239, status: NCR, move: ('s-', 0, 0, 0)
#     Time       Orderp
         0     0.108485
         1     0.111548
         2     0.108616
         3     0.111432
         4     0.108639
         5     0.108836
         6     0.107954
# Cycle: 240, status: ACC, move: ('00', 0, 0, 0)
#     Time       Orderp
         0     0.108119
         1     0.109075
         2     0.110383
         3     0.109952
         4     0.109529
         5     0.111808
         6     0.109921
         7     0.108862
         8     0.109096
         9     0.109073
        10     0.108929
        11     0.108455
# Cycle: 241, status: ACC, move: ('tr', 0, 0, 0)
#     Time       Orderp
         0     0.108455
         1     0.108929
         2     0.109073
         3     0.109096
         4     0.108862
         5     0.109921
         6     0.111808
         7     0.109529
         8     0.109952
         9     0.110383
        10     0.109075
        11     0.108119
# Cycle: 242, status: ACC, move: ('00', 0, 0, 0)
#     Time       Orderp
         0     0.108455
         1     0.108929
         2     0.109073
         3     0.109096
         4     0.108862
         5     0.109921
         6     0.111808
         7     0.109529
         8     0.109952
         9     0.110383
        10     0.109075
        11     0.108119
# Cycle: 243, status: NCR, move: ('sh', 0.10936635680134904, 3, 12)
#     Time       Orderp
         0     0.107907
         1     0.109177
         2     0.109406
         3     0.109412
         4     0.109828
         5     0.111134
         6     0.108961
         7     0.108678
         8     0.109248
         9     0.108946
        10     0.109341
        11     0.108827
        12     0.109366
        13     0.109188
        14     0.109130
        15     0.109925
        16     0.108941
        17     0.108975
        18     0.109185
        19     0.108190
# Cycle: 244, status: ACC, move: ('tr', 0, 0, 0)
#     Time       Orderp
         0     0.108119
         1     0.109075
         2     0.110383
         3     0.109952
         4     0.109529
         5     0.111808
         6     0.109921
         7     0.108862
         8     0.109096
         9     0.109073
        10     0.108929
        11     0.108455
# Cycle: 245, status: NCR, move: ('s-', 0, 0, 0)
#     Time       Orderp
         0     0.108485
         1     0.111548
         2     0.108616
         3     0.111432
         4     0.108639
         5     0.108836
         6     0.107954
# Cycle: 246, status: ACC, move: ('00', 0, 0, 0)
#     Time       Orderp
         0     0.108119
         1     0.109075
         2     0.110383
         3     0.109952
         4     0.109529
         5     0.111808
         6     0.109921
         7     0.108862
         8     0.109096
         9     0.109073
        10     0.108929
        11     0.108455
# Cycle: 247, status: ACC, move: ('00', 0, 0, 0)
#     Time       Orderp
         0     0.108119
         1     0.109075
         2     0.110383
         3     0.109952
         4     0.109529
         5     0.111808
         6     0.109921
         7     0.108862
         8     0.109096
         9     0.109073
        10     0.108929
        11     0.108455
# Cycle: 248, status: NCR, move: ('sh', 0.1087106250556953, 10, 4)
#     Time       Orderp
         0     0.107828
         1     0.108594
         2     0.108821
         3     0.108958
         4     0.108711
         5     0.108310
# Cycle: 249, status: ACC, move: ('00', 0, 0, 0)
#     Time       Orderp
         0     0.108119
         1     0.109075
         2     0.110383
         3     0.109952
         4     0.109529
         5     0.111808
         6     0.109921
         7     0.108862
         8     0.109096
         9     0.109073
        10     0.108929
        11     0.108455
# Cycle: 250, status: ACC, move: ('sh', 0.11180787092150518, 5, 4)
#     Time       Orderp
         0     0.107902
         1     0.108766
         2     0.109395
         3     0.109638
         4     0.111808
         5     0.110329
         6     0.108675
         7     0.108444
# Cycle: 251, status: ACC, move: ('sh', 0.11180787092150518, 4, 3)
#     Time       Orderp
         0     0.108311
         1     0.109099
         2     0.109120
         3     0.111808
         4     0.109211
         5     0.109625
         6     0.108452
# Cycle: 252, status: ACC, move: ('sh', 0.11180787092150518, 3, 2)
#     Time       Orderp
         0     0.108445
         1     0.109308
         2     0.111808
         3     0.109111
         4     0.108173
# Cycle: 253, status: BTL, move: ('sh', 0.10932977636490433, 1, 0)
#     Time       Orderp
         0     0.109330
         1     0.109156
         2     0.109316
         3     0.107934
# Cycle: 254, status: NCR, move: ('sh', 0.1086278049120022, 3, 7)
#     Time       Orderp
         0     0.108220
         1     0.109352
         2     0.108697
         3     0.108545
         4     0.109726
         5     0.108888
         6     0.108778
         7     0.108628
         8     0.108536
         9     0.107875
# Cycle: 255, status: NCR, move: ('s-', 0, 0, 0)
#     Time       Orderp
         0     0.108485
         1     0.111548
         2     0.108616
         3     0.111432
         4     0.108639
         5     0.108836
         6     0.107954
# Cycle: 256, status: NCR, move: ('sh', 0.1086278049120022, 3, 1)
#     Time       Orderp
         0     0.108100
         1     0.108628
         2     0.109342
         3     0.108407
# Cycle: 257, status: ACC, move: ('00', 0.11180787092150518, 3, 2)
#     Time       Orderp
         0     0.108445
         1     0.109308
         2     0.111808
         3     0.109111
         4     0.108173
# Cycle: 258, status: NCR, move: ('s-', 0, 0, 0)
#     Time       Orderp
         0     0.108485
         1     0.111548
         2     0.108616
         3     0.111432
         4     0.108639
         5     0.108836
         6     0.107954
# Cycle: 259, status: ACC, move: ('00', 0.11180787092150518, 3, 2)
#     Time       Orderp
         0     0.108445
         1     0.109308
         2     0.111808
         3     0.109111
         4     0.108173
# Cycle: 260, status: ACC, move: ('s-', 0.10982258419833313, 2, 2)
#     Time       Orderp
         0     0.108226
         1     0.108587
         2     0.109823
         3     0.109052
         4     0.108616
         5     0.112083
# Cycle: 261, status: NCR, move: ('sh', 0.10982258419833313, 2, 8)
#     Time       Orderp
         0     0.108440
         1     0.108684
         2     0.108726
         3     0.109569
         4     0.108732
         5     0.109273
         6     0.109415
         7     0.109464
         8     0.109823
         9     0.109345
        10     0.108201
# Cycle: 262, status: ACC, move: ('00', 0.10982258419833313, 2, 2)
#     Time       Orderp
         0     0.108226
         1     0.108587
         2     0.109823
         3     0.109052
         4     0.108616
         5     0.112083
# Cycle: 263, status: ACC, move: ('00', 0.10982258419833313, 2, 2)
#     Time       Orderp
         0     0.108226
         1     0.108587
         2     0.109823
         3     0.109052
         4     0.108616
         5     0.112083
# Cycle: 264, status: ACC, move: ('00', 0.10982258419833313, 2, 2)
#     Time       Orderp
         0     0.108226
         1     0.108587
         2     0.109823
         3     0.109052
         4     0.108616
         5     0.112083
# Cycle: 265, status: BWI, move: ('tr', 0, 0, 0)
#     Time       Orderp
         0     0.112083
         1     0.108616
         2     0.109052
         3     0.109823
         4     0.108587
         5     0.108226
# Cycle: 266, status: NCR, move: ('sh', 0.10982258419833313, 2, 1)
#     Time       Orderp
         0     0.108232
         1     0.109823
         2     0.107816
# Cycle: 267, status: NCR, move: ('s-', 0, 0, 0)
#     Time       Orderp
         0     0.107954
         1     0.108836
         2     0.108639
         3     0.111432
         4     0.108616
         5     0.111548
         6     0.108485
# Cycle: 268, status: ACC, move: ('00', 0.10982258419833313, 2, 2)
#     Time       Orderp
         0     0.108226
         1     0.108587
         2     0.109823
         3     0.109052
         4     0.108616
         5     0.112083
# Cycle: 269, status: BWI, move: ('tr', 0, 0, 0)
#     Time       Orderp
         0     0.112083
         1     0.108616
         2     0.109052
         3     0.109823
         4     0.108587
         5     0.108226
# Cycle: 270, status: ACC, move: ('s-', 0, 0, 0)
#     Time       Orderp
         0     0.108445
         1     0.109308
         2     0.111808
         3     0.109111
         4     0.108173
# Cycle: 271, status: ACC, move: ('00', 0, 0, 0)
#     Time       Orderp
         0     0.108445
         1     0.109308
         2     0.111808
         3     0.109111
         4     0.108173
# Cycle: 272, status: ACC, move: ('tr', 0, 0, 0)
#     Time       Orderp
         0     0.108173
         1     0.109111
         2     0.111808
         3     0.109308
         4     0.108445
# Cycle: 273, status: NCR, move: ('sh', 0.10932977636490433, 3, 2)
#     Time       Orderp
         0     0.107573
         1     0.108709
         2     0.109330
         3     0.108624
         4     0.109128
         5     0.109102
         6     0.108610
         7     0.109460
         8     0.108492
# Cycle: 274, status: ACC, move: ('tr', 0, 0, 0)
#     Time       Orderp
         0     0.108445
         1     0.109308
         2     0.111808
         3     0.109111
         4     0.108173
# Cycle: 275, status: NCR, move: ('s-', 0, 0, 0)
#     Time       Orderp
         0     0.108485
         1     0.111548
         2     0.108616
         3     0.111432
         4     0.108639
         5     0.108836
         6     0.107954
# Cycle: 276, status: BTL, move: ('sh', 0.1086278049120022, 3, 0)
#     Time       Orderp
         0     0.108628
         1     0.108952
         2     0.108638
         3     0.108784
         4     0.108756
         5     0.109432
         6     0.109381
         7     0.109367
         8     0.108945
         9     0.108920
        10     0.109724
# Cycle: 277, status: ACC, move: ('00', 0, 0, 0)
#     Time       Orderp
         0     0.108445
         1     0.109308
         2     0.111808
         3     0.109111
         4     0.108173
# Cycle: 278, status: NCR, move: ('s-', 0, 0, 0)
#     Time       Orderp
         0     0.108485
         1     0.111548
         2     0.108616
         3     0.111432
         4     0.108639
         5     0.108836
         6     0.107954
# Cycle: 279, status: ACC, move: ('tr', 0, 0, 0)
#     Time       Orderp
         0     0.108173
         1     0.109111
         2     0.111808
         3     0.109308
         4     0.108445
# Cycle: 280, status: ACC, move: ('tr', 0, 0, 0)
#     Time       Orderp
         0     0.108445
         1     0.109308
         2     0.111808
         3     0.109111
         4     0.108173
# Cycle: 281, status: NCR, move: ('s-', 0, 0, 0)
#     Time       Orderp
         0     0.108485
         1     0.111548
         2     0.108616
         3     0.111432
         4     0.108639
         5     0.108836
         6     0.107954
# Cycle: 282, status: ACC, move: ('tr', 0, 0, 0)
#     Time       Orderp
         0     0.108173
         1     0.109111
         2     0.111808
         3     0.109308
         4     0.108445
# Cycle: 283, status: NCR, move: ('sh', 0.1086278049120022, 1, 3)
#     Time       Orderp
         0     0.108099
         1     0.108899
         2     0.108823
         3     0.108628
         4     0.110771
         5     0.109309
         6     0.108943
         7     0.107841
# Cycle: 284, status: NCR, move: ('s-', 0, 0, 0)
#     Time       Orderp
         0     0.107954
         1     0.108836
         2     0.108639
         3     0.111432
         4     0.108616
         5     0.111548
         6     0.108485
# Cycle: 285, status: BTL, move: ('sh', 0.1086278049120022, 1, 0)
#     Time       Orderp
         0     0.108628
         1     0.110266
         2     0.109053
         3     0.107973
# Cycle: 286, status: NCR, move: ('sh', 0.1086278049120022, 1, 1)
#     Time       Orderp
         0     0.108203
         1     0.108628
         2     0.108911
         3     0.108297
# Cycle: 287, status: FTL, move: ('sh', 0.1086278049120022, 1, 2)
#     Time       Orderp
         0     0.108443
         1     0.109763
         2     0.108628
         3     0.108761
         4     0.108918
         5     0.109692
# Cycle: 288, status: NCR, move: ('s-', 0, 0, 0)
#     Time       Orderp
         0     0.107954
         1     0.108836
         2     0.108639
         3     0.111432
         4     0.108616
         5     0.111548
         6     0.108485
# Cycle: 289, status: ACC, move: ('00', 0, 0, 0)
#     Time       Orderp
         0     0.108173
         1     0.109111
         2     0.111808
         3     0.109308
         4     0.108445
# Cycle: 290, status: BTL, move: ('sh', 0.1086278049120022, 1, 0)
#     Time       Orderp
         0     0.108628
         1     0.108657
         2     0.109303
         3     0.109362
# Cycle: 291, status: ACC, move: ('tr', 0, 0, 0)
#     Time       Orderp
         0     0.108445
         1     0.109308
         2     0.111808
         3     0.109111
         4     0.108173
# Cycle: 292, status: ACC, move: ('00', 0, 0, 0)
#     Time       Orderp
         0     0.108445
         1     0.109308
         2     0.111808
         3     0.109111
         4     0.108173
# Cycle: 293, status: NCR, move: ('s-', 0, 0, 0)
#     Time       Orderp
         0     0.108485
         1     0.111548
         2     0.108616
         3     0.111432
         4     0.108639
         5     0.108836
         6     0.107954
# Cycle: 294, status: ACC, move: ('sh', 0.11180787092150518, 2, 1)
#     Time       Orderp
         0     0.107969
         1     0.111808
         2     0.109409
         3     0.108811
         4     0.109960
         5     0.108936
         6     0.108415
# Cycle: 295, status: NCR, move: ('s-', 0, 0, 0)
#     Time       Orderp
         0     0.108485
         1     0.111548
         2     0.108616
         3     0.111432
         4     0.108639
         5     0.108836
         6     0.107954
# Cycle: 296, status: ACC, move: ('tr', 0, 0, 0)
#     Time       Orderp
         0     0.108415
         1     0.108936
         2     0.109960
         3     0.108811
         4     0.109409
         5     0.111808
         6     0.107969
# Cycle: 297, status: NCR, move: ('s-', 0, 0, 0)
#     Time       Orderp
         0     0.107954
         1     0.108836
         2     0.108639
         3     0.111432
         4     0.108616
         5     0.111548
         6     0.108485
# Cycle: 298, status: NCR, move: ('s-', 0, 0, 0)
#     Time       Orderp
         0     0.107954
         1     0.108836
         2     0.108639
         3     0.111432
         4     0.108616
         5     0.111548
         6     0.108485
# Cycle: 299, status: ACC, move: ('00', 0, 0, 0)
#     Time       Orderp
         0     0.108415
         1     0.108936
         2     0.109960
         3     0.108811
         4     0.109409
         5     0.111808
         6     0.107969
# Cycle: 300, status: ACC, move: ('00', 0, 0, 0)
#     Time       Orderp
         0     0.108415
         1     0.108936
         2     0.109960
         3     0.108811
         4     0.109409
         5     0.111808
         6     0.107969
# Cycle: 301, status: ACC, move: ('tr', 0, 0, 0)
#     Time       Orderp
         0     0.107969
         1     0.111808
         2     0.109409
         3     0.108811
         4     0.109960
         5     0.108936
         6     0.108415
# Cycle: 302, status: NCR, move: ('sh', 0.10944404963267802, 2, 3)
#     Time       Orderp
         0     0.108464
         1     0.109227
         2     0.109044
         3     0.109444
         4     0.109377
         5     0.109067
         6     0.108495
# Cycle: 303, status: ACC, move: ('00', 0, 0, 0)
#     Time       Orderp
         0     0.107969
         1     0.111808
         2     0.109409
         3     0.108811
         4     0.109960
         5     0.108936
         6     0.108415
# Cycle: 304, status: ACC, move: ('sh', 0.11180787092150518, 1, 1)
#     Time       Orderp
         0     0.108044
         1     0.111808
         2     0.108434
# Cycle: 305, status: BTL, move: ('sh', 0.11180787092150518, 1, 0)
#     Time       Orderp
         0     0.111808
         1     0.109010
         2     0.109683
         3     0.110582
# Cycle: 306, status: ACC, move: ('tr', 0, 0, 0)
#     Time       Orderp
         0     0.108434
         1     0.111808
         2     0.108044
# Cycle: 307, status: ACC, move: ('00', 0, 0, 0)
#     Time       Orderp
         0     0.108434
         1     0.111808
         2     0.108044
# Cycle: 308, status: NCR, move: ('s-', 0, 0, 0)
#     Time       Orderp
         0     0.107954
         1     0.108836
         2     0.108639
         3     0.111432
         4     0.108616
         5     0.111548
         6     0.108485
# Cycle: 309, status: NCR, move: ('s-', 0, 0, 0)
#     Time       Orderp
         0     0.107954
         1     0.108836
         2     0.108639
         3     0.111432
         4     0.108616
         5     0.111548
         6     0.108485
# Cycle: 310, status: BTL, move: ('sh', 0.11180787092150518, 1, 0)
#     Time       Orderp
         0     0.111808
         1     0.108374
# Cycle: 311, status: BTL, move: ('sh', 0.11180787092150518, 1, 0)
#     Time       Orderp
         0     0.111808
         1     0.109315
# Cycle: 312, status: BTL, move: ('sh', 0.11180787092150518, 1, 0)
#     Time       Orderp
         0     0.111808
         1     0.108380
# Cycle: 313, status: ACC, move: ('tr', 0, 0, 0)
#     Time       Orderp
         0     0.108044
         1     0.111808
         2     0.108434
# Cycle: 314, status: BTL, move: ('sh', 0.11180787092150518, 1, 0)
#     Time       Orderp
         0     0.111808
         1     0.109304
# Cycle: 315, status: ACC, move: ('00', 0, 0, 0)
#     Time       Orderp
         0     0.108044
         1     0.111808
         2     0.108434
# Cycle: 316, status: ACC, move: ('tr', 0, 0, 0)
#     Time       Orderp
         0     0.108434
         1     0.111808
         2     0.108044
# Cycle: 317, status: NCR, move: ('s-', 0, 0, 0)
#     Time       Orderp
         0     0.107954
         1     0.108836
         2     0.108639
         3     0.111432
         4     0.108616
         5     0.111548
         6     0.108485
# Cycle: 318, status: NCR, move: ('s-', 0, 0, 0)
#     Time       Orderp
         0     0.107954
         1     0.108836
         2     0.108639
         3     0.111432
         4     0.108616
         5     0.111548
         6     0.108485
# Cycle: 319, status: ACC, move: ('00', 0, 0, 0)
#     Time       Orderp
         0     0.108434
         1     0.111808
         2     0.108044
# Cycle: 320, status: ACC, move: ('00', 0, 0, 0)
#     Time       Orderp
         0     0.108434
         1     0.111808
         2     0.108044
# Cycle: 321, status: NCR, move: ('s-', 0, 0, 0)
#     Time       Orderp
         0     0.107954
         1     0.108836
         2     0.108639
         3     0.111432
         4     0.108616
         5     0.111548
         6     0.108485
# Cycle: 322, status: FTL, move: ('sh', 0.11180787092150518, 1, 2)
#     Time       Orderp
         0     0.108080
         1     0.109289
         2     0.111808
         3     0.109255
         4     0.108597
         5     0.108514
# Cycle: 323, status: ACC, move: ('tr', 0, 0, 0)
#     Time       Orderp
         0     0.108044
         1     0.111808
         2     0.108434
# Cycle: 324, status: NCR, move: ('s-', 0, 0, 0)
#     Time       Orderp
         0     0.108485
         1     0.111548
         2     0.108616
         3     0.111432
         4     0.108639
         5     0.108836
         6     0.107954
# Cycle: 325, status: BTL, move: ('sh', 0.11180787092150518, 1, 0)
#     Time       Orderp
         0     0.111808
         1     0.109356
         2     0.108589
# Cycle: 326, status: BTL, move: ('sh', 0.11180787092150518, 1, 0)
#     Time       Orderp
         0     0.111808
         1     0.108794
# Cycle: 327, status: ACC, move: ('00', 0, 0, 0)
#     Time       Orderp
         0     0.108044
         1     0.111808
         2     0.108434
# Cycle: 328, status: FTL, move: ('sh', 0.11180787092150518, 1, 1)
#     Time       Orderp
         0     0.107467
         1     0.111808
         2     0.109469
         3     0.110606
# Cycle: 329, status: ACC, move: ('tr', 0, 0, 0)
#     Time       Orderp
         0     0.108434
         1     0.111808
         2     0.108044
# Cycle: 330, status: ACC, move: ('tr', 0, 0, 0)
#     Time       Orderp
         0     0.108044
         1     0.111808
         2     0.108434
# Cycle: 331, status: BTL, move: ('sh', 0.11180787092150518, 1, 0)
#     Time       Orderp
         0     0.111808
         1     0.109189
         2     0.108981
# Cycle: 332, status: ACC, move: ('tr', 0, 0, 0)
#     Time       Orderp
         0     0.108434
         1     0.111808
         2     0.108044
# Cycle: 333, status: ACC, move: ('s-', 0.11143159336561596, 3, 2)
#     Time       Orderp
         0     0.107955
         1     0.108948
         2     0.111432
         3     0.108753
         4     0.112009
# Cycle: 334, status: KOB, move: ('sh', 0.1079861102179347, 3, 0)
#     Time       Orderp
         0     0.107986
# Cycle: 335, status: BTL, move: ('sh', 0.11143159336561596, 2, 0)
#     Time       Orderp
         0     0.111432
         1     0.108794
         2     0.108908
         3     0.108768
         4     0.108878
         5     0.108616
# Cycle: 336, status: KOB, move: ('sh', 0.1079861102179347, 3, 0)
#     Time       Orderp
         0     0.107986
# Cycle: 337, status: ACC, move: ('s-', 0, 0, 0)
#     Time       Orderp
         0     0.108434
         1     0.111808
         2     0.108044
# Cycle: 338, status: BTL, move: ('sh', 0.11180787092150518, 1, 0)
#     Time       Orderp
         0     0.111808
         1     0.108551
# Cycle: 339, status: ACC, move: ('tr', 0, 0, 0)
#     Time       Orderp
         0     0.108044
         1     0.111808
         2     0.108434
# Cycle: 340, status: ACC, move: ('00', 0, 0, 0)
#     Time       Orderp
         0     0.108044
         1     0.111808
         2     0.108434
# Cycle: 341, status: ACC, move: ('s-', 0.11143159336561596, 3, 2)
#     Time       Orderp
         0     0.107955
         1     0.108948
         2     0.111432
         3     0.108753
         4     0.112009
# Cycle: 342, status: ACC, move: ('00', 0.11143159336561596, 3, 2)
#     Time       Orderp
         0     0.107955
         1     0.108948
         2     0.111432
         3     0.108753
         4     0.112009
# Cycle: 343, status: BWI, move: ('tr', 0, 0, 0)
#     Time       Orderp
         0     0.112009
         1     0.108753
         2     0.111432
         3     0.108948
         4     0.107955
# Cycle: 344, status: ACC, move: ('s-', 0.10982258419833313, 2, 2)
#     Time       Orderp
         0     0.108226
         1     0.108587
         2     0.109823
         3     0.109052
         4     0.108616
         5     0.112083
# Cycle: 345, status: NCR, move: ('sh', 0.1085587398600405, 1, 3)
#     Time       Orderp
         0     0.107830
         1     0.108694
         2     0.108776
         3     0.108559
         4     0.108503
         5     0.108717
         6     0.109313
         7     0.109073
         8     0.108155
# Cycle: 346, status: ACC, move: ('00', 0.10982258419833313, 2, 2)
#     Time       Orderp
         0     0.108226
         1     0.108587
         2     0.109823
         3     0.109052
         4     0.108616
         5     0.112083
# Cycle: 347, status: ACC, move: ('s-', 0.11143159336561596, 3, 2)
#     Time       Orderp
         0     0.107955
         1     0.108948
         2     0.111432
         3     0.108753
         4     0.112009
# Cycle: 348, status: BWI, move: ('tr', 0, 0, 0)
#     Time       Orderp
         0     0.112009
         1     0.108753
         2     0.111432
         3     0.108948
         4     0.107955
# Cycle: 349, status: KOB, move: ('sh', 0.1079861102179347, 3, 0)
#     Time       Orderp
         0     0.107986
# Cycle: 350, status: ACC, move: ('00', 0.11143159336561596, 3, 2)
#     Time       Orderp
         0     0.107955
         1     0.108948
         2     0.111432
         3     0.108753
         4     0.112009
# Cycle: 351, status: ACC, move: ('s-', 0, 0, 0)
#     Time       Orderp
         0     0.108044
         1     0.111808
         2     0.108434
# Cycle: 352, status: ACC, move: ('s-', 0.11143159336561596, 3, 2)
#     Time       Orderp
         0     0.107955
         1     0.108948
         2     0.111432
         3     0.108753
         4     0.112009
# Cycle: 353, status: BWI, move: ('tr', 0, 0, 0)
#     Time       Orderp
         0     0.112009
         1     0.108753
         2     0.111432
         3     0.108948
         4     0.107955
# Cycle: 354, status: ACC, move: ('s-', 0, 0, 0)
#     Time       Orderp
         0     0.108434
         1     0.111808
         2     0.108044
# Cycle: 355, status: ACC, move: ('tr', 0, 0, 0)
#     Time       Orderp
         0     0.108044
         1     0.111808
         2     0.108434
# Cycle: 356, status: ACC, move: ('tr', 0, 0, 0)
#     Time       Orderp
         0     0.108434
         1     0.111808
         2     0.108044
# Cycle: 357, status: ACC, move: ('s-', 0.11143159336561596, 3, 2)
#     Time       Orderp
         0     0.107955
         1     0.108948
         2     0.111432
         3     0.108753
         4     0.112009
# Cycle: 358, status: ACC, move: ('00', 0.11143159336561596, 3, 2)
#     Time       Orderp
         0     0.107955
         1     0.108948
         2     0.111432
         3     0.108753
         4     0.112009
# Cycle: 359, status: NCR, move: ('sh', 0.10943491216243523, 1, 1)
#     Time       Orderp
         0     0.107804
         1     0.109435
         2     0.107763
# Cycle: 360, status: BWI, move: ('tr', 0, 0, 0)
#     Time       Orderp
         0     0.112009
         1     0.108753
         2     0.111432
         3     0.108948
         4     0.107955
# Cycle: 361, status: ACC, move: ('s-', 0.10982258419833313, 2, 2)
#     Time       Orderp
         0     0.108226
         1     0.108587
         2     0.109823
         3     0.109052
         4     0.108616
         5     0.112083
# Cycle: 362, status: ACC, move: ('00', 0.10982258419833313, 2, 2)
#     Time       Orderp
         0     0.108226
         1     0.108587
         2     0.109823
         3     0.109052
         4     0.108616
         5     0.112083
# Cycle: 363, status: ACC, move: ('00', 0.10982258419833313, 2, 2)
#     Time       Orderp
         0     0.108226
         1     0.108587
         2     0.109823
         3     0.109052
         4     0.108616
         5     0.112083
# Cycle: 364, status: ACC, move: ('s-', 0.11143159336561596, 3, 2)
#     Time       Orderp
         0     0.107955
         1     0.108948
         2     0.111432
         3     0.108753
         4     0.112009
# Cycle: 365, status: BWI, move: ('tr', 0, 0, 0)
#     Time       Orderp
         0     0.112009
         1     0.108753
         2     0.111432
         3     0.108948
         4     0.107955
# Cycle: 366, status: ACC, move: ('00', 0.11143159336561596, 3, 2)
#     Time       Orderp
         0     0.107955
         1     0.108948
         2     0.111432
         3     0.108753
         4     0.112009
# Cycle: 367, status: ACC, move: ('00', 0.11143159336561596, 3, 2)
#     Time       Orderp
         0     0.107955
         1     0.108948
         2     0.111432
         3     0.108753
         4     0.112009
# Cycle: 368, status: KOB, move: ('sh', 0.1079861102179347, 3, 0)
#     Time       Orderp
         0     0.107986
# Cycle: 369, status: ACC, move: ('s-', 0.10982258419833313, 2, 2)
#     Time       Orderp
         0     0.108226
         1     0.108587
         2     0.109823
         3     0.109052
         4     0.108616
         5     0.112083
# Cycle: 370, status: NCR, move: ('sh', 0.1085587398600405, 1, 1)
#     Time       Orderp
         0     0.108022
         1     0.108559
         2     0.108627
         3     0.108295
# Cycle: 371, status: BWI, move: ('tr', 0, 0, 0)
#     Time       Orderp
         0     0.112083
         1     0.108616
         2     0.109052
         3     0.109823
         4     0.108587
         5     0.108226
# Cycle: 372, status: ACC, move: ('s-', 0.11143159336561596, 3, 2)
#     Time       Orderp
         0     0.107955
         1     0.108948
         2     0.111432
         3     0.108753
         4     0.112009
# Cycle: 373, status: ACC, move: ('s-', 0.10982258419833313, 2, 2)
#     Time       Orderp
         0     0.108226
         1     0.108587
         2     0.109823
         3     0.109052
         4     0.108616
         5     0.112083
# Cycle: 374, status: BWI, move: ('tr', 0, 0, 0)
#     Time       Orderp
         0     0.112083
         1     0.108616
         2     0.109052
         3     0.109823
         4     0.108587
         5     0.108226
# Cycle: 375, status: ACC, move: ('00', 0.10982258419833313, 2, 2)
#     Time       Orderp
         0     0.108226
         1     0.108587
         2     0.109823
         3     0.109052
         4     0.108616
         5     0.112083
# Cycle: 376, status: BTL, move: ('sh', 0.10982258419833313, 2, 0)
#     Time       Orderp
         0     0.109823
         1     0.109494
         2     0.109531
         3     0.108600
         4     0.108351
# Cycle: 377, status: ACC, move: ('00', 0.10982258419833313, 2, 2)
#     Time       Orderp
         0     0.108226
         1     0.108587
         2     0.109823
         3     0.109052
         4     0.108616
         5     0.112083
# Cycle: 378, status: NCR, move: ('sh', 0.10982258419833313, 2, 4)
#     Time       Orderp
         0     0.107952
         1     0.108510
         2     0.108795
         3     0.108638
         4     0.109823
         5     0.109672
         6     0.109328
         7     0.108143
# Cycle: 379, status: ACC, move: ('00', 0.10982258419833313, 2, 2)
#     Time       Orderp
         0     0.108226
         1     0.108587
         2     0.109823
         3     0.109052
         4     0.108616
         5     0.112083
# Cycle: 380, status: BWI, move: ('tr', 0, 0, 0)
#     Time       Orderp
         0     0.112083
         1     0.108616
         2     0.109052
         3     0.109823
         4     0.108587
         5     0.108226
# Cycle: 381, status: ACC, move: ('s-', 0.11143159336561596, 3, 2)
#     Time       Orderp
         0     0.107955
         1     0.108948
         2     0.111432
         3     0.108753
         4     0.112009
# Cycle: 382, status: ACC, move: ('s-', 0.10982258419833313, 2, 2)
#     Time       Orderp
         0     0.108226
         1     0.108587
         2     0.109823
         3     0.109052
         4     0.108616
         5     0.112083
# Cycle: 383, status: ACC, move: ('00', 0.10982258419833313, 2, 2)
#     Time       Orderp
         0     0.108226
         1     0.108587
         2     0.109823
         3     0.109052
         4     0.108616
         5     0.112083
# Cycle: 384, status: ACC, move: ('00', 0.10982258419833313, 2, 2)
#     Time       Orderp
         0     0.108226
         1     0.108587
         2     0.109823
         3     0.109052
         4     0.108616
         5     0.112083
# Cycle: 385, status: ACC, move: ('00', 0.10982258419833313, 2, 2)
#     Time       Orderp
         0     0.108226
         1     0.108587
         2     0.109823
         3     0.109052
         4     0.108616
         5     0.112083
# Cycle: 386, status: ACC, move: ('00', 0.10982258419833313, 2, 2)
#     Time       Orderp
         0     0.108226
         1     0.108587
         2     0.109823
         3     0.109052
         4     0.108616
         5     0.112083
# Cycle: 387, status: ACC, move: ('00', 0.10982258419833313, 2, 2)
#     Time       Orderp
         0     0.108226
         1     0.108587
         2     0.109823
         3     0.109052
         4     0.108616
         5     0.112083
# Cycle: 388, status: KOB, move: ('sh', 0.10841586599755607, 4, 0)
#     Time       Orderp
         0     0.108416
# Cycle: 389, status: KOB, move: ('sh', 0.10841586599755607, 4, 0)
#     Time       Orderp
         0     0.108416
# Cycle: 390, status: ACC, move: ('00', 0.10982258419833313, 2, 2)
#     Time       Orderp
         0     0.108226
         1     0.108587
         2     0.109823
         3     0.109052
         4     0.108616
         5     0.112083
# Cycle: 391, status: NCR, move: ('sh', 0.10982258419833313, 2, 4)
#     Time       Orderp
         0     0.108411
         1     0.108952
         2     0.109213
         3     0.108873
         4     0.109823
         5     0.108898
         6     0.109324
         7     0.108743
         8     0.107880
# Cycle: 392, status: ACC, move: ('s-', 0.11143159336561596, 3, 2)
#     Time       Orderp
         0     0.107955
         1     0.108948
         2     0.111432
         3     0.108753
         4     0.112009
# Cycle: 393, status: ACC, move: ('00', 0.11143159336561596, 3, 2)
#     Time       Orderp
         0     0.107955
         1     0.108948
         2     0.111432
         3     0.108753
         4     0.112009
# Cycle: 394, status: NCR, move: ('sh', 0.11143159336561596, 2, 3)
#     Time       Orderp
         0     0.108045
         1     0.108829
         2     0.109795
         3     0.111432
         4     0.108371
# Cycle: 395, status: KOB, move: ('sh', 0.1079861102179347, 3, 0)
#     Time       Orderp
         0     0.107986
# Cycle: 396, status: BWI, move: ('tr', 0, 0, 0)
#     Time       Orderp
         0     0.112009
         1     0.108753
         2     0.111432
         3     0.108948
         4     0.107955
# Cycle: 397, status: BWI, move: ('tr', 0, 0, 0)
#     Time       Orderp
         0     0.112009
         1     0.108753
         2     0.111432
         3     0.108948
         4     0.107955
# Cycle: 398, status: BWI, move: ('tr', 0, 0, 0)
#     Time       Orderp
         0     0.112009
         1     0.108753
         2     0.111432
         3     0.108948
         4     0.107955
# Cycle: 399, status: ACC, move: ('s-', 0, 0, 0)
#     Time       Orderp
         0     0.108117
         1     0.109756
         2     0.109654
         3     0.111808
         4     0.108639
         5     0.109953
         6     0.109400
         7     0.109190
         8     0.109367
         9     0.108119
# Cycle: 400, status: ACC, move: ('00', 0, 0, 0)
#     Time       Orderp
         0     0.108117
         1     0.109756
         2     0.109654
         3     0.111808
         4     0.108639
         5     0.109953
         6     0.109400
         7     0.109190
         8     0.109367
         9     0.108119
# Cycle: 401, status: ACC, move: ('tr', 0, 0, 0)
#     Time       Orderp
         0     0.108119
         1     0.109367
         2     0.109190
         3     0.109400
         4     0.109953
         5     0.108639
         6     0.111808
         7     0.109654
         8     0.109756
         9     0.108117
# Cycle: 402, status: NCR, move: ('sh', 0.11026332119068426, 3, 8)
#     Time       Orderp
         0     0.108426
         1     0.108563
         2     0.109213
         3     0.108646
         4     0.108812
         5     0.110151
         6     0.109472
         7     0.108833
         8     0.110263
         9     0.109466
        10     0.107787
# Cycle: 403, status: ACC, move: ('sh', 0.11180787092150518, 6, 4)
#     Time       Orderp
         0     0.108325
         1     0.108829
         2     0.108696
         3     0.109185
         4     0.111808
         5     0.108735
         6     0.107543
# Cycle: 404, status: ACC, move: ('tr', 0, 0, 0)
#     Time       Orderp
         0     0.107543
         1     0.108735
         2     0.111808
         3     0.109185
         4     0.108696
         5     0.108829
         6     0.108325
# Cycle: 405, status: ACC, move: ('s-', 0.10982258419833313, 2, 2)
#     Time       Orderp
         0     0.108226
         1     0.108587
         2     0.109823
         3     0.109052
         4     0.108616
         5     0.112083
# Cycle: 406, status: BWI, move: ('tr', 0, 0, 0)
#     Time       Orderp
         0     0.112083
         1     0.108616
         2     0.109052
         3     0.109823
         4     0.108587
         5     0.108226
# Cycle: 407, status: BWI, move: ('tr', 0, 0, 0)
#     Time       Orderp
         0     0.112083
         1     0.108616
         2     0.109052
         3     0.109823
         4     0.108587
         5     0.108226
# Cycle: 408, status: BWI, move: ('tr', 0, 0, 0)
#     Time       Orderp
         0     0.112083
         1     0.108616
         2     0.109052
         3     0.109823
         4     0.108587
         5     0.108226
# Cycle: 409, status: ACC, move: ('00', 0.10982258419833313, 2, 2)
#     Time       Orderp
         0     0.108226
         1     0.108587
         2     0.109823
         3     0.109052
         4     0.108616
         5     0.112083
# Cycle: 410, status: ACC, move: ('00', 0.10982258419833313, 2, 2)
#     Time       Orderp
         0     0.108226
         1     0.108587
         2     0.109823
         3     0.109052
         4     0.108616
         5     0.112083
# Cycle: 411, status: ACC, move: ('00', 0.10982258419833313, 2, 2)
#     Time       Orderp
         0     0.108226
         1     0.108587
         2     0.109823
         3     0.109052
         4     0.108616
         5     0.112083
# Cycle: 412, status: ACC, move: ('00', 0.10982258419833313, 2, 2)
#     Time       Orderp
         0     0.108226
         1     0.108587
         2     0.109823
         3     0.109052
         4     0.108616
         5     0.112083
# Cycle: 413, status: ACC, move: ('s-', 0, 0, 0)
#     Time       Orderp
         0     0.108325
         1     0.108829
         2     0.108696
         3     0.109185
         4     0.111808
         5     0.108735
         6     0.107543
# Cycle: 414, status: ACC, move: ('s-', 0.10982258419833313, 2, 2)
#     Time       Orderp
         0     0.108226
         1     0.108587
         2     0.109823
         3     0.109052
         4     0.108616
         5     0.112083
# Cycle: 415, status: BWI, move: ('tr', 0, 0, 0)
#     Time       Orderp
         0     0.112083
         1     0.108616
         2     0.109052
         3     0.109823
         4     0.108587
         5     0.108226
# Cycle: 416, status: BWI, move: ('tr', 0, 0, 0)
#     Time       Orderp
         0     0.112083
         1     0.108616
         2     0.109052
         3     0.109823
         4     0.108587
         5     0.108226
# Cycle: 417, status: KOB, move: ('sh', 0.10841586599755607, 4, 0)
#     Time       Orderp
         0     0.108416
# Cycle: 418, status: ACC, move: ('s-', 0, 0, 0)
#     Time       Orderp
         0     0.108325
         1     0.108829
         2     0.108696
         3     0.109185
         4     0.111808
         5     0.108735
         6     0.107543
# Cycle: 419, status: ACC, move: ('00', 0, 0, 0)
#     Time       Orderp
         0     0.108325
         1     0.108829
         2     0.108696
         3     0.109185
         4     0.111808
         5     0.108735
         6     0.107543
# Cycle: 420, status: ACC, move: ('tr', 0, 0, 0)
#     Time       Orderp
         0     0.107543
         1     0.108735
         2     0.111808
         3     0.109185
         4     0.108696
         5     0.108829
         6     0.108325
# Cycle: 421, status: ACC, move: ('tr', 0, 0, 0)
#     Time       Orderp
         0     0.108325
         1     0.108829
         2     0.108696
         3     0.109185
         4     0.111808
         5     0.108735
         6     0.107543
# Cycle: 422, status: ACC, move: ('00', 0, 0, 0)
#     Time       Orderp
         0     0.108325
         1     0.108829
         2     0.108696
         3     0.109185
         4     0.111808
         5     0.108735
         6     0.107543
# Cycle: 423, status: ACC, move: ('tr', 0, 0, 0)
#     Time       Orderp
         0     0.107543
         1     0.108735
         2     0.111808
         3     0.109185
         4     0.108696
         5     0.108829
         6     0.108325
# Cycle: 424, status: ACC, move: ('tr', 0, 0, 0)
#     Time       Orderp
         0     0.108325
         1     0.108829
         2     0.108696
         3     0.109185
         4     0.111808
         5     0.108735
         6     0.107543
# Cycle: 425, status: ACC, move: ('00', 0, 0, 0)
#     Time       Orderp
         0     0.108325
         1     0.108829
         2     0.108696
         3     0.109185
         4     0.111808
         5     0.108735
         6     0.107543
# Cycle: 426, status: ACC, move: ('00', 0, 0, 0)
#     Time       Orderp
         0     0.108325
         1     0.108829
         2     0.108696
         3     0.109185
         4     0.111808
         5     0.108735
         6     0.107543
# Cycle: 427, status: ACC, move: ('s-', 0.10982258419833313, 2, 2)
#     Time       Orderp
         0     0.108226
         1     0.108587
         2     0.109823
         3     0.109052
         4     0.108616
         5     0.112083
# Cycle: 428, status: NCR, move: ('sh', 0.10982258419833313, 2, 3)
#     Time       Orderp
         0     0.108202
         1     0.109374
         2     0.109053
         3     0.109823
         4     0.108476
# Cycle: 429, status: BWI, move: ('tr', 0, 0, 0)
#     Time       Orderp
         0     0.112083
         1     0.108616
         2     0.109052
         3     0.109823
         4     0.108587
         5     0.108226
# Cycle: 430, status: ACC, move: ('s-', 0, 0, 0)
#     Time       Orderp
         0     0.108099
         1     0.110119
         2     0.111407
         3     0.110291
         4     0.111808
         5     0.108530
         6     0.109026
         7     0.108825
         8     0.109155
         9     0.108945
        10     0.108423
# Cycle: 431, status: ACC, move: ('s-', 0.10982258419833313, 2, 2)
#     Time       Orderp
         0     0.108226
         1     0.108587
         2     0.109823
         3     0.109052
         4     0.108616
         5     0.112083
# Cycle: 432, status: ACC, move: ('00', 0.10982258419833313, 2, 2)
#     Time       Orderp
         0     0.108226
         1     0.108587
         2     0.109823
         3     0.109052
         4     0.108616
         5     0.112083
# Cycle: 433, status: NCR, move: ('sh', 0.10982258419833313, 2, 4)
#     Time       Orderp
         0     0.108466
         1     0.108943
         2     0.108724
         3     0.108998
         4     0.109823
         5     0.109397
         6     0.108227
# Cycle: 434, status: ACC, move: ('s-', 0.11143159336561596, 3, 2)
#     Time       Orderp
         0     0.107955
         1     0.108948
         2     0.111432
         3     0.108753
         4     0.112009
# Cycle: 435, status: ACC, move: ('s-', 0.10982258419833313, 2, 2)
#     Time       Orderp
         0     0.108226
         1     0.108587
         2     0.109823
         3     0.109052
         4     0.108616
         5     0.112083
# Cycle: 436, status: ACC, move: ('00', 0.10982258419833313, 2, 2)
#     Time       Orderp
         0     0.108226
         1     0.108587
         2     0.109823
         3     0.109052
         4     0.108616
         5     0.112083
# Cycle: 437, status: ACC, move: ('s-', 0, 0, 0)
#     Time       Orderp
         0     0.108099
         1     0.110119
         2     0.111407
         3     0.110291
         4     0.111808
         5     0.108530
         6     0.109026
         7     0.108825
         8     0.109155
         9     0.108945
        10     0.108423
# Cycle: 438, status: ACC, move: ('sh', 0.11180787092150518, 4, 4)
#     Time       Orderp
         0     0.108350
         1     0.111577
         2     0.108938
         3     0.109087
         4     0.111808
         5     0.108252
# Cycle: 439, status: FTL, move: ('sh', 0.10853570840972106, 2, 5)
#     Time       Orderp
         0     0.107937
         1     0.108560
         2     0.110097
         3     0.108650
         4     0.108970
         5     0.108536
         6     0.108803
         7     0.108501
         8     0.109259
# Cycle: 440, status: ACC, move: ('s-', 0.10982258419833313, 2, 2)
#     Time       Orderp
         0     0.108226
         1     0.108587
         2     0.109823
         3     0.109052
         4     0.108616
         5     0.112083
# Cycle: 441, status: BWI, move: ('tr', 0, 0, 0)
#     Time       Orderp
         0     0.112083
         1     0.108616
         2     0.109052
         3     0.109823
         4     0.108587
         5     0.108226
# Cycle: 442, status: KOB, move: ('sh', 0.10841586599755607, 4, 0)
#     Time       Orderp
         0     0.108416
# Cycle: 443, status: ACC, move: ('s-', 0, 0, 0)
#     Time       Orderp
         0     0.108252
         1     0.111808
         2     0.109087
         3     0.108938
         4     0.111577
         5     0.108350
# Cycle: 444, status: ACC, move: ('tr', 0, 0, 0)
#     Time       Orderp
         0     0.108350
         1     0.111577
         2     0.108938
         3     0.109087
         4     0.111808
         5     0.108252
# Cycle: 445, status: ACC, move: ('s-', 0.10982258419833313, 2, 2)
#     Time       Orderp
         0     0.108226
         1     0.108587
         2     0.109823
         3     0.109052
         4     0.108616
         5     0.112083
# Cycle: 446, status: BWI, move: ('tr', 0, 0, 0)
#     Time       Orderp
         0     0.112083
         1     0.108616
         2     0.109052
         3     0.109823
         4     0.108587
         5     0.108226
# Cycle: 447, status: KOB, move: ('sh', 0.10841586599755607, 4, 0)
#     Time       Orderp
         0     0.108416
# Cycle: 448, status: ACC, move: ('00', 0.10982258419833313, 2, 2)
#     Time       Orderp
         0     0.108226
         1     0.108587
         2     0.109823
         3     0.109052
         4     0.108616
         5     0.112083
# Cycle: 449, status: ACC, move: ('00', 0.10982258419833313, 2, 2)
#     Time       Orderp
         0     0.108226
         1     0.108587
         2     0.109823
         3     0.109052
         4     0.108616
         5     0.112083
# Cycle: 450, status: BWI, move: ('tr', 0, 0, 0)
#     Time       Orderp
         0     0.112083
         1     0.108616
         2     0.109052
         3     0.109823
         4     0.108587
         5     0.108226
# Cycle: 451, status: BWI, move: ('tr', 0, 0, 0)
#     Time       Orderp
         0     0.112083
         1     0.108616
         2     0.109052
         3     0.109823
         4     0.108587
         5     0.108226
# Cycle: 452, status: KOB, move: ('sh', 0.10841586599755607, 4, 0)
#     Time       Orderp
         0     0.108416
# Cycle: 453, status: NCR, move: ('sh', 0.1085587398600405, 1, 4)
#     Time       Orderp
         0     0.108181
         1     0.108646
         2     0.109371
         3     0.109666
         4     0.108559
         5     0.108308
# Cycle: 454, status: BTL, move: ('sh', 0.10982258419833313, 2, 0)
#     Time       Orderp
         0     0.109823
         1     0.109129
         2     0.109390
         3     0.109216
         4     0.108356
# Cycle: 455, status: NCR, move: ('sh', 0.10982258419833313, 2, 8)
#     Time       Orderp
         0     0.108300
         1     0.108592
         2     0.109478
         3     0.108525
         4     0.109179
         5     0.109332
         6     0.108960
         7     0.108625
         8     0.109823
         9     0.108982
        10     0.108670
        11     0.108454
# Cycle: 456, status: ACC, move: ('s-', 0, 0, 0)
#     Time       Orderp
         0     0.108252
         1     0.111808
         2     0.109087
         3     0.108938
         4     0.111577
         5     0.108350
# Cycle: 457, status: ACC, move: ('s-', 0.10982258419833313, 2, 2)
#     Time       Orderp
         0     0.108226
         1     0.108587
         2     0.109823
         3     0.109052
         4     0.108616
         5     0.112083
# Cycle: 458, status: ACC, move: ('00', 0.10982258419833313, 2, 2)
#     Time       Orderp
         0     0.108226
         1     0.108587
         2     0.109823
         3     0.109052
         4     0.108616
         5     0.112083
# Cycle: 459, status: ACC, move: ('00', 0.10982258419833313, 2, 2)
#     Time       Orderp
         0     0.108226
         1     0.108587
         2     0.109823
         3     0.109052
         4     0.108616
         5     0.112083
# Cycle: 460, status: ACC, move: ('00', 0.10982258419833313, 2, 2)
#     Time       Orderp
         0     0.108226
         1     0.108587
         2     0.109823
         3     0.109052
         4     0.108616
         5     0.112083
# Cycle: 461, status: BWI, move: ('tr', 0, 0, 0)
#     Time       Orderp
         0     0.112083
         1     0.108616
         2     0.109052
         3     0.109823
         4     0.108587
         5     0.108226
# Cycle: 462, status: ACC, move: ('00', 0.10982258419833313, 2, 2)
#     Time       Orderp
         0     0.108226
         1     0.108587
         2     0.109823
         3     0.109052
         4     0.108616
         5     0.112083
# Cycle: 463, status: ACC, move: ('00', 0.10982258419833313, 2, 2)
#     Time       Orderp
         0     0.108226
         1     0.108587
         2     0.109823
         3     0.109052
         4     0.108616
         5     0.112083
# Cycle: 464, status: ACC, move: ('s-', 0, 0, 0)
#     Time       Orderp
         0     0.108350
         1     0.111577
         2     0.108938
         3     0.109087
         4     0.111808
         5     0.108252
# Cycle: 465, status: ACC, move: ('s-', 0.10982258419833313, 2, 2)
#     Time       Orderp
         0     0.108226
         1     0.108587
         2     0.109823
         3     0.109052
         4     0.108616
         5     0.112083
# Cycle: 466, status: KOB, move: ('sh', 0.10841586599755607, 4, 0)
#     Time       Orderp
         0     0.108416
# Cycle: 467, status: BWI, move: ('tr', 0, 0, 0)
#     Time       Orderp
         0     0.112083
         1     0.108616
         2     0.109052
         3     0.109823
         4     0.108587
         5     0.108226
# Cycle: 468, status: ACC, move: ('s-', 0, 0, 0)
#     Time       Orderp
         0     0.108252
         1     0.111808
         2     0.109087
         3     0.108938
         4     0.111577
         5     0.108350
# Cycle: 469, status: KOB, move: ('sh', 0.11205802068571441, 4, 0)
#     Time       Orderp
         0     0.112058
# Cycle: 470, status: KOB, move: ('sh', 0.11205802068571441, 4, 0)
#     Time       Orderp
         0     0.112058
# Cycle: 471, status: ACC, move: ('tr', 0, 0, 0)
#     Time       Orderp
         0     0.108350
         1     0.111577
         2     0.108938
         3     0.109087
         4     0.111808
         5     0.108252
# Cycle: 472, status: BTL, move: ('sh', 0.10853570840972106, 2, 0)
#     Time       Orderp
         0     0.108536
         1     0.108616
         2     0.110948
         3     0.109307
         4     0.108786
# Cycle: 473, status: BTL, move: ('sh', 0.10853570840972106, 2, 0)
#     Time       Orderp
         0     0.108536
         1     0.108505
         2     0.109238
         3     0.109188
         4     0.109379
         5     0.108935
# Cycle: 474, status: ACC, move: ('tr', 0, 0, 0)
#     Time       Orderp
         0     0.108252
         1     0.111808
         2     0.109087
         3     0.108938
         4     0.111577
         5     0.108350
# Cycle: 475, status: ACC, move: ('tr', 0, 0, 0)
#     Time       Orderp
         0     0.108350
         1     0.111577
         2     0.108938
         3     0.109087
         4     0.111808
         5     0.108252
# Cycle: 476, status: ACC, move: ('s-', 0.10982258419833313, 2, 2)
#     Time       Orderp
         0     0.108226
         1     0.108587
         2     0.109823
         3     0.109052
         4     0.108616
         5     0.112083
# Cycle: 477, status: ACC, move: ('00', 0.10982258419833313, 2, 2)
#     Time       Orderp
         0     0.108226
         1     0.108587
         2     0.109823
         3     0.109052
         4     0.108616
         5     0.112083
# Cycle: 478, status: ACC, move: ('s-', 0, 0, 0)
#     Time       Orderp
         0     0.108350
         1     0.111577
         2     0.108938
         3     0.109087
         4     0.111808
         5     0.108252
# Cycle: 479, status: ACC, move: ('00', 0, 0, 0)
#     Time       Orderp
         0     0.108350
         1     0.111577
         2     0.108938
         3     0.109087
         4     0.111808
         5     0.108252
# Cycle: 480, status: ACC, move: ('00', 0, 0, 0)
#     Time       Orderp
         0     0.108350
         1     0.111577
         2     0.108938
         3     0.109087
         4     0.111808
         5     0.108252
# Cycle: 481, status: ACC, move: ('s-', 0.10982258419833313, 2, 2)
#     Time       Orderp
         0     0.108226
         1     0.108587
         2     0.109823
         3     0.109052
         4     0.108616
         5     0.112083
# Cycle: 482, status: NCR, move: ('sh', 0.10982258419833313, 2, 1)
#     Time       Orderp
         0     0.108114
         1     0.109823
         2     0.109101
         3     0.108983
         4     0.109143
         5     0.108701
         6     0.108499
# Cycle: 483, status: BWI, move: ('tr', 0, 0, 0)
#     Time       Orderp
         0     0.112083
         1     0.108616
         2     0.109052
         3     0.109823
         4     0.108587
         5     0.108226
# Cycle: 484, status: ACC, move: ('s-', 0, 0, 0)
#     Time       Orderp
         0     0.108252
         1     0.111808
         2     0.109087
         3     0.108938
         4     0.111577
         5     0.108350
# Cycle: 485, status: ACC, move: ('00', 0, 0, 0)
#     Time       Orderp
         0     0.108252
         1     0.111808
         2     0.109087
         3     0.108938
         4     0.111577
         5     0.108350
# Cycle: 486, status: ACC, move: ('tr', 0, 0, 0)
#     Time       Orderp
         0     0.108350
         1     0.111577
         2     0.108938
         3     0.109087
         4     0.111808
         5     0.108252
# Cycle: 487, status: ACC, move: ('tr', 0, 0, 0)
#     Time       Orderp
         0     0.108252
         1     0.111808
         2     0.109087
         3     0.108938
         4     0.111577
         5     0.108350
# Cycle: 488, status: ACC, move: ('tr', 0, 0, 0)
#     Time       Orderp
         0     0.108350
         1     0.111577
         2     0.108938
         3     0.109087
         4     0.111808
         5     0.108252
# Cycle: 489, status: ACC, move: ('tr', 0, 0, 0)
#     Time       Orderp
         0     0.108252
         1     0.111808
         2     0.109087
         3     0.108938
         4     0.111577
         5     0.108350
# Cycle: 490, status: ACC, move: ('s-', 0.10982258419833313, 2, 2)
#     Time       Orderp
         0     0.108226
         1     0.108587
         2     0.109823
         3     0.109052
         4     0.108616
         5     0.112083
# Cycle: 491, status: BWI, move: ('tr', 0, 0, 0)
#     Time       Orderp
         0     0.112083
         1     0.108616
         2     0.109052
         3     0.109823
         4     0.108587
         5     0.108226
# Cycle: 492, status: FTL, move: ('sh', 0.1092199615454976, 3, 3)
#     Time       Orderp
         0     0.108310
         1     0.108866
         2     0.110727
         3     0.109220
         4     0.108543
         5     0.109010
         6     0.108187
# Cycle: 493, status: NCR, move: ('sh', 0.10982258419833313, 2, 2)
#     Time       Orderp
         0     0.108303
         1     0.109561
         2     0.109823
         3     0.109587
         4     0.107994
# Cycle: 494, status: ACC, move: ('s-', 0, 0, 0)
#     Time       Orderp
         0     0.108350
         1     0.111577
         2     0.108938
         3     0.109087
         4     0.111808
         5     0.108252
# Cycle: 495, status: ACC, move: ('tr', 0, 0, 0)
#     Time       Orderp
         0     0.108252
         1     0.111808
         2     0.109087
         3     0.108938
         4     0.111577
         5     0.108350
# Cycle: 496, status: ACC, move: ('00', 0, 0, 0)
#     Time       Orderp
         0     0.108252
         1     0.111808
         2     0.109087
         3     0.108938
         4     0.111577
         5     0.108350
# Cycle: 497, status: NCR, move: ('sh', 0.10870142593360946, 2, 2)
#     Time       Orderp
         0     0.108417
         1     0.110392
         2     0.108701
         3     0.108501
         4     0.109390
         5     0.108740
         6     0.109114
         7     0.109511
         8     0.108184
# Cycle: 498, status: ACC, move: ('tr', 0, 0, 0)
#     Time       Orderp
         0     0.108350
         1     0.111577
         2     0.108938
         3     0.109087
         4     0.111808
         5     0.108252
# Cycle: 499, status: ACC, move: ('s-', 0.10982258419833313, 2, 2)
#     Time       Orderp
         0     0.108226
         1     0.108587
         2     0.109823
         3     0.109052
         4     0.108616
         5     0.112083
# Cycle: 500, status: ACC, move: ('s-', 0, 0, 0)
#     Time       Orderp
         0     0.108350
         1     0.111577
         2     0.108938
         3     0.109087
         4     0.111808
         5     0.108252
# Cycle: 501, status: ACC, move: ('sh', 0.11180787092150518, 4, 2)
#     Time       Orderp
         0     0.108322
         1     0.109212
         2     0.111808
         3     0.108230
# Cycle: 502, status: ACC, move: ('tr', 0, 0, 0)
#     Time       Orderp
         0     0.108230
         1     0.111808
         2     0.109212
         3     0.108322
# Cycle: 503, status: FTL, move: ('sh', 0.10897706180660247, 2, 1)
#     Time       Orderp
         0     0.108222
         1     0.108977
         2     0.109023
         3     0.108595
         4     0.109639
         5     0.108304
# Cycle: 504, status: ACC, move: ('tr', 0, 0, 0)
#     Time       Orderp
         0     0.108322
         1     0.109212
         2     0.111808
         3     0.108230
# Cycle: 505, status: ACC, move: ('00', 0, 0, 0)
#     Time       Orderp
         0     0.108322
         1     0.109212
         2     0.111808
         3     0.108230
# Cycle: 506, status: ACC, move: ('s-', 0.10982258419833313, 2, 2)
#     Time       Orderp
         0     0.108226
         1     0.108587
         2     0.109823
         3     0.109052
         4     0.108616
         5     0.112083
# Cycle: 507, status: BWI, move: ('tr', 0, 0, 0)
#     Time       Orderp
         0     0.112083
         1     0.108616
         2     0.109052
         3     0.109823
         4     0.108587
         5     0.108226
# Cycle: 508, status: ACC, move: ('00', 0.10982258419833313, 2, 2)
#     Time       Orderp
         0     0.108226
         1     0.108587
         2     0.109823
         3     0.109052
         4     0.108616
         5     0.112083
# Cycle: 509, status: ACC, move: ('s-', 0, 0, 0)
#     Time       Orderp
         0     0.108230
         1     0.111808
         2     0.109212
         3     0.108322
# Cycle: 510, status: ACC, move: ('tr', 0, 0, 0)
#     Time       Orderp
         0     0.108322
         1     0.109212
         2     0.111808
         3     0.108230
# Cycle: 511, status: ACC, move: ('tr', 0, 0, 0)
#     Time       Orderp
         0     0.108230
         1     0.111808
         2     0.109212
         3     0.108322
# Cycle: 512, status: ACC, move: ('sh', 0.11180787092150518, 1, 1)
#     Time       Orderp
         0     0.108340
         1     0.111808
         2     0.108856
         3     0.109446
         4     0.108647
         5     0.108476
# Cycle: 513, status: ACC, move: ('sh', 0.11180787092150518, 1, 4)
#     Time       Orderp
         0     0.108271
         1     0.108853
         2     0.108816
         3     0.108653
         4     0.111808
         5     0.108851
         6     0.108410
# Cycle: 514, status: FTL, move: ('sh', 0.10951255635770728, 2, 2)
#     Time       Orderp
         0     0.108197
         1     0.109649
         2     0.109512
         3     0.109325
         4     0.108525
         5     0.109249
         6     0.109144
         7     0.108158
# Cycle: 515, status: ACC, move: ('sh', 0.11180787092150518, 4, 3)
#     Time       Orderp
         0     0.107828
         1     0.108602
         2     0.108689
         3     0.111808
         4     0.109316
         5     0.109646
         6     0.109358
         7     0.108340
# Cycle: 516, status: ACC, move: ('s-', 0.10982258419833313, 2, 2)
#     Time       Orderp
         0     0.108226
         1     0.108587
         2     0.109823
         3     0.109052
         4     0.108616
         5     0.112083
# Cycle: 517, status: BWI, move: ('tr', 0, 0, 0)
#     Time       Orderp
         0     0.112083
         1     0.108616
         2     0.109052
         3     0.109823
         4     0.108587
         5     0.108226
# Cycle: 518, status: NCR, move: ('sh', 0.10982258419833313, 2, 4)
#     Time       Orderp
         0     0.108179
         1     0.108843
         2     0.108816
         3     0.109771
         4     0.109823
         5     0.109311
         6     0.107788
# Cycle: 519, status: KOB, move: ('sh', 0.10841586599755607, 4, 0)
#     Time       Orderp
         0     0.108416
# Cycle: 520, status: FTL, move: ('sh', 0.1085587398600405, 1, 1)
#     Time       Orderp
         0     0.108284
         1     0.108559
         2     0.108773
         3     0.108878
         4     0.109076
         5     0.108987
         6     0.109829
# Cycle: 521, status: BWI, move: ('tr', 0, 0, 0)
#     Time       Orderp
         0     0.112083
         1     0.108616
         2     0.109052
         3     0.109823
         4     0.108587
         5     0.108226
# Cycle: 522, status: BWI, move: ('tr', 0, 0, 0)
#     Time       Orderp
         0     0.112083
         1     0.108616
         2     0.109052
         3     0.109823
         4     0.108587
         5     0.108226
# Cycle: 523, status: ACC, move: ('00', 0.10982258419833313, 2, 2)
#     Time       Orderp
         0     0.108226
         1     0.108587
         2     0.109823
         3     0.109052
         4     0.108616
         5     0.112083
# Cycle: 524, status: ACC, move: ('00', 0.10982258419833313, 2, 2)
#     Time       Orderp
         0     0.108226
         1     0.108587
         2     0.109823
         3     0.109052
         4     0.108616
         5     0.112083
# Cycle: 525, status: BWI, move: ('tr', 0, 0, 0)
#     Time       Orderp
         0     0.112083
         1     0.108616
         2     0.109052
         3     0.109823
         4     0.108587
         5     0.108226
# Cycle: 526, status: ACC, move: ('00', 0.10982258419833313, 2, 2)
#     Time       Orderp
         0     0.108226
         1     0.108587
         2     0.109823
         3     0.109052
         4     0.108616
         5     0.112083
# Cycle: 527, status: BWI, move: ('tr', 0, 0, 0)
#     Time       Orderp
         0     0.112083
         1     0.108616
         2     0.109052
         3     0.109823
         4     0.108587
         5     0.108226
# Cycle: 528, status: KOB, move: ('sh', 0.10841586599755607, 4, 0)
#     Time       Orderp
         0     0.108416
# Cycle: 529, status: BTL, move: ('sh', 0.1092199615454976, 3, 0)
#     Time       Orderp
         0     0.109220
         1     0.111024
         2     0.109163
         3     0.108700
         4     0.110502
         5     0.108397
# Cycle: 530, status: ACC, move: ('00', 0.10982258419833313, 2, 2)
#     Time       Orderp
         0     0.108226
         1     0.108587
         2     0.109823
         3     0.109052
         4     0.108616
         5     0.112083
# Cycle: 531, status: NCR, move: ('sh', 0.1092199615454976, 3, 1)
#     Time       Orderp
         0     0.108398
         1     0.109220
         2     0.109265
         3     0.108337
# Cycle: 532, status: BWI, move: ('tr', 0, 0, 0)
#     Time       Orderp
         0     0.112083
         1     0.108616
         2     0.109052
         3     0.109823
         4     0.108587
         5     0.108226
# Cycle: 533, status: ACC, move: ('s-', 0, 0, 0)
#     Time       Orderp
         0     0.107828
         1     0.108602
         2     0.108689
         3     0.111808
         4     0.109316
         5     0.109646
         6     0.109358
         7     0.108340
# Cycle: 534, status: NCR, move: ('sh', 0.1106526095489841, 5, 2)
#     Time       Orderp
         0     0.108215
         1     0.110545
         2     0.109882
         3     0.108163
# Cycle: 535, status: ACC, move: ('00', 0, 0, 0)
#     Time       Orderp
         0     0.107828
         1     0.108602
         2     0.108689
         3     0.111808
         4     0.109316
         5     0.109646
         6     0.109358
         7     0.108340
# Cycle: 536, status: ACC, move: ('tr', 0, 0, 0)
#     Time       Orderp
         0     0.108340
         1     0.109358
         2     0.109646
         3     0.109316
         4     0.111808
         5     0.108689
         6     0.108602
         7     0.107828
# Cycle: 537, status: ACC, move: ('tr', 0, 0, 0)
#     Time       Orderp
         0     0.107828
         1     0.108602
         2     0.108689
         3     0.111808
         4     0.109316
         5     0.109646
         6     0.109358
         7     0.108340
# Cycle: 538, status: NCR, move: ('sh', 0.11013173929435599, 6, 7)
#     Time       Orderp
         0     0.108476
         1     0.109289
         2     0.109318
         3     0.108704
         4     0.109643
         5     0.108560
         6     0.109536
         7     0.110132
         8     0.109196
         9     0.108537
        10     0.108703
        11     0.108859
        12     0.110069
        13     0.108274
# Cycle: 539, status: NCR, move: ('sh', 0.1106526095489841, 5, 3)
#     Time       Orderp
         0     0.107876
         1     0.108548
         2     0.109786
         3     0.109882
         4     0.107719
# Cycle: 540, status: ACC, move: ('s-', 0.10982258419833313, 2, 2)
#     Time       Orderp
         0     0.108226
         1     0.108587
         2     0.109823
         3     0.109052
         4     0.108616
         5     0.112083
# Cycle: 541, status: BWI, move: ('tr', 0, 0, 0)
#     Time       Orderp
         0     0.112083
         1     0.108616
         2     0.109052
         3     0.109823
         4     0.108587
         5     0.108226
# Cycle: 542, status: ACC, move: ('s-', 0, 0, 0)
#     Time       Orderp
         0     0.108340
         1     0.109358
         2     0.109646
         3     0.109316
         4     0.111808
         5     0.108689
         6     0.108602
         7     0.107828
# Cycle: 543, status: FTL, move: ('sh', 0.10966312051004219, 3, 2)
#     Time       Orderp
         0     0.108131
         1     0.109187
         2     0.109663
         3     0.108748
         4     0.109847
         5     0.109181
         6     0.109693
         7     0.109629
# Cycle: 544, status: ACC, move: ('s-', 0.10982258419833313, 2, 2)
#     Time       Orderp
         0     0.108226
         1     0.108587
         2     0.109823
         3     0.109052
         4     0.108616
         5     0.112083
# Cycle: 545, status: ACC, move: ('s-', 0, 0, 0)
#     Time       Orderp
         0     0.108340
         1     0.109358
         2     0.109646
         3     0.109316
         4     0.111808
         5     0.108689
         6     0.108602
         7     0.107828
# Cycle: 546, status: ACC, move: ('00', 0, 0, 0)
#     Time       Orderp
         0     0.108340
         1     0.109358
         2     0.109646
         3     0.109316
         4     0.111808
         5     0.108689
         6     0.108602
         7     0.107828
# Cycle: 547, status: ACC, move: ('tr', 0, 0, 0)
#     Time       Orderp
         0     0.107828
         1     0.108602
         2     0.108689
         3     0.111808
         4     0.109316
         5     0.109646
         6     0.109358
         7     0.108340
# Cycle: 548, status: ACC, move: ('s-', 0.10982258419833313, 2, 2)
#     Time       Orderp
         0     0.108226
         1     0.108587
         2     0.109823
         3     0.109052
         4     0.108616
         5     0.112083
# Cycle: 549, status: FTL, move: ('sh', 0.10982258419833313, 2, 2)
#     Time       Orderp
         0     0.107739
         1     0.109003
         2     0.109823
         3     0.108962
         4     0.109103
         5     0.109121
         6     0.108597
# Cycle: 550, status: BTL, move: ('sh', 0.10982258419833313, 2, 0)
#     Time       Orderp
         0     0.109823
         1     0.109355
         2     0.108528
         3     0.108785
         4     0.109070
         5     0.108901
# Cycle: 551, status: KOB, move: ('sh', 0.10841586599755607, 4, 0)
#     Time       Orderp
         0     0.108416
# Cycle: 552, status: ACC, move: ('00', 0.10982258419833313, 2, 2)
#     Time       Orderp
         0     0.108226
         1     0.108587
         2     0.109823
         3     0.109052
         4     0.108616
         5     0.112083
# Cycle: 553, status: ACC, move: ('00', 0.10982258419833313, 2, 2)
#     Time       Orderp
         0     0.108226
         1     0.108587
         2     0.109823
         3     0.109052
         4     0.108616
         5     0.112083
# Cycle: 554, status: ACC, move: ('00', 0.10982258419833313, 2, 2)
#     Time       Orderp
         0     0.108226
         1     0.108587
         2     0.109823
         3     0.109052
         4     0.108616
         5     0.112083
# Cycle: 555, status: NCR, move: ('sh', 0.1092199615454976, 3, 9)
#     Time       Orderp
         0     0.108401
         1     0.110325
         2     0.108991
         3     0.108746
         4     0.109337
         5     0.109031
         6     0.108766
         7     0.109028
         8     0.109592
         9     0.109220
        10     0.109117
        11     0.108535
        12     0.108479
# Cycle: 556, status: NCR, move: ('sh', 0.1085587398600405, 1, 1)
#     Time       Orderp
         0     0.108095
         1     0.108559
         2     0.109416
         3     0.109105
         4     0.108366
# Cycle: 557, status: ACC, move: ('s-', 0.11180787092150518, 2, 2)
#     Time       Orderp
         0     0.108021
         1     0.108945
         2     0.111808
         3     0.108835
         4     0.108363
# Cycle: 558, status: ACC, move: ('tr', 0, 0, 0)
#     Time       Orderp
         0     0.108363
         1     0.108835
         2     0.111808
         3     0.108945
         4     0.108021
# Cycle: 559, status: ACC, move: ('s-', 0.10982258419833313, 2, 2)
#     Time       Orderp
         0     0.108226
         1     0.108587
         2     0.109823
         3     0.109052
         4     0.108616
         5     0.112083
# Cycle: 560, status: NCR, move: ('sh', 0.1092199615454976, 3, 1)
#     Time       Orderp
         0     0.108462
         1     0.109220
         2     0.108448
# Cycle: 561, status: NCR, move: ('sh', 0.1092199615454976, 3, 1)
#     Time       Orderp
         0     0.108196
         1     0.109220
         2     0.108064
# Cycle: 562, status: ACC, move: ('s-', 0.11180787092150518, 2, 2)
#     Time       Orderp
         0     0.107601
         1     0.109109
         2     0.111808
         3     0.109338
         4     0.108013
# Cycle: 563, status: ACC, move: ('s-', 0.10982258419833313, 2, 2)
#     Time       Orderp
         0     0.108226
         1     0.108587
         2     0.109823
         3     0.109052
         4     0.108616
         5     0.112083
# Cycle: 564, status: BWI, move: ('tr', 0, 0, 0)
#     Time       Orderp
         0     0.112083
         1     0.108616
         2     0.109052
         3     0.109823
         4     0.108587
         5     0.108226
# Cycle: 565, status: ACC, move: ('00', 0.10982258419833313, 2, 2)
#     Time       Orderp
         0     0.108226
         1     0.108587
         2     0.109823
         3     0.109052
         4     0.108616
         5     0.112083
# Cycle: 566, status: BWI, move: ('tr', 0, 0, 0)
#     Time       Orderp
         0     0.112083
         1     0.108616
         2     0.109052
         3     0.109823
         4     0.108587
         5     0.108226
# Cycle: 567, status: BWI, move: ('tr', 0, 0, 0)
#     Time       Orderp
         0     0.112083
         1     0.108616
         2     0.109052
         3     0.109823
         4     0.108587
         5     0.108226
# Cycle: 568, status: KOB, move: ('sh', 0.10841586599755607, 4, 0)
#     Time       Orderp
         0     0.108416
# Cycle: 569, status: BWI, move: ('tr', 0, 0, 0)
#     Time       Orderp
         0     0.112083
         1     0.108616
         2     0.109052
         3     0.109823
         4     0.108587
         5     0.108226
# Cycle: 570, status: ACC, move: ('00', 0.10982258419833313, 2, 2)
#     Time       Orderp
         0     0.108226
         1     0.108587
         2     0.109823
         3     0.109052
         4     0.108616
         5     0.112083
# Cycle: 571, status: ACC, move: ('00', 0.10982258419833313, 2, 2)
#     Time       Orderp
         0     0.108226
         1     0.108587
         2     0.109823
         3     0.109052
         4     0.108616
         5     0.112083
# Cycle: 572, status: BWI, move: ('tr', 0, 0, 0)
#     Time       Orderp
         0     0.112083
         1     0.108616
         2     0.109052
         3     0.109823
         4     0.108587
         5     0.108226
# Cycle: 573, status: ACC, move: ('s-', 0, 0, 0)
#     Time       Orderp
         0     0.108013
         1     0.109338
         2     0.111808
         3     0.109109
         4     0.107601
# Cycle: 574, status: ACC, move: ('s-', 0.10982258419833313, 2, 2)
#     Time       Orderp
         0     0.108226
         1     0.108587
         2     0.109823
         3     0.109052
         4     0.108616
         5     0.112083
# Cycle: 575, status: ACC, move: ('s-', 0, 0, 0)
#     Time       Orderp
         0     0.108013
         1     0.109338
         2     0.111808
         3     0.109109
         4     0.107601
# Cycle: 576, status: ACC, move: ('00', 0, 0, 0)
#     Time       Orderp
         0     0.108013
         1     0.109338
         2     0.111808
         3     0.109109
         4     0.107601
# Cycle: 577, status: FTL, move: ('sh', 0.10905961672406513, 1, 2)
#     Time       Orderp
         0     0.108350
         1     0.110078
         2     0.109060
         3     0.109479
         4     0.108825
# Cycle: 578, status: ACC, move: ('tr', 0, 0, 0)
#     Time       Orderp
         0     0.107601
         1     0.109109
         2     0.111808
         3     0.109338
         4     0.108013
# Cycle: 579, status: ACC, move: ('s-', 0.10982258419833313, 2, 2)
#     Time       Orderp
         0     0.108226
         1     0.108587
         2     0.109823
         3     0.109052
         4     0.108616
         5     0.112083
# Cycle: 580, status: BWI, move: ('tr', 0, 0, 0)
#     Time       Orderp
         0     0.112083
         1     0.108616
         2     0.109052
         3     0.109823
         4     0.108587
         5     0.108226
# Cycle: 581, status: ACC, move: ('00', 0.10982258419833313, 2, 2)
#     Time       Orderp
         0     0.108226
         1     0.108587
         2     0.109823
         3     0.109052
         4     0.108616
         5     0.112083
# Cycle: 582, status: ACC, move: ('00', 0.10982258419833313, 2, 2)
#     Time       Orderp
         0     0.108226
         1     0.108587
         2     0.109823
         3     0.109052
         4     0.108616
         5     0.112083
# Cycle: 583, status: ACC, move: ('s-', 0, 0, 0)
#     Time       Orderp
         0     0.108013
         1     0.109338
         2     0.111808
         3     0.109109
         4     0.107601
# Cycle: 584, status: ACC, move: ('sh', 0.11180787092150518, 2, 2)
#     Time       Orderp
         0     0.108254
         1     0.108784
         2     0.111808
         3     0.109710
         4     0.108386
# Cycle: 585, status: ACC, move: ('s-', 0.10982258419833313, 2, 2)
#     Time       Orderp
         0     0.108226
         1     0.108587
         2     0.109823
         3     0.109052
         4     0.108616
         5     0.112083
# Cycle: 586, status: BWI, move: ('tr', 0, 0, 0)
#     Time       Orderp
         0     0.112083
         1     0.108616
         2     0.109052
         3     0.109823
         4     0.108587
         5     0.108226
# Cycle: 587, status: ACC, move: ('s-', 0, 0, 0)
#     Time       Orderp
         0     0.108386
         1     0.109710
         2     0.111808
         3     0.108784
         4     0.108254
# Cycle: 588, status: ACC, move: ('00', 0, 0, 0)
#     Time       Orderp
         0     0.108386
         1     0.109710
         2     0.111808
         3     0.108784
         4     0.108254
# Cycle: 589, status: ACC, move: ('s-', 0.10982258419833313, 2, 2)
#     Time       Orderp
         0     0.108226
         1     0.108587
         2     0.109823
         3     0.109052
         4     0.108616
         5     0.112083
# Cycle: 590, status: ACC, move: ('00', 0.10982258419833313, 2, 2)
#     Time       Orderp
         0     0.108226
         1     0.108587
         2     0.109823
         3     0.109052
         4     0.108616
         5     0.112083
# Cycle: 591, status: ACC, move: ('s-', 0, 0, 0)
#     Time       Orderp
         0     0.108386
         1     0.109710
         2     0.111808
         3     0.108784
         4     0.108254
# Cycle: 592, status: ACC, move: ('s-', 0.10982258419833313, 2, 2)
#     Time       Orderp
         0     0.108226
         1     0.108587
         2     0.109823
         3     0.109052
         4     0.108616
         5     0.112083
# Cycle: 593, status: ACC, move: ('00', 0.10982258419833313, 2, 2)
#     Time       Orderp
         0     0.108226
         1     0.108587
         2     0.109823
         3     0.109052
         4     0.108616
         5     0.112083
# Cycle: 594, status: NCR, move: ('sh', 0.10982258419833313, 2, 2)
#     Time       Orderp
         0     0.108023
         1     0.110052
         2     0.109823
         3     0.108749
         4     0.108149
# Cycle: 595, status: BWI, move: ('tr', 0, 0, 0)
#     Time       Orderp
         0     0.112083
         1     0.108616
         2     0.109052
         3     0.109823
         4     0.108587
         5     0.108226
# Cycle: 596, status: ACC, move: ('s-', 0, 0, 0)
#     Time       Orderp
         0     0.108254
         1     0.108784
         2     0.111808
         3     0.109710
         4     0.108386
# Cycle: 597, status: ACC, move: ('00', 0, 0, 0)
#     Time       Orderp
         0     0.108254
         1     0.108784
         2     0.111808
         3     0.109710
         4     0.108386
# Cycle: 598, status: ACC, move: ('tr', 0, 0, 0)
#     Time       Orderp
         0     0.108386
         1     0.109710
         2     0.111808
         3     0.108784
         4     0.108254
# Cycle: 599, status: NCR, move: ('sh', 0.10932977636490425, 3, 4)
#     Time       Orderp
         0     0.107680
         1     0.108866
         2     0.108854
         3     0.108704
         4     0.109330
         5     0.108566
         6     0.108910
         7     0.108828
         8     0.108442
# Cycle: 600, status: BTL, move: ('sh', 0.11004544515789846, 1, 0)
#     Time       Orderp
         0     0.110045
         1     0.108937
         2     0.109040
         3     0.109186
# Cycle: 601, status: BTL, move: ('sh', 0.11004544515789846, 1, 0)
#     Time       Orderp
         0     0.110045
         1     0.109029
         2     0.109978
         3     0.109872
         4     0.108222
# Cycle: 602, status: ACC, move: ('s-', 0.10982258419833313, 2, 2)
#     Time       Orderp
         0     0.108226
         1     0.108587
         2     0.109823
         3     0.109052
         4     0.108616
         5     0.112083
# Cycle: 603, status: FTL, move: ('sh', 0.10982258419833313, 2, 4)
#     Time       Orderp
         0     0.107960
         1     0.109262
         2     0.109164
         3     0.108554
         4     0.109823
         5     0.109890
         6     0.109194
         7     0.109993
# Cycle: 604, status: KOB, move: ('sh', 0.10841586599755607, 4, 0)
#     Time       Orderp
         0     0.108416
# Cycle: 605, status: BWI, move: ('tr', 0, 0, 0)
#     Time       Orderp
         0     0.112083
         1     0.108616
         2     0.109052
         3     0.109823
         4     0.108587
         5     0.108226
# Cycle: 606, status: ACC, move: ('00', 0.10982258419833313, 2, 2)
#     Time       Orderp
         0     0.108226
         1     0.108587
         2     0.109823
         3     0.109052
         4     0.108616
         5     0.112083
# Cycle: 607, status: BWI, move: ('tr', 0, 0, 0)
#     Time       Orderp
         0     0.112083
         1     0.108616
         2     0.109052
         3     0.109823
         4     0.108587
         5     0.108226
# Cycle: 608, status: BWI, move: ('tr', 0, 0, 0)
#     Time       Orderp
         0     0.112083
         1     0.108616
         2     0.109052
         3     0.109823
         4     0.108587
         5     0.108226
# Cycle: 609, status: ACC, move: ('s-', 0, 0, 0)
#     Time       Orderp
         0     0.107608
         1     0.108676
         2     0.111808
         3     0.108428
# Cycle: 610, status: ACC, move: ('s-', 0.10982258419833313, 2, 2)
#     Time       Orderp
         0     0.108226
         1     0.108587
         2     0.109823
         3     0.109052
         4     0.108616
         5     0.112083
# Cycle: 611, status: ACC, move: ('s-', 0, 0, 0)
#     Time       Orderp
         0     0.107608
         1     0.108676
         2     0.111808
         3     0.108428
# Cycle: 612, status: ACC, move: ('tr', 0, 0, 0)
#     Time       Orderp
         0     0.108428
         1     0.111808
         2     0.108676
         3     0.107608
# Cycle: 613, status: ACC, move: ('00', 0, 0, 0)
#     Time       Orderp
         0     0.108428
         1     0.111808
         2     0.108676
         3     0.107608
# Cycle: 614, status: ACC, move: ('tr', 0, 0, 0)
#     Time       Orderp
         0     0.107608
         1     0.108676
         2     0.111808
         3     0.108428
# Cycle: 615, status: ACC, move: ('s-', 0.10982258419833313, 2, 2)
#     Time       Orderp
         0     0.108226
         1     0.108587
         2     0.109823
         3     0.109052
         4     0.108616
         5     0.112083
# Cycle: 616, status: BWI, move: ('tr', 0, 0, 0)
#     Time       Orderp
         0     0.112083
         1     0.108616
         2     0.109052
         3     0.109823
         4     0.108587
         5     0.108226
# Cycle: 617, status: ACC, move: ('s-', 0, 0, 0)
#     Time       Orderp
         0     0.108428
         1     0.111808
         2     0.108676
         3     0.107608
# Cycle: 618, status: ACC, move: ('sh', 0.11180787092150518, 1, 2)
#     Time       Orderp
         0     0.108193
         1     0.109339
         2     0.111808
         3     0.109156
         4     0.109065
         5     0.108094
# Cycle: 619, status: ACC, move: ('s-', 0.10982258419833313, 2, 2)
#     Time       Orderp
         0     0.108226
         1     0.108587
         2     0.109823
         3     0.109052
         4     0.108616
         5     0.112083
# Cycle: 620, status: ACC, move: ('s-', 0.11180787092150518, 1, 2)
#     Time       Orderp
         0     0.108193
         1     0.109339
         2     0.111808
         3     0.109156
         4     0.109065
         5     0.108094
# Cycle: 621, status: ACC, move: ('tr', 0, 0, 0)
#     Time       Orderp
         0     0.108094
         1     0.109065
         2     0.109156
         3     0.111808
         4     0.109339
         5     0.108193
# Cycle: 622, status: FTL, move: ('sh', 0.10940749517286298, 2, 3)
#     Time       Orderp
         0     0.108270
         1     0.108887
         2     0.109222
         3     0.109408
         4     0.109080
         5     0.108782
# Cycle: 623, status: ACC, move: ('s-', 0.10982258419833313, 2, 2)
#     Time       Orderp
         0     0.108226
         1     0.108587
         2     0.109823
         3     0.109052
         4     0.108616
         5     0.112083
# Cycle: 624, status: ACC, move: ('00', 0.10982258419833313, 2, 2)
#     Time       Orderp
         0     0.108226
         1     0.108587
         2     0.109823
         3     0.109052
         4     0.108616
         5     0.112083
# Cycle: 625, status: BWI, move: ('tr', 0, 0, 0)
#     Time       Orderp
         0     0.112083
         1     0.108616
         2     0.109052
         3     0.109823
         4     0.108587
         5     0.108226
# Cycle: 626, status: BWI, move: ('tr', 0, 0, 0)
#     Time       Orderp
         0     0.112083
         1     0.108616
         2     0.109052
         3     0.109823
         4     0.108587
         5     0.108226
# Cycle: 627, status: ACC, move: ('00', 0.10982258419833313, 2, 2)
#     Time       Orderp
         0     0.108226
         1     0.108587
         2     0.109823
         3     0.109052
         4     0.108616
         5     0.112083
# Cycle: 628, status: BWI, move: ('tr', 0, 0, 0)
#     Time       Orderp
         0     0.112083
         1     0.108616
         2     0.109052
         3     0.109823
         4     0.108587
         5     0.108226
# Cycle: 629, status: BTL, move: ('sh', 0.10982258419833313, 2, 0)
#     Time       Orderp
         0     0.109823
         1     0.109495
         2     0.108844
         3     0.108575
         4     0.109595
         5     0.109859
         6     0.109071
         7     0.109140
         8     0.111658
         9     0.109224
        10     0.109189
# Cycle: 630, status: ACC, move: ('00', 0.10982258419833313, 2, 2)
#     Time       Orderp
         0     0.108226
         1     0.108587
         2     0.109823
         3     0.109052
         4     0.108616
         5     0.112083
# Cycle: 631, status: ACC, move: ('00', 0.10982258419833313, 2, 2)
#     Time       Orderp
         0     0.108226
         1     0.108587
         2     0.109823
         3     0.109052
         4     0.108616
         5     0.112083
# Cycle: 632, status: ACC, move: ('00', 0.10982258419833313, 2, 2)
#     Time       Orderp
         0     0.108226
         1     0.108587
         2     0.109823
         3     0.109052
         4     0.108616
         5     0.112083
# Cycle: 633, status: BWI, move: ('tr', 0, 0, 0)
#     Time       Orderp
         0     0.112083
         1     0.108616
         2     0.109052
         3     0.109823
         4     0.108587
         5     0.108226
# Cycle: 634, status: BWI, move: ('tr', 0, 0, 0)
#     Time       Orderp
         0     0.112083
         1     0.108616
         2     0.109052
         3     0.109823
         4     0.108587
         5     0.108226
# Cycle: 635, status: ACC, move: ('00', 0.10982258419833313, 2, 2)
#     Time       Orderp
         0     0.108226
         1     0.108587
         2     0.109823
         3     0.109052
         4     0.108616
         5     0.112083
# Cycle: 636, status: NCR, move: ('sh', 0.1085587398600405, 1, 4)
#     Time       Orderp
         0     0.108411
         1     0.108868
         2     0.109380
         3     0.108770
         4     0.108559
         5     0.108570
         6     0.109166
         7     0.108785
         8     0.109907
         9     0.108128
# Cycle: 637, status: ACC, move: ('00', 0.10982258419833313, 2, 2)
#     Time       Orderp
         0     0.108226
         1     0.108587
         2     0.109823
         3     0.109052
         4     0.108616
         5     0.112083
# Cycle: 638, status: ACC, move: ('s-', 0, 0, 0)
#     Time       Orderp
         0     0.108193
         1     0.109339
         2     0.111808
         3     0.109156
         4     0.109065
         5     0.108094
# Cycle: 639, status: ACC, move: ('s-', 0.10982258419833313, 2, 2)
#     Time       Orderp
         0     0.108226
         1     0.108587
         2     0.109823
         3     0.109052
         4     0.108616
         5     0.112083
# Cycle: 640, status: FTL, move: ('sh', 0.1092199615454976, 3, 6)
#     Time       Orderp
         0     0.108165
         1     0.108932
         2     0.109968
         3     0.109394
         4     0.109231
         5     0.109973
         6     0.109220
         7     0.109981
         8     0.108563
         9     0.108675
        10     0.108403
# Cycle: 641, status: ACC, move: ('00', 0.10982258419833313, 2, 2)
#     Time       Orderp
         0     0.108226
         1     0.108587
         2     0.109823
         3     0.109052
         4     0.108616
         5     0.112083
# Cycle: 642, status: NCR, move: ('sh', 0.1085587398600405, 1, 7)
#     Time       Orderp
         0     0.108425
         1     0.108761
         2     0.108661
         3     0.109128
         4     0.109403
         5     0.108891
         6     0.109369
         7     0.108559
         8     0.108419
# Cycle: 643, status: ACC, move: ('s-', 0, 0, 0)
#     Time       Orderp
         0     0.108193
         1     0.109339
         2     0.111808
         3     0.109156
         4     0.109065
         5     0.108094
# Cycle: 644, status: ACC, move: ('tr', 0, 0, 0)
#     Time       Orderp
         0     0.108094
         1     0.109065
         2     0.109156
         3     0.111808
         4     0.109339
         5     0.108193
# Cycle: 645, status: ACC, move: ('tr', 0, 0, 0)
#     Time       Orderp
         0     0.108193
         1     0.109339
         2     0.111808
         3     0.109156
         4     0.109065
         5     0.108094
# Cycle: 646, status: ACC, move: ('00', 0, 0, 0)
#     Time       Orderp
         0     0.108193
         1     0.109339
         2     0.111808
         3     0.109156
         4     0.109065
         5     0.108094
# Cycle: 647, status: ACC, move: ('tr', 0, 0, 0)
#     Time       Orderp
         0     0.108094
         1     0.109065
         2     0.109156
         3     0.111808
         4     0.109339
         5     0.108193
# Cycle: 648, status: ACC, move: ('tr', 0, 0, 0)
#     Time       Orderp
         0     0.108193
         1     0.109339
         2     0.111808
         3     0.109156
         4     0.109065
         5     0.108094
# Cycle: 649, status: ACC, move: ('tr', 0, 0, 0)
#     Time       Orderp
         0     0.108094
         1     0.109065
         2     0.109156
         3     0.111808
         4     0.109339
         5     0.108193
# Cycle: 650, status: ACC, move: ('s-', 0.10982258419833313, 2, 2)
#     Time       Orderp
         0     0.108226
         1     0.108587
         2     0.109823
         3     0.109052
         4     0.108616
         5     0.112083
# Cycle: 651, status: BWI, move: ('tr', 0, 0, 0)
#     Time       Orderp
         0     0.112083
         1     0.108616
         2     0.109052
         3     0.109823
         4     0.108587
         5     0.108226
# Cycle: 652, status: ACC, move: ('00', 0.10982258419833313, 2, 2)
#     Time       Orderp
         0     0.108226
         1     0.108587
         2     0.109823
         3     0.109052
         4     0.108616
         5     0.112083
# Cycle: 653, status: KOB, move: ('sh', 0.10841586599755607, 4, 0)
#     Time       Orderp
         0     0.108416
# Cycle: 654, status: ACC, move: ('00', 0.10982258419833313, 2, 2)
#     Time       Orderp
         0     0.108226
         1     0.108587
         2     0.109823
         3     0.109052
         4     0.108616
         5     0.112083
# Cycle: 655, status: NCR, move: ('sh', 0.1085587398600405, 1, 5)
#     Time       Orderp
         0     0.108241
         1     0.110083
         2     0.109544
         3     0.109004
         4     0.108810
         5     0.108559
         6     0.108237
# Cycle: 656, status: BWI, move: ('tr', 0, 0, 0)
#     Time       Orderp
         0     0.112083
         1     0.108616
         2     0.109052
         3     0.109823
         4     0.108587
         5     0.108226
# Cycle: 657, status: ACC, move: ('s-', 0, 0, 0)
#     Time       Orderp
         0     0.108094
         1     0.109065
         2     0.109156
         3     0.111808
         4     0.109339
         5     0.108193
# Cycle: 658, status: ACC, move: ('tr', 0, 0, 0)
#     Time       Orderp
         0     0.108193
         1     0.109339
         2     0.111808
         3     0.109156
         4     0.109065
         5     0.108094
# Cycle: 659, status: ACC, move: ('tr', 0, 0, 0)
#     Time       Orderp
         0     0.108094
         1     0.109065
         2     0.109156
         3     0.111808
         4     0.109339
         5     0.108193
# Cycle: 660, status: ACC, move: ('00', 0, 0, 0)
#     Time       Orderp
         0     0.108094
         1     0.109065
         2     0.109156
         3     0.111808
         4     0.109339
         5     0.108193
# Cycle: 661, status: ACC, move: ('00', 0, 0, 0)
#     Time       Orderp
         0     0.108094
         1     0.109065
         2     0.109156
         3     0.111808
         4     0.109339
         5     0.108193
# Cycle: 662, status: ACC, move: ('sh', 0.11180787092150518, 3, 1)
#     Time       Orderp
         0     0.108292
         1     0.111808
         2     0.108149
# Cycle: 663, status: ACC, move: ('tr', 0, 0, 0)
#     Time       Orderp
         0     0.108149
         1     0.111808
         2     0.108292
# Cycle: 664, status: BTL, move: ('sh', 0.11180787092150518, 1, 0)
#     Time       Orderp
         0     0.111808
         1     0.109867
         2     0.108238
# Cycle: 665, status: ACC, move: ('00', 0, 0, 0)
#     Time       Orderp
         0     0.108149
         1     0.111808
         2     0.108292
# Cycle: 666, status: BTL, move: ('sh', 0.11180787092150518, 1, 0)
#     Time       Orderp
         0     0.111808
         1     0.108672
         2     0.108190
# Cycle: 667, status: BTL, move: ('sh', 0.11180787092150518, 1, 0)
#     Time       Orderp
         0     0.111808
         1     0.108956
         2     0.108963
# Cycle: 668, status: ACC, move: ('00', 0, 0, 0)
#     Time       Orderp
         0     0.108149
         1     0.111808
         2     0.108292
# Cycle: 669, status: ACC, move: ('00', 0, 0, 0)
#     Time       Orderp
         0     0.108149
         1     0.111808
         2     0.108292
# Cycle: 670, status: ACC, move: ('tr', 0, 0, 0)
#     Time       Orderp
         0     0.108292
         1     0.111808
         2     0.108149
# Cycle: 671, status: ACC, move: ('s-', 0.10982258419833313, 2, 2)
#     Time       Orderp
         0     0.108226
         1     0.108587
         2     0.109823
         3     0.109052
         4     0.108616
         5     0.112083
# Cycle: 672, status: BWI, move: ('tr', 0, 0, 0)
#     Time       Orderp
         0     0.112083
         1     0.108616
         2     0.109052
         3     0.109823
         4     0.108587
         5     0.108226
# Cycle: 673, status: BTL, move: ('sh', 0.10982258419833313, 2, 0)
#     Time       Orderp
         0     0.109823
         1     0.109029
         2     0.110955
         3     0.108965
         4     0.109126
         5     0.108503
         6     0.108905
# Cycle: 674, status: BWI, move: ('tr', 0, 0, 0)
#     Time       Orderp
         0     0.112083
         1     0.108616
         2     0.109052
         3     0.109823
         4     0.108587
         5     0.108226
# Cycle: 675, status: ACC, move: ('s-', 0, 0, 0)
#     Time       Orderp
         0     0.108292
         1     0.111808
         2     0.108149
# Cycle: 676, status: ACC, move: ('tr', 0, 0, 0)
#     Time       Orderp
         0     0.108149
         1     0.111808
         2     0.108292
# Cycle: 677, status: ACC, move: ('tr', 0, 0, 0)
#     Time       Orderp
         0     0.108292
         1     0.111808
         2     0.108149
# Cycle: 678, status: ACC, move: ('tr', 0, 0, 0)
#     Time       Orderp
         0     0.108149
         1     0.111808
         2     0.108292
# Cycle: 679, status: ACC, move: ('s-', 0.10982258419833313, 2, 2)
#     Time       Orderp
         0     0.108226
         1     0.108587
         2     0.109823
         3     0.109052
         4     0.108616
         5     0.112083
# Cycle: 680, status: BWI, move: ('tr', 0, 0, 0)
#     Time       Orderp
         0     0.112083
         1     0.108616
         2     0.109052
         3     0.109823
         4     0.108587
         5     0.108226
# Cycle: 681, status: NCR, move: ('sh', 0.1092199615454976, 3, 2)
#     Time       Orderp
         0     0.108196
         1     0.110379
         2     0.109220
         3     0.110253
         4     0.108261
# Cycle: 682, status: BWI, move: ('tr', 0, 0, 0)
#     Time       Orderp
         0     0.112083
         1     0.108616
         2     0.109052
         3     0.109823
         4     0.108587
         5     0.108226
# Cycle: 683, status: KOB, move: ('sh', 0.10841586599755607, 4, 0)
#     Time       Orderp
         0     0.108416
# Cycle: 684, status: BWI, move: ('tr', 0, 0, 0)
#     Time       Orderp
         0     0.112083
         1     0.108616
         2     0.109052
         3     0.109823
         4     0.108587
         5     0.108226
# Cycle: 685, status: KOB, move: ('sh', 0.10841586599755607, 4, 0)
#     Time       Orderp
         0     0.108416
# Cycle: 686, status: ACC, move: ('00', 0.10982258419833313, 2, 2)
#     Time       Orderp
         0     0.108226
         1     0.108587
         2     0.109823
         3     0.109052
         4     0.108616
         5     0.112083
# Cycle: 687, status: NCR, move: ('sh', 0.10982258419833313, 2, 3)
#     Time       Orderp
         0     0.107985
         1     0.110245
         2     0.108882
         3     0.109823
         4     0.107638
# Cycle: 688, status: KOB, move: ('sh', 0.10841586599755607, 4, 0)
#     Time       Orderp
         0     0.108416
# Cycle: 689, status: ACC, move: ('s-', 0.11180787092150518, 3, 1)
#     Time       Orderp
         0     0.108107
         1     0.111808
         2     0.108504
         3     0.108550
         4     0.108409
# Cycle: 690, status: ACC, move: ('tr', 0, 0, 0)
#     Time       Orderp
         0     0.108409
         1     0.108550
         2     0.108504
         3     0.111808
         4     0.108107
# Cycle: 691, status: ACC, move: ('00', 0, 0, 0)
#     Time       Orderp
         0     0.108409
         1     0.108550
         2     0.108504
         3     0.111808
         4     0.108107
# Cycle: 692, status: ACC, move: ('tr', 0, 0, 0)
#     Time       Orderp
         0     0.108107
         1     0.111808
         2     0.108504
         3     0.108550
         4     0.108409
# Cycle: 693, status: NCR, move: ('sh', 0.10890821823902913, 2, 1)
#     Time       Orderp
         0     0.108121
         1     0.108908
         2     0.108566
         3     0.108437
# Cycle: 694, status: ACC, move: ('00', 0, 0, 0)
#     Time       Orderp
         0     0.108107
         1     0.111808
         2     0.108504
         3     0.108550
         4     0.108409
# Cycle: 695, status: BTL, move: ('sh', 0.10890821823902913, 2, 0)
#     Time       Orderp
         0     0.108908
         1     0.108549
         2     0.109533
         3     0.109768
# Cycle: 696, status: ACC, move: ('s-', 0.10982258419833313, 2, 2)
#     Time       Orderp
         0     0.108226
         1     0.108587
         2     0.109823
         3     0.109052
         4     0.108616
         5     0.112083
# Cycle: 697, status: NCR, move: ('sh', 0.1085587398600405, 1, 4)
#     Time       Orderp
         0     0.108306
         1     0.108809
         2     0.110128
         3     0.108984
         4     0.108559
         5     0.109598
         6     0.108541
         7     0.109330
         8     0.108134
# Cycle: 698, status: ACC, move: ('s-', 0, 0, 0)
#     Time       Orderp
         0     0.108107
         1     0.111808
         2     0.108504
         3     0.108550
         4     0.108409
# Cycle: 699, status: ACC, move: ('00', 0, 0, 0)
#     Time       Orderp
         0     0.108107
         1     0.111808
         2     0.108504
         3     0.108550
         4     0.108409
# Cycle: 700, status: ACC, move: ('tr', 0, 0, 0)
#     Time       Orderp
         0     0.108409
         1     0.108550
         2     0.108504
         3     0.111808
         4     0.108107
# Cycle: 701, status: ACC, move: ('tr', 0, 0, 0)
#     Time       Orderp
         0     0.108107
         1     0.111808
         2     0.108504
         3     0.108550
         4     0.108409
# Cycle: 702, status: ACC, move: ('s-', 0.10982258419833313, 2, 2)
#     Time       Orderp
         0     0.108226
         1     0.108587
         2     0.109823
         3     0.109052
         4     0.108616
         5     0.112083
# Cycle: 703, status: ACC, move: ('00', 0.10982258419833313, 2, 2)
#     Time       Orderp
         0     0.108226
         1     0.108587
         2     0.109823
         3     0.109052
         4     0.108616
         5     0.112083
# Cycle: 704, status: ACC, move: ('00', 0.10982258419833313, 2, 2)
#     Time       Orderp
         0     0.108226
         1     0.108587
         2     0.109823
         3     0.109052
         4     0.108616
         5     0.112083
# Cycle: 705, status: ACC, move: ('00', 0.10982258419833313, 2, 2)
#     Time       Orderp
         0     0.108226
         1     0.108587
         2     0.109823
         3     0.109052
         4     0.108616
         5     0.112083
# Cycle: 706, status: BWI, move: ('tr', 0, 0, 0)
#     Time       Orderp
         0     0.112083
         1     0.108616
         2     0.109052
         3     0.109823
         4     0.108587
         5     0.108226
# Cycle: 707, status: NCR, move: ('sh', 0.1085587398600405, 1, 1)
#     Time       Orderp
         0     0.107733
         1     0.108559
         2     0.109780
         3     0.108775
         4     0.108207
# Cycle: 708, status: ACC, move: ('s-', 0.11180787092150518, 3, 1)
#     Time       Orderp
         0     0.107969
         1     0.111808
         2     0.108319
# Cycle: 709, status: ACC, move: ('00', 0.11180787092150518, 3, 1)
#     Time       Orderp
         0     0.107969
         1     0.111808
         2     0.108319
# Cycle: 710, status: ACC, move: ('tr', 0, 0, 0)
#     Time       Orderp
         0     0.108319
         1     0.111808
         2     0.107969
# Cycle: 711, status: ACC, move: ('s-', 0.10982258419833313, 2, 2)
#     Time       Orderp
         0     0.108226
         1     0.108587
         2     0.109823
         3     0.109052
         4     0.108616
         5     0.112083
# Cycle: 712, status: ACC, move: ('00', 0.10982258419833313, 2, 2)
#     Time       Orderp
         0     0.108226
         1     0.108587
         2     0.109823
         3     0.109052
         4     0.108616
         5     0.112083
# Cycle: 713, status: ACC, move: ('s-', 0, 0, 0)
#     Time       Orderp
         0     0.108319
         1     0.111808
         2     0.107969
# Cycle: 714, status: ACC, move: ('00', 0, 0, 0)
#     Time       Orderp
         0     0.108319
         1     0.111808
         2     0.107969
# Cycle: 715, status: BTL, move: ('sh', 0.11180787092150518, 1, 0)
#     Time       Orderp
         0     0.111808
         1     0.109696
         2     0.108858
# Cycle: 716, status: BTL, move: ('sh', 0.11180787092150518, 1, 0)
#     Time       Orderp
         0     0.111808
         1     0.108106
# Cycle: 717, status: ACC, move: ('tr', 0, 0, 0)
#     Time       Orderp
         0     0.107969
         1     0.111808
         2     0.108319
# Cycle: 718, status: BTL, move: ('sh', 0.11180787092150518, 1, 0)
#     Time       Orderp
         0     0.111808
         1     0.108488
# Cycle: 719, status: ACC, move: ('tr', 0, 0, 0)
#     Time       Orderp
         0     0.108319
         1     0.111808
         2     0.107969
# Cycle: 720, status: BTL, move: ('sh', 0.11180787092150518, 1, 0)
#     Time       Orderp
         0     0.111808
         1     0.109000
# Cycle: 721, status: ACC, move: ('tr', 0, 0, 0)
#     Time       Orderp
         0     0.107969
         1     0.111808
         2     0.108319
# Cycle: 722, status: BTL, move: ('sh', 0.11180787092150518, 1, 0)
#     Time       Orderp
         0     0.111808
         1     0.109726
# Cycle: 723, status: ACC, move: ('00', 0, 0, 0)
#     Time       Orderp
         0     0.107969
         1     0.111808
         2     0.108319
# Cycle: 724, status: ACC, move: ('sh', 0.11180787092150518, 1, 2)
#     Time       Orderp
         0     0.108094
         1     0.109216
         2     0.111808
         3     0.108747
         4     0.108744
         5     0.110554
         6     0.111083
         7     0.108120
# Cycle: 725, status: NCR, move: ('sh', 0.10856334556377675, 4, 3)
#     Time       Orderp
         0     0.108305
         1     0.110115
         2     0.108897
         3     0.108563
         4     0.109063
         5     0.108797
         6     0.108873
         7     0.109433
         8     0.108495
# Cycle: 726, status: ACC, move: ('s-', 0.10982258419833313, 2, 2)
#     Time       Orderp
         0     0.108226
         1     0.108587
         2     0.109823
         3     0.109052
         4     0.108616
         5     0.112083
# Cycle: 727, status: ACC, move: ('s-', 0.11180787092150518, 1, 2)
#     Time       Orderp
         0     0.108094
         1     0.109216
         2     0.111808
         3     0.108747
         4     0.108744
         5     0.110554
         6     0.111083
         7     0.108120
# Cycle: 728, status: ACC, move: ('00', 0.11180787092150518, 1, 2)
#     Time       Orderp
         0     0.108094
         1     0.109216
         2     0.111808
         3     0.108747
         4     0.108744
         5     0.110554
         6     0.111083
         7     0.108120
# Cycle: 729, status: ACC, move: ('tr', 0, 0, 0)
#     Time       Orderp
         0     0.108120
         1     0.111083
         2     0.110554
         3     0.108744
         4     0.108747
         5     0.111808
         6     0.109216
         7     0.108094
# Cycle: 730, status: ACC, move: ('s-', 0.10982258419833313, 2, 2)
#     Time       Orderp
         0     0.108226
         1     0.108587
         2     0.109823
         3     0.109052
         4     0.108616
         5     0.112083
# Cycle: 731, status: NCR, move: ('sh', 0.1092199615454976, 3, 1)
#     Time       Orderp
         0     0.108253
         1     0.109220
         2     0.108035
# Cycle: 732, status: ACC, move: ('s-', 0.11180787092150518, 5, 5)
#     Time       Orderp
         0     0.108354
         1     0.109179
         2     0.109166
         3     0.110158
         4     0.108615
         5     0.111808
         6     0.110896
         7     0.108759
         8     0.110021
         9     0.109514
        10     0.108276
# Cycle: 733, status: ACC, move: ('00', 0.11180787092150518, 5, 5)
#     Time       Orderp
         0     0.108354
         1     0.109179
         2     0.109166
         3     0.110158
         4     0.108615
         5     0.111808
         6     0.110896
         7     0.108759
         8     0.110021
         9     0.109514
        10     0.108276
# Cycle: 734, status: NCR, move: ('sh', 0.1098817546274176, 2, 4)
#     Time       Orderp
         0     0.107855
         1     0.108996
         2     0.110130
         3     0.109026
         4     0.109882
         5     0.108314
# Cycle: 735, status: ACC, move: ('tr', 0, 0, 0)
#     Time       Orderp
         0     0.108276
         1     0.109514
         2     0.110021
         3     0.108759
         4     0.110896
         5     0.111808
         6     0.108615
         7     0.110158
         8     0.109166
         9     0.109179
        10     0.108354
# Cycle: 736, status: ACC, move: ('tr', 0, 0, 0)
#     Time       Orderp
         0     0.108354
         1     0.109179
         2     0.109166
         3     0.110158
         4     0.108615
         5     0.111808
         6     0.110896
         7     0.108759
         8     0.110021
         9     0.109514
        10     0.108276
# Cycle: 737, status: NCR, move: ('sh', 0.10879797792238609, 7, 1)
#     Time       Orderp
         0     0.107774
         1     0.108798
         2     0.108600
         3     0.108598
         4     0.107823
# Cycle: 738, status: ACC, move: ('s-', 0.10982258419833313, 2, 2)
#     Time       Orderp
         0     0.108226
         1     0.108587
         2     0.109823
         3     0.109052
         4     0.108616
         5     0.112083
# Cycle: 739, status: ACC, move: ('s-', 0, 0, 0)
#     Time       Orderp
         0     0.108354
         1     0.109179
         2     0.109166
         3     0.110158
         4     0.108615
         5     0.111808
         6     0.110896
         7     0.108759
         8     0.110021
         9     0.109514
        10     0.108276
# Cycle: 740, status: BTL, move: ('sh', 0.10929318368498549, 9, 0)
#     Time       Orderp
         0     0.109293
         1     0.109089
         2     0.109346
         3     0.109768
         4     0.108936
         5     0.108973
         6     0.108987
         7     0.109172
         8     0.110336
         9     0.109113
        10     0.109246
# Cycle: 741, status: ACC, move: ('00', 0, 0, 0)
#     Time       Orderp
         0     0.108354
         1     0.109179
         2     0.109166
         3     0.110158
         4     0.108615
         5     0.111808
         6     0.110896
         7     0.108759
         8     0.110021
         9     0.109514
        10     0.108276
# Cycle: 742, status: ACC, move: ('s-', 0.10982258419833313, 2, 2)
#     Time       Orderp
         0     0.108226
         1     0.108587
         2     0.109823
         3     0.109052
         4     0.108616
         5     0.112083
# Cycle: 743, status: ACC, move: ('s-', 0, 0, 0)
#     Time       Orderp
         0     0.108354
         1     0.109179
         2     0.109166
         3     0.110158
         4     0.108615
         5     0.111808
         6     0.110896
         7     0.108759
         8     0.110021
         9     0.109514
        10     0.108276
# Cycle: 744, status: ACC, move: ('tr', 0, 0, 0)
#     Time       Orderp
         0     0.108276
         1     0.109514
         2     0.110021
         3     0.108759
         4     0.110896
         5     0.111808
         6     0.108615
         7     0.110158
         8     0.109166
         9     0.109179
        10     0.108354
# Cycle: 745, status: ACC, move: ('s-', 0.10982258419833313, 2, 2)
#     Time       Orderp
         0     0.108226
         1     0.108587
         2     0.109823
         3     0.109052
         4     0.108616
         5     0.112083
# Cycle: 746, status: BTL, move: ('sh', 0.1092199615454976, 3, 0)
#     Time       Orderp
         0     0.109220
         1     0.108741
         2     0.110103
         3     0.108586
         4     0.108748
         5     0.109438
         6     0.108922
# Cycle: 747, status: FTL, move: ('sh', 0.1085587398600405, 1, 2)
#     Time       Orderp
         0     0.108493
         1     0.109055
         2     0.108559
         3     0.108916
         4     0.108613
         5     0.109407
# Cycle: 748, status: ACC, move: ('s-', 0, 0, 0)
#     Time       Orderp
         0     0.108276
         1     0.109514
         2     0.110021
         3     0.108759
         4     0.110896
         5     0.111808
         6     0.108615
         7     0.110158
         8     0.109166
         9     0.109179
        10     0.108354
# Cycle: 749, status: ACC, move: ('s-', 0.10982258419833313, 2, 2)
#     Time       Orderp
         0     0.108226
         1     0.108587
         2     0.109823
         3     0.109052
         4     0.108616
         5     0.112083
# Cycle: 750, status: BWI, move: ('tr', 0, 0, 0)
#     Time       Orderp
         0     0.112083
         1     0.108616
         2     0.109052
         3     0.109823
         4     0.108587
         5     0.108226
# Cycle: 751, status: ACC, move: ('s-', 0, 0, 0)
#     Time       Orderp
         0     0.108354
         1     0.109179
         2     0.109166
         3     0.110158
         4     0.108615
         5     0.111808
         6     0.110896
         7     0.108759
         8     0.110021
         9     0.109514
        10     0.108276
# Cycle: 752, status: NCR, move: ('sh', 0.10929318368498549, 9, 2)
#     Time       Orderp
         0     0.108105
         1     0.110744
         2     0.109293
         3     0.108229
# Cycle: 753, status: ACC, move: ('s-', 0.10982258419833313, 2, 2)
#     Time       Orderp
         0     0.108226
         1     0.108587
         2     0.109823
         3     0.109052
         4     0.108616
         5     0.112083
# Cycle: 754, status: ACC, move: ('00', 0.10982258419833313, 2, 2)
#     Time       Orderp
         0     0.108226
         1     0.108587
         2     0.109823
         3     0.109052
         4     0.108616
         5     0.112083
# Cycle: 755, status: ACC, move: ('00', 0.10982258419833313, 2, 2)
#     Time       Orderp
         0     0.108226
         1     0.108587
         2     0.109823
         3     0.109052
         4     0.108616
         5     0.112083
# Cycle: 756, status: ACC, move: ('00', 0.10982258419833313, 2, 2)
#     Time       Orderp
         0     0.108226
         1     0.108587
         2     0.109823
         3     0.109052
         4     0.108616
         5     0.112083
# Cycle: 757, status: ACC, move: ('00', 0.10982258419833313, 2, 2)
#     Time       Orderp
         0     0.108226
         1     0.108587
         2     0.109823
         3     0.109052
         4     0.108616
         5     0.112083
# Cycle: 758, status: ACC, move: ('00', 0.10982258419833313, 2, 2)
#     Time       Orderp
         0     0.108226
         1     0.108587
         2     0.109823
         3     0.109052
         4     0.108616
         5     0.112083
# Cycle: 759, status: NCR, move: ('sh', 0.1092199615454976, 3, 5)
#     Time       Orderp
         0     0.108413
         1     0.111403
         2     0.109012
         3     0.110000
         4     0.108527
         5     0.109220
         6     0.108586
         7     0.107687
# Cycle: 760, status: ACC, move: ('00', 0.10982258419833313, 2, 2)
#     Time       Orderp
         0     0.108226
         1     0.108587
         2     0.109823
         3     0.109052
         4     0.108616
         5     0.112083
# Cycle: 761, status: NCR, move: ('sh', 0.10982258419833313, 2, 3)
#     Time       Orderp
         0     0.108438
         1     0.109485
         2     0.108520
         3     0.109823
         4     0.109195
         5     0.108486
# Cycle: 762, status: NCR, move: ('sh', 0.1085587398600405, 1, 1)
#     Time       Orderp
         0     0.108306
         1     0.108559
         2     0.108710
         3     0.108498
# Cycle: 763, status: NCR, move: ('sh', 0.1085587398600405, 1, 4)
#     Time       Orderp
         0     0.108341
         1     0.109054
         2     0.109479
         3     0.109766
         4     0.108559
         5     0.108260
# Cycle: 764, status: ACC, move: ('s-', 0, 0, 0)
#     Time       Orderp
         0     0.108354
         1     0.109179
         2     0.109166
         3     0.110158
         4     0.108615
         5     0.111808
         6     0.110896
         7     0.108759
         8     0.110021
         9     0.109514
        10     0.108276
# Cycle: 765, status: ACC, move: ('s-', 0.10982258419833313, 2, 2)
#     Time       Orderp
         0     0.108226
         1     0.108587
         2     0.109823
         3     0.109052
         4     0.108616
         5     0.112083
# Cycle: 766, status: BWI, move: ('tr', 0, 0, 0)
#     Time       Orderp
         0     0.112083
         1     0.108616
         2     0.109052
         3     0.109823
         4     0.108587
         5     0.108226
# Cycle: 767, status: ACC, move: ('s-', 0, 0, 0)
#     Time       Orderp
         0     0.108276
         1     0.109514
         2     0.110021
         3     0.108759
         4     0.110896
         5     0.111808
         6     0.108615
         7     0.110158
         8     0.109166
         9     0.109179
        10     0.108354
# Cycle: 768, status: ACC, move: ('s-', 0.10982258419833313, 2, 2)
#     Time       Orderp
         0     0.108226
         1     0.108587
         2     0.109823
         3     0.109052
         4     0.108616
         5     0.112083
# Cycle: 769, status: ACC, move: ('s-', 0, 0, 0)
#     Time       Orderp
         0     0.108276
         1     0.109514
         2     0.110021
         3     0.108759
         4     0.110896
         5     0.111808
         6     0.108615
         7     0.110158
         8     0.109166
         9     0.109179
        10     0.108354
# Cycle: 770, status: ACC, move: ('s-', 0.10982258419833313, 2, 2)
#     Time       Orderp
         0     0.108226
         1     0.108587
         2     0.109823
         3     0.109052
         4     0.108616
         5     0.112083
# Cycle: 771, status: ACC, move: ('00', 0.10982258419833313, 2, 2)
#     Time       Orderp
         0     0.108226
         1     0.108587
         2     0.109823
         3     0.109052
         4     0.108616
         5     0.112083
# Cycle: 772, status: NCR, move: ('sh', 0.1092199615454976, 3, 1)
#     Time       Orderp
         0     0.108008
         1     0.109220
         2     0.108537
         3     0.109147
         4     0.108180
# Cycle: 773, status: ACC, move: ('s-', 0.11180787092150518, 5, 7)
#     Time       Orderp
         0     0.108416
         1     0.109181
         2     0.108689
         3     0.108617
         4     0.108766
         5     0.108600
         6     0.109602
         7     0.111808
         8     0.108239
# Cycle: 774, status: ACC, move: ('00', 0.11180787092150518, 5, 7)
#     Time       Orderp
         0     0.108416
         1     0.109181
         2     0.108689
         3     0.108617
         4     0.108766
         5     0.108600
         6     0.109602
         7     0.111808
         8     0.108239
# Cycle: 775, status: ACC, move: ('s-', 0.10982258419833313, 2, 2)
#     Time       Orderp
         0     0.108226
         1     0.108587
         2     0.109823
         3     0.109052
         4     0.108616
         5     0.112083
# Cycle: 776, status: ACC, move: ('s-', 0.11180787092150518, 5, 7)
#     Time       Orderp
         0     0.108416
         1     0.109181
         2     0.108689
         3     0.108617
         4     0.108766
         5     0.108600
         6     0.109602
         7     0.111808
         8     0.108239
# Cycle: 777, status: ACC, move: ('tr', 0, 0, 0)
#     Time       Orderp
         0     0.108239
         1     0.111808
         2     0.109602
         3     0.108600
         4     0.108766
         5     0.108617
         6     0.108689
         7     0.109181
         8     0.108416
# Cycle: 778, status: ACC, move: ('s-', 0.10982258419833313, 2, 2)
#     Time       Orderp
         0     0.108226
         1     0.108587
         2     0.109823
         3     0.109052
         4     0.108616
         5     0.112083
# Cycle: 779, status: ACC, move: ('00', 0.10982258419833313, 2, 2)
#     Time       Orderp
         0     0.108226
         1     0.108587
         2     0.109823
         3     0.109052
         4     0.108616
         5     0.112083
# Cycle: 780, status: ACC, move: ('00', 0.10982258419833313, 2, 2)
#     Time       Orderp
         0     0.108226
         1     0.108587
         2     0.109823
         3     0.109052
         4     0.108616
         5     0.112083
# Cycle: 781, status: BWI, move: ('tr', 0, 0, 0)
#     Time       Orderp
         0     0.112083
         1     0.108616
         2     0.109052
         3     0.109823
         4     0.108587
         5     0.108226
# Cycle: 782, status: ACC, move: ('00', 0.10982258419833313, 2, 2)
#     Time       Orderp
         0     0.108226
         1     0.108587
         2     0.109823
         3     0.109052
         4     0.108616
         5     0.112083
# Cycle: 783, status: BWI, move: ('tr', 0, 0, 0)
#     Time       Orderp
         0     0.112083
         1     0.108616
         2     0.109052
         3     0.109823
         4     0.108587
         5     0.108226
# Cycle: 784, status: BWI, move: ('tr', 0, 0, 0)
#     Time       Orderp
         0     0.112083
         1     0.108616
         2     0.109052
         3     0.109823
         4     0.108587
         5     0.108226
# Cycle: 785, status: ACC, move: ('s-', 0, 0, 0)
#     Time       Orderp
         0     0.108416
         1     0.109181
         2     0.108689
         3     0.108617
         4     0.108766
         5     0.108600
         6     0.109602
         7     0.111808
         8     0.108239
# Cycle: 786, status: ACC, move: ('sh', 0.11180787092150518, 7, 1)
#     Time       Orderp
         0     0.108082
         1     0.111808
         2     0.109196
         3     0.109949
         4     0.107914
# Cycle: 787, status: ACC, move: ('00', 0.11180787092150518, 7, 1)
#     Time       Orderp
         0     0.108082
         1     0.111808
         2     0.109196
         3     0.109949
         4     0.107914
# Cycle: 788, status: ACC, move: ('00', 0.11180787092150518, 7, 1)
#     Time       Orderp
         0     0.108082
         1     0.111808
         2     0.109196
         3     0.109949
         4     0.107914
# Cycle: 789, status: ACC, move: ('s-', 0.10982258419833313, 2, 2)
#     Time       Orderp
         0     0.108226
         1     0.108587
         2     0.109823
         3     0.109052
         4     0.108616
         5     0.112083
# Cycle: 790, status: BWI, move: ('tr', 0, 0, 0)
#     Time       Orderp
         0     0.112083
         1     0.108616
         2     0.109052
         3     0.109823
         4     0.108587
         5     0.108226
# Cycle: 791, status: NCR, move: ('sh', 0.1092199615454976, 3, 4)
#     Time       Orderp
         0     0.107996
         1     0.109664
         2     0.108902
         3     0.108531
         4     0.109220
         5     0.110052
         6     0.108305
# Cycle: 792, status: BWI, move: ('tr', 0, 0, 0)
#     Time       Orderp
         0     0.112083
         1     0.108616
         2     0.109052
         3     0.109823
         4     0.108587
         5     0.108226
# Cycle: 793, status: ACC, move: ('s-', 0, 0, 0)
#     Time       Orderp
         0     0.108082
         1     0.111808
         2     0.109196
         3     0.109949
         4     0.107914
# Cycle: 794, status: ACC, move: ('00', 0, 0, 0)
#     Time       Orderp
         0     0.108082
         1     0.111808
         2     0.109196
         3     0.109949
         4     0.107914
# Cycle: 795, status: ACC, move: ('00', 0, 0, 0)
#     Time       Orderp
         0     0.108082
         1     0.111808
         2     0.109196
         3     0.109949
         4     0.107914
# Cycle: 796, status: ACC, move: ('tr', 0, 0, 0)
#     Time       Orderp
         0     0.107914
         1     0.109949
         2     0.109196
         3     0.111808
         4     0.108082
# Cycle: 797, status: ACC, move: ('tr', 0, 0, 0)
#     Time       Orderp
         0     0.108082
         1     0.111808
         2     0.109196
         3     0.109949
         4     0.107914
# Cycle: 798, status: ACC, move: ('tr', 0, 0, 0)
#     Time       Orderp
         0     0.107914
         1     0.109949
         2     0.109196
         3     0.111808
         4     0.108082
# Cycle: 799, status: ACC, move: ('tr', 0, 0, 0)
#     Time       Orderp
         0     0.108082
         1     0.111808
         2     0.109196
         3     0.109949
         4     0.107914
# Cycle: 800, status: ACC, move: ('00', 0, 0, 0)
#     Time       Orderp
         0     0.108082
         1     0.111808
         2     0.109196
         3     0.109949
         4     0.107914
# Cycle: 801, status: BTL, move: ('sh', 0.10933892262136119, 2, 0)
#     Time       Orderp
         0     0.109339
         1     0.110076
         2     0.109267
         3     0.108364
# Cycle: 802, status: ACC, move: ('tr', 0, 0, 0)
#     Time       Orderp
         0     0.107914
         1     0.109949
         2     0.109196
         3     0.111808
         4     0.108082
# Cycle: 803, status: ACC, move: ('00', 0, 0, 0)
#     Time       Orderp
         0     0.107914
         1     0.109949
         2     0.109196
         3     0.111808
         4     0.108082
# Cycle: 804, status: ACC, move: ('00', 0, 0, 0)
#     Time       Orderp
         0     0.107914
         1     0.109949
         2     0.109196
         3     0.111808
         4     0.108082
# Cycle: 805, status: NCR, move: ('sh', 0.10933892262136119, 2, 1)
#     Time       Orderp
         0     0.108371
         1     0.109339
         2     0.108640
         3     0.108515
         4     0.108860
         5     0.108662
         6     0.108253
# Cycle: 806, status: ACC, move: ('s-', 0.10982258419833313, 2, 2)
#     Time       Orderp
         0     0.108226
         1     0.108587
         2     0.109823
         3     0.109052
         4     0.108616
         5     0.112083
# Cycle: 807, status: BTL, move: ('sh', 0.1085587398600405, 1, 0)
#     Time       Orderp
         0     0.108559
         1     0.108589
         2     0.110312
         3     0.109571
         4     0.109260
         5     0.109013
         6     0.109398
         7     0.108539
         8     0.108661
         9     0.111082
# Cycle: 808, status: BWI, move: ('tr', 0, 0, 0)
#     Time       Orderp
         0     0.112083
         1     0.108616
         2     0.109052
         3     0.109823
         4     0.108587
         5     0.108226
# Cycle: 809, status: ACC, move: ('s-', 0, 0, 0)
#     Time       Orderp
         0     0.108082
         1     0.111808
         2     0.109196
         3     0.109949
         4     0.107914
# Cycle: 810, status: ACC, move: ('tr', 0, 0, 0)
#     Time       Orderp
         0     0.107914
         1     0.109949
         2     0.109196
         3     0.111808
         4     0.108082
# Cycle: 811, status: ACC, move: ('00', 0, 0, 0)
#     Time       Orderp
         0     0.107914
         1     0.109949
         2     0.109196
         3     0.111808
         4     0.108082
# Cycle: 812, status: ACC, move: ('00', 0, 0, 0)
#     Time       Orderp
         0     0.107914
         1     0.109949
         2     0.109196
         3     0.111808
         4     0.108082
# Cycle: 813, status: ACC, move: ('tr', 0, 0, 0)
#     Time       Orderp
         0     0.108082
         1     0.111808
         2     0.109196
         3     0.109949
         4     0.107914
# Cycle: 814, status: BTL, move: ('sh', 0.10967679791095297, 3, 0)
#     Time       Orderp
         0     0.109677
         1     0.108779
         2     0.108808
         3     0.109377
         4     0.108885
         5     0.109237
         6     0.110183
# Cycle: 815, status: ACC, move: ('tr', 0, 0, 0)
#     Time       Orderp
         0     0.107914
         1     0.109949
         2     0.109196
         3     0.111808
         4     0.108082
# Cycle: 816, status: ACC, move: ('tr', 0, 0, 0)
#     Time       Orderp
         0     0.108082
         1     0.111808
         2     0.109196
         3     0.109949
         4     0.107914
# Cycle: 817, status: ACC, move: ('s-', 0.10982258419833313, 2, 2)
#     Time       Orderp
         0     0.108226
         1     0.108587
         2     0.109823
         3     0.109052
         4     0.108616
         5     0.112083
# Cycle: 818, status: BWI, move: ('tr', 0, 0, 0)
#     Time       Orderp
         0     0.112083
         1     0.108616
         2     0.109052
         3     0.109823
         4     0.108587
         5     0.108226
# Cycle: 819, status: ACC, move: ('s-', 0, 0, 0)
#     Time       Orderp
         0     0.107914
         1     0.109949
         2     0.109196
         3     0.111808
         4     0.108082
# Cycle: 820, status: ACC, move: ('00', 0, 0, 0)
#     Time       Orderp
         0     0.107914
         1     0.109949
         2     0.109196
         3     0.111808
         4     0.108082
# Cycle: 821, status: ACC, move: ('tr', 0, 0, 0)
#     Time       Orderp
         0     0.108082
         1     0.111808
         2     0.109196
         3     0.109949
         4     0.107914
# Cycle: 822, status: ACC, move: ('s-', 0.10982258419833313, 2, 2)
#     Time       Orderp
         0     0.108226
         1     0.108587
         2     0.109823
         3     0.109052
         4     0.108616
         5     0.112083
# Cycle: 823, status: BWI, move: ('tr', 0, 0, 0)
#     Time       Orderp
         0     0.112083
         1     0.108616
         2     0.109052
         3     0.109823
         4     0.108587
         5     0.108226
# Cycle: 824, status: BWI, move: ('tr', 0, 0, 0)
#     Time       Orderp
         0     0.112083
         1     0.108616
         2     0.109052
         3     0.109823
         4     0.108587
         5     0.108226
# Cycle: 825, status: BWI, move: ('tr', 0, 0, 0)
#     Time       Orderp
         0     0.112083
         1     0.108616
         2     0.109052
         3     0.109823
         4     0.108587
         5     0.108226
# Cycle: 826, status: ACC, move: ('s-', 0, 0, 0)
#     Time       Orderp
         0     0.107914
         1     0.109949
         2     0.109196
         3     0.111808
         4     0.108082
# Cycle: 827, status: ACC, move: ('s-', 0.10982258419833313, 2, 2)
#     Time       Orderp
         0     0.108226
         1     0.108587
         2     0.109823
         3     0.109052
         4     0.108616
         5     0.112083
# Cycle: 828, status: ACC, move: ('s-', 0, 0, 0)
#     Time       Orderp
         0     0.107914
         1     0.109949
         2     0.109196
         3     0.111808
         4     0.108082
# Cycle: 829, status: ACC, move: ('tr', 0, 0, 0)
#     Time       Orderp
         0     0.108082
         1     0.111808
         2     0.109196
         3     0.109949
         4     0.107914
# Cycle: 830, status: ACC, move: ('tr', 0, 0, 0)
#     Time       Orderp
         0     0.107914
         1     0.109949
         2     0.109196
         3     0.111808
         4     0.108082
# Cycle: 831, status: ACC, move: ('tr', 0, 0, 0)
#     Time       Orderp
         0     0.108082
         1     0.111808
         2     0.109196
         3     0.109949
         4     0.107914
# Cycle: 832, status: NCR, move: ('sh', 0.10933892262136119, 2, 3)
#     Time       Orderp
         0     0.107969
         1     0.108629
         2     0.109268
         3     0.109339
         4     0.109198
         5     0.108945
         6     0.108298
# Cycle: 833, status: NCR, move: ('sh', 0.10967679791095297, 3, 2)
#     Time       Orderp
         0     0.108182
         1     0.109075
         2     0.109677
         3     0.108862
         4     0.107709
# Cycle: 834, status: FTL, move: ('sh', 0.11180787092150518, 1, 3)
#     Time       Orderp
         0     0.108071
         1     0.109025
         2     0.109673
         3     0.111808
         4     0.109330
         5     0.108880
         6     0.108530
         7     0.108533
         8     0.108285
# Cycle: 835, status: ACC, move: ('tr', 0, 0, 0)
#     Time       Orderp
         0     0.107914
         1     0.109949
         2     0.109196
         3     0.111808
         4     0.108082
# Cycle: 836, status: ACC, move: ('tr', 0, 0, 0)
#     Time       Orderp
         0     0.108082
         1     0.111808
         2     0.109196
         3     0.109949
         4     0.107914
# Cycle: 837, status: ACC, move: ('sh', 0.11180787092150518, 1, 8)
#     Time       Orderp
         0     0.108014
         1     0.108550
         2     0.108849
         3     0.109082
         4     0.108911
         5     0.109256
         6     0.109272
         7     0.108959
         8     0.111808
         9     0.109046
        10     0.110248
        11     0.108437
# Cycle: 838, status: ACC, move: ('s-', 0.10982258419833313, 2, 2)
#     Time       Orderp
         0     0.108226
         1     0.108587
         2     0.109823
         3     0.109052
         4     0.108616
         5     0.112083
# Cycle: 839, status: ACC, move: ('s-', 0.11180787092150518, 1, 8)
#     Time       Orderp
         0     0.108014
         1     0.108550
         2     0.108849
         3     0.109082
         4     0.108911
         5     0.109256
         6     0.109272
         7     0.108959
         8     0.111808
         9     0.109046
        10     0.110248
        11     0.108437
# Cycle: 840, status: ACC, move: ('tr', 0, 0, 0)
#     Time       Orderp
         0     0.108437
         1     0.110248
         2     0.109046
         3     0.111808
         4     0.108959
         5     0.109272
         6     0.109256
         7     0.108911
         8     0.109082
         9     0.108849
        10     0.108550
        11     0.108014
# Cycle: 841, status: ACC, move: ('s-', 0.10982258419833313, 2, 2)
#     Time       Orderp
         0     0.108226
         1     0.108587
         2     0.109823
         3     0.109052
         4     0.108616
         5     0.112083
# Cycle: 842, status: FTL, move: ('sh', 0.1092199615454976, 3, 1)
#     Time       Orderp
         0     0.108237
         1     0.109220
         2     0.108844
         3     0.108520
         4     0.109633
         5     0.108927
# Cycle: 843, status: BWI, move: ('tr', 0, 0, 0)
#     Time       Orderp
         0     0.112083
         1     0.108616
         2     0.109052
         3     0.109823
         4     0.108587
         5     0.108226
# Cycle: 844, status: NCR, move: ('sh', 0.1085587398600405, 1, 3)
#     Time       Orderp
         0     0.107959
         1     0.108880
         2     0.108615
         3     0.108559
         4     0.108109
# Cycle: 845, status: BWI, move: ('tr', 0, 0, 0)
#     Time       Orderp
         0     0.112083
         1     0.108616
         2     0.109052
         3     0.109823
         4     0.108587
         5     0.108226
# Cycle: 846, status: ACC, move: ('00', 0.10982258419833313, 2, 2)
#     Time       Orderp
         0     0.108226
         1     0.108587
         2     0.109823
         3     0.109052
         4     0.108616
         5     0.112083
# Cycle: 847, status: BWI, move: ('tr', 0, 0, 0)
#     Time       Orderp
         0     0.112083
         1     0.108616
         2     0.109052
         3     0.109823
         4     0.108587
         5     0.108226
# Cycle: 848, status: KOB, move: ('sh', 0.10841586599755607, 4, 0)
#     Time       Orderp
         0     0.108416
# Cycle: 849, status: BWI, move: ('tr', 0, 0, 0)
#     Time       Orderp
         0     0.112083
         1     0.108616
         2     0.109052
         3     0.109823
         4     0.108587
         5     0.108226
# Cycle: 850, status: ACC, move: ('00', 0.10982258419833313, 2, 2)
#     Time       Orderp
         0     0.108226
         1     0.108587
         2     0.109823
         3     0.109052
         4     0.108616
         5     0.112083
# Cycle: 851, status: ACC, move: ('s-', 0, 0, 0)
#     Time       Orderp
         0     0.108437
         1     0.110248
         2     0.109046
         3     0.111808
         4     0.108959
         5     0.109272
         6     0.109256
         7     0.108911
         8     0.109082
         9     0.108849
        10     0.108550
        11     0.108014
# Cycle: 852, status: NCR, move: ('sh', 0.1089770618066023, 9, 5)
#     Time       Orderp
         0     0.108151
         1     0.108823
         2     0.108528
         3     0.108538
         4     0.108955
         5     0.108977
         6     0.108554
         7     0.108059
# Cycle: 853, status: NCR, move: ('sh', 0.10948972554536765, 5, 4)
#     Time       Orderp
         0     0.108490
         1     0.108902
         2     0.110700
         3     0.110391
         4     0.109489
         5     0.109634
         6     0.109068
         7     0.109170
         8     0.108620
         9     0.110417
        10     0.108453
# Cycle: 854, status: ACC, move: ('tr', 0, 0, 0)
#     Time       Orderp
         0     0.108014
         1     0.108550
         2     0.108849
         3     0.109082
         4     0.108911
         5     0.109256
         6     0.109272
         7     0.108959
         8     0.111808
         9     0.109046
        10     0.110248
        11     0.108437
# Cycle: 855, status: ACC, move: ('s-', 0.10982258419833313, 2, 2)
#     Time       Orderp
         0     0.108226
         1     0.108587
         2     0.109823
         3     0.109052
         4     0.108616
         5     0.112083
# Cycle: 856, status: KOB, move: ('sh', 0.10841586599755607, 4, 0)
#     Time       Orderp
         0     0.108416
# Cycle: 857, status: BWI, move: ('tr', 0, 0, 0)
#     Time       Orderp
         0     0.112083
         1     0.108616
         2     0.109052
         3     0.109823
         4     0.108587
         5     0.108226
# Cycle: 858, status: ACC, move: ('s-', 0, 0, 0)
#     Time       Orderp
         0     0.108437
         1     0.110248
         2     0.109046
         3     0.111808
         4     0.108959
         5     0.109272
         6     0.109256
         7     0.108911
         8     0.109082
         9     0.108849
        10     0.108550
        11     0.108014
# Cycle: 859, status: ACC, move: ('sh', 0.11180787092150518, 3, 7)
#     Time       Orderp
         0     0.108306
         1     0.110858
         2     0.108971
         3     0.110149
         4     0.108924
         5     0.109038
         6     0.108882
         7     0.111808
         8     0.109204
         9     0.108571
        10     0.109545
        11     0.110109
        12     0.108966
        13     0.107851
# Cycle: 860, status: ACC, move: ('s-', 0.10982258419833313, 2, 2)
#     Time       Orderp
         0     0.108226
         1     0.108587
         2     0.109823
         3     0.109052
         4     0.108616
         5     0.112083
# Cycle: 861, status: ACC, move: ('s-', 0.11180787092150518, 3, 7)
#     Time       Orderp
         0     0.108306
         1     0.110858
         2     0.108971
         3     0.110149
         4     0.108924
         5     0.109038
         6     0.108882
         7     0.111808
         8     0.109204
         9     0.108571
        10     0.109545
        11     0.110109
        12     0.108966
        13     0.107851
# Cycle: 862, status: ACC, move: ('00', 0.11180787092150518, 3, 7)
#     Time       Orderp
         0     0.108306
         1     0.110858
         2     0.108971
         3     0.110149
         4     0.108924
         5     0.109038
         6     0.108882
         7     0.111808
         8     0.109204
         9     0.108571
        10     0.109545
        11     0.110109
        12     0.108966
        13     0.107851
# Cycle: 863, status: ACC, move: ('s-', 0.10982258419833313, 2, 2)
#     Time       Orderp
         0     0.108226
         1     0.108587
         2     0.109823
         3     0.109052
         4     0.108616
         5     0.112083
# Cycle: 864, status: BWI, move: ('tr', 0, 0, 0)
#     Time       Orderp
         0     0.112083
         1     0.108616
         2     0.109052
         3     0.109823
         4     0.108587
         5     0.108226
# Cycle: 865, status: ACC, move: ('00', 0.10982258419833313, 2, 2)
#     Time       Orderp
         0     0.108226
         1     0.108587
         2     0.109823
         3     0.109052
         4     0.108616
         5     0.112083
# Cycle: 866, status: BWI, move: ('tr', 0, 0, 0)
#     Time       Orderp
         0     0.112083
         1     0.108616
         2     0.109052
         3     0.109823
         4     0.108587
         5     0.108226
# Cycle: 867, status: ACC, move: ('00', 0.10982258419833313, 2, 2)
#     Time       Orderp
         0     0.108226
         1     0.108587
         2     0.109823
         3     0.109052
         4     0.108616
         5     0.112083
# Cycle: 868, status: NCR, move: ('sh', 0.1085587398600405, 1, 2)
#     Time       Orderp
         0     0.108363
         1     0.108803
         2     0.108559
         3     0.109202
         4     0.108564
         5     0.108272
# Cycle: 869, status: ACC, move: ('s-', 0, 0, 0)
#     Time       Orderp
         0     0.108306
         1     0.110858
         2     0.108971
         3     0.110149
         4     0.108924
         5     0.109038
         6     0.108882
         7     0.111808
         8     0.109204
         9     0.108571
        10     0.109545
        11     0.110109
        12     0.108966
        13     0.107851
# Cycle: 870, status: NCR, move: ('sh', 0.10927945827098522, 4, 1)
#     Time       Orderp
         0     0.108326
         1     0.109279
         2     0.108659
         3     0.108766
         4     0.109781
         5     0.108267
# Cycle: 871, status: ACC, move: ('s-', 0.10982258419833313, 2, 2)
#     Time       Orderp
         0     0.108226
         1     0.108587
         2     0.109823
         3     0.109052
         4     0.108616
         5     0.112083
# Cycle: 872, status: ACC, move: ('s-', 0, 0, 0)
#     Time       Orderp
         0     0.108306
         1     0.110858
         2     0.108971
         3     0.110149
         4     0.108924
         5     0.109038
         6     0.108882
         7     0.111808
         8     0.109204
         9     0.108571
        10     0.109545
        11     0.110109
        12     0.108966
        13     0.107851
# Cycle: 873, status: ACC, move: ('00', 0, 0, 0)
#     Time       Orderp
         0     0.108306
         1     0.110858
         2     0.108971
         3     0.110149
         4     0.108924
         5     0.109038
         6     0.108882
         7     0.111808
         8     0.109204
         9     0.108571
        10     0.109545
        11     0.110109
        12     0.108966
        13     0.107851
# Cycle: 874, status: ACC, move: ('tr', 0, 0, 0)
#     Time       Orderp
         0     0.107851
         1     0.108966
         2     0.110109
         3     0.109545
         4     0.108571
         5     0.109204
         6     0.111808
         7     0.108882
         8     0.109038
         9     0.108924
        10     0.110149
        11     0.108971
        12     0.110858
        13     0.108306
# Cycle: 875, status: ACC, move: ('tr', 0, 0, 0)
#     Time       Orderp
         0     0.108306
         1     0.110858
         2     0.108971
         3     0.110149
         4     0.108924
         5     0.109038
         6     0.108882
         7     0.111808
         8     0.109204
         9     0.108571
        10     0.109545
        11     0.110109
        12     0.108966
        13     0.107851
# Cycle: 876, status: ACC, move: ('tr', 0, 0, 0)
#     Time       Orderp
         0     0.107851
         1     0.108966
         2     0.110109
         3     0.109545
         4     0.108571
         5     0.109204
         6     0.111808
         7     0.108882
         8     0.109038
         9     0.108924
        10     0.110149
        11     0.108971
        12     0.110858
        13     0.108306
# Cycle: 877, status: NCR, move: ('sh', 0.1088714838697445, 11, 3)
#     Time       Orderp
         0     0.108330
         1     0.108729
         2     0.108803
         3     0.108871
         4     0.108596
         5     0.108283
# Cycle: 878, status: ACC, move: ('s-', 0.10982258419833313, 2, 2)
#     Time       Orderp
         0     0.108226
         1     0.108587
         2     0.109823
         3     0.109052
         4     0.108616
         5     0.112083
# Cycle: 879, status: FTL, move: ('sh', 0.1085587398600405, 1, 1)
#     Time       Orderp
         0     0.107840
         1     0.108559
         2     0.109154
         3     0.108554
         4     0.109081
         5     0.108985
# Cycle: 880, status: ACC, move: ('s-', 0, 0, 0)
#     Time       Orderp
         0     0.107851
         1     0.108966
         2     0.110109
         3     0.109545
         4     0.108571
         5     0.109204
         6     0.111808
         7     0.108882
         8     0.109038
         9     0.108924
        10     0.110149
        11     0.108971
        12     0.110858
        13     0.108306
# Cycle: 881, status: NCR, move: ('sh', 0.1088714838697445, 11, 4)
#     Time       Orderp
         0     0.108120
         1     0.108857
         2     0.108650
         3     0.108980
         4     0.108871
         5     0.108818
         6     0.109070
         7     0.108202
# Cycle: 882, status: ACC, move: ('sh', 0.11180787092150518, 6, 2)
#     Time       Orderp
         0     0.107990
         1     0.109196
         2     0.111808
         3     0.108915
         4     0.108663
         5     0.109755
         6     0.109592
         7     0.110461
         8     0.108601
         9     0.109832
        10     0.108265
# Cycle: 883, status: ACC, move: ('tr', 0, 0, 0)
#     Time       Orderp
         0     0.108265
         1     0.109832
         2     0.108601
         3     0.110461
         4     0.109592
         5     0.109755
         6     0.108663
         7     0.108915
         8     0.111808
         9     0.109196
        10     0.107990
# Cycle: 884, status: ACC, move: ('s-', 0.10982258419833313, 2, 2)
#     Time       Orderp
         0     0.108226
         1     0.108587
         2     0.109823
         3     0.109052
         4     0.108616
         5     0.112083
# Cycle: 885, status: ACC, move: ('00', 0.10982258419833313, 2, 2)
#     Time       Orderp
         0     0.108226
         1     0.108587
         2     0.109823
         3     0.109052
         4     0.108616
         5     0.112083
# Cycle: 886, status: ACC, move: ('s-', 0, 0, 0)
#     Time       Orderp
         0     0.108265
         1     0.109832
         2     0.108601
         3     0.110461
         4     0.109592
         5     0.109755
         6     0.108663
         7     0.108915
         8     0.111808
         9     0.109196
        10     0.107990
# Cycle: 887, status: NCR, move: ('sh', 0.10989995450408527, 3, 2)
#     Time       Orderp
         0     0.108409
         1     0.108855
         2     0.109900
         3     0.108919
         4     0.110694
         5     0.108522
         6     0.108190
# Cycle: 888, status: ACC, move: ('00', 0, 0, 0)
#     Time       Orderp
         0     0.108265
         1     0.109832
         2     0.108601
         3     0.110461
         4     0.109592
         5     0.109755
         6     0.108663
         7     0.108915
         8     0.111808
         9     0.109196
        10     0.107990
# Cycle: 889, status: ACC, move: ('tr', 0, 0, 0)
#     Time       Orderp
         0     0.107990
         1     0.109196
         2     0.111808
         3     0.108915
         4     0.108663
         5     0.109755
         6     0.109592
         7     0.110461
         8     0.108601
         9     0.109832
        10     0.108265
# Cycle: 890, status: ACC, move: ('tr', 0, 0, 0)
#     Time       Orderp
         0     0.108265
         1     0.109832
         2     0.108601
         3     0.110461
         4     0.109592
         5     0.109755
         6     0.108663
         7     0.108915
         8     0.111808
         9     0.109196
        10     0.107990
# Cycle: 891, status: NCR, move: ('sh', 0.10871522432483874, 2, 1)
#     Time       Orderp
         0     0.108113
         1     0.108715
         2     0.108033
# Cycle: 892, status: ACC, move: ('00', 0, 0, 0)
#     Time       Orderp
         0     0.108265
         1     0.109832
         2     0.108601
         3     0.110461
         4     0.109592
         5     0.109755
         6     0.108663
         7     0.108915
         8     0.111808
         9     0.109196
        10     0.107990
# Cycle: 893, status: ACC, move: ('00', 0, 0, 0)
#     Time       Orderp
         0     0.108265
         1     0.109832
         2     0.108601
         3     0.110461
         4     0.109592
         5     0.109755
         6     0.108663
         7     0.108915
         8     0.111808
         9     0.109196
        10     0.107990
# Cycle: 894, status: ACC, move: ('s-', 0.10982258419833313, 2, 2)
#     Time       Orderp
         0     0.108226
         1     0.108587
         2     0.109823
         3     0.109052
         4     0.108616
         5     0.112083
# Cycle: 895, status: ACC, move: ('s-', 0, 0, 0)
#     Time       Orderp
         0     0.108265
         1     0.109832
         2     0.108601
         3     0.110461
         4     0.109592
         5     0.109755
         6     0.108663
         7     0.108915
         8     0.111808
         9     0.109196
        10     0.107990
# Cycle: 896, status: ACC, move: ('tr', 0, 0, 0)
#     Time       Orderp
         0     0.107990
         1     0.109196
         2     0.111808
         3     0.108915
         4     0.108663
         5     0.109755
         6     0.109592
         7     0.110461
         8     0.108601
         9     0.109832
        10     0.108265
# Cycle: 897, status: ACC, move: ('00', 0, 0, 0)
#     Time       Orderp
         0     0.107990
         1     0.109196
         2     0.111808
         3     0.108915
         4     0.108663
         5     0.109755
         6     0.109592
         7     0.110461
         8     0.108601
         9     0.109832
        10     0.108265
# Cycle: 898, status: ACC, move: ('s-', 0.10982258419833313, 2, 2)
#     Time       Orderp
         0     0.108226
         1     0.108587
         2     0.109823
         3     0.109052
         4     0.108616
         5     0.112083
# Cycle: 899, status: ACC, move: ('00', 0.10982258419833313, 2, 2)
#     Time       Orderp
         0     0.108226
         1     0.108587
         2     0.109823
         3     0.109052
         4     0.108616
         5     0.112083
# Cycle: 900, status: ACC, move: ('s-', 0, 0, 0)
#     Time       Orderp
         0     0.107990
         1     0.109196
         2     0.111808
         3     0.108915
         4     0.108663
         5     0.109755
         6     0.109592
         7     0.110461
         8     0.108601
         9     0.109832
        10     0.108265
# Cycle: 901, status: NCR, move: ('sh', 0.10974971526158941, 1, 3)
#     Time       Orderp
         0     0.108151
         1     0.108793
         2     0.109307
         3     0.109750
         4     0.109206
         5     0.107835
# Cycle: 902, status: ACC, move: ('00', 0, 0, 0)
#     Time       Orderp
         0     0.107990
         1     0.109196
         2     0.111808
         3     0.108915
         4     0.108663
         5     0.109755
         6     0.109592
         7     0.110461
         8     0.108601
         9     0.109832
        10     0.108265
# Cycle: 903, status: ACC, move: ('s-', 0.10982258419833313, 2, 2)
#     Time       Orderp
         0     0.108226
         1     0.108587
         2     0.109823
         3     0.109052
         4     0.108616
         5     0.112083
# Cycle: 904, status: ACC, move: ('s-', 0, 0, 0)
#     Time       Orderp
         0     0.107990
         1     0.109196
         2     0.111808
         3     0.108915
         4     0.108663
         5     0.109755
         6     0.109592
         7     0.110461
         8     0.108601
         9     0.109832
        10     0.108265
# Cycle: 905, status: ACC, move: ('00', 0, 0, 0)
#     Time       Orderp
         0     0.107990
         1     0.109196
         2     0.111808
         3     0.108915
         4     0.108663
         5     0.109755
         6     0.109592
         7     0.110461
         8     0.108601
         9     0.109832
        10     0.108265
# Cycle: 906, status: ACC, move: ('s-', 0.10982258419833313, 2, 2)
#     Time       Orderp
         0     0.108226
         1     0.108587
         2     0.109823
         3     0.109052
         4     0.108616
         5     0.112083
# Cycle: 907, status: BWI, move: ('tr', 0, 0, 0)
#     Time       Orderp
         0     0.112083
         1     0.108616
         2     0.109052
         3     0.109823
         4     0.108587
         5     0.108226
# Cycle: 908, status: FTL, move: ('sh', 0.1085587398600405, 1, 2)
#     Time       Orderp
         0     0.108388
         1     0.109040
         2     0.108559
         3     0.109153
         4     0.108618
         5     0.108546
# Cycle: 909, status: ACC, move: ('00', 0.10982258419833313, 2, 2)
#     Time       Orderp
         0     0.108226
         1     0.108587
         2     0.109823
         3     0.109052
         4     0.108616
         5     0.112083
# Cycle: 910, status: NCR, move: ('sh', 0.10982258419833313, 2, 1)
#     Time       Orderp
         0     0.108174
         1     0.109823
         2     0.108228
# Cycle: 911, status: ACC, move: ('s-', 0, 0, 0)
#     Time       Orderp
         0     0.108265
         1     0.109832
         2     0.108601
         3     0.110461
         4     0.109592
         5     0.109755
         6     0.108663
         7     0.108915
         8     0.111808
         9     0.109196
        10     0.107990
# Cycle: 912, status: ACC, move: ('s-', 0.10982258419833313, 2, 2)
#     Time       Orderp
         0     0.108226
         1     0.108587
         2     0.109823
         3     0.109052
         4     0.108616
         5     0.112083
# Cycle: 913, status: BWI, move: ('tr', 0, 0, 0)
#     Time       Orderp
         0     0.112083
         1     0.108616
         2     0.109052
         3     0.109823
         4     0.108587
         5     0.108226
# Cycle: 914, status: ACC, move: ('00', 0.10982258419833313, 2, 2)
#     Time       Orderp
         0     0.108226
         1     0.108587
         2     0.109823
         3     0.109052
         4     0.108616
         5     0.112083
# Cycle: 915, status: BWI, move: ('tr', 0, 0, 0)
#     Time       Orderp
         0     0.112083
         1     0.108616
         2     0.109052
         3     0.109823
         4     0.108587
         5     0.108226
# Cycle: 916, status: ACC, move: ('s-', 0, 0, 0)
#     Time       Orderp
         0     0.108265
         1     0.109832
         2     0.108601
         3     0.110461
         4     0.109592
         5     0.109755
         6     0.108663
         7     0.108915
         8     0.111808
         9     0.109196
        10     0.107990
# Cycle: 917, status: ACC, move: ('00', 0, 0, 0)
#     Time       Orderp
         0     0.108265
         1     0.109832
         2     0.108601
         3     0.110461
         4     0.109592
         5     0.109755
         6     0.108663
         7     0.108915
         8     0.111808
         9     0.109196
        10     0.107990
# Cycle: 918, status: ACC, move: ('00', 0, 0, 0)
#     Time       Orderp
         0     0.108265
         1     0.109832
         2     0.108601
         3     0.110461
         4     0.109592
         5     0.109755
         6     0.108663
         7     0.108915
         8     0.111808
         9     0.109196
        10     0.107990
# Cycle: 919, status: ACC, move: ('00', 0, 0, 0)
#     Time       Orderp
         0     0.108265
         1     0.109832
         2     0.108601
         3     0.110461
         4     0.109592
         5     0.109755
         6     0.108663
         7     0.108915
         8     0.111808
         9     0.109196
        10     0.107990
# Cycle: 920, status: ACC, move: ('tr', 0, 0, 0)
#     Time       Orderp
         0     0.107990
         1     0.109196
         2     0.111808
         3     0.108915
         4     0.108663
         5     0.109755
         6     0.109592
         7     0.110461
         8     0.108601
         9     0.109832
        10     0.108265
# Cycle: 921, status: ACC, move: ('s-', 0.10982258419833313, 2, 2)
#     Time       Orderp
         0     0.108226
         1     0.108587
         2     0.109823
         3     0.109052
         4     0.108616
         5     0.112083
# Cycle: 922, status: ACC, move: ('00', 0.10982258419833313, 2, 2)
#     Time       Orderp
         0     0.108226
         1     0.108587
         2     0.109823
         3     0.109052
         4     0.108616
         5     0.112083
# Cycle: 923, status: ACC, move: ('s-', 0, 0, 0)
#     Time       Orderp
         0     0.107990
         1     0.109196
         2     0.111808
         3     0.108915
         4     0.108663
         5     0.109755
         6     0.109592
         7     0.110461
         8     0.108601
         9     0.109832
        10     0.108265
# Cycle: 924, status: NCR, move: ('sh', 0.1095536398299938, 9, 1)
#     Time       Orderp
         0     0.108034
         1     0.109554
         2     0.109293
         3     0.109117
         4     0.110698
         5     0.109042
         6     0.108938
         7     0.109056
         8     0.109662
         9     0.109161
        10     0.108625
        11     0.109375
        12     0.108453
# Cycle: 925, status: ACC, move: ('s-', 0.10982258419833313, 2, 2)
#     Time       Orderp
         0     0.108226
         1     0.108587
         2     0.109823
         3     0.109052
         4     0.108616
         5     0.112083
# Cycle: 926, status: ACC, move: ('00', 0.10982258419833313, 2, 2)
#     Time       Orderp
         0     0.108226
         1     0.108587
         2     0.109823
         3     0.109052
         4     0.108616
         5     0.112083
# Cycle: 927, status: ACC, move: ('s-', 0, 0, 0)
#     Time       Orderp
         0     0.107990
         1     0.109196
         2     0.111808
         3     0.108915
         4     0.108663
         5     0.109755
         6     0.109592
         7     0.110461
         8     0.108601
         9     0.109832
        10     0.108265
# Cycle: 928, status: ACC, move: ('tr', 0, 0, 0)
#     Time       Orderp
         0     0.108265
         1     0.109832
         2     0.108601
         3     0.110461
         4     0.109592
         5     0.109755
         6     0.108663
         7     0.108915
         8     0.111808
         9     0.109196
        10     0.107990
# Cycle: 929, status: ACC, move: ('s-', 0.10982258419833313, 2, 2)
#     Time       Orderp
         0     0.108226
         1     0.108587
         2     0.109823
         3     0.109052
         4     0.108616
         5     0.112083
# Cycle: 930, status: BWI, move: ('tr', 0, 0, 0)
#     Time       Orderp
         0     0.112083
         1     0.108616
         2     0.109052
         3     0.109823
         4     0.108587
         5     0.108226
# Cycle: 931, status: ACC, move: ('s-', 0, 0, 0)
#     Time       Orderp
         0     0.107990
         1     0.109196
         2     0.111808
         3     0.108915
         4     0.108663
         5     0.109755
         6     0.109592
         7     0.110461
         8     0.108601
         9     0.109832
        10     0.108265
# Cycle: 932, status: ACC, move: ('00', 0, 0, 0)
#     Time       Orderp
         0     0.107990
         1     0.109196
         2     0.111808
         3     0.108915
         4     0.108663
         5     0.109755
         6     0.109592
         7     0.110461
         8     0.108601
         9     0.109832
        10     0.108265
# Cycle: 933, status: ACC, move: ('s-', 0.10982258419833313, 2, 2)
#     Time       Orderp
         0     0.108226
         1     0.108587
         2     0.109823
         3     0.109052
         4     0.108616
         5     0.112083
# Cycle: 934, status: ACC, move: ('00', 0.10982258419833313, 2, 2)
#     Time       Orderp
         0     0.108226
         1     0.108587
         2     0.109823
         3     0.109052
         4     0.108616
         5     0.112083
# Cycle: 935, status: BWI, move: ('tr', 0, 0, 0)
#     Time       Orderp
         0     0.112083
         1     0.108616
         2     0.109052
         3     0.109823
         4     0.108587
         5     0.108226
# Cycle: 936, status: BWI, move: ('tr', 0, 0, 0)
#     Time       Orderp
         0     0.112083
         1     0.108616
         2     0.109052
         3     0.109823
         4     0.108587
         5     0.108226
# Cycle: 937, status: ACC, move: ('s-', 0, 0, 0)
#     Time       Orderp
         0     0.107990
         1     0.109196
         2     0.111808
         3     0.108915
         4     0.108663
         5     0.109755
         6     0.109592
         7     0.110461
         8     0.108601
         9     0.109832
        10     0.108265
# Cycle: 938, status: NCR, move: ('sh', 0.10871522432483874, 8, 1)
#     Time       Orderp
         0     0.108402
         1     0.108715
         2     0.108471
# Cycle: 939, status: ACC, move: ('tr', 0, 0, 0)
#     Time       Orderp
         0     0.108265
         1     0.109832
         2     0.108601
         3     0.110461
         4     0.109592
         5     0.109755
         6     0.108663
         7     0.108915
         8     0.111808
         9     0.109196
        10     0.107990
# Cycle: 940, status: NCR, move: ('sh', 0.11009087155618304, 4, 3)
#     Time       Orderp
         0     0.108058
         1     0.108804
         2     0.109091
         3     0.110091
         4     0.109178
         5     0.108620
         6     0.109537
         7     0.109049
         8     0.109906
         9     0.108992
        10     0.107642
# Cycle: 941, status: ACC, move: ('s-', 0.10982258419833313, 2, 2)
#     Time       Orderp
         0     0.108226
         1     0.108587
         2     0.109823
         3     0.109052
         4     0.108616
         5     0.112083
# Cycle: 942, status: NCR, move: ('sh', 0.1085587398600405, 1, 3)
#     Time       Orderp
         0     0.107630
         1     0.109547
         2     0.108755
         3     0.108559
         4     0.109093
         5     0.109129
         6     0.109868
         7     0.109408
         8     0.108004
# Cycle: 943, status: NCR, move: ('sh', 0.1092199615454976, 3, 2)
#     Time       Orderp
         0     0.108086
         1     0.109008
         2     0.109220
         3     0.110097
         4     0.108820
         5     0.108850
         6     0.108837
         7     0.108372
# Cycle: 944, status: KOB, move: ('sh', 0.10841586599755607, 4, 0)
#     Time       Orderp
         0     0.108416
# Cycle: 945, status: ACC, move: ('s-', 0.11180787092150518, 8, 2)
#     Time       Orderp
         0     0.108416
         1     0.110119
         2     0.111808
         3     0.108448
# Cycle: 946, status: ACC, move: ('00', 0.11180787092150518, 8, 2)
#     Time       Orderp
         0     0.108416
         1     0.110119
         2     0.111808
         3     0.108448
# Cycle: 947, status: ACC, move: ('s-', 0.10982258419833313, 2, 2)
#     Time       Orderp
         0     0.108226
         1     0.108587
         2     0.109823
         3     0.109052
         4     0.108616
         5     0.112083
# Cycle: 948, status: ACC, move: ('s-', 0.11180787092150518, 8, 2)
#     Time       Orderp
         0     0.108416
         1     0.110119
         2     0.111808
         3     0.108448
# Cycle: 949, status: BTL, move: ('sh', 0.11180787092150518, 2, 0)
#     Time       Orderp
         0     0.111808
         1     0.108884
         2     0.108526
         3     0.109348
# Cycle: 950, status: FTL, move: ('sh', 0.11180787092150518, 2, 1)
#     Time       Orderp
         0     0.108008
         1     0.111808
         2     0.109338
         3     0.108586
# Cycle: 951, status: ACC, move: ('sh', 0.11180787092150518, 2, 5)
#     Time       Orderp
         0     0.108378
         1     0.109048
         2     0.109375
         3     0.109521
         4     0.108697
         5     0.111808
         6     0.109906
         7     0.109262
         8     0.109714
         9     0.109164
        10     0.108234
# Cycle: 952, status: NCR, move: ('s-', 0.1085587398600405, 1, 2)
#     Time       Orderp
         0     0.107934
         1     0.108653
         2     0.108559
         3     0.108632
         4     0.111619
         5     0.108561
         6     0.109319
         7     0.109645
         8     0.108355
# Cycle: 953, status: NCR, move: ('s-', 0.1085587398600405, 1, 2)
#     Time       Orderp
         0     0.107934
         1     0.108653
         2     0.108559
         3     0.108632
         4     0.111619
         5     0.108561
         6     0.109319
         7     0.109645
         8     0.108355
# Cycle: 954, status: FTL, move: ('sh', 0.11002272492535349, 9, 3)
#     Time       Orderp
         0     0.108236
         1     0.108620
         2     0.108598
         3     0.110023
         4     0.108779
         5     0.109271
         6     0.108571
         7     0.108928
         8     0.109780
         9     0.109141
        10     0.108944
# Cycle: 955, status: NCR, move: ('sh', 0.10893576088686387, 4, 13)
#     Time       Orderp
         0     0.108252
         1     0.108788
         2     0.109174
         3     0.110679
         4     0.109237
         5     0.109356
         6     0.108638
         7     0.108779
         8     0.108722
         9     0.109388
        10     0.109097
        11     0.109174
        12     0.108971
        13     0.108936
        14     0.109231
        15     0.108235
# Cycle: 956, status: ACC, move: ('tr', 0, 0, 0)
#     Time       Orderp
         0     0.108234
         1     0.109164
         2     0.109714
         3     0.109262
         4     0.109906
         5     0.111808
         6     0.108697
         7     0.109521
         8     0.109375
         9     0.109048
        10     0.108378
# Cycle: 957, status: ACC, move: ('tr', 0, 0, 0)
#     Time       Orderp
         0     0.108378
         1     0.109048
         2     0.109375
         3     0.109521
         4     0.108697
         5     0.111808
         6     0.109906
         7     0.109262
         8     0.109714
         9     0.109164
        10     0.108234
# Cycle: 958, status: ACC, move: ('tr', 0, 0, 0)
#     Time       Orderp
         0     0.108234
         1     0.109164
         2     0.109714
         3     0.109262
         4     0.109906
         5     0.111808
         6     0.108697
         7     0.109521
         8     0.109375
         9     0.109048
        10     0.108378
# Cycle: 959, status: ACC, move: ('00', 0, 0, 0)
#     Time       Orderp
         0     0.108234
         1     0.109164
         2     0.109714
         3     0.109262
         4     0.109906
         5     0.111808
         6     0.108697
         7     0.109521
         8     0.109375
         9     0.109048
        10     0.108378
# Cycle: 960, status: ACC, move: ('00', 0, 0, 0)
#     Time       Orderp
         0     0.108234
         1     0.109164
         2     0.109714
         3     0.109262
         4     0.109906
         5     0.111808
         6     0.108697
         7     0.109521
         8     0.109375
         9     0.109048
        10     0.108378
# Cycle: 961, status: ACC, move: ('tr', 0, 0, 0)
#     Time       Orderp
         0     0.108378
         1     0.109048
         2     0.109375
         3     0.109521
         4     0.108697
         5     0.111808
         6     0.109906
         7     0.109262
         8     0.109714
         9     0.109164
        10     0.108234
# Cycle: 962, status: ACC, move: ('tr', 0, 0, 0)
#     Time       Orderp
         0     0.108234
         1     0.109164
         2     0.109714
         3     0.109262
         4     0.109906
         5     0.111808
         6     0.108697
         7     0.109521
         8     0.109375
         9     0.109048
        10     0.108378
# Cycle: 963, status: ACC, move: ('00', 0, 0, 0)
#     Time       Orderp
         0     0.108234
         1     0.109164
         2     0.109714
         3     0.109262
         4     0.109906
         5     0.111808
         6     0.108697
         7     0.109521
         8     0.109375
         9     0.109048
        10     0.108378
# Cycle: 964, status: ACC, move: ('tr', 0, 0, 0)
#     Time       Orderp
         0     0.108378
         1     0.109048
         2     0.109375
         3     0.109521
         4     0.108697
         5     0.111808
         6     0.109906
         7     0.109262
         8     0.109714
         9     0.109164
        10     0.108234
# Cycle: 965, status: NCR, move: ('s-', 0, 0, 0)
#     Time       Orderp
         0     0.107934
         1     0.108653
         2     0.108559
         3     0.108632
         4     0.111619
         5     0.108561
         6     0.109319
         7     0.109645
         8     0.108355
# Cycle: 966, status: ACC, move: ('00', 0, 0, 0)
#     Time       Orderp
         0     0.108378
         1     0.109048
         2     0.109375
         3     0.109521
         4     0.108697
         5     0.111808
         6     0.109906
         7     0.109262
         8     0.109714
         9     0.109164
        10     0.108234
# Cycle: 967, status: NCR, move: ('sh', 0.10984534582766813, 8, 5)
#     Time       Orderp
         0     0.108011
         1     0.109055
         2     0.108637
         3     0.110546
         4     0.109588
         5     0.109845
         6     0.108255
# Cycle: 968, status: NCR, move: ('s-', 0, 0, 0)
#     Time       Orderp
         0     0.107934
         1     0.108653
         2     0.108559
         3     0.108632
         4     0.111619
         5     0.108561
         6     0.109319
         7     0.109645
         8     0.108355
# Cycle: 969, status: NCR, move: ('s-', 0, 0, 0)
#     Time       Orderp
         0     0.107934
         1     0.108653
         2     0.108559
         3     0.108632
         4     0.111619
         5     0.108561
         6     0.109319
         7     0.109645
         8     0.108355
# Cycle: 970, status: ACC, move: ('tr', 0, 0, 0)
#     Time       Orderp
         0     0.108234
         1     0.109164
         2     0.109714
         3     0.109262
         4     0.109906
         5     0.111808
         6     0.108697
         7     0.109521
         8     0.109375
         9     0.109048
        10     0.108378
# Cycle: 971, status: NCR, move: ('s-', 0, 0, 0)
#     Time       Orderp
         0     0.108355
         1     0.109645
         2     0.109319
         3     0.108561
         4     0.111619
         5     0.108632
         6     0.108559
         7     0.108653
         8     0.107934
# Cycle: 972, status: NCR, move: ('s-', 0, 0, 0)
#     Time       Orderp
         0     0.108355
         1     0.109645
         2     0.109319
         3     0.108561
         4     0.111619
         5     0.108632
         6     0.108559
         7     0.108653
         8     0.107934
# Cycle: 973, status: NCR, move: ('sh', 0.11002272492535349, 1, 1)
#     Time       Orderp
         0     0.107793
         1     0.110023
         2     0.108213
# Cycle: 974, status: NCR, move: ('sh', 0.10984534582766813, 2, 1)
#     Time       Orderp
         0     0.107853
         1     0.109845
         2     0.108572
         3     0.108716
         4     0.108944
         5     0.108556
         6     0.108682
         7     0.110612
         8     0.108057
# Cycle: 975, status: NCR, move: ('sh', 0.10927488274988, 3, 2)
#     Time       Orderp
         0     0.107773
         1     0.108812
         2     0.109275
         3     0.107861
# Cycle: 976, status: NCR, move: ('s-', 0.11156164215356455, 4, 4)
#     Time       Orderp
         0     0.107917
         1     0.108811
         2     0.109844
         3     0.109638
         4     0.111562
         5     0.110321
         6     0.109068
         7     0.110531
         8     0.108502
         9     0.108107
# Cycle: 977, status: ACC, move: ('00', 0, 0, 0)
#     Time       Orderp
         0     0.108234
         1     0.109164
         2     0.109714
         3     0.109262
         4     0.109906
         5     0.111808
         6     0.108697
         7     0.109521
         8     0.109375
         9     0.109048
        10     0.108378
# Cycle: 978, status: ACC, move: ('00', 0, 0, 0)
#     Time       Orderp
         0     0.108234
         1     0.109164
         2     0.109714
         3     0.109262
         4     0.109906
         5     0.111808
         6     0.108697
         7     0.109521
         8     0.109375
         9     0.109048
        10     0.108378
# Cycle: 979, status: ACC, move: ('00', 0, 0, 0)
#     Time       Orderp
         0     0.108234
         1     0.109164
         2     0.109714
         3     0.109262
         4     0.109906
         5     0.111808
         6     0.108697
         7     0.109521
         8     0.109375
         9     0.109048
        10     0.108378
# Cycle: 980, status: ACC, move: ('tr', 0, 0, 0)
#     Time       Orderp
         0     0.108378
         1     0.109048
         2     0.109375
         3     0.109521
         4     0.108697
         5     0.111808
         6     0.109906
         7     0.109262
         8     0.109714
         9     0.109164
        10     0.108234
# Cycle: 981, status: ACC, move: ('sh', 0.11180787092150518, 5, 3)
#     Time       Orderp
         0     0.108318
         1     0.110306
         2     0.108597
         3     0.111808
         4     0.108813
         5     0.109319
         6     0.109083
         7     0.108781
         8     0.107912
# Cycle: 982, status: NCR, move: ('s-', 0, 0, 0)
#     Time       Orderp
         0     0.108107
         1     0.108502
         2     0.110531
         3     0.109068
         4     0.110321
         5     0.111562
         6     0.109638
         7     0.109844
         8     0.108811
         9     0.107917
# Cycle: 983, status: NCR, move: ('s-', 0, 0, 0)
#     Time       Orderp
         0     0.108107
         1     0.108502
         2     0.110531
         3     0.109068
         4     0.110321
         5     0.111562
         6     0.109638
         7     0.109844
         8     0.108811
         9     0.107917
# Cycle: 984, status: FTL, move: ('sh', 0.10938464243210765, 4, 9)
#     Time       Orderp
         0     0.108395
         1     0.109753
         2     0.108755
         3     0.109633
         4     0.109315
         5     0.108833
         6     0.109440
         7     0.109599
         8     0.109213
         9     0.109385
        10     0.109477
        11     0.108627
# Cycle: 985, status: ACC, move: ('00', 0.11180787092150518, 5, 3)
#     Time       Orderp
         0     0.108318
         1     0.110306
         2     0.108597
         3     0.111808
         4     0.108813
         5     0.109319
         6     0.109083
         7     0.108781
         8     0.107912
# Cycle: 986, status: NCR, move: ('s-', 0, 0, 0)
#     Time       Orderp
         0     0.108107
         1     0.108502
         2     0.110531
         3     0.109068
         4     0.110321
         5     0.111562
         6     0.109638
         7     0.109844
         8     0.108811
         9     0.107917
# Cycle: 987, status: NCR, move: ('s-', 0, 0, 0)
#     Time       Orderp
         0     0.108107
         1     0.108502
         2     0.110531
         3     0.109068
         4     0.110321
         5     0.111562
         6     0.109638
         7     0.109844
         8     0.108811
         9     0.107917
# Cycle: 988, status: ACC, move: ('00', 0.11180787092150518, 5, 3)
#     Time       Orderp
         0     0.108318
         1     0.110306
         2     0.108597
         3     0.111808
         4     0.108813
         5     0.109319
         6     0.109083
         7     0.108781
         8     0.107912
# Cycle: 989, status: ACC, move: ('00', 0.11180787092150518, 5, 3)
#     Time       Orderp
         0     0.108318
         1     0.110306
         2     0.108597
         3     0.111808
         4     0.108813
         5     0.109319
         6     0.109083
         7     0.108781
         8     0.107912
# Cycle: 990, status: ACC, move: ('tr', 0, 0, 0)
#     Time       Orderp
         0     0.107912
         1     0.108781
         2     0.109083
         3     0.109319
         4     0.108813
         5     0.111808
         6     0.108597
         7     0.110306
         8     0.108318
# Cycle: 991, status: NCR, move: ('sh', 0.10959470790143098, 3, 5)
#     Time       Orderp
         0     0.108384
         1     0.110194
         2     0.108580
         3     0.109728
         4     0.108679
         5     0.109595
         6     0.108143
# Cycle: 992, status: ACC, move: ('tr', 0, 0, 0)
#     Time       Orderp
         0     0.108318
         1     0.110306
         2     0.108597
         3     0.111808
         4     0.108813
         5     0.109319
         6     0.109083
         7     0.108781
         8     0.107912
# Cycle: 993, status: ACC, move: ('tr', 0, 0, 0)
#     Time       Orderp
         0     0.107912
         1     0.108781
         2     0.109083
         3     0.109319
         4     0.108813
         5     0.111808
         6     0.108597
         7     0.110306
         8     0.108318
# Cycle: 994, status: ACC, move: ('tr', 0, 0, 0)
#     Time       Orderp
         0     0.108318
         1     0.110306
         2     0.108597
         3     0.111808
         4     0.108813
         5     0.109319
         6     0.109083
         7     0.108781
         8     0.107912
# Cycle: 995, status: ACC, move: ('tr', 0, 0, 0)
#     Time       Orderp
         0     0.107912
         1     0.108781
         2     0.109083
         3     0.109319
         4     0.108813
         5     0.111808
         6     0.108597
         7     0.110306
         8     0.108318
# Cycle: 996, status: NCR, move: ('s-', 0, 0, 0)
#     Time       Orderp
         0     0.107598
         1     0.110644
         2     0.109155
         3     0.111528
         4     0.107931
# Cycle: 997, status: NCR, move: ('sh', 0.1088301428833024, 2, 1)
#     Time       Orderp
         0     0.107967
         1     0.108830
         2     0.108813
         3     0.108489
# Cycle: 998, status: NCR, move: ('s-', 0, 0, 0)
#     Time       Orderp
         0     0.107598
         1     0.110644
         2     0.109155
         3     0.111528
         4     0.107931
# Cycle: 999, status: ACC, move: ('00', 0, 0, 0)
#     Time       Orderp
         0     0.107912
         1     0.108781
         2     0.109083
         3     0.109319
         4     0.108813
         5     0.111808
         6     0.108597
         7     0.110306
         8     0.108318
# Cycle: 1000, status: ACC, move: ('tr', 0, 0, 0)
#     Time       Orderp
         0     0.108318
         1     0.110306
         2     0.108597
         3     0.111808
         4     0.108813
         5     0.109319
         6     0.109083
         7     0.108781
         8     0.107912
# Cycle: 1001, status: ACC, move: ('tr', 0, 0, 0)
#     Time       Orderp
         0     0.107912
         1     0.108781
         2     0.109083
         3     0.109319
         4     0.108813
         5     0.111808
         6     0.108597
         7     0.110306
         8     0.108318
# Cycle: 1002, status: ACC, move: ('sh', 0.11180787092150518, 5, 3)
#     Time       Orderp
         0     0.108347
         1     0.108897
         2     0.108699
         3     0.111808
         4     0.108637
         5     0.108334
# Cycle: 1003, status: NCR, move: ('s-', 0, 0, 0)
#     Time       Orderp
         0     0.107598
         1     0.110644
         2     0.109155
         3     0.111528
         4     0.107931
# Cycle: 1004, status: NCR, move: ('sh', 0.11028599185753378, 1, 2)
#     Time       Orderp
         0     0.108263
         1     0.109809
         2     0.110286
         3     0.108122
# Cycle: 1005, status: NCR, move: ('s-', 0, 0, 0)
#     Time       Orderp
         0     0.107598
         1     0.110644
         2     0.109155
         3     0.111528
         4     0.107931
# Cycle: 1006, status: ACC, move: ('tr', 0, 0, 0)
#     Time       Orderp
         0     0.108334
         1     0.108637
         2     0.111808
         3     0.108699
         4     0.108897
         5     0.108347
# Cycle: 1007, status: ACC, move: ('sh', 0.11180787092150518, 2, 5)
#     Time       Orderp
         0     0.107840
         1     0.108526
         2     0.108859
         3     0.109456
         4     0.108938
         5     0.111808
         6     0.108376
# Cycle: 1008, status: ACC, move: ('00', 0.11180787092150518, 2, 5)
#     Time       Orderp
         0     0.107840
         1     0.108526
         2     0.108859
         3     0.109456
         4     0.108938
         5     0.111808
         6     0.108376
# Cycle: 1009, status: NCR, move: ('s-', 0, 0, 0)
#     Time       Orderp
         0     0.107931
         1     0.111528
         2     0.109155
         3     0.110644
         4     0.107598
# Cycle: 1010, status: NCR, move: ('sh', 0.10945775440780796, 3, 2)
#     Time       Orderp
         0     0.108093
         1     0.108690
         2     0.109458
         3     0.108618
         4     0.109168
         5     0.109006
         6     0.108953
         7     0.108824
         8     0.108362
# Cycle: 1011, status: NCR, move: ('s-', 0, 0, 0)
#     Time       Orderp
         0     0.107931
         1     0.111528
         2     0.109155
         3     0.110644
         4     0.107598
# Cycle: 1012, status: ACC, move: ('tr', 0, 0, 0)
#     Time       Orderp
         0     0.108376
         1     0.111808
         2     0.108938
         3     0.109456
         4     0.108859
         5     0.108526
         6     0.107840
# Cycle: 1013, status: ACC, move: ('tr', 0, 0, 0)
#     Time       Orderp
         0     0.107840
         1     0.108526
         2     0.108859
         3     0.109456
         4     0.108938
         5     0.111808
         6     0.108376
# Cycle: 1014, status: ACC, move: ('tr', 0, 0, 0)
#     Time       Orderp
         0     0.108376
         1     0.111808
         2     0.108938
         3     0.109456
         4     0.108859
         5     0.108526
         6     0.107840
# Cycle: 1015, status: NCR, move: ('s-', 0, 0, 0)
#     Time       Orderp
         0     0.107598
         1     0.110644
         2     0.109155
         3     0.111528
         4     0.107931
# Cycle: 1016, status: ACC, move: ('00', 0, 0, 0)
#     Time       Orderp
         0     0.108376
         1     0.111808
         2     0.108938
         3     0.109456
         4     0.108859
         5     0.108526
         6     0.107840
# Cycle: 1017, status: ACC, move: ('tr', 0, 0, 0)
#     Time       Orderp
         0     0.107840
         1     0.108526
         2     0.108859
         3     0.109456
         4     0.108938
         5     0.111808
         6     0.108376
# Cycle: 1018, status: NCR, move: ('s-', 0, 0, 0)
#     Time       Orderp
         0     0.107931
         1     0.111528
         2     0.109155
         3     0.110644
         4     0.107598
# Cycle: 1019, status: NCR, move: ('s-', 0, 0, 0)
#     Time       Orderp
         0     0.107931
         1     0.111528
         2     0.109155
         3     0.110644
         4     0.107598
# Cycle: 1020, status: ACC, move: ('tr', 0, 0, 0)
#     Time       Orderp
         0     0.108376
         1     0.111808
         2     0.108938
         3     0.109456
         4     0.108859
         5     0.108526
         6     0.107840
# Cycle: 1021, status: NCR, move: ('s-', 0, 0, 0)
#     Time       Orderp
         0     0.107598
         1     0.110644
         2     0.109155
         3     0.111528
         4     0.107931
# Cycle: 1022, status: NCR, move: ('sh', 0.10945775440780796, 3, 1)
#     Time       Orderp
         0     0.107847
         1     0.109458
         2     0.107974
# Cycle: 1023, status: BTL, move: ('sh', 0.10897247358851678, 5, 0)
#     Time       Orderp
         0     0.108973
         1     0.108623
         2     0.109336
         3     0.108635
         4     0.110018
         5     0.109909
         6     0.108616
         7     0.108682
# Cycle: 1024, status: NCR, move: ('s-', 0, 0, 0)
#     Time       Orderp
         0     0.107598
         1     0.110644
         2     0.109155
         3     0.111528
         4     0.107931
# Cycle: 1025, status: ACC, move: ('00', 0, 0, 0)
#     Time       Orderp
         0     0.108376
         1     0.111808
         2     0.108938
         3     0.109456
         4     0.108859
         5     0.108526
         6     0.107840
# Cycle: 1026, status: BTL, move: ('sh', 0.10945775440780796, 3, 0)
#     Time       Orderp
         0     0.109458
         1     0.108696
         2     0.109447
         3     0.108947
         4     0.108873
         5     0.109547
         6     0.109775
         7     0.109233
         8     0.109198
# Cycle: 1027, status: ACC, move: ('00', 0, 0, 0)
#     Time       Orderp
         0     0.108376
         1     0.111808
         2     0.108938
         3     0.109456
         4     0.108859
         5     0.108526
         6     0.107840
# Cycle: 1028, status: NCR, move: ('s-', 0, 0, 0)
#     Time       Orderp
         0     0.107598
         1     0.110644
         2     0.109155
         3     0.111528
         4     0.107931
# Cycle: 1029, status: NCR, move: ('s-', 0, 0, 0)
#     Time       Orderp
         0     0.107598
         1     0.110644
         2     0.109155
         3     0.111528
         4     0.107931
# Cycle: 1030, status: ACC, move: ('sh', 0.11180787092150518, 1, 1)
#     Time       Orderp
         0     0.108335
         1     0.111808
         2     0.109851
         3     0.108587
         4     0.108069
# Cycle: 1031, status: ACC, move: ('tr', 0, 0, 0)
#     Time       Orderp
         0     0.108069
         1     0.108587
         2     0.109851
         3     0.111808
         4     0.108335
# Cycle: 1032, status: ACC, move: ('tr', 0, 0, 0)
#     Time       Orderp
         0     0.108335
         1     0.111808
         2     0.109851
         3     0.108587
         4     0.108069
# Cycle: 1033, status: BTL, move: ('sh', 0.10890821823902902, 3, 0)
#     Time       Orderp
         0     0.108908
         1     0.108904
         2     0.109132
         3     0.109445
# Cycle: 1034, status: NCR, move: ('s-', 0, 0, 0)
#     Time       Orderp
         0     0.107598
         1     0.110644
         2     0.109155
         3     0.111528
         4     0.107931
# Cycle: 1035, status: NCR, move: ('sh', 0.10890821823902902, 3, 1)
#     Time       Orderp
         0     0.108439
         1     0.108908
         2     0.107901
# Cycle: 1036, status: NCR, move: ('s-', 0, 0, 0)
#     Time       Orderp
         0     0.107598
         1     0.110644
         2     0.109155
         3     0.111528
         4     0.107931
# Cycle: 1037, status: ACC, move: ('00', 0, 0, 0)
#     Time       Orderp
         0     0.108335
         1     0.111808
         2     0.109851
         3     0.108587
         4     0.108069
# Cycle: 1038, status: NCR, move: ('sh', 0.10890821823902902, 3, 5)
#     Time       Orderp
         0     0.108240
         1     0.108973
         2     0.109154
         3     0.108725
         4     0.108720
         5     0.108908
         6     0.108116
# Cycle: 1039, status: ACC, move: ('tr', 0, 0, 0)
#     Time       Orderp
         0     0.108069
         1     0.108587
         2     0.109851
         3     0.111808
         4     0.108335
# Cycle: 1040, status: ACC, move: ('00', 0, 0, 0)
#     Time       Orderp
         0     0.108069
         1     0.108587
         2     0.109851
         3     0.111808
         4     0.108335
# Cycle: 1041, status: ACC, move: ('00', 0, 0, 0)
#     Time       Orderp
         0     0.108069
         1     0.108587
         2     0.109851
         3     0.111808
         4     0.108335
# Cycle: 1042, status: ACC, move: ('tr', 0, 0, 0)
#     Time       Orderp
         0     0.108335
         1     0.111808
         2     0.109851
         3     0.108587
         4     0.108069
# Cycle: 1043, status: ACC, move: ('00', 0, 0, 0)
#     Time       Orderp
         0     0.108335
         1     0.111808
         2     0.109851
         3     0.108587
         4     0.108069
# Cycle: 1044, status: BTL, move: ('sh', 0.10962207806824312, 2, 0)
#     Time       Orderp
         0     0.109622
         1     0.108743
         2     0.108689
         3     0.108527
# Cycle: 1045, status: ACC, move: ('tr', 0, 0, 0)
#     Time       Orderp
         0     0.108069
         1     0.108587
         2     0.109851
         3     0.111808
         4     0.108335
# Cycle: 1046, status: ACC, move: ('tr', 0, 0, 0)
#     Time       Orderp
         0     0.108335
         1     0.111808
         2     0.109851
         3     0.108587
         4     0.108069
# Cycle: 1047, status: BTL, move: ('sh', 0.10962207806824312, 2, 0)
#     Time       Orderp
         0     0.109622
         1     0.109534
         2     0.108542
         3     0.108658
         4     0.109251
         5     0.108721
         6     0.107337
# Cycle: 1048, status: ACC, move: ('00', 0, 0, 0)
#     Time       Orderp
         0     0.108335
         1     0.111808
         2     0.109851
         3     0.108587
         4     0.108069
# Cycle: 1049, status: FTL, move: ('sh', 0.10890821823902902, 3, 4)
#     Time       Orderp
         0     0.108377
         1     0.109135
         2     0.109689
         3     0.109290
         4     0.108908
         5     0.108692
         6     0.108821
# Cycle: 1050, status: ACC, move: ('tr', 0, 0, 0)
#     Time       Orderp
         0     0.108069
         1     0.108587
         2     0.109851
         3     0.111808
         4     0.108335
# Cycle: 1051, status: ACC, move: ('tr', 0, 0, 0)
#     Time       Orderp
         0     0.108335
         1     0.111808
         2     0.109851
         3     0.108587
         4     0.108069
# Cycle: 1052, status: NCR, move: ('s-', 0, 0, 0)
#     Time       Orderp
         0     0.107598
         1     0.110644
         2     0.109155
         3     0.111528
         4     0.107931
# Cycle: 1053, status: ACC, move: ('00', 0, 0, 0)
#     Time       Orderp
         0     0.108335
         1     0.111808
         2     0.109851
         3     0.108587
         4     0.108069
# Cycle: 1054, status: ACC, move: ('tr', 0, 0, 0)
#     Time       Orderp
         0     0.108069
         1     0.108587
         2     0.109851
         3     0.111808
         4     0.108335
# Cycle: 1055, status: ACC, move: ('tr', 0, 0, 0)
#     Time       Orderp
         0     0.108335
         1     0.111808
         2     0.109851
         3     0.108587
         4     0.108069
# Cycle: 1056, status: ACC, move: ('00', 0, 0, 0)
#     Time       Orderp
         0     0.108335
         1     0.111808
         2     0.109851
         3     0.108587
         4     0.108069
# Cycle: 1057, status: ACC, move: ('00', 0, 0, 0)
#     Time       Orderp
         0     0.108335
         1     0.111808
         2     0.109851
         3     0.108587
         4     0.108069
# Cycle: 1058, status: NCR, move: ('sh', 0.10962207806824312, 2, 1)
#     Time       Orderp
         0     0.108466
         1     0.109622
         2     0.108178
# Cycle: 1059, status: NCR, move: ('s-', 0, 0, 0)
#     Time       Orderp
         0     0.107598
         1     0.110644
         2     0.109155
         3     0.111528
         4     0.107931
# Cycle: 1060, status: ACC, move: ('tr', 0, 0, 0)
#     Time       Orderp
         0     0.108069
         1     0.108587
         2     0.109851
         3     0.111808
         4     0.108335
# Cycle: 1061, status: ACC, move: ('00', 0, 0, 0)
#     Time       Orderp
         0     0.108069
         1     0.108587
         2     0.109851
         3     0.111808
         4     0.108335
# Cycle: 1062, status: ACC, move: ('tr', 0, 0, 0)
#     Time       Orderp
         0     0.108335
         1     0.111808
         2     0.109851
         3     0.108587
         4     0.108069
# Cycle: 1063, status: ACC, move: ('tr', 0, 0, 0)
#     Time       Orderp
         0     0.108069
         1     0.108587
         2     0.109851
         3     0.111808
         4     0.108335
# Cycle: 1064, status: ACC, move: ('00', 0, 0, 0)
#     Time       Orderp
         0     0.108069
         1     0.108587
         2     0.109851
         3     0.111808
         4     0.108335
# Cycle: 1065, status: ACC, move: ('00', 0, 0, 0)
#     Time       Orderp
         0     0.108069
         1     0.108587
         2     0.109851
         3     0.111808
         4     0.108335
# Cycle: 1066, status: NCR, move: ('s-', 0, 0, 0)
#     Time       Orderp
         0     0.107931
         1     0.111528
         2     0.109155
         3     0.110644
         4     0.107598
# Cycle: 1067, status: NCR, move: ('s-', 0, 0, 0)
#     Time       Orderp
         0     0.107931
         1     0.111528
         2     0.109155
         3     0.110644
         4     0.107598
# Cycle: 1068, status: NCR, move: ('s-', 0, 0, 0)
#     Time       Orderp
         0     0.107931
         1     0.111528
         2     0.109155
         3     0.110644
         4     0.107598
# Cycle: 1069, status: BTL, move: ('sh', 0.11180787092150518, 3, 0)
#     Time       Orderp
         0     0.111808
         1     0.110414
         2     0.108858
         3     0.109087
# Cycle: 1070, status: NCR, move: ('sh', 0.10962207806824312, 2, 2)
#     Time       Orderp
         0     0.107810
         1     0.109082
         2     0.109622
         3     0.109887
         4     0.108839
         5     0.108380
# Cycle: 1071, status: NCR, move: ('sh', 0.10890821823902902, 1, 1)
#     Time       Orderp
         0     0.108099
         1     0.108908
         2     0.108114
# Cycle: 1072, status: NCR, move: ('s-', 0, 0, 0)
#     Time       Orderp
         0     0.107931
         1     0.111528
         2     0.109155
         3     0.110644
         4     0.107598
# Cycle: 1073, status: NCR, move: ('s-', 0, 0, 0)
#     Time       Orderp
         0     0.107931
         1     0.111528
         2     0.109155
         3     0.110644
         4     0.107598
# Cycle: 1074, status: ACC, move: ('00', 0, 0, 0)
#     Time       Orderp
         0     0.108069
         1     0.108587
         2     0.109851
         3     0.111808
         4     0.108335
# Cycle: 1075, status: BTL, move: ('sh', 0.11180787092150518, 3, 0)
#     Time       Orderp
         0     0.111808
         1     0.109647
         2     0.109460
         3     0.108386
# Cycle: 1076, status: ACC, move: ('tr', 0, 0, 0)
#     Time       Orderp
         0     0.108335
         1     0.111808
         2     0.109851
         3     0.108587
         4     0.108069
# Cycle: 1077, status: NCR, move: ('sh', 0.10962207806824312, 2, 1)
#     Time       Orderp
         0     0.108068
         1     0.109622
         2     0.109092
         3     0.108698
         4     0.108459
# Cycle: 1078, status: BTL, move: ('sh', 0.11180787092150518, 1, 0)
#     Time       Orderp
         0     0.111808
         1     0.109786
         2     0.109068
         3     0.108757
         4     0.109940
# Cycle: 1079, status: NCR, move: ('s-', 0, 0, 0)
#     Time       Orderp
         0     0.107598
         1     0.110644
         2     0.109155
         3     0.111528
         4     0.107931
# Cycle: 1080, status: BTL, move: ('sh', 0.11180787092150518, 1, 0)
#     Time       Orderp
         0     0.111808
         1     0.109092
         2     0.108933
         3     0.109890
# Cycle: 1081, status: NCR, move: ('sh', 0.10962207806824312, 2, 3)
#     Time       Orderp
         0     0.108153
         1     0.108571
         2     0.109460
         3     0.109622
         4     0.108422
# Cycle: 1082, status: NCR, move: ('s-', 0, 0, 0)
#     Time       Orderp
         0     0.107598
         1     0.110644
         2     0.109155
         3     0.111528
         4     0.107931
# Cycle: 1083, status: ACC, move: ('tr', 0, 0, 0)
#     Time       Orderp
         0     0.108069
         1     0.108587
         2     0.109851
         3     0.111808
         4     0.108335
# Cycle: 1084, status: NCR, move: ('s-', 0, 0, 0)
#     Time       Orderp
         0     0.107931
         1     0.111528
         2     0.109155
         3     0.110644
         4     0.107598
# Cycle: 1085, status: NCR, move: ('s-', 0, 0, 0)
#     Time       Orderp
         0     0.107931
         1     0.111528
         2     0.109155
         3     0.110644
         4     0.107598
# Cycle: 1086, status: NCR, move: ('s-', 0, 0, 0)
#     Time       Orderp
         0     0.107931
         1     0.111528
         2     0.109155
         3     0.110644
         4     0.107598
# Cycle: 1087, status: ACC, move: ('00', 0, 0, 0)
#     Time       Orderp
         0     0.108069
         1     0.108587
         2     0.109851
         3     0.111808
         4     0.108335
# Cycle: 1088, status: FTL, move: ('sh', 0.11180787092150518, 3, 3)
#     Time       Orderp
         0     0.107877
         1     0.109337
         2     0.109619
         3     0.111808
         4     0.110894
         5     0.109401
         6     0.108192
# Cycle: 1089, status: FTL, move: ('sh', 0.10890821823902902, 1, 6)
#     Time       Orderp
         0     0.108025
         1     0.109009
         2     0.108686
         3     0.110072
         4     0.109107
         5     0.109773
         6     0.108908
         7     0.109375
         8     0.109752
# Cycle: 1090, status: NCR, move: ('s-', 0, 0, 0)
#     Time       Orderp
         0     0.107931
         1     0.111528
         2     0.109155
         3     0.110644
         4     0.107598
# Cycle: 1091, status: ACC, move: ('00', 0, 0, 0)
#     Time       Orderp
         0     0.108069
         1     0.108587
         2     0.109851
         3     0.111808
         4     0.108335
# Cycle: 1092, status: NCR, move: ('s-', 0, 0, 0)
#     Time       Orderp
         0     0.107931
         1     0.111528
         2     0.109155
         3     0.110644
         4     0.107598
# Cycle: 1093, status: ACC, move: ('00', 0, 0, 0)
#     Time       Orderp
         0     0.108069
         1     0.108587
         2     0.109851
         3     0.111808
         4     0.108335
# Cycle: 1094, status: NCR, move: ('sh', 0.10962207806824312, 2, 1)
#     Time       Orderp
         0     0.108243
         1     0.109622
         2     0.109087
         3     0.108394
# Cycle: 1095, status: ACC, move: ('tr', 0, 0, 0)
#     Time       Orderp
         0     0.108335
         1     0.111808
         2     0.109851
         3     0.108587
         4     0.108069
# Cycle: 1096, status: BTL, move: ('sh', 0.11180787092150518, 1, 0)
#     Time       Orderp
         0     0.111808
         1     0.108975
         2     0.110770
         3     0.108136
# Cycle: 1097, status: ACC, move: ('tr', 0, 0, 0)
#     Time       Orderp
         0     0.108069
         1     0.108587
         2     0.109851
         3     0.111808
         4     0.108335
# Cycle: 1098, status: NCR, move: ('s-', 0, 0, 0)
#     Time       Orderp
         0     0.107931
         1     0.111528
         2     0.109155
         3     0.110644
         4     0.107598
# Cycle: 1099, status: NCR, move: ('s-', 0, 0, 0)
#     Time       Orderp
         0     0.107931
         1     0.111528
         2     0.109155
         3     0.110644
         4     0.107598
# Cycle: 1100, status: ACC, move: ('00', 0, 0, 0)
#     Time       Orderp
         0     0.108069
         1     0.108587
         2     0.109851
         3     0.111808
         4     0.108335
# Cycle: 1101, status: ACC, move: ('tr', 0, 0, 0)
#     Time       Orderp
         0     0.108335
         1     0.111808
         2     0.109851
         3     0.108587
         4     0.108069
# Cycle: 1102, status: ACC, move: ('sh', 0.11180787092150518, 1, 3)
#     Time       Orderp
         0     0.107924
         1     0.108923
         2     0.109345
         3     0.111808
         4     0.108919
         5     0.108618
         6     0.110670
         7     0.108630
         8     0.109160
         9     0.107826
# Cycle: 1103, status: NCR, move: ('sh', 0.10858176642512313, 7, 4)
#     Time       Orderp
         0     0.108460
         1     0.108853
         2     0.109022
         3     0.109017
         4     0.108582
         5     0.110154
         6     0.108815
         7     0.108805
         8     0.108108
# Cycle: 1104, status: ACC, move: ('tr', 0, 0, 0)
#     Time       Orderp
         0     0.107826
         1     0.109160
         2     0.108630
         3     0.110670
         4     0.108618
         5     0.108919
         6     0.111808
         7     0.109345
         8     0.108923
         9     0.107924
# Cycle: 1105, status: ACC, move: ('00', 0, 0, 0)
#     Time       Orderp
         0     0.107826
         1     0.109160
         2     0.108630
         3     0.110670
         4     0.108618
         5     0.108919
         6     0.111808
         7     0.109345
         8     0.108923
         9     0.107924
# Cycle: 1106, status: ACC, move: ('00', 0, 0, 0)
#     Time       Orderp
         0     0.107826
         1     0.109160
         2     0.108630
         3     0.110670
         4     0.108618
         5     0.108919
         6     0.111808
         7     0.109345
         8     0.108923
         9     0.107924
# Cycle: 1107, status: ACC, move: ('tr', 0, 0, 0)
#     Time       Orderp
         0     0.107924
         1     0.108923
         2     0.109345
         3     0.111808
         4     0.108919
         5     0.108618
         6     0.110670
         7     0.108630
         8     0.109160
         9     0.107826
# Cycle: 1108, status: NCR, move: ('s-', 0, 0, 0)
#     Time       Orderp
         0     0.108116
         1     0.111615
         2     0.109441
         3     0.108139
# Cycle: 1109, status: NCR, move: ('s-', 0, 0, 0)
#     Time       Orderp
         0     0.108116
         1     0.111615
         2     0.109441
         3     0.108139
# Cycle: 1110, status: NCR, move: ('s-', 0, 0, 0)
#     Time       Orderp
         0     0.108116
         1     0.111615
         2     0.109441
         3     0.108139
# Cycle: 1111, status: ACC, move: ('tr', 0, 0, 0)
#     Time       Orderp
         0     0.107826
         1     0.109160
         2     0.108630
         3     0.110670
         4     0.108618
         5     0.108919
         6     0.111808
         7     0.109345
         8     0.108923
         9     0.107924
# Cycle: 1112, status: NCR, move: ('sh', 0.10916501271011704, 7, 8)
#     Time       Orderp
         0     0.108220
         1     0.109342
         2     0.108843
         3     0.109068
         4     0.109129
         5     0.110434
         6     0.108919
         7     0.109269
         8     0.109165
         9     0.109164
        10     0.109117
        11     0.108327
# Cycle: 1113, status: NCR, move: ('s-', 0, 0, 0)
#     Time       Orderp
         0     0.108139
         1     0.109441
         2     0.111615
         3     0.108116
# Cycle: 1114, status: NCR, move: ('sh', 0.10867842472174492, 5, 2)
#     Time       Orderp
         0     0.108200
         1     0.109007
         2     0.108678
         3     0.109562
         4     0.108192
# Cycle: 1115, status: NCR, move: ('sh', 0.11039021695784472, 4, 1)
#     Time       Orderp
         0     0.108248
         1     0.108669
         2     0.108833
         3     0.107794
# Cycle: 1116, status: ACC, move: ('00', 0, 0, 0)
#     Time       Orderp
         0     0.107826
         1     0.109160
         2     0.108630
         3     0.110670
         4     0.108618
         5     0.108919
         6     0.111808
         7     0.109345
         8     0.108923
         9     0.107924
# Cycle: 1117, status: ACC, move: ('tr', 0, 0, 0)
#     Time       Orderp
         0     0.107924
         1     0.108923
         2     0.109345
         3     0.111808
         4     0.108919
         5     0.108618
         6     0.110670
         7     0.108630
         8     0.109160
         9     0.107826
# Cycle: 1118, status: NCR, move: ('sh', 0.10916501271011704, 2, 8)
#     Time       Orderp
         0     0.107784
         1     0.109535
         2     0.109692
         3     0.108598
         4     0.108832
         5     0.108647
         6     0.111060
         7     0.108815
         8     0.109165
         9     0.109354
        10     0.108597
        11     0.109901
        12     0.109239
        13     0.109341
        14     0.108564
        15     0.108009
# Cycle: 1119, status: NCR, move: ('s-', 0.11161541112229979, 1, 4)
#     Time       Orderp
         0     0.108032
         1     0.108950
         2     0.108781
         3     0.109277
         4     0.111615
         5     0.109709
         6     0.109560
         7     0.109054
         8     0.108826
         9     0.108778
        10     0.109626
        11     0.108818
        12     0.109271
        13     0.108585
        14     0.108099
# Cycle: 1120, status: NCR, move: ('sh', 0.11045813686641659, 6, 5)
#     Time       Orderp
         0     0.108126
         1     0.108883
         2     0.108946
         3     0.108611
         4     0.108836
         5     0.110458
         6     0.108843
         7     0.108730
         8     0.108374
# Cycle: 1121, status: NCR, move: ('s-', 0.11161541112229979, 1, 4)
#     Time       Orderp
         0     0.108032
         1     0.108950
         2     0.108781
         3     0.109277
         4     0.111615
         5     0.109709
         6     0.109560
         7     0.109054
         8     0.108826
         9     0.108778
        10     0.109626
        11     0.108818
        12     0.109271
        13     0.108585
        14     0.108099
# Cycle: 1122, status: NCR, move: ('s-', 0.11161541112229979, 1, 4)
#     Time       Orderp
         0     0.108032
         1     0.108950
         2     0.108781
         3     0.109277
         4     0.111615
         5     0.109709
         6     0.109560
         7     0.109054
         8     0.108826
         9     0.108778
        10     0.109626
        11     0.108818
        12     0.109271
        13     0.108585
        14     0.108099
# Cycle: 1123, status: NCR, move: ('sh', 0.1086738238951772, 8, 9)
#     Time       Orderp
         0     0.108469
         1     0.109102
         2     0.109112
         3     0.109393
         4     0.109812
         5     0.109165
         6     0.109719
         7     0.108893
         8     0.108536
         9     0.108674
        10     0.111146
        11     0.108251
# Cycle: 1124, status: NCR, move: ('s-', 0.11161541112229979, 1, 4)
#     Time       Orderp
         0     0.108032
         1     0.108950
         2     0.108781
         3     0.109277
         4     0.111615
         5     0.109709
         6     0.109560
         7     0.109054
         8     0.108826
         9     0.108778
        10     0.109626
        11     0.108818
        12     0.109271
        13     0.108585
        14     0.108099
# Cycle: 1125, status: ACC, move: ('00', 0, 0, 0)
#     Time       Orderp
         0     0.107924
         1     0.108923
         2     0.109345
         3     0.111808
         4     0.108919
         5     0.108618
         6     0.110670
         7     0.108630
         8     0.109160
         9     0.107826
# Cycle: 1126, status: NCR, move: ('s-', 0.11161541112229979, 1, 4)
#     Time       Orderp
         0     0.108032
         1     0.108950
         2     0.108781
         3     0.109277
         4     0.111615
         5     0.109709
         6     0.109560
         7     0.109054
         8     0.108826
         9     0.108778
        10     0.109626
        11     0.108818
        12     0.109271
        13     0.108585
        14     0.108099
# Cycle: 1127, status: NCR, move: ('sh', 0.11045813686641659, 6, 2)
#     Time       Orderp
         0     0.107653
         1     0.108711
         2     0.110458
         3     0.108801
         4     0.107851
# Cycle: 1128, status: NCR, move: ('sh', 0.10885311203635856, 1, 1)
#     Time       Orderp
         0     0.108175
         1     0.108853
         2     0.109904
         3     0.109000
         4     0.109280
         5     0.108340
# Cycle: 1129, status: NCR, move: ('sh', 0.11045813686641659, 6, 1)
#     Time       Orderp
         0     0.108020
         1     0.110458
         2     0.108853
         3     0.109176
         4     0.110891
         5     0.108506
         6     0.110428
         7     0.108337
# Cycle: 1130, status: NCR, move: ('sh', 0.10858176642512313, 7, 5)
#     Time       Orderp
         0     0.108421
         1     0.109210
         2     0.109173
         3     0.108933
         4     0.108848
         5     0.108582
         6     0.108781
         7     0.108570
         8     0.108706
         9     0.108797
        10     0.109031
        11     0.108321
# Cycle: 1131, status: ACC, move: ('00', 0, 0, 0)
#     Time       Orderp
         0     0.107924
         1     0.108923
         2     0.109345
         3     0.111808
         4     0.108919
         5     0.108618
         6     0.110670
         7     0.108630
         8     0.109160
         9     0.107826
# Cycle: 1132, status: ACC, move: ('00', 0, 0, 0)
#     Time       Orderp
         0     0.107924
         1     0.108923
         2     0.109345
         3     0.111808
         4     0.108919
         5     0.108618
         6     0.110670
         7     0.108630
         8     0.109160
         9     0.107826
# Cycle: 1133, status: NCR, move: ('sh', 0.10858176642512313, 7, 3)
#     Time       Orderp
         0     0.107881
         1     0.108996
         2     0.109588
         3     0.108582
         4     0.108791
         5     0.108558
         6     0.108377
# Cycle: 1134, status: NCR, move: ('s-', 0.11161541112229979, 1, 4)
#     Time       Orderp
         0     0.108032
         1     0.108950
         2     0.108781
         3     0.109277
         4     0.111615
         5     0.109709
         6     0.109560
         7     0.109054
         8     0.108826
         9     0.108778
        10     0.109626
        11     0.108818
        12     0.109271
        13     0.108585
        14     0.108099
# Cycle: 1135, status: NCR, move: ('s-', 0.11161541112229979, 1, 4)
#     Time       Orderp
         0     0.108032
         1     0.108950
         2     0.108781
         3     0.109277
         4     0.111615
         5     0.109709
         6     0.109560
         7     0.109054
         8     0.108826
         9     0.108778
        10     0.109626
        11     0.108818
        12     0.109271
        13     0.108585
        14     0.108099
# Cycle: 1136, status: ACC, move: ('00', 0, 0, 0)
#     Time       Orderp
         0     0.107924
         1     0.108923
         2     0.109345
         3     0.111808
         4     0.108919
         5     0.108618
         6     0.110670
         7     0.108630
         8     0.109160
         9     0.107826
# Cycle: 1137, status: NCR, move: ('sh', 0.1086738238951772, 8, 1)
#     Time       Orderp
         0     0.107867
         1     0.108674
         2     0.108000
# Cycle: 1138, status: NCR, move: ('s-', 0.11161541112229979, 1, 4)
#     Time       Orderp
         0     0.108032
         1     0.108950
         2     0.108781
         3     0.109277
         4     0.111615
         5     0.109709
         6     0.109560
         7     0.109054
         8     0.108826
         9     0.108778
        10     0.109626
        11     0.108818
        12     0.109271
        13     0.108585
        14     0.108099
# Cycle: 1139, status: ACC, move: ('tr', 0, 0, 0)
#     Time       Orderp
         0     0.107826
         1     0.109160
         2     0.108630
         3     0.110670
         4     0.108618
         5     0.108919
         6     0.111808
         7     0.109345
         8     0.108923
         9     0.107924
# Cycle: 1140, status: ACC, move: ('tr', 0, 0, 0)
#     Time       Orderp
         0     0.107924
         1     0.108923
         2     0.109345
         3     0.111808
         4     0.108919
         5     0.108618
         6     0.110670
         7     0.108630
         8     0.109160
         9     0.107826
# Cycle: 1141, status: ACC, move: ('tr', 0, 0, 0)
#     Time       Orderp
         0     0.107826
         1     0.109160
         2     0.108630
         3     0.110670
         4     0.108618
         5     0.108919
         6     0.111808
         7     0.109345
         8     0.108923
         9     0.107924
# Cycle: 1142, status: NCR, move: ('sh', 0.10916501271011704, 7, 6)
#     Time       Orderp
         0     0.108215
         1     0.111055
         2     0.110097
         3     0.109388
         4     0.109763
         5     0.109172
         6     0.109165
         7     0.109078
         8     0.109078
         9     0.108608
        10     0.108344
# Cycle: 1143, status: NCR, move: ('s-', 0, 0, 0)
#     Time       Orderp
         0     0.108099
         1     0.108585
         2     0.109271
         3     0.108818
         4     0.109626
         5     0.108778
         6     0.108826
         7     0.109054
         8     0.109560
         9     0.109709
        10     0.111615
        11     0.109277
        12     0.108781
        13     0.108950
        14     0.108032
# Cycle: 1144, status: NCR, move: ('s-', 0, 0, 0)
#     Time       Orderp
         0     0.108099
         1     0.108585
         2     0.109271
         3     0.108818
         4     0.109626
         5     0.108778
         6     0.108826
         7     0.109054
         8     0.109560
         9     0.109709
        10     0.111615
        11     0.109277
        12     0.108781
        13     0.108950
        14     0.108032
# Cycle: 1145, status: NCR, move: ('s-', 0, 0, 0)
#     Time       Orderp
         0     0.108099
         1     0.108585
         2     0.109271
         3     0.108818
         4     0.109626
         5     0.108778
         6     0.108826
         7     0.109054
         8     0.109560
         9     0.109709
        10     0.111615
        11     0.109277
        12     0.108781
        13     0.108950
        14     0.108032
# Cycle: 1146, status: ACC, move: ('tr', 0, 0, 0)
#     Time       Orderp
         0     0.107924
         1     0.108923
         2     0.109345
         3     0.111808
         4     0.108919
         5     0.108618
         6     0.110670
         7     0.108630
         8     0.109160
         9     0.107826
# Cycle: 1147, status: ACC, move: ('tr', 0, 0, 0)
#     Time       Orderp
         0     0.107826
         1     0.109160
         2     0.108630
         3     0.110670
         4     0.108618
         5     0.108919
         6     0.111808
         7     0.109345
         8     0.108923
         9     0.107924
# Cycle: 1148, status: NCR, move: ('sh', 0.11045813686641659, 3, 7)
#     Time       Orderp
         0     0.107894
         1     0.109657
         2     0.109091
         3     0.110359
         4     0.109038
         5     0.109109
         6     0.108940
         7     0.110458
         8     0.108786
         9     0.108560
        10     0.109097
        11     0.108941
        12     0.109217
        13     0.108852
        14     0.108746
        15     0.108096
# Cycle: 1149, status: NCR, move: ('s-', 0, 0, 0)
#     Time       Orderp
         0     0.108099
         1     0.108585
         2     0.109271
         3     0.108818
         4     0.109626
         5     0.108778
         6     0.108826
         7     0.109054
         8     0.109560
         9     0.109709
        10     0.111615
        11     0.109277
        12     0.108781
        13     0.108950
        14     0.108032
# Cycle: 1150, status: ACC, move: ('tr', 0, 0, 0)
#     Time       Orderp
         0     0.107924
         1     0.108923
         2     0.109345
         3     0.111808
         4     0.108919
         5     0.108618
         6     0.110670
         7     0.108630
         8     0.109160
         9     0.107826
# Cycle: 1151, status: NCR, move: ('s-', 0, 0, 0)
#     Time       Orderp
         0     0.108032
         1     0.108950
         2     0.108781
         3     0.109277
         4     0.111615
         5     0.109709
         6     0.109560
         7     0.109054
         8     0.108826
         9     0.108778
        10     0.109626
        11     0.108818
        12     0.109271
        13     0.108585
        14     0.108099
# Cycle: 1152, status: NCR, move: ('sh', 0.10858176642512313, 7, 3)
#     Time       Orderp
         0     0.108366
         1     0.108852
         2     0.108911
         3     0.108582
         4     0.109210
         5     0.109846
         6     0.108110
# Cycle: 1153, status: ACC, move: ('00', 0, 0, 0)
#     Time       Orderp
         0     0.107924
         1     0.108923
         2     0.109345
         3     0.111808
         4     0.108919
         5     0.108618
         6     0.110670
         7     0.108630
         8     0.109160
         9     0.107826
# Cycle: 1154, status: ACC, move: ('tr', 0, 0, 0)
#     Time       Orderp
         0     0.107826
         1     0.109160
         2     0.108630
         3     0.110670
         4     0.108618
         5     0.108919
         6     0.111808
         7     0.109345
         8     0.108923
         9     0.107924
# Cycle: 1155, status: NCR, move: ('sh', 0.10885311203635856, 8, 5)
#     Time       Orderp
         0     0.108117
         1     0.109122
         2     0.110569
         3     0.109193
         4     0.108921
         5     0.108853
         6     0.109319
         7     0.108840
         8     0.109239
         9     0.108861
        10     0.108472
# Cycle: 1156, status: NCR, move: ('s-', 0, 0, 0)
#     Time       Orderp
         0     0.108099
         1     0.108585
         2     0.109271
         3     0.108818
         4     0.109626
         5     0.108778
         6     0.108826
         7     0.109054
         8     0.109560
         9     0.109709
        10     0.111615
        11     0.109277
        12     0.108781
        13     0.108950
        14     0.108032
# Cycle: 1157, status: ACC, move: ('00', 0, 0, 0)
#     Time       Orderp
         0     0.107826
         1     0.109160
         2     0.108630
         3     0.110670
         4     0.108618
         5     0.108919
         6     0.111808
         7     0.109345
         8     0.108923
         9     0.107924
# Cycle: 1158, status: ACC, move: ('00', 0, 0, 0)
#     Time       Orderp
         0     0.107826
         1     0.109160
         2     0.108630
         3     0.110670
         4     0.108618
         5     0.108919
         6     0.111808
         7     0.109345
         8     0.108923
         9     0.107924
# Cycle: 1159, status: ACC, move: ('tr', 0, 0, 0)
#     Time       Orderp
         0     0.107924
         1     0.108923
         2     0.109345
         3     0.111808
         4     0.108919
         5     0.108618
         6     0.110670
         7     0.108630
         8     0.109160
         9     0.107826
# Cycle: 1160, status: ACC, move: ('tr', 0, 0, 0)
#     Time       Orderp
         0     0.107826
         1     0.109160
         2     0.108630
         3     0.110670
         4     0.108618
         5     0.108919
         6     0.111808
         7     0.109345
         8     0.108923
         9     0.107924
# Cycle: 1161, status: BTL, move: ('sh', 0.10885311203635856, 8, 0)
#     Time       Orderp
         0     0.108853
         1     0.109639
         2     0.108597
         3     0.108795
         4     0.108615
         5     0.108975
         6     0.108930
         7     0.109534
         8     0.108498
# Cycle: 1162, status: NCR, move: ('s-', 0, 0, 0)
#     Time       Orderp
         0     0.108099
         1     0.108585
         2     0.109271
         3     0.108818
         4     0.109626
         5     0.108778
         6     0.108826
         7     0.109054
         8     0.109560
         9     0.109709
        10     0.111615
        11     0.109277
        12     0.108781
        13     0.108950
        14     0.108032
# Cycle: 1163, status: ACC, move: ('tr', 0, 0, 0)
#     Time       Orderp
         0     0.107924
         1     0.108923
         2     0.109345
         3     0.111808
         4     0.108919
         5     0.108618
         6     0.110670
         7     0.108630
         8     0.109160
         9     0.107826
# Cycle: 1164, status: ACC, move: ('00', 0, 0, 0)
#     Time       Orderp
         0     0.107924
         1     0.108923
         2     0.109345
         3     0.111808
         4     0.108919
         5     0.108618
         6     0.110670
         7     0.108630
         8     0.109160
         9     0.107826
# Cycle: 1165, status: NCR, move: ('s-', 0, 0, 0)
#     Time       Orderp
         0     0.108032
         1     0.108950
         2     0.108781
         3     0.109277
         4     0.111615
         5     0.109709
         6     0.109560
         7     0.109054
         8     0.108826
         9     0.108778
        10     0.109626
        11     0.108818
        12     0.109271
        13     0.108585
        14     0.108099
# Cycle: 1166, status: NCR, move: ('s-', 0, 0, 0)
#     Time       Orderp
         0     0.108032
         1     0.108950
         2     0.108781
         3     0.109277
         4     0.111615
         5     0.109709
         6     0.109560
         7     0.109054
         8     0.108826
         9     0.108778
        10     0.109626
        11     0.108818
        12     0.109271
        13     0.108585
        14     0.108099
# Cycle: 1167, status: ACC, move: ('tr', 0, 0, 0)
#     Time       Orderp
         0     0.107826
         1     0.109160
         2     0.108630
         3     0.110670
         4     0.108618
         5     0.108919
         6     0.111808
         7     0.109345
         8     0.108923
         9     0.107924
# Cycle: 1168, status: NCR, move: ('s-', 0, 0, 0)
#     Time       Orderp
         0     0.108099
         1     0.108585
         2     0.109271
         3     0.108818
         4     0.109626
         5     0.108778
         6     0.108826
         7     0.109054
         8     0.109560
         9     0.109709
        10     0.111615
        11     0.109277
        12     0.108781
        13     0.108950
        14     0.108032
# Cycle: 1169, status: ACC, move: ('tr', 0, 0, 0)
#     Time       Orderp
         0     0.107924
         1     0.108923
         2     0.109345
         3     0.111808
         4     0.108919
         5     0.108618
         6     0.110670
         7     0.108630
         8     0.109160
         9     0.107826
# Cycle: 1170, status: ACC, move: ('tr', 0, 0, 0)
#     Time       Orderp
         0     0.107826
         1     0.109160
         2     0.108630
         3     0.110670
         4     0.108618
         5     0.108919
         6     0.111808
         7     0.109345
         8     0.108923
         9     0.107924
# Cycle: 1171, status: ACC, move: ('00', 0, 0, 0)
#     Time       Orderp
         0     0.107826
         1     0.109160
         2     0.108630
         3     0.110670
         4     0.108618
         5     0.108919
         6     0.111808
         7     0.109345
         8     0.108923
         9     0.107924
# Cycle: 1172, status: NCR, move: ('sh', 0.11039021695784472, 4, 1)
#     Time       Orderp
         0     0.107962
         1     0.108669
         2     0.108964
         3     0.109168
         4     0.108284
# Cycle: 1173, status: NCR, move: ('sh', 0.10858176642512313, 2, 5)
#     Time       Orderp
         0     0.108339
         1     0.109490
         2     0.108761
         3     0.108813
         4     0.109130
         5     0.108582
         6     0.108050
# Cycle: 1174, status: NCR, move: ('sh', 0.11039021695784472, 4, 3)
#     Time       Orderp
         0     0.107914
         1     0.109959
         2     0.108768
         3     0.108669
         4     0.108647
         5     0.108839
         6     0.108603
         7     0.108254
# Cycle: 1175, status: ACC, move: ('s-', 0, 0, 0)
#     Time       Orderp
         0     0.108216
         1     0.111754
         2     0.108044
# Cycle: 1176, status: BTL, move: ('sh', 0.11175419455215096, 1, 0)
#     Time       Orderp
         0     0.111754
         1     0.109659
# Cycle: 1177, status: ACC, move: ('s-', 0, 0, 0)
#     Time       Orderp
         0     0.107826
         1     0.109160
         2     0.108630
         3     0.110670
         4     0.108618
         5     0.108919
         6     0.111808
         7     0.109345
         8     0.108923
         9     0.107924
# Cycle: 1178, status: ACC, move: ('00', 0, 0, 0)
#     Time       Orderp
         0     0.107826
         1     0.109160
         2     0.108630
         3     0.110670
         4     0.108618
         5     0.108919
         6     0.111808
         7     0.109345
         8     0.108923
         9     0.107924
# Cycle: 1179, status: NCR, move: ('sh', 0.10867842472174492, 5, 1)
#     Time       Orderp
         0     0.108476
         1     0.108678
         2     0.110512
         3     0.108274
# Cycle: 1180, status: ACC, move: ('tr', 0, 0, 0)
#     Time       Orderp
         0     0.107924
         1     0.108923
         2     0.109345
         3     0.111808
         4     0.108919
         5     0.108618
         6     0.110670
         7     0.108630
         8     0.109160
         9     0.107826
# Cycle: 1181, status: NCR, move: ('sh', 0.1086738238951772, 8, 1)
#     Time       Orderp
         0     0.108069
         1     0.108674
         2     0.108764
         3     0.108915
         4     0.108209
# Cycle: 1182, status: ACC, move: ('tr', 0, 0, 0)
#     Time       Orderp
         0     0.107826
         1     0.109160
         2     0.108630
         3     0.110670
         4     0.108618
         5     0.108919
         6     0.111808
         7     0.109345
         8     0.108923
         9     0.107924
# Cycle: 1183, status: ACC, move: ('tr', 0, 0, 0)
#     Time       Orderp
         0     0.107924
         1     0.108923
         2     0.109345
         3     0.111808
         4     0.108919
         5     0.108618
         6     0.110670
         7     0.108630
         8     0.109160
         9     0.107826
# Cycle: 1184, status: ACC, move: ('tr', 0, 0, 0)
#     Time       Orderp
         0     0.107826
         1     0.109160
         2     0.108630
         3     0.110670
         4     0.108618
         5     0.108919
         6     0.111808
         7     0.109345
         8     0.108923
         9     0.107924
# Cycle: 1185, status: NCR, move: ('sh', 0.11039021695784472, 4, 8)
#     Time       Orderp
         0     0.108177
         1     0.108759
         2     0.110188
         3     0.109099
         4     0.108868
         5     0.108645
         6     0.109390
         7     0.108674
         8     0.108669
         9     0.108469
# Cycle: 1186, status: ACC, move: ('tr', 0, 0, 0)
#     Time       Orderp
         0     0.107924
         1     0.108923
         2     0.109345
         3     0.111808
         4     0.108919
         5     0.108618
         6     0.110670
         7     0.108630
         8     0.109160
         9     0.107826
# Cycle: 1187, status: NCR, move: ('s-', 0, 0, 0)
#     Time       Orderp
         0     0.108032
         1     0.108950
         2     0.108781
         3     0.109277
         4     0.111615
         5     0.109709
         6     0.109560
         7     0.109054
         8     0.108826
         9     0.108778
        10     0.109626
        11     0.108818
        12     0.109271
        13     0.108585
        14     0.108099
# Cycle: 1188, status: ACC, move: ('tr', 0, 0, 0)
#     Time       Orderp
         0     0.107826
         1     0.109160
         2     0.108630
         3     0.110670
         4     0.108618
         5     0.108919
         6     0.111808
         7     0.109345
         8     0.108923
         9     0.107924
# Cycle: 1189, status: NCR, move: ('s-', 0, 0, 0)
#     Time       Orderp
         0     0.108099
         1     0.108585
         2     0.109271
         3     0.108818
         4     0.109626
         5     0.108778
         6     0.108826
         7     0.109054
         8     0.109560
         9     0.109709
        10     0.111615
        11     0.109277
        12     0.108781
        13     0.108950
        14     0.108032
# Cycle: 1190, status: ACC, move: ('00', 0, 0, 0)
#     Time       Orderp
         0     0.107826
         1     0.109160
         2     0.108630
         3     0.110670
         4     0.108618
         5     0.108919
         6     0.111808
         7     0.109345
         8     0.108923
         9     0.107924
# Cycle: 1191, status: ACC, move: ('00', 0, 0, 0)
#     Time       Orderp
         0     0.107826
         1     0.109160
         2     0.108630
         3     0.110670
         4     0.108618
         5     0.108919
         6     0.111808
         7     0.109345
         8     0.108923
         9     0.107924
# Cycle: 1192, status: ACC, move: ('00', 0, 0, 0)
#     Time       Orderp
         0     0.107826
         1     0.109160
         2     0.108630
         3     0.110670
         4     0.108618
         5     0.108919
         6     0.111808
         7     0.109345
         8     0.108923
         9     0.107924
# Cycle: 1193, status: ACC, move: ('00', 0, 0, 0)
#     Time       Orderp
         0     0.107826
         1     0.109160
         2     0.108630
         3     0.110670
         4     0.108618
         5     0.108919
         6     0.111808
         7     0.109345
         8     0.108923
         9     0.107924
# Cycle: 1194, status: ACC, move: ('00', 0, 0, 0)
#     Time       Orderp
         0     0.107826
         1     0.109160
         2     0.108630
         3     0.110670
         4     0.108618
         5     0.108919
         6     0.111808
         7     0.109345
         8     0.108923
         9     0.107924
# Cycle: 1195, status: NCR, move: ('sh', 0.10867842472174492, 5, 3)
#     Time       Orderp
         0     0.108485
         1     0.109361
         2     0.109432
         3     0.108678
         4     0.108849
         5     0.108366
# Cycle: 1196, status: ACC, move: ('00', 0, 0, 0)
#     Time       Orderp
         0     0.107826
         1     0.109160
         2     0.108630
         3     0.110670
         4     0.108618
         5     0.108919
         6     0.111808
         7     0.109345
         8     0.108923
         9     0.107924
# Cycle: 1197, status: NCR, move: ('s-', 0, 0, 0)
#     Time       Orderp
         0     0.108099
         1     0.108585
         2     0.109271
         3     0.108818
         4     0.109626
         5     0.108778
         6     0.108826
         7     0.109054
         8     0.109560
         9     0.109709
        10     0.111615
        11     0.109277
        12     0.108781
        13     0.108950
        14     0.108032
# Cycle: 1198, status: ACC, move: ('tr', 0, 0, 0)
#     Time       Orderp
         0     0.107924
         1     0.108923
         2     0.109345
         3     0.111808
         4     0.108919
         5     0.108618
         6     0.110670
         7     0.108630
         8     0.109160
         9     0.107826
# Cycle: 1199, status: NCR, move: ('sh', 0.1086738238951772, 8, 1)
#     Time       Orderp
         0     0.108480
         1     0.108674
         2     0.108877
         3     0.109696
         4     0.108736
         5     0.107843
# Cycle: 1200, status: NCR, move: ('s-', 0, 0, 0)
#     Time       Orderp
         0     0.108032
         1     0.108950
         2     0.108781
         3     0.109277
         4     0.111615
         5     0.109709
         6     0.109560
         7     0.109054
         8     0.108826
         9     0.108778
        10     0.109626
        11     0.108818
        12     0.109271
        13     0.108585
        14     0.108099
# Cycle: 1201, status: NCR, move: ('s-', 0, 0, 0)
#     Time       Orderp
         0     0.108032
         1     0.108950
         2     0.108781
         3     0.109277
         4     0.111615
         5     0.109709
         6     0.109560
         7     0.109054
         8     0.108826
         9     0.108778
        10     0.109626
        11     0.108818
        12     0.109271
        13     0.108585
        14     0.108099
# Cycle: 1202, status: ACC, move: ('tr', 0, 0, 0)
#     Time       Orderp
         0     0.107826
         1     0.109160
         2     0.108630
         3     0.110670
         4     0.108618
         5     0.108919
         6     0.111808
         7     0.109345
         8     0.108923
         9     0.107924
# Cycle: 1203, status: ACC, move: ('00', 0, 0, 0)
#     Time       Orderp
         0     0.107826
         1     0.109160
         2     0.108630
         3     0.110670
         4     0.108618
         5     0.108919
         6     0.111808
         7     0.109345
         8     0.108923
         9     0.107924
# Cycle: 1204, status: ACC, move: ('tr', 0, 0, 0)
#     Time       Orderp
         0     0.107924
         1     0.108923
         2     0.109345
         3     0.111808
         4     0.108919
         5     0.108618
         6     0.110670
         7     0.108630
         8     0.109160
         9     0.107826
# Cycle: 1205, status: NCR, move: ('s-', 0, 0, 0)
#     Time       Orderp
         0     0.108032
         1     0.108950
         2     0.108781
         3     0.109277
         4     0.111615
         5     0.109709
         6     0.109560
         7     0.109054
         8     0.108826
         9     0.108778
        10     0.109626
        11     0.108818
        12     0.109271
        13     0.108585
        14     0.108099
# Cycle: 1206, status: ACC, move: ('tr', 0, 0, 0)
#     Time       Orderp
         0     0.107826
         1     0.109160
         2     0.108630
         3     0.110670
         4     0.108618
         5     0.108919
         6     0.111808
         7     0.109345
         8     0.108923
         9     0.107924
# Cycle: 1207, status: ACC, move: ('00', 0, 0, 0)
#     Time       Orderp
         0     0.107826
         1     0.109160
         2     0.108630
         3     0.110670
         4     0.108618
         5     0.108919
         6     0.111808
         7     0.109345
         8     0.108923
         9     0.107924
# Cycle: 1208, status: ACC, move: ('s-', 0, 0, 0)
#     Time       Orderp
         0     0.108216
         1     0.111754
         2     0.108044
# Cycle: 1209, status: ACC, move: ('00', 0, 0, 0)
#     Time       Orderp
         0     0.108216
         1     0.111754
         2     0.108044
# Cycle: 1210, status: ACC, move: ('s-', 0, 0, 0)
#     Time       Orderp
         0     0.107826
         1     0.109160
         2     0.108630
         3     0.110670
         4     0.108618
         5     0.108919
         6     0.111808
         7     0.109345
         8     0.108923
         9     0.107924
# Cycle: 1211, status: ACC, move: ('00', 0, 0, 0)
#     Time       Orderp
         0     0.107826
         1     0.109160
         2     0.108630
         3     0.110670
         4     0.108618
         5     0.108919
         6     0.111808
         7     0.109345
         8     0.108923
         9     0.107924
# Cycle: 1212, status: NCR, move: ('sh', 0.11045813686641659, 3, 3)
#     Time       Orderp
         0     0.108222
         1     0.108558
         2     0.108658
         3     0.110458
         4     0.109569
         5     0.109995
         6     0.108836
         7     0.108757
         8     0.108048
# Cycle: 1213, status: ACC, move: ('00', 0, 0, 0)
#     Time       Orderp
         0     0.107826
         1     0.109160
         2     0.108630
         3     0.110670
         4     0.108618
         5     0.108919
         6     0.111808
         7     0.109345
         8     0.108923
         9     0.107924
# Cycle: 1214, status: ACC, move: ('tr', 0, 0, 0)
#     Time       Orderp
         0     0.107924
         1     0.108923
         2     0.109345
         3     0.111808
         4     0.108919
         5     0.108618
         6     0.110670
         7     0.108630
         8     0.109160
         9     0.107826
# Cycle: 1215, status: ACC, move: ('s-', 0, 0, 0)
#     Time       Orderp
         0     0.108044
         1     0.111754
         2     0.108216
# Cycle: 1216, status: ACC, move: ('tr', 0, 0, 0)
#     Time       Orderp
         0     0.108216
         1     0.111754
         2     0.108044
# Cycle: 1217, status: ACC, move: ('tr', 0, 0, 0)
#     Time       Orderp
         0     0.108044
         1     0.111754
         2     0.108216
# Cycle: 1218, status: BTL, move: ('sh', 0.11175419455215096, 1, 0)
#     Time       Orderp
         0     0.111754
         1     0.108805
# Cycle: 1219, status: ACC, move: ('s-', 0, 0, 0)
#     Time       Orderp
         0     0.107924
         1     0.108923
         2     0.109345
         3     0.111808
         4     0.108919
         5     0.108618
         6     0.110670
         7     0.108630
         8     0.109160
         9     0.107826
# Cycle: 1220, status: ACC, move: ('tr', 0, 0, 0)
#     Time       Orderp
         0     0.107826
         1     0.109160
         2     0.108630
         3     0.110670
         4     0.108618
         5     0.108919
         6     0.111808
         7     0.109345
         8     0.108923
         9     0.107924
# Cycle: 1221, status: ACC, move: ('tr', 0, 0, 0)
#     Time       Orderp
         0     0.107924
         1     0.108923
         2     0.109345
         3     0.111808
         4     0.108919
         5     0.108618
         6     0.110670
         7     0.108630
         8     0.109160
         9     0.107826
# Cycle: 1222, status: ACC, move: ('00', 0, 0, 0)
#     Time       Orderp
         0     0.107924
         1     0.108923
         2     0.109345
         3     0.111808
         4     0.108919
         5     0.108618
         6     0.110670
         7     0.108630
         8     0.109160
         9     0.107826
# Cycle: 1223, status: ACC, move: ('tr', 0, 0, 0)
#     Time       Orderp
         0     0.107826
         1     0.109160
         2     0.108630
         3     0.110670
         4     0.108618
         5     0.108919
         6     0.111808
         7     0.109345
         8     0.108923
         9     0.107924
# Cycle: 1224, status: NCR, move: ('sh', 0.11039021695784472, 4, 10)
#     Time       Orderp
         0     0.108106
         1     0.108935
         2     0.108925
         3     0.109912
         4     0.109383
         5     0.109897
         6     0.108831
         7     0.109713
         8     0.110666
         9     0.109027
        10     0.108669
        11     0.109034
        12     0.108634
        13     0.108434
# Cycle: 1225, status: ACC, move: ('00', 0, 0, 0)
#     Time       Orderp
         0     0.107826
         1     0.109160
         2     0.108630
         3     0.110670
         4     0.108618
         5     0.108919
         6     0.111808
         7     0.109345
         8     0.108923
         9     0.107924
# Cycle: 1226, status: ACC, move: ('s-', 0, 0, 0)
#     Time       Orderp
         0     0.108216
         1     0.111754
         2     0.108044
# Cycle: 1227, status: ACC, move: ('s-', 0, 0, 0)
#     Time       Orderp
         0     0.107826
         1     0.109160
         2     0.108630
         3     0.110670
         4     0.108618
         5     0.108919
         6     0.111808
         7     0.109345
         8     0.108923
         9     0.107924
# Cycle: 1228, status: NCR, move: ('sh', 0.10867842472174492, 5, 14)
#     Time       Orderp
         0     0.108183
         1     0.108577
         2     0.109106
         3     0.109860
         4     0.109066
         5     0.108826
         6     0.109270
         7     0.108818
         8     0.109838
         9     0.109412
        10     0.109616
        11     0.109287
        12     0.109568
        13     0.111125
        14     0.108678
        15     0.108725
        16     0.108924
        17     0.108296
# Cycle: 1229, status: ACC, move: ('s-', 0.11175419455215096, 1, 3)
#     Time       Orderp
         0     0.108499
         1     0.108543
         2     0.108880
         3     0.111754
         4     0.108201
# Cycle: 1230, status: ACC, move: ('tr', 0, 0, 0)
#     Time       Orderp
         0     0.108201
         1     0.111754
         2     0.108880
         3     0.108543
         4     0.108499
# Cycle: 1231, status: ACC, move: ('00', 0, 0, 0)
#     Time       Orderp
         0     0.108201
         1     0.111754
         2     0.108880
         3     0.108543
         4     0.108499
# Cycle: 1232, status: ACC, move: ('s-', 0, 0, 0)
#     Time       Orderp
         0     0.107924
         1     0.108923
         2     0.109345
         3     0.111808
         4     0.108919
         5     0.108618
         6     0.110670
         7     0.108630
         8     0.109160
         9     0.107826
# Cycle: 1233, status: NCR, move: ('sh', 0.10916501271011704, 2, 2)
#     Time       Orderp
         0     0.108309
         1     0.109224
         2     0.109165
         3     0.107851
# Cycle: 1234, status: ACC, move: ('00', 0, 0, 0)
#     Time       Orderp
         0     0.107924
         1     0.108923
         2     0.109345
         3     0.111808
         4     0.108919
         5     0.108618
         6     0.110670
         7     0.108630
         8     0.109160
         9     0.107826
# Cycle: 1235, status: ACC, move: ('00', 0, 0, 0)
#     Time       Orderp
         0     0.107924
         1     0.108923
         2     0.109345
         3     0.111808
         4     0.108919
         5     0.108618
         6     0.110670
         7     0.108630
         8     0.109160
         9     0.107826
# Cycle: 1236, status: ACC, move: ('00', 0, 0, 0)
#     Time       Orderp
         0     0.107924
         1     0.108923
         2     0.109345
         3     0.111808
         4     0.108919
         5     0.108618
         6     0.110670
         7     0.108630
         8     0.109160
         9     0.107826
# Cycle: 1237, status: ACC, move: ('tr', 0, 0, 0)
#     Time       Orderp
         0     0.107826
         1     0.109160
         2     0.108630
         3     0.110670
         4     0.108618
         5     0.108919
         6     0.111808
         7     0.109345
         8     0.108923
         9     0.107924
# Cycle: 1238, status: NCR, move: ('sh', 0.10916501271011704, 7, 2)
#     Time       Orderp
         0     0.108166
         1     0.108743
         2     0.109165
         3     0.107838
# Cycle: 1239, status: NCR, move: ('sh', 0.1086738238951772, 1, 2)
#     Time       Orderp
         0     0.108391
         1     0.109456
         2     0.108674
         3     0.109130
         4     0.108377
# Cycle: 1240, status: ACC, move: ('00', 0, 0, 0)
#     Time       Orderp
         0     0.107826
         1     0.109160
         2     0.108630
         3     0.110670
         4     0.108618
         5     0.108919
         6     0.111808
         7     0.109345
         8     0.108923
         9     0.107924
# Cycle: 1241, status: NCR, move: ('sh', 0.10885311203635856, 8, 5)
#     Time       Orderp
         0     0.108412
         1     0.110507
         2     0.108985
         3     0.108664
         4     0.108899
         5     0.108853
         6     0.107944
# Cycle: 1242, status: NCR, move: ('sh', 0.10916501271011704, 7, 1)
#     Time       Orderp
         0     0.108265
         1     0.109165
         2     0.107608
# Cycle: 1243, status: ACC, move: ('s-', 0, 0, 0)
#     Time       Orderp
         0     0.108499
         1     0.108543
         2     0.108880
         3     0.111754
         4     0.108201
# Cycle: 1244, status: ACC, move: ('s-', 0, 0, 0)
#     Time       Orderp
         0     0.107826
         1     0.109160
         2     0.108630
         3     0.110670
         4     0.108618
         5     0.108919
         6     0.111808
         7     0.109345
         8     0.108923
         9     0.107924
# Cycle: 1245, status: ACC, move: ('00', 0, 0, 0)
#     Time       Orderp
         0     0.107826
         1     0.109160
         2     0.108630
         3     0.110670
         4     0.108618
         5     0.108919
         6     0.111808
         7     0.109345
         8     0.108923
         9     0.107924
# Cycle: 1246, status: ACC, move: ('00', 0, 0, 0)
#     Time       Orderp
         0     0.107826
         1     0.109160
         2     0.108630
         3     0.110670
         4     0.108618
         5     0.108919
         6     0.111808
         7     0.109345
         8     0.108923
         9     0.107924
# Cycle: 1247, status: ACC, move: ('00', 0, 0, 0)
#     Time       Orderp
         0     0.107826
         1     0.109160
         2     0.108630
         3     0.110670
         4     0.108618
         5     0.108919
         6     0.111808
         7     0.109345
         8     0.108923
         9     0.107924
# Cycle: 1248, status: ACC, move: ('s-', 0, 0, 0)
#     Time       Orderp
         0     0.108499
         1     0.108543
         2     0.108880
         3     0.111754
         4     0.108201
# Cycle: 1249, status: NCR, move: ('sh', 0.10894952959971863, 1, 2)
#     Time       Orderp
         0     0.108410
         1     0.109727
         2     0.108950
         3     0.108164
# Cycle: 1250, status: BTL, move: ('sh', 0.10863240768757707, 2, 0)
#     Time       Orderp
         0     0.108632
         1     0.109567
         2     0.109526
         3     0.108888
# Cycle: 1251, status: FTL, move: ('sh', 0.10894952959971863, 1, 1)
#     Time       Orderp
         0     0.108292
         1     0.108950
         2     0.109078
         3     0.108855
         4     0.110011
         5     0.108832
         6     0.108955
         7     0.108876
         8     0.108721
         9     0.108440
# Cycle: 1252, status: ACC, move: ('00', 0, 0, 0)
#     Time       Orderp
         0     0.108499
         1     0.108543
         2     0.108880
         3     0.111754
         4     0.108201
# Cycle: 1253, status: ACC, move: ('s-', 0, 0, 0)
#     Time       Orderp
         0     0.107826
         1     0.109160
         2     0.108630
         3     0.110670
         4     0.108618
         5     0.108919
         6     0.111808
         7     0.109345
         8     0.108923
         9     0.107924
# Cycle: 1254, status: ACC, move: ('tr', 0, 0, 0)
#     Time       Orderp
         0     0.107924
         1     0.108923
         2     0.109345
         3     0.111808
         4     0.108919
         5     0.108618
         6     0.110670
         7     0.108630
         8     0.109160
         9     0.107826
# Cycle: 1255, status: ACC, move: ('00', 0, 0, 0)
#     Time       Orderp
         0     0.107924
         1     0.108923
         2     0.109345
         3     0.111808
         4     0.108919
         5     0.108618
         6     0.110670
         7     0.108630
         8     0.109160
         9     0.107826
# Cycle: 1256, status: ACC, move: ('tr', 0, 0, 0)
#     Time       Orderp
         0     0.107826
         1     0.109160
         2     0.108630
         3     0.110670
         4     0.108618
         5     0.108919
         6     0.111808
         7     0.109345
         8     0.108923
         9     0.107924
# Cycle: 1257, status: ACC, move: ('00', 0, 0, 0)
#     Time       Orderp
         0     0.107826
         1     0.109160
         2     0.108630
         3     0.110670
         4     0.108618
         5     0.108919
         6     0.111808
         7     0.109345
         8     0.108923
         9     0.107924
# Cycle: 1258, status: ACC, move: ('tr', 0, 0, 0)
#     Time       Orderp
         0     0.107924
         1     0.108923
         2     0.109345
         3     0.111808
         4     0.108919
         5     0.108618
         6     0.110670
         7     0.108630
         8     0.109160
         9     0.107826
# Cycle: 1259, status: ACC, move: ('00', 0, 0, 0)
#     Time       Orderp
         0     0.107924
         1     0.108923
         2     0.109345
         3     0.111808
         4     0.108919
         5     0.108618
         6     0.110670
         7     0.108630
         8     0.109160
         9     0.107826
# Cycle: 1260, status: ACC, move: ('s-', 0, 0, 0)
#     Time       Orderp
         0     0.108201
         1     0.111754
         2     0.108880
         3     0.108543
         4     0.108499
# Cycle: 1261, status: ACC, move: ('00', 0, 0, 0)
#     Time       Orderp
         0     0.108201
         1     0.111754
         2     0.108880
         3     0.108543
         4     0.108499
# Cycle: 1262, status: ACC, move: ('s-', 0, 0, 0)
#     Time       Orderp
         0     0.107924
         1     0.108923
         2     0.109345
         3     0.111808
         4     0.108919
         5     0.108618
         6     0.110670
         7     0.108630
         8     0.109160
         9     0.107826
# Cycle: 1263, status: ACC, move: ('s-', 0, 0, 0)
#     Time       Orderp
         0     0.108201
         1     0.111754
         2     0.108880
         3     0.108543
         4     0.108499
# Cycle: 1264, status: ACC, move: ('tr', 0, 0, 0)
#     Time       Orderp
         0     0.108499
         1     0.108543
         2     0.108880
         3     0.111754
         4     0.108201
# Cycle: 1265, status: ACC, move: ('tr', 0, 0, 0)
#     Time       Orderp
         0     0.108201
         1     0.111754
         2     0.108880
         3     0.108543
         4     0.108499
# Cycle: 1266, status: ACC, move: ('s-', 0, 0, 0)
#     Time       Orderp
         0     0.107924
         1     0.108923
         2     0.109345
         3     0.111808
         4     0.108919
         5     0.108618
         6     0.110670
         7     0.108630
         8     0.109160
         9     0.107826
# Cycle: 1267, status: NCR, move: ('sh', 0.1086738238951772, 8, 2)
#     Time       Orderp
         0     0.108485
         1     0.109033
         2     0.108674
         3     0.109105
         4     0.108303
# Cycle: 1268, status: FTL, move: ('sh', 0.11039021695784472, 5, 4)
#     Time       Orderp
         0     0.108280
         1     0.109698
         2     0.109534
         3     0.109166
         4     0.108669
         5     0.109607
         6     0.109853
         7     0.109973
         8     0.109216
         9     0.108563
        10     0.108390
# Cycle: 1269, status: FTL, move: ('sh', 0.11045813686641659, 6, 3)
#     Time       Orderp
         0     0.107503
         1     0.108789
         2     0.108697
         3     0.110458
         4     0.109779
         5     0.109131
         6     0.109902
         7     0.108803
         8     0.108998
         9     0.108523
        10     0.109331
        11     0.108745
# Cycle: 1270, status: ACC, move: ('tr', 0, 0, 0)
#     Time       Orderp
         0     0.107826
         1     0.109160
         2     0.108630
         3     0.110670
         4     0.108618
         5     0.108919
         6     0.111808
         7     0.109345
         8     0.108923
         9     0.107924
# Cycle: 1271, status: ACC, move: ('00', 0, 0, 0)
#     Time       Orderp
         0     0.107826
         1     0.109160
         2     0.108630
         3     0.110670
         4     0.108618
         5     0.108919
         6     0.111808
         7     0.109345
         8     0.108923
         9     0.107924
# Cycle: 1272, status: ACC, move: ('tr', 0, 0, 0)
#     Time       Orderp
         0     0.107924
         1     0.108923
         2     0.109345
         3     0.111808
         4     0.108919
         5     0.108618
         6     0.110670
         7     0.108630
         8     0.109160
         9     0.107826
# Cycle: 1273, status: ACC, move: ('00', 0, 0, 0)
#     Time       Orderp
         0     0.107924
         1     0.108923
         2     0.109345
         3     0.111808
         4     0.108919
         5     0.108618
         6     0.110670
         7     0.108630
         8     0.109160
         9     0.107826
# Cycle: 1274, status: ACC, move: ('sh', 0.11180787092150518, 3, 1)
#     Time       Orderp
         0     0.108224
         1     0.111808
         2     0.109142
         3     0.109032
         4     0.109487
         5     0.108039
# Cycle: 1275, status: NCR, move: ('sh', 0.10901834707974623, 4, 4)
#     Time       Orderp
         0     0.108422
         1     0.108659
         2     0.108838
         3     0.108926
         4     0.109018
         5     0.109341
         6     0.109110
         7     0.107697
# Cycle: 1276, status: ACC, move: ('00', 0.11180787092150518, 3, 1)
#     Time       Orderp
         0     0.108224
         1     0.111808
         2     0.109142
         3     0.109032
         4     0.109487
         5     0.108039
# Cycle: 1277, status: NCR, move: ('sh', 0.10887148386974424, 3, 2)
#     Time       Orderp
         0     0.108422
         1     0.108578
         2     0.108871
         3     0.109425
         4     0.108103
# Cycle: 1278, status: NCR, move: ('sh', 0.10887148386974424, 3, 3)
#     Time       Orderp
         0     0.108431
         1     0.108750
         2     0.108672
         3     0.108871
         4     0.108669
         5     0.108731
         6     0.109051
         7     0.109305
         8     0.108761
         9     0.110420
        10     0.108821
        11     0.108348
# Cycle: 1279, status: BTL, move: ('sh', 0.10966312051004198, 2, 0)
#     Time       Orderp
         0     0.109663
         1     0.108767
         2     0.108795
         3     0.108893
         4     0.109105
# Cycle: 1280, status: ACC, move: ('tr', 0, 0, 0)
#     Time       Orderp
         0     0.108039
         1     0.109487
         2     0.109032
         3     0.109142
         4     0.111808
         5     0.108224
# Cycle: 1281, status: ACC, move: ('s-', 0, 0, 0)
#     Time       Orderp
         0     0.108358
         1     0.111754
         2     0.108803
         3     0.109402
         4     0.108482
# Cycle: 1282, status: ACC, move: ('00', 0, 0, 0)
#     Time       Orderp
         0     0.108358
         1     0.111754
         2     0.108803
         3     0.109402
         4     0.108482
# Cycle: 1283, status: ACC, move: ('tr', 0, 0, 0)
#     Time       Orderp
         0     0.108482
         1     0.109402
         2     0.108803
         3     0.111754
         4     0.108358
# Cycle: 1284, status: ACC, move: ('00', 0, 0, 0)
#     Time       Orderp
         0     0.108482
         1     0.109402
         2     0.108803
         3     0.111754
         4     0.108358
# Cycle: 1285, status: ACC, move: ('s-', 0, 0, 0)
#     Time       Orderp
         0     0.108224
         1     0.111808
         2     0.109142
         3     0.109032
         4     0.109487
         5     0.108039
# Cycle: 1286, status: ACC, move: ('tr', 0, 0, 0)
#     Time       Orderp
         0     0.108039
         1     0.109487
         2     0.109032
         3     0.109142
         4     0.111808
         5     0.108224
# Cycle: 1287, status: ACC, move: ('s-', 0, 0, 0)
#     Time       Orderp
         0     0.108358
         1     0.111754
         2     0.108803
         3     0.109402
         4     0.108482
# Cycle: 1288, status: BTL, move: ('sh', 0.10885311203635853, 2, 0)
#     Time       Orderp
         0     0.108853
         1     0.109876
         2     0.109452
         3     0.108659
         4     0.109083
         5     0.108371
# Cycle: 1289, status: BTL, move: ('sh', 0.10885311203635853, 2, 0)
#     Time       Orderp
         0     0.108853
         1     0.109345
         2     0.109086
         3     0.110004
         4     0.108071
# Cycle: 1290, status: ACC, move: ('00', 0, 0, 0)
#     Time       Orderp
         0     0.108358
         1     0.111754
         2     0.108803
         3     0.109402
         4     0.108482
# Cycle: 1291, status: NCR, move: ('sh', 0.10885311203635853, 2, 1)
#     Time       Orderp
         0     0.108359
         1     0.108853
         2     0.108092
# Cycle: 1292, status: ACC, move: ('tr', 0, 0, 0)
#     Time       Orderp
         0     0.108482
         1     0.109402
         2     0.108803
         3     0.111754
         4     0.108358
# Cycle: 1293, status: ACC, move: ('s-', 0, 0, 0)
#     Time       Orderp
         0     0.108357
         1     0.109033
         2     0.109874
         3     0.110113
         4     0.110741
         5     0.111750
         6     0.107787
# Cycle: 1294, status: ACC, move: ('tr', 0, 0, 0)
#     Time       Orderp
         0     0.107787
         1     0.111750
         2     0.110741
         3     0.110113
         4     0.109874
         5     0.109033
         6     0.108357
# Cycle: 1295, status: NCR, move: ('sh', 0.10931605554537693, 4, 10)
#     Time       Orderp
         0     0.107793
         1     0.109927
         2     0.109638
         3     0.109043
         4     0.110792
         5     0.108759
         6     0.110773
         7     0.108967
         8     0.109202
         9     0.109327
        10     0.109316
        11     0.110475
        12     0.109169
        13     0.108911
        14     0.109717
        15     0.108277
# Cycle: 1296, status: ACC, move: ('tr', 0, 0, 0)
#     Time       Orderp
         0     0.108357
         1     0.109033
         2     0.109874
         3     0.110113
         4     0.110741
         5     0.111750
         6     0.107787
# Cycle: 1297, status: ACC, move: ('tr', 0, 0, 0)
#     Time       Orderp
         0     0.107787
         1     0.111750
         2     0.110741
         3     0.110113
         4     0.109874
         5     0.109033
         6     0.108357
# Cycle: 1298, status: NCR, move: ('sh', 0.10947602477255008, 5, 13)
#     Time       Orderp
         0     0.108241
         1     0.109270
         2     0.109360
         3     0.108727
         4     0.109190
         5     0.109025
         6     0.108864
         7     0.110465
         8     0.108719
         9     0.108685
        10     0.109562
        11     0.108954
        12     0.108566
        13     0.109476
        14     0.108174
# Cycle: 1299, status: ACC, move: ('tr', 0, 0, 0)
#     Time       Orderp
         0     0.108357
         1     0.109033
         2     0.109874
         3     0.110113
         4     0.110741
         5     0.111750
         6     0.107787
# Cycle: 1300, status: ACC, move: ('00', 0, 0, 0)
#     Time       Orderp
         0     0.108357
         1     0.109033
         2     0.109874
         3     0.110113
         4     0.110741
         5     0.111750
         6     0.107787
# Cycle: 1301, status: ACC, move: ('s-', 0, 0, 0)
#     Time       Orderp
         0     0.108482
         1     0.109402
         2     0.108803
         3     0.111754
         4     0.108358
# Cycle: 1302, status: ACC, move: ('s-', 0, 0, 0)
#     Time       Orderp
         0     0.108357
         1     0.109033
         2     0.109874
         3     0.110113
         4     0.110741
         5     0.111750
         6     0.107787
# Cycle: 1303, status: ACC, move: ('s-', 0, 0, 0)
#     Time       Orderp
         0     0.108482
         1     0.109402
         2     0.108803
         3     0.111754
         4     0.108358
# Cycle: 1304, status: ACC, move: ('s-', 0, 0, 0)
#     Time       Orderp
         0     0.108357
         1     0.109033
         2     0.109874
         3     0.110113
         4     0.110741
         5     0.111750
         6     0.107787
# Cycle: 1305, status: ACC, move: ('s-', 0, 0, 0)
#     Time       Orderp
         0     0.108482
         1     0.109402
         2     0.108803
         3     0.111754
         4     0.108358
# Cycle: 1306, status: ACC, move: ('tr', 0, 0, 0)
#     Time       Orderp
         0     0.108358
         1     0.111754
         2     0.108803
         3     0.109402
         4     0.108482
# Cycle: 1307, status: ACC, move: ('tr', 0, 0, 0)
#     Time       Orderp
         0     0.108482
         1     0.109402
         2     0.108803
         3     0.111754
         4     0.108358
# Cycle: 1308, status: ACC, move: ('tr', 0, 0, 0)
#     Time       Orderp
         0     0.108358
         1     0.111754
         2     0.108803
         3     0.109402
         4     0.108482
# Cycle: 1309, status: ACC, move: ('00', 0, 0, 0)
#     Time       Orderp
         0     0.108358
         1     0.111754
         2     0.108803
         3     0.109402
         4     0.108482
# Cycle: 1310, status: BTL, move: ('sh', 0.11175419455215096, 1, 0)
#     Time       Orderp
         0     0.111754
         1     0.108763
         2     0.108938
         3     0.108746
         4     0.109609
# Cycle: 1311, status: ACC, move: ('tr', 0, 0, 0)
#     Time       Orderp
         0     0.108482
         1     0.109402
         2     0.108803
         3     0.111754
         4     0.108358
# Cycle: 1312, status: NCR, move: ('sh', 0.1091970695577496, 1, 1)
#     Time       Orderp
         0     0.108490
         1     0.109197
         2     0.108115
# Cycle: 1313, status: ACC, move: ('s-', 0, 0, 0)
#     Time       Orderp
         0     0.108357
         1     0.109033
         2     0.109874
         3     0.110113
         4     0.110741
         5     0.111750
         6     0.107787
# Cycle: 1314, status: ACC, move: ('s-', 0, 0, 0)
#     Time       Orderp
         0     0.108482
         1     0.109402
         2     0.108803
         3     0.111754
         4     0.108358
# Cycle: 1315, status: ACC, move: ('tr', 0, 0, 0)
#     Time       Orderp
         0     0.108358
         1     0.111754
         2     0.108803
         3     0.109402
         4     0.108482
# Cycle: 1316, status: ACC, move: ('tr', 0, 0, 0)
#     Time       Orderp
         0     0.108482
         1     0.109402
         2     0.108803
         3     0.111754
         4     0.108358
# Cycle: 1317, status: ACC, move: ('00', 0, 0, 0)
#     Time       Orderp
         0     0.108482
         1     0.109402
         2     0.108803
         3     0.111754
         4     0.108358
# Cycle: 1318, status: ACC, move: ('tr', 0, 0, 0)
#     Time       Orderp
         0     0.108358
         1     0.111754
         2     0.108803
         3     0.109402
         4     0.108482
# Cycle: 1319, status: ACC, move: ('s-', 0, 0, 0)
#     Time       Orderp
         0     0.107787
         1     0.111750
         2     0.110741
         3     0.110113
         4     0.109874
         5     0.109033
         6     0.108357
# Cycle: 1320, status: ACC, move: ('s-', 0, 0, 0)
#     Time       Orderp
         0     0.108358
         1     0.111754
         2     0.108803
         3     0.109402
         4     0.108482
# Cycle: 1321, status: ACC, move: ('tr', 0, 0, 0)
#     Time       Orderp
         0     0.108482
         1     0.109402
         2     0.108803
         3     0.111754
         4     0.108358
# Cycle: 1322, status: ACC, move: ('s-', 0, 0, 0)
#     Time       Orderp
         0     0.108357
         1     0.109033
         2     0.109874
         3     0.110113
         4     0.110741
         5     0.111750
         6     0.107787
# Cycle: 1323, status: NCR, move: ('sh', 0.11069326989478626, 4, 1)
#     Time       Orderp
         0     0.108137
         1     0.110693
         2     0.107996
# Cycle: 1324, status: ACC, move: ('00', 0, 0, 0)
#     Time       Orderp
         0     0.108357
         1     0.109033
         2     0.109874
         3     0.110113
         4     0.110741
         5     0.111750
         6     0.107787
# Cycle: 1325, status: ACC, move: ('00', 0, 0, 0)
#     Time       Orderp
         0     0.108357
         1     0.109033
         2     0.109874
         3     0.110113
         4     0.110741
         5     0.111750
         6     0.107787
# Cycle: 1326, status: ACC, move: ('tr', 0, 0, 0)
#     Time       Orderp
         0     0.107787
         1     0.111750
         2     0.110741
         3     0.110113
         4     0.109874
         5     0.109033
         6     0.108357
# Cycle: 1327, status: ACC, move: ('00', 0, 0, 0)
#     Time       Orderp
         0     0.107787
         1     0.111750
         2     0.110741
         3     0.110113
         4     0.109874
         5     0.109033
         6     0.108357
# Cycle: 1328, status: NCR, move: ('sh', 0.1095171219490357, 3, 4)
#     Time       Orderp
         0     0.107735
         1     0.108890
         2     0.108534
         3     0.109392
         4     0.109517
         5     0.108483
# Cycle: 1329, status: ACC, move: ('00', 0, 0, 0)
#     Time       Orderp
         0     0.107787
         1     0.111750
         2     0.110741
         3     0.110113
         4     0.109874
         5     0.109033
         6     0.108357
# Cycle: 1330, status: NCR, move: ('sh', 0.10947602477255008, 5, 3)
#     Time       Orderp
         0     0.108190
         1     0.109985
         2     0.108791
         3     0.109476
         4     0.108277
# Cycle: 1331, status: ACC, move: ('s-', 0.11175419455215096, 1, 1)
#     Time       Orderp
         0     0.108277
         1     0.111754
         2     0.109243
         3     0.108065
# Cycle: 1332, status: ACC, move: ('00', 0.11175419455215096, 1, 1)
#     Time       Orderp
         0     0.108277
         1     0.111754
         2     0.109243
         3     0.108065
# Cycle: 1333, status: ACC, move: ('tr', 0, 0, 0)
#     Time       Orderp
         0     0.108065
         1     0.109243
         2     0.111754
         3     0.108277
# Cycle: 1334, status: ACC, move: ('tr', 0, 0, 0)
#     Time       Orderp
         0     0.108277
         1     0.111754
         2     0.109243
         3     0.108065
# Cycle: 1335, status: BTL, move: ('sh', 0.10916501271011693, 2, 0)
#     Time       Orderp
         0     0.109165
         1     0.109289
         2     0.108505
         3     0.109691
         4     0.108799
         5     0.108995
# Cycle: 1336, status: ACC, move: ('tr', 0, 0, 0)
#     Time       Orderp
         0     0.108065
         1     0.109243
         2     0.111754
         3     0.108277
# Cycle: 1337, status: NCR, move: ('sh', 0.10916501271011693, 1, 3)
#     Time       Orderp
         0     0.108453
         1     0.108888
         2     0.109793
         3     0.109165
         4     0.108737
         5     0.109304
         6     0.110404
         7     0.109389
         8     0.109911
         9     0.108682
        10     0.108935
        11     0.108405
# Cycle: 1338, status: BTL, move: ('sh', 0.11175419455215096, 2, 0)
#     Time       Orderp
         0     0.111754
         1     0.109511
         2     0.109097
         3     0.108377
# Cycle: 1339, status: ACC, move: ('00', 0, 0, 0)
#     Time       Orderp
         0     0.108065
         1     0.109243
         2     0.111754
         3     0.108277
# Cycle: 1340, status: ACC, move: ('s-', 0.11174972035759184, 5, 2)
#     Time       Orderp
         0     0.108102
         1     0.109451
         2     0.111750
         3     0.109244
         4     0.108281
# Cycle: 1341, status: NCR, move: ('sh', 0.10916959283610066, 1, 1)
#     Time       Orderp
         0     0.108486
         1     0.109170
         2     0.109030
         3     0.109275
         4     0.109204
         5     0.108809
         6     0.108727
         7     0.108062
# Cycle: 1342, status: BTL, move: ('sh', 0.11174972035759184, 2, 0)
#     Time       Orderp
         0     0.111750
         1     0.108619
         2     0.109395
         3     0.110550
         4     0.109262
         5     0.108660
         6     0.109585
         7     0.109008
# Cycle: 1343, status: ACC, move: ('00', 0.11174972035759184, 5, 2)
#     Time       Orderp
         0     0.108102
         1     0.109451
         2     0.111750
         3     0.109244
         4     0.108281
# Cycle: 1344, status: ACC, move: ('00', 0.11174972035759184, 5, 2)
#     Time       Orderp
         0     0.108102
         1     0.109451
         2     0.111750
         3     0.109244
         4     0.108281
# Cycle: 1345, status: ACC, move: ('tr', 0, 0, 0)
#     Time       Orderp
         0     0.108281
         1     0.109244
         2     0.111750
         3     0.109451
         4     0.108102
# Cycle: 1346, status: ACC, move: ('tr', 0, 0, 0)
#     Time       Orderp
         0     0.108102
         1     0.109451
         2     0.111750
         3     0.109244
         4     0.108281
# Cycle: 1347, status: ACC, move: ('00', 0, 0, 0)
#     Time       Orderp
         0     0.108102
         1     0.109451
         2     0.111750
         3     0.109244
         4     0.108281
# Cycle: 1348, status: ACC, move: ('tr', 0, 0, 0)
#     Time       Orderp
         0     0.108281
         1     0.109244
         2     0.111750
         3     0.109451
         4     0.108102
# Cycle: 1349, status: ACC, move: ('tr', 0, 0, 0)
#     Time       Orderp
         0     0.108102
         1     0.109451
         2     0.111750
         3     0.109244
         4     0.108281
# Cycle: 1350, status: ACC, move: ('tr', 0, 0, 0)
#     Time       Orderp
         0     0.108281
         1     0.109244
         2     0.111750
         3     0.109451
         4     0.108102
# Cycle: 1351, status: ACC, move: ('00', 0, 0, 0)
#     Time       Orderp
         0     0.108281
         1     0.109244
         2     0.111750
         3     0.109451
         4     0.108102
# Cycle: 1352, status: NCR, move: ('sh', 0.10905044704172466, 1, 11)
#     Time       Orderp
         0     0.108408
         1     0.108736
         2     0.108671
         3     0.108597
         4     0.109333
         5     0.109661
         6     0.108719
         7     0.108582
         8     0.109236
         9     0.108731
        10     0.109262
        11     0.109050
        12     0.109672
        13     0.108859
        14     0.107954
# Cycle: 1353, status: ACC, move: ('00', 0, 0, 0)
#     Time       Orderp
         0     0.108281
         1     0.109244
         2     0.111750
         3     0.109451
         4     0.108102
# Cycle: 1354, status: ACC, move: ('00', 0, 0, 0)
#     Time       Orderp
         0     0.108281
         1     0.109244
         2     0.111750
         3     0.109451
         4     0.108102
# Cycle: 1355, status: ACC, move: ('tr', 0, 0, 0)
#     Time       Orderp
         0     0.108102
         1     0.109451
         2     0.111750
         3     0.109244
         4     0.108281
# Cycle: 1356, status: ACC, move: ('s-', 0, 0, 0)
#     Time       Orderp
         0     0.108065
         1     0.109243
         2     0.111754
         3     0.108277
# Cycle: 1357, status: ACC, move: ('sh', 0.11175419455215096, 2, 5)
#     Time       Orderp
         0     0.107990
         1     0.109443
         2     0.109030
         3     0.110676
         4     0.108948
         5     0.111754
         6     0.107990
# Cycle: 1358, status: ACC, move: ('s-', 0, 0, 0)
#     Time       Orderp
         0     0.108102
         1     0.109451
         2     0.111750
         3     0.109244
         4     0.108281
# Cycle: 1359, status: NCR, move: ('sh', 0.10916959283610066, 1, 13)
#     Time       Orderp
         0     0.107628
         1     0.108753
         2     0.109983
         3     0.108656
         4     0.108811
         5     0.108871
         6     0.108660
         7     0.110091
         8     0.108807
         9     0.109464
        10     0.110175
        11     0.108807
        12     0.109040
        13     0.109170
        14     0.109190
        15     0.108297
# Cycle: 1360, status: NCR, move: ('sh', 0.10916959283610066, 1, 1)
#     Time       Orderp
         0     0.108372
         1     0.109170
         2     0.109121
         3     0.109107
         4     0.108728
         5     0.108012
# Cycle: 1361, status: BTL, move: ('sh', 0.10905044704172466, 3, 0)
#     Time       Orderp
         0     0.109050
         1     0.109096
         2     0.109644
         3     0.109700
         4     0.108931
         5     0.109065
# Cycle: 1362, status: ACC, move: ('tr', 0, 0, 0)
#     Time       Orderp
         0     0.108281
         1     0.109244
         2     0.111750
         3     0.109451
         4     0.108102
# Cycle: 1363, status: NCR, move: ('sh', 0.10916959283610066, 3, 2)
#     Time       Orderp
         0     0.108328
         1     0.108671
         2     0.109170
         3     0.109688
         4     0.108434
# Cycle: 1364, status: ACC, move: ('tr', 0, 0, 0)
#     Time       Orderp
         0     0.108102
         1     0.109451
         2     0.111750
         3     0.109244
         4     0.108281
# Cycle: 1365, status: NCR, move: ('sh', 0.10916959283610066, 1, 1)
#     Time       Orderp
         0     0.107861
         1     0.109170
         2     0.110715
         3     0.108395
# Cycle: 1366, status: ACC, move: ('tr', 0, 0, 0)
#     Time       Orderp
         0     0.108281
         1     0.109244
         2     0.111750
         3     0.109451
         4     0.108102
# Cycle: 1367, status: ACC, move: ('00', 0, 0, 0)
#     Time       Orderp
         0     0.108281
         1     0.109244
         2     0.111750
         3     0.109451
         4     0.108102
# Cycle: 1368, status: ACC, move: ('s-', 0, 0, 0)
#     Time       Orderp
         0     0.108108
         1     0.109177
         2     0.111754
         3     0.109049
         4     0.108044
# Cycle: 1369, status: BTL, move: ('sh', 0.10918333206126296, 1, 0)
#     Time       Orderp
         0     0.109183
         1     0.110377
         2     0.108962
         3     0.109012
# Cycle: 1370, status: ACC, move: ('tr', 0, 0, 0)
#     Time       Orderp
         0     0.108044
         1     0.109049
         2     0.111754
         3     0.109177
         4     0.108108
# Cycle: 1371, status: ACC, move: ('00', 0, 0, 0)
#     Time       Orderp
         0     0.108044
         1     0.109049
         2     0.111754
         3     0.109177
         4     0.108108
# Cycle: 1372, status: ACC, move: ('s-', 0, 0, 0)
#     Time       Orderp
         0     0.108102
         1     0.109451
         2     0.111750
         3     0.109244
         4     0.108281
# Cycle: 1373, status: ACC, move: ('s-', 0, 0, 0)
#     Time       Orderp
         0     0.108044
         1     0.109049
         2     0.111754
         3     0.109177
         4     0.108108
# Cycle: 1374, status: ACC, move: ('00', 0, 0, 0)
#     Time       Orderp
         0     0.108044
         1     0.109049
         2     0.111754
         3     0.109177
         4     0.108108
# Cycle: 1375, status: ACC, move: ('tr', 0, 0, 0)
#     Time       Orderp
         0     0.108108
         1     0.109177
         2     0.111754
         3     0.109049
         4     0.108044
# Cycle: 1376, status: ACC, move: ('tr', 0, 0, 0)
#     Time       Orderp
         0     0.108044
         1     0.109049
         2     0.111754
         3     0.109177
         4     0.108108
# Cycle: 1377, status: NCR, move: ('sh', 0.10918333206126296, 3, 1)
#     Time       Orderp
         0     0.108275
         1     0.109183
         2     0.110280
         3     0.108274
# Cycle: 1378, status: ACC, move: ('sh', 0.11175419455215096, 2, 2)
#     Time       Orderp
         0     0.108426
         1     0.109115
         2     0.111754
         3     0.108854
         4     0.108016
# Cycle: 1379, status: ACC, move: ('00', 0.11175419455215096, 2, 2)
#     Time       Orderp
         0     0.108426
         1     0.109115
         2     0.111754
         3     0.108854
         4     0.108016
# Cycle: 1380, status: ACC, move: ('00', 0.11175419455215096, 2, 2)
#     Time       Orderp
         0     0.108426
         1     0.109115
         2     0.111754
         3     0.108854
         4     0.108016
# Cycle: 1381, status: ACC, move: ('s-', 0, 0, 0)
#     Time       Orderp
         0     0.108102
         1     0.109451
         2     0.111750
         3     0.109244
         4     0.108281
# Cycle: 1382, status: ACC, move: ('s-', 0.11175419455215096, 2, 2)
#     Time       Orderp
         0     0.108426
         1     0.109115
         2     0.111754
         3     0.108854
         4     0.108016
# Cycle: 1383, status: ACC, move: ('00', 0.11175419455215096, 2, 2)
#     Time       Orderp
         0     0.108426
         1     0.109115
         2     0.111754
         3     0.108854
         4     0.108016
# Cycle: 1384, status: ACC, move: ('s-', 0, 0, 0)
#     Time       Orderp
         0     0.108102
         1     0.109451
         2     0.111750
         3     0.109244
         4     0.108281
# Cycle: 1385, status: ACC, move: ('tr', 0, 0, 0)
#     Time       Orderp
         0     0.108281
         1     0.109244
         2     0.111750
         3     0.109451
         4     0.108102
# Cycle: 1386, status: ACC, move: ('s-', 0, 0, 0)
#     Time       Orderp
         0     0.108016
         1     0.108854
         2     0.111754
         3     0.109115
         4     0.108426
# Cycle: 1387, status: ACC, move: ('tr', 0, 0, 0)
#     Time       Orderp
         0     0.108426
         1     0.109115
         2     0.111754
         3     0.108854
         4     0.108016
# Cycle: 1388, status: ACC, move: ('tr', 0, 0, 0)
#     Time       Orderp
         0     0.108016
         1     0.108854
         2     0.111754
         3     0.109115
         4     0.108426
# Cycle: 1389, status: ACC, move: ('s-', 0, 0, 0)
#     Time       Orderp
         0     0.108281
         1     0.109244
         2     0.111750
         3     0.109451
         4     0.108102
# Cycle: 1390, status: ACC, move: ('00', 0, 0, 0)
#     Time       Orderp
         0     0.108281
         1     0.109244
         2     0.111750
         3     0.109451
         4     0.108102
# Cycle: 1391, status: ACC, move: ('s-', 0, 0, 0)
#     Time       Orderp
         0     0.108016
         1     0.108854
         2     0.111754
         3     0.109115
         4     0.108426
# Cycle: 1392, status: ACC, move: ('00', 0, 0, 0)
#     Time       Orderp
         0     0.108016
         1     0.108854
         2     0.111754
         3     0.109115
         4     0.108426
# Cycle: 1393, status: ACC, move: ('s-', 0, 0, 0)
#     Time       Orderp
         0     0.107950
         1     0.109436
         2     0.108978
         3     0.111808
         4     0.108367
# Cycle: 1394, status: ACC, move: ('s-', 0, 0, 0)
#     Time       Orderp
         0     0.108016
         1     0.108854
         2     0.111754
         3     0.109115
         4     0.108426
# Cycle: 1395, status: ACC, move: ('00', 0, 0, 0)
#     Time       Orderp
         0     0.108016
         1     0.108854
         2     0.111754
         3     0.109115
         4     0.108426
# Cycle: 1396, status: ACC, move: ('s-', 0, 0, 0)
#     Time       Orderp
         0     0.108281
         1     0.109244
         2     0.111750
         3     0.109451
         4     0.108102
# Cycle: 1397, status: ACC, move: ('s-', 0, 0, 0)
#     Time       Orderp
         0     0.108016
         1     0.108854
         2     0.111754
         3     0.109115
         4     0.108426
# Cycle: 1398, status: ACC, move: ('s-', 0, 0, 0)
#     Time       Orderp
         0     0.108281
         1     0.109244
         2     0.111750
         3     0.109451
         4     0.108102
# Cycle: 1399, status: ACC, move: ('00', 0, 0, 0)
#     Time       Orderp
         0     0.108281
         1     0.109244
         2     0.111750
         3     0.109451
         4     0.108102
# Cycle: 1400, status: ACC, move: ('tr', 0, 0, 0)
#     Time       Orderp
         0     0.108102
         1     0.109451
         2     0.111750
         3     0.109244
         4     0.108281
# Cycle: 1401, status: ACC, move: ('tr', 0, 0, 0)
#     Time       Orderp
         0     0.108281
         1     0.109244
         2     0.111750
         3     0.109451
         4     0.108102
# Cycle: 1402, status: ACC, move: ('tr', 0, 0, 0)
#     Time       Orderp
         0     0.108102
         1     0.109451
         2     0.111750
         3     0.109244
         4     0.108281
# Cycle: 1403, status: ACC, move: ('00', 0, 0, 0)
#     Time       Orderp
         0     0.108102
         1     0.109451
         2     0.111750
         3     0.109244
         4     0.108281
# Cycle: 1404, status: ACC, move: ('s-', 0, 0, 0)
#     Time       Orderp
         0     0.108426
         1     0.109115
         2     0.111754
         3     0.108854
         4     0.108016
# Cycle: 1405, status: ACC, move: ('s-', 0, 0, 0)
#     Time       Orderp
         0     0.108102
         1     0.109451
         2     0.111750
         3     0.109244
         4     0.108281
# Cycle: 1406, status: ACC, move: ('s-', 0, 0, 0)
#     Time       Orderp
         0     0.108426
         1     0.109115
         2     0.111754
         3     0.108854
         4     0.108016
# Cycle: 1407, status: ACC, move: ('tr', 0, 0, 0)
#     Time       Orderp
         0     0.108016
         1     0.108854
         2     0.111754
         3     0.109115
         4     0.108426
# Cycle: 1408, status: ACC, move: ('tr', 0, 0, 0)
#     Time       Orderp
         0     0.108426
         1     0.109115
         2     0.111754
         3     0.108854
         4     0.108016
# Cycle: 1409, status: ACC, move: ('s-', 0, 0, 0)
#     Time       Orderp
         0     0.108102
         1     0.109451
         2     0.111750
         3     0.109244
         4     0.108281
# Cycle: 1410, status: ACC, move: ('tr', 0, 0, 0)
#     Time       Orderp
         0     0.108281
         1     0.109244
         2     0.111750
         3     0.109451
         4     0.108102
# Cycle: 1411, status: ACC, move: ('s-', 0, 0, 0)
#     Time       Orderp
         0     0.108016
         1     0.108854
         2     0.111754
         3     0.109115
         4     0.108426
# Cycle: 1412, status: NCR, move: ('sh', 0.10966312051004197, 3, 1)
#     Time       Orderp
         0     0.108456
         1     0.109663
         2     0.107767
# Cycle: 1413, status: ACC, move: ('tr', 0, 0, 0)
#     Time       Orderp
         0     0.108426
         1     0.109115
         2     0.111754
         3     0.108854
         4     0.108016
# Cycle: 1414, status: ACC, move: ('s-', 0, 0, 0)
#     Time       Orderp
         0     0.108102
         1     0.109451
         2     0.111750
         3     0.109244
         4     0.108281
# Cycle: 1415, status: ACC, move: ('00', 0, 0, 0)
#     Time       Orderp
         0     0.108102
         1     0.109451
         2     0.111750
         3     0.109244
         4     0.108281
# Cycle: 1416, status: BTL, move: ('sh', 0.10905044704172466, 3, 0)
#     Time       Orderp
         0     0.109050
         1     0.110033
         2     0.108974
         3     0.108778
# Cycle: 1417, status: FTL, move: ('sh', 0.10905044704172466, 3, 1)
#     Time       Orderp
         0     0.108415
         1     0.109050
         2     0.109010
         3     0.108934
         4     0.110251
# Cycle: 1418, status: ACC, move: ('tr', 0, 0, 0)
#     Time       Orderp
         0     0.108281
         1     0.109244
         2     0.111750
         3     0.109451
         4     0.108102
# Cycle: 1419, status: ACC, move: ('s-', 0, 0, 0)
#     Time       Orderp
         0     0.108016
         1     0.108854
         2     0.111754
         3     0.109115
         4     0.108426
# Cycle: 1420, status: ACC, move: ('00', 0, 0, 0)
#     Time       Orderp
         0     0.108016
         1     0.108854
         2     0.111754
         3     0.109115
         4     0.108426
# Cycle: 1421, status: ACC, move: ('tr', 0, 0, 0)
#     Time       Orderp
         0     0.108426
         1     0.109115
         2     0.111754
         3     0.108854
         4     0.108016
# Cycle: 1422, status: ACC, move: ('s-', 0, 0, 0)
#     Time       Orderp
         0     0.108102
         1     0.109451
         2     0.111750
         3     0.109244
         4     0.108281
# Cycle: 1423, status: ACC, move: ('s-', 0, 0, 0)
#     Time       Orderp
         0     0.108426
         1     0.109115
         2     0.111754
         3     0.108854
         4     0.108016
# Cycle: 1424, status: ACC, move: ('s-', 0, 0, 0)
#     Time       Orderp
         0     0.108102
         1     0.109451
         2     0.111750
         3     0.109244
         4     0.108281
# Cycle: 1425, status: ACC, move: ('s-', 0, 0, 0)
#     Time       Orderp
         0     0.108426
         1     0.109115
         2     0.111754
         3     0.108854
         4     0.108016
# Cycle: 1426, status: ACC, move: ('s-', 0, 0, 0)
#     Time       Orderp
         0     0.108102
         1     0.109451
         2     0.111750
         3     0.109244
         4     0.108281
# Cycle: 1427, status: ACC, move: ('s-', 0, 0, 0)
#     Time       Orderp
         0     0.108426
         1     0.109115
         2     0.111754
         3     0.108854
         4     0.108016
# Cycle: 1428, status: ACC, move: ('s-', 0, 0, 0)
#     Time       Orderp
         0     0.108102
         1     0.109451
         2     0.111750
         3     0.109244
         4     0.108281
# Cycle: 1429, status: ACC, move: ('tr', 0, 0, 0)
#     Time       Orderp
         0     0.108281
         1     0.109244
         2     0.111750
         3     0.109451
         4     0.108102
# Cycle: 1430, status: ACC, move: ('s-', 0, 0, 0)
#     Time       Orderp
         0     0.108016
         1     0.108854
         2     0.111754
         3     0.109115
         4     0.108426
# Cycle: 1431, status: ACC, move: ('s-', 0, 0, 0)
#     Time       Orderp
         0     0.108281
         1     0.109244
         2     0.111750
         3     0.109451
         4     0.108102
# Cycle: 1432, status: ACC, move: ('s-', 0, 0, 0)
#     Time       Orderp
         0     0.108016
         1     0.108854
         2     0.111754
         3     0.109115
         4     0.108426
# Cycle: 1433, status: ACC, move: ('00', 0, 0, 0)
#     Time       Orderp
         0     0.108016
         1     0.108854
         2     0.111754
         3     0.109115
         4     0.108426
# Cycle: 1434, status: ACC, move: ('s-', 0, 0, 0)
#     Time       Orderp
         0     0.108281
         1     0.109244
         2     0.111750
         3     0.109451
         4     0.108102
# Cycle: 1435, status: ACC, move: ('00', 0, 0, 0)
#     Time       Orderp
         0     0.108281
         1     0.109244
         2     0.111750
         3     0.109451
         4     0.108102
# Cycle: 1436, status: ACC, move: ('tr', 0, 0, 0)
#     Time       Orderp
         0     0.108102
         1     0.109451
         2     0.111750
         3     0.109244
         4     0.108281
# Cycle: 1437, status: ACC, move: ('00', 0, 0, 0)
#     Time       Orderp
         0     0.108102
         1     0.109451
         2     0.111750
         3     0.109244
         4     0.108281
# Cycle: 1438, status: ACC, move: ('00', 0, 0, 0)
#     Time       Orderp
         0     0.108102
         1     0.109451
         2     0.111750
         3     0.109244
         4     0.108281
# Cycle: 1439, status: BTL, move: ('sh', 0.11174972035759184, 2, 0)
#     Time       Orderp
         0     0.111750
         1     0.109456
         2     0.110237
         3     0.108852
         4     0.109487
         5     0.110697
         6     0.110791
# Cycle: 1440, status: ACC, move: ('tr', 0, 0, 0)
#     Time       Orderp
         0     0.108281
         1     0.109244
         2     0.111750
         3     0.109451
         4     0.108102
# Cycle: 1441, status: NCR, move: ('sh', 0.10916959283610066, 3, 2)
#     Time       Orderp
         0     0.108177
         1     0.108896
         2     0.109170
         3     0.108113
# Cycle: 1442, status: NCR, move: ('sh', 0.10916959283610066, 3, 1)
#     Time       Orderp
         0     0.107702
         1     0.109170
         2     0.107419
# Cycle: 1443, status: ACC, move: ('s-', 0, 0, 0)
#     Time       Orderp
         0     0.108016
         1     0.108854
         2     0.111754
         3     0.109115
         4     0.108426
# Cycle: 1444, status: NCR, move: ('sh', 0.10861859877571631, 1, 7)
#     Time       Orderp
         0     0.108039
         1     0.109369
         2     0.108940
         3     0.108532
         4     0.110036
         5     0.108580
         6     0.109255
         7     0.108619
         8     0.110962
         9     0.108917
        10     0.108389
# Cycle: 1445, status: ACC, move: ('tr', 0, 0, 0)
#     Time       Orderp
         0     0.108426
         1     0.109115
         2     0.111754
         3     0.108854
         4     0.108016
# Cycle: 1446, status: FTL, move: ('sh', 0.11175419455215096, 2, 1)
#     Time       Orderp
         0     0.108375
         1     0.111754
         2     0.108757
         3     0.108571
         4     0.108874
         5     0.108760
         6     0.109395
         7     0.108965
         8     0.110318
         9     0.108934
        10     0.108748
        11     0.108850
# Cycle: 1447, status: ACC, move: ('s-', 0, 0, 0)
#     Time       Orderp
         0     0.108102
         1     0.109451
         2     0.111750
         3     0.109244
         4     0.108281
# Cycle: 1448, status: ACC, move: ('tr', 0, 0, 0)
#     Time       Orderp
         0     0.108281
         1     0.109244
         2     0.111750
         3     0.109451
         4     0.108102
# Cycle: 1449, status: ACC, move: ('00', 0, 0, 0)
#     Time       Orderp
         0     0.108281
         1     0.109244
         2     0.111750
         3     0.109451
         4     0.108102
# Cycle: 1450, status: ACC, move: ('00', 0, 0, 0)
#     Time       Orderp
         0     0.108281
         1     0.109244
         2     0.111750
         3     0.109451
         4     0.108102
# Cycle: 1451, status: ACC, move: ('s-', 0, 0, 0)
#     Time       Orderp
         0     0.108016
         1     0.108854
         2     0.111754
         3     0.109115
         4     0.108426
# Cycle: 1452, status: ACC, move: ('00', 0, 0, 0)
#     Time       Orderp
         0     0.108016
         1     0.108854
         2     0.111754
         3     0.109115
         4     0.108426
# Cycle: 1453, status: ACC, move: ('sh', 0.11175419455215096, 2, 3)
#     Time       Orderp
         0     0.108397
         1     0.108650
         2     0.108816
         3     0.111754
         4     0.108303
# Cycle: 1454, status: ACC, move: ('sh', 0.11175419455215096, 3, 3)
#     Time       Orderp
         0     0.108120
         1     0.109669
         2     0.108932
         3     0.111754
         4     0.110260
         5     0.108114
# Cycle: 1455, status: ACC, move: ('s-', 0, 0, 0)
#     Time       Orderp
         0     0.108432
         1     0.109136
         2     0.109921
         3     0.108647
         4     0.111808
         5     0.109405
         6     0.109234
         7     0.109632
         8     0.109534
         9     0.108436
# Cycle: 1456, status: ACC, move: ('s-', 0.11175419455215096, 3, 3)
#     Time       Orderp
         0     0.108120
         1     0.109669
         2     0.108932
         3     0.111754
         4     0.110260
         5     0.108114
# Cycle: 1457, status: NCR, move: ('sh', 0.10886229834061008, 2, 2)
#     Time       Orderp
         0     0.108471
         1     0.109471
         2     0.108862
         3     0.109046
         4     0.108886
         5     0.108974
         6     0.109381
         7     0.108477
# Cycle: 1458, status: FTL, move: ('sh', 0.11175419455215096, 3, 1)
#     Time       Orderp
         0     0.107953
         1     0.111754
         2     0.108541
         3     0.108705
         4     0.108841
         5     0.108340
# Cycle: 1459, status: ACC, move: ('00', 0.11175419455215096, 3, 3)
#     Time       Orderp
         0     0.108120
         1     0.109669
         2     0.108932
         3     0.111754
         4     0.110260
         5     0.108114
# Cycle: 1460, status: ACC, move: ('tr', 0, 0, 0)
#     Time       Orderp
         0     0.108114
         1     0.110260
         2     0.111754
         3     0.108932
         4     0.109669
         5     0.108120
# Cycle: 1461, status: FTL, move: ('sh', 0.11062549434917823, 1, 3)
#     Time       Orderp
         0     0.108308
         1     0.108759
         2     0.110198
         3     0.110625
         4     0.109556
         5     0.109266
         6     0.108549
         7     0.109226
         8     0.110197
# Cycle: 1462, status: ACC, move: ('tr', 0, 0, 0)
#     Time       Orderp
         0     0.108120
         1     0.109669
         2     0.108932
         3     0.111754
         4     0.110260
         5     0.108114
# Cycle: 1463, status: ACC, move: ('tr', 0, 0, 0)
#     Time       Orderp
         0     0.108114
         1     0.110260
         2     0.111754
         3     0.108932
         4     0.109669
         5     0.108120
# Cycle: 1464, status: ACC, move: ('tr', 0, 0, 0)
#     Time       Orderp
         0     0.108120
         1     0.109669
         2     0.108932
         3     0.111754
         4     0.110260
         5     0.108114
# Cycle: 1465, status: ACC, move: ('tr', 0, 0, 0)
#     Time       Orderp
         0     0.108114
         1     0.110260
         2     0.111754
         3     0.108932
         4     0.109669
         5     0.108120
# Cycle: 1466, status: NCR, move: ('sh', 0.10926573113286707, 4, 1)
#     Time       Orderp
         0     0.108193
         1     0.109266
         2     0.109585
         3     0.108529
         4     0.108598
         5     0.108509
         6     0.108969
         7     0.108828
         8     0.109584
         9     0.108557
        10     0.109059
        11     0.108121
# Cycle: 1467, status: ACC, move: ('s-', 0, 0, 0)
#     Time       Orderp
         0     0.108288
         1     0.108857
         2     0.108633
         3     0.109035
         4     0.111750
         5     0.109100
         6     0.109284
         7     0.107772
# Cycle: 1468, status: ACC, move: ('s-', 0, 0, 0)
#     Time       Orderp
         0     0.108114
         1     0.110260
         2     0.111754
         3     0.108932
         4     0.109669
         5     0.108120
# Cycle: 1469, status: ACC, move: ('tr', 0, 0, 0)
#     Time       Orderp
         0     0.108120
         1     0.109669
         2     0.108932
         3     0.111754
         4     0.110260
         5     0.108114
# Cycle: 1470, status: BTL, move: ('sh', 0.10926573113286707, 1, 0)
#     Time       Orderp
         0     0.109266
         1     0.108861
         2     0.109026
         3     0.109597
         4     0.108771
# Cycle: 1471, status: ACC, move: ('s-', 0, 0, 0)
#     Time       Orderp
         0     0.107772
         1     0.109284
         2     0.109100
         3     0.111750
         4     0.109035
         5     0.108633
         6     0.108857
         7     0.108288
# Cycle: 1472, status: ACC, move: ('tr', 0, 0, 0)
#     Time       Orderp
         0     0.108288
         1     0.108857
         2     0.108633
         3     0.109035
         4     0.111750
         5     0.109100
         6     0.109284
         7     0.107772
# Cycle: 1473, status: ACC, move: ('tr', 0, 0, 0)
#     Time       Orderp
         0     0.107772
         1     0.109284
         2     0.109100
         3     0.111750
         4     0.109035
         5     0.108633
         6     0.108857
         7     0.108288
# Cycle: 1474, status: ACC, move: ('tr', 0, 0, 0)
#     Time       Orderp
         0     0.108288
         1     0.108857
         2     0.108633
         3     0.109035
         4     0.111750
         5     0.109100
         6     0.109284
         7     0.107772
# Cycle: 1475, status: NCR, move: ('sh', 0.10949885844153813, 3, 5)
#     Time       Orderp
         0     0.108453
         1     0.109342
         2     0.109030
         3     0.109546
         4     0.109110
         5     0.109499
         6     0.109003
         7     0.109198
         8     0.109565
         9     0.109981
        10     0.108873
        11     0.108924
        12     0.108734
        13     0.108624
        14     0.109851
        15     0.108684
        16     0.108791
        17     0.108452
# Cycle: 1476, status: ACC, move: ('00', 0, 0, 0)
#     Time       Orderp
         0     0.108288
         1     0.108857
         2     0.108633
         3     0.109035
         4     0.111750
         5     0.109100
         6     0.109284
         7     0.107772
# Cycle: 1477, status: ACC, move: ('tr', 0, 0, 0)
#     Time       Orderp
         0     0.107772
         1     0.109284
         2     0.109100
         3     0.111750
         4     0.109035
         5     0.108633
         6     0.108857
         7     0.108288
# Cycle: 1478, status: ACC, move: ('00', 0, 0, 0)
#     Time       Orderp
         0     0.107772
         1     0.109284
         2     0.109100
         3     0.111750
         4     0.109035
         5     0.108633
         6     0.108857
         7     0.108288
# Cycle: 1479, status: ACC, move: ('s-', 0, 0, 0)
#     Time       Orderp
         0     0.108472
         1     0.108849
         2     0.108566
         3     0.110992
         4     0.109452
         5     0.109470
         6     0.108648
         7     0.110843
         8     0.109357
         9     0.109468
        10     0.111754
        11     0.108829
        12     0.108078
# Cycle: 1480, status: ACC, move: ('tr', 0, 0, 0)
#     Time       Orderp
         0     0.108078
         1     0.108829
         2     0.111754
         3     0.109468
         4     0.109357
         5     0.110843
         6     0.108648
         7     0.109470
         8     0.109452
         9     0.110992
        10     0.108566
        11     0.108849
        12     0.108472
# Cycle: 1481, status: ACC, move: ('00', 0, 0, 0)
#     Time       Orderp
         0     0.108078
         1     0.108829
         2     0.111754
         3     0.109468
         4     0.109357
         5     0.110843
         6     0.108648
         7     0.109470
         8     0.109452
         9     0.110992
        10     0.108566
        11     0.108849
        12     0.108472
# Cycle: 1482, status: ACC, move: ('00', 0, 0, 0)
#     Time       Orderp
         0     0.108078
         1     0.108829
         2     0.111754
         3     0.109468
         4     0.109357
         5     0.110843
         6     0.108648
         7     0.109470
         8     0.109452
         9     0.110992
        10     0.108566
        11     0.108849
        12     0.108472
# Cycle: 1483, status: KOB, move: ('sh', 0.10846197490365028, 6, 0)
#     Time       Orderp
         0     0.108462
# Cycle: 1484, status: ACC, move: ('s-', 0, 0, 0)
#     Time       Orderp
         0     0.108288
         1     0.108857
         2     0.108633
         3     0.109035
         4     0.111750
         5     0.109100
         6     0.109284
         7     0.107772
# Cycle: 1485, status: ACC, move: ('00', 0, 0, 0)
#     Time       Orderp
         0     0.108288
         1     0.108857
         2     0.108633
         3     0.109035
         4     0.111750
         5     0.109100
         6     0.109284
         7     0.107772
# Cycle: 1486, status: ACC, move: ('tr', 0, 0, 0)
#     Time       Orderp
         0     0.107772
         1     0.109284
         2     0.109100
         3     0.111750
         4     0.109035
         5     0.108633
         6     0.108857
         7     0.108288
# Cycle: 1487, status: ACC, move: ('00', 0, 0, 0)
#     Time       Orderp
         0     0.107772
         1     0.109284
         2     0.109100
         3     0.111750
         4     0.109035
         5     0.108633
         6     0.108857
         7     0.108288
# Cycle: 1488, status: NCR, move: ('sh', 0.10872902096496556, 6, 1)
#     Time       Orderp
         0     0.108381
         1     0.108729
         2     0.108629
         3     0.108935
         4     0.109392
         5     0.109054
         6     0.108706
         7     0.108806
         8     0.108708
         9     0.108336
# Cycle: 1489, status: NCR, move: ('sh', 0.10949885844153813, 4, 8)
#     Time       Orderp
         0     0.108471
         1     0.109380
         2     0.108761
         3     0.108533
         4     0.109281
         5     0.109774
         6     0.109782
         7     0.109888
         8     0.109499
         9     0.109132
        10     0.108031
# Cycle: 1490, status: ACC, move: ('s-', 0.11175419455215096, 10, 1)
#     Time       Orderp
         0     0.108188
         1     0.111754
         2     0.109147
         3     0.108781
         4     0.110787
         5     0.108781
         6     0.108578
         7     0.109651
         8     0.109163
         9     0.108821
        10     0.108728
        11     0.109096
        12     0.108725
        13     0.109049
        14     0.108968
        15     0.107866
# Cycle: 1491, status: ACC, move: ('00', 0.11175419455215096, 10, 1)
#     Time       Orderp
         0     0.108188
         1     0.111754
         2     0.109147
         3     0.108781
         4     0.110787
         5     0.108781
         6     0.108578
         7     0.109651
         8     0.109163
         9     0.108821
        10     0.108728
        11     0.109096
        12     0.108725
        13     0.109049
        14     0.108968
        15     0.107866
# Cycle: 1492, status: ACC, move: ('s-', 0, 0, 0)
#     Time       Orderp
         0     0.107747
         1     0.108576
         2     0.108977
         3     0.109157
         4     0.109234
         5     0.110701
         6     0.109013
         7     0.109591
         8     0.111808
         9     0.108446
# Cycle: 1493, status: ACC, move: ('s-', 0.11175419455215096, 10, 1)
#     Time       Orderp
         0     0.108188
         1     0.111754
         2     0.109147
         3     0.108781
         4     0.110787
         5     0.108781
         6     0.108578
         7     0.109651
         8     0.109163
         9     0.108821
        10     0.108728
        11     0.109096
        12     0.108725
        13     0.109049
        14     0.108968
        15     0.107866
# Cycle: 1494, status: NCR, move: ('sh', 0.10962663909835055, 5, 1)
#     Time       Orderp
         0     0.108139
         1     0.109627
         2     0.108359
# Cycle: 1495, status: ACC, move: ('00', 0.11175419455215096, 10, 1)
#     Time       Orderp
         0     0.108188
         1     0.111754
         2     0.109147
         3     0.108781
         4     0.110787
         5     0.108781
         6     0.108578
         7     0.109651
         8     0.109163
         9     0.108821
        10     0.108728
        11     0.109096
        12     0.108725
        13     0.109049
        14     0.108968
        15     0.107866
# Cycle: 1496, status: ACC, move: ('00', 0.11175419455215096, 10, 1)
#     Time       Orderp
         0     0.108188
         1     0.111754
         2     0.109147
         3     0.108781
         4     0.110787
         5     0.108781
         6     0.108578
         7     0.109651
         8     0.109163
         9     0.108821
        10     0.108728
        11     0.109096
        12     0.108725
        13     0.109049
        14     0.108968
        15     0.107866
# Cycle: 1497, status: NCR, move: ('sh', 0.10903669107231738, 11, 6)
#     Time       Orderp
         0     0.108344
         1     0.108692
         2     0.108856
         3     0.108778
         4     0.108523
         5     0.108595
         6     0.109037
         7     0.109306
         8     0.110226
         9     0.108343
# Cycle: 1498, status: ACC, move: ('00', 0.11175419455215096, 10, 1)
#     Time       Orderp
         0     0.108188
         1     0.111754
         2     0.109147
         3     0.108781
         4     0.110787
         5     0.108781
         6     0.108578
         7     0.109651
         8     0.109163
         9     0.108821
        10     0.108728
        11     0.109096
        12     0.108725
        13     0.109049
        14     0.108968
        15     0.107866
# Cycle: 1499, status: ACC, move: ('00', 0.11175419455215096, 10, 1)
#     Time       Orderp
         0     0.108188
         1     0.111754
         2     0.109147
         3     0.108781
         4     0.110787
         5     0.108781
         6     0.108578
         7     0.109651
         8     0.109163
         9     0.108821
        10     0.108728
        11     0.109096
        12     0.108725
        13     0.109049
        14     0.108968
        15     0.107866
# Cycle: 1500, status: ACC, move: ('00', 0.11175419455215096, 10, 1)
#     Time       Orderp
         0     0.108188
         1     0.111754
         2     0.109147
         3     0.108781
         4     0.110787
         5     0.108781
         6     0.108578
         7     0.109651
         8     0.109163
         9     0.108821
        10     0.108728
        11     0.109096
        12     0.108725
        13     0.109049
        14     0.108968
        15     0.107866
# Cycle: 1501, status: ACC, move: ('00', 0.11175419455215096, 10, 1)
#     Time       Orderp
         0     0.108188
         1     0.111754
         2     0.109147
         3     0.108781
         4     0.110787
         5     0.108781
         6     0.108578
         7     0.109651
         8     0.109163
         9     0.108821
        10     0.108728
        11     0.109096
        12     0.108725
        13     0.109049
        14     0.108968
        15     0.107866
# Cycle: 1502, status: ACC, move: ('s-', 0.11180787092150518, 8, 4)
#     Time       Orderp
         0     0.107942
         1     0.108934
         2     0.108580
         3     0.108913
         4     0.111808
         5     0.108712
         6     0.109815
         7     0.109220
         8     0.108265
# Cycle: 1503, status: ACC, move: ('tr', 0, 0, 0)
#     Time       Orderp
         0     0.108265
         1     0.109220
         2     0.109815
         3     0.108712
         4     0.111808
         5     0.108913
         6     0.108580
         7     0.108934
         8     0.107942
# Cycle: 1504, status: ACC, move: ('00', 0, 0, 0)
#     Time       Orderp
         0     0.108265
         1     0.109220
         2     0.109815
         3     0.108712
         4     0.111808
         5     0.108913
         6     0.108580
         7     0.108934
         8     0.107942
# Cycle: 1505, status: NCR, move: ('sh', 0.10869222603295957, 6, 5)
#     Time       Orderp
         0     0.108214
         1     0.110081
         2     0.108963
         3     0.108558
         4     0.109049
         5     0.108692
         6     0.108689
         7     0.110123
         8     0.109387
         9     0.108623
        10     0.108333
# Cycle: 1506, status: ACC, move: ('s-', 0, 0, 0)
#     Time       Orderp
         0     0.108288
         1     0.108857
         2     0.108633
         3     0.109035
         4     0.111750
         5     0.109100
         6     0.109284
         7     0.107772
# Cycle: 1507, status: ACC, move: ('00', 0, 0, 0)
#     Time       Orderp
         0     0.108288
         1     0.108857
         2     0.108633
         3     0.109035
         4     0.111750
         5     0.109100
         6     0.109284
         7     0.107772
# Cycle: 1508, status: NCR, move: ('sh', 0.10885311203635835, 5, 2)
#     Time       Orderp
         0     0.108191
         1     0.109161
         2     0.108853
         3     0.108278
# Cycle: 1509, status: NCR, move: ('sh', 0.10948059188732971, 6, 3)
#     Time       Orderp
         0     0.108315
         1     0.109418
         2     0.109139
         3     0.108784
         4     0.109081
         5     0.108510
         6     0.108088
# Cycle: 1510, status: ACC, move: ('tr', 0, 0, 0)
#     Time       Orderp
         0     0.107772
         1     0.109284
         2     0.109100
         3     0.111750
         4     0.109035
         5     0.108633
         6     0.108857
         7     0.108288
# Cycle: 1511, status: ACC, move: ('s-', 0, 0, 0)
#     Time       Orderp
         0     0.108188
         1     0.111754
         2     0.109147
         3     0.108781
         4     0.110787
         5     0.108781
         6     0.108578
         7     0.109651
         8     0.109163
         9     0.108821
        10     0.108728
        11     0.109096
        12     0.108725
        13     0.109049
        14     0.108968
        15     0.107866
# Cycle: 1512, status: ACC, move: ('00', 0, 0, 0)
#     Time       Orderp
         0     0.108188
         1     0.111754
         2     0.109147
         3     0.108781
         4     0.110787
         5     0.108781
         6     0.108578
         7     0.109651
         8     0.109163
         9     0.108821
        10     0.108728
        11     0.109096
        12     0.108725
        13     0.109049
        14     0.108968
        15     0.107866
# Cycle: 1513, status: NCR, move: ('sh', 0.10903669107231738, 11, 1)
#     Time       Orderp
         0     0.107922
         1     0.109037
         2     0.110822
         3     0.108287
# Cycle: 1514, status: ACC, move: ('tr', 0, 0, 0)
#     Time       Orderp
         0     0.107866
         1     0.108968
         2     0.109049
         3     0.108725
         4     0.109096
         5     0.108728
         6     0.108821
         7     0.109163
         8     0.109651
         9     0.108578
        10     0.108781
        11     0.110787
        12     0.108781
        13     0.109147
        14     0.111754
        15     0.108188
# Cycle: 1515, status: ACC, move: ('00', 0, 0, 0)
#     Time       Orderp
         0     0.107866
         1     0.108968
         2     0.109049
         3     0.108725
         4     0.109096
         5     0.108728
         6     0.108821
         7     0.109163
         8     0.109651
         9     0.108578
        10     0.108781
        11     0.110787
        12     0.108781
        13     0.109147
        14     0.111754
        15     0.108188
# Cycle: 1516, status: ACC, move: ('s-', 0, 0, 0)
#     Time       Orderp
         0     0.108288
         1     0.108857
         2     0.108633
         3     0.109035
         4     0.111750
         5     0.109100
         6     0.109284
         7     0.107772
# Cycle: 1517, status: ACC, move: ('00', 0, 0, 0)
#     Time       Orderp
         0     0.108288
         1     0.108857
         2     0.108633
         3     0.109035
         4     0.111750
         5     0.109100
         6     0.109284
         7     0.107772
# Cycle: 1518, status: ACC, move: ('00', 0, 0, 0)
#     Time       Orderp
         0     0.108288
         1     0.108857
         2     0.108633
         3     0.109035
         4     0.111750
         5     0.109100
         6     0.109284
         7     0.107772
# Cycle: 1519, status: ACC, move: ('tr', 0, 0, 0)
#     Time       Orderp
         0     0.107772
         1     0.109284
         2     0.109100
         3     0.111750
         4     0.109035
         5     0.108633
         6     0.108857
         7     0.108288
# Cycle: 1520, status: ACC, move: ('s-', 0, 0, 0)
#     Time       Orderp
         0     0.108188
         1     0.111754
         2     0.109147
         3     0.108781
         4     0.110787
         5     0.108781
         6     0.108578
         7     0.109651
         8     0.109163
         9     0.108821
        10     0.108728
        11     0.109096
        12     0.108725
        13     0.109049
        14     0.108968
        15     0.107866
# Cycle: 1521, status: ACC, move: ('00', 0, 0, 0)
#     Time       Orderp
         0     0.108188
         1     0.111754
         2     0.109147
         3     0.108781
         4     0.110787
         5     0.108781
         6     0.108578
         7     0.109651
         8     0.109163
         9     0.108821
        10     0.108728
        11     0.109096
        12     0.108725
        13     0.109049
        14     0.108968
        15     0.107866
# Cycle: 1522, status: ACC, move: ('tr', 0, 0, 0)
#     Time       Orderp
         0     0.107866
         1     0.108968
         2     0.109049
         3     0.108725
         4     0.109096
         5     0.108728
         6     0.108821
         7     0.109163
         8     0.109651
         9     0.108578
        10     0.108781
        11     0.110787
        12     0.108781
        13     0.109147
        14     0.111754
        15     0.108188
# Cycle: 1523, status: ACC, move: ('00', 0, 0, 0)
#     Time       Orderp
         0     0.107866
         1     0.108968
         2     0.109049
         3     0.108725
         4     0.109096
         5     0.108728
         6     0.108821
         7     0.109163
         8     0.109651
         9     0.108578
        10     0.108781
        11     0.110787
        12     0.108781
        13     0.109147
        14     0.111754
        15     0.108188
# Cycle: 1524, status: ACC, move: ('tr', 0, 0, 0)
#     Time       Orderp
         0     0.108188
         1     0.111754
         2     0.109147
         3     0.108781
         4     0.110787
         5     0.108781
         6     0.108578
         7     0.109651
         8     0.109163
         9     0.108821
        10     0.108728
        11     0.109096
        12     0.108725
        13     0.109049
        14     0.108968
        15     0.107866
# Cycle: 1525, status: ACC, move: ('s-', 0, 0, 0)
#     Time       Orderp
         0     0.107772
         1     0.109284
         2     0.109100
         3     0.111750
         4     0.109035
         5     0.108633
         6     0.108857
         7     0.108288
# Cycle: 1526, status: FTL, move: ('sh', 0.10872902096496556, 6, 2)
#     Time       Orderp
         0     0.108130
         1     0.108853
         2     0.108729
         3     0.109000
         4     0.110314
         5     0.109520
         6     0.110885
         7     0.108878
# Cycle: 1527, status: ACC, move: ('00', 0, 0, 0)
#     Time       Orderp
         0     0.107772
         1     0.109284
         2     0.109100
         3     0.111750
         4     0.109035
         5     0.108633
         6     0.108857
         7     0.108288
# Cycle: 1528, status: ACC, move: ('tr', 0, 0, 0)
#     Time       Orderp
         0     0.108288
         1     0.108857
         2     0.108633
         3     0.109035
         4     0.111750
         5     0.109100
         6     0.109284
         7     0.107772
# Cycle: 1529, status: ACC, move: ('tr', 0, 0, 0)
#     Time       Orderp
         0     0.107772
         1     0.109284
         2     0.109100
         3     0.111750
         4     0.109035
         5     0.108633
         6     0.108857
         7     0.108288
# Cycle: 1530, status: ACC, move: ('s-', 0, 0, 0)
#     Time       Orderp
         0     0.107942
         1     0.108934
         2     0.108580
         3     0.108913
         4     0.111808
         5     0.108712
         6     0.109815
         7     0.109220
         8     0.108265
# Cycle: 1531, status: ACC, move: ('00', 0, 0, 0)
#     Time       Orderp
         0     0.107942
         1     0.108934
         2     0.108580
         3     0.108913
         4     0.111808
         5     0.108712
         6     0.109815
         7     0.109220
         8     0.108265
# Cycle: 1532, status: ACC, move: ('tr', 0, 0, 0)
#     Time       Orderp
         0     0.108265
         1     0.109220
         2     0.109815
         3     0.108712
         4     0.111808
         5     0.108913
         6     0.108580
         7     0.108934
         8     0.107942
# Cycle: 1533, status: NCR, move: ('sh', 0.10909170454255443, 7, 1)
#     Time       Orderp
         0     0.108100
         1     0.109092
         2     0.108571
         3     0.110131
         4     0.108015
# Cycle: 1534, status: NCR, move: ('sh', 0.10918333206126285, 5, 1)
#     Time       Orderp
         0     0.108091
         1     0.109183
         2     0.109769
         3     0.108730
         4     0.108889
         5     0.109706
         6     0.109934
         7     0.108550
         8     0.109775
         9     0.109371
        10     0.107656
# Cycle: 1535, status: ACC, move: ('00', 0, 0, 0)
#     Time       Orderp
         0     0.108265
         1     0.109220
         2     0.109815
         3     0.108712
         4     0.111808
         5     0.108913
         6     0.108580
         7     0.108934
         8     0.107942
# Cycle: 1536, status: NCR, move: ('sh', 0.10918333206126285, 5, 1)
#     Time       Orderp
         0     0.108031
         1     0.109183
         2     0.108238
# Cycle: 1537, status: ACC, move: ('00', 0, 0, 0)
#     Time       Orderp
         0     0.108265
         1     0.109220
         2     0.109815
         3     0.108712
         4     0.111808
         5     0.108913
         6     0.108580
         7     0.108934
         8     0.107942
# Cycle: 1538, status: ACC, move: ('tr', 0, 0, 0)
#     Time       Orderp
         0     0.107942
         1     0.108934
         2     0.108580
         3     0.108913
         4     0.111808
         5     0.108712
         6     0.109815
         7     0.109220
         8     0.108265
# Cycle: 1539, status: ACC, move: ('00', 0, 0, 0)
#     Time       Orderp
         0     0.107942
         1     0.108934
         2     0.108580
         3     0.108913
         4     0.111808
         5     0.108712
         6     0.109815
         7     0.109220
         8     0.108265
# Cycle: 1540, status: ACC, move: ('s-', 0, 0, 0)
#     Time       Orderp
         0     0.107772
         1     0.109284
         2     0.109100
         3     0.111750
         4     0.109035
         5     0.108633
         6     0.108857
         7     0.108288
# Cycle: 1541, status: ACC, move: ('sh', 0.11174972035759184, 3, 2)
#     Time       Orderp
         0     0.108247
         1     0.108768
         2     0.111750
         3     0.108138
# Cycle: 1542, status: BTL, move: ('sh', 0.10869222603295975, 1, 0)
#     Time       Orderp
         0     0.108692
         1     0.108983
         2     0.108278
# Cycle: 1543, status: ACC, move: ('s-', 0.11180787092150518, 4, 5)
#     Time       Orderp
         0     0.108371
         1     0.109307
         2     0.110545
         3     0.109023
         4     0.108869
         5     0.111808
         6     0.108957
         7     0.109497
         8     0.109165
         9     0.108231
# Cycle: 1544, status: KOB, move: ('sh', 0.10848963084092396, 8, 0)
#     Time       Orderp
         0     0.108490
# Cycle: 1545, status: ACC, move: ('tr', 0, 0, 0)
#     Time       Orderp
         0     0.108231
         1     0.109165
         2     0.109497
         3     0.108957
         4     0.111808
         5     0.108869
         6     0.109023
         7     0.110545
         8     0.109307
         9     0.108371
# Cycle: 1546, status: ACC, move: ('s-', 0, 0, 0)
#     Time       Orderp
         0     0.108138
         1     0.111750
         2     0.108768
         3     0.108247
# Cycle: 1547, status: ACC, move: ('tr', 0, 0, 0)
#     Time       Orderp
         0     0.108247
         1     0.108768
         2     0.111750
         3     0.108138
# Cycle: 1548, status: ACC, move: ('s-', 0, 0, 0)
#     Time       Orderp
         0     0.108371
         1     0.109307
         2     0.110545
         3     0.109023
         4     0.108869
         5     0.111808
         6     0.108957
         7     0.109497
         8     0.109165
         9     0.108231
# Cycle: 1549, status: ACC, move: ('00', 0, 0, 0)
#     Time       Orderp
         0     0.108371
         1     0.109307
         2     0.110545
         3     0.109023
         4     0.108869
         5     0.111808
         6     0.108957
         7     0.109497
         8     0.109165
         9     0.108231
# Cycle: 1550, status: ACC, move: ('tr', 0, 0, 0)
#     Time       Orderp
         0     0.108231
         1     0.109165
         2     0.109497
         3     0.108957
         4     0.111808
         5     0.108869
         6     0.109023
         7     0.110545
         8     0.109307
         9     0.108371
# Cycle: 1551, status: NCR, move: ('sh', 0.10876580344942981, 5, 1)
#     Time       Orderp
         0     0.108184
         1     0.108766
         2     0.109235
         3     0.109125
         4     0.108963
         5     0.108325
# Cycle: 1552, status: ACC, move: ('s-', 0, 0, 0)
#     Time       Orderp
         0     0.108158
         1     0.111754
         2     0.109027
         3     0.109856
         4     0.108054
# Cycle: 1553, status: ACC, move: ('tr', 0, 0, 0)
#     Time       Orderp
         0     0.108054
         1     0.109856
         2     0.109027
         3     0.111754
         4     0.108158
# Cycle: 1554, status: ACC, move: ('s-', 0, 0, 0)
#     Time       Orderp
         0     0.108371
         1     0.109307
         2     0.110545
         3     0.109023
         4     0.108869
         5     0.111808
         6     0.108957
         7     0.109497
         8     0.109165
         9     0.108231
# Cycle: 1555, status: ACC, move: ('tr', 0, 0, 0)
#     Time       Orderp
         0     0.108231
         1     0.109165
         2     0.109497
         3     0.108957
         4     0.111808
         5     0.108869
         6     0.109023
         7     0.110545
         8     0.109307
         9     0.108371
# Cycle: 1556, status: ACC, move: ('s-', 0, 0, 0)
#     Time       Orderp
         0     0.108158
         1     0.111754
         2     0.109027
         3     0.109856
         4     0.108054
# Cycle: 1557, status: ACC, move: ('tr', 0, 0, 0)
#     Time       Orderp
         0     0.108054
         1     0.109856
         2     0.109027
         3     0.111754
         4     0.108158
# Cycle: 1558, status: KOB, move: ('sh', 0.10833743581975723, 2, 0)
#     Time       Orderp
         0     0.108337
# Cycle: 1559, status: ACC, move: ('s-', 0, 0, 0)
#     Time       Orderp
         0     0.108371
         1     0.109307
         2     0.110545
         3     0.109023
         4     0.108869
         5     0.111808
         6     0.108957
         7     0.109497
         8     0.109165
         9     0.108231
# Cycle: 1560, status: ACC, move: ('s-', 0, 0, 0)
#     Time       Orderp
         0     0.108054
         1     0.109856
         2     0.109027
         3     0.111754
         4     0.108158
# Cycle: 1561, status: ACC, move: ('00', 0, 0, 0)
#     Time       Orderp
         0     0.108054
         1     0.109856
         2     0.109027
         3     0.111754
         4     0.108158
# Cycle: 1562, status: BTL, move: ('sh', 0.11053506231056283, 1, 0)
#     Time       Orderp
         0     0.110535
         1     0.108692
         2     0.110097
         3     0.108985
# Cycle: 1563, status: ACC, move: ('tr', 0, 0, 0)
#     Time       Orderp
         0     0.108158
         1     0.111754
         2     0.109027
         3     0.109856
         4     0.108054
# Cycle: 1564, status: ACC, move: ('tr', 0, 0, 0)
#     Time       Orderp
         0     0.108054
         1     0.109856
         2     0.109027
         3     0.111754
         4     0.108158
# Cycle: 1565, status: NCR, move: ('sh', 0.11053506231056283, 1, 1)
#     Time       Orderp
         0     0.108398
         1     0.110535
         2     0.108114
# Cycle: 1566, status: NCR, move: ('sh', 0.11053506231056283, 1, 4)
#     Time       Orderp
         0     0.108472
         1     0.108688
         2     0.108947
         3     0.109198
         4     0.110535
         5     0.110962
         6     0.107747
# Cycle: 1567, status: ACC, move: ('tr', 0, 0, 0)
#     Time       Orderp
         0     0.108158
         1     0.111754
         2     0.109027
         3     0.109856
         4     0.108054
# Cycle: 1568, status: ACC, move: ('00', 0, 0, 0)
#     Time       Orderp
         0     0.108158
         1     0.111754
         2     0.109027
         3     0.109856
         4     0.108054
# Cycle: 1569, status: ACC, move: ('s-', 0, 0, 0)
#     Time       Orderp
         0     0.108231
         1     0.109165
         2     0.109497
         3     0.108957
         4     0.111808
         5     0.108869
         6     0.109023
         7     0.110545
         8     0.109307
         9     0.108371
# Cycle: 1570, status: ACC, move: ('s-', 0, 0, 0)
#     Time       Orderp
         0     0.108158
         1     0.111754
         2     0.109027
         3     0.109856
         4     0.108054
# Cycle: 1571, status: ACC, move: ('s-', 0, 0, 0)
#     Time       Orderp
         0     0.108231
         1     0.109165
         2     0.109497
         3     0.108957
         4     0.111808
         5     0.108869
         6     0.109023
         7     0.110545
         8     0.109307
         9     0.108371
# Cycle: 1572, status: ACC, move: ('tr', 0, 0, 0)
#     Time       Orderp
         0     0.108371
         1     0.109307
         2     0.110545
         3     0.109023
         4     0.108869
         5     0.111808
         6     0.108957
         7     0.109497
         8     0.109165
         9     0.108231
# Cycle: 1573, status: ACC, move: ('s-', 0, 0, 0)
#     Time       Orderp
         0     0.108054
         1     0.109856
         2     0.109027
         3     0.111754
         4     0.108158
# Cycle: 1574, status: ACC, move: ('tr', 0, 0, 0)
#     Time       Orderp
         0     0.108158
         1     0.111754
         2     0.109027
         3     0.109856
         4     0.108054
# Cycle: 1575, status: ACC, move: ('tr', 0, 0, 0)
#     Time       Orderp
         0     0.108054
         1     0.109856
         2     0.109027
         3     0.111754
         4     0.108158
# Cycle: 1576, status: ACC, move: ('s-', 0, 0, 0)
#     Time       Orderp
         0     0.108371
         1     0.109307
         2     0.110545
         3     0.109023
         4     0.108869
         5     0.111808
         6     0.108957
         7     0.109497
         8     0.109165
         9     0.108231
# Cycle: 1577, status: ACC, move: ('00', 0, 0, 0)
#     Time       Orderp
         0     0.108371
         1     0.109307
         2     0.110545
         3     0.109023
         4     0.108869
         5     0.111808
         6     0.108957
         7     0.109497
         8     0.109165
         9     0.108231
# Cycle: 1578, status: ACC, move: ('tr', 0, 0, 0)
#     Time       Orderp
         0     0.108231
         1     0.109165
         2     0.109497
         3     0.108957
         4     0.111808
         5     0.108869
         6     0.109023
         7     0.110545
         8     0.109307
         9     0.108371
# Cycle: 1579, status: ACC, move: ('00', 0, 0, 0)
#     Time       Orderp
         0     0.108231
         1     0.109165
         2     0.109497
         3     0.108957
         4     0.111808
         5     0.108869
         6     0.109023
         7     0.110545
         8     0.109307
         9     0.108371
# Cycle: 1580, status: ACC, move: ('tr', 0, 0, 0)
#     Time       Orderp
         0     0.108371
         1     0.109307
         2     0.110545
         3     0.109023
         4     0.108869
         5     0.111808
         6     0.108957
         7     0.109497
         8     0.109165
         9     0.108231
# Cycle: 1581, status: ACC, move: ('s-', 0, 0, 0)
#     Time       Orderp
         0     0.108054
         1     0.109856
         2     0.109027
         3     0.111754
         4     0.108158
# Cycle: 1582, status: FTL, move: ('sh', 0.11053506231056283, 1, 6)
#     Time       Orderp
         0     0.108292
         1     0.109023
         2     0.110262
         3     0.109988
         4     0.109016
         5     0.109199
         6     0.110535
         7     0.108888
         8     0.108673
# Cycle: 1583, status: ACC, move: ('tr', 0, 0, 0)
#     Time       Orderp
         0     0.108158
         1     0.111754
         2     0.109027
         3     0.109856
         4     0.108054
# Cycle: 1584, status: ACC, move: ('00', 0, 0, 0)
#     Time       Orderp
         0     0.108158
         1     0.111754
         2     0.109027
         3     0.109856
         4     0.108054
# Cycle: 1585, status: KOB, move: ('sh', 0.10833743581975723, 2, 0)
#     Time       Orderp
         0     0.108337
# Cycle: 1586, status: ACC, move: ('tr', 0, 0, 0)
#     Time       Orderp
         0     0.108054
         1     0.109856
         2     0.109027
         3     0.111754
         4     0.108158
# Cycle: 1587, status: KOB, move: ('sh', 0.10833743581975723, 2, 0)
#     Time       Orderp
         0     0.108337
# Cycle: 1588, status: BTL, move: ('sh', 0.11053506231056283, 1, 0)
#     Time       Orderp
         0     0.110535
         1     0.108841
         2     0.109175
         3     0.108067
# Cycle: 1589, status: ACC, move: ('00', 0, 0, 0)
#     Time       Orderp
         0     0.108054
         1     0.109856
         2     0.109027
         3     0.111754
         4     0.108158
# Cycle: 1590, status: ACC, move: ('tr', 0, 0, 0)
#     Time       Orderp
         0     0.108158
         1     0.111754
         2     0.109027
         3     0.109856
         4     0.108054
# Cycle: 1591, status: ACC, move: ('s-', 0, 0, 0)
#     Time       Orderp
         0     0.108072
         1     0.111808
         2     0.110481
         3     0.108800
         4     0.108498
# Cycle: 1592, status: ACC, move: ('00', 0, 0, 0)
#     Time       Orderp
         0     0.108072
         1     0.111808
         2     0.110481
         3     0.108800
         4     0.108498
# Cycle: 1593, status: ACC, move: ('tr', 0, 0, 0)
#     Time       Orderp
         0     0.108498
         1     0.108800
         2     0.110481
         3     0.111808
         4     0.108072
# Cycle: 1594, status: ACC, move: ('tr', 0, 0, 0)
#     Time       Orderp
         0     0.108072
         1     0.111808
         2     0.110481
         3     0.108800
         4     0.108498
# Cycle: 1595, status: ACC, move: ('s-', 0, 0, 0)
#     Time       Orderp
         0     0.108138
         1     0.111750
         2     0.108768
         3     0.108247
# Cycle: 1596, status: ACC, move: ('tr', 0, 0, 0)
#     Time       Orderp
         0     0.108247
         1     0.108768
         2     0.111750
         3     0.108138
# Cycle: 1597, status: ACC, move: ('tr', 0, 0, 0)
#     Time       Orderp
         0     0.108138
         1     0.111750
         2     0.108768
         3     0.108247
# Cycle: 1598, status: ACC, move: ('s-', 0, 0, 0)
#     Time       Orderp
         0     0.108072
         1     0.111808
         2     0.110481
         3     0.108800
         4     0.108498
# Cycle: 1599, status: NCR, move: ('sh', 0.10913294644606637, 3, 2)
#     Time       Orderp
         0     0.108400
         1     0.108920
         2     0.109133
         3     0.108703
         4     0.109350
         5     0.108288
# Cycle: 1600, status: ACC, move: ('tr', 0, 0, 0)
#     Time       Orderp
         0     0.108498
         1     0.108800
         2     0.110481
         3     0.111808
         4     0.108072
# Cycle: 1601, status: ACC, move: ('tr', 0, 0, 0)
#     Time       Orderp
         0     0.108072
         1     0.111808
         2     0.110481
         3     0.108800
         4     0.108498
# Cycle: 1602, status: FTL, move: ('sh', 0.10913294644606637, 3, 3)
#     Time       Orderp
         0     0.108491
         1     0.108768
         2     0.109102
         3     0.109133
         4     0.109040
         5     0.108593
         6     0.109188
# Cycle: 1603, status: ACC, move: ('sh', 0.11180787092150518, 1, 2)
#     Time       Orderp
         0     0.108432
         1     0.109251
         2     0.111808
         3     0.108095
# Cycle: 1604, status: ACC, move: ('s-', 0.11174972035759184, 1, 2)
#     Time       Orderp
         0     0.108043
         1     0.109606
         2     0.111750
         3     0.109265
         4     0.108608
         5     0.108225
# Cycle: 1605, status: ACC, move: ('s-', 0.11180787092150518, 1, 2)
#     Time       Orderp
         0     0.108432
         1     0.109251
         2     0.111808
         3     0.108095
# Cycle: 1606, status: ACC, move: ('00', 0.11180787092150518, 1, 2)
#     Time       Orderp
         0     0.108432
         1     0.109251
         2     0.111808
         3     0.108095
# Cycle: 1607, status: FTL, move: ('sh', 0.10930233300346368, 1, 12)
#     Time       Orderp
         0     0.108410
         1     0.110711
         2     0.108950
         3     0.109382
         4     0.108595
         5     0.110596
         6     0.109144
         7     0.110330
         8     0.109150
         9     0.108654
        10     0.110352
        11     0.109192
        12     0.109302
        13     0.109325
        14     0.109876
# Cycle: 1608, status: ACC, move: ('s-', 0.11175419455215096, 1, 5)
#     Time       Orderp
         0     0.108014
         1     0.109006
         2     0.109718
         3     0.108922
         4     0.109685
         5     0.111754
         6     0.109889
         7     0.110636
         8     0.108899
         9     0.107996
# Cycle: 1609, status: ACC, move: ('00', 0.11175419455215096, 1, 5)
#     Time       Orderp
         0     0.108014
         1     0.109006
         2     0.109718
         3     0.108922
         4     0.109685
         5     0.111754
         6     0.109889
         7     0.110636
         8     0.108899
         9     0.107996
# Cycle: 1610, status: ACC, move: ('tr', 0, 0, 0)
#     Time       Orderp
         0     0.107996
         1     0.108899
         2     0.110636
         3     0.109889
         4     0.111754
         5     0.109685
         6     0.108922
         7     0.109718
         8     0.109006
         9     0.108014
# Cycle: 1611, status: NCR, move: ('sh', 0.10967679791095289, 6, 3)
#     Time       Orderp
         0     0.108468
         1     0.109200
         2     0.110289
         3     0.109677
         4     0.108521
         5     0.109344
         6     0.108412
# Cycle: 1612, status: ACC, move: ('s-', 0, 0, 0)
#     Time       Orderp
         0     0.108233
         1     0.109982
         2     0.110763
         3     0.110878
         4     0.109510
         5     0.111750
         6     0.108299
# Cycle: 1613, status: NCR, move: ('sh', 0.11107655018049487, 2, 3)
#     Time       Orderp
         0     0.108380
         1     0.110857
         2     0.109983
         3     0.111077
         4     0.108488
# Cycle: 1614, status: ACC, move: ('tr', 0, 0, 0)
#     Time       Orderp
         0     0.108299
         1     0.111750
         2     0.109510
         3     0.110878
         4     0.110763
         5     0.109982
         6     0.108233
# Cycle: 1615, status: FTL, move: ('sh', 0.10962207806824328, 5, 6)
#     Time       Orderp
         0     0.108141
         1     0.109037
         2     0.110053
         3     0.108706
         4     0.108534
         5     0.110121
         6     0.109622
         7     0.108537
         8     0.109525
         9     0.109669
# Cycle: 1616, status: ACC, move: ('tr', 0, 0, 0)
#     Time       Orderp
         0     0.108233
         1     0.109982
         2     0.110763
         3     0.110878
         4     0.109510
         5     0.111750
         6     0.108299
# Cycle: 1617, status: FTL, move: ('sh', 0.10973149046650166, 4, 8)
#     Time       Orderp
         0     0.108240
         1     0.108665
         2     0.109160
         3     0.109067
         4     0.109092
         5     0.108804
         6     0.109177
         7     0.109414
         8     0.109731
         9     0.108537
        10     0.109048
        11     0.108785
        12     0.109087
        13     0.108848
        14     0.110092
        15     0.108144
# Cycle: 1618, status: ACC, move: ('tr', 0, 0, 0)
#     Time       Orderp
         0     0.108299
         1     0.111750
         2     0.109510
         3     0.110878
         4     0.110763
         5     0.109982
         6     0.108233
# Cycle: 1619, status: ACC, move: ('s-', 0, 0, 0)
#     Time       Orderp
         0     0.108014
         1     0.109006
         2     0.109718
         3     0.108922
         4     0.109685
         5     0.111754
         6     0.109889
         7     0.110636
         8     0.108899
         9     0.107996
# Cycle: 1620, status: ACC, move: ('tr', 0, 0, 0)
#     Time       Orderp
         0     0.107996
         1     0.108899
         2     0.110636
         3     0.109889
         4     0.111754
         5     0.109685
         6     0.108922
         7     0.109718
         8     0.109006
         9     0.108014
# Cycle: 1621, status: ACC, move: ('tr', 0, 0, 0)
#     Time       Orderp
         0     0.108014
         1     0.109006
         2     0.109718
         3     0.108922
         4     0.109685
         5     0.111754
         6     0.109889
         7     0.110636
         8     0.108899
         9     0.107996
# Cycle: 1622, status: ACC, move: ('tr', 0, 0, 0)
#     Time       Orderp
         0     0.107996
         1     0.108899
         2     0.110636
         3     0.109889
         4     0.111754
         5     0.109685
         6     0.108922
         7     0.109718
         8     0.109006
         9     0.108014
# Cycle: 1623, status: ACC, move: ('00', 0, 0, 0)
#     Time       Orderp
         0     0.107996
         1     0.108899
         2     0.110636
         3     0.109889
         4     0.111754
         5     0.109685
         6     0.108922
         7     0.109718
         8     0.109006
         9     0.108014
# Cycle: 1624, status: ACC, move: ('s-', 0, 0, 0)
#     Time       Orderp
         0     0.108358
         1     0.111808
         2     0.109154
         3     0.108895
         4     0.110775
         5     0.108029
# Cycle: 1625, status: ACC, move: ('00', 0, 0, 0)
#     Time       Orderp
         0     0.108358
         1     0.111808
         2     0.109154
         3     0.108895
         4     0.110775
         5     0.108029
# Cycle: 1626, status: ACC, move: ('s-', 0.11006361796706463, 6, 1)
#     Time       Orderp
         0     0.108459
         1     0.110064
         2     0.112227
# Cycle: 1627, status: ACC, move: ('s-', 0, 0, 0)
#     Time       Orderp
         0     0.108358
         1     0.111808
         2     0.109154
         3     0.108895
         4     0.110775
         5     0.108029
# Cycle: 1628, status: ACC, move: ('s-', 0.11006361796706463, 6, 1)
#     Time       Orderp
         0     0.108459
         1     0.110064
         2     0.112227
# Cycle: 1629, status: BTL, move: ('sh', 0.11006361796706463, 1, 0)
#     Time       Orderp
         0     0.110064
         1     0.108604
# Cycle: 1630, status: ACC, move: ('00', 0.11006361796706463, 6, 1)
#     Time       Orderp
         0     0.108459
         1     0.110064
         2     0.112227
# Cycle: 1631, status: BTL, move: ('sh', 0.11006361796706463, 1, 0)
#     Time       Orderp
         0     0.110064
         1     0.108498
# Cycle: 1632, status: BWI, move: ('tr', 0, 0, 0)
#     Time       Orderp
         0     0.112227
         1     0.110064
         2     0.108459
# Cycle: 1633, status: BWI, move: ('tr', 0, 0, 0)
#     Time       Orderp
         0     0.112227
         1     0.110064
         2     0.108459
# Cycle: 1634, status: BWI, move: ('tr', 0, 0, 0)
#     Time       Orderp
         0     0.112227
         1     0.110064
         2     0.108459
# Cycle: 1635, status: BWI, move: ('tr', 0, 0, 0)
#     Time       Orderp
         0     0.112227
         1     0.110064
         2     0.108459
# Cycle: 1636, status: BWI, move: ('tr', 0, 0, 0)
#     Time       Orderp
         0     0.112227
         1     0.110064
         2     0.108459
# Cycle: 1637, status: BTL, move: ('sh', 0.11006361796706463, 1, 0)
#     Time       Orderp
         0     0.110064
         1     0.109261
# Cycle: 1638, status: ACC, move: ('s-', 0, 0, 0)
#     Time       Orderp
         0     0.108299
         1     0.111750
         2     0.109510
         3     0.110878
         4     0.110763
         5     0.109982
         6     0.108233
# Cycle: 1639, status: ACC, move: ('s-', 0.11006361796706463, 6, 1)
#     Time       Orderp
         0     0.108459
         1     0.110064
         2     0.112227
# Cycle: 1640, status: BWI, move: ('tr', 0, 0, 0)
#     Time       Orderp
         0     0.112227
         1     0.110064
         2     0.108459
# Cycle: 1641, status: ACC, move: ('00', 0.11006361796706463, 6, 1)
#     Time       Orderp
         0     0.108459
         1     0.110064
         2     0.112227
# Cycle: 1642, status: ACC, move: ('s-', 0, 0, 0)
#     Time       Orderp
         0     0.108358
         1     0.111808
         2     0.109154
         3     0.108895
         4     0.110775
         5     0.108029
# Cycle: 1643, status: ACC, move: ('s-', 0.11006361796706463, 6, 1)
#     Time       Orderp
         0     0.108459
         1     0.110064
         2     0.112227
# Cycle: 1644, status: BTL, move: ('sh', 0.11006361796706463, 1, 0)
#     Time       Orderp
         0     0.110064
         1     0.108665
# Cycle: 1645, status: BTL, move: ('sh', 0.11006361796706463, 1, 0)
#     Time       Orderp
         0     0.110064
         1     0.108572
         2     0.108828
         3     0.108675
# Cycle: 1646, status: BWI, move: ('tr', 0, 0, 0)
#     Time       Orderp
         0     0.112227
         1     0.110064
         2     0.108459
# Cycle: 1647, status: BTL, move: ('sh', 0.11006361796706463, 1, 0)
#     Time       Orderp
         0     0.110064
         1     0.108573
# Cycle: 1648, status: BWI, move: ('tr', 0, 0, 0)
#     Time       Orderp
         0     0.112227
         1     0.110064
         2     0.108459
# Cycle: 1649, status: ACC, move: ('00', 0.11006361796706463, 6, 1)
#     Time       Orderp
         0     0.108459
         1     0.110064
         2     0.112227
# Cycle: 1650, status: BTL, move: ('sh', 0.11006361796706463, 1, 0)
#     Time       Orderp
         0     0.110064
         1     0.108523
         2     0.107943
# Cycle: 1651, status: BTL, move: ('sh', 0.11006361796706463, 1, 0)
#     Time       Orderp
         0     0.110064
         1     0.109126
         2     0.108378
# Cycle: 1652, status: ACC, move: ('00', 0.11006361796706463, 6, 1)
#     Time       Orderp
         0     0.108459
         1     0.110064
         2     0.112227
# Cycle: 1653, status: NCR, move: ('sh', 0.11006361796706463, 1, 1)
#     Time       Orderp
         0     0.108484
         1     0.110064
         2     0.107979
# Cycle: 1654, status: BWI, move: ('tr', 0, 0, 0)
#     Time       Orderp
         0     0.112227
         1     0.110064
         2     0.108459
# Cycle: 1655, status: BTL, move: ('sh', 0.11006361796706463, 1, 0)
#     Time       Orderp
         0     0.110064
         1     0.109343
# Cycle: 1656, status: BWI, move: ('tr', 0, 0, 0)
#     Time       Orderp
         0     0.112227
         1     0.110064
         2     0.108459
# Cycle: 1657, status: ACC, move: ('00', 0.11006361796706463, 6, 1)
#     Time       Orderp
         0     0.108459
         1     0.110064
         2     0.112227
# Cycle: 1658, status: BWI, move: ('tr', 0, 0, 0)
#     Time       Orderp
         0     0.112227
         1     0.110064
         2     0.108459
# Cycle: 1659, status: FTL, move: ('sh', 0.11006361796706463, 1, 4)
#     Time       Orderp
         0     0.108416
         1     0.109149
         2     0.108929
         3     0.108554
         4     0.110064
         5     0.109842
         6     0.109728
# Cycle: 1660, status: ACC, move: ('s-', 0, 0, 0)
#     Time       Orderp
         0     0.108430
         1     0.109110
         2     0.108826
         3     0.111808
         4     0.108358
# Cycle: 1661, status: ACC, move: ('s-', 0.11006361796706463, 6, 1)
#     Time       Orderp
         0     0.108459
         1     0.110064
         2     0.112227
# Cycle: 1662, status: ACC, move: ('s-', 0, 0, 0)
#     Time       Orderp
         0     0.108430
         1     0.109110
         2     0.108826
         3     0.111808
         4     0.108358
# Cycle: 1663, status: ACC, move: ('s-', 0.11006361796706463, 6, 1)
#     Time       Orderp
         0     0.108459
         1     0.110064
         2     0.112227
# Cycle: 1664, status: ACC, move: ('s-', 0, 0, 0)
#     Time       Orderp
         0     0.108430
         1     0.109110
         2     0.108826
         3     0.111808
         4     0.108358
# Cycle: 1665, status: ACC, move: ('s-', 0.11006361796706463, 6, 1)
#     Time       Orderp
         0     0.108459
         1     0.110064
         2     0.112227
# Cycle: 1666, status: BWI, move: ('tr', 0, 0, 0)
#     Time       Orderp
         0     0.112227
         1     0.110064
         2     0.108459
# Cycle: 1667, status: ACC, move: ('00', 0.11006361796706463, 6, 1)
#     Time       Orderp
         0     0.108459
         1     0.110064
         2     0.112227
# Cycle: 1668, status: ACC, move: ('s-', 0, 0, 0)
#     Time       Orderp
         0     0.108358
         1     0.111808
         2     0.108826
         3     0.109110
         4     0.108430
# Cycle: 1669, status: ACC, move: ('00', 0, 0, 0)
#     Time       Orderp
         0     0.108358
         1     0.111808
         2     0.108826
         3     0.109110
         4     0.108430
# Cycle: 1670, status: ACC, move: ('tr', 0, 0, 0)
#     Time       Orderp
         0     0.108430
         1     0.109110
         2     0.108826
         3     0.111808
         4     0.108358
# Cycle: 1671, status: ACC, move: ('tr', 0, 0, 0)
#     Time       Orderp
         0     0.108358
         1     0.111808
         2     0.108826
         3     0.109110
         4     0.108430
# Cycle: 1672, status: ACC, move: ('sh', 0.11180787092150518, 1, 2)
#     Time       Orderp
         0     0.107707
         1     0.108876
         2     0.111808
         3     0.108974
         4     0.109430
         5     0.109005
         6     0.108654
         7     0.108402
# Cycle: 1673, status: ACC, move: ('tr', 0, 0, 0)
#     Time       Orderp
         0     0.108402
         1     0.108654
         2     0.109005
         3     0.109430
         4     0.108974
         5     0.111808
         6     0.108876
         7     0.107707
# Cycle: 1674, status: NCR, move: ('sh', 0.10926573113286722, 4, 2)
#     Time       Orderp
         0     0.108405
         1     0.109019
         2     0.109266
         3     0.108510
         4     0.109149
         5     0.108153
# Cycle: 1675, status: NCR, move: ('sh', 0.10957189420649807, 3, 1)
#     Time       Orderp
         0     0.108443
         1     0.109572
         2     0.108565
         3     0.108750
         4     0.109330
         5     0.108266
# Cycle: 1676, status: ACC, move: ('s-', 0, 0, 0)
#     Time       Orderp
         0     0.108065
         1     0.111720
         2     0.108901
         3     0.109677
         4     0.108516
         5     0.108179
# Cycle: 1677, status: ACC, move: ('s-', 0, 0, 0)
#     Time       Orderp
         0     0.108402
         1     0.108654
         2     0.109005
         3     0.109430
         4     0.108974
         5     0.111808
         6     0.108876
         7     0.107707
# Cycle: 1678, status: ACC, move: ('tr', 0, 0, 0)
#     Time       Orderp
         0     0.107707
         1     0.108876
         2     0.111808
         3     0.108974
         4     0.109430
         5     0.109005
         6     0.108654
         7     0.108402
# Cycle: 1679, status: ACC, move: ('00', 0, 0, 0)
#     Time       Orderp
         0     0.107707
         1     0.108876
         2     0.111808
         3     0.108974
         4     0.109430
         5     0.109005
         6     0.108654
         7     0.108402
# Cycle: 1680, status: ACC, move: ('s-', 0.11006361796706463, 6, 1)
#     Time       Orderp
         0     0.108459
         1     0.110064
         2     0.112227
# Cycle: 1681, status: ACC, move: ('s-', 0, 0, 0)
#     Time       Orderp
         0     0.107707
         1     0.108876
         2     0.111808
         3     0.108974
         4     0.109430
         5     0.109005
         6     0.108654
         7     0.108402
# Cycle: 1682, status: ACC, move: ('s-', 0.11006361796706463, 6, 1)
#     Time       Orderp
         0     0.108459
         1     0.110064
         2     0.112227
# Cycle: 1683, status: ACC, move: ('00', 0.11006361796706463, 6, 1)
#     Time       Orderp
         0     0.108459
         1     0.110064
         2     0.112227
# Cycle: 1684, status: BWI, move: ('tr', 0, 0, 0)
#     Time       Orderp
         0     0.112227
         1     0.110064
         2     0.108459
# Cycle: 1685, status: ACC, move: ('00', 0.11006361796706463, 6, 1)
#     Time       Orderp
         0     0.108459
         1     0.110064
         2     0.112227
# Cycle: 1686, status: ACC, move: ('s-', 0, 0, 0)
#     Time       Orderp
         0     0.108402
         1     0.108654
         2     0.109005
         3     0.109430
         4     0.108974
         5     0.111808
         6     0.108876
         7     0.107707
# Cycle: 1687, status: ACC, move: ('00', 0, 0, 0)
#     Time       Orderp
         0     0.108402
         1     0.108654
         2     0.109005
         3     0.109430
         4     0.108974
         5     0.111808
         6     0.108876
         7     0.107707
# Cycle: 1688, status: ACC, move: ('s-', 0, 0, 0)
#     Time       Orderp
         0     0.108065
         1     0.111720
         2     0.108901
         3     0.109677
         4     0.108516
         5     0.108179
# Cycle: 1689, status: KOB, move: ('sh', 0.10815266986995749, 4, 0)
#     Time       Orderp
         0     0.108153
# Cycle: 1690, status: ACC, move: ('s-', 0, 0, 0)
#     Time       Orderp
         0     0.108402
         1     0.108654
         2     0.109005
         3     0.109430
         4     0.108974
         5     0.111808
         6     0.108876
         7     0.107707
# Cycle: 1691, status: NCR, move: ('sh', 0.10916043239196142, 6, 1)
#     Time       Orderp
         0     0.108330
         1     0.109160
         2     0.108460
# Cycle: 1692, status: NCR, move: ('sh', 0.10929318368498549, 2, 3)
#     Time       Orderp
         0     0.107847
         1     0.109440
         2     0.108750
         3     0.109293
         4     0.108756
         5     0.109518
         6     0.109393
         7     0.109034
         8     0.108505
         9     0.109511
        10     0.107863
# Cycle: 1693, status: ACC, move: ('tr', 0, 0, 0)
#     Time       Orderp
         0     0.107707
         1     0.108876
         2     0.111808
         3     0.108974
         4     0.109430
         5     0.109005
         6     0.108654
         7     0.108402
# Cycle: 1694, status: FTL, move: ('sh', 0.11180787092150518, 2, 8)
#     Time       Orderp
         0     0.108190
         1     0.110469
         2     0.108908
         3     0.109564
         4     0.108867
         5     0.109394
         6     0.110464
         7     0.109336
         8     0.111808
         9     0.109020
        10     0.109501
# Cycle: 1695, status: NCR, move: ('sh', 0.10957189420649807, 4, 3)
#     Time       Orderp
         0     0.108310
         1     0.109147
         2     0.108593
         3     0.109572
         4     0.109167
         5     0.109512
         6     0.108062
# Cycle: 1696, status: NCR, move: ('sh', 0.10861859877571599, 6, 1)
#     Time       Orderp
         0     0.108463
         1     0.108619
         2     0.108546
         3     0.108396
# Cycle: 1697, status: ACC, move: ('tr', 0, 0, 0)
#     Time       Orderp
         0     0.108402
         1     0.108654
         2     0.109005
         3     0.109430
         4     0.108974
         5     0.111808
         6     0.108876
         7     0.107707
# Cycle: 1698, status: ACC, move: ('tr', 0, 0, 0)
#     Time       Orderp
         0     0.107707
         1     0.108876
         2     0.111808
         3     0.108974
         4     0.109430
         5     0.109005
         6     0.108654
         7     0.108402
# Cycle: 1699, status: ACC, move: ('tr', 0, 0, 0)
#     Time       Orderp
         0     0.108402
         1     0.108654
         2     0.109005
         3     0.109430
         4     0.108974
         5     0.111808
         6     0.108876
         7     0.107707
# Cycle: 1700, status: ACC, move: ('tr', 0, 0, 0)
#     Time       Orderp
         0     0.107707
         1     0.108876
         2     0.111808
         3     0.108974
         4     0.109430
         5     0.109005
         6     0.108654
         7     0.108402
# Cycle: 1701, status: ACC, move: ('00', 0, 0, 0)
#     Time       Orderp
         0     0.107707
         1     0.108876
         2     0.111808
         3     0.108974
         4     0.109430
         5     0.109005
         6     0.108654
         7     0.108402
# Cycle: 1702, status: ACC, move: ('00', 0, 0, 0)
#     Time       Orderp
         0     0.107707
         1     0.108876
         2     0.111808
         3     0.108974
         4     0.109430
         5     0.109005
         6     0.108654
         7     0.108402
# Cycle: 1703, status: ACC, move: ('00', 0, 0, 0)
#     Time       Orderp
         0     0.107707
         1     0.108876
         2     0.111808
         3     0.108974
         4     0.109430
         5     0.109005
         6     0.108654
         7     0.108402
# Cycle: 1704, status: ACC, move: ('00', 0, 0, 0)
#     Time       Orderp
         0     0.107707
         1     0.108876
         2     0.111808
         3     0.108974
         4     0.109430
         5     0.109005
         6     0.108654
         7     0.108402
# Cycle: 1705, status: BTL, move: ('sh', 0.10861859877571599, 6, 0)
#     Time       Orderp
         0     0.108619
         1     0.109211
         2     0.108525
         3     0.110184
         4     0.108673
         5     0.108632
         6     0.109253
# Cycle: 1706, status: ACC, move: ('00', 0, 0, 0)
#     Time       Orderp
         0     0.107707
         1     0.108876
         2     0.111808
         3     0.108974
         4     0.109430
         5     0.109005
         6     0.108654
         7     0.108402
# Cycle: 1707, status: NCR, move: ('sh', 0.10916043239196142, 1, 1)
#     Time       Orderp
         0     0.108320
         1     0.109160
         2     0.107448
# Cycle: 1708, status: ACC, move: ('s-', 0.11006361796706463, 6, 1)
#     Time       Orderp
         0     0.108459
         1     0.110064
         2     0.112227
# Cycle: 1709, status: BWI, move: ('tr', 0, 0, 0)
#     Time       Orderp
         0     0.112227
         1     0.110064
         2     0.108459
# Cycle: 1710, status: ACC, move: ('s-', 0, 0, 0)
#     Time       Orderp
         0     0.108402
         1     0.108654
         2     0.109005
         3     0.109430
         4     0.108974
         5     0.111808
         6     0.108876
         7     0.107707
# Cycle: 1711, status: ACC, move: ('00', 0, 0, 0)
#     Time       Orderp
         0     0.108402
         1     0.108654
         2     0.109005
         3     0.109430
         4     0.108974
         5     0.111808
         6     0.108876
         7     0.107707
# Cycle: 1712, status: ACC, move: ('s-', 0, 0, 0)
#     Time       Orderp
         0     0.108065
         1     0.111720
         2     0.108901
         3     0.109677
         4     0.108516
         5     0.108179
# Cycle: 1713, status: ACC, move: ('tr', 0, 0, 0)
#     Time       Orderp
         0     0.108179
         1     0.108516
         2     0.109677
         3     0.108901
         4     0.111720
         5     0.108065
# Cycle: 1714, status: ACC, move: ('00', 0, 0, 0)
#     Time       Orderp
         0     0.108179
         1     0.108516
         2     0.109677
         3     0.108901
         4     0.111720
         5     0.108065
# Cycle: 1715, status: NCR, move: ('sh', 0.11141813137905326, 4, 3)
#     Time       Orderp
         0     0.108147
         1     0.108994
         2     0.109217
         3     0.111418
         4     0.108032
# Cycle: 1716, status: FTL, move: ('sh', 0.10967679791095289, 2, 8)
#     Time       Orderp
         0     0.108485
         1     0.108741
         2     0.108746
         3     0.109043
         4     0.108870
         5     0.108990
         6     0.108902
         7     0.108715
         8     0.109677
         9     0.110780
        10     0.108976
# Cycle: 1717, status: ACC, move: ('s-', 0.11006361796706463, 6, 1)
#     Time       Orderp
         0     0.108459
         1     0.110064
         2     0.112227
# Cycle: 1718, status: BWI, move: ('tr', 0, 0, 0)
#     Time       Orderp
         0     0.112227
         1     0.110064
         2     0.108459
# Cycle: 1719, status: ACC, move: ('s-', 0, 0, 0)
#     Time       Orderp
         0     0.108065
         1     0.111720
         2     0.108901
         3     0.109677
         4     0.108516
         5     0.108179
# Cycle: 1720, status: ACC, move: ('s-', 0.11006361796706463, 6, 1)
#     Time       Orderp
         0     0.108459
         1     0.110064
         2     0.112227
# Cycle: 1721, status: ACC, move: ('s-', 0, 0, 0)
#     Time       Orderp
         0     0.108065
         1     0.111720
         2     0.108901
         3     0.109677
         4     0.108516
         5     0.108179
# Cycle: 1722, status: ACC, move: ('tr', 0, 0, 0)
#     Time       Orderp
         0     0.108179
         1     0.108516
         2     0.109677
         3     0.108901
         4     0.111720
         5     0.108065
# Cycle: 1723, status: FTL, move: ('sh', 0.10909170454255447, 3, 3)
#     Time       Orderp
         0     0.107663
         1     0.108924
         2     0.108661
         3     0.109092
         4     0.108758
         5     0.109205
# Cycle: 1724, status: ACC, move: ('s-', 0.11006361796706463, 6, 1)
#     Time       Orderp
         0     0.108459
         1     0.110064
         2     0.112227
# Cycle: 1725, status: BWI, move: ('tr', 0, 0, 0)
#     Time       Orderp
         0     0.112227
         1     0.110064
         2     0.108459
# Cycle: 1726, status: NCR, move: ('sh', 0.11006361796706463, 1, 1)
#     Time       Orderp
         0     0.108412
         1     0.110064
         2     0.108437
# Cycle: 1727, status: ACC, move: ('s-', 0, 0, 0)
#     Time       Orderp
         0     0.108065
         1     0.111720
         2     0.108901
         3     0.109677
         4     0.108516
         5     0.108179
# Cycle: 1728, status: ACC, move: ('00', 0, 0, 0)
#     Time       Orderp
         0     0.108065
         1     0.111720
         2     0.108901
         3     0.109677
         4     0.108516
         5     0.108179
# Cycle: 1729, status: ACC, move: ('tr', 0, 0, 0)
#     Time       Orderp
         0     0.108179
         1     0.108516
         2     0.109677
         3     0.108901
         4     0.111720
         5     0.108065
# Cycle: 1730, status: ACC, move: ('00', 0, 0, 0)
#     Time       Orderp
         0     0.108179
         1     0.108516
         2     0.109677
         3     0.108901
         4     0.111720
         5     0.108065
# Cycle: 1731, status: FTL, move: ('sh', 0.11141813137905326, 4, 5)
#     Time       Orderp
         0     0.108184
         1     0.109248
         2     0.109559
         3     0.110286
         4     0.108702
         5     0.111418
         6     0.108539
         7     0.109051
# Cycle: 1732, status: ACC, move: ('tr', 0, 0, 0)
#     Time       Orderp
         0     0.108065
         1     0.111720
         2     0.108901
         3     0.109677
         4     0.108516
         5     0.108179
# Cycle: 1733, status: ACC, move: ('tr', 0, 0, 0)
#     Time       Orderp
         0     0.108179
         1     0.108516
         2     0.109677
         3     0.108901
         4     0.111720
         5     0.108065
# Cycle: 1734, status: ACC, move: ('s-', 0.11006361796706463, 6, 1)
#     Time       Orderp
         0     0.108459
         1     0.110064
         2     0.112227
# Cycle: 1735, status: ACC, move: ('00', 0.11006361796706463, 6, 1)
#     Time       Orderp
         0     0.108459
         1     0.110064
         2     0.112227
# Cycle: 1736, status: ACC, move: ('00', 0.11006361796706463, 6, 1)
#     Time       Orderp
         0     0.108459
         1     0.110064
         2     0.112227
# Cycle: 1737, status: BWI, move: ('tr', 0, 0, 0)
#     Time       Orderp
         0     0.112227
         1     0.110064
         2     0.108459
# Cycle: 1738, status: ACC, move: ('00', 0.11006361796706463, 6, 1)
#     Time       Orderp
         0     0.108459
         1     0.110064
         2     0.112227
# Cycle: 1739, status: ACC, move: ('00', 0.11006361796706463, 6, 1)
#     Time       Orderp
         0     0.108459
         1     0.110064
         2     0.112227
# Cycle: 1740, status: ACC, move: ('s-', 0, 0, 0)
#     Time       Orderp
         0     0.108065
         1     0.111720
         2     0.108901
         3     0.109677
         4     0.108516
         5     0.108179
# Cycle: 1741, status: ACC, move: ('tr', 0, 0, 0)
#     Time       Orderp
         0     0.108179
         1     0.108516
         2     0.109677
         3     0.108901
         4     0.111720
         5     0.108065
# Cycle: 1742, status: ACC, move: ('tr', 0, 0, 0)
#     Time       Orderp
         0     0.108065
         1     0.111720
         2     0.108901
         3     0.109677
         4     0.108516
         5     0.108179
# Cycle: 1743, status: NCR, move: ('sh', 0.10909170454255447, 2, 3)
#     Time       Orderp
         0     0.107725
         1     0.108759
         2     0.110233
         3     0.109092
         4     0.108723
         5     0.109830
         6     0.107750
# Cycle: 1744, status: BTL, move: ('sh', 0.11141813137905326, 1, 0)
#     Time       Orderp
         0     0.111418
         1     0.109281
         2     0.108741
         3     0.111471
         4     0.108753
# Cycle: 1745, status: KOB, move: ('sh', 0.10815266986995749, 4, 0)
#     Time       Orderp
         0     0.108153
# Cycle: 1746, status: ACC, move: ('s-', 0.11006361796706463, 6, 1)
#     Time       Orderp
         0     0.108459
         1     0.110064
         2     0.112227
# Cycle: 1747, status: ACC, move: ('s-', 0, 0, 0)
#     Time       Orderp
         0     0.108065
         1     0.111720
         2     0.108901
         3     0.109677
         4     0.108516
         5     0.108179
# Cycle: 1748, status: ACC, move: ('00', 0, 0, 0)
#     Time       Orderp
         0     0.108065
         1     0.111720
         2     0.108901
         3     0.109677
         4     0.108516
         5     0.108179
# Cycle: 1749, status: ACC, move: ('s-', 0, 0, 0)
#     Time       Orderp
         0     0.108402
         1     0.108654
         2     0.109005
         3     0.109430
         4     0.108974
         5     0.111808
         6     0.108876
         7     0.107707
# Cycle: 1750, status: ACC, move: ('tr', 0, 0, 0)
#     Time       Orderp
         0     0.107707
         1     0.108876
         2     0.111808
         3     0.108974
         4     0.109430
         5     0.109005
         6     0.108654
         7     0.108402
# Cycle: 1751, status: NCR, move: ('sh', 0.10861859877571599, 6, 1)
#     Time       Orderp
         0     0.108121
         1     0.108619
         2     0.109160
         3     0.108439
# Cycle: 1752, status: ACC, move: ('s-', 0, 0, 0)
#     Time       Orderp
         0     0.108179
         1     0.108516
         2     0.109677
         3     0.108901
         4     0.111720
         5     0.108065
# Cycle: 1753, status: ACC, move: ('00', 0, 0, 0)
#     Time       Orderp
         0     0.108179
         1     0.108516
         2     0.109677
         3     0.108901
         4     0.111720
         5     0.108065
# Cycle: 1754, status: NCR, move: ('sh', 0.10967679791095289, 2, 1)
#     Time       Orderp
         0     0.108454
         1     0.109677
         2     0.107831
# Cycle: 1755, status: NCR, move: ('sh', 0.11141813137905326, 4, 1)
#     Time       Orderp
         0     0.108094
         1     0.111418
         2     0.109318
         3     0.109063
         4     0.109082
         5     0.108814
         6     0.108337
# Cycle: 1756, status: ACC, move: ('tr', 0, 0, 0)
#     Time       Orderp
         0     0.108065
         1     0.111720
         2     0.108901
         3     0.109677
         4     0.108516
         5     0.108179
# Cycle: 1757, status: ACC, move: ('s-', 0.11006361796706463, 6, 1)
#     Time       Orderp
         0     0.108459
         1     0.110064
         2     0.112227
# Cycle: 1758, status: ACC, move: ('s-', 0, 0, 0)
#     Time       Orderp
         0     0.108065
         1     0.111720
         2     0.108901
         3     0.109677
         4     0.108516
         5     0.108179
# Cycle: 1759, status: NCR, move: ('sh', 0.10909170454255447, 2, 4)
#     Time       Orderp
         0     0.108327
         1     0.108596
         2     0.108578
         3     0.108627
         4     0.109092
         5     0.108495
# Cycle: 1760, status: ACC, move: ('s-', 0.11006361796706463, 6, 1)
#     Time       Orderp
         0     0.108459
         1     0.110064
         2     0.112227
# Cycle: 1761, status: ACC, move: ('s-', 0, 0, 0)
#     Time       Orderp
         0     0.108065
         1     0.111720
         2     0.108901
         3     0.109677
         4     0.108516
         5     0.108179
# Cycle: 1762, status: NCR, move: ('sh', 0.11141813137905326, 1, 5)
#     Time       Orderp
         0     0.107746
         1     0.109110
         2     0.108981
         3     0.110034
         4     0.109067
         5     0.111418
         6     0.108580
         7     0.107497
# Cycle: 1763, status: ACC, move: ('00', 0, 0, 0)
#     Time       Orderp
         0     0.108065
         1     0.111720
         2     0.108901
         3     0.109677
         4     0.108516
         5     0.108179
# Cycle: 1764, status: ACC, move: ('s-', 0.11006361796706463, 6, 1)
#     Time       Orderp
         0     0.108459
         1     0.110064
         2     0.112227
# Cycle: 1765, status: ACC, move: ('s-', 0, 0, 0)
#     Time       Orderp
         0     0.108065
         1     0.111720
         2     0.108901
         3     0.109677
         4     0.108516
         5     0.108179
# Cycle: 1766, status: ACC, move: ('s-', 0.11006361796706463, 6, 1)
#     Time       Orderp
         0     0.108459
         1     0.110064
         2     0.112227
# Cycle: 1767, status: BWI, move: ('tr', 0, 0, 0)
#     Time       Orderp
         0     0.112227
         1     0.110064
         2     0.108459
# Cycle: 1768, status: BTL, move: ('sh', 0.11006361796706463, 1, 0)
#     Time       Orderp
         0     0.110064
         1     0.108722
# Cycle: 1769, status: BWI, move: ('tr', 0, 0, 0)
#     Time       Orderp
         0     0.112227
         1     0.110064
         2     0.108459
# Cycle: 1770, status: ACC, move: ('s-', 0, 0, 0)
#     Time       Orderp
         0     0.108065
         1     0.111720
         2     0.108901
         3     0.109677
         4     0.108516
         5     0.108179
# Cycle: 1771, status: ACC, move: ('s-', 0.11006361796706463, 6, 1)
#     Time       Orderp
         0     0.108459
         1     0.110064
         2     0.112227
# Cycle: 1772, status: ACC, move: ('s-', 0, 0, 0)
#     Time       Orderp
         0     0.108065
         1     0.111720
         2     0.108901
         3     0.109677
         4     0.108516
         5     0.108179
# Cycle: 1773, status: ACC, move: ('00', 0, 0, 0)
#     Time       Orderp
         0     0.108065
         1     0.111720
         2     0.108901
         3     0.109677
         4     0.108516
         5     0.108179
# Cycle: 1774, status: ACC, move: ('tr', 0, 0, 0)
#     Time       Orderp
         0     0.108179
         1     0.108516
         2     0.109677
         3     0.108901
         4     0.111720
         5     0.108065
# Cycle: 1775, status: ACC, move: ('tr', 0, 0, 0)
#     Time       Orderp
         0     0.108065
         1     0.111720
         2     0.108901
         3     0.109677
         4     0.108516
         5     0.108179
# Cycle: 1776, status: KOB, move: ('sh', 0.10815266986995749, 4, 0)
#     Time       Orderp
         0     0.108153
# Cycle: 1777, status: ACC, move: ('00', 0, 0, 0)
#     Time       Orderp
         0     0.108065
         1     0.111720
         2     0.108901
         3     0.109677
         4     0.108516
         5     0.108179
# Cycle: 1778, status: NCR, move: ('sh', 0.10967679791095289, 3, 2)
#     Time       Orderp
         0     0.108174
         1     0.109331
         2     0.109677
         3     0.108361
# Cycle: 1779, status: ACC, move: ('tr', 0, 0, 0)
#     Time       Orderp
         0     0.108179
         1     0.108516
         2     0.109677
         3     0.108901
         4     0.111720
         5     0.108065
# Cycle: 1780, status: FTL, move: ('sh', 0.11141813137905326, 4, 2)
#     Time       Orderp
         0     0.108320
         1     0.109189
         2     0.111418
         3     0.111918
         4     0.109260
         5     0.109024
         6     0.108643
         7     0.108204
# Cycle: 1781, status: ACC, move: ('s-', 0.11006361796706463, 6, 1)
#     Time       Orderp
         0     0.108459
         1     0.110064
         2     0.112227
# Cycle: 1782, status: ACC, move: ('s-', 0, 0, 0)
#     Time       Orderp
         0     0.108179
         1     0.108516
         2     0.109677
         3     0.108901
         4     0.111720
         5     0.108065
# Cycle: 1783, status: BTL, move: ('sh', 0.11141813137905326, 4, 0)
#     Time       Orderp
         0     0.111418
         1     0.109362
         2     0.109872
         3     0.109462
         4     0.108628
# Cycle: 1784, status: ACC, move: ('00', 0, 0, 0)
#     Time       Orderp
         0     0.108179
         1     0.108516
         2     0.109677
         3     0.108901
         4     0.111720
         5     0.108065
# Cycle: 1785, status: ACC, move: ('tr', 0, 0, 0)
#     Time       Orderp
         0     0.108065
         1     0.111720
         2     0.108901
         3     0.109677
         4     0.108516
         5     0.108179
# Cycle: 1786, status: ACC, move: ('tr', 0, 0, 0)
#     Time       Orderp
         0     0.108179
         1     0.108516
         2     0.109677
         3     0.108901
         4     0.111720
         5     0.108065
# Cycle: 1787, status: ACC, move: ('00', 0, 0, 0)
#     Time       Orderp
         0     0.108179
         1     0.108516
         2     0.109677
         3     0.108901
         4     0.111720
         5     0.108065
# Cycle: 1788, status: FTL, move: ('sh', 0.11141813137905326, 4, 2)
#     Time       Orderp
         0     0.108440
         1     0.110490
         2     0.111418
         3     0.109680
         4     0.110148
         5     0.108093
# Cycle: 1789, status: ACC, move: ('tr', 0, 0, 0)
#     Time       Orderp
         0     0.108065
         1     0.111720
         2     0.108901
         3     0.109677
         4     0.108516
         5     0.108179
# Cycle: 1790, status: ACC, move: ('00', 0, 0, 0)
#     Time       Orderp
         0     0.108065
         1     0.111720
         2     0.108901
         3     0.109677
         4     0.108516
         5     0.108179
# Cycle: 1791, status: ACC, move: ('s-', 0.11006361796706463, 1, 4)
#     Time       Orderp
         0     0.107894
         1     0.109556
         2     0.109426
         3     0.111239
         4     0.110064
         5     0.108541
         6     0.112590
# Cycle: 1792, status: BWI, move: ('tr', 0, 0, 0)
#     Time       Orderp
         0     0.112590
         1     0.108541
         2     0.110064
         3     0.111239
         4     0.109426
         5     0.109556
         6     0.107894
# Cycle: 1793, status: ACC, move: ('00', 0.11006361796706463, 1, 4)
#     Time       Orderp
         0     0.107894
         1     0.109556
         2     0.109426
         3     0.111239
         4     0.110064
         5     0.108541
         6     0.112590
# Cycle: 1794, status: ACC, move: ('00', 0.11006361796706463, 1, 4)
#     Time       Orderp
         0     0.107894
         1     0.109556
         2     0.109426
         3     0.111239
         4     0.110064
         5     0.108541
         6     0.112590
# Cycle: 1795, status: BWI, move: ('tr', 0, 0, 0)
#     Time       Orderp
         0     0.112590
         1     0.108541
         2     0.110064
         3     0.111239
         4     0.109426
         5     0.109556
         6     0.107894
# Cycle: 1796, status: ACC, move: ('s-', 0, 0, 0)
#     Time       Orderp
         0     0.108065
         1     0.111720
         2     0.108901
         3     0.109677
         4     0.108516
         5     0.108179
# Cycle: 1797, status: NCR, move: ('sh', 0.11141813137905326, 1, 1)
#     Time       Orderp
         0     0.108293
         1     0.111418
         2     0.108660
         3     0.108338
# Cycle: 1798, status: ACC, move: ('00', 0, 0, 0)
#     Time       Orderp
         0     0.108065
         1     0.111720
         2     0.108901
         3     0.109677
         4     0.108516
         5     0.108179
# Cycle: 1799, status: KOB, move: ('sh', 0.10815266986995749, 4, 0)
#     Time       Orderp
         0     0.108153
# Cycle: 1800, status: ACC, move: ('s-', 0.11006361796706463, 1, 4)
#     Time       Orderp
         0     0.107894
         1     0.109556
         2     0.109426
         3     0.111239
         4     0.110064
         5     0.108541
         6     0.112590
# Cycle: 1801, status: BWI, move: ('tr', 0, 0, 0)
#     Time       Orderp
         0     0.112590
         1     0.108541
         2     0.110064
         3     0.111239
         4     0.109426
         5     0.109556
         6     0.107894
# Cycle: 1802, status: BWI, move: ('tr', 0, 0, 0)
#     Time       Orderp
         0     0.112590
         1     0.108541
         2     0.110064
         3     0.111239
         4     0.109426
         5     0.109556
         6     0.107894
# Cycle: 1803, status: BWI, move: ('tr', 0, 0, 0)
#     Time       Orderp
         0     0.112590
         1     0.108541
         2     0.110064
         3     0.111239
         4     0.109426
         5     0.109556
         6     0.107894
# Cycle: 1804, status: BWI, move: ('tr', 0, 0, 0)
#     Time       Orderp
         0     0.112590
         1     0.108541
         2     0.110064
         3     0.111239
         4     0.109426
         5     0.109556
         6     0.107894
# Cycle: 1805, status: ACC, move: ('00', 0.11006361796706463, 1, 4)
#     Time       Orderp
         0     0.107894
         1     0.109556
         2     0.109426
         3     0.111239
         4     0.110064
         5     0.108541
         6     0.112590
# Cycle: 1806, status: NCR, move: ('sh', 0.11006361796706463, 4, 3)
#     Time       Orderp
         0     0.108399
         1     0.109200
         2     0.111305
         3     0.110064
         4     0.109211
         5     0.109730
         6     0.109229
         7     0.109624
         8     0.109756
         9     0.108414
# Cycle: 1807, status: ACC, move: ('s-', 0, 0, 0)
#     Time       Orderp
         0     0.108065
         1     0.111720
         2     0.108901
         3     0.109677
         4     0.108516
         5     0.108179
# Cycle: 1808, status: ACC, move: ('tr', 0, 0, 0)
#     Time       Orderp
         0     0.108179
         1     0.108516
         2     0.109677
         3     0.108901
         4     0.111720
         5     0.108065
# Cycle: 1809, status: ACC, move: ('s-', 0.11006361796706463, 1, 4)
#     Time       Orderp
         0     0.107894
         1     0.109556
         2     0.109426
         3     0.111239
         4     0.110064
         5     0.108541
         6     0.112590
# Cycle: 1810, status: ACC, move: ('00', 0.11006361796706463, 1, 4)
#     Time       Orderp
         0     0.107894
         1     0.109556
         2     0.109426
         3     0.111239
         4     0.110064
         5     0.108541
         6     0.112590
# Cycle: 1811, status: ACC, move: ('00', 0.11006361796706463, 1, 4)
#     Time       Orderp
         0     0.107894
         1     0.109556
         2     0.109426
         3     0.111239
         4     0.110064
         5     0.108541
         6     0.112590
# Cycle: 1812, status: ACC, move: ('00', 0.11006361796706463, 1, 4)
#     Time       Orderp
         0     0.107894
         1     0.109556
         2     0.109426
         3     0.111239
         4     0.110064
         5     0.108541
         6     0.112590
# Cycle: 1813, status: ACC, move: ('s-', 0, 0, 0)
#     Time       Orderp
         0     0.108179
         1     0.108516
         2     0.109677
         3     0.108901
         4     0.111720
         5     0.108065
# Cycle: 1814, status: KOB, move: ('sh', 0.10815266986995749, 1, 0)
#     Time       Orderp
         0     0.108153
# Cycle: 1815, status: ACC, move: ('s-', 0.11006361796706463, 1, 4)
#     Time       Orderp
         0     0.107894
         1     0.109556
         2     0.109426
         3     0.111239
         4     0.110064
         5     0.108541
         6     0.112590
# Cycle: 1816, status: ACC, move: ('00', 0.11006361796706463, 1, 4)
#     Time       Orderp
         0     0.107894
         1     0.109556
         2     0.109426
         3     0.111239
         4     0.110064
         5     0.108541
         6     0.112590
# Cycle: 1817, status: BWI, move: ('tr', 0, 0, 0)
#     Time       Orderp
         0     0.112590
         1     0.108541
         2     0.110064
         3     0.111239
         4     0.109426
         5     0.109556
         6     0.107894
# Cycle: 1818, status: BTL, move: ('sh', 0.11168258592994704, 3, 0)
#     Time       Orderp
         0     0.111682
         1     0.108626
         2     0.110263
         3     0.108561
         4     0.109581
         5     0.109942
# Cycle: 1819, status: ACC, move: ('s-', 0, 0, 0)
#     Time       Orderp
         0     0.108065
         1     0.111720
         2     0.108901
         3     0.109677
         4     0.108516
         5     0.108179
# Cycle: 1820, status: BTL, move: ('sh', 0.10967679791095289, 3, 0)
#     Time       Orderp
         0     0.109677
         1     0.109193
         2     0.108520
         3     0.109898
         4     0.108562
# Cycle: 1821, status: ACC, move: ('00', 0, 0, 0)
#     Time       Orderp
         0     0.108065
         1     0.111720
         2     0.108901
         3     0.109677
         4     0.108516
         5     0.108179
# Cycle: 1822, status: ACC, move: ('tr', 0, 0, 0)
#     Time       Orderp
         0     0.108179
         1     0.108516
         2     0.109677
         3     0.108901
         4     0.111720
         5     0.108065
# Cycle: 1823, status: ACC, move: ('00', 0, 0, 0)
#     Time       Orderp
         0     0.108179
         1     0.108516
         2     0.109677
         3     0.108901
         4     0.111720
         5     0.108065
# Cycle: 1824, status: ACC, move: ('tr', 0, 0, 0)
#     Time       Orderp
         0     0.108065
         1     0.111720
         2     0.108901
         3     0.109677
         4     0.108516
         5     0.108179
# Cycle: 1825, status: NCR, move: ('sh', 0.10909170454255447, 2, 1)
#     Time       Orderp
         0     0.108237
         1     0.109092
         2     0.108424
# Cycle: 1826, status: ACC, move: ('s-', 0.11006361796706463, 1, 4)
#     Time       Orderp
         0     0.107894
         1     0.109556
         2     0.109426
         3     0.111239
         4     0.110064
         5     0.108541
         6     0.112590
# Cycle: 1827, status: BWI, move: ('tr', 0, 0, 0)
#     Time       Orderp
         0     0.112590
         1     0.108541
         2     0.110064
         3     0.111239
         4     0.109426
         5     0.109556
         6     0.107894
# Cycle: 1828, status: ACC, move: ('s-', 0, 0, 0)
#     Time       Orderp
         0     0.108179
         1     0.108516
         2     0.109677
         3     0.108901
         4     0.111720
         5     0.108065
# Cycle: 1829, status: FTL, move: ('sh', 0.10967679791095289, 2, 4)
#     Time       Orderp
         0     0.107736
         1     0.109110
         2     0.109203
         3     0.109247
         4     0.109677
         5     0.109052
         6     0.109548
         7     0.110337
# Cycle: 1830, status: NCR, move: ('sh', 0.11141813137905326, 4, 8)
#     Time       Orderp
         0     0.108386
         1     0.108757
         2     0.109821
         3     0.109723
         4     0.109646
         5     0.108726
         6     0.108745
         7     0.109776
         8     0.111418
         9     0.108008
# Cycle: 1831, status: ACC, move: ('tr', 0, 0, 0)
#     Time       Orderp
         0     0.108065
         1     0.111720
         2     0.108901
         3     0.109677
         4     0.108516
         5     0.108179
# Cycle: 1832, status: ACC, move: ('s-', 0.11006361796706463, 1, 4)
#     Time       Orderp
         0     0.107894
         1     0.109556
         2     0.109426
         3     0.111239
         4     0.110064
         5     0.108541
         6     0.112590
# Cycle: 1833, status: ACC, move: ('00', 0.11006361796706463, 1, 4)
#     Time       Orderp
         0     0.107894
         1     0.109556
         2     0.109426
         3     0.111239
         4     0.110064
         5     0.108541
         6     0.112590
# Cycle: 1834, status: KOB, move: ('sh', 0.10812030336620392, 5, 0)
#     Time       Orderp
         0     0.108120
# Cycle: 1835, status: NCR, move: ('sh', 0.11006361796706463, 4, 4)
#     Time       Orderp
         0     0.107818
         1     0.109097
         2     0.110005
         3     0.108858
         4     0.110064
         5     0.108277
# Cycle: 1836, status: KOB, move: ('sh', 0.10812030336620392, 5, 0)
#     Time       Orderp
         0     0.108120
# Cycle: 1837, status: ACC, move: ('s-', 0, 0, 0)
#     Time       Orderp
         0     0.107971
         1     0.109735
         2     0.108659
         3     0.111723
         4     0.108407
# Cycle: 1838, status: ACC, move: ('00', 0, 0, 0)
#     Time       Orderp
         0     0.107971
         1     0.109735
         2     0.108659
         3     0.111723
         4     0.108407
# Cycle: 1839, status: KOB, move: ('sh', 0.10819426971887185, 2, 0)
#     Time       Orderp
         0     0.108194
# Cycle: 1840, status: ACC, move: ('tr', 0, 0, 0)
#     Time       Orderp
         0     0.108407
         1     0.111723
         2     0.108659
         3     0.109735
         4     0.107971
# Cycle: 1841, status: KOB, move: ('sh', 0.10819426971887185, 2, 0)
#     Time       Orderp
         0     0.108194
# Cycle: 1842, status: ACC, move: ('00', 0, 0, 0)
#     Time       Orderp
         0     0.108407
         1     0.111723
         2     0.108659
         3     0.109735
         4     0.107971
# Cycle: 1843, status: ACC, move: ('tr', 0, 0, 0)
#     Time       Orderp
         0     0.107971
         1     0.109735
         2     0.108659
         3     0.111723
         4     0.108407
# Cycle: 1844, status: ACC, move: ('sh', 0.11172287142747468, 3, 1)
#     Time       Orderp
         0     0.108328
         1     0.111723
         2     0.108317
# Cycle: 1845, status: ACC, move: ('00', 0.11172287142747468, 3, 1)
#     Time       Orderp
         0     0.108328
         1     0.111723
         2     0.108317
# Cycle: 1846, status: ACC, move: ('00', 0.11172287142747468, 3, 1)
#     Time       Orderp
         0     0.108328
         1     0.111723
         2     0.108317
# Cycle: 1847, status: NCR, move: ('s-', 0, 0, 0)
#     Time       Orderp
         0     0.108216
         1     0.111682
         2     0.108653
         3     0.108891
         4     0.108966
         5     0.109889
         6     0.108835
         7     0.108098
# Cycle: 1848, status: NCR, move: ('s-', 0, 0, 0)
#     Time       Orderp
         0     0.108216
         1     0.111682
         2     0.108653
         3     0.108891
         4     0.108966
         5     0.109889
         6     0.108835
         7     0.108098
# Cycle: 1849, status: ACC, move: ('tr', 0, 0, 0)
#     Time       Orderp
         0     0.108317
         1     0.111723
         2     0.108328
# Cycle: 1850, status: ACC, move: ('00', 0, 0, 0)
#     Time       Orderp
         0     0.108317
         1     0.111723
         2     0.108328
# Cycle: 1851, status: ACC, move: ('tr', 0, 0, 0)
#     Time       Orderp
         0     0.108328
         1     0.111723
         2     0.108317
# Cycle: 1852, status: ACC, move: ('00', 0, 0, 0)
#     Time       Orderp
         0     0.108328
         1     0.111723
         2     0.108317
# Cycle: 1853, status: ACC, move: ('tr', 0, 0, 0)
#     Time       Orderp
         0     0.108317
         1     0.111723
         2     0.108328
# Cycle: 1854, status: ACC, move: ('tr', 0, 0, 0)
#     Time       Orderp
         0     0.108328
         1     0.111723
         2     0.108317
# Cycle: 1855, status: NCR, move: ('s-', 0, 0, 0)
#     Time       Orderp
         0     0.108216
         1     0.111682
         2     0.108653
         3     0.108891
         4     0.108966
         5     0.109889
         6     0.108835
         7     0.108098
# Cycle: 1856, status: BTL, move: ('sh', 0.11172287142747468, 1, 0)
#     Time       Orderp
         0     0.111723
         1     0.108436
# Cycle: 1857, status: ACC, move: ('tr', 0, 0, 0)
#     Time       Orderp
         0     0.108317
         1     0.111723
         2     0.108328
# Cycle: 1858, status: ACC, move: ('00', 0, 0, 0)
#     Time       Orderp
         0     0.108317
         1     0.111723
         2     0.108328
# Cycle: 1859, status: ACC, move: ('00', 0, 0, 0)
#     Time       Orderp
         0     0.108317
         1     0.111723
         2     0.108328
# Cycle: 1860, status: ACC, move: ('tr', 0, 0, 0)
#     Time       Orderp
         0     0.108328
         1     0.111723
         2     0.108317
# Cycle: 1861, status: NCR, move: ('s-', 0, 0, 0)
#     Time       Orderp
         0     0.108216
         1     0.111682
         2     0.108653
         3     0.108891
         4     0.108966
         5     0.109889
         6     0.108835
         7     0.108098
# Cycle: 1862, status: NCR, move: ('s-', 0, 0, 0)
#     Time       Orderp
         0     0.108216
         1     0.111682
         2     0.108653
         3     0.108891
         4     0.108966
         5     0.109889
         6     0.108835
         7     0.108098
# Cycle: 1863, status: NCR, move: ('s-', 0, 0, 0)
#     Time       Orderp
         0     0.108216
         1     0.111682
         2     0.108653
         3     0.108891
         4     0.108966
         5     0.109889
         6     0.108835
         7     0.108098
# Cycle: 1864, status: NCR, move: ('s-', 0, 0, 0)
#     Time       Orderp
         0     0.108216
         1     0.111682
         2     0.108653
         3     0.108891
         4     0.108966
         5     0.109889
         6     0.108835
         7     0.108098
# Cycle: 1865, status: ACC, move: ('tr', 0, 0, 0)
#     Time       Orderp
         0     0.108317
         1     0.111723
         2     0.108328
# Cycle: 1866, status: BTL, move: ('sh', 0.11172287142747468, 1, 0)
#     Time       Orderp
         0     0.111723
         1     0.108743
# Cycle: 1867, status: ACC, move: ('tr', 0, 0, 0)
#     Time       Orderp
         0     0.108328
         1     0.111723
         2     0.108317
# Cycle: 1868, status: NCR, move: ('s-', 0, 0, 0)
#     Time       Orderp
         0     0.108216
         1     0.111682
         2     0.108653
         3     0.108891
         4     0.108966
         5     0.109889
         6     0.108835
         7     0.108098
# Cycle: 1869, status: ACC, move: ('00', 0, 0, 0)
#     Time       Orderp
         0     0.108328
         1     0.111723
         2     0.108317
# Cycle: 1870, status: ACC, move: ('s-', 0, 0, 0)
#     Time       Orderp
         0     0.108065
         1     0.111720
         2     0.108901
         3     0.109677
         4     0.108516
         5     0.108179
# Cycle: 1871, status: ACC, move: ('tr', 0, 0, 0)
#     Time       Orderp
         0     0.108179
         1     0.108516
         2     0.109677
         3     0.108901
         4     0.111720
         5     0.108065
# Cycle: 1872, status: ACC, move: ('s-', 0, 0, 0)
#     Time       Orderp
         0     0.108317
         1     0.111723
         2     0.108328
# Cycle: 1873, status: ACC, move: ('tr', 0, 0, 0)
#     Time       Orderp
         0     0.108328
         1     0.111723
         2     0.108317
# Cycle: 1874, status: BTL, move: ('sh', 0.11172287142747468, 1, 0)
#     Time       Orderp
         0     0.111723
         1     0.108919
# Cycle: 1875, status: ACC, move: ('s-', 0, 0, 0)
#     Time       Orderp
         0     0.108065
         1     0.111720
         2     0.108901
         3     0.109677
         4     0.108516
         5     0.108179
# Cycle: 1876, status: ACC, move: ('tr', 0, 0, 0)
#     Time       Orderp
         0     0.108179
         1     0.108516
         2     0.109677
         3     0.108901
         4     0.111720
         5     0.108065
# Cycle: 1877, status: ACC, move: ('tr', 0, 0, 0)
#     Time       Orderp
         0     0.108065
         1     0.111720
         2     0.108901
         3     0.109677
         4     0.108516
         5     0.108179
# Cycle: 1878, status: ACC, move: ('00', 0, 0, 0)
#     Time       Orderp
         0     0.108065
         1     0.111720
         2     0.108901
         3     0.109677
         4     0.108516
         5     0.108179
# Cycle: 1879, status: ACC, move: ('s-', 0, 0, 0)
#     Time       Orderp
         0     0.108328
         1     0.111723
         2     0.108317
# Cycle: 1880, status: BTL, move: ('sh', 0.11172287142747468, 1, 0)
#     Time       Orderp
         0     0.111723
         1     0.108806
# Cycle: 1881, status: ACC, move: ('s-', 0, 0, 0)
#     Time       Orderp
         0     0.108065
         1     0.111720
         2     0.108901
         3     0.109677
         4     0.108516
         5     0.108179
# Cycle: 1882, status: ACC, move: ('s-', 0, 0, 0)
#     Time       Orderp
         0     0.108328
         1     0.111723
         2     0.108317
# Cycle: 1883, status: ACC, move: ('s-', 0, 0, 0)
#     Time       Orderp
         0     0.108065
         1     0.111720
         2     0.108901
         3     0.109677
         4     0.108516
         5     0.108179
# Cycle: 1884, status: ACC, move: ('00', 0, 0, 0)
#     Time       Orderp
         0     0.108065
         1     0.111720
         2     0.108901
         3     0.109677
         4     0.108516
         5     0.108179
# Cycle: 1885, status: ACC, move: ('tr', 0, 0, 0)
#     Time       Orderp
         0     0.108179
         1     0.108516
         2     0.109677
         3     0.108901
         4     0.111720
         5     0.108065
# Cycle: 1886, status: NCR, move: ('sh', 0.10909170454255447, 3, 3)
#     Time       Orderp
         0     0.108158
         1     0.108700
         2     0.108694
         3     0.109092
         4     0.108161
# Cycle: 1887, status: NCR, move: ('sh', 0.10909170454255447, 3, 1)
#     Time       Orderp
         0     0.108086
         1     0.109092
         2     0.109004
         3     0.109738
         4     0.109562
         5     0.109727
         6     0.109734
         7     0.109178
         8     0.108495
# Cycle: 1888, status: ACC, move: ('tr', 0, 0, 0)
#     Time       Orderp
         0     0.108065
         1     0.111720
         2     0.108901
         3     0.109677
         4     0.108516
         5     0.108179
# Cycle: 1889, status: NCR, move: ('sh', 0.10909170454255447, 2, 7)
#     Time       Orderp
         0     0.108097
         1     0.109039
         2     0.109334
         3     0.111012
         4     0.111559
         5     0.108740
         6     0.108951
         7     0.109092
         8     0.108512
         9     0.108182
# Cycle: 1890, status: ACC, move: ('tr', 0, 0, 0)
#     Time       Orderp
         0     0.108179
         1     0.108516
         2     0.109677
         3     0.108901
         4     0.111720
         5     0.108065
# Cycle: 1891, status: ACC, move: ('s-', 0, 0, 0)
#     Time       Orderp
         0     0.108317
         1     0.111723
         2     0.108328
# Cycle: 1892, status: ACC, move: ('00', 0, 0, 0)
#     Time       Orderp
         0     0.108317
         1     0.111723
         2     0.108328
# Cycle: 1893, status: ACC, move: ('tr', 0, 0, 0)
#     Time       Orderp
         0     0.108328
         1     0.111723
         2     0.108317
# Cycle: 1894, status: ACC, move: ('s-', 0, 0, 0)
#     Time       Orderp
         0     0.108268
         1     0.109278
         2     0.110000
         3     0.109409
         4     0.111942
         5     0.109391
         6     0.109627
         7     0.109939
         8     0.108801
         9     0.108179
# Cycle: 1895, status: ACC, move: ('tr', 0, 0, 0)
#     Time       Orderp
         0     0.108179
         1     0.108801
         2     0.109939
         3     0.109627
         4     0.109391
         5     0.111942
         6     0.109409
         7     0.110000
         8     0.109278
         9     0.108268
# Cycle: 1896, status: ACC, move: ('s-', 0, 0, 0)
#     Time       Orderp
         0     0.108317
         1     0.111723
         2     0.108328
# Cycle: 1897, status: ACC, move: ('tr', 0, 0, 0)
#     Time       Orderp
         0     0.108328
         1     0.111723
         2     0.108317
# Cycle: 1898, status: ACC, move: ('tr', 0, 0, 0)
#     Time       Orderp
         0     0.108317
         1     0.111723
         2     0.108328
# Cycle: 1899, status: BTL, move: ('sh', 0.11172287142747468, 1, 0)
#     Time       Orderp
         0     0.111723
         1     0.109548
# Cycle: 1900, status: BTL, move: ('sh', 0.11172287142747468, 1, 0)
#     Time       Orderp
         0     0.111723
         1     0.108429
# Cycle: 1901, status: ACC, move: ('s-', 0, 0, 0)
#     Time       Orderp
         0     0.108179
         1     0.108801
         2     0.109939
         3     0.109627
         4     0.109391
         5     0.111942
         6     0.109409
         7     0.110000
         8     0.109278
         9     0.108268
# Cycle: 1902, status: ACC, move: ('00', 0, 0, 0)
#     Time       Orderp
         0     0.108179
         1     0.108801
         2     0.109939
         3     0.109627
         4     0.109391
         5     0.111942
         6     0.109409
         7     0.110000
         8     0.109278
         9     0.108268
# Cycle: 1903, status: ACC, move: ('s-', 0, 0, 0)
#     Time       Orderp
         0     0.108179
         1     0.108516
         2     0.109677
         3     0.108901
         4     0.111720
         5     0.108065
# Cycle: 1904, status: ACC, move: ('00', 0, 0, 0)
#     Time       Orderp
         0     0.108179
         1     0.108516
         2     0.109677
         3     0.108901
         4     0.111720
         5     0.108065
# Cycle: 1905, status: ACC, move: ('s-', 0, 0, 0)
#     Time       Orderp
         0     0.108179
         1     0.108801
         2     0.109939
         3     0.109627
         4     0.109391
         5     0.111942
         6     0.109409
         7     0.110000
         8     0.109278
         9     0.108268
# Cycle: 1906, status: KOB, move: ('sh', 0.1081757828721381, 1, 0)
#     Time       Orderp
         0     0.108176
# Cycle: 1907, status: ACC, move: ('s-', 0, 0, 0)
#     Time       Orderp
         0     0.108179
         1     0.108516
         2     0.109677
         3     0.108901
         4     0.111720
         5     0.108065
# Cycle: 1908, status: ACC, move: ('s-', 0, 0, 0)
#     Time       Orderp
         0     0.108179
         1     0.108801
         2     0.109939
         3     0.109627
         4     0.109391
         5     0.111942
         6     0.109409
         7     0.110000
         8     0.109278
         9     0.108268
# Cycle: 1909, status: ACC, move: ('tr', 0, 0, 0)
#     Time       Orderp
         0     0.108268
         1     0.109278
         2     0.110000
         3     0.109409
         4     0.111942
         5     0.109391
         6     0.109627
         7     0.109939
         8     0.108801
         9     0.108179
# Cycle: 1910, status: FTL, move: ('sh', 0.11194194924155998, 4, 8)
#     Time       Orderp
         0     0.107525
         1     0.108969
         2     0.109082
         3     0.108525
         4     0.108717
         5     0.108856
         6     0.108774
         7     0.108745
         8     0.111942
         9     0.109016
        10     0.109552
        11     0.109264
        12     0.109907
        13     0.108421
# Cycle: 1911, status: ACC, move: ('00', 0, 0, 0)
#     Time       Orderp
         0     0.108268
         1     0.109278
         2     0.110000
         3     0.109409
         4     0.111942
         5     0.109391
         6     0.109627
         7     0.109939
         8     0.108801
         9     0.108179
# Cycle: 1912, status: ACC, move: ('tr', 0, 0, 0)
#     Time       Orderp
         0     0.108179
         1     0.108801
         2     0.109939
         3     0.109627
         4     0.109391
         5     0.111942
         6     0.109409
         7     0.110000
         8     0.109278
         9     0.108268
# Cycle: 1913, status: ACC, move: ('tr', 0, 0, 0)
#     Time       Orderp
         0     0.108268
         1     0.109278
         2     0.110000
         3     0.109409
         4     0.111942
         5     0.109391
         6     0.109627
         7     0.109939
         8     0.108801
         9     0.108179
# Cycle: 1914, status: ACC, move: ('tr', 0, 0, 0)
#     Time       Orderp
         0     0.108179
         1     0.108801
         2     0.109939
         3     0.109627
         4     0.109391
         5     0.111942
         6     0.109409
         7     0.110000
         8     0.109278
         9     0.108268
# Cycle: 1915, status: ACC, move: ('tr', 0, 0, 0)
#     Time       Orderp
         0     0.108268
         1     0.109278
         2     0.110000
         3     0.109409
         4     0.111942
         5     0.109391
         6     0.109627
         7     0.109939
         8     0.108801
         9     0.108179
# Cycle: 1916, status: ACC, move: ('tr', 0, 0, 0)
#     Time       Orderp
         0     0.108179
         1     0.108801
         2     0.109939
         3     0.109627
         4     0.109391
         5     0.111942
         6     0.109409
         7     0.110000
         8     0.109278
         9     0.108268
# Cycle: 1917, status: NCR, move: ('sh', 0.11002272492535327, 2, 1)
#     Time       Orderp
         0     0.108233
         1     0.110023
         2     0.107465
# Cycle: 1918, status: ACC, move: ('00', 0, 0, 0)
#     Time       Orderp
         0     0.108179
         1     0.108801
         2     0.109939
         3     0.109627
         4     0.109391
         5     0.111942
         6     0.109409
         7     0.110000
         8     0.109278
         9     0.108268
# Cycle: 1919, status: ACC, move: ('tr', 0, 0, 0)
#     Time       Orderp
         0     0.108268
         1     0.109278
         2     0.110000
         3     0.109409
         4     0.111942
         5     0.109391
         6     0.109627
         7     0.109939
         8     0.108801
         9     0.108179
# Cycle: 1920, status: ACC, move: ('00', 0, 0, 0)
#     Time       Orderp
         0     0.108268
         1     0.109278
         2     0.110000
         3     0.109409
         4     0.111942
         5     0.109391
         6     0.109627
         7     0.109939
         8     0.108801
         9     0.108179
# Cycle: 1921, status: NCR, move: ('sh', 0.11002272492535327, 7, 2)
#     Time       Orderp
         0     0.108190
         1     0.109199
         2     0.110023
         3     0.108339
# Cycle: 1922, status: ACC, move: ('s-', 0, 0, 0)
#     Time       Orderp
         0     0.108065
         1     0.111720
         2     0.108901
         3     0.109677
         4     0.108516
         5     0.108179
# Cycle: 1923, status: ACC, move: ('s-', 0, 0, 0)
#     Time       Orderp
         0     0.108268
         1     0.109278
         2     0.110000
         3     0.109409
         4     0.111942
         5     0.109391
         6     0.109627
         7     0.109939
         8     0.108801
         9     0.108179
# Cycle: 1924, status: NCR, move: ('sh', 0.11005907504608613, 6, 1)
#     Time       Orderp
         0     0.108360
         1     0.110059
         2     0.108892
         3     0.109690
         4     0.108921
         5     0.108735
         6     0.108910
         7     0.108159
# Cycle: 1925, status: ACC, move: ('tr', 0, 0, 0)
#     Time       Orderp
         0     0.108179
         1     0.108801
         2     0.109939
         3     0.109627
         4     0.109391
         5     0.111942
         6     0.109409
         7     0.110000
         8     0.109278
         9     0.108268
# Cycle: 1926, status: ACC, move: ('00', 0, 0, 0)
#     Time       Orderp
         0     0.108179
         1     0.108801
         2     0.109939
         3     0.109627
         4     0.109391
         5     0.111942
         6     0.109409
         7     0.110000
         8     0.109278
         9     0.108268
# Cycle: 1927, status: KOB, move: ('sh', 0.1081757828721381, 1, 0)
#     Time       Orderp
         0     0.108176
# Cycle: 1928, status: ACC, move: ('s-', 0, 0, 0)
#     Time       Orderp
         0     0.108179
         1     0.108516
         2     0.109677
         3     0.108901
         4     0.111720
         5     0.108065
# Cycle: 1929, status: ACC, move: ('s-', 0, 0, 0)
#     Time       Orderp
         0     0.108179
         1     0.108801
         2     0.109939
         3     0.109627
         4     0.109391
         5     0.111942
         6     0.109409
         7     0.110000
         8     0.109278
         9     0.108268
# Cycle: 1930, status: ACC, move: ('s-', 0, 0, 0)
#     Time       Orderp
         0     0.108179
         1     0.108516
         2     0.109677
         3     0.108901
         4     0.111720
         5     0.108065
# Cycle: 1931, status: NCR, move: ('sh', 0.10967679791095289, 2, 3)
#     Time       Orderp
         0     0.108027
         1     0.108806
         2     0.109386
         3     0.109677
         4     0.108439
# Cycle: 1932, status: ACC, move: ('00', 0, 0, 0)
#     Time       Orderp
         0     0.108179
         1     0.108516
         2     0.109677
         3     0.108901
         4     0.111720
         5     0.108065
# Cycle: 1933, status: ACC, move: ('00', 0, 0, 0)
#     Time       Orderp
         0     0.108179
         1     0.108516
         2     0.109677
         3     0.108901
         4     0.111720
         5     0.108065
# Cycle: 1934, status: ACC, move: ('s-', 0, 0, 0)
#     Time       Orderp
         0     0.108179
         1     0.108801
         2     0.109939
         3     0.109627
         4     0.109391
         5     0.111942
         6     0.109409
         7     0.110000
         8     0.109278
         9     0.108268
# Cycle: 1935, status: ACC, move: ('00', 0, 0, 0)
#     Time       Orderp
         0     0.108179
         1     0.108801
         2     0.109939
         3     0.109627
         4     0.109391
         5     0.111942
         6     0.109409
         7     0.110000
         8     0.109278
         9     0.108268
# Cycle: 1936, status: NCR, move: ('sh', 0.11005907504608613, 3, 5)
#     Time       Orderp
         0     0.108095
         1     0.108515
         2     0.108772
         3     0.109342
         4     0.108651
         5     0.110059
         6     0.109089
         7     0.108836
         8     0.109383
         9     0.109472
        10     0.108044
# Cycle: 1937, status: ACC, move: ('tr', 0, 0, 0)
#     Time       Orderp
         0     0.108268
         1     0.109278
         2     0.110000
         3     0.109409
         4     0.111942
         5     0.109391
         6     0.109627
         7     0.109939
         8     0.108801
         9     0.108179
# Cycle: 1938, status: NCR, move: ('sh', 0.11005907504608613, 6, 3)
#     Time       Orderp
         0     0.108404
         1     0.109138
         2     0.109412
         3     0.110059
         4     0.108915
         5     0.108679
         6     0.110167
         7     0.108661
         8     0.109021
         9     0.108952
        10     0.108458
# Cycle: 1939, status: ACC, move: ('tr', 0, 0, 0)
#     Time       Orderp
         0     0.108179
         1     0.108801
         2     0.109939
         3     0.109627
         4     0.109391
         5     0.111942
         6     0.109409
         7     0.110000
         8     0.109278
         9     0.108268
# Cycle: 1940, status: ACC, move: ('tr', 0, 0, 0)
#     Time       Orderp
         0     0.108268
         1     0.109278
         2     0.110000
         3     0.109409
         4     0.111942
         5     0.109391
         6     0.109627
         7     0.109939
         8     0.108801
         9     0.108179
# Cycle: 1941, status: ACC, move: ('00', 0, 0, 0)
#     Time       Orderp
         0     0.108268
         1     0.109278
         2     0.110000
         3     0.109409
         4     0.111942
         5     0.109391
         6     0.109627
         7     0.109939
         8     0.108801
         9     0.108179
# Cycle: 1942, status: NCR, move: ('sh', 0.11064357188738991, 2, 2)
#     Time       Orderp
         0     0.108116
         1     0.108737
         2     0.110643
         3     0.109107
         4     0.109224
         5     0.109987
         6     0.110115
         7     0.109008
         8     0.109878
         9     0.108227
# Cycle: 1943, status: NCR, move: ('sh', 0.11002272492535327, 7, 1)
#     Time       Orderp
         0     0.107663
         1     0.110023
         2     0.108850
         3     0.109972
         4     0.108243
# Cycle: 1944, status: KOB, move: ('sh', 0.1081757828721381, 8, 0)
#     Time       Orderp
         0     0.108176
# Cycle: 1945, status: ACC, move: ('00', 0, 0, 0)
#     Time       Orderp
         0     0.108268
         1     0.109278
         2     0.110000
         3     0.109409
         4     0.111942
         5     0.109391
         6     0.109627
         7     0.109939
         8     0.108801
         9     0.108179
# Cycle: 1946, status: ACC, move: ('s-', 0, 0, 0)
#     Time       Orderp
         0     0.108065
         1     0.111720
         2     0.108901
         3     0.109677
         4     0.108516
         5     0.108179
# Cycle: 1947, status: ACC, move: ('00', 0, 0, 0)
#     Time       Orderp
         0     0.108065
         1     0.111720
         2     0.108901
         3     0.109677
         4     0.108516
         5     0.108179
# Cycle: 1948, status: ACC, move: ('s-', 0, 0, 0)
#     Time       Orderp
         0     0.108099
         1     0.109009
         2     0.111723
         3     0.108818
         4     0.108856
         5     0.107997
# Cycle: 1949, status: ACC, move: ('00', 0, 0, 0)
#     Time       Orderp
         0     0.108099
         1     0.109009
         2     0.111723
         3     0.108818
         4     0.108856
         5     0.107997
# Cycle: 1950, status: ACC, move: ('s-', 0, 0, 0)
#     Time       Orderp
         0     0.108065
         1     0.111720
         2     0.108901
         3     0.109677
         4     0.108516
         5     0.108179
# Cycle: 1951, status: ACC, move: ('s-', 0, 0, 0)
#     Time       Orderp
         0     0.108099
         1     0.109009
         2     0.111723
         3     0.108818
         4     0.108856
         5     0.107997
# Cycle: 1952, status: ACC, move: ('s-', 0, 0, 0)
#     Time       Orderp
         0     0.108065
         1     0.111720
         2     0.108901
         3     0.109677
         4     0.108516
         5     0.108179
# Cycle: 1953, status: ACC, move: ('00', 0, 0, 0)
#     Time       Orderp
         0     0.108065
         1     0.111720
         2     0.108901
         3     0.109677
         4     0.108516
         5     0.108179
# Cycle: 1954, status: ACC, move: ('00', 0, 0, 0)
#     Time       Orderp
         0     0.108065
         1     0.111720
         2     0.108901
         3     0.109677
         4     0.108516
         5     0.108179
# Cycle: 1955, status: NCR, move: ('sh', 0.10909170454255447, 2, 1)
#     Time       Orderp
         0     0.108327
         1     0.109092
         2     0.108650
         3     0.109145
         4     0.107988
# Cycle: 1956, status: NCR, move: ('sh', 0.10909170454255447, 2, 2)
#     Time       Orderp
         0     0.108437
         1     0.109766
         2     0.109092
         3     0.108029
# Cycle: 1957, status: ACC, move: ('s-', 0, 0, 0)
#     Time       Orderp
         0     0.108099
         1     0.109009
         2     0.111723
         3     0.108818
         4     0.108856
         5     0.107997
# Cycle: 1958, status: ACC, move: ('00', 0, 0, 0)
#     Time       Orderp
         0     0.108099
         1     0.109009
         2     0.111723
         3     0.108818
         4     0.108856
         5     0.107997
# Cycle: 1959, status: ACC, move: ('00', 0, 0, 0)
#     Time       Orderp
         0     0.108099
         1     0.109009
         2     0.111723
         3     0.108818
         4     0.108856
         5     0.107997
# Cycle: 1960, status: NCR, move: ('sh', 0.10885770528538632, 1, 4)
#     Time       Orderp
         0     0.108153
         1     0.109545
         2     0.109126
         3     0.109207
         4     0.108858
         5     0.108384
# Cycle: 1961, status: ACC, move: ('tr', 0, 0, 0)
#     Time       Orderp
         0     0.107997
         1     0.108856
         2     0.108818
         3     0.111723
         4     0.109009
         5     0.108099
# Cycle: 1962, status: FTL, move: ('sh', 0.11172287142747468, 3, 2)
#     Time       Orderp
         0     0.108074
         1     0.108804
         2     0.111723
         3     0.108833
         4     0.108687
         5     0.109688
# Cycle: 1963, status: ACC, move: ('00', 0, 0, 0)
#     Time       Orderp
         0     0.107997
         1     0.108856
         2     0.108818
         3     0.111723
         4     0.109009
         5     0.108099
# Cycle: 1964, status: ACC, move: ('sh', 0.11172287142747468, 3, 3)
#     Time       Orderp
         0     0.108272
         1     0.110413
         2     0.108532
         3     0.111723
         4     0.109027
         5     0.108018
# Cycle: 1965, status: ACC, move: ('tr', 0, 0, 0)
#     Time       Orderp
         0     0.108018
         1     0.109027
         2     0.111723
         3     0.108532
         4     0.110413
         5     0.108272
# Cycle: 1966, status: KOB, move: ('sh', 0.10846658471621581, 3, 0)
#     Time       Orderp
         0     0.108467
# Cycle: 1967, status: ACC, move: ('s-', 0, 0, 0)
#     Time       Orderp
         0     0.108065
         1     0.111720
         2     0.108901
         3     0.109677
         4     0.108516
         5     0.108179
# Cycle: 1968, status: ACC, move: ('tr', 0, 0, 0)
#     Time       Orderp
         0     0.108179
         1     0.108516
         2     0.109677
         3     0.108901
         4     0.111720
         5     0.108065
# Cycle: 1969, status: ACC, move: ('s-', 0, 0, 0)
#     Time       Orderp
         0     0.108272
         1     0.110413
         2     0.108532
         3     0.111723
         4     0.109027
         5     0.108018
# Cycle: 1970, status: ACC, move: ('00', 0, 0, 0)
#     Time       Orderp
         0     0.108272
         1     0.110413
         2     0.108532
         3     0.111723
         4     0.109027
         5     0.108018
# Cycle: 1971, status: ACC, move: ('tr', 0, 0, 0)
#     Time       Orderp
         0     0.108018
         1     0.109027
         2     0.111723
         3     0.108532
         4     0.110413
         5     0.108272
# Cycle: 1972, status: ACC, move: ('tr', 0, 0, 0)
#     Time       Orderp
         0     0.108272
         1     0.110413
         2     0.108532
         3     0.111723
         4     0.109027
         5     0.108018
# Cycle: 1973, status: ACC, move: ('00', 0, 0, 0)
#     Time       Orderp
         0     0.108272
         1     0.110413
         2     0.108532
         3     0.111723
         4     0.109027
         5     0.108018
# Cycle: 1974, status: NCR, move: ('sh', 0.10869222603295958, 4, 1)
#     Time       Orderp
         0     0.108271
         1     0.108692
         2     0.108268
# Cycle: 1975, status: ACC, move: ('00', 0, 0, 0)
#     Time       Orderp
         0     0.108272
         1     0.110413
         2     0.108532
         3     0.111723
         4     0.109027
         5     0.108018
# Cycle: 1976, status: ACC, move: ('00', 0, 0, 0)
#     Time       Orderp
         0     0.108272
         1     0.110413
         2     0.108532
         3     0.111723
         4     0.109027
         5     0.108018
# Cycle: 1977, status: BWI, move: ('sh', 0.11172287142747468, 3, 0)
#     Time       Orderp
         0     0.111723
         1     0.110369
         2     0.109098
         3     0.112464
# Cycle: 1978, status: ACC, move: ('s-', 0, 0, 0)
#     Time       Orderp
         0     0.108179
         1     0.108516
         2     0.109677
         3     0.108901
         4     0.111720
         5     0.108065
# Cycle: 1979, status: ACC, move: ('s-', 0, 0, 0)
#     Time       Orderp
         0     0.108272
         1     0.110413
         2     0.108532
         3     0.111723
         4     0.109027
         5     0.108018
# Cycle: 1980, status: ACC, move: ('00', 0, 0, 0)
#     Time       Orderp
         0     0.108272
         1     0.110413
         2     0.108532
         3     0.111723
         4     0.109027
         5     0.108018
# Cycle: 1981, status: ACC, move: ('tr', 0, 0, 0)
#     Time       Orderp
         0     0.108018
         1     0.109027
         2     0.111723
         3     0.108532
         4     0.110413
         5     0.108272
# Cycle: 1982, status: ACC, move: ('00', 0, 0, 0)
#     Time       Orderp
         0     0.108018
         1     0.109027
         2     0.111723
         3     0.108532
         4     0.110413
         5     0.108272
# Cycle: 1983, status: KOB, move: ('sh', 0.10846658471621581, 3, 0)
#     Time       Orderp
         0     0.108467
# Cycle: 1984, status: ACC, move: ('s-', 0, 0, 0)
#     Time       Orderp
         0     0.108065
         1     0.111720
         2     0.108901
         3     0.109677
         4     0.108516
         5     0.108179
# Cycle: 1985, status: KOB, move: ('sh', 0.10815266986995749, 4, 0)
#     Time       Orderp
         0     0.108153
# Cycle: 1986, status: ACC, move: ('s-', 0, 0, 0)
#     Time       Orderp
         0     0.108018
         1     0.109027
         2     0.111723
         3     0.108532
         4     0.110413
         5     0.108272
# Cycle: 1987, status: ACC, move: ('s-', 0, 0, 0)
#     Time       Orderp
         0     0.108065
         1     0.111720
         2     0.108901
         3     0.109677
         4     0.108516
         5     0.108179
# Cycle: 1988, status: ACC, move: ('s-', 0, 0, 0)
#     Time       Orderp
         0     0.108018
         1     0.109027
         2     0.111723
         3     0.108532
         4     0.110413
         5     0.108272
# Cycle: 1989, status: ACC, move: ('tr', 0, 0, 0)
#     Time       Orderp
         0     0.108272
         1     0.110413
         2     0.108532
         3     0.111723
         4     0.109027
         5     0.108018
# Cycle: 1990, status: ACC, move: ('00', 0, 0, 0)
#     Time       Orderp
         0     0.108272
         1     0.110413
         2     0.108532
         3     0.111723
         4     0.109027
         5     0.108018
# Cycle: 1991, status: NCR, move: ('sh', 0.11079711187571635, 1, 3)
#     Time       Orderp
         0     0.108309
         1     0.109790
         2     0.109516
         3     0.110797
         4     0.108358
# Cycle: 1992, status: KOB, move: ('sh', 0.10846658471621581, 2, 0)
#     Time       Orderp
         0     0.108467
# Cycle: 1993, status: ACC, move: ('tr', 0, 0, 0)
#     Time       Orderp
         0     0.108018
         1     0.109027
         2     0.111723
         3     0.108532
         4     0.110413
         5     0.108272
# Cycle: 1994, status: ACC, move: ('tr', 0, 0, 0)
#     Time       Orderp
         0     0.108272
         1     0.110413
         2     0.108532
         3     0.111723
         4     0.109027
         5     0.108018
# Cycle: 1995, status: ACC, move: ('00', 0, 0, 0)
#     Time       Orderp
         0     0.108272
         1     0.110413
         2     0.108532
         3     0.111723
         4     0.109027
         5     0.108018
# Cycle: 1996, status: ACC, move: ('s-', 0, 0, 0)
#     Time       Orderp
         0     0.108179
         1     0.108516
         2     0.109677
         3     0.108901
         4     0.111720
         5     0.108065
# Cycle: 1997, status: ACC, move: ('00', 0, 0, 0)
#     Time       Orderp
         0     0.108179
         1     0.108516
         2     0.109677
         3     0.108901
         4     0.111720
         5     0.108065
# Cycle: 1998, status: ACC, move: ('00', 0, 0, 0)
#     Time       Orderp
         0     0.108179
         1     0.108516
         2     0.109677
         3     0.108901
         4     0.111720
         5     0.108065
# Cycle: 1999, status: KOB, move: ('sh', 0.10815266986995749, 1, 0)
#     Time       Orderp
         0     0.108153
# Cycle: 2000, status: ACC, move: ('tr', 0, 0, 0)
#     Time       Orderp
         0     0.108065
         1     0.111720
         2     0.108901
         3     0.109677
         4     0.108516
         5     0.108179
