#"Step","Time (ps)","Potential Energy (kJ/mole)","Kinetic Energy (kJ/mole)","Total Energy (kJ/mole)","Temperature (K)","Box Volume (nm^3)","Density (g/mL)"
505000,1009.9999999899404,-38260.35916727608,6018.879797943286,-32241.479369332796,270.0633643043186,27.05366790267656,0.9885630444948533
510000,1019.999999989704,-37541.16831585444,6275.182327207383,-31265.98598864706,281.5634981591965,27.16583930064012,0.9844811349521767
515000,1029.9999999894676,-38171.17393599203,6260.19117421415,-31910.982761777883,280.8908545198375,26.88625813492128,0.9947184235312309
520000,1039.9999999892311,-37974.31054337861,6203.193280558376,-31771.117262820237,278.3333947539524,27.537692515910827,0.9711872660053212
525000,1049.9999999889947,-38273.514825641745,6229.673539052977,-32043.84128658877,279.52154735655853,27.299283230072128,0.9796688096617095
530000,1059.9999999887582,-38371.77317391004,6279.817359996598,-32091.955813913446,281.7714691755215,27.516197028248857,0.9719459516577187
535000,1069.9999999885217,-38324.61310629304,6023.505986236668,-32301.107120056375,270.27093847365876,27.523340466167195,0.9716936917412968
540000,1079.9999999882853,-38507.271892457386,6322.740817560419,-32184.531074896968,283.69741781487136,27.43249324569049,0.9749116154735233
545000,1089.9999999880488,-38497.80948620331,6085.263020303921,-32412.546465899388,273.0419378870974,27.606247274824838,0.9687755108609677
550000,1099.9999999878123,-38343.75181876863,6162.803258169111,-32180.948560599518,276.521119763098,27.147610586020654,0.9851421811831303
555000,1109.9999999875758,-38226.68764797078,6168.131971279311,-32058.555676691467,276.7602157806734,27.61887569870849,0.9683325490281721
560000,1119.9999999873394,-37723.081495716906,6243.280666199786,-31479.80082951712,280.13209062360295,27.158360388279434,0.9847522429286446
565000,1129.999999987103,-37860.60163418573,6117.616781122963,-31742.984853062768,274.4936308578847,27.213288334161543,0.9827645956718093
570000,1139.9999999868664,-38282.22841778966,6081.437235292395,-32200.79118249726,272.8702773113752,27.659384127148073,0.9669143818850532
575000,1149.99999998663,-38389.49052898574,6049.182817647121,-32340.30771133862,271.42304180653326,27.03104004034828,0.9893905771550937
580000,1159.9999999863935,-38260.25449160504,6221.968009023554,-32038.286482581483,279.1758050534468,27.231142699951885,0.9821202364258436
585000,1169.999999986157,-38124.600772642116,6247.411221691438,-31877.18955095068,280.3174260597588,26.87240821431919,0.995231097016892
590000,1179.9999999859206,-37986.626508466274,6236.208128153191,-31750.418380313084,279.81475027404383,26.687360212170272,1.002131949132474
595000,1189.999999985684,-37993.10159529336,6165.748155371075,-31827.353439922284,276.65325545488645,27.14091897664656,0.9853850685614131
600000,1199.9999999854476,-38025.46093117409,6137.193178997288,-31888.267752176806,275.37201156133494,27.403937304472283,0.9759275103237813
605000,1209.9999999852112,-37867.57001273727,6243.847803666904,-31623.722209070365,280.15753772630893,27.316083536376926,0.9790662805305603
610000,1219.9999999849747,-38268.69555998426,5997.2801882556905,-32271.415371728574,269.0942033548201,27.127590561588953,0.9858692111230438
615000,1229.9999999847382,-38501.69006606885,6304.02859409827,-32197.661471970576,282.85781207568897,27.081125073326483,0.9875607543707388
620000,1239.9999999845018,-38272.56480034092,6202.840604018349,-32069.724196322575,278.31757037863537,27.038152282247935,0.9891303232352062
625000,1249.9999999842653,-38233.329677803995,6265.051971437577,-31968.277706366418,281.10895544483157,26.980185558591707,0.9912554622184966
630000,1259.9999999840288,-38406.989744182174,6246.039255156209,-32160.950489025963,280.2558667811795,27.400160965193717,0.9760620144018759
635000,1269.9999999837923,-38429.27068849699,6288.950451288801,-32140.320237208187,282.18126525779473,27.462986112130476,0.9738291457974273
640000,1279.9999999835559,-38425.74276119748,6037.753045919176,-32387.9897152783,270.91019511251324,27.266034796704258,0.9808634260913985
645000,1289.9999999833194,-38041.06358258246,5910.122559623511,-32130.94102295895,265.183495182639,27.614456050205767,0.968487529068071
650000,1299.999999983083,-38232.1425934278,6009.039345235294,-32223.103248192507,269.62182935864547,27.623366985075027,0.9681751077293589
655000,1309.9999999828465,-38199.86767259595,6124.223551075374,-32075.644121520578,274.7900724849699,27.136870234902805,0.9855320851342981
660000,1319.99999998261,-39136.14097067588,6157.361116118755,-32978.77985455713,276.27693426006743,27.237350020688886,0.9818964137960664
665000,1329.9999999823735,-37968.50627572937,6096.944969824346,-31871.561305905023,273.5660996406179,27.827282806957164,0.9610804077477602
670000,1339.999999982137,-38103.903053179325,6211.37769859248,-31892.525354586847,278.7006244616994,27.155306373714467,0.9848629928370198
675000,1349.9999999819006,-37942.4135364373,6299.322828768858,-31643.09070766844,282.6466673346157,27.116346483194295,0.9862780121650137
680000,1359.9999999816641,-38080.76531773799,6157.567351535632,-31923.19796620236,276.2861879139682,27.08806331735211,0.9873078039318801
685000,1369.9999999814277,-37769.224263865195,6151.306799735177,-31617.91746413002,276.00528087837495,27.109466803526633,0.9865283039481804
690000,1379.9999999811912,-37893.80974606919,6153.637183616112,-31740.17256245308,276.10984374258453,27.006233506473855,0.990299380334232
695000,1389.9999999809547,-37974.379459376316,6189.583631798718,-31784.795827577596,277.72273834371987,27.17503529695432,0.9841479878269019
700000,1399.9999999807183,-38210.020889709274,6069.003452716974,-32141.0174369923,272.3123812798754,27.583305707700717,0.9695812601299689
705000,1409.9999999804818,-38192.146205002085,6104.19484717616,-32087.951357825925,273.8913970936578,27.47573747766309,0.9733771960940036
710000,1419.9999999802453,-37850.584935884726,6303.292060473785,-31547.29287541094,282.82476427356806,27.483659000276766,0.9730966428579728
715000,1429.9999999800089,-38300.40504650231,6183.109656495255,-32117.295390007057,277.43225512930616,27.490416408429127,0.9728574463652827
720000,1439.9999999797724,-37903.77491145507,6490.096313795202,-31413.678597659866,291.2065540437471,26.693235444460342,1.0019113779694653
725000,1449.999999979536,-38095.76740160005,6146.954644019559,-31948.812757580494,275.81000237905397,27.013781023245482,0.9900226955867109
730000,1459.9999999792994,-37918.42360207402,5947.413143742386,-31971.010458331635,266.8567003208206,27.419896094646475,0.9753595058970425
735000,1469.999999979063,-38113.436312440346,5945.901306285176,-32167.53500615517,266.78886512163376,27.313416100257264,0.9791618964268158
740000,1479.9999999788265,-37947.95426374494,6143.104312381717,-31804.849951363223,275.6372404115931,27.079766327930844,0.987610305892405
745000,1489.99999997859,-38327.71778006254,6198.885215822698,-32128.832564239845,278.140094589268,27.317632292435828,0.9790107729807914
750000,1499.9999999783536,-37772.88032409578,6194.878999140054,-31578.001324955723,277.96033815754515,27.094636782125054,0.9870682719122634
755000,1509.999999978117,-38096.21127690093,6445.026318465727,-31651.184958435206,289.18429160015796,27.272666155073225,0.9806249288043187
760000,1519.9999999778806,-38245.6999796053,6288.324521679168,-31957.37545792613,282.15318018850115,27.156411163789635,0.9848229261708715
765000,1529.9999999776442,-38214.55407272983,6129.447302907524,-32085.106769822305,275.0244589557819,26.986218543622083,0.9910338591304175
770000,1539.9999999774077,-38558.72753300213,6222.616809905689,-32336.11072309644,279.20491634240335,26.887119604424875,0.9946865525238808
775000,1549.9999999771712,-38618.16670108367,6189.374020908903,-32428.792680174767,277.7133332344639,27.335595308939354,0.9783674364639374
780000,1559.9999999769348,-38160.94767793958,6313.960099925189,-31846.98757801439,283.3034325177423,27.397715546578517,0.9761491340821846
785000,1569.9999999766983,-38185.40175364281,6116.045623451901,-32069.356130190907,274.42313399788014,27.25268504249522,0.9813439029923181
790000,1579.9999999764618,-37797.67415990363,6119.310077850323,-31678.36408205331,274.5696080207967,27.145741485693733,0.9852100124329743
795000,1589.9999999762254,-38239.77311125735,5895.275131376786,-32344.497979880565,264.5173003825787,27.472472958179434,0.9734928612846266
800000,1599.9999999759889,-37929.464229502075,6277.747136214442,-31651.717093287632,281.6785795318933,27.033682552921885,0.9892938653203215
805000,1609.9999999757524,-37586.29369347152,6171.858648203402,-31414.435045268117,276.92742943862663,27.36371573476704,0.9773620134725578
810000,1619.999999975516,-38159.13277911929,6150.559784222927,-32008.572994896364,275.9717627605194,27.389949255093175,0.9764259165850597
815000,1629.9999999752795,-38582.987256803695,6133.626741582865,-32449.36051522083,275.21198774975306,27.120794306459068,0.9861162620983133
820000,1639.999999975043,-38545.92037212811,6217.752301710624,-32328.168070417483,278.98664890843764,27.098518632548988,0.986926874832898
825000,1649.9999999748065,-37812.139218718235,6289.507921523298,-31522.631297194937,282.2062785978318,27.042478907342126,0.988972068657562
830000,1659.99999997457,-38019.85519462281,5922.253405141522,-32097.60178948129,265.7277986182333,26.83938104898779,0.9964557773448076
835000,1669.9999999743336,-38178.51246094436,6310.945379093435,-31867.567081850924,283.16816388344597,27.49528048081903,0.9726853423182817
840000,1679.9999999740971,-38013.48694105847,5926.771979731437,-32086.714961327038,265.9305442281439,27.42581580051798,0.9751489801122896
845000,1689.9999999738607,-37860.82044680615,6408.860871295357,-31451.959575510795,287.56157065169555,27.009966032119596,0.9901625301867839
850000,1699.9999999736242,-37715.60232479607,6174.731315633137,-31540.871009162933,277.05632422580396,27.538282009545927,0.9711664764472941
855000,1709.9999999733877,-38067.701983020466,6334.240500963035,-31733.46148205743,284.2134014019179,27.280691345148984,0.9803364573228918
860000,1719.9999999731513,-38665.137349199205,6238.063630138859,-32427.073719060347,279.8980054852368,27.363259198443362,0.9773783200556773
865000,1729.9999999729148,-38612.5404754972,6183.9088636292145,-32428.631611867982,277.4681150525176,27.405023797649314,0.9758888189294926
870000,1739.9999999726783,-38135.3496817851,6140.241308917912,-31995.108372867187,275.5087792405103,27.51001464929087,0.9721643789568838
875000,1749.9999999724419,-38599.309926764,6225.448594740168,-32373.86133202383,279.33197675315404,27.259471646576422,0.9810995845174976
880000,1759.9999999722054,-38245.06797312062,6232.559795651563,-32012.508177469055,279.65105188122544,27.445652761418657,0.9744441693228004
885000,1769.999999971969,-38439.34250293326,6159.1873955418505,-32280.15510739141,276.3588782731925,27.059137570002445,0.988363218799372
890000,1779.9999999717324,-37739.03710477823,6182.411546558224,-31556.62555822001,277.40093137395996,27.164088261682796,0.9845445961220656
895000,1789.999999971496,-37919.72371427415,6147.2317753497555,-31772.491938924395,275.8224370881526,26.80133680528158,0.9978702368813297
900000,1799.9999999712595,-38356.34407547576,6007.224940829081,-32349.11913464668,269.5404181700855,27.03439780993049,0.989267691281761
905000,1809.999999971023,-38406.90107012088,6171.663408610944,-32235.23766150994,276.91866916047616,27.089256687966483,0.9872643097845829
910000,1819.9999999707866,-37853.365244481734,6085.383577019442,-31767.981667462293,273.047347191366,27.2459746128147,0.9815855988518725
915000,1829.99999997055,-38147.040886692484,6257.945750807285,-31889.0951358852,280.79010377885186,26.97983968627315,0.9912681697745453
920000,1839.9999999703136,-37915.35977552796,6003.966978708038,-31911.392796819924,269.39423545158604,27.181607083251198,0.9839100471399995
925000,1849.9999999700772,-38089.109414422346,6010.932815895132,-32078.176598527214,269.7067882004523,27.45675573378469,0.9740501232530778
930000,1859.9999999698407,-38441.312388313636,6296.607264050608,-32144.705124263026,282.5248216476413,26.93186749098495,0.9930338590732664
935000,1869.9999999696042,-37898.026927086845,6127.593484206092,-31770.433442880752,274.94127927249764,26.866879281700957,0.9954359055328824
940000,1879.9999999693678,-38405.532102025165,6237.9379431265415,-32167.594158898624,279.8923659877663,26.904124595798866,0.9940578520365164
945000,1889.9999999691313,-38594.865692141306,6261.045292207425,-32333.82039993388,280.9291782588919,27.224804738579557,0.9823488749847321
950000,1899.9999999688948,-38321.7548683536,6295.373349935332,-32026.381518418268,282.4694566946233,27.524902081867925,0.9716385630392651
955000,1909.9999999686584,-37970.62547935259,6257.5166672105715,-31713.108812142018,280.7708510667881,27.4165078357665,0.975480045337252
960000,1919.999999968422,-38271.55437970748,6154.402559622802,-32117.151820084677,276.1441856843184,26.8654371140302,0.9954893416811638
965000,1929.9999999681854,-37890.1399625202,6417.986802425079,-31472.153160095124,287.97104546196573,27.383411641564233,0.9766590319968951
970000,1939.999999967949,-37456.13528451247,6171.719328966939,-31284.415955545534,276.9211782718025,27.328941298686914,0.9786056479219567
975000,1949.9999999677125,-37857.9487187938,6008.891030657331,-31849.05768813647,269.6151745764859,27.071890576920428,0.9878976213586976
980000,1959.999999967476,-37848.14721173598,6263.846185311999,-31584.301026423982,281.05485257708256,26.93961295779884,0.9927483497449558
985000,1969.9999999672395,-38094.44082854272,6241.737631377289,-31852.70319716543,280.0628556181881,26.972911500154083,0.9915227841262094
990000,1979.999999967003,-38799.54870886357,6031.166784455668,-32768.381924407906,270.61467368847167,26.869943707218418,0.9953223794599159
995000,1989.9999999667666,-37746.199273331804,6123.349660185142,-31622.84961314666,274.75086154842126,27.02508092926446,0.9896087407332153
1000000,1999.9999999665301,-38148.31729000478,6226.174385017521,-31922.14290498726,279.3645425080223,26.861076135999493,0.9956509624266207
1005000,2009.9999999662937,-38034.88621268689,6186.692498280159,-31848.193714406734,277.59301499471036,27.201345064477923,0.9831960972234347
1010000,2019.9999999660572,-37901.74924058527,6163.841591293138,-31737.90764929213,276.56770911961564,27.538952100333713,0.9711428455659555
1015000,2029.9999999658207,-37957.07662264227,6068.734609701269,-31888.342012941,272.3003184622535,27.101803797791682,0.9868072437599822
1020000,2039.9999999655843,-37861.440151467395,6301.831866870201,-31559.608284597194,282.7592463017265,27.5076745556164,0.972247081538999
1025000,2049.999999965348,-38080.30528739029,6289.104468692724,-31791.20081869757,282.188175922181,27.531283140849304,0.9714133616584353
1030000,2059.9999999651113,-38095.614058374726,5899.938957376777,-32195.67510099795,264.72656333222557,27.313646979737925,0.979153619670867
1035000,2069.999999964875,-37893.759655475296,6216.042140477118,-31677.717514998178,278.9099150457044,27.326974680908805,0.9786760744249793
1040000,2079.9999999646384,-38464.95975652695,6196.235425015743,-32268.724331511206,278.0212001364708,26.88170659277201,0.9948868467232531
1045000,2089.999999964402,-38179.83450764434,6044.711646371626,-32135.12286127271,271.2224231536315,27.44329051097936,0.974528047062102
1050000,2099.9999999641655,-38255.51119634515,6107.5738450573845,-32147.937351287765,274.0430106108596,27.50068627301223,0.972494142186847
1055000,2109.999999963929,-37942.47886327833,6254.067958583149,-31688.41090469518,280.6161096720945,26.995560801085993,0.9906908955766812
1060000,2119.9999999636925,-38128.07261951502,6244.957221376289,-31883.115398138732,280.2073166036206,27.27511252457364,0.9805369742297952
1065000,2129.999999963456,-37758.765270893535,6171.236572020058,-31587.528698873477,276.89951727015557,27.000563397417718,0.9905073428645713
1070000,2139.9999999632196,-38123.306448019386,5837.27957025265,-32286.026877766737,261.9150759026592,27.306441175431015,0.9794120052043174
1075000,2149.999999962983,-38061.82197154357,6036.562638144993,-32025.25933339858,270.85678226175327,27.62069229730957,0.968268862298853
1080000,2159.9999999627466,-38389.580760647135,6128.095148875818,-32261.485611771317,274.9637886518185,27.594328259686854,0.9691939609812458
1085000,2169.99999996251,-38440.62762669376,6153.61669114486,-32287.010935548897,276.1089242582427,27.183406942478427,0.9838449007960971
1090000,2179.9999999622737,-38282.66733779809,6420.0979304700195,-31862.569407328072,288.065770454229,27.366462733043406,0.9772639075612246
1095000,2189.9999999620372,-38053.95405860384,6272.942619927658,-31781.011438676185,281.46300389725326,27.05832807831559,0.9883927872119839
1100000,2199.9999999618008,-37890.00735122821,6085.25388805237,-31804.75346317584,273.04152812869376,27.03451604606208,0.9892633646947888
1105000,2209.9999999615643,-38566.42755192956,6212.798942867714,-32353.62860906185,278.76439480158876,27.536675177962554,0.9712231463595833
1110000,2219.999999961328,-38140.7179305488,6544.646754472984,-31596.07117607582,293.65419812840867,27.052820230877053,0.9885940200828953
1115000,2229.9999999610914,-38217.30225469128,6078.028299186382,-32139.2739555049,272.7173204847905,27.469143590425144,0.9736108524309733
1120000,2239.999999960855,-38020.58808244074,6178.095579043789,-31842.492503396956,277.2072766165457,27.237980752406663,0.9818736766769905
1125000,2249.9999999606184,-38107.39127843063,6210.107634143028,-31897.283644287603,278.6436374658436,27.17880043645947,0.9840116516233767
1130000,2259.999999960382,-38266.61640940011,6274.22904855646,-31992.387360843648,281.5207251435806,27.334311122080255,0.9784134009149773
1135000,2269.9999999601455,-38111.186645258465,6330.512959364222,-31780.673685894242,284.0461489465518,27.1113360236733,0.9864602866959362
1140000,2279.999999959909,-38453.97353593861,6137.850465072488,-32316.123070866124,275.4015035755864,27.39387348043823,0.9762860416844851
1145000,2289.9999999596726,-38590.71247463103,6253.067495238148,-32337.64497939288,280.57121950882754,27.327048923741998,0.9786734155325116
1150000,2299.999999959436,-38305.87689173021,5947.956952069823,-32357.919939660384,266.8811006596502,27.38778665542682,0.9765030173156882
1155000,2309.9999999591996,-38231.65188654687,5933.221295943358,-32298.430590603508,266.21992100457476,27.485755930538957,0.9730224038301797
1160000,2319.999999958963,-37940.33581197691,6293.089593468308,-31647.246218508604,282.36698597325307,27.14740659522421,0.9851495837295742
1165000,2329.9999999587267,-38221.50919688073,6320.416957323396,-31901.092239557336,283.5931476624756,27.007335782354296,0.9902589623111379
1170000,2339.99999995849,-38112.10861144292,6156.1888766774155,-31955.919734765506,276.2243366110154,27.384763264940535,0.9766108272647397
1175000,2349.9999999582537,-38428.20233514224,6274.142695471333,-32154.059639670908,281.51685053477127,27.100976827070482,0.9868373556154797
1180000,2359.9999999580173,-38510.59014307314,6223.399939106226,-32287.190203966915,279.2400548588188,27.18462956647897,0.983800652542297
1185000,2369.999999957781,-38305.96048174153,6095.879254175737,-32210.081227565795,273.5182816473838,27.212794607584854,0.9827824261448094
1190000,2379.9999999575443,-38102.652861917115,6296.575078064405,-31806.07778385271,282.52337748261243,27.64680357440888,0.9673543718948512
1195000,2389.999999957308,-38370.195367860564,6260.694831853058,-32109.50053600751,280.91345332243645,27.10109008850102,0.9868332314045997
1200000,2399.9999999570714,-37821.037259302946,6147.237668309468,-31673.799590993476,275.82270150156154,27.28750007493926,0.9800918454667987
1205000,2409.999999956835,-37589.38004061718,6365.813530513038,-31223.56651010414,285.6300634499733,27.093601552751334,0.9871059871664338
1210000,2419.9999999565985,-37620.655112199056,6130.495351299673,-31490.159760899383,275.0714842302913,27.60831691444906,0.968702887231267
1215000,2429.999999956362,-38461.15091762181,6184.47944829747,-32276.67146932434,277.4937168289781,27.56155007547761,0.9703465963773151
1220000,2439.9999999561255,-38126.65679430525,6175.08043615319,-31951.57635815206,277.07198904473347,27.13507504975953,0.9855972853430393
1225000,2449.999999955889,-38318.58008928676,6158.032931983574,-32160.54715730319,276.3070782168728,27.341185614816535,0.9781673949109793
1230000,2459.9999999556526,-38042.05483009075,6130.088543675902,-31911.966286414845,275.05323102717233,27.749711935837468,0.9637669885892999
1235000,2469.999999955416,-37720.14974992693,6060.227074844062,-31659.922675082867,271.91859070516176,27.09348299588608,0.9871103065886183
1240000,2479.9999999551796,-38137.7357368133,6016.748185755489,-32120.987551057813,269.9677202014035,27.034732130938952,0.989255457649462
1245000,2489.999999954943,-37700.558491138436,6079.892377929422,-31620.666113209016,272.80096052971135,27.27874823496284,0.9804062883041254
1250000,2499.9999999547067,-37759.04313475511,6296.435415466314,-31462.607719288797,282.5171109093672,27.466892389725835,0.9736906500797479
1255000,2509.9999999544702,-37994.30970743896,6261.528998129545,-31732.780709309416,280.95088184046307,27.426378353793197,0.975128978446539
1260000,2519.9999999542338,-37962.984717510284,6280.529569220103,-31682.45514829018,281.8034255570153,26.822525151428803,0.9970819732905721
1265000,2529.9999999539973,-37847.88218622919,6138.636675301166,-31709.24551092802,275.43678033580346,27.368536741357364,0.9771898497667445
1270000,2539.999999953761,-38346.562002481594,5966.003216423353,-32380.558786058242,267.6908252310073,27.18319046683704,0.9838527357283576
1275000,2549.9999999535244,-38101.0002961728,6131.833960702554,-31969.166335470247,275.1315467952481,27.343870095327578,0.97807136346777
1280000,2559.999999953288,-37981.41109988222,6125.727777720105,-31855.683322162116,274.85756619177084,27.402019561530185,0.9759958110594522
1285000,2569.9999999530514,-38172.007350535205,6156.101863802962,-32015.90548673224,276.2204323978725,27.012164871404945,0.9900819291582983
1290000,2579.999999952815,-38262.0756855381,6138.767863048191,-32123.307822489907,275.4426666477928,27.2848423153917,0.9801873141680529
1295000,2589.9999999525785,-38171.046104916495,5847.274294666323,-32323.77181025017,262.36353292307905,27.321165685561553,0.9788841594250202
1300000,2599.999999952342,-38425.53255878849,6279.721752919302,-32145.810805869187,281.7671793458833,27.565101836161727,0.9702215673129763
1305000,2609.9999999521056,-38874.34500367451,6053.356641844417,-32820.988361830096,271.61031868239337,26.633749402701945,1.004149130573012
1310000,2619.999999951869,-38014.92773748774,5891.28759592341,-32123.640141564334,264.338382165905,27.356129225549434,0.9776330593454229
1315000,2629.9999999516326,-38859.695965143386,6098.59123758766,-32761.10472755573,273.6399666433878,27.35783213851146,0.9775722056929687
1320000,2639.999999951396,-38999.25280537626,6100.958291359039,-32898.294514017216,273.7461748625994,27.680788838296255,0.9661666964354015
1325000,2649.9999999511597,-38214.26542738314,6181.016960212783,-32033.24846717036,277.338357158673,27.423496139115677,0.9752314646882602
1330000,2659.999999950923,-38533.42818766736,6154.047842698126,-32379.380344969235,276.128269758221,27.4463876757081,0.9744180772573252
1335000,2669.9999999506867,-38158.06161001051,6362.502107276559,-31795.55950273395,285.48148196473005,27.013067687368842,0.9900488391819374
1340000,2679.9999999504503,-37929.85310426462,6048.082707677776,-31881.770396586846,271.3736805616838,27.39983551798009,0.9760736077803364
1345000,2689.999999950214,-38339.41746599713,6131.690367400803,-32207.72709859633,275.1251038537932,26.984475337426094,0.9910978802515277
1350000,2699.9999999499773,-37918.94176183577,6319.866942633671,-31599.0748192021,283.56846884805987,27.07595477095423,0.987749334524394
1355000,2709.999999949741,-37837.218209607585,6056.786243580127,-31780.431966027456,271.7642027628308,27.300843778462895,0.9796128106384995
1360000,2719.9999999495044,-38642.01057301604,6213.863894967626,-32428.14667804842,278.8121785348714,26.95096669009499,0.9923301310172177
1365000,2729.999999949268,-38028.84771351841,6170.425836194482,-31858.421877323926,276.8631400617767,27.25796839733675,0.9811536911619462
1370000,2739.9999999490315,-38128.549999756884,6244.65977339758,-31883.890226359305,280.19397029923624,27.172175398842242,0.9842515703679049
1375000,2749.999999948795,-37497.32125555716,6199.610210280794,-31297.711045276366,278.172624636225,27.044534911202042,0.9888968841370226
1380000,2759.9999999485585,-38319.2592438642,6133.2267465702425,-32186.03249729396,275.19404022422674,26.96880178886533,0.9916738799149982
1385000,2769.999999948322,-38480.31132621009,6176.685004479064,-32303.626321731026,277.14398501987984,27.17097263316239,0.9842951398059653
1390000,2779.9999999480856,-38267.433971759274,6136.611782229811,-32130.822189529463,275.3459246527587,27.119226553319752,0.9861732691395203
1395000,2789.999999947849,-38325.05880716356,6099.770204834789,-32225.28860232877,273.69286616486903,27.233747288017337,0.9820263081603139
1400000,2799.9999999476127,-38377.28918720163,5868.236844001476,-32509.052343200157,263.30410937383016,27.257893140000178,0.9811564000658656
1405000,2809.999999947376,-38634.79366888983,6200.6169076576525,-32434.176761232182,278.2177945165943,27.308726224895466,0.979330053198957
1410000,2819.9999999471397,-38591.14651146447,6238.347984938175,-32352.79852652629,279.91076430686763,27.65527850279188,0.9670579272569149
1415000,2829.9999999469032,-38459.12142768981,6188.838038623991,-32270.28338906582,277.6892840452576,26.782575386851754,0.9985692533419346
1420000,2839.999999946667,-37938.53641361193,6163.17538336755,-31775.36103024438,276.53781678752887,27.290646004616992,0.9799788653628088
1425000,2849.9999999464303,-37937.450837708624,6189.848741058819,-31747.602096649804,277.7346336300679,26.99151955339189,0.9908392246579467
1430000,2859.999999946194,-38136.90088831502,5981.336055253019,-32155.564833062002,268.3788000997014,26.73798378691146,1.0002345920979365
1435000,2869.9999999459574,-38226.15352670141,6195.254913738274,-32030.898612963138,277.9772052099693,27.22466267248685,0.9823540011627134
1440000,2879.999999945721,-37811.686715255186,6163.65452763282,-31648.032187622368,276.5593156904161,27.433048061254176,0.9748918985198592
1445000,2889.9999999454844,-37880.86445602388,6154.503761792797,-31726.360694231087,276.1487265622594,27.314944753703422,0.9791070986148189
1450000,2899.999999945248,-38223.44556018716,6163.2779670932,-32060.16759309396,276.5424196550062,27.50474242293349,0.9723507275721017
1455000,2909.9999999450115,-37946.936393794946,6269.045016635036,-31677.89137715991,281.2881208802691,26.952157314043266,0.9922862943771736
1460000,2919.999999944775,-37883.82595097013,6010.3065086269135,-31873.51944234322,269.6786861858546,27.424687196198626,0.9751891102819831
1465000,2929.9999999445386,-37953.83097540146,6290.664416300792,-31663.16655910067,282.25816979368466,27.38746910333712,0.9765143396679865
1470000,2939.999999944302,-37912.76001804147,6131.329208507073,-31781.430809534395,275.10889888058165,27.18571547262915,0.9837613556115165
1475000,2949.9999999440656,-37910.989634440404,6105.8278983547225,-31805.161736085684,273.96467107655326,27.398861175925347,0.9761083183312049
1480000,2959.999999943829,-38149.95799905677,6215.126298012792,-31934.83170104398,278.86882176831864,27.182111599474133,0.9838917851819882
1485000,2969.9999999435927,-38548.194265814986,6239.211664813925,-32308.98260100106,279.94951708159607,27.1693711664163,0.9843531579295751
1490000,2979.999999943356,-37943.079685769975,6200.161415092212,-31742.918270677765,278.19735685065524,27.472611182006816,0.9734879633188555
1495000,2989.9999999431197,-37907.80970839717,6315.373542459345,-31592.436165937826,283.3668527983991,27.275394691369236,0.9805268304727897
1500000,2999.9999999428833,-37979.663190223444,6066.50969045229,-31913.153499771153,272.20048772998166,27.301638517790188,0.9795842945175486
1505000,3009.999999942647,-38430.047244444504,6269.269392827791,-32160.777851616713,281.29818849941415,27.226278782585382,0.9822956901377552
1510000,3019.9999999424103,-38308.15383726312,6026.842351844636,-32281.311485418482,270.4206391074785,26.84044184199138,0.9964163952316808
1515000,3029.999999942174,-38247.10344725597,6184.534019130283,-32062.569428125687,277.4961653880451,26.982507495177757,0.9911701613129281
1520000,3039.9999999419374,-37999.75245857956,6219.559785799496,-31780.192672780067,279.0677495866958,26.86879081214384,0.9953650870859092
1525000,3049.999999941701,-37656.11466393398,6176.653775476499,-31479.46088845748,277.14258379410694,27.132721671355604,0.9856827719150977
1530000,3059.9999999414645,-38147.04422289541,6143.8974378992825,-32003.14678499613,275.67282745648845,27.175712931454804,0.9841234478035429
1535000,3069.999999941228,-37978.95482104683,6149.507003140809,-31829.447817906017,275.9245251331772,27.34121507653576,0.9781663408798009
1540000,3079.9999999409915,-38042.10754303614,6285.403039991666,-31756.70450304447,282.02209513617134,27.26465332222712,0.9809131255235789
1545000,3089.999999940755,-37477.50934261039,6254.7335472111945,-31222.775795399197,280.64597421668867,27.251439364907142,0.9813887607368865
1550000,3099.9999999405186,-38035.6391949725,6284.542940678642,-31751.096254293858,281.9835030190483,26.88354508850787,0.994818808999086
1555000,3109.999999940282,-38112.93174691809,6405.079145556526,-31707.852601361563,287.39188698792566,27.450126388078274,0.9742853613321718
1560000,3119.9999999400457,-38092.0928938376,6253.650874982073,-31838.44201885553,280.5973953923142,27.445710541229428,0.9744421178838469
1565000,3129.999999939809,-38400.826437790165,6199.520950454635,-32201.30548733553,278.16861960376724,27.057606984736097,0.9884191281849043
1570000,3139.9999999395727,-38155.36045650255,6165.648614474137,-31989.711842028417,276.64878911722633,27.330671912790834,0.978543681324799
1575000,3149.9999999393362,-37838.040898410174,6267.469782207852,-31570.57111620232,281.2174410987725,27.301492529092812,0.9795895326280648
1580000,3159.9999999391,-38014.70448536511,6391.033649020897,-31623.670836344212,286.7616743611454,27.295742376088626,0.9797958941043823
1585000,3169.9999999388633,-38074.68560682134,6273.062336805192,-31801.623270016145,281.46837551851775,26.963502703621526,0.9918687716722557
1590000,3179.999999938627,-37734.07938926526,6119.119468578112,-31614.959920687146,274.56105550221366,27.316775171128622,0.9790414915040522
1595000,3189.9999999383904,-38268.874348336736,6115.1151109781285,-32153.75923735861,274.38138248636466,27.0495352548552,0.988714077881328
1600000,3199.999999938154,-38290.9576456044,6364.558529154407,-31926.399116449997,285.57375232556205,26.987296943148188,0.9909942578896452
1605000,3209.9999999379174,-38424.81779383095,6303.644512572775,-32121.173281258176,282.8405785783565,27.007666252800735,0.9902468453322659
1610000,3219.999999937681,-37709.99870270968,6158.42562774922,-31551.57307496046,276.3246982297621,27.290390759949023,0.9799880310205051
1615000,3229.9999999374445,-38352.184492368775,6095.476994772283,-32256.707497596493,273.50023252006,27.141442472348352,0.9853660627606519
1620000,3239.999999937208,-38250.28182969871,6345.635648645847,-31904.646181052864,284.7246945367329,27.288628524612026,0.9800513163386567
1625000,3249.9999999369716,-38350.169744716564,6040.158733852,-32310.011010864564,271.0181368223355,27.30173354996402,0.9795808847697833
1630000,3259.999999936735,-38241.03929711224,6066.425645695908,-32174.613651416334,272.1967166944364,27.3866221686829,0.976544538493877
1635000,3269.9999999364986,-37736.867574369804,6174.263583873051,-31562.603990496755,277.03533739487176,27.288061143360494,0.9800716938487887
1640000,3279.999999936262,-37937.74168590588,6270.690591651903,-31667.051094253977,281.36195679994006,27.25008993486449,0.9814373593096042
1645000,3289.9999999360257,-38083.17064022434,6066.026504279835,-32017.14413594451,272.1788074692522,26.890487332963815,0.9945619793151935
1650000,3299.999999935789,-37827.70128294119,6266.834309077035,-31560.866973864155,281.1889278176646,27.496572801559587,0.9726396267503459
1655000,3309.9999999355528,-38389.35256529854,6125.779332395456,-32263.573232903087,274.8598794177428,27.111369569809582,0.9864590661035523
1660000,3319.9999999353163,-37971.557153114525,6061.5734997779755,-31909.98365333655,271.9790039480978,27.24145339525807,0.9817485109395085
1665000,3329.99999993508,-38172.35125599881,6311.1302794980975,-31861.22097650071,283.17646024872,27.564932329813413,0.9702275335425669
1670000,3339.9999999348433,-38229.54776286091,6174.62037837436,-32054.927384486546,277.05134654053063,27.048497458608246,0.9887520128446621
1675000,3349.999999934607,-38496.99450427633,6234.396190324218,-32262.598313952112,279.73344975925875,27.282860878869403,0.9802585009454077
1680000,3359.9999999343704,-38361.799879455975,6179.773876659576,-32182.0260027964,277.28258077872187,27.350048795720063,0.9778504055469095
1685000,3369.999999934134,-38077.5964749427,6123.93538733618,-31953.66108760652,274.7771427585939,27.32880556667263,0.9786105082922886
1690000,3379.9999999338975,-38428.23943367343,6367.483024898293,-32060.756408775138,285.7049726167128,27.12357466290755,0.9860151782720713
1695000,3389.999999933661,-37878.366508497405,6144.901087737526,-31733.46542075988,275.7178605957102,27.060774398530338,0.9883034355467337
1700000,3399.9999999334245,-37701.93306731773,6493.632766397224,-31208.300300920506,291.36523245558897,27.375235741935082,0.9769507214016104
1705000,3409.999999933188,-37892.254139472134,6179.95364715633,-31712.300492315804,277.29064696824315,27.28342431815382,0.9802382572933691
1710000,3419.9999999329516,-38387.150848911944,6281.727201507651,-32105.423647404292,281.85716256716216,27.15102068973289,0.9850184496649853
1715000,3429.999999932715,-38630.75177818529,6120.121545572341,-32510.630232612944,274.6060180689102,27.549921667921065,0.9707561650806235
1720000,3439.9999999324787,-38365.65297601489,6206.185517621976,-32159.467458392915,278.46765455566305,27.445634964542187,0.9744448011924048
1725000,3449.999999932242,-38217.33218875583,5991.483202845082,-32225.848985910743,268.834096252607,27.61500898336126,0.9684681371183591
1730000,3459.9999999320057,-38208.81043918912,6179.438495358247,-32029.37194383087,277.26753242992567,27.308061874621398,0.9793538783313387
1735000,3469.9999999317693,-38191.16226542751,6403.6893943884725,-31787.47287103904,287.3295297240178,27.2513458385839,0.9813921288524655
1740000,3479.999999931533,-38260.67208611782,6410.156631899621,-31850.5154542182,287.61971061791314,27.27658520807135,0.9804840342957886
1745000,3489.9999999312963,-38004.56459615238,6431.338920948436,-31573.22567520394,288.57014665189814,27.07007828012199,0.9879637594643152
1750000,3499.99999993106,-38578.913726383485,6332.649252611444,-32246.26447377204,284.1420030856696,27.042903468633007,0.9889565422456661
1755000,3509.9999999308234,-37921.68555256525,6386.79671044783,-31534.88884211742,286.5715655828003,27.031585899764487,0.9893705980031174
1760000,3519.999999930587,-38175.47829785993,6234.92781286317,-31940.550484996762,279.7573033293962,27.355013222248104,0.9776729438708974
1765000,3529.9999999303504,-38265.23788840214,6007.446911763724,-32257.790976638415,269.5503778668064,26.887250415171337,0.9946817132157172
1770000,3539.999999930114,-38411.23416822413,6290.920742239869,-32120.313425984263,282.26967097792317,27.628596104267785,0.9679918663146061
1775000,3549.9999999298775,-38125.780312804294,6163.233617701664,-31962.546695102632,276.54042972560325,27.00690574432797,0.990274730463689
1780000,3559.999999929641,-38247.04850563651,6493.3095480044085,-31753.7389576321,291.3507298488749,27.005359494919723,0.9903314307537282
1785000,3569.9999999294046,-38451.60790174541,6244.175619529687,-32207.432282215723,280.172246618619,27.42401153626454,0.9752131365339084
1790000,3579.999999929168,-38627.0002128552,5954.617486067902,-32672.3827267873,267.1799546457689,27.426740081739325,0.9751161175887945
1795000,3589.9999999289316,-38109.456764732815,6085.3210527576,-32024.135711975214,273.04454176692315,27.417225983651075,0.9754544942865577
1800000,3599.999999928695,-38335.57698799132,6211.793887892198,-32123.78310009912,278.71929861473825,27.25191674815556,0.9813715693386121
1805000,3609.9999999284587,-38304.51137144608,5975.683695197884,-32328.8276762482,268.1251822465469,27.65548596218764,0.9670506728100565
1810000,3619.999999928222,-38077.13096185911,6302.278132931506,-31774.852828927607,282.77926998020763,27.156608163072413,0.9848157820750788
1815000,3629.9999999279858,-37965.50330359975,6018.458636113754,-31947.044667485992,270.04446703698346,27.25015795086568,0.9814349096561116
1820000,3639.9999999277493,-38076.55320661001,6044.0672433670625,-32032.48596324295,271.19350919468525,26.997846313859874,0.9906070282685081
1825000,3649.999999927513,-38112.8573767342,6133.850605273337,-31979.006771460867,275.22203237324186,27.386711810622902,0.9765413420770334
1830000,3659.9999999272763,-38038.8623355179,6158.588428862799,-31880.2739066551,276.33200301369556,27.011702433382712,0.9900988792757633
1835000,3669.99999992704,-38044.29581196136,6055.243564137451,-31989.05224782391,271.69498370308577,27.348982046829175,0.9778885466679863
1840000,3679.9999999268034,-38009.50227753554,6168.375027711737,-31841.127249823803,276.77112157046486,27.200021068063265,0.9832439555726753
1845000,3689.999999926567,-37626.91412011694,6206.857332174392,-31420.05678794255,278.4977984535817,27.638810871332606,0.9676341153432971
1850000,3699.9999999263305,-37707.09163476052,6225.512617835179,-31481.579016925345,279.3348494293018,27.299987549954654,0.9796435349168156
1855000,3709.999999926094,-37957.17011363141,6289.654430697302,-31667.515682934107,282.2128523726472,27.18238392449036,0.9838819281235671
1860000,3719.9999999258575,-37883.40583995145,6122.279234164618,-31761.126605786827,274.7028322037515,26.705226631053378,1.001461499507511
1865000,3729.999999925621,-38169.9690743285,6297.968978763115,-31872.00009556539,282.5859209333602,27.130134134972995,0.9857767814036371
1870000,3739.9999999253846,-37878.90129155365,6030.047573840033,-31848.853717713617,270.5644554095942,27.14343662228964,0.9852936707602008
1875000,3749.999999925148,-38124.65291682903,6391.505468691768,-31733.14744813726,286.78284461407253,27.266171369339094,0.9808585130766339
1880000,3759.9999999249117,-37884.963912831794,6101.615095440161,-31783.348817391634,273.77564525007864,27.22120664177063,0.9824787217765678
1885000,3769.999999924675,-38152.66873393148,6221.2672270743915,-31931.401506857088,279.1443614065909,27.767063038792234,0.9631647491583576
1890000,3779.9999999244387,-38244.57566981252,6259.691135490417,-31984.884534322104,280.8684180956942,27.38322949082191,0.9766655286436011
1895000,3789.9999999242023,-38129.44351819558,6146.029632463591,-31983.413885731985,275.76849769027274,27.086073858342704,0.9873803212120094
1900000,3799.999999923966,-38186.06679512853,6252.427182461723,-31933.639612666804,280.54248907585435,27.346361407377454,0.9779822590733263
1905000,3809.9999999237293,-38485.50974935369,6186.748962848134,-32298.760786505554,277.5955485244872,27.116966774916005,0.9862554513789448
1910000,3819.999999923493,-38230.98174225438,6296.973979645494,-31934.007762608882,282.54127594655114,27.456520733675678,0.9740584601391447
1915000,3829.9999999232564,-38622.56457742128,6075.512802820809,-32547.051774600473,272.6044517394113,27.017406078894453,0.9898898594678485
1920000,3839.99999992302,-38548.384988748934,6260.330748468456,-32288.05424028048,280.8971171291524,27.105432946910984,0.986675120039744
1925000,3849.9999999227834,-38200.40253628103,5800.416775368789,-32399.98576091224,260.26106539934307,27.43594240710235,0.9747890526151323
1930000,3859.999999922547,-38157.71753022946,6047.466632532131,-32110.250897697333,271.34603765601315,27.14302897739792,0.9853084682955852
1935000,3869.9999999223105,-38214.71261932735,6110.7265437642245,-32103.986075563127,274.18447022593585,27.421796411109227,0.9752919139822617
1940000,3879.999999922074,-37940.899340955475,6261.679248290049,-31679.220092665426,280.9576234709982,27.197802092345544,0.9833241750865391
1945000,3889.9999999218376,-37677.18685775636,6231.495980550133,-31445.690877206223,279.6033191643521,27.16155665262702,0.9846363611871991
1950000,3899.999999921601,-38088.97338136123,6303.572827122777,-31785.400554238455,282.8373620971427,27.029545754297697,0.9894452740616364
1955000,3909.9999999213646,-38381.35073393972,6540.635598970186,-31840.715134969534,293.47422009492084,27.121054894841297,0.9861067871556007
1960000,3919.999999921128,-38085.58163772116,6393.073862070763,-31692.507775650396,286.85321744202446,27.07101447802132,0.9879295926769208
1965000,3929.9999999208917,-38200.56465942007,6126.935715266178,-32073.628944153897,274.911765592409,27.11242522353398,0.9864206571755975
1970000,3939.9999999206552,-38242.608401940466,6152.512977423484,-32090.09542451698,276.05940131529815,27.373973592902566,0.9769957662835179
1975000,3949.9999999204188,-38317.240961005766,6116.3698782175015,-32200.871082788264,274.43768310599154,27.411208020794298,0.9756686493471678
1980000,3959.9999999201823,-38033.47177350518,6228.804970338808,-31804.666803166372,279.4825752227143,27.63924025456522,0.9676190828800092
1985000,3969.999999919946,-37662.43687909219,6291.430210637407,-31371.00666845478,282.2925305056202,27.094582386925847,0.9870702535547379
1990000,3979.9999999197094,-37744.140032307034,6109.599139749391,-31634.54089255764,274.1338843143713,27.123308350859258,0.9860248595291798
1995000,3989.999999919473,-38120.427969855875,5973.6767324268585,-32146.751237429016,268.0351310848404,27.40775094087326,0.9757917154281655
2000000,3999.9999999192364,-37894.95167895725,6164.886350333699,-31730.065328623554,276.61458680298085,27.842432405181185,0.9605574655771024
2005000,4009.999999919,-37964.86795562586,6278.452076975059,-31686.415878650798,281.71020978201267,27.27508757462351,0.9805378711782851
2010000,4019.9999999187635,-38171.827107645004,6335.504405688912,-31836.32270195609,284.2701120148375,26.97118748642131,0.9915861628297631
2015000,4029.999999918527,-38200.74355506202,6294.207500246857,-31906.536054815166,282.4171457497777,27.479351531309934,0.9732491786114479
2020000,4039.9999999182905,-38185.05877144699,6328.804002224884,-31856.254769222105,283.9694691107692,27.02785980878026,0.9895069937403813
2025000,4049.999999918054,-38589.43710373709,6364.328645418906,-32225.10845831818,285.5634375864258,27.29734046036011,0.9797385333365849
2030000,4059.9999999178176,-37886.184600158,5908.586138554549,-31977.598461603448,265.1145569322001,26.727080179286254,1.0006426488498241
2035000,4069.999999917581,-38059.18100370293,6204.068126414635,-31855.112877288295,278.3726485392282,27.032796186777787,0.989326302830031
2040000,4079.9999999173447,-38232.095528064514,6108.65493852189,-32123.440589542624,274.0915185970552,27.212884555171126,0.9827791777237579
2045000,4089.999999917108,-38262.32197825905,6277.385641049574,-31984.93633720948,281.6623594704065,26.86358689511274,0.9955579056156563
2050000,4099.999999917781,-37967.75238865575,6208.939806631645,-31758.8125820241,278.5912377773236,27.019616020010723,0.9898088961299761
2055000,4109.999999919818,-38224.853085017035,6299.419277624348,-31925.43380739269,282.65099493431387,27.08849193615459,0.9872921818481701
2060000,4119.999999921855,-38077.287483776876,6416.139027197292,-31661.148456579584,287.88813694555625,27.145644281181507,0.9852135403234052
2065000,4129.999999923893,-38148.137537367,5986.923105321709,-32161.214432045294,268.62948753469595,27.053759202976735,0.9885597083188331
2070000,4139.99999992593,-37699.568996726055,6115.81462619352,-31583.754370532537,274.41276929567016,27.403936844934687,0.9759275266891446
2075000,4149.999999927967,-38107.58986054124,6103.517907415132,-32004.071953126106,273.8610232308409,27.20429277253895,0.9830895634831317
2080000,4159.999999930004,-37924.36857544938,6135.3359523008185,-31789.03262314856,275.2886789634493,27.109187539174286,0.9865384666351836
2085000,4169.999999932042,-37902.80830839414,6478.163549322695,-31424.644759071445,290.67113838052063,26.93362285047866,0.9929691395432655
2090000,4179.999999934079,-38398.0904649579,6124.119038179504,-32273.9714267784,274.7853830568339,27.26193995721745,0.9810107552357892
2095000,4189.999999936116,-38354.999430923024,6278.470472563857,-32076.528958359166,281.7110351805529,26.861690482647273,0.995628191155709
2100000,4199.999999938153,-37848.3350745198,6047.67658738379,-31800.658487136006,271.35545819862153,27.335937709641744,0.978355181764611
2105000,4209.999999940191,-38035.16877660249,6220.227799904209,-31814.940976698283,279.0977229609079,27.12167898079951,0.9860840962521505
2110000,4219.999999942228,-38096.86541315894,6396.929900647536,-31699.93551251141,287.02623547625836,27.546810224453,0.9708658130908401
2115000,4229.999999944265,-38200.88346819611,6159.748637954545,-32041.134830241564,276.3840608685011,26.97118927490993,0.9915860970766164
2120000,4239.9999999463025,-38178.95153445672,6297.5804206071025,-31881.371113849615,282.5684865724221,26.75334770767583,0.9996601770682108
2125000,4249.99999994834,-38707.98255420579,6066.296664613477,-32641.68588959231,272.19092939410444,27.103392243083505,0.9867494100649884
2130000,4259.999999950377,-38393.73357678935,6258.831562334709,-32134.902014454645,280.8298495869203,27.310028960235393,0.9792833374714998
2135000,4269.999999952414,-38390.6029867159,6176.352945569715,-32214.250041146188,277.12908574472954,27.42046774639377,0.975339171963612
2140000,4279.999999954452,-38398.80813244373,6304.621761707608,-32094.186370736123,282.8844271345624,27.385884664762898,0.9765708369112557
2145000,4289.999999956489,-38223.57005570813,6218.679028531873,-32004.891027176258,279.02823056009703,27.47737255064403,0.9733192741529351
2150000,4299.999999958526,-38100.64942099333,6176.58397718719,-31924.06544380614,277.1394519886106,27.398748378810467,0.9761123368433133
2155000,4309.999999960563,-38590.88082301004,6143.1813359741045,-32447.699487035934,275.6406964119103,27.111628271384156,0.9864496532231788
2160000,4319.999999962601,-38577.66404623758,6388.903920165045,-32188.760126072535,286.6661147621543,27.21289104037545,0.9827789435140313
2165000,4329.999999964638,-38359.849506310056,6114.251176410685,-32245.59832989937,274.3426182837796,27.14482089523312,0.9852434248818037
2170000,4339.999999966675,-38224.15059563554,6206.851826107781,-32017.29876952776,278.4975513998237,27.30034681299327,0.9796306431497063
2175000,4349.9999999687125,-37422.86734582472,6189.486077777107,-31233.381268047615,277.7183611559105,27.373722993401838,0.9770047104323026
2180000,4359.99999997075,-38085.753302082856,6240.823965911615,-31844.92933617124,280.02186002136744,26.993461799571378,0.99076793133096
2185000,4369.999999972787,-37948.52133321682,6157.7163993427985,-31790.804933874024,276.2928755956626,27.293050512043767,0.979892529595438
2190000,4379.999999974824,-37895.75355118064,6168.998438316752,-31726.755112863888,276.79909361360006,26.803159518815555,0.9978023780311581
2195000,4389.999999976862,-38187.75812364659,6198.644072488618,-31989.114051157972,278.1292746390003,27.25167822928261,0.9813801587413893
2200000,4399.999999978899,-38000.392061104154,6174.811695869537,-31825.580365234615,277.05993083663435,27.220213412270954,0.9825145711225849
2205000,4409.999999980936,-37754.1669003752,5996.268053717957,-31757.89884665725,269.04878951244984,27.09500074011843,0.9870550129575577
2210000,4419.999999982973,-37826.556625282894,6083.4882414873755,-31743.06838379552,272.9623046739111,26.988801161377687,0.990939024920269
2215000,4429.999999985011,-38105.52361364577,5983.8477404607875,-32121.67587318498,268.49149784081845,27.18951134232891,0.9836240147864259
2220000,4439.999999987048,-38012.16013350536,6001.078355079724,-32011.081778425632,269.26462471977874,27.32972446985624,0.9785776046194918
2225000,4449.999999989085,-38093.312097647104,6145.102301751712,-31948.209795895393,275.72688894241924,27.36820353732055,0.9772017469160125
2230000,4459.999999991122,-38057.758529103245,6133.30003855557,-31924.458490547673,275.19732878967386,27.49378148899958,0.9727383742146624
2235000,4469.99999999316,-38345.63504070288,6301.9954850618915,-32043.639555640988,282.7665877474427,27.42762496742968,0.975084657836085
2240000,4479.999999995197,-38379.600927274696,6160.504936607756,-32219.09599066694,276.41799551507347,26.735736885877248,1.0003186529244263
2245000,4489.999999997234,-38007.904933997735,6114.365012720853,-31893.539921276883,274.34772604767187,26.942498787046297,0.9926420157985132
2250000,4499.9999999992715,-38093.04845146107,6384.065148124318,-31708.983303336754,286.449002093304,26.386749783629405,1.0135487138781687
2255000,4510.000000001309,-37620.856719986215,6293.117366810255,-31327.73935317596,282.3682321456997,26.984825362182054,0.9910850245524816
2260000,4520.000000003346,-38094.60206555438,6051.310045204087,-32043.292020350294,271.5184891738111,26.87938100716637,0.9949729236507449
2265000,4530.000000005383,-37986.16282217426,6263.667341777613,-31722.495480396647,281.0468279797818,27.644570700405858,0.9674325058782696
2270000,4540.000000007421,-37997.50505598067,6202.133553268899,-31795.371502711772,278.28584545463946,27.54258008093175,0.9710149240934107
2275000,4550.000000009458,-38424.241399426326,6296.855354264883,-32127.386045161442,282.5359533000696,27.24090882808031,0.9817681368638581
2280000,4560.000000011495,-37894.95030327068,6113.732591470929,-31781.21771179975,274.31934970254696,27.469768520147117,0.9735887030503233
2285000,4570.000000013532,-38103.4147208794,6113.367318005012,-31990.047402874392,274.3029601110601,27.28339119371068,0.9802394473890647
2290000,4580.00000001557,-38211.029447073415,6250.291916641512,-31960.737530431903,280.44668103674263,27.548233551197157,0.9708156516431308
2295000,4590.000000017607,-38062.72569075707,6099.6217801427965,-31963.103910614274,273.68620644196193,27.232504165233546,0.9820711361816574
2300000,4600.000000019644,-37953.47328091283,6123.703537072569,-31829.769743840265,274.7667397825739,27.34961707733145,0.9778658410829975
2305000,4610.000000021681,-38209.84333272326,6206.1813997314875,-32003.661932991774,278.4674697884976,27.244663214148368,0.9816328466389016
2310000,4620.000000023719,-38639.09697342302,6230.841893978884,-32408.255079444134,279.5739707098377,26.939708017632764,0.9927448467191178
2315000,4630.000000025756,-38457.258032511716,6164.676535688404,-32292.58149682331,276.6051725513442,27.15721182631373,0.9847938911279924
2320000,4640.000000027793,-38510.78327099032,6088.682770311914,-32422.10050067841,273.1953799266866,26.703302718108056,1.0015336525577714
2325000,4650.0000000298305,-37881.91073521521,6038.137391234601,-31843.77334398061,270.9274404459345,27.145371163194497,0.9852234528619845
2330000,4660.000000031868,-37944.36847493747,6059.990593732191,-31884.377881205284,271.9079799458826,26.928160530226787,0.993170561227243
2335000,4670.000000033905,-38333.43163926273,6134.784390596034,-32198.647248666697,275.26393073543744,27.042521436783066,0.9889705133133503
2340000,4680.000000035942,-37988.27443806207,6349.514092969043,-31638.76034509303,284.8987179027664,26.946967585729894,0.9924773992300857
2345000,4690.00000003798,-37545.031748562025,6402.771443279649,-31142.260305282376,287.2883418330749,27.07405068904685,0.9878188016188637
2350000,4700.000000040017,-37802.03535094976,5993.7881252048655,-31808.247225744894,268.93751667432,27.348427360011822,0.9779083804185172
2355000,4710.000000042054,-38395.54418407986,6165.611602914305,-32229.932581165554,276.64712843173305,27.59100306159416,0.9693107657927023
2360000,4720.000000044091,-38429.28962164794,6292.322804124959,-32136.96681752298,282.332580615989,27.339028222575493,0.9782445845876218
2365000,4730.000000046129,-38021.346253953176,6113.488631254798,-31907.85762269838,274.308403360547,27.354072801378205,0.977706555832342
2370000,4740.000000048166,-37951.08918945033,6198.608733714445,-31752.480455735884,278.1276890103511,26.893801065492955,0.9944394338864132
2375000,4750.000000050203,-38330.47990763257,6225.930896281066,-32104.549011351504,279.35361732101995,27.665592183145314,0.9666974098937239
2380000,4760.0000000522405,-38154.04924979435,6141.819826001166,-32012.229423793182,275.5796063127275,27.481730006263223,0.9731649463307979
2385000,4770.000000054278,-38483.01978687151,6122.1924312433075,-32360.827355628204,274.6989374110745,27.4637819337292,0.9738009270229859
2390000,4780.000000056315,-38674.987294118066,6078.091539004173,-32596.895755113892,272.72015801578027,27.303128208462777,0.9795308472504288
2395000,4790.000000058352,-38423.011210545665,6139.11475099253,-32283.896459553136,275.4582312924493,26.9831146810814,0.9911478575664121
2400000,4800.0000000603895,-38093.298714403194,6366.6732912125335,-31726.62542319066,285.6686403737194,26.684897214565872,1.0022244452200608
2405000,4810.000000062427,-38075.9003146669,6196.90641123601,-31878.993903430888,278.05130686764505,27.29202976446173,0.9799291784976584
2410000,4820.000000064464,-37761.42755065257,6169.955227818315,-31591.472322834252,276.84202415888376,27.18029827660452,0.9839574251340274
2415000,4830.000000066501,-37782.508774905815,6107.844039905365,-31674.66473500045,274.0551340843485,27.36119942637198,0.9774518978449933
2420000,4840.000000068539,-37962.71276706291,6249.42339488423,-31713.289372178682,280.4077110098244,27.35916976503131,0.9775244108761435
2425000,4850.000000070576,-38101.134791043645,6203.157692324376,-31897.977098719268,278.33179793219716,27.274128023400213,0.98057236820466
2430000,4860.000000072613,-37906.302296767884,6077.9957834118395,-31828.306513356045,272.71586152236546,27.478721297602444,0.9732715004084306
2435000,4870.00000007465,-37768.605814928975,6253.601893405047,-31515.003921523927,280.5951976196514,26.918428613590333,0.9935296257642703
2440000,4880.000000076688,-38132.32409819434,6198.4312519236355,-31933.892846270704,278.1197255136312,27.339069848908377,0.9782430951172431
2445000,4890.000000078725,-37706.60607137364,6235.663406571324,-31470.942664802315,279.7903089580604,27.37783279458559,0.9768580481619328
2450000,4900.000000080762,-37617.61663819685,6016.611023107196,-31601.005615089656,269.96156579933887,27.229232639526373,0.9821891296268207
2455000,4910.0000000827995,-37864.07965320762,6210.709170382544,-31653.370482825077,278.6706280199082,26.85245244031795,0.9959707168670796
2460000,4920.000000084837,-38597.84818555885,6416.956584585478,-32180.89160097337,287.9248202331741,27.332487752242237,0.9784786715738545
2465000,4930.000000086874,-38186.489265861615,6348.964617240981,-31837.524648620634,284.8740632712227,27.029805171014974,0.9894357779278946
2470000,4940.000000088911,-37945.44884218261,6137.539686191144,-31807.909155991467,275.38755912195586,27.51667695611735,0.9719289996126148
2475000,4950.000000090949,-38216.14281841069,6342.2578308040265,-31873.884987606667,284.5731339671596,26.877213090313738,0.9950531781980392
2480000,4960.000000092986,-38303.78502446622,5818.251513981484,-32485.533510484733,261.061298943279,27.131715224767184,0.9857193356581134
2485000,4970.000000095023,-38300.873813822494,6431.754091458019,-31869.119722364478,288.58877509246213,27.378081885846424,0.9768491605121736
2490000,4980.00000009706,-38256.62622319053,6167.13163799005,-32089.49458520048,276.7153314529259,27.50592854919391,0.9723087973122216
2495000,4990.000000099098,-38235.5055697613,6369.9614797547365,-31865.544090006562,285.81617933279244,27.172548617874316,0.9842380515249147
2500000,5000.000000101135,-37849.98312420123,6144.7109197201635,-31705.272204481065,275.70932787595564,27.10043062051767,0.9868572452267462
2505000,5010.000000103172,-38126.60667800232,6236.910193318326,-31889.69648468399,279.8462514979962,26.89562935043603,0.9943718348494066
2510000,5020.000000105209,-38025.091188702725,6238.974512247918,-31786.116676454807,279.93887619459065,27.079759990833747,0.9876105370090176
2515000,5030.000000107247,-38482.84925125202,6155.760784599718,-32327.088466652298,276.2051283877885,27.41190986420034,0.9756436687233654
2520000,5040.000000109284,-38058.91431703612,6246.89408437688,-31812.02023265924,280.29422243256147,27.25488687072421,0.9812646236059018
2525000,5050.000000111321,-38096.66001330275,6053.980824592192,-32042.67918871056,271.6383253710903,27.08473932046915,0.9874289720931817
2530000,5060.0000001133585,-38115.39219765581,5971.213189606875,-32144.179008048937,267.9245934624908,27.454512054040116,0.9741297260712755
2535000,5070.000000115396,-38104.50740826917,6144.652117161704,-31959.855291107466,275.7066894420111,27.21799693427521,0.98259458148972
2540000,5080.000000117433,-38218.910173089505,6218.982627238216,-31999.92754585129,279.04185284377536,27.32114783072397,0.9788847991425678
2545000,5090.00000011947,-37859.048866581354,6053.696307578508,-31805.352559002844,271.62555927100243,27.30658920382164,0.9794066958344139
2550000,5100.000000121508,-38154.939253018456,6241.926749720581,-31913.012503297876,280.0713412397249,27.159620929747007,0.9847065382761127
2555000,5110.000000123545,-37981.40321109709,6177.59305646185,-31803.810154635237,277.18472874324146,27.009050692333865,0.9901960869070309
2560000,5120.000000125582,-38143.0906809646,6233.703399938029,-31909.387281026568,279.70236468882484,27.033488117619466,0.9893009807044351
2565000,5130.000000127619,-38105.17358049179,6076.772105410946,-32028.401475080846,272.66095585738447,27.247409957572728,0.9815338906804879
2570000,5140.000000129657,-37977.93059278306,6320.593649100723,-31657.336943682334,283.60107571178565,27.35508927179961,0.9776702258542185
2575000,5150.000000131694,-38458.59937182229,6351.594549099235,-32107.004822723055,284.992066665438,27.015126242008968,0.9899733973863452
2580000,5160.000000133731,-38288.521462101606,6264.593819690908,-32023.927642410697,281.08839846309723,26.74819407615344,0.9998527837236562
2585000,5170.0000001357685,-37893.554563894504,6069.9203870921465,-31823.634176802356,272.3535235506166,27.338190466733547,0.97827456206973
2590000,5180.000000137806,-38281.641306890895,6169.385346946052,-32112.255959944843,276.8164539613084,27.264177936930118,0.9809302289799379
2595000,5190.000000139843,-38247.275292745675,6062.40586390206,-32184.869428843616,272.01635160467555,27.274657214353727,0.9805533428500077
2600000,5200.00000014188,-38581.443907187306,6217.360910206262,-32364.082996981044,278.9690874169348,26.97428811006712,0.9914721826019705
2605000,5210.0000001439175,-37802.674719546296,6173.733868231124,-31628.940851315172,277.0115693860086,27.495948020447976,0.9726617277110672
2610000,5220.000000145955,-38013.69376780258,6298.234431565594,-31715.459336236985,282.59783163423947,27.033958051451567,0.9892837835925627
2615000,5230.000000147992,-37950.44484264878,6502.761361568533,-31447.683481080247,291.7748267997356,27.10579637910712,0.9866618907842473
2620000,5240.000000150029,-37405.068050529415,6175.049209986879,-31230.018840542536,277.0705879462215,27.13889567075769,0.9854585326933444
2625000,5250.000000152067,-38170.90932916142,6183.180760980528,-31987.72856818089,277.4354455429969,27.101348428856593,0.9868238245351016
2630000,5260.000000154104,-38018.04829568052,6488.253443601329,-31529.79485207919,291.1238656131352,27.13858923256856,0.9854696601003601
2635000,5270.000000156141,-38435.79279552253,6112.629055514024,-32323.16374000851,274.2698347357828,26.785169095750856,0.9984725581166962
2640000,5280.000000158178,-38479.99947373285,6165.780136078438,-32314.219337654416,276.6546904091824,27.51049829910044,0.9721472877682166
2645000,5290.000000160216,-37867.92523894685,6232.501594503949,-31635.423644442904,279.64844043220853,27.4680971323606,0.9736479442951581
2650000,5300.000000162253,-38074.49138407471,6017.434207349667,-32057.057176725044,269.99850156038195,27.408697358868103,0.9757580214942065
2655000,5310.00000016429,-38232.107956935986,6219.939121906775,-32012.16883502921,279.08477016008703,27.32662492219369,0.9786886006878194
2660000,5320.0000001663275,-37801.41631637897,6130.174902618715,-31671.241413760254,275.0571058988124,26.7381028393983,1.0002301385128665
2665000,5330.000000168365,-38242.96079567646,6081.895297693247,-32161.06549798321,272.8908302842187,27.672138403924144,0.9664687244708947
2670000,5340.000000170402,-38152.40390030743,6150.295891769558,-32002.10800853787,275.9599220715268,27.35023314306514,0.977843814592997
2675000,5350.000000172439,-38180.40404774308,6132.6333521724155,-32047.770695570667,275.1674149894959,27.129054920976106,0.9858159963377142
2680000,5360.000000174477,-38288.36548591841,5998.670765973497,-32289.694719944913,269.1565977054974,27.272614416894623,0.9806267891227659
2685000,5370.000000176514,-38444.17372358762,6113.046751962951,-32331.126971624668,274.2885765136621,27.216062274431078,0.9826644294442367
2690000,5380.000000178551,-38124.96872532086,6036.492157450636,-32088.476567870224,270.85361983717,27.526196944965307,0.9715928560743042
2695000,5390.000000180588,-38117.29638118862,6056.73287270686,-32060.563508481762,271.7618080451966,27.24806318740846,0.9815103599356507
2700000,5400.000000182626,-37850.02911045642,6123.154870572775,-31726.87423988364,274.7421214605954,27.4686878856693,0.9736270046075038
2705000,5410.000000184663,-37938.67582859171,6135.377245401869,-31803.29858318984,275.2905317590136,27.21523535651651,0.9826942870886799
2710000,5420.0000001867,-37913.256093875534,5945.267711390399,-31967.988382485135,266.7604361157998,27.0504288122945,0.988681417666373
2715000,5430.000000188737,-38024.13291039251,6249.992919759476,-31774.139990633033,280.43326523403675,27.228219914180492,0.9822256611308691
2720000,5440.000000190775,-38222.47737699118,6265.746910783353,-31956.730466207824,281.14013693773524,26.891516765747543,0.9945239065387163
2725000,5450.000000192812,-38067.48076045561,6085.761510498009,-31981.719249957605,273.06430482968597,27.346993457987292,0.977959655700703
2730000,5460.000000194849,-38230.67699614168,6372.686300682435,-31857.990695459244,285.9384403400836,27.274674952766265,0.9805527051353607
2735000,5470.0000001968865,-37910.44357645661,6090.13588227079,-31820.307694185816,273.2605801495684,27.10410391934254,0.9867235008472977
2740000,5480.000000198924,-38370.54538584081,6215.054999222464,-32155.490386618345,278.8656226362819,27.374543221425657,0.9769754362765142
2745000,5490.000000200961,-38096.640966983476,6165.182177892022,-31931.458789091455,276.627860400118,26.75635455014698,0.9995478366269338
2750000,5500.000000202998,-38170.03166405427,6059.16047805888,-32110.871185995395,271.87073317588187,27.188209686242494,0.983671106529515
2755000,5510.000000205036,-38199.33615776634,6054.145333285237,-32145.190824481102,271.64570677304425,27.10315114426011,0.9867581877942084
2760000,5520.000000207073,-38257.700531208255,6268.646897615886,-31989.053633592368,281.2702575293941,27.401368574691464,0.9760189982380748
2765000,5530.00000020911,-37878.15961129024,6250.989528873659,-31627.170082416582,280.4779824603826,26.899848566260633,0.9942158685668901
2770000,5540.000000211147,-38109.03289912829,6152.561318352486,-31956.471580775804,276.06157034248565,27.16705348963907,0.9844371351064006
2775000,5550.000000213185,-38100.87987338267,6389.305709752869,-31711.5741636298,286.6841428091452,26.965874485290232,0.9917815319214477
2780000,5560.000000215222,-37932.2901331969,6060.465196982558,-31871.82493621434,271.92927509627714,26.865089365337592,0.9955022275536941
2785000,5570.000000217259,-38061.22449958585,6028.858541991267,-32032.365957594582,270.5111042957453,27.522989722746967,0.9717060746681625
2790000,5580.000000219296,-37965.60124539411,6213.660612867212,-31751.940632526894,278.8030573944294,27.29593181544037,0.9797890941204039
2795000,5590.000000221334,-38498.3342135867,6204.699961868395,-32293.634251718304,278.40099860004636,27.014654851109338,0.9899906718787634
2800000,5600.000000223371,-37791.8411929804,6122.728340706268,-31669.11285227413,274.7229833328055,27.429014445408818,0.9750352627452568
2805000,5610.000000225408,-38188.01331019847,6177.17607385687,-32010.8372363416,277.1660189950927,27.59447974234403,0.9691886404940361
2810000,5620.0000002274455,-38193.67805779456,6010.877721139284,-32182.800336655277,269.7043161332871,27.229164324920205,0.9821915938178907
2815000,5630.000000229483,-38243.76881086388,5903.118952508736,-32340.649858355147,264.8692477207893,27.171830086266198,0.9842640787062891
2820000,5640.00000023152,-38050.562450007805,6350.436413388634,-31700.12603661917,284.94010184194497,27.510973525727778,0.9721304948227976
2825000,5650.000000233557,-38472.95115552793,6038.465169619921,-32434.48598590801,270.94214765665436,26.63118219687662,1.004245929035748
2830000,5660.000000235595,-38323.95960954092,6300.76276477978,-32023.196844761143,282.71127636097066,27.293372718352476,0.9798809616753369
2835000,5670.000000237632,-38153.96414893736,6308.101059783289,-31845.86308915407,283.0405410586279,27.209569802857626,0.9828989028637224
2840000,5680.000000239669,-38348.20908566978,6290.33902014094,-32057.87006552884,282.2435694719286,27.40506504365301,0.9758873501676498
2845000,5690.000000241706,-38434.83550076667,6278.569810077645,-32156.265690689022,281.7154923925385,27.157374626426666,0.9847879875913325
2850000,5700.000000243744,-38359.453058330444,6222.04152237774,-32137.411535952706,279.1791035515759,27.37747196132373,0.9768709230861181
2855000,5710.000000245781,-37786.76452792258,6133.011799919443,-31653.752728003143,275.1843957027195,27.51398279249722,0.9720241707033238
2860000,5720.000000247818,-37503.86482955929,6221.416542364228,-31282.44828719506,279.1510610900651,26.856407868345794,0.9958240296962666
2865000,5730.0000002498555,-38265.429495742195,6207.216608758799,-32058.212886983398,278.51391896875367,26.881153735681902,0.9949073082797947
2870000,5740.000000251893,-38084.65065850829,6275.395880949836,-31809.254777558453,281.57308018177923,27.414022893249523,0.9755684676694489
2875000,5750.00000025393,-37937.757133790066,6325.376410083526,-31612.38072370654,283.8156751995709,27.12706716206899,0.9858882328428915
2880000,5760.000000255967,-38032.008167866086,6183.657619302301,-31848.350548563787,277.45684187703205,26.96258041708311,0.9919026997014665
2885000,5770.000000258005,-38084.07846663143,6242.447638911842,-31841.630827719586,280.0947132112784,27.03199426910434,0.9893556516912044
2890000,5780.000000260042,-37831.75797418806,6093.5048237691335,-31738.25315041893,273.4117424431729,27.00636634509601,0.9902945092603703
2895000,5790.000000262079,-38403.54659899534,5971.6395326190595,-32431.907066376276,267.9437232062444,26.871881674477454,0.9952505980265595
2900000,5800.000000264116,-38231.1060998641,6008.8275763751135,-32222.27852348898,269.6123274226117,27.4498341685306,0.9742957331699705
2905000,5810.000000266154,-38498.71521314724,6007.19310419704,-32491.5221089502,269.5389896803589,27.31366174316093,0.9791530904243964
2910000,5820.000000268191,-38450.967914219196,6348.604674020619,-32102.363240198578,284.85791284451335,27.653565253560135,0.9671178403724836
2915000,5830.000000270228,-37897.59569107639,6175.794412692616,-31721.801278383777,277.104024724585,27.306598977204942,0.9794063452921492
2920000,5840.000000272265,-38365.59846877651,6071.201711696863,-32294.396757079645,272.411015782582,26.888948472245247,0.9946188983265014
2925000,5850.000000274303,-38296.01568109891,6191.800368204768,-32104.21531289414,277.82220191695797,27.148381813732627,0.9851141953917277
2930000,5860.00000027634,-39002.568260881526,6263.386411387879,-32739.181849493645,281.0342228092627,26.848339269608886,0.9961232997713168
2935000,5870.000000278377,-38211.1826950518,6235.367251074451,-31975.81544397735,279.77702064652607,26.940408984963504,0.992719016312991
2940000,5880.0000002804145,-38310.41172731698,6292.785994951317,-32017.62573236567,282.3533636980708,27.120563375428905,0.9861246588576692
2945000,5890.000000282452,-38066.492249307106,6113.978052319403,-31952.514196987704,274.3303633769796,27.08106189561142,0.9875630582623729
2950000,5900.000000284489,-38049.55032475753,6065.4890995666465,-31984.061225190886,272.1546944565806,26.940860489505035,0.9927023792369589
2955000,5910.000000286526,-37860.59793945606,6266.210316793328,-31594.387622662736,281.1609296749711,26.99046433368292,0.9908779625271941
2960000,5920.000000288564,-38257.188508287676,6066.767013623552,-32190.421494664122,272.21203365940335,26.946648136145175,0.9924891649417774
2965000,5930.000000290601,-38203.67551266786,6196.144768850683,-32007.53074381718,278.01713245116173,26.98365175735266,0.9911281299920868
2970000,5940.000000292638,-38650.707436312674,6135.662817897478,-32515.044618415195,275.30334521791394,27.02445542370493,0.9896316461261042
2975000,5950.000000294675,-38194.765642242644,6151.697220424694,-32043.068421817952,276.02279881002414,26.855865144977038,0.9958441540515673
2980000,5960.000000296713,-38372.91806265984,6364.110173276842,-32008.807889382995,285.553634878335,27.20968245412744,0.9828948335472321
2985000,5970.00000029875,-38131.289155741964,5966.002008874764,-32165.287146867202,267.6907710490589,27.124077853952137,0.9859968862582303
2990000,5980.000000300787,-37926.0590366799,6193.483635345355,-31732.575401334547,277.89772905859735,27.363534581303245,0.9773684838542843
2995000,5990.000000302824,-37638.522346291065,6258.266511926292,-31380.255834364772,280.80449612923024,27.253239987307005,0.9813239203514359
3000000,6000.000000304862,-38270.619561526844,6209.5400425906955,-32061.07951893615,278.61816998861866,27.129529392603462,0.985798755282284
3005000,6010.000000306899,-38369.05286362622,6196.771445083683,-32172.281418542534,278.0452510209779,27.583315277402946,0.9695809237453158
3010000,6020.000000308936,-38108.06827633313,6174.605347337681,-31933.462928995446,277.0506721073353,27.155757207242477,0.9848466423720236
3015000,6030.0000003109735,-38606.56848042034,6235.6032186067605,-32370.96526181358,279.78760836181215,26.992106428477708,0.9908176813650382
3020000,6040.000000313011,-38453.564146876,6058.553227859669,-32395.01091901633,271.84348624002683,27.316294877138823,0.9790587056887083
3025000,6050.000000315048,-38075.60711744025,6096.930144527845,-31978.676972912406,273.56543443885545,27.43288624987089,0.9748976488665496
3030000,6060.000000317085,-38079.23302712528,6180.543110095418,-31898.68991702986,277.3170958008843,27.22459240179587,0.982356536763373
3035000,6070.000000319123,-38444.63490358905,6311.6114310795065,-32133.023472509547,283.19804921862436,27.212921754727965,0.9827778342829391
3040000,6080.00000032116,-38326.44899825122,5985.830539230248,-32340.618459020967,268.5804647789191,27.31589691761968,0.979072969387715
3045000,6090.000000323197,-38051.84254440381,6204.150128508871,-31847.692415894937,278.3763279218031,27.330674261777602,0.9785435972220017
3050000,6100.000000325234,-38434.85397174076,6028.0079295180885,-32406.846042222674,270.4729378471805,27.100550507843533,0.9868528795709228
3055000,6110.000000327272,-38242.516299000774,6054.448054466159,-32188.068244534614,271.6592896827069,27.168875449305464,0.984371118213003
3060000,6120.000000329309,-38275.738262888495,6121.2160470823455,-32154.52221580615,274.65512766570413,27.45187878327075,0.9742231676660562
3065000,6130.000000331346,-38204.39455596474,6189.185979409097,-32015.208576555644,277.7048959302194,27.3711485348,0.9770966049385785
3070000,6140.0000003333835,-38218.48734792522,6352.214734325329,-31866.27261359989,285.01989398784247,27.07606052375034,0.9877454766051855
3075000,6150.000000335421,-38089.725387517465,6170.338937204729,-31919.386450312737,276.8592409585689,27.303699469320602,0.979510353044774
3080000,6160.000000337458,-37788.46892465418,6121.038087409247,-31667.430837244934,274.6471427267054,26.74470820867097,0.9999831031228752
3085000,6170.000000339495,-37812.228224277176,6075.4695237489195,-31736.758700528255,272.60250983458,27.023204206015226,0.9896774676583134
3090000,6180.0000003415325,-37885.704303059705,6124.517035553492,-31761.18726750621,274.8032409495667,27.173164572842648,0.9842157410459039
3095000,6190.00000034357,-38254.06409203287,6538.397035811264,-31715.66705622161,293.37377716896094,27.37011761263596,0.9771334082348121
3100000,6200.000000345607,-38114.06245647247,6392.859588270643,-31721.202868201828,286.8436031109055,26.98236267676237,0.9911754810728713
3105000,6210.000000347644,-38153.38116383966,6235.573791464538,-31917.807372375122,279.7862879843836,27.478960901891252,0.9732630139148364
3110000,6220.000000349682,-38355.49262995788,6162.746341787615,-32192.746288170267,276.5185659607316,27.250686174841956,0.9814158856415562
3115000,6230.000000351719,-38183.294319185734,6067.446878733412,-32115.847440452322,272.24253878078895,27.29978350811302,0.9796508568895687
3120000,6240.000000353756,-38138.55830634601,6290.801961514877,-31847.75634483113,282.2643413612366,27.338992765994128,0.9782458532959829
3125000,6250.000000355793,-38767.55492394267,5951.139319626187,-32816.415604316484,267.02389149741015,27.320489828233942,0.9789083751706453
3130000,6260.000000357831,-38248.779252692344,6179.008135116876,-32069.771117575467,277.24822243561624,27.299301798545216,0.9796681433093588
3135000,6270.000000359868,-38087.11882324115,6347.910567058835,-31739.208256182315,284.8267687001577,27.063434502539675,0.9882062937766789
3140000,6280.000000361905,-38171.944048275116,6305.829316961973,-31866.114731313144,282.93860938201124,27.32430452389786,0.9787717115812437
3145000,6290.0000003639425,-38087.07099225362,6339.367255720426,-31747.703736533193,284.4434356747767,27.360134314467704,0.977489949399868
3150000,6300.00000036598,-38332.69958956429,6274.227993092265,-32058.471596472024,281.5206777855637,27.293602367957615,0.9798727169125936
3155000,6310.000000368017,-38228.37074097115,6070.628824414071,-32157.74191655708,272.3853106892504,27.602852916728324,0.9688946424235245
3160000,6320.000000370054,-38032.564804731555,6212.997010633772,-31819.567794097784,278.77328197811624,27.076310694517105,0.9877363503602535
3165000,6330.000000372092,-38463.14342490623,6202.96043510056,-32260.182989805668,278.32294712419207,27.477246732578116,0.9733237309731465
3170000,6340.000000374129,-38176.181708694596,6351.827233641177,-31824.35447505342,285.0025070750039,27.365554925656422,0.9772963266879964
3175000,6350.000000376166,-38094.48504712831,6115.740061026125,-31978.74498610219,274.40942360334157,27.071260900694398,0.9879205998098382
3180000,6360.000000378203,-37749.74631176368,6182.271958949599,-31567.474352814083,277.3946681654451,27.07506110325125,0.9877819372090393
3185000,6370.000000380241,-38193.96991588259,6187.900634958753,-32006.06928092384,277.64722333029994,27.21729590232148,0.9826198900362285
3190000,6380.000000382278,-38254.96511173675,5984.462860113183,-32270.502251623562,268.51909787410574,26.90694585073876,0.9939536227924708
3195000,6390.000000384315,-38086.60311737241,6163.2064283777645,-31923.396688994646,276.5392097576803,27.11815507829321,0.9862122341807142
3200000,6400.000000386352,-37768.49735248526,6309.712638763609,-31458.784713721652,283.11285159744546,27.323477396016457,0.9788013406566517
3205000,6410.00000038839,-38165.208260652624,6375.955762864118,-31789.252497788504,286.08513905909655,27.324740790390774,0.9787560845235068
3210000,6420.000000390427,-38064.11606147075,6168.291193904734,-31895.824867566014,276.76736000008606,27.259551308812902,0.9810967173908075
3215000,6430.000000392464,-37954.03095510284,6242.663846378518,-31711.36710872432,280.1044143048039,27.58833732733637,0.9694044258376757
3220000,6440.0000003945015,-37820.77868600609,6243.235524581415,-31577.543161424674,280.1300651474784,27.124920356423956,0.985966261106047
3225000,6450.000000396539,-38140.36955935977,6172.99821791541,-31967.371341444363,276.9785612173988,26.95107079433873,0.9923262979310068
3230000,6460.000000398576,-37636.77667927859,6017.714335813711,-31619.06234346488,270.01107074899795,26.8450391940925,0.9962457537595233
3235000,6470.000000400613,-38294.18574445183,6352.828750913203,-31941.35699353863,285.04744452731603,26.983605926280298,0.9911298134018272
3240000,6480.000000402651,-38384.24326115058,6221.035811762342,-32163.20744938824,279.1339779465748,27.30042939552695,0.9796276798124118
3245000,6490.000000404688,-38075.46760674788,6008.612527348241,-32066.85507939964,269.60267830755424,27.414428580674706,0.9755540308972735
3250000,6500.000000406725,-37981.37078041587,6466.011897956181,-31515.358882459688,290.12590139954364,27.314045629255848,0.9791393288871524
3255000,6510.000000408762,-38104.21628692065,6261.201471264578,-31843.014815656075,280.93618591530384,27.08890901760323,0.9872769807467464
3260000,6520.0000004108,-38216.010968620016,6307.608822345248,-31908.40214627477,283.01845467328434,27.113279463645302,0.9863895786742628
3265000,6530.000000412837,-37531.741906364776,6234.083436538251,-31297.658469826525,279.7194166928954,26.78343527468968,0.998537194065465
3270000,6540.000000414874,-38174.81356738458,6123.3288636302705,-32051.48470375431,274.7499284200381,27.013316362594438,0.9900397251355493
3275000,6550.0000004169115,-38070.77485924055,6298.987666511055,-31771.78719272949,282.63162881416525,27.280556834085086,0.9803412910255414
3280000,6560.000000418949,-37987.945662213926,6121.101279069142,-31866.844383144784,274.6499780968806,27.174331305223784,0.9841734836537273
3285000,6570.000000420986,-38096.62374849794,6107.278616957367,-31989.345131540576,274.029763911041,26.61786730430203,1.0047482768200655
3290000,6580.000000423023,-37975.051296157675,6122.519714764342,-31852.531581393334,274.713622417544,27.282338007158813,0.9802772878044764
3295000,6590.0000004250605,-37646.4175364624,5992.884840478212,-31653.53269598419,268.89698685475327,27.24386785347122,0.981661504543492
3300000,6600.000000427098,-37695.9506045358,6120.10953214791,-31575.84107238789,274.6054790340852,26.852227407089583,0.9959790635305565
3305000,6610.000000429135,-38021.731584012465,6118.914872767731,-31902.816711244734,274.5518754164288,27.113958841498214,0.9863648633149893
3310000,6620.000000431172,-38147.266946707314,6040.691685447226,-32106.575261260088,271.04205002639503,27.109278467191658,0.9865351576578923
3315000,6630.00000043321,-38244.38445526787,6248.149342511533,-31996.235112756338,280.35054507835196,27.332877336983746,0.9784647249865398
3320000,6640.000000435247,-38199.571069016965,6284.60107098341,-31914.969998033557,281.98611128939115,27.201001066142993,0.9832085312445035
3325000,6650.000000437284,-38642.43406305645,6127.416441799562,-32515.017621256884,274.93333549067484,27.212611006187636,0.9827890569023857
3330000,6660.000000439321,-38296.48622555184,6036.202521932336,-32260.2837036195,270.84062407298796,27.597605964449595,0.9690788520233884
3335000,6670.000000441359,-38305.10289696412,6171.231186338104,-32133.871710626016,276.8992756179817,27.098404894607516,0.9869310171811861
3340000,6680.000000443396,-38205.607210381124,6127.4581858394085,-32078.149024541715,274.93520851958044,27.821577076992398,0.9612775089137315
3345000,6690.000000445433,-38643.58033444791,6241.595925520662,-32401.984408927252,280.0564973652129,27.570267603254404,0.970039779500208
3350000,6700.0000004474705,-38405.495544640944,5995.95327502126,-32409.542269619684,269.0346655896113,27.64649911254772,0.9673650250524634
3355000,6710.000000449508,-38459.35321104004,6239.559499247759,-32219.79371179228,279.9651241946429,27.145119509209337,0.9852325865630943
3360000,6720.000000451545,-38383.79166434243,6125.146827058219,-32258.644837284213,274.8314992996728,27.027235904877557,0.9895298357830272
3365000,6730.000000453582,-38075.805753299166,6100.422187958159,-31975.383565341006,273.72212023899544,27.192475407800274,0.9835167966705572
3370000,6740.00000045562,-38354.69230016987,6172.4371311735795,-32182.255168996286,276.95338560694427,27.318458129085137,0.9789811774973064
3375000,6750.000000457657,-38786.592385774,6262.951071210559,-32523.64131456344,281.01468936834834,27.482643228528552,0.9731326089792035
3380000,6760.000000459694,-38270.38846805409,6267.954666167785,-32002.4338018863,281.239197538162,27.18237723963004,0.9838821700859681
3385000,6770.000000461731,-37808.36018758899,6283.119442033473,-31525.240745555515,281.91963152699293,27.700256455495435,0.9654876787726221
3390000,6780.000000463769,-38177.50443309015,6062.94964167203,-32114.554791418122,272.0407505724108,27.2737465054043,0.9805860849122157
3395000,6790.000000465806,-38134.13324356612,6104.122116537116,-32030.011127029,273.88813371546667,27.326509236340904,0.9786927439329153
3400000,6800.000000467843,-38498.34469073276,6139.8622309325465,-32358.482459800212,275.4917702488876,27.10579388163658,0.9866619816931876
3405000,6810.00000046988,-37662.03400052017,6087.932847236207,-31574.101153283966,273.1617313482809,27.24664707195169,0.9815613728910435
3410000,6820.000000471918,-38058.54026328246,6286.644272517101,-31771.895990765363,282.07778846166644,27.088037676021237,0.9873087385099538
3415000,6830.000000473955,-38312.780183331095,6182.688400535761,-32130.091782795334,277.4133536384186,27.572651509052825,0.969955910763308
3420000,6840.000000475992,-38290.854641791375,6135.824027489031,-32155.030614302344,275.3105785912516,27.58443493563377,0.9695415682441336
3425000,6850.0000004780295,-37946.51797808616,6177.071528113556,-31769.446449972602,277.16132809311245,27.489397273065237,0.9728935138504213
3430000,6860.000000480067,-38374.18693745456,6064.209199417643,-32309.977738036912,272.09726613905025,27.31501744768739,0.97910449289817
3435000,6870.000000482104,-38106.33598597061,6293.553529931911,-31812.7824560387,282.38780251161074,27.348333489444762,0.9779117369965055
3440000,6880.000000484141,-38159.996445645986,6168.187939882251,-31991.808505763736,276.7627270568099,27.14396995009091,0.9852743115983688
3445000,6890.000000486179,-38228.51218947936,6211.996984207253,-32016.51520527211,278.7284114191077,27.21001608312761,0.982882782021074
3450000,6900.000000488216,-38121.72319852344,6052.426960995499,-32069.29623752794,271.56860448536395,27.717586221938795,0.9648840303941847
3455000,6910.000000490253,-38104.62375547789,6037.000334073915,-32067.62342140398,270.87642140376556,27.287494558474837,0.980092043603047
3460000,6920.00000049229,-38322.72930357424,6269.460849687144,-32053.268453887096,281.306779048701,27.063483059408004,0.9882045207527564
3465000,6930.000000494328,-37684.24411751407,6182.738946867359,-31501.505170646713,277.4156216206384,27.221535296949458,0.9824668599650839
3470000,6940.000000496365,-38267.50339223439,6129.424429296176,-32138.078962938212,275.02343263117626,27.2201100128627,0.9825183033420802
3475000,6950.000000498402,-38180.688046461466,6116.441859142853,-32064.24618731861,274.4409128449993,27.449360610322955,0.9743125417852119
3480000,6960.0000005004395,-38195.24177954523,6360.287128673221,-31834.95465087201,285.382097262998,26.959459369212233,0.9920175304837395
3485000,6970.000000502477,-38466.71117304595,6154.035392590589,-32312.675780455364,276.1277111296987,26.859535790050295,0.9957080612141344
3490000,6980.000000504514,-38337.48744736224,6063.526949728084,-32273.960497634158,272.066654023068,26.902830669252985,0.9941056625386417
3495000,6990.000000506551,-38013.32206467938,5954.625443440452,-32058.696621238927,267.180311688088,27.113145471212352,0.9863944533849311
3500000,7000.0000005085885,-38416.929097945234,5920.482131822706,-32496.44696612253,265.64832269453314,26.858863812202504,0.9957329726833862
3505000,7010.000000510626,-38147.61150919306,6165.139024530343,-31982.47248466272,276.625924135825,27.131786696921917,0.9857167390180295
3510000,7020.000000512663,-38278.22386274992,6163.317483307065,-32114.90637944285,276.54419272275624,27.384570895360717,0.976617687705066
3515000,7030.0000005147,-37887.16067753335,6274.28920385188,-31612.87147368147,281.5234242739848,27.32258648315163,0.9788332566213809
3520000,7040.000000516738,-38071.963893478234,6080.838795434379,-31991.125098043856,272.8434256900079,27.344235640141992,0.9780582883568127
3525000,7050.000000518775,-37997.86206982467,6203.691371739544,-31794.170698085123,278.35574379308133,27.11913530620453,0.9861765872934698
3530000,7060.000000520812,-37822.58119626004,6183.234980169804,-31639.346216090238,277.4378783240387,27.29383091203109,0.9798645119778253
3535000,7070.000000522849,-38102.13420798449,5980.281321755558,-32121.85288622893,268.3314748687063,26.618601075216972,1.0047205798325234
3540000,7080.000000524887,-38263.46115246166,6306.620178191188,-31956.840974270475,282.97409482970744,27.2346968802827,0.9819920678458096
3545000,7090.000000526924,-38263.058068879705,6087.738587404783,-32175.319481474922,273.153015031394,26.677032291048082,1.0025199210632252
3550000,7100.000000528961,-38492.608877473205,6193.792606028639,-32298.816271444564,277.91159237951416,27.224717133065603,0.9823520360525827
3555000,7110.0000005309985,-37965.56674136007,6198.9108829583565,-31766.65585840171,278.1412462575586,27.230656337423184,0.9821377779230355
3560000,7120.000000533036,-38152.47846512739,6064.298262038409,-32088.180203088978,272.10126232302554,27.430984356144307,0.974965242201822
3565000,7130.000000535073,-38271.76114784804,6020.068573934436,-32251.692573913602,270.11670393799665,27.10004007332658,0.9868714671365326
3570000,7140.00000053711,-38382.05622810206,6214.556565414836,-32167.499662687223,278.8432582237184,27.227565305858537,0.98224927591554
3575000,7150.000000539148,-38572.01389806893,6323.425015421481,-32248.588882647447,283.72811734408793,27.363131887853793,0.9773828674375584
3580000,7160.000000541185,-38169.22681464377,6156.766517476164,-32012.460297167607,276.2502549916289,27.55885227214244,0.9704415859747819
3585000,7170.000000543222,-38752.92207437366,6254.2994727975265,-32498.62260157613,280.6264975697961,27.453170151870417,0.9741773412204825
3590000,7180.000000545259,-38190.058472355864,6143.07649297233,-32046.981979383534,275.63599217212925,27.44608407433308,0.9744288560142254
3595000,7190.000000547297,-37966.004179194235,6333.848369397338,-31632.155809796895,284.1958067043268,27.358280783860728,0.977556174597041
3600000,7200.000000549334,-38093.44601555004,6185.040276178738,-31908.405739371305,277.5188808245214,27.654873247623208,0.9670720985467239
3605000,7210.000000551371,-38192.24909810044,6220.3103660706,-31971.938732029837,279.101427653047,27.249329937479246,0.9814647320864236
3610000,7220.000000553408,-38374.504892974124,6243.38496217137,-32131.119930802754,280.13677031848226,27.279211756891417,0.9803896294718396
3615000,7230.000000555446,-38240.71337168662,5955.512968034462,-32285.20040365216,267.2201343603805,27.427086454962232,0.9751038029700722
3620000,7240.000000557483,-38349.48960853036,6145.725154763291,-32203.76445376707,275.7548359666864,27.62012143212083,0.9682888749185726
3625000,7250.00000055952,-37899.88334587788,6036.947757618279,-31862.935588259603,270.8740623311526,27.195386696827608,0.9834115103699702
3630000,7260.0000005615575,-38095.98808844204,6234.0531455161945,-31861.934942925847,279.71805755372014,27.035961162068002,0.9892104869622818
3635000,7270.000000563595,-38315.479870565774,6088.670570263734,-32226.80930030204,273.1948325181708,27.3996333110212,0.9760808111203826
3640000,7280.000000565632,-37534.03248363464,6179.023227683301,-31355.00925595134,277.24889962961277,27.136695285893126,0.9855384388137157
3645000,7290.000000567669,-38436.81751366999,6080.227708482691,-32356.589805187294,272.8160066014739,27.122449281892777,0.9860560906082095
3650000,7300.000000569707,-38534.62762308243,6036.122864176967,-32498.504758905463,270.8370498794287,27.348920593231043,0.9778907440040588
3655000,7310.000000571744,-38404.665415602736,6485.073978599172,-31919.591437003564,290.9812050111634,27.255333468459604,0.9812485448975188
3660000,7320.000000573781,-38347.962091198606,6165.329473411652,-32182.632617786956,276.63446945776883,27.545364843413267,0.9709167570898157
3665000,7330.000000575818,-38121.03977140492,5980.803122382436,-32140.23664902248,268.3548877358048,27.0312546176156,0.9893827232567318
3670000,7340.000000577856,-37802.83946094093,5958.501718992591,-31844.337741948337,267.3542377427235,27.308508516738147,0.9793378605876746
3675000,7350.000000579893,-38038.34411047971,5868.410769016059,-32169.93334146365,263.31191328023,27.55565476283139,0.9705541942954219
3680000,7360.00000058193,-38374.61662788187,6228.827395488115,-32145.789232393756,279.48358142510915,27.28550184523397,0.980163621630222
3685000,7370.000000583967,-37855.07751090861,6027.805801778047,-31827.271709130564,270.463868502165,27.34787726052743,0.9779280509359299
3690000,7380.000000586005,-37828.4251208687,6073.780983710188,-31754.64413715851,272.52674610130555,27.29269226174978,0.9799053918951127
3695000,7390.000000588042,-38478.844795528596,6332.825395123922,-32146.01940040467,284.1499064898102,27.01956804614693,0.9898106535584101
3700000,7400.000000590079,-37914.254823067036,6142.053446045966,-31772.20137702107,275.5900886977203,27.118983341378087,0.9861821134650095
3705000,7410.0000005921165,-38131.58198545546,6300.847918000242,-31830.734067455214,282.71509713260446,26.98295330295987,0.9911537853674801
3710000,7420.000000594154,-37652.251987191,6062.032210074447,-31590.219777116552,271.9995859916117,27.239491399262985,0.9818192239575458
3715000,7430.000000596191,-38150.37482159236,5973.548976225469,-32176.825845366893,268.02939874415307,27.4505550376856,0.9742701475400652
3720000,7440.000000598228,-37803.63151091654,6110.037095526374,-31693.594415390162,274.1535351156033,27.001314294069957,0.9904797972184715
3725000,7450.000000600266,-38419.210760200454,6031.69861217005,-32387.512148030404,270.63853646470216,27.083797750316474,0.9874633001315379
3730000,7460.000000602303,-38318.38176996096,6147.1173922965,-32171.264377664458,275.8173047922406,27.61278273097875,0.9685462188719673
3735000,7470.00000060434,-38162.38018017988,6087.091535542788,-32075.288644637098,273.1239822198749,27.73593915598644,0.9642455644358533
3740000,7480.000000606377,-38378.34771019103,6051.110540972132,-32327.2371692189,271.5095375439591,27.153860667792042,0.9849154281897287
3745000,7490.000000608415,-38435.76584577288,6149.9117461725455,-32285.854099600336,275.9426856993455,27.118759368669085,0.9861902583021873
3750000,7500.000000610452,-37957.19220669786,6006.864550654891,-31950.327656042966,269.52424768883793,27.34928024137566,0.977877884558084
3755000,7510.000000612489,-38147.36860977059,6086.201233193083,-32061.167376577505,273.0840349114253,27.482205533885267,0.9731481075508023
3760000,7520.0000006145265,-38202.83039871487,5960.123011223796,-32242.70738749107,267.4269841090207,27.05881277079401,0.9883750825715866
3765000,7530.000000616564,-37874.238031219356,6031.359164519342,-31842.878866700015,270.6233056613579,27.0569215573294,0.9884441676025751
3770000,7540.000000618601,-38314.059625248454,6310.677325834555,-32003.382299413897,283.15613650171775,27.131837136574838,0.9857149065136569
3775000,7550.000000620638,-38351.01146303916,6163.474346899683,-32187.53711613948,276.55123109384544,27.420133204983394,0.9753510716629951
3780000,7560.0000006226755,-38544.321896445974,6125.584614658685,-32418.73728178729,274.8511425549299,27.352567780499154,0.9777603521995395
3785000,7570.000000624713,-38653.37568703248,6186.243174766145,-32467.132512266333,277.5728541302423,27.299015883404596,0.9796784038241023
3790000,7580.00000062675,-38517.58311766739,6246.81529374343,-32270.76782392396,280.2906871462192,27.125481273719824,0.9859458726925322
3795000,7590.000000628787,-38662.88193928706,5892.253648297813,-32770.62829098925,264.3817283304877,27.09401486875653,0.9870909289808787
3800000,7600.000000630825,-38213.44488899244,6440.208665052669,-31773.23622393977,288.9681265108955,27.100392911761787,0.9868586183861346
3805000,7610.000000632862,-38107.52837637541,6136.463307546637,-31971.065068828775,275.3392626867786,27.122857943174157,0.9860412336581658
3810000,7620.000000634899,-38487.88069994151,6322.497644572487,-32165.383055369024,283.6865067953073,27.366764215893834,0.9772531416443574
3815000,7630.000000636936,-38138.227605724576,6251.814639311861,-31886.412966412714,280.51500464862096,27.15207223439748,0.9849803018990863
3820000,7640.000000638974,-37782.522159378466,6316.8316448894075,-31465.69051448906,283.43227694059544,26.898276941815052,0.9942739590522621
3825000,7650.000000641011,-38178.989248146514,6043.104887484213,-32135.8843606623,271.15032888936173,26.914206542974856,0.9936854821976319
3830000,7660.000000643048,-37704.024642078846,5942.240055412002,-31761.784586666843,266.6245870895804,27.04996600953536,0.988698333195503
3835000,7670.0000006450855,-38072.96118999595,6051.4797740244485,-32021.481415971502,271.52610479960606,26.621173025911297,1.004623510789383
3840000,7680.000000647123,-38016.921502095975,6190.709141668771,-31826.212360427206,277.77323926619516,27.00631729700749,0.9902963078044742
3845000,7690.00000064916,-38036.37792354106,6441.101008145463,-31595.2769153956,289.0081653862084,27.05115574382858,0.9886548493486838
3850000,7700.000000651197,-38199.591261253765,6056.7437384174455,-32142.84752283632,271.7622955828207,26.965238750457335,0.9918049142497966
3855000,7710.000000653235,-38372.709325588265,6258.565806605062,-32114.143518983205,280.8179252938889,27.0834558706325,0.9874757650711158
3860000,7720.000000655272,-38198.29743654168,6185.9684207673035,-32012.329015774376,277.56052609051164,27.276911602775936,0.9804723018532971
3865000,7730.000000657309,-38285.63024132677,6069.642099390705,-32215.988141936064,272.3410369558649,27.34631276916384,0.9779839985147796
3870000,7740.000000659346,-38405.02156037896,6350.264420435674,-32054.75713994329,284.9323846259393,27.05557771152033,0.9884932634513608
3875000,7750.000000661384,-38153.328279402456,6110.882907134775,-32042.44537226768,274.19148615237435,27.267317582444875,0.9808172815591145
3880000,7760.000000663421,-38062.68717462871,6287.059010193008,-31775.6281644357,282.0963974812547,27.61639351568333,0.9684195835142116
3885000,7770.000000665458,-37900.687601357626,6284.151852563635,-31616.53574879399,281.96595514043577,26.733315813966694,1.0004092456293887
3890000,7780.000000667495,-38088.15238407581,6069.947101596748,-32018.20528247906,272.3547222136952,26.72932161376958,1.0005587381927927
3895000,7790.000000669533,-38220.9012099361,6009.640880659319,-32211.26032927678,269.64881987611955,27.048754145509154,0.9887426297991961
3900000,7800.00000067157,-38074.977575628545,6157.145363168524,-31917.83221246002,276.26725356041004,27.218077584739273,0.9825916699428359
3905000,7810.000000673607,-38082.21741779189,6251.5309299009205,-31830.686487890973,280.502274785162,27.1565074772634,0.9848194333904711
3910000,7820.0000006756445,-38390.4935440628,6202.496990712001,-32187.9965533508,278.3021526649333,27.827620386976186,0.9610687487723316
3915000,7830.000000677682,-38210.028539573985,6352.933743711949,-31857.094795862035,285.0521554883933,27.366337643574408,0.9772683745609694
3920000,7840.000000679719,-38495.901611031986,6376.760630409388,-32119.1409806226,286.12125296141596,27.270172782835054,0.9807145895113853
3925000,7850.000000681756,-38258.29402676031,6117.080618575657,-32141.213408184653,274.4695735804177,27.01724077225792,0.9898959161693669
3930000,7860.000000683794,-37894.86083728677,6310.277626416742,-31584.583210870027,283.1382022393453,27.452190232119822,0.9742121149711075
3935000,7870.000000685831,-38318.19923873633,6141.992170970916,-32176.207067765412,275.58733932350594,27.376227174523656,0.9769153410412543
3940000,7880.000000687868,-38232.099528495455,6216.502021902323,-32015.597506593134,278.9305496370306,27.15446725221007,0.9848934268613186
3945000,7890.000000689905,-38515.236565277446,5970.8869553576,-32544.349609919846,267.90995553618757,26.985543549420527,0.9910586480366419
3950000,7900.000000691943,-38603.931383058385,6224.996984432932,-32378.934398625453,279.31171328170734,27.09961217017019,0.9868870498472033
3955000,7910.00000069398,-38218.249526533444,6133.02455092828,-32085.224975605164,275.1849678324945,27.13115651954069,0.9857396343337076
3960000,7920.000000696017,-38959.230061854425,6254.508986241692,-32704.72107561273,280.6358983067268,26.934166284213894,0.9929491050293778
3965000,7930.0000006980545,-38327.88452347957,6126.536168013421,-32201.34835546615,274.89383815758714,27.04941868060378,0.9887183389194248
3970000,7940.000000700092,-38455.45176707744,6114.075838365309,-32341.37592871213,274.3347509755737,26.683511529314448,1.0022764911297917
3975000,7950.000000702129,-38533.490055101196,6196.185170770138,-32337.304884331057,278.0189452599665,27.08728048992452,0.9873363373104406
3980000,7960.000000704166,-38425.93648512953,6148.199890942896,-32277.736594186637,275.8658758280669,26.94096773859682,0.9926984273956733
3985000,7970.0000007062035,-38171.0705974123,6182.619369128237,-31988.45122828406,277.41025624242724,27.34609038340023,0.9779919517437516
3990000,7980.000000708241,-38580.63313490489,6131.171326169617,-32449.461808735276,275.10181479905003,27.462591446196736,0.9738431407326787
3995000,7990.000000710278,-38530.42456574793,6219.544770527503,-32310.87979522043,279.06707586085207,27.210254598982708,0.9828741664042533
4000000,8000.000000712315,-38404.3003107949,6093.345271268903,-32310.955039525994,273.40458342248434,27.541491035843386,0.971053319946142
4005000,8010.000000714353,-38206.20540080999,5989.325620863328,-32216.87977994666,268.7372869013131,26.757364441949054,0.9995101111189458
4010000,8020.00000071639,-37737.47920260838,6119.95306120754,-31617.526141400842,274.5984582810562,27.25889611723477,0.9811202989145715
4015000,8030.000000718427,-38337.07277494898,6207.547271907795,-32129.525503041186,278.52875561701165,27.448685991546345,0.9743364879054442
4020000,8040.000000720464,-38446.199107822395,6095.3492639344,-32350.849843887994,273.49450131741725,27.40374510148186,0.975934355234403
4025000,8050.000000722502,-38447.67772952693,6095.4868531008215,-32352.190876426106,273.50067485708297,27.140063768426124,0.9854161189457497
4030000,8060.000000724539,-37755.22984066789,6325.187147031799,-31430.04269363609,283.80718308505726,27.24300744096846,0.981692508236231
4035000,8070.000000726576,-38243.96025746956,6202.120598273023,-32041.839659196536,278.28526417209383,27.426524498268055,0.975123782392169
4040000,8080.0000007286135,-38111.90775307255,6082.576201902921,-32029.331551169627,272.9213820293617,26.937084482904552,0.9928415350070904
4045000,8090.000000730651,-38140.29084451184,6034.896271417102,-32105.394573094734,270.78201343103945,27.097653351711166,0.9869583893298193
4050000,8100.000000732688,-37938.104070892135,6058.309880810118,-31879.79419008202,271.83256741042703,27.340055907984272,0.9782078133502409
4055000,8110.000000734725,-37691.832953056146,6178.120517431697,-31513.71243562445,277.2083955863814,27.307499811310464,0.9793740361226865
4060000,8120.000000736763,-38095.446602472526,6234.207371110615,-31861.239231361913,279.72497755948353,27.290191841419954,0.979995174164781
4065000,8130.0000007388,-38360.82399610118,6326.013686465941,-32034.81030963524,283.8442693914478,27.214233131894144,0.9827304769899717
4070000,8140.000000740837,-38305.68974708922,6272.737873485482,-32032.95187360374,281.4538170527141,27.345100994153164,0.9780273370480876
4075000,8150.000000742874,-38126.80793565453,6199.952438011861,-31926.855497642668,278.1879801800326,27.16889540179747,0.9843703953033457
4080000,8160.000000744912,-38224.376252200454,6217.058414179923,-32007.31783802053,278.9555146098172,26.7851755155774,0.9984723188044458
4085000,8170.000000746949,-37952.531108272466,6109.790998150793,-31842.740110121675,274.1424928805983,27.19559224049676,0.9834040777680857
4090000,8180.000000748986,-38011.495595703636,6170.3846964634895,-31841.110899240146,276.8612941478307,27.010683645029776,0.9901362238028296
4095000,8190.000000751023,-38556.573951516126,6022.245777279268,-32534.328174236856,270.21439368755443,27.170203084178535,0.9843230182624605
4100000,8200.00000075306,-38413.36889731497,6324.424393674873,-32088.944503640098,283.7729588199745,27.342913994725137,0.9781055637223598
4105000,8210.000000755097,-38242.35218635757,6136.804608234127,-32105.547578123445,275.354576634722,27.371720955377754,0.9770761710680145
4110000,8220.000000757134,-38627.64708203049,6211.1737097658915,-32416.473372264598,278.69147161089694,27.18346953442443,0.9838426354205598
4115000,8230.000000759172,-38121.912201727144,6042.888603041025,-32079.02359868612,271.14062434194847,27.634196337797988,0.9677956970307076
4120000,8240.000000761209,-38004.23459964621,6158.828288166142,-31845.406311480067,276.3427653503088,26.847981408318784,0.9961365772674434
4125000,8250.000000763246,-38088.87390109897,6038.228514394349,-32050.64538670462,270.9315290850026,27.61622193971764,0.9684256001780988
4130000,8260.000000765283,-37829.38905065299,6104.645081889754,-31724.74396876324,273.91159884307996,27.516527871858532,0.9719342655137201
4135000,8270.00000076732,-37998.51550853149,6030.922804870945,-31967.592703660546,270.6037264774152,27.256061776216274,0.9812223250080742
4140000,8280.000000769358,-38241.893718975676,6198.695902323086,-32043.19781665259,278.13160021118944,27.357875261643066,0.9775706647847482
4145000,8290.000000771395,-38171.683433662896,6347.757916897401,-31823.925516765496,284.819919383085,27.53011153082922,0.9714547024872544
4150000,8300.000000773432,-38651.521751145476,6257.431235977887,-32394.09051516759,280.7670178209201,27.128822056116622,0.9858244582570336
4155000,8310.00000077547,-37630.593078521975,6000.591126635998,-31630.001951885977,269.24276308487083,26.985350210975067,0.9910657485462471
4160000,8320.000000777507,-38005.81414960445,6231.811354103558,-31774.00279550089,279.6174697780394,27.109299642393587,0.9865343870706235
4165000,8330.000000779544,-38131.741894152365,6263.488708238514,-31868.25318591385,281.0388128048379,27.483217867334613,0.9731122620255366
4170000,8340.000000781582,-38385.403506412214,6069.48854997914,-32315.914956433073,272.3341472900024,27.361399176974157,0.9774447620035864
4175000,8350.000000783619,-38120.73573313394,6125.975836913709,-31994.75989622023,274.868696452321,27.37945232852484,0.9768002656050048
4180000,8360.000000785656,-38240.33435184483,6143.9042703693785,-32096.430081475453,275.6731340251395,26.984482296375873,0.9910976246601735
4185000,8370.000000787693,-38189.48069296656,6251.040188993738,-31938.44050397282,280.4802555482202,27.02614594523916,0.9895697433445485
4190000,8380.00000078973,-38138.09746533817,6360.539095620668,-31777.558369717503,285.39340286201406,27.543959729831002,0.9709662869444924
4195000,8390.000000791768,-38057.86736762847,6290.396150612835,-31767.47121701563,282.24613288039694,27.327730368446794,0.9786490113171691
4200000,8400.000000793805,-38001.86731095777,6192.846487330071,-31809.020823627703,277.86914062647304,26.821790923114197,0.9971092677325752
4205000,8410.000000795842,-38417.420769642966,5996.587326264538,-32420.833443378426,269.06311507151645,27.160789934295426,0.9846641563562609
4210000,8420.00000079788,-38130.117334409086,6293.836538484786,-31836.2807959243,282.40050092800743,27.670246925927955,0.9665347901742922
4215000,8430.000000799917,-38333.11963360743,6127.93241314236,-32205.187220465068,274.95648680145007,27.35547331254112,0.9776565004401413
4220000,8440.000000801954,-38603.4595650136,5967.595560236432,-32635.86400477717,267.76227269992603,27.102305029357044,0.9867889936908842
4225000,8450.000000803991,-38092.66833982903,6205.771875601075,-31886.896464227957,278.4490946974282,27.14095331085028,0.9853838220167063
4230000,8460.000000806029,-38285.358915714976,6060.7850406347525,-32224.573875080223,271.9436262804946,26.92780900490112,0.9931835264337665
4235000,8470.000000808066,-38126.043969518534,6183.660111947631,-31942.3838575709,277.4569537204658,27.36326888733643,0.9773779739817461
4240000,8480.000000810103,-38488.99375704217,6120.352528289818,-32368.64122875235,274.6163821186789,27.136239350802313,0.9855549975399192
4245000,8490.00000081214,-38277.11281331797,6265.316138209868,-32011.796675108104,281.12080844234225,27.07033116272736,0.9879545302144772
4250000,8500.000000814178,-38348.63949731636,6029.738801534799,-32318.900695781565,270.55060098977606,27.34884867021429,0.9778933156974127
4255000,8510.000000816215,-38391.018023593984,6173.412475731766,-32217.60554786222,276.9971487059897,27.330084912731074,0.9785646986469643
4260000,8520.000000818252,-38106.621752308594,6205.252743171559,-31901.369009137037,278.42580155067316,27.200781207774515,0.9832164783185933
4265000,8530.00000082029,-38473.37419235228,6376.7287206873425,-32096.64547166494,286.11982119218663,27.32924235431079,0.9785948677206603
4270000,8540.000000822327,-38397.56393400024,6213.211984651292,-32184.351949348944,278.7829277275511,27.33580382420282,0.9783599735575934
4275000,8550.000000824364,-38041.66233431658,6094.450047496326,-31947.21228682025,273.45415403940933,27.246364704617978,0.9815715452891135
4280000,8560.000000826401,-38231.3396684387,6067.664418255516,-32163.67525018318,272.25229964280663,27.478960085786635,0.9732630428200219
4285000,8570.000000828439,-38256.87934957291,6196.838045128793,-32060.04130444412,278.04823932326156,27.433878045185207,0.9748624041622286
4290000,8580.000000830476,-38361.4837902041,6097.72878815641,-32263.755002047692,273.60126907793295,26.893314132155595,0.9944574393174272
4295000,8590.000000832513,-38185.35199921379,6080.644938488732,-32104.707060725057,272.83472745035317,27.083579814839837,0.9874712460266688
4300000,8600.00000083455,-38062.95299396265,6115.400445925986,-31947.552548036667,274.3941852866463,27.31008407761872,0.9792813610757136
4305000,8610.000000836588,-38121.40968630448,6319.001024683269,-31802.408661621215,283.5296156523245,26.970239991685958,0.9916209983621579
4310000,8620.000000838625,-38049.82642655159,6108.428408186593,-31941.398018365,274.08135432288447,27.421833870420752,0.9752905816948657
4315000,8630.000000840662,-37986.5768147745,6232.169195282075,-31754.40761949242,279.63352588744857,27.243435378573512,0.9816770878923926
4320000,8640.0000008427,-37829.10394634398,6358.017543095412,-31471.08640324857,285.2802623805455,26.900010763756594,0.9942098737988679
4325000,8650.000000844737,-37751.05696974986,6111.493636347503,-31639.563333402355,274.21888918938544,27.469173901314473,0.9736097780990365
4330000,8660.000000846774,-38101.844341180375,6106.791593222503,-31995.05274795787,274.00791146129137,27.51371379463526,0.9720336740522951
4335000,8670.000000848811,-38474.29198123158,6182.368668002456,-32291.923313229127,277.39900744003603,27.583757098960433,0.9695653935275755
4340000,8680.000000850849,-38253.54745040792,6285.957909864239,-31967.58954054368,282.0469917995985,27.08289150611107,0.9874963425005033
4345000,8690.000000852886,-37986.12086247743,6177.695336133499,-31808.42552634393,277.1893179680063,27.02078645107409,0.989766021616278
4350000,8700.000000854923,-38113.58515221416,6093.603053329936,-32019.982098884226,273.4161499420024,27.32678498280778,0.9786828682352631
4355000,8710.00000085696,-38125.053571865836,6034.414817168521,-32090.638754697313,270.7604108806488,27.403677517986623,0.9759367621031454
4360000,8720.000000858998,-38112.840697832886,6320.4540959868045,-31792.386601846083,283.5948140510267,27.285616546758238,0.980159501281274
4365000,8730.000000861035,-38692.83102542527,6210.215691721978,-32482.615333703296,278.64848594168785,26.956936543174812,0.9921103706939566
4370000,8740.000000863072,-38313.40982028491,6243.334545699201,-32070.07527458571,280.1345081629737,27.557774211453008,0.9704795496694257
4375000,8750.00000086511,-38516.62997122771,6390.760356233592,-32125.869614994117,286.74941188506057,27.28496020627271,0.9801830790456577
4380000,8760.000000867147,-38082.86421972153,6125.982837602408,-31956.88138211912,274.86901056883534,26.96744155660338,0.9917238997436114
4385000,8770.000000869184,-38038.75718889425,6339.007146336668,-31699.750042557578,284.42727779241983,27.10701161467071,0.9866176577040402
4390000,8780.000000871221,-37598.77785817168,6220.198604490978,-31378.5792536807,279.09641298101394,27.36173940496118,0.9774326080224787
4395000,8790.000000873259,-38232.03301308387,6159.731462746836,-32072.301550337033,276.3832902276954,27.23533165404632,0.9819691805606953
4400000,8800.000000875296,-38076.871857109036,6040.859260827754,-32036.01259628128,271.04956902869435,27.03087271627093,0.9893967015916665
4405000,8810.000000877333,-38401.25144862818,6367.959277177788,-32033.29217145039,285.7263417580108,26.96771613643561,0.9917138022114129
4410000,8820.00000087937,-38264.107982163725,6182.292126572025,-32081.8158555917,277.3955730740236,27.317320095249983,0.9790219616481706
4415000,8830.000000881408,-38440.52040055879,6082.652759772389,-32357.867640786397,272.92481713298343,26.96401038644413,0.9918500966038798
4420000,8840.000000883445,-38339.245878637936,6280.436325585516,-32058.80955305242,281.7992417735702,27.27142187420315,0.9806696706166544
4425000,8850.000000885482,-38113.84123325292,6438.62275216106,-31675.21848109186,288.8969675933926,27.410984120630047,0.9756766188666087
4430000,8860.00000088752,-38393.84220248734,6323.494352686301,-32070.347849801045,283.73122846370444,27.45172580959783,0.9742285964867153
4435000,8870.000000889557,-38582.76878081163,6236.032881629345,-32346.735899182288,279.8068870723516,27.107159039690558,0.9866122918843483
4440000,8880.000000891594,-38534.52229596209,5969.427793215356,-32565.09450274673,267.84448384536984,26.98787753344086,0.9909729386271168
4445000,8890.000000893631,-37987.64285573819,6076.835525300867,-31910.80733043732,272.6638014680979,27.3552855947897,0.9776632093256797
4450000,8900.000000895669,-37870.32445879483,6248.419518833147,-31621.90493996168,280.3626677205744,27.56096329644826,0.9703672552718474
4455000,8910.000000897706,-38745.57630404984,5934.94717071159,-32810.629133338254,266.297359923763,27.396101958467902,0.9762066277591803
4460000,8920.000000899743,-38384.13850189341,6040.492748432889,-32343.64575346052,271.0331238472421,27.825758972056544,0.9611330398383746
4465000,8930.00000090178,-38227.47178507306,6357.8501987472555,-31869.621586325804,285.27275374452387,27.33702864619009,0.978316138625034
4470000,8940.000000903818,-38184.48628237462,6307.410709416075,-31877.075572958547,283.00956547031626,27.46260854100381,0.973842534538967
4475000,8950.000000905855,-38469.051110146334,6294.562736008247,-32174.488374138087,282.4330849557534,27.262765328670266,0.9809810554506606
4480000,8960.000000907892,-38680.22317905234,6105.351236485397,-32574.87194256694,273.9432835572162,27.45961315491731,0.9739487645270567
4485000,8970.00000090993,-38280.52604720052,6460.646208231074,-31819.879838969442,289.8851462644318,27.235013284092087,0.9819806595153706
4490000,8980.000000911967,-38306.07115587887,6250.428030903921,-32055.643124974948,280.45278839838966,27.207013794165363,0.9829912429550804
4495000,8990.000000914004,-38275.93824373589,6425.844109111491,-31850.094134624396,288.3235978885532,27.68313674247835,0.9660847524400998
4500000,9000.000000916041,-38034.04276024465,6277.2251121952895,-31756.81764804936,281.6551566413235,27.111084898500867,0.9864694241026658
4505000,9010.000000918079,-38144.9729246487,5912.983916994834,-32231.989007653865,265.31188249458364,27.817682072091955,0.9614121060594679
4510000,9020.000000920116,-38497.29258189661,6014.755200194559,-32482.53738170205,269.8782961883539,27.42275594535756,0.9752577880907772
4515000,9030.000000922153,-38003.88137572499,6212.983678813048,-31790.89769691194,278.7726837876758,27.44603130555718,0.9744307294879294
4520000,9040.00000092419,-38453.83262537068,6136.16013397284,-32317.672491397836,275.3256594785312,27.003198645897246,0.9904106790210219
4525000,9050.000000926228,-37998.51669286239,6372.785726940545,-31625.730965921844,285.94290153397134,27.149137493851544,0.9850867753231348
4530000,9060.000000928265,-38614.08132629787,6079.616244582161,-32534.46508171571,272.7885705994816,27.146700194408126,0.9851752189067755
4535000,9070.000000930302,-38465.543434431725,6177.408924580796,-32288.13450985093,277.17646686114006,27.325484937052224,0.9787294303552698
4540000,9080.00000093234,-38312.9754259061,6223.752779454004,-32089.222646452097,279.2558865840869,27.48251432935704,0.9731371731899436
4545000,9090.000000934377,-37640.43722900175,6268.382580703299,-31372.05464829845,281.2583977951824,27.90417314465153,0.9584321373001793
4550000,9100.000000936414,-38212.739650964184,6410.424925520937,-31802.314725443248,287.63174878455317,27.11656511658793,0.9862700600771317
4555000,9110.000000938451,-38277.61934204381,6150.808419038234,-32126.81092300557,275.9829188488547,27.43018825668357,0.9749935383730437
4560000,9120.000000940488,-38701.991371569544,6001.108268865726,-32700.883102703818,269.26596693260876,27.513636186802533,0.9720364158718886
4565000,9130.000000942526,-38489.72146493083,6146.881228052018,-32342.840236878812,275.8067082506025,27.516740555902697,0.9719267531810065
4570000,9140.000000944563,-38128.79647703724,6217.295398979017,-31911.501078058223,278.96614796922637,27.25023985069227,0.9814319599811967
4575000,9150.0000009466,-37851.368993208926,6000.015880324012,-31851.353112884914,269.2169521433777,27.357846948327214,0.9775716764969291
4580000,9160.000000948638,-38037.599706581925,6130.990173021042,-31906.609533560884,275.09368657080813,27.32386712320594,0.9787873797669346
4585000,9170.000000950675,-38358.275204199344,5955.676146054476,-32402.599058144868,267.2274560558695,27.288743965043405,0.9800471703967665
4590000,9180.000000952712,-38087.773336590166,6181.802908463194,-31905.970428126973,277.37362216408945,27.22748673657856,0.9822521103533681
4595000,9190.00000095475,-37853.18041068065,6072.326865193943,-31780.85354548671,272.46150071482543,27.128266111635202,0.9858446609365914
4600000,9200.000000956787,-37998.95589205323,6333.353385708,-31665.60250634523,284.17359709640874,26.825009142430094,0.9969896436799444
4605000,9210.000000958824,-38187.1834068671,6089.476893499118,-32097.706513367983,273.2310117363934,27.066252829888484,0.9881033948330564
4610000,9220.000000960861,-38305.74532208155,6165.421452043024,-32140.323870038526,276.6385964813125,27.042461090599783,0.9889727202351115
4615000,9230.000000962898,-38193.497955162675,6103.991157535123,-32089.506797627553,273.88225766712355,27.616513706012213,0.9684153688378236
4620000,9240.000000964936,-38399.91154732648,6069.165034066281,-32330.7465132602,272.31963133375046,26.854042436722207,0.9959117466073023
4625000,9250.000000966973,-38613.77636136671,6201.863024868659,-32411.91333649805,278.2737070148697,27.07587635116602,0.9877521953401479
4630000,9260.00000096901,-38059.570156855014,6507.307549638368,-31552.262607216646,291.97881140918383,27.351594798322257,0.9777951342077909
4635000,9270.000000971047,-38129.74295329683,6247.6369475667825,-31882.10600573005,280.32755423831566,27.152594747277302,0.9849613473608956
4640000,9280.000000973085,-37940.06417510357,6132.000589240182,-31808.06358586339,275.1390233132999,27.612830561133414,0.9685445411839323
4645000,9290.000000975122,-37905.797704813915,6221.25894144465,-31684.538763369266,279.14398963557727,27.085064756115333,0.9874171078208054
4650000,9300.00000097716,-37900.99012649969,6221.140155927187,-31679.8499705725,279.1386598038555,27.303381448387608,0.9795217620637243
4655000,9310.000000979197,-38046.01155238733,6037.105905892677,-32008.905646494655,270.8811583451081,26.854326097801756,0.9959012268348028
4660000,9320.000000981234,-38052.88378297059,6254.701411181698,-31798.18237178889,280.6445322931859,27.12208886038925,0.9860691941645235
4665000,9330.000000983271,-38215.7538203055,6130.599706055069,-32085.154114250432,275.0761665627633,27.23088874701821,0.9821293955949613
4670000,9340.000000985308,-38181.62964164751,6251.552245028786,-31930.077396618723,280.5032311815905,27.442519308034758,0.9745554337204134
4675000,9350.000000987346,-38520.32219685467,6243.312400106972,-32277.009796747698,280.1335145041298,26.944498491799013,0.9925683461788191
4680000,9360.000000989383,-38011.90834207117,6098.995844765377,-31912.91249730579,273.6581211138714,27.096210381011083,0.987010948415314
4685000,9370.00000099142,-38180.57528247102,6017.839102602247,-32162.736179868774,270.0166689566041,27.203248135274876,0.9831273152981659
4690000,9380.000000993457,-38473.80072201167,6336.521627739094,-32137.279094272577,284.3157541307027,26.948672053199072,0.9924146263618144
4695000,9390.000000995495,-37757.48349705069,6079.76941475401,-31677.714082296683,272.7954432490957,27.24249392006522,0.9817110131361498
4700000,9400.000000997532,-37880.22789509219,5948.015938169063,-31932.21195692313,266.8837473289546,27.25340475054434,0.981317987657614
4705000,9410.00000099957,-38247.15917549942,6279.385005661708,-31967.774169837714,281.75206970748565,27.459947068565185,0.9739369212855532
4710000,9420.000001001607,-38612.62490500457,6228.9374506363765,-32383.6874543682,279.4885195306365,27.07602853916094,0.9877466434171298
4715000,9430.000001003644,-38083.04530151883,5985.434891935791,-32097.61040958304,268.5627123327819,27.407230749064865,0.9758102360463813
4720000,9440.000001005681,-38647.874918364,6235.4111590491175,-32412.463759314887,279.7789907698308,27.046819513197782,0.9888133535838656
4725000,9450.000001007718,-37847.77440199531,6120.123831182357,-31727.65057081295,274.60612062279915,27.279320537103164,0.9803857200272718
4730000,9460.000001009756,-38242.20415631319,6135.340312676573,-32106.86384363662,275.28887461077653,27.212695656325508,0.9827859997547141
4735000,9470.000001011793,-38209.64262556219,6173.539265815792,-32036.1033597464,277.00283769759636,26.580726194400235,1.0061522063402784
4740000,9480.00000101383,-37975.88626385585,6243.326881881452,-31732.559381974395,280.1341642922744,27.23863467450256,0.9818501046844795
4745000,9490.000001015867,-38327.69083038193,6178.823270615676,-32148.86755976625,277.2399276813081,27.034863937706717,0.9892506345971002
4750000,9500.000001017905,-38400.69609101259,6177.750810377961,-32222.94528063463,277.1918070625878,27.388395089311494,0.9764813242766369
4755000,9510.000001019942,-38023.703599023735,6174.058979049736,-31849.644619974,277.0261569046821,27.333164172959425,0.9784544569150395
4760000,9520.00000102198,-37929.568822322006,6095.930964755516,-31833.63785756649,273.52060186868977,27.385752764576917,0.9765755404472921
4765000,9530.000001024016,-37946.58802531967,6293.621620364218,-31652.96640495545,282.3908576866338,27.27442904646027,0.9805615458004814
4770000,9540.000001026054,-38111.97971187816,6237.919737800862,-31874.059974077296,279.89154912621296,27.32122293291139,0.9788821083263539
4775000,9550.000001028091,-38092.62116605856,6019.96908946405,-32072.65207659451,270.11224013216054,27.319263964961202,0.9789523005057508
4780000,9560.000001030128,-38518.99102780285,6333.300397989599,-32185.69062981325,284.17121957069327,27.18777582091276,0.983686804054454
4785000,9570.000001032166,-38111.91048856979,6136.643604308401,-31975.266884261386,275.3473524894811,27.737568162311764,0.9641889350257176
4790000,9580.000001034203,-38119.84570969409,6391.426310678403,-31728.41939901569,286.77929284362375,27.551796722752066,0.9706900996600859
4795000,9590.00000103624,-38499.994822219436,6297.494738459331,-32202.500083760104,282.5646420681514,27.176610083598597,0.9840909599966298
4800000,9600.000001038277,-38324.20760058093,6374.697394689816,-31949.510205891114,286.02867686777626,27.12811896196098,0.9858500084035828
4805000,9610.000001040315,-38331.86234642893,6190.224621581433,-32141.637724847493,277.751499153541,27.290028593209616,0.9800010364693137
4810000,9620.000001042352,-38096.78445713493,6180.240745632716,-31916.54371150221,277.3035288969446,27.124732636157344,0.9859730846147572
4815000,9630.00000104439,-37861.10254350982,6222.4756663943235,-31638.626877115497,279.1985833215077,26.787092910753447,0.9984008490852838
4820000,9640.000001046426,-38063.59381519542,5912.611572205818,-32150.9822429896,265.29517561726124,27.085541108138706,0.9873997421667338
4825000,9650.000001048464,-38008.7361693459,5996.636406643861,-32012.09976270204,269.0653172773764,27.344434916996224,0.9780511606037781
4830000,9660.000001050501,-38389.30687184832,6100.667123867108,-32288.63974798121,273.7331103597206,27.535029719048097,0.9712811854392722
4835000,9670.000001052538,-38090.753681433096,6329.958056537416,-31760.79562489568,284.02125080448883,27.43113740562927,0.9749598024737509
4840000,9680.000001054575,-38242.821977484964,6097.6521314473275,-32145.169846037636,273.5978295394397,27.124559993259663,0.9859793601543569
4845000,9690.000001056613,-38037.86871824792,6170.957947541549,-31866.91077070637,276.88701556442794,27.7027367407737,0.9654012365955038
4850000,9700.00000105865,-38378.335227841664,6362.251551476456,-32016.083676365208,285.470239683011,27.450852681789645,0.9742595837237595
4855000,9710.000001060687,-37847.76354824166,6143.82989413719,-31703.93365410447,275.6697968102153,27.425629963288287,0.9751555877630619
4860000,9720.000001062725,-38212.5638748183,5852.823244279309,-32359.74063053899,262.612510814505,27.133460196945993,0.985655943344551
4865000,9730.000001064762,-38211.43555472276,6276.931836500176,-31934.503718222586,281.6419975446893,27.273058627043106,0.9806108171565278
4870000,9740.000001066799,-38403.8643275725,6042.456584639185,-32361.407742933312,271.121239947018,27.576236815494642,0.9698298025782642
4875000,9750.000001068836,-38208.43936084169,6083.371926388931,-32125.067434452758,272.9570856883424,27.248373368913434,0.9814991869251936
4880000,9760.000001070874,-38138.5102167537,6177.94684202125,-31960.563374732446,277.2006028795627,26.883667595135233,0.9948142756928811
4885000,9770.00000107291,-38281.857983243666,6013.7387229361175,-32268.119260307547,269.8326874908273,27.42768375721778,0.9750825677937424
4890000,9780.000001074948,-38101.95620551144,6226.92748892333,-31875.028716588105,279.398333808281,27.601734218434633,0.968933911723586
4895000,9790.000001076985,-37896.56978891158,6249.078361490942,-31647.491427420642,280.39222957771136,27.520893040546387,0.9717801042001238
4900000,9800.000001079023,-38017.47777107058,6325.067660460971,-31692.410110609613,283.80182179751034,27.538553355136067,0.971156907253979
4905000,9810.00000108106,-37871.15636038514,6106.031570646082,-31765.124789739057,273.97380972461843,27.308406966668766,0.979341502390282
4910000,9820.000001083097,-38194.579576288415,6223.35943922086,-31971.220137067554,279.23823765434497,27.125947382510912,0.9859289310524
4915000,9830.000001085134,-38167.51736784365,6189.049136618641,-31978.468231225008,277.69875587997547,27.313725826875576,0.9791507931264135
4920000,9840.000001087172,-38615.658070844474,6154.929226181792,-32460.728844662684,276.16781688274114,26.893568187933703,0.9944480449649644
4925000,9850.000001089209,-37906.62789243893,6164.247857779038,-31742.380034659895,276.58593804221744,27.282884597182456,0.9802576487599316
4930000,9860.000001091246,-38162.98040797002,6397.423731349849,-31765.55667662017,287.0483933503713,27.18828588088534,0.983668349810354
4935000,9870.000001093284,-38025.49276589559,6264.024126071565,-31761.46863982403,281.062836667443,27.338538541440265,0.9782621066624754
4940000,9880.00000109532,-37809.11105941317,6010.722067954433,-31798.388991458734,269.6973320724358,27.619448782881136,0.9683124568075753
4945000,9890.000001097358,-38060.29884299964,6086.654469928459,-31973.644373071184,273.1043713596833,26.929022600460115,0.993138767174033
4950000,9900.000001099395,-38380.06873511932,6260.023209502006,-32120.045525617315,280.8833180484725,27.36225398776605,0.9774142261299186
4955000,9910.000001101433,-38324.06568524763,6512.2314584066935,-31811.83422684094,292.1997441096435,27.703713823459324,0.9653671878452544
4960000,9920.00000110347,-37739.80127964692,6099.172336576575,-31640.628943070344,273.6660401908266,27.18841857517167,0.9836635489732144
4965000,9930.000001105507,-38079.67895635102,6227.106195813687,-31852.572760537332,279.4063522744499,27.471499501630056,0.9735273571446553
4970000,9940.000001107544,-38085.021350588926,6226.401683310939,-31858.619667277988,279.37474123999266,27.026397010814666,0.9895605505950669
4975000,9950.000001109582,-37809.7058392484,5958.367114020775,-31851.33872522763,267.34819810199946,27.18270635623036,0.9838702576608149
4980000,9960.000001111619,-38312.741272649204,6066.044395262061,-32246.69687738714,272.17961022641185,26.840034049619128,0.9964315342216244
4985000,9970.000001113656,-38192.61801036003,6450.6271302107225,-31741.990880149304,289.4355965129435,27.045018932162986,0.988879185986345
4990000,9980.000001115694,-37780.2488180416,6350.191863083659,-31430.056954957938,284.92912902302845,26.98460964531193,0.9910929473559734
4995000,9990.00000111773,-38190.16820032271,6362.592242773097,-31827.575957549612,285.4855262879688,27.142420808421594,0.9853305456941621
5000000,10000.000001119768,-38498.70623410477,6158.531946404673,-32340.174287700098,276.3294686811988,27.344796645194457,0.9780382225414223
5005000,10010.000001121805,-38337.66544813622,6134.415582298339,-32203.249865837883,275.2473825382641,26.962551489458587,0.9919037638955904
5010000,10020.000001123843,-37854.41485311212,6258.1598788526,-31596.25497425952,280.7997115700441,27.34169883522691,0.9781490341106918
5015000,10030.00000112588,-38062.25844496432,6319.793138135565,-31742.46530682875,283.5651572864855,27.81022509508798,0.961669897139609
5020000,10040.000001127917,-38403.62193138919,6142.50140146704,-32261.120529922155,275.61018817671555,27.354619759661503,0.9776870064946417
5025000,10050.000001129954,-37989.431095577354,6138.525248766962,-31850.90584681039,275.43178069704845,27.341776129617728,0.9781462689123608
5030000,10060.000001131992,-37932.21063596214,6147.546195287936,-31784.664440674205,275.8365449137214,27.321273651179283,0.9788802911634485
5035000,10070.000001134029,-38085.342747689516,6291.799531979046,-31793.54321571047,282.3091017227538,27.616258922643343,0.9684243032894752
5040000,10080.000001136066,-37913.017654464275,6220.764416750406,-31692.25323771387,279.1218006224814,27.540277263634216,0.9710961168113328
5045000,10090.000001138103,-38183.92859905815,5999.042495464506,-32184.886103593642,269.1732769747839,27.123595460420784,0.9860144222268876
5050000,10100.00000114014,-37793.13986683894,6224.848663367824,-31568.29120347111,279.3050582084736,27.115165354139425,0.9863209741606769
5055000,10110.000001142178,-38288.57531943185,6264.610530352032,-32023.964789079822,281.08914825998875,27.311054815286933,0.9792465537307975
5060000,10120.000001144215,-38210.831999848124,5973.479244152677,-32237.352755695447,268.0262699097503,27.52329202371196,0.9716954019737838
5065000,10130.000001146253,-37915.856051299335,6113.556303981402,-31802.299747317935,274.3114397933771,27.31493798435212,0.9791073412629963
5070000,10140.00000114829,-37495.797166716075,5993.645492107087,-31502.151674608987,268.9311168166156,27.202511239252264,0.9831539474940685
5075000,10150.000001150327,-37687.7220128789,6316.796270471301,-31370.9257424076,283.4306897126252,27.006966010043794,0.990272520677685
5080000,10160.000001152364,-38113.28212877368,6039.480568200966,-32073.801560572712,270.9877079546023,27.477457586140783,0.9733162619860447
5085000,10170.000001154402,-38005.34829171895,6168.086461434597,-31837.261830284348,276.7581737824636,27.040847579813924,0.9890317316306054
5090000,10180.000001156439,-38317.686666230264,6378.314318100921,-31939.372348129342,286.190965954388,27.15874527693295,0.984738287204219
5095000,10190.000001158476,-38203.26570864803,6018.197348004944,-32185.06836064309,270.03274320329893,27.091580452518915,0.9871796277627652
5100000,10200.000001160513,-38395.749012294225,6019.042114598433,-32376.706897695793,270.07064735090586,27.07165488379584,0.9879062222616769
5105000,10210.00000116255,-38145.67708608303,6249.315894784446,-31896.361191298583,280.402887547721,27.501166068111036,0.9724771757090663
5110000,10220.000001164588,-38239.145454995145,6150.210537983309,-32088.934917011837,275.95609230063184,27.454445419796276,0.9741320903658991
5115000,10230.000001166625,-38465.623850056625,6041.0027874245525,-32424.62106263207,271.05600897713987,27.328618831616332,0.9786171950878959
5120000,10240.000001168662,-38101.581234483405,6175.84385624748,-31925.737378235925,277.1062432259038,27.022001239797522,0.9897215261478918
5125000,10250.0000011707,-38257.02403699203,6171.013152721208,-32086.01088427082,276.88949258624035,27.144915096969747,0.9852400057647687
5130000,10260.000001172737,-38172.97218244091,6224.58637693976,-31948.38580550115,279.2932895808299,26.950084331296782,0.9923626203857503
5135000,10270.000001174774,-37966.73181605934,6336.165406641689,-31630.566409417654,284.29977071331757,26.950097814049045,0.9923621239207855
5140000,10280.000001176812,-38484.5601833349,6017.50453851137,-32467.05564482353,270.0016572755287,27.489476617207213,0.9728907057430802
5145000,10290.000001178849,-38481.06147813615,6218.782885738456,-32262.278592397695,279.03289056786565,27.583685073350008,0.9695679252248136
5150000,10300.000001180886,-38658.00054005846,6201.835725622301,-32456.16481443616,278.2724821147949,27.204566585049495,0.9830796687391509
5155000,10310.000001182923,-38422.7907301455,6139.6290299585,-32283.161700186996,275.4813066673368,27.415651513589985,0.9755105142537086
5160000,10320.00000118496,-38317.237678936195,6111.689635095169,-32205.548043841027,274.2276835303544,27.43923411664121,0.974672113402863
5165000,10330.000001186998,-38077.18186851595,6236.4530854493405,-31840.72878306661,279.8257413543993,27.29155612377492,0.979946185015243
5170000,10340.000001189035,-38019.58338653826,6143.759371614572,-31875.824014923688,275.6666325088242,27.452411052310207,0.974204278657412
5175000,10350.000001191072,-38610.13558207796,5993.898953339397,-32616.23662873856,268.94248946325683,27.23126217010928,0.9821159276259617
5180000,10360.00000119311,-38274.93786318184,6297.193897547057,-31977.743965634785,282.5511435249645,27.46474351345589,0.9737668328677358
5185000,10370.000001195147,-38372.367199922664,6341.680185710111,-32030.687014212555,284.5472153938248,27.268016283265556,0.9807921496304679
5190000,10380.000001197184,-38635.27423659386,6224.752267185772,-32410.521969408088,279.30073297219957,27.15888139493312,0.9847333517798034
5195000,10390.000001199222,-38378.77645381652,6170.328707361965,-32208.447746454556,276.8587819519355,27.58489007272298,0.9695255712861586
5200000,10400.000001201259,-38359.39367102981,5846.514565802104,-32512.879105227705,262.32944436508853,27.38695259210658,0.9765327564897021
5205000,10410.000001203296,-38281.19855904432,6321.020814321853,-31960.177744722467,283.6202423475394,27.22296201094517,0.982415370372626
5210000,10420.000001205333,-38146.311644825226,6280.658455507519,-31865.65318931771,281.80920860395435,27.43795210463458,0.974717654022919
5215000,10430.00000120737,-38004.03044937276,6226.588698438567,-31777.441750934195,279.38313249156084,26.88370313155464,0.9948129606903621
5220000,10440.000001209408,-38337.547696392896,6246.294835588501,-32091.252860804394,280.2673345149958,27.43658258593651,0.974766307824767
5225000,10450.000001211445,-37904.8427302279,6108.726965670343,-31796.11576455756,274.09475041006453,26.867244661180507,0.9954223681620921
5230000,10460.000001213482,-38251.07690579939,6098.804793360696,-32152.272112438695,273.6495487570815,27.125829151407995,0.9859332283391028
5235000,10470.00000121552,-38100.85005576092,6331.619148622158,-31769.230907138764,284.09578296527025,26.86137340618775,0.9956399437290819
5240000,10480.000001217557,-38029.856009611845,6073.502978097999,-31956.353031513845,272.5142721637219,27.026476380103436,0.9895576445293264
5245000,10490.000001219594,-38089.495465941916,6156.078808543485,-31933.416657398433,276.2193979228293,27.04863710115677,0.9887469082676582
5250000,10500.000001221631,-37832.6238427022,6348.776319076465,-31483.847523625736,284.86561445059357,27.001102639110965,0.9904875613443912
5255000,10510.000001223669,-37969.224929416974,6112.095295639578,-31857.129633777397,274.2458852647413,27.08744542691884,0.9873303253633818
5260000,10520.000001225706,-38179.09026725414,6334.882113999864,-31844.20815325428,284.2421901767605,26.862354051391915,0.9956035965968081
5265000,10530.000001227743,-37764.20914066925,6164.569898559273,-31599.639242109977,276.600387810193,27.17532088934939,0.9841376451640833
5270000,10540.00000122978,-38368.29815119087,6000.540416978642,-32367.75773421223,269.24048777432665,27.263823636146558,0.9809429764343442
5275000,10550.000001231818,-37986.35481917819,6121.398242998866,-31864.95657617932,274.6633026822903,27.052282621641936,0.9886136663834466
5280000,10560.000001233855,-37749.581763300805,6058.971285409387,-31690.610477891416,271.8622442202723,27.446214758469942,0.9744242163072527
5285000,10570.000001235892,-37865.69681590713,6317.038034938823,-31548.65878096831,283.44153753276123,27.165971599761704,0.984476340498612
5290000,10580.00000123793,-38470.99643999609,6224.579129127021,-32246.417310869067,279.29296437601477,27.407796848765955,0.9757900809829886
5295000,10590.000001239967,-38022.26546147349,6198.232775947766,-31824.032685525726,278.11082002098533,27.02965781124814,0.9894411721147746
5300000,10600.000001242004,-37558.61883944521,6117.341042440772,-31441.27779700444,274.4812586360292,27.368906817427355,0.9771766364301049
5305000,10610.000001244041,-37997.32346798706,6243.225645064889,-31754.09782292217,280.1296218597637,27.27734494783956,0.9804567254534371
5310000,10620.000001246079,-38265.78327043645,5976.705857785555,-32289.07741265089,268.1710460412329,27.256704047928054,0.9811992036746504
5315000,10630.000001248116,-38212.10831747786,6345.466316542269,-31866.642000935593,284.7170967113713,26.910426568505855,0.9938250602806238
5320000,10640.000001250153,-38196.5385973065,6134.826494511579,-32061.712102794918,275.26581991174,27.22191905505072,0.982453009743284
5325000,10650.00000125219,-38312.3031107538,6383.775034920016,-31928.528075833783,286.4359848956504,27.088705438441128,0.9872844004080867
5330000,10660.000001254228,-38269.61889619585,6106.084770684134,-32163.534125511713,273.9761967769836,27.041444398644856,0.9890099031826451
5335000,10670.000001256265,-37773.28140596873,6108.503644021688,-31664.777761947043,274.0847301076524,27.094684430980664,0.9870665360487703
5340000,10680.000001258302,-38125.163713491806,6189.0815573010605,-31936.082156190743,277.7002105756765,27.619300967851263,0.9683176390942267
5345000,10690.00000126034,-37795.90077856576,6146.270220114227,-31649.630558451532,275.77929270737263,27.1919350442295,0.9835363413130146
5350000,10700.000001262377,-38107.512006335004,6077.417850472019,-32030.094155862986,272.68993003356525,27.073476784118004,0.9878397414517334
5355000,10710.000001264414,-38312.264753607,6120.6382420621685,-32191.626511544833,274.62920191657815,26.985580369024994,0.9910572958186452
5360000,10720.000001266451,-38749.1747931387,6208.915052553532,-32540.259740585167,278.5901270773529,27.311935696397494,0.9792149704771843
5365000,10730.000001268489,-38488.34340054738,6098.309401588936,-32390.033998958446,273.62732083876097,27.56955867164818,0.9700647233836837
5370000,10740.000001270526,-38737.92055153314,6195.606753932991,-32542.313797600153,277.9929920589965,27.269894982716583,0.9807245801119843
5375000,10750.000001272563,-38017.17848128746,6198.992135653183,-31818.186345634276,278.1448920150517,27.38474256474097,0.9766115654874552
5380000,10760.0000012746,-38397.243317565626,6173.0732905852465,-32224.17002698038,276.98192968104377,27.228793485677134,0.982204970656912
5385000,10770.000001276638,-37850.47404639621,6408.6723605037005,-31441.801685892508,287.55311229061977,27.20678574521125,0.9829994824482333
5390000,10780.000001278675,-38377.94468533456,6138.218791640675,-32239.72589369388,275.4180301578586,27.284892571354618,0.9801855087639384
5395000,10790.000001280712,-37955.34580722642,6249.644388163415,-31705.701419063003,280.41762683975776,27.001910692714517,0.990457920218164
5400000,10800.00000128275,-38308.418990394544,6111.3562439492325,-32197.062746445314,274.21272447858337,27.521173149291894,0.9717702134841858
5405000,10810.000001284787,-38287.199559221364,6038.319956744788,-32248.879602476576,270.9356320459568,27.698136235904318,0.9655615843189767
5410000,10820.000001286824,-38654.23205775532,6262.0021985784715,-32392.22985917685,280.9721140480362,27.24036613928662,0.9817876958728359
5415000,10830.000001288861,-38373.66539508325,6034.500474100953,-32339.164920982294,270.764254253523,27.07038754016199,0.987952472676813
5420000,10840.000001290899,-38533.62598415911,6291.231537972881,-32242.394446186227,282.2836161876776,26.840642104558935,0.9964089608005341
5425000,10850.000001292936,-38353.54939066401,6064.135006422129,-32289.41438424188,272.0939371458407,27.090467685973554,0.9872201770983017
5430000,10860.000001294973,-38334.65589373064,6264.301966907127,-32070.35392682351,281.0753032116027,27.11179692013683,0.9864435170196626
5435000,10870.00000129701,-38367.97974133583,6270.808397243143,-32097.17134409269,281.3672426629865,27.516759597743185,0.9719260805991156
5440000,10880.000001299048,-38033.46260336803,6138.982466310655,-31894.480137057377,275.45229576168066,27.350777827548157,0.9778243410571444
5445000,10890.000001301085,-37966.07153426325,6044.650507139863,-31921.421027123382,271.2196798746203,27.31207266319099,0.9792100598306619
5450000,10900.000001303122,-37970.63856900326,6168.985895378751,-31801.65267362451,276.798530819833,27.057322912523745,0.9884295055015878
5455000,10910.00000130516,-37943.63834750654,6445.764772785569,-31497.87357472097,289.21742558267573,27.3794860848787,0.9767990613013406
5460000,10920.000001307197,-38306.481244998875,6111.206871258578,-32195.274373740296,274.20602221957046,27.24428199173907,0.9816465823812843
5465000,10930.000001309234,-38068.92963780707,6257.929754708035,-31810.999883099037,280.78938604390385,27.17679958166576,0.9840840981388059
5470000,10940.000001311271,-38019.37930228403,6199.7956210627835,-31819.58368122125,278.1809439018099,27.304797354257097,0.9794709684030278
5475000,10950.000001313309,-37923.74212823954,6101.483689200075,-31822.258439039462,273.7697491344426,27.345515230740734,0.9780125216495393
5480000,10960.000001315346,-37839.79508094342,6130.215676896486,-31709.579404046934,275.0589354151014,27.37924494003911,0.9768076645354131
5485000,10970.000001317383,-38056.32436860269,6371.044973731129,-31685.279394871563,285.86479502845197,27.334494393943192,0.9784068408650959
5490000,10980.00000131942,-38294.32676129298,6290.897042214266,-32003.42971907871,282.26860757262796,27.478784744376675,0.9732692531861562
5495000,10990.000001321458,-38220.730044245196,6208.706310459264,-32012.023733785933,278.5807609504086,27.690419366299544,0.9658306706315747
5500000,11000.000001323495,-37927.59263570564,6090.696334064341,-31836.896301641296,273.2857272702915,27.457921465994293,0.9740087697367948
