#"Step","Time (ps)","Potential Energy (kJ/mole)","Kinetic Energy (kJ/mole)","Total Energy (kJ/mole)","Temperature (K)"
505000,1009.9999999899404,-38194.88543498462,6223.629690276248,-31971.255744708375,279.25036364982503
510000,1019.999999989704,-38078.395404963776,6197.400416334451,-31880.994988629325,278.07347256680293
515000,1029.9999999894676,-38271.31177873277,6304.168362613382,-31967.14341611939,282.8640834013645
520000,1039.9999999892311,-38438.605947268494,6114.696487443791,-32323.909459824703,274.36259911074404
525000,1049.9999999889947,-37831.132287045795,6083.5555770719775,-31747.57670997382,272.9653259793908
530000,1059.9999999887582,-37613.57115584619,6239.442722401157,-31374.128433445036,279.95988449072377
535000,1069.9999999885217,-37851.7384507178,6218.747279816451,-31632.991170901347,279.0312929524607
540000,1079.9999999882853,-37874.879434201604,6318.97254412535,-31555.906890076254,283.5283377475404
545000,1089.9999999880488,-37910.48797832146,6210.19778459667,-31700.290193724788,278.64768246019827
550000,1099.9999999878123,-37831.08391182883,6121.247358557127,-31709.8365532717,274.65653259195363
555000,1109.9999999875758,-38306.88729847932,6044.693248000899,-32262.19405047842,271.22159763026787
560000,1119.9999999873394,-38171.89051044677,6203.690210663686,-31968.200299783086,278.35569169633527
565000,1129.999999987103,-38606.713039549904,6297.983452394781,-32308.729587155125,282.586570356142
570000,1139.9999999868664,-38300.38741300099,6360.239195623467,-31940.148217377526,285.37994653709677
575000,1149.99999998663,-38213.581332380294,6304.476895950646,-31909.104436429647,282.87792709883956
580000,1159.9999999863935,-37491.51786388827,6091.05056822551,-31400.467295662762,273.301621535093
585000,1169.999999986157,-38128.716956328964,6203.946244982053,-31924.77071134691,278.36717979573535
590000,1179.9999999859206,-37927.88534461956,6124.330544473834,-31803.55480014572,274.79487321170257
595000,1189.999999985684,-38272.08977375465,6314.952554242972,-31957.137219511675,283.34796332097756
600000,1199.9999999854476,-38220.49969544651,6172.350829605175,-32048.148865841336,276.949513309658
605000,1209.9999999852112,-38302.41018481569,6203.131435460482,-32099.27874935521,278.33061980317024
610000,1219.9999999849747,-38311.578071561584,6237.409389828594,-32074.16868173299,279.8686501325491
615000,1229.9999999847382,-37909.49965958297,6533.4663079248185,-31376.033351658152,293.1525384989451
620000,1239.9999999845018,-37834.34260965313,6268.007849933918,-31566.334759719215,281.24158386041637
625000,1249.9999999842653,-37819.968281703936,6146.167343377887,-31673.80093832605,275.77467669268924
630000,1259.9999999840288,-37687.74418086759,5949.96202035329,-31737.782160514296,266.9710668168873
635000,1269.9999999837923,-38004.209581051786,6095.699463344767,-31908.510117707017,273.51021454547896
640000,1279.9999999835559,-37910.14061321056,6141.7450007431835,-31768.39561246738,275.5762489502973
645000,1289.9999999833194,-37789.58615828344,6314.135110097317,-31475.45104818612,283.3112851144811
650000,1299.999999983083,-38210.86023946457,6109.434671967432,-32101.42556749714,274.1265047480722
655000,1309.9999999828465,-38606.86307275022,6229.405263510951,-32377.457809239266,279.50951000112497
660000,1319.99999998261,-37867.800289404324,6265.621997944087,-31602.178291460237,281.1345321769244
665000,1329.9999999823735,-38133.058443158836,6275.182300158063,-31857.876143000773,281.56349694551045
670000,1339.999999982137,-38300.78725772551,6058.230911439081,-32242.55634628643,271.82902410424134
675000,1349.9999999819006,-37675.82099061673,6315.9249127819285,-31359.896077834805,283.3915924392116
680000,1359.9999999816641,-38177.18573593571,5859.781580917045,-32317.404155018663,262.92472701842246
685000,1369.9999999814277,-37907.61362046543,6114.068784544562,-31793.54483592087,274.3344344750576
690000,1379.9999999811912,-37516.70568005301,6294.991141990339,-31221.71453806267,282.4523072636738
695000,1389.9999999809547,-38260.569890046754,6189.168020226636,-32071.401869820118,277.70409011295794
700000,1399.9999999807183,-38177.599662701665,6181.269956320571,-31996.329706381093,277.3497089354685
705000,1409.9999999804818,-38345.28694316835,6180.782415023032,-32164.50452814532,277.3278332630061
710000,1419.9999999802453,-38616.296738676196,6254.225813115518,-32362.070925560678,280.6231925060293
715000,1429.9999999800089,-38150.0319921256,6191.225713636978,-31958.806278488624,277.796417526656
720000,1439.9999999797724,-38244.50626892185,6156.922705477504,-32087.583563444343,276.2572630493608
725000,1449.999999979536,-38051.452188408715,5995.766935864177,-32055.68525254454,269.0263046684178
730000,1459.9999999792994,-38458.998529291785,6013.329462578539,-32445.669066713246,269.81432423507965
735000,1469.999999979063,-37772.423223510144,6007.613357388855,-31764.80986612129,269.55784617768916
740000,1479.9999999788265,-37988.624635992426,6202.07771133272,-31786.546924659706,278.28333986196105
745000,1489.99999997859,-38366.56087317965,6202.732064868028,-32163.828808311624,278.3127002949855
750000,1499.9999999783536,-38186.45827250563,6432.353657463491,-31754.10461504214,288.61567724336
755000,1509.999999978117,-38263.90572007104,6328.195574522437,-31935.7101455486,283.942169341082
760000,1519.9999999778806,-38113.91432065852,6193.5622576388305,-31920.35206301969,277.90125679163043
765000,1529.9999999776442,-38639.73208432177,6417.772199748564,-32221.959884573203,287.96141637436904
770000,1539.9999999774077,-38296.04943965357,6341.041850468764,-31955.00758918481,284.51857369161115
775000,1549.9999999771712,-38240.87200385101,6078.3059169423195,-32162.566086908686,272.72977701950725
780000,1559.9999999769348,-38054.53503356905,6118.309102453343,-31936.22593111571,274.52469488207834
785000,1569.9999999766983,-37919.58368054064,6173.474468491937,-31746.10921204871,276.9999302822856
790000,1579.9999999764618,-38246.39413126254,6212.7860439540145,-32033.608087308523,278.76381603541523
795000,1589.9999999762254,-37952.00181552545,6131.792808383929,-31820.209007141522,275.1297003165029
800000,1599.9999999759889,-38395.987030770164,6203.511146804464,-32192.4758839657,278.3476572131972
805000,1609.9999999757524,-38289.83922591453,6203.822806741677,-32086.016419172855,278.36164119925246
810000,1619.999999975516,-38225.792545091594,6202.343081832376,-32023.449463259218,278.2952468699642
815000,1629.9999999752795,-38105.544174910974,5930.2898465536655,-32175.25432835731,266.0883887076947
820000,1639.999999975043,-38114.21982431308,6284.8096522238875,-31829.41017208919,281.9954701989267
825000,1649.9999999748065,-38125.41771102351,6237.407966011939,-31888.00974501157,279.86858624678814
830000,1659.99999997457,-38246.517855146216,6285.1013457833,-31961.416509362916,282.0085583061236
835000,1669.9999999743336,-37843.35504703629,5985.398038613833,-31857.957008422458,268.5610587473229
840000,1679.9999999740971,-38502.26079936796,6047.98740671473,-32454.27339265323,271.3694044672001
845000,1689.9999999738607,-38300.31396311728,6352.967051984112,-31947.34691113317,285.0536500096899
850000,1699.9999999736242,-38368.88194787614,6143.6599115500685,-32225.222036326075,275.6621697980648
855000,1709.9999999733877,-38292.35341489507,6385.301272479939,-31907.05214241513,286.50446621842104
860000,1719.9999999731513,-37966.164234851254,6201.51724121945,-31764.646993631803,278.2581919192436
865000,1729.9999999729148,-38310.89353238767,6197.161939014494,-32113.731593373177,278.062772238918
870000,1739.9999999726783,-37916.21089753359,6118.063970920519,-31798.146926613066,274.51369598383246
875000,1749.9999999724419,-38122.74526785569,6350.570083763548,-31772.17518409214,284.9460995478917
880000,1759.9999999722054,-38515.314472982136,6216.576321575798,-32298.738151406338,278.93388341681333
885000,1769.999999971969,-37993.01928130991,6076.153451493856,-31916.86582981606,272.63319724385536
890000,1779.9999999717324,-38721.828734195544,6110.146571333088,-32611.682162862457,274.1584472264385
895000,1789.999999971496,-37961.06036725886,6492.93192627225,-31468.128440986613,291.33378619842085
900000,1799.9999999712595,-38360.652062705456,6173.449942316636,-32187.20212038882,276.99882980817125
905000,1809.999999971023,-38158.2037981624,6126.798135970748,-32031.405662191653,274.90559249564853
910000,1819.9999999707866,-38060.90050747084,6007.968239161872,-32052.93226830897,269.5737695004284
915000,1829.99999997055,-37998.534384192084,6318.98217943658,-31679.552204755506,283.5287700779165
920000,1839.9999999703136,-37967.89241379824,6149.346516494641,-31818.5458973036,275.9173241979459
925000,1849.9999999700772,-38187.54777155127,6112.413048922092,-32075.134722629176,274.26014265538123
930000,1859.9999999698407,-38335.69178281244,6009.72407332003,-32325.96770949241,269.65255267866604
935000,1869.9999999696042,-38466.039644607474,6186.511886319421,-32279.52775828805,277.58491104922746
940000,1879.9999999693678,-38152.58161736495,6133.976059161,-32018.60555820395,275.2276614105552
945000,1889.9999999691313,-38076.781616077016,6199.80666149419,-31876.974954582827,278.18143927904765
950000,1899.9999999688948,-37959.56517592285,6345.603649647835,-31613.961526275016,284.7232587617469
955000,1909.9999999686584,-38080.59188102495,6160.068113009866,-31920.523768015082,276.3983955140078
960000,1919.999999968422,-38401.304257583026,5972.255650706564,-32429.048606876462,267.9713680386893
965000,1929.9999999681854,-38249.528185151205,5974.934164704291,-32274.594020446915,268.09155128305474
970000,1939.999999967949,-37955.57482336766,6153.516343088167,-31802.05848027949,276.1044217038303
975000,1949.9999999677125,-37522.214221112794,6217.1624971174515,-31305.05172399534,278.9601847459919
980000,1959.999999967476,-37830.59650737705,6263.715297439915,-31566.881209937135,281.0489797202939
985000,1969.9999999672395,-37759.83173012381,6389.977621673158,-31369.854108450654,286.7142910758993
990000,1979.999999967003,-38029.5762202832,6222.6013096454,-31806.974910637797,279.20422085543873
995000,1989.9999999667666,-38270.83545282979,6053.793200492791,-32217.042252337003,271.62990679534033
1000000,1999.9999999665301,-38435.58361621418,6139.951881586558,-32295.63173462762,275.49579281754603
1005000,2009.9999999662937,-38023.885901135545,6143.075059741399,-31880.810841394145,275.63592786395566
1010000,2019.9999999660572,-37969.306939410715,6083.675789464862,-31885.631149945853,272.9707198341184
1015000,2029.9999999658207,-38167.81556453128,6136.404928707947,-32031.410635823333,275.3366432648745
1020000,2039.9999999655843,-38271.61973623559,6360.302271548622,-31911.317464686967,285.3827767143267
1025000,2049.999999965348,-38414.54017449373,5988.506750753732,-32426.033423740002,268.70054471270834
1030000,2059.9999999651113,-37908.71095838193,6161.934101839073,-31746.77685654286,276.482121263298
1035000,2069.999999964875,-37780.72127158933,6178.520759213066,-31602.200512376265,277.22635418426677
1040000,2079.9999999646384,-37642.506331053184,6113.097061835422,-31529.409269217762,274.29083388610906
1045000,2089.999999964402,-38345.431511172006,6085.136761356773,-32260.294749815235,273.0362727272695
1050000,2099.9999999641655,-38208.378915022535,6263.811742577105,-31944.56717244543,281.0533071531543
1055000,2109.999999963929,-38179.04720989816,6215.456428976509,-31963.59078092165,278.88363453775673
1060000,2119.9999999636925,-38300.47712441166,6254.921816079207,-32045.55530833245,280.6544217228021
1065000,2129.999999963456,-37875.33424601106,6057.447216515272,-31817.887029495785,271.79386020417735
1070000,2139.9999999632196,-38388.16065505398,6243.387806804482,-32144.772848249497,280.1368979553872
1075000,2149.999999962983,-38371.69826621345,6154.245892793593,-32217.452373419852,276.13715614188004
1080000,2159.9999999627466,-38089.1033372291,6220.747825542733,-31868.355511686364,279.1210561853914
1085000,2169.99999996251,-37994.16762375645,6413.433177232411,-31580.734446524042,287.766727153477
1090000,2179.9999999622737,-38441.05748973163,6149.899508075943,-32291.15798165569,275.942136583621
1095000,2189.9999999620372,-38034.85117176241,6013.214953831202,-32021.636217931213,269.80918629935303
1100000,2199.9999999618008,-38157.88804515251,6118.255811312486,-32039.632233840024,274.5223037419874
1105000,2209.9999999615643,-38207.14776553829,6031.108245792333,-32176.03951974596,270.612047095336
1110000,2219.999999961328,-37859.24721613963,6178.22380183118,-31681.02341430845,277.2130298926545
1115000,2229.9999999610914,-38016.09174414515,6189.986386192689,-31826.105357952463,277.7408096809579
1120000,2239.999999960855,-37858.51411856666,6238.453623915117,-31620.06049465154,279.9155042615556
1125000,2249.9999999606184,-37782.22839457156,6091.0563366466295,-31691.17205792493,273.30188036053335
1130000,2259.999999960382,-38127.449119653465,5962.337250525992,-32165.111869127475,267.5263356387738
1135000,2269.9999999601455,-37759.83378529936,6091.649175197405,-31668.18461010195,273.3284806547553
1140000,2279.999999959909,-38141.11494663468,6222.579739275719,-31918.535207358964,279.20325300647005
1145000,2289.9999999596726,-38202.025731315036,6056.30751572464,-32145.718215590394,271.74272254398954
1150000,2299.999999959436,-38396.18451764358,6125.891965260251,-32270.292552383333,274.8649331837955
1155000,2309.9999999591996,-38351.75662761897,6201.441773634453,-32150.314853984513,278.2548057360029
1160000,2319.999999958963,-37899.23662262874,6387.586325355428,-31511.650297273314,286.60699510882665
1165000,2329.9999999587267,-38114.03260079645,6010.333614871817,-32103.69898592463,269.6799024260751
1170000,2339.99999995849,-37779.229315026474,6199.284949299641,-31579.944365726835,278.1580303798524
1175000,2349.9999999582537,-38323.47700921699,6267.448724048623,-32056.02828516837,281.2164962323657
1180000,2359.9999999580173,-37989.291827815316,6199.599297813815,-31789.6925300015,278.17213500067083
1185000,2369.999999957781,-37720.776840406535,6270.800313791797,-31449.976526614737,281.3668799635907
1190000,2379.9999999575443,-37534.449077061436,6229.985294332086,-31304.463782729348,279.535535620545
1195000,2389.999999957308,-38404.66447029125,6292.330981200224,-32112.333489091026,282.33294751623134
1200000,2399.9999999570714,-38369.463201560764,5966.088829901704,-32403.37437165906,267.6946666541241
1205000,2409.999999956835,-38004.07777233772,6371.592952027028,-31632.48482031069,285.88938247115306
1210000,2419.9999999565985,-38342.86033486108,6190.189856012601,-32152.67047884848,277.74993924425615
1215000,2429.999999956362,-37970.68879545781,6131.784690672441,-31838.90410478537,275.1293360798761
1220000,2439.9999999561255,-38065.70914667145,6348.160442778444,-31717.548703893004,284.8379804670912
1225000,2449.999999955889,-38006.367573938944,6120.72470043103,-31885.642873507913,274.63308124940266
1230000,2459.9999999556526,-38041.77055219453,6166.623616156285,-31875.146936038247,276.6925368316388
1235000,2469.999999955416,-38038.48421625663,6107.395832013578,-31931.08838424305,274.03502327715063
1240000,2479.9999999551796,-38251.65104132453,6181.950672958753,-32069.700368365775,277.3802522643963
1245000,2489.999999954943,-38279.65272662114,6103.824939478693,-32175.82778714245,273.8747995671058
1250000,2499.9999999547067,-38313.91432962768,6207.570397706176,-32106.343931921507,278.52979325709134
1255000,2509.9999999544702,-38292.29800400714,6060.787887207252,-32231.510116799887,271.9437540044186
1260000,2519.9999999542338,-38249.07272457954,6193.942446973217,-32055.130277606324,277.91831564878714
1265000,2529.9999999539973,-38212.67626522344,6053.787998329846,-32158.88826689359,271.62967337754935
1270000,2539.999999953761,-38317.52430402454,6097.638205338117,-32219.886098686424,273.5972046836474
1275000,2549.9999999535244,-37791.99231162941,5980.039154562321,-31811.953157067088,268.32060897851994
1280000,2559.999999953288,-37842.101156449724,6397.74968625931,-31444.351470190413,287.06301874287215
1285000,2569.9999999530514,-38211.31452555719,6174.503333002423,-32036.811192554764,277.046094788048
1290000,2579.999999952815,-38481.91365596141,6385.316072739601,-32096.59758322181,286.50513029679627
1295000,2589.9999999525785,-38498.0363395647,6180.363048471712,-32317.673291092986,277.3090165486791
1300000,2599.999999952342,-38104.7089546888,6128.7992546820105,-31975.909700006792,274.99538143805614
1305000,2609.9999999521056,-38029.80428357992,6218.336870123788,-31811.467413456132,279.0128781267681
1310000,2619.999999951869,-38145.06851395247,6188.637014906682,-31956.43149904579,277.68026423705004
1315000,2629.9999999516326,-38615.164326007594,6209.059679238936,-32406.104646768657,278.5966163860847
1320000,2639.999999951396,-38435.41878977917,6134.4437622698315,-32300.97502750934,275.2486469559236
1325000,2649.9999999511597,-37980.39512523313,6037.4045790216005,-31942.99054621153,270.8945596212147
1330000,2659.999999950923,-38324.185954676184,5996.9518167353945,-32327.234137940788,269.0794695305056
1335000,2669.9999999506867,-37972.826922548586,6033.6584163360685,-31939.168506212518,270.72647164935785
1340000,2679.9999999504503,-38061.32026369985,6190.269052068776,-31871.05121163107,277.753492721662
1345000,2689.999999950214,-37821.46506775519,5883.653639457378,-31937.811428297813,263.99585132372505
1350000,2699.9999999499773,-37982.372241364035,6057.972296491087,-31924.39994487295,271.8174202136073
1355000,2709.999999949741,-38218.57678395772,6053.340795776213,-32165.235988181503,271.60960767924433
1360000,2719.9999999495044,-38303.55561079996,6062.887785566843,-32240.667825233115,272.03797512773826
1365000,2729.999999949268,-38439.10962108933,5950.885511267656,-32488.224109821676,267.01250327543283
1370000,2739.9999999490315,-38597.351545373516,6357.908749305834,-32239.442796067684,285.27538087139175
1375000,2749.999999948795,-37991.242840490915,6034.988063900191,-31956.254776590722,270.7861321022263
1380000,2759.9999999485585,-38202.43914647781,6014.590075294511,-32187.8490711833,269.87088713757794
1385000,2769.999999948322,-38328.017145131875,6326.727972271639,-32001.289172860234,283.8763189478832
1390000,2779.9999999480856,-38011.51326164167,6203.060042458373,-31808.453219183295,278.32741644390995
1395000,2789.999999947849,-37674.69805071583,6426.1983951940365,-31248.499655521795,288.3394944830343
1400000,2799.9999999476127,-38101.43276491614,6178.804381999797,-31922.628382916344,277.23908016095174
1405000,2809.999999947376,-38371.98280299561,6306.009764215785,-32065.973038779826,282.9467059371976
1410000,2819.9999999471397,-38269.31829302036,6315.3561723767725,-31953.96212064359,283.36607341368045
1415000,2829.9999999469032,-37959.81997293428,6158.688914034774,-31801.131058899507,276.3365117203847
1420000,2839.999999946667,-38187.69651983294,6384.756990714008,-31802.939529118936,286.480044636703
1425000,2849.9999999464303,-38176.91138477834,6011.271854036984,-32165.639530741355,269.72200062939083
1430000,2859.999999946194,-38014.95019706334,6071.4572508014935,-31943.49294626185,272.42248166205206
1435000,2869.9999999459574,-37439.518353718304,6253.002969811423,-31186.51538390688,280.5683242933706
1440000,2879.999999945721,-37585.10696764278,6016.900389723825,-31568.206577918954,269.9745494980715
1445000,2889.9999999454844,-38167.82523455283,6103.788744829239,-32064.036489723592,273.87317553586917
1450000,2899.999999945248,-37905.33159624663,6254.217925552972,-31651.11367069366,280.6228385960413
1455000,2909.9999999450115,-38417.69440759976,6333.1506825217075,-32084.543725078052,284.1645019314805
1460000,2919.999999944775,-38222.556653800624,6360.350332435146,-31862.206321365476,285.3849331761837
1465000,2929.9999999445386,-38357.95836331584,6076.683619408166,-32281.274743907674,272.6569855458969
1470000,2939.999999944302,-38264.18646671077,6227.446131154111,-32036.740335556664,279.4216049601261
1475000,2949.9999999440656,-37771.7181158966,6142.0873973887965,-31629.6307185078,275.5916120731947
1480000,2959.999999943829,-38334.43887035399,6042.131084991643,-32292.307785362347,271.10663498183413
1485000,2969.9999999435927,-38458.32921848325,6194.306910473394,-32264.02230800986,277.9346688976189
1490000,2979.999999943356,-38365.40099960215,6258.024120339362,-32107.37687926279,280.79362017063943
1495000,2989.9999999431197,-38229.45911986602,6334.433009763894,-31895.026110102124,284.2220391511609
1500000,2999.9999999428833,-37675.0367896378,6106.590065420331,-31568.446724217472,273.99886903511197
1505000,3009.999999942647,-37952.90737474224,6439.937993697876,-31512.96938104436,288.9559816568445
1510000,3019.9999999424103,-38022.86258988238,6321.618581129069,-31701.24400875331,283.64706376953905
1515000,3029.999999942174,-38410.55682827842,6226.882195181766,-32183.674633096656,279.3963015064841
1520000,3039.9999999419374,-38182.21363141895,6362.415822339606,-31819.79780907934,285.4776104136866
1525000,3049.999999941701,-37887.57320672079,6215.422954487349,-31672.150252233438,278.88213255840765
1530000,3059.9999999414645,-38120.0171052599,6194.327865444987,-31925.689239814918,277.9356091340611
1535000,3069.999999941228,-37716.05470797003,6208.514199997783,-31507.54050797225,278.5721410744039
1540000,3079.9999999409915,-37832.46570497078,6071.354620175791,-31761.11108479499,272.4178766901988
1545000,3089.999999940755,-38080.71041666622,5875.432831000444,-32205.277585665775,263.6269888005127
1550000,3099.9999999405186,-38120.67046311345,6142.651490391794,-31978.018972721657,275.61692257270363
1555000,3109.999999940282,-38198.18748272053,6127.596883239936,-32070.590599480594,274.9414317850159
1560000,3119.9999999400457,-38318.61557569444,6264.286537507488,-32054.329038186956,281.074610904111
1565000,3129.999999939809,-38021.93373486789,6168.413462431862,-31853.520272436028,276.7728461122686
1570000,3139.9999999395727,-37584.849837423404,6108.202472575636,-31476.64736484777,274.0712167336221
1575000,3149.9999999393362,-38203.808545121756,6326.7018754987275,-31877.106669623026,283.87514800203826
1580000,3159.9999999391,-38041.3517047959,6281.844267179463,-31759.50743761644,281.86241523048744
1585000,3169.9999999388633,-37840.475450458194,6192.820636110886,-31647.65481434731,277.8679806984701
1590000,3179.999999938627,-37827.558816316996,6159.281812697617,-31668.27700361938,276.36311471179744
1595000,3189.9999999383904,-38146.6499075602,6077.847260915814,-32068.802646644384,272.7091974110527
1600000,3199.999999938154,-38131.3308698256,6320.224440874843,-31811.106428950756,283.58450957008534
1605000,3209.9999999379174,-38026.83575884688,6165.682394514547,-31861.15336433233,276.6503048064685
1610000,3219.999999937681,-38092.82380415917,6324.135569145319,-31768.688235013848,283.7599994443492
1615000,3229.9999999374445,-38053.95302876756,5955.84588816197,-32098.10714060559,267.23507227784984
1620000,3239.999999937208,-38278.990263536514,6051.294944287711,-32227.695319248804,271.5178116051575
1625000,3249.9999999369716,-38046.20360331288,6428.807117307977,-31617.396486004905,288.4565462093151
1630000,3259.999999936735,-38352.2413753187,6173.632665271732,-32178.608710046967,277.0070284726479
1635000,3269.9999999364986,-37974.80876362196,6077.874817783611,-31896.933945838347,272.71043387044
1640000,3279.999999936262,-37958.639070650235,6273.496401665526,-31685.14266898471,281.4878517367582
1645000,3289.9999999360257,-38195.97960599069,6270.852176692559,-31925.12742929813,281.3692070194437
1650000,3299.999999935789,-38085.40501452148,6321.826329424068,-31763.57868509741,283.656385305333
1655000,3309.9999999355528,-38005.74193611872,6361.414606813132,-31644.32732930559,285.4326865005083
1660000,3319.9999999353163,-38622.06057027846,6167.336311359324,-32454.724258919137,276.72451501872973
1665000,3329.99999993508,-37794.20671746615,6323.540418702156,-31470.666298763994,283.7332954169648
1670000,3339.9999999348433,-38482.4711118715,6204.4299713193905,-32278.041140552108,278.38888429332445
1675000,3349.999999934607,-38123.28382387944,6258.0472304434625,-31865.23659343598,280.7946571065266
1680000,3359.9999999343704,-38032.9677686996,6145.585051051434,-31887.382717648165,275.74854960094297
1685000,3369.999999934134,-37934.82123117252,6122.864678235489,-31811.956552937034,274.72910071229444
1690000,3379.9999999338975,-38203.217470003394,6307.368394241626,-31895.84907576177,283.007666814959
1695000,3389.999999933661,-37857.129826453245,6215.666231812266,-31641.46359464098,278.89304825950677
1700000,3399.9999999334245,-38126.882685452954,6303.816624826516,-31823.06606062644,282.84830114731346
1705000,3409.999999933188,-38414.20372262091,6273.767050609809,-32140.4366720111,281.4999955852636
1710000,3419.9999999329516,-38057.59670407954,6128.10083127363,-31929.495872805906,274.964043617447
1715000,3429.999999932715,-38175.66891837627,6016.768965556657,-32158.899952819615,269.9686525780585
1720000,3439.9999999324787,-38521.20843948584,6061.369007240384,-32459.839432245455,271.9698284960982
1725000,3449.999999932242,-37916.56885612442,6243.796196392283,-31672.772659732134,280.15522214024065
1730000,3459.9999999320057,-38181.440519961936,6258.917476824303,-31922.523043137633,280.8337045162229
1735000,3469.9999999317693,-38345.6966912392,6239.74389520013,-32105.95279603907,279.9733979254588
1740000,3479.999999931533,-37916.04300225199,6246.865081609221,-31669.177920642767,280.29292109655364
1745000,3489.9999999312963,-38649.413057194964,6273.447870146698,-32375.965187048267,281.4856741579247
1750000,3499.99999993106,-38054.63198194796,6067.924842275312,-31986.70713967265,272.26398470535855
1755000,3509.9999999308234,-38332.99712799805,6246.584644935007,-32086.412483063046,280.28033807874056
1760000,3519.999999930587,-38127.55238103189,6260.5808234656015,-31866.971557566292,280.9083378375441
1765000,3529.9999999303504,-38338.262993471966,6332.161207849656,-32006.10178562231,284.1201048230818
1770000,3539.999999930114,-37640.29783191172,6413.212297750909,-31227.085534160808,287.7568164295744
1775000,3549.9999999298775,-38011.85031000506,6135.6309559777965,-31876.219354027264,275.30191559354677
1780000,3559.999999929641,-38514.06447074378,6059.270003542408,-32454.794467201376,271.8756475156845
1785000,3569.9999999294046,-38375.52768815989,6107.954820189846,-32267.572867970044,274.06010472628356
1790000,3579.999999929168,-38076.33668510793,6189.557924955609,-31886.778760152323,277.7215848937809
1795000,3589.9999999289316,-38050.70200000453,6119.920866931041,-31930.78113307349,274.597013744047
1800000,3599.999999928695,-37758.37850864204,6360.8099318735285,-31397.56857676851,285.4055551149379
1805000,3609.9999999284587,-37857.26108649902,6101.609190935454,-31755.651895563566,273.77538031865294
1810000,3619.999999928222,-38120.43862249771,6270.925824748685,-31849.512797749027,281.37251156156447
1815000,3629.9999999279858,-38281.05069294037,6325.199766114749,-31955.850926825624,283.8077492954004
1820000,3639.9999999277493,-38329.434607297146,6195.692355589561,-32133.742251707583,277.99683295167745
1825000,3649.999999927513,-38582.58629879181,6247.339981161445,-32335.246317630365,280.3142295418268
1830000,3659.9999999272763,-38326.9117286954,6207.566216307982,-32119.345512387416,278.529605640375
1835000,3669.99999992704,-38197.96015616918,6082.104493692581,-32115.8556624766,272.9002167775988
1840000,3679.9999999268034,-37517.2300141659,6168.287220957389,-31348.94279320851,276.76718173642865
1845000,3689.999999926567,-37680.990119370086,6454.18554712903,-31226.804572241057,289.5952604498913
1850000,3699.9999999263305,-37955.91361545943,6485.346872596288,-31470.566742863142,290.99344959378243
1855000,3709.999999926094,-37867.23070658437,6252.270744318301,-31614.959962266068,280.5354697944039
1860000,3719.9999999258575,-38316.33459235976,6326.693337205565,-31989.641255154194,283.8747648941753
1865000,3729.999999925621,-38289.40305268533,6181.271664009248,-32108.131388676084,277.34978555838916
1870000,3739.9999999253846,-37861.78522550867,6236.742842921195,-31625.042382587475,279.8387425905609
1875000,3749.999999925148,-38111.52700054926,6191.055885733593,-31920.471114815664,277.7887974550678
1880000,3759.9999999249117,-38005.71573595613,6198.287878940453,-31807.42785701568,278.1132924577323
1885000,3769.999999924675,-37499.93454357976,6150.151806540509,-31349.782737039248,275.95345705760235
1890000,3779.9999999244387,-37951.75017209058,6389.1116386127205,-31562.638533477857,286.6754349587175
1895000,3789.9999999242023,-38006.86955470193,5988.740376624615,-32018.129178077317,268.7110273591138
1900000,3799.999999923966,-37832.61989839909,6141.017662496606,-31691.602235902486,275.5436137390201
1905000,3809.9999999237293,-38427.71156182282,6219.930962317319,-32207.780599505502,279.08440404442206
1910000,3819.999999923493,-38349.82498862085,6117.613633734311,-32232.211354886538,274.4934896365284
1915000,3829.9999999232564,-38469.57104478451,6084.8845304076,-32384.68651437691,273.0249552826615
1920000,3839.99999992302,-38324.75739985396,6262.028218757918,-32062.72918109604,280.9732815571802
1925000,3849.9999999227834,-38467.129294335886,6329.678843056412,-32137.450451279474,284.0087226705884
1930000,3859.999999922547,-38172.82547148936,6287.151047265232,-31885.674424224133,282.10052712700275
1935000,3869.9999999223105,-38323.80444490529,6126.494807359508,-32197.309637545783,274.8919823309682
1940000,3879.999999922074,-38090.159431005784,6217.736599413456,-31872.42283159233,278.98594435620487
1945000,3889.9999999218376,-38179.644449334155,5896.216867368848,-32283.427581965305,264.5595554863257
1950000,3899.999999921601,-38288.28021601979,5865.921482718241,-32422.35873330155,263.2002205641643
1955000,3909.9999999213646,-38130.03968308772,6108.608637940781,-32021.431045146943,274.089441118999
1960000,3919.999999921128,-38256.415843252165,6108.904854953177,-32147.51098829899,274.10273219069626
1965000,3929.9999999208917,-38499.14426831882,5905.774948596397,-32593.369319722424,264.98842060064277
1970000,3939.9999999206552,-38120.76564890788,6029.006607430609,-32091.75904147727,270.51774789921114
1975000,3949.9999999204188,-38023.36628662203,6091.41076064783,-31931.955525974205,273.3177831433381
1980000,3959.9999999201823,-38308.67307709864,6018.239095562425,-32290.433981536215,270.03461639003854
1985000,3969.999999919946,-37911.09298320497,6031.28280948433,-31879.810173720645,270.6198796587911
1990000,3979.9999999197094,-38123.19648759067,6277.17594217564,-31846.02054541503,281.6529504133583
1995000,3989.999999919473,-38130.223410666025,6115.994256773909,-32014.229153892116,274.4208292072318
2000000,3999.9999999192364,-38699.950869103945,6099.521053814938,-32600.429815289008,273.68168691475944
2005000,4009.999999919,-38024.703026832154,6070.318297634092,-31954.384729198064,272.3713775472501
2010000,4019.9999999187635,-38068.71615453116,6255.671940228562,-31813.0442143026,280.6880793232563
2015000,4029.999999918527,-37987.717041273056,6140.53744678721,-31847.179594485846,275.52206676110643
2020000,4039.9999999182905,-38283.89043787928,6070.886053985201,-32213.004383894076,272.3968524188928
2025000,4049.999999918054,-38146.65314279152,6030.913537953889,-32115.73960483763,270.6033106766548
2030000,4059.9999999178176,-38114.97338737401,6190.499799977289,-31924.473587396722,277.76384623569965
2035000,4069.999999917581,-37855.70227430957,6151.312438403937,-31704.389835905637,276.0055338819083
2040000,4079.9999999173447,-37961.60119462712,6046.40632621483,-31915.194868412287,271.2984623760846
2045000,4089.999999917108,-38348.97571244706,6329.075256646933,-32019.900455800132,283.98164012668246
2050000,4099.999999917781,-38394.818703657766,6262.01126124825,-32132.807442409518,280.97252068434926
2055000,4109.999999919818,-38296.48054414394,6336.803888485341,-31959.676655658597,284.3284189934848
2060000,4119.999999921855,-38446.19922842312,6346.61566934638,-32099.58355907674,284.76866745135464
2065000,4129.999999923893,-37792.947645104956,6235.534193463251,-31557.413451641703,279.7845112468832
2070000,4139.99999992593,-37993.851632833954,6191.297218333493,-31802.55441450046,277.79962589757434
2075000,4149.999999927967,-37451.46880285133,6168.2995744061645,-31283.169228445164,276.7677360279329
2080000,4159.999999930004,-37833.97680558105,6088.03624455496,-31745.940561026087,273.1663707211709
2085000,4169.999999932042,-38135.31890212197,6254.294049367532,-31881.02485275444,280.62625422389124
2090000,4179.999999934079,-38253.63516876193,6208.803195948649,-32044.831972813285,278.585108141596
2095000,4189.999999936116,-38121.758008516495,6147.777587488692,-31973.9804210278,275.84692733674825
2100000,4199.999999938153,-38133.92436145559,6257.884488140351,-31876.03987331524,280.7873549613819
2105000,4209.999999940191,-38646.068810241326,6096.240102490586,-32549.82870775074,273.5344726851156
2110000,4219.999999942228,-37876.314266015506,6093.786113587552,-31782.528152427956,273.4243637410318
2115000,4229.999999944265,-38011.68965052486,6096.209631251015,-31915.480019273844,273.53310545969333
2120000,4239.9999999463025,-37943.78108741039,6290.897120014318,-31652.883967396072,282.2686110634676
2125000,4249.99999994834,-38378.52628700056,6010.736877014026,-32367.789409986537,269.6979965456583
2130000,4259.999999950377,-37902.17085222286,6114.111071023765,-31788.059781199092,274.3363318428772
2135000,4269.999999952414,-38591.69385161331,6039.45592294662,-32552.237928666687,270.98660213748576
2140000,4279.999999954452,-38087.274654579494,6000.927078526967,-32086.347576052525,269.2578370356665
2145000,4289.999999956489,-38309.776854882475,6322.495895115634,-31987.280959766842,283.6864282982748
2150000,4299.999999958526,-38170.9533234753,5994.492306556216,-32176.461016919086,268.96911285022156
2155000,4309.999999960563,-37688.34125003608,6345.786657322481,-31342.554592713597,284.7314702014113
2160000,4319.999999962601,-38082.56489322039,6298.41734035068,-31784.147552869712,282.60603863679137
2165000,4329.999999964638,-38136.2879492179,6093.766871765756,-32042.52107745214,273.4235003725473
2170000,4339.999999966675,-37685.224531057785,6013.301154013341,-31671.923377044444,269.8130540475011
2175000,4349.9999999687125,-37674.47856112493,6231.90235110434,-31442.57621002059,279.62155275643363
2180000,4359.99999997075,-37913.63376038725,6378.655215700381,-31534.97854468687,286.20626181602404
2185000,4369.999999972787,-37773.51899675015,6212.09054891891,-31561.42844783124,278.73260960907965
2190000,4379.999999974824,-37975.8934062138,6077.467416244522,-31898.425989969277,272.6921540187129
2195000,4389.999999976862,-37840.2296094498,6229.375883941174,-31610.853725508627,279.5081917582422
2200000,4399.999999978899,-38170.93638588715,6424.75877804708,-31746.177607840073,288.2748997639057
2205000,4409.999999980936,-38516.19103386556,6089.81592842522,-32426.37510544034,273.2462240210432
2210000,4419.999999982973,-38263.38499095604,6197.378697825328,-32066.00629313071,278.0724980709103
2215000,4429.999999985011,-37996.56257872112,6247.434142173357,-31749.128436547762,280.3184544874175
2220000,4439.999999987048,-38030.80472284259,6070.048290936452,-31960.756431906142,272.359262515949
2225000,4449.999999989085,-37961.332380300715,6165.732096562151,-31795.600283738564,276.6525349061946
2230000,4459.999999991122,-38603.66327259417,6156.926953061753,-32446.736319532414,276.257453635804
2235000,4469.99999999316,-38417.15300879123,6129.630840723325,-32287.52216806791,275.0326941825477
2240000,4479.999999995197,-38196.207738139834,6359.913536499613,-31836.294201640223,285.3653344163107
2245000,4489.999999997234,-38364.97278899689,6304.053283423157,-32060.919505573736,282.858919870223
2250000,4499.9999999992715,-38401.62613458271,6186.666671656487,-32214.95946292622,277.59185617029254
2255000,4510.000000001309,-38126.50662613512,6353.142399116547,-31773.36422701857,285.06151772562646
2260000,4520.000000003346,-38201.463748384085,6133.577871565658,-32067.88587681843,275.20979498270947
2265000,4530.000000005383,-38068.224157388715,6002.417836233279,-32065.806321155436,269.3247263996419
2270000,4540.000000007421,-38186.330544342214,6142.923405698789,-32043.407138643426,275.62912324211027
2275000,4550.000000009458,-37655.83514780721,6327.550792090346,-31328.28435571686,283.91323835746033
2280000,4560.000000011495,-37662.61875548735,6208.557134756278,-31454.061620731067,278.57406753010895
2285000,4570.000000013532,-38224.612416598306,6106.383391337328,-32118.22902526098,273.9895956985371
2290000,4580.00000001557,-37771.67704872203,6204.8863907184395,-31566.79065800359,278.40936354570675
2295000,4590.000000017607,-38049.8811054253,6244.170713928971,-31805.71039149633,280.17202650738943
2300000,4600.000000019644,-38160.45075252552,6183.197295052778,-31977.25345747274,277.4361874164563
2305000,4610.000000021681,-38177.81011977384,6142.335876993654,-32035.47424278019,275.60276119733436
2310000,4620.000000023719,-38060.08901689981,6194.247264283361,-31865.84175261645,277.9319926104543
2315000,4630.000000025756,-38351.56355536296,6140.715447485069,-32210.848107877893,275.5300535408605
2320000,4640.000000027793,-38319.99363931964,6118.138844426223,-32201.854794893417,274.51705551110774
2325000,4650.0000000298305,-38035.87865581145,6410.1407067640885,-31625.73794904736,287.6189960670626
2330000,4660.000000031868,-37788.18220140648,6145.621471421052,-31642.56072998543,275.7501837601019
2335000,4670.000000033905,-38280.07513475855,6242.7081413181795,-32037.366993440366,280.10640179098544
2340000,4680.000000035942,-38146.732541122474,6217.106983215391,-31929.625557907082,278.9576938719988
2345000,4690.00000003798,-37998.513612396084,6073.926113824296,-31924.58749857179,272.5332579985678
2350000,4700.000000040017,-38306.147126203825,6066.562765078452,-32239.584361125373,272.2028691551939
2355000,4710.000000042054,-38124.73662914896,6154.933773460013,-31969.802855688948,276.168020916265
2360000,4720.000000044091,-38275.93926139208,6236.271748200854,-32039.667513191227,279.8176048657097
2365000,4730.000000046129,-37538.1825941306,6023.427273653762,-31514.75532047684,270.2674066893955
2370000,4740.000000048166,-37938.22027737795,6016.67830226717,-31921.54197511078,269.9645845730808
2375000,4750.000000050203,-37916.928534784805,6402.952355124649,-31513.976179660156,287.2964592341767
2380000,4760.0000000522405,-37760.13455014417,6366.520890013153,-31393.613660131014,285.66180222741804
2385000,4770.000000054278,-37593.87202287135,6250.374302680271,-31343.49772019108,280.4503776466677
2390000,4780.000000056315,-38373.56954789878,6099.337796469991,-32274.231751428786,273.67346427254506
2395000,4790.000000058352,-38252.259261861895,6366.430098025121,-31885.829163836774,285.6577284478174
2400000,4800.0000000603895,-37683.95613616686,6391.017194684378,-31292.938941482484,286.7609360653783
2405000,4810.000000062427,-37819.323644829965,6068.262024197788,-31751.061620632176,272.27911384689713
2410000,4820.000000064464,-38089.203352883385,6304.129809946553,-31785.073542936832,282.8623535673661
2415000,4830.000000066501,-38317.04864999604,6164.342595665004,-32152.706054331036,276.5901888717854
2420000,4840.000000068539,-38198.08130078279,6175.311530951404,-32022.769769831386,277.08235812349466
2425000,4850.000000070576,-38468.71168653287,6477.674210312546,-31991.037476220325,290.64918204582
2430000,4860.000000072613,-37930.77099821898,6048.842880401956,-31881.92811781702,271.4077890353925
2435000,4870.00000007465,-37874.67279048741,6163.7553723443825,-31710.91741814303,276.5638405294212
2440000,4880.000000076688,-37984.804985960596,6081.327350371363,-31903.47763558923,272.86534684383696
2445000,4890.000000078725,-38345.42646154431,6182.401930569066,-32163.024530975243,277.4004999105531
2450000,4900.000000080762,-37724.783832670815,6031.611099335363,-31693.17273333545,270.63460981865694
2455000,4910.0000000827995,-38570.09576923967,6108.380502202846,-32461.715267036823,274.079204811418
2460000,4920.000000084837,-38631.249415700135,5986.822322850024,-32644.42709285011,268.62496548835514
2465000,4930.000000086874,-38383.80674551742,6047.140005715464,-32336.666739801953,271.3313821154571
2470000,4940.000000088911,-38222.5765120216,6175.546245553224,-32047.030266468377,277.09288962057497
2475000,4950.000000090949,-37868.84596774082,6090.7041135039235,-31778.141854236892,273.2860763288699
2480000,4960.000000092986,-38388.841985878375,6300.126984978009,-32088.715000900367,282.6827493197293
2485000,4970.000000095023,-38102.078330944,6280.149652513826,-31821.928678430173,281.7863789325109
2490000,4980.00000009706,-37929.811078208935,6173.677079106177,-31756.133999102756,277.0090212935639
2495000,4990.000000099098,-37685.670495043014,6125.486370693727,-31560.18412434929,274.8467344097949
2500000,5000.000000101135,-38167.806342177595,6109.73562789396,-32058.070714283636,274.14000845187655
2505000,5010.000000103172,-37884.97687119446,6123.714270069762,-31761.2626011247,274.76722136543117
2510000,5020.000000105209,-38405.70286729517,6266.803643132011,-32138.89922416316,281.1875518559307
2515000,5030.000000107247,-38219.028136305285,6300.931376654238,-31918.096759651045,282.718841870103
2520000,5040.000000109284,-37981.483542573085,5933.544182630145,-32047.93935994294,266.2344087278472
2525000,5050.000000111321,-37368.66611051542,6127.876935449651,-31240.78917506577,274.9539975521479
2530000,5060.0000001133585,-37746.40535787184,6190.941645847666,-31555.46371202417,277.7836715829842
2535000,5070.000000115396,-38006.64075539121,6005.230432907924,-32001.410322483283,269.4509258496867
2540000,5080.000000117433,-38375.99553577219,6267.9621459201335,-32108.03338985206,281.239533149962
2545000,5090.00000011947,-38235.59733255967,6112.5535322729675,-32123.043800286705,274.2664460552895
2550000,5100.000000121508,-38367.73162970862,6200.900282574605,-32166.831347134015,278.23050937151766
2555000,5110.000000123545,-38140.95369601339,6259.08420270462,-31881.86949330877,280.84118540198017
2560000,5120.000000125582,-38837.082427979665,6334.294631537214,-32502.78779644245,284.2158302068559
2565000,5130.000000127619,-38399.37844262444,6087.640776444336,-32311.737666180103,273.14862631490007
2570000,5140.000000129657,-37850.26459777058,6305.988189656924,-31544.27640811366,282.94573790026294
2575000,5150.000000131694,-38151.50962383578,6351.219043164623,-31800.290580671157,284.97521794949387
2580000,5160.000000133731,-38060.18995160765,6305.139958284646,-31755.049993323006,282.90767829020325
2585000,5170.0000001357685,-38164.72236213627,6001.820786164044,-32162.901575972228,269.29793713722626
2590000,5180.000000137806,-38377.43236724949,6194.001917891161,-32183.430449358326,277.9209840716029
2595000,5190.000000139843,-38195.34896556632,6053.788520756044,-32141.56044481028,271.6296968184854
2600000,5200.00000014188,-38025.864898040556,6100.416599156384,-31925.44829888417,273.7218694729625
2605000,5210.0000001439175,-38038.36842351558,6360.854055879481,-31677.5143676361,285.4075349314311
2610000,5220.000000145955,-37982.36515292753,6232.029954509131,-31750.335198418397,279.62727824123334
2615000,5230.000000147992,-37643.358567246265,6194.87163509864,-31448.486932147625,277.9600077376223
2620000,5240.000000150029,-38244.75958015358,6059.602430063105,-32185.157150090476,271.89056328532564
2625000,5250.000000152067,-37927.927574485984,5980.3933283479055,-31947.53424613808,268.3365005343068
2630000,5260.000000154104,-37946.800485938795,6134.078961335671,-31812.721524603123,275.23227856664056
2635000,5270.000000156141,-38216.08400864757,6320.091625116498,-31895.992383531076,283.5785502102484
2640000,5280.000000158178,-37976.930783021664,6049.860189118797,-31927.070593902867,271.45343503993644
2645000,5290.000000160216,-38045.86743873336,6360.743704494227,-31685.123734239132,285.4025835339355
2650000,5300.000000162253,-38120.150318123466,6164.858142943829,-31955.29217517964,276.6133211550759
2655000,5310.00000016429,-38334.43929207073,5980.089029379078,-32354.350262691652,268.3228468302897
2660000,5320.0000001663275,-38414.23039991071,6370.960974898979,-32043.26942501173,285.8610260534982
2665000,5330.000000168365,-38972.261461171125,6142.908282907696,-32829.35317826343,275.62844469195187
2670000,5340.000000170402,-38042.39338700691,6227.230798514534,-31815.162588492374,279.4119431195443
2675000,5350.000000172439,-37889.63643425443,6235.019201886618,-31654.617232367815,279.76140389760184
2680000,5360.000000174477,-37917.250747751736,6218.8721530546445,-31698.37859469709,279.0368959363963
2685000,5370.000000176514,-37930.91305985142,6222.333851843939,-31708.57920800748,279.19222019151175
2690000,5380.000000178551,-38072.37862151156,6078.707225173144,-31993.671396338417,272.7477834683113
2695000,5390.000000180588,-38206.741233823384,6056.631292785744,-32150.10994103764,271.7572502177996
2700000,5400.000000182626,-38005.04431591285,6078.656943114644,-31926.387372798206,272.74552734385975
2705000,5410.000000184663,-37604.35850664937,6395.41780901178,-31208.94069763759,286.9583888722395
2710000,5420.0000001867,-38237.87049575212,6163.018591039449,-32074.85190471267,276.53078161403386
2715000,5430.000000188737,-37898.51766843204,6253.36310284836,-31645.15456558368,280.5844832370307
2720000,5440.000000190775,-38014.90797582171,6282.308966985765,-31732.599008835947,281.8832660195536
2725000,5450.000000192812,-38115.48328072184,5880.848670431516,-32234.634610290326,263.8699941215007
2730000,5460.000000194849,-38137.904273218286,6148.290516203341,-31989.613757014944,275.86994212670527
2735000,5470.0000001968865,-38442.229461492774,6004.421539717307,-32437.807921775468,269.41463131918357
2740000,5480.000000198924,-38392.182788129176,6186.664921737575,-32205.5178663916,277.59177765252775
2745000,5490.000000200961,-38142.90572653305,6136.409827384692,-32006.495899148358,275.33686306542995
2750000,5500.000000202998,-37902.36612168765,6192.004556881946,-31710.361564805702,277.8313637349312
2755000,5510.000000205036,-37842.34379540764,5961.2110311638135,-31881.13276424383,267.47580288183144
2760000,5520.000000207073,-38357.96752211603,6224.764131029668,-32133.20339108636,279.30126529543975
2765000,5530.00000020911,-38511.63750211839,6404.748981370902,-32106.88852074749,287.37707272784144
2770000,5540.000000211147,-38688.84984586642,6178.768129909298,-32510.08171595712,277.2374535523714
2775000,5550.000000213185,-38627.43112086995,6113.985705800809,-32513.44541506914,274.3307067838937
2780000,5560.000000215222,-38071.06283491604,6299.61702537907,-31771.44580953697,282.65986775213327
2785000,5570.000000217259,-38672.71736873538,6189.620007302786,-32483.097361432592,277.72437048978964
2790000,5580.000000219296,-38243.445012052514,6286.679221497569,-31956.765790554946,282.0793566005164
2795000,5590.000000221334,-38316.66582813429,6275.898488072403,-32040.767340061888,281.59563184836844
2800000,5600.000000223371,-38078.58612266541,6009.457161696039,-32069.12896096937,269.64057652137984
2805000,5610.000000225408,-38197.97516981906,6165.096732366577,-32032.878437452484,276.62402651294275
2810000,5620.0000002274455,-38310.4657607869,6139.590478254079,-32170.875282532823,275.4795768765211
2815000,5630.000000229483,-37947.826048858304,6146.3888619831105,-31801.43718687519,275.78461609367264
2820000,5640.00000023152,-38359.14108000531,6044.806286386729,-32314.334793618582,271.2266695917952
2825000,5650.000000233557,-38425.285985266986,6200.422919209112,-32224.863066057875,278.20909037648727
2830000,5660.000000235595,-38275.60462345213,6214.190459258265,-32061.414164193862,278.82683126992384
2835000,5670.000000237632,-38030.34450223384,6183.648439454046,-31846.696062779796,277.4564299829941
2840000,5680.000000239669,-38420.7389909888,6091.590592347962,-32329.14839864084,273.32585207901656
2845000,5690.000000241706,-38314.86702369997,6036.456032020487,-32278.41099167948,270.85199891176023
2850000,5700.000000243744,-38150.34256910602,6068.887766973341,-32081.454802132677,272.3071905330627
2855000,5710.000000245781,-38313.6695757048,6198.638861017244,-32115.030714687557,278.12904080354593
2860000,5720.000000247818,-38221.58966173847,6230.129676189845,-31991.459985548627,279.5420139440137
2865000,5730.0000002498555,-37800.565649945755,5960.7652080770495,-31839.800441868705,267.4557990793403
2870000,5740.000000251893,-37929.745346001204,6012.734675132367,-31917.010670868836,269.7876364951427
2875000,5750.00000025393,-37772.35399306518,6408.297934635876,-31364.056058429305,287.53631203659546
2880000,5760.000000255967,-38178.75612844649,6155.70119554809,-32023.054932898398,276.20245466438837
2885000,5770.000000258005,-38479.854698078714,5903.871837679998,-32575.982860398715,264.903029206566
2890000,5780.000000260042,-38481.94663553658,6254.421949472285,-32227.524686064295,280.6319930214323
2895000,5790.000000262079,-38259.36533799873,6169.209648506972,-32090.15568949176,276.80857048246287
2900000,5800.000000264116,-37970.47101782079,6116.758967606055,-31853.712050214734,274.45514130300086
2905000,5810.000000266154,-37930.912852692374,6257.113407494998,-31673.799445197375,280.7527570560864
2910000,5820.000000268191,-38092.509960016985,6013.254180586102,-32079.25577943088,269.81094637926066
2915000,5830.000000270228,-37995.130593881804,5980.721820755294,-32014.40877312651,268.35123978274936
2920000,5840.000000272265,-38433.05190819785,6027.962598249974,-32405.089309947874,270.47090386159084
2925000,5850.000000274303,-38331.75077116585,6123.258748315891,-32208.492022849954,274.74678238982546
2930000,5860.00000027634,-38585.13320626441,6325.41963549467,-32259.713570769738,283.8176146966781
2935000,5870.000000278377,-38735.05786427847,6131.844813467154,-32603.21305081131,275.13203375199396
2940000,5880.0000002804145,-38499.76985783155,6336.343331456515,-32163.42652637503,284.3077540882475
2945000,5890.000000282452,-38385.77860338525,6091.751844491357,-32294.026758893895,273.3330873616287
2950000,5900.000000284489,-38366.86385189112,6444.313233988163,-31922.550617902954,289.15229594656313
2955000,5910.000000286526,-37974.93285279843,6241.462831890098,-31733.470020908335,280.05052553742365
2960000,5920.000000288564,-38036.15846143616,6080.312978725525,-31955.84548271064,272.8198326238282
2965000,5930.000000290601,-38282.203138805904,6106.908781814054,-32175.29435699185,274.01316963994833
2970000,5940.000000292638,-37895.28968392679,6163.754252142888,-31731.535431783905,276.5637902666822
2975000,5950.000000294675,-38403.3817781206,6204.574380130293,-32198.80739799031,278.395363826164
2980000,5960.000000296713,-38479.329203004054,6127.027425461437,-32352.301777542616,274.9158805713925
2985000,5970.00000029875,-38123.57769494956,6144.430732454189,-31979.146962495375,275.69675604893393
2990000,5980.000000300787,-37982.01516118997,6304.144485843388,-31677.87067534658,282.86301206565923
2995000,5990.000000302824,-38586.510089712436,6087.255300745452,-32499.254788966984,273.1313302618814
3000000,6000.000000304862,-38120.13356132031,5992.30648725698,-32127.82707406333,268.87103650818955
3005000,6010.000000306899,-38636.554369301055,6227.2723592798775,-32409.282010021176,279.4138079250377
3010000,6020.000000308936,-37751.383087414586,6063.798719851717,-31687.58436756287,272.07884817818814
3015000,6030.0000003109735,-38060.4765258233,6073.459650072493,-31987.016875750807,272.51232806237255
3020000,6040.000000313011,-38225.048574809574,6140.756019890236,-32084.29255491934,275.5318739992523
3025000,6050.000000315048,-37906.11478574692,6189.7517154963325,-31716.363070250587,277.73028015388826
3030000,6060.000000317085,-37879.95430659913,6064.215832382084,-31815.738474217047,272.0975637560076
3035000,6070.000000319123,-38432.10809880756,6189.097740666595,-32243.010358140968,277.70093671314544
3040000,6080.00000032116,-37960.48632969767,6046.552397548077,-31913.933932149594,271.30501650525974
3045000,6090.000000323197,-37984.27342565155,6105.903781546108,-31878.369644105438,273.9680759077922
3050000,6100.000000325234,-38107.69302570603,6258.708430374429,-31848.984595331603,280.8243247330334
3055000,6110.000000327272,-38281.76933911234,6152.657517523341,-32129.111821589,276.06588673899074
3060000,6120.000000329309,-38148.3829939695,6175.229091681642,-31973.153902287857,277.0786591251278
3065000,6130.000000331346,-37989.50863362242,6153.302384374656,-31836.206249247763,276.09482151045
3070000,6140.0000003333835,-37904.919162512684,6324.372549553728,-31580.546612958955,283.7706326067512
3075000,6150.000000335421,-37875.59170979157,5862.35646583263,-32013.235243958945,263.0402604908199
3080000,6160.000000337458,-38317.099459058285,6247.4205054555805,-32069.678953602706,280.3178426164374
3085000,6170.000000339495,-38165.306171099845,6260.061537705499,-31905.244633394344,280.8850378109417
3090000,6180.0000003415325,-38494.09730631573,6009.379815549841,-32484.71749076589,269.6371060482753
3095000,6190.00000034357,-37983.4312518463,6269.89641257692,-31713.534839269378,281.3263224825837
3100000,6200.000000345607,-38170.40912414825,6317.936941934672,-31852.47218221358,283.4818709262905
3105000,6210.000000347644,-38266.53321518807,6191.527334833994,-32075.005880354078,277.80995108073023
3110000,6220.000000349682,-38207.88558171747,6464.630269411968,-31743.255312305504,290.0639085926767
3115000,6230.000000351719,-38055.578768409265,6064.694662082431,-31990.884106326834,272.11904854456395
3120000,6240.000000353756,-38381.92339122066,6109.623637539877,-32272.299753680785,274.13498351487686
3125000,6250.000000355793,-38369.131778873634,6267.626150187647,-32101.505628685987,281.2244572320249
3130000,6260.000000357831,-38354.395377048524,6096.279457122499,-32258.115919926026,273.53623850278467
3135000,6270.000000359868,-37769.78186011904,6332.133897685322,-31437.647962433715,284.1188794331243
3140000,6280.000000361905,-37777.87825911326,6131.644962356597,-31646.233296756665,275.12306655791645
3145000,6290.0000003639425,-38033.65909840508,6233.656804400456,-31800.002294004622,279.7002739762569
3150000,6300.00000036598,-37680.09585514217,6320.909893483258,-31359.185961658914,283.61526539902934
3155000,6310.000000368017,-38394.185296910364,6335.325222587303,-32058.86007432306,284.26207218136824
3160000,6320.000000370054,-37891.445657300246,6242.70322941091,-31648.742427889338,280.10618139678473
3165000,6330.000000372092,-38071.74425509972,6025.092707832166,-32046.651547267556,270.3421336771982
3170000,6340.000000374129,-38170.23391863289,6264.323522345268,-31905.91039628762,281.07627039060264
3175000,6350.000000376166,-37904.25339077445,6147.695902568765,-31756.557488205686,275.84326218558573
3180000,6360.000000378203,-37882.675281923795,5952.677910200028,-31929.997371723766,267.09292709217317
3185000,6370.000000380241,-38202.21312685622,6032.367569527364,-32169.84555732886,270.66855216206733
3190000,6380.000000382278,-38685.438951421565,6338.165786566369,-32347.273164855196,284.3895265068343
3195000,6390.000000384315,-38647.38621353422,5970.590616727353,-32676.795596806867,267.89665900757353
3200000,6400.000000386352,-38914.92225913481,6187.48129984654,-32727.440959288266,277.628408026626
3205000,6410.00000038839,-38401.035117758365,6181.273769386527,-32219.761348371838,277.3498800253482
3210000,6420.000000390427,-38334.25914377836,6237.223963923929,-32097.035179854436,279.86033018841925
3215000,6430.000000392464,-38242.9868377275,6276.284660098832,-31966.702177628664,281.6129591451677
3220000,6440.0000003945015,-38040.57931736465,6125.477023295134,-31915.10229406952,274.8463149978784
3225000,6450.000000396539,-37956.46101301709,6361.750764724728,-31594.710248292366,285.4477696953204
3230000,6460.000000398576,-38487.535615886685,6053.6618103822875,-32433.873805504398,271.62401140342854
3235000,6470.000000400613,-38172.856095501804,6136.880788510827,-32035.97530699098,275.3579947959928
3240000,6480.000000402651,-38472.14991728544,6233.0890788092165,-32239.060838476224,279.67480048479024
3245000,6490.000000404688,-38121.84841266892,6165.647675660985,-31956.200737007937,276.6487469932686
3250000,6500.000000406725,-37874.43777769827,6122.790761134631,-31751.647016563642,274.7257840983052
3255000,6510.000000408762,-37976.377984687235,6286.168907345149,-31690.209077342086,282.05645912432794
3260000,6520.0000004108,-38746.44773227217,6083.5362466530605,-32662.91148561911,272.964458635609
3265000,6530.000000412837,-37812.24172434937,5942.668238333262,-31869.573486016106,266.6437993889011
3270000,6540.000000414874,-38204.65914975327,6259.832415283818,-31944.826734469454,280.8747572314794
3275000,6550.0000004169115,-37911.504587937416,6311.962578462017,-31599.5420094754,283.213804981602
3280000,6560.000000418949,-37901.94035596217,6136.014857476128,-31765.925498486045,275.31914101317324
3285000,6570.000000420986,-38522.67818897408,6346.519851725799,-32176.158337248282,284.7643681747712
3290000,6580.000000423023,-38348.608435656555,6056.850309573392,-32291.758126083165,271.7670773637964
3295000,6590.0000004250605,-38061.13206273815,6266.422583230758,-31794.709479507394,281.17045393698425
3300000,6600.000000427098,-37925.040066874586,6193.060058415292,-31731.980008459293,277.87872342721494
3305000,6610.000000429135,-37639.84575428227,6175.837194566046,-31464.008559716225,277.10594432043297
3310000,6620.000000431172,-38059.87379793073,6165.035694080321,-31894.838103850412,276.6212877632932
3315000,6630.00000043321,-38163.87788040128,6398.959122891854,-31764.91875750943,287.11728540658083
3320000,6640.000000435247,-38447.227516721934,6020.811912042388,-32426.415604679547,270.15005705302605
3325000,6650.000000437284,-38420.95324299115,6128.318599397146,-32292.634643594003,274.9738147366667
3330000,6660.000000439321,-37567.8176832803,6042.771343156326,-31525.046340123976,271.13536296441265
3335000,6670.000000441359,-38057.069316207075,6250.110849111974,-31806.9584670951,280.4385566501732
3340000,6680.000000443396,-38315.65574155742,6303.334271329047,-32012.321470228373,282.8266582481888
3345000,6690.000000445433,-38381.65380897818,6312.692677209223,-32068.96113176896,283.2465640548123
3350000,6700.0000004474705,-38299.40097011522,6027.708567547575,-32271.69240256764,270.45950566318356
3355000,6710.000000449508,-38203.81375830431,6040.190759283947,-32163.622999020365,271.0195737833956
3360000,6720.000000451545,-38029.834387161594,6227.8190150549535,-31802.01537210664,279.4383360270583
3365000,6730.000000453582,-38233.22794997246,6240.763559563233,-31992.46439040923,280.01914962637414
3370000,6740.00000045562,-38550.232575463015,6044.294180425566,-32505.938395037447,271.2036917182714
3375000,6750.000000457657,-38265.29089094284,6036.285805373047,-32229.005085569792,270.84436094877617
3380000,6760.000000459694,-37700.901326709565,6179.431036374583,-31521.470290334983,277.26719775000345
3385000,6770.000000461731,-37933.138044262654,6283.0028650363165,-31650.135179226338,281.91440079019316
3390000,6780.000000463769,-38030.74866931841,6078.34390130256,-31952.40476801585,272.7314813539451
3395000,6790.000000465806,-38860.47808748084,6235.129164693897,-32625.348922786943,279.7663378598471
3400000,6800.000000467843,-38029.77451139267,6358.806690198828,-31670.967821193844,285.31567091649134
3405000,6810.00000046988,-37746.023202362885,6143.504058765318,-31602.519143597565,275.65517678129106
3410000,6820.000000471918,-37896.34721526659,6076.144724199616,-31820.20249106698,272.63280565563247
3415000,6830.000000473955,-38312.13156144877,6054.627469294865,-32257.504092153904,271.6673399136257
3420000,6840.000000475992,-38262.10006393342,5960.146086156779,-32301.953977776644,267.4280194668018
3425000,6850.0000004780295,-38407.60092131602,6198.785785610641,-32208.81513570538,278.1356332179692
3430000,6860.000000480067,-38351.06901512811,6224.650902878324,-32126.418112249783,279.29618481925274
3435000,6870.000000482104,-38174.652688448135,6200.707063253929,-31973.945625194207,278.2218397416958
3440000,6880.000000484141,-38240.12281590543,6287.580954412887,-31952.541861492544,282.1198167912811
3445000,6890.000000486179,-38006.82858087112,6304.144897623297,-31702.683683247826,282.86303054196566
3450000,6900.000000488216,-38045.24276049521,6032.507320008599,-32012.735440486613,270.6748226785741
3455000,6910.000000490253,-37594.237548036195,6141.761931334306,-31452.47561670189,275.57700861531
3460000,6920.00000049229,-38212.20459904504,5957.257325014983,-32254.94727403006,267.29840256485073
3465000,6930.000000494328,-38390.3753855736,6240.920278061993,-32149.455107511607,280.0261814871929
3470000,6940.000000496365,-38199.06721973322,6185.3491079986525,-32013.718111734564,277.5327379147259
3475000,6950.000000498402,-37850.158765003034,6113.1743164990785,-31736.984448503958,274.2943002544493
3480000,6960.0000005004395,-37978.30194909035,6383.811989555885,-31594.48995953447,286.4376430270012
3485000,6970.000000502477,-38405.887882455,6089.75376359941,-32316.13411885559,273.2434347242699
3490000,6980.000000504514,-38752.8996420377,6097.530884751175,-32655.368757286524,273.59238927617264
3495000,6990.000000506551,-38346.26519157956,6293.6674141390195,-32052.59777744054,282.3929124246087
3500000,7000.0000005085885,-38239.3045265706,6114.2687918431475,-32125.035734727455,274.343408677194
3505000,7010.000000510626,-38414.82909914311,6301.154058550191,-32113.675040592923,282.7288334672123
3510000,7020.000000512663,-38383.62279839929,6350.6068489329455,-32033.015949466342,284.9477491780007
3515000,7030.0000005147,-37758.412192186544,6206.671728585374,-31551.74046360117,278.48947053686635
3520000,7040.000000516738,-38366.7032500407,6337.53930797268,-32029.163942068022,284.36141680497013
3525000,7050.000000518775,-38103.21596574604,6045.1197838744065,-32058.09618187164,271.24073602758807
3530000,7060.000000520812,-38283.39739942335,6019.351059615548,-32264.046339807806,270.08450952019786
3535000,7070.000000522849,-37932.86822908599,6326.356694305159,-31606.511534780828,283.85965993821924
3540000,7080.000000524887,-37500.10605947499,6176.005386503404,-31324.10067297158,277.1134909872508
3545000,7090.000000526924,-37630.461747212015,6283.567538523515,-31346.8942086885,281.93973733566435
3550000,7100.000000528961,-37961.99907304326,6247.0322952237,-31714.96677781956,280.30042386663706
3555000,7110.0000005309985,-37821.88832538723,6186.400837228619,-31635.487488158615,277.5799283461213
3560000,7120.000000533036,-37949.1621177158,6280.816256511439,-31668.34586120436,281.8162890361012
3565000,7130.000000535073,-37994.05313498656,6156.993970961767,-31837.059164024795,276.2604606869753
3570000,7140.00000053711,-38363.82714338162,6098.402038260991,-32265.42510512063,273.63147738817753
3575000,7150.000000539148,-38305.58878143919,6235.47894502399,-32070.1098364152,279.7820322840396
3580000,7160.000000541185,-38381.58395901438,5902.533868106818,-32479.050090907564,264.84299535036683
3585000,7170.000000543222,-38207.36305976137,6263.860317795372,-31943.502741965996,281.0554866927542
3590000,7180.000000545259,-37848.4927070135,6096.537366913395,-31751.955340100107,273.5478107534617
3595000,7190.000000547297,-38110.64816221004,6270.32461427424,-31840.3235479358,281.3455356243744
3600000,7200.000000549334,-37991.04178685444,5998.130666249428,-31992.91112060501,269.13236376937664
3605000,7210.000000551371,-37927.41950163816,6496.462159309616,-31430.957342328547,291.4921855422947
3610000,7220.000000553408,-37734.77786830899,6236.586807229285,-31498.191061079706,279.8317413668576
3615000,7230.000000555446,-38707.44195648677,6345.609926786018,-32361.832029700752,284.7235404130031
3620000,7240.000000557483,-37988.58403986103,6094.645838716282,-31893.93820114475,273.46293906873996
3625000,7250.00000055952,-38591.54281339877,6239.777545426172,-32351.7652679726,279.9749077900116
3630000,7260.0000005615575,-38152.134828412774,6250.796870386748,-31901.337958026026,280.46933799482025
3635000,7270.000000563595,-37935.68746213386,6158.439275667461,-31777.248186466397,276.3253106032999
3640000,7280.000000565632,-38335.52266789994,6064.076795040513,-32271.445872859425,272.09132523763066
3645000,7290.000000567669,-38494.93512720379,6204.739679242235,-32290.195447961552,278.4027806937184
3650000,7300.000000569707,-38080.459528843465,6385.9002697401575,-31694.559259103306,286.5313428500758
3655000,7310.000000571744,-38391.50217086955,6134.580968341838,-32256.921202527712,275.254803306383
3660000,7320.000000573781,-38530.906066831725,6095.832005562614,-32435.07406126911,273.5161616317252
3665000,7330.000000575818,-37415.95427824215,6233.01181863764,-31182.942459604506,279.6713338693131
3670000,7340.000000577856,-37909.91176148394,6106.231782913814,-31803.67997857013,273.982793123592
3675000,7350.000000579893,-38445.09475243285,6180.539204052511,-32264.55554838034,277.3169205391871
3680000,7360.00000058193,-38253.97626553169,6121.069915314794,-32132.906350216894,274.64857082487964
3685000,7370.000000583967,-37749.62165439833,6088.196467614185,-31661.425186784145,273.1735598294213
3690000,7380.000000586005,-37891.04774473481,6117.1722418684585,-31773.87550286635,274.4736846601424
3695000,7390.000000588042,-37937.09347564535,6114.113698549794,-31822.979777095556,274.3364497383233
3700000,7400.000000590079,-38003.1341584124,6204.829234571151,-31798.30492384125,278.4067989851996
3705000,7410.0000005921165,-37855.10219426674,6201.15237198804,-31653.949822278704,278.2418204655058
3710000,7420.000000594154,-38005.70338867747,6219.874217092698,-31785.829171584774,279.0818579217574
3715000,7430.000000596191,-37880.78951825751,6151.357794593027,-31729.431723664482,276.0075689856866
3720000,7440.000000598228,-38275.502947276414,6217.002508192454,-32058.50043908396,278.95300614319757
3725000,7450.000000600266,-37811.48523173283,6347.9191846371605,-31463.566047095672,284.8271553654962
3730000,7460.000000602303,-38090.843785672216,6061.214351136954,-32029.62943453526,271.9628891736654
3735000,7470.00000060434,-38272.31678231606,6034.634827999786,-32237.68195431628,270.7702826287596
3740000,7480.000000606377,-38275.734732124234,6213.179302985425,-32062.55542913881,278.7814613216863
3745000,7490.000000608415,-38541.26247975912,6459.263578980268,-32081.998900778854,289.8231085564872
3750000,7500.000000610452,-38244.1673602481,6265.2087993419045,-31978.958560906198,281.11599221460955
3755000,7510.000000612489,-38418.162017364564,6241.0909830466835,-32177.07103431788,280.03384091286955
3760000,7520.0000006145265,-37947.45830990154,6173.379532442215,-31774.078777459326,276.9956705612342
3765000,7530.000000616564,-37828.27737909364,6279.025024601535,-31549.252354492106,281.7359175829276
3770000,7540.000000618601,-38276.24724236825,6207.578537994063,-32068.668704374184,278.530158506707
3775000,7550.000000620638,-38044.734474624915,6230.868468123977,-31813.86600650094,279.57516307507314
3780000,7560.0000006226755,-38241.531634600484,6143.013684135056,-32098.51795046543,275.6331739789651
3785000,7570.000000624713,-38393.06757151777,5976.580400501636,-32416.487171016135,268.1654168515317
3790000,7580.00000062675,-37953.47479542385,6320.737588375665,-31632.737207048183,283.6075341768409
3795000,7590.000000628787,-38096.28660543399,6336.421098347499,-31759.86550708649,284.3112434399069
3800000,7600.000000630825,-38417.56544721438,6287.155119462372,-32130.410327752008,282.1007098439362
3805000,7610.000000632862,-38376.821416517196,6173.310849179257,-32203.510567337937,276.9925887862713
3810000,7620.000000634899,-38141.90072975966,6080.247222161727,-32061.653507597934,272.8168821680224
3815000,7630.000000636936,-38217.1739418664,6268.3069880070525,-31948.866953859346,281.25500599827825
3820000,7640.000000638974,-38126.178842559224,6127.9715959661635,-31998.20724659306,274.9582449101969
3825000,7650.000000641011,-37836.29867334811,6061.311842191354,-31774.986831156755,271.96726353617544
3830000,7660.000000643048,-38269.563004601136,6021.6467311694305,-32247.916273431707,270.1875148640479
3835000,7670.0000006450855,-37908.0045645545,6156.143095965514,-31751.86146858899,276.2222824591647
3840000,7680.000000647123,-38651.29169676287,6313.963948198678,-32337.327748564192,283.30360518736194
3845000,7690.00000064916,-38418.50789885713,6117.837626380127,-32300.670272477008,274.5035400461627
3850000,7700.000000651197,-38222.25476849175,6066.765181361574,-32155.489587130178,272.2119514469567
3855000,7710.000000653235,-37947.65946191218,6321.026613398353,-31626.63284851383,283.6205025484674
3860000,7720.000000655272,-38149.257529745126,6203.562673303726,-31945.694856441398,278.3499691749257
3865000,7730.000000657309,-38349.40091544536,6201.1602744135,-32148.240641031858,278.24217504238345
3870000,7740.000000659346,-38294.43489811617,6126.5204826912795,-32167.914415424886,274.8931343670132
3875000,7750.000000661384,-38013.49795300087,6091.118805339211,-31922.37914766166,273.3046832916183
3880000,7760.000000663421,-38427.7824696226,6298.018120662636,-32129.764348959965,282.58812589959285
3885000,7770.000000665458,-38037.20614580396,6534.784157322319,-31502.42198848164,293.21166957547143
3890000,7780.000000667495,-38185.51148888617,6021.913016957378,-32163.598471928795,270.1994629404631
3895000,7790.000000669533,-37586.25472693202,6143.540868085043,-31442.713858846975,275.6568283923976
3900000,7800.00000067157,-37948.75193214168,6186.289428321197,-31762.46250382048,277.5749294982689
3905000,7810.000000673607,-37908.339496292225,6195.721845154207,-31712.617651138018,277.998156129961
3910000,7820.0000006756445,-37782.04307323236,6153.250197165877,-31628.79287606648,276.09247990309956
3915000,7830.000000677682,-38477.63101218456,6112.568097049634,-32365.062915134928,274.2670995676903
3920000,7840.000000679719,-37757.42773476394,6103.907286194433,-31653.52044856951,273.87849441263165
3925000,7850.000000681756,-38332.9687819269,6258.659881058609,-32074.308900868295,280.82214635566
3930000,7860.000000683794,-38271.30182260199,6073.519547843331,-32197.78227475866,272.5150156378101
3935000,7870.000000685831,-37997.00688444523,5873.00381126418,-32124.003073181055,263.51800020729286
3940000,7880.000000687868,-37906.04311013785,6193.289994995885,-31712.753115141964,277.88904053747734
3945000,7890.000000689905,-38045.394213350024,6238.2120115550915,-31807.18220179493,279.9046632663877
3950000,7900.000000691943,-38164.35956111758,6309.264352828973,-31855.095208288603,283.0927372885139
3955000,7910.00000069398,-38110.39677472277,5996.798077966855,-32113.59869675592,269.07257136831436
3960000,7920.000000696017,-37606.42255554984,6067.288145913972,-31539.13440963587,272.23541653866374
3965000,7930.0000006980545,-37943.85901496882,6313.689161467244,-31630.169853501575,283.29127567894034
3970000,7940.000000700092,-38044.39739721196,6165.965845326129,-31878.431551885828,276.6630230667363
3975000,7950.000000702129,-37839.48887410037,6322.577303035223,-31516.911571065146,283.6900810206057
3980000,7960.000000704166,-37436.88581648892,6253.610987864077,-31183.27482862484,280.5956056823283
3985000,7970.0000007062035,-38282.30760598962,6150.02383327621,-32132.28377271341,275.9477149774383
3990000,7980.000000708241,-37615.86503778586,6287.534418144421,-31328.330619641438,282.1177287380808
3995000,7990.000000710278,-38268.959654613325,6242.023651173249,-32026.936003440074,280.07568914717484
4000000,8000.000000712315,-37751.1029409823,6426.772701587175,-31324.330239395127,288.3652632509578
4005000,8010.000000714353,-38176.1689780152,6116.636449340076,-32059.532528675125,274.4496439851926
4010000,8020.00000071639,-38054.91609355112,6209.230362194157,-31845.68573135696,278.60427482331283
4015000,8030.000000718427,-37942.636729137696,6139.9781422065735,-31802.658586931124,275.4969711151078
4020000,8040.000000720464,-38134.71484233651,6119.233292463233,-32015.481549873275,274.5661627086019
4025000,8050.000000722502,-38277.4796862471,6330.014529178006,-31947.46515706909,284.0237846964788
4030000,8060.000000724539,-37760.60843006804,6237.895393239647,-31522.71303682839,279.8904568010088
4035000,8070.000000726576,-38289.691835348065,6122.739570743872,-32166.952264604195,274.7234872175546
4040000,8080.0000007286135,-37955.343680584476,6512.25693819628,-31443.086742388194,292.20088737183323
4045000,8090.000000730651,-38111.48176883584,6196.121622606632,-31915.360146229206,278.01609389369764
4050000,8100.000000732688,-38149.57930913479,6347.152488851682,-31802.426820283104,284.7927542061152
4055000,8110.000000734725,-38223.84766397671,6292.097748704428,-31931.74991527228,282.32248252031945
4060000,8120.000000736763,-38230.34831159381,6101.71538232871,-32128.6329292651,273.78014505991473
4065000,8130.0000007388,-37612.704642080345,6253.53621490242,-31359.168427177923,280.5922506664014
4070000,8140.000000740837,-37921.51103432681,6286.270441926243,-31635.240592400565,282.06101491734654
4075000,8150.000000742874,-37918.589400295044,6004.270096769444,-31914.3193035256,269.40783616902723
4080000,8160.000000744912,-37621.23284427337,6347.41710727005,-31273.815737003322,284.80462746870234
4085000,8170.000000746949,-37575.80618168424,6023.283718529815,-31552.522463154422,270.2609654609547
4090000,8180.000000748986,-38093.74697953621,6199.052456728523,-31894.694522807687,278.14759858389704
4095000,8190.000000751023,-38249.18224270672,6096.968334925005,-32152.21390778172,273.5671480180408
4100000,8200.00000075306,-37797.33708030387,6151.386961538489,-31645.95011876538,276.0088776882495
4105000,8210.000000755097,-38166.87270551468,6215.645148872211,-31951.22755664247,278.8921022811999
4110000,8220.000000757134,-37731.292714627736,6418.441237564296,-31312.85147706344,287.991435681853
4115000,8230.000000759172,-38403.43519065726,6252.368033129043,-32151.067157528218,280.53983508236786
4120000,8240.000000761209,-38123.253958286456,6210.689338973165,-31912.564619313292,278.6697381969983
4125000,8250.000000763246,-38113.95166111143,6286.621255913353,-31827.330405198078,282.07675572108155
4130000,8260.000000765283,-37935.852556823935,6076.715129391596,-31859.13742743234,272.658399379105
4135000,8270.00000076732,-38060.2174854706,6395.308449080943,-31664.90903638966,286.95348196068227
4140000,8280.000000769358,-37882.79365492936,6265.208749686265,-31617.584905243093,281.11598998659207
4145000,8290.000000771395,-38113.322209705104,6134.248870393819,-31979.073339311286,275.23990227959206
4150000,8300.000000773432,-38445.00912576816,6102.661007025663,-32342.3481187425,273.822574647413
4155000,8310.00000077547,-38115.521437902615,6328.58075692094,-31786.940680981676,283.95945223389634
4160000,8320.000000777507,-38136.07691302983,6257.857423391349,-31878.21948963848,280.7861405830566
4165000,8330.000000779544,-37897.652320311354,6358.452919805652,-31539.199400505702,285.299797460669
4170000,8340.000000781582,-38476.80195624428,6267.424281386107,-32209.377674858173,281.2153995054176
4175000,8350.000000783619,-37938.83633802691,6024.430370088554,-31914.405967938354,270.31241499775115
4180000,8360.000000785656,-38696.79394626534,6161.101159202693,-32535.692787062646,276.4447476492361
4185000,8370.000000787693,-38638.707898664514,6227.913060698433,-32410.79483796608,279.4425557961397
4190000,8380.00000078973,-38248.543519215134,5958.376598825125,-32290.16692039001,267.34862367922625
4195000,8390.000000791768,-38215.53021678303,6003.258740213006,-32212.271476570026,269.36245723419023
4200000,8400.000000793805,-37929.87202655396,6194.417655231973,-31735.454371321986,277.93963794552894
4205000,8410.000000795842,-38129.7952644756,6395.4114560552725,-31734.383808420327,286.95810381906256
4210000,8420.00000079788,-37512.69956917976,6244.409573308469,-31268.289995871288,280.1827439780465
4215000,8430.000000799917,-37872.23020808763,6129.371808790323,-31742.85839929731,275.0210715820577
4220000,8440.000000801954,-38071.73903733388,6221.067688898014,-31850.671348435862,279.135408253674
4225000,8450.000000803991,-38033.43716471357,6219.592715946006,-31813.844448767566,279.06922714173135
4230000,8460.000000806029,-38803.64988042442,6273.469688699637,-32530.18019172478,281.4866531427206
4235000,8470.000000808066,-38511.51013840019,6074.040003733904,-32437.470134666284,272.53836816743336
4240000,8480.000000810103,-38687.727324708656,6158.952732116748,-32528.774592591908,276.34834907237945
4245000,8490.00000081214,-38214.64409567835,6331.713082857421,-31882.931012820925,284.0999977355348
4250000,8500.000000814178,-38019.08444371293,6110.824773144466,-31908.259670568463,274.18887771666374
4255000,8510.000000816215,-37736.666997399036,6097.381017439364,-31639.28597995967,273.58566482381843
4260000,8520.000000818252,-37701.518895399626,6303.575904966914,-31397.94299043271,282.83750019808014
4265000,8530.00000082029,-38094.63741212558,6302.94235287023,-31791.695059255348,282.8090731125698
4270000,8540.000000822327,-38328.04860730676,6162.66091369961,-32165.387693607147,276.5147328559635
4275000,8550.000000824364,-37925.82778661595,5999.87968564309,-31925.94810097286,269.21084117340246
4280000,8560.000000826401,-38040.31739972105,6176.578140609539,-31863.739259111506,277.13919010502934
4285000,8570.000000828439,-38350.625715593655,6214.374895275927,-32136.250820317728,278.8351067984442
4290000,8580.000000830476,-38077.038467374936,6064.470447551497,-32012.56801982344,272.1089881790835
4295000,8590.000000832513,-37884.80296941714,6147.87150146511,-31736.931467952032,275.85114119801113
4300000,8600.00000083455,-37948.707061936526,6111.883402713743,-31836.823659222784,274.23637776195926
4305000,8610.000000836588,-37970.48652384263,6046.914961061322,-31923.571562781304,271.3212845028686
4310000,8620.000000838625,-38616.65568349574,6155.694375072061,-32460.961308423677,276.20214863390356
4315000,8630.000000840662,-38031.52787974321,6160.869013498381,-31870.65886624483,276.4343314169769
4320000,8640.0000008427,-37914.18159880966,6340.676353317149,-31573.50524549251,284.5021740634872
4325000,8650.000000844737,-37964.77937815511,6175.8935048827125,-31788.885873272397,277.10847092905027
4330000,8660.000000846774,-38300.9502818199,6270.293050079872,-32030.65723174003,281.3441193587554
4335000,8670.000000848811,-38251.017758548405,6329.62651799466,-31921.391240553745,284.0063748778614
4340000,8680.000000850849,-37862.10540475452,6141.8721217695465,-31720.233282984973,275.5819527910793
4345000,8690.000000852886,-38100.60320976859,6166.8409607153135,-31933.762249053274,276.7022889457855
4350000,8700.000000854923,-37654.38772909072,6325.033292426832,-31329.354436663885,283.8002797253581
4355000,8710.00000085696,-38315.3553172016,6110.616734100113,-32204.73858310149,274.1795431351284
4360000,8720.000000858998,-37918.5989750195,6285.242010371334,-31633.356964648166,282.0148698380296
4365000,8730.000000861035,-38087.85074310098,6183.172771322766,-31904.677971778212,277.43508705206045
4370000,8740.000000863072,-38150.89775104997,5944.442914810283,-32206.454836239685,266.7234280101771
4375000,8750.00000086511,-38135.644997062096,5944.501336302139,-32191.143660759957,266.72604934590197
4380000,8760.000000867147,-37684.766894465756,6290.063008562303,-31394.70388590345,282.2311850053806
4385000,8770.000000869184,-38464.36035712573,5942.458246886078,-32521.902110239655,266.6343772042745
4390000,8780.000000871221,-37619.649726939686,6275.691756450742,-31343.957970488944,281.58635593007006
4395000,8790.000000873259,-38194.64353434028,6312.285291081009,-31882.358243259267,283.22828489456157
4400000,8800.000000875296,-37843.57411210946,6170.726171901273,-31672.847940208187,276.8766159367102
4405000,8810.000000877333,-38113.92674865901,6339.748994375577,-31774.17775428343,284.4605640489852
4410000,8820.00000087937,-37981.585895353914,6264.922459802392,-31716.66343555152,281.10314433892995
4415000,8830.000000881408,-37916.46017960677,6011.548017915204,-31904.91216169157,269.7343919295256
4420000,8840.000000883445,-38234.79698217363,6292.462548346772,-31942.33443382686,282.33885085163945
4425000,8850.000000885482,-38341.638772439,6211.49649071792,-32130.14228172108,278.705954589917
4430000,8860.00000088752,-38695.92804325993,6103.570329321332,-32592.357713938603,273.86337536891756
4435000,8870.000000889557,-38398.12722539251,6435.318027130302,-31962.80919826221,288.7486866524421
4440000,8880.000000891594,-38644.41731834856,6170.148848913222,-32474.26846943534,276.85071181606355
4445000,8890.000000893631,-38321.561234831104,6399.569141871784,-31921.99209295932,287.14465657589136
4450000,8900.000000895669,-37861.91287242123,6301.666172298033,-31560.246700123193,282.75181169011955
4455000,8910.000000897706,-37991.148889371136,6053.835052869913,-31937.313836501224,271.63178468527155
4460000,8920.000000899743,-38168.96388973889,6148.48068027598,-32020.483209462906,275.8784746694626
4465000,8930.00000090178,-38077.25616718492,6181.067599337808,-31896.188567847108,277.3406293044757
4470000,8940.000000903818,-38194.756390378905,6259.098400096373,-31935.657990282532,280.8418224300502
4475000,8950.000000905855,-38033.66267560396,6197.307173039575,-31836.355502564387,278.0692887986005
4480000,8960.000000907892,-38091.81285951117,6198.168336537899,-31893.64452297327,278.1079286650509
4485000,8970.00000090993,-38030.44519584399,6321.746737545668,-31708.69845829832,283.65281406763205
4490000,8980.000000911967,-37996.31337665078,6228.759251616264,-31767.55412503452,279.4805238522872
4495000,8990.000000914004,-38050.51878036892,6190.713029127464,-31859.805751241453,277.77341369403035
4500000,9000.000000916041,-37650.567178918456,6471.526158586076,-31179.04102033238,290.373322818039
4505000,9010.000000918079,-38360.510484830666,6376.109740892237,-31984.40074393843,286.0920479567152
4510000,9020.000000920116,-37753.42103414394,6301.51959966807,-31451.90143447587,282.745235068075
4515000,9030.000000922153,-37789.07809775976,6289.533858575545,-31499.544239184215,282.2074423771105
4520000,9040.00000092419,-38243.82936884365,6256.675212205209,-31987.154156638444,280.73309550806505
4525000,9050.000000926228,-38094.9641035004,6202.4386221754885,-31892.525481324912,278.2995337052814
4530000,9060.000000928265,-37816.10899169757,6006.496479643436,-31809.612512054133,269.5077325732361
4535000,9070.000000930302,-37913.88214652707,6132.346842516324,-31781.535304010744,275.1545594807921
4540000,9080.00000093234,-38304.64883645097,6016.706369406789,-32287.94246704418,269.96584392804493
4545000,9090.000000934377,-38088.97600723595,6058.738597604776,-32030.237409631172,271.8518036643125
4550000,9100.000000936414,-38406.51496991264,6038.693183762611,-32367.82178615003,270.9523785083329
4555000,9110.000000938451,-38401.53972826256,6231.60259834691,-32169.937129915656,279.6081030380726
4560000,9120.000000940488,-38369.81410058683,5965.001880250797,-32404.812220336033,267.64589590451493
4565000,9130.000000942526,-38248.40781931851,6081.197210778866,-32167.210608539644,272.85950756188436
4570000,9140.000000944563,-37723.946364730604,6180.633935318495,-31543.312429412108,277.3211710717206
4575000,9150.0000009466,-38007.93766607121,6137.515695771479,-31870.42197029973,275.38648268686103
4580000,9160.000000948638,-37880.661311028714,6267.769975387335,-31612.89133564138,281.23091057859494
4585000,9170.000000950675,-37682.8475437288,6246.2433740818815,-31436.60416964692,280.2650254694464
4590000,9180.000000952712,-37834.03476675549,6335.392128542344,-31498.642638213147,284.2650742096388
4595000,9190.00000095475,-37858.95306815403,6099.132292724997,-31759.82077542903,273.66424344830307
4600000,9200.000000956787,-38303.55976061611,6509.120423816712,-31794.439336799398,292.06015393737846
4605000,9210.000000958824,-38394.17830830992,6198.584234952537,-32195.594073357384,278.1265897662585
4610000,9220.000000960861,-38101.1072679911,6137.150889142084,-31963.956378849016,275.37011404203645
4615000,9230.000000962898,-38451.138383494144,6270.068135713601,-32181.070247780543,281.3340275921021
4620000,9240.000000964936,-38187.45479898636,6159.3725464707,-32028.082252515655,276.36718587932984
4625000,9250.000000966973,-38164.44473325892,6151.216906535146,-32013.22782672377,276.00124742682857
4630000,9260.00000096901,-37845.02665622842,6228.310971064904,-31616.71568516352,279.4604097848998
4635000,9270.000000971047,-37716.32437867381,6200.301845190242,-31516.022533483567,278.20365786114166
4640000,9280.000000973085,-38252.350165809956,6117.328295486939,-32135.021870323017,274.4806866881997
4645000,9290.000000975122,-38351.580870373014,6297.7763166124405,-32053.804553760572,282.5772763034072
4650000,9300.00000097716,-38388.48861737544,6117.903104993098,-32270.585512382342,274.50647803048906
4655000,9310.000000979197,-37626.554461482214,6099.381718118815,-31527.1727433634,273.67543500940064
4660000,9320.000000981234,-37994.997704865855,6184.159780634919,-31810.837924230935,277.4793735413056
4665000,9330.000000983271,-38037.69802230926,5917.017379470248,-32120.680642839012,265.4928614279523
4670000,9340.000000985308,-37751.80393300279,6122.35129211091,-31629.45264089188,274.70606539864053
4675000,9350.000000987346,-37883.41920739957,6182.011001540078,-31701.408205859494,277.38295917003046
4680000,9360.000000989383,-37693.924451642626,6107.018850643129,-31586.905600999497,274.01810835932514
4685000,9370.00000099142,-38320.94700317468,6162.489985371767,-32158.457017802917,276.5070634090195
4690000,9380.000000993457,-37500.329337895426,6160.316353736824,-31340.012984158602,276.40953391984584
4695000,9390.000000995495,-38028.54586808363,6085.749326788682,-31942.79654129495,273.0637581542844
4700000,9400.000000997532,-38399.39282034823,6331.36579561747,-32068.027024730756,284.08441517473454
4705000,9410.00000099957,-37871.37176014381,6257.355397138619,-31614.01636300519,280.7636149797329
4710000,9420.000001001607,-38217.66813388796,6268.534578404915,-31949.133555483044,281.265217836792
4715000,9430.000001003644,-37666.35011196612,5943.823562976335,-31722.526548989787,266.69563808155596
4720000,9440.000001005681,-38022.64056385736,6271.791158023076,-31750.849405834288,281.4113385232536
4725000,9450.000001007718,-37779.19726165559,5956.063261374111,-31823.134000281476,267.2448256776437
4730000,9460.000001009756,-37758.27974747431,6000.680782553523,-31757.59896492079,269.2467858896999
4735000,9470.000001011793,-38059.8618333184,6198.441572545329,-31861.42026077307,278.1201885934583
4740000,9480.00000101383,-37820.46856902831,6152.711983186089,-31667.756585842217,276.0683305791428
4745000,9490.000001015867,-38399.15854675547,6119.5672890230935,-32279.591257732376,274.58114892491625
4750000,9500.000001017905,-37903.805133966154,6379.653292988614,-31524.151840977538,286.25104491841927
4755000,9510.000001019942,-38112.84145921003,6188.476818986152,-31924.36464022388,277.6730763464959
4760000,9520.00000102198,-38256.724950702745,6107.734398215212,-32148.990552487532,274.0502145304274
4765000,9530.000001024016,-38364.49582468915,6090.854697537999,-32273.64112715115,273.2928329401029
4770000,9540.000001026054,-37947.83444050154,6090.96562515094,-31856.868815350597,273.2978101925736
4775000,9550.000001028091,-38004.20354179086,6231.257884327319,-31772.945657463544,279.59263593605715
4780000,9560.000001030128,-38278.069015811285,6132.11488105985,-32145.954134751435,275.144151515618
4785000,9570.000001032166,-37810.14190747431,6229.126764894223,-31581.015142580087,279.49701394273654
4790000,9580.000001034203,-37647.48686951486,6222.126076929975,-31425.360792584885,279.18289746134155
4795000,9590.00000103624,-38585.819074821426,6050.480864425906,-32535.33821039552,271.48128435196884
4800000,9600.000001038277,-38472.21520504446,6190.40565510255,-32281.809549941907,277.75962201417383
4805000,9610.000001040315,-37419.04914666386,6230.279661047925,-31188.769485615936,279.5487436705954
4810000,9620.000001042352,-37924.91359621061,6053.468735286573,-31871.444860924035,271.6153482448903
4815000,9630.00000104439,-38220.167590088015,6374.067696894481,-31846.099893193532,286.0004227223518
4820000,9640.000001046426,-37771.143171735275,6340.97025305829,-31430.172918676984,284.5153611606756
4825000,9650.000001048464,-38190.18268989779,6234.791858106602,-31955.390831791185,279.75120312467635
4830000,9660.000001050501,-38114.369917907905,6269.4424336819375,-31844.92748422597,281.3059527340893
4835000,9670.000001052538,-38096.02276830868,6350.2652265685265,-31745.757541740153,284.9324207966152
4840000,9680.000001054575,-38280.59661018614,6100.216118451017,-32180.380491735123,273.71287402936053
4845000,9690.000001056613,-38039.45205926383,6053.521559033921,-31985.930500229908,271.61771841332745
4850000,9700.00000105865,-38172.68657646893,6209.411277290985,-31963.27529917794,278.6123923703221
4855000,9710.000001060687,-37965.229737886075,6147.5113346537555,-31817.71840323232,275.83498073891406
4860000,9720.000001062725,-37876.30566795748,6261.51119308602,-31614.794474871458,280.9500829393191
4865000,9730.000001064762,-38141.73732323131,6094.312635590106,-32047.424687641207,273.44798845329774
4870000,9740.000001066799,-38001.12738266018,6239.986570251013,-31761.14081240917,279.98428660289954
4875000,9750.000001068836,-38632.658539345706,6057.125690340019,-32575.532849005685,271.77943352620474
4880000,9760.000001070874,-38367.7342473752,6162.737205082454,-32204.997042292744,276.51815600249734
4885000,9770.00000107291,-38036.85655749732,6271.964033252501,-31764.892524244817,281.4190953264513
4890000,9780.000001074948,-37862.01912763011,6182.022779671272,-31679.99634795884,277.3834876473954
4895000,9790.000001076985,-38131.96806559841,6181.870656870485,-31950.09740872793,277.3766619926644
4900000,9800.000001079023,-38134.68733210156,6117.9824446318125,-32016.704887469747,274.5100379503534
4905000,9810.00000108106,-38088.800885516044,6152.956732825404,-31935.84415269064,276.07931234206626
4910000,9820.000001083097,-38497.31212435044,6198.212726513855,-32299.099397836588,278.10992041545137
4915000,9830.000001085134,-38118.43046017247,6187.789290669354,-31930.64116950312,277.64222738181775
4920000,9840.000001087172,-38140.02803911156,6164.769288622221,-31975.258750489338,276.6093343173532
4925000,9850.000001089209,-38004.77452997645,6302.23456792389,-31702.53996205256,282.77731524561955
4930000,9860.000001091246,-38035.25999029851,6177.170767924904,-31858.089222373605,277.16578092125076
4935000,9870.000001093284,-38156.23056541414,6046.623039925022,-32109.60752548912,271.30818618443936
4940000,9880.00000109532,-37927.32812270552,6226.441776654015,-31700.886346051506,279.37654020316864
4945000,9890.000001097358,-37985.572126368774,6078.643300657375,-31906.9288257114,272.7449152153523
4950000,9900.000001099395,-38465.84552396501,6332.850635614863,-32132.994888350142,284.1510390148196
4955000,9910.000001101433,-38461.65042568294,6258.100448049976,-32203.549977632967,280.7970449471776
4960000,9920.00000110347,-38278.35511447704,6399.7992777786185,-31878.55583669842,287.1549826297973
4965000,9930.000001105507,-38379.88414196005,6133.2957751186605,-32246.588366841388,275.19713749193176
4970000,9940.000001107544,-37951.04536690177,6123.501563580907,-31827.543803320867,274.7576773585864
4975000,9950.000001109582,-38341.26493467699,6257.931835648251,-32083.33309902874,280.78947941438713
4980000,9960.000001111619,-38035.218620864085,6047.256578133016,-31987.96204273107,271.33661264677283
4985000,9970.000001113656,-37731.32224802397,6164.077927155626,-31567.244320868347,276.578313361646
4990000,9980.000001115694,-38187.56899044034,6091.026831054861,-32096.54215938548,273.3005564631228
4995000,9990.00000111773,-38341.402382524466,6016.870739737246,-32324.53164278722,269.9732191217563
5000000,10000.000001119768,-38339.89885618366,5979.367011030865,-32360.531845152793,268.2904503195179
5005000,10010.000001121805,-38214.00885672441,6144.0752339203145,-32069.933622804096,275.6808050525216
5010000,10020.000001123843,-38237.8223181627,5963.704250861367,-32274.118067301337,267.5876720870781
5015000,10030.00000112588,-38184.9248259439,6123.671865788176,-32061.25296015572,274.7653187118926
5020000,10040.000001127917,-37732.37707265678,6103.96113308494,-31628.41593957184,273.88091048886116
5025000,10050.000001129954,-38382.64064442538,6210.083190859505,-32172.557453565874,278.6425407110313
5030000,10060.000001131992,-38400.63203881473,6129.324687052599,-32271.30735176213,275.0189572592188
5035000,10070.000001134029,-38533.4678683449,5955.538263960663,-32577.92960438424,267.2212693727354
5040000,10080.000001136066,-37554.592164088535,6417.90838372538,-31136.683780363157,287.9675268640578
5045000,10090.000001138103,-38141.72915139868,6250.633644239484,-31891.095507159196,280.46201413989166
5050000,10100.00000114014,-38501.403264230714,6051.822411709001,-32449.580852521714,271.54147873776964
5055000,10110.000001142178,-38518.898677891455,6341.953164883993,-32176.945513007464,284.55946379827185
5060000,10120.000001144215,-37653.65213505564,6076.589197774338,-31577.062937281305,272.6527489063641
5065000,10130.000001146253,-38116.08261257836,5950.073443071329,-32166.00916950703,266.97606628441343
5070000,10140.00000114829,-38099.521266514836,6377.915873123762,-31721.605393391073,286.1730879779814
5075000,10150.000001150327,-38768.36342898001,6160.897026753294,-32607.466402226717,276.43558835416803
5080000,10160.000001152364,-37981.9643019034,6191.631269568583,-31790.333032334813,277.81461456713197
5085000,10170.000001154402,-38125.135430654394,6156.247297385031,-31968.888133269364,276.226957911552
5090000,10180.000001156439,-37567.26907352669,6146.343806577786,-31420.9252669489,275.78259448587346
5095000,10190.000001158476,-38311.24552292338,6311.46378576816,-31999.781737155223,283.1914244660384
5100000,10200.000001160513,-38378.01442269255,6237.226155378554,-32140.788267313994,279.8604285176148
5105000,10210.00000116255,-37929.432420907324,5944.012723369036,-31985.419697538287,266.70412558982343
5110000,10220.000001164588,-38129.48003774055,6006.081343454129,-32123.39869428642,269.4891056726014
5115000,10230.000001166625,-38409.729979571806,6386.280946945355,-32023.44903262645,286.5484235976901
5120000,10240.000001168662,-38094.363734178456,6207.78247598368,-31886.581258194776,278.5393090764866
5125000,10250.0000011707,-37922.5272910239,6191.46942023001,-31731.05787079389,277.80735248874646
5130000,10260.000001172737,-38038.75754050741,6175.379315778167,-31863.37822472924,277.08539958618854
5135000,10270.000001174774,-37728.662281182864,6011.145415240238,-31717.516865942627,269.7163273998242
5140000,10280.000001176812,-38318.927958947184,6135.239821926517,-32183.68813702067,275.28436565380235
5145000,10290.000001178849,-38094.779053896724,6309.20993712278,-31785.569116773942,283.09029568988103
5150000,10300.000001180886,-37827.9578173549,6319.395284773668,-31508.562532581233,283.547305855485
5155000,10310.000001182923,-37508.59086971673,6265.478227987912,-31243.11264172882,281.1280813090961
5160000,10320.00000118496,-38475.942344796385,6414.877535108062,-32061.064809688323,287.831534586131
5165000,10330.000001186998,-38115.17334262426,6083.64514340681,-32031.528199217446,272.96934476470057
5170000,10340.000001189035,-38253.6444663961,6159.5124350933675,-32094.13203130273,276.37346259415614
5175000,10350.000001191072,-37852.90975251995,6360.788572871463,-31492.121179648486,285.4045967499016
5180000,10360.00000119311,-38222.164377861285,6056.352092238823,-32165.81228562246,271.74472266424345
5185000,10370.000001195147,-38117.02057893502,6121.686119978591,-31995.33445895643,274.6762195419485
5190000,10380.000001197184,-38052.14694505088,6172.362347541,-31879.784597509883,276.9500301122198
5195000,10390.000001199222,-37615.28337480145,6360.795565119395,-31254.487809682058,285.40491048768405
5200000,10400.000001201259,-37868.61711553483,6119.338394927822,-31749.278720607006,274.57087859031685
5205000,10410.000001203296,-37935.343806679164,6340.994820560563,-31594.348986118603,284.5164634891054
5210000,10420.000001205333,-38371.288936516954,6203.414159775686,-32167.874776741268,278.3433054660009
5215000,10430.00000120737,-37814.2186970497,6118.389897678157,-31695.828799371542,274.52832011317867
5220000,10440.000001209408,-38128.374760835235,6123.929092161065,-32004.44566867417,274.77686029803186
5225000,10450.000001211445,-38401.30889213992,6090.071564701441,-32311.237327438477,273.25769426054165
5230000,10460.000001213482,-38326.963285466816,6335.078102817172,-31991.885182649643,284.25098407216046
5235000,10470.00000121552,-38418.936563371586,6049.318837498052,-32369.617725873533,271.42914493199646
5240000,10480.000001217557,-38508.39146131968,6043.406453630585,-32464.985007689098,271.16385997334805
5245000,10490.000001219594,-38192.79685800247,6257.487855413768,-31935.3090025887,280.7695582995228
5250000,10500.000001221631,-38255.49393332085,6151.416370762356,-32104.077562558497,276.0101972616927
5255000,10510.000001223669,-37872.02495108041,6187.165741087167,-31684.859209993247,277.614249102864
5260000,10520.000001225706,-38268.4528081011,6032.773561887022,-32235.67924621408,270.68676878479647
5265000,10530.000001227743,-37663.166203755514,6098.184494919464,-31564.98170883605,273.62171635478484
5270000,10540.00000122978,-37891.14249454894,6216.724348315974,-31674.41814623297,278.9405252838718
5275000,10550.000001231818,-38154.29293918761,6156.221258877142,-31998.071680310466,276.2257895800222
5280000,10560.000001233855,-37833.014694613004,6047.941421421415,-31785.07327319159,271.36734113590956
5285000,10570.000001235892,-38129.4735994091,6142.632632986987,-31986.840966422114,275.61607645276854
5290000,10580.00000123793,-37599.09060495483,6128.100380870665,-31470.990224084162,274.9640234081482
5295000,10590.000001239967,-37357.08137624635,6183.001883269465,-31174.079492976885,277.42741941221
5300000,10600.000001242004,-38307.96356246159,6058.606942145589,-32249.356620316,271.84589636637156
5305000,10610.000001244041,-37996.14562654325,5985.378697884418,-32010.76692865883,268.5601909409155
5310000,10620.000001246079,-37969.19844920746,6293.962966429866,-31675.235482777596,282.40617367066665
5315000,10630.000001248116,-37973.35200367504,6205.575727580343,-31767.7762760947,278.4402936586703
5320000,10640.000001250153,-37612.177253655245,6147.489005097417,-31464.688248557828,275.8339788257158
5325000,10650.00000125219,-38356.77689431535,6315.840733246036,-32040.936161069316,283.3878153561941
5330000,10660.000001254228,-38437.03121351519,6198.8457238286455,-32238.185489686544,278.13832260824586
5335000,10670.000001256265,-37993.84395278403,6020.105316089657,-31973.738636694376,270.1183525354739
5340000,10680.000001258302,-38026.02666946668,6213.133177092016,-31812.893492374664,278.77939168175766
5345000,10690.00000126034,-37898.40454273281,6255.919658785257,-31642.484883947553,280.6991942996419
5350000,10700.000001262377,-37924.3885893423,6119.43376477037,-31804.95482457193,274.57515777538055
5355000,10710.000001264414,-37805.67771311657,6203.111887979379,-31602.565825137193,278.32974271994425
5360000,10720.000001266451,-37956.754142869366,6109.479771764319,-31847.274371105046,274.12852834769296
5365000,10730.000001268489,-37812.4220775451,6056.143732702905,-31756.278344842198,271.7353737024525
5370000,10740.000001270526,-38324.87336615664,6005.987830243451,-32318.885535913185,269.48490979344604
5375000,10750.000001272563,-38112.65367662091,6158.539951425843,-31954.113725195068,276.32982786148176
5380000,10760.0000012746,-38102.04158027499,6325.290107155124,-31776.751473119868,283.81180284126236
5385000,10770.000001276638,-37741.060605768485,6229.100358701267,-31511.960247067218,279.4958291134083
5390000,10780.000001278675,-37810.16130206147,6284.835158464157,-31525.32614359731,281.99661464794195
5395000,10790.000001280712,-37952.81411805068,6019.112927479813,-31933.701190570864,270.07382468051264
5400000,10800.00000128275,-37674.45656093242,6098.352499469932,-31576.104061462487,273.62925461367035
5405000,10810.000001284787,-38381.06729917515,6377.842674546815,-32003.224624628332,286.16980360370974
5410000,10820.000001286824,-38044.13630528705,6379.917471043753,-31664.2188342433,286.2628984221843
5415000,10830.000001288861,-38174.58208738566,6266.391865905014,-31908.190221480643,281.1690756698296
5420000,10840.000001290899,-38580.387219101045,6233.632483629222,-32346.754735471823,279.6991827184943
5425000,10850.000001292936,-38509.38958262396,6078.861558509586,-32430.528024114374,272.7547083083917
5430000,10860.000001294973,-38443.368368298376,6013.942587675994,-32429.425780622383,269.84183477393685
5435000,10870.00000129701,-38194.7557036089,6224.194495308011,-31970.56120830089,279.27570609761835
5440000,10880.000001299048,-38017.804995331055,6003.941363069913,-32013.863632261142,269.3930860939575
5445000,10890.000001301085,-37937.4585916527,6150.321139443271,-31787.137452209427,275.96105491882275
5450000,10900.000001303122,-38234.28541523715,6379.50720391352,-31854.77821132363,286.24448999317866
5455000,10910.00000130516,-37986.56941842412,6194.968414004416,-31791.601004419706,277.96435014646994
5460000,10920.000001307197,-38193.43855145705,6176.857818928726,-32016.580732528328,277.15173909592767
5465000,10930.000001309234,-38520.09997587527,6188.9110141672045,-32331.188961708067,277.6925584121454
5470000,10940.000001311271,-38275.80526735645,6213.513480844769,-32062.291786511683,278.7964556727949
5475000,10950.000001313309,-38452.414953051455,6385.412907766611,-32067.002045284844,286.5094752237685
5480000,10960.000001315346,-38124.57904248792,6055.542037040148,-32069.037005447775,271.708375995167
5485000,10970.000001317383,-37890.061703451385,6209.597561694878,-31680.464141756507,278.62075083477424
5490000,10980.00000131942,-38130.83770183036,6189.182592783698,-31941.65510904666,277.7047439744602
5495000,10990.000001321458,-38076.49622483761,6064.491331378465,-32012.004893459147,272.10992522331094
5500000,11000.000001323495,-38106.360500145995,6360.419846236971,-31745.940653909023,285.38805221690507
