#"Step","Time (ps)","Potential Energy (kJ/mole)","Kinetic Energy (kJ/mole)","Total Energy (kJ/mole)","Temperature (K)"
505000,1009.9999999899404,-40004.82715940738,5663.282987460201,-34341.54417194718,254.10795828212778
510000,1019.999999989704,-40081.931951497565,5834.744617157843,-34247.187334339724,261.80133414603347
515000,1029.9999999894676,-40055.044713837466,5963.949327001196,-34091.09538683627,267.598668499875
520000,1039.9999999892311,-40146.85967985417,5809.278161086078,-34337.58151876809,260.6586702227567
525000,1049.9999999889947,-40272.45150587158,5599.381944286137,-34673.06956158544,251.2407585237873
530000,1059.9999999887582,-40222.07804405026,5887.312981594955,-34334.7650624553,264.1600437120084
535000,1069.9999999885217,-40514.521183468794,5785.552436363001,-34728.96874710579,259.5941118241222
540000,1079.9999999882853,-40423.34254372057,5736.846906403,-34686.495637317574,257.40872522017014
545000,1089.9999999880488,-40341.18312909153,5749.885787031701,-34591.29734205983,257.9937716220858
550000,1099.9999999878123,-40400.79686042783,5715.5256174530605,-34685.27124297477,256.45205234773755
555000,1109.9999999875758,-40759.11869364157,5739.455737292379,-35019.66295634919,257.5257818271367
560000,1119.9999999873394,-40463.89314182155,5794.309589205062,-34669.58355261649,259.98703978375056
565000,1129.999999987103,-40122.91408164934,5885.444785678783,-34237.46929597056,264.07621893210944
570000,1139.9999999868664,-40018.05692422576,5724.179486525493,-34293.87743770027,256.84034602935395
575000,1149.99999998663,-39876.06721490007,5722.3332457188835,-34153.73396918119,256.757506361461
580000,1159.9999999863935,-39671.881680962884,5774.859259708253,-33897.02242125463,259.1143156893882
585000,1169.999999986157,-40467.5715670763,5764.178071467988,-34703.39349560831,258.6350574672985
590000,1179.9999999859206,-40091.65174282111,5730.616280339349,-34361.035462481756,257.12916093363185
595000,1189.999999985684,-40262.517241726484,5882.636275220355,-34379.88096650613,263.95020282802534
600000,1199.9999999854476,-40455.52953917334,5760.363786155597,-34695.16575301774,258.4639128758693
605000,1209.9999999852112,-40428.773215432055,6004.667599211129,-34424.10561622093,269.4256718544578
610000,1219.9999999849747,-40201.07073106927,5918.5115437875265,-34282.55918728174,265.55990364442675
615000,1229.9999999847382,-40309.97332474771,5990.796930373506,-34319.176394374204,268.80330363691684
620000,1239.9999999845018,-40218.447601679945,5807.880759140318,-34410.56684253963,260.59596967324813
625000,1249.9999999842653,-40418.838644361706,5956.988929853942,-34461.84971450776,267.2863598421869
630000,1259.9999999840288,-39971.69057057802,5908.614750592848,-34063.07581998518,265.11584073642655
635000,1269.9999999837923,-39648.260000485636,5803.540703913895,-33844.71929657174,260.4012341152935
640000,1279.9999999835559,-39389.27562148482,5919.516802927273,-33469.758818557544,265.6050089919983
645000,1289.9999999833194,-40125.14118449026,5991.224432230643,-34133.91675225962,268.82248537731715
650000,1299.999999983083,-39817.28047463011,5878.39384829947,-33938.88662633064,263.75984779095336
655000,1309.9999999828465,-39658.142671778085,5474.77614969769,-34183.366522080396,245.6497746151424
660000,1319.99999998261,-39892.45867752889,5813.969637852775,-34078.48903967612,260.86917384497605
665000,1329.9999999823735,-40085.014073454244,5920.033332276478,-34164.980741177766,265.6281853401713
670000,1339.999999982137,-40174.237071733485,5673.578712901237,-34500.65835883225,254.5699210299982
675000,1349.9999999819006,-40032.280809883,5691.869757475544,-34340.41105240746,255.3906287364498
680000,1359.9999999816641,-39945.322002857254,5902.029546648751,-34043.2924562085,264.82036676261816
685000,1369.9999999814277,-40268.210636024356,5707.27098845445,-34560.9396475699,256.0816723180167
690000,1379.9999999811912,-40625.71373917381,5732.326723894682,-34893.38701527913,257.2059074639686
695000,1389.9999999809547,-40520.07846593582,5569.192513675988,-34950.88595225983,249.88617769301635
700000,1399.9999999807183,-39900.35803441869,5915.270673535619,-33985.08736088307,265.41448782738337
705000,1409.9999999804818,-40191.25551870787,5650.527886577405,-34540.72763213047,253.53564489955681
710000,1419.9999999802453,-39981.608049419854,6042.455838774386,-33939.152210645465,271.12120648053195
715000,1429.9999999800089,-39736.826407878005,5776.141853023304,-33960.6845548547,259.1718648475912
720000,1439.9999999797724,-39878.52850787525,5606.64306142022,-34271.88544645503,251.56656029881336
725000,1449.999999979536,-40303.654348548036,5705.984177961117,-34597.67017058692,256.02393393766715
730000,1459.9999999792994,-39910.952161602574,5839.081355947206,-34071.870805655366,261.99592089753577
735000,1469.999999979063,-40086.05197303727,5936.5224027054755,-34149.5295703318,266.3680395960791
740000,1479.9999999788265,-40087.73186003027,5543.490747775467,-34544.2411122548,248.7329555651997
745000,1489.99999997859,-40449.56514925396,5777.309152577216,-34672.255996676744,259.22424084699037
750000,1499.9999999783536,-40253.2191618368,5897.456896909103,-34355.7622649277,264.61519483462973
755000,1509.999999978117,-40504.13178068023,5554.854839697606,-34949.27694098263,249.24285524749692
760000,1519.9999999778806,-40685.03769939635,5689.640663790529,-34995.39703560582,255.29061069984925
765000,1529.9999999776442,-40036.24875862085,5849.726000097347,-34186.522758523504,262.47353940920493
770000,1539.9999999774077,-40304.76408328642,5870.627328252482,-34434.136755033935,263.41136890397786
775000,1549.9999999771712,-40237.74767519231,5812.160532577907,-34425.5871426144,260.78800042511835
780000,1559.9999999769348,-40369.45651314971,5656.171512082659,-34713.28500106705,253.78887083893235
785000,1569.9999999766983,-40416.84548794808,5722.232898762394,-34694.61258918569,256.7530038564141
790000,1579.9999999764618,-40100.19660114166,5692.293378749364,-34407.9032223923,255.40963635750867
795000,1589.9999999762254,-39813.645057118345,5916.33712796976,-33897.307929148585,265.4623389694613
800000,1599.9999999759889,-39802.03957496902,5789.137152692208,-34012.90242227681,259.75495579915435
805000,1609.9999999757524,-39778.71692630724,5620.117462949154,-34158.599463358085,252.1711482505672
810000,1619.999999975516,-39626.2855263699,5836.169684605782,-33790.11584176412,261.865276029286
815000,1629.9999999752795,-39938.3413501904,5837.054967090684,-34101.286383099716,261.904998099548
820000,1639.999999975043,-40125.24517751382,5725.763680157965,-34399.48149735585,256.9114278047769
825000,1649.9999999748065,-40074.26840344089,6050.511120008929,-34023.75728343196,271.4826419010169
830000,1659.99999997457,-40154.76108268246,5797.017644826823,-34357.743437855635,260.10854854227165
835000,1669.9999999743336,-40111.36651904381,6074.148324257287,-34037.218194786525,272.5432284414295
840000,1679.9999999740971,-39709.81171463925,5816.021312369892,-33893.790402269355,260.96123119470735
845000,1689.9999999738607,-39981.02791499391,5884.458518379222,-34096.56939661469,264.03196573650416
850000,1699.9999999736242,-40132.86238158245,5866.742548905158,-34266.11983267729,263.2370612893821
855000,1709.9999999733877,-40099.76614900144,5679.351428210359,-34420.41472079109,254.82893914796844
860000,1719.9999999731513,-40295.863588916865,5897.073487976748,-34398.79010094012,264.59799151612987
865000,1729.9999999729148,-39683.480731309945,5731.377278300311,-33952.10345300964,257.16330643519785
870000,1739.9999999726783,-40047.14826694029,5726.165546114562,-34320.98272082573,256.9294592783868
875000,1749.9999999724419,-40153.239365452115,5719.087822743764,-34434.15154270835,256.6118862665805
880000,1759.9999999722054,-40041.09713360766,5832.57280181534,-34208.52433179232,261.7038861527633
885000,1769.999999971969,-39546.04541069208,5875.440788209699,-33670.60462248238,263.62734583550497
890000,1779.9999999717324,-39574.53547173721,6058.53542580935,-33516.00004592786,271.8426874731862
895000,1789.999999971496,-39809.810955298286,5789.726865107048,-34020.08409019124,259.78141582561614
900000,1799.9999999712595,-39749.0397248983,5693.690822715945,-34055.348902182355,255.47233879246522
905000,1809.999999971023,-39618.429812901304,5857.066521352268,-33761.36329154904,262.80290399736776
910000,1819.9999999707866,-40003.66332600302,5796.101128504268,-34207.56219749875,260.06742502928944
915000,1829.99999997055,-40063.013883087566,5928.352149988743,-34134.66173309882,266.0014454772447
920000,1839.9999999703136,-40317.34864872965,5699.629153013963,-34617.71949571568,255.73878795119091
925000,1849.9999999700772,-40258.42214652151,5815.6353613542515,-34442.786785167256,260.94391381452374
930000,1859.9999999698407,-40069.90111237635,5794.770908273479,-34275.13020410287,260.00773888122666
935000,1869.9999999696042,-40142.89496039343,5890.91373662148,-34251.98122377195,264.3216073333373
940000,1879.9999999693678,-40267.09403621259,5679.813346246911,-34587.28068996568,254.8496651207694
945000,1889.9999999691313,-39836.93149264698,5824.95867852294,-34011.97281412404,261.3622452126541
950000,1899.9999999688948,-39887.1585941349,5614.787331726024,-34272.37126240887,251.9319886031534
955000,1909.9999999686584,-39878.58674054061,5558.959769648072,-34319.62697089254,249.4270408816801
960000,1919.999999968422,-40116.34908118997,5758.229277537852,-34358.11980365212,258.36813881195764
965000,1929.9999999681854,-39896.17619091826,5665.0515240394,-34231.12466687886,254.18731141003653
970000,1939.999999967949,-40149.86606002774,5745.154186729004,-34404.71187329874,257.7814676819529
975000,1949.9999999677125,-39523.50209416213,5829.395710996947,-33694.106383165185,261.561332078929
980000,1959.999999967476,-39819.821989878736,5780.471492447168,-34039.350497431566,259.366133055013
985000,1969.9999999672395,-40033.68831558688,6036.503846246484,-33997.1844693404,270.85414430611394
990000,1979.999999967003,-39760.58271737314,5945.001853808653,-33815.580863564486,266.74850725272853
995000,1989.9999999667666,-40145.71239376859,5571.408727261821,-34574.30366650677,249.98561780763893
1000000,1999.9999999665301,-39818.84289428688,5707.749311314299,-34111.09358297258,256.10313436495744
1005000,2009.9999999662937,-39904.86770218223,5773.821385899773,-34131.04631628246,259.0677469420713
1010000,2019.9999999660572,-40440.85347164638,5786.918244812465,-34653.93522683391,259.6553947932527
1015000,2029.9999999658207,-39846.94396905489,5940.756747410911,-33906.18722164398,266.55803198920927
1020000,2039.9999999655843,-40366.200148699194,5866.982447146582,-34499.21770155261,263.2478253731227
1025000,2049.999999965348,-39970.96935593081,5691.052865046112,-34279.916490884694,255.35397528511444
1030000,2059.9999999651113,-40654.201580151406,5788.64079519322,-34865.56078495819,259.7326845492583
1035000,2069.999999964875,-40333.36837295341,5832.791748736095,-34500.57662421731,261.71371016387627
1040000,2079.9999999646384,-40776.68051016416,5703.549185485383,-35073.131324678776,255.91467735137059
1045000,2089.999999964402,-40592.21422040763,5705.876167096427,-34886.33805331121,256.01908755786246
1050000,2099.9999999641655,-40416.45280807428,5912.874112829514,-34503.57869524477,265.30695565050365
1055000,2109.999999963929,-40344.30069608248,5759.379585084612,-34584.921110997864,258.4197523906452
1060000,2119.9999999636925,-40137.451237950154,5784.248568052688,-34353.202669897466,259.53560807021546
1065000,2129.999999963456,-40150.16673445745,5999.877218025541,-34150.28951643191,269.2107304529495
1070000,2139.9999999632196,-40200.1344527392,5888.302009276642,-34311.832443462554,264.20442076422955
1075000,2149.999999962983,-39906.545468599485,5926.192376547082,-33980.353092052406,265.9045377965182
1080000,2159.9999999627466,-40008.76028193602,5780.7513978025445,-34228.00888413347,259.3786922328828
1085000,2169.99999996251,-40006.99350644849,5705.85374588282,-34301.13976056567,256.01808153205997
1090000,2179.9999999622737,-39944.18768639887,5967.847035605616,-33976.34065079326,267.77355624213345
1095000,2189.9999999620372,-40031.77189282717,5737.48714866095,-34294.28474416622,257.43745248902354
1100000,2199.9999999618008,-39996.832495732386,5727.301154003789,-34269.531341728594,256.9804132926537
1105000,2209.9999999615643,-39752.52008497823,5767.4065768811815,-33985.11350809704,258.7799184817783
1110000,2219.999999961328,-39908.854621244194,5875.769877173203,-34033.08474407099,263.64211185104654
1115000,2229.9999999610914,-40192.24553089714,5786.572404900006,-34405.673125997135,259.6398771731299
1120000,2239.999999960855,-40158.292449022134,6025.585562514182,-34132.70688650795,270.36424775789214
1125000,2249.9999999606184,-39849.16769772636,6026.387448149677,-33822.78024957669,270.40022786378876
1130000,2259.999999960382,-39942.380594578965,5816.379537478114,-34126.00105710085,260.97730453080186
1135000,2269.9999999601455,-39919.810684286276,5849.274764491835,-34070.53591979444,262.4532927503898
1140000,2279.999999959909,-40108.375091541915,5609.926144715297,-34498.44894682662,251.71387018864743
1145000,2289.9999999596726,-39971.52409576877,5924.346262282565,-34047.1778334862,265.82170380648967
1150000,2299.999999959436,-40039.48677945044,5722.276235874151,-34317.210543576286,256.7549483654579
1155000,2309.9999999591996,-39831.68269963475,5815.280844989903,-34016.40185464485,260.92800688744245
1160000,2319.999999958963,-39839.99082607556,5826.652428183912,-34013.33839789165,261.43824269841343
1165000,2329.9999999587267,-40130.490999591835,5752.449991804948,-34378.04100778689,258.1088258831901
1170000,2339.99999995849,-39799.949418700126,5687.584318458556,-34112.36510024157,255.19834377358268
1175000,2349.9999999582537,-40235.102315344964,5785.0349505310405,-34450.06736481392,259.5708925591674
1180000,2359.9999999580173,-39897.261813472716,5997.090132046906,-33900.17168142581,269.0856756518464
1185000,2369.999999957781,-39770.94368829062,5872.963337777378,-33897.980350513244,263.5161841873062
1190000,2379.9999999575443,-40236.27800261804,5659.761511054894,-34576.51649156315,253.94995184284642
1195000,2389.999999957308,-39785.79707465559,5782.038795088518,-34003.75827956707,259.43645694225035
1200000,2399.9999999570714,-39660.89124368694,5810.265131070866,-33850.626112616075,260.7029549474077
1205000,2409.999999956835,-39615.02204668641,5940.396357845141,-33674.62568884127,266.54186153526115
1210000,2419.9999999565985,-39652.07702303528,5773.39149123372,-33878.68553180156,259.0484578378346
1215000,2429.999999956362,-39644.76852687102,5925.003437619295,-33719.76508925173,265.85119085197545
1220000,2439.9999999561255,-40324.36974581728,5484.0524220747275,-34840.31732374256,246.0659951429559
1225000,2449.999999955889,-39592.16473076354,5891.326103395849,-33700.838627367695,264.3401099720594
1230000,2459.9999999556526,-40079.49498005906,5672.425972096314,-34407.069007962746,254.5181982725418
1235000,2469.999999955416,-40120.59958956018,5858.713012431009,-34261.886577129175,262.8767810201609
1240000,2479.9999999551796,-39948.749080152586,5710.344838818653,-34238.404241333934,256.2195940573756
1245000,2489.999999954943,-40137.85343632575,5738.82929781619,-34399.02413850956,257.49767388045024
1250000,2499.9999999547067,-40328.92254956456,5732.699301570902,-34596.22324799366,257.22262479079393
1255000,2509.9999999544702,-40382.142186381716,5762.356796988745,-34619.78538939297,258.5533380228674
1260000,2519.9999999542338,-40490.537704552116,5658.123807453474,-34832.41389709864,253.87646910865325
1265000,2529.9999999539973,-40256.88571817855,5814.20305093396,-34442.68266724459,260.8796469436412
1270000,2539.999999953761,-40282.67653262403,5747.770825811393,-34534.905706812635,257.8988746376461
1275000,2549.9999999535244,-40326.59383843576,6029.433808140866,-34297.160030294894,270.5369161273397
1280000,2559.999999953288,-40061.05403325532,5800.253033298581,-34260.800999956744,260.2537183952753
1285000,2569.9999999530514,-40497.91973984805,5739.918905737539,-34758.000834110506,257.5465639049882
1290000,2579.999999952815,-40571.54044599485,5706.484854337699,-34865.05559165715,256.04639897289405
1295000,2589.9999999525785,-40207.76478324829,5977.879750403278,-34229.88503284501,268.22371786727314
1300000,2599.999999952342,-40420.46969519003,5661.789002348468,-34758.68069284157,254.04092410649375
1305000,2609.9999999521056,-40329.173862383206,5790.475705273811,-34538.69815710939,259.8150158145761
1310000,2619.999999951869,-39946.464946708176,5703.916296926136,-34242.54864978204,255.93114941163643
1315000,2629.9999999516326,-39878.55090211812,5871.571492666031,-34006.97940945209,263.45373296947497
1320000,2639.999999951396,-40019.14756592779,5775.807798408687,-34243.33976751911,259.1568760263964
1325000,2649.9999999511597,-40190.60640992464,5606.089041813069,-34584.51736811157,251.54170178626273
1330000,2659.999999950923,-40070.68344964302,5747.7540967918185,-34322.9293528512,257.89812401702244
1335000,2669.9999999506867,-39999.6610026242,5945.605901093326,-34054.055101530874,266.77561047581554
1340000,2679.9999999504503,-40306.02890035667,5678.296175523446,-34627.73272483323,254.7815906212682
1345000,2689.999999950214,-40275.02699748468,5944.303726266416,-34330.72327121827,266.71718270744776
1350000,2699.9999999499773,-40332.962289443334,5782.486423015651,-34550.47586642768,259.4565417267977
1355000,2709.999999949741,-40688.57132083131,6041.205133083645,-34647.36618774766,271.0650881000467
1360000,2719.9999999495044,-40034.61136221303,5663.952820447242,-34370.658541765784,254.13801326844998
1365000,2729.999999949268,-40003.00561031015,5849.241054221166,-34153.76455608899,262.4517801916722
1370000,2739.9999999490315,-40182.235348925984,5595.2316866488,-34587.00366227719,251.0545390647026
1375000,2749.999999948795,-40473.95660925745,5522.738871715525,-34951.21773754193,247.80183189227157
1380000,2759.9999999485585,-40094.8783428148,5903.470204307196,-34191.408138507606,264.88500816884516
1385000,2769.999999948322,-40559.02727233758,5761.362699941723,-34797.66457239586,258.5087335114007
1390000,2779.9999999480856,-40287.759895294854,5753.944179527646,-34533.81571576721,258.1758691498511
1395000,2789.999999947849,-40145.96983307582,5843.744561734677,-34302.22527134114,262.20515601863553
1400000,2799.9999999476127,-40169.69780348121,5819.978616962623,-34349.71918651859,261.13879297161066
1405000,2809.999999947376,-40621.38993229634,5765.601314690257,-34855.788617606086,258.6989174986885
1410000,2819.9999999471397,-40227.11791998391,5732.804622671205,-34494.31329731271,257.22735048255635
1415000,2829.9999999469032,-40300.19335075388,5697.781054061064,-34602.41229669281,255.65586490943858
1420000,2839.999999946667,-40300.10664908433,5732.609661617661,-34567.49698746667,257.21860270227234
1425000,2849.9999999464303,-40552.94027312594,5640.638485254587,-34912.30178787135,253.09191366021417
1430000,2859.999999946194,-40016.11483231511,5925.017308265045,-34091.09752405006,265.85181321915707
1435000,2869.9999999459574,-39959.524760982764,5774.69588228087,-34184.8288787019,259.1069850466155
1440000,2879.999999945721,-40367.22235692917,5662.689039952462,-34704.533316976704,254.08130822970188
1445000,2889.9999999454844,-40231.42249934947,5525.408401654397,-34706.01409769508,247.92161202754673
1450000,2899.999999945248,-40306.409282288005,5783.104494557701,-34523.3047877303,259.4842742095238
1455000,2909.9999999450115,-40146.3708588033,5599.915637798305,-34546.45522100499,251.26470501719507
1460000,2919.999999944775,-39407.03692954371,5699.026149893918,-33708.01077964979,255.7117315791163
1465000,2929.9999999445386,-39850.762011412786,5878.502473808605,-33972.25953760418,263.76472174946906
1470000,2939.999999944302,-39802.317488442684,5838.135320145274,-33964.18216829741,261.9534728640147
1475000,2949.9999999440656,-39601.54520743662,5651.102743608864,-33950.442463827756,253.56143837427663
1480000,2959.999999943829,-40020.87355878553,6131.545518615674,-33889.32804016986,275.1186045795859
1485000,2969.9999999435927,-40020.75972325903,5781.034067373088,-34239.72565588594,259.3913754393548
1490000,2979.999999943356,-40445.45093461096,5545.909578948184,-34899.541355662775,248.8414870039587
1495000,2989.9999999431197,-40277.3067310745,5866.561993082137,-34410.74473799237,263.2289598627634
1500000,2999.9999999428833,-40289.0883474728,5822.819318814946,-34466.26902865786,261.2662534833633
1505000,3009.999999942647,-40193.236408505196,5824.933894945668,-34368.30251355953,261.36113318907456
1510000,3019.9999999424103,-39608.01161634342,5907.019402990621,-33700.9922133528,265.0442584893712
1515000,3029.999999942174,-39931.454932926106,5811.951831164522,-34119.503101761584,260.7786361234998
1520000,3039.9999999419374,-40071.10495969519,5594.320927543966,-34476.78403215123,251.01367387447132
1525000,3049.999999941701,-40545.42330859919,5735.256599012437,-34810.16670958675,257.3373691242534
1530000,3059.9999999414645,-40596.0941248745,5859.984775978821,-34736.10934889568,262.9338442534953
1535000,3069.999999941228,-40167.60944924404,5650.0428218174675,-34517.56662742657,253.51388034778444
1540000,3079.9999999409915,-40555.39643745953,5988.212426872588,-34567.18401058694,268.6873385846238
1545000,3089.999999940755,-40423.067449570255,5869.59887423838,-34553.46857533188,263.36522281693095
1550000,3099.9999999405186,-40703.85665771071,5822.174429749517,-34881.682227961195,261.23731771517066
1555000,3109.999999940282,-40527.78658636402,6007.546988378639,-34520.239597985375,269.55486824179644
1560000,3119.9999999400457,-40298.13027657894,5793.207579636738,-34504.9226969422,259.9375933050854
1565000,3129.999999939809,-40179.6519329117,5821.439266921774,-34358.21266598992,261.2043314198405
1570000,3139.9999999395727,-40204.195529076744,5641.467205235937,-34562.728323840805,253.12909780639137
1575000,3149.9999999393362,-39867.88719971592,5851.772237813347,-34016.114961902575,262.56535281307754
1580000,3159.9999999391,-39768.65498656499,5795.7994363335265,-33972.85555023146,260.0538882906687
1585000,3169.9999999388633,-40110.945576866245,5850.578687976798,-34260.366888889446,262.5117989799484
1590000,3179.999999938627,-40289.72426057966,5788.995669703247,-34500.72859087641,259.7486075461117
1595000,3189.9999999383904,-39902.996487531505,5725.690660076551,-34177.305827454955,256.90815143948794
1600000,3199.999999938154,-40213.56223701114,5788.668981329567,-34424.89325568157,259.7339492435311
1605000,3209.9999999379174,-40367.51614455804,5766.277071893282,-34601.23907266476,258.72923830086904
1610000,3219.999999937681,-39969.82433520108,5894.933478588794,-34074.89085661229,264.50197063610653
1615000,3229.9999999374445,-39986.02889389938,5746.199556646898,-34239.829337252486,257.8283727750011
1620000,3239.999999937208,-40024.7501841223,5754.918022613381,-34269.832161508915,258.21956487876867
1625000,3249.9999999369716,-40035.96510710078,5962.749597778153,-34073.21550932263,267.54483740154666
1630000,3259.999999936735,-39837.76693347584,5799.616306888187,-34038.15062658765,260.2251488802983
1635000,3269.9999999364986,-40065.8827406524,5763.612997677215,-34302.269742975186,258.60970296045684
1640000,3279.999999936262,-39677.075728689946,5677.478583409404,-33999.59714528054,254.74490577552288
1645000,3289.9999999360257,-40086.246965121136,5627.075174649972,-34459.17179047116,252.48333641395675
1650000,3299.999999935789,-39612.16291464218,5716.607971343037,-33895.55494329914,256.50061688843414
1655000,3309.9999999355528,-39439.76719739936,5611.256491202883,-33828.51070619647,251.77356200177366
1660000,3319.9999999353163,-40069.83786985564,6053.651049034965,-34016.18682082067,271.6235285485186
1665000,3329.99999993508,-39889.116947100265,5640.09569214801,-34249.021254952255,253.0675588737083
1670000,3339.9999999348433,-39703.66950015419,5942.992887543498,-33760.67661261069,266.65836619549606
1675000,3349.999999934607,-40044.63502848963,5865.169186543753,-34179.46584194588,263.16646550630367
1680000,3359.9999999343704,-40253.69225204288,5749.08991633631,-34504.60233570657,257.9580614027819
1685000,3369.999999934134,-40067.351981037005,5649.648188405595,-34417.70379263141,253.49617339392339
1690000,3379.9999999338975,-40188.36180054145,5707.849533629432,-34480.51226691202,256.1076312774248
1695000,3389.999999933661,-39646.73264146029,5871.938737463597,-33774.79390399669,263.4702110133774
1700000,3399.9999999334245,-39902.2151307273,5751.754028694222,-34150.46110203308,258.07759845459475
1705000,3409.999999933188,-39936.31196546511,5833.618584943395,-34102.69338052171,261.7508097862925
1710000,3419.9999999329516,-39824.54201238461,5687.8181264574605,-34136.72388592715,255.20883459195844
1715000,3429.999999932715,-40486.52033002863,5832.232140346915,-34654.28818968171,261.68860088617873
1720000,3439.9999999324787,-40175.33723140805,5851.685278941975,-34323.65195246607,262.56145102301906
1725000,3449.999999932242,-40271.365548057685,5791.861748018191,-34479.50380003949,259.87720668383804
1730000,3459.9999999320057,-40055.56343546376,5784.355106220619,-34271.20832924314,259.54038837103957
1735000,3469.9999999317693,-40352.62253816025,5772.165018012146,-34580.457520148106,258.99342675305354
1740000,3479.999999931533,-40451.21133634416,5928.460644956941,-34522.75069138722,266.0063135784704
1745000,3489.9999999312963,-40579.83786529849,5927.55352042662,-34652.28434487187,265.9656114693196
1750000,3499.99999993106,-40131.326793395085,5802.576503998316,-34328.75028939677,260.3579710693772
1755000,3509.9999999308234,-40140.482296376846,5789.481968672288,-34351.00032770456,259.7704274760731
1760000,3519.999999930587,-40235.95263736,5841.045770244105,-34394.9068671159,262.0840629358747
1765000,3529.9999999303504,-39934.734009718275,5567.637757213211,-34367.09625250506,249.81641674494844
1770000,3539.999999930114,-40348.83302232097,5787.462642003156,-34561.370380317814,259.67982155400745
1775000,3549.9999999298775,-40379.46461646522,5817.1912025288875,-34562.27341393633,261.0137234329329
1780000,3559.999999929641,-40061.95414511184,5791.491905921148,-34270.462239190696,259.86061210073586
1785000,3569.9999999294046,-40473.28662622836,5930.322713001104,-34542.96391322726,266.08986340459285
1790000,3579.999999929168,-40387.33573105747,5743.362527875297,-34643.97320318218,257.7010770720785
1795000,3589.9999999289316,-40042.82000533226,5649.168008683042,-34393.65199664922,253.47462803071684
1800000,3599.999999928695,-39952.422542342916,5914.933269160512,-34037.48927318241,265.39934870453476
1805000,3609.9999999284587,-40070.51399867392,5717.599145761317,-34352.9148529126,256.5450902633808
1810000,3619.999999928222,-39955.95576974428,5747.8966477901595,-34208.059121954124,257.90452019097665
1815000,3629.9999999279858,-39548.176868948845,5747.218630762845,-33800.958238186,257.8740979918966
1820000,3639.9999999277493,-39867.66360993896,5825.677922536417,-34041.98568740254,261.394517240765
1825000,3649.999999927513,-39828.52940757734,5784.72834985902,-34043.80105771832,259.5571355791706
1830000,3659.9999999272763,-39869.418097133355,5944.825358373013,-33924.592738760344,266.7405880131468
1835000,3669.99999992704,-39772.34837546258,5897.148999911262,-33875.19937555132,264.60137968930576
1840000,3679.9999999268034,-39765.311965161636,5971.842697942788,-33793.46926721885,267.9528391069897
1845000,3689.999999926567,-39891.849086499824,5918.503818634468,-33973.345267865356,265.5595570216507
1850000,3699.9999999263305,-40014.109227461755,5841.159889657164,-34172.94933780459,262.0891834024163
1855000,3709.999999926094,-40288.276244272594,5908.36878295808,-34379.90746131451,265.1048043228104
1860000,3719.9999999258575,-40034.08131276456,5789.007315771386,-34245.073996993175,259.74913009789014
1865000,3729.999999925621,-40155.175371059595,5834.598507550179,-34320.576863509414,261.7947782995093
1870000,3739.9999999253846,-39990.910896524656,5742.417370801979,-34248.493525722675,257.6586684665596
1875000,3749.999999925148,-40043.8353717936,5963.833121807866,-34080.00224998573,267.5934544456798
1880000,3759.9999999249117,-39774.30309930235,5764.401990069569,-34009.90110923278,258.64510455461436
1885000,3769.999999924675,-39698.21513114983,6096.577208407711,-33601.63792274212,273.5495984163416
1890000,3779.9999999244387,-40048.44878576695,5915.338252233685,-34133.11053353327,265.41752004121184
1895000,3789.9999999242023,-40327.729854815276,5838.554430410742,-34489.17542440454,261.9722780789561
1900000,3799.999999923966,-40430.15678729069,5824.739866361323,-34605.41692092937,261.3524272480991
1905000,3809.9999999237293,-40552.15940375602,5777.811329544073,-34774.34807421195,259.2467732127624
1910000,3819.999999923493,-40366.93762516951,5808.5548481460555,-34558.38277702345,260.62621562446185
1915000,3829.9999999232564,-39947.62368997664,5765.102379428837,-34182.5213105478,258.6765305862077
1920000,3839.99999992302,-39996.21186211452,6013.090243197372,-33983.12161891715,269.8035906113733
1925000,3849.9999999227834,-40327.25305780058,5857.765481379727,-34469.487576420855,262.83426589573867
1930000,3859.999999922547,-40197.64711804402,5674.512861616059,-34523.13425642796,254.61183569737062
1935000,3869.9999999223105,-40325.10355507897,5846.137575681498,-34478.96597939747,262.312529054649
1940000,3879.999999922074,-40271.290597667336,5847.657861477021,-34423.63273619032,262.38074332548115
1945000,3889.9999999218376,-39991.278363719975,5896.575126308037,-34094.70323741194,264.57563034039447
1950000,3899.999999921601,-40464.47564642482,6097.444473467063,-34367.03117295776,273.5885120560113
1955000,3909.9999999213646,-39953.22621694423,5948.189505983787,-34005.03671096045,266.8915352080206
1960000,3919.999999921128,-40008.67981169517,5778.4327918615645,-34230.2470198336,259.2746578374575
1965000,3929.9999999208917,-40113.15238203363,5800.589382480521,-34312.562999553105,260.26881017226793
1970000,3939.9999999206552,-40029.18827801359,5697.8255225278035,-34331.36275548579,255.6578601816713
1975000,3949.9999999204188,-39825.80879457277,5891.8201821031125,-33933.98861246966,264.362278973999
1980000,3959.9999999201823,-39770.70041292886,5912.0963825861245,-33858.604030342736,265.27205938191184
1985000,3969.999999919946,-39835.22549322443,5687.89608601339,-34147.329407211044,255.21233258837316
1990000,3979.9999999197094,-40131.402606418254,5763.75868174785,-34367.6439246704,258.61623971340117
1995000,3989.999999919473,-39888.61565374585,5878.343148867736,-34010.272504878114,263.75757293922646
2000000,3999.9999999192364,-39730.00528521774,5951.808859727542,-33778.1964254902,267.05393334213517
2005000,4009.999999919,-39651.66407277674,5729.373812420585,-33922.29026035615,257.0734121768123
2010000,4019.9999999187635,-39505.315591126724,5823.32139470675,-33681.994196419975,261.2887813139611
2015000,4029.999999918527,-39914.64541148857,5696.639806805084,-34218.00560468349,255.60465786031983
2020000,4039.9999999182905,-39936.90497167833,5839.854646119135,-34097.05032555919,262.03061794290386
2025000,4049.999999918054,-40235.02115602888,6049.160087342767,-34185.861068686114,271.42202191202273
2030000,4059.9999999178176,-40448.05311967681,5801.66289204688,-34646.390227629934,260.31697787370683
2035000,4069.999999917581,-40254.692066257805,5679.0641764521115,-34575.62788980569,254.81605034160603
2040000,4079.9999999173447,-40210.67249217623,5783.826653254668,-34426.84583892156,259.51667701765615
2045000,4089.999999917108,-40150.564834810124,5833.052211704694,-34317.51262310543,261.7253969740367
2050000,4099.999999917781,-39833.52771283445,5816.688702835516,-34016.839009998934,260.9911765866244
2055000,4109.999999919818,-40218.28660929873,5885.664429740716,-34332.62217955801,264.08607422351014
2060000,4119.999999921855,-40038.41094853759,5829.851117775772,-34208.55983076182,261.5817658956765
2065000,4129.999999923893,-39858.85152791578,5748.678729318805,-34110.17279859698,257.9396116990108
2070000,4139.99999992593,-39906.450252685085,5826.914105854783,-34079.5361468303,261.44998401150343
2075000,4149.999999927967,-39558.04063188756,5722.284744359975,-33835.755887527586,256.75533013588426
2080000,4159.999999930004,-40098.10401450982,5908.347701128814,-34189.75631338101,265.1038583943439
2085000,4169.999999932042,-40363.630574044604,5721.390495262816,-34642.24007878179,256.71520573935
2090000,4179.999999934079,-40421.84395080572,5668.938369318634,-34752.90558148709,254.36171172170236
2095000,4189.999999936116,-39881.68294629914,5776.154184192772,-34105.52876210636,259.1724181394369
2100000,4199.999999938153,-40087.122136350634,5905.717510627571,-34181.404625723066,264.98584339497984
2105000,4209.999999940191,-40380.455938887506,5781.507232924785,-34598.94870596272,259.4126060811111
2110000,4219.999999942228,-40764.258651499,5884.991321211044,-34879.267330287956,264.055872265643
2115000,4229.999999944265,-40360.413701046986,5667.492265588531,-34692.921435458455,254.29682595365327
2120000,4239.9999999463025,-40409.29708366728,5829.204869772665,-34580.09221389462,261.55276915280194
2125000,4249.99999994834,-40222.33841247691,5986.905221018703,-34235.43319145821,268.62868507722874
2130000,4259.999999950377,-40163.24084076243,5736.136949647162,-34427.10389111527,257.37686990548883
2135000,4269.999999952414,-39852.322631069306,5686.358141870462,-34165.96448919884,255.14332599856
2140000,4279.999999954452,-39934.701300598164,5926.078047430057,-34008.62325316811,265.8994079206911
2145000,4289.999999956489,-40019.204060209086,6032.78519921923,-33986.418860989856,270.68729094459917
2150000,4299.999999958526,-39895.61186965319,5970.74896826868,-33924.86290138451,267.90376414198874
2155000,4309.999999960563,-40081.03153887187,5754.753573656927,-34326.27796521495,258.21218615715816
2160000,4319.999999962601,-40436.87085168625,5799.153693323128,-34637.71715836313,260.2043916995692
2165000,4329.999999964638,-40529.44211904984,5652.0908058471105,-34877.35131320273,253.60577210765572
2170000,4339.999999966675,-40493.45316912727,5682.660248032982,-34810.79292109429,254.97740381966366
2175000,4349.9999999687125,-40110.95465024932,5839.644861699866,-34271.30978854945,262.02120504749007
2180000,4359.99999997075,-40448.767800480535,5705.209342299958,-34743.558458180574,255.98916754716583
2185000,4369.999999972787,-40268.764699346895,5892.817043493162,-34375.947655853735,264.4070075198048
2190000,4379.999999974824,-40121.9472922926,5586.37481097001,-34535.57248132259,250.65713660388977
2195000,4389.999999976862,-40612.36616217485,5749.452929622473,-34862.913232552375,257.9743495814197
2200000,4399.999999978899,-40477.40867902474,5877.717281649714,-34599.69139737503,263.7294906694053
2205000,4409.999999980936,-40724.808631462205,5791.49571604927,-34933.312915412935,259.8607830587968
2210000,4419.999999982973,-40392.76291767154,6000.061257494017,-34392.701660177525,269.2189881885565
2215000,4429.999999985011,-40115.32588670081,5854.025676172481,-34261.30021052833,262.6664631799482
2220000,4439.999999987048,-40288.81057727123,5774.694041443787,-34514.116535827445,259.1069024494093
2225000,4449.999999989085,-40394.92200906621,5669.121926641899,-34725.80008242431,254.3699478237559
2230000,4459.999999991122,-40310.932531634724,5824.848851333236,-34486.08368030149,261.35731733548437
2235000,4469.99999999316,-40030.87417912417,5870.176316332752,-34160.69786279142,263.39113228180355
2240000,4479.999999995197,-40275.92100879503,5872.537020138681,-34403.383988656344,263.4970555820451
2245000,4489.999999997234,-40255.250170543484,5908.900711562126,-34346.349458981356,265.12867162589686
2250000,4499.9999999992715,-39958.16350398213,5717.02611775154,-34241.137386230585,256.51937885571755
2255000,4510.000000001309,-40159.872341718445,5778.999358880735,-34380.87298283771,259.30007934452146
2260000,4520.000000003346,-40193.795092553846,5740.571855317677,-34453.22323723617,257.57586134342404
2265000,4530.000000005383,-40054.62804841508,5721.773400306922,-34332.85464810816,256.73238644869986
2270000,4540.000000007421,-40406.884595876465,5614.988485699904,-34791.89611017656,251.94101425589167
2275000,4550.000000009458,-40470.137358213884,5800.1135720600105,-34670.02378615388,260.24746085690566
2280000,4560.000000011495,-39938.306167276256,5812.607073855241,-34125.69909342102,260.80803645237023
2285000,4570.000000013532,-40349.490488008974,5784.286296063847,-34565.20419194513,259.5373009024308
2290000,4580.00000001557,-40530.72068661193,5840.301554709578,-34690.41913190235,262.0506704512648
2295000,4590.000000017607,-40489.3937155219,5831.395647292819,-34657.998068229084,261.65106796709915
2300000,4600.000000019644,-40437.79658767344,5683.372862718187,-34754.42372495525,255.0093783939698
2305000,4610.000000021681,-40177.769750770094,5590.60465498926,-34587.16509578083,250.84692705405155
2310000,4620.000000023719,-40139.1113825299,5885.5572149237505,-34253.554167606155,264.081263561868
2315000,4630.000000025756,-39992.7950405502,5755.937864762237,-34236.85717578796,258.26532455681934
2320000,4640.000000027793,-39837.483642510226,5888.748980334525,-33948.7346621757,264.2244760754654
2325000,4650.0000000298305,-40093.83059345968,5646.736091735011,-34447.09450172467,253.36550944142078
2330000,4660.000000031868,-40489.4144025045,5770.988159063971,-34718.42624344053,258.940621829625
2335000,4670.000000033905,-40397.2733028336,5664.603327650658,-34732.669975182944,254.16720111897305
2340000,4680.000000035942,-40235.637704153894,5827.348111062127,-34408.289593091766,261.46945755315164
2345000,4690.00000003798,-40122.215136284605,5649.657880538374,-34472.55725574623,253.49660827384685
2350000,4700.000000040017,-39766.61279181838,5722.432872591089,-34044.17991922729,256.76197655677754
2355000,4710.000000042054,-39942.95315330924,5771.197176795336,-34171.7559765139,258.9500003242331
2360000,4720.000000044091,-40001.65670203145,5793.66635710849,-34207.99034492296,259.95817836271203
2365000,4730.000000046129,-39973.85963566196,5801.687389428718,-34172.17224623324,260.3180770558766
2370000,4740.000000048166,-40137.09324941177,6048.226673142413,-34088.866576269356,271.38014020185415
2375000,4750.000000050203,-40175.46663580736,5699.9495551932705,-34475.51708061409,255.7531641961699
2380000,4760.0000000522405,-40067.35739980281,5618.465740246972,-34448.89165955583,252.0970364881091
2385000,4770.000000054278,-40483.24593921355,5897.922202884589,-34585.32373632896,264.63607282212723
2390000,4780.000000056315,-39732.91893243985,5871.426854668373,-33861.49207777147,263.4472431531695
2395000,4790.000000058352,-40165.73040455087,5962.8454464835795,-34202.88495806729,267.5491380728877
2400000,4800.0000000603895,-40077.67102702199,5834.600898608517,-34243.07012841348,261.79488558479835
2405000,4810.000000062427,-40166.086283003635,5768.049799263422,-34398.036483740216,258.80877946694085
2410000,4820.000000064464,-39923.43477929589,5759.535210263721,-34163.89956903217,258.4267351948964
2415000,4830.000000066501,-39862.21178392462,5697.147944201981,-34165.06383972264,255.62745766685225
2420000,4840.000000068539,-40111.69818049263,5810.433697956976,-34301.264482535655,260.71051843794106
2425000,4850.000000070576,-39919.071506516026,5916.256057752034,-34002.81544876399,265.4587013996013
2430000,4860.000000072613,-40071.8585000508,5932.713817205715,-34139.144682845086,266.1971507516703
2435000,4870.00000007465,-39945.37585577107,5722.536050680698,-34222.83980509037,256.7666060929932
2440000,4880.000000076688,-40293.91111719476,5908.777133260216,-34385.133983934546,265.12312674494075
2445000,4890.000000078725,-39900.78074898564,5571.110532176292,-34329.67021680935,249.97223798103988
2450000,4900.000000080762,-40056.15879812711,5630.548020503337,-34425.61077762377,252.63916083085087
2455000,4910.0000000827995,-39806.85783434261,5423.908316402999,-34382.94951793961,243.36736681574928
2460000,4920.000000084837,-40312.71981416062,5604.7668846227925,-34707.95292953783,251.48237742177432
2465000,4930.000000086874,-39933.18218038803,5859.93496565764,-34073.24721473039,262.9316092956017
2470000,4940.000000088911,-39818.76742125387,5850.726844667879,-33968.04057658599,262.51844667782257
2475000,4950.000000090949,-39993.32756023572,5938.189990607479,-34055.13756962824,266.44286322011
2480000,4960.000000092986,-40303.1075981557,5764.176951899461,-34538.93064625624,258.6350072329604
2485000,4970.000000095023,-40162.596073901754,5817.146230563527,-34345.449843338225,261.01170556903264
2490000,4980.00000009706,-39968.09991757228,5844.397391408044,-34123.70252616424,262.23444807692977
2495000,4990.000000099098,-40155.934801817806,6214.668386896373,-33941.26641492143,278.84827558351276
2500000,5000.000000101135,-39858.20246301376,5876.011852324878,-33982.19061068888,263.6529691244485
2505000,5010.000000103172,-39698.91760258188,6100.533206530417,-33598.384396051464,273.7271015727537
2510000,5020.000000105209,-39637.669296443055,5885.227818620951,-33752.4414778221,264.0664837562049
2515000,5030.000000107247,-39579.779246726706,5868.047014482858,-33711.73223224385,263.2955918423021
2520000,5040.000000109284,-39639.49319234969,5962.108060821629,-33677.38513152806,267.5160520403797
2525000,5050.000000111321,-39585.62104847471,5735.590800510714,-33850.030247964,257.3523645360261
2530000,5060.0000001133585,-39606.47004324164,5807.771504923789,-33798.698538317854,260.59106750502565
2535000,5070.000000115396,-39674.6688205749,5610.44605996724,-34064.22276060766,251.7371984601542
2540000,5080.000000117433,-40117.261206724186,5889.73334618491,-34227.527860539274,264.26864395423775
2545000,5090.00000011947,-40194.719854157964,5740.830556377725,-34453.88929778024,257.58746909785197
2550000,5100.000000121508,-40253.38281286905,5944.426265008538,-34308.956547860515,266.7226809440078
2555000,5110.000000123545,-39893.35253533727,5605.042902101197,-34288.30963323607,251.4947621530411
2560000,5120.000000125582,-39373.54242349164,5844.637739212529,-33528.904684279114,262.24523233228314
2565000,5130.000000127619,-40253.35749635527,5765.656783214089,-34487.70071314118,258.70140633658895
2570000,5140.000000129657,-39766.42444820164,5721.187468222592,-34045.23697997905,256.7060960432988
2575000,5150.000000131694,-39526.16413565174,5858.6679488064165,-33667.496186845325,262.87475904356825
2580000,5160.000000133731,-39846.16192540147,5764.719278969893,-34081.44264643158,258.65934110871655
2585000,5170.0000001357685,-40035.71159953726,5939.311669045943,-34096.399930491316,266.49319222865114
2590000,5180.000000137806,-39531.190607564124,5648.901797570761,-33882.28880999336,253.46268330495204
2595000,5190.000000139843,-39663.56462551457,5881.731392246444,-33781.833233268124,263.9096012961058
2600000,5200.00000014188,-39903.46036378994,5627.665447303678,-34275.794916486266,252.5098215779853
2605000,5210.0000001439175,-39687.29582042913,5759.744757110738,-33927.55106331839,258.4361374305922
2610000,5220.000000145955,-39696.183360413976,6054.367249428757,-33641.81611098522,271.6556640113218
2615000,5230.000000147992,-39646.40409807801,5724.71348301144,-33921.690615066575,256.8643061170053
2620000,5240.000000150029,-39993.16936868152,5733.298787239295,-34259.87058144223,257.2495233370174
2625000,5250.000000152067,-40145.37132752871,5845.561780882138,-34299.80954664657,262.2866935028713
2630000,5260.000000154104,-39947.53900247474,5874.636413964499,-34072.90258851024,263.5912540672506
2635000,5270.000000156141,-40174.259204438145,5918.180797508255,-34256.07840692989,265.5450632661654
2640000,5280.000000158178,-40023.13833542366,5734.988865375952,-34288.149470047705,257.32535608378174
2645000,5290.000000160216,-39926.55315805467,5897.674239277831,-34028.878918776834,264.624946850499
2650000,5300.000000162253,-39956.088837177835,5622.887675310063,-34333.20116186777,252.29544594301822
2655000,5310.00000016429,-39936.05988131604,5994.633528372908,-33941.426352943134,268.9754493846282
2660000,5320.0000001663275,-40148.0390599963,5894.550839323369,-34253.48822067293,264.48480185207944
2665000,5330.000000168365,-40498.447934940006,5788.1483719124235,-34710.299563027584,259.71058982526677
2670000,5340.000000170402,-40275.519053809156,5789.6747461608065,-34485.84430764835,259.7790772811629
2675000,5350.000000172439,-40236.42547301245,5817.935369093139,-34418.490103919314,261.0471137202773
2680000,5360.000000174477,-39768.581820868436,5851.315593452126,-33917.26622741631,262.54486346678357
2685000,5370.000000176514,-40322.93790130913,5776.146446906392,-34546.79145440274,259.1720709722463
2690000,5380.000000178551,-40101.82759154978,6008.653458326178,-34093.1741332236,269.6045148548815
2695000,5390.000000180588,-40047.523108374575,5969.625940435886,-34077.89716793869,267.85337458696966
2700000,5400.000000182626,-40302.20280400915,5689.684575558424,-34612.51822845073,255.29258099335377
2705000,5410.000000184663,-40600.673907514116,5844.105018944587,-34756.56888856953,262.22132950773386
2710000,5420.0000001867,-40499.076581464455,5804.293266664281,-34694.783314800174,260.43500113424756
2715000,5430.000000188737,-40056.40022384007,5908.491919778106,-34147.908304061966,265.1103293947511
2720000,5440.000000190775,-40359.94710820145,5848.682959056022,-34511.26414914543,262.42673881138865
2725000,5450.000000192812,-40360.160516861404,5589.445305704559,-34770.71521115684,250.79490777824927
2730000,5460.000000194849,-40691.90047291549,5766.221408829209,-34925.67906408628,258.72674073407
2735000,5470.0000001968865,-40743.87731393967,5748.019961801985,-34995.85735213769,257.9100532134023
2740000,5480.000000198924,-40242.62346337986,6007.68751234041,-34234.93595103945,269.5611734638901
2745000,5490.000000200961,-40257.79623050251,5726.692569016158,-34531.10366148635,256.95310646567884
2750000,5500.000000202998,-40444.54365621999,5764.750191558895,-34679.793464661096,258.6607281372111
2755000,5510.000000205036,-40443.94270976226,5825.088198863876,-34618.85451089838,261.3680567091772
2760000,5520.000000207073,-40253.046806125,5616.409489743019,-34636.63731638198,252.00477381671632
2765000,5530.00000020911,-40245.46378216862,5825.821193532487,-34419.64258863613,261.400945720566
2770000,5540.000000211147,-40380.04072543622,5766.518331497024,-34613.5223939392,258.74006346808363
2775000,5550.000000213185,-40021.113331596884,5955.608211748711,-34065.505119848174,267.2244078861465
2780000,5560.000000215222,-39721.89665487297,5528.327277395286,-34193.56937747769,248.05258015268524
2785000,5570.000000217259,-40414.05828356881,5921.697511384819,-34492.360772183994,265.7028560137669
2790000,5580.000000219296,-40140.06138955051,5825.1520923975895,-34314.90929715292,261.37092357199083
2795000,5590.000000221334,-40321.03570079115,5777.514466408398,-34543.52123438275,259.2334531499186
2800000,5600.000000223371,-40352.43458570269,5983.701696070147,-34368.73288963255,268.4849449205412
2805000,5610.000000225408,-40539.55276648483,5848.524275639409,-34691.02849084542,262.4196187859374
2810000,5620.0000002274455,-40666.77677104242,5677.0297031100945,-34989.74706793233,254.72476479782085
2815000,5630.000000229483,-40593.39074128338,5850.402265950058,-34742.988475333324,262.50388303417805
2820000,5640.00000023152,-40223.272047286126,5937.822404657454,-34285.44964262867,266.4263698689105
2825000,5650.000000233557,-40529.52771489175,5567.684383872234,-34961.84333101952,249.81850885391634
2830000,5660.000000235595,-40064.67179624113,5869.016441394518,-34195.65535484661,263.33908942025664
2835000,5670.000000237632,-40043.68250310784,5739.485450260296,-34304.19705284754,257.527115029385
2840000,5680.000000239669,-40020.38725884686,5539.1959708468,-34481.19128800006,248.540251616088
2845000,5690.000000241706,-39999.80067424227,5827.150548097091,-34172.650126145185,261.46059302672967
2850000,5700.000000243744,-39979.05203971312,5759.520449070964,-34219.53159064215,258.4260728694288
2855000,5710.000000245781,-40095.56926875559,5626.111676800942,-34469.45759195465,252.4401048693265
2860000,5720.000000247818,-40117.54140576332,5792.487671340303,-34325.05373442301,259.9052914710145
2865000,5730.0000002498555,-39965.133140868085,5789.791865226924,-34175.34127564116,259.78433234025727
2870000,5740.000000251893,-40036.45219539619,5851.528461538245,-34184.92373385794,262.55441472439634
2875000,5750.00000025393,-39891.04413238999,5844.062935352045,-34046.98119703794,262.2194412433116
2880000,5760.000000255967,-40012.40642382183,5882.356937638295,-34130.04948618353,263.9376691257884
2885000,5770.000000258005,-40268.33120982838,5732.983315405741,-34535.34789442264,257.2353683135624
2890000,5780.000000260042,-40309.337689855565,5942.437802670223,-34366.89988718534,266.63345988512214
2895000,5790.000000262079,-39907.895258172524,5790.7294687606445,-34117.16578941188,259.8264020231884
2900000,5800.000000264116,-40074.01082604919,5950.656545420581,-34123.35428062861,267.002229721375
2905000,5810.000000266154,-40246.74779454504,5813.88417278648,-34432.86362175856,260.8653390810152
2910000,5820.000000268191,-39963.30817856048,5926.789585619103,-34036.51859294138,265.9313341932892
2915000,5830.000000270228,-39753.92468286242,5869.763056301534,-33884.16162656088,263.3725895632064
2920000,5840.000000272265,-40064.456542516054,5737.01356259121,-34327.44297992485,257.41620297888625
2925000,5850.000000274303,-40171.45960373646,5885.12776646544,-34286.33183727102,264.06199447869307
2930000,5860.00000027634,-39413.78360394733,5982.787128773329,-33430.996475174004,268.4439088591223
2935000,5870.000000278377,-40108.029578925765,5916.44161009603,-34191.587968829735,265.4670270169847
2940000,5880.0000002804145,-40357.34847144055,5704.255991018264,-34653.09248042229,255.94639127265273
2945000,5890.000000282452,-40518.72459295333,5793.84678390469,-34724.877809048645,259.96627399997806
2950000,5900.000000284489,-40423.88972405164,5754.386552678863,-34669.50317137277,258.1957181558965
2955000,5910.000000286526,-40555.03485481157,5640.985302184596,-34914.04955262698,253.10747511850212
2960000,5920.000000288564,-40300.68854788482,5564.638413928884,-34736.050133955934,249.68183809156747
2965000,5930.000000290601,-40189.19932993891,5577.769406826815,-34611.42992311209,250.27101751327368
2970000,5940.000000292638,-40339.164095376866,5763.002625167756,-34576.16147020911,258.5823159284979
2975000,5950.000000294675,-40007.79350091069,5584.660005149966,-34423.13349576072,250.5801943414695
2980000,5960.000000296713,-40170.79007065897,5842.731225031135,-34328.058845627835,262.159688235839
2985000,5970.00000029875,-39901.84553459457,5814.130462307087,-34087.71507228748,260.8763899374471
2990000,5980.000000300787,-40014.37576665324,5831.570655038873,-34182.80511161437,261.65892045498146
2995000,5990.000000302824,-39553.06444987581,5665.717686283759,-33887.34676359205,254.21720169243517
3000000,6000.000000304862,-39929.870179785124,5730.196992918471,-34199.673186866654,257.11034776983826
3005000,6010.000000306899,-39840.31353348496,5742.46813036528,-34097.845403119674,257.6609460163522
3010000,6020.000000308936,-39743.188293912375,5879.716611594345,-33863.47168231803,263.8191993509752
3015000,6030.0000003109735,-39884.399883777936,5913.8664849328625,-33970.53339884507,265.35148276482875
3020000,6040.000000313011,-40177.60145529461,5654.858968536301,-34522.7424867583,253.72997783262136
3025000,6050.000000315048,-40246.08105211261,5563.273684127082,-34682.80736798553,249.62060352068156
3030000,6060.000000317085,-40308.31151993124,5792.165741602335,-34516.1457783289,259.89084668543575
3035000,6070.000000319123,-39913.45167885703,5796.851358715973,-34116.60032014106,260.1010873886948
3040000,6080.00000032116,-40413.86918685658,5770.59792313968,-34643.2712637169,258.92311218827575
3045000,6090.000000323197,-40352.96476226916,5714.982089222313,-34637.98267304685,256.42766457667085
3050000,6100.000000325234,-40609.5564919024,5858.134854684216,-34751.42163721818,262.8508394444127
3055000,6110.000000327272,-40795.51920928809,5782.317194860839,-35013.202014427254,259.44894856555214
3060000,6120.000000329309,-40841.69848400832,5676.625264796185,-35165.073219212136,254.7066179041505
3065000,6130.000000331346,-40463.723757894986,5799.952615841424,-34663.77114205356,260.24023885225415
3070000,6140.0000003333835,-40348.07697569381,5908.085140907065,-34439.99183478674,265.09207748174913
3075000,6150.000000335421,-40684.56683528717,5860.701029706529,-34823.865805580645,262.96598210935787
3080000,6160.000000337458,-40366.98551455837,5825.994176582175,-34540.9913379762,261.4087073615914
3085000,6170.000000339495,-40069.92724003883,5815.5999499079135,-34254.32729013092,260.94232492512003
3090000,6180.0000003415325,-39917.58073679063,5686.294366458809,-34231.28637033182,255.1404644358093
3095000,6190.00000034357,-39601.72766337776,5871.737804100839,-33729.98985927692,263.461195259322
3100000,6200.000000345607,-39620.973348166415,5747.711346334122,-33873.26200183229,257.89620583077874
3105000,6210.000000347644,-39673.78582295513,5828.478621245991,-33845.30720170913,261.52018283657384
3110000,6220.000000349682,-39518.77069459963,5879.526262597028,-33639.244432002604,263.81065851076363
3115000,6230.000000351719,-40100.3557331057,5685.768071605133,-34414.58766150057,255.1168499155711
3120000,6240.000000353756,-39669.144214994885,5833.646772001362,-33835.497442993525,261.75207452191773
3125000,6250.000000355793,-40041.96749775038,5765.411815137491,-34276.55568261289,258.69041477252154
3130000,6260.000000357831,-40163.48686465874,5785.935286725586,-34377.551577933154,259.6112900799465
3135000,6270.000000359868,-40101.70711462925,5872.511284213699,-34229.195830415556,263.4959008272207
3140000,6280.000000361905,-40322.49135146318,5672.395395906966,-34650.095955556215,254.51682633808886
3145000,6290.0000003639425,-40319.01932857289,5769.385453435749,-34549.63387513714,258.86870943255485
3150000,6300.00000036598,-40146.08936022449,5865.701397935226,-34280.387962289264,263.1903454978847
3155000,6310.000000368017,-40551.75133065286,5962.515406586814,-34589.23592406605,267.5343293895666
3160000,6320.000000370054,-40295.42499150468,6023.245009262528,-34272.17998224215,270.25922860039185
3165000,6330.000000372092,-40505.13629807978,5777.406652011285,-34727.729646068496,259.22861558549096
3170000,6340.000000374129,-40456.530852156415,5669.93975504379,-34786.59109711263,254.4066432715888
3175000,6350.000000376166,-40535.55423984285,5838.062522096394,-34697.49171774646,261.9502064611864
3180000,6360.000000378203,-40346.30550163616,5817.104157107644,-34529.20134452852,261.009817759436
3185000,6370.000000380241,-40427.81992128963,5676.281419473069,-34751.53850181656,254.69118978000142
3190000,6380.000000382278,-40404.84867563922,5822.479789720516,-34582.36888591871,261.25101902569025
3195000,6390.000000384315,-39995.207668430434,5851.222013433798,-34143.985654996635,262.54066459001086
3200000,6400.000000386352,-40596.63779698131,5750.6210719166465,-34846.01672506466,258.02676339404616
3205000,6410.00000038839,-40439.55563761665,5772.796475527317,-34666.759162089336,259.0217598560041
3210000,6420.000000390427,-40271.62401912635,5976.999995276756,-34294.624023849596,268.1842438061174
3215000,6430.000000392464,-39710.75304532028,5808.7831312001645,-33901.96991412011,260.6364585420273
3220000,6440.0000003945015,-40419.96056858905,5653.352399787001,-34766.60816880205,253.6623790370563
3225000,6450.000000396539,-40456.435718693465,5871.892007814617,-34584.54371087885,263.46811428331466
3230000,6460.000000398576,-40302.50609137214,5855.487346121408,-34447.01874525073,262.73204739448005
3235000,6470.000000400613,-40098.61364613959,5894.637157250976,-34203.97648888861,264.4886748833929
3240000,6480.000000402651,-39746.97253467509,5715.0180249655305,-34031.95450970956,256.4292769909469
3245000,6490.000000404688,-39729.556446814226,5784.110166604394,-33945.44628020983,259.5293980839712
3250000,6500.000000406725,-39772.46759032842,5802.950621838465,-33969.51696848996,260.37475750239275
3255000,6510.000000408762,-40317.412918731236,5793.216572934387,-34524.19634579685,259.9379968287145
3260000,6520.0000004108,-40084.467392199986,5885.8500272190195,-34198.617364980964,264.09440186604166
3265000,6530.000000412837,-40221.244113229586,5798.96098705125,-34422.283126178336,260.19574508992537
3270000,6540.000000414874,-39867.32667287387,5771.542449724494,-34095.78422314937,258.9654925041706
3275000,6550.0000004169115,-39685.3590051083,5612.692935346413,-34072.666069761886,251.83801435022718
3280000,6560.000000418949,-39846.009385826714,5770.576268822666,-34075.433117004046,258.9221405726428
3285000,6570.000000420986,-40115.566714360255,5791.236373573767,-34324.33034078649,259.8491465244594
3290000,6580.000000423023,-39723.34311043428,5835.346880594206,-33887.99622984008,261.8283573289648
3295000,6590.0000004250605,-40284.190986740745,5682.1961967311445,-34601.9947900096,254.95658212858635
3300000,6600.000000427098,-40496.128329705774,5725.547493908078,-34770.58083579769,256.9017276632354
3305000,6610.000000429135,-40028.25688890081,5826.1634087917155,-34202.09348010909,261.41630070477004
3310000,6620.000000431172,-40009.258739220066,5576.793301226642,-34432.46543799342,250.22722026675132
3315000,6630.00000043321,-40116.858380002705,5940.762530633079,-34176.09584936962,266.5582914787634
3320000,6640.000000435247,-40246.97071058535,5936.662857137004,-34310.30785344835,266.37434169839435
3325000,6650.000000437284,-40345.234485974994,6020.407368161739,-34324.827117813256,270.13190542264226
3330000,6660.000000439321,-39942.55042201856,5508.482659702679,-34434.067762315884,247.1621645940908
3335000,6670.000000441359,-39872.64925333686,5604.368086530127,-34268.28116680673,251.46448360129625
3340000,6680.000000443396,-39694.09005578063,5760.6301868554765,-33933.45986892516,258.4758661083108
3345000,6690.000000445433,-40096.457555793626,5624.424178396961,-34472.03337739666,252.36438787355047
3350000,6700.0000004474705,-39914.85707999232,5883.531194876712,-34031.325885115606,263.9903573121306
3355000,6710.000000449508,-39822.022980323454,5984.6802561152435,-33837.34272420821,268.528852296469
3360000,6720.000000451545,-39549.010197343814,5965.568027567375,-33583.44216977644,267.67129857978665
3365000,6730.000000453582,-39610.627106116,5836.793477392428,-33773.83362872357,261.89326522067137
3370000,6740.00000045562,-39863.99631000571,5783.023017649805,-34080.9732923559,259.48061839173073
3375000,6750.000000457657,-39777.11948307467,5719.793101673249,-34057.32638140142,256.64353169012503
3380000,6760.000000459694,-40087.27175095626,5741.111857705599,-34346.15989325066,257.6000909121329
3385000,6770.000000461731,-40081.41820847627,5781.028927144539,-34300.389281331736,259.3911448005214
3390000,6780.000000463769,-39851.587527290154,5768.454501502916,-34083.13302578724,258.8269382027868
3395000,6790.000000465806,-39579.74546124022,5816.333278837641,-33763.41218240258,260.97522893459563
3400000,6800.000000467843,-39605.56715820424,5700.027624665887,-33905.53953353835,255.75666712447747
3405000,6810.00000046988,-39975.525514571105,5943.772063548114,-34031.75345102299,266.693327334488
3410000,6820.000000471918,-39838.89921983452,5789.496419932004,-34049.40279990252,259.7710758950395
3415000,6830.000000473955,-40103.00777837515,5651.7179373067065,-34451.28984106844,253.58904172993672
3420000,6840.000000475992,-40037.71565797458,5585.487743834129,-34452.22791414045,250.61733445745688
3425000,6850.0000004780295,-39628.60229236563,5727.286232171692,-33901.31606019394,256.9797437593995
3430000,6860.000000480067,-39568.68406506675,5821.619175352614,-33747.06488971414,261.21240379837775
3435000,6870.000000482104,-39299.23826364779,5793.247234507534,-33505.991029140256,259.939372594285
3440000,6880.000000484141,-39973.980375298925,5909.73729979505,-34064.24307550387,265.1662088155909
3445000,6890.000000486179,-39764.46705323149,5732.027249962155,-34032.439803269335,257.19247025630625
3450000,6900.000000488216,-39674.350836109996,5653.110057842714,-34021.24077826728,253.6515053058998
3455000,6910.000000490253,-39937.213535268646,5820.239716652075,-34116.97381861657,261.1505083510366
3460000,6920.00000049229,-39933.714080872516,5783.1199402476395,-34150.594140624875,259.484967247951
3465000,6930.000000494328,-39453.18693146269,5795.209414413519,-33657.97751704917,260.027414376904
3470000,6940.000000496365,-39810.60687832829,5687.145612442007,-34123.46126588628,255.17865930957163
3475000,6950.000000498402,-39723.10062767774,5773.194700986405,-33949.90592669134,259.0396279827724
3480000,6960.0000005004395,-39902.837629213245,5917.13789219267,-33985.69973702058,265.4982687582781
3485000,6970.000000502477,-39754.14481431122,5760.840035005478,-33993.30477930574,258.4852818632827
3490000,6980.000000504514,-40038.332677376806,5775.13581149034,-34263.196865886464,259.1267243945263
3495000,6990.000000506551,-39449.53939326413,5746.826554758786,-33702.712838505344,257.85650578732134
3500000,7000.0000005085885,-40000.84359647158,5772.701296899839,-34228.142299571744,259.0174892506407
3505000,7010.000000510626,-39803.475580580394,5845.093907377699,-33958.3816732027,262.26570031195877
3510000,7020.000000512663,-39856.83202530298,5881.405931520181,-33975.4260937828,263.8949980772953
3515000,7030.0000005147,-39498.10961172143,5920.009157750574,-33578.10045397086,265.6271006443449
3520000,7040.000000516738,-39715.30934435067,6116.023592060885,-33599.28575228979,274.4221454631731
3525000,7050.000000518775,-39901.593481525284,5721.4620740606915,-34180.13140746459,256.71841743514983
3530000,7060.000000520812,-39785.03356299768,6068.434418073602,-33716.59914492408,272.28684905205995
3535000,7070.000000522849,-39762.37793119041,5767.438358537451,-33994.939572652955,258.7813445047765
3540000,7080.000000524887,-40265.17880788425,5692.228357173424,-34572.95045071083,255.40671888014742
3545000,7090.000000526924,-40015.888593394644,5810.627257473054,-34205.26133592159,260.71920333211733
3550000,7100.000000528961,-40050.10494388214,5630.657653196508,-34419.44729068563,252.64407998108302
3555000,7110.0000005309985,-39739.667980855535,5867.6881617325835,-33871.97981912295,263.2794903443021
3560000,7120.000000533036,-39920.16644915848,5763.159717111714,-34157.006732046764,258.58936454556857
3565000,7130.000000535073,-39870.24628627616,5699.041469074007,-34171.20481720215,255.7124189411259
3570000,7140.00000053711,-39792.48056274344,5838.32700826383,-33954.153554479606,261.9620737897571
3575000,7150.000000539148,-40356.88896555893,5671.940040131912,-34684.948925427016,254.49639480984854
3580000,7160.000000541185,-39895.25233619423,5825.2614219353145,-34069.99091425892,261.3758291198281
3585000,7170.000000543222,-40012.79300696822,5763.525841195964,-34249.26716577225,258.6057923037669
3590000,7180.000000545259,-39853.120338647524,5749.985818740006,-34103.134519907515,257.99825998214425
3595000,7190.000000547297,-40177.634825058594,6064.990902190748,-34112.64392286785,272.1323406525607
3600000,7200.000000549334,-40080.70400543661,5913.00987529571,-34167.694130140895,265.3130472272751
3605000,7210.000000551371,-39872.399764192436,5667.531326922701,-34204.86843726973,254.29857861123645
3610000,7220.000000553408,-40433.28201549851,5737.769881993379,-34695.51213350513,257.45013855645146
3615000,7230.000000555446,-40466.52992788506,5822.8680433984655,-34643.661884486595,261.26843972488854
3620000,7240.000000557483,-40367.50638262212,5725.358350358186,-34642.14803226394,256.89324091069426
3625000,7250.00000055952,-40321.67038481095,5807.147855189709,-34514.52252962124,260.5630847323192
3630000,7260.0000005615575,-40232.1780446577,5728.012208367096,-34504.16583629061,257.0123178562942
3635000,7270.000000563595,-39957.57355524436,5704.74904639351,-34252.82450885085,255.96851435832608
3640000,7280.000000565632,-40152.8362351064,6098.342357624729,-34054.49387748167,273.62879955543235
3645000,7290.000000567669,-39895.870818427524,5693.446882580824,-34202.4239358467,255.46139335148766
3650000,7300.000000569707,-39833.308575231276,5566.891210772574,-34266.4173644587,249.78291967404218
3655000,7310.000000571744,-39991.29588093868,5583.5528467904405,-34407.74303414824,250.53051683977
3660000,7320.000000573781,-40010.39957023109,5640.798244027768,-34369.60132620332,253.09908193624076
3665000,7330.000000575818,-40014.64392412626,5773.282801881493,-34241.36112224477,259.0435810147193
3670000,7340.000000577856,-39816.808437390406,5948.3689298820755,-33868.43950750833,266.89958584588595
3675000,7350.000000579893,-39987.722033507096,5774.548554237257,-34213.17347926984,259.10037452963394
3680000,7360.00000058193,-40172.590852585505,5815.007361020911,-34357.5834915646,260.9157358331551
3685000,7370.000000583967,-40042.01103709439,5833.517309619836,-34208.49372747455,261.746265625997
3690000,7380.000000586005,-40287.97348843417,5735.390861245314,-34552.58262718885,257.3433933864961
3695000,7390.000000588042,-40306.941169474434,5849.083390411892,-34457.85777906254,262.4447059153631
3700000,7400.000000590079,-40079.67992294828,5778.064757639509,-34301.61516530877,259.25814437257293
3705000,7410.0000005921165,-40353.27024442848,5730.399518916213,-34622.870725512264,257.11943498442724
3710000,7420.000000594154,-40236.166227887225,5639.0215115712135,-34597.14471631601,253.01936106445166
3715000,7430.000000596191,-40009.71492220521,5830.198928134538,-34179.51599407067,261.5973719284902
3720000,7440.000000598228,-40069.11761901685,6011.309315764003,-34057.808303252845,269.7236815136037
3725000,7450.000000600266,-39928.18499691946,5890.531916013551,-34037.653080905904,264.304475281959
3730000,7460.000000602303,-40204.50577923285,5786.8086056189795,-34417.69717361387,259.65047535135545
3735000,7470.00000060434,-39996.76002334447,6041.27702888747,-33955.482994457,271.06831401970487
3740000,7480.000000606377,-40305.82503178038,5954.666759405556,-34351.15827237483,267.1821655095482
3745000,7490.000000608415,-40465.29449507488,5864.417303241982,-34600.8771918329,263.1327289737831
3750000,7500.000000610452,-40162.61366722393,5892.000158538937,-34270.61350868499,264.37035440387734
3755000,7510.000000612489,-40042.03619154632,5902.3705900758605,-34139.665601470464,264.83566916744945
3760000,7520.0000006145265,-40711.52630704615,5658.630353071353,-35052.895953974796,253.89919749305872
3765000,7530.000000616564,-40327.812962809556,5923.340092368651,-34404.472870440906,265.7765575930521
3770000,7540.000000618601,-40456.58716407975,5926.496641852571,-34530.090522227176,265.91818999008245
3775000,7550.000000620638,-40642.099672861936,5972.103552948593,-34669.99611991334,267.96454350761377
3780000,7560.0000006226755,-40671.54500040141,5848.970869138059,-34822.574131263355,262.439657156327
3785000,7570.000000624713,-40489.86204262193,5648.44946683431,-34841.41257578762,253.442387508298
3790000,7580.00000062675,-40398.1455600732,5816.523407370211,-34581.62215270299,260.9837598826923
3795000,7590.000000628787,-40151.596000928446,5929.777795360413,-34221.81820556804,266.0654132915728
3800000,7600.000000630825,-39687.404104836605,5798.513281056728,-33888.890823779875,260.17565680254324
3805000,7610.000000632862,-39782.40727489602,5914.613151759138,-33867.794123136875,265.38498523736314
3810000,7620.000000634899,-40071.45891737393,5739.155595170253,-34332.303322203676,257.5123146382258
3815000,7630.000000636936,-39881.97280376749,5689.912493612853,-34192.06031015464,255.30280753361228
3820000,7640.000000638974,-39564.732129649456,5910.590988197684,-33654.14114145177,265.20451327918255
3825000,7650.000000641011,-40149.858791095634,5766.496516402784,-34383.36227469285,258.7390846384773
3830000,7660.000000643048,-40339.887070827666,5950.301479077274,-34389.585591750394,266.9862981170826
3835000,7670.0000006450855,-39938.19884053331,5839.650213283794,-34098.54862724952,262.02144516970685
3840000,7680.000000647123,-40273.06444860597,6078.281946035776,-34194.78250257019,272.728701459954
3845000,7690.00000064916,-40087.84737267872,5807.2823476037565,-34280.56502507496,260.56911932264677
3850000,7700.000000651197,-39967.608609520066,5604.866348611553,-34362.74226090851,251.4868403086126
3855000,7710.000000653235,-40351.63277969221,6057.122729523102,-34294.51005016911,271.7793006762053
3860000,7720.000000655272,-40331.206294549374,5809.894647204568,-34521.3116473448,260.6863315685213
3865000,7730.000000657309,-40046.98929133937,5695.17088710359,-34351.81840423578,255.53874835393398
3870000,7740.000000659346,-40359.12210487216,5822.731344655257,-34536.390760216906,261.2623061379544
3875000,7750.000000661384,-40320.67319191964,5722.127809771865,-34598.54538214777,256.7482885792718
3880000,7760.000000663421,-40400.67414041602,5677.754144485216,-34722.9199959308,254.7572700282914
3885000,7770.000000665458,-40186.32752454092,5776.958814613501,-34409.36870992742,259.20852140212673
3890000,7780.000000667495,-39673.21423068498,5792.692873445348,-33880.52135723963,259.9144987608609
3895000,7790.000000669533,-39928.29317828057,5897.496606346105,-34030.796571934465,264.6169765721808
3900000,7800.00000067157,-39942.428289234726,5870.732289533287,-34071.695999701435,263.416078450865
3905000,7810.000000673607,-40022.25678216329,5778.651385751087,-34243.605396412204,259.2844660082804
3910000,7820.0000006756445,-40037.850511335484,5671.467045761685,-34366.3834655738,254.47517184889756
3915000,7830.000000677682,-40131.88215588611,5846.535788954731,-34285.34636693138,262.3303966346457
3920000,7840.000000679719,-40229.34334980749,5680.287989157834,-34549.055360649654,254.8709620507082
3925000,7850.000000681756,-40375.13411205946,5639.950600453344,-34735.18351160611,253.0610487003024
3930000,7860.000000683794,-40527.76365539578,5657.068418232078,-34870.6952371637,253.82911445573632
3935000,7870.000000685831,-40103.57617431268,5875.261651854776,-34228.314522457906,263.61930809953014
3940000,7880.000000687868,-40459.428614369644,5799.608019257738,-34659.82059511191,260.2247770195142
3945000,7890.000000689905,-40056.695590657924,5860.918716368104,-34195.77687428982,262.97574957343136
3950000,7900.000000691943,-40141.577301764184,5978.6507261976185,-34162.92657556657,268.2583110679693
3955000,7910.00000069398,-39943.156996382546,5811.060671423333,-34132.09632495922,260.7386503444317
3960000,7920.000000696017,-40208.43769864487,5989.123862401171,-34219.3138362437,268.72823412556477
3965000,7930.0000006980545,-40058.46659273868,5943.5679739631505,-34114.89861877553,266.6841699627204
3970000,7940.000000700092,-39792.59502363391,5758.812940643138,-34033.78208299077,258.39432740969096
3975000,7950.000000702129,-40267.01710170503,5531.520871587338,-34735.49623011769,248.1958747225524
3980000,7960.000000704166,-40333.783769418435,5785.384187459116,-34548.39958195932,259.58656260125196
3985000,7970.0000007062035,-40289.76663618513,5732.440299335873,-34557.326336849255,257.2110035228333
3990000,7980.000000708241,-40566.27645221207,5860.547168972601,-34705.72928323947,262.95907847465605
3995000,7990.000000710278,-40242.12982041665,5726.227802535168,-34515.90201788148,256.93225268496127
4000000,8000.000000712315,-40261.99211511989,5811.415375742359,-34450.57673937753,260.75456570492156
4005000,8010.000000714353,-40593.8484333621,5798.459648924773,-34795.38878443733,260.17325036239544
4010000,8020.00000071639,-40358.09560635773,5691.061872455267,-34667.03373390246,255.35437944191796
4015000,8030.000000718427,-40374.3546404658,5859.119461301475,-34515.23517916432,262.8950181262439
4020000,8040.000000720464,-39875.603121251595,5896.414693272057,-33979.18842797954,264.5684318106187
4025000,8050.000000722502,-39600.868947007446,5824.0631554501,-33776.805791557344,261.3220636536294
4030000,8060.000000724539,-39956.737814187654,5671.329007141185,-34285.40880704647,254.46897814250906
4035000,8070.000000726576,-39874.089576302395,5692.717155170217,-34181.372421132175,255.4286509399178
4040000,8080.0000007286135,-39583.41331934121,5839.934312555915,-33743.479006785295,262.03419252599264
4045000,8090.000000730651,-39435.45542220444,5797.754464394489,-33637.70095780995,260.14160917448385
4050000,8100.000000732688,-40138.54831632831,5920.279792394763,-34218.26852393355,265.6392438512141
4055000,8110.000000734725,-40147.58648210928,5782.4329748756,-34365.15350723368,259.4541435422513
4060000,8120.000000736763,-39580.125116908224,5810.366999275335,-33769.75811763289,260.7075257098981
4065000,8130.0000007388,-39717.738420993046,5911.395945147829,-33806.34247584522,265.2406311930426
4070000,8140.000000740837,-40047.34020038931,5702.865816050027,-34344.474384339286,255.8840149930962
4075000,8150.000000742874,-40155.98802872803,5861.415304369153,-34294.57272435888,262.99803116581046
4080000,8160.000000744912,-39689.35404672978,5821.2710291952135,-33868.08301753456,261.19678269848976
4085000,8170.000000746949,-39774.04690099524,5851.0300447278005,-33923.016856267444,262.5320510744858
4090000,8180.000000748986,-39477.39968101949,6048.082745255851,-33429.316935763636,271.3736822477884
4095000,8190.000000751023,-40074.47601737467,5824.7981749958635,-34249.677842378806,261.355043519987
4100000,8200.00000075306,-40155.68940086021,5744.761727943232,-34410.92767291698,257.7638583022021
4105000,8210.000000755097,-40168.30131007407,5835.866208980952,-34332.43510109312,261.851659268198
4110000,8220.000000757134,-40320.30385987779,5688.91814147008,-34631.38571840771,255.25819157615913
4115000,8230.000000759172,-40253.53965909187,5695.195789013717,-34558.34387007815,255.5398656870345
4120000,8240.000000761209,-40022.99037495639,5828.950237589477,-34194.040137366916,261.5413439663286
4125000,8250.000000763246,-40146.60891173087,5857.531238758205,-34289.077672972664,262.8237555761185
4130000,8260.000000765283,-40279.44679768833,5564.5371217518905,-34714.90967593644,249.67729317506894
4135000,8270.00000076732,-40127.04320807274,5951.609791660978,-34175.43341641176,267.04500128275095
4140000,8280.000000769358,-39999.7860405074,5899.207139879889,-34100.578900627515,264.69372713979425
4145000,8290.000000771395,-40178.90830984781,5886.208673469367,-34292.69963637844,264.1104940985193
4150000,8300.000000773432,-39823.38920542948,5525.598367781369,-34297.79083764811,247.930135688606
4155000,8310.00000077547,-40261.45032338509,5876.575987383238,-34384.874336001856,263.67828151095506
4160000,8320.000000777507,-40202.32088958274,5758.42982501153,-34443.89106457121,258.37713725141185
4165000,8330.000000779544,-39927.03140498657,5698.7626992977775,-34228.268705688795,255.69991071598065
4170000,8340.000000781582,-40154.29770558693,5639.608346300187,-34514.68935928674,253.0456919709521
4175000,8350.000000783619,-40470.67234422469,5713.516408999874,-34757.155935224815,256.3619004236799
4180000,8360.000000785656,-40512.51682963489,5806.240734227757,-34706.276095407135,260.5223827832789
4185000,8370.000000787693,-40406.23764098936,5867.271062123144,-34538.96657886622,263.2607753462365
4190000,8380.00000078973,-39893.31812586459,5841.787088536749,-34051.53103732784,262.11732542305714
4195000,8390.000000791768,-39837.688888427554,5620.151073508045,-34217.53781491951,252.1726563352798
4200000,8400.000000793805,-39819.21980565839,5567.800373131568,-34251.41943252682,249.8237132192884
4205000,8410.000000795842,-40210.489730316775,5843.450138066591,-34367.039592250185,262.19194541317347
4210000,8420.00000079788,-39921.60562177332,5920.968721609104,-34000.636900164216,265.67015567328707
4215000,8430.000000799917,-39967.25152345806,5730.881441132622,-34236.37008232543,257.14105853224106
4220000,8440.000000801954,-40078.292053764,5653.4230399125945,-34424.86901385141,253.66554861521922
4225000,8450.000000803991,-39959.93642270034,5740.195070567249,-34219.74135213309,257.5589552478157
4230000,8460.000000806029,-39796.17387864137,5616.695595078447,-34179.47828356292,252.0176111838054
4235000,8470.000000808066,-39837.73661395279,5746.269774911705,-34091.46683904108,257.83152342453496
4240000,8480.000000810103,-39524.44323473878,5750.954770097136,-33773.48846464164,258.0417362222651
4245000,8490.00000081214,-39692.045221494736,5863.879087049352,-33828.16613444538,263.10857955053757
4250000,8500.000000814178,-39845.495226313156,5838.759564438982,-34006.735661874176,261.98148231423903
4255000,8510.000000816215,-39945.215837405965,5598.841638074204,-34346.37419933176,251.21651532268552
4260000,8520.000000818252,-40208.9107131154,5542.331920144516,-34666.57879297089,248.68095969567423
4265000,8530.00000082029,-40403.28933104388,5916.102261443193,-34487.18706960069,265.45180065561283
4270000,8540.000000822327,-39794.789669532474,5754.643720077801,-34040.14594945467,258.2072570959116
4275000,8550.000000824364,-39547.778621296915,6039.051234647739,-33508.727386649174,270.96844402714635
4280000,8560.000000826401,-40100.49415752543,5871.334618923902,-34229.159538601525,263.4431045931222
4285000,8570.000000828439,-39950.272747713454,5728.138471626478,-34222.134276086974,257.0179832096094
4290000,8580.000000830476,-39933.30868056782,5830.089757019754,-34103.21892354806,261.59247348899095
4295000,8590.000000832513,-39957.484261174286,6012.36720495428,-33945.117056220006,269.77114833855757
4300000,8600.00000083455,-40152.32631292717,5950.879090463773,-34201.4472224634,267.0122151779867
4305000,8610.000000836588,-40206.60319048262,5649.72788993251,-34556.87530055011,253.4997495514845
4310000,8620.000000838625,-39892.17260346083,5718.136180651212,-34174.036422809615,256.56918668231305
4315000,8630.000000840662,-40378.826966421955,5879.195477689684,-34499.63148873227,263.79581639928483
4320000,8640.0000008427,-39866.24019349813,5887.819311951955,-33978.420881546175,264.1827624377931
4325000,8650.000000844737,-39972.01864515269,5794.560636299137,-34177.45800885355,259.99830410952217
4330000,8660.000000846774,-39878.99544112416,5674.238589742823,-34204.75685138134,254.5995292903137
4335000,8670.000000848811,-39777.829099238836,5760.789411522504,-34017.03968771633,258.48301041932905
4340000,8680.000000850849,-40431.12458708702,5856.306923983329,-34574.81766310369,262.7688213394881
4345000,8690.000000852886,-40235.91689676112,5833.001512919337,-34402.915383841784,261.72312215131234
4350000,8700.000000854923,-39581.01607789482,5803.095202922655,-33777.920874972166,260.3812447650266
4355000,8710.00000085696,-40227.496240599736,5919.245132998876,-34308.25110760086,265.59281933257563
4360000,8720.000000858998,-40305.84963319733,5945.501735420178,-34360.34789777715,266.77093662734546
4365000,8730.000000861035,-40320.84229059126,5858.538525159849,-34462.30376543141,262.86895188566086
4370000,8740.000000863072,-40483.46156678406,5756.653133532603,-34726.80843325146,258.29741821826326
4375000,8750.00000086511,-40108.47728283397,5797.214141047081,-34311.26314178689,260.117365204524
4380000,8760.000000867147,-40550.008099167564,5805.43656301798,-34744.57153614958,260.4863001250967
4385000,8770.000000869184,-40307.62739664963,5657.57507609347,-34650.05232055616,253.85184787643783
4390000,8780.000000871221,-40027.53525579768,5750.551858785465,-34276.98339701221,258.0236578442281
4395000,8790.000000873259,-40358.388565409914,5857.466167133933,-34500.92239827598,262.82083585311995
4400000,8800.000000875296,-40260.55106693147,5869.532881224948,-34391.01818570652,263.3622617517783
4405000,8810.000000877333,-40122.62534385744,5743.876609494231,-34378.74873436321,257.7241435921282
4410000,8820.00000087937,-40255.99293132471,5750.241282087047,-34505.75164923767,258.0097224624188
4415000,8830.000000881408,-39896.57840347827,5723.267849864007,-34173.31055361426,256.7994414637057
4420000,8840.000000883445,-39465.21394914293,5652.478204995769,-33812.73574414716,253.62315446466033
4425000,8850.000000885482,-39849.823090628604,5734.943716315215,-34114.87937431339,257.3233302737229
4430000,8860.00000088752,-40020.85614807107,5829.0839826465135,-34191.772165424554,261.5473450232154
4435000,8870.000000889557,-40115.604172871404,5737.3632157271895,-34378.24095714421,257.43189169595854
4440000,8880.000000891594,-40001.11694251238,6007.255006242012,-33993.86193627037,269.5417671863207
4445000,8890.000000893631,-39924.43929191962,5766.6673051400885,-34157.77198677953,258.7467478220813
4450000,8900.000000895669,-39534.04729453142,5814.75911682408,-33719.288177707334,260.90459727162613
4455000,8910.000000897706,-39899.5101935736,5836.892972013171,-34062.61722156043,261.8977294819476
4460000,8920.000000899743,-40336.53584310284,5681.561197275688,-34654.974645827155,254.92809010099504
4465000,8930.00000090178,-39887.67389244792,5935.131560424188,-33952.54233202373,266.3056333746042
4470000,8940.000000903818,-40112.44466769014,5824.156915653994,-34288.28775203615,261.32627061521555
4475000,8950.000000905855,-39925.829303565384,5835.05014093329,-34090.7791626321,261.81504280635596
4480000,8960.000000907892,-40152.81573290356,5892.126946125956,-34260.6887867776,264.3760432834449
4485000,8970.00000090993,-40130.578688049216,5862.031033790832,-34268.547654258386,263.02565855906334
4490000,8980.000000911967,-40077.729993039495,5767.074360068475,-34310.65563297102,258.7650121216033
4495000,8990.000000914004,-40129.49239390024,5764.999633364454,-34364.49276053579,258.67192043469316
4500000,9000.000000916041,-40071.85685645527,5793.202769156214,-34278.65408729906,259.93737746183916
4505000,9010.000000918079,-39867.583584763684,5827.603394152939,-34039.980190610746,261.4809119454421
4510000,9020.000000920116,-39825.42213924692,5877.42752373368,-33947.99461551324,263.71648941331364
4515000,9030.000000922153,-39577.84835180659,5981.355114662079,-33596.49323714451,268.37965528344074
4520000,9040.00000092419,-40190.40937136912,5684.5504762548735,-34505.858895114245,255.0622171753119
4525000,9050.000000926228,-40365.72036727684,5686.200066782958,-34679.52030049388,255.13623326845453
4530000,9060.000000928265,-40836.692125286536,5869.524614892743,-34967.167510393796,263.361890846633
4535000,9070.000000930302,-40912.2216343611,5724.806613333894,-35187.415021027206,256.868484816206
4540000,9080.00000093234,-40006.23374097461,5752.07239203094,-34254.16134894367,258.0918832179846
4545000,9090.000000934377,-40017.69392807258,5910.3501696278645,-34107.34375844472,265.1937079008836
4550000,9100.000000936414,-39878.16655428164,5801.012133825554,-34077.154420456085,260.28777876016744
4555000,9110.000000938451,-40398.58436256128,5690.455432467837,-34708.128930093444,255.32716885975782
4560000,9120.000000940488,-40313.1866530561,5866.376610497758,-34446.81004255835,263.22064186238765
4565000,9130.000000942526,-40243.40367165962,5910.546317334804,-34332.85735432481,265.20250892556186
4570000,9140.000000944563,-40140.79592905212,5706.229528776246,-34434.56640027587,256.03494267497257
4575000,9150.0000009466,-40117.829593609735,5820.245241083685,-34297.58435252605,261.15075622882057
4580000,9160.000000948638,-39905.114365930975,5820.885411082863,-34084.22895484811,261.17948025546815
4585000,9170.000000950675,-40025.57924141802,5898.56433265706,-34127.01490876096,264.6648847825743
4590000,9180.000000952712,-40536.69387846507,5971.695354571437,-34564.998523893635,267.94622790226214
4595000,9190.00000095475,-40027.73270710427,5867.940512747737,-34159.79219435653,263.29081317619534
4600000,9200.000000956787,-40059.85591860016,5694.883130889315,-34364.972787710845,255.52583691294572
4605000,9210.000000958824,-40052.850832632525,5760.319026949008,-34292.53180568352,258.4619045583217
4610000,9220.000000960861,-40407.390637258824,5659.598156581907,-34747.792480676915,253.94262223002306
4615000,9230.000000962898,-40086.79946870934,5696.1195799487705,-34390.67988876057,255.58131560732028
4620000,9240.000000964936,-39953.26874933287,5845.522628567282,-34107.74612076559,262.2849367630417
4625000,9250.000000966973,-40125.70838653606,5769.994858236059,-34355.7135283,258.8960530440108
4630000,9260.00000096901,-40062.85290081809,5748.68118979843,-34314.17171101966,257.9397220991895
4635000,9270.000000971047,-40185.73051031035,5596.453414195981,-34589.27709611437,251.10935721404786
4640000,9280.000000973085,-40016.81593625065,5913.620339221289,-34103.19559702936,265.3404383610181
4645000,9290.000000975122,-40434.123769681944,5906.627644609907,-34527.49612507204,265.0266805363564
4650000,9300.00000097716,-40712.84755699062,5806.448922671852,-34906.39863431877,260.53172406828696
4655000,9310.000000979197,-40369.70294273835,5870.974075976908,-34498.72886676145,263.4269272570547
4660000,9320.000000981234,-39747.23170925905,5835.061616281615,-33912.17009297744,261.8155576980434
4665000,9330.000000983271,-39833.73947312274,5751.3889868652295,-34082.35048625751,258.0612192565116
4670000,9340.000000985308,-40168.39408262227,5933.733579301373,-34234.6605033209,266.2429068377841
4675000,9350.000000987346,-39846.23837389558,5845.003619121137,-34001.23475477444,262.26164913447343
4680000,9360.000000989383,-39938.393195063785,5805.782677071469,-34132.61051799232,260.5018300457557
4685000,9370.00000099142,-40358.827605197905,5798.521381550688,-34560.30622364722,260.17602026663036
4690000,9380.000000993457,-40332.908344044634,5975.692662726415,-34357.21568131822,268.12558461393184
4695000,9390.000000995495,-39891.22466983176,5796.786901045336,-34094.437768786425,260.09819521341103
4700000,9400.000000997532,-40091.11649218727,5704.650223309025,-34386.46626887824,255.9640802284609
4705000,9410.00000099957,-40294.363296020325,5865.952356200386,-34428.410939819936,263.20160583795865
4710000,9420.000001001607,-39913.969972606865,5830.816937260776,-34083.15303534609,261.6251016106579
4715000,9430.000001003644,-39862.20270787639,5903.063147482783,-33959.13956039361,264.86674378424965
4720000,9440.000001005681,-39809.15347870335,5728.587465081847,-34080.56601362151,257.0381292645528
4725000,9450.000001007718,-39838.97004649553,5679.597516186141,-34159.37253030939,254.83998096121041
4730000,9460.000001009756,-40134.42910119783,5730.062821869942,-34404.366279327885,257.10432759898015
4735000,9470.000001011793,-40431.877076489865,5801.704232507569,-34630.1728439823,260.3188327942685
4740000,9480.00000101383,-39947.62847028736,5865.600989250182,-34082.02748103718,263.1858402231162
4745000,9490.000001015867,-40211.62190331824,5771.911303601226,-34439.710599717015,258.9820427464467
4750000,9500.000001017905,-40060.11282450968,5924.1839669341025,-34135.92885757558,265.81442171592
4755000,9510.000001019942,-40001.64595088281,5899.516799039278,-34102.12915184353,264.70762135220247
4760000,9520.00000102198,-39805.69110317808,5747.183805702507,-34058.50729747557,257.8725354132652
4765000,9530.000001024016,-39683.25722013537,5718.285325741923,-33964.97189439344,256.57587872905907
4770000,9540.000001026054,-39857.78205203294,5847.689036195441,-34010.0930158375,262.3821421155585
4775000,9550.000001028091,-40079.398862070346,5872.717657316218,-34206.68120475413,263.50516065898995
4780000,9560.000001030128,-39904.851458623874,5666.603181016822,-34238.248277607054,254.25693328613917
4785000,9570.000001032166,-39575.446672826605,5779.603590220441,-33795.84308260617,259.32719082604257
4790000,9580.000001034203,-39765.74718849068,5741.071045805149,-34024.67614268553,257.59825970773784
4795000,9590.00000103624,-39878.751504025444,5937.573776186964,-33941.17772783848,266.4152140652632
4800000,9600.000001038277,-40247.88674210364,5805.532810282428,-34442.35393182121,260.49061867953117
4805000,9610.000001040315,-40194.257043799116,5827.374227092836,-34366.88281670628,261.4706293630818
4810000,9620.000001042352,-39989.595921316526,5869.560587970972,-34120.03533334556,263.3635049361077
4815000,9630.00000104439,-39820.00094098454,5744.544257367257,-34075.45668361728,257.754100533754
4820000,9640.000001046426,-39729.69814982344,5956.103791357257,-33773.59435846618,267.246644232586
4825000,9650.000001048464,-39985.679957165674,5880.206100617361,-34105.47385654831,263.8411624166592
4830000,9660.000001050501,-40134.889249491665,5715.338190629876,-34419.55105886179,256.4436426236478
4835000,9670.000001052538,-39920.71958289859,5942.404526986467,-33978.31505591213,266.63196682604695
4840000,9680.000001054575,-40085.27955389797,5839.686653021516,-34245.59290087645,262.02308019790047
4845000,9690.000001056613,-40037.52823951169,5867.718120976098,-34169.81011853559,263.28083459678214
4850000,9700.00000105865,-40012.50673321875,5857.325430141138,-34155.18130307761,262.81452107245775
4855000,9710.000001060687,-40145.56715723256,5797.089340823076,-34348.47781640948,260.1117654966893
4860000,9720.000001062725,-39990.93595952422,5571.197177765351,-34419.73878175887,249.97612571431733
4865000,9730.000001064762,-39684.33972175783,5904.068106954373,-33780.27161480346,264.91183568589884
4870000,9740.000001066799,-39793.4851862941,5878.859532072687,-33914.62565422141,263.7807427299983
4875000,9750.000001068836,-39922.65272155246,5894.405531329397,-34028.24719022307,264.47828197345916
4880000,9760.000001070874,-39807.34765014872,5955.680930311451,-33851.66671983727,267.22767072248155
4885000,9770.00000107291,-39436.14545318081,5749.405244200764,-33686.740208980045,257.9722099664336
4890000,9780.000001074948,-39817.47805499543,5765.4383966653295,-34052.039658330104,258.6916074690161
4895000,9790.000001076985,-39967.66645500866,5813.724617484266,-34153.94183752439,260.85817993460336
4900000,9800.000001079023,-40194.25534278076,5911.7479828603155,-34282.50735992044,265.2564269045683
4905000,9810.00000108106,-39935.87110167167,5919.373065266201,-34016.49803640547,265.5985595732311
4910000,9820.000001083097,-40002.43610339361,5783.073731624332,-34219.362371769275,259.4828938959837
4915000,9830.000001085134,-39527.719512248324,5704.167634806716,-33823.55187744161,255.94242678481632
4920000,9840.000001087172,-39917.71056326115,5921.852460549435,-33995.85810271172,265.7098084856715
4925000,9850.000001089209,-40284.01605698225,5858.435199280871,-34425.580857701374,262.86431571822885
4930000,9860.000001091246,-40014.308858709235,5873.687239832454,-34140.62161887678,263.5486652188242
4935000,9870.000001093284,-39964.92818925355,6081.36457675764,-33883.56361249591,272.86701716845823
4940000,9880.00000109532,-40192.35253357742,5881.867196061825,-34310.485337515594,263.91569472818924
4945000,9890.000001097358,-40125.09004307679,5786.088301399535,-34339.00174167725,259.61815575246726
4950000,9900.000001099395,-39950.26213048153,5822.903182285911,-34127.35894819562,261.27001638474553
4955000,9910.000001101433,-39763.2217739513,5711.804399608936,-34051.41737434236,256.28508363528096
4960000,9920.00000110347,-40063.92745161119,5604.947428608148,-34458.980023003045,251.49047831724437
4965000,9930.000001105507,-40337.74338963315,5845.630914815474,-34492.11247481767,262.28979549913157
4970000,9940.000001107544,-40101.05361082684,5789.525892000956,-34311.527718825884,259.7723982883022
4975000,9950.000001109582,-39932.01849256183,5790.034119390379,-34141.98437317145,259.7952021327429
4980000,9960.000001111619,-40240.624056088825,5846.1995697161165,-34394.42448637271,262.3153106881287
4985000,9970.000001113656,-40482.1517355919,5809.167437666931,-34672.984297924966,260.6537021323336
4990000,9980.000001115694,-40059.12468380294,5799.8015336127355,-34259.323150190205,260.23345988734116
4995000,9990.00000111773,-40479.84474953308,5650.008161890341,-34829.836587642734,253.51232517857682
5000000,10000.000001119768,-40058.36814327452,5661.514855307829,-34396.85328796669,254.02862330059722
5005000,10010.000001121805,-39834.53312760057,5680.480079969942,-34154.05304763062,254.87958104505793
5010000,10020.000001123843,-40147.56689306433,5830.885109297567,-34316.68178376676,261.6281604472231
5015000,10030.00000112588,-40414.70674355047,5834.567293382739,-34580.139450167735,261.79337773937914
5020000,10040.000001127917,-40362.495158106714,5818.996187332008,-34543.49897077471,261.09471196980576
5025000,10050.000001129954,-40713.61787571654,5791.619017281624,-34921.99885843492,259.8663155078155
5030000,10060.000001131992,-40678.24899167323,5763.982712771374,-34914.26627890186,258.6262918450192
5035000,10070.000001134029,-40418.50563553216,5687.275817924649,-34731.229817607506,255.18450154797372
5040000,10080.000001136066,-40220.81791736309,5852.512643777779,-34368.30527358531,262.5985743646649
5045000,10090.000001138103,-40135.776059926735,5946.763887227383,-34189.01217269935,266.8275685879028
5050000,10100.00000114014,-39812.16594143244,5599.629102229164,-34212.536839203276,251.25184834578894
5055000,10110.000001142178,-40293.87463217052,5852.300576512922,-34441.5740556576,262.5890590394003
5060000,10120.000001144215,-40034.39505443636,5656.525708613899,-34377.86934582246,253.80476341530252
5065000,10130.000001146253,-39999.195656230055,5537.373695005898,-34461.82196122416,248.45848724118676
5070000,10140.00000114829,-39864.046827552054,6020.094043022658,-33843.95278452939,270.11784672002284
5075000,10150.000001150327,-40097.81976792885,6008.044915104129,-34089.77485282472,269.57720990190217
5080000,10160.000001152364,-40328.78297050076,5951.429710153751,-34377.35326034701,267.0369211383847
5085000,10170.000001154402,-40129.17660653233,5586.372482118777,-34542.80412441355,250.65703210979456
5090000,10180.000001156439,-40443.97635846089,5715.657112432327,-34728.319246028565,256.457952445045
5095000,10190.000001158476,-40330.98848463956,5712.831324504028,-34618.15716013553,256.3311611117162
5100000,10200.000001160513,-40591.23508805538,5747.180181140281,-34844.054906915095,257.87237278142976
5105000,10210.00000116255,-40385.84836756945,5835.034739940836,-34550.81362762862,261.8143517734769
5110000,10220.000001164588,-39949.1189861689,5899.1072457276205,-34050.011740441274,264.68924495178885
5115000,10230.000001166625,-40173.36957689317,5897.74228048455,-34275.627296408624,264.6279998168008
5120000,10240.000001168662,-39773.43671251456,5820.7117472844475,-33952.72496523011,261.1716880696741
5125000,10250.0000011707,-39574.17690485057,5624.174709442014,-33950.00219540855,252.3531943578924
5130000,10260.000001172737,-40160.63694945394,5794.244245554257,-34366.392703899684,259.9841078550919
5135000,10270.000001174774,-40085.8108248521,5941.234203533092,-34144.57662131901,266.5794551461741
5140000,10280.000001176812,-39897.26194620179,5802.20609194485,-34095.05585425694,260.3413509126876
5145000,10290.000001178849,-40061.743851957726,5564.785380056208,-34496.95847190152,249.68843236959202
5150000,10300.000001180886,-40185.95133744071,5667.123832381005,-34518.82750505971,254.28029458654072
5155000,10310.000001182923,-40410.48663977332,5856.5947710277605,-34553.89186874556,262.7817368559685
5160000,10320.00000118496,-40257.456912943846,5936.814658751062,-34320.64225419278,266.38115294167807
5165000,10330.000001186998,-40334.068413808214,5609.721727614364,-34724.34668619385,251.70469812144347
5170000,10340.000001189035,-40223.207259533665,5937.6461540240725,-34285.561105509594,266.41846161345273
5175000,10350.000001191072,-39687.621934332274,5766.6928752057265,-33920.929059126545,258.7478951349009
5180000,10360.00000119311,-39938.59698464709,5892.917053640087,-34045.679931007006,264.41149491241765
5185000,10370.000001195147,-40125.88743347118,5722.740837439947,-34403.146596031234,256.77579474653413
5190000,10380.000001197184,-40271.78148072841,5987.018095892452,-34284.763384835955,268.6337497020715
5195000,10390.000001199222,-39813.702332571316,5642.475949756225,-34171.22638281509,253.1743595408034
5200000,10400.000001201259,-39891.741689831644,5793.079554796016,-34098.66213503563,259.9318489107195
5205000,10410.000001203296,-39873.67492431802,5871.486411983258,-34002.18851233476,263.44991545256187
5210000,10420.000001205333,-39784.01836446657,5601.264208548506,-34182.75415591806,251.32521454156304
5215000,10430.00000120737,-40111.90712673051,5889.786293279243,-34222.12083345127,264.2710196571768
5220000,10440.000001209408,-39856.148945413035,5752.716512927922,-34103.43243248511,258.1207845189404
5225000,10450.000001211445,-40040.91408372114,5685.181171731221,-34355.732911989915,255.0905160860581
5230000,10460.000001213482,-39813.6432356656,5761.431259493636,-34052.211976171966,258.5118097355266
5235000,10470.00000121552,-39557.05840417138,5885.86684345849,-33671.19156071289,264.0951564001674
5240000,10480.000001217557,-39742.783075291045,5907.3955158438575,-33835.38755944719,265.06113443737365
5245000,10490.000001219594,-40046.16250723167,5760.470221983227,-34285.69228524844,258.4686885847482
5250000,10500.000001221631,-39771.59476416787,5826.849767806167,-33944.744996361704,261.4470972035848
5255000,10510.000001223669,-39892.02767940835,5874.857651837546,-34017.1700275708,263.6011808719571
5260000,10520.000001225706,-39858.12799373132,5782.59911606305,-34075.52887766827,259.4615981932061
5265000,10530.000001227743,-40136.34777116441,5767.820991687808,-34368.5267794766,258.79851301442426
5270000,10540.00000122978,-39878.245035623855,5694.289539595151,-34183.955496028706,255.49920284359968
5275000,10550.000001231818,-39846.1922163054,5864.865691968513,-33981.32652433688,263.1528478949226
5280000,10560.000001233855,-40058.30864330756,5694.525716263614,-34363.78292704395,255.50979994269397
5285000,10570.000001235892,-40059.20808212799,5825.163155065115,-34234.044927062874,261.37141994694935
5290000,10580.00000123793,-39947.737649949726,5843.055966879402,-34104.681683070325,262.17425919904434
5295000,10590.000001239967,-40348.96122260891,5858.037603113469,-34490.92361949544,262.8464758273841
5300000,10600.000001242004,-40577.404013503474,5863.924975636689,-34713.47903786678,263.11063854269145
5305000,10610.000001244041,-39789.05289365127,6099.0330426436885,-33690.019851007586,273.6597901593581
5310000,10620.000001246079,-39799.62312270615,5889.319726109705,-33910.30339659644,264.2500850806926
5315000,10630.000001248116,-40303.518743468776,5629.557486273008,-34673.96125719577,252.59471618073627
5320000,10640.000001250153,-40182.89403276876,5722.459655444012,-34460.434377324746,256.7631782866025
5325000,10650.00000125219,-40040.795389996056,5763.544393609465,-34277.25099638659,258.6066247389333
5330000,10660.000001254228,-39721.4587414318,5756.12292966107,-33965.33581177073,258.27362830284375
5335000,10670.000001256265,-39664.82543357517,5755.123377805394,-33909.702055769776,258.22877903753147
5340000,10680.000001258302,-40022.46935049979,5847.438121216064,-34175.031229283726,262.3708837176905
5345000,10690.00000126034,-40100.717743241235,5793.537273102143,-34307.180470139094,259.9523864442484
5350000,10700.000001262377,-40304.12172328424,5888.630327939201,-34415.49139534504,264.21915221685055
5355000,10710.000001264414,-39776.15868299169,5736.26207569791,-34039.896607293784,257.3824842329654
5360000,10720.000001266451,-39949.461716666025,5952.068686443159,-33997.39303022287,267.065591604023
5365000,10730.000001268489,-40149.967510360875,5945.173100636346,-34204.79440972453,266.7561909905611
5370000,10740.000001270526,-40230.145618247756,5950.988320646687,-34279.15729760107,267.017116267836
5375000,10750.000001272563,-40091.83015071964,5644.928619392647,-34446.90153132699,253.28440929022116
5380000,10760.0000012746,-40299.8000261205,5731.21695053358,-34568.583075586925,257.1561126287873
5385000,10770.000001276638,-40341.56974810409,5916.019858970567,-34425.54988913352,265.4481033083104
5390000,10780.000001278675,-40705.5280417414,5794.205928693214,-34911.32211304819,259.98238860155135
5395000,10790.000001280712,-40572.27923806416,5673.4093421880225,-34898.86989587614,254.56232147224645
5400000,10800.00000128275,-40667.831532900935,5998.430919452908,-34669.40061344803,269.1458359424382
5405000,10810.000001284787,-40641.44645240553,5816.605802874108,-34824.84064953142,260.98745691731216
5410000,10820.000001286824,-40355.65157223468,5573.773166896456,-34781.878405338226,250.09170873217312
5415000,10830.000001288861,-40481.39589208424,5912.040256447968,-34569.355635636275,265.2695410372689
5420000,10840.000001290899,-40033.56015895274,5713.5268021111115,-34320.03335684163,256.36236675606744
5425000,10850.000001292936,-40124.14123661065,5749.180197821239,-34374.96103878941,257.9621122764283
5430000,10860.000001294973,-40340.77455663077,5621.893477951689,-34718.881078679085,252.25083693064408
5435000,10870.00000129701,-40284.47202042166,5734.452886025633,-34550.019134396025,257.3013070262488
5440000,10880.000001299048,-40165.90997836499,5780.150984203781,-34385.75899416121,259.35175205100523
5445000,10890.000001301085,-40250.06455527254,5802.909126541609,-34447.15542873093,260.37289563442926
5450000,10900.000001303122,-40110.62476941152,5857.161713941521,-34253.46305547,262.80717522918724
5455000,10910.00000130516,-39741.25827684037,5790.280673404495,-33950.97760343588,259.8062648568328
5460000,10920.000001307197,-40406.4402958829,5764.990082922552,-34641.45021296035,258.67149191235063
5465000,10930.000001309234,-40391.52629574878,5711.313451151616,-34680.21284459716,256.26305508569453
5470000,10940.000001311271,-40393.70140616945,5855.542143914953,-34538.1592622545,262.73450613713277
5475000,10950.000001313309,-40558.68330184341,5817.20402505927,-34741.47927678414,261.0142987718349
5480000,10960.000001315346,-40549.97267003197,5853.759815586836,-34696.21285444514,262.6545341820938
5485000,10970.000001317383,-40250.35643621448,5834.449544908986,-34415.906891305494,261.7880944391587
5490000,10980.00000131942,-39896.85141297005,5779.694071122656,-34117.15734184739,259.33125064741756
5495000,10990.000001321458,-40125.963758444384,5859.032287659873,-34266.93147078451,262.8911066995798
5500000,11000.000001323495,-40025.87168988042,5829.627636145697,-34196.24405373472,261.5717384149983
