#"Step","Time (ps)","Potential Energy (kJ/mole)","Kinetic Energy (kJ/mole)","Total Energy (kJ/mole)","Temperature (K)","Box Volume (nm^3)","Density (g/mL)"
505000,1009.9999999899404,-40457.755934194036,5910.226405472185,-34547.52952872185,265.1881546807854,27.563530426081698,0.9702768801095292
510000,1019.999999989704,-40117.83821019334,5921.949034130998,-34195.88917606234,265.7141416817504,27.796019775588444,0.9621613642004416
515000,1029.9999999894676,-39987.77668843036,5923.212600901648,-34064.564087528706,265.7708371308307,27.916551764393585,0.9580071540473645
520000,1039.9999999892311,-40103.379311476696,5787.855711062605,-34315.52360041409,259.6974583163556,27.75343469325478,0.9636377119521922
525000,1049.9999999889947,-40478.56381091431,5804.740344915721,-34673.82346599859,260.455061255191,27.580431394684325,0.9696823056863841
530000,1059.9999999887582,-40539.63703057263,5848.495867020576,-34691.141163552056,262.4183441090149,28.12244235717252,0.9509933727289376
535000,1069.9999999885217,-40682.15002182242,5782.237253897054,-34899.912767925365,259.44536166460875,27.826560360286642,0.9611053597839332
540000,1079.9999999882853,-40772.47480843707,5826.681692237504,-34945.793116199566,261.4395557581574,27.622060698280386,0.9682208941162597
545000,1089.9999999880488,-40630.918708468314,5648.914716294777,-34982.00399217354,253.463262960002,27.76518748544646,0.9632298114551193
550000,1099.9999999878123,-40816.61381035168,5823.520730850015,-34993.09307950166,261.2977254017789,27.84341667538991,0.960523509683393
555000,1109.9999999875758,-40793.99805531271,5711.259211544579,-35082.73884376813,256.26062138852046,27.580423568333778,0.9696825808479901
560000,1119.9999999873394,-40560.32385826086,5678.854596360229,-34881.46926190063,254.80664661423396,27.81442623881651,0.9615246446931773
565000,1129.999999987103,-40255.872440945015,5652.103046345543,-34603.76939459947,253.60632133114885,27.53130013796528,0.9714127619328325
570000,1139.9999999868664,-40264.825670565246,5879.497924156289,-34385.327746408955,263.80938698268824,27.626537482990198,0.9680639972739692
575000,1149.99999998663,-40412.972115001336,5923.733883048067,-34489.23823195327,265.79422673403593,27.574572564941093,0.9698883362067361
580000,1159.9999999863935,-40678.62065647433,5943.823344142874,-34734.79731233146,266.69562826263564,27.46809196579752,0.9736481274317783
585000,1169.999999986157,-40404.893406269795,5744.087229425642,-34660.806176844155,257.73359397644816,27.772516680127126,0.9629756141531
590000,1179.9999999859206,-40630.81916636465,5800.154471445376,-34830.66469491927,260.249295986694,27.52744482141941,0.9715488117448746
595000,1189.999999985684,-40347.29151521412,5875.881190710774,-34471.41032450335,263.6471064197135,27.541116383504335,0.9710665295558251
600000,1199.9999999854476,-40117.085525787224,5854.609547172241,-34262.47597861498,262.69266110577627,27.3773313854916,0.9768759390769376
605000,1209.9999999852112,-40546.22361024564,5924.58221658486,-34621.64139366078,265.8322909281534,27.259509228221326,0.9810982319129479
610000,1219.9999999849747,-40490.24982373181,5811.614687002724,-34678.635136729084,260.7635086762592,27.147672704598143,0.9851399270071801
615000,1229.9999999847382,-39812.446072716426,5643.7301817807065,-34168.71589093572,253.23063614567354,27.672126626679923,0.9664691357995343
620000,1239.9999999845018,-40366.737224238925,5739.952960530263,-34626.78426370866,257.5480919221945,27.655103621673994,0.9670640425900444
625000,1249.9999999842653,-40548.78185946014,5609.977714842669,-34938.804144617476,251.71618410794196,27.644834111519387,0.9674232877917148
630000,1259.9999999840288,-40390.5881455106,5582.049687091282,-34808.538458419316,250.46307100614828,27.340480975206287,0.9781926049829063
635000,1269.9999999837923,-40183.467675634645,6049.76263963857,-34133.70503599608,271.44905805589616,27.658687588102488,0.966938732050569
640000,1279.9999999835559,-40505.65168977142,5954.864755162091,-34550.78693460933,267.1910494550535,27.83911753204212,0.960671841549599
645000,1289.9999999833194,-40361.869538777464,5739.448326176163,-34622.4212126013,257.5254492949969,27.556399270082107,0.9705279722688146
650000,1299.999999983083,-40222.02998291254,5812.953547241829,-34409.076435670715,260.82358249608023,27.772728479798058,0.9629682703331242
655000,1309.9999999828465,-40498.677371676706,5805.4666552399885,-34693.21071643672,260.48765034423843,27.50988899793952,0.9721688193153293
660000,1319.99999998261,-40366.91822616917,5792.811748515695,-34574.10647765347,259.9198326107645,27.652916347026014,0.9671405348716102
665000,1329.9999999823735,-40312.97830816568,5821.790475874205,-34491.18783229147,261.2200899454219,27.628689685156782,0.9679885876379688
670000,1339.999999982137,-40107.57377863621,5605.561141474913,-34502.01263716129,251.51801522894212,27.42279723260109,0.9752563197611442
675000,1349.9999999819006,-40468.69197965256,5847.773422662918,-34620.91855698964,262.38592848346644,27.41407965968861,0.9755664475561099
680000,1359.9999999816641,-40205.501747040995,5746.833708052551,-34458.66803898844,257.8568267511293,27.596995549458434,0.9691002869748067
685000,1369.9999999814277,-40204.3694587877,5700.05250440979,-34504.316954377915,255.7577834629935,27.534342326880765,0.9713054333792166
690000,1379.9999999811912,-39845.90410658126,5919.149890853236,-33926.754215728026,265.58854587719213,27.44372088105458,0.9745127645969165
695000,1389.9999999809547,-40396.398236932524,5931.444755147168,-34464.95348178536,266.1402087324661,27.55508498556949,0.970574263176053
700000,1399.9999999807183,-40336.24196001519,5950.633470217164,-34385.608489798025,267.0011943514597,27.83952878119462,0.9606576503797781
705000,1409.9999999804818,-40573.475684401514,5909.590643392248,-34663.885041009264,265.1596284347115,27.53275733195748,0.9713613491076089
710000,1419.9999999802453,-40579.54761956947,5856.885092472547,-34722.66252709692,262.7947633972421,27.774240576052495,0.9629158440314678
715000,1429.9999999800089,-40376.60199505494,5934.975403065489,-34441.62659198945,266.29862669178834,27.669319501994494,0.9665671866160214
720000,1439.9999999797724,-40351.17954421831,5924.401812010014,-34426.77773220829,265.8241962879455,27.672697369661446,0.9664492025971888
725000,1449.999999979536,-40427.35272935199,5873.639760683769,-34553.71296866822,263.54653485917953,27.241352651487382,0.9817521416346552
730000,1459.9999999792994,-40282.88427014118,5792.425101828185,-34490.45916831299,259.90248401622006,27.473694989495147,0.9734495602738755
735000,1469.999999979063,-40380.24839396488,5888.669570480384,-34491.578823484495,264.22091300507884,27.42542560813031,0.9751628539428847
740000,1479.9999999788265,-40171.41063806444,5847.943051067828,-34323.46758699661,262.393539603683,27.88831485622116,0.958977135926041
745000,1489.99999997859,-40043.16721254964,5806.522251833341,-34236.6449607163,260.5350143018051,27.384446024154453,0.9766221410151169
750000,1499.9999999783536,-40264.909249226665,5789.837882718904,-34475.071366507764,259.78639711628176,27.34886055269282,0.9778928908242701
755000,1509.999999978117,-40396.84324209901,5952.11272675065,-34444.730515348354,267.0675676650186,27.339870443916954,0.9782144491680702
760000,1519.9999999778806,-40450.42264185389,5747.518827666427,-34702.90381418746,257.887567638817,27.709676976841994,0.9651594397500122
765000,1529.9999999776442,-40311.43453699656,5790.253941962454,-34521.18059503411,259.80506543378186,27.457034741272253,0.9740402253423889
770000,1539.9999999774077,-40430.95252472044,5647.479290375563,-34783.47323434487,253.3988562986354,27.439386234982052,0.9746667100201675
775000,1549.9999999771712,-40064.03412029262,5859.204463798862,-34204.82965649376,262.8988321350278,27.19767002091758,0.9833289500921869
780000,1559.9999999769348,-40041.45255377095,5737.5355811894915,-34303.91697258146,257.43962562622494,27.565969109293196,0.9701910424620789
785000,1569.9999999766983,-40111.93530382351,5909.401787410481,-34202.53351641303,265.1511545851719,27.554966537333186,0.970578435302683
790000,1579.9999999764618,-39964.130965805285,5763.159396745572,-34200.971569059715,258.5893501709406,27.542276220177403,0.9710256368364303
795000,1589.9999999762254,-39978.5942467064,6010.331777092872,-33968.26246961353,269.6798199660856,27.59015429582924,0.9693405850457864
800000,1599.9999999759889,-40110.32464535127,5916.449995511162,-34193.87464984011,265.46740326530625,27.555394762479786,0.9705633520096897
805000,1609.9999999757524,-39943.549990073654,5825.188557469839,-34118.361432603815,261.3725597369288,27.9332889115905,0.9574331326063613
810000,1619.999999975516,-40207.576778713476,5726.846189194251,-34480.730589519226,256.9599993067911,27.600804644292317,0.9689665446819931
815000,1629.9999999752795,-40068.049174391344,5691.880091555289,-34376.16908283606,255.39109242013126,27.636563229756558,0.9677128116214836
820000,1639.999999975043,-40398.98001181668,5862.933771688968,-34536.04624012772,263.06616384277726,27.644155507399773,0.9674470359372613
825000,1649.9999999748065,-40692.12167364997,5929.9726713727705,-34762.1490022772,266.0741572561121,27.481648669699293,0.9731678265762236
830000,1659.99999997457,-40659.1332615621,5614.587933879962,-35044.545327682135,251.92304174676983,27.571459629703373,0.9699978407313053
835000,1669.9999999743336,-40367.59079528149,5749.692419703382,-34617.89837557811,257.9850953512538,27.753205301016596,0.9636456768344156
840000,1679.9999999740971,-40388.27818038768,5657.811843303629,-34730.46633708405,253.86247147276785,27.451822676151103,0.974225158821852
845000,1689.9999999738607,-40269.36438938587,5918.758570942788,-34350.60581844308,265.5709875980633,27.52858314518361,0.9715086376067922
850000,1699.9999999736242,-40230.83815432526,5706.994922537897,-34523.84323178737,256.06928541336043,27.456140071512305,0.9740719648488279
855000,1709.9999999733877,-40363.25592233837,5804.63452269396,-34558.62139964441,260.45031307842294,27.453471668539667,0.974166642001428
860000,1719.9999999731513,-40263.17150901852,5921.105965530253,-34342.065543488265,265.67631372201373,27.706032922728948,0.9652863829769973
865000,1729.9999999729148,-40314.60486912408,5709.038798490362,-34605.566070633715,256.16099284638346,27.290329696736404,0.9799902237832224
870000,1739.9999999726783,-40340.61359933566,5864.851254907442,-34475.762344428214,263.1522001130406,27.396121967914596,0.9762059147621182
875000,1749.9999999724419,-39915.0423473135,5824.908767621441,-34090.13357969206,261.3600057417846,27.239249335345885,0.9818279489779863
880000,1759.9999999722054,-40142.50891266685,5691.594375901237,-34450.91453676562,255.37827253780125,27.766506396141015,0.9631840579821572
885000,1769.999999971969,-40090.16932312804,5874.906101536368,-34215.26322159167,263.60335477957824,27.405469877002776,0.9758729343686604
890000,1779.9999999717324,-40484.57748645289,5754.616315440775,-34729.96117101211,258.20602746702366,27.720286988192314,0.9647900224847806
895000,1789.999999971496,-40252.90712158974,5615.63982103918,-34637.267300550564,251.9702392643517,27.5458566558967,0.9708994220333144
900000,1799.9999999712595,-40311.217597996896,5901.00533652873,-34410.212261468165,264.7744110964389,27.19455096232249,0.9834417322674777
905000,1809.999999971023,-40032.13376839726,5860.555088695644,-34171.57867970162,262.9594338276655,27.669898823057355,0.9665469497248979
910000,1819.9999999707866,-40013.85747177553,5853.067283206183,-34160.79018856935,262.62346068820665,27.43386506082032,0.9748628655616391
915000,1829.99999997055,-40261.768735034755,5913.046487008327,-34348.72224802643,265.3146899718745,27.180175373428643,0.9839618743876035
920000,1839.9999999703136,-39805.87940071321,5851.322288283467,-33954.55711242974,262.54516385966997,27.401754480362946,0.9760052527216276
925000,1849.9999999700772,-39916.342545457024,5815.383016098367,-34100.95952935866,260.93259124104526,27.463020488326485,0.9738279268294843
930000,1859.9999999698407,-40120.143300440686,5830.979073229762,-34289.164227210924,261.6323765499704,27.638708421425047,0.9676377021254345
935000,1869.9999999696042,-40612.27820422972,5806.500306746828,-34805.77789748289,260.534029639527,27.52474095457241,0.9716442509218192
940000,1879.9999999693678,-39982.994465359734,6058.3149944897195,-33924.67947087002,271.8327968580259,27.629393650107176,0.9679639244098607
945000,1889.9999999691313,-40142.67135560228,5914.240844178706,-34228.430511423576,265.3682800295665,28.01020668149473,0.9548039616677135
950000,1899.9999999688948,-40289.37894790231,5798.615762934804,-34490.76318496751,260.18025510018373,27.79280818241665,0.9622725465914814
955000,1909.9999999686584,-40262.731595699406,5769.119380907332,-34493.612214792076,258.85677092496115,27.670818216959134,0.9665148351208268
960000,1919.999999968422,-40100.143699573244,5789.939206164613,-34310.20449340863,259.790943435788,27.732001113449293,0.964382490726656
965000,1929.9999999681854,-40355.95881140577,5831.996085067962,-34523.962726337806,261.67800923375574,27.61432306435419,0.9684921931381805
970000,1939.999999967949,-40082.971328604704,5807.190414213641,-34275.78091439106,260.5649943290499,27.590409669368483,0.9693316129450129
975000,1949.9999999677125,-40097.57165124126,5837.714193049195,-34259.85745819207,261.93457715514785,27.52481759995217,0.9716415452892632
980000,1959.999999967476,-40028.65114661956,5778.510289725315,-34250.14085689424,259.2781351180335,27.775668137082715,0.9628663539120029
985000,1969.9999999672395,-40620.434393598814,5809.731945754554,-34810.70244784426,260.6790312564295,27.966146193765926,0.9563082493141055
990000,1979.999999967003,-40495.435433377614,5908.836342194927,-34586.59909118269,265.125783412733,27.88118407577271,0.9592224000939039
995000,1989.9999999667666,-40555.892391752765,5731.437406372659,-34824.45498538011,257.1660043441199,27.63240469140931,0.967858447547173
1000000,1999.9999999665301,-40487.13334667077,5741.248206737466,-34745.88513993331,257.60620880773837,27.656712482892896,0.9670077860181442
1005000,2009.9999999662937,-40813.668846598746,5955.537899228789,-34858.13094736996,267.2212530074448,27.664862739681237,0.9667228989450892
1010000,2019.9999999660572,-40504.616159875746,5955.7503664636215,-34548.86579341212,267.2307862791115,27.878692196435367,0.9593081382075093
1015000,2029.9999999658207,-40441.24435135687,5892.577317217866,-34548.667034139005,264.3962511520766,27.653681734772473,0.967113766735577
1020000,2039.9999999655843,-40430.355671900455,5897.944492565921,-34532.41117933454,264.637072946159,27.661171315577803,0.9668519095415601
1025000,2049.999999965348,-40096.72692326195,5965.30373516884,-34131.42318809311,267.65943994550514,27.654549111882194,0.9670834334858692
1030000,2059.9999999651113,-40297.43190961066,5845.8717397561095,-34451.56016985455,262.30060116328497,27.678165753548903,0.9662582609251652
1035000,2069.999999964875,-40221.139514204944,5785.59477677544,-34435.5447374295,259.59601161189215,27.912992506390335,0.9581293120219864
1040000,2079.9999999646384,-40312.67342425727,5669.978583925608,-34642.694840331664,254.40838549918067,27.835458616814375,0.9607981199371155
1045000,2089.999999964402,-40338.59565108351,5942.250138599447,-34396.34551248406,266.6250395158816,27.52305880517681,0.9717036357017231
1050000,2099.9999999641655,-40574.79239016462,5697.900954289932,-34876.89143587469,255.66124475756246,27.505163389141444,0.9723358457554481
1055000,2109.999999963929,-40331.063074471356,5642.90593567988,-34688.157138791474,253.1936527397115,27.563304374199028,0.970284837534099
1060000,2119.9999999636925,-40511.72775988594,5900.774144324099,-34610.95361556184,264.76403764711284,27.131039425776912,0.9857438886478191
1065000,2129.999999963456,-40439.091776464804,5685.756767958496,-34753.33500850631,255.11634272803084,27.58346941506925,0.9695755056835544
1070000,2139.9999999632196,-40241.16070882128,5832.398530950694,-34408.76217787058,261.69606672828786,28.036859670602478,0.9538962858477626
1075000,2149.999999962983,-40113.228024087046,5749.296871855873,-34363.93115223118,257.96734736723886,27.886164596434444,0.9590510811960917
1080000,2159.9999999627466,-40107.00150022688,5713.769891520951,-34393.23160870593,256.37327402553484,27.613597311274955,0.9685176474889289
1085000,2169.99999996251,-40147.402157928256,5781.346350081248,-34366.055807847006,259.40538736875214,27.29718065774056,0.9797442689026883
1090000,2179.9999999622737,-39911.35742791521,5733.6227415062,-34177.73468640901,257.26405896194063,27.78507452553579,0.9625403841203808
1095000,2189.9999999620372,-40210.023914789475,5778.727435940222,-34431.29647884925,259.28787833260367,27.095699151637678,0.987029570890633
1100000,2199.9999999618008,-39731.100244042376,5775.20809351955,-33955.89215052283,259.12996764387555,27.35265388141818,0.9777572743970974
1105000,2209.9999999615643,-40491.242390145475,5833.123869592973,-34658.1185205525,261.7286122185734,27.72367215502983,0.964672217917946
1110000,2219.999999961328,-40586.15965162634,5890.387340389144,-34695.7723112372,264.2979882643021,27.66546426553726,0.9667018796405243
1115000,2229.9999999610914,-40325.462566978706,5628.687360324677,-34696.77520665403,252.5556741747711,27.778100805817882,0.9627820308370859
1120000,2239.999999960855,-40354.68826919352,5988.984429314157,-34365.70383987936,268.72197785033774,27.22133546688559,0.9824740721907886
1125000,2249.9999999606184,-40530.58794640283,5874.102249501686,-34656.485696901145,263.56728644258254,27.40448593104699,0.9759079726550762
1130000,2259.999999960382,-40614.52236031758,5820.53326242675,-34793.98909789082,261.16367956597145,27.278552036317706,0.9804133397922391
1135000,2269.9999999601455,-40500.793235417754,5928.408127003175,-34572.38510841458,266.0039571307996,27.266664226879026,0.9808407836063269
1140000,2279.999999959909,-40397.759664451645,5679.640824340416,-34718.11884011123,254.84192417095008,27.520473181251052,0.971794929923035
1145000,2289.9999999596726,-40465.37346487754,5607.437107460455,-34857.936357417086,251.60218864698396,27.42248976884382,0.9752672544346513
1150000,2299.999999959436,-40664.95579197175,5979.2968612960585,-34685.65893067569,268.28730274488225,27.67030609340394,0.9665327234308382
1155000,2309.9999999591996,-40546.16447805091,5968.22995453723,-34577.93452351368,267.79073757460714,27.956032579592325,0.9566542115902998
1160000,2319.999999958963,-40805.43363204594,5927.018543492495,-34878.41508855345,265.94160738957294,27.58747170866451,0.9694348430712828
1165000,2329.9999999587267,-40268.15358354748,5863.156529917398,-34404.99705363008,263.076158864877,27.810926355742712,0.96164564835145
1170000,2339.99999995849,-40189.13187076854,5770.990188019132,-34418.14168274941,258.94071286757145,27.568766423631338,0.9700926002876227
1175000,2349.9999999582537,-40013.67373649788,5764.100560051027,-34249.57317644686,258.63157957859846,27.430822105337665,0.9749710090321558
1180000,2359.9999999580173,-40018.73011538841,5969.8268903831395,-34048.90322500527,267.86239108516105,27.768170977108934,0.9631263192908751
1185000,2369.999999957781,-40322.58505264632,5786.634698136955,-34535.95035450936,259.64267223163057,27.41101511384808,0.97567551568389
1190000,2379.9999999575443,-40084.77494453134,5824.169842143954,-34260.60510238739,261.32685061871865,27.542954987617943,0.9710017069209035
1195000,2389.999999957308,-39900.584533551126,5880.428927109597,-34020.15560644153,263.8511605017131,27.33109211293498,0.9785286367669657
1200000,2399.9999999570714,-39777.517529114775,5642.484062043255,-34135.033467071524,253.17472353403818,27.48201211710917,0.9731549565096347
1205000,2409.999999956835,-39869.51429161488,5608.718448419946,-34260.79584319494,251.65968161277797,27.401513477722006,0.976013836913288
1210000,2419.9999999565985,-39742.02785209581,5866.085180419235,-33875.942671676574,263.20756557741316,27.04211860842522,0.9889852453457626
1215000,2429.999999956362,-39751.344381185714,5883.9636017763605,-33867.38077940935,264.00975913871423,27.14875714387266,0.9851005762397737
1220000,2439.9999999561255,-39735.32892064913,5734.372811245084,-34000.95610940405,257.2977141210311,27.290076032853545,0.9799993328866574
1225000,2449.999999955889,-40358.33619258578,5843.628276889865,-34514.707915695915,262.19993839052836,27.597306797015317,0.9690893572815971
1230000,2459.9999999556526,-40243.73095618233,5791.691737290037,-34452.03921889229,259.86957840901704,27.57125944269809,0.970004883607358
1235000,2469.999999955416,-40085.95922983727,5842.959649993652,-34242.99957984362,262.1699375207457,27.4887024329881,0.9729181059680689
1240000,2479.9999999551796,-40143.62802428652,5840.394394498684,-34303.233629787836,262.0548361144162,27.895573012134907,0.9587276194322504
1245000,2489.999999954943,-40378.42738535035,5814.307619782008,-34564.119765568335,260.8843388823164,27.156307251029627,0.9848266945649846
1250000,2499.9999999547067,-40576.80159837537,5657.610307463379,-34919.19129091199,253.85342868592502,27.365035720313806,0.9773148692354763
1255000,2509.9999999544702,-40511.882437085646,5986.981475751807,-34524.90096133384,268.6321065793118,27.575239319018998,0.9698648848416981
1260000,2519.9999999542338,-40940.61954420806,5730.667830518064,-35209.951713689996,257.1314739578426,27.951311538261276,0.9568157927048838
1265000,2529.9999999539973,-40754.34184074067,5928.488802653214,-34825.85303808746,266.0075769966548,27.78691119255025,0.962476761857318
1270000,2539.999999953761,-40618.278378416544,5866.16181026909,-34752.11656814745,263.2110039107497,27.632169484225905,0.9678666860338219
1275000,2549.9999999535244,-40276.54346513083,5685.962816450747,-34590.58064868009,255.12558799474078,27.80777065079647,0.9617547786361875
1280000,2559.999999953288,-40537.33683402076,5770.453730335847,-34766.883103684915,258.9166423475381,27.958217651350314,0.9565794443742357
1285000,2569.9999999530514,-40211.301679597,5876.141719777959,-34335.159959819044,263.658796195676,27.449130826438605,0.9743206980114265
1290000,2579.999999952815,-40363.56038180282,5872.383367981369,-34491.17701382145,263.4901613060453,27.435557500845626,0.9748027283862671
1295000,2589.9999999525785,-40247.855034161184,5634.226817647243,-34613.62821651394,252.804226153075,27.46268857212733,0.9738396965898722
1300000,2599.999999952342,-40316.7691996269,5807.224664626623,-34509.54453500028,260.56653112361454,27.598905167318755,0.9690332331838962
1305000,2609.9999999521056,-40811.90678001389,5713.328106459865,-35098.578673554024,256.35345140672507,27.50291942009689,0.9724151788438906
1310000,2619.999999951869,-40554.122578086346,5804.496617474871,-34749.625960611476,260.4441253576721,27.63387295806299,0.9678070224615115
1315000,2629.9999999516326,-40648.18846444664,5725.183965712671,-34923.00449873397,256.8854163809426,27.733382753259338,0.964334446488665
1320000,2639.999999951396,-40134.03947513104,5765.589068036659,-34368.45040709438,258.69836799901697,27.63361291219921,0.9678161300007224
1325000,2649.9999999511597,-40387.44960784368,5616.923342371809,-34770.52626547187,252.02783006212186,27.637132213418198,0.9676928886868347
1330000,2659.999999950923,-40445.47544250708,5850.0107865065365,-34595.46465600054,262.4863175969003,27.78560561499075,0.9625219862832034
1335000,2669.9999999506867,-39892.61903059015,5952.3881568324105,-33940.23087375774,267.07992604016613,27.38057998673502,0.9767600364776542
1340000,2679.9999999504503,-40220.0128382202,5810.876810318498,-34409.1360279017,260.73040061188954,27.588454925394302,0.9694002936715888
1345000,2689.999999950214,-40501.6236873953,5790.55981983955,-34711.06386755575,259.8187899824235,27.525356997297777,0.9716225046326619
1350000,2699.9999999499773,-40007.631641339096,5869.816047453237,-34137.81559388586,263.37496724297205,27.70615225722512,0.9652822253457569
1355000,2709.999999949741,-40835.20137980616,5599.802596888752,-35235.39878291741,251.25963294242987,27.275807018014202,0.9805120079108746
1360000,2719.9999999495044,-40181.14945252898,5792.224176481788,-34388.92527604719,259.8934686218538,27.315644673462554,0.9790820105595004
1365000,2729.999999949268,-40203.299116434675,5941.797569883704,-34261.50154655097,266.60473304124594,27.200176905956724,0.9832383222759759
1370000,2739.9999999490315,-40006.73851298687,5813.754204932995,-34192.98430805388,260.8595075048844,27.90207307507257,0.9585042743836721
1375000,2749.999999948795,-40321.032465556214,5920.492911874157,-34400.53955368206,265.6488063886855,27.563023772346536,0.9702947153952913
1380000,2759.9999999485585,-40129.94854038983,5612.893043812177,-34517.055496577654,251.84699309167146,27.803143270946787,0.9619148470370739
1385000,2769.999999948322,-40302.67359401323,5773.390185772134,-34529.28340824109,259.0483992625914,27.694636993794358,0.9656835838872095
1390000,2779.9999999480856,-40585.74656257851,5743.463596613267,-34842.28296596524,257.70561196300804,27.577484273775223,0.9697859326514076
1395000,2789.999999947849,-40620.43293235201,5681.60182254637,-34938.83110980564,254.92991293142936,27.468577781910795,0.9736309072483119
1400000,2799.9999999476127,-40417.49800097114,5805.636052649141,-34611.861948322,260.49525109982017,27.187781897121848,0.9836865842098664
1405000,2809.999999947376,-40227.14354805449,5818.761330461108,-34408.38221759338,261.084174089201,27.58782603471984,0.9694223920712143
1410000,2819.9999999471397,-40587.20942497646,5817.049680088199,-34770.15974488827,261.007373409716,27.516770424605035,0.9719256981810761
1415000,2829.9999999469032,-39923.43816609441,5965.082602841372,-33958.35556325304,267.6495178765625,27.59705408954963,0.9690982312764341
1420000,2839.999999946667,-40054.38853273008,5696.405448569503,-34357.98308416058,255.59414235316936,27.429328329995982,0.9750241050334368
1425000,2849.9999999464303,-40406.49366243919,5906.355391464354,-34500.138270974836,265.01446470834543,27.587232906650502,0.9694432347426677
1430000,2859.999999946194,-40436.26822227913,5796.449814838931,-34639.8184074402,260.0830703665926,27.61802453932334,0.9683623920510095
1435000,2869.9999999459574,-40449.96354165648,5840.380893100808,-34609.58264855567,262.0542303151553,27.581607082332354,0.9696409722170939
1440000,2879.999999945721,-40242.2652231381,5721.454434966021,-34520.81078817208,256.7180746737597,27.758879158040365,0.9634487096672327
1445000,2889.9999999454844,-40388.48193803096,6105.1703952245,-34283.311542806456,273.9351693231789,27.44453473464104,0.9744838659212356
1450000,2899.999999945248,-39939.51446892827,5853.448364455218,-34086.06610447305,262.64055956501477,27.407759749414137,0.9757914018198556
1455000,2909.9999999450115,-40054.86562559692,5874.610506909399,-34180.25511868752,263.59009163392506,27.445555243841017,0.9744476316479053
1460000,2919.999999944775,-40134.48677148747,5832.30794354239,-34302.178827945085,261.6920021280514,27.333272127639006,0.9784505924403843
1465000,2929.9999999445386,-40204.308111232924,5889.791040973037,-34314.517070259884,264.2712326832218,27.609419927098244,0.9686641869782107
1470000,2939.999999944302,-39988.73838544525,5862.290772017246,-34126.447613428005,263.0373128504961,27.586397355962017,0.9694725977273222
1475000,2949.9999999440656,-40210.86626124578,5782.654249941298,-34428.21201130448,259.46407201576886,27.37864956696001,0.9768289060866262
1480000,2959.999999943829,-39879.87187367733,5718.42137359912,-34161.45050007821,256.5819831111458,27.14302951551461,0.9853084487616224
1485000,2969.9999999435927,-39905.05753415887,5876.477324851718,-34028.580209307154,263.6738545850008,27.437298625981782,0.9747408690335544
1490000,2979.999999943356,-40138.1912108608,5714.7498612581,-34423.4413496027,256.4172446534615,27.642544140913028,0.9675034313154676
1495000,2989.9999999431197,-39911.45239866868,5727.922590080023,-34183.52980858866,257.00829673991996,27.580348496068645,0.9696852202732249
1500000,2999.9999999428833,-39581.51496051438,5892.62095892976,-33688.894001584624,264.3982093283376,27.168634270894707,0.9843798565639825
1505000,3009.999999942647,-39676.80669101813,5988.326585117531,-33688.4801059006,268.69246079352763,27.08260686673633,0.9875067211299637
1510000,3019.9999999424103,-39971.05375670911,5803.297267504633,-34167.756489204476,260.39031127617943,27.225172944059064,0.9823355892568765
1515000,3029.999999942174,-40029.00139554714,5855.335174004276,-34173.66622154286,262.7252195269555,27.194315292457656,0.9834502549155979
1520000,3039.9999999419374,-39790.076277124994,5915.8275387399735,-33874.248738385024,265.4394740200971,27.37958017735706,0.9767957044403536
1525000,3049.999999941701,-39951.06628973059,5594.792218650931,-34356.27407107966,251.03482041106722,27.486954959313913,0.9729799589008451
1530000,3059.9999999414645,-39989.97229889127,5728.884777261275,-34261.08752162999,257.05146947570853,27.245082904337558,0.981617725316769
1535000,3069.999999941228,-39976.59229354844,5809.075305018099,-34167.51698853034,260.64956819812306,27.442626673802383,0.9745516208969005
1540000,3079.9999999409915,-40171.614140425605,5683.165913293052,-34488.448227132554,255.000092702966,27.41010640360371,0.9757078616486677
1545000,3089.999999940755,-40195.614942658176,6005.087402131674,-34190.5275405265,269.4445081483984,27.60466587774878,0.9688310094048378
1550000,3099.9999999405186,-40125.33493359012,5863.126680197081,-34262.20825339304,263.0748195266342,27.3602538991622,0.9774856770405033
1555000,3109.999999940282,-39920.28652773089,5895.6631106890945,-34024.623417041796,264.5347087711626,27.64268268220565,0.9674985823224257
1560000,3119.9999999400457,-40176.238318800926,5767.046772282152,-34409.19154651878,258.7637742749212,27.72805847126034,0.9645196159097326
1565000,3129.999999939809,-40208.70851657415,5771.3922505680885,-34437.31626600606,258.9587531621574,27.513100483361416,0.9720553422467327
1570000,3139.9999999395727,-40172.1032504009,5821.832878221714,-34350.270372179184,261.2219925121797,27.3844144788615,0.976623266028455
1575000,3149.9999999393362,-40464.54798356347,5957.2750572030345,-34507.272926360434,267.29919819701524,27.317438241988174,0.9790177274205554
1580000,3159.9999999391,-40138.723394379405,5762.374831038518,-34376.348563340885,258.5541471993781,27.47844137103731,0.9732814152556513
1585000,3169.9999999388633,-40133.05947912679,5702.992399187673,-34430.067079939116,255.88969469914858,27.48527787816215,0.9730393276420798
1590000,3179.999999938627,-40303.17694129287,5723.928357039262,-34579.24858425361,256.82907800669784,27.55699757703546,0.9705069005380278
1595000,3189.9999999383904,-40198.67455226012,5866.206493778755,-34332.46805848136,263.21300883182374,27.242192105292062,0.9817218894593764
1600000,3199.999999938154,-40160.23325468012,5825.65602646966,-34334.57722821046,261.3935347779726,27.55856957250709,0.9704515408993931
1605000,3209.9999999379174,-40030.28936355136,5710.0192011335375,-34320.27016241782,256.20498289853225,27.527839023414607,0.9715348990479973
1610000,3219.999999937681,-40454.07488393823,5849.538386598028,-34604.5364973402,262.465121309074,27.550300606218645,0.9707428128964198
1615000,3229.9999999374445,-40466.71665737635,5749.506534356509,-34717.210123019846,257.97675479224,27.34219271871216,0.9781313657525235
1620000,3239.999999937208,-40393.260073432204,5814.269203461299,-34578.990869970905,260.8826151660829,27.238141243387417,0.9818678913384117
1625000,3249.9999999369716,-40223.34779960588,5733.713241642074,-34489.63455796381,257.2681196463179,27.577460834453262,0.969786756916007
1630000,3259.999999936735,-40310.02749584284,5837.428406919408,-34472.59908892343,261.9217541106158,27.230871764988954,0.9821300080817842
1635000,3269.9999999364986,-39934.877065493965,5721.290906021812,-34213.58615947215,256.710737232522,27.627180144837492,0.9680414782259329
1640000,3279.999999936262,-39896.7926972107,5848.877626530234,-34047.915070680465,262.4354734189521,27.40614381734702,0.9758489368246897
1645000,3289.9999999360257,-40047.398121946826,5813.456895910228,-34233.9412260366,260.84616743536617,27.42634378862522,0.9751302073925916
1650000,3299.999999935789,-39997.21530161695,5767.185630159343,-34230.0296714576,258.770004740844,27.255087503436563,0.9812574002285069
1655000,3309.9999999355528,-40084.97090164204,5794.876937891893,-34290.09396375014,260.01249636375263,27.516371978390602,0.9719397719883153
1660000,3319.9999999353163,-40447.901717368695,5875.933761487191,-34571.967955881504,263.6494652375035,27.67810483907307,0.9662603874838955
1665000,3329.99999993508,-40302.559968013804,5926.695506626878,-34375.864461386926,265.9271129278705,27.39819784493138,0.9761319506483624
1670000,3339.9999999348433,-40321.58172135017,5627.590614993577,-34693.991106356596,252.50646389913095,27.42954545779104,0.9750163869021111
1675000,3349.999999934607,-40093.928836317136,5810.205606523959,-34283.72322979318,260.700284118294,27.420260297306424,0.9753465509315314
1680000,3359.9999999343704,-39782.01015277281,5903.573672918201,-33878.43647985461,264.8896507405738,27.16615147594787,0.9844698219510859
1685000,3369.999999934134,-40460.47437324758,5934.88804846443,-34525.58632478315,266.2947071455868,27.602174620516134,0.9689184520535628
1690000,3379.9999999338975,-40153.01275993166,5820.530121211539,-34332.482638720125,261.16353862161367,27.45331928302477,0.9741720493215342
1695000,3389.999999933661,-40102.91276392518,5676.424555139463,-34426.48820878572,254.69761218764475,27.609830503351475,0.9686497823076539
1700000,3399.9999999334245,-40235.184642994216,5890.412794629665,-34344.77184836455,264.2991303801213,27.707151112071706,0.9652474265017613
1705000,3409.999999933188,-40057.33086415584,5703.873418079489,-34353.457446076354,255.92922546466096,27.088618180690858,0.9872875806447118
1710000,3419.9999999329516,-40250.747851231274,5584.368486363059,-34666.37936486822,250.56711407620534,27.619057931424567,0.9683261598938679
1715000,3429.999999932715,-39712.98260134891,5813.90279531854,-33899.079806030364,260.8661746623573,27.34193561200468,0.9781405634969152
1720000,3439.9999999324787,-40070.36694589433,5852.0901184058985,-34218.27682748844,262.57961591603913,27.51950015922024,0.9718292902083154
1725000,3449.999999932242,-40487.0995218169,5793.968556106181,-34693.13096571072,259.97173784234036,27.654454815596814,0.9670867310513442
1730000,3459.9999999320057,-40272.52474827951,5609.937840961547,-34662.586907317964,251.7143949918863,27.420018780310137,0.9753551418362718
1735000,3469.9999999317693,-40026.90375089866,5780.124727588998,-34246.77902330966,259.35057393315583,27.835176098229795,0.9608078717462635
1740000,3479.999999931533,-39931.886881053826,5930.836841769207,-34001.050039284615,266.11293204019626,27.09595950666757,0.9870200868893978
1745000,3489.9999999312963,-40176.04209311195,5708.501105409547,-34467.54098770241,256.13686689483717,26.984470295332798,0.99109806543982
1750000,3499.99999993106,-39972.89230657452,5815.682568598575,-34157.20973797594,260.9460319739902,27.587536519844527,0.9694325655857201
1755000,3509.9999999308234,-39785.42533028269,5848.459367944715,-33936.96596233798,262.4167064183562,27.704263274436308,0.9653480419853102
1760000,3519.999999930587,-40069.5064749592,5756.153847935103,-34313.3526270241,258.27501558642206,27.431871896590582,0.9749336978329426
1765000,3529.9999999303504,-40125.19661366065,5856.150617878842,-34269.04599578181,262.7618079825419,27.69486408331392,0.9656756655735304
1770000,3539.999999930114,-40022.68307293428,5730.870355715142,-34291.81271721913,257.14056113650634,27.4592432412874,0.9739618849513768
1775000,3549.9999999298775,-39788.34779166937,5744.826987196293,-34043.520804473075,257.7667864439868,26.92299791590271,0.9933610064585526
1780000,3559.999999929641,-39705.32734483814,5702.214107053367,-34003.11323778477,255.85477321886353,26.83678729746444,0.9965520839057157
1785000,3569.9999999294046,-40323.69969556513,5793.583227073894,-34530.11646849124,259.95444837016,27.39667983239468,0.9761860367838952
1790000,3579.999999929168,-40152.46519812195,5994.266373498791,-34158.19882462316,268.9589753755346,27.41204532388549,0.9756388474711525
1795000,3589.9999999289316,-39953.991924433736,5741.776625442657,-34212.21529899108,257.629918623863,27.32914773087891,0.9785982559713923
1800000,3599.999999928695,-40297.920142599934,5602.259347889203,-34695.66079471073,251.36986582009368,27.25133790448248,0.9813924145802603
1805000,3609.9999999284587,-39886.673200453006,5736.228263301036,-34150.44493715197,257.380967091909,27.259482585964165,0.9810991907965698
1810000,3619.999999928222,-39778.10954927573,5771.238038712823,-34006.87151056291,258.9518337728612,27.580410681785494,0.9696830339181616
1815000,3629.9999999279858,-39980.77799220994,6125.427643391972,-33855.35034881797,274.84409935257156,27.078341024480203,0.987662290036323
1820000,3639.9999999277493,-39996.92130352504,5864.3724365386115,-34132.54886698643,263.1307158329223,27.231193379996764,0.9821184085993154
1825000,3649.999999927513,-40571.72043942363,5845.119770350277,-34726.600669073356,262.26686076732915,27.258949149911754,0.9811183901309419
1830000,3659.9999999272763,-40315.30111461755,5818.5785534939005,-34496.72256112365,261.07597300123473,27.54584418551013,0.9708998615729788
1835000,3669.99999992704,-40676.80662330153,5811.053403765002,-34865.75321953653,260.73832424915724,27.693207063409048,0.9657334466674946
1840000,3679.9999999268034,-40452.320925809145,5858.8424266291095,-34593.47849918003,262.8825877541215,27.794405894907776,0.9622172320482106
1845000,3689.999999926567,-40267.94127818644,5966.758334600283,-34301.18294358616,267.7247069103488,27.60020647475934,0.9689875447519031
1850000,3699.9999999263305,-40501.15029226957,5696.728735900646,-34804.42155636893,255.6086480531029,27.452981298411835,0.9741840427425562
1855000,3709.999999926094,-40063.75435826376,5785.935047544917,-34277.81931071884,259.6112793480598,27.6283403202235,0.9680008280137721
1860000,3719.9999999258575,-40436.93070643545,5756.01420322087,-34680.91650321458,258.2687498156144,27.361474254894517,0.9774420799653556
1865000,3729.999999925621,-40631.83271110338,5905.059730509409,-34726.772980593974,264.9563292133302,27.60262916291093,0.9689024965258862
1870000,3739.9999999253846,-40383.84504965987,5789.693202688912,-34594.151846970955,259.7799054140117,27.442732618711517,0.9745478585608256
1875000,3749.999999925148,-40512.001373683124,5765.306907981505,-34746.69446570162,258.6857076541812,27.462151562240535,0.9738587395823353
1880000,3759.9999999249117,-40390.57912985918,5824.899791249718,-34565.679338609465,261.35960297761125,27.281617826744476,0.980303165173912
1885000,3769.999999924675,-40046.06287393255,6093.033400892924,-33953.02947303963,273.3905899941736,27.608995090336073,0.9686790924159305
1890000,3779.9999999244387,-40624.091469003324,5778.143124655206,-34845.948344348115,259.2616606514521,27.820631661931586,0.9613101755420665
1895000,3789.9999999242023,-40310.07284117376,5714.921983702348,-34595.15085747141,256.42496767966014,27.76716630090455,0.9631611672866814
1900000,3799.999999923966,-40626.28179033709,5845.601030266204,-34780.680760070885,262.28845459813544,27.438157519180937,0.9747103568425383
1905000,3809.9999999237293,-40456.02897301617,5803.225855463636,-34652.80311755253,260.38710706265624,27.236680654347555,0.981920544798607
1910000,3819.999999923493,-40280.775054174075,5903.530782579019,-34377.24427159506,264.8877262779355,27.227990480451556,0.9822339377496029
1915000,3829.9999999232564,-40051.96784184308,5901.5275922249,-34150.44024961818,264.7978443822113,27.937887549390666,0.9572755370047987
1920000,3839.99999992302,-40317.44596842503,5828.475761206943,-34488.97020721809,261.52005450841426,27.4498941871892,0.9742936028913404
1925000,3849.9999999227834,-40538.38463823426,6166.2892382659975,-34372.09539996826,276.6775335052672,27.323508930620374,0.9788002110025994
1930000,3859.999999922547,-39978.17427833299,5889.616683348501,-34088.557594984486,264.26340936588457,27.580442926254694,0.9696819002556311
1935000,3869.9999999223105,-40866.341566207135,5814.536591699578,-35051.804974507555,260.8946127087535,27.78195302730384,0.9626485323165952
1940000,3879.999999922074,-40619.71748746398,5789.261929364771,-34830.45555809921,259.76055445025065,27.685234872693687,0.9660115375434595
1945000,3889.9999999218376,-40286.873095105446,5734.705910052399,-34552.16718505305,257.3126600557514,27.315991581784967,0.979069576388961
1950000,3899.999999921601,-40267.36255577876,5713.339633723592,-34554.02292205517,256.353968627824,27.39046591090926,0.9764074986388145
1955000,3909.9999999213646,-40010.60337884382,5632.387278280277,-34378.21610056354,252.72168717457893,27.497844206350496,0.9725946552728729
1960000,3919.999999921128,-40208.89654934591,5861.737754596552,-34347.15879474936,263.0124993054237,27.227865676008687,0.9822384400180078
1965000,3929.9999999208917,-39807.68329037597,5820.085768788424,-33987.59752158755,261.1436008068787,27.545949231460252,0.9708961590649413
1970000,3939.9999999206552,-40331.85253529509,5854.6397088742815,-34477.21282642081,262.6940144424435,27.487063639573268,0.9729761118651752
1975000,3949.9999999204188,-40493.34337723569,5744.855643070703,-34748.487734164984,257.76807221511206,27.324299050555098,0.97877190763945
1980000,3959.9999999201823,-40403.7757390232,5829.255274041436,-34574.52046498176,261.55503076075166,27.317407662164896,0.9790188233587006
1985000,3969.999999919946,-40225.17339715776,5896.160307393744,-34329.01308976402,264.55701767569076,27.624597465348778,0.9681319823816289
1990000,3979.9999999197094,-39913.67514736345,6072.741917472524,-33840.93322989093,272.4801238504385,27.22242353518899,0.9824348031339583
1995000,3989.999999919473,-40209.90616290311,5838.765631696398,-34371.140531206715,261.98175454827674,27.352319586057533,0.9777692243788766
2000000,3999.9999999192364,-40442.42526852918,5732.954378077429,-34709.47089045175,257.23406991377703,27.60074547392256,0.9689686219486663
2005000,4009.999999919,-40469.51908889686,5665.626183586721,-34803.89290531014,254.21309602376684,27.60687149128805,0.9687536059659045
2010000,4019.9999999187635,-40117.38697180353,5728.363309316107,-34389.02366248742,257.02807153582984,27.741962431500802,0.964036209502422
2015000,4029.999999918527,-40089.65077164577,5807.667548717259,-34281.98322292851,260.58640305519145,27.439417773358674,0.9746655897556622
2020000,4039.9999999182905,-40164.0044780671,6023.961741183537,-34140.042736883566,270.2913879124881,27.38617092527831,0.9765606290705221
2025000,4049.999999918054,-40013.14836029795,5805.641455210231,-34207.50690508772,260.4954935093503,27.365213902810638,0.9773085056673271
2030000,4059.9999999178176,-40040.682615132064,5783.671294411051,-34257.01132072101,259.50970616371154,27.41676186350554,0.9754710071075869
2035000,4069.999999917581,-39939.51092088528,5970.144802590306,-33969.36611829497,267.87665560665056,27.072872836099947,0.9878617784131454
2040000,4079.9999999173447,-40027.276162952876,5781.16877972538,-34246.1073832275,259.3974198981735,27.42671132523016,0.9751171399839057
2045000,4089.999999917108,-40318.388752595754,5838.251689910301,-34480.137062685455,261.95869430243874,27.182483024736023,0.9838783411465903
2050000,4099.999999917781,-40333.59022750625,5659.592981589397,-34673.99724591685,253.9423900313525,27.168751530367032,0.984375608011655
2055000,4109.999999919818,-40558.023184773614,5730.501205954282,-34827.521978819335,257.12399761809485,27.69637436945381,0.965623007180273
2060000,4119.999999921855,-40269.69283080842,5887.179736960628,-34382.51309384779,264.15406510877494,27.745559236699787,0.9639112363338955
2065000,4129.999999923893,-40367.90432789362,5622.234031848315,-34745.67029604531,252.26611737054938,27.695122760370467,0.9656666460020733
2070000,4139.99999992593,-40194.67407022581,5966.93062054613,-34227.74344967968,267.7324372727617,27.65928292408963,0.9669179197458488
2075000,4149.999999927967,-40233.99394028286,5953.571493943487,-34280.42244633938,267.133021634704,27.26023235973354,0.9810722063443206
2080000,4159.999999930004,-40084.40653932045,5859.763080286364,-34224.64345903409,262.92389690671877,27.15064003347803,0.9850322597789847
2085000,4169.999999932042,-40054.47837148447,5718.308269130957,-34336.17010235351,256.5769081845457,27.474472635145418,0.9734220074678088
2090000,4179.999999934079,-40087.20933135618,5853.740061915476,-34233.4692694407,262.65364784724017,27.744413388333342,0.963951046010175
2095000,4189.999999936116,-40076.28809571744,5931.8946698980535,-34144.39342581939,266.160396125362,27.213955005257414,0.9827405204960453
2100000,4199.999999938153,-40074.297541981,5843.119454983441,-34231.17808699756,262.1771078704825,27.368614285820303,0.977187081060178
2105000,4209.999999940191,-40069.715994066006,5768.718653343722,-34300.997340722286,258.8387905303311,27.394589466293585,0.9762605254416706
2110000,4219.999999942228,-39883.301659758756,5723.687758980295,-34159.61390077846,256.8182825225827,27.566745761939586,0.9701637087518492
2115000,4229.999999944265,-40098.302242493046,5783.716819463045,-34314.58542303,259.51174884426246,27.680148731124888,0.9661890391705195
2120000,4239.9999999463025,-39823.51419719775,5751.65433510756,-34071.85986209019,258.07312526584246,27.880402508773134,0.9592492898266805
2125000,4249.99999994834,-40161.717138183405,5759.751668821724,-34401.96546936168,258.4364475547324,27.472638296623963,0.9734870025173068
2130000,4259.999999950377,-40485.518385211064,5634.934167137176,-34850.58421807389,252.8359644813692,27.359598079947133,0.9775091077169181
2135000,4269.999999952414,-40436.719832612376,5778.1569226535075,-34658.56290995887,259.26227975898826,27.377617884515153,0.9768657163466821
2140000,4279.999999954452,-40247.298343515926,5596.659412102335,-34650.63893141359,251.11860021100034,27.396253418116267,0.9762012308200326
2145000,4289.999999956489,-40148.8640957867,5870.519055119948,-34278.345040666754,263.40651075637936,27.503587223253582,0.9723915680355704
2150000,4299.999999958526,-40459.01145494444,5805.818830222845,-34653.192624721596,260.5034522149995,27.11276419398319,0.9864083247018266
2155000,4309.999999960563,-40371.64985707167,5660.614896196696,-34711.034960874975,253.98824269931458,27.39321669876988,0.9763094491865063
2160000,4319.999999962601,-40456.41128514145,5656.760741400197,-34799.65054374125,253.81530918912094,27.440034268581698,0.974643691944812
2165000,4329.999999964638,-40530.797372194895,5803.022903961544,-34727.77446823335,260.37800075595374,27.424864504001498,0.9751828054691186
2170000,4339.999999966675,-40317.6902967719,5928.37975367432,-34389.31054309758,266.00268403731644,27.5492700533191,0.9707791260843412
2175000,4349.9999999687125,-40089.504668159,5878.804510234876,-34210.700157924126,263.77827393461973,27.760670017618246,0.9633865569400684
2180000,4359.99999997075,-40513.295530561976,5898.221377860493,-34615.07415270148,264.6494966157933,27.71643605139986,0.9649240709384738
2185000,4369.999999972787,-40445.82311646696,5785.594137151824,-34660.22897931514,259.5959829123814,27.890023244786438,0.9589183942907618
2190000,4379.999999974824,-40295.6043506972,5753.744268723222,-34541.86008197397,258.16689927734734,27.501466534067376,0.9724665509562278
2195000,4389.999999976862,-40597.55564381008,5707.716241657498,-34889.83940215258,256.1016505501826,27.223190600908847,0.9824071211450789
2200000,4399.999999978899,-40302.920269460315,5880.013476565632,-34422.90679289468,263.83251949618193,27.245825763665533,0.9815909614414482
2205000,4409.999999980936,-40692.88131812878,5744.765435889408,-34948.11588223937,257.7640246754231,27.419771689893224,0.9753639311475527
2210000,4419.999999982973,-40306.90479945938,5694.756475502141,-34612.14832395724,255.5201539651023,27.65023452089595,0.9672343388773555
2215000,4429.999999985011,-40052.99352289253,5721.858899662428,-34331.1346232301,256.7362227511961,27.56111608479605,0.9703618759247548
2220000,4439.999999987048,-39841.74557756141,5545.333300710392,-34296.41227685101,248.81562976060144,27.3954191841834,0.9762309576946822
2225000,4449.999999989085,-40037.0393121098,5772.329258886238,-34264.71005322356,259.00079613813887,27.4016489596615,0.9760090112092659
2230000,4459.999999991122,-40304.71031651635,5895.629928121055,-34409.0803883953,264.5332198901313,27.4288378830483,0.975041539151436
2235000,4469.99999999316,-40550.932924561246,5623.012835034005,-34927.920089527244,252.3010617813898,27.462124930042346,0.9738596840103075
2240000,4479.999999995197,-40279.11029265163,5828.0616307219,-34451.04866192973,261.5014727330995,27.568498454731465,0.970102029696602
2245000,4489.999999997234,-40242.39656156687,5760.86195896324,-34481.53460260363,258.486265577527,27.37520893145308,0.9769516781986817
2250000,4499.9999999992715,-40181.29019171139,5889.1120697415945,-34292.178121969795,264.24076766960053,27.4251119773877,0.9751740058043721
2255000,4510.000000001309,-40350.89432745395,5737.44090552632,-34613.453421927625,257.43537758855484,27.411574129499083,0.9756556183266281
2260000,4520.000000003346,-40047.8285523914,5544.1442832909015,-34503.6842691005,248.76227929418513,27.522335611176228,0.9717291687905427
2265000,4530.000000005383,-40057.456264304245,5846.782524837112,-34210.673739467136,262.3414675190507,27.3029437485891,0.979537465003372
2270000,4540.000000007421,-40032.945406297535,5661.234520791301,-34371.71088550623,254.0160448665355,27.53160643005703,0.9714019548610564
2275000,4550.000000009458,-40017.212112035406,5768.903921832956,-34248.30819020245,258.8471034113292,27.939226789511338,0.9572296509172792
2280000,4560.000000011495,-40352.10450002054,5910.821307723902,-34441.28319229664,265.2148475719751,27.866095108505814,0.9597418010124872
2285000,4570.000000013532,-40588.780333207425,5938.765752057405,-34650.01458115002,266.4686972755195,27.396664560776635,0.9761865809355478
2290000,4580.00000001557,-40503.934252045605,5849.89123798837,-34654.043014057235,262.48095352981517,27.64970884757527,0.9672527278336226
2295000,4590.000000017607,-40159.574470181054,5840.529049345487,-34319.045420835566,262.0608779929997,28.032435125852352,0.9540468456112925
2300000,4600.000000019644,-41027.736986918426,5749.132273229766,-35278.60471368866,257.95996193004476,27.518670305921116,0.9718585967021866
2305000,4610.000000021681,-40498.49816059043,5695.565179850024,-34802.93298074041,255.55644002235027,27.738688683038887,0.9641499860437052
2310000,4620.000000023719,-40448.116061894296,5899.654739919435,-34548.46132197486,264.713810673043,27.6749359105009,0.9663710294799586
2315000,4630.000000025756,-40443.45331283172,5744.579867833174,-34698.87344499855,257.7556983530415,27.557713685225977,0.9704816811766407
2320000,4640.000000027793,-40448.98937200908,5876.91451211897,-34572.074859890105,263.69347090368285,27.331445805192317,0.9785159737704716
2325000,4650.0000000298305,-40367.18800507318,5852.9297764045805,-34514.258228668594,262.61729084419875,27.673301831529653,0.9664280926590223
2330000,4660.000000031868,-40289.193326590816,5868.161310010864,-34421.03201657995,263.300720211011,27.616312601188334,0.9684224209379719
2335000,4670.000000033905,-40336.44963332823,5842.428389065058,-34494.021244263175,262.1461001758383,27.399049059887577,0.9761016248471349
2340000,4680.000000035942,-39939.620218161064,6096.173628838839,-33843.44658932222,273.5314900540229,27.387738004386573,0.9765047519564822
2345000,4690.00000003798,-39792.38320881262,5631.453810234221,-34160.9293985784,252.67980304838744,27.703287109946135,0.9653820573884464
2350000,4700.000000040017,-40211.118028543686,5733.775993058632,-34477.34203548505,257.2709352630505,27.481555671057883,0.9731711198135795
2355000,4710.000000042054,-39975.71279052148,5697.016433289313,-34278.69635723217,255.621556854623,27.251070663173873,0.981402038737651
2360000,4720.000000044091,-39947.96390260321,5840.8680136157745,-34107.09588898743,262.07608710736747,27.277295907921378,0.9804584881471351
2365000,4730.000000046129,-40218.83902096269,5797.329215413738,-34421.50980554895,260.122528519235,27.322784986648955,0.9788261452736602
2370000,4740.000000048166,-40171.05730513353,5899.225990385746,-34271.83131474778,264.6945729501778,27.416157177713917,0.9754925219192475
2375000,4750.000000050203,-39924.24632272328,5713.149878210151,-34211.09644451313,256.3454544168619,27.65023315447778,0.9672343866761053
2380000,4760.0000000522405,-39953.71903851778,5759.803019155853,-34193.91601936193,258.4387516120418,27.567820680420102,0.9701258803390866
2385000,4770.000000054278,-40027.807962201274,5881.436817530827,-34146.37114467045,263.8963839132357,27.76160199443274,0.9633542153650163
2390000,4780.000000056315,-40273.30570820502,6045.015990668373,-34228.28971753665,271.236078891484,28.021392804434743,0.9544228045077762
2395000,4790.000000058352,-40344.55393411542,5843.4038437688205,-34501.1500903466,262.18986821704664,27.903961573302936,0.9584394042532709
2400000,4800.0000000603895,-40206.52249794787,5867.904261349752,-34338.61823659812,263.2891865986877,27.332198357939983,0.9784890317413287
2405000,4810.000000062427,-40088.04344144283,5646.168106575207,-34441.875334867625,253.34002430327536,27.284269887645994,0.9802078786331064
2410000,4820.000000064464,-40486.154881290866,5648.637457499688,-34837.51742379118,253.45082253163358,27.550894107198527,0.970721901168168
2415000,4830.000000066501,-40664.796604223666,5839.714971758733,-34825.081632464935,262.02435084189113,27.925882720243372,0.9576870523500343
2420000,4840.000000068539,-40184.40289785921,5708.060831215223,-34476.342066643985,256.1171120676721,27.92829725527589,0.957604255718469
2425000,4850.000000070576,-40178.430456753995,6076.96109725074,-34101.46935950326,272.66943580278866,27.349550985478935,0.9778682041552462
2430000,4860.000000072613,-40443.8811044557,5883.154125868645,-34560.72697858706,263.97343846206013,27.31594304528483,0.9790713160547141
2435000,4870.00000007465,-40145.403129724466,5765.554745662352,-34379.84838406211,258.6968279755927,27.430755967217774,0.9749733597785065
2440000,4880.000000076688,-40120.07410127826,5699.292046407485,-34420.782054870775,255.72366218903403,27.440678910402827,0.9746207954236811
2445000,4890.000000078725,-40289.47907402157,5806.057647290805,-34483.42142673076,260.51416778716447,27.325466548120016,0.9787300890005344
2450000,4900.000000080762,-40537.02560519186,5942.197617459906,-34594.82798773196,266.62268292526716,27.629176952805693,0.9679715162093093
2455000,4910.0000000827995,-40441.70668460516,5851.046300105243,-34590.66038449992,262.5327804430839,27.587766020460368,0.9694245009468273
2460000,4920.000000084837,-40548.948322411175,5857.922783433863,-34691.025538977316,262.8413239403214,27.615738862095714,0.9684425406893875
2465000,4930.000000086874,-40001.588430506774,5682.874961153704,-34318.71346935307,254.98703786282266,27.220437646242146,0.9825064774560942
2470000,4940.000000088911,-40588.20944946583,5912.921962332291,-34675.28748713354,265.3091026277044,27.689189269621252,0.9658735778141636
2475000,4950.000000090949,-40495.356566256625,5780.036354537486,-34715.32021171914,259.3466086897207,27.37785611119529,0.9768572162115511
2480000,4960.000000092986,-40517.35605475541,5841.2045848619055,-34676.151469893506,262.09118884824113,27.50075541063614,0.9724916973109428
2485000,4970.000000095023,-40607.024973159925,5847.663041109034,-34759.36193205089,262.3809757323234,27.416436999043817,0.9754825657161567
2490000,4980.00000009706,-40845.005298094264,5726.155128750014,-35118.85016934425,256.92899185776844,27.349337611183813,0.9778758332957302
2495000,4990.000000099098,-40447.23940697874,5771.984252292303,-34675.25515468644,258.9853159084959,27.469796537118317,0.9735877100685727
2500000,5000.000000101135,-40493.7356584731,5800.217739550896,-34693.5179189222,260.2521347869365,27.586637758248827,0.9694641493099567
2505000,5010.000000103172,-40216.90204375931,5642.99860255901,-34573.9034412003,253.1978106445007,27.415965567533192,0.9754993396363899
2510000,5020.000000105209,-39768.28765055204,5786.711118732503,-33981.57653181953,259.64610117585744,27.159317684810883,0.9847175329290256
2515000,5030.000000107247,-40242.41401183568,6100.878423600075,-34141.53558823561,273.7425912463103,27.39418491042628,0.9762749428052417
2520000,5040.000000109284,-40374.410643395575,5590.761821325427,-34783.64882207015,250.8539790090541,27.292659551328477,0.9799065663177866
2525000,5050.000000111321,-40030.326086448855,5894.000736138829,-34136.32535031003,264.46011906695685,27.651627551963934,0.9671856116376463
2530000,5060.0000001133585,-40293.40839951699,5732.7898361394455,-34560.618563377546,257.2266870201435,27.58489708862666,0.9695253246983969
2535000,5070.000000115396,-40435.77719129554,5723.768076119462,-34712.00911517608,256.8218863022798,27.288462552367015,0.980057277147804
2540000,5080.000000117433,-41015.9928891696,5798.162743619204,-35217.8301455504,260.1599284074148,27.368938838978487,0.9771754931372715
2545000,5090.00000011947,-40630.42542904826,5644.005415022185,-34986.42001402607,253.24298568872095,27.427082387892785,0.9751039475649229
2550000,5100.000000121508,-40652.8262504032,5852.614370121478,-34800.21188028173,262.6031387619514,27.079250749102147,0.987629109624068
2555000,5110.000000123545,-39983.23178375822,5919.205278765068,-34064.026504993155,265.5910310980826,27.311195922069537,0.9792414943283837
2560000,5120.000000125582,-40627.87940954729,5749.02290794703,-34878.85650160026,257.9550547783512,27.162579178259996,0.9845992949015616
2565000,5130.000000127619,-40399.670497823565,5783.7640151762525,-34615.90648264731,259.513866486335,27.289071034280894,0.9800354241823086
2570000,5140.000000129657,-40497.190014348744,5621.499977591659,-34875.690036757085,252.23318081610913,27.280150562901376,0.9803558908136117
2575000,5150.000000131694,-40572.878901779055,5940.6900120291975,-34632.18888974986,266.55503761445704,27.439873989451964,0.9746493849389858
2580000,5160.000000133731,-40414.28136909111,5847.607259947052,-34566.67410914406,262.37847286654517,27.28721979721382,0.9801019123741355
2585000,5170.0000001357685,-40433.441094598296,6084.8269791437615,-34348.61411545453,273.0223729935223,27.666998302931212,0.9666482794336666
2590000,5180.000000137806,-40634.44068804741,5898.244869291327,-34736.19581875609,264.650550661572,27.441740844393486,0.9745830797788706
2595000,5190.000000139843,-40373.12892744715,5663.397428060191,-34709.73149938696,254.11309316012566,27.675806876029206,0.966340617508304
2600000,5200.00000014188,-40309.91254205142,5856.4741118054135,-34453.438430246,262.77632295228295,27.816516241309472,0.9614524002436198
2605000,5210.0000001439175,-40304.33388058795,5840.498459171453,-34463.835421416494,262.0595054310626,27.54037263099969,0.9710927540798434
2610000,5220.000000145955,-40159.20875289191,5760.46806476042,-34398.74068813149,258.4685917915129,27.536724745812123,0.9712213980963724
2615000,5230.000000147992,-40424.69449325088,5787.01361619652,-34637.68087705436,259.65967404748284,27.71623633700817,0.9649310238747063
2620000,5240.000000150029,-40557.14518403966,5627.265522142257,-34929.8796618974,252.49187718663856,27.552124917888293,0.970678537003106
2625000,5250.000000152067,-40635.24093737229,5874.310602415844,-34760.93033495644,263.5766351072592,27.409074285760827,0.9757446029659028
2630000,5260.000000154104,-40563.272527390924,5582.168335256936,-34981.104192133986,250.4683946749805,27.42473848024313,0.9751872866860437
2635000,5270.000000156141,-40234.99051923322,5659.395764005556,-34575.59475522766,253.9335410019683,28.00369519662047,0.955025974923844
2640000,5280.000000158178,-40237.779818448325,5642.58249425524,-34595.19732419308,253.17914012569926,27.399988863304525,0.9760681451385519
2645000,5290.000000160216,-40283.06209587568,5636.550131459973,-34646.5119644157,252.90847178775527,27.561792561965245,0.9703380593441225
2650000,5300.000000162253,-40243.231414924434,6016.021569634441,-34227.209845289995,269.9351173914462,27.112962782978364,0.9864010997504408
2655000,5310.00000016429,-40105.27139481183,5791.520929298542,-34313.750465513294,259.8619143614896,27.225548547910826,0.9823220369484483
2660000,5320.0000001663275,-40061.355803581115,5587.386856182868,-34473.96894739824,250.70254643830881,26.999200713447582,0.9905573350288859
2665000,5330.000000168365,-40065.08761706107,5863.060451420073,-34202.027165641,263.0718478829176,27.501446414356415,0.9724672624004781
2670000,5340.000000170402,-40114.520358612004,5912.377301827946,-34202.14305678406,265.28466405223105,27.25997810731584,0.9810813567544721
2675000,5350.000000172439,-40335.911965099964,5540.535256252024,-34795.376708847936,248.6003445128463,27.458762317019904,0.9739789433278865
2680000,5360.000000174477,-40589.10390630455,5911.7777265155555,-34677.32617978899,265.25776148373757,27.55819235354616,0.9704648245254448
2685000,5370.000000176514,-40158.01045437143,5479.761667833363,-34678.24878653807,245.8734716893023,27.886006350838052,0.9590565235533945
2690000,5380.000000178551,-40501.48780099937,5947.619092409709,-34553.86870858966,266.8659411084486,28.058490643095674,0.9531609040133298
2695000,5390.000000180588,-40553.76210861332,5708.7536473774835,-34845.00846123584,256.14819829466217,27.79231373315172,0.9622896662511791
2700000,5400.000000182626,-40558.521849908,5672.5954586730295,-34885.92639123497,254.52580302901623,27.84418510853275,0.9604970015239177
2705000,5410.000000184663,-40635.21163758452,5795.205632291045,-34840.00600529348,260.02724467543896,27.78047663242511,0.9626996923230245
2710000,5420.0000001867,-40907.707751498965,5707.15987411176,-35200.5478773872,256.0766866870991,27.68301197273616,0.9660891066680869
2715000,5430.000000188737,-40664.61373277225,5817.1749318956045,-34847.43880087665,261.0129933798149,27.568710132697102,0.9700945810628749
2720000,5440.000000190775,-40684.356526248645,5834.263650718999,-34850.09287552965,261.77975348335997,28.061759250517472,0.9530498807244044
2725000,5450.000000192812,-40550.737671122915,5924.408260552905,-34626.32941057001,265.8244856300235,27.728240932426065,0.964513269045757
2730000,5460.000000194849,-40437.08857262564,5673.5161829235185,-34763.57238970212,254.56711534908754,27.5290443100776,0.9714923629525459
2735000,5470.0000001968865,-40154.56067961857,5953.092950912556,-34201.46772870601,267.1115497088247,27.865824998071854,0.9597511040305882
2740000,5480.000000198924,-40408.02932653947,5550.4183233326075,-34857.61100320687,249.0437915387098,27.476974173201686,0.9733333859121329
2745000,5490.000000200961,-40231.23172066798,5986.117747083059,-34245.11397358492,268.5933516152721,27.303452959893757,0.9795191965612358
2750000,5500.000000202998,-40399.043818415535,5720.165890656696,-34678.87792775884,256.6602584981733,27.560721647687817,0.9703757633235381
2755000,5510.000000205036,-40118.48089484523,5731.229714784314,-34387.25118006091,257.15668535271794,27.868338069584738,0.9596645569550871
2760000,5520.000000207073,-40024.03874042317,5687.1098616249365,-34336.92887879824,255.17705519281586,27.514363335594165,0.9720107269218444
2765000,5530.00000020911,-40297.848114582375,5761.9037866325325,-34535.944327949845,258.53301173210053,27.347839567484083,0.9779293987968577
2770000,5540.000000211147,-39842.80732692526,5677.569771852393,-34165.23755507287,254.748997343809,27.871434232759952,0.9595579503830326
2775000,5550.000000213185,-40342.90517707756,5884.472339689732,-34458.43283738783,264.03258589004446,27.833159183375184,0.9608774961700014
2780000,5560.000000215222,-40429.62890593864,5646.839877205102,-34782.78902873354,253.37016623041802,27.766400771587822,0.9631877219747145
2785000,5570.000000217259,-40263.05785972346,5719.202518745997,-34543.85534097747,256.61703260431693,28.002497944515024,0.9550668072403571
2790000,5580.000000219296,-40503.717221819,5702.169657143214,-34801.54756467579,255.85277877925316,28.17570463176799,0.9491956512231675
2795000,5590.000000221334,-40351.75765778787,5644.256689993734,-34707.50096779414,253.2542602392121,27.82809022789334,0.9610525223831443
2800000,5600.000000223371,-40352.39568172516,5902.70831744672,-34449.68736427844,264.8508227829151,27.90636619375998,0.9583568179723376
2805000,5610.000000225408,-40329.29143894888,5921.51148631231,-34407.77995263657,265.6945091853514,27.700983910183158,0.9654623241303416
2810000,5620.0000002274455,-40523.55787649576,5712.380562837669,-34811.17731365809,256.3109357182538,27.522433378197974,0.9717257169494401
2815000,5630.000000229483,-40378.94166894874,5901.991061724091,-34476.95060722465,264.81863996816844,27.70455648309063,0.9653378253120883
2820000,5640.00000023152,-40598.95170545114,5835.057995798545,-34763.89370965259,261.8153952492371,27.506886374414712,0.9722749402672692
2825000,5650.000000233557,-40105.095869707875,5705.176659191235,-34399.919210516644,255.987701076561,27.535196483130342,0.971275302974784
2830000,5660.000000235595,-40031.03863192719,5688.09889175605,-34342.93974017115,255.22143235494127,27.488624066384254,0.9729208796350084
2835000,5670.000000237632,-39773.91818293087,5747.255628219624,-34026.66255471125,257.87575804459465,27.715347960339606,0.9649619533874662
2840000,5680.000000239669,-40011.51952495582,5857.259649139963,-34154.25987581586,262.8115695201621,27.600425299387098,0.968979862321778
2845000,5690.000000241706,-40309.57849462842,5578.4234004061755,-34731.155094222246,250.30036179530035,27.629720624796654,0.9679524693644801
2850000,5700.000000243744,-40331.488277869474,5817.294519055544,-34514.193758813926,261.0183591807322,27.7312809000952,0.9644075368523932
2855000,5710.000000245781,-40071.35841601413,6174.633456764057,-33896.724959250074,277.0519333596797,27.671711432542374,0.9664836369741467
2860000,5720.000000247818,-40099.36606293554,5750.521880312233,-34348.84418262331,258.02231272892277,27.301902103791594,0.9795748371285998
2865000,5730.0000002498555,-39884.3247078275,5757.917613805948,-34126.40709402155,258.354154655637,27.219146014493543,0.9825531003941841
2870000,5740.000000251893,-40056.990867493776,5821.247699045426,-34235.74316844835,261.19573588929063,27.481852768747753,0.9731605991658643
2875000,5750.00000025393,-40274.005789493676,5788.7651923010435,-34485.240597192635,259.7382661695226,27.362777849589104,0.9773955134830815
2880000,5760.000000255967,-40325.43715029676,5880.908815851246,-34444.52833444552,263.8726928087889,27.50357622439463,0.9723919569012806
2885000,5770.000000258005,-40222.18670106835,5820.521675964557,-34401.66502510379,261.16315968867457,27.738895943909473,0.9641427820595998
2890000,5780.000000260042,-40013.84977672046,5818.6229472534405,-34195.22682946702,261.07796492140227,27.42721567989286,0.9750992087114804
2895000,5790.000000262079,-39977.04876110731,5733.387039757361,-34243.66172134995,257.25348317219226,27.557874497947758,0.9704760179749814
2900000,5800.000000264116,-40404.90940200824,5917.413673742976,-34487.49572826526,265.510642903599,27.059489183965635,0.9883503758995642
2905000,5810.000000266154,-40312.70966374802,5704.4315082710345,-34608.27815547699,255.95426662178215,27.113106102835793,0.9863958856350071
2910000,5820.000000268191,-39978.744908426546,5770.023940600946,-34208.720967825604,258.8973579514964,27.472065532807555,0.9735072987025397
2915000,5830.000000270228,-40079.01586208116,5799.491402657169,-34279.52445942399,260.21954450573406,27.40228937574594,0.9759862010031269
2920000,5840.000000272265,-39891.93723478858,5853.077798405851,-34038.85943638273,262.62393249862555,27.085765642099336,0.9873915568793855
2925000,5850.000000274303,-39485.46378079089,5715.09050660055,-33770.37327419034,256.43252919648364,27.765945892114477,0.9632035015316366
2930000,5860.00000027634,-39887.72937296852,5778.900905537079,-34108.82846743144,259.2956618046956,27.378476795693228,0.976835070343637
2935000,5870.000000278377,-39697.51970100735,5829.411262986293,-33868.10843802106,261.562029886944,27.332375731122976,0.9784826818463985
2940000,5880.0000002804145,-40060.192213969945,5737.249859238038,-34322.94235473191,257.42680546133454,27.07062791830794,0.9879436999884077
2945000,5890.000000282452,-39821.48779961417,6017.966121643253,-33803.52167797092,270.02236822136706,27.087513035684157,0.9873278610476593
2950000,5900.000000284489,-39732.895274002585,5980.356075965767,-33752.539198036815,268.3348290432675,27.504936255113527,0.9723438752435036
2955000,5910.000000286526,-40246.527365450274,5904.588139343747,-34341.93922610653,264.93516921328865,27.13508664821687,0.9855968640652961
2960000,5920.000000288564,-40052.952044530306,5916.404211683035,-34136.54783284727,265.4653489736324,27.30502642890381,0.9794627511626368
2965000,5930.000000290601,-40010.6689351149,6002.80012941353,-34007.86880570137,269.3418796550442,27.550909180417104,0.9707213700821229
2970000,5940.000000292638,-39883.19752315796,5618.538170467118,-34264.65935269085,252.10028638669263,27.34570028719438,0.9780059031491178
2975000,5950.000000294675,-39930.4719696315,5720.034110614121,-34210.43785901738,256.6543456102538,27.107849224414068,0.9865871720481617
2980000,5960.000000296713,-40054.95078015759,5862.558156594242,-34192.39262356335,263.04931022888724,27.09694872228373,0.9869840542093561
2985000,5970.00000029875,-40105.675890697785,5855.61407814953,-34250.06181254826,262.73773378115465,27.308183695524384,0.9793495094661246
2990000,5980.000000300787,-39859.106353239054,5707.3228081326415,-34151.78354510642,256.0839974345,27.395213536032745,0.9762382859854728
2995000,5990.000000302824,-39985.622834046706,5803.694033981448,-34181.92880006526,260.4081139393276,26.973300468823254,0.9915084858649255
3000000,6000.000000304862,-39850.919227340586,5665.727222581563,-34185.192004759025,254.217629580141,26.982596878869817,0.9911668779207152
3005000,6010.000000306899,-39877.84189660664,5828.028680978046,-34049.813215628594,261.4999942987435,27.306311715761588,0.9794166486126162
3010000,6020.000000308936,-39865.32521150116,5788.290379421917,-34077.03483207924,259.71696161321705,27.468542483495092,0.9736321584114752
3015000,6030.0000003109735,-40056.63522129156,5946.541131037101,-34110.09409025446,266.81757365725343,27.133683290937455,0.9856478392506006
3020000,6040.000000313011,-39893.38576398865,5876.256462849038,-34017.12930113961,263.6639446453621,27.531316379326864,0.9714121888739314
3025000,6050.000000315048,-40103.258722837054,5770.218670727977,-34333.04005210908,258.90609537025256,27.311694809426164,0.9792236070751752
3030000,6060.000000317085,-40383.46847649767,5704.192836128302,-34679.27564036937,255.9435575523214,27.134214716464808,0.9856285352674845
3035000,6070.000000319123,-39966.200386466284,6003.9074534394285,-33962.29293302685,269.39156459008996,27.562775614997005,0.9703034512994034
3040000,6080.00000032116,-40422.513461009825,5873.852224976202,-34548.66123603362,263.55606799882264,27.525074860676753,0.9716324639258428
3045000,6090.000000323197,-40244.27381157926,5856.460630820429,-34387.81318075883,262.77571806893565,27.830710670956993,0.9609620330152709
3050000,6100.000000325234,-40116.83894760161,5668.41591547681,-34448.423032124796,254.33826954525867,27.588636010461162,0.9693939307648861
3055000,6110.000000327272,-40160.38596579059,5742.566140178697,-34417.81982561189,257.6653436552543,27.48832288691733,0.9729315395720695
3060000,6120.000000329309,-40354.84490837638,5631.700763882185,-34723.14414449419,252.69088370379765,27.429974434040027,0.9750011386606895
3065000,6130.000000331346,-40369.179688988035,5835.53179087472,-34533.64789811331,261.8366541373622,27.69151465230108,0.9657924690082008
3070000,6140.0000003333835,-40324.752772600616,5963.772397992174,-34360.98037460844,267.59072980612734,27.362970573598865,0.9773886294504442
3075000,6150.000000335421,-40120.82499571965,5804.793972837015,-34316.03102288264,260.45746750640916,27.513664563106826,0.9720354133590804
3080000,6160.000000337458,-39887.07409904133,5660.812583089844,-34226.26151595149,253.99711278631332,27.515480920937286,0.9719712471488073
3085000,6170.000000339495,-40191.615201389555,5878.542802833093,-34313.07239855646,263.76653128752235,27.308797349281935,0.9793275025831867
3090000,6180.0000003415325,-40153.98780355476,5804.4404232269935,-34349.547380327764,260.4416039569886,27.616736703947467,0.9684075491366753
3095000,6190.00000034357,-40500.85967304994,5735.451138507789,-34765.40853454215,257.3460979894856,27.367063565379276,0.9772424521443899
3100000,6200.000000345607,-39646.82160032311,5773.107159504677,-33873.71444081843,259.0357000513524,27.456858392273343,0.9740464813756243
3105000,6210.000000347644,-39910.65724120359,5775.331394730727,-34135.325846472864,259.1355000919441,27.59349036579417,0.9692233911725687
3110000,6220.000000349682,-40482.23918824595,5736.037831006828,-34746.20135723912,257.37242251421804,27.375161191191683,0.9769533819303298
3115000,6230.000000351719,-40044.2826587989,5811.821138658472,-34232.46152014042,260.7727720326626,27.208684721532514,0.9829308759440937
3120000,6240.000000353756,-39925.97221034649,5887.061023113021,-34038.91118723347,264.14873849283464,27.487653591613604,0.9729552294264293
3125000,6250.000000355793,-40076.19888791262,5789.757934810719,-34286.440953101905,259.7828099037475,27.5416782316932,0.9710467198707976
3130000,6260.000000357831,-39650.66389900833,5789.058383071157,-33861.605515937175,259.7514214556253,27.529969436446525,0.9714597165958454
3135000,6270.000000359868,-39990.0058271859,5800.53574899008,-34189.47007819582,260.26640367116573,27.365689193810617,0.9772915316407036
3140000,6280.000000361905,-40403.84292349595,5637.617782150668,-34766.225141345276,252.95637660511505,27.35861227559793,0.977544329997934
3145000,6290.0000003639425,-40519.31818550257,5893.342170575959,-34625.97601492661,264.43056964289553,27.549036819319603,0.9707873448362233
3150000,6300.00000036598,-39868.00722353048,5802.38198399988,-34065.62523953061,260.3492430789594,27.742446478613967,0.9640193891061185
3155000,6310.000000368017,-39889.36582417455,5757.272945515779,-34132.092878658776,258.3252287934919,27.521374796758742,0.9717630933819615
3160000,6320.000000370054,-40053.22200169084,6088.4424662521305,-33964.779535438705,273.1845976341305,27.402986533752983,0.9759613709871011
3165000,6330.000000372092,-39998.63764630277,5777.776509919351,-34220.86113638342,259.2452108780238,27.718636652016453,0.9648474649880394
3170000,6340.000000374129,-40034.103842296085,5813.606453567809,-34220.497388728276,260.8528779937291,27.618859575152783,0.968333114328986
3175000,6350.000000376166,-40023.877364666885,5892.449114774194,-34131.42824989269,264.3904987887777,27.55685819650478,0.9705118092894487
3180000,6360.000000378203,-40083.147146433505,5645.458703153954,-34437.68844327955,253.3081938163701,27.081755341481728,0.9875377710712074
3185000,6370.000000380241,-40395.252176083864,5763.810750430911,-34631.441425652956,258.618576002577,27.098920543337552,0.9869122374764805
3190000,6380.000000382278,-40360.91221860494,5703.833743562025,-34657.078475042916,255.92744529392763,27.39927103451864,0.9760937169798861
3195000,6390.000000384315,-40173.09918602677,6065.411137133045,-34107.688048893724,272.1511963310465,27.617024977630287,0.9683974406470429
3200000,6400.000000386352,-40488.27534596902,5848.2392811455775,-34640.03606482344,262.40683126161457,27.340246693132706,0.9782009872405514
3205000,6410.00000038839,-40334.81399390298,5837.97244369164,-34496.841550211335,261.94616469962017,27.364562801685427,0.9773317593429781
3210000,6420.000000390427,-40142.77641539874,5891.805370009006,-34250.97104538973,264.3616143646197,27.244567329910858,0.9816363013869942
3215000,6430.000000392464,-40360.23677314885,5677.127851529981,-34683.10892161887,254.72916865590832,27.347547714057693,0.977939835273605
3220000,6440.0000003945015,-40296.02415605099,5730.471989054124,-34565.552166996866,257.12268667409586,27.346581994969736,0.9779743703085855
3225000,6450.000000396539,-40085.437308134766,5787.886803841653,-34297.55050429311,259.69885342986464,27.209335339860306,0.9829073725091565
3230000,6460.000000398576,-40313.330422807136,5865.280413722075,-34448.05000908506,263.1714562000852,27.231138685312388,0.982120381218125
3235000,6470.000000400613,-40426.74917935149,5820.654553419183,-34606.09462593231,261.1691218167849,27.044584346156743,0.988895076526595
3240000,6480.000000402651,-40528.93266191934,5858.945368673038,-34669.987293246304,262.8872066991155,27.427825378481586,0.975077533037116
3245000,6490.000000404688,-40669.249207428744,5930.1965687890215,-34739.052638639725,266.08420339285544,27.437973436996614,0.9747168962034712
3250000,6500.000000406725,-40672.90051444921,5968.265970647999,-34704.634543801214,267.79235359492486,27.517463238941716,0.9719012277547129
3255000,6510.000000408762,-40481.50704956612,5688.983681590136,-34792.523367975984,255.26113232026992,27.58954265045859,0.9693620748069228
3260000,6520.0000004108,-40217.842108258956,5720.0685856101345,-34497.77352264882,256.6558924817183,27.397236486612055,0.9761662027369619
3265000,6530.000000412837,-39865.22138856132,5825.935284975842,-34039.28610358547,261.4060649321245,27.30545115741358,0.9794475158987226
3270000,6540.000000414874,-40393.27805326511,5963.992233926534,-34429.28581933858,267.6005937067237,27.50706412855465,0.972268657303192
3275000,6550.0000004169115,-40246.39346813894,5778.7391268953215,-34467.654341243615,259.2884028984319,27.443830186686647,0.9745088832242013
3280000,6560.000000418949,-40671.65389731005,5819.174450867755,-34852.47944644229,261.10271054293116,27.808260993137203,0.9617378200392624
3285000,6570.000000420986,-40986.602353079776,5732.539886930835,-35254.06246614894,257.21547195580445,27.3759329462091,0.9769258406342661
3290000,6580.000000423023,-40715.61536244373,5888.706799230019,-34826.90856321371,264.2225834357425,27.482626311750327,0.9731332079855847
3295000,6590.0000004250605,-40705.089155725196,5853.5279507513715,-34851.56120497383,262.6441305522438,27.58038207338574,0.9696840397446872
3300000,6600.000000427098,-40502.82056633323,5866.920114454208,-34635.90045187902,263.24502854428175,27.61360516779979,0.9685173719297288
3305000,6610.000000429135,-40567.514358038396,5715.312351628832,-34852.20200640956,256.44248324386507,27.353247383906723,0.9777360593154876
3310000,6620.000000431172,-40459.32821180583,5775.317305379107,-34684.010906426716,259.13486791156714,27.690297532192695,0.9658349201748302
3315000,6630.00000043321,-40957.22274100174,5928.500518010967,-35028.72222299077,266.0081026574148,27.69336310473205,0.9657280051353805
3320000,6640.000000435247,-41059.06453422387,5711.098694813988,-35347.96583940988,256.25341910341996,27.600403755297354,0.9689806186798842
3325000,6650.000000437284,-41106.4142084556,5766.975736610932,-35339.43847184467,258.7605869488739,27.637416578577255,0.9676829319623547
3330000,6660.000000439321,-40789.279178599725,5850.470498082013,-34938.808680517715,262.5069445671756,27.44110667462869,0.9746056025994626
3335000,6670.000000441359,-40698.79042470514,5701.0267676013,-34997.76365710384,255.80149804179382,27.256845452812797,0.9811941133438363
3340000,6680.000000443396,-40578.53204692312,5841.311239571665,-34737.220807351456,262.095974378224,27.833319485261345,0.9608719621382059
3345000,6690.000000445433,-40611.831210788805,5989.2548464184865,-34622.57636437032,268.73411129632973,27.697760386629344,0.965574686664305
3350000,6700.0000004474705,-40699.23248534162,5884.617295543656,-34814.615189797965,264.03908996836145,27.459892535064643,0.9739388554588044
3355000,6710.000000449508,-40461.957544510675,5877.73802588089,-34584.21951862978,263.7304214500571,27.71577363307057,0.9649471330185523
3360000,6720.000000451545,-40179.70181384128,5808.792923253684,-34370.9088905876,260.6368979053317,27.21454052662414,0.9827193768147057
3365000,6730.000000453582,-40241.62534080474,6006.475091410986,-34235.15024939376,269.50677289665083,27.473869785996342,0.9734433669134734
3370000,6740.00000045562,-40383.61599439739,5789.151375235142,-34594.464619162245,259.7555939557421,27.29054529064262,0.9799824819107846
3375000,6750.000000457657,-39965.00357814107,5798.835109730955,-34166.16846841011,260.1900970534552,27.44373320395985,0.9745123270169272
3380000,6760.000000459694,-40162.0260255104,5580.480289177498,-34581.545736332904,250.39265310534992,27.375839275172204,0.9769291833502847
3385000,6770.000000461731,-40199.75639239837,5638.8463462251175,-34560.91004617325,253.01150150515417,27.337910595363233,0.9782845771380462
3390000,6780.000000463769,-40522.4402890854,5949.817750474826,-34572.62253861058,266.9645935178593,27.266864511071926,0.980833579004396
3395000,6790.000000465806,-40516.651878317454,5615.130956952606,-34901.52092136485,251.9474068517089,27.541201494060598,0.9710635286695886
3400000,6800.000000467843,-40346.08549384118,5784.861719694703,-34561.22377414648,259.5631198001105,27.49142353420068,0.9728218065300059
3405000,6810.00000046988,-40185.085229140896,5815.578464827146,-34369.50676431375,260.9413609030114,27.555717563106924,0.9705519823744048
3410000,6820.000000471918,-39945.55104562373,5783.006328108109,-34162.54471751562,259.4798695424547,27.992609946196307,0.9554041712447285
3415000,6830.000000473955,-39863.53599212604,5946.938202022411,-33916.597790103624,266.8353899835069,27.853218486159566,0.9601854923843725
3420000,6840.000000475992,-39953.155829579155,5837.499154598594,-34115.656674980564,261.924928514641,27.102907695066662,0.9867670512522422
3425000,6850.0000004780295,-39906.52359551435,5667.220033131789,-34239.30356238256,254.28461105393623,27.289383576968174,0.9800241999307882
3430000,6860.000000480067,-39974.15853708764,5710.131765880452,-34264.02677120719,256.21003360817826,27.499605342191067,0.9725323681496786
3435000,6870.000000482104,-40342.759049216766,5790.054719706071,-34552.70432951069,259.79612645599707,27.574358580861567,0.9698958627884428
3440000,6880.000000484141,-40154.5737676648,5720.933657874222,-34433.64010979058,256.69470773203875,27.392006363602704,0.9763525881097642
3445000,6890.000000486179,-40134.14481620416,5760.318133786564,-34373.826682417595,258.4618644826826,27.79447024064085,0.9622150044621967
3450000,6900.000000488216,-40098.10573890145,5777.505117026405,-34320.60062187505,259.2330336490081,27.82684526444358,0.9610955195411873
3455000,6910.000000490253,-40033.60595261911,5791.184802188536,-34242.42115043057,259.84683254872556,27.343073617550058,0.9780998537580985
3460000,6920.00000049229,-40411.726336756066,5861.004056095539,-34550.72228066053,262.97957871351616,27.50534285042393,0.9723295016557276
3465000,6930.000000494328,-40151.53645056093,5780.006133555404,-34371.53031700553,259.3452526931952,27.438774736839992,0.9746884313575095
3470000,6940.000000496365,-40161.64011252324,5914.47464024719,-34247.16547227604,265.37877031263173,27.682747259954628,0.9660983447734033
3475000,6950.000000498402,-40302.590066254954,5787.48048655662,-34515.109579698335,259.6806222279376,27.69597191979146,0.9656370386305622
3480000,6960.0000005004395,-39985.33757760759,5764.093953655152,-34221.24362395244,258.631283153756,27.406222248826836,0.9758461441276336
3485000,6970.000000502477,-40224.62825631626,5851.560457416014,-34373.06779890024,262.55585035937895,27.448773528286075,0.9743333806540595
3490000,6980.000000504514,-40196.72124300979,5640.891019206936,-34555.830223802855,253.10324470038475,27.72275117066211,0.9647042655320953
3495000,6990.000000506551,-40375.70134607028,5616.142167596976,-34759.559178473304,251.99277923956294,27.40374074159179,0.9759345105039534
3500000,7000.0000005085885,-40341.01696854549,5849.244460088933,-34491.77250845655,262.4519330108243,27.438276096037566,0.9747061445483757
3505000,7010.000000510626,-40066.97358838396,5797.42437876783,-34269.54920961613,260.1267984392911,27.6382011444541,0.9676554623378285
3510000,7020.000000512663,-40229.601843494616,5757.581809767801,-34472.02003372682,258.33908733890473,27.5598367467848,0.9704069204888408
3515000,7030.0000005147,-40378.65996997955,5707.760772309081,-34670.899197670464,256.1036486126103,27.55608613483596,0.9705390009219405
3520000,7040.000000516738,-40073.75816956936,5871.893088897478,-34201.86508067188,263.46816279082515,27.666577060748683,0.9666629973017309
3525000,7050.000000518775,-40001.83915591598,5848.521749773447,-34153.31740614253,262.4195054519147,27.612119046812712,0.9685694988233703
3530000,7060.000000520812,-40204.66297990968,5566.485607154125,-34638.177372755556,249.7647204938875,27.954629430519347,0.9567022297002694
3535000,7070.000000522849,-40470.913022295965,5660.647291682599,-34810.26573061336,253.98969626446376,27.71572935625436,0.9649486745542741
3540000,7080.000000524887,-40746.43729803366,5905.5225680239455,-34840.91473000972,264.9770964425321,27.601921066520536,0.9689273526349511
3545000,7090.000000526924,-40401.74748204163,5823.591155144251,-34578.156326897384,261.3008852957241,27.674158985274705,0.9663981594112083
3550000,7100.000000528961,-40441.061386066925,5573.436272566869,-34867.62511350006,250.07659249474727,27.766534297442874,0.9631830901231924
3555000,7110.0000005309985,-40425.50915874442,5549.996900921404,-34875.512257823015,249.0248825792383,27.47197325408914,0.9735105687263222
3560000,7120.000000533036,-40554.043614442955,5843.691744079208,-34710.351870363746,262.2027861235372,27.425655909133994,0.9751546652240894
3565000,7130.000000535073,-40197.74718241754,5789.672237883849,-34408.074944533684,259.7789647363479,27.588227205346318,0.9694082953412776
3570000,7140.00000053711,-40545.461080041365,5735.554077841666,-34809.907002199696,257.35071681288116,27.703501804391873,0.9653745759455877
3575000,7150.000000539148,-40065.253020002776,5682.692364294617,-34382.56065570816,254.97884485619488,27.50944579500245,0.9721844818655405
3580000,7160.000000541185,-40274.400691159695,5767.621302942431,-34506.77938821726,258.7895531055707,27.37113452977045,0.9770971048910673
3585000,7170.000000543222,-39929.197170800646,5682.772293463919,-34246.42487733673,254.98243122792724,27.574135503089124,0.9699037093520656
3590000,7180.000000545259,-40063.21328089584,5768.10772553287,-34295.10555536297,258.8113785823467,27.209279077467567,0.9829094049305398
3595000,7190.000000547297,-39984.44740542157,5801.525011608809,-34182.92239381276,260.3107912648648,27.355449327556492,0.9776573576395918
3600000,7200.000000549334,-40087.094451699115,5694.122724008903,-34392.97172769021,255.49171793279356,27.506346605667026,0.9722940196322769
3605000,7210.000000551371,-40005.83199891297,5897.865601573936,-34107.96639733903,264.63353315679217,27.494289454333604,0.9727204025782614
3610000,7220.000000553408,-40073.18513753309,5803.688483863365,-34269.496653669725,260.4078649090076,27.155648989663625,0.9848505670699461
3615000,7230.000000555446,-40034.90403164307,5860.227919084572,-34174.676112558496,262.9447539322646,27.539412124115145,0.9711266234039821
3620000,7240.000000557483,-39740.38879955373,5544.19045618243,-34196.1983433713,248.76435104288993,27.41200500123213,0.9756402826214469
3625000,7250.00000055952,-40185.15216090993,5938.970951773814,-34246.18120913611,266.4779044581894,27.463217833489313,0.9738209290977561
3630000,7260.0000005615575,-40239.65534944085,5908.96970627592,-34330.68564316493,265.13176737546354,27.67083110300368,0.9665143850240019
3635000,7270.000000563595,-40169.82942167546,5673.404979316769,-34496.42444235869,254.56212571294768,27.631564552006395,0.9678878753422112
3640000,7280.000000565632,-40362.57156126769,5861.690055504398,-34500.88150576329,263.01035907705335,27.62349108757451,0.9681707580636911
3645000,7290.000000567669,-40291.124649530015,5767.787732442752,-34523.33691708726,258.79702069294325,27.586970542729865,0.9694524545635794
3650000,7300.000000569707,-40443.859977737986,5813.409735605055,-34630.45024213293,260.84405138203,27.484055299549482,0.9730826115409913
3655000,7310.000000571744,-40234.3531578428,5889.03752996621,-34345.31562787659,264.23742311659555,27.37317096385656,0.9770244135009295
3660000,7320.000000573781,-40596.730674297585,6001.635126728268,-34595.09554756932,269.28960671470185,27.10227576641382,0.9867900591493921
3665000,7330.000000575818,-40432.29262188804,5824.249030401038,-34608.043591487,261.3304037461841,27.30313122808482,0.9795307389180581
3670000,7340.000000577856,-40346.414473240846,5881.040052765972,-34465.37442047487,263.8785813269022,27.326637396854544,0.9786881539146508
3675000,7350.000000579893,-40137.39065022222,5791.822083391574,-34345.56856683065,259.8754269569008,27.71733565600612,0.9648927529882321
3680000,7360.00000058193,-40322.190139933366,5558.751542416558,-34763.43859751681,249.41769785630487,27.67487875405258,0.9663730253093277
3685000,7370.000000583967,-40619.40557520348,5794.193206825907,-34825.21236837757,259.9818177793385,27.444179765107325,0.974496470126807
3690000,7380.000000586005,-40067.68054338996,5682.144639250686,-34385.53590413927,254.95426877675098,27.71346473805638,0.9650275257679051
3695000,7390.000000588042,-40433.44287813356,5817.754291093842,-34615.68858703972,261.03898886393637,27.54316912269717,0.9709941578430716
3700000,7400.000000590079,-40221.456654658774,5836.5496693706555,-34384.90698528812,261.88232570753695,27.181175002386194,0.9839256876965322
3705000,7410.0000005921165,-40459.07816151014,5857.928294792823,-34601.149866717315,262.84157123154375,27.15963066402855,0.9847061853475032
3710000,7420.000000594154,-40102.176906840745,5713.1245131451105,-34389.05239369563,256.3443163022907,27.187361325449665,0.9837018012331982
3715000,7430.000000596191,-40236.66037702339,5714.079182989092,-34522.5811940343,256.3871517398672,27.17060115785845,0.9843085970472718
3720000,7440.000000598228,-40119.37804712519,5648.046258022571,-34471.331789102616,253.42429578161946,27.368870731699573,0.9771779248329201
3725000,7450.000000600266,-40611.98787460785,5825.107831075216,-34786.88004353263,261.3689375941959,27.22301036237299,0.9824136254816227
3730000,7460.000000602303,-40480.296950669785,5612.369847025054,-34867.92710364473,251.82351757973785,27.538708540122176,0.9711514346309278
3735000,7470.00000060434,-40040.660943296985,5699.7595283299925,-34340.901414967,255.7446378099107,27.40502534197193,0.9758887639363973
3740000,7480.000000606377,-40354.90384122668,5797.615567738972,-34557.28827348771,260.13537696860186,27.36469233251655,0.9773271331409535
3745000,7490.000000608415,-40224.05511827623,5802.700129919479,-34421.35498835675,260.36351808697935,27.297124641649553,0.9797462794237541
3750000,7500.000000610452,-39836.37911913559,5814.205053257829,-34022.17406587776,260.87973678665827,27.236660560285863,0.9819212692182531
3755000,7510.000000612489,-39757.13205654899,5602.441521806486,-34154.690534742505,251.3780398495878,27.20935981455742,0.9829064883883836
3760000,7520.0000006145265,-40348.285240420875,5711.404258696244,-34636.88098172463,256.2671295633099,27.3371288382636,0.9783125530428373
3765000,7530.000000616564,-40153.513782946975,5661.461543547878,-34492.0522393991,254.0262312353405,27.44545057319117,0.97445134796754
3770000,7540.000000618601,-40210.717186293805,5654.434007983689,-34556.283178310114,253.7109101189624,27.425889205872206,0.9751463701274038
3775000,7550.000000620638,-40066.05867517381,5844.49625378998,-34221.56242138383,262.2388839700469,27.3628471985646,0.9773930363513331
3780000,7560.0000006226755,-40225.82845984292,5797.927210642228,-34427.901249200695,260.1493601903541,27.258817870449388,0.9811231152329396
3785000,7570.000000624713,-39777.12371888723,5739.823142200054,-34037.30057668718,257.5422670550794,27.3188753724705,0.9789662254388803
3790000,7580.00000062675,-39996.91271486775,5892.382672075388,-34104.530042792365,264.38751754652407,27.255277469214107,0.9812505609906669
3795000,7590.000000628787,-39950.23393619628,5807.279471683125,-34142.954464513154,260.5689902818905,27.480739602511957,0.9732000191209552
3800000,7600.000000630825,-40039.83322033638,5793.442365061106,-34246.39085527528,259.94812797992904,27.52631809397618,0.971588579893484
3805000,7610.000000632862,-40043.02025825495,5888.490072953828,-34154.53018530112,264.2128590635592,27.55349346759745,0.9706303245384664
3810000,7620.000000634899,-40189.72655064255,5688.877849809484,-34500.84870083306,255.25638371460036,27.50076738049771,0.9724912740285362
3815000,7630.000000636936,-40154.842731587385,5748.126764789908,-34406.71596679748,257.91484539653345,27.53814366992128,0.9711713551641543
3820000,7640.000000638974,-40416.90986508404,5929.9772813222135,-34486.93258376182,266.07436410165434,27.57694704788767,0.9698048250294325
3825000,7650.000000641011,-40093.685002802464,6110.45985186159,-33983.225150940874,274.1725039274092,27.87320361651977,0.9594970378924064
3830000,7660.000000643048,-39931.579738445056,5744.432985626207,-34187.14675281885,257.7491078404708,27.62318269480965,0.9681815669867697
3835000,7670.0000006450855,-40165.236504420885,5925.492776998253,-34239.74372742263,265.8731472032242,27.349866565894462,0.977856920880666
3840000,7680.000000647123,-40119.06738840927,5963.815206509971,-34155.2521818993,267.59265059749146,27.47926161678993,0.9732523631669123
3845000,7690.00000064916,-40199.4918408722,5722.825406193863,-34476.66643467834,256.7795892935203,27.533055449053904,0.97135083158893
3850000,7700.000000651197,-40220.15107910015,6061.32680872341,-34158.82427037674,271.9679350750888,27.558175546280342,0.9704654163955505
3855000,7710.000000653235,-40089.491071924305,5793.622351914062,-34295.86872001024,259.9562038772175,27.48480496758159,0.9730560700055018
3860000,7720.000000655272,-40260.27490191624,5789.214600442596,-34471.06030147364,259.75843083117525,27.365510860565255,0.9772979003714534
3865000,7730.000000657309,-40476.82720590478,5775.802348069579,-34701.024857835204,259.15663147309647,27.220831031254566,0.9824922786492176
3870000,7740.000000659346,-40481.833181892696,5827.435093530759,-34654.39808836194,261.4733604020044,27.57892139218752,0.9697353977809541
3875000,7750.000000661384,-40882.78265539737,5897.997561668533,-34984.78509372884,264.639454123533,27.51151963358282,0.9721111978844089
3880000,7760.000000663421,-40390.61143661755,5911.282163647538,-34479.32927297002,265.2355258884352,27.51503928017801,0.9719868481485086
3885000,7770.000000665458,-40264.39240909332,5824.8124599122275,-34439.57994918109,261.35568447523144,27.60043302251487,0.9689795911827244
3890000,7780.000000667495,-40524.15237723024,5703.716125719649,-34820.43625151059,255.92216785505522,27.51483106314196,0.9719942036078293
3895000,7790.000000669533,-40170.0541895902,5674.773244123186,-34495.28094546701,254.62351889727515,27.515221369187323,0.9719804157771359
3900000,7800.00000067157,-40435.869965869104,5671.973370170766,-34763.89659569834,254.49789030780295,27.47997350515331,0.9732271503685144
3905000,7810.000000673607,-40169.18619834956,5945.692253773967,-34223.493944575595,266.77948506647584,27.651535492641827,0.9671888316559987
3910000,7820.0000006756445,-40282.13576554809,5678.744781901355,-34603.390983646736,254.8017193082886,27.733258375665127,0.9643387713176065
3915000,7830.000000677682,-40206.566163012976,5697.4879027188545,-34509.07826029412,255.6427113924412,27.57599724603342,0.9698382280796598
3920000,7840.000000679719,-40207.849655159844,5776.037739224632,-34431.81191593521,259.16719332669635,27.53862628737461,0.9711543352793829
3925000,7850.000000681756,-40747.21072499007,5792.343667118839,-34954.86705787123,259.89883009184956,27.401163613898643,0.9760262988633513
3930000,7860.000000683794,-41055.24244821966,5926.834523244415,-35128.40792497524,265.9333505163732,27.47283926113491,0.9734798814353713
3935000,7870.000000685831,-40666.98575565046,5742.709815714607,-34924.27593993585,257.67179028650446,27.440787378432958,0.9746169429395539
3940000,7880.000000687868,-40427.14313178223,5824.120063827371,-34603.023067954855,261.3246170968513,27.786316421963093,0.9624973638277295
3945000,7890.000000689905,-40500.24850588024,5880.905172365539,-34619.3433335147,263.8725293278687,27.76110495956136,0.9633714632605604
3950000,7900.000000691943,-40408.91183503684,5746.073048240129,-34662.83878679671,257.8226964220764,27.507061155955235,0.9722687623731313
3955000,7910.00000069398,-40432.63508137055,5905.915493284374,-34526.71958808618,264.99472675270835,27.55731521575234,0.9704957140140797
3960000,7920.000000696017,-39865.878126807744,5776.7554394843455,-34089.1226873234,259.1993960875434,27.29984600588663,0.9796486141663876
3965000,7930.0000006980545,-40377.36253945582,5779.987362115136,-34597.375177340684,259.34441043043506,27.71517005017023,0.9649681477043062
3970000,7940.000000700092,-40545.48636111367,5737.692684225167,-34807.7936768885,257.4466747409741,27.52665909972047,0.9715765436603315
3975000,7950.000000702129,-40305.31771412625,5718.935436802837,-34586.38227732341,256.60504880491635,27.62073880417287,0.9682672319605794
3980000,7960.000000704166,-40431.92043043503,5934.365819359868,-34497.55461107516,266.2712750529632,28.035780436867068,0.9539330059616931
3985000,7970.0000007062035,-40584.38963209969,5825.105841909515,-34759.28379019017,261.3688483415776,27.503619583896498,0.9723904239237485
3990000,7980.000000708241,-40491.13796208734,5737.592253990182,-34753.54570809716,257.44216849927324,27.408383245077165,0.9757692041695376
3995000,7990.000000710278,-40620.11163268664,5819.945035888875,-34800.16659679776,261.1372862098779,27.440179225048226,0.9746385432573874
4000000,8000.000000712315,-40422.15213624491,6164.319010924175,-34257.833125320736,276.58913063924575,27.606320345113133,0.9687729466399853
4005000,8010.000000714353,-40638.50057211044,6027.612475403123,-34610.88809670731,270.4551940688861,27.557084463006,0.9705038405831883
4010000,8020.00000071639,-40480.18760277085,5665.461342899766,-34814.72625987108,254.20569972545425,27.74004309230968,0.9641029113627041
4015000,8030.000000718427,-40556.72068216913,5949.7025313764225,-34607.018150792705,266.95942370912553,27.51587239638455,0.9719574186619898
4020000,8040.000000720464,-40542.526168535784,5651.156795590016,-34891.36937294577,253.56386365279477,27.646825729036046,0.9673535967109059
4025000,8050.000000722502,-40275.35464060891,5867.777554393329,-34407.57708621558,263.28350133696443,27.49325517773198,0.9727569956242941
4030000,8060.000000724539,-40637.08834084441,5804.082409915879,-34833.005930928535,260.42554012409755,27.94619392872351,0.9569910083224067
4035000,8070.000000726576,-40778.85540142002,5885.967446497725,-34892.88795492229,264.09967039548667,27.428000262743225,0.9750713158243126
4040000,8080.0000007286135,-40598.17664893499,5797.283621524108,-34800.893027410886,260.1204827499825,27.58745711258655,0.9694353559835996
4045000,8090.000000730651,-40650.02928774018,5683.866564940687,-34966.16272279949,255.03153050327398,27.722530436218165,0.9647119467738968
4050000,8100.000000732688,-40731.27062282677,5780.320842002505,-34950.94978082427,259.3593734639785,27.850097930767006,0.9602930795111239
4055000,8110.000000734725,-40993.449049885065,5933.626503227648,-35059.822546657415,266.2381024014642,27.468824918722127,0.9736221474983573
4060000,8120.000000736763,-40375.26401561596,5614.381500488325,-34760.88251512764,251.91377920986562,27.538634726778096,0.9711540376624762
4065000,8130.0000007388,-40644.88036204188,5730.961406831291,-34913.91895521058,257.1446465430232,27.56327147129037,0.9702859957853398
4070000,8140.000000740837,-40826.83222928874,5740.30998223248,-35086.52224705626,257.56411126221576,27.720638517542202,0.9647777878456265
4075000,8150.000000742874,-40482.92849323245,5782.205817358293,-34700.72267587416,259.44395112681684,27.714297985649132,0.9649985116155998
4080000,8160.000000744912,-40675.81574317129,5865.1740854929085,-34810.64165767838,263.1666853190819,27.680517199505434,0.9661761777738918
4085000,8170.000000746949,-40122.06955484849,5790.1748026161185,-34331.89475223237,259.80151450091097,27.406240107939023,0.9758455082233396
4090000,8180.000000748986,-40306.50144040611,5994.087462824837,-34312.41397758127,268.9509477657234,27.581813191655492,0.9696337264264319
4095000,8190.000000751023,-40515.1929884399,5572.804673157757,-34942.38831528214,250.0482530251045,27.436360566420905,0.9747741957931061
4100000,8200.00000075306,-40524.85051614779,5965.473285926946,-34559.37723022084,267.66704758175837,27.842981301318385,0.9605385291608937
4105000,8210.000000755097,-40604.63101491605,5767.8166937992155,-34836.814321116835,258.79832017085675,27.472999968370914,0.9734741869258081
4110000,8220.000000757134,-40280.55628115267,5823.478318972364,-34457.07796218031,261.2958224074096,27.616532411277777,0.9684147129094696
4115000,8230.000000759172,-40432.043005545376,5860.108275389894,-34571.93473015548,262.93938559466903,27.270783611597118,0.9806926228276558
4120000,8240.000000761209,-40570.201448754655,5756.709241214125,-34813.492207540534,258.2999357347686,27.746440404472466,0.963880624568754
4125000,8250.000000763246,-40372.84064973456,5954.4666948669,-34418.37395486765,267.1731887390857,27.546134144208075,0.9708896415958953
4130000,8260.000000765283,-40411.062181261645,5758.824635320147,-34652.2375459415,258.39485214251897,27.413799768579796,0.9755764079547791
4135000,8270.00000076732,-40111.77378905235,5811.946418743074,-34299.82737030928,260.7783932715416,27.49378014747571,0.9727384216781882
4140000,8280.000000769358,-40042.53469210412,5698.916943475306,-34343.617748628814,255.70683155555645,27.308287285287513,0.9793457944552693
4145000,8290.000000771395,-40130.951303552545,5787.62033772656,-34343.33096582598,259.6868972622834,27.411998623777723,0.9756405096060423
4150000,8300.000000773432,-39976.36817314598,5746.1630846865055,-34230.20508845947,257.8267363009966,27.5015444740751,0.9724637949637214
4155000,8310.00000077547,-40193.92889703802,6000.857002066462,-34193.07189497156,269.2546927488029,27.411863376070375,0.9756453233299511
4160000,8320.000000777507,-40140.89674764524,5835.4709474684605,-34305.425800176774,261.83392413185584,27.796881203097858,0.9621315467449665
4165000,8330.000000779544,-39884.52508074987,5731.623514442861,-34152.901566307,257.1743548965898,27.49292634904914,0.9727686302679671
4170000,8340.000000781582,-40032.8129707335,5859.064951042588,-34173.74801969092,262.892572285091,27.76204615844012,0.9633388026945533
4175000,8350.000000783619,-40086.34795868976,5845.105213362434,-34241.24274532733,262.266207604408,27.18764155766052,0.9836916618862455
4180000,8360.000000785656,-40208.14989710643,5566.128060665982,-34642.02183644044,249.7486776070506,27.65978257964879,0.9669004530173068
4185000,8370.000000787693,-40641.68303316609,5822.222527193225,-34819.460505972864,261.23947581732557,27.710282326983847,0.9651383551794231
4190000,8380.00000078973,-40448.37989800691,5721.989152723423,-34726.39074528349,256.7420671244091,27.595548604229105,0.9691511007874649
4195000,8390.000000791768,-40425.57457137879,5535.53813157132,-34890.036439807474,248.37612666028508,27.54900287776774,0.9707885408878246
4200000,8400.000000793805,-40562.34652275851,5705.943805914499,-34856.402716844015,256.02212246923784,27.337107460261883,0.9783133180969844
4205000,8410.000000795842,-40468.494287631984,5852.887671869126,-34615.60661576286,262.61540164008125,27.383780234163254,0.9766458859196229
4210000,8420.00000079788,-40085.909902049214,5645.157747397765,-34440.75215465145,253.2946901202087,27.472393682180606,0.9734956704544364
4215000,8430.000000799917,-39991.058504978886,5666.093802832922,-34324.96470214597,254.23407780627156,27.59344164975508,0.9692251023300683
4220000,8440.000000801954,-40221.515602640226,5614.025730122163,-34607.48987251806,251.89781601650884,27.078978874572204,0.9876390254780292
4225000,8450.000000803991,-40128.31224209195,5763.684567590965,-34364.62767450099,258.6129142576316,27.629302418078932,0.9679671206292497
4230000,8460.000000806029,-40004.93447054653,5749.235679021449,-34255.69879152508,257.96460168310983,27.68703730973475,0.9659486498116343
4235000,8470.000000808066,-40026.09263848755,5566.727128547998,-34459.365509939555,249.77555740746118,27.43580422866222,0.974793962069567
4240000,8480.000000810103,-40199.024542565945,5773.901734951363,-34425.12280761458,259.0713521536587,27.566308082258903,0.9701791123721304
4245000,8490.00000081214,-40269.11176739328,5607.422028888084,-34661.6897385052,251.60151208089192,27.739891922339414,0.9641081652911928
4250000,8500.000000814178,-40217.239804997,5729.793930492574,-34487.445874504425,257.0922626114007,27.589156193845454,0.9693756531991615
4255000,8510.000000816215,-39933.18731957341,5930.144910124407,-34003.042409449,266.08188550095036,27.759472836549953,0.9634281048525309
4260000,8520.000000818252,-40436.02083720834,5691.51289485659,-34744.50794235175,255.37461653439482,27.468782492881324,0.9736236512686188
4265000,8530.00000082029,-40334.53828125897,5725.009787763167,-34609.5284934958,256.8776011255114,27.318925901265395,0.9789644147533579
4270000,8540.000000822327,-40410.99641183661,5875.356390379168,-34535.640021457446,263.6235589577439,27.38989897524057,0.9764277090177815
4275000,8550.000000824364,-40109.15380919805,5890.914518166757,-34218.23929103129,264.321642400784,27.323544325344795,0.9787989430717876
4280000,8560.000000826401,-40436.24822752895,5664.232274106438,-34772.01595342251,254.15055217899535,27.536830446054754,0.9712176700588402
4285000,8570.000000828439,-40549.42308072414,5778.319536859541,-34771.1035438646,259.26957615649724,27.59873930885967,0.9690390567237709
4290000,8580.000000830476,-40394.71947629648,5701.713544924004,-34693.00593137248,255.8323133098377,27.63015929660336,0.9679371016116568
4295000,8590.000000832513,-40500.45597219367,5763.375975099884,-34737.07999709378,258.5990679059618,27.717801689990313,0.9648765297386749
4300000,8600.00000083455,-40385.683395765234,5881.916938186829,-34503.76645757841,263.91792662616314,27.487390244747985,0.9729645509628786
4305000,8610.000000836588,-40615.41922827759,5738.803374187017,-34876.615854090574,257.49651070345647,26.993050154750687,0.9907830405714906
4310000,8620.000000838625,-40177.66626909235,5696.718524441856,-34480.94774465049,255.60818987134687,27.451029352276056,0.9742533135430557
4315000,8630.000000840662,-39982.240025019135,5770.34568562204,-34211.8943393971,258.91179444894476,27.406497387020384,0.9758363474527253
4320000,8640.0000008427,-40211.02757012353,5710.987299533908,-34500.04027058962,256.2484208670179,27.710961150248078,0.9651147126083429
4325000,8650.000000844737,-40131.91571351421,5657.308879132059,-34474.60683438215,253.83990378561367,27.199701228971183,0.9832555174590135
4330000,8660.000000846774,-40269.8956912272,5671.774555947442,-34598.121135279755,254.4889696382058,27.480964334495894,0.9731920605512195
4335000,8670.000000848811,-40300.63143044456,5798.863164100341,-34501.768266344225,260.191355835427,27.470319036925734,0.9735691919221204
4340000,8680.000000850849,-40206.08208786315,5901.0563812373,-34305.02570662585,264.7767014405211,27.19659075688156,0.9833679723204103
4345000,8690.000000852886,-40563.187081446355,5713.2623301236,-34849.92475132275,256.35050006374104,27.70415137577859,0.965351941081466
4350000,8700.000000854923,-40525.472402290456,5660.350473055936,-34865.12192923452,253.9763781987114,27.549873398845698,0.9707578659052271
4355000,8710.00000085696,-40333.24695718734,5931.0037545374635,-34402.24320264987,266.1204213114982,27.04773277456463,0.9887799664958468
4360000,8720.000000858998,-40207.551317954385,5856.209525085231,-34351.341792869156,262.7644511119735,27.538083835580053,0.9711734653109098
4365000,8730.000000861035,-40022.670129023456,5889.770222200192,-34132.899906823266,264.27029855793205,27.32415445291967,0.9787770872362684
4370000,8740.000000863072,-39992.95451445267,5715.39794248835,-34277.55657196432,256.44632365208906,27.372748439494313,0.9770394948004244
4375000,8750.00000086511,-40117.440211449444,6082.564271177593,-34034.87594027185,272.92084670519364,27.54204091492647,0.9710339327877666
4380000,8760.000000867147,-40424.500167855476,5568.725288250935,-34855.77487960454,249.8652135810197,27.722821718962642,0.9647018105782981
4385000,8770.000000869184,-40612.35682876923,5616.551041177671,-34995.80578759156,252.01112514087427,27.716206968455378,0.9649320463316299
4390000,8780.000000871221,-40409.46711220905,5454.025783412993,-34955.441328796056,244.71871868488327,27.88634685995596,0.9590448128946807
4395000,8790.000000873259,-40232.55748060596,5687.219181749171,-34545.33829885679,255.18196031827577,27.561622843640663,0.9703440344694136
4400000,8800.000000875296,-40534.295955826005,5702.62275696607,-34831.673198859935,255.87310908433213,27.612543287874004,0.9685546176533227
4405000,8810.000000877333,-40155.410327203484,5684.014311523781,-34471.396015679704,255.03815979985978,27.590410369300095,0.9693315883543732
4410000,8820.00000087937,-40160.708180212176,5892.559218773556,-34268.14896143862,264.39543908622323,27.725268927450053,0.9646166598638056
4415000,8830.000000881408,-39787.213661460846,5676.928094255283,-34110.28556720556,254.72020567218712,27.320235994239997,0.9789174702686023
4420000,8840.000000883445,-39896.382885875806,5582.918116176869,-34313.464769698934,250.5020368749456,27.069469968947182,0.9879859612065688
4425000,8850.000000885482,-39867.842469645126,5867.355651421252,-34000.48681822387,263.2645708150278,27.330866857292687,0.9785367016080014
4430000,8860.00000088752,-40152.41434736892,5740.255336922419,-34412.1590104465,257.56165936140127,27.213011382962986,0.9827745974253395
4435000,8870.000000889557,-40323.02454051005,6015.6546042008395,-34307.36993630921,269.91865188242974,27.35982653186228,0.9775009456100615
4440000,8880.000000891594,-40247.35747747574,5903.3655012069485,-34343.99197626879,264.88031020635793,27.858229883741913,0.9600127652845093
4445000,8890.000000893631,-40015.28571864143,5690.661354689784,-34324.62436395165,255.33640846079837,27.380893933810675,0.9767488370274899
4450000,8900.000000895669,-39687.018128693555,5905.592324381349,-33781.42580431221,264.98022636657015,27.297109710881834,0.9797468153180037
4455000,8910.000000897706,-40187.47583488415,5826.807839498018,-34360.66799538613,261.445215906676,27.311989184590324,0.9792130527684884
4460000,8920.000000899743,-40422.14089359934,5769.631714171868,-34652.50917942747,258.87975899744487,27.683240245613423,0.9660811404062578
4465000,8930.00000090178,-40291.15720315286,5588.826908501451,-34702.330294651416,250.7671606833156,27.306151810675008,0.9794223840858926
4470000,8940.000000903818,-40364.04996588384,5739.806487954219,-34624.243477929616,257.54151978950654,27.606007507466796,0.968783924998532
4475000,8950.000000905855,-40360.05957933817,5852.47236185656,-34507.58721748161,262.5967669401058,27.619661300084616,0.9683050062073243
4480000,8960.000000907892,-40171.54048814412,5916.584468525774,-34254.956019618345,265.4734369851932,27.716634099385765,0.9649171761161042
4485000,8970.00000090993,-40432.36150045447,5713.144369632781,-34719.21713082169,256.3452072504477,27.178163174525977,0.9840347243072685
4490000,8980.000000911967,-40400.75744261711,5730.461816822503,-34670.295625794606,257.1222302524383,27.313976656082296,0.979141801406907
4495000,8990.000000914004,-40464.11929303381,5978.169822700847,-34485.94947033296,268.23673322946723,27.346684761210508,0.9779706951739032
4500000,9000.000000916041,-40578.87980039616,5870.85569040568,-34708.024109990474,263.4216153706698,27.24064598412737,0.9817776099071228
4505000,9010.000000918079,-40465.96786736476,5862.30496004617,-34603.66290731859,263.0379494584618,27.293528124243178,0.9798753823573046
4510000,9020.000000920116,-40703.70540497309,5744.516368159251,-34959.189036813834,257.75284916246994,27.511983902589648,0.9720947933567686
4515000,9030.000000922153,-40691.71010077315,5931.316905590651,-34760.39319518249,266.1344722029927,27.58912037365621,0.9693769117829392
4520000,9040.00000092419,-41132.5509241559,5791.772431071778,-35340.77849308412,259.8731990884303,27.60452340970305,0.9688360095802983
4525000,9050.000000926228,-40801.69617834751,5630.092042518871,-35171.604135828646,252.61870138446417,27.51814843111232,0.9718770277576264
4530000,9060.000000928265,-40622.71259647749,5831.688512578383,-34791.02408389911,261.6642086489141,27.235644147698917,0.9819579137393818
4535000,9070.000000930302,-41019.82433642353,5930.586279087322,-35089.23805733621,266.1016894496959,27.369637808860528,0.9771505378841572
4540000,9080.00000093234,-40453.879154302864,5984.334512658515,-34469.544641644345,268.5133390042544,27.575078681563294,0.9698705347486042
4545000,9090.000000934377,-40731.68110317691,5628.005755456419,-35103.67534772049,252.52509099151655,27.802555419453675,0.9619351855660524
4550000,9100.000000936414,-40919.29287617318,5546.534685930363,-35372.75819024282,248.869535162474,27.945456139021847,0.9570162739007179
4555000,9110.000000938451,-40873.16834076699,6031.641321695319,-34841.52701907167,270.63596587700675,27.586426961515365,0.9694715572963614
4560000,9120.000000940488,-40627.784358168625,5603.219725119549,-35024.56463304908,251.4129573445194,27.46370831375497,0.9738035374206182
4565000,9130.000000942526,-40729.84159214517,5776.297121065177,-34953.54447107999,259.17883162731846,27.473213885435985,0.9734666070794219
4570000,9140.000000944563,-40618.710297272475,5626.105879693064,-34992.60441757941,252.4398447567292,27.59314336468488,0.9692355797654898
4575000,9150.0000009466,-40531.47500959073,5956.655368893476,-34574.81964069726,267.2713931709444,27.696429377454578,0.965621089352152
4580000,9160.000000948638,-40575.239053440535,5967.569564700915,-34607.66948873962,267.76110629653965,27.295655790232335,0.9797990021618377
4585000,9170.000000950675,-40372.35849943824,5923.764708547206,-34448.593790891035,265.79560985486296,27.73405155105533,0.9643111918714582
4590000,9180.000000952712,-40221.44418380373,5639.9428741349075,-34581.50130966882,253.06070202523645,27.808580340882923,0.9617267756493282
4595000,9190.00000095475,-40023.18521321824,6034.541120783109,-33988.644092435134,270.76607804467676,27.277192671206052,0.9804621989144069
4600000,9200.000000956787,-40092.42428801803,5669.064176367952,-34423.36011165008,254.36735660515785,27.41997865894828,0.9753565689918897
4605000,9210.000000958824,-40233.84021899825,5754.184388279755,-34479.6558307185,258.1866471660116,27.40023486252424,0.976059382001911
4610000,9220.000000960861,-40408.99406280769,5757.160087064385,-34651.8339757433,258.3201649055099,27.52303896948717,0.971704336002724
4615000,9230.000000962898,-40547.907457953515,5919.217635499157,-34628.689822454355,265.5915855369968,27.41359663625741,0.9755836368895315
4620000,9240.000000964936,-40252.558026428305,5612.55944245704,-34639.99858397127,251.8320246079454,27.2266195261854,0.982283396618561
4625000,9250.000000966973,-40384.2110659099,5985.523077951818,-34398.68798795808,268.56666918405205,27.37214172381463,0.9770611513148159
4630000,9260.00000096901,-40209.98223630267,5679.160928350562,-34530.82130795211,254.82039153865188,27.84497603350807,0.9604697190056528
4635000,9270.000000971047,-40522.52783226037,5546.3630036708455,-34976.16482858952,248.86183188708836,27.619482830297407,0.9683112631379655
4640000,9280.000000973085,-40354.62296686764,5678.332296797426,-34676.290670070215,254.78321136019326,27.708245821735126,0.9652092910783865
4645000,9290.000000975122,-39777.15286938749,5793.83140003325,-33983.32146935424,259.96558373530814,27.462359014721894,0.9738513829888281
4650000,9300.00000097716,-40314.73768598307,5872.627704382135,-34442.10998160094,263.5011245272141,27.37598056677756,0.9769241412699727
4655000,9310.000000979197,-40450.656854072375,5803.781487688691,-34646.87536638368,260.4120379323615,27.5204772370033,0.9717947867075145
4660000,9320.000000981234,-40208.109399397596,5966.068064827934,-34242.04133456966,267.69373493827817,27.786869714074207,0.9624781985815591
4665000,9330.000000983271,-40251.80403973895,5931.844948653854,-34319.9590910851,266.1581651642967,27.585466450229703,0.9695053137809071
4670000,9340.000000985308,-40117.34467701282,5936.481355829992,-34180.86332118283,266.3661978485016,27.79129210786002,0.9623250406215814
4675000,9350.000000987346,-40053.57348009094,5816.88989588318,-34236.68358420776,261.0002039925788,27.5229926458099,0.9717059714687011
4680000,9360.000000989383,-40286.472775794886,5656.343749403479,-34630.129026391405,253.79659901957075,27.776538736615766,0.9628361748099179
4685000,9370.00000099142,-40241.85972674152,5761.9544414226675,-34479.90528531885,258.5352845807869,27.69245792720977,0.9657595716826758
4690000,9380.000000993457,-40209.061531969484,5892.333973064329,-34316.72755890516,264.3853324524191,27.416142075704865,0.9754930592631545
4695000,9390.000000995495,-40316.95846590592,5831.106142127656,-34485.852323778265,261.6380780517806,28.27718692959328,0.9457891399598036
4700000,9400.000000997532,-39999.55298637893,5707.77999736302,-34291.77298901591,256.10451122873155,27.573629450337517,0.9699215097813416
4705000,9410.00000099957,-39622.26870579499,5850.98020283889,-33771.2885029561,262.52981470016795,27.57362465743957,0.9699216783748753
4710000,9420.000001001607,-40506.22324846938,6004.529750626571,-34501.69349784281,269.4194866748629,27.00233593834615,0.9904423220156661
4715000,9430.000001003644,-39880.83520716885,5677.312344330683,-34203.52286283817,254.73744673224817,27.41157610620421,0.975655547970095
4720000,9440.000001005681,-40043.01209171617,5782.847190130643,-34260.16490158553,259.47272912114283,27.126563503942933,0.9859065378014162
4725000,9450.000001007718,-40005.029796685914,5846.594482907032,-34158.435313778886,262.33303019550004,27.314742250526887,0.9791143574165247
4730000,9460.000001009756,-40030.9929696895,5711.0359681072205,-34319.957001582276,256.2506045954002,27.51626046320478,0.9719437109699377
4735000,9470.000001011793,-40201.558574982,5885.858946204201,-34315.6996287778,264.09480205531696,27.81348633796038,0.9615571374855497
4740000,9480.00000101383,-39832.9900743677,5696.457257576443,-34136.53281679125,255.59646699084033,27.493552273158674,0.972746484008632
4745000,9490.000001015867,-40179.26415410088,5906.449812391021,-34272.814341709854,265.0187013161483,27.295693071387383,0.979797663927325
4750000,9500.000001017905,-40217.849525018515,5654.6909796910595,-34563.15854532745,253.7224402784195,27.473172444427032,0.9734680754733055
4755000,9510.000001019942,-40339.976669523196,5734.036488354606,-34605.94018116859,257.28262352371996,27.46755102840314,0.9736673021547286
4760000,9520.00000102198,-40681.81699778358,5870.8480784157855,-34810.96891936779,263.42127382545397,27.552008331316127,0.9706826444381046
4765000,9530.000001024016,-40477.37139513278,5743.605091708333,-34733.76630342445,257.71196075924405,27.5112286280706,0.9721214805846438
4770000,9540.000001026054,-40384.82278301979,5808.693803172462,-34576.12897984732,260.6324504494091,27.14196923711855,0.9853469390145789
4775000,9550.000001028091,-40332.93553232921,5712.13365031609,-34620.80188201312,256.29985690815874,27.64989091093696,0.967246358865159
4780000,9560.000001030128,-40320.066982440985,5739.837149163133,-34580.22983327785,257.5428955387341,27.52371863488154,0.9716803409234436
4785000,9570.000001032166,-40144.54776860359,5573.661095242017,-34570.88667336157,250.0866801472774,27.181810973086872,0.9839026668643428
4790000,9580.000001034203,-40071.4500002487,5829.594310603872,-34241.85568964483,261.5702431188229,27.309890763061613,0.9792882929724478
4795000,9590.00000103624,-39863.81822927675,5830.600589766292,-34033.21763951046,261.61539423417247,27.22534602059564,0.9823293443686969
4800000,9600.000001038277,-40128.217445734306,5666.766162521117,-34461.45128321319,254.264246164091,27.606858147718427,0.9687540742057572
4805000,9610.000001040315,-39887.120689662755,5806.361103877415,-34080.75958578534,260.5277836940195,27.392457859469996,0.9763364953896142
4810000,9620.000001042352,-39971.29630953948,5837.077574369145,-34134.21873517033,261.90601247396376,27.42568214377899,0.9751537324182498
4815000,9630.00000104439,-39755.73291182822,5728.683854357359,-34027.04905747086,257.04245419093473,27.35697747783783,0.9776027460741387
4820000,9640.000001046426,-39901.26441831922,5711.06484538962,-34190.199572929596,256.25190030096314,27.259707270046214,0.981091104232437
4825000,9650.000001048464,-40313.76974196106,5746.132212522604,-34567.637529438456,257.8253510863509,27.54356911788738,0.9709800568022371
4830000,9660.000001050501,-40169.33390373873,5741.553760608651,-34427.780143130076,257.61991881843784,27.401672718460162,0.9760081649543009
4835000,9670.000001052538,-40276.57072895991,5757.60302425886,-34518.96770470105,258.34003921982276,27.560910763163587,0.970369104868898
4840000,9680.000001054575,-40247.677366828895,5827.6588086649,-34420.018558163996,261.4833983598637,27.48576633419892,0.9730220355306712
4845000,9690.000001056613,-39802.87300283338,5859.72772659683,-33943.14527623655,262.92231060882665,27.58346362703058,0.9695757091366306
4850000,9700.00000105865,-40103.01209872487,5726.693882971133,-34376.31821575374,256.95316542201505,27.182961889068142,0.9838610088100098
4855000,9710.000001060687,-40242.91878943406,5946.806145971851,-34296.112643462206,266.8294647112822,27.449682645011304,0.9743011113275337
4860000,9720.000001062725,-40137.45437723501,5901.455031733793,-34235.999345501215,264.79458863845133,27.667933841385477,0.9666155940643021
4865000,9730.000001064762,-40381.139976401806,5775.754364942362,-34605.385611459445,259.1544785002509,27.583429424968177,0.9695769113616475
4870000,9740.000001066799,-40250.3963079157,5758.105724506312,-34492.29058340938,258.36259506486715,27.463686190811575,0.9738043218528456
4875000,9750.000001068836,-40370.83411061054,5643.151940945337,-34727.682169665204,253.20469084179297,27.181536265388857,0.983912610586215
4880000,9760.000001070874,-40112.0104768609,5812.883841843739,-34299.126635017165,260.82045485855457,27.205210642861942,0.9830563952512437
4885000,9770.00000107291,-40317.14668262817,6030.223433012023,-34286.92324961614,270.5723461004246,27.500768355145876,0.9724912395627052
4890000,9780.000001074948,-40345.38276911294,6139.259319958033,-34206.12344915491,275.46471801132526,27.458794899197105,0.9739777876196828
4895000,9790.000001076985,-40204.34515346076,5894.760925613348,-34309.58422784741,264.49422829224284,27.57562474377987,0.9698513290312752
4900000,9800.000001079023,-40288.50761445173,5743.407164233711,-34545.100450218015,257.7030798775054,27.236153288847447,0.981939557432795
4905000,9810.00000108106,-40464.611611203065,5848.221594888556,-34616.39001631451,262.4060376903465,27.421609643614442,0.9752985566567737
4910000,9820.000001083097,-40100.254531784725,5889.699756758149,-34210.554775026576,264.26713681771065,27.40779659253138,0.9757900901056176
4915000,9830.000001085134,-39774.71506241661,5707.341209423132,-34067.37385299348,256.0848230888716,27.419864570475777,0.9753606272519448
4920000,9840.000001087172,-39958.55551425836,5816.5657543667985,-34141.98975989156,260.9856599658889,27.00517933823221,0.9903380374430552
4925000,9850.000001089209,-39679.338727654,5865.9645575118075,-33813.3741701422,263.20215330315517,27.476650967980436,0.9733448351397959
4930000,9860.000001091246,-40155.22951728622,5697.680264372975,-34457.549252913246,255.65134253930222,27.3676010203461,0.9772232606993922
4935000,9870.000001093284,-39999.802890515,5892.537035089109,-34107.26585542589,264.39444371820537,27.26214001572746,0.9810035562576502
4940000,9880.00000109532,-39783.05050228117,5813.699978242163,-33969.35052403901,260.85707438725234,27.437194220368347,0.9747445781744218
4945000,9890.000001097358,-40248.24872110425,5956.816320403456,-34291.432400700796,267.2786149643236,27.436618105257416,0.974765045896742
4950000,9900.000001099395,-40332.637382220404,5800.71948889419,-34531.917893326216,260.2746479655073,27.440809684941197,0.9746161506779146
4955000,9910.000001101433,-40324.685880874764,5899.0727299971895,-34425.61315087757,264.6876962525966,27.49556406092887,0.9726753103649237
4960000,9920.00000110347,-40854.57332126386,5651.7350877994195,-35202.83823346444,253.58981126179603,27.153949348787425,0.9849122115938876
4965000,9930.000001105507,-40594.2510306512,5876.646110433172,-34717.60492021803,263.6814278882572,27.301040161676333,0.9796057640384236
4970000,9940.000001107544,-40550.6639073282,6000.503971837731,-34550.15993549047,269.23885250369534,27.555028882348424,0.9705762393068957
4975000,9950.000001109582,-40187.13668475853,5743.947316966222,-34443.18936779231,257.7273161920818,27.604766640505247,0.9688274729835983
4980000,9960.000001111619,-40414.24392028068,5815.129792336125,-34599.11412794455,260.9212292495371,27.5550714356782,0.9705747404448485
4985000,9970.000001113656,-40367.50849086489,5675.103921915836,-34692.40456894906,254.63835620258473,27.51178988495872,0.9721016487278527
4990000,9980.000001115694,-40372.587291678974,6024.289048722489,-34348.29824295649,270.30607399662654,27.49228004471903,0.9727914986723668
4995000,9990.00000111773,-40371.77656990499,5947.472709311639,-34424.303860593354,266.85937299058133,27.138549447027433,0.9854711048144102
5000000,10000.000001119768,-40603.47905192342,5950.944656848327,-34652.5343950751,267.0151571005691,27.616868709493726,0.9684029202568094
5005000,10010.000001121805,-40795.33618739617,5889.308456801411,-34906.02773059476,264.2495794338923,27.653429239033994,0.9671225971812558
5010000,10020.000001123843,-41233.48330428499,5864.472555242127,-35369.01074904286,263.1352080964014,27.815536798574243,0.9614862549765164
5015000,10030.00000112588,-41029.3464977226,5851.297936987776,-35178.048560734824,262.5440712322941,27.763505292297495,0.963288173631388
5020000,10040.000001127917,-40534.19843179227,5739.517322864185,-34794.68110892808,257.52854513314594,27.752190245040822,0.963680922856231
5025000,10050.000001129954,-40670.87642528439,5734.78248799856,-34936.09393728583,257.3160960602017,27.88985407375752,0.9589242107862866
5030000,10060.000001131992,-40508.45130714894,5676.936439857357,-34831.51486729158,254.7205801341217,27.5257124986641,0.9716099558883572
5035000,10070.000001134029,-40611.831050053566,5939.968047705672,-34671.86300234789,266.52264352773915,27.639472548491423,0.9676109505961735
5040000,10080.000001136066,-40403.75484251092,5755.731287954852,-34648.02355455607,258.25605558494044,27.62811121527581,0.9680088551198358
5045000,10090.000001138103,-40530.72035346334,5704.925212780222,-34825.79514068311,255.9764188336886,27.68194870778366,0.9661262141961353
5050000,10100.00000114014,-40397.70262630293,5708.761829096428,-34688.9407972065,256.1485654032635,27.368279982665687,0.9771990173866134
5055000,10110.000001142178,-39998.686922804365,5983.41156089527,-34015.275361909094,268.4719267370817,27.794718892481278,0.962206396476893
5060000,10120.000001144215,-40377.94516929635,5747.353054676227,-34630.59211462012,257.8801295086421,27.872629776341,0.959516791964992
5065000,10130.000001146253,-40657.70403333635,5723.952253283628,-34933.75178005272,256.83015021620605,27.764125350415775,0.9632666604504481
5070000,10140.00000114829,-40594.28547126506,5834.971292014845,-34759.314179250214,261.8115049048026,27.656475282535048,0.9670160797211754
5075000,10150.000001150327,-40461.73928264913,5939.908030236567,-34521.83125241256,266.51995058151533,27.644414135925576,0.9674379849441941
5080000,10160.000001152364,-40151.69234830263,5806.486366787421,-34345.20598151521,260.533404162285,27.469835234982963,0.9735863385363045
5085000,10170.000001154402,-40166.66883244306,5767.15150396337,-34399.51732847969,258.76847351981866,27.333608564785763,0.9784385491302305
5090000,10180.000001156439,-40190.399477742656,5736.491413911278,-34453.908063831375,257.3927744948654,27.198263864130702,0.9833074802209408
5095000,10190.000001158476,-40511.151821337,5994.94690831001,-34516.20491302699,268.98951054600053,27.421250972882778,0.9753113135892437
5100000,10200.000001160513,-40479.61844906561,5744.354859683126,-34735.263589382484,257.74560237836886,27.642511947490167,0.9675045581033348
5105000,10210.00000116255,-40584.23825653359,5731.052685363207,-34853.18557117038,257.148742153543,27.62835149774319,0.9680004363925666
5110000,10220.000001164588,-40531.14346732671,5773.713952540911,-34757.42951478579,259.0629264745911,27.308334513329918,0.979344100738478
5115000,10230.000001166625,-40235.75080414258,5638.59792668135,-34597.15287746123,253.000355075918,27.649083836004202,0.9672745927225508
5120000,10240.000001168662,-40211.007877515556,5800.423314926199,-34410.584562589356,260.2613588251855,27.315175734646644,0.9790988191483659
5125000,10250.0000011707,-39935.00115131778,5823.855610167331,-34111.14554115045,261.312751226867,27.40533964586446,0.9758775717511831
5130000,10260.000001172737,-40008.335334919575,5808.635998286481,-34199.69933663309,260.6298567804033,27.341828066823098,0.9781444108733326
5135000,10270.000001174774,-40301.91044086874,5718.394719527089,-34583.51572134165,256.5807871596388,27.081338561028236,0.9875529692283863
5140000,10280.000001176812,-40091.9356522563,5784.199290570381,-34307.73636168592,259.53339702046816,27.587319619869817,0.9694401875621156
5145000,10290.000001178849,-39874.6594460698,5651.634481132929,-34223.02496493688,253.58529710372406,27.726482829535453,0.9645744276707714
5150000,10300.000001180886,-39556.95048007481,5600.200394113328,-33956.75008596148,251.27748185458404,27.510792534705455,0.9721368903816267
5155000,10310.000001182923,-39617.90813555405,5706.961018918659,-33910.94711663539,256.0677641792137,27.555476319445454,0.9705604793973256
5160000,10320.00000118496,-39895.52104483674,5977.41957618592,-33918.10146865082,268.20307013854654,27.39816629901088,0.9761330745549982
5165000,10330.000001186998,-39578.262126627385,5782.034673490334,-33796.22745313705,259.436272008723,27.169920970564846,0.9843332387899336
5170000,10340.000001189035,-39911.036041611136,5832.5167882636215,-34078.51925334751,261.7013728598032,27.44637869856345,0.9744183959693901
5175000,10350.000001191072,-39970.4810621267,5688.254393331703,-34282.226668795,255.2284096131829,27.52361817286831,0.9716838875851743
5180000,10360.00000119311,-39911.3527941842,5973.079848748303,-33938.27294543589,268.0083492882702,27.29701803176214,0.9797501058725049
5185000,10370.000001195147,-40035.41240766164,6037.503479279219,-33997.90892838242,270.89899721379,27.20941608298586,0.9829044557610297
5190000,10380.000001197184,-39722.7092907356,5531.7035589006355,-34191.005731834965,248.20407178780394,27.182803953266856,0.9838667251767631
5195000,10390.000001199222,-40133.53334268715,5809.632962107876,-34323.900380579274,260.67458992223936,27.67549497543847,0.9663515080889321
5200000,10400.000001201259,-40301.00232220261,5664.5359591766755,-34636.46636302593,254.1641783377675,27.732231653840373,0.9643744737333129
5205000,10410.000001203296,-40553.317381135465,6122.7032636099975,-34430.61411752547,274.7218581392125,27.502350792372628,0.9724352841154129
5210000,10420.000001205333,-40350.457644278664,5657.332935839461,-34693.1247084392,253.8409831949977,27.47502192405982,0.9734025465218189
5215000,10430.00000120737,-40119.3307925837,5913.7083844181925,-34205.62240816551,265.34438889382227,27.62093664608898,0.9682602965026358
5220000,10440.000001209408,-39962.458693334076,5808.09556041285,-34154.36313292122,260.60560767172365,27.516867335415437,0.971922275185794
5225000,10450.000001211445,-39769.71991503005,5903.550128598143,-33866.16978643191,264.88859432168874,27.362449341891278,0.9774072478839748
5230000,10460.000001213482,-40147.643827678636,5754.0475923033555,-34393.596235375284,258.18050921628503,27.413579512280258,0.9755842462908649
5235000,10470.00000121552,-39963.66330617819,5849.240985721981,-34114.42232045621,262.45177711815666,27.119801577357336,0.9861523592027954
5240000,10480.000001217557,-39799.684504189936,5908.165277365403,-33891.51922682453,265.09567315441063,27.533275877977434,0.9713430550417758
5245000,10490.000001219594,-39988.16129029841,5814.7677782057535,-34173.39351209266,260.9049859023935,27.33546159951916,0.9783722220770206
5250000,10500.000001221631,-40026.73971126106,5770.862212467893,-34255.87749879317,258.9349706847939,27.512551108323663,0.9720747524038731
5255000,10510.000001223669,-39948.13848793476,5780.395344966768,-34167.74314296799,259.36271636529153,27.205549286291603,0.9830441585716702
5260000,10520.000001225706,-40097.59724124077,5744.838786876571,-34352.7584543642,257.7673158882457,27.392431178488415,0.9763374463682213
5265000,10530.000001227743,-39753.09526306011,5736.171899754853,-34016.92336330526,257.3784380949166,27.441060589458417,0.974607239375308
5270000,10540.00000122978,-40326.8449374487,5625.706920607041,-34701.138016841665,252.42194371258014,27.264478719597317,0.9809194073239051
5275000,10550.000001231818,-40305.37625410189,5737.17385164321,-34568.20240245868,257.4233950481911,27.600318671520487,0.9689836057660742
5280000,10560.000001233855,-39967.145885646416,5715.053678160735,-34252.09220748568,256.4308767274707,27.628293016869243,0.9680024853614069
5285000,10570.000001235892,-40186.90176923295,5581.200687076103,-34605.70108215685,250.42497690756338,27.48923073541814,0.9728994079184742
5290000,10580.00000123793,-40020.23086219424,5691.742204192509,-34328.488658001734,255.3849055005818,27.316194429080756,0.9790623059173557
5295000,10590.000001239967,-39730.964187052225,5866.875145814196,-33864.089041238025,263.2430108295878,27.391568638281747,0.9763681905112053
5300000,10600.000001242004,-39897.05609735352,5883.8979215243635,-34013.15817582916,264.0068121069711,27.56422008299723,0.9702526037774457
5305000,10610.000001244041,-39571.50768379231,5734.324142811582,-33837.18354098073,257.29553039892187,27.59221376200189,0.9692682340498895
5310000,10620.000001246079,-39962.222100086576,5826.707674493882,-34135.51442559269,261.4407215657171,27.717367174895323,0.9648916557574747
5315000,10630.000001248116,-39588.832956970975,5764.878503335289,-33823.954453635684,258.6664854062007,27.19177211122104,0.9835422346595154
5320000,10640.000001250153,-39768.866239523326,5767.066273598997,-34001.79996592433,258.76464928678587,27.270649974346,0.980697428619466
5325000,10650.00000125219,-40235.339972781876,5879.179436280179,-34356.160536501695,263.79509663129403,27.507752258498005,0.9722443351713876
5330000,10660.000001254228,-40160.774809341834,5853.073437837955,-34307.70137150388,262.623736842677,27.521357480040482,0.9717637048251914
5335000,10670.000001256265,-40260.44293269041,5815.2480795968195,-34445.194853093584,260.9265367247899,27.28360547274787,0.9802317488183897
5340000,10680.000001258302,-40419.89198595615,5760.541147985549,-34659.3508379706,258.4718709900207,27.224275351110506,0.9823679771712163
5345000,10690.00000126034,-40055.90777218246,5899.6383306335065,-34156.26944154895,264.71307439866763,27.292290544076575,0.979919815210494
5350000,10700.000001262377,-40386.10266152375,5853.902662646713,-34532.19999887704,262.66094364014356,27.40539090476439,0.9758757464748725
5355000,10710.000001264414,-40282.17836736676,5920.216716503976,-34361.96165086278,265.6364136755262,27.771820039367,0.9629997698642803
5360000,10720.000001266451,-39903.250163911405,5619.606011989905,-34283.6441519215,252.14819976656878,27.53141546964151,0.9714086925938527
5365000,10730.000001268489,-39932.24595078762,5809.557730605022,-34122.688220182594,260.67121433185633,27.528850355688157,0.9714992075975519
5370000,10740.000001270526,-40259.97172713812,5822.612117608097,-34437.35960953002,261.2569564950718,27.403252211124272,0.975951908940424
5375000,10750.000001272563,-40017.10357912409,5705.059991997636,-34312.04358712645,255.98246629270338,27.69616830765701,0.9656301914957957
5380000,10760.0000012746,-39748.99422165395,5816.132977500821,-33932.86124415313,260.9662415391479,27.42632025010375,0.9751310442939007
5385000,10770.000001276638,-39989.9683598162,5749.543660923573,-34240.42469889263,257.9784206380358,27.528417591363713,0.9715144801862098
5390000,10780.000001278675,-39750.86868850577,5791.355270284682,-33959.51341822109,259.85448134536165,27.37597487932043,0.9769243442294728
5395000,10790.000001280712,-39721.19329724685,5734.451277704578,-33986.742019542275,257.30123486189103,27.596169684896893,0.9691292890280891
5400000,10800.00000128275,-40510.30610779778,5753.404031656382,-34756.9020761414,258.1516330533959,27.664092689919894,0.9667498083668427
5405000,10810.000001284787,-39953.43177594578,5854.060591302381,-34099.371184643394,262.6680297999443,27.34383185259958,0.9780727313856727
5410000,10820.000001286824,-40315.97698316223,5766.817753479617,-34549.15922968261,258.753498344785,27.518047483157883,0.9718805930177696
5415000,10830.000001288861,-39888.40156328756,5734.141782890115,-34154.25978039744,257.28734802353665,27.227851702789334,0.9822389440986575
5420000,10840.000001290899,-40059.43870726875,5720.880099314565,-34338.55860795419,256.69230459303384,27.39921428895056,0.9760957385339308
5425000,10850.000001292936,-40028.21588134983,6088.547818568281,-33939.66806278155,273.18932472652847,27.59819589260003,0.9690581373760604
5430000,10860.000001294973,-39922.71741766535,5870.319891954145,-34052.3975257112,263.3975744299519,27.7249038845437,0.9646293605920211
5435000,10870.00000129701,-40151.226938526044,5704.638101887025,-34446.58883663902,255.96353634785268,27.219306751526506,0.9825472981644827
5440000,10880.000001299048,-40083.11562504461,5911.8215484444945,-34171.29407660011,265.2597277462245,27.417302478658517,0.9754517727424212
5445000,10890.000001301085,-40533.83029020105,5839.759427031707,-34694.07086316934,262.0263455221279,27.266106806597207,0.9808608356273176
5450000,10900.000001303122,-40144.3389014387,5784.390734182344,-34359.948167256356,259.541986975353,27.662937216404316,0.9667901892487071
5455000,10910.00000130516,-39754.45055389959,5986.767287103292,-33767.683266796295,268.62249606889196,27.627678018821893,0.9680240333046658
5460000,10920.000001307197,-40029.64509176278,5747.722593632505,-34281.922498130276,257.8967104900081,27.59352007268404,0.9692223477169869
5465000,10930.000001309234,-40711.652791034605,5846.960340845504,-34864.692450189104,262.3494460119041,27.47229092008838,0.973499311885439
5470000,10940.000001311271,-40103.58750618673,5523.520265642044,-34580.06724054468,247.83689254802923,27.999952173144063,0.9551536424506529
5475000,10950.000001313309,-40567.86504132822,5749.032233641447,-34818.83280768678,257.95547321641504,27.708755090874185,0.9651915511509497
5480000,10960.000001315346,-40521.12944557032,5903.354589567623,-34617.774856002696,264.87982060794013,27.532115714032688,0.971383986047665
5485000,10970.000001317383,-40733.74287084672,5906.039481109036,-34827.70338973768,265.0002900086937,27.58411594973366,0.9695527801347159
5490000,10980.00000131942,-40342.1556023088,5792.022666013516,-34550.13293629528,259.8844269734356,27.48047114867661,0.9732095262096905
5495000,10990.000001321458,-40284.02299367991,5718.5577163392845,-34565.46527734063,256.5881007244466,27.5174754217867,0.9719007974637135
5500000,11000.000001323495,-39998.824151663124,5727.478140760322,-34271.3460109028,256.98835457749595,27.648063905783374,0.9673102752423944
