#"Step","Time (ps)","Potential Energy (kJ/mole)","Kinetic Energy (kJ/mole)","Total Energy (kJ/mole)","Temperature (K)","Box Volume (nm^3)","Density (g/mL)"
505000,1009.9999999899404,-36552.78824479421,6452.232245340951,-30100.55599945326,289.5076170228585,27.094540093727154,0.9870717943211881
510000,1019.999999989704,-36101.85555167416,6270.414578816919,-29831.440972857243,281.3495722770207,27.51873514136747,0.9718563069571972
515000,1029.9999999894676,-36066.645466194226,6443.3005503164095,-29623.344915877817,289.1068574648936,26.81452911289853,0.9973793011251465
520000,1039.9999999892311,-36596.11313159893,6475.510536229054,-30120.602595369877,290.5520993457393,27.13459907152665,0.9856145740766216
525000,1049.9999999889947,-36547.34047509413,6700.703664971269,-29846.636810122865,300.656373896482,27.571697476054382,0.969989473076499
530000,1059.9999999887582,-36661.82709075845,6476.369689037879,-30185.457401720574,290.590648993812,27.310735975862347,0.9792579859532025
535000,1069.9999999885217,-36308.84625531966,6635.9503526229,-29672.895902696757,297.7509333544355,27.075302364011154,0.9877731353490422
540000,1079.9999999882853,-36341.47583911871,6559.236967919014,-29782.238871199697,294.30885186156667,27.158928580605288,0.9847316409131551
545000,1089.9999999880488,-36254.3193363681,6447.064367291885,-29807.254969076213,289.27573757367566,27.290455765127998,0.9799856967136726
550000,1099.9999999878123,-36487.191489537254,6742.106048488161,-29745.085441049094,302.51407289665315,27.540474036354333,0.9710891784694531
555000,1109.9999999875758,-36525.052253179616,6809.350241245533,-29715.70201193408,305.53127768153513,27.234822774538472,0.9819875285410533
560000,1119.9999999873394,-35806.426566968046,6598.508572578496,-29207.91799438955,296.0709441498348,27.693675051717666,0.9657171269857827
565000,1129.999999987103,-36173.20115621758,6643.142450768717,-29530.058705448864,298.07363829071454,27.173423173455117,0.9842063745854543
570000,1139.9999999868664,-36310.01772266642,6708.3380329312695,-29601.679689735145,300.9989232021384,27.434970353683074,0.9748235905431654
575000,1149.99999998663,-37012.914171392404,6548.656712935768,-30464.257458456636,293.83412245146127,27.172808373053112,0.9842286428201705
580000,1159.9999999863935,-36824.455547888414,6490.099456127716,-30334.3560917607,291.2066950382375,26.858727055876066,0.9957380426475426
585000,1169.999999986157,-36272.04107857733,6509.360029654912,-29762.681048922415,292.0709049011697,27.517845099172057,0.9718877408546536
590000,1179.9999999859206,-36373.65031266371,6470.8131002190175,-29902.837212444694,290.34132833600614,27.038356345714554,0.9891228580860635
595000,1189.999999985684,-35894.858443182326,6602.970837474521,-29291.887605707805,296.2711631790717,27.389519974076713,0.9764412202891908
600000,1199.9999999854476,-36925.429915394554,6388.916348705875,-30536.513566688678,286.66667242299195,27.241340695204727,0.9817525725277684
605000,1209.9999999852112,-36464.71378203998,6583.402124649936,-29881.311657390044,295.39312729898677,27.469848625575768,0.973585863946932
610000,1219.9999999849747,-36448.127192305896,6363.277280923958,-30084.849911381938,285.5162635204621,26.941176599487157,0.9926907315225321
615000,1229.9999999847382,-35878.142869161165,6603.007378388051,-29275.135490773115,296.2728027469604,27.589666093010027,0.9693577376566517
620000,1239.9999999845018,-36259.75576334946,6511.338196448149,-29748.41756690131,292.15966400540015,27.481174290608138,0.9731846253659779
625000,1249.9999999842653,-36422.46066370714,6571.441245800988,-29851.01941790615,294.8564501613096,27.16532018205104,0.9844999479996328
630000,1259.9999999840288,-36102.83391813305,6468.571759604094,-29634.26215852896,290.24076078733617,26.847754896268672,0.9961449815805482
635000,1269.9999999837923,-36650.94378749785,6742.120323820025,-29908.82346367782,302.5147134218471,27.25776438189619,0.9811610347760354
640000,1279.9999999835559,-36422.744021343075,6649.234784515511,-29773.509236827565,298.3469974876678,27.505045395916774,0.9723400169553225
645000,1289.9999999833194,-35652.73602661903,6636.412309705079,-29016.32371691395,297.77166107918924,27.119838034738258,0.9861510335115371
650000,1299.999999983083,-36177.439122144846,6457.570865757951,-29719.868256386893,289.7471575750808,27.477229524990022,0.9733243405161802
655000,1309.9999999828465,-36563.07942795925,6713.636684637633,-29849.44274332162,301.2366703833642,27.208428623922547,0.9829401277186658
660000,1319.99999998261,-36432.36086879377,6360.84850557901,-30071.51236321476,285.40728589292746,27.22429808283171,0.9823671569144401
665000,1329.9999999823735,-36039.24883429974,6621.911983975783,-29417.336850323954,297.12104055154555,27.425755061683592,0.975151139739701
670000,1339.999999982137,-36514.79787948731,6659.576023478447,-29855.221856008866,298.81100239874104,26.89507381168139,0.9943923743762602
675000,1349.9999999819006,-36532.407107202176,6789.183544999636,-29743.22356220254,304.62641066011173,27.050981577475955,0.988661214752047
680000,1359.9999999816641,-36199.68719360574,6481.7109963091625,-29717.97619729658,290.83031010350203,27.528909810203576,0.9714971094391063
685000,1369.9999999814277,-36211.92232600041,6462.404929350155,-29749.51739665025,289.96405897879674,27.49362151413186,0.9727440342072049
690000,1379.9999999811912,-36028.8149151675,6589.730007038751,-29439.084908128752,295.67705541588145,27.45921787291274,0.973962784752315
695000,1389.9999999809547,-36407.22959758602,6598.528355191008,-29808.70124239501,296.0718317832599,27.10990114021086,0.9865124984522395
700000,1399.9999999807183,-36743.04738473448,6553.806936393577,-30189.240448340897,294.06520975019924,27.137330593121664,0.9855153665482977
705000,1409.9999999804818,-36331.00179262879,6347.616957171623,-29983.384835457167,284.8135946085334,27.41830896811981,0.9754159652121169
710000,1419.9999999802453,-36321.1467526864,6584.924767401761,-29736.22198528464,295.461447324971,27.500939217097713,0.9724851975235578
715000,1429.9999999800089,-36378.327694469845,6541.197696390605,-29837.12999807924,293.49944105389017,27.114004397978693,0.9863632060418331
720000,1439.9999999797724,-36254.466198692106,6660.020682746923,-29594.445515945183,298.830953981435,27.444729783246054,0.9744769403030874
725000,1449.999999979536,-36249.67122287947,6474.960565853265,-29774.710657026208,290.5274225196621,27.617605823906803,0.9683770735648571
730000,1459.9999999792994,-36521.571010143045,6505.1947248497845,-30016.37628529326,291.88401028509674,26.797339751673587,0.9980190778061228
735000,1469.999999979063,-36393.439531147495,6532.62176060335,-29860.817770544145,293.11464418993626,27.517617614362113,0.9718957753328237
740000,1479.9999999788265,-36398.39192757929,6547.6920366733375,-29850.699890905948,293.79083803216025,27.13886768295395,0.985459548978192
745000,1489.99999997859,-36098.05712565531,6712.574281584828,-29385.48284407048,301.18900102422765,27.012747792200923,0.990060563714447
750000,1499.9999999783536,-36187.983806534874,6491.555768382763,-29696.42803815211,291.27203885640284,27.1563803736211,0.984824042772696
755000,1509.999999978117,-36488.86386304323,6366.811517679731,-30122.052345363503,285.67484250867153,26.844894193117234,0.9962511349171045
760000,1519.9999999778806,-36392.84856826453,6375.887427932201,-30016.961140332332,286.08207291352915,27.45759247411477,0.9740204401327384
765000,1529.9999999776442,-36467.623793892075,6546.607619450299,-29921.016174441775,293.7421809110024,27.21866314684018,0.9825705311955183
770000,1539.9999999774077,-36623.421613511564,6696.33638412773,-29927.085229383832,300.4604167421506,27.383179639954864,0.9766673066556528
775000,1549.9999999771712,-36336.25117445619,6724.279208450436,-29611.971966005756,301.71419375682586,26.87074836464114,0.9952925740548053
780000,1559.9999999769348,-36744.410328954895,6542.642223209091,-30201.768105745803,293.5642560669033,27.367846715804035,0.9772144876556436
785000,1569.9999999766983,-36172.411082530554,6590.338671360779,-29582.072411169775,295.70436580254096,27.369881342290793,0.9771418433334065
790000,1579.9999999764618,-35769.609383931245,6368.9962400446075,-29400.613143886636,285.7728696319464,27.715364916091612,0.9649613630414385
795000,1589.9999999762254,-35898.21412723589,6667.623911983095,-29230.5902152528,299.1721061120689,27.23397756337175,0.9820180046924998
800000,1599.9999999759889,-36031.90390770661,6547.604031117166,-29484.299876589444,293.78688927801085,27.25009304287359,0.9814372473717755
805000,1609.9999999757524,-36614.49739215129,6586.563050488154,-30027.93434166313,295.5349560602917,26.89068620861951,0.994554623825481
810000,1619.999999975516,-36430.66289256528,6779.747022409372,-29650.915870155906,304.2029998056649,27.524379947427352,0.9716569949152427
815000,1629.9999999752795,-36337.243810144064,6580.430817900173,-29756.81299224389,295.2598066273403,27.26271722932786,0.9809827861858357
820000,1639.999999975043,-36803.375688787215,6590.492643679191,-30212.883045108025,295.7112744439686,27.363977345195256,0.9773526695057931
825000,1649.9999999748065,-36038.465935210406,6594.375929129485,-29444.09000608092,295.8855150283409,27.210562536986064,0.9828630433593718
830000,1659.99999997457,-36014.97154363264,6490.226879128262,-29524.744664504375,291.2124124284119,27.429837940614156,0.9750059903570768
835000,1669.9999999743336,-36455.46161028729,6532.584290338418,-29922.87731994887,293.1129629226326,27.13325155922152,0.9856635224219308
840000,1679.9999999740971,-36094.87943206078,6828.417975942397,-29266.46145611838,306.3868349870086,27.361809124331245,0.9774301174713091
845000,1689.9999999738607,-36235.4046027086,6671.23679168478,-29564.16781102382,299.3342137599733,27.07098942836674,0.9879305068398521
850000,1699.9999999736242,-36176.95726186861,6579.968294244304,-29596.988967624304,295.2390534807802,27.087459973082137,0.987329795159806
855000,1709.9999999733877,-36711.36782253244,6448.694409274585,-30262.673413257857,289.34887653583866,27.729189831422744,0.9644802631887938
860000,1719.9999999731513,-36917.50680947345,6570.264490503273,-30347.24231897018,294.80364988861226,27.054046162165772,0.9885492227784999
865000,1729.9999999729148,-36473.853116469414,6432.754708483012,-30041.098407986403,288.6336721512541,27.311857606646644,0.9792177702374267
870000,1739.9999999726783,-36461.61892944155,6610.863509437944,-29850.75542000361,296.62530242347407,27.254596348385416,0.9812750834670491
875000,1749.9999999724419,-36152.928870981996,6900.889735572272,-29252.039135409723,309.6385974211722,27.168457021931317,0.9843862787288119
880000,1759.9999999722054,-36331.5166501461,6664.227966360786,-29667.288683785315,299.01973216034645,27.58056303297561,0.9696776775240923
885000,1769.999999971969,-36678.02106988406,6460.540223305714,-30217.480846578346,289.8803907872551,27.537827406548104,0.97118250876477
890000,1779.9999999717324,-36228.62374832183,6566.5759789393705,-29662.047769382458,294.6381486864512,27.25157574718745,0.9813838493131107
895000,1789.999999971496,-36274.05387833879,6629.120760225542,-29644.933118113247,297.44449382389564,26.664037257804598,1.0030085109783797
900000,1799.9999999712595,-36400.83982869694,6558.122874005343,-29842.716954691597,294.25886316589947,27.260599759797614,0.9810589841116973
905000,1809.999999971023,-36299.64545570405,6385.144395914696,-29914.501059789352,286.4974272652583,27.190982934123824,0.9835707804832401
910000,1819.9999999707866,-36849.977617144796,6468.963904609405,-30381.01371253539,290.2583560879544,27.153445266828854,0.9849304957000761
915000,1829.99999997055,-36669.91359441095,6600.999754321507,-30068.913840089444,296.1827219133384,27.461156196234793,0.9738940383831889
920000,1839.9999999703136,-36322.48619635067,6634.399693072867,-29688.086503277802,297.68135623227477,27.35444199709597,0.9776933599837965
925000,1849.9999999700772,-36759.5797311186,6563.444159964689,-30196.135571153914,294.49762593187086,26.955762165113363,0.9921535938329183
930000,1859.9999999698407,-36972.48471556912,6465.0068288581715,-30507.477886710945,290.0808045790257,26.879284616367894,0.9949764916859788
935000,1869.9999999696042,-36522.05078412885,6869.525855832466,-29652.524928296385,308.23131979401927,27.471575487436567,0.9735246643882307
940000,1879.9999999693678,-36541.073030929925,6505.343789638579,-30035.729241291345,291.8906987287462,27.422901427493322,0.9752526142186289
945000,1889.9999999691313,-36299.34865442369,6463.519558394713,-29835.829096028974,290.01407168545154,27.29873109076526,0.9796886242697853
950000,1899.9999999688948,-35719.6830205158,6572.206788639746,-29147.47623187605,294.8907995886939,26.88081227857045,0.9949199462228794
955000,1909.9999999686584,-36144.243807580264,6807.471981676217,-29336.77182590405,305.4470013518268,27.38894734227439,0.9764616351408041
960000,1919.999999968422,-36384.28562386067,6590.712700313512,-29793.57292354716,295.7211482472339,27.19161655646612,0.9835478611977887
965000,1929.9999999681854,-36557.880901906436,6616.286590745587,-29941.59431116085,296.86863268292507,27.40446626194611,0.9759086730968284
970000,1939.999999967949,-36214.71535868,6416.934275345249,-29797.781083334747,287.92381923154704,27.35927816529145,0.9775205378243844
975000,1949.9999999677125,-36639.24144469875,6388.6940664296,-30250.547378269155,286.6566987565671,27.12493807622551,0.9859656170077475
980000,1959.999999967476,-36088.05774363596,6710.114682697306,-29377.943060938655,301.07864036365584,27.060421296314683,0.988316331581463
985000,1969.9999999672395,-36475.07710142128,6495.245315930899,-29979.83178549038,291.4375865425273,27.262984468246223,0.9809731703354866
990000,1979.999999967003,-36131.16140793724,6540.270164252146,-29590.89124368509,293.4578232681523,27.442089237192093,0.9745707068970648
995000,1989.9999999667666,-36877.1480645179,6792.75048063639,-30084.397583881513,304.7864568266174,27.01235508800805,0.9900749571626786
1000000,1999.9999999665301,-36801.35023950028,6552.577711683521,-30248.77252781676,294.0100552078544,27.354290593143944,0.9776987714434016
1005000,2009.9999999662937,-36818.57716807665,6752.192472729559,-30066.38469534709,302.9666444308718,27.579009552540626,0.9697322978793813
1010000,2019.9999999660572,-36548.77028471871,6534.566073406451,-30014.20421131226,293.2018842868468,27.062827566329815,0.9882284562126268
1015000,2029.9999999658207,-36334.8319259034,6569.800672891273,-29765.03125301213,294.7828386830515,27.096638567306513,0.9869953514784283
1020000,2039.9999999655843,-36718.377216098495,6664.317047463181,-30054.060168635315,299.0237291735808,27.120944865637842,0.986110787773752
1025000,2049.999999965348,-36640.9674178984,6541.848835690554,-30099.118582207844,293.5286572661885,26.63904556123392,1.0039494938040052
1030000,2059.9999999651113,-36372.536015582074,6698.869184783231,-29673.666830798844,300.5740619201737,26.551645450655688,1.0072541965930095
1035000,2069.999999964875,-36306.86413981174,6527.294391466697,-29779.569748345042,292.8756084756116,27.51522523081236,0.9719802793645179
1040000,2079.9999999646384,-36444.74674011965,6574.3962462382315,-29870.350493881415,294.989039178933,27.138047755545248,0.9854893228698756
1045000,2089.999999964402,-36286.248102342,6468.210586346563,-29818.037515995435,290.2245551696299,26.944750514797256,0.9925590623648743
1050000,2099.9999999641655,-36660.89543866608,6689.998409010866,-29970.89702965521,300.1760357708738,26.9941219259922,0.9907437026455386
1055000,2109.999999963929,-36268.64626582889,6641.725810184524,-29626.920455644366,298.0100745155569,27.184737591942042,0.9837967431603983
1060000,2119.9999999636925,-36016.7367565515,6675.32635530451,-29341.41040124699,299.51770991652694,27.34381650906358,0.97807328021521
1065000,2129.999999963456,-36558.6672936093,6521.6507582306185,-30037.016535378683,292.62238218935886,27.065553638723852,0.9881289207532955
1070000,2139.9999999632196,-36106.13347770437,6678.570376601658,-29427.563101102707,299.6632671189954,27.47381855840161,0.9734451819928803
1075000,2149.999999962983,-36159.99266523985,6452.349913835863,-29707.642751403986,289.5128967344785,27.294051217360607,0.9798566029513318
1080000,2159.9999999627466,-36324.56256458968,6613.61827023157,-29710.94429435811,296.74890681378514,27.06406600082133,0.9881832355053747
1085000,2169.99999996251,-36569.317132168864,6498.633873144936,-30070.68325902393,291.58962898100117,27.143660375097188,0.9852855487080516
1090000,2179.9999999622737,-36682.965691844205,6478.327313054984,-30204.63837878922,290.6784863565523,27.413453248002003,0.9755887397576172
1095000,2189.9999999620372,-35966.12998650705,6439.247998796865,-29526.88198771018,288.9250220180786,27.425261176687986,0.9751687006487209
1100000,2199.9999999618008,-36959.32451918687,6699.058162775487,-30260.266356411383,300.58254124424747,27.38668565267075,0.9765422748047838
1105000,2209.9999999615643,-36564.45795985552,6656.882128241563,-29907.575831613958,298.69012900781456,26.82984618619849,0.9968099004749461
1110000,2219.999999961328,-36438.6436366938,6470.482035547405,-29968.161601146396,290.32647367168,27.260137258407855,0.9810756289707928
1115000,2229.9999999610914,-36402.85366087355,6613.064729504085,-29789.78893136947,296.72406978826507,27.00959559470246,0.9901761102957101
1120000,2239.999999960855,-36415.66541104884,6394.690187540138,-30020.9752235087,286.9257409528311,27.390224890791128,0.9764160905306885
1125000,2249.9999999606184,-36502.79644765954,6813.0689510816155,-29689.72749657792,305.69813386124275,27.498010039663228,0.9725887898086668
1130000,2259.999999960382,-36025.92335085645,6635.531028420652,-29390.3923224358,297.73211854028494,27.07822628888148,0.9876664749494326
1135000,2269.9999999601455,-36444.57761709874,6594.055319603958,-29850.52229749478,295.871129479867,27.467492627742036,0.9736693723405629
1140000,2279.999999959909,-36362.05599229464,6489.614151791174,-29872.441840503467,291.1849197368131,27.27833117777791,0.9804212776920034
1145000,2289.9999999596726,-36595.51171336654,6653.058792622251,-29942.45292074429,298.5185783347859,27.233783269639478,0.9820250106946184
1150000,2299.999999959436,-36417.15037181885,6558.735647629465,-29858.41472418938,294.28635793436854,27.090508076770515,0.9872187051949466
1155000,2309.9999999591996,-36063.3514250328,6615.775892878066,-29447.575532154733,296.8457179896805,27.211252286688737,0.9828381297874133
1160000,2319.999999958963,-36410.63910379445,6397.560739894543,-30013.078363899906,287.0545408379039,27.201026709860468,0.9832076043264846
1165000,2329.9999999587267,-36524.68846609151,6650.283361088334,-29874.405105003178,298.394046461313,27.137980830239385,0.9854917531971268
1170000,2339.99999995849,-36329.921136863544,6541.007581193146,-29788.9135556704,293.4909107041316,27.00707518743193,0.9902685174538408
1175000,2349.9999999582537,-35962.991935101185,6578.492084968058,-29384.49985013313,295.1728168957439,27.444383164349237,0.974489247816796
1180000,2359.9999999580173,-36260.79771446032,6780.8371136066935,-29479.96060085363,304.25191151449275,26.992095565654576,0.9908180801142649
1185000,2369.999999957781,-36340.977204353934,6620.662494460061,-29720.31470989387,297.0649767400711,27.211600763097636,0.9828255433943899
1190000,2379.9999999575443,-36744.36444767894,6466.613028719318,-30277.751418959622,290.1528737601372,26.96728895596536,0.9917295116425341
1195000,2389.999999957308,-36046.9859967576,6894.51929659689,-29152.46670016071,309.3527598169099,27.16129358789256,0.9846458976660881
1200000,2399.9999999570714,-36598.04728437863,6815.526305819418,-29782.52097855921,305.80839382822313,27.476937786604616,0.9733346748581577
1205000,2409.999999956835,-36230.90142923246,6672.481787609758,-29558.4196416227,299.3900759468472,27.38402633283129,0.9766371088592758
1210000,2419.9999999565985,-36452.84455104122,6528.758386792913,-29924.086164248307,292.94129702836506,27.16507779790395,0.9845087323359775
1215000,2429.999999956362,-36515.53354160109,6365.818278652255,-30149.715262948837,285.63027649600417,27.737010866876947,0.9642083076284241
1220000,2439.9999999561255,-36492.79681409217,6787.330740988274,-29705.4660731039,304.543276505335,27.521689127682084,0.9717519946739936
1225000,2449.999999955889,-36200.32605515478,6719.489193722432,-29480.836861432348,301.4992687980396,27.114480818145413,0.9863458749586301
1230000,2459.9999999556526,-35672.46094766062,6498.857653212592,-29173.60329444803,291.59966985238657,27.083508481488984,0.9874738468578315
1235000,2469.999999955416,-36335.05884255923,6431.698423512613,-29903.360419046614,288.5862773066407,27.551644608055703,0.9706954589129316
1240000,2479.9999999551796,-36493.61225326228,6538.842724083359,-29954.769529178924,293.39377492240243,27.45401150995731,0.9741474864947418
1245000,2489.999999954943,-36307.6232621684,6595.950770313743,-29711.67249185466,295.95617716527397,27.249179782763576,0.9814701403797726
1250000,2499.9999999547067,-36414.204182458794,6574.603042747814,-29839.60113971098,294.9983180087118,27.528891164407643,0.9714977674509654
1255000,2509.9999999544702,-36442.97230283949,6421.527754825576,-30021.44454801391,288.129925776945,27.442932465368408,0.9745407616468295
1260000,2519.9999999542338,-36479.755235004755,6582.254760858556,-29897.5004741462,295.34164580475806,27.252372874350748,0.9813551440063282
1265000,2529.9999999539973,-36402.09425050407,6422.035513774375,-29980.058736729698,288.1527086027484,26.958867417078874,0.9920393128117733
1270000,2539.999999953761,-36437.821961432324,6569.057118833634,-29868.76484259869,294.749475878495,27.303701083924093,0.9795102951214606
1275000,2549.9999999535244,-36254.07039511756,6372.210791226282,-29881.85960389128,285.9171045288034,27.529970251795348,0.9714596878243457
1280000,2559.999999953288,-36118.03035392005,6678.221377570337,-29439.808976349712,299.6476077511891,27.586704028633857,0.9694618204067872
1285000,2569.9999999530514,-36380.538332421536,6580.119278349228,-29800.419054072307,295.24582804294147,27.39816152735934,0.9761332445578974
1290000,2579.999999952815,-36438.62103261029,6619.658546062996,-29818.962486547294,297.0199302047022,27.346895182894944,0.9779631701426473
1295000,2589.9999999525785,-36472.149236164885,6621.022049371934,-29851.12718679295,297.081109743622,27.428416899362023,0.9750565045277804
1300000,2599.999999952342,-36516.4815220397,6480.5270787619465,-30035.954443277755,290.77718846515836,27.56181228072701,0.9703373651276163
1305000,2609.9999999521056,-36476.98749276616,6799.68142180964,-29677.306070956518,305.0974438132129,26.691171892986933,1.001988837876753
1310000,2619.999999951869,-36398.266408580894,6660.5324603290555,-29737.733948251836,298.8539171207975,27.519253609937987,0.9718379969783961
1315000,2629.9999999516326,-36588.193238600084,6612.546097535225,-29975.64714106486,296.7007990968659,26.96282168802653,0.9918938238759722
1320000,2639.999999951396,-36409.67725568101,6872.340373398816,-29537.336882282194,308.357605433271,27.035261903133648,0.9892360725946107
1325000,2649.9999999511597,-36294.79115569949,6493.97776156006,-29800.813394139426,291.38071217232556,26.866698310792852,0.9954426106716269
1330000,2659.999999950923,-36052.53335172346,6664.440432552767,-29388.092919170696,299.02926538522104,27.470270749994928,0.9735709032510198
1335000,2669.9999999506867,-36300.55090914083,6666.070826519292,-29634.48008262154,299.1024201406777,26.778456437278955,0.9987228490657618
1340000,2679.9999999504503,-36516.66201406244,6469.370514357246,-30047.2914997052,290.27660041250437,27.362387173020732,0.9774094686077837
1345000,2689.999999950214,-36592.154139047816,6607.093631559264,-29985.060507488553,296.45615036576385,27.191353131773393,0.9835573896236768
1350000,2699.9999999499773,-36362.03528923986,6770.864640251663,-29591.170648988194,303.80445288512874,27.289780961906885,0.9800099291362675
1355000,2709.999999949741,-36333.59662308293,6671.3823114955285,-29662.2143115874,299.34074314267957,27.307399405118414,0.9793776371692783
1360000,2719.9999999495044,-36354.69022868699,6632.371420542859,-29722.31880814413,297.5903489150382,27.742832114722923,0.9640059888633231
1365000,2729.999999949268,-36231.48591770916,6652.816530666543,-29578.669387042613,298.5077081926668,27.03707892518806,0.9891695911612466
1370000,2739.9999999490315,-36671.62987419663,6667.2838385687755,-30004.346035627856,299.1568472311036,27.567761172092048,0.9701279744724759
1375000,2749.999999948795,-36438.60785375799,6716.8114166588175,-29721.796437099172,301.379118619446,27.419461955226524,0.9753749490159054
1380000,2759.9999999485585,-36267.81331832208,6322.901632653933,-29944.911685668143,283.7046334873292,27.169357363808395,0.9843536580017888
1385000,2769.999999948322,-35943.13857188114,6669.122012616081,-29274.016559265063,299.23932494856217,27.206571029516383,0.9830072403320437
1390000,2779.9999999480856,-36361.18462811314,6470.921081309247,-29890.26354680389,290.3461733798494,27.374756598107904,0.9769678210936548
1395000,2789.999999947849,-36495.68103056688,6625.412687619917,-29870.26834294696,297.278114930052,27.327394111466983,0.9786610533567247
1400000,2799.9999999476127,-36445.11134803368,6762.158636413423,-29682.952711620255,303.41381994924507,27.25987561440875,0.9810850454683081
1405000,2809.999999947376,-35737.992073909234,6658.966903253534,-29079.0251706557,298.78367155600483,27.141391013412115,0.9853679309732785
1410000,2819.9999999471397,-36162.67389230023,6687.853295827988,-29474.820596472237,300.0797858867709,27.465645716114267,0.9737348461802813
1415000,2829.9999999469032,-36418.08770731489,6439.6896534122425,-29978.398053902645,288.94483878387115,27.381998021815342,0.976709452879055
1420000,2839.999999946667,-36570.9595077177,6535.3989169676115,-30035.560590750087,293.2392534554657,26.931670448825173,0.9930411244798697
1425000,2849.9999999464303,-36421.97368661096,6746.734445863454,-29675.239240747505,302.72174618611416,27.36709602899255,0.977241292912113
1430000,2859.999999946194,-35972.54944566637,6417.1505842489105,-29555.398861417463,287.9335248764864,27.814473928533054,0.961522996096915
1435000,2869.9999999459574,-36124.60627774808,6682.940930207242,-29441.665347540835,299.8593711201086,27.22694347773091,0.9822717092168984
1440000,2879.999999945721,-36505.7307970885,6627.701344674249,-29878.029452414252,297.38080553770345,27.225657439519413,0.9823181080579526
1445000,2889.9999999454844,-36692.35988730216,6717.526056029139,-29974.833831273023,301.4111840401044,27.553448034831085,0.9706319250067892
1450000,2899.999999945248,-36526.64349914773,6583.21715639418,-29943.426342753548,295.38482788927666,27.30618963899911,0.9794210272540581
1455000,2909.9999999450115,-36536.871862150074,6549.036946630806,-29987.83491551927,293.8511832990527,27.37354800465867,0.9770109560540367
1460000,2919.999999944775,-36578.024672530315,6655.1488210135485,-29922.875851516765,298.6123565988141,27.082679760375754,0.9875040632334964
1465000,2929.9999999445386,-36351.14052661092,6771.963532584851,-29579.17699402607,303.853759495407,27.13660912851685,0.9855415678489502
1470000,2939.999999944302,-36619.41521443974,6664.620621714716,-29954.794592725022,299.0373503599873,27.082047539403487,0.9875271161720921
1475000,2949.9999999440656,-36558.876063770396,6540.210852787246,-30018.66521098315,293.4551619998947,27.06116374476229,0.988289216194518
1480000,2959.999999943829,-36444.00334943058,6398.643961937752,-30045.35938749283,287.1031443320919,27.606835415241118,0.9687548719132699
1485000,2969.9999999435927,-36086.31013563534,6435.853303229649,-29650.456832405696,288.77270415554466,27.00251535662797,0.9904357410191437
1490000,2979.999999943356,-36263.60583350558,6802.22193205345,-29461.38390145213,305.21143491563157,26.877617394345457,0.9950382102041946
1495000,2989.9999999431197,-36389.53320968541,6561.7785059949165,-29827.754703690494,294.4228890821671,27.36236740170385,0.9774101748577965
1500000,2999.9999999428833,-36345.035007218605,6531.3465581674645,-29813.68844905114,293.05742665584927,26.848181117930125,0.9961291675271777
1505000,3009.999999942647,-36506.56829559247,6749.770762983271,-29756.7975326092,302.85798383232077,27.49507956873507,0.9726924499259784
1510000,3019.9999999424103,-36088.377750402775,6394.725689592948,-29693.65206080983,286.92733390769035,26.96119015355021,0.9919538475233441
1515000,3029.999999942174,-36281.23980626665,6589.939975775468,-29691.299830491178,295.68647658150365,27.22799615168834,0.982233733163073
1520000,3039.9999999419374,-36099.3304543424,6405.552572784097,-29693.777881558304,287.4131293709144,27.031518648945625,0.98937305942542
1525000,3049.999999941701,-36346.078806417136,6477.7124789931095,-29868.366327424024,290.6508991375327,27.100776127342993,0.9868446638190315
1530000,3059.9999999414645,-36739.061916923165,6731.298268800372,-30007.763648122793,302.0291345956521,27.311729785850194,0.9792223530447506
1535000,3069.999999941228,-36288.23384144508,6923.692762461473,-29364.541078983606,310.6617549462857,27.09120535572888,0.9871932959589453
1540000,3079.9999999409915,-36351.58025651006,6459.62168121362,-29891.95857529644,289.83917637926334,27.67722757404099,0.9662910143394056
1545000,3089.999999940755,-36497.39180970919,6684.9491866903845,-29812.442623018804,299.949480329867,27.52758995038343,0.9715436896156654
1550000,3099.9999999405186,-36545.53889523041,6606.727977179746,-29938.810918050665,296.4397436829224,27.264271576533805,0.9809268599584098
1555000,3109.999999940282,-36706.083351075125,6440.335866882926,-30265.7474841922,288.97383397729755,26.84759183149671,0.9961510318868579
1560000,3119.9999999400457,-36440.23271253208,6622.735633649372,-29817.49707888271,297.15799719619116,27.338132966792866,0.9782766196619348
1565000,3129.999999939809,-36557.83562701894,6380.418728439738,-30177.416898579202,286.2853895273877,27.112396884820235,0.986421688212903
1570000,3139.9999999395727,-36200.72982456682,6549.998062457264,-29650.731762109557,293.89430796382305,27.542910459217488,0.9710032767315053
1575000,3149.9999999393362,-36650.43289831469,6398.752017494345,-30251.680880820346,287.10799271719435,27.246872763492846,0.981553242413065
1580000,3159.9999999391,-35860.666458593725,6672.735902619554,-29187.93055597417,299.4014779280746,27.58231102314185,0.9696162255651428
1585000,3169.9999999388633,-36114.925286094425,6642.377452951922,-29472.547833142504,298.0393133181242,27.069561975839278,0.9879826031353224
1590000,3179.999999938627,-36326.68919980407,6589.6878303251015,-29737.001369478967,295.67516297317354,27.57420910043064,0.9699011206165458
1595000,3189.9999999383904,-36256.64520173521,6557.712714031691,-29698.93248770352,294.2404595449424,27.16750247307019,0.9844208658169038
1600000,3199.999999938154,-36071.34400248416,6777.845891608312,-29293.49811087585,304.11769725812235,27.591951897222387,0.9692774330080978
1605000,3209.9999999379174,-36154.9251384191,6454.332687903132,-29700.59245051597,289.60186256420735,27.54863491255216,0.9708015076433778
1610000,3219.999999937681,-36703.21382224575,6572.7637894391355,-30130.450032806613,294.91579186547176,27.17328382108714,0.9842114218771169
1615000,3229.9999999374445,-36637.91601313191,6652.1645876077655,-29985.75142552414,298.47845591621353,27.44308681576871,0.9745352804574253
1620000,3239.999999937208,-36381.9113029205,6649.400617410109,-29732.510685510388,298.35443830571546,27.293851795414298,0.9798637622527133
1625000,3249.9999999369716,-36136.4029902302,6722.871718816814,-29413.531271413383,301.65104057908513,27.558037250157277,0.9704702865393652
1630000,3259.999999936735,-36316.32483667966,6786.500685533201,-29529.82415114646,304.50603243728887,27.386580985038332,0.9765460070110025
1635000,3269.9999999364986,-36312.48074197193,6737.718619682149,-29574.76212228978,302.31721171587293,27.005520711982467,0.990325518691298
1640000,3279.999999936262,-35892.63215712045,6661.70855000892,-29230.923607111534,298.90668752763906,27.356407360228616,0.9776231196755776
1645000,3289.9999999360257,-36551.16451226912,6525.984613162074,-30025.179899107046,292.81683954396425,26.585782076124005,1.0059608639702553
1650000,3299.999999935789,-36573.920870551316,6545.7461914505275,-30028.17467910079,293.7035291765378,27.054688958040266,0.9885257357089156
1655000,3309.9999999355528,-36479.8630678746,6523.729865647454,-29956.133202227145,292.7156704361075,27.362571885985123,0.9774028705364793
1660000,3319.9999999353163,-36354.61559564891,6695.632962150596,-29658.982633498315,300.42885463889417,27.187272239102782,0.9837050245944506
1665000,3329.99999993508,-36367.15648848595,6426.840086405278,-29940.31640208067,288.3682867655138,27.557704723168982,0.9704819967875463
1670000,3339.9999999348433,-36685.277390863324,6584.106961141846,-30101.17042972148,295.4247528706346,26.757226917798445,0.9995152483022378
1675000,3349.999999934607,-36353.56937076719,6611.993542329332,-29741.575828437857,296.676006291082,27.2721192150178,0.9806445951547288
1680000,3359.9999999343704,-36196.83468802625,6477.681805264738,-29719.15288276151,290.64952282656486,27.12314669751441,0.9860307362151861
1685000,3369.999999934134,-36832.30306859588,6957.587060614786,-29874.716007981093,312.1825708617565,27.371625400924703,0.9770795820448105
1690000,3379.9999999338975,-36475.6496114783,6537.03537930975,-29938.61423216855,293.31268049513284,27.081912160435348,0.9875320526921282
1695000,3389.999999933661,-36363.666396430934,6852.263125148707,-29511.403271282226,307.4567518873587,27.626028679296013,0.9680818266385781
1700000,3399.9999999334245,-36428.68679879983,6444.689714002536,-29983.99708479729,289.16918836885566,27.45611760331663,0.9740727619622371
1705000,3409.999999933188,-35956.903871705894,6448.214786502966,-29508.68908520293,289.3273561626714,27.562779224034163,0.9703033242490368
1710000,3419.9999999329516,-36010.74670940137,6488.904966788921,-29521.84174261245,291.1530990502315,27.23709263435914,0.9819056925659237
1715000,3429.999999932715,-36398.46588344391,6627.368600887759,-29771.09728255615,297.3658755325451,27.086261537618658,0.9873734797059006
1720000,3439.9999999324787,-36354.84403253167,6669.07756815108,-29685.76646438059,299.23733075327243,27.27139475983442,0.980670645639725
1725000,3449.999999932242,-36261.49633737698,6579.67144681497,-29681.82489056201,295.2257341226701,27.743847037803935,0.9639707236772443
1730000,3459.9999999320057,-36437.960143078846,6442.263936714189,-29995.696206364657,289.0603452622417,27.436567302247035,0.974766850823656
1735000,3469.9999999317693,-36177.97105185337,6440.779281674502,-29737.191770178866,288.993729721093,26.931771394012955,0.9930374023807431
1740000,3479.999999931533,-36703.367765616946,6868.9307552458395,-29834.437010371104,308.20461800366644,27.24497327620963,0.981621675143127
1745000,3489.9999999312963,-36328.798157356796,6645.206532090878,-29683.59162526592,298.1662523260124,27.123274144519563,0.9860261030479789
1750000,3499.99999993106,-36898.739652394324,6641.839829736598,-30256.899822657724,298.0151905013987,27.285094344423523,0.9801782602994211
1755000,3509.9999999308234,-36556.31244171942,6526.993963202878,-30029.318478516543,292.86212844770233,27.619346642767542,0.9683160377592036
1760000,3519.999999930587,-36895.68889106279,6555.25234275795,-30340.43654830484,294.130064227885,27.316653834905896,0.9790458402503222
1765000,3529.9999999303504,-36128.42014112643,6584.567039790423,-29543.853101336004,295.4453963112499,27.31086912063268,0.9792532119169364
1770000,3539.999999930114,-36145.540890656135,6629.821243526838,-29515.7196471293,297.475924070609,27.224250615274833,0.9823688697464865
1775000,3549.9999999298775,-36277.286520697686,6559.779768377613,-29717.50675232007,294.3332069779532,27.152490775173753,0.9849651189671195
1780000,3559.999999929641,-36174.82680166476,6400.695668778513,-29774.13113288625,287.195203132165,27.39596214102875,0.976211609906187
1785000,3569.9999999294046,-35963.28433050579,6622.262143101451,-29341.02218740434,297.13675197205805,26.84510138232093,0.9962434458986729
1790000,3579.999999929168,-36497.3321486558,6286.801950357294,-30210.530198298504,282.084863367534,26.855183325221983,0.9958694372979695
1795000,3589.9999999289316,-36636.63679823357,6494.543582513788,-30142.093215719782,291.40610020390085,26.96209231346216,0.9919206564421277
1800000,3599.999999928695,-36193.92366867557,6451.6485727146,-29742.27509596097,289.48142799792095,27.31660211005546,0.9790476941045994
1805000,3609.9999999284587,-35982.68476492635,6504.829032289745,-29477.855732636606,291.86760188911927,27.92627108893656,0.9576737338633727
1810000,3619.999999928222,-36775.09759396,6532.120122765553,-30242.97747119445,293.0921360145472,27.57186658333826,0.9699835238135182
1815000,3629.9999999279858,-36700.56415333427,6687.283306147542,-30013.28084718673,300.0542108070405,27.126759901864702,0.9858993998315376
1820000,3639.9999999277493,-36680.6851587361,6795.956704241639,-29884.728454494463,304.93031807033935,27.154697652662396,0.9848850703001835
1825000,3649.999999927513,-36627.29443874213,6424.1706118072325,-30203.123826934898,288.24850911334676,27.0243680872472,0.9896348443848811
1830000,3659.9999999272763,-36931.43171697593,6347.414427665564,-30584.017289310366,284.8045072365284,27.145179358132438,0.9852304143501746
1835000,3669.99999992704,-36728.45055868474,6648.363059542542,-30080.087499142195,298.3078837344693,27.515844076656112,0.9719584190154618
1840000,3679.9999999268034,-36608.93053667885,6626.8328634676,-29982.097673211247,297.34183733026674,27.21083174669966,0.9828533194273408
1845000,3689.999999926567,-36246.57012136471,6512.854110661781,-29733.71601070293,292.22768212609276,27.164771815481025,0.9845198217855544
1850000,3699.9999999263305,-36646.13257912079,6859.975773830096,-29786.156805290695,307.8028135999226,27.002310199572975,0.9904432661115631
1855000,3709.999999926094,-36821.16912179836,6624.578678886919,-30196.59044291144,297.240693480903,27.362571226915673,0.9774028940787249
1860000,3719.9999999258575,-36150.77231068312,6569.450065877038,-29581.32224480608,294.7671071660597,27.566628881411965,0.9701678221763322
1865000,3729.999999925621,-36626.15141774265,6509.90614384759,-30116.24527389506,292.0954087027274,27.15898868249575,0.9847294617365329
1870000,3739.9999999253846,-36232.440884964184,6497.718192595795,-29734.72269236839,291.54854296864823,27.61481539597111,0.96847492634423
1875000,3749.999999925148,-36021.23058664503,6647.391481228522,-29373.83910541651,298.26428962443924,27.592171658401615,0.9692697130810722
1880000,3759.9999999249117,-35821.79716494513,6591.467887559024,-29230.329277386103,295.75503302563936,27.43104639940728,0.9749630370353101
1885000,3769.999999924675,-36014.54707465295,6686.822651590064,-29327.72442306289,300.0335415257538,27.142626717456704,0.9853230707926339
1890000,3779.9999999244387,-36666.51851410434,6496.260188264827,-30170.258325839513,291.4831232280968,27.29539695098349,0.9798082934880709
1895000,3789.9999999242023,-36238.2732388651,6507.726720102666,-29730.546518762432,291.9976193252091,27.866620001553585,0.9597237234056952
1900000,3799.999999923966,-36762.99321373833,6454.753685059988,-30308.239528678343,289.62075244278276,26.829573999357418,0.9968200131415866
1905000,3809.9999999237293,-36393.164990325924,6462.362573387949,-29930.802416937975,289.96215849331844,27.38134836744795,0.9767326264479103
1910000,3819.999999923493,-36884.489785545484,6530.74771538176,-30353.742070163724,293.0305569553691,27.36202365947704,0.9774224538161876
1915000,3829.9999999232564,-36250.370519335,6767.777110529016,-29482.593408805988,303.6659173615297,27.358726975361918,0.9775402317040317
1920000,3839.99999992302,-36308.978965621856,6706.879127443441,-29602.099838178416,300.9334630272434,27.152850142440858,0.9849520829793265
1925000,3849.9999999227834,-36304.52301045141,6377.564780344528,-29926.958230106884,286.15733466501854,26.8061061727657,0.9976926948753974
1930000,3859.999999922547,-36726.36341706774,6498.514939368704,-30227.848477699037,291.58429249700134,27.24420109912101,0.9816494970551913
1935000,3869.9999999223105,-36110.93220557327,6589.598365827029,-29521.333839746243,295.67114875721535,27.510670288710845,0.9721412101542753
1940000,3879.999999922074,-36421.17953285827,6489.0952472996605,-29932.084285558605,291.16163681749333,27.25799267664821,0.9811528172261307
1945000,3889.9999999218376,-35888.15752434705,6286.704394270367,-29601.453130076683,282.0804860870552,27.36669418886106,0.977255642280251
1950000,3899.999999921601,-36583.81164446456,6633.588566549909,-29950.22307791465,297.64496149354926,26.656157736948565,1.0033049988127865
1955000,3909.9999999213646,-36473.21623226875,6475.252277892971,-29997.96395437578,290.54051145605814,27.24717716651299,0.9815422765882531
1960000,3919.999999921128,-36444.20906855563,6637.717635022262,-29806.49143353337,297.8302302080811,27.756411433543857,0.9635343664888167
1965000,3929.9999999208917,-36418.643350825834,6598.791254634805,-29819.85209619103,296.0836279165353,27.75375772698108,0.9636264959041183
1970000,3939.9999999206552,-36164.86325613421,6540.598715723538,-29624.264540410673,293.4725651667597,27.15693252512052,0.9848040194482142
1975000,3949.9999999204188,-35984.99649030353,6401.712818729431,-29583.2836715741,287.2408420129814,27.160545408612037,0.9846730212620322
1980000,3959.9999999201823,-36860.68989907375,6596.178949657753,-30264.510949416,295.9664154294322,26.884984911464077,0.9947655315669738
1985000,3969.999999919946,-36428.13361188284,6362.7184138642115,-30065.41519801863,285.4911875057516,27.429245323001357,0.9750270556731535
1990000,3979.9999999197094,-36459.33757032957,6438.516395411222,-30020.821174918347,288.8921954326846,27.38632455462391,0.97655515084835
1995000,3989.999999919473,-36193.26723467461,6521.096391187346,-29672.170843487263,292.59750808756723,27.082389753146938,0.987514637755148
2000000,3999.9999999192364,-36498.69188605058,6457.1862610042335,-30041.50562504635,289.7299006008259,26.981843284711143,0.9911945608911331
2005000,4009.999999919,-36016.482784122294,6168.485805860282,-29847.99697826201,276.7760921165618,27.000772001317618,0.9904996903539472
2010000,4019.9999999187635,-36938.59816737559,6663.115500313514,-30275.482667062075,298.9698165060243,26.785027933141993,0.998477820272537
2015000,4029.999999918527,-36556.25627804442,6495.97616954662,-30060.2801084978,291.4703794862147,27.085752223970186,0.9873920460276032
2020000,4039.9999999182905,-36236.72001525336,6672.281085347015,-29564.438929906348,299.38107056210464,27.23490599413674,0.981984527957624
2025000,4049.999999918054,-36504.481861020424,6459.017833432799,-30045.464027587623,289.81208210778914,27.416484104122937,0.9754808897104639
2030000,4059.9999999178176,-36325.90142762954,6683.137484556085,-29642.763943073456,299.86819039055416,27.127414396151845,0.9858756133579922
2035000,4069.999999917581,-36323.277408400376,6479.428065560732,-29843.849342839643,290.7278764316075,27.161154149778117,0.9846509525752648
2040000,4079.9999999173447,-36665.1448245091,6749.199427870246,-29915.945396638854,302.8323483838738,27.46004739277805,0.9739333630449715
2045000,4089.999999917108,-36029.90904497997,6764.419226044172,-29265.4898189358,303.5152511891911,27.037197144220574,0.9891652660578925
2050000,4099.999999917781,-36385.430199821596,6593.231929629034,-29792.198270192563,295.8341844877377,27.345326497729943,0.9780192717334273
2055000,4109.999999919818,-36091.38521654532,6556.176853773971,-29535.20836277135,294.1715464577525,27.107352496821512,0.9866052507251878
2060000,4119.999999921855,-36234.825863077014,6591.02590701189,-29643.799956065122,295.7352016354932,27.384227286654525,0.9766299419978969
2065000,4129.999999923893,-36483.3586961691,6732.22009991784,-29751.138596251265,302.07049658015114,27.112723358732595,0.9864098103597074
2070000,4139.99999992593,-36232.485246530225,6782.958688963346,-29449.52655756688,304.3471052710849,27.192483802566183,0.9835164930427851
2075000,4149.999999927967,-36519.556632871434,6689.676582090832,-29829.8800507806,300.16159559867134,27.211011361496393,0.982846831796402
2080000,4159.999999930004,-36014.2585771923,6651.049169568922,-29363.209407623377,298.4284078078797,27.771236084702277,0.9630200191684894
2085000,4169.999999932042,-35859.33745754133,6559.767400873151,-29299.57005666818,294.3326520557791,27.09860021201691,0.9869239037211543
2090000,4179.999999934079,-36164.89426634395,6721.204932725108,-29443.689333618844,301.57625293177983,27.551603601563603,0.9706969036497333
2095000,4189.999999936116,-36852.65399079764,6578.285947294189,-30274.36804350345,295.16356762751053,27.29698402231354,0.9797513265480504
2100000,4199.999999938153,-36438.166232360556,6641.1591768363605,-29797.007055524195,297.98465003235253,27.370522154167162,0.9771189660169058
2105000,4209.999999940191,-36481.185752631514,6531.914578480395,-29949.27117415112,293.0829133712935,27.87551945262863,0.9594173250142135
2110000,4219.999999942228,-36448.78079885339,6595.027233874231,-29853.75356497916,295.9147386640436,27.41106676577409,0.9756736771739197
2115000,4229.999999944265,-36215.167686961955,6567.244029756126,-29647.92365720583,294.6681237079096,27.532922864149405,0.9713555091328971
2120000,4239.9999999463025,-36528.79468563888,6577.8038853735,-29950.990800265383,295.14193781125323,26.85140377420752,0.996009613929838
2125000,4249.99999994834,-36448.73600522611,6647.622663440922,-29801.113341785185,298.27466262542015,27.385748277700607,0.9765757004492617
2130000,4259.999999950377,-36019.29740319279,6490.58339440768,-29528.714008785108,291.2284090455596,27.185872828441752,0.9837556614567436
2135000,4269.999999952414,-36351.73206294452,6511.824089822861,-29839.907973121655,292.1814657365982,27.080945169602657,0.9875673149193498
2140000,4279.999999954452,-36562.774059902025,6746.76178939648,-29816.012270505547,302.7229730733039,27.324019235384846,0.9787819308803801
2145000,4289.999999956489,-36258.37489936177,6722.043889295945,-29536.331010065827,301.6138963873116,27.376328371542627,0.9769117298586677
2150000,4299.999999958526,-36596.28798545314,6640.18513626888,-29956.102849184263,297.94094544255285,27.018465058638828,0.9898510610643101
2155000,4309.999999960563,-36329.362115917305,6631.256482278488,-29698.105633638817,297.54032233388426,27.384616478493637,0.9766160620736131
2160000,4319.999999962601,-36220.15530855659,6471.069359381503,-29749.08594917509,290.3528265240208,27.33973581957004,0.978219266020809
2165000,4329.999999964638,-36520.19835126684,6573.162299932571,-29947.036051334268,294.9336727815526,27.00567089385199,0.9903200113688393
2170000,4339.999999966675,-36551.399033235735,6687.9308646631025,-29863.468168572632,300.08326635178753,27.375889827351372,0.9769273793578146
2175000,4349.9999999687125,-36055.309001786474,6443.109737855115,-29612.19926393136,289.0982958293437,27.50064241386317,0.9724956931602716
2180000,4359.99999997075,-36148.0130035829,6674.540959628983,-29473.472043953916,299.48246970479926,27.06807877514811,0.9880367398360466
2185000,4369.999999972787,-36172.62305358475,6395.923633153319,-29776.699420431432,286.9810848844537,27.232793001298003,0.9820607201526451
2190000,4379.999999974824,-36251.9884196125,6609.141610386373,-29642.846809226125,296.5480418922007,27.510687893725105,0.9721405880484256
2195000,4389.999999976862,-36391.21780010428,6625.78360339048,-29765.4341967138,297.2947576882121,27.729680980814685,0.964463180269768
2200000,4399.999999978899,-36311.329386759695,6627.8774091065825,-29683.451977653112,297.3887054384369,27.609431038608808,0.9686637971359741
2205000,4409.999999980936,-36556.18537549403,6629.168857038763,-29927.016518455268,297.44665189776106,26.932413143448528,0.9930137401418977
2210000,4419.999999982973,-36520.68431808213,6536.963544424004,-29983.720773658126,293.3094573088307,27.66839586651231,0.9665994528794426
2215000,4429.999999985011,-36355.13977268353,6671.985183066775,-29683.15458961675,299.367793612242,27.602545216724238,0.9689054431987101
2220000,4439.999999987048,-36399.73274194303,6482.34403435264,-29917.38870759039,290.85871412376713,26.636264142252408,1.0040543284821581
2225000,4449.999999989085,-36368.72895698127,6694.849072671257,-29673.879884310016,300.39368200924554,27.126439535215404,0.9859110434269626
2230000,4459.999999991122,-36228.76547221825,6607.56354859577,-29621.20192362248,296.4772352486794,27.257588808012994,0.9811673547133611
2235000,4469.99999999316,-36350.97330280987,6504.445865884537,-29846.527436925335,291.85040945266053,27.354579807401453,0.9776884344385472
2240000,4479.999999995197,-36259.52575523532,6420.444270370115,-29839.081484865208,288.08131050848374,27.482372053798905,0.9731422110969404
2245000,4489.999999997234,-36669.143521453385,6448.098011839138,-30221.045509614247,289.3221165566919,27.246704731437102,0.9815592957105469
2250000,4499.9999999992715,-37029.59464222808,6447.178803035244,-30582.41583919284,289.28087223375945,27.125559999149033,0.9859430112212111
2255000,4510.000000001309,-36621.25249393835,6618.007843576517,-30003.244650361834,296.9458642186833,27.382908434674853,0.9766769797453838
2260000,4520.000000003346,-35928.39760112242,6474.734910067053,-29453.662691055368,290.5172974859606,28.008920322798854,0.9548478127110523
2265000,4530.000000005383,-36325.58697468343,6896.802555408381,-29428.78441927505,309.4552082087883,27.149708694105648,0.9850660501719842
2270000,4540.000000007421,-36357.5775870518,6452.426711425747,-29905.150875626052,289.51634259420507,27.184726548574464,0.9837971428123512
2275000,4550.000000009458,-36229.97692316752,6452.895086673532,-29777.08183649399,289.537358298027,27.458698789652043,0.9739811966873443
2280000,4560.000000011495,-36477.91803318073,6628.603846663833,-29849.314186516895,297.42130023634843,27.46895509906354,0.9736175333270825
2285000,4570.000000013532,-36493.982463600005,6307.878003613596,-30186.10445998641,283.0305326680904,27.42218486315814,0.975278098374783
2290000,4580.00000001557,-36601.91150317608,6727.423153407927,-29874.488349768155,301.855260596655,27.157723444814426,0.9847753388080568
2295000,4590.000000017607,-36080.75630555283,6673.011675405517,-29407.744630147314,299.41385168014494,27.54616575864851,0.9708885273162161
2300000,4600.000000019644,-36349.15981114204,6461.79014792385,-29887.36966321819,289.93647412150216,27.434796359075882,0.9748297729855461
2305000,4610.000000021681,-36598.24526164,6690.050600963183,-29908.194660676814,300.17837759106385,27.343715175248427,0.9780769048834875
2310000,4620.000000023719,-35955.86151453615,6781.8352881681685,-29174.02622636798,304.29669898147745,27.91438772224143,0.9580814228396465
2315000,4630.000000025756,-36458.77573547344,6730.626906384045,-29728.148829089398,301.99901098479637,27.27010804117918,0.9807169178148288
2320000,4640.000000027793,-36066.14718359966,6584.635685327713,-29481.51149827195,295.4484763934857,27.39067051877996,0.976400204890416
2325000,4650.0000000298305,-36448.273495725814,6492.991859022007,-29955.281636703807,291.3364753433406,27.038441624369298,0.9891197384141575
2330000,4660.000000031868,-36467.878922207885,6463.41502321044,-30004.463898997445,290.0093812572488,27.22131075933832,0.982474963937876
2335000,4670.000000033905,-35943.418353816975,6575.497042763001,-29367.92131105397,295.0384312290941,27.16096058326098,0.9846579698328062
2340000,4680.000000035942,-35963.60460326069,6743.595987072647,-29220.008616188043,302.58092550714565,27.437075326547742,0.9747488020614665
2345000,4690.00000003798,-36165.279919083536,6721.421135810333,-29443.8587832732,301.58595382871226,27.201639044976513,0.9831854713755438
2350000,4700.000000040017,-36994.24399883476,6763.20770818453,-30231.03629065023,303.4608911421269,27.367995972058477,0.9772091582418874
2355000,4710.000000042054,-36477.79771160865,6711.157497074566,-29766.640214534083,301.12543079119746,27.012907781021486,0.9900546999021113
2360000,4720.000000044091,-36825.922635319046,6576.366578750101,-30249.556056568945,295.0774467638686,26.94276621593887,0.9926321630182574
2365000,4730.000000046129,-36823.92511352005,6561.168822687627,-30262.756290832418,294.39553297427756,26.990831527172364,0.9908644822482959
2370000,4740.000000048166,-36646.72363051633,6565.103564008246,-30081.620066508083,294.57208235130236,27.389724880426883,0.9764339153962983
2375000,4750.000000050203,-36507.011634721064,6514.661240577725,-29992.350394143337,292.3087669128335,26.7998410925854,0.9979259285243245
2380000,4760.0000000522405,-36097.993182993785,6629.326557603523,-29468.666625390262,297.4537278232657,27.122267269825247,0.9860627078318348
2385000,4770.000000054278,-36402.33794578683,6591.527512770053,-29810.810433016777,295.7577083714892,26.859255836575798,0.9957184394589009
2390000,4780.000000056315,-36839.577673250256,6562.333628797633,-30277.244044452622,294.4477970944113,27.269292995433887,0.9807462302414965
2395000,4790.000000058352,-36882.08149675039,6664.173117079788,-30217.908379670604,299.0172711074839,27.42905165992451,0.9750339398608371
2400000,4800.0000000603895,-36285.9131385866,6673.633925132375,-29612.279213454225,299.44177163540473,27.652193625762653,0.9671658121801183
2405000,4810.000000062427,-35734.06630731603,6641.836591840793,-29092.229715475238,298.0150452190432,27.304676277285974,0.9794753116655865
2410000,4820.000000064464,-36384.92457723565,6512.391847223575,-29872.532730012077,292.20694065533604,27.323046999408447,0.9788167588776482
2415000,4830.000000066501,-36316.89176055278,6726.747500441032,-29590.144260111752,301.82494447148434,27.351262941716676,0.9778069979295827
2420000,4840.000000068539,-36331.94866060733,6647.741919549892,-29684.206741057442,298.28001357228794,26.752739851635393,0.9996828906100904
2425000,4850.000000070576,-36698.03896511867,6852.005994324083,-29846.032970794586,307.44521458841007,27.190215018351978,0.9835985588408054
2430000,4860.000000072613,-36510.31959401351,6390.015681437904,-30120.303912575608,286.7159987936902,27.30667836346424,0.9794034979518372
2435000,4870.00000007465,-36298.079749630524,6647.389087811708,-29650.690661818815,298.2641822333268,27.20333551007551,0.9831241575768219
2440000,4880.000000076688,-36538.3692807214,6277.038265525977,-30261.331015195425,281.6467729483744,27.351878283757205,0.9777849999612125
2445000,4890.000000078725,-36046.87354798673,6575.712745068676,-29471.160802918057,295.04810965636204,27.472437255417326,0.9734941264211603
2450000,4900.000000080762,-36084.33955868137,6642.075296145724,-29442.264262535646,298.02575573160163,27.212956729011932,0.9827765712099333
2455000,4910.0000000827995,-36478.17460638563,6514.93401917557,-29963.240587210064,292.3210063175595,27.044485879454104,0.9888986770105487
2460000,4920.000000084837,-36272.23605072933,6652.612017411867,-29619.62403331746,298.4985318111046,27.735135250163573,0.9642735131953213
2465000,4930.000000086874,-35860.3065312223,6673.061861045013,-29187.244670177286,299.41610347833614,27.655034229068402,0.9670664691679011
2470000,4940.000000088911,-36656.863260342456,6633.32494133412,-30023.538319008338,297.63313279533935,27.485584898472148,0.9730284585688141
2475000,4950.000000090949,-36902.606270858654,6403.877191428281,-30498.729079430374,287.3379560594954,27.16253951316448,0.9846007326988288
2480000,4960.000000092986,-36458.75110805241,6644.221530069433,-29814.52957798298,298.1220559026433,27.042178011138237,0.9889830728725734
2485000,4970.000000095023,-35853.50149948746,6705.960217352525,-29147.54128213493,300.8922321073752,27.09085432728034,0.9872060874688368
2490000,4980.00000009706,-36252.43200021477,6394.289768496702,-29858.14223171807,286.9077744013079,27.490307033012897,0.9728613170637076
2495000,4990.000000099098,-35760.971938187016,6762.590327921879,-28998.381610265136,303.43318967667426,27.312957196586986,0.9791783479953823
2500000,5000.000000101135,-36489.849952405406,6800.727974165499,-29689.121978239906,305.1444019615117,26.80449756451163,0.9977525690327148
2505000,5010.000000103172,-36304.14004937814,6662.653681383279,-29641.48636799486,298.9490949800617,27.75020328815312,0.9637499238803796
2510000,5020.000000105209,-36657.48485487605,6571.362938107204,-30086.121916768847,294.8529365441675,27.087121780260766,0.9873421223406619
2515000,5030.000000107247,-36864.735805035845,6599.167176021414,-30265.56862901443,296.1004952735502,26.94768565603743,0.9924509528569024
2520000,5040.000000109284,-36328.394862034,6549.959798607784,-29778.435063426215,293.89259108887813,27.490599202017574,0.9728509775319788
2525000,5050.000000111321,-36480.067246052924,6706.681768928123,-29773.3854771248,300.9246076743523,27.065336567128334,0.9881368458245714
2530000,5060.0000001133585,-36417.97139180911,6535.103254416876,-29882.86813739223,293.22598726211555,27.363983741129996,0.977352441063767
2535000,5070.000000115396,-36645.251366201366,6631.301207447249,-30013.950158754116,297.54232912417586,27.23524681040768,0.9819722396054283
2540000,5080.000000117433,-36180.09253190647,6367.96585567874,-29812.12667622773,285.7266369312256,27.599342976624495,0.9690178613771316
2545000,5090.00000011947,-36378.50841647182,6513.226084925115,-29865.282331546707,292.24437237816005,27.328849577570622,0.9786089323193545
2550000,5100.000000121508,-36678.00940075978,6576.190873570199,-30101.81852718958,295.0695629825666,27.048987689425548,0.9887340928872526
2555000,5110.000000123545,-36593.619004303226,6471.398000223601,-30122.221004079624,290.36757243263577,27.392473609607908,0.9763359340151772
2560000,5120.000000125582,-36554.15622930272,6383.059089957134,-30171.097139345584,286.4038608938721,26.946549152571002,0.9924928106822513
2565000,5130.000000127619,-36337.68520673388,6553.420573136427,-29784.26463359745,294.0478738729974,27.10008234464308,0.9868699277922751
2570000,5140.000000129657,-36008.54093953298,6616.121815918744,-29392.419123614232,296.8612393397144,27.153405466449694,0.9849319393719287
2575000,5150.000000131694,-36178.356856276936,6620.4958093243995,-29557.861046952537,297.05749768250104,27.193834200340493,0.9834676533509116
2580000,5160.000000133731,-36744.33285884323,6591.9705045704595,-30152.362354272766,295.77758513593596,27.01591656109514,0.989944436870829
2585000,5170.0000001357685,-36587.14555909227,6583.966322993818,-30003.179236098455,295.41844252507514,27.46182038871772,0.9738704837502363
2590000,5180.000000137806,-36541.599044915485,6424.349697459444,-30117.24934745604,288.2565445743227,27.11655902327709,0.9862702817000167
2595000,5190.000000139843,-36171.57192496178,6676.273915509885,-29495.298009451897,299.56022634907504,27.06658383254175,0.9880913111195219
2600000,5200.00000014188,-36767.66274910623,6639.852167356068,-30127.810581750164,297.9260053361175,26.910813688209558,0.993810763824659
2605000,5210.0000001439175,-36326.14558308287,6544.148179736096,-29781.997403346773,293.6318273924376,27.000128359792196,0.9905233023428657
2610000,5220.000000145955,-36243.69314170892,6573.609543874972,-29670.08359783395,294.9537403369457,27.283889782458925,0.9802215343875479
2615000,5230.000000147992,-36760.85638000963,6418.941333905802,-30341.91504610383,288.01387469126956,27.19931305050142,0.9832695501157004
2620000,5240.000000150029,-36745.70988127622,6617.224918162951,-30128.484963113267,296.91073484606164,27.926526519178775,0.9576649744913958
2625000,5250.000000152067,-36161.55995236885,6811.927074599202,-29349.632877769647,305.6468985791282,27.51270723400856,0.9720692361951192
2630000,5260.000000154104,-35921.686098330814,6697.933758810543,-29223.752339520273,300.5320899430413,27.52341029240507,0.9716912265774913
2635000,5270.000000156141,-36191.55293697409,6725.926456356068,-29465.626480618022,301.7881047379672,27.150715696916304,0.9850295146974768
2640000,5280.000000158178,-36511.24836931474,6570.907927775326,-29940.34044153941,294.83252051574607,26.890313373810887,0.9945684133480384
2645000,5290.000000160216,-36368.486190204334,6611.558727156028,-29756.927463048305,296.6564964067688,27.571068479136894,0.9700116020842674
2650000,5300.000000162253,-36330.78068635539,6692.680246668989,-29638.100439686405,300.2963681457981,27.012196884907215,0.9900807557628053
2655000,5310.00000016429,-36506.67860174032,6603.6781038418285,-29903.000497898494,296.30289777770577,27.167361296380264,0.9844259814141755
2660000,5320.0000001663275,-36573.17026015019,6591.223384414672,-29981.946875735517,295.74406232279046,27.207039275944656,0.9829903222975387
2665000,5330.000000168365,-36736.4444244141,6441.361997764957,-30295.08242664914,289.0198758268644,27.82404944602159,0.9611920924201292
2670000,5340.000000170402,-36515.0198705396,6542.700442124832,-29972.319428414772,293.5668683131649,27.04444385330415,0.9889002137256061
2675000,5350.000000172439,-36475.24930704507,6439.619576011022,-30035.629731034052,288.9416944547982,27.25017890578824,0.9814341549494141
2680000,5360.000000174477,-36574.675991440454,6521.315326753306,-30053.36066468715,292.60733158919777,27.58115497567441,0.9696568664441395
2685000,5370.000000176514,-36497.562758307075,6391.553058205345,-30106.009700101728,286.78497992572085,27.310991721304408,0.9792488159908275
2690000,5380.000000178551,-36302.04357916306,6399.2947222446055,-29902.748856918453,287.1323435392076,27.174241850992935,0.9841767234306633
2695000,5390.000000180588,-36187.26944023274,6657.56397137975,-29529.70546885299,298.72072288209154,27.408120347058574,0.9757785637238275
2700000,5400.000000182626,-36573.13381631745,6485.534876479405,-30087.598939838048,291.00188521018964,27.057547673673593,0.9884212948331681
2705000,5410.000000184663,-37169.73488675196,6555.895935462682,-30613.83895128928,294.1589418291857,26.784754052359993,0.99848802995696
2710000,5420.0000001867,-36194.56967632288,6513.257850012557,-29681.31182631032,292.24579765772535,27.391817166025273,0.9763593318589383
2715000,5430.000000188737,-36434.895762349115,6847.486475770253,-29587.409286578863,307.2424266234302,27.507152065613813,0.9722655490771482
2720000,5440.000000190775,-36181.76575413538,6406.466633716877,-29775.2991204185,287.4541427120963,27.136280408839333,0.9855535063645271
2725000,5450.000000192812,-36494.19543151921,6698.576712901042,-29795.61871861817,300.5609388901216,27.096272071481234,0.9870087012733718
2730000,5460.000000194849,-36398.61686580961,6590.27839144678,-29808.338474362827,295.70166108057924,27.49608435444763,0.9726569049566004
2735000,5470.0000001968865,-36846.21379969053,6723.897236507497,-30122.316563183034,301.6970549151405,27.267350958341115,0.9808160810150695
2740000,5480.000000198924,-36484.167262381685,6786.730648177681,-29697.436614204,304.51635071702157,27.489242858288186,0.9728989788658023
2745000,5490.000000200961,-36393.165796327354,6500.975607644927,-29892.190188682427,291.6947011403739,26.845388686007283,0.9962327839403805
2750000,5500.000000202998,-36603.084127710106,6393.145573853833,-30209.93855385627,286.8564351047867,27.330832248998227,0.9785379407025888
2755000,5510.000000205036,-36357.110960427446,6358.777848777362,-29998.333111650085,285.3143768199861,26.834303810882673,0.9966443137524765
2760000,5520.000000207073,-36440.236617549155,6475.40748665243,-29964.829130896724,290.54747557582067,27.291252119436162,0.9799571008900696
2765000,5530.00000020911,-36679.1432552556,6569.19163319787,-30109.951622057728,294.7555114537137,27.23900346059557,0.9818368115159334
2770000,5540.000000211147,-36343.7247976739,6487.500430399519,-29856.224367274383,291.09007838270804,27.352813751927805,0.9777515596448543
2775000,5550.000000213185,-36674.170870286835,6422.907814865943,-30251.26305542089,288.1918482060274,27.178388541184628,0.9840265645660287
2780000,5560.000000215222,-35947.24491378505,6481.297783813309,-29465.94712997174,290.81176951778684,27.33489146506168,0.9783926283667899
2785000,5570.000000217259,-36123.50812655431,6656.790385042096,-29466.717741512217,298.68601254795294,27.43393247998538,0.9748604698263397
2790000,5580.000000219296,-36364.362383880296,6527.589033679973,-29836.773350200325,292.8888288870594,27.260698977473545,0.9810554134625209
2795000,5590.000000221334,-36745.73450640406,6544.14471863206,-30201.589787771998,293.63167209486875,27.32305006353866,0.9788166491087171
2800000,5600.000000223371,-36052.874290104446,6411.960182275992,-29640.914107828452,287.7006347929567,27.608348867727738,0.9687017660764503
2805000,5610.000000225408,-36581.415794932334,6600.087602323028,-29981.328192609308,296.1417942248422,27.05162496955358,0.9886377005715222
2810000,5620.0000002274455,-36334.349083289584,6448.215130822578,-29886.133952467004,289.3273716120766,26.762006410832964,0.9993367423974927
2815000,5630.000000229483,-36499.19272747265,6981.364064368834,-29517.828663103814,313.2494301183724,27.671366484325834,0.9664956850530546
2820000,5640.00000023152,-36307.74890738516,6336.609806876824,-29971.139100508335,284.3197106733479,27.212335464779716,0.9827990082379033
2825000,5650.000000233557,-36609.68523405038,6648.721273677602,-29960.96396037278,298.3239565782049,26.548790400510136,1.0073625164523028
2830000,5660.000000235595,-36572.476930138466,6529.709730326447,-30042.76719981202,292.9839832164766,27.87677976828745,0.9593739495351191
2835000,5670.000000237632,-36171.17023774403,6722.395016208521,-29448.77522153551,301.6296512318162,27.329803407138524,0.978574778171915
2840000,5680.000000239669,-36276.851445766806,6525.265778138597,-29751.58566762821,292.7845858669783,27.622293349776676,0.9682127391800672
2845000,5690.000000241706,-36387.37026983015,6513.119263388236,-29874.251006441915,292.2395793627488,27.181890639720816,0.9838997831718639
2850000,5700.000000243744,-36215.31928240582,6625.187723061183,-29590.131559344638,297.2680209112943,26.78178913608413,0.9985985690025866
2855000,5710.000000245781,-36487.49169664365,6354.939569466324,-30132.552127177325,285.1421556328753,26.892966942700863,0.9944702778092475
2860000,5720.000000247818,-36518.387268546925,6579.854741410789,-29938.532527136136,295.23395843630766,26.821691707444714,0.997112956122727
2865000,5730.0000002498555,-36424.26573765119,6706.695426479075,-29717.570311172116,300.9252204801038,27.174838329225224,0.984155121094519
2870000,5740.000000251893,-36611.51190183716,6694.014992665223,-29917.49690917194,300.35625736212006,27.328529006361517,0.9786204116729854
2875000,5750.00000025393,-36233.804065885284,6718.602539280717,-29515.201526604567,301.4594851689353,27.197798205947073,0.9833243155975298
2880000,5760.000000255967,-36241.60429730186,6692.476504045896,-29549.127793255968,300.28722634199215,27.22258817244564,0.9824288615471481
2885000,5770.000000258005,-36114.26703206754,6700.862164311207,-29413.404867756333,300.66348566252833,27.594984329978413,0.9691709184110108
2890000,5780.000000260042,-35913.77128856277,6460.217017944584,-29453.554270618188,289.86588876526463,27.92484566038692,0.9577226184838319
2895000,5790.000000262079,-36451.33032599639,6631.219188329407,-29820.11113766698,297.53864897776236,26.986723616190567,0.9910153113428535
2900000,5800.000000264116,-36400.63745905501,6564.684423828494,-29835.953035226517,294.55327579412574,27.668863768444734,0.9665831069334844
2905000,5810.000000266154,-36593.91346831212,6516.525950191567,-30077.387518120555,292.3924352645319,26.851784434232297,0.9959954941589437
2910000,5820.000000268191,-36108.167603694405,6475.802975783566,-29632.36462791084,290.5652209252687,27.311358551315344,0.9792356633000446
2915000,5830.000000270228,-36728.04517792542,6789.613728353786,-29938.431449571635,304.64571271760246,27.429117097861443,0.9750316137119772
2920000,5840.000000272265,-36922.40470818643,6658.694152318352,-30263.710555868074,298.77143339248516,27.120110808603844,0.9861411148120393
2925000,5850.000000274303,-36213.549623533705,6553.811094812496,-29659.73852872121,294.06539633584987,27.05919187593028,0.9883612352227047
2930000,5860.00000027634,-36240.656911293,6787.391991632554,-29453.264919660447,304.5460247833561,27.27042402002711,0.9807055543757562
2935000,5870.000000278377,-36550.701597886524,6705.480269264145,-29845.221328622378,300.8706971374488,27.474884388593264,0.9734074192401709
2940000,5880.0000002804145,-36706.17075163176,6559.1290657509435,-30147.041685880817,294.30401035891117,27.40622964103454,0.97584588091531
2945000,5890.000000282452,-36440.92329740066,6550.285168777135,-29890.638128623523,293.90719024445673,27.24060108884911,0.9817792279763732
2950000,5900.000000284489,-36496.0218735494,6710.170411487423,-29785.851462061975,301.0811408795413,26.592278321187205,1.0057151171328687
2955000,5910.000000286526,-36616.71269202024,6662.6320802118025,-29954.08061180844,298.94812574903574,27.27328584983209,0.9806026473626126
2960000,5920.000000288564,-36005.801131852175,6330.859075710838,-29674.942056141335,284.0616789701019,27.738297565539405,0.9641635808193318
2965000,5930.000000290601,-36713.353529746775,6746.219601585456,-29967.13392816132,302.6986454460301,27.29409375208148,0.9798550759569763
2970000,5940.000000292638,-36178.74107197636,6428.720068164233,-29750.021003812122,288.4526403687919,27.42273395606034,0.9752585701146778
2975000,5950.000000294675,-36714.26018033059,6610.1269440504475,-30104.13323628014,296.5922531961668,27.086159053889137,0.9873772155518146
2980000,5960.000000296713,-36738.73363430152,6437.625251635476,-30301.108382666043,288.8522103699759,27.222869921570616,0.9824186936819342
2985000,5970.00000029875,-36563.75504520919,6504.283519434725,-30059.471525774465,291.84312506920537,27.02513812908603,0.9896066461854233
2990000,5980.000000300787,-35697.75178435819,6633.292665417855,-29064.459118940333,297.6316845952049,26.95954058343708,0.9920145420821187
2995000,5990.000000302824,-36327.99282216149,6706.941609666244,-29621.051212495244,300.936266565421,27.42043935348901,0.975340181893171
3000000,6000.000000304862,-36269.07660876517,6630.946579393152,-29638.13002937202,297.5264171856456,27.369513045527672,0.9771549922037355
3005000,6010.000000306899,-36641.41175678525,6658.000080042644,-29983.41167674261,298.740290804472,27.126154948521126,0.9859213868451592
3010000,6020.000000308936,-36399.01138769998,6524.957025166355,-29874.05436253363,292.7707323146194,27.432714550939142,0.9749037506646258
3015000,6030.0000003109735,-36560.9084536509,6534.481391985397,-30026.427061665505,293.1980846845567,27.39464518264565,0.9762585398830046
3020000,6040.000000313011,-36586.59366622449,6685.582769865538,-29901.010896358956,299.9779088098488,27.33930151066903,0.9782348058960398
3025000,6050.000000315048,-36615.15551821332,6626.285146819424,-29988.8703713939,297.31726162753506,27.309819555186394,0.9792908463777691
3030000,6060.000000317085,-36515.11391635027,6473.210217578093,-30041.903698772174,290.4488854895558,27.22513923409553,0.9823368055774472
3035000,6070.000000319123,-36805.298145363224,6465.018476593329,-30340.279668769894,290.0813272056022,27.366384860045947,0.9772666884352853
3040000,6080.00000032116,-36543.97847572907,6567.493456267623,-29976.48501946145,294.6793153191567,27.4795244343362,0.9732430548617924
3045000,6090.000000323197,-36276.50368947665,6746.98783481622,-29529.515854660433,302.73311558961757,27.60201130051324,0.9689241851055014
3050000,6100.000000325234,-35909.39967584528,6567.235417369845,-29342.164258475434,294.6677372755349,27.07590232190376,0.9877512479053067
3055000,6110.000000327272,-36365.5693590002,6630.417102623514,-29735.152256376685,297.5026598948324,27.175876493227374,0.9841175247204147
3060000,6120.000000329309,-36059.30723771206,6471.0626732398305,-29588.244564472232,290.35252652103446,27.497279978619574,0.9726146123332033
3065000,6130.000000331346,-36629.89843331074,6458.751734593877,-30171.14669871686,289.80014241965955,27.147664740697312,0.9851402160028178
3070000,6140.0000003333835,-36574.51274392169,6711.626244617361,-29862.886499304328,301.1464631996633,27.28710886012471,0.9801058970268792
3075000,6150.000000335421,-36523.411454351684,6555.712315841056,-29967.69913851063,294.15070293184374,27.324948661669055,0.9787486387536746
3080000,6160.000000337458,-36685.40897155602,6552.445125453471,-30132.963846102546,294.0041061468082,27.29626344598078,0.9797771903670783
3085000,6170.000000339495,-36063.066776239546,6522.031153336988,-29541.035622902556,292.6394502793755,27.081266177088928,0.9875556088012084
3090000,6180.0000003415325,-36639.48660893959,6541.448836819843,-30098.037772119744,293.5107095675521,27.21869228656574,0.982569479277398
3095000,6190.00000034357,-36710.369733484535,6583.8548253328745,-30126.51490815166,295.4134396949079,26.779458574267757,0.9986854750051238
3100000,6200.000000345607,-36094.267639566904,6699.890906013627,-29394.376733553276,300.6199059114353,27.067849948435796,0.9880450925201073
3105000,6210.000000347644,-36433.31227989709,6531.84008135219,-29901.472198544896,293.07957073184076,26.731560379030864,1.0004749415077814
3110000,6220.000000349682,-36516.405589719056,6806.680815624229,-29709.724774094826,305.4115022269238,27.21860147635621,0.9825727574524493
3115000,6230.000000351719,-36251.70653043388,6777.086445986612,-29474.62008444727,304.0836214090461,27.279167831984157,0.9803912080949053
3120000,6240.000000353756,-35992.44244031425,6468.497132379581,-29523.945307934668,290.2374123105436,26.87453578299079,0.995152307841886
3125000,6250.000000355793,-36551.833588388654,6617.272160898247,-29934.561427490407,296.9128545979858,27.39826134136583,0.9761296884282293
3130000,6260.000000357831,-36219.05117661452,6618.572246569971,-29600.478930044548,296.9711886272697,27.639614153408328,0.9676059932741394
3135000,6270.000000359868,-36467.34913421179,6469.199873132788,-29998.149261079005,290.26894384770935,27.360422951501725,0.9774796374320933
3140000,6280.000000361905,-36237.26544565753,6600.648053869174,-29636.617391788357,296.16694133446447,27.292722835533244,0.9799042941880263
3145000,6290.0000003639425,-35969.147980738024,6642.116832831132,-29327.03114790689,298.02761945664355,27.521535032006838,0.9717574356052359
3150000,6300.00000036598,-36609.60744114976,6747.650760320492,-29861.95668082927,302.7628606415171,26.775618411784,0.9988287065987029
3155000,6310.000000368017,-36369.34412425746,6796.70319768318,-29572.640926574284,304.96381276320943,27.64131159516688,0.9675465729816852
3160000,6320.000000370054,-36378.23399676354,6828.2020153223875,-29550.031981441156,306.3771449693384,27.476794687902427,0.9733397439693967
3165000,6330.000000372092,-35689.22574165503,6766.333322192213,-28922.892419462813,303.60113548372686,27.591042178382043,0.969309391566844
3170000,6340.000000374129,-36410.153659553165,6529.695771286762,-29880.457888266403,292.9833568831144,26.848481056454535,0.9961180392435328
3175000,6350.000000376166,-36270.92433079013,6502.524695042002,-29768.399635748123,291.7642077210168,27.325335881581523,0.9787347691725696
3180000,6360.000000378203,-36363.66221947962,6639.555695573411,-29724.10652390621,297.9127028330383,27.413948310946026,0.9755711217980229
3185000,6370.000000380241,-36474.43708078682,6671.703137930093,-29802.733942856725,299.35513842372603,27.20655798857286,0.9830077115177744
3190000,6380.000000382278,-35868.335437062844,6450.212043743997,-29418.12339331885,289.4169718433298,27.427184388695313,0.9751003211852046
3195000,6390.000000384315,-36146.495785144674,6691.206132702133,-29455.28965244254,300.2302255759809,27.694003110059594,0.9657056872687365
3200000,6400.000000386352,-36392.28317897355,6605.767541777435,-29786.515637196113,296.3966495483572,27.29379509322077,0.9798657978957775
3205000,6410.00000038839,-37069.82919876335,6602.304025322461,-30467.52517344089,296.2412437357218,27.315471661046256,0.9790882119294239
3210000,6420.000000390427,-36441.418527900445,6685.483688337824,-29755.934839562622,299.9734630837979,27.10851600527043,0.9865629052295971
3215000,6430.000000392464,-36566.54581468541,6459.418381539936,-30107.12743314547,289.83005445031966,27.498868274043545,0.9725584354999366
3220000,6440.0000003945015,-36473.28250355234,6555.851339053782,-29917.43116449856,294.1569408162684,27.19418302803492,0.9834550381253058
3225000,6450.000000396539,-36639.63044092263,6330.618169191586,-30309.012271731044,284.05086964556716,27.364675294661037,0.9773277416465652
3230000,6460.000000398576,-36586.87437536751,6486.580172556507,-30100.294202811,291.04878699004786,26.832541704668703,0.9967097638748582
3235000,6470.000000400613,-35997.803168500635,6505.50517838755,-29492.297990113086,291.8979401407649,27.149835478395328,0.9850614501109799
3240000,6480.000000402651,-36484.244527201095,6459.079899906878,-30025.164627294216,289.81486699158194,26.620778484569925,1.0046384001175728
3245000,6490.000000404688,-36344.40494931716,6653.588154404408,-29690.816794912753,298.5423304661829,27.469450309865255,0.9735999812496363
3250000,6500.000000406725,-36265.01408324859,6552.257678208907,-29712.756405039683,293.99569550642394,27.46517950221155,0.9737513750627091
3255000,6510.000000408762,-36672.88505140089,6800.457603916984,-29872.427447483904,305.13227061791065,27.20686439243809,0.9829966408792027
3260000,6520.0000004108,-36490.18211846125,6456.592587699824,-30033.589530761426,289.7032628517316,27.134399595136937,0.9856218197441071
3265000,6530.000000412837,-36496.800527467814,6553.363770459754,-29943.43675700806,294.04532517249515,27.35215508797877,0.9777751047622821
3270000,6540.000000414874,-36294.62121923819,6580.485190419069,-29714.136028819124,295.26224628818613,27.43863306251563,0.9746934639815713
3275000,6550.0000004169115,-36518.91135970653,6601.852209713012,-29917.059149993518,296.2209710524935,27.319657161880574,0.9789382109794258
3280000,6560.000000418949,-35733.98934350932,6674.135485726028,-29059.85385778329,299.4642763448974,27.42742972092448,0.9750915991307544
3285000,6570.000000420986,-35908.013035731055,6665.101718749936,-29242.91131698112,299.0589368824383,27.051740341463407,0.9886334841692428
3290000,6580.000000423023,-36552.91589456282,6523.129575961941,-30029.786318600884,292.6887358141397,27.314744369804288,0.9791142814496805
3295000,6590.0000004250605,-36497.30148954704,6474.993671188852,-30022.30781835819,290.5289079353217,27.235991359401833,0.9819453954772439
3300000,6600.000000427098,-36251.295316288626,6463.775233560647,-29787.520082727977,290.02554366990694,27.34517812886499,0.9780245782488417
3305000,6610.000000429135,-36467.489629432464,6372.275802103599,-30095.213827328866,285.9200215261242,26.91718573157422,0.9935755012921451
3310000,6620.000000431172,-36367.861365026525,6400.074141732982,-29967.787223293544,287.16731560316333,27.32488268599129,0.9787510019332551
3315000,6630.00000043321,-36562.47562485649,6632.4048883461655,-29930.070736510323,297.5918505943973,27.17651188218259,0.9840945159763731
3320000,6640.000000435247,-36603.22947673274,6500.271540563035,-30102.957936169703,291.6631100916714,27.00511949596688,0.9903402319925593
3325000,6650.000000437284,-36315.46552996892,6513.043578007806,-29802.421951961114,292.2361834071635,27.187899068582183,0.9836823448240537
3330000,6660.000000439321,-36466.28354665856,6641.343219943832,-29824.940326714728,297.99290793123896,27.26812915405471,0.9807880898439203
3335000,6670.000000441359,-36527.675208762834,6486.791379660412,-30040.883829102422,291.05826372042964,27.635334479377793,0.9677558390537987
3340000,6680.000000443396,-36374.34102906258,6393.136574078367,-29981.204454984218,286.85603129050196,27.051781140502687,0.9886319931289248
3345000,6690.000000445433,-36062.640321868166,6687.716627042302,-29374.923694825862,300.0736536440119,27.21616421840353,0.9826607486641414
3350000,6700.0000004474705,-36236.87134959351,6628.091675420645,-29608.779674172863,297.39831943366113,27.32970701797593,0.9785782295079771
3355000,6710.000000449508,-36374.55745350134,6366.448119798237,-30008.109333703098,285.65853707348225,27.83305306219217,0.9608811597801845
3360000,6720.000000451545,-36249.51617390307,6436.523411472906,-29812.99276243016,288.8027714924408,27.556838907228794,0.9705124886297097
3365000,6730.000000453582,-35929.479244043294,6504.018554889284,-29425.46068915401,291.83123627611343,27.763132653121804,0.9633011029688463
3370000,6740.00000045562,-36103.107059285656,6295.94300875005,-29807.164050535604,282.4950169286158,27.23282276577035,0.9820596467964455
3375000,6750.000000457657,-36472.27734838984,6645.728403886632,-29826.54894450321,298.18966838641376,27.10129044259631,0.9868259359557094
3380000,6760.000000459694,-36570.003651075654,6669.020198549122,-29900.983452526532,299.23475661518796,27.150049137842924,0.9850536980924031
3385000,6770.000000461731,-36164.07093272792,6734.166191370491,-29429.904741357426,302.15781648395216,27.20570387117301,0.9830385728398915
3390000,6780.000000463769,-36144.8703486622,6629.107106423893,-29515.76324223831,297.443881186373,27.089009088847884,0.9872733335835756
3395000,6790.000000465806,-36287.502348266135,6705.0833236956005,-29582.419024570532,300.852886438567,27.279897202651075,0.980364995804442
3400000,6800.000000467843,-36182.03066687097,6736.275398147969,-29445.755268722998,302.2524552701486,27.469342084491792,0.9736038170976611
3405000,6810.00000046988,-36473.47230330085,6593.805261392468,-29879.667041908382,295.85990952463715,26.824163666225235,0.9970210679968666
3410000,6820.000000471918,-36868.82148800558,6363.87208885794,-30504.94939914764,285.5429521796742,27.583035342411396,0.9695907638381238
3415000,6830.000000473955,-36077.56652339795,6667.98989477846,-29409.576628619492,299.18852753072355,27.300058598022197,0.9796409854065355
3420000,6840.000000475992,-36127.3457843393,6540.994097928935,-29586.351686410362,293.4903057185169,27.391848356008644,0.9763582201182871
3425000,6850.0000004780295,-36512.32797736195,6532.140774938746,-29980.187202423203,293.093062664615,27.29512113448427,0.9798181944257546
3430000,6860.000000480067,-35754.70726632878,6464.469635752457,-29290.237630576325,290.05670106104884,27.040658784440858,0.9890386369584762
3435000,6870.000000482104,-36728.71720234283,6605.126908093254,-30123.590294249574,296.36790471645406,26.96102339587835,0.991959982895573
3440000,6880.000000484141,-36000.64392787039,6613.007700662175,-29387.636227208215,296.72151093987037,27.629993056554373,0.967942925352215
3445000,6890.000000486179,-36594.46105619868,6636.212224358418,-29958.24883184026,297.76268337508463,27.10396037996014,0.9867287264187611
3450000,6900.000000488216,-36383.01527011534,6670.522642029654,-29712.49262808569,299.3021703125288,27.27844387996678,0.9804172270348436
3455000,6910.000000490253,-36559.11674216171,6488.702560990615,-30070.41418117109,291.14401722891586,27.557133287170178,0.9705021210995848
3460000,6920.00000049229,-36322.26543276454,6457.832123806347,-29864.433308958196,289.75888005997336,27.110169565251272,0.9865027307281156
3465000,6930.000000494328,-36366.447439032694,6689.59541062122,-29676.852028411475,300.1579534857027,27.127793564658894,0.9858618336532934
3470000,6940.000000496365,-36619.797283369335,6671.157170286757,-29948.640113082576,299.3306411977453,27.44733412777294,0.9743844769084916
3475000,6950.000000498402,-36345.92416553078,6801.844671710052,-29544.079493820725,305.1945074804647,27.116684447813252,0.9862657198409573
3480000,6960.0000005004395,-36651.96129220509,6639.368871928506,-30012.592420276582,297.90432017317994,27.4859971034131,0.9730138661515624
3485000,6970.000000502477,-36563.54807556713,6812.19206993891,-29751.356005628222,305.6587887539397,27.236132334547527,0.9819403128945374
3490000,6980.000000504514,-36955.468032790326,6642.839444703588,-30312.628588086736,298.060042598476,27.123748038422725,0.9860088756442319
3495000,6990.000000506551,-36203.030732917665,6468.973627682728,-29734.057105234937,290.2587923561606,27.635456545075865,0.9677515644802318
3500000,7000.0000005085885,-36439.53104683764,6679.528835938649,-29760.002210898994,299.7062725887483,27.650178851185004,0.9672362862664251
3505000,7010.000000510626,-36401.2398407252,6592.299285459931,-29808.940555265268,295.7923373283887,26.923787782618394,0.9933318640955984
3510000,7020.000000512663,-36447.8578298668,6650.242744109117,-29797.615085757683,298.3922240029115,27.330024996285893,0.9785668439841213
3515000,7030.0000005147,-36277.69538586619,6569.252366555225,-29708.443019310962,294.7582365213947,27.2855690945383,0.9801612058725937
3520000,7040.000000516738,-35940.04883206498,6463.248136211569,-29476.800695853413,290.00189314220296,27.395305461075747,0.9762350102145
3525000,7050.000000518775,-36421.42441487161,6826.047346740423,-29595.377068131187,306.2804663404671,27.255764024735136,0.9812330442232953
3530000,7060.000000520812,-36376.46243702038,6549.50738029434,-29826.95505672604,293.8722913626993,27.1483993372719,0.9851135595278199
3535000,7070.000000522849,-36295.08634694769,6627.052667990851,-29668.03367895684,297.3516998214663,27.425099151062547,0.9751744618792548
3540000,7080.000000524887,-36429.049326182736,6516.25248561843,-29912.796840564304,292.3801650805245,27.19458908195869,0.9834403537417368
3545000,7090.000000526924,-36009.08972463178,6520.633643620538,-29488.456081011245,292.57674489426364,27.227379947903326,0.9822559628504429
3550000,7100.000000528961,-36097.41252299207,6625.2255188428935,-29472.187004149175,297.26971678433176,27.196211534433758,0.9833816843482448
3555000,7110.0000005309985,-36345.13811532439,6597.066157143454,-29748.07195818094,296.0062238732736,27.505330625961175,0.9723299337976254
3560000,7120.000000533036,-36838.44864254866,6522.964810477228,-30315.483832071433,292.68134289010453,27.478326400325276,0.9732854875144813
3565000,7130.000000535073,-36081.056799847036,6688.625253617471,-29392.431546229564,300.1144231489737,27.869377487602268,0.9596287652467248
3570000,7140.00000053711,-35952.19675358368,6712.367257551508,-29239.829496032173,301.1797119856013,26.8887888733043,0.9946248019067468
3575000,7150.000000539148,-36108.52709927898,6395.789138312745,-29712.737960966235,286.97505018524953,26.88100924692373,0.9949126560299536
3580000,7160.000000541185,-36608.78321297378,6687.728066965132,-29921.05514600865,300.07416694617956,27.09033163372685,0.9872251350857085
3585000,7170.000000543222,-36739.11480681157,6745.223261834344,-29993.89154497723,302.65394030583656,27.23378009310724,0.9820251252374433
3590000,7180.000000545259,-36568.80249377277,6428.65293179373,-30140.149561979037,288.449628001924,26.8137518798866,0.9974082115186538
3595000,7190.000000547297,-36564.72024315249,6559.302443980288,-30005.417799172203,294.31178973140004,26.969126979213087,0.9916619224358364
3600000,7200.000000549334,-36355.419180407305,6517.867744434881,-29837.551435972426,292.45264073128294,26.751807256990954,0.9997177405512911
3605000,7210.000000551371,-36410.9223083924,6813.6915563583625,-29597.23075203404,305.7260697698032,27.64298343947425,0.967488055881543
3610000,7220.000000553408,-36702.6457016529,6397.899186749185,-30304.746514903716,287.069726736156,27.22680306899161,0.9822767747962834
3615000,7230.000000555446,-36174.646364077445,6723.871199228821,-29450.775164848623,301.6958866387647,27.336451514561556,0.9783367929951159
3620000,7240.000000557483,-36357.176978394236,6557.319723031627,-29799.857255362607,294.2228262850699,27.287108285671916,0.9801059176602333
3625000,7250.00000055952,-36244.80808296779,6578.219960213427,-29666.588122754365,295.16060682855306,27.472218777297858,0.9735018683209965
3630000,7260.0000005615575,-36439.07214920805,6648.028389633477,-29791.04375957457,298.29286730539815,26.62607946957265,1.0044383867022189
3635000,7270.000000563595,-36752.48102028946,6513.718526821844,-30238.762493467613,292.26646793743674,27.374152140010068,0.9769893938571788
3640000,7280.000000565632,-36444.069461562016,6326.946362340556,-30117.12309922146,283.88611797340326,27.277001239934897,0.9804690798440004
3645000,7290.000000567669,-36252.056508122434,6645.395132168269,-29606.661375954165,298.1747146932831,27.32189342866928,0.978858085968503
3650000,7300.000000569707,-35910.05532885781,6643.181645675921,-29266.87368318189,298.07539694163603,26.920873053910302,0.9934394123498896
3655000,7310.000000571744,-36582.847857824134,6489.208912253531,-30093.6389455706,291.1667368927359,27.531065973698304,0.9714210242412207
3660000,7320.000000573781,-36415.26099028957,6604.980755231575,-29810.280235057995,296.36134692914936,27.449181423250653,0.9743189020554573
3665000,7330.000000575818,-36600.55075989782,6780.760257333224,-29819.790502564596,304.2484630216706,27.625475079150025,0.9681012264946537
3670000,7340.000000577856,-36135.97095813138,6305.786783611784,-29830.184174519596,282.9367009372453,27.17529419780533,0.9841386117829956
3675000,7350.000000579893,-36359.11229766229,6604.0800442962955,-29755.032253365993,296.3209325939884,27.13092748424325,0.9857479558026466
3680000,7360.00000058193,-36311.48101389411,6512.558005186684,-29798.923008707425,292.21439605900406,26.97721592837296,0.9913645788220378
3685000,7370.000000583967,-36382.17934480936,6416.538691669324,-29965.640653140035,287.90606963993355,27.103059350473924,0.9867615297885174
3690000,7380.000000586005,-36235.78895655743,6606.646073406373,-29629.142883151057,296.436068711943,27.039562128752532,0.9890787498435157
3695000,7390.000000588042,-36416.335041035716,6443.385951717862,-29972.949089317855,289.11068937225286,27.209887905761704,0.9828874120778543
3700000,7400.000000590079,-36417.13144000631,6692.046396728186,-29725.085043278126,300.26792769620886,27.443282200068314,0.9745283421877307
3705000,7410.0000005921165,-36470.41816176446,6602.112559036223,-29868.305602728236,296.2326527634565,27.045894033781376,0.9888471896406164
3710000,7420.000000594154,-36563.39522136148,6652.098649643376,-29911.296571718107,298.4754973210769,27.085920520558126,0.987385910931985
3715000,7430.000000596191,-36063.53901024307,6609.903553482439,-29453.63545676063,296.5822298013864,27.19043347270991,0.9835906563779098
3720000,7440.000000598228,-36233.089819889334,6660.729211292243,-29572.36060859709,298.86274521320547,27.323083112419695,0.9788154651722316
3725000,7450.000000600266,-36342.47681769093,6666.230335802824,-29676.246481888105,299.10957722226004,26.775743047625834,0.9988240572466206
3730000,7460.000000602303,-36348.74366353409,6559.711682154737,-29789.031981379354,294.33015199180454,27.080263802975505,0.9875921631045574
3735000,7470.00000060434,-36380.86530555868,6823.019617494354,-29557.84568806432,306.1446140267733,27.25085886551358,0.981409666337817
3740000,7480.000000606377,-36437.40273500228,6477.748474267133,-29959.654260735148,290.65251422291874,27.371246959504784,0.9770930913812669
3745000,7490.000000608415,-36673.80930241691,6628.153454905087,-30045.65584751182,297.40109144040883,27.125188556409547,0.9859565123761358
3750000,7500.000000610452,-36425.60892303033,6540.60722116335,-29885.001701866982,293.4729468005134,27.069272959225906,0.9879931517520679
3755000,7510.000000612489,-36045.423839364696,6426.800367077174,-29618.623472287523,288.3665045841551,26.656325619638064,1.0032986799545918
3760000,7520.0000006145265,-36593.73234086273,6474.27345137248,-30119.458889490248,290.49659212354646,27.124472664723342,0.9859825345620377
3765000,7530.000000616564,-36252.70401639369,6801.6756492731565,-29451.028367120532,305.18692354965316,27.037105522181925,0.9891686180934185
3770000,7540.000000618601,-36350.76650003655,6537.118724042419,-29813.647775994134,293.31642012105283,26.921444670956653,0.9934183188718259
3775000,7550.000000620638,-36328.017030753464,6557.839697318268,-29770.177333435196,294.2461572054265,27.847048374030827,0.9603982421190239
3780000,7560.0000006226755,-36232.04028202304,6495.858837257605,-29736.181444765432,291.4651148599426,26.86182826541653,0.9956230842654417
3785000,7570.000000624713,-36702.24577725092,6881.8629059322175,-29820.382871318703,308.7848754999612,27.464419582149137,0.9737783180390025
3790000,7580.00000062675,-36318.66183976008,6675.8317247608065,-29642.830114999277,299.54038552729935,27.34714515174098,0.9779542309892642
3795000,7590.000000628787,-36396.40170195041,6506.61068444167,-29889.791017508738,291.94754350455634,27.758588395810822,0.9634588014806521
3800000,7600.000000630825,-36567.11056053863,6626.695649698758,-29940.414910839874,297.3356806344552,27.50317268805875,0.9724062241820695
3805000,7610.000000632862,-35530.07472818186,6669.370458369167,-28860.704269812697,299.25047255379405,27.4522645979124,0.9742094759153818
3810000,7620.000000634899,-36459.65560025921,6639.318709969519,-29820.33689028969,297.90206943751826,27.306001448634277,0.9794277773306225
3815000,7630.000000636936,-36695.304826665444,6585.326342224536,-30109.978484440908,295.4794657355888,27.483452600141298,0.9731039507927448
3820000,7640.000000638974,-36376.427768863345,6365.056889803816,-30011.370879059526,285.5961134555621,27.174656085444877,0.9841617212203551
3825000,7650.000000641011,-36394.374017447786,6811.951316408086,-29582.4227010397,305.64798629389975,27.381486417393333,0.9767277020298678
3830000,7660.000000643048,-36202.07847867393,6412.166480734265,-29789.911997939667,287.7098912754854,27.28641247912133,0.9801309104700539
3835000,7670.0000006450855,-36090.041680908,6574.138064982646,-29515.903615925352,294.97745474780555,27.355261957443275,0.9776640541124706
3840000,7680.000000647123,-36174.0055716485,6537.049202560034,-29636.956369088468,293.3133007357096,27.327121471374273,0.9786708173650048
3845000,7690.00000064916,-36165.11047723157,6653.570142793502,-29511.540334438065,298.54152229649003,27.040245516340338,0.989053752875918
3850000,7700.000000651197,-36451.24538739288,6572.899775111746,-29878.345612281137,294.9218934573751,26.816730669427688,0.9972974198943766
3855000,7710.000000653235,-36646.74161557049,6483.103768013634,-30163.637847556856,290.8928028969859,27.04714610466558,0.9888014137657688
3860000,7720.000000655272,-36496.931909206876,6711.647528607535,-29785.28438059934,301.14741819896295,27.26420155453322,0.9809293792495406
3865000,7730.000000657309,-36465.01150301607,6654.765685594422,-29810.245817421644,298.5951655526814,26.67216177544378,1.002702987923732
3870000,7740.000000659346,-36405.32037834164,6429.345720488076,-29975.974657853563,288.48071299644585,26.814252180306386,0.9973896018724264
3875000,7750.000000661384,-36610.71059031182,6576.574818121111,-30034.13577219071,295.08679033393537,27.269461815178513,0.9807401586391578
3880000,7760.000000663421,-36243.10708296099,6515.530442422959,-29727.57664053803,292.34776745487187,27.127335701019597,0.9858784733370418
3885000,7770.000000665458,-36485.71809745231,6573.375826010126,-29912.342271442183,294.9432535628288,27.426165653148704,0.9751365409532634
3890000,7780.000000667495,-36755.40697998176,6591.493253158311,-30163.913726823448,295.7561711641819,27.39664590379034,0.9761872457139926
3895000,7790.000000669533,-36002.89072015289,6659.720659739391,-29343.170060413504,298.81749213712135,27.082912132756775,0.9874955904123567
3900000,7800.00000067157,-37249.10837704793,6595.728661359242,-30653.379715688687,295.9462112756885,27.278866875938185,0.980402024330889
3905000,7810.000000673607,-36009.77490477749,6703.8684611889375,-29305.906443588556,300.7983763192872,27.363040289322935,0.9773861392536211
3910000,7820.0000006756445,-36017.987982393744,6579.6557320187685,-29438.332250374977,295.2250290096134,27.23172918552828,0.9820990846528871
3915000,7830.000000677682,-36376.20225347248,6428.6738946471405,-29947.52835882534,288.4505685920184,26.964303467355805,0.991839315968255
3920000,7840.000000679719,-36644.55357361197,6608.583748304243,-30035.96982530773,296.52301097020603,26.954299997802057,0.9922074143570209
3925000,7850.000000681756,-36137.63918099932,6696.0758396387255,-29441.563341360597,300.4487262742207,27.372661778450173,0.977042588078801
3930000,7860.000000683794,-36508.798504124126,6517.828790931417,-29990.96971319271,292.45089291199594,27.405066459102766,0.9758872997638492
3935000,7870.000000685831,-36401.28615756155,6698.632907735105,-29702.65324982645,300.5634603171068,26.977657374002362,0.9913483567478081
3940000,7880.000000687868,-36759.9766463498,6503.521205287719,-30256.455441062084,291.80892051119645,26.767616427301856,0.9991272991847194
3945000,7890.000000689905,-36265.337943516155,6397.015554603569,-29868.322388912587,287.0300787155835,27.449387033179807,0.9743116039092297
3950000,7900.000000691943,-36474.448051209605,6420.957892433398,-30053.490158776207,288.1043564085594,27.457065705445867,0.974039126887406
3955000,7910.00000069398,-36285.019392020884,6403.538020679576,-29881.48137134131,287.32273768057047,27.356864644259577,0.9776067782034557
3960000,7920.000000696017,-36471.46724568512,6574.493365655639,-29896.97388002948,294.99339686632413,27.150970079464354,0.9850202857705868
3965000,7930.0000006980545,-36187.320627917696,6599.537659633287,-29587.78296828441,296.1171186410207,27.514493858547375,0.9720061159080536
3970000,7940.000000700092,-36054.58450612065,6640.376250049888,-29414.20825607076,297.9495205981294,27.195502944684968,0.9834073067528787
3975000,7950.000000702129,-36555.89675039746,6703.040344676587,-29852.85640572088,300.7612192503858,26.794073264285338,0.9981407471282423
3980000,7960.000000704166,-36348.03112493201,6595.5898158941745,-29752.441309037833,295.93998136668984,27.11301747929615,0.9863991098388398
3985000,7970.0000007062035,-36411.86301862185,6709.294032930624,-29702.56898569123,301.0418183229529,26.942383174363908,0.9926462753328444
3990000,7980.000000708241,-36390.869106531005,6548.854962752526,-29842.014143778477,293.84301779648956,27.388560212383382,0.97647543716192
3995000,7990.000000710278,-36712.51835047881,6584.636554315023,-30127.881796163783,295.4485153844017,27.18085093428698,0.9839374187099633
4000000,8000.000000712315,-36377.167662402266,6536.092964156919,-29841.074698245346,293.27039491786775,27.30731096162318,0.9793808091982454
4005000,8010.000000714353,-36257.28285650136,6561.779865635693,-29695.50299086567,294.42295008839665,27.52010899568764,0.9718077901077141
4010000,8020.00000071639,-36062.87121595299,6783.036406047081,-29279.834809905908,304.3505923879243,27.239563601518398,0.9818166215090113
4015000,8030.000000718427,-36530.01469504986,6623.519250395132,-29906.495444654727,297.1931575884551,27.31460258584788,0.9791193638116208
4020000,8040.000000720464,-36258.35355679152,6568.54038256795,-29689.813174223567,294.72629024610933,27.219535273093065,0.9825390491901508
4025000,8050.000000722502,-36520.75611909058,6640.900497265749,-29879.855621824834,297.9730432421422,27.232684460848937,0.9820646343209941
4030000,8060.000000724539,-36422.482642014395,6576.587865610174,-29845.89477640422,295.08737576659234,26.982282808202733,0.9911784149891224
4035000,8070.000000726576,-36812.65756248229,6725.017221974633,-30087.640340507656,301.74730796111925,27.40976040341755,0.9757201782503744
4040000,8080.0000007286135,-35970.83020037375,6621.668607419052,-29349.161592954697,297.1101203979771,27.688738566724133,0.9658892998023187
4045000,8090.000000730651,-36226.797119983254,6560.7587833570415,-29666.03833662621,294.3771347664993,26.725148078267022,1.0007149905512085
4050000,8100.000000732688,-36461.3615942762,6365.275402863226,-30096.08619141297,285.6059179995885,27.397900827455757,0.9761425327819968
4055000,8110.000000734725,-36121.38280866545,6819.584928496546,-29301.797880168902,305.9905016840739,27.318368021192487,0.9789844066042127
4060000,8120.000000736763,-36063.76168850652,6640.770936701985,-29422.990751804537,297.967229940846,27.339289647302124,0.9782352303825051
4065000,8130.0000007388,-36566.15238041089,6502.200872922862,-30063.951507488026,291.74967802548093,27.050211764335156,0.9886893507386172
4070000,8140.000000740837,-36600.60803057303,6615.636970373394,-29984.971060199634,296.8394846239632,27.41841655504269,0.9754121377845917
4075000,8150.000000742874,-36727.81984069765,6666.875043694183,-30060.944797003467,299.13850486128575,27.234632384174805,0.9819943933652243
4080000,8160.000000744912,-36296.864468186395,6513.153739132988,-29783.710729053408,292.2411262678088,26.987935010873077,0.9909708281069939
4085000,8170.000000746949,-36199.57557573452,6542.676638799572,-29656.898936934944,293.5658002728788,27.28008845186628,0.9803581228781906
4090000,8180.000000748986,-36523.901199737316,6462.314964650214,-30061.586235087103,289.9600223190942,27.143469865292616,0.9852924640566884
4095000,8190.000000751023,-36196.00431168896,6580.9393663918745,-29615.064945297083,295.28262487943897,27.39814716538727,0.9761337562420748
4100000,8200.00000075306,-36289.80420001144,6617.010715985346,-29672.79348402609,296.9011237286,27.313011588769445,0.9791763980219349
4105000,8210.000000755097,-36475.29776874163,6764.949614271045,-29710.348154470583,303.5390493765192,27.530491123291096,0.9714413079974696
4110000,8220.000000757134,-36395.82527745105,6720.833572608056,-29674.991704842992,301.55959023607124,27.23541563115859,0.9819661527774132
4115000,8230.000000759172,-35846.00307999228,6575.067887358022,-29270.93519263426,295.01917529503845,27.46675250690747,0.9736956088964962
4120000,8240.000000761209,-36499.31929887669,6373.249848791158,-30126.06945008553,285.963726390528,27.11763101731284,0.9862312931962297
4125000,8250.000000763246,-36095.804231869224,6642.084997740265,-29453.71923412896,298.0261910360684,27.353553784627994,0.9777251072090027
4130000,8260.000000765283,-36756.499403160036,6476.473862889483,-30280.02554027055,290.5953232092443,27.90765810223635,0.958312453472386
4135000,8270.00000076732,-36875.67337443962,6878.113264291851,-29997.560110147766,308.61663142958133,26.99670938329184,0.9906487463681241
4140000,8280.000000769358,-36353.62022807095,6469.508210694305,-29884.112017376643,290.28277876084934,27.52373585466174,0.9716797330073531
4145000,8290.000000771395,-36564.26902451516,6454.776726233632,-30109.49229828153,289.62178628580347,27.010756987895494,0.9901335352655132
4150000,8300.000000773432,-36434.1888516604,6698.472395351338,-29735.716456309063,300.5562582270456,27.15599980034739,0.9848378444265753
4155000,8310.00000077547,-36187.84561622648,6679.5105248650325,-29508.335091361445,299.70545098235124,27.399548223846317,0.9760838422637431
4160000,8320.000000777507,-36347.23165750205,6407.642647562121,-29939.589009939933,287.506909716286,27.209055465598322,0.982917482763657
4165000,8330.000000779544,-35900.01886360539,6499.926697976911,-29400.092165628485,291.64763722095614,27.348428382434754,0.9779083438593432
4170000,8340.000000781582,-35851.204333879155,6694.5648971002065,-29156.639436778947,300.38093122947464,27.091514377136626,0.9871820354639511
4175000,8350.000000783619,-36418.217951724044,6685.63021750987,-29732.587734214176,299.980037755913,27.488766935378198,0.9729158230157869
4180000,8360.000000785656,-36124.219645216035,6481.818692810926,-29642.400952405107,290.8351423780392,27.547375339571307,0.9708458964584182
4185000,8370.000000787693,-36557.50911359495,6620.058172162745,-29937.450941432202,297.03786117733915,27.665973086202495,0.9666841004757739
4190000,8380.00000078973,-35828.07611174349,6463.615021441055,-29364.461090302433,290.0183550525111,27.541730351707827,0.9710448822604296
4195000,8390.000000791768,-36444.86192650741,6817.3483214036505,-29627.51360510376,305.8901465255707,27.472126419370866,0.9735051411151411
4200000,8400.000000793805,-36406.792275985215,6471.515610223116,-29935.2766657621,290.37284951960396,27.382117593059107,0.9767051878194344
4205000,8410.000000795842,-36307.61941266741,6597.679443005281,-29709.939969662126,296.03374162552734,27.51724390599298,0.971908974532075
4210000,8420.00000079788,-36343.772554448595,6543.213274527059,-29800.559279921537,293.5898787816439,27.32156996494977,0.978869674800249
4215000,8430.000000799917,-36277.60665007225,6738.142606619556,-29539.464043452695,302.33623574402793,27.471617096922078,0.9735231898532488
4220000,8440.000000801954,-36622.19551994525,6589.599270541756,-30032.596249403494,295.6711893511981,27.332255958461847,0.9784869696547249
4225000,8450.000000803991,-36386.420448737874,6636.494501488594,-29749.925947249278,297.7753489730033,27.32627626900914,0.9787010876763118
4230000,8460.000000806029,-36617.16546481419,6697.081147136345,-29920.084317677847,300.49383379157973,27.43276360632281,0.9749020073376241
4235000,8470.000000808066,-36081.974567855126,6605.0371919321915,-29476.937375922935,296.36387920853525,27.759349319817357,0.9634323916782137
4240000,8480.000000810103,-36401.71990973696,6541.523688485646,-29860.196221251314,293.51406811488465,27.622413875552663,0.9682085145459626
4245000,8490.00000081214,-36493.19861948692,6501.208158136727,-29991.99046135019,291.705135535194,27.6143084260298,0.9684927065351728
4250000,8500.000000814178,-36601.26367650207,6477.260041556191,-30124.003634945882,290.63059855329556,27.383924037445265,0.9766407571848379
4255000,8510.000000816215,-36004.37951974518,6378.2062798939605,-29626.173239851218,286.18611834775277,27.543875937409627,0.9709692407632082
4260000,8520.000000818252,-36597.72860260613,6692.120649907992,-29905.607952698134,300.27125938984983,26.98551357422395,0.9910597488931333
4265000,8530.00000082029,-36618.64540054855,6538.2014009102095,-30080.44399963834,293.3649991535615,27.374488392210555,0.9769773930910336
4270000,8540.000000822327,-36670.49726967304,6556.894724831362,-30113.602544841677,294.20375688218434,27.168000721600013,0.9844028119949039
4275000,8550.000000824364,-36460.06396571488,6832.716905056637,-29627.34706065824,306.5797252420847,27.22156364810576,0.9824658367295391
4280000,8560.000000826401,-35817.904982337175,6539.3671923466345,-29278.53778999054,293.4173074846741,27.328072710306646,0.9786367516702399
4285000,8570.000000828439,-35862.877725201135,6649.944360815777,-29212.933364385357,298.378835731546,27.555066877262867,0.9705749010063452
4290000,8580.000000830476,-36358.97028822935,6592.586553901745,-29766.383734327603,295.8052268833324,26.958391084670293,0.9920568413235378
4295000,8590.000000832513,-36240.86337895988,6659.547795335441,-29581.31558362444,298.80973581965594,27.15492942846316,0.9848766639986155
4300000,8600.00000083455,-35982.56986192534,6516.821479023127,-29465.74838290221,292.4056954579864,27.109739639753805,0.9865183753887762
4305000,8610.000000836588,-36466.085230656994,6501.450326060487,-29964.634904596507,291.71600145815853,26.837878364268057,0.9965115700885627
4310000,8620.000000838625,-36265.65385651754,6607.417502684875,-29658.236353832668,296.47068226018934,27.1919493542745,0.9835358237168277
4315000,8630.000000840662,-36216.7101321511,6440.301768412299,-29776.408363738803,288.9723040002911,27.283166677979093,0.980247513871202
4320000,8640.0000008427,-36417.01301278354,6643.395515650573,-29773.617497132964,298.08499315335933,26.849933321386843,0.9960641609981192
4325000,8650.000000844737,-36260.44359653599,6592.036519088756,-29668.40707744723,295.78054716599837,27.25103493174931,0.9814033255472346
4330000,8660.000000846774,-36230.94218688465,6562.549553558762,-29668.392633325886,294.4574855031161,27.58604853631382,0.9694848564997239
4335000,8670.000000848811,-36692.454940199976,6505.708650424785,-30186.74628977519,291.90706980355304,27.096377199030538,0.9870048719125262
4340000,8680.000000850849,-36857.48660177344,6736.294797683203,-30121.191804090235,302.2533257151362,26.945394666655123,0.992535334422791
4345000,8690.000000852886,-36091.61935382741,6641.390704622826,-29450.228649204582,297.9950385390252,27.084926120023322,0.9874221619844537
4350000,8700.000000854923,-36136.676487201374,6504.565775293808,-29632.110711907568,291.85578971270337,26.98706856654419,0.9910026441248024
4355000,8710.00000085696,-36124.432090071125,6656.213070028401,-29468.219020042725,298.6601087851107,27.499661733959144,0.9725303738407928
4360000,8720.000000858998,-36224.40575265171,6492.553140097627,-29731.85261255409,291.3167903001633,27.327350438902428,0.9786626173809473
4365000,8730.000000861035,-36640.813792023546,6677.940827953558,-29962.87296406999,299.6350196657139,27.133186982902163,0.9856658682769328
4370000,8740.000000863072,-36612.1105914741,6543.208573886752,-30068.902017587345,293.5896678668594,27.094670223905258,0.9870670536165647
4375000,8750.00000086511,-36288.98042337364,6754.817655518627,-29534.162767855014,303.0844347373291,27.686249843802887,0.965976123798106
4380000,8760.000000867147,-36299.667917873885,6432.797393978457,-29866.870523895428,288.63558742268225,27.35781579819928,0.9775727895785804
4385000,8770.000000869184,-36674.02865415801,6681.4470335761325,-29992.58162058188,299.79234091454475,27.32890448134342,0.9786069662938772
4390000,8780.000000871221,-36540.60556271718,6533.386052721406,-30007.219509995775,293.1489374982665,27.31601013227786,0.9790689114959866
4395000,8790.000000873259,-36276.77790504121,6578.667406877291,-29698.110498163915,295.1806834799311,27.410370630444582,0.975698456149947
4400000,8800.000000875296,-36437.21622697624,6747.162529541909,-29690.053697434334,302.7409540324723,27.451972895236302,0.974219827794727
4405000,8810.000000877333,-36479.74133715842,6708.633569573516,-29771.1077675849,301.01218374605355,27.33265040575487,0.978472848757896
4410000,8820.00000087937,-36643.270051629996,6757.996061664013,-29885.273989965983,303.2270478290612,27.173641314873954,0.9841984736872091
4415000,8830.000000881408,-36343.52900940836,6558.180411246267,-29785.348598162094,294.2614448258392,27.979426565933522,0.9558543397449474
4420000,8840.000000883445,-36573.16460564889,6758.092375667655,-29815.072229981233,303.2313693780414,27.063387802806183,0.9882079989944768
4425000,8850.000000885482,-36318.31169953378,6471.903457689549,-29846.408241844227,290.39025199234607,26.99518952480935,0.9907045209682226
4430000,8860.00000088752,-36405.34330449295,6615.496824841277,-29789.84647965167,296.83319638177085,27.38348997069943,0.9766562383114502
4435000,8870.000000889557,-36653.37983773324,6554.212121397439,-30099.167716335804,294.0833901473797,27.54141631058847,0.971055954603926
4440000,8880.000000891594,-36244.59801503846,6746.596688529984,-29498.00132650847,302.71556510089835,26.955266016754074,0.9921718557702123
4445000,8890.000000893631,-36166.32025012082,6686.098705708817,-29480.221544412005,300.0010585277828,27.181342568616063,0.9839196220389017
4450000,8900.000000895669,-36481.3951502795,6565.186595745234,-29916.20855453427,294.57580793330226,27.22444172807464,0.9823619736173751
4455000,8910.000000897706,-36190.954807023925,6793.9060543243195,-29397.048752699608,304.83830669375885,27.479316359124596,0.9732504243229513
4460000,8920.000000899743,-36243.520918305585,6391.6664913495215,-29851.854426956063,286.79006959980774,26.887532576559565,0.9946712748918493
4465000,8930.00000090178,-36549.99352411885,6464.8423444469245,-30085.151179671928,290.07342426658084,27.130469966609386,0.9857645790706138
4470000,8940.000000903818,-36419.73647599263,6484.819914074539,-29934.91656191809,290.96980529517367,27.614382188580418,0.9684901195320742
4475000,8950.000000905855,-36538.93057793435,6585.836498827292,-29953.094079107057,295.5023561426226,27.22204441445823,0.9824484854788555
4480000,8960.000000907892,-36427.65683232211,6639.707951363154,-29787.948880958953,297.9195344549004,27.45054199787271,0.9742706103469719
4485000,8970.00000090993,-35905.18297054419,6462.432194363038,-29442.750776181154,289.965282342837,27.587977893305446,0.9694170558659336
4490000,8980.000000911967,-36610.72469691734,6505.516444491877,-30105.208252425466,291.8984456438052,27.40502990654624,0.9758886013926307
4495000,8990.000000914004,-36293.42480514113,6635.067274268846,-29658.35753087228,297.7113101821433,27.171776254078736,0.9842660287108785
4500000,9000.000000916041,-36730.07886726636,6610.382771550057,-30119.696095716303,296.6037320157388,26.81541039847713,0.9973465223616885
4505000,9010.000000918079,-36387.5728467038,6310.692367063176,-30076.880479640622,283.15681139221914,27.477823203750305,0.9733033111215464
4510000,9020.000000920116,-36407.84768655822,6808.702335449737,-29599.145351108484,305.5022065545416,27.512860573301392,0.9720638184956812
4515000,9030.000000922153,-36494.49397817689,6825.242336373651,-29669.25164180324,306.2443460298365,27.228680749791117,0.9822090373154709
4520000,9040.00000092419,-36704.09436040987,6657.376047799515,-30046.718312610355,298.71229086882425,26.93112417903195,0.9930612672843857
4525000,9050.000000926228,-36646.5711239465,6574.929292545669,-30071.641831400833,295.0129566326701,27.0703530222683,0.9879537324327681
4530000,9060.000000928265,-36613.815724944354,6591.20482550242,-30022.610899441934,295.74322959602915,26.896706596779953,0.9943320090283628
4535000,9070.000000930302,-36520.17881931169,6883.667423518084,-29636.511395793605,308.8658430730887,27.548874677647273,0.9707930585027672
4540000,9080.00000093234,-36566.3868422487,6770.772901526914,-29795.613940721785,303.8003366260449,27.189386236513403,0.9836285407100145
4545000,9090.000000934377,-36333.039264705294,6465.698115251085,-29867.34114945421,290.1118221662239,27.081777362459718,0.9875369680756274
4550000,9100.000000936414,-36124.41419183175,6462.482338111351,-29661.931853720394,289.967532261397,27.07139981137533,0.9879155305218006
4555000,9110.000000938451,-36518.05880990147,6477.260029025927,-30040.798780875542,290.63059799107043,27.39197029723729,0.976353873650338
4560000,9120.000000940488,-35952.872098709755,6628.873693207433,-29323.998405502323,297.4334080816381,27.390748251839096,0.976397433933808
4565000,9130.000000942526,-36554.04479566676,6626.243660884842,-29927.80113478192,297.31540017965096,27.0186981779752,0.9898425205557724
4570000,9140.000000944563,-36506.29287731326,6639.220999078727,-29867.071878234532,297.89768521108704,27.812573608802158,0.9615886930420051
4575000,9150.0000009466,-36571.83459300488,6554.575009926044,-30017.259583078838,294.0996727282241,27.514777679554598,0.9719960894503422
4580000,9160.000000948638,-36415.96187881724,6542.996463289308,-29872.965415527928,293.5801505972887,26.78166113562361,0.998603341711645
4585000,9170.000000950675,-36591.801172522726,6493.931816074966,-30097.869356447758,291.37865062720505,27.475943053392143,0.9733699132602046
4590000,9180.000000952712,-36475.5431953747,6551.199764326178,-29924.343431048525,293.9482275735353,27.518801586641445,0.9718539603703236
4595000,9190.00000095475,-36650.40909532816,6508.911707533272,-30141.49738779489,292.05078896854985,27.025648997369643,0.9895879395616215
4600000,9200.000000956787,-36466.56532115246,6747.449622140797,-29719.115699011665,302.75383569745406,27.424198651145588,0.9752064826698389
4605000,9210.000000958824,-36539.906335617954,6500.488040045326,-30039.41829557263,291.67282428775445,26.84795263420744,0.9961376448700712
4610000,9220.000000960861,-36543.54491976316,6430.478379865381,-30113.06653989778,288.5315347128307,27.358695284979866,0.9775413640176558
4615000,9230.000000962898,-35948.29790164482,6731.581467379038,-29216.716434265785,302.041841538387,26.9421148368292,0.9926561618712981
4620000,9240.000000964936,-36748.405377863026,6453.422893633298,-30294.982484229728,289.5610406655178,27.249486332223206,0.9814590991022414
4625000,9250.000000966973,-36531.94568212147,6242.156118654708,-30289.789563466762,280.0816328800462,27.33124427201175,0.9785231890818005
4630000,9260.00000096901,-35889.45998996004,6536.810919298749,-29352.649070661297,293.3026091151156,27.278551205503256,0.980413369652387
4635000,9270.000000971047,-36637.21634344655,6663.228558004546,-29973.987785442,298.97488933376394,26.94860038226892,0.9924172657300324
4640000,9280.000000973085,-36377.800026972815,6568.495424972913,-29809.304601999902,294.7242730269964,27.594643155382553,0.9691829010445437
4645000,9290.000000975122,-35964.58720482652,6273.695467051835,-29690.891737774687,281.4967836758811,27.593026016950148,0.9692397017345569
4650000,9300.00000097716,-36245.51089976332,6616.778917222703,-29628.73198254062,296.89072306339614,27.36415519778109,0.9773463172285791
4655000,9310.000000979197,-36677.95130109109,6442.214373295397,-30235.73692779569,289.0581213827035,27.375606072353712,0.9769375054542199
4660000,9320.000000981234,-36735.2225642611,6620.528801843767,-30114.693762417333,297.05897803616756,27.517604136261717,0.9718962513665934
4665000,9330.000000983271,-36365.09864756541,6412.38435132493,-29952.714296240483,287.7196669923419,27.44265891286512,0.9745504760140031
4670000,9340.000000985308,-36545.915731519475,6726.621176763651,-29819.294554755823,301.81927640725144,27.156699787498965,0.9848124593892591
4675000,9350.000000987346,-36639.35238278139,6502.458855077963,-30136.89352770343,291.7612535230944,27.481062752161822,0.9731885752678459
4680000,9360.000000989383,-36448.75131151402,6574.923996845382,-29873.827314668633,295.0127190179173,27.280561708453696,0.9803411158625494
4685000,9370.00000099142,-35941.91727211715,6519.866759758232,-29422.050512358917,292.5423352959932,27.56071350173528,0.9703760501316033
4690000,9380.000000993457,-36367.04007265757,6622.628208299358,-29744.41186435821,297.15317708806305,27.12010339879403,0.9861413842475205
4695000,9390.000000995495,-36546.21986590635,6577.66102457105,-29968.5588413353,295.1355277365829,27.31167945470169,0.9792241575982111
4700000,9400.000000997532,-36390.08831793709,6573.140719883968,-29816.94759805312,294.93270449829674,27.466202672081728,0.9737151009159003
4705000,9410.00000099957,-36775.54152214846,6495.183969470478,-30280.357552677982,291.43483396529604,27.2892339493099,0.9800295734317948
4710000,9420.000001001607,-36073.06568339069,6634.197876191686,-29438.867807199003,297.6723008353014,27.29823056202359,0.9797065874235954
4715000,9430.000001003644,-35865.11133541716,6471.45487486825,-29393.65646054891,290.370124362296,27.247241811230527,0.9815399478562786
4720000,9440.000001005681,-36702.43276262448,6732.089934603664,-29970.342828020814,302.0646561440829,27.182085654758637,0.9838927242855127
4725000,9450.000001007718,-36378.89664507525,6547.122596132771,-29831.774048942476,293.7652875919921,27.70968569347615,0.9651591361398654
4730000,9460.000001009756,-36233.23387344663,6644.8306151859415,-29588.40325826069,298.1493851700874,27.25908518782334,0.9811134938075367
4735000,9470.000001011793,-36564.84535123226,6747.961334839158,-29816.8840163931,302.7767959255224,27.756954471361595,0.9635155158760728
4740000,9480.00000101383,-36666.5739521901,6668.1903341670895,-29998.383618023006,299.1975211204694,27.561610038438616,0.970344485293999
4745000,9490.000001015867,-36294.703614902595,6560.654944352398,-29734.048670550197,294.37247557544026,27.308484045308926,0.9793387381829706
4750000,9500.000001017905,-36445.15077351584,6717.282929223338,-29727.8678442925,301.4002750927036,27.224257265436467,0.9823686297799117
4755000,9510.000001019942,-36115.53145525857,6516.255756525433,-29599.275698733138,292.3803118440717,27.35420117638542,0.9777019673932444
4760000,9520.00000102198,-36267.66595850265,6808.5269521047185,-29459.13900639793,305.49433721376914,26.760754674389087,0.9993834864536817
4765000,9530.000001024016,-36678.16124304309,6800.170638924292,-29877.9906041188,305.1193946785389,27.697693384001163,0.9655770224559831
4770000,9540.000001026054,-36689.77604511047,6581.129319147929,-30108.646725962542,295.2911479405535,27.18378906195998,0.9838310709983981
4775000,9550.000001028091,-35913.696282767414,6684.271716016637,-29229.42456675078,299.91908264532907,26.966187134343375,0.9917700330931064
4780000,9560.000001030128,-36116.71982129598,6580.306067262325,-29536.413754033652,295.25420914440537,27.718572054701028,0.9648497135366266
4785000,9570.000001032166,-36002.47708161683,6517.980028220145,-29484.497053396684,292.4576788343558,27.67864982329319,0.9662413621099316
4790000,9580.000001034203,-35991.11171624315,6829.201837151222,-29161.909879091923,306.42200634817715,27.288240563278194,0.9800652498868834
4795000,9590.00000103624,-36291.605867657454,6639.803315933188,-29651.802551724264,297.9238134033897,27.064327825116926,0.9881736756751351
4800000,9600.000001038277,-36047.35687026896,6779.47139398197,-29267.88547628699,304.19063253087273,27.397958387746534,0.976140482007
4805000,9610.000001040315,-36067.89199072099,6530.776841859382,-29537.11514886161,293.03186384216554,26.990585151021442,0.9908735270828507
4810000,9620.000001042352,-36276.43225852697,6515.658665173185,-29760.773593353784,292.35352072931306,27.27817166471395,0.9804270108475792
4815000,9630.00000104439,-36552.4297220506,6576.275322701838,-29976.154399348758,295.07335216217615,27.58207195219587,0.9696246298310979
4820000,9640.000001046426,-36453.4916933302,6651.393751316408,-29802.097942013792,298.44386897492876,27.251021528332565,0.9814038082505253
4825000,9650.000001048464,-36599.23209608812,6665.862604483309,-29933.36949160481,299.0930773484227,27.459321735631686,0.9739591008148909
4830000,9660.000001050501,-36899.93598364404,6563.902267826959,-30336.03371581708,294.51818094453967,26.9490189300897,0.9924018524014451
4835000,9670.000001052538,-36602.21663412156,6522.714837689829,-30079.501796431734,292.6701267678001,27.680723895602863,0.9661689631921442
4840000,9680.000001054575,-35916.058663401636,6673.984406391974,-29242.074257009663,299.4574975098648,27.02700946373852,0.9895381263881506
4845000,9690.000001056613,-36466.03369903226,6642.5154612522165,-29823.518237780045,298.0455056640641,27.44699328723804,0.9743965769488433
4850000,9700.00000105865,-36542.51052699952,6376.063541528849,-30166.44698547067,286.08997502023465,27.087820614860114,0.9873166500501334
4855000,9710.000001060687,-36487.1377967442,6673.232160232328,-29813.905636511874,299.42374469613884,27.5442714538981,0.970955298323483
4860000,9720.000001062725,-36432.4634221264,6598.214737467669,-29834.24868465873,296.0577599525681,27.322591791282964,0.9788330664573026
4865000,9730.000001064762,-36231.80928732247,6808.916311228244,-29422.892976094223,305.51180751361755,27.30824747950265,0.9793472219957231
4870000,9740.000001066799,-36164.229666094165,6733.696431402275,-29430.533234691888,302.13673864859237,27.781134359444987,0.9626769001075781
4875000,9750.000001068836,-36403.241350126234,6845.745016714127,-29557.496333412106,307.16428844701136,27.420762176373646,0.9753286992754012
4880000,9760.000001070874,-36456.3468717056,6425.861866519026,-30030.485005186576,288.32439465230016,27.044352845702942,0.9889035414974628
4885000,9770.00000107291,-36148.88167143859,6751.265240097075,-29397.616431341514,302.9250400837793,27.484356065746006,0.9730719629249102
4890000,9780.000001074948,-36314.8367845066,6386.522302632824,-29928.31448187378,286.55925307612137,26.921130877900566,0.9934298981688345
4895000,9790.000001076985,-36050.3687327361,6596.566085102952,-29453.802647633143,295.98378595422776,27.00278714138988,0.9904257722207136
4900000,9800.000001079023,-36620.007495379235,6644.321764097962,-29975.68573128127,298.12655334068336,26.738271626326913,1.0002238245006765
4905000,9810.00000108106,-36681.228879441944,6679.9886378076235,-30001.24024163432,299.72690361043624,27.250262311091383,0.9814311510585789
4910000,9820.000001083097,-36450.185444724775,6535.543300781597,-29914.64214394318,293.24573186670915,27.0096492868287,0.990174141937656
4915000,9830.000001085134,-36115.23581607871,6701.389820434713,-29413.845995644,300.6871612620906,27.381559346238763,0.97672510058476
4920000,9840.000001087172,-35891.43193627205,6509.816008239482,-29381.615928032566,292.09136437448257,27.679513289113284,0.9662112200918466
4925000,9850.000001089209,-36434.519975519965,6540.4080494302,-29894.111926089765,293.46401008967445,27.222729178773932,0.9824237728330202
4930000,9860.000001091246,-36297.42453780069,6686.173851364157,-29611.25068643653,300.0044302662417,27.433445076802588,0.9748777899293907
4935000,9870.000001093284,-36204.59605913238,6579.265207786693,-29625.330851345687,295.2075064320745,26.88974750620755,0.9945893430367344
4940000,9880.00000109532,-36451.43283470229,6397.121229061864,-30054.311605640425,287.03482026229756,27.228049434441903,0.9822318110232566
4945000,9890.000001097358,-36082.41394866485,6582.159286549481,-29500.254662115367,295.33736193234677,27.320369586981702,0.9789126835006803
4950000,9900.000001099395,-36331.95390883449,6477.763877000276,-29854.190031834216,290.6532053339014,27.747204043082814,0.9638540973388555
4955000,9910.000001101433,-36344.14299044346,6688.541194512944,-29655.601795930517,300.11065146963614,27.523923109355255,0.9716731223367057
4960000,9920.00000110347,-36755.67502875195,6651.027668180989,-30104.647360570965,298.4274430540788,26.988577650342943,0.9909472315701227
4965000,9930.000001105507,-36763.53638509779,6540.169783087151,-30223.36660201064,293.4533192281911,26.913824334223545,0.9936995937294094
4970000,9940.000001107544,-36537.75274193646,6632.2943790569925,-29905.45836287947,297.58689211185185,26.94068511804554,0.9927088412725132
4975000,9950.000001109582,-35930.65691275368,6647.31370204505,-29283.343210708626,298.2607997212236,27.164366926057173,0.9845344962178538
4980000,9960.000001111619,-36717.61047188959,6408.594147771069,-30309.01632411852,287.5496029343251,27.369179676412653,0.9771668943980591
4985000,9970.000001113656,-36107.80198326547,6869.349559565154,-29238.452423700313,308.22340949099566,27.42799435224384,0.9750715259438838
4990000,9980.000001115694,-35932.62075798883,6661.434107983183,-29271.186650005646,298.89437348594606,27.288502056528856,0.9800558583692572
4995000,9990.00000111773,-36216.09360841573,6324.6949683469065,-29891.398640068823,283.7850993359307,27.595449968674362,0.9691545648642081
5000000,10000.000001119768,-36134.54261503519,6585.141781924853,-29549.40083311034,295.471184630612,27.16107528969196,0.9846538114333228
5005000,10010.000001121805,-36337.30029823244,6675.150811569899,-29662.14948666254,299.5098333791739,27.18976242047744,0.9836149317171199
5010000,10020.000001123843,-36488.25930279214,6465.824114253433,-30022.435188538708,290.11747566249153,27.527812042697406,0.971535851274361
5015000,10030.00000112588,-36405.66221329737,6493.302863301013,-29912.35934999636,291.35042991042303,27.273644859907407,0.980589739435121
5020000,10040.000001127917,-36323.32760545057,6591.644480524408,-29731.68312492616,295.7629566413196,27.54953615125283,0.970769749435742
5025000,10050.000001129954,-36192.63078176839,6641.815794301838,-29550.814987466554,298.0141120465048,27.322816862985654,0.9788250033199614
5030000,10060.000001131992,-36157.73869039328,6584.24399747071,-29573.49469292257,295.4309016048256,27.69700676078922,0.965600959612885
5035000,10070.000001134029,-36175.32503423661,6613.777403307227,-29561.54763092938,296.75604701515596,27.283157321261395,0.9802478500456101
5040000,10080.000001136066,-36658.130502001295,6348.831150580259,-30309.299351421036,284.8680747058041,27.508204283304547,0.9722283588992547
5045000,10090.000001138103,-36595.96708567357,6500.066626514737,-30095.90045915883,291.6539157267506,27.189337691841605,0.9836302969103757
5050000,10100.00000114014,-36373.575497255304,6383.424487896586,-29990.15100935872,286.4202560704084,27.144939940678945,0.9852391040491543
5055000,10110.000001142178,-36346.11717667566,6740.518337328816,-29605.598839346843,302.4428332920041,27.620885809888254,0.9682620785843229
5060000,10120.000001144215,-36386.53978349845,6577.796348690674,-29808.743434807773,295.14159964501835,27.026174347568322,0.9895687033865722
5065000,10130.000001146253,-36334.68675016095,6591.636248255358,-29743.050501905593,295.76258726456666,27.45187041050292,0.9742234648022539
5070000,10140.00000114829,-36560.21910953708,6646.948452708497,-29913.270656828583,298.2444112124062,27.321475258916568,0.978873067913653
5075000,10150.000001150327,-36756.08807717085,6432.4201795469635,-30323.667897623884,288.6186620475538,26.77154383735249,0.9989807262929757
5080000,10160.000001152364,-36299.2013241141,6426.090089633614,-29873.11123448049,288.33463488041684,27.23327127420332,0.9820434731231166
5085000,10170.000001154402,-36073.60312891309,6509.573113618695,-29564.030015294396,292.0804658450779,26.962877976572987,0.991891753167436
5090000,10180.000001156439,-36474.69800778844,6700.077719109702,-29774.620288678736,300.6282880979743,27.171811274885993,0.9842647601244553
5095000,10190.000001158476,-36556.96676423878,6501.48657899269,-30055.480185246088,291.71762810450554,27.056033957283795,0.9884765944944703
5100000,10200.000001160513,-36655.30957615112,6519.487088204006,-30135.822487947116,292.5252996713077,27.618782338094704,0.9683358223122734
5105000,10210.00000116255,-36537.924961736935,6548.236156875754,-29989.68880486118,293.81525236462477,27.41110188075326,0.9756724272876144
5110000,10220.000001164588,-36608.070148088256,6518.9007171562525,-30089.169430932005,292.498989569893,27.052418238487903,0.9886087103508238
5115000,10230.000001166625,-36521.852637280805,6689.402442818924,-29832.450194461882,300.1492951413529,27.19738088674836,0.9833394038193394
5120000,10240.000001168662,-35960.01158937998,6683.484364753978,-29276.527224626003,299.88375468763246,27.613086175820783,0.968535575354886
5125000,10250.0000011707,-35882.55493646536,6826.609994595618,-29055.944941869744,306.3057119970999,27.589532019859206,0.9693624483145223
5130000,10260.000001172737,-36497.73171847193,6777.777322746413,-29719.954395725515,304.11462061626327,27.712431186153598,0.965063517053866
5135000,10270.000001174774,-36387.44042092951,6801.659165778377,-29585.78125515113,305.18618394557313,26.923773182141662,0.9933324027689364
5140000,10280.000001176812,-36487.24782015414,6533.284759422426,-29953.963060731712,293.1443925314251,27.148819802706242,0.9850983026509579
5145000,10290.000001178849,-35949.753051482796,6661.827964885226,-29287.92508659757,298.9120455982977,27.46357597314302,0.9738082299543286
5150000,10300.000001180886,-36700.567942087095,6854.388146160045,-29846.179795927048,307.55210024831695,27.235256460956386,0.9819718916530991
5155000,10310.000001182923,-37138.65402737149,6476.185147662081,-30662.468879709413,290.58236873793805,27.232773502436526,0.9820614233151763
5160000,10320.00000118496,-36324.9141812116,6705.127480814112,-29619.78670039749,300.8548677407999,27.562402402502535,0.9703165898265231
5165000,10330.000001186998,-36378.077093040396,6480.6632071092245,-29897.41388593117,290.78329645878466,27.350880684941114,0.9778206637911853
5170000,10340.000001189035,-36575.24342286168,6489.285495543877,-30085.9579273178,291.17017313697653,27.272264224542372,0.9806393809632943
5175000,10350.000001191072,-35950.166691380386,6763.53012631365,-29186.636565066736,303.4753578415105,27.441789859794152,0.9745813390185055
5180000,10360.00000119311,-36620.87704164042,6462.509113917651,-30158.36792772277,289.96873367504446,27.31852864016784,0.978978650676639
5185000,10370.000001195147,-35966.5253203706,6597.455453148044,-29369.069867222555,296.02369134101497,27.1796099711443,0.9839823431983068
5190000,10380.000001197184,-36493.17221429,6507.145649799315,-29986.02656449069,291.9715470648735,27.246527737830853,0.9815656719255704
5195000,10390.000001199222,-36598.065217480755,6474.364541469093,-30123.700676011664,290.5006792790923,27.451392212030537,0.974240435605375
5200000,10400.000001201259,-36540.86082242118,6538.668779916277,-30002.192042504903,293.385970156642,27.515039182109707,0.9719868516128359
5205000,10410.000001203296,-36868.0806064704,6624.680440852455,-30243.400165617946,297.24525947651904,27.449718485819176,0.97429983919285
5210000,10420.000001205333,-36226.21310503538,6638.50376668478,-29587.7093383506,297.86550344308375,26.651423722319315,1.0034832129521685
5215000,10430.00000120737,-36288.308479337866,6561.351421298831,-29726.957058039035,294.40372605952183,26.998894922006823,0.9905685541530577
5220000,10440.000001209408,-36306.74607899557,6602.230780723883,-29704.51529827169,296.2379572964884,27.30827320947312,0.9793462992506302
5225000,10450.000001211445,-36705.948452603596,6678.594382709225,-30027.35406989437,299.66434425799656,26.88082833687306,0.9949193518689642
5230000,10460.000001213482,-36415.65539195965,6593.879486076328,-29821.775905883318,295.86323993968296,27.064424457815434,0.9881701474312953
5235000,10470.00000121552,-36857.72420913653,6777.52117182371,-30080.203037312822,304.1031272848998,27.248468248830182,0.9814957693179983
5240000,10480.000001217557,-36188.37956503291,6485.4107744317025,-29702.96879060121,290.9963168290881,27.24191226007419,0.9817319742938558
5245000,10490.000001219594,-36707.783135166355,6579.57760369111,-30128.205531475243,295.221523440517,27.33943636220879,0.9782299807610929
5250000,10500.000001221631,-36553.65681582704,6614.7105865351,-29938.946229291938,296.7979183617341,26.687302741399062,1.002134107211038
5255000,10510.000001223669,-36546.96708359755,6647.667579096034,-29899.299504501512,298.27667796271487,27.258594648591366,0.981131149694274
5260000,10520.000001225706,-36201.36839857075,6531.601099762989,-29669.767298807757,293.0688477777109,27.38566263895956,0.9765787543360573
5265000,10530.000001227743,-36240.11827848026,6403.559132417734,-29836.559146062526,287.32368495103015,26.784275517189016,0.99850586921641
5270000,10540.00000122978,-36217.66807986644,6343.9701984753265,-29873.697881391112,284.6499668313739,27.772865182310408,0.9629635304483121
5275000,10550.000001231818,-36587.06152264298,6579.292157328268,-30007.76936531471,295.2087156411149,27.41706910195776,0.9754600758807189
5280000,10560.000001233855,-36460.845072852404,6602.694314277138,-29858.150758575266,296.2587557565113,27.250704326522776,0.9814152319209148
5285000,10570.000001235892,-36516.07779340502,6647.017853131977,-29869.059940273044,298.24752516591224,27.401110672750672,0.9760281846246014
5290000,10580.00000123793,-36805.3120200015,6520.799842693945,-30284.51217730755,292.584202142525,26.93341084473783,0.9929769556776298
5295000,10590.000001239967,-36041.62418572189,6656.105138893053,-29385.51904682884,298.6552659827116,27.17628222792894,0.9841028321062135
5300000,10600.000001242004,-36514.64278708735,6733.37590106732,-29781.266886020032,302.1223566533498,27.266950950580885,0.9808304696441639
5305000,10610.000001244041,-36432.81149231276,6510.338524797762,-29922.472967514994,292.11480936497435,27.353493205472255,0.9777272725544341
5310000,10620.000001246079,-36780.67809270881,6652.933248728768,-30127.744843980043,298.5129452589678,27.266524453321818,0.9808458115887388
5315000,10630.000001248116,-36382.65935993102,6583.811426031171,-29798.84793389985,295.4114923954402,27.262829987970484,0.9809787288562241
5320000,10640.000001250153,-36556.210125329184,6716.958237166845,-29839.25188816234,301.38570636362397,27.503649958027903,0.9723893500475701
5325000,10650.00000125219,-36659.48770670251,6425.975521271104,-30233.512185431406,288.32949426979474,27.682667994769545,0.9661011110517158
5330000,10660.000001254228,-36057.216313845885,6629.740764874889,-29427.475548970997,297.4723130439346,27.01169155107379,0.9900992781608849
5335000,10670.000001256265,-36782.49922297377,6362.802052209372,-30419.697170764397,285.49494030588,26.929230220285515,0.9931311102415566
5340000,10680.000001258302,-36321.1791416694,6675.72389094648,-29645.455250722924,299.5355470916335,27.29765921567131,0.9797270929101872
5345000,10690.00000126034,-36317.67258244161,6697.420208510133,-29620.25237393148,300.5090472629207,27.679203709471285,0.9662220267366748
5350000,10700.000001262377,-36345.94242961799,6521.7719465915,-29824.170483026493,292.6278198351589,27.38610002984318,0.9765631571300359
5355000,10710.000001264414,-35879.597838659305,6702.611896038697,-29176.98594262061,300.7419950285265,27.211240878585027,0.9828385418347492
5360000,10720.000001266451,-36583.92782865983,6698.8526390885145,-29885.07518957131,300.5733195252215,27.26995018974436,0.9807225946705458
5365000,10730.000001268489,-36041.702271662005,6679.963734340162,-29361.738537321842,299.72578620745907,27.12742281116573,0.9858753075362031
5370000,10740.000001270526,-36405.4032197418,6457.085640437477,-29948.31757930432,289.72538581905775,27.470852669743238,0.9735502799328508
5375000,10750.000001272563,-36358.75937247252,6529.560509624623,-29829.1988628479,292.97728777710716,27.671930860919176,0.9664759731093903
5380000,10760.0000012746,-36558.91508120794,6551.155734297074,-30007.759346910865,293.94625197372443,27.268176931157008,0.9807863713860627
5385000,10770.000001276638,-36094.51468558215,6612.377158770307,-29482.137526811843,296.6932189203635,27.221125073111878,0.9824816657941782
5390000,10780.000001278675,-36020.15105890349,6538.769884688107,-29481.38117421538,293.3905066643883,27.2345814940383,0.9819962283054356
5395000,10790.000001280712,-36136.8576054317,6648.674459278682,-29488.18314615302,298.32185604546544,27.396532956431905,0.9761912702294638
5400000,10800.00000128275,-36504.982178258775,6471.296483500055,-30033.685694758722,290.3630174408741,27.4799811900595,0.9732268782009571
5405000,10810.000001284787,-36514.72631976342,6733.043584542388,-29781.682735221028,302.10744581914975,26.86609649236798,0.9954649092479824
5410000,10820.000001286824,-36406.27692899585,6739.588601080158,-29666.688327915694,302.4011166092229,27.52441811874064,0.9716556474054279
5415000,10830.000001288861,-36395.81285731254,6613.381482943748,-29782.431374368796,296.7382823165829,27.166941598649338,0.9844411896535412
5420000,10840.000001290899,-36278.34639990868,6684.9799737189205,-29593.36642618976,299.9508617245422,27.08705342605263,0.9873446138995577
5425000,10850.000001292936,-36123.32715758213,6495.8519911724225,-29627.475166409706,291.4648076803912,27.269194807098458,0.9807497616196872
5430000,10860.000001294973,-36068.9043372645,6570.314984799807,-29498.589352464696,294.8059155360513,27.40743580968602,0.9758029350987655
5435000,10870.00000129701,-36467.7477818318,6515.334921116884,-29952.412860714918,292.3389945364079,27.75543037758687,0.9635684240089901
5440000,10880.000001299048,-36421.92462287824,6589.709823104786,-29832.214799773457,295.67614977541433,27.52105840438981,0.9717742651335214
5445000,10890.000001301085,-36159.69601427613,6797.859948147605,-29361.836066128526,305.0157154315747,27.128698830194843,0.9858289361396014
5450000,10900.000001303122,-36200.93315628395,6692.356798528369,-29508.57635775558,300.2818552304441,27.126594377970342,0.985905415695742
5455000,10910.00000130516,-36096.81165445248,6699.293558456611,-29397.51809599587,300.59310330092933,27.417717926516143,0.9754369921778867
5460000,10920.000001307197,-36259.092936085726,6567.885495301023,-29691.207440784703,294.6969058648816,27.339430152978714,0.9782302029330616
5465000,10930.000001309234,-36763.223164971845,6631.241540295703,-30131.98162467614,297.53965189648136,26.87856324518088,0.9950031950244836
5470000,10940.000001311271,-36496.5660424097,6427.357425960024,-30069.208616449676,288.3914994671016,27.03905521023543,0.989097292737462
5475000,10950.000001313309,-36496.84968759208,6332.034062751285,-30164.815624840798,284.1143999022039,27.39285708054896,0.9763222663477886
5480000,10960.000001315346,-36413.38677102907,6618.8202702199915,-29794.56650080908,296.9823172930016,27.4327412307914,0.9749028025170159
5485000,10970.000001317383,-36561.576004702336,6563.913146341309,-29997.66285836103,294.51866905666066,27.779067440461397,0.9627485286877729
5490000,10980.00000131942,-36789.994615623815,6503.565477850999,-30286.429137772815,291.81090699336374,26.631770608490417,1.0042237408764836
5495000,10990.000001321458,-36028.043831139315,6340.623773581954,-29687.420057557363,284.4998148437225,27.256943336511128,0.9811905897312504
5500000,11000.000001323495,-36535.473376660135,6174.2963651073,-30361.177011552834,277.0368082683074,27.110387141145804,0.9864948134965031
