#"Step","Time (ps)","Potential Energy (kJ/mole)","Kinetic Energy (kJ/mole)","Total Energy (kJ/mole)","Temperature (K)"
505000,1009.9999999899404,-36297.00488888123,6713.305359784831,-29583.6995290964,301.2218040448711
510000,1019.999999989704,-36444.53374373846,6356.529890341231,-30088.003853397226,285.21351233382615
515000,1029.9999999894676,-36668.30743642745,6518.46807635235,-30149.8393600751,292.47957724817206
520000,1039.9999999892311,-36523.86631764162,6609.195950609348,-29914.670367032275,296.5504801039488
525000,1049.9999999889947,-36726.52886941843,6448.507874959747,-30278.020994458682,289.34050685803896
530000,1059.9999999887582,-36366.769863917805,6409.697517899609,-29957.072346018198,287.5991104604744
535000,1069.9999999885217,-36171.6729375476,6665.932705527905,-29505.740232019692,299.0962227383591
540000,1079.9999999882853,-36172.705537012305,6566.318088223739,-29606.387448788566,294.6265772916694
545000,1089.9999999880488,-36130.40733652535,6724.63291926304,-29405.77441726231,301.7300645393052
550000,1099.9999999878123,-36581.76961047528,6666.044279659105,-29915.725330816178,299.1012289996989
555000,1109.9999999875758,-36824.05619862994,6575.206828306815,-30248.84937032313,295.02540948833195
560000,1119.9999999873394,-36194.45350955175,6288.098175373199,-29906.355334178552,282.143024171611
565000,1129.999999987103,-35995.0414156688,6627.14679969236,-29367.89461597644,297.35592345191765
570000,1139.9999999868664,-36272.52585850979,6551.434828332097,-29721.091030177693,293.95877474815853
575000,1149.99999998663,-36493.03892207911,6570.056536688651,-29922.98238539046,294.79431913128167
580000,1159.9999999863935,-36807.66775841899,6521.88987942229,-30285.777878996698,292.633111407364
585000,1169.999999986157,-36759.75175957053,6490.130275558615,-30269.621484011914,291.20807788678644
590000,1179.9999999859206,-36432.30235682105,6567.367913377775,-29864.93444344327,294.673682288371
595000,1189.999999985684,-36576.06587398874,6616.3853764368905,-29959.680497551846,296.87306513498163
600000,1199.9999999854476,-36604.59685794124,6462.400542073832,-30142.196315867404,289.9638621244578
605000,1209.9999999852112,-36420.45292744182,6914.541794896235,-29505.91113254558,310.25115676684504
610000,1219.9999999849747,-35816.40090416287,6548.55435870964,-29267.846545453227,293.82952988148367
615000,1229.9999999847382,-36105.376165450696,6463.984245818419,-29641.391919632275,290.0349219189183
620000,1239.9999999845018,-36503.35346038719,6576.697706778158,-29926.65575360903,295.09230427095866
625000,1249.9999999842653,-36355.720436393625,6654.153551473641,-29701.566884919986,298.56769947832646
630000,1259.9999999840288,-36007.90753953625,6542.902746070184,-29465.00479346607,293.5759455644023
635000,1269.9999999837923,-36506.13467381197,6734.454960033228,-29771.67971377874,302.1707733528685
640000,1279.9999999835559,-36405.617946291946,6479.227310274133,-29926.390636017815,290.71886866771774
645000,1289.9999999833194,-36442.62614057226,6579.032233707963,-29863.5939068643,295.19705303117445
650000,1299.999999983083,-35943.19329801353,6420.754665481587,-29522.438632531943,288.09523774260066
655000,1309.9999999828465,-36113.71443222761,6565.139491611296,-29548.574940616312,294.57369440033415
660000,1319.99999998261,-36471.88408254066,6384.295044774477,-30087.58903776618,286.4593174119129
665000,1329.9999999823735,-36284.29739298102,6701.596757327807,-29582.70063565321,300.69644639078956
670000,1339.999999982137,-36471.64815940449,6584.796340692012,-29886.85181871248,295.45568489899375
675000,1349.9999999819006,-36318.12726209055,6570.461982544782,-29747.66527954577,294.81251123274
680000,1359.9999999816641,-35976.552854171845,6711.180174403773,-29265.372679768072,301.1264483087464
685000,1369.9999999814277,-36217.07457538365,6653.5937380573,-29563.48083732635,298.5425810011887
690000,1379.9999999811912,-36472.77569245238,6586.777469153443,-29885.998223298935,295.54457689142004
695000,1389.9999999809547,-36216.17264538473,6547.694883745021,-29668.477761639708,293.79096577848236
700000,1399.9999999807183,-36742.805942414365,6691.658944381227,-30051.14699803314,300.2505429522299
705000,1409.9999999804818,-36111.96743718294,6756.592991711357,-29355.37444547158,303.16409295963547
710000,1419.9999999802453,-36485.78664973531,6658.13775919541,-29827.648890539902,298.7464683817686
715000,1429.9999999800089,-36676.52880230425,6487.752641489193,-30188.77616081506,291.1013949362328
720000,1439.9999999797724,-36012.30726488039,6664.693643320998,-29347.613621559394,299.0406267936961
725000,1449.999999979536,-36265.39587962062,6472.775477840128,-29792.620401780492,290.42937898997894
730000,1459.9999999792994,-36279.87113195987,6482.114887481193,-29797.75624447868,290.84843244725914
735000,1469.999999979063,-36719.00526768762,6401.862870612645,-30317.14239707498,287.24757474693877
740000,1479.9999999788265,-36471.5593144404,6511.106186555073,-29960.453127885325,292.14925386690607
745000,1489.99999997859,-36464.86771325578,6525.407436073238,-29939.46027718254,292.790941969724
750000,1499.9999999783536,-36440.19363430891,6640.235704963588,-29799.95792934532,297.94321442819137
755000,1509.999999978117,-36454.473183067304,6442.508690619665,-30011.964492447638,289.07132721658513
760000,1519.9999999778806,-36589.02068343663,6446.237536834102,-30142.78314660253,289.2386382092367
765000,1529.9999999776442,-36477.08023207266,6545.454079508451,-29931.626152564208,293.690422296773
770000,1539.9999999774077,-36664.4543998155,6674.862354482377,-29989.59204533312,299.4968904904423
775000,1549.9999999771712,-36322.4553445593,6896.5344589805545,-29425.920885578744,309.44317889009653
780000,1559.9999999769348,-35874.14731167257,6833.6351890619635,-29040.512122610606,306.620928069885
785000,1569.9999999766983,-36282.7030959842,6455.705338094702,-29826.997757889498,289.6634525180182
790000,1579.9999999764618,-36753.06273289129,6562.581896661326,-30190.480836229963,294.4589367178577
795000,1589.9999999762254,-36190.55720869118,6562.665380814837,-29627.89182787634,294.4626825995034
800000,1599.9999999759889,-36203.54693570207,6368.043292794597,-29835.503642907475,285.7301114860817
805000,1609.9999999757524,-36450.719041082324,6567.598916258884,-29883.12012482344,294.6840472428693
810000,1619.999999975516,-35898.36200421376,6506.891408365023,-29391.47059584874,291.9601394110583
815000,1629.9999999752795,-36378.4241196184,6619.678584302361,-29758.74553531604,297.02082930794387
820000,1639.999999975043,-36404.359231098,6725.474371410444,-29678.884859687558,301.76781996979355
825000,1649.9999999748065,-36312.897911237225,6359.315663363807,-29953.58224787342,285.3385082234138
830000,1659.99999997457,-36099.88157826184,6473.779696325914,-29626.101881935927,290.4744376440595
835000,1669.9999999743336,-36662.0062669068,6578.786881556815,-30083.219385349985,295.1860442339227
840000,1679.9999999740971,-36104.39208723261,6652.542154016032,-29451.84993321658,298.4953970843192
845000,1689.9999999738607,-36035.62948001889,6572.92338900148,-29462.70609101741,294.9229529978079
850000,1699.9999999736242,-36558.32259850523,6543.976786493682,-30014.345812011547,293.6241370850683
855000,1709.9999999733877,-36522.37759071818,6661.792459495992,-29860.585131222186,298.91045249373514
860000,1719.9999999731513,-36903.34372918492,6277.7861604359405,-30625.557568748976,281.6803305242542
865000,1729.9999999729148,-36795.06888367671,6621.675890602775,-30173.392993073932,297.11044718986614
870000,1739.9999999726783,-36988.536429302985,6721.250619284456,-30267.28581001853,301.5783028590645
875000,1749.9999999724419,-36201.7160248344,6580.272149279616,-29621.443875554785,295.2526872657787
880000,1759.9999999722054,-35863.55974137492,6213.037828488125,-29650.521912886794,278.77511344965916
885000,1769.999999971969,-36446.914114234496,6467.840183593111,-29979.073930641385,290.20793543022603
890000,1779.9999999717324,-36640.24288349385,6555.213485012187,-30085.02939848166,294.12832070518607
895000,1789.999999971496,-36860.80421895247,6513.847004043848,-30346.957214908623,292.2722326298672
900000,1799.9999999712595,-36327.489695563105,6681.9877245703165,-29645.501970992787,299.81660138058504
905000,1809.999999971023,-36225.2501610217,6391.660896906629,-29833.58926411507,286.7898185806614
910000,1819.9999999707866,-36262.04420574984,6613.71250105415,-29648.331704695687,296.75313489173675
915000,1829.99999997055,-36743.255356472764,6383.782948961389,-30359.472407511377,286.4363399937268
920000,1839.9999999703136,-36184.76094151009,6667.060893358641,-29517.700048151448,299.1468438192519
925000,1849.9999999700772,-36172.33833493889,6733.289871434473,-29439.048463504416,302.1184965576415
930000,1859.9999999698407,-36365.3346728116,6640.8081288121575,-29724.526543999444,297.96889872751984
935000,1869.9999999696042,-36647.65254160646,6552.046744136822,-30095.605797469638,293.9862310268088
940000,1879.9999999693678,-36225.97567190924,6690.93247287336,-29535.04319903588,300.21794663097546
945000,1889.9999999691313,-35765.90709282759,6747.160011769802,-29018.747081057787,302.7408410616158
950000,1899.9999999688948,-36582.36852790484,6544.174386695524,-30038.194141209315,293.6330032822824
955000,1909.9999999686584,-36949.19758138467,6587.086269090394,-30362.111312294277,295.55843255105594
960000,1919.999999968422,-36896.33320938413,6416.039880606794,-30480.293328777338,287.8836883001791
965000,1929.9999999681854,-36343.98035057417,6635.163234125734,-29708.817116448437,297.71561584078063
970000,1939.999999967949,-36446.94860753244,6642.469455186829,-29804.479152345608,298.04344140074363
975000,1949.9999999677125,-36503.40707633218,6526.335771905564,-29977.071304426616,292.8325958167019
980000,1959.999999967476,-36542.87502677983,6545.142960743084,-29997.732066036748,293.67646259275926
985000,1969.9999999672395,-36423.16629227881,6454.635995956796,-29968.530296322013,289.61547180648216
990000,1979.999999967003,-36952.49177246779,6578.539286652491,-30373.952485815294,295.1749348057415
995000,1989.9999999667666,-36608.88825727343,6786.329984245329,-29822.558273028102,304.49837317748614
1000000,1999.9999999665301,-36200.71593345946,6492.499621983952,-29708.21631147551,291.31438897594427
1005000,2009.9999999662937,-36091.80120313421,6669.394177723131,-29422.407025411077,299.2515368263407
1010000,2019.9999999660572,-35986.00971384305,6816.928358205681,-29169.08135563737,305.8713030400825
1015000,2029.9999999658207,-36079.17588635924,6368.176248102007,-29710.999638257235,285.73607710739776
1020000,2039.9999999655843,-36126.8165366189,6552.8571274771875,-29573.95940914171,294.0225924193972
1025000,2049.999999965348,-36059.632652315675,6627.276822548363,-29432.35582976731,297.36175749597686
1030000,2059.9999999651113,-36296.247840251846,6335.577608568803,-29960.67023168304,284.27339658217954
1035000,2069.999999964875,-36524.09122355505,6536.552195541516,-29987.539028013533,293.2910003422793
1040000,2079.9999999646384,-36517.46164676619,6553.433605834754,-29964.028040931436,294.04845864200337
1045000,2089.999999964402,-36477.06461537609,6774.81801461597,-29702.246600760118,303.9818383151458
1050000,2099.9999999641655,-36673.13250457552,6658.925923468604,-30014.20658110692,298.78183281873845
1055000,2109.999999963929,-36471.51081647234,6503.648115072132,-29967.862701400212,291.81461487368455
1060000,2119.9999999636925,-36476.38768995422,6504.913802061841,-29971.47388789238,291.87140545566524
1065000,2129.999999963456,-36697.19422706793,6506.416182814661,-30190.778044253268,291.93881633845297
1070000,2139.9999999632196,-36654.87081608815,6603.837707171926,-30051.033108916225,296.31005907909855
1075000,2149.999999962983,-36201.6994848968,6669.8928867041805,-29531.806598192623,299.2739135857631
1080000,2159.9999999627466,-36158.40932825007,6609.412932091325,-29548.996396158742,296.5602159270557
1085000,2169.99999996251,-36313.51136218672,6697.529540136833,-29615.981822049886,300.51395290448903
1090000,2179.9999999622737,-35828.35700814452,6557.154187965834,-29271.20282017869,294.215398830414
1095000,2189.9999999620372,-36373.708559869774,6477.332063630585,-29896.376496239187,290.63383013863495
1100000,2199.9999999618008,-36430.75482454886,6437.683019969769,-29993.07180457909,288.85480239893036
1105000,2209.9999999615643,-36618.685454733495,6832.042824349637,-29786.64263038386,306.5494796632301
1110000,2219.999999961328,-36578.08523591758,6557.670035233383,-30020.415200684194,294.2385445740105
1115000,2229.9999999610914,-36996.748657187054,6730.931348677666,-30265.817308509388,302.0126711197072
1120000,2239.999999960855,-36782.01242102202,6625.031547231074,-30156.98087379094,297.26101339967784
1125000,2249.9999999606184,-36464.304245506166,6492.682058534385,-29971.62218697178,291.32257478962316
1130000,2259.999999960382,-36202.33374737776,6566.20664246581,-29636.127104911946,294.6215767903577
1135000,2269.9999999601455,-36280.223588222274,6611.231001485331,-29668.992586736942,296.64179156132104
1140000,2279.999999959909,-36325.6677933831,6715.8240525927,-29609.843740790402,301.3348162126128
1145000,2289.9999999596726,-36813.5573044227,6626.917387050285,-30186.639917372413,297.3456298504481
1150000,2299.999999959436,-36317.590971789876,6786.572507749059,-29531.01846404082,304.50925505510105
1155000,2309.9999999591996,-36204.55142624543,6707.128732417955,-29497.422693827477,300.94466264601425
1160000,2319.999999958963,-36474.8098992948,6400.577308438548,-30074.232590856253,287.189892377891
1165000,2329.9999999587267,-36576.660673967766,6636.43695181568,-29940.223722152085,297.77276675524786
1170000,2339.99999995849,-36547.8493711914,6602.278785549189,-29945.57058564221,296.24011124291366
1175000,2349.9999999582537,-36368.911994742586,6434.150274003883,-29934.7617207387,288.69629030152885
1180000,2359.9999999580173,-36467.27323663803,6423.3811630566415,-30043.892073581388,288.2130870426812
1185000,2369.999999957781,-36467.539268614855,6852.693170993853,-29614.846097621004,307.4760477749064
1190000,2379.9999999575443,-36131.51607900439,6604.251356178902,-29527.264722825486,296.3286192507942
1195000,2389.999999957308,-36646.184323717694,6509.479124139456,-30136.70519957824,292.07624859605073
1200000,2399.9999999570714,-36923.198563427395,6708.762167582098,-30214.436395845296,301.01795385810203
1205000,2409.999999956835,-36469.68626308089,6539.491364370074,-29930.194898710815,293.42287900554317
1210000,2419.9999999565985,-36528.227314819815,6629.999541615318,-29898.227773204497,297.4839241940938
1215000,2429.999999956362,-36744.45119231127,6483.320890797302,-30261.13030151397,290.90254506021114
1220000,2439.9999999561255,-36562.1137177342,6530.753525798867,-30031.360191935335,293.0308176651431
1225000,2449.999999955889,-36880.338761571686,6598.440964149542,-30281.89779742214,296.0679106020001
1230000,2459.9999999556526,-36309.07200675196,6610.740278091185,-29698.33172866077,296.61977311017813
1235000,2469.999999955416,-36044.67451685519,6424.218577255899,-29620.455939599295,288.25066129296687
1240000,2479.9999999551796,-36556.657701947035,6567.930558778785,-29988.72714316825,294.69892783488604
1245000,2489.999999954943,-36326.766114719816,6469.851853473756,-29856.91426124606,290.29819779699113
1250000,2499.9999999547067,-36444.651714354295,6525.840315394959,-29918.811398959337,292.8103649935899
1255000,2509.9999999544702,-36365.16228741146,6569.026717554224,-29796.135569857237,294.74811179214134
1260000,2519.9999999542338,-35970.796964113666,6573.687918070645,-29397.10904604302,294.95725693798585
1265000,2529.9999999539973,-36452.902597257984,6801.388209316339,-29651.514387941643,305.1740262989388
1270000,2539.999999953761,-36470.996608772606,6491.118605219332,-29979.878003553276,291.2524236192442
1275000,2549.9999999535244,-36892.74199100546,6673.126112479579,-30219.61587852588,299.4189863999366
1280000,2559.999999953288,-36357.54428905909,6595.5285209829035,-29762.01576807619,295.93723110243667
1285000,2569.9999999530514,-36009.480477807076,6668.305087831033,-29341.175389976044,299.20267004545065
1290000,2579.999999952815,-36047.69261495144,6623.904687221446,-29423.787927729994,297.2104518972859
1295000,2589.9999999525785,-36340.50067724984,6354.176604904841,-29986.324072344996,285.1079218911765
1300000,2599.999999952342,-36584.93217788436,6719.247483940523,-29865.684693943836,301.4884234316129
1305000,2609.9999999521056,-36279.356897673555,6562.68821982851,-29716.668677845046,294.463707371733
1310000,2619.999999951869,-36144.83081895928,6584.460217447506,-29560.37060151177,295.44060325967223
1315000,2629.9999999516326,-36654.296398591505,6557.478955869439,-30096.817442722066,294.2299709627061
1320000,2639.999999951396,-36185.19341017854,6451.6388702121185,-29733.55453996642,289.4809926527155
1325000,2649.9999999511597,-36578.84102855723,6673.775715787486,-29905.065312769744,299.4481336932347
1330000,2659.999999950923,-36295.55786324555,6213.490664941408,-30082.067198304143,278.7954319375105
1335000,2669.9999999506867,-36699.6266574436,6590.133834688349,-30109.492822755252,295.6951749094269
1340000,2679.9999999504503,-36776.622556874485,6321.511621427941,-30455.110935446544,283.64226455478456
1345000,2689.999999950214,-36465.42891337285,6648.914551021945,-29816.514362350907,298.33262881151234
1350000,2699.9999999499773,-36464.73480507259,6554.6256637602855,-29910.109141312307,294.1019455340201
1355000,2709.999999949741,-36332.705694109245,6707.619740718152,-29625.08595339109,300.96669388071314
1360000,2719.9999999495044,-36396.18674851407,6684.405672235811,-29711.781076278257,299.92509317692867
1365000,2729.999999949268,-36145.40866488514,6787.199220301125,-29358.209444584012,304.53737525453096
1370000,2739.9999999490315,-36008.25670813108,6683.209856760101,-29325.04685137098,299.8714376859903
1375000,2749.999999948795,-36318.987888641495,6622.773677552375,-29696.21421108912,297.15970420227563
1380000,2759.9999999485585,-36150.54941665362,6910.161212641152,-29240.38820401247,310.054602786514
1385000,2769.999999948322,-36783.1919689314,6730.634854724196,-30052.557114207208,301.99936762183745
1390000,2779.9999999480856,-36200.53021023939,6375.370078876413,-29825.16013136298,286.0588597856356
1395000,2789.999999947849,-36565.92889469021,6623.59056252347,-29942.33833216674,297.19635731896
1400000,2799.9999999476127,-36677.26172207007,6554.749163875329,-30122.512558194743,294.10748690678054
1405000,2809.999999947376,-36470.50529121241,6606.9122069225705,-29863.593084289838,296.44800995602014
1410000,2819.9999999471397,-36461.70374976994,6424.7531198071665,-30036.950629962776,288.27464588222693
1415000,2829.9999999469032,-36718.095366529305,6676.719795410101,-30041.375571119206,299.5802327007502
1420000,2839.999999946667,-36401.225788097196,6503.97323164148,-29897.252556455715,291.82920265038996
1425000,2849.9999999464303,-36095.430731589586,6483.118661745878,-29612.31206984371,290.89347116941735
1430000,2859.999999946194,-36694.86318288582,6399.95472868689,-30294.90845419893,287.16195761462524
1435000,2869.9999999459574,-36485.89492134626,6532.6145183103945,-29953.280403035867,293.11431923279036
1440000,2879.999999945721,-36323.70419606065,6333.862609710881,-29989.841586349772,284.19644565827065
1445000,2889.9999999454844,-36283.31475486548,6567.227819770299,-29716.086935095183,294.6673963760049
1450000,2899.999999945248,-35642.42672090512,6538.403457274428,-29104.02326363069,293.3740652959886
1455000,2909.9999999450115,-36520.13070860174,6442.819657069953,-30077.31105153179,289.0852800863167
1460000,2919.999999944775,-36494.99140645146,6520.277472605814,-29974.713933845647,292.56076372405704
1465000,2929.9999999445386,-36356.345366176916,6618.019508105632,-29738.325858071286,296.94638759879416
1470000,2939.999999944302,-36224.62852912485,6591.450900078262,-29633.177629046586,295.7542708080242
1475000,2949.9999999440656,-36216.27053875748,6520.392556461325,-29695.87798229616,292.56592746452696
1480000,2959.999999943829,-36751.02901675555,6488.522562866734,-30262.50645388882,291.13594082590805
1485000,2969.9999999435927,-36407.31414054164,6582.03594385051,-29825.278196691128,295.33182762274686
1490000,2979.999999943356,-36649.60016409505,6497.046622906965,-30152.553541188085,291.5184100576052
1495000,2989.9999999431197,-36187.06047018095,6532.259440729871,-29654.80102945108,293.09838712429104
1500000,2999.9999999428833,-36568.56865398449,6469.291060805732,-30099.27759317876,290.27303538144406
1505000,3009.999999942647,-36377.51348598147,6449.62362169587,-29927.8898642856,289.39056971481375
1510000,3019.9999999424103,-36301.45137758322,6515.2045291797185,-29786.246848403498,292.3331439319082
1515000,3029.999999942174,-36360.03944507465,6590.013148375698,-29770.026296698954,295.68975979021627
1520000,3039.9999999419374,-36232.32330132272,6491.804438132708,-29740.518863190013,291.2831965122334
1525000,3049.999999941701,-36235.124797676894,6616.259378776553,-29618.865418900343,296.8674116989292
1530000,3059.9999999414645,-36075.22667279181,6677.872290287628,-29397.35438250418,299.6319444235985
1535000,3069.999999941228,-36213.50453201133,6743.689064848103,-29469.815467163226,302.5851018485955
1540000,3079.9999999409915,-36212.82672968503,6403.3961395709675,-29809.430590114065,287.31637156414877
1545000,3089.999999940755,-36889.41589226894,6381.197884563254,-30508.218007705684,286.3203497743272
1550000,3099.9999999405186,-36705.75426227909,6612.7489085225825,-30093.00535375651,296.70989909876033
1555000,3109.999999940282,-36022.895081203926,6554.019377124745,-29468.875704079182,294.0747418326631
1560000,3119.9999999400457,-36228.42125960405,6647.233520009303,-29581.18773959475,298.2572020035323
1565000,3129.999999939809,-36713.711051249535,6506.860482979862,-30206.85056826967,291.95875180840807
1570000,3139.9999999395727,-36446.68618006169,6348.659284999465,-30098.026895062227,284.8603632049076
1575000,3149.9999999393362,-36317.92924837989,6512.745526290437,-29805.183722089456,292.2228100134039
1580000,3159.9999999391,-36526.06280724701,6353.484429706854,-30172.578377540158,285.0768644238517
1585000,3169.9999999388633,-36426.007756599574,6500.59580317271,-29925.411953426865,291.67765955174144
1590000,3179.999999938627,-36426.12879259476,6681.419770814477,-29744.709021780283,299.7911176515157
1595000,3189.9999999383904,-36680.948193542325,6623.261284167039,-30057.686909375287,297.18158280547647
1600000,3199.999999938154,-36572.34179038071,6416.727177908909,-30155.614612471803,287.9145268993732
1605000,3209.9999999379174,-35813.767250420555,6719.080482045686,-29094.686768374868,301.48093016125705
1610000,3219.999999937681,-36736.59630297499,6425.222696491726,-30311.373606483263,288.295715493764
1615000,3229.9999999374445,-36288.51154463724,6734.9608646117695,-29553.550680025466,302.1934729742406
1620000,3239.999999937208,-36333.08597897869,6599.3383669465065,-29733.747612032184,296.10817650306814
1625000,3249.9999999369716,-36399.13879013325,6704.477981367321,-29694.660808765926,300.825725107685
1630000,3259.999999936735,-36214.05022847373,6481.724621464048,-29732.325607009683,290.8309214556624
1635000,3269.9999999364986,-36244.47458544324,6796.588226139624,-29447.886359303615,304.95865406210646
1640000,3279.999999936262,-36269.369556451195,6543.95471530407,-29725.414841147125,293.62314676462313
1645000,3289.9999999360257,-36269.91078928698,6406.5948472275495,-29863.31594205943,287.4598955719646
1650000,3299.999999935789,-36220.63867280925,6534.551787578072,-29686.086885231176,293.20124329068085
1655000,3309.9999999355528,-36097.64819616772,6456.502212107005,-29641.145984060713,289.69920775552316
1660000,3319.9999999353163,-36188.6675640616,6594.907293605804,-29593.760270455798,295.9093570193698
1665000,3329.99999993508,-36481.71743977305,6710.70520763706,-29771.01223213599,301.1051368476012
1670000,3339.9999999348433,-36400.886681864824,6732.480418099598,-29668.406263765224,302.0821768938166
1675000,3349.999999934607,-36595.13756094169,6672.8036729352425,-29922.333888006444,299.40451873966566
1680000,3359.9999999343704,-36643.41043662651,6594.852129316576,-30048.558307309933,295.9068818322854
1685000,3369.999999934134,-36392.42928355028,6680.356820051225,-29712.072463499055,299.7434237169548
1690000,3379.9999999338975,-36449.39397366096,6676.248401936871,-29773.14557172409,299.5590815710441
1695000,3389.999999933661,-36022.60550579316,6668.953777810901,-29353.65172798226,299.231776358292
1700000,3399.9999999334245,-36539.94163426883,6507.429171367737,-30032.51246290109,291.98426849995633
1705000,3409.999999933188,-35993.079333379865,6815.851200500892,-29177.228132878972,305.82297164895874
1710000,3419.9999999329516,-36696.13258314732,6443.88731165788,-30252.245271489443,289.1331850785428
1715000,3429.999999932715,-36867.1079267373,6398.209782725805,-30468.898144011495,287.08366298296625
1720000,3439.9999999324787,-36484.0822525096,6438.790895143569,-30045.291357366033,288.90451206363707
1725000,3449.999999932242,-36171.632162179434,6699.380555163198,-29472.25160701624,300.59700678863015
1730000,3459.9999999320057,-36364.288318797335,6449.980484175196,-29914.307834622137,289.4065819106036
1735000,3469.9999999317693,-36628.967079673035,6588.89437131652,-30040.072708356514,295.63956096474527
1740000,3479.999999931533,-36348.19951045952,6447.714774575274,-29900.484735884245,289.3049209408497
1745000,3489.9999999312963,-36114.57903618113,6580.577291530437,-29534.001744650694,295.2663788073304
1750000,3499.99999993106,-36195.81909964435,6687.549364980367,-29508.269734663983,300.0661487001215
1755000,3509.9999999308234,-36765.66361006857,6579.96402275636,-30185.699587312214,295.2388618217932
1760000,3519.999999930587,-36558.03447365436,6593.714551533534,-29964.319922120827,295.8558394301176
1765000,3529.9999999303504,-36452.7067381973,6730.774991572181,-29721.931746625123,302.00565547437816
1770000,3539.999999930114,-36535.060197212275,6648.780676954053,-29886.27952025822,298.32662196598926
1775000,3549.9999999298775,-36289.84092979576,6428.543189764337,-29861.297740031427,288.44470394584397
1780000,3559.999999929641,-36318.635747188295,6744.456157449781,-29574.179589738513,302.6195208128707
1785000,3569.9999999294046,-35910.53738523708,6568.375229891263,-29342.16215534582,294.71887994901294
1790000,3579.999999929168,-36910.40759463194,6411.728949692348,-30498.678644939595,287.6902595318496
1795000,3589.9999999289316,-36475.81648283174,6506.131865645519,-29969.68461718622,291.92605920526444
1800000,3599.999999928695,-35982.02547452137,6480.806737882129,-29501.21873663924,290.78973659460945
1805000,3609.9999999284587,-36084.611118550274,6519.705608624852,-29564.905509925422,292.5351045456372
1810000,3619.999999928222,-36426.1372416291,6788.216273341558,-29637.92096828754,304.58300978703465
1815000,3629.9999999279858,-36447.648853870676,6682.632415654185,-29765.01643821649,299.84552826546917
1820000,3639.9999999277493,-36215.940946518705,6834.069321146358,-29381.871625372347,306.64040730442696
1825000,3649.999999927513,-36314.77729197062,6426.133860712986,-29888.64343125763,288.3365988613154
1830000,3659.9999999272763,-36666.551899965336,6563.756804566237,-30102.7950953991,294.5116540991977
1835000,3669.99999992704,-36142.47171376232,6686.722941206499,-29455.748772555824,300.02906758333495
1840000,3679.9999999268034,-36267.14784607495,6624.342525399956,-29642.805320674994,297.23009742194813
1845000,3689.999999926567,-36559.271111198286,6780.425781272579,-29778.84532992571,304.23345529045656
1850000,3699.9999999263305,-36820.5588599189,6438.389783878609,-30382.169076040293,288.88651445256784
1855000,3709.999999926094,-36026.616819630945,6582.137896837148,-29444.478922793794,295.33640218936
1860000,3719.9999999258575,-36307.614773991634,6477.733120586399,-29829.881653405235,290.6518253128868
1865000,3729.999999925621,-36147.897794421544,6642.012158734115,-29505.88563568743,298.022922795513
1870000,3739.9999999253846,-36558.120012962216,6648.315830944955,-29909.80418201726,298.30576461689526
1875000,3749.999999925148,-36163.04435854557,6446.612244423239,-29716.432114122334,289.2554511039197
1880000,3759.9999999249117,-36383.117800548665,6322.647260905017,-30060.470539643647,283.6932199863785
1885000,3769.999999924675,-36411.2416405694,6367.444020152432,-30043.797620416968,285.7032224982116
1890000,3779.9999999244387,-36479.24284612388,6348.0263193354385,-30131.21652678844,284.8319624322631
1895000,3789.9999999242023,-36441.15810861752,6533.251711180116,-29907.906397437404,293.14290967750503
1900000,3799.999999923966,-36122.13775432474,6619.664106472701,-29502.473647852043,297.02017969680077
1905000,3809.9999999237293,-36537.355285878824,6665.365503095323,-29871.9897827835,299.0707727206935
1910000,3819.999999923493,-36386.973001843435,6645.852150354631,-29741.120851488806,298.19522081287687
1915000,3829.9999999232564,-36200.420025471525,6520.296268739714,-29680.12375673181,292.56160709480497
1920000,3839.99999992302,-35605.08725745265,6607.490974258657,-28997.596283193994,296.4739788836579
1925000,3849.9999999227834,-36245.09442303836,6343.439721214736,-29901.654701823623,284.6261646491587
1930000,3859.999999922547,-36524.82330280276,6440.09260799778,-30084.73069480498,288.96291910357934
1935000,3869.9999999223105,-36165.852355349314,6464.669228603574,-29701.18312674574,290.0656566671871
1940000,3879.999999922074,-36420.87929827039,6530.962206214865,-29889.917092055526,293.0401810246221
1945000,3889.9999999218376,-36057.837883181055,6603.047218110058,-29454.790665071,296.274590330318
1950000,3899.999999921601,-36123.42259268301,6506.531604392134,-29616.890988290877,291.9439952322957
1955000,3909.9999999213646,-37004.49098983644,6641.25843979829,-30363.232550038152,297.98910389924293
1960000,3919.999999921128,-36992.69412867172,6523.897637933024,-30468.796490738696,292.7231982734126
1965000,3929.9999999208917,-36625.97482086441,6517.302954880282,-30108.671865984128,292.4272989779402
1970000,3939.9999999206552,-36647.9742214647,6426.044559640637,-30221.929661824062,288.3325919781671
1975000,3949.9999999204188,-36090.220331036086,6599.741598316272,-29490.478732719814,296.12626924191113
1980000,3959.9999999201823,-36432.84757922102,6466.647505706667,-29966.200073514356,290.1544207209517
1985000,3969.999999919946,-35939.51938544319,6770.175695825792,-29169.343689617403,303.77354038052397
1990000,3979.9999999197094,-36273.537504431326,6718.906235789607,-29554.63126864172,301.47311184095264
1995000,3989.999999919473,-36623.50613096328,6609.0260199723925,-30014.480110990888,296.5428554227697
2000000,3999.9999999192364,-36530.4337481186,6397.001376709102,-30133.4323714095,287.02944256234446
2005000,4009.999999919,-36365.495290774845,6675.293135866199,-29690.202154908646,299.51621938114965
2010000,4019.9999999187635,-36232.567489466936,6691.106930336784,-29541.46055913015,300.22577442802105
2015000,4029.999999918527,-35849.032757525805,6499.369969023726,-29349.66278850208,291.6226571417471
2020000,4039.9999999182905,-36282.13394893757,6427.310831742341,-29854.82311719523,288.38940881375623
2025000,4049.999999918054,-36531.59788199296,6533.9509764969425,-29997.646905496018,293.1742852740186
2030000,4059.9999999178176,-36691.86795998944,6536.35293185197,-30155.515028137466,293.28205950541445
2035000,4069.999999917581,-36945.00953576481,6756.615580946787,-30188.39395481802,303.1651065244718
2040000,4079.9999999173447,-36442.05640320922,6550.702699493345,-29891.35370371588,293.92592458601285
2045000,4089.999999917108,-36819.23949366471,6415.429080253753,-30403.810413410956,287.8562820711467
2050000,4099.999999917781,-36095.404808824715,6730.562152762783,-29364.842656061934,301.99610553039355
2055000,4109.999999919818,-36351.51553415991,6559.671690276333,-29791.843843883576,294.3283575812848
2060000,4119.999999921855,-36179.173730296054,6590.594782896447,-29588.578947399605,295.71585736663286
2065000,4129.999999923893,-36553.46293772683,6796.44065648691,-29757.02228123992,304.95203270427595
2070000,4139.99999992593,-35720.090945178774,6236.246144150809,-29483.844801027964,279.8164560280311
2075000,4149.999999927967,-36108.649052798675,6696.8705924088335,-29411.77846038984,300.48438633291784
2080000,4159.999999930004,-36675.84449404074,6512.461882367874,-30163.382611672867,292.2100830883674
2085000,4169.999999932042,-36176.13509130533,6526.341009825446,-29649.794081479886,292.83283083888426
2090000,4179.999999934079,-36367.09299458216,6639.675853364646,-29727.417141217516,297.91809423782416
2095000,4189.999999936116,-36412.376785373024,6352.544276424012,-30059.83250894901,285.03468033527554
2100000,4199.999999938153,-36757.77825519651,6454.475017467777,-30303.30323772873,289.60824880257036
2105000,4209.999999940191,-36148.960505857016,6596.689423080219,-29552.271082776795,295.9893200519678
2110000,4219.999999942228,-35659.98709378218,6450.219745499258,-29209.767348282927,289.4173174162614
2115000,4229.999999944265,-36394.93200744969,6478.11292570084,-29916.819081748854,290.66886693033547
2120000,4239.9999999463025,-36820.250671363254,6651.882121871224,-30168.36854949203,298.4657818556455
2125000,4249.99999994834,-36034.93488799969,6532.00601542057,-29502.92887257912,293.0870160894927
2130000,4259.999999950377,-36192.6420824234,6450.681030832124,-29741.96105159128,289.43801500004446
2135000,4269.999999952414,-36629.685219850406,6646.361860053799,-29983.323359796606,298.21809116762677
2140000,4279.999999954452,-36675.33268809445,6546.915403325152,-30128.4172847693,293.75599098056875
2145000,4289.999999956489,-36166.89048070838,6599.095989584701,-29567.79449112368,296.09730118274973
2150000,4299.999999958526,-36110.90173254886,6701.404359447985,-29409.497373100876,300.68781361850404
2155000,4309.999999960563,-36331.234019874144,6704.80789779148,-29626.426122082663,300.8405282508675
2160000,4319.999999962601,-36486.962592040865,6699.816885579425,-29787.14570646144,300.6165846609437
2165000,4329.999999964638,-36612.387260363685,6802.012434509845,-29810.37482585384,305.20203489214896
2170000,4339.999999966675,-36558.93373808037,6722.425014649136,-29836.508723431234,301.6309972430456
2175000,4349.9999999687125,-36301.754475252936,6582.65202815701,-29719.102447095924,295.35947093945924
2180000,4359.99999997075,-36476.400329339245,6539.823963542345,-29936.5763657969,293.43780252195216
2185000,4369.999999972787,-36040.38490841519,6831.380163475537,-29209.00474493965,306.51974648512055
2190000,4379.999999974824,-36281.893217226556,6451.751404044919,-29830.14181318164,289.4860419752646
2195000,4389.999999976862,-36203.64399642064,6634.569289572517,-29569.07470684812,297.6889659209224
2200000,4399.999999978899,-36322.999119123415,6441.43463255757,-29881.564486565847,289.0231349044863
2205000,4409.999999980936,-36296.189748007295,6720.866595169657,-29575.32315283764,301.5610719377139
2210000,4419.999999982973,-36748.04460615862,6598.615706433723,-30149.428899724895,296.07575117877457
2215000,4429.999999985011,-36105.277078972205,6395.718363285469,-29709.558715686737,286.9718745541327
2220000,4439.999999987048,-36380.440657179075,6582.364942092125,-29798.07571508695,295.3465895676541
2225000,4449.999999989085,-36285.294423298845,6477.22857766557,-29808.065845633275,290.6291867882428
2230000,4459.999999991122,-36749.762262315104,6411.223301206648,-30338.538961108454,287.6675714012028
2235000,4469.99999999316,-36239.29711456306,6816.84694347872,-29422.45017108434,305.86765001230907
2240000,4479.999999995197,-36206.74653961749,6426.935491722961,-29779.811047894527,288.3725675423246
2245000,4489.999999997234,-36552.92904206451,6727.415186282516,-29825.513855781996,301.85490311673107
2250000,4499.9999999992715,-36302.89917356378,6522.7251492526175,-29780.174024311164,292.67058944115985
2255000,4510.000000001309,-36466.45780356803,6620.693160693713,-29845.764642874317,297.06635271475557
2260000,4520.000000003346,-36497.66054602266,6895.994489817336,-29601.666056205322,309.4189508121593
2265000,4530.000000005383,-36713.711232375164,6443.819177080227,-30269.89205529494,289.13012792274566
2270000,4540.000000007421,-36491.642684856066,6579.384855723123,-29912.25782913294,295.21287495999485
2275000,4550.000000009458,-36356.69435305122,6768.562464492841,-29588.131888558382,303.70115570167945
2280000,4560.000000011495,-36294.386461081645,6574.068265830389,-29720.318195251257,294.97432290358915
2285000,4570.000000013532,-36721.79493569383,6435.850773429911,-30285.94416226392,288.77259064501595
2290000,4580.00000001557,-36233.083546238755,6691.151296594767,-29541.93224964399,300.22776511421097
2295000,4590.000000017607,-36271.22811552866,6520.544762647891,-29750.68335288077,292.5727568607256
2300000,4600.000000019644,-36222.983389498804,6905.772491361147,-29317.21089813766,309.85768361323585
2305000,4610.000000021681,-36488.1553410385,6723.107268197036,-29765.048072841466,301.6616095321492
2310000,4620.000000023719,-36396.84899864681,6656.03192459677,-29740.817074050043,298.6519809031232
2315000,4630.000000025756,-36373.366012166705,6611.659572522135,-29761.70643964457,296.6610212751429
2320000,4640.000000027793,-36311.731975225266,6456.503870383962,-29855.228104841306,289.69928216137095
2325000,4650.0000000298305,-36453.584315672866,6636.595742787003,-29816.988572885864,297.77989160661167
2330000,4660.000000031868,-36588.08789123104,6770.585404864879,-29817.502486366164,303.7919237683297
2335000,4670.000000033905,-36320.1680918061,6388.918072747723,-29931.25001905838,286.66674977966915
2340000,4680.000000035942,-36157.60339831679,6407.96629375534,-29749.637104561447,287.521431518136
2345000,4690.00000003798,-36302.55091763014,6518.246011759662,-29784.30490587048,292.46961334907337
2350000,4700.000000040017,-36483.85857690713,6672.190854908109,-29811.66772199902,299.37702197886136
2355000,4710.000000042054,-35951.85115240491,6557.518479257728,-29394.332673147183,294.23174435236797
2360000,4720.000000044091,-36228.398595242186,6623.318765375948,-29605.079829866238,297.18416195129487
2365000,4730.000000046129,-36185.3200001986,6648.714574274281,-29536.605425924317,298.3236559801766
2370000,4740.000000048166,-36232.692629222554,6508.3368752445185,-29724.355753978038,292.02499660401975
2375000,4750.000000050203,-36842.73975586529,6656.922859733465,-30185.816896131822,298.6919566043285
2380000,4760.0000000522405,-36531.84179502877,6511.856368507402,-30019.985426521365,292.18291406094346
2385000,4770.000000054278,-36195.56252500259,6576.152141713426,-29619.410383289163,295.0678251084277
2390000,4780.000000056315,-36519.89221727435,6316.251174711955,-30203.64104256239,283.4062316075328
2395000,4790.000000058352,-36683.75744470807,6638.613091942274,-30045.144352765798,297.8704087988698
2400000,4800.0000000603895,-36087.619443179865,6738.873391617052,-29348.74605156281,302.3690256088586
2405000,4810.000000062427,-36727.732322818636,6598.137263993398,-30129.595058825238,296.05428376633273
2410000,4820.000000064464,-36208.51457033323,6605.622073516255,-29602.892496816974,296.3901224786477
2415000,4830.000000066501,-36081.10388033826,6356.232114977746,-29724.871765360516,285.20015133989216
2420000,4840.000000068539,-36455.80867642043,6431.787831722809,-30024.020844697618,288.5902889969971
2425000,4850.000000070576,-36679.83290282958,6483.230722324759,-30196.60218050482,290.8984992573597
2430000,4860.000000072613,-36167.493273614535,6451.990380682311,-29715.50289293222,289.4967647072099
2435000,4870.00000007465,-36445.615879640056,6637.576675144141,-29808.039204495915,297.82390542669395
2440000,4880.000000076688,-37065.42072995077,6558.874155858119,-30506.546574092652,294.2925727117805
2445000,4890.000000078725,-36740.83111928312,6663.500930056251,-30077.330189226865,298.98711049701944
2450000,4900.000000080762,-36293.57746755927,6343.435572057715,-29950.141895501554,284.6259784790835
2455000,4910.0000000827995,-36007.71596538707,6768.8081576659915,-29238.90780772108,303.7121798003747
2460000,4920.000000084837,-36129.15530737187,6718.771459785993,-29410.383847585876,301.46706452613904
2465000,4930.000000086874,-36621.753447639756,6614.497669625447,-30007.25577801431,296.78836491344
2470000,4940.000000088911,-36343.480609989885,6467.8361602684545,-29875.644449721432,290.2077549061703
2475000,4950.000000090949,-36306.29512874108,6430.05279054904,-29876.242338192045,288.5124387869373
2480000,4960.000000092986,-36572.69168626724,6694.598802298093,-29878.092883969144,300.3824525344543
2485000,4970.000000095023,-36296.36213555817,6400.449042933495,-29895.913092624676,287.18413718506747
2490000,4980.00000009706,-36242.14216456974,6509.6597165686535,-29732.482448001087,292.0843516651656
2495000,4990.000000099098,-36753.906864133256,6734.239731485295,-30019.667132647963,302.16111618281343
2500000,5000.000000101135,-36249.60408904631,6530.828329233265,-29718.77575981305,293.03417404836284
2505000,5010.000000103172,-36981.24765671937,6662.391984084522,-30318.85567263485,298.93735278628077
2510000,5020.000000105209,-36077.002276948515,6452.258842497491,-29624.743434451026,289.50881042060314
2515000,5030.000000107247,-36547.202572863665,6622.926903796544,-29924.275669067123,297.16657936781957
2520000,5040.000000109284,-35772.978749092465,6581.153897961476,-29191.824851130987,295.292250776513
2525000,5050.000000111321,-36769.537725208866,6404.067507485226,-30365.47021772364,287.3464954216932
2530000,5060.0000001133585,-36556.05033428331,6630.846807297813,-29925.203526985497,297.52194047425814
2535000,5070.000000115396,-35982.39387359096,6499.987899606399,-29482.40597398456,291.65038329971424
2540000,5080.000000117433,-36548.769038208266,6632.59319048928,-29916.175847718987,297.60029959354364
2545000,5090.00000011947,-36254.573656631226,6524.384552736038,-29730.189103895187,292.74504583545837
2550000,5100.000000121508,-36113.13434137491,6344.7708255982825,-29768.36351577663,284.6858904686016
2555000,5110.000000123545,-36383.18285615019,6560.905866060648,-29822.276990089544,294.38373427522856
2560000,5120.000000125582,-36640.77210342958,6538.224484846208,-30102.547618583376,293.36603491530224
2565000,5130.000000127619,-36195.55296985869,6646.886440147566,-29548.666529711125,298.2416287476625
2570000,5140.000000129657,-36483.6097068634,6462.848483005846,-30020.761223857553,289.983960953338
2575000,5150.000000131694,-36629.04478411853,6405.84353601619,-30223.20124810234,287.4261847087822
2580000,5160.000000133731,-36407.96794138401,6458.377255410016,-29949.590685974,289.7833397733781
2585000,5170.0000001357685,-36350.5131093159,6595.677892020281,-29754.83521729562,295.94393328726807
2590000,5180.000000137806,-36169.86434504551,6599.9309399136055,-29569.93340513191,296.13476488071694
2595000,5190.000000139843,-36924.063337097126,6549.429433020048,-30374.633904077076,293.8687939173539
2600000,5200.00000014188,-36651.38121997169,6479.960586276084,-30171.42063369561,290.75177030235716
2605000,5210.0000001439175,-36346.52917392339,6385.156323319585,-29961.372850603802,286.49796244044035
2610000,5220.000000145955,-36359.92032585548,6707.057284952307,-29652.86304090317,300.9414568430092
2615000,5230.000000147992,-36024.80820851499,6472.617018236069,-29552.191190278918,290.42226900685665
2620000,5240.000000150029,-36483.28408991586,6608.77976632353,-29874.504323592333,296.5318061758805
2625000,5250.000000152067,-36104.99129080312,6677.1911046539735,-29427.800186149143,299.60138005113777
2630000,5260.000000154104,-36059.947418796335,6642.228078913055,-29417.719339883282,298.03261099861777
2635000,5270.000000156141,-35978.94715129473,6573.311999769738,-29405.63515152499,294.9403897194245
2640000,5280.000000158178,-36443.829575786396,6483.784951625167,-29960.04462416123,290.9233671787153
2645000,5290.000000160216,-36436.67991794661,6443.60062638276,-29993.079291563852,289.12032168992323
2650000,5300.000000162253,-36776.64937565633,6796.3756990506,-29980.273676605728,304.94911810481966
2655000,5310.00000016429,-36535.56000886042,6505.249453908997,-30030.310554951422,291.8864659436831
2660000,5320.0000001663275,-36805.06005015403,6676.4452713468145,-30128.61477880722,299.5679149780837
2665000,5330.000000168365,-36431.92965349785,6652.375272624953,-29779.554380872898,298.48790922089154
2670000,5340.000000170402,-36540.88663601728,6550.9527322141375,-29989.933903803147,293.9371433974911
2675000,5350.000000172439,-36372.52786426282,6594.179272101098,-29778.34859216172,295.8766911507286
2680000,5360.000000174477,-36586.930040148756,6660.340235799753,-29926.589804349,298.84529212664114
2685000,5370.000000176514,-35767.33285300675,6318.9613386491765,-29448.371514357576,283.5278349648473
2690000,5380.000000178551,-36236.51069505448,6461.168643457709,-29775.34205159677,289.9085876056236
2695000,5390.000000180588,-36690.44374123025,6625.68914550712,-30064.75459572313,297.2905194221856
2700000,5400.000000182626,-36764.743652919824,6710.043391632913,-30054.70026128691,301.0754415782769
2705000,5410.000000184663,-36663.57260491512,6425.506658309223,-30238.065946605897,288.3084566825469
2710000,5420.0000001867,-36296.68894429451,6552.712504353944,-29743.97643994057,294.0161032704973
2715000,5430.000000188737,-36916.7078011755,6675.089970962349,-30241.617830213152,299.50710349924395
2720000,5440.000000190775,-37426.981154951274,6286.849174463936,-31140.13198048734,282.0869822836022
2725000,5450.000000192812,-36377.87330931767,6537.362152627324,-29840.511156690347,293.3273426090928
2730000,5460.000000194849,-36669.57289348569,6604.881821245783,-30064.691072239904,296.356907823212
2735000,5470.0000001968865,-36367.88003472505,6653.503900101343,-29714.376134623708,298.5385500284093
2740000,5480.000000198924,-36702.324379155034,6551.267313894916,-30151.057065260116,293.951258480349
2745000,5490.000000200961,-36594.138014448596,6691.128146511268,-29903.009867937326,300.2267263844733
2750000,5500.000000202998,-36471.52173532484,6647.884515458056,-29823.63721986678,298.2864117613177
2755000,5510.000000205036,-36593.259264470085,6748.393017662074,-29844.86624680801,302.79616526323684
2760000,5520.000000207073,-36168.81898824587,6668.761205531244,-29500.057782714626,299.2231357607952
2765000,5530.00000020911,-36215.42507816377,6326.252658511608,-29889.17241965216,283.8549919173653
2770000,5540.000000211147,-36054.19756791348,6451.5529468971345,-29602.64462101634,289.47713732742307
2775000,5550.000000213185,-36366.895471681724,6405.606843043499,-29961.288628638227,287.41556444344087
2780000,5560.000000215222,-36484.02342418612,6720.798204952973,-29763.225219233143,301.55800331155376
2785000,5570.000000217259,-36192.965861803605,6344.577176034486,-29848.388685769118,284.6772015340406
2790000,5580.000000219296,-36650.67013241492,6565.46387067467,-30085.206261740248,294.58824908560877
2795000,5590.000000221334,-36693.53181276713,6422.9600366170835,-30270.571776150042,288.19419136327195
2800000,5600.000000223371,-36542.33189652907,6419.2889964542865,-30123.042900074783,288.02947409192853
2805000,5610.000000225408,-36317.99501325836,6504.0340532988785,-29813.960959959484,291.8319316800385
2810000,5620.0000002274455,-36541.28053093038,6509.872633235589,-30031.407897694793,292.0939051025692
2815000,5630.000000229483,-36195.91041333442,6594.907496000525,-29601.0029173339,295.90936610069406
2820000,5640.00000023152,-36599.64679066481,6591.008379542048,-30008.638411122764,295.73441518890644
2825000,5650.000000233557,-36143.03560427307,6821.937022936416,-29321.098581336657,306.0960386874561
2830000,5660.000000235595,-36150.958637875636,6520.48304924856,-29630.475588627076,292.5699878191754
2835000,5670.000000237632,-36066.72817155627,6698.359205500632,-29368.36896605564,300.5511794693842
2840000,5680.000000239669,-36440.547725406635,6642.25242803249,-29798.295297374145,298.03370352834645
2845000,5690.000000241706,-36178.523962938256,6425.339285877223,-29753.184677061032,288.30094678642087
2850000,5700.000000243744,-36090.25330245565,6554.491236375561,-29535.762066080086,294.09591386151754
2855000,5710.000000245781,-35817.524542205436,6286.6642455269675,-29530.860296678467,282.07868463810144
2860000,5720.000000247818,-36543.002163796315,6429.3128448224215,-30113.68931897389,288.4792378859322
2865000,5730.0000002498555,-36206.90875464023,6600.143825940944,-29606.764928699286,296.144316943341
2870000,5740.000000251893,-36317.13162624079,6677.78191050042,-29639.349715740373,299.6278891391904
2875000,5750.00000025393,-36436.596125276614,6691.663243614661,-29744.932881661953,300.25073585613967
2880000,5760.000000255967,-36246.60569762749,6578.581738919999,-29668.023958707494,295.17683961237833
2885000,5770.000000258005,-36536.29601265513,6454.210506135967,-30082.085506519164,289.59638034489
2890000,5780.000000260042,-36364.71032054944,6662.545046514073,-29702.165274035367,298.9442206015655
2895000,5790.000000262079,-36335.37288773681,6702.045726729294,-29633.327161007517,300.7165913664505
2900000,5800.000000264116,-36023.52792253589,6482.653974324673,-29540.873948211218,290.8726209360627
2905000,5810.000000266154,-36307.6265281324,6349.383917620536,-29958.242610511865,284.892877016464
2910000,5820.000000268191,-36146.27792610114,6440.17301750064,-29706.1049086005,288.9665270275774
2915000,5830.000000270228,-36044.923410736745,6616.702530418867,-29428.220880317876,296.88729563538215
2920000,5840.000000272265,-36357.91044987722,6607.408029809994,-29750.502420067227,296.4702572182304
2925000,5850.000000274303,-36262.85542105706,6320.021931176861,-29942.8334898802,283.57542308685635
2930000,5860.00000027634,-36639.92104520904,6785.9574508054575,-29853.963594403584,304.48165783551804
2935000,5870.000000278377,-36437.22273489547,6517.1544354432635,-29920.068299452207,292.4206350038832
2940000,5880.0000002804145,-36344.93487783369,6549.61228070191,-29795.322597131784,293.87699817824245
2945000,5890.000000282452,-36474.77720471037,6745.000754714316,-29729.776449996054,302.6439565508134
2950000,5900.000000284489,-36225.78011516576,6695.768309941304,-29530.011805224458,300.4349276094364
2955000,5910.000000286526,-36405.62210870141,6697.661050205767,-29707.961058495646,300.51985367886044
2960000,5920.000000288564,-36217.35401413748,6504.097071347035,-29713.25694279045,291.83475926036385
2965000,5930.000000290601,-36230.70454978689,6506.0296331654645,-29724.674916621425,291.9214720979569
2970000,5940.000000292638,-36726.511560448984,6665.437793875719,-30061.073766573267,299.0740163627029
2975000,5950.000000294675,-36190.77714269992,6542.253916430271,-29648.523226269645,293.5468329851022
2980000,5960.000000296713,-36861.77806389163,6473.053962826907,-30388.724101064723,290.44187443680005
2985000,5970.00000029875,-36378.94374800762,6540.855387726411,-29838.08836028121,293.4840818786638
2990000,5980.000000300787,-36480.99652687763,6585.533575877043,-29895.462951000583,295.48876417969666
2995000,5990.000000302824,-35991.26526619667,6775.2590446415725,-29216.0062215551,304.0016270559866
3000000,6000.000000304862,-36127.40171658239,6778.851983926611,-29348.549732655778,304.16283998989337
3005000,6010.000000306899,-36335.52477877914,6557.600427458297,-29777.924351320842,294.2354213167679
3010000,6020.000000308936,-36141.63367698567,6669.102602724208,-29472.531074261464,299.2384540388787
3015000,6030.0000003109735,-36815.57750405888,6638.835981463948,-30176.74152259493,297.88040971201514
3020000,6040.000000313011,-36405.161574156366,6708.730531641466,-29696.4310425149,301.01653437327315
3025000,6050.000000315048,-36211.79452928381,6495.957372274831,-29715.83715700898,291.4695360644105
3030000,6060.000000317085,-36483.32928452869,6723.881819849341,-29759.447464679353,301.6963631793512
3035000,6070.000000319123,-36304.34068887045,6676.302729056526,-29628.037959813922,299.5615191948544
3040000,6080.00000032116,-36386.16121444966,6506.455897802571,-29879.70531664709,291.9405983250698
3045000,6090.000000323197,-36335.47418323401,6411.3730114146,-29924.101171819406,287.6742888044053
3050000,6100.000000325234,-36321.35931532632,6784.849642544572,-29536.50967278175,304.43195117315184
3055000,6110.000000327272,-36394.16542075494,6456.109415667106,-29938.056005087838,289.6815832254433
3060000,6120.000000329309,-36398.12852615971,6663.839680485698,-29734.28884567401,299.00231001648274
3065000,6130.000000331346,-36498.58276454607,6618.953389035756,-29879.62937551031,296.988290250835
3070000,6140.0000003333835,-36339.81253162878,6485.140451994415,-29854.67207963436,290.98418763074693
3075000,6150.000000335421,-36197.86829935087,6555.987638302629,-29641.880661048242,294.16305647814096
3080000,6160.000000337458,-36428.604505152965,6667.299087370794,-29761.305417782172,299.1575314352932
3085000,6170.000000339495,-36461.70632382459,6601.042826141618,-29860.663497682974,296.1846545189123
3090000,6180.0000003415325,-36581.99984958913,6259.839631586671,-30322.160218002457,280.8750810224658
3095000,6190.00000034357,-36453.51909283446,6623.204075459387,-29830.315017375073,297.1790158866187
3100000,6200.000000345607,-35884.77543772041,6755.876709119668,-29128.898728600743,303.13195380866415
3105000,6210.000000347644,-36621.30233736745,6656.30499678292,-29964.99734058453,298.6642334809725
3110000,6220.000000349682,-36133.404543802004,6412.571055976867,-29720.833487825137,287.72804431306037
3115000,6230.000000351719,-36651.77263329121,6302.59384289513,-30349.178790396083,282.7934356884097
3120000,6240.000000353756,-36262.50837323357,6680.939351557958,-29581.569021675612,299.7695615405703
3125000,6250.000000355793,-36416.40174254439,6574.925440468716,-29841.476302075673,295.0127837923915
3130000,6260.000000357831,-36417.14021136646,6860.592727697643,-29556.547483668815,307.8304959332942
3135000,6270.000000359868,-36705.43859253756,6617.491476378813,-30087.94711615875,296.92269514614657
3140000,6280.000000361905,-36365.61358932632,6707.813393770565,-29657.800195555756,300.9753829718062
3145000,6290.0000003639425,-36390.03925855953,6591.8018709830485,-29798.237387576482,295.770018652557
3150000,6300.00000036598,-36722.50963068578,6530.900968210118,-30191.608662475664,293.037433313729
3155000,6310.000000368017,-36277.69058193547,6537.443217943938,-29740.247363991533,293.330979959043
3160000,6320.000000370054,-36323.088802182305,6606.849128229853,-29716.239673952452,296.4451796546114
3165000,6330.000000372092,-37209.32627901178,6565.491083240066,-30643.835195771717,294.5894700963631
3170000,6340.000000374129,-36326.5331438974,6525.406897347028,-29801.126246550375,292.79091779741657
3175000,6350.000000376166,-35916.847267206525,6472.589649866041,-29444.257617340485,290.4210410052462
3180000,6360.000000378203,-36617.24211711826,6531.770252637887,-30085.471864480372,293.0764375611939
3185000,6370.000000380241,-36601.05693610497,6562.357747028531,-30038.69918907644,294.4488792643161
3190000,6380.000000382278,-36679.001286290535,6508.640677777569,-30170.360608512965,292.0386280332747
3195000,6390.000000384315,-36051.18314288863,6606.680862849154,-29444.502280039473,296.43762969243693
3200000,6400.000000386352,-36367.991899348366,6701.46192107143,-29666.529978276936,300.69039637247226
3205000,6410.00000038839,-35933.47118779003,6348.1302014457415,-29585.340986344294,284.83662355744605
3210000,6420.000000390427,-36766.70136631863,6519.404061563414,-30247.297304755215,292.52157431797986
3215000,6430.000000392464,-36689.70824530993,6679.393229529699,-30010.31501578023,299.7001880141677
3220000,6440.0000003945015,-36156.743594000865,6523.621276437623,-29633.12231756324,292.7107981063188
3225000,6450.000000396539,-36114.09791906734,6611.254993958024,-29502.842925109315,296.6428680885339
3230000,6460.000000398576,-36501.3762888428,6487.937666871078,-30013.438621971723,291.1096969091565
3235000,6470.000000400613,-36352.04367080266,6624.891143228331,-29727.15252757433,297.25471356007057
3240000,6480.000000402651,-36703.10936628019,6579.374641602002,-30123.734724678186,295.2124166587817
3245000,6490.000000404688,-36071.346418338195,6525.209194693807,-29546.137223644386,292.78204700327325
3250000,6500.000000406725,-36376.29227208992,6629.057249146444,-29747.235022943478,297.44164412158096
3255000,6510.000000408762,-36319.51441798068,6496.498859371148,-29823.015558609535,291.49383225105447
3260000,6520.0000004108,-36366.837100344565,6744.968927296619,-29621.868173047944,302.6425284745286
3265000,6530.000000412837,-36333.724907625176,6388.634016579292,-29945.090891045882,286.65400435741896
3270000,6540.000000414874,-36899.27771116774,6564.207635724119,-30335.070075443622,294.5318826107012
3275000,6550.0000004169115,-36174.41680842643,6610.35101863587,-29564.065789790562,296.6023072823798
3280000,6560.000000418949,-36591.615139267065,6481.378004515005,-30110.23713475206,290.81536897039507
3285000,6570.000000420986,-36351.29181491869,6621.616490362181,-29729.675324556505,297.10778193829873
3290000,6580.000000423023,-36554.44462829575,6566.348631978598,-29988.09599631715,294.6279477708071
3295000,6590.0000004250605,-36155.2407280129,6588.051338993879,-29567.18938901902,295.6017346327843
3300000,6600.000000427098,-36402.64062624504,6395.153836533129,-30007.48678971191,286.9465445925626
3305000,6610.000000429135,-36477.98769186449,6622.105375319527,-29855.88231654496,297.12971789993463
3310000,6620.000000431172,-36462.469632775115,6618.013114376967,-29844.456518398147,296.9461007161961
3315000,6630.00000043321,-36391.43777140041,6641.558338525118,-29749.87943287529,298.00256016715934
3320000,6640.000000435247,-36374.22844830381,6878.710020438967,-29495.51842786484,308.6434075038958
3325000,6650.000000437284,-36572.280589322174,6352.868108046796,-30219.41248127538,285.0492104572339
3330000,6660.000000439321,-36407.15050062944,6442.4826044743795,-29964.66789615506,289.07015674759515
3335000,6670.000000441359,-36428.63931863521,6532.465409706957,-29896.17390892825,293.10762882320535
3340000,6680.000000443396,-36093.01466262655,6660.473591028995,-29432.541071597552,298.8512756921991
3345000,6690.000000445433,-36313.996497273125,6816.665275871011,-29497.331221402113,305.8594987006082
3350000,6700.0000004474705,-36317.12010645255,6526.381465697695,-29790.73864075486,292.834646068517
3355000,6710.000000449508,-36461.87799760342,6680.599254306871,-29781.27874329655,299.75430159006413
3360000,6720.000000451545,-36660.08140349696,6364.672182471007,-30295.40922102595,285.57885187864764
3365000,6730.000000453582,-36464.134655187525,6754.33244605853,-29709.802209128997,303.0626636929512
3370000,6740.00000045562,-36552.845512490545,6552.30171476163,-30000.543797728915,293.9976713989455
3375000,6750.000000457657,-36425.06042586989,6540.418261785271,-29884.642164084617,293.4644683116461
3380000,6760.000000459694,-36660.124357610046,6560.574393148253,-30099.549964461792,294.36886129339433
3385000,6770.000000461731,-37114.85812833345,6400.196310428248,-30714.661817905202,287.17279723595277
3390000,6780.000000463769,-36621.425584319644,6782.898269881194,-29838.52731443845,304.3443943047354
3395000,6790.000000465806,-36617.65598101556,6536.028489366832,-30081.627491648727,293.26750197444505
3400000,6800.000000467843,-36649.839439876276,6646.492592737598,-30003.346847138677,298.2239570612144
3405000,6810.00000046988,-36578.599125152534,6708.936509721994,-29869.66261543054,301.02577648065324
3410000,6820.000000471918,-36424.39769238672,6734.259862300192,-29690.137830086533,302.16201943986124
3415000,6830.000000473955,-36071.70298543836,6552.377181854703,-29519.325803583655,294.00105756011396
3420000,6840.000000475992,-36886.32997800128,6531.355546442479,-30354.974431558803,293.05782995411596
3425000,6850.0000004780295,-36490.6959196342,6680.060595164921,-29810.63532446928,299.73013229196016
3430000,6860.000000480067,-36339.05192692338,6618.747873799506,-29720.304053123873,296.9790689109876
3435000,6870.000000482104,-36242.82691303167,6476.007007887024,-29766.819905144646,290.57437571787733
3440000,6880.000000484141,-36282.09280686094,6742.847349943559,-29539.245456917386,302.5473346283589
3445000,6890.000000486179,-36606.61199753145,6677.573241269416,-29929.038756262034,299.6185262815751
3450000,6900.000000488216,-36620.77570153841,6487.1014471709805,-30133.674254367434,291.0721762552994
3455000,6910.000000490253,-36079.966535663705,6605.186591108598,-29474.779944555106,296.37058265594726
3460000,6920.00000049229,-36354.42536063155,6517.693811016861,-29836.731549614684,292.4448364478262
3465000,6930.000000494328,-36500.80075312592,6483.301377213815,-30017.499375912106,290.90166949794985
3470000,6940.000000496365,-36577.89194742346,6735.391797573168,-29842.50014985029,302.2128086661387
3475000,6950.000000498402,-36391.81723170651,6505.3580759951,-29886.45915571141,291.89133974860954
3480000,6960.0000005004395,-36509.19675355739,6343.191933984537,-30166.004819572856,284.61504659143606
3485000,6970.000000502477,-36415.66861770984,6446.595261653167,-29969.073356056673,289.2546890976702
3490000,6980.000000504514,-36601.954367574006,6708.739583841999,-29893.214783732008,301.0169405398377
3495000,6990.000000506551,-36232.133130121016,6593.905962346488,-29638.227167774527,295.86442791333144
3500000,7000.0000005085885,-36290.07465988968,6523.545362410654,-29766.529297479028,292.70739189150646
3505000,7010.000000510626,-35985.13366628026,6398.847813693981,-29586.285852586276,287.1122910326334
3510000,7020.000000512663,-36400.01773390496,6622.655440417457,-29777.362293487506,297.15439897613487
3515000,7030.0000005147,-36230.46901038337,6751.399093417265,-29479.069916966106,302.931045998366
3520000,7040.000000516738,-36555.69780564496,6486.602474025697,-30069.09533161926,291.0497876429934
3525000,7050.000000518775,-36419.77804225669,6692.176890274019,-29727.601151982668,300.2737828598258
3530000,7060.000000520812,-36475.198527670946,6492.037454148976,-29983.16107352197,291.2936517948446
3535000,7070.000000522849,-36047.23999814625,6511.261150991327,-29535.978847154925,292.1562070240395
3540000,7080.000000524887,-36085.86882174728,6199.733423726235,-29886.135398021048,278.1781531463
3545000,7090.000000526924,-36525.65283061585,6748.165990787389,-29777.48683982846,302.7859787096549
3550000,7100.000000528961,-36251.58316550919,6502.74301439927,-29748.840151109922,291.7740035737495
3555000,7110.0000005309985,-36406.820292778095,6686.422869108339,-29720.397423669754,300.0156035363555
3560000,7120.000000533036,-36235.63512443625,6650.471203037606,-29585.163921398645,298.40247481185014
3565000,7130.000000535073,-36207.171724594664,6636.174326995447,-29570.997397599218,297.76098294415965
3570000,7140.00000053711,-36505.24167174838,6567.143786217513,-29938.097885530868,294.66362584315794
3575000,7150.000000539148,-36347.49622331814,6497.139139142462,-29850.35708417568,291.522561203109
3580000,7160.000000541185,-36397.5437434069,6738.219816497649,-29659.323926909252,302.33970010286794
3585000,7170.000000543222,-36011.14898419673,6738.724065288379,-29272.42491890835,302.3623254300787
3590000,7180.000000545259,-36210.17208737611,6553.670188648432,-29656.501898727678,294.05907396457883
3595000,7190.000000547297,-36114.75729524672,6415.271562036104,-29699.48573321062,287.84921432744267
3600000,7200.000000549334,-36225.28910390194,6706.027312130111,-29519.261791771827,300.89524260799493
3605000,7210.000000551371,-36704.522767472656,6535.072981423031,-30169.449786049627,293.22462893185485
3610000,7220.000000553408,-36718.55319848268,6577.897288410581,-30140.6559100721,295.1461287469883
3615000,7230.000000555446,-36899.72677786823,6625.565012456846,-30274.161765411383,297.284949650018
3620000,7240.000000557483,-36225.7944558185,6692.253995691269,-29533.540460127228,300.2772425315733
3625000,7250.00000055952,-36708.42139590962,6497.904334317725,-30210.517061591898,291.55689503105015
3630000,7260.0000005615575,-36582.69190206085,6690.905197915714,-29891.78670414513,300.21672282072
3635000,7270.000000563595,-36414.686737399956,6638.947049819642,-29775.739687580313,297.885393279525
3640000,7280.000000565632,-36691.99410225003,6711.200959209775,-29980.793143040253,301.12738090996515
3645000,7290.000000567669,-36196.26825496271,6943.080625455632,-29253.187629507083,311.531676207824
3650000,7300.000000569707,-36632.41310748896,6553.385164218855,-30079.027943270106,294.0462850970579
3655000,7310.000000571744,-36393.3551854803,6353.501216230716,-30039.853969249583,285.07761762465674
3660000,7320.000000573781,-36578.120216728516,6848.1886085163005,-29729.931608212217,307.2739308796958
3665000,7330.000000575818,-36298.53750289102,6794.277081800335,-29504.260421090687,304.85495446407253
3670000,7340.000000577856,-36556.8595304597,6656.02016809397,-29900.839362365725,298.6514533962108
3675000,7350.000000579893,-36581.346881217396,6616.642112955227,-29964.70476826217,296.8845847416542
3680000,7360.00000058193,-36616.363890671295,6639.246393126001,-29977.117497545296,297.89882462607295
3685000,7370.000000583967,-36401.310298836266,6590.776459908415,-29810.53383892785,295.72400910029694
3690000,7380.000000586005,-36384.590651394465,6469.354313978478,-29915.236337415987,290.2758735116623
3695000,7390.000000588042,-36617.863721692156,6737.602541346134,-29880.261180346024,302.31200335368607
3700000,7400.000000590079,-36302.2199422609,6277.77713334201,-30024.442808918888,281.67992548420705
3705000,7410.0000005921165,-36345.01618022941,6675.007266379902,-29670.00891384951,299.50339259646324
3710000,7420.000000594154,-36607.459873168744,6598.641903997166,-30008.817969171578,296.0769266470274
3715000,7430.000000596191,-36466.34700212974,6590.808383790063,-29875.538618339677,295.72544150485874
3720000,7440.000000598228,-36422.67075912603,6383.17061001958,-30039.500149106447,286.4088647291808
3725000,7450.000000600266,-36525.77259413507,6670.489610041872,-29855.282984093203,299.3006881879393
3730000,7460.000000602303,-36526.972590558544,6473.888288797218,-30053.084301761326,290.4793101201884
3735000,7470.00000060434,-36337.44700818168,6448.810710758823,-29888.63629742286,289.35409491054645
3740000,7480.000000606377,-36542.21178973791,6874.932576670475,-29667.27921306743,308.4739159694515
3745000,7490.000000608415,-36201.262844847195,6740.110294872697,-29461.152549974497,302.4245246827315
3750000,7500.000000610452,-36573.18268752367,6580.165484926343,-29993.01720259733,295.2479013030975
3755000,7510.000000612489,-35955.38369976767,6578.721200338643,-29376.662499429025,295.1830971588278
3760000,7520.0000006145265,-36296.57745516863,6623.716627144771,-29672.860828023862,297.20201375950893
3765000,7530.000000616564,-36082.89219152558,6729.826021646157,-29353.06616987942,301.96307578854805
3770000,7540.000000618601,-36408.870501844256,6675.036041866881,-29733.834459977377,299.5046837345294
3775000,7550.000000620638,-36528.98161715751,6561.044427919958,-29967.93718923755,294.3899514590146
3780000,7560.0000006226755,-36513.19063800755,6397.3252857983925,-30115.86535220916,287.0439761601765
3785000,7570.000000624713,-36335.88592651379,6475.132258464711,-29860.753668049074,290.53512625953226
3790000,7580.00000062675,-36313.926149630584,6567.745365727456,-29746.180783903128,294.6906183387395
3795000,7590.000000628787,-35968.70781963633,6538.513897706842,-29430.193921929487,293.3790206889744
3800000,7600.000000630825,-36513.77480924471,6452.22316376565,-30061.551645479056,289.50720953826647
3805000,7610.000000632862,-36242.07025226544,6602.244087295974,-29639.826164969465,296.23855435403846
3810000,7620.000000634899,-36253.57950923731,6369.370579820746,-29884.208929416563,285.7896660230907
3815000,7630.000000636936,-36158.21082754761,6520.251102700768,-29637.959724846845,292.5595805229445
3820000,7640.000000638974,-36717.34324893909,6608.038105960304,-30109.30514297879,296.4985283402054
3825000,7650.000000641011,-35937.15753597198,6697.290106046254,-29239.867429925725,300.50320964690593
3830000,7660.000000643048,-36470.722418040226,6615.232268142403,-29855.49014989782,296.82132588849873
3835000,7670.0000006450855,-36313.89279835494,6535.064472730329,-29778.828325624607,293.224247152146
3840000,7680.000000647123,-36657.61843860783,6642.634540120705,-30014.983898487124,298.0508486582625
3845000,7690.00000064916,-36762.411243675975,6658.644188561655,-30103.76705511432,298.7691915500361
3850000,7700.000000651197,-36505.143150061755,6490.2402934271395,-30014.902856634617,291.21301431959535
3855000,7710.000000653235,-36262.42558659918,6620.605846651148,-29641.819739948034,297.06243498838825
3860000,7720.000000655272,-36294.64456760192,6719.015603905392,-29575.62896369653,301.47801911976336
3865000,7730.000000657309,-36139.37392043903,6568.946904436909,-29570.42701600212,294.7445306275889
3870000,7740.000000659346,-36862.79095822928,6660.14876885733,-30202.64218937195,298.8367011249332
3875000,7750.000000661384,-36291.09911825856,6446.330153435115,-29844.76896482344,289.2427938580783
3880000,7760.000000663421,-36304.991544074575,6574.0558917544895,-29730.935652320084,294.9737676865588
3885000,7770.000000665458,-36454.65933376557,6458.468624892576,-29996.190708872997,289.78743946479636
3890000,7780.000000667495,-36206.4363469267,6668.754044087192,-29537.682302839505,299.2228144312889
3895000,7790.000000669533,-36117.603372211146,6496.132836343095,-29621.47053586805,291.4774090271843
3900000,7800.00000067157,-36287.34866583109,6575.116706267687,-29712.2319595634,295.02136576891877
3905000,7810.000000673607,-36378.33309037758,6543.452811665851,-29834.880278711727,293.6006266629357
3910000,7820.0000006756445,-36446.769833036524,6599.26592173113,-29847.503911305394,296.104925931658
3915000,7830.000000677682,-36892.54453178608,6484.562645718421,-30407.98188606766,290.95826182527315
3920000,7840.000000679719,-36687.17142523572,6498.774607007428,-30188.39681822829,291.5959436212087
3925000,7850.000000681756,-36209.60122230362,6304.024157653164,-29905.57706465046,282.85761301517755
3930000,7860.000000683794,-36692.73964308739,6727.607803268283,-29965.13183981911,301.8635457201631
3935000,7870.000000685831,-36329.90867898906,6825.489994439572,-29504.418684549484,306.25545829203895
3940000,7880.000000687868,-36111.82627783126,6530.983589684389,-29580.84268814687,293.0411404874979
3945000,7890.000000689905,-36377.16545842472,6612.409897834321,-29764.7555605904,296.69468790164717
3950000,7900.000000691943,-36370.06932571146,6544.7041876248,-29825.36513808666,293.6567751179354
3955000,7910.00000069398,-36519.30110423986,6476.762933559938,-30042.53817067992,290.60829362905747
3960000,7920.000000696017,-36068.254562123075,6706.762912274869,-29361.491649848205,300.9282485254655
3965000,7930.0000006980545,-36508.596564541775,6526.695578380226,-29981.90098616155,292.8487401077175
3970000,7940.000000700092,-36903.506665838206,6669.784440002881,-30233.722225835325,299.26904765024295
3975000,7950.000000702129,-37089.4623337762,6631.4280677903325,-30458.03426598587,297.54802126826246
3980000,7960.000000704166,-36123.91575692192,6323.480281214464,-29800.435475707454,283.73059708558225
3985000,7970.0000007062035,-36366.59905240789,6702.379433777924,-29664.219618629962,300.73156459257734
3990000,7980.000000708241,-36359.30998190904,6629.787400349711,-29729.52258155933,297.4744055484619
3995000,7990.000000710278,-36659.875652433904,6572.003553202896,-30087.872099231008,294.8816805420167
4000000,8000.000000712315,-36498.17736930432,6616.227561496941,-29881.94980780738,296.8659840775339
4005000,8010.000000714353,-36564.349313015344,6561.357382475166,-30002.991930540178,294.40399353376785
4010000,8020.00000071639,-36500.66165014763,6611.802855924649,-29888.858794222982,296.6674503116132
4015000,8030.000000718427,-36177.07220500891,6536.996372946442,-29640.075832062466,293.31093030405776
4020000,8040.000000720464,-36176.422787609576,6702.386357351489,-29474.036430258086,300.73187524898395
4025000,8050.000000722502,-36047.381137526005,6598.767293991848,-29448.613843534156,296.0825528175028
4030000,8060.000000724539,-36469.12004580233,6644.364097119261,-29824.75594868307,298.1284527968176
4035000,8070.000000726576,-36554.69552470312,6669.3301334065745,-29885.365391296546,299.2486631979955
4040000,8080.0000007286135,-36377.10556654129,6586.388555572885,-29790.71701096841,295.5271265828053
4045000,8090.000000730651,-36400.105156659396,6782.056115904355,-29618.049040755042,304.3066073836001
4050000,8100.000000732688,-36378.68706916284,6493.27781027719,-29885.40925888565,291.34930579694566
4055000,8110.000000734725,-36225.05549982416,6407.508461339206,-29817.54703848495,287.5008888645626
4060000,8120.000000736763,-36410.716915574434,6735.988236571024,-29674.728679003412,302.2395705101646
4065000,8130.0000007388,-36277.6999173333,6758.318698136662,-29519.381219196643,303.24152432538204
4070000,8140.000000740837,-36629.84203195167,6598.127018477656,-30031.71501347402,296.05382405646264
4075000,8150.000000742874,-36579.23845239435,6629.719667529422,-29949.518784864926,297.4713664192659
4080000,8160.000000744912,-36215.84090453431,6582.237256306751,-29633.603648227556,295.3408603864893
4085000,8170.000000746949,-36253.64138131929,6494.750901396543,-29758.89047992275,291.4154024722365
4090000,8180.000000748986,-36403.87517039072,6482.814200730101,-29921.06096966062,290.87981019445516
4095000,8190.000000751023,-36102.094093287975,6391.290465695142,-29710.80362759283,286.7731975643634
4100000,8200.00000075306,-36670.79564761904,6663.755711049238,-30007.0399365698,298.99854236049515
4105000,8210.000000755097,-36454.415891482604,6343.129645889615,-30111.28624559299,284.61225176365485
4110000,8220.000000757134,-36097.88260214896,6352.7783017416095,-29745.10430040735,285.0451809046047
4115000,8230.000000759172,-36735.196982089445,6541.167541294952,-30194.029440794493,293.49808801364736
4120000,8240.000000761209,-37024.54450462701,6692.89811067686,-30331.646393950152,300.3061435672888
4125000,8250.000000763246,-36393.10066990142,6799.7991912825055,-29593.301478618912,305.1027280556504
4130000,8260.000000765283,-36116.0739194639,6499.123854901027,-29616.950064562876,291.61161415530927
4135000,8270.00000076732,-36591.21592456731,6646.653925973436,-29944.561998593876,298.2311959823936
4140000,8280.000000769358,-36838.05372365148,6896.565835312147,-29941.487888339332,309.44458672643054
4145000,8290.000000771395,-36900.277014363455,6746.1240979853255,-30154.15291637813,302.69436025934755
4150000,8300.000000773432,-36839.56953672467,6569.864475740025,-30269.70506098465,294.7857014768877
4155000,8310.00000077547,-35779.788558810964,6427.630184262995,-29352.15837454797,288.4037379612093
4160000,8320.000000777507,-36338.01187036355,6357.783924132373,-29980.227946231178,285.2697800440905
4165000,8330.000000779544,-36299.21926832655,6496.651207437992,-29802.56806088856,291.5006680133322
4170000,8340.000000781582,-36329.282900545804,6734.797068675846,-29594.48583186996,302.18612355325195
4175000,8350.000000783619,-35959.96266869364,6462.303197339756,-29497.659471353883,289.95949432724893
4180000,8360.000000785656,-36508.371517609325,6578.682006563549,-29929.689511045777,295.18133855870343
4185000,8370.000000787693,-36316.120121069114,6422.671513052866,-29893.448608016246,288.1812454917727
4190000,8380.00000078973,-36112.0842791318,6508.596543178921,-29603.487735952876,292.03664774149394
4195000,8390.000000791768,-36286.61215615185,6565.0689651154225,-29721.543191036428,294.5705299206656
4200000,8400.000000793805,-35936.117340392404,6482.081610904503,-29454.0357294879,290.8469393481186
4205000,8410.000000795842,-36426.75679739837,6432.169477013964,-29994.587320384402,288.6074131820216
4210000,8420.00000079788,-36426.708834570454,6557.820154508607,-29868.88868006185,294.24528033180513
4215000,8430.000000799917,-36707.493544599805,6356.457886813567,-30351.03565778624,285.2102815806668
4220000,8440.000000801954,-36683.47583813132,6459.898470798471,-30223.57736733285,289.8515957544625
4225000,8450.000000803991,-36429.298182505234,6645.552335506893,-29783.74584699834,298.1817683085627
4230000,8460.000000806029,-36848.36401908012,6865.965597978086,-29982.398421102036,308.0715732554237
4235000,8470.000000808066,-36491.97592901381,6633.755436590927,-29858.220492422883,297.6524488477068
4240000,8480.000000810103,-36483.99587607215,6643.618593363898,-29840.37728270825,298.0950025105461
4245000,8490.00000081214,-36696.06832051308,6601.87948287087,-30094.188837642207,296.22219478199355
4250000,8500.000000814178,-36662.96965729563,6691.897199827504,-29971.072457468126,300.2612333247818
4255000,8510.000000816215,-36092.65019185258,6905.846019808288,-29186.804172044296,309.86098278857634
4260000,8520.000000818252,-35947.026465821225,6688.358945962021,-29258.667519859206,300.10247409137736
4265000,8530.00000082029,-36283.58747673589,6440.080522006391,-29843.5069547295,288.96237681272044
4270000,8540.000000822327,-36618.320493101535,6390.770696050069,-30227.549797051466,286.7498758261456
4275000,8550.000000824364,-36159.93795709578,6433.457987682532,-29726.479969413253,288.66522784816834
4280000,8560.000000826401,-36711.95073587636,6555.526612708863,-30156.424123167497,294.14237054868846
4285000,8570.000000828439,-36419.322043145316,6419.983458715096,-29999.338584430217,288.0606341783288
4290000,8580.000000830476,-36497.3316862576,6637.171724691181,-29860.159961566424,297.8057355536654
4295000,8590.000000832513,-36667.73228258027,6670.364312085658,-29997.36797049461,299.2950661471723
4300000,8600.00000083455,-36749.30107081697,6609.572958530478,-30139.728112286488,296.5673962130866
4305000,8610.000000836588,-36219.825272192254,6532.927618078266,-29686.89765411399,293.12836782314486
4310000,8620.000000838625,-36252.92437597783,6390.319362042526,-29862.605013935306,286.729624752093
4315000,8630.000000840662,-36510.199272459606,6668.654360983031,-29841.544911476572,299.21834171287986
4320000,8640.0000008427,-36046.73364660599,6546.645405806301,-29500.08824079969,293.7438763611142
4325000,8650.000000844737,-36204.6930636376,6508.146698191576,-29696.54636544602,292.0164634788444
4330000,8660.000000846774,-36281.6681318702,6640.0938697353595,-29641.574262134844,297.93685037039353
4335000,8670.000000848811,-36610.60041568649,6455.075909759258,-30155.524505927227,289.63521046309023
4340000,8680.000000850849,-36650.61384884534,6733.261300811767,-29917.352548033577,302.1172146117068
4345000,8690.000000852886,-36949.76704222326,6732.865337271613,-30216.901704951648,302.09944797582347
4350000,8700.000000854923,-36188.79730618968,6746.627769856676,-29442.169536333,302.71695970054736
4355000,8710.00000085696,-36583.368323053466,6535.040980983385,-30048.32734207008,293.2231930921837
4360000,8720.000000858998,-36372.32912228235,6576.5076417401415,-29795.82148054221,295.08377617182293
4365000,8730.000000861035,-36592.53507382947,6535.396354009408,-30057.138719820065,293.2391384571374
4370000,8740.000000863072,-36444.36720047152,6651.611005945589,-29792.75619452593,298.4536170539794
4375000,8750.00000086511,-36420.054498810525,6388.389777121159,-30031.664721689365,286.6430454860054
4380000,8760.000000867147,-36397.5505481823,6671.542025090024,-29726.008523092274,299.3479093915668
4385000,8770.000000869184,-36603.1316957331,6488.941325678223,-30114.19037005488,291.15473045080716
4390000,8780.000000871221,-36602.686676015845,6791.465093174497,-29811.221582841346,304.72878229679674
4395000,8790.000000873259,-36067.70967201825,6625.418560621672,-29442.291111396582,297.27837844795994
4400000,8800.000000875296,-36455.32513596112,6539.075162207337,-29916.24997375378,293.4042042753487
4405000,8810.000000877333,-36290.304069069345,6725.686884433681,-29564.617184635663,301.77735529595736
4410000,8820.00000087937,-36493.93204168484,6772.805543092647,-29721.126498592195,303.8915399791762
4415000,8830.000000881408,-36607.104963011385,6579.067689816733,-30028.03727319465,295.19864392455344
4420000,8840.000000883445,-36250.16568500819,6515.528436802344,-29734.63724820585,292.34767746393186
4425000,8850.000000885482,-36356.95184867252,6635.585737217321,-29721.3661114552,297.73457328970363
4430000,8860.00000088752,-36528.47443258634,6678.648171812254,-29849.82626077409,299.6667577413381
4435000,8870.000000889557,-36478.768317047754,6552.422196511493,-29926.346120536262,294.003077339552
4440000,8880.000000891594,-36156.452569067835,6654.766493401123,-29501.686075666712,298.5952017984618
4445000,8890.000000893631,-36588.53987124348,6483.087089193892,-30105.452782049593,290.8920545287973
4450000,8900.000000895669,-36219.220700753336,6376.557904174476,-29842.66279657886,286.11215676231063
4455000,8910.000000897706,-36407.2188004077,6574.878760899874,-29832.340039507828,295.0106893093931
4460000,8920.000000899743,-36122.88942657078,6848.188550536893,-29274.700876033887,307.273928278196
4465000,8930.00000090178,-36377.67657175403,6346.267472501606,-30031.40909925243,284.753044077156
4470000,8940.000000903818,-36526.52180569645,6391.370752480367,-30135.151053216083,286.77679998209805
4475000,8950.000000905855,-36324.0864364971,6436.864576154494,-29887.221860342604,288.81807933788457
4480000,8960.000000907892,-36253.404509151515,6780.304127805097,-29473.10038134642,304.22799677561477
4485000,8970.00000090993,-36500.88595286035,6478.642687223233,-30022.243265637117,290.6926369978263
4490000,8980.000000911967,-36391.234095991545,6446.0380594864455,-29945.196036505098,289.22968778566633
4495000,8990.000000914004,-36819.561938777515,6528.127809379679,-30291.434129397836,292.91300341503677
4500000,9000.000000916041,-36253.8422942887,6768.5667420165755,-29485.27555227212,303.70134763148855
4505000,9010.000000918079,-36461.801412158384,6683.719903108447,-29778.081509049938,299.89432314597786
4510000,9020.000000920116,-36594.97694585452,6567.17722382626,-30027.79972202826,294.665126167706
4515000,9030.000000922153,-36416.66767687853,6330.844619557732,-30085.823057320802,284.0610303315722
4520000,9040.00000092419,-36213.998735043744,6451.68236768518,-29762.316367358566,289.48294435707044
4525000,9050.000000926228,-36363.7061566886,6735.12916112976,-29628.576995558837,302.2010243335259
4530000,9060.000000928265,-36432.67796116431,6414.81983470791,-30017.858126456398,287.8289456053389
4535000,9070.000000930302,-36792.66538890044,6416.248909505917,-30376.41647939452,287.8930672958774
4540000,9080.00000093234,-36271.343098904326,6576.4072620196075,-29694.935836884717,295.0792721966738
4545000,9090.000000934377,-36483.22145297419,6414.11546356601,-30069.10598940818,287.79734091365435
4550000,9100.000000936414,-36682.0666118678,6412.820646649776,-30269.245965218022,287.7392432901272
4555000,9110.000000938451,-36769.54132779455,6321.544003604511,-30447.997324190037,283.6437175227523
4560000,9120.000000940488,-36604.46031628365,6463.003541319189,-30141.456774964463,289.99091832267754
4565000,9130.000000942526,-36077.353700058666,6523.437878049365,-29553.9158220093,292.7025691355794
4570000,9140.000000944563,-36195.26505451747,6505.244743284414,-29690.020311233056,291.8862545809103
4575000,9150.0000009466,-36633.79715735182,6818.435022912995,-29815.362134438827,305.93890614122347
4580000,9160.000000948638,-36333.34878913393,6527.025582757025,-29806.323206376906,292.8635471972799
4585000,9170.000000950675,-36225.45601091654,6547.684297243443,-29677.771713673097,293.79049076879147
4590000,9180.000000952712,-36397.23460756119,6536.690876441322,-29860.54373111987,293.2972228673377
4595000,9190.00000095475,-36803.25756173517,6322.796916072542,-30480.460645662628,283.69993491995154
4600000,9200.000000956787,-36285.78489231414,6619.793141203485,-29665.991751110658,297.0259694043008
4605000,9210.000000958824,-36469.74036920424,6670.811943606905,-29798.92842559734,299.3151510929852
4610000,9220.000000960861,-36471.02320087016,6683.371422972218,-29787.65177789794,299.87868706066917
4615000,9230.000000962898,-36767.61759552967,6665.957173677584,-30101.660421852088,299.0973206089002
4620000,9240.000000964936,-35991.407784796975,6472.73152834681,-29518.676256450166,290.42740700375833
4625000,9250.000000966973,-36159.184540117225,6617.857929812308,-29541.326610304917,296.93913768203913
4630000,9260.00000096901,-36719.51627650367,6518.3277871095415,-30201.18848939413,292.47328255777114
4635000,9270.000000971047,-36615.893160897154,6614.667882155596,-30001.225278741556,296.79600224298997
4640000,9280.000000973085,-36147.345098127844,6577.359417940262,-29569.985680187583,295.1219948360862
4645000,9290.000000975122,-36377.564823771754,6621.04389578777,-29756.520927983984,297.08208997860874
4650000,9300.00000097716,-36449.21386287826,6727.688623556405,-29721.525239321858,301.8671720758384
4655000,9310.000000979197,-36121.84229982284,6319.030677044382,-29802.81162277846,283.5309461351835
4660000,9320.000000981234,-36953.490555325654,6567.591888463867,-30385.898666861787,294.6837319101115
4665000,9330.000000983271,-36742.94416651465,6631.19759500539,-30111.746571509262,297.537680098847
4670000,9340.000000985308,-36441.732194365664,6612.263873824306,-29829.46832054136,296.68813589583584
4675000,9350.000000987346,-36518.326379415674,6739.8732372437735,-29778.4531421719,302.41388805549354
4680000,9360.000000989383,-36631.67414099801,6431.874729869522,-30199.799411128486,288.5941880623782
4685000,9370.00000099142,-36315.47695616977,6305.080380134448,-30010.39657603532,282.90500505594343
4690000,9380.000000993457,-36471.03870360192,6574.894195178447,-29896.14450842347,295.01138183579957
4695000,9390.000000995495,-36452.15749477097,6578.471828348214,-29873.685666422753,295.1719079939069
4700000,9400.000000997532,-36345.28305421962,6276.338118826989,-30068.94493539263,281.6153578047957
4705000,9410.00000099957,-36308.34490273848,6694.867126408425,-29613.47777633005,300.3944920691174
4710000,9420.000001001607,-36589.62375273392,6534.330937122393,-30055.292815611523,293.19133386914876
4715000,9430.000001003644,-36317.745656936306,6642.13956831831,-29675.606088617995,298.02863958370415
4720000,9440.000001005681,-36269.10134323993,6693.528225954505,-29575.57311728542,300.3344164448828
4725000,9450.000001007718,-36262.17480911862,6636.588412233839,-29625.586396884777,297.7795626892855
4730000,9460.000001009756,-36124.604943832295,6717.586134525403,-29407.018809306894,301.41387972457863
4735000,9470.000001011793,-36462.28227065785,6512.719914420035,-29949.562356237817,292.22166082483074
4740000,9480.00000101383,-36424.172354052615,6502.9880871616115,-29921.184266891003,291.78499983500063
4745000,9490.000001015867,-36688.378505711225,6600.849475955058,-30087.529029756166,296.1759790172202
4750000,9500.000001017905,-36642.693435845584,6468.456221527613,-30174.23721431797,290.235576666256
4755000,9510.000001019942,-36406.46179267985,6782.990426954407,-29623.471365725447,304.34852933485257
4760000,9520.00000102198,-36684.85254467293,6375.981521878495,-30308.87102279444,286.08629484992764
4765000,9530.000001024016,-36405.18725955211,6487.036487835666,-29918.150771716446,291.069261570636
4770000,9540.000001026054,-36517.69591365784,6467.343128439243,-30050.352785218594,290.18563287699277
4775000,9550.000001028091,-36476.18852030006,6833.101419527433,-29643.087100772624,306.5969781654015
4780000,9560.000001030128,-36212.46039789289,6530.86208234797,-29681.598315544925,293.03568852946546
4785000,9570.000001032166,-35978.55035586161,6727.709945483022,-29250.840410378587,301.86812877732257
4790000,9580.000001034203,-36459.33520633294,6679.359732560342,-29779.975473772596,299.6986850261463
4795000,9590.00000103624,-36231.825622358796,6573.604416069367,-29658.22120628943,294.953510255522
4800000,9600.000001038277,-36303.91805794378,6674.439279595089,-29629.478778348694,299.47790738540465
4805000,9610.000001040315,-36498.77495128785,6619.049996943249,-29879.7249543446,296.99262498709686
4810000,9620.000001042352,-36178.27649083693,6399.428527236734,-29778.847963600194,287.1383472853445
4815000,9630.00000104439,-36369.65367008256,6749.3742708218915,-29620.279399260668,302.84019347753434
4820000,9640.000001046426,-36268.04503768952,6622.698136460778,-29645.34690122874,297.1563147208397
4825000,9650.000001048464,-36499.65074781445,6617.422994994391,-29882.227752820058,296.9196224293471
4830000,9660.000001050501,-36421.31995489297,6294.368030457743,-30126.951924435227,282.42434863973057
4835000,9670.000001052538,-36113.31543160192,6575.354329412812,-29537.96110218911,295.0320277705143
4840000,9680.000001054575,-36337.983402097045,6594.112735911828,-29743.870666185216,295.87370571361646
4845000,9690.000001056613,-36290.41127019739,6746.343645406163,-29544.06762479123,302.7042112145229
4850000,9700.00000105865,-36270.922423755204,6724.007523586002,-29546.914900169202,301.7020034272325
4855000,9710.000001060687,-36706.72147646602,6694.209196283703,-30012.512280182313,300.36497115676747
4860000,9720.000001062725,-36059.830001549075,6510.699661080898,-29549.130340468175,292.1310133236627
4865000,9730.000001064762,-36636.05379623625,6615.315796005737,-30020.738000230514,296.8250737313769
4870000,9740.000001066799,-36423.917297664615,6750.719366447369,-29673.197931217248,302.90054707523393
4875000,9750.000001068836,-36358.831970978914,6344.454167448582,-30014.377803530333,284.67168221588463
4880000,9760.000001070874,-36410.280832853765,6604.4559851141,-29805.824847739663,296.33780082286887
4885000,9770.00000107291,-36708.4728073343,6596.32100633257,-30112.15180100173,295.97278942339966
4890000,9780.000001074948,-36544.33033582995,6795.081242288346,-29749.249093541606,304.8910366411759
4895000,9790.000001076985,-36354.72718362999,6573.833901741751,-29780.89328188824,294.96380713381564
4900000,9800.000001079023,-36802.15979418317,6535.835043644929,-30266.324750538242,293.258822186142
4905000,9810.00000108106,-36861.145471939904,6528.709523599055,-30332.435948340848,292.9391045674808
4910000,9820.000001083097,-36400.512434159304,6467.081772048191,-29933.430662111114,290.1739059795269
4915000,9830.000001085134,-36490.58444372052,6564.465433776275,-29926.119009944246,294.5434498477309
4920000,9840.000001087172,-36495.33124922754,6728.539038749181,-29766.792210478365,301.9053296725551
4925000,9850.000001089209,-36803.10235847063,6653.8356442691365,-30149.26671420149,298.5534351813032
4930000,9860.000001091246,-36441.24697395629,6694.870843428861,-29746.376130527427,300.39465884949476
4935000,9870.000001093284,-36431.34395384337,6824.493145051593,-29606.850808791773,306.21073028475854
4940000,9880.00000109532,-36531.364457322765,6724.239174760369,-29807.125282562396,301.71239747024293
4945000,9890.000001097358,-36469.40752523935,6739.168432770045,-29730.239092469306,302.3822639204814
4950000,9900.000001099395,-36423.619746744975,6398.633485157259,-30024.986261587714,287.1026742455174
4955000,9910.000001101433,-36201.35058400601,6572.821872358578,-29628.528711647432,294.91839800966466
4960000,9920.00000110347,-36350.574180942785,6643.241936377828,-29707.332244564957,298.0781021476445
4965000,9930.000001105507,-35940.103547284176,6751.091263647011,-29189.012283637167,302.91723386950173
4970000,9940.000001107544,-36155.429164407324,6401.419208925963,-29754.00995548136,287.22766792511464
4975000,9950.000001109582,-37048.055223793985,6490.126627078578,-30557.928596715406,291.20791418177384
4980000,9960.000001111619,-35929.65330582621,6606.014592601169,-29323.63871322504,296.40773456398324
4985000,9970.000001113656,-36103.650211148604,6615.177695927301,-29488.472515221303,296.81887726740933
4990000,9980.000001115694,-36646.73236258848,6524.196254441265,-30122.536108147215,292.73659700898463
4995000,9990.00000111773,-36557.423037491135,6293.720444231741,-30263.702593259393,282.39529185163343
5000000,10000.000001119768,-36696.964282418216,6693.746649794364,-30003.21763262385,300.34421698568394
5005000,10010.000001121805,-36610.51253220367,6342.820669186844,-30267.691863016826,284.59838817264733
5010000,10020.000001123843,-36200.20971066924,6511.569816706988,-29688.639893962252,292.17005666125027
5015000,10030.00000112588,-36399.198951782,6617.410395600638,-29781.78855618136,296.9190571024459
5020000,10040.000001127917,-36412.15265570708,6596.067143083781,-29816.0855126233,295.96139873853093
5025000,10050.000001129954,-36358.517248376666,6659.564555439493,-29698.95269293717,298.81048783502064
5030000,10060.000001131992,-36157.47708499091,6302.0365524610215,-29855.44053252989,282.7684304159034
5035000,10070.000001134029,-36591.17092434411,6595.418182476927,-29995.75274186718,295.93228028282624
5040000,10080.000001136066,-36762.48683820669,6656.325047211261,-30106.16179099543,298.6651331311259
5045000,10090.000001138103,-36220.14583860267,6691.792720902849,-29528.353117699822,300.25654542091297
5050000,10100.00000114014,-36510.535928888334,6507.290190734162,-30003.24573815417,291.97803252603154
5055000,10110.000001142178,-36420.40314964402,6530.38467549453,-29890.018474149492,293.01426758315813
5060000,10120.000001144215,-36306.15521192571,6747.824168399278,-29558.331043526432,302.7706413533317
5065000,10130.000001146253,-36326.33929916968,6420.570423836897,-29905.768875332786,288.0869709354737
5070000,10140.00000114829,-35952.70944014699,6615.591125376934,-29337.118314770054,296.83742758770455
5075000,10150.000001150327,-36648.94196836566,6628.180115827924,-30020.761852537737,297.4022876993073
5080000,10160.000001152364,-36511.26293177975,6489.3038669783,-30021.95906480145,291.1709974517251
5085000,10170.000001154402,-36517.328393214964,6634.089636407915,-29883.238756807048,297.6674441840411
5090000,10180.000001156439,-36333.92321642574,6672.251505970538,-29661.6717104552,299.37974335402055
5095000,10190.000001158476,-36380.34297954816,6523.560866995231,-29856.782112552926,292.7080875724992
5100000,10200.000001160513,-36400.452761949666,6479.965497625764,-29920.4872643239,290.7519906715392
5105000,10210.00000116255,-36028.88930390084,6608.71992335808,-29420.16938054276,296.52912105952635
5110000,10220.000001164588,-36420.121533964055,6435.369488524096,-29984.75204543996,288.75099569292905
5115000,10230.000001166625,-36064.69445155323,6765.440369379307,-29299.254082173924,303.5610692506546
5120000,10240.000001168662,-36184.48556700744,6338.127538182927,-29846.358028824514,284.38781032584075
5125000,10250.0000011707,-36645.028564646454,6461.193169762999,-30183.835394883456,289.90968808557056
5130000,10260.000001172737,-36411.187289761314,6587.043051400453,-29824.14423836086,295.55649340039423
5135000,10270.000001174774,-35914.283384803064,6848.592379473746,-29065.691005329318,307.2920478294999
5140000,10280.000001176812,-36486.48465383738,6844.3247358598055,-29642.159917977577,307.1005613352146
5145000,10290.000001178849,-36732.749199925056,6648.93490245064,-30083.814297474415,298.333541967363
5150000,10300.000001180886,-36432.968972637784,6362.9489624086345,-30070.02001022915,285.5015320744475
5155000,10310.000001182923,-35784.39476327824,6556.619145014362,-29227.775618263873,294.19139178851043
5160000,10320.00000118496,-36007.951824796044,6595.616291081917,-29412.335533714126,295.941169291771
5165000,10330.000001186998,-36208.84065306965,6521.220855819132,-29687.619797250518,292.60309273758946
5170000,10340.000001189035,-36767.307270343605,6796.318376925426,-29970.98889341818,304.94654609698875
5175000,10350.000001191072,-36225.08177688472,6671.318337046738,-29553.76343983798,299.33787264925724
5180000,10360.00000119311,-36410.45004252114,6669.765488821998,-29740.68455369914,299.268197322634
5185000,10370.000001195147,-35938.47107700405,6624.07893750751,-29314.392139496536,297.21827039841327
5190000,10380.000001197184,-36280.48384454125,6677.1430711159155,-29603.340773425338,299.59922481638927
5195000,10390.000001199222,-36361.1473670609,6556.96848417484,-29804.17888288606,294.2070664176988
5200000,10400.000001201259,-36329.688631063356,6567.474511946695,-29762.21411911666,294.67846529934974
5205000,10410.000001203296,-36435.38733293712,6560.231708163716,-29875.155624773404,294.3534852329101
5210000,10420.000001205333,-36290.028298326186,6582.51369907543,-29707.514599250757,295.35326420026416
5215000,10430.00000120737,-36494.02738947964,6822.75313297791,-29671.274256501732,306.13265703353505
5220000,10440.000001209408,-36741.594302743215,6620.308385037866,-30121.285917705347,297.04908807222927
5225000,10450.000001211445,-36479.89865273757,6516.8455109812585,-29963.05314175631,292.4067737568862
5230000,10460.000001213482,-36475.13074026253,6432.61033203007,-30042.520408232464,288.62719407029596
5235000,10470.00000121552,-36734.33278416459,6604.020759936404,-30130.312024228184,296.3182725419156
5240000,10480.000001217557,-36436.70591284995,6711.878936714031,-29724.826976135922,301.1578013356704
5245000,10490.000001219594,-36305.85776816619,6570.797226129909,-29735.060542036284,294.82755340229653
5250000,10500.000001221631,-36497.3060703314,6780.59181059944,-29716.714259731958,304.2409049222967
5255000,10510.000001223669,-36560.550994783815,6623.429244248535,-29937.12175053528,297.1891190690671
5260000,10520.000001225706,-36720.75754883916,6475.057589735965,-30245.699959103193,290.53177592047075
5265000,10530.000001227743,-36549.27620543983,6459.850053410135,-30089.4261520297,289.84942329659265
5270000,10540.00000122978,-36323.5378543221,6398.618328097173,-29924.919526224927,287.10199415773076
5275000,10550.000001231818,-36734.12234604167,6662.590314019033,-30071.53203202264,298.9462517261424
5280000,10560.000001233855,-36500.835143145676,6534.967363733403,-29965.867779412274,293.2198899323153
5285000,10570.000001235892,-35969.716064186636,6656.653030101981,-29313.063034084655,298.67984951787486
5290000,10580.00000123793,-36026.02812865221,6556.579368174473,-29469.448760477735,294.18960702663406
5295000,10590.000001239967,-36683.50474494201,6461.06064618031,-30222.444098761698,289.9037418354722
5300000,10600.000001242004,-36265.148045953734,6666.420320356107,-29598.727725597626,299.1181017100963
5305000,10610.000001244041,-36308.51804791631,6656.45248705899,-29652.06556085732,298.67085127722277
5310000,10620.000001246079,-36167.325498359154,6592.173566852247,-29575.15193150691,295.78669641325394
5315000,10630.000001248116,-36629.509924999686,7046.192009002578,-29583.317915997108,316.15821936428915
5320000,10640.000001250153,-36498.50436121774,6549.06207938487,-29949.442281832868,293.85231098997605
5325000,10650.00000125219,-36350.05793256886,6754.528870624698,-29595.529061944162,303.0714771401295
5330000,10660.000001254228,-36265.72812300347,6563.468246679666,-29702.259876323806,294.4987066876759
5335000,10670.000001256265,-35879.39970881941,6586.636119527762,-29292.763589291644,295.5382346223042
5340000,10680.000001258302,-36338.94121062572,6448.832664002261,-29890.10854662346,289.35507993882067
5345000,10690.00000126034,-36737.5985272019,6644.475894682352,-30093.12263251955,298.13346908340634
5350000,10700.000001262377,-36428.46371461918,6525.030752143588,-29903.432962475592,292.77404039788075
5355000,10710.000001264414,-36108.27475008598,6548.233014278172,-29560.041735807805,293.8151113582408
5360000,10720.000001266451,-36260.9151599731,6522.876298060973,-29738.038861912126,292.6773713934608
5365000,10730.000001268489,-36302.78946957143,6633.084947549157,-29669.70452202227,297.62236442462006
5370000,10740.000001270526,-36894.15111352048,6389.046427482725,-30505.104686037754,286.6725089761846
5375000,10750.000001272563,-36139.42894641188,6567.3571540373305,-29572.071792374547,294.6731995235086
5380000,10760.0000012746,-36090.4722400981,6571.22490532307,-29519.247334775027,294.8467430996531
5385000,10770.000001276638,-36097.17015086992,6699.529168268585,-29397.640982601333,300.6036749655282
5390000,10780.000001278675,-36126.60065705648,6641.4143426849805,-29485.186314371498,297.9960991640593
5395000,10790.000001280712,-36415.984440280896,6483.131256927808,-29932.853183353087,290.89403630733676
5400000,10800.00000128275,-36240.988333897534,6742.3021998222575,-29498.686134075277,302.52287408407955
5405000,10810.000001284787,-36098.29411653104,6574.02172483771,-29524.272391693332,294.9722346384164
5410000,10820.000001286824,-36450.548866070574,6515.870493231298,-29934.678372839277,292.36302532152104
5415000,10830.000001288861,-36512.532785315845,6479.9954254961485,-30032.537359819697,290.75333351632656
5420000,10840.000001290899,-36137.85982117046,6574.177027479117,-29563.682793691343,294.97920297060307
5425000,10850.000001292936,-36059.59890158687,6444.3109522877885,-29615.28794929908,289.1521935680973
5430000,10860.000001294973,-36602.98901382415,6553.173915550884,-30049.81509827327,294.0368065017225
5435000,10870.00000129701,-36490.068851597214,6434.56623192103,-30055.502619676183,288.71495407257675
5440000,10880.000001299048,-36506.17233945937,6648.052086011634,-29858.120253447738,298.2939305470348
5445000,10890.000001301085,-36160.814021627,6408.159733871264,-29752.654287755733,287.53011105490225
5450000,10900.000001303122,-36747.060943665616,6475.273292214564,-30271.78765145105,290.5414543554977
5455000,10910.00000130516,-36683.97510428757,6760.303451598495,-29923.671652689078,303.3305789693044
5460000,10920.000001307197,-36294.42391531329,6579.696245380519,-29714.72766993277,295.22684681876416
5465000,10930.000001309234,-36254.69538347235,6600.0774165332405,-29654.617966939113,296.1413371948383
5470000,10940.000001311271,-36434.67449296376,6717.569286901939,-29717.105206061817,301.41312378227275
5475000,10950.000001313309,-36354.267936277975,6267.366288805637,-30086.90164747234,281.2127974146778
5480000,10960.000001315346,-36231.398388610025,6438.767955143749,-29792.63043346628,288.90348276022235
5485000,10970.000001317383,-36072.279046865246,6536.05808796969,-29536.220958895556,293.2688300452049
5490000,10980.00000131942,-36232.152426229615,6488.1955361162345,-29743.956890113383,291.12126734057153
5495000,10990.000001321458,-36366.812367903935,6901.231634353577,-29465.580733550356,309.6539382052102
5500000,11000.000001323495,-36418.9579864169,6455.5005823485135,-29963.457404068387,289.65426525601384
