#"Step","Time (ps)","Potential Energy (kJ/mole)","Kinetic Energy (kJ/mole)","Total Energy (kJ/mole)","Temperature (K)","Box Volume (nm^3)","Density (g/mL)"
505000,1009.9999999899404,-36702.044366596776,6131.877823228212,-30570.166543368563,277.3060299431929,26.20912450864458,1.0124236476894068
510000,1019.999999989704,-36312.42899452147,6074.352541800873,-30238.076452720597,274.7045254980861,26.708087994656676,0.9935094359093181
515000,1029.9999999894676,-36583.77065908595,6078.95295345326,-30504.817705632693,274.9125730046094,26.57139296047407,0.9986204892328823
520000,1039.9999999892311,-36865.90551661103,5926.526473893834,-30939.37904271719,268.0192879256531,26.279199942522904,1.009723945014452
525000,1049.9999999889947,-36546.74667165002,5728.587746522121,-30818.1589251279,259.06777189062547,26.68982225637434,0.9941893648786095
530000,1059.9999999887582,-36610.582601190734,5997.242920254645,-30613.33968093609,271.2173452838285,26.700428914418563,0.9937944264055885
535000,1069.9999999885217,-36475.48372813733,6182.443943662897,-30293.039784474437,279.59281557585086,26.261386304358233,1.010408861522447
540000,1079.9999999882853,-36593.31593580764,6292.887902190662,-30300.428033616976,284.5874969040612,26.322932798629743,1.0080463921242493
545000,1089.9999999880488,-36421.6703999155,6032.240061613341,-30389.430338302158,272.800044517133,26.6157312723343,0.9969569186839999
550000,1099.9999999878123,-36718.0733119131,6209.021508505946,-30509.05180340715,280.7947506444631,26.54242328910167,0.9997104314391279
555000,1109.9999999875758,-36715.23201723192,6071.772581374131,-30643.459435857792,274.5878502145962,26.4298949002662,1.0039668162857707
560000,1119.9999999873394,-36418.72532426433,6203.403987016268,-30215.32133724806,280.54070569651543,26.93726545255175,0.9850568345375298
565000,1129.999999987103,-36361.718133369104,6152.014658553203,-30209.703474815902,278.2166915741928,26.40374790720647,1.004961020346114
570000,1139.9999999868664,-36601.58786164191,6045.289691350195,-30556.29817029171,273.3901966889274,26.6840999434423,0.9944025653489873
575000,1149.99999998663,-36323.88269722253,6252.197548572408,-30071.685148650122,282.74732970827677,26.76982578805655,0.9912181591269955
580000,1159.9999999863935,-36509.80471651079,6064.555149840586,-30445.24956667021,274.26145145998106,26.553144237664565,0.9993067939633803
585000,1169.999999986157,-36563.03034139829,6165.428243313666,-30397.602098084626,278.82330312850985,26.832494843001516,0.9889031039806053
590000,1179.9999999859206,-36637.43400217883,5952.836978884983,-30684.59702329385,269.20914556718304,26.116865363242113,1.0160000853369564
595000,1189.999999985684,-36542.41918909243,5906.855333716624,-30635.563855375804,267.12968673915617,26.693865676908683,0.9940387712650196
600000,1199.9999999854476,-36414.307515703214,6110.771600487156,-30303.53591521606,276.35152905388173,26.145729010747633,1.0148784693240047
605000,1209.9999999852112,-36812.892299385436,6103.412671407153,-30709.479627978282,276.01873126067085,26.675287411781092,0.9947310793010898
610000,1219.9999999849747,-36618.934748652944,6017.691878143283,-30601.24287050966,272.1421222431953,26.751300907521646,0.9919045630534936
615000,1229.9999999847382,-36877.60321323453,6198.408050460239,-30679.19516277429,280.31477110157743,26.19669800920897,1.0129038945465565
620000,1239.9999999845018,-36348.291360544616,5985.676880527952,-30362.614480016666,270.69428649967836,26.43361739289965,1.0038254334768155
625000,1249.9999999842653,-36397.04933459411,5986.788472207177,-30410.26086238693,270.74455675690956,26.55135568583399,0.999374109245387
630000,1259.9999999840288,-36889.69376977535,6040.545367408227,-30849.148402367126,273.17564094025806,26.1701083132346,1.0139330384188279
635000,1269.9999999837923,-36385.098524021574,5978.77149825289,-30406.327025768685,270.3819997583014,26.425976682105105,1.0041156759120404
640000,1279.9999999835559,-36493.867829634146,6087.816434321437,-30406.05139531271,275.31341215403285,26.505847640451975,1.0010899405190767
645000,1289.9999999833194,-36455.848555391996,6064.34978354408,-30391.498771847917,274.25216404199756,26.4704470459046,1.0024287610923872
650000,1299.999999983083,-36475.268561369034,6318.449472543236,-30156.819088825796,285.74348497132735,26.515636828830484,1.0007203526387318
655000,1309.9999999828465,-36480.502106567204,5988.885181220302,-30491.6169253469,270.839377637093,27.061183509542577,0.980546081010494
660000,1319.99999998261,-36480.70985445499,6240.033511918642,-30240.676342536346,282.19722730738397,26.3826392763527,1.0057650851320026
665000,1329.9999999823735,-36441.93853143357,6087.489777107025,-30354.448754326542,275.29863951539056,26.517766411676913,1.0006399870127598
670000,1339.999999982137,-36573.12977813901,6121.949846880964,-30451.179931258044,276.85705039963517,26.404365862011844,1.0049375007321613
675000,1349.9999999819006,-36161.82259079507,6050.254990589401,-30111.567600205668,273.6147457519058,26.72692300037022,0.9928092896223119
680000,1359.9999999816641,-36622.69447590854,5995.881754461012,-30626.812721447524,271.1557883687678,26.885594248836995,0.9869500072119705
685000,1369.9999999814277,-36544.748071344366,6038.873375068156,-30505.87469627621,273.1000273074873,26.653677822821788,0.9955375619895815
690000,1379.9999999811912,-36770.237811694475,6147.849403409561,-30622.388408284914,278.0283234427848,26.431718997317322,1.0038975308598324
695000,1389.9999999809547,-37080.6556211495,6326.949826331233,-30753.705794818263,286.1279021808701,26.4305509283161,1.0039418970022327
700000,1399.9999999807183,-36641.31060409851,6174.001903253069,-30467.30870084544,279.2110355113816,26.382334675057784,1.0057766973471867
705000,1409.9999999804818,-36489.12243476876,6204.117741220729,-30285.00469354803,280.57298428237453,26.09381425172558,1.0168976134270231
710000,1419.9999999802453,-36674.3161993866,6064.9378318948575,-30609.378367491743,274.27875774759144,26.634754910222284,0.9962448510312323
715000,1429.9999999800089,-36574.767578728104,6156.001831373217,-30418.765747354886,278.39700616905105,26.371238577026013,1.0061998931253917
720000,1439.9999999797724,-36704.02222964994,5949.032029236178,-30754.990200413762,269.0370717732064,26.636403062115495,0.996183207466465
725000,1449.999999979536,-36559.65779928201,6180.414693115266,-30379.243106166745,279.5010454151683,26.15836770225325,1.014388120077619
730000,1459.9999999792994,-36522.68494852856,6083.880679364841,-30438.804269163717,275.13542286375235,26.36877324854028,1.006293967022402
735000,1469.999999979063,-36626.643212105606,6130.697359224337,-30495.94585288127,277.2526450265585,26.183843639935375,1.0134011569377548
740000,1479.9999999788265,-36367.59860839292,5954.516904516777,-30413.081703876138,269.28511797253464,26.68446295545437,0.9943890376240088
745000,1489.99999997859,-36628.38912226466,6351.435029652146,-30276.95409261252,287.2352129788043,26.17847992393183,1.013608792981531
750000,1499.9999999783536,-36933.528060353165,6229.159565537945,-30704.36849481522,281.7054675255397,26.11932264723811,1.0159045008999725
755000,1509.999999978117,-36864.90829842865,6141.2832189774035,-30723.625079451245,277.7313764733167,26.185563047728426,1.0133346145516489
760000,1519.9999999778806,-36645.86844390937,6072.48423979147,-30573.3842041179,274.6200340212664,26.580133202997867,0.9982921167150146
765000,1529.9999999776442,-36563.85632027648,5852.5998116932415,-30711.256508583236,264.67605282006434,26.031718966048135,1.0193232906515206
770000,1539.9999999774077,-37006.79024824366,6232.856201732766,-30773.934046510898,281.8726429874263,26.39909454630677,1.0051381645398132
775000,1549.9999999771712,-36638.26910383587,6198.259167689426,-30440.00993614644,280.30803807601967,26.974396262015077,0.9837008836098987
780000,1559.9999999769348,-36600.56516395086,6168.446398690736,-30432.118765260122,278.95979519659977,26.24724234491566,1.0109533447016696
785000,1569.9999999766983,-36411.94428803662,6026.755803329807,-30385.18848470681,272.55202622067765,26.587950408886837,0.9979986057488183
790000,1579.9999999764618,-36677.48421616998,6282.325477540639,-30395.15873862934,284.10982527871073,26.511665173899065,1.0008702683794994
795000,1589.9999999762254,-36532.34260413677,5974.4087155746865,-30557.933888562085,270.18469870650705,26.45968584295798,1.0028364507150707
800000,1599.9999999759889,-36403.5620506641,5970.802363515279,-30432.75968714882,270.0216062247255,26.82720839322515,0.9890979728061745
805000,1609.9999999757524,-36782.48157581341,6219.287827217697,-30563.19374859571,281.25903127205527,26.762565965610328,0.9914870446983559
810000,1619.999999975516,-36361.327596339106,6079.906632764068,-30281.420963575038,274.95570188472453,26.269920852714943,1.0100806007965368
815000,1629.9999999752795,-36820.42697567009,6160.4773014249195,-30659.94967424517,278.5994033576359,26.4946507726235,1.0015130097583962
820000,1639.999999975043,-36642.407350139256,6108.542567308412,-30533.864782830846,276.25072398906656,26.474134899568377,1.002289122513325
825000,1649.9999999748065,-36536.72937082456,6114.301319822593,-30422.42805100197,276.51115592250846,26.640446872785287,0.9960319946770302
830000,1659.99999997457,-36608.81657882689,5895.868566543406,-30712.948012283483,266.6328247868234,26.478479791888596,1.0021246554311785
835000,1669.9999999743336,-36624.407386358835,6120.10044402743,-30504.306942331405,276.773413612037,26.46547222740915,1.002617191553714
840000,1679.9999999740971,-36461.390235171486,6039.1342260544825,-30422.256009117,273.11182394687097,26.57777942326818,0.9983805274024243
845000,1689.9999999738607,-36309.73872562577,6020.406145388306,-30289.332580237467,272.26487137415006,26.35833456660129,1.0066924892671336
850000,1699.9999999736242,-36498.17194644386,6325.542767250451,-30172.629179193405,286.06426980285545,26.547623090282833,0.9995146212355347
855000,1709.9999999733877,-36790.460302648025,6174.746963751253,-30615.71333889677,279.244729882792,26.306950890873413,1.0086587969795235
860000,1719.9999999731513,-36127.723380884054,6230.264344728344,-29897.45903615571,281.75542969701235,26.54078230738153,0.9997722422224131
865000,1729.9999999729148,-36353.49849517747,6149.965220494738,-30203.53327468273,278.1240084601467,26.587270817798355,0.9980241153606709
870000,1739.9999999726783,-36731.75145810034,6167.386789878749,-30564.36466822159,278.91187579549364,26.193618628782847,1.0130229737952319
875000,1749.9999999724419,-36669.216409318935,6304.363936283036,-30364.8524730359,285.10648530294833,26.47572850224528,1.0022287936491532
880000,1759.9999999722054,-36748.808006538515,6244.895676351106,-30503.91233018741,282.41711223571536,26.10278516489505,1.0165481296407273
885000,1769.999999971969,-36928.97965078971,6210.423298134217,-30718.556352655494,280.858144718487,26.385790456076624,1.0056449694754872
890000,1779.9999999717324,-36724.64208001134,6066.80640638108,-30657.83567363026,274.36326154681336,26.817254452798135,0.9894651029430466
895000,1789.999999971496,-36502.61161302879,6173.465845469003,-30329.14576755979,279.1867930101112,26.307161077321105,1.0086507380936238
900000,1799.9999999712595,-36589.68966695672,6183.813703944531,-30405.87596301219,279.65476116521575,26.53512547752322,0.9999853763745808
905000,1809.999999971023,-36572.746399946554,6027.700905822712,-30545.045494123842,272.59476722559526,26.24969402192125,1.0108589233698684
910000,1819.9999999707866,-36693.69776016497,6175.833815365652,-30517.86394479932,279.29388130345217,26.42275250740312,1.0042382007837103
915000,1829.99999997055,-36435.524473692894,6187.686517282082,-30247.83795641081,279.82990400437654,26.506193339014104,1.0010768841232158
920000,1839.9999999703136,-36407.906338010805,6316.3187391679585,-30091.587598842845,285.64712538455814,26.645380707168606,0.9958475628253622
925000,1849.9999999700772,-36681.269063955784,6221.987020529746,-30459.28204342604,281.38109870441315,26.40813161570085,1.0047941983904558
930000,1859.9999999698407,-36286.104293082775,6218.559545619913,-30067.544747462864,281.226095704129,26.459241769979364,1.0028532816043914
935000,1869.9999999696042,-36691.44179866958,5878.5336235923205,-30812.908175077257,265.84887501684466,26.519502771198397,1.0005744702953456
940000,1879.9999999693678,-36551.9508137565,6020.135070242114,-30531.815743514384,272.2526123607167,26.466397373014722,1.002582144589227
945000,1889.9999999691313,-36750.56095768289,5915.114652818378,-30835.44630486451,267.5032034751657,26.272969244573844,1.0099634034804805
950000,1899.9999999688948,-36188.37560176096,6306.926516499958,-29881.449085261003,285.2223745895342,26.91428005683192,0.9858980950542724
955000,1909.9999999686584,-36832.18312399253,6103.271177346058,-30728.911946646473,276.01233237969603,26.19608984337609,1.0129274100232681
960000,1919.999999968422,-36383.042929368465,5781.167950895972,-30601.874978472493,261.445641794243,26.605751369464716,0.9973308804291678
965000,1929.9999999681854,-36899.65524883013,5818.351122026988,-31081.304126803145,263.12720132042614,26.49771879800095,1.0013970500656693
970000,1939.999999967949,-36404.527383830544,6287.810084046421,-30116.717299784123,284.3578593230548,26.366252391161165,1.006390178024811
975000,1949.9999999677125,-36651.73268172561,6049.412965111575,-30602.319716614034,273.576666268084,26.655373252546077,0.995474240273609
980000,1959.999999967476,-36825.06336129067,6283.501872015756,-30541.56148927491,284.16302615631236,26.246370455156736,1.0109869280068167
985000,1969.9999999672395,-36734.55936665779,6230.076135920381,-30504.48323073741,281.7469182036589,26.24803311775866,1.010922887773833
990000,1979.999999967003,-36873.76191600947,6091.133543970535,-30782.628372038933,275.46342403199185,26.189009381001373,1.0132012651474025
995000,1989.9999999667666,-36556.664659769296,6166.762494963098,-30389.902164806197,278.8836428871475,26.857223248024944,0.9879925855603529
1000000,1999.9999999665301,-36428.02394431611,6038.381435249777,-30389.642509066336,273.07777998261577,26.707430804748512,0.9935338832018982
1005000,2009.9999999662937,-36786.05952988783,6191.698741511041,-30594.36078837679,280.01135151593,26.375211048563436,1.00604834550634
1010000,2019.9999999660572,-36450.0597478722,6115.02915378368,-30335.030594088515,276.54407124665966,26.64717880493914,0.9957803650444783
1015000,2029.9999999658207,-36661.61369632734,5977.864332814912,-30683.749363512426,270.34097440630336,26.31911074558237,1.0081927803066677
1020000,2039.9999999655843,-36826.66728898304,6119.176689909837,-30707.4905990732,276.731638059037,26.45295018634739,1.00309180075811
1025000,2049.999999965348,-36835.25164556766,6177.089486625264,-30658.162158942396,279.3506673683339,26.012733818823193,1.020067234093898
1030000,2059.9999999651113,-36612.8904173617,6142.555131076012,-30470.335286285685,277.7888970085703,26.508586146770643,1.000986521532018
1035000,2069.999999964875,-36545.85426414192,6132.001598495919,-30413.852665646,277.3116275152716,26.375074528231995,1.0060535529249361
1040000,2079.9999999646384,-36813.55422837291,6358.99330059521,-30454.560927777697,287.5770257429981,26.499370358269367,1.0013346384853774
1045000,2089.999999964402,-36771.93368449518,6209.652486956545,-30562.28119753864,280.8232858067999,26.828167971730927,0.9890625951704068
1050000,2099.9999999641655,-36295.169425777065,5911.941033793661,-30383.228391983404,267.35968077010415,26.350172795718283,1.00700430481046
1055000,2109.999999963929,-36648.82186527155,6075.551406998838,-30573.270458272713,274.75874258428195,26.543622058122164,0.9996652822921105
1060000,2119.9999999636925,-36487.35027219803,5977.74415529171,-30509.606116906325,270.3355395374412,26.76767427890526,0.9912978304095307
1065000,2129.999999963456,-36520.42192941873,5864.598523301039,-30655.823406117688,265.21867861534474,26.368715956806906,1.006296153413493
1070000,2139.9999999632196,-36760.96903461447,6219.361874246968,-30541.6071603675,281.26237995060177,26.50206558052418,1.0012328041814071
1075000,2149.999999962983,-36571.53342706554,6152.483632984193,-30419.049794081344,278.23790031992326,26.38689687672505,1.0056028020935324
1080000,2159.9999999627466,-36284.918411107035,6175.382385830162,-30109.536025276873,279.2734660023169,26.624080416848507,0.9966442792516438
1085000,2169.99999996251,-36431.38388658129,6275.785465542394,-30155.598421038892,283.81406192280303,26.38521531976248,1.0056668901963939
1090000,2179.9999999622737,-36723.56229772358,6034.12452335493,-30689.437774368653,272.8852667963768,26.4879117839546,1.0017678122086449
1095000,2189.9999999620372,-36539.35746890122,6069.038455062403,-30470.319013838813,274.4642029837273,26.705256658675722,0.9936147694415607
1100000,2199.9999999618008,-36360.301295489444,6107.418845918041,-30252.882449571403,276.19990518176,26.39143085258507,1.0054300422740692
1105000,2209.9999999615643,-36703.38514729631,6251.12019481874,-30452.264952477566,282.69860781575267,26.260847589969256,1.0104295890252661
1110000,2219.999999961328,-36705.33964089792,6079.000554713191,-30626.339086184726,274.9147257083638,26.440176177103613,1.0035764232450939
1115000,2229.9999999610914,-36622.865371028915,6248.839239196635,-30374.02613183228,282.59545462740203,26.708418637853676,0.9934971365238473
1120000,2239.999999960855,-36255.73357289301,5965.955577258899,-30289.77799563411,269.80241675398156,26.941154292225484,0.9849146458229158
1125000,2249.9999999606184,-36770.33982996707,6267.370589356361,-30502.969240610713,283.43351032427427,26.800018001077433,0.9901014781677019
1130000,2259.999999960382,-36535.871485244636,6045.9374703930525,-30489.934014851584,273.4194916357339,26.64858171814559,0.9957279422386563
1135000,2269.9999999601455,-36801.96054136423,6007.977477365148,-30793.98306399908,271.70280137107073,26.693668904187813,0.9940460988345031
1140000,2279.999999959909,-36569.595479581985,6018.987697667824,-30550.60778191416,272.20072396003184,26.79847374949572,0.9901585323786247
1145000,2289.9999999596726,-36818.39764255158,5940.333720169209,-30878.06392238237,268.64370229910463,26.29857006314183,1.0089802363428477
1150000,2299.999999959436,-36737.84365613266,6136.455375948555,-30601.388280184103,277.51304368487666,25.980698127192124,1.0213250355276553
1155000,2309.9999999591996,-36620.39058181203,6183.695396608398,-30436.695185203636,279.6494108730799,26.544105611876255,0.9996470713978671
1160000,2319.999999958963,-36584.432547663106,6140.265205619966,-30444.16734204314,277.68533817139377,26.267614691038254,1.0101692806861777
1165000,2329.9999999587267,-36435.68875103832,6150.696806416942,-30284.991944621375,278.15709346175584,26.63066164322167,0.9963979788891838
1170000,2339.99999995849,-36604.59934581883,5853.456671482901,-30751.14267433593,264.7148031659353,26.311999765620293,1.0084652506138483
1175000,2349.9999999582537,-37107.12658161538,6163.942949214468,-30943.183632400913,278.7561326757023,26.16012047312207,1.0143201544140672
1180000,2359.9999999580173,-36603.89015874003,6193.9731720759955,-30409.916986664037,280.11420961723786,26.08329848272247,1.017307586897583
1185000,2369.999999957781,-36670.946612976295,6061.374105100837,-30609.57250787546,274.11759293682036,26.430736039085193,1.0039348657770557
1190000,2379.9999999575443,-36507.10229030974,6141.411193082384,-30365.691097227354,277.73716393223395,26.55306528340546,0.9993097653539409
1195000,2389.999999957308,-36586.54798951191,6105.74095735955,-30480.807032152363,276.1240249003428,26.512980428030595,1.0008206172752343
1200000,2399.9999999570714,-36557.270599778145,6130.673898642688,-30426.59670113546,277.2515840529148,26.374145167954094,1.0060890037880286
1205000,2409.999999956835,-36378.36830628714,5875.099045977405,-30503.26926030974,265.69355080615736,26.972478360528864,0.9837708305150905
1210000,2419.9999999565985,-36573.73092965009,6016.544439644841,-30557.18649000525,272.0902308611782,26.36696920003722,1.006362818436877
1215000,2429.999999956362,-36571.57846895737,5994.976294423414,-30576.602174533957,271.1148401412367,26.997226768964573,0.9828690059488459
1220000,2439.9999999561255,-36540.14907157183,6214.808871629473,-30325.34019994236,281.0564764547109,26.401315625589028,1.005053604679815
1225000,2449.999999955889,-36507.637075104816,6210.074817574156,-30297.56225753066,280.84238514802445,26.09186678089637,1.0169735136473896
1230000,2459.9999999556526,-36583.290223663105,6070.179842478666,-30513.11038118444,274.5158207135901,26.725648729093052,0.9928566264849
1235000,2469.999999955416,-36592.68663043743,6215.685193637807,-30377.00143679962,281.0961069535708,26.465036281146666,1.0026337072014813
1240000,2479.9999999551796,-36811.0982014173,6236.489578985636,-30574.60862243166,282.0369576476862,26.21675117002765,1.0121291255998062
1245000,2489.999999954943,-36255.313982413805,6185.165582486001,-30070.148399927806,279.7158980766331,26.29315498803247,1.0091880358163665
1250000,2499.9999999547067,-36491.81058390956,6246.874523386769,-30244.93606052279,282.50660296451724,26.266122093396003,1.0102266845268077
1255000,2509.9999999544702,-36565.1258576738,6123.951088972551,-30441.174768701247,276.94755391509506,26.396779003897322,1.0052263359052287
1260000,2519.9999999542338,-36675.92087670127,6258.484838725348,-30417.43603797592,283.0316640544061,26.53324012615209,1.0000564315412885
1265000,2529.9999999539973,-36631.43822460463,6003.9573606124,-30627.48086399223,271.5209969306121,26.475409767552698,1.0022408593769074
1270000,2539.999999953761,-36736.51846051071,6274.351701893313,-30462.1667586174,283.74922186615714,26.26073505059768,1.0104339191824665
1275000,2549.9999999535244,-36667.637963347624,6230.623866851886,-30437.01409649574,281.77168860751743,26.228435663203157,1.0116782326829483
1280000,2559.999999953288,-36208.30983694267,6134.385883091482,-30073.92395385119,277.4194536192011,26.808929834151098,0.989772348316044
1285000,2569.9999999530514,-36514.67778171364,6099.892695537295,-30414.785086176344,275.85954502733324,26.690825958181502,0.9941519786372188
1290000,2579.999999952815,-36436.984885352846,6079.4316180125925,-30357.553267340252,274.93421997352317,26.494233923521275,1.0015287671416893
1295000,2589.9999999525785,-36387.683809166876,6236.965950953964,-30150.717858212913,282.058500937217,26.79648197494392,0.9902321305684499
1300000,2599.999999952342,-36613.51797874157,6191.452828499675,-30422.065150241895,280.00023042662275,26.52051022763777,1.0005364606498102
1305000,2609.9999999521056,-36824.32471813266,6055.4360177145345,-30768.888700418123,273.8490508219867,26.16472351770805,1.0141417095360976
1310000,2619.999999951869,-36544.034686351784,6091.85201832486,-30452.182668026922,275.495916080359,26.42093944076865,1.0043071139568769
1315000,2629.9999999516326,-36834.71598160105,6025.009827913552,-30809.7061536875,272.4730668015538,26.142917768451806,1.0149876028684452
1320000,2639.999999951396,-36676.70488968231,6074.131309696484,-30602.573579985827,274.6945205700147,26.566255440688163,0.9988136076245016
1325000,2649.9999999511597,-36527.35380837155,6127.937541933673,-30399.416266437875,277.12783595529106,26.408840376817995,1.0047672316986815
1330000,2659.999999950923,-36667.22183675657,6094.4986575823905,-30572.723179174183,275.6156068254057,26.25417860632708,1.0106862543927804
1335000,2669.9999999506867,-36327.25099631106,6198.62311458532,-30128.627881725737,280.32449709097716,26.468741396082873,1.0024933577580186
1340000,2679.9999999504503,-36450.838738837854,5950.248045499156,-30500.590693338698,269.09206449353684,26.63990479641542,0.9960522622197289
1345000,2689.999999950214,-36645.06482297174,6228.299680189572,-30416.76514278217,281.66658035279465,26.675050208782253,0.9947399247650424
1350000,2699.9999999499773,-36598.22750154885,5938.001233820377,-30660.22626772847,268.53821870208293,25.990897339246555,1.0209242524966626
1355000,2709.999999949741,-36457.54169170134,6217.682946023154,-30239.85874567819,281.1864526517013,26.264203884754703,1.0103004665292792
1360000,2719.9999999495044,-36601.076194337205,6059.073759270751,-30542.002435066453,274.0135628520686,26.53187180162344,1.0001080073123287
1365000,2729.999999949268,-36323.967322084594,6127.850025154475,-30196.11729693012,277.12387812519523,26.470924616362264,1.0024106759529692
1370000,2739.9999999490315,-36840.54342790964,6151.77082776051,-30688.77260014913,278.20566465045937,26.598247067103426,0.9976122625992826
1375000,2749.999999948795,-36536.33144902704,5838.258444588657,-30698.073004438385,264.02748354155307,26.501064479536616,1.0012706266300047
1380000,2759.9999999485585,-36657.42906063641,6125.367458095738,-30532.06160254067,277.01160732741147,26.414662015302444,1.0045457868215681
1385000,2769.999999948322,-36712.4437019465,6059.533569085653,-30652.910132860845,274.03435714020924,26.32396002060208,1.0080070558160985
1390000,2779.9999999480856,-36906.72987372302,6148.281053026891,-30758.448820696132,278.0478442233937,26.68149038545257,0.9944998219535442
1395000,2789.999999947849,-36521.1833863565,6397.491526826948,-30123.69185952955,289.3180568894011,26.265522535316844,1.0102497447788807
1400000,2799.9999999476127,-36887.97473350289,6261.739644749643,-30626.235088753245,283.1788583336877,26.54391719180555,0.9996541673200894
1405000,2809.999999947376,-36989.08334405107,6197.228768851687,-30791.85457519938,280.26143965720104,26.222020551650136,1.0119257356816451
1410000,2819.9999999471397,-36465.56963203832,6231.784293019504,-30233.785339018817,281.8241673396222,26.52335634577494,1.0004290969764336
1415000,2829.9999999469032,-36753.0594533556,6047.593497415079,-30705.46595594052,273.4943832582018,26.473449388676684,1.0023150760677721
1420000,2839.999999946667,-36752.69711540656,6298.594242042461,-30454.1028733641,284.84555854446353,26.45600205082857,1.002976087876314
1425000,2849.9999999464303,-36571.93441216712,6142.839828197302,-30429.094583969814,277.8017720577342,26.304556448896722,1.0087506128201875
1430000,2859.999999946194,-36348.26746966865,6197.915226626874,-30150.35224304178,280.2924837983024,26.57621158853112,0.998439425777253
1435000,2869.9999999459574,-36280.79744360907,6235.351222457101,-30045.44622115197,281.98547698569513,25.94106157442954,1.022885565482927
1440000,2879.999999945721,-36977.229282551045,6164.363967008168,-30812.865315542876,278.7751726462093,26.538716169548415,0.9998500782127059
1445000,2889.9999999454844,-36721.570862551474,6137.158207350617,-30584.412655200857,277.54482830150533,26.429644021647256,1.003976346259316
1450000,2899.999999945248,-36715.02720227571,6181.166870096779,-30533.860332178934,279.5350616200848,26.17607528021489,1.0137019073231346
1455000,2909.9999999450115,-36546.67198431814,5948.247474081519,-30598.424510236622,269.0015913084154,26.465098891951424,1.002631335183015
1460000,2919.999999944775,-36840.77152003297,6350.395795462814,-30490.375724570156,287.1882149929454,26.288985505769165,1.0093480949260931
1465000,2929.9999999445386,-36640.61801165323,5910.761236512886,-30729.85677514034,267.3063260051364,26.791318866507282,0.9904229638713211
1470000,2939.999999944302,-36757.589235538755,6014.050120953799,-30743.539114584957,271.9774286114325,26.300978422136104,1.008887844851237
1475000,2949.9999999440656,-36428.888902684586,6167.036164906186,-30261.8527377784,278.896019246824,26.34884582041681,1.0070550193597827
1480000,2959.999999943829,-36821.82277668612,6177.227138927919,-30644.595637758197,279.3568925108861,26.447045342721136,1.0033157615124966
1485000,2969.9999999435927,-36835.04232189577,6029.738306835092,-30805.304015060683,272.68690598022033,26.49728213345089,1.0014135526862058
1490000,2979.999999943356,-36607.02600688584,6160.495593434579,-30446.530413451263,278.6002305894766,26.21562876890338,1.0121724590967252
1495000,2989.9999999431197,-36806.258336177954,5988.94831387282,-30817.310022305133,270.8422327274477,26.15937511016074,1.0143490555889174
1500000,2999.9999999428833,-36575.27991985487,5963.847841736424,-30611.432078118443,269.7070972145586,26.912301341075647,0.9859705828014198
1505000,3009.999999942647,-36731.17464502113,6027.873857965374,-30703.300787055756,272.602588756525,26.085846360925782,1.0172082235957045
1510000,3019.9999999424103,-36546.387513501955,6174.238326057145,-30372.14918744481,279.22172741866945,26.368628308921277,1.0062994982871487
1515000,3029.999999942174,-36645.890187346035,6139.772162548876,-30506.118024797157,277.6630409533838,26.156899769785035,1.014445047820201
1520000,3039.9999999419374,-36485.23431931465,5950.442982028404,-30534.791337286246,269.1008802391494,26.29841859494259,1.0089860476587988
1525000,3049.999999941701,-36648.344008828935,5887.3470910357455,-30760.99691779319,266.2474523755636,26.076800792156014,1.0175610746610266
1530000,3059.9999999414645,-36545.021464410434,6089.212104138617,-30455.809360271818,275.3765294677288,26.317377863837596,1.0082591652965875
1535000,3069.999999941228,-36808.830896040854,6138.700729267529,-30670.130166773324,277.61458680635667,26.464326387340247,1.0026606024055547
1540000,3079.9999999409915,-36438.34109902035,6163.1350431900655,-30275.206055830284,278.71959619884274,26.635699559342118,0.9962095186826462
1545000,3089.999999940755,-36304.68769600274,6030.565951154248,-30274.12174484849,272.7243350952429,26.748012683804966,0.9920265012381158
1550000,3099.9999999405186,-36821.35151951669,5950.828884939656,-30870.522634577035,269.1183321857386,26.215214817970054,1.0121884417898686
1555000,3109.999999940282,-36331.50481714394,6157.063265164311,-30174.44155197963,278.4450081024132,26.55477389061259,0.9992454670144304
1560000,3119.9999999400457,-36648.76744816655,6114.072326235168,-30534.695121931385,276.5007999916759,26.502571169085815,1.0012137037005484
1565000,3129.999999939809,-36605.045292717805,6386.712500846429,-30218.332791871377,288.8305897565777,26.311470684803975,1.0084855292073336
1570000,3139.9999999395727,-36649.64900478286,6146.755546654589,-30502.893458128274,277.9788552239467,26.329226069034945,1.0078054466247504
1575000,3149.9999999393362,-36475.90154280666,6005.7088151996295,-30470.192727607035,271.60020413796553,26.505043637947175,1.0011203075250967
1580000,3159.9999999391,-36500.74281629995,6256.744419731135,-30243.998396568815,282.9529559170889,26.273858410440308,1.0099292240702573
1585000,3169.9999999388633,-36736.58693488288,6168.210994522138,-30568.37594036074,278.9491493557484,26.534472674284,1.0000099780955525
1590000,3179.999999938627,-36499.133179419325,6044.794242534796,-30454.33893688453,273.36779067432644,26.57222915049067,0.9985890640754845
1595000,3189.9999999383904,-36561.03400434117,5968.992648563781,-30592.04135577739,269.9397642697818,26.485228390115086,1.0018693079381251
1600000,3199.999999938154,-36512.3523617581,6208.230469672558,-30304.121892085543,280.75897696391337,26.25990889975209,1.010465707976553
1605000,3209.9999999379174,-36516.70278877413,6271.929717452408,-30244.77307132172,283.6396908367966,26.62884203316984,0.9964660650558956
1610000,3219.999999937681,-36325.24611566405,6164.104170236291,-30161.141945427757,278.76342368227387,26.47504297752264,1.0022547446029013
1615000,3229.9999999374445,-36587.39992189573,6057.934474628175,-30529.465447267557,273.9620402173528,26.141785980433763,1.0150315459566586
1620000,3239.999999937208,-36510.13524547565,6174.595830044622,-30335.539415431027,279.2378950616516,26.547621739454197,0.9995146720940631
1625000,3249.9999999369716,-36480.06906842377,6279.687107615006,-30200.381960808765,283.99050850321544,25.86378277525179,1.0259418611873745
1630000,3259.999999936735,-36442.23638114023,6155.2168106590725,-30287.01957048116,278.3615046499507,26.076235689985182,1.0175831263857877
1635000,3269.9999999364986,-36376.50653265656,6196.445217637481,-30180.06131501908,280.2260045942835,26.21545115809285,1.0121793166087232
1640000,3279.999999936262,-36539.08769819534,5977.169873848882,-30561.91782434646,270.30956842197355,26.21938525853534,1.0120274436697476
1645000,3289.9999999360257,-36709.21807120302,6035.041394143246,-30674.17667705977,272.9267310599529,26.796019081155308,0.9902492365535268
1650000,3299.999999935789,-36795.76199676889,6003.946721546,-30791.81527522289,271.52051579296545,25.98829099236378,1.021026640250587
1655000,3309.9999999355528,-36587.34600634854,6080.006208598583,-30507.339797749955,274.96020506957973,26.28680399087118,1.0094318596890937
1660000,3319.9999999353163,-36704.41759783748,6011.311737417731,-30693.105860419746,271.85358885324746,25.903178161046007,1.0243815362275328
1665000,3329.99999993508,-36330.31649082205,6307.664138630852,-30022.6523521912,285.2557325706639,26.54726959906381,0.9995279303120321
1670000,3339.9999999348433,-36529.0791223804,6119.017905017461,-30410.061217362934,276.72445722318395,26.25453829168663,1.0106724080609666
1675000,3349.999999934607,-36650.39616207776,6084.274038321788,-30566.122123755973,275.1532120001047,26.092666769389556,1.0169423337332786
1680000,3359.9999999343704,-36605.13860520591,6320.093505744638,-30285.045099461273,285.81783418918826,26.426419977451207,1.0040988321698132
1685000,3369.999999934134,-36530.106007022456,6086.277597056241,-30443.828409966216,275.24382028266126,26.224656374709234,1.011824027687836
1690000,3379.9999999338975,-36921.356655980744,6225.322044626187,-30696.034611354557,281.5319207394585,26.064173120254285,1.0180540666056208
1695000,3389.999999933661,-36448.113493943776,6164.997968838758,-30283.11552510502,278.8038445368904,26.43137855294965,1.0039104613719287
1700000,3399.9999999334245,-36224.68272333471,6373.539570380103,-29851.143152954603,288.2348614730661,26.554179937763717,0.9992678177212966
1705000,3409.999999933188,-36870.37436085309,6011.926815052857,-30858.447545800234,271.88140492232463,26.266339880887973,1.0102183082270668
1710000,3419.9999999329516,-36381.76240823866,6017.4697200805895,-30364.29268815807,272.13207543988943,26.81603512414129,0.9895100940518882
1715000,3429.999999932715,-36584.354298621685,6243.580928729493,-30340.77336989219,282.3576545208298,26.23270657885684,1.0115135225571568
1720000,3439.9999999324787,-36435.533995904436,6043.126804329916,-30392.40719157452,273.29238299627076,27.05116602879817,0.9809091929545437
1725000,3449.999999932242,-36210.287797011144,6184.849495197988,-30025.438301813156,279.70160344887285,27.01159735084356,0.982346104643053
1730000,3459.9999999320057,-36535.77301314106,6180.856748559288,-30354.91626458177,279.5210367854679,26.376735937947764,1.0059901839337408
1735000,3469.9999999317693,-36397.96906270331,6098.516156447801,-30299.452906255512,275.7972928753867,26.97078013158257,0.9838327741478943
1740000,3479.999999931533,-36670.99413564828,6070.859737086153,-30600.134398562128,274.54656804414975,26.75009048195408,0.9919494461406934
1745000,3489.9999999312963,-36663.104261673376,6216.641402769596,-30446.46285890378,281.13935024147975,26.752827360088308,0.9918479673432243
1750000,3499.99999993106,-36378.87342829069,6029.979011446469,-30348.894416844218,272.69779152655605,26.327321185859315,1.0078783652337509
1755000,3509.9999999308234,-36612.37605171149,6139.242280560709,-30473.133771150784,277.63907774428003,26.84183600612305,0.9885589581776295
1760000,3519.999999930587,-36781.25408877239,5937.570306882082,-30843.683781890308,268.5187306036735,26.35295661121005,1.0068979291113167
1765000,3529.9999999303504,-36594.681304843674,6090.495831554122,-30504.18547328955,275.4345843349954,26.098202644361606,1.016726622878012
1770000,3539.999999930114,-36515.2896273494,6346.173814988611,-30169.115812360786,286.99728153380767,26.403961030797426,1.0049529086502522
1775000,3549.9999999298775,-36440.37899812711,6139.9539860427185,-30300.425012084394,277.6712636793874,26.6837759160793,0.9944146406130737
1780000,3559.999999929641,-36370.29908280967,6133.495932590008,-30236.803150219665,277.37920678984074,26.357779336006676,1.0067136953961584
1785000,3569.9999999294046,-36226.165150071065,6123.326152635267,-30102.8389974358,276.9192919993076,26.696086896125568,0.9939560633374622
1790000,3579.999999929168,-36714.2609024831,5924.285590810836,-30789.975311672268,267.9179469646576,26.28045211172503,1.0096758352931572
1795000,3589.9999999289316,-36563.70760173187,6015.4069072805805,-30548.30069445129,272.0387874709218,26.68592856722259,0.9943344250115206
1800000,3599.999999928695,-36327.28633058664,6122.201821586461,-30205.084509000182,276.86844562100805,26.228682993006252,1.011668692814776
1805000,3609.9999999284587,-36901.97584077537,6001.879734398438,-30900.096106376932,271.42703904467425,26.546178674584617,0.9995690062612369
1810000,3619.999999928222,-36731.103805109735,6273.965782123937,-30457.138022985797,283.73176915718165,26.332747348089132,1.0076706804280073
1815000,3629.9999999279858,-36489.38971609045,5940.871025618529,-30548.518690471923,268.6680012243789,26.232211122758198,1.0115326273341527
1820000,3639.9999999277493,-36633.95977616946,6073.758259684088,-30560.201516485373,274.67764987870447,26.66112680097427,0.9952594140476512
1825000,3649.999999927513,-36790.62809879161,6467.205458914061,-30323.42263987755,292.4707768711291,26.464653344301745,1.0026482150578075
1830000,3659.9999999272763,-36587.107928261576,6285.688768846414,-30301.419159415163,284.2619256607525,26.370571870597274,1.006225332085936
1835000,3669.99999992704,-36596.97886111537,6102.287095628552,-30494.69176548682,275.96782859111966,26.54736779469369,0.9995242331743175
1840000,3679.9999999268034,-36655.76484143141,6321.13826876889,-30334.62657266252,285.8650822092629,26.51332900590101,1.0008074592172869
1845000,3689.999999926567,-36456.01071071214,6119.4076414845085,-30336.60306922763,276.7420825372422,26.566640878397283,0.9987991165027024
1850000,3699.9999999263305,-36642.371281311505,6122.967150696455,-30519.40413061505,276.90305661346594,26.284302108318883,1.0095279428929422
1855000,3709.999999926094,-36386.87577291081,6186.668806037081,-30200.20696687373,279.78387936508733,26.41538453916854,1.0045183100947204
1860000,3719.9999999258575,-36399.42732925645,6121.3010253903185,-30278.126303866127,276.8277083095121,26.759478731801007,0.9916014322900043
1865000,3729.999999925621,-36530.53967918301,6200.336367269787,-30330.203311913225,280.40197666801953,26.81368553004057,0.9895968015310588
1870000,3739.9999999253846,-36477.232015280984,5858.370024757131,-30618.861990523852,264.93700304164446,26.23636042470872,1.0113726526183129
1875000,3749.999999925148,-36575.440122977205,6260.887297949996,-30314.55282502721,283.1403120817956,26.27727945077524,1.009797741333719
1880000,3759.9999999249117,-36641.86725431879,6051.769712215999,-30590.097542102794,273.68324702555316,26.691945039944994,0.9941102979973192
1885000,3769.999999924675,-36871.18012454099,6015.643931056522,-30855.536193484466,272.04950655636407,26.08099734000239,1.017397344582734
1890000,3779.9999999244387,-36667.81095761947,6020.4736230131375,-30647.33733460633,272.2679229601065,26.742104057132533,0.9922456879645024
1895000,3789.9999999242023,-36391.387189090674,6384.050508709353,-30007.33668038132,288.71020469794587,26.687598934721585,0.9942721899670441
1900000,3799.999999923966,-36602.859243923434,6072.832872943996,-30530.026370979438,274.6358004925205,26.75463635035173,0.9917809044501905
1905000,3809.9999999237293,-36692.46986447383,6206.113609191861,-30486.35625528197,280.663244760375,26.2928430441892,1.009200009036377
1910000,3819.999999923493,-36654.63073473526,6233.427704580718,-30421.203030154546,281.89848844463125,25.975663038956345,1.0215230078244002
1915000,3829.9999999232564,-36814.57229651141,5746.643883212423,-31067.92841329899,259.88433668954104,26.36747905129875,1.006343359035713
1920000,3839.99999992302,-36942.378236368335,6191.257559033947,-30751.120677334387,279.9913996244001,26.269607738338667,1.0100926402133588
1925000,3849.9999999227834,-36664.62455604102,6101.8675027128365,-30562.75705332818,275.948853058827,26.569855283487957,0.9986782823871081
1930000,3859.999999922547,-36670.20130214894,6097.881530569244,-30572.319771579696,275.76859276296517,26.40216097681636,1.0050214246132292
1935000,3869.9999999223105,-36326.965730122625,6207.492876611041,-30119.472853511586,280.7256202974077,27.04510725898055,0.9811289407616124
1940000,3879.999999922074,-36654.69119956521,6052.89496370275,-30601.79623586246,273.7341350294362,26.60967703213769,0.9971837465648531
1945000,3889.9999999218376,-36702.94303529476,6095.126354219551,-30607.816681075208,275.6439935720888,26.44781093502745,1.0032867182457512
1950000,3899.999999921601,-36732.354830410404,5915.469242584151,-30816.885587826255,267.5192393263421,26.527542743807164,1.0002712159980327
1955000,3909.9999999213646,-36398.46800655967,6112.218988268194,-30286.249018291477,276.4169852437992,26.72892690609076,0.9927348572957965
1960000,3919.999999921128,-36615.011410690444,6077.505252254974,-30537.50615843547,274.84710264081315,25.960166637393293,1.0221327855256088
1965000,3929.9999999208917,-36750.03646333518,6032.2784513000115,-30717.758012035167,272.8017806397219,26.28372208091306,1.0095502210874847
1970000,3939.9999999206552,-36629.17322308301,6178.266980771205,-30450.906242311805,279.403917977088,26.548533881333373,0.9994803312451355
1975000,3949.9999999204188,-36543.900887915894,6091.022251097354,-30452.87863681854,275.458390959626,26.55419040416245,0.9992674238574558
1980000,3959.9999999201823,-36624.94689292507,6079.071123376115,-30545.87576954896,274.9179170824123,26.659652886217128,0.9953144383026111
1985000,3969.999999919946,-36751.310707315904,6093.72626818483,-30657.584439131075,275.58067654082043,26.44308723491494,1.0034659418568883
1990000,3979.9999999197094,-36422.27626205111,6149.165758545919,-30273.110503505195,278.08785385538954,26.756081657590023,0.9917273305323671
1995000,3989.999999919473,-36741.17223912189,6228.668229466087,-30512.5040096558,281.6832475043027,26.54561214451551,0.999590338822532
2000000,3999.9999999192364,-36764.72776733381,5967.034271422382,-30797.69349591143,269.8511992647591,26.47258533834357,1.0023477910695102
2005000,4009.999999919,-36763.44327154358,6054.003278466005,-30709.439993077576,273.7842570924952,26.322807621149053,1.0080511858647043
2010000,4019.9999999187635,-36754.33132680273,6035.047847858406,-30719.283478944322,272.92702292064894,26.634737555029535,0.9962455001842935
2015000,4029.999999918527,-36341.884565904205,6006.419009869025,-30335.465556035182,271.6323217485792,26.15608528265149,1.0144766371207483
2020000,4039.9999999182905,-36619.968735205424,6180.50142362076,-30439.467311584664,279.5049676870802,26.56733610131663,0.99877297959402
2025000,4049.999999918054,-36808.323497406636,6140.016043738375,-30668.30745366826,277.6740701562458,26.560761683647378,0.9990201995646978
2030000,4059.9999999178176,-36880.07044293033,6034.697221341545,-30845.373221588787,272.9111663021405,26.232797719606822,1.0115100082502937
2035000,4069.999999917581,-36440.39240854957,6207.862505141078,-30232.52990340849,280.74233625672287,26.369875642227612,1.0062518988635716
2040000,4079.9999999173447,-36633.13136573152,6221.8911560783,-30411.240209653217,281.3767633619276,26.320322338034075,1.0081463705877138
2045000,4089.999999917108,-36887.88069636629,5908.165606437677,-30979.71508992861,267.18894208260764,26.539624918642147,0.9998158421277863
2050000,4099.999999917781,-36801.76594513555,6062.680004807762,-30739.085940327786,274.1766505165163,26.0484712659229,1.018667743181575
2055000,4109.999999919818,-36447.39037313575,6048.3038379732425,-30399.086535162507,273.5265074664412,27.293659090137673,0.9721942136873791
2060000,4119.999999921855,-36304.8928295488,5964.090485141882,-30340.80234440692,269.71807044028145,26.587070099463368,0.9980316499155492
2065000,4129.999999923893,-36278.75714808834,6374.096267153699,-29904.660880934644,288.2600373452244,26.630501655026947,0.996403964954183
2070000,4139.99999992593,-36411.236268705936,6083.259474424842,-30327.976794281094,275.10732969545086,26.602438542557437,0.9974550789897946
2075000,4149.999999927967,-36677.328335030084,5935.366285913153,-30741.962049116933,268.41905668282493,26.335972918629203,1.00754726319672
2080000,4159.999999930004,-36548.73503967773,6052.558353095583,-30496.17668658215,273.7189122618271,26.53355600932019,1.0000445258248527
2085000,4169.999999932042,-36468.8500421184,6224.3258474257145,-30244.524194692684,281.4868690442572,26.47407475241331,1.0022913996406595
2090000,4179.999999934079,-36741.34427068021,6058.596776520764,-30682.747494159445,273.99199194074856,26.320449228439152,1.0081415103324716
2095000,4189.999999936116,-36643.04512723384,6049.079021589367,-30593.966105644475,273.56156411584965,26.214375383778197,1.0122208539902053
2100000,4199.999999938153,-36742.4261693214,6081.463029251637,-30660.96314006976,275.026087848605,26.2602646210172,1.0104520202188256
2105000,4209.999999940191,-36620.55841560042,6249.7824605854885,-30370.77595501493,282.63811056188746,26.530626607587287,1.0001549465929056
2110000,4219.999999942228,-36583.5644601179,6154.453989098386,-30429.110471019514,278.3270070580796,26.194737399368258,1.012979707841153
2115000,4229.999999944265,-36485.7123592943,6126.628287581068,-30359.084071713234,277.06862666620003,26.52071691681985,1.0005286629698549
2120000,4239.9999999463025,-36802.85354307029,6197.451820102573,-30605.40172296772,280.2715268537565,26.430246109886816,1.0039534754033894
2125000,4249.99999994834,-36172.067057444336,6037.960302249172,-30134.106755195164,273.0587348020296,26.488906022425528,1.001730211709138
2130000,4259.999999950377,-36576.950011728004,6104.054148691363,-30472.89586303664,276.0477412188127,26.336109110181003,1.0075420528816836
2135000,4269.999999952414,-36562.06581799459,6022.078374743548,-30539.98744325104,272.3404957256171,26.526542095065853,1.0003089487763825
2140000,4279.999999954452,-36335.31305810071,6136.330822174324,-30198.98223592639,277.5074109058745,26.50775019148725,1.0010180889025126
2145000,4289.999999956489,-36554.96765885964,6275.237071389915,-30279.730587469727,283.7892615256568,27.225576551555484,0.9746253633064667
2150000,4299.999999958526,-36982.57998861397,5975.862501191541,-31006.71748742243,270.25044423005147,26.350672436187846,1.0069852107966382
2155000,4309.999999960563,-36467.03351000496,6187.664303265509,-30279.369206739455,279.8288994049827,26.587097843605008,0.9980306084505638
2160000,4319.999999962601,-36776.28029089218,6083.766319853633,-30692.51397103855,275.130251106755,26.09610905759854,1.0168081908004414
2165000,4329.999999964638,-36501.887972597375,6199.791993610335,-30302.09597898704,280.3773580923303,26.37411399054217,1.0060901931076514
2170000,4339.999999966675,-36345.40682153053,6031.635241841904,-30313.771579688626,272.7726923463163,26.528570107350763,1.000232478811035
2175000,4349.9999999687125,-36211.442710944204,6161.798353991147,-30049.644356953057,278.65914620526723,26.663074526026556,0.9951867108156077
2180000,4359.99999997075,-36734.90323690086,6189.9456609623285,-30544.957575938526,279.93207077662817,26.10762375965132,1.016359730095259
2185000,4369.999999972787,-36571.59781957783,6117.651917885411,-30453.94590169242,276.6626822694973,26.578486307383137,0.9983539743727543
2190000,4379.999999974824,-36689.193674601825,6220.827416100806,-30468.36625850102,281.32865713434865,25.968757991794142,1.0217946289989104
2195000,4389.999999976862,-36729.17201442638,6332.750066967799,-30396.421947458584,286.3902103595406,26.580923523845662,0.9982624348617366
2200000,4399.999999978899,-36515.55201960493,6051.409594770744,-30464.14242483419,273.6669611924143,26.212358022084068,1.0122987567708372
2205000,4409.999999980936,-36710.68841652946,5893.715510142663,-30816.9729063868,266.5354556708778,25.982510404878827,1.0212537982013186
2210000,4419.999999982973,-36457.137157616104,6039.889329731426,-30417.247827884676,273.14597250770095,26.667933003244556,0.9950054034768812
2215000,4429.999999985011,-36586.16922362948,6018.636392787397,-30567.53283084208,272.1848366634321,26.398612939080714,1.005156501935204
2220000,4439.999999987048,-35947.69438693214,5989.57831583071,-29958.11607110143,270.87072372919886,26.829532366109447,0.9890122971843504
2225000,4449.999999989085,-36307.1238047058,6130.506082237318,-30176.61772246848,277.24399477888255,26.507375031456785,1.0010322563550154
2230000,4459.999999991122,-36321.996027846995,6051.018344182664,-30270.977683664332,273.6492674042435,26.618276828204795,0.9968615778190234
2235000,4469.99999999316,-36791.53199841514,6128.639827915178,-30662.892170499967,277.15959590599954,26.30556115100033,1.0087120850785856
2240000,4479.999999995197,-36726.080768763786,6055.997097250927,-30670.08367151286,273.8744248987711,26.625276479310013,0.9965995079302713
2245000,4489.999999997234,-36671.21398798497,6055.528014412094,-30615.685973572876,273.85321125044004,26.408100870543755,1.004795368204053
2250000,4499.9999999992715,-36673.74700406958,6036.0258042167015,-30637.721199852876,272.971249697991,26.258015258720828,1.010538579414339
2255000,4510.000000001309,-36924.4922097966,6069.295908986425,-30855.196300810174,274.47584599548037,26.72345037826221,0.9929383018359061
2260000,4520.000000003346,-36841.54516794713,5974.606633050307,-30866.93853489682,270.1936492614599,26.063206237925975,1.018091833965372
2265000,4530.000000005383,-36668.635549036015,6043.109072410995,-30625.52647662502,273.29158109378983,26.3300444265956,1.0077741232743773
2270000,4540.000000007421,-36532.17122522963,6068.221071404056,-30463.95015382557,274.4272378934612,26.5629099170666,0.9989394053826641
2275000,4550.000000009458,-36260.740396050496,6178.565616469003,-30082.174779581495,279.4174233798606,26.92512018436457,0.9855011697662364
2280000,4560.000000011495,-36459.57986940526,5990.040626883727,-30469.539242521532,270.8916311325109,26.47847275448391,1.0021249217742116
2285000,4570.000000013532,-36615.37495086285,6235.767418425236,-30379.607532437618,282.00429889554545,26.54049934346582,0.9997829013839012
2290000,4580.00000001557,-36401.337799827306,6203.372054290706,-30197.9657455366,280.53926158141627,26.86482588683148,0.9877129875907554
2295000,4590.000000017607,-36585.80606221294,6187.848410711325,-30397.957651501616,279.8372254196806,25.993664614771408,1.0208155652938946
2300000,4600.000000019644,-36394.64894618405,6123.078045620853,-30271.570900563194,276.90807168912664,27.006877600745213,0.9825177804729117
2305000,4610.000000021681,-36196.59510456097,6047.842900874999,-30148.75220368597,273.5056621984088,26.55119226009484,0.9993802605116235
2310000,4620.000000023719,-36548.14644944718,6106.863262206047,-30441.283187241133,276.1747796463342,26.509047257224,1.0009691099161167
2315000,4630.000000025756,-36543.127550649326,6238.210097342557,-30304.91745330677,282.1147658051147,26.54798045708223,0.9995011666022637
2320000,4640.000000027793,-36296.76724520048,6315.448717630272,-29981.318527570205,285.6077798161146,26.380036322003097,1.005864325351806
2325000,4650.0000000298305,-36467.48461591081,6208.854456739698,-30258.630159171116,280.78719595021954,26.27438373561842,1.0099090317317858
2330000,4660.000000031868,-36662.45980832815,5926.4910276147975,-30735.968780713356,268.0176849147649,26.29063649887572,1.0092847101256945
2335000,4670.000000033905,-37018.047791818266,6100.762446702662,-30917.285345115604,275.8988783685476,26.41567399935213,1.0045073026884936
2340000,4680.000000035942,-36855.36362602905,5874.55864350066,-30980.804982528392,265.6691118219314,26.359186319297795,1.0066599596953971
2345000,4690.00000003798,-36654.00667022925,6038.50466920879,-30615.502001020464,273.08335307472777,26.439910985672576,1.003586489083363
2350000,4700.000000040017,-36592.39004191328,6253.7712376627715,-30338.618804250505,282.8184977071499,26.677220985455133,0.9946589808681708
2355000,4710.000000042054,-36439.81503041495,6235.142859381223,-30204.67217103373,281.97605404234497,26.59593495318533,0.9976989898830303
2360000,4720.000000044091,-36874.9474624857,6316.1683938050355,-30558.77906868067,285.6403262152148,26.678425551190475,0.9946140707169175
2365000,4730.000000046129,-36699.32459631498,6004.823334404071,-30694.50126191091,271.5601594451184,26.269706820606757,1.0100888304156153
2370000,4740.000000048166,-36411.708269271825,6015.707001451424,-30396.0012678204,272.05235883120076,26.25187840808047,1.0107748110558157
2375000,4750.000000050203,-36391.68614414203,6440.554717056811,-29951.131427085224,291.26553246924635,26.281987453302023,1.00961685203354
2380000,4760.0000000522405,-36592.448194891134,6250.237555901723,-30342.21063898941,282.6586916430879,26.38590922642842,1.0056404427864207
2385000,4770.000000054278,-36390.125197533554,6187.661253969633,-30202.463943563922,279.82876150462687,26.473471419586563,1.0023142419530178
2390000,4780.000000056315,-36692.420290906346,6006.32559301252,-30686.094697893826,271.6280970953239,26.744346200221973,0.9921625019035819
2395000,4790.000000058352,-36712.53503556238,6111.774128142753,-30600.76090741963,276.3968670355076,26.471528958285987,1.0023877910339596
2400000,4800.0000000603895,-36308.21937406418,6179.192258242699,-30129.027115821482,279.4457624217447,26.408791837299994,1.0047690784668877
2405000,4810.000000062427,-36275.195451594875,6219.506499800153,-30055.68895179472,281.26892044914695,26.489020678939955,1.0017258757657346
2410000,4820.000000064464,-36645.930464811114,6148.79692214531,-30497.133542665804,278.0711737190757,26.361531125906605,1.0065704192618372
2415000,4830.000000066501,-36653.55199615341,6214.479733786876,-30439.07226236653,281.04159163295384,26.51841201884089,1.0006156258125598
2420000,4840.000000068539,-36371.96659362819,6278.167434913401,-30093.799158714788,283.9217833237771,26.6614731872722,0.9952464836209832
2425000,4850.000000070576,-36788.904325845564,6005.738697502152,-30783.165628343413,271.60155552540624,26.641314881931784,0.9959995426420832
2430000,4860.000000072613,-36580.85331040952,6213.1691706752545,-30367.684139734265,280.9823231569746,26.516304163144632,1.0006951675667068
2435000,4870.00000007465,-36796.072727543156,6056.594939723344,-30739.47778781981,273.9014615305072,26.1379567432578,1.01518024910774
2440000,4880.000000076688,-36470.86015111015,6186.915201761198,-30283.944949348952,279.7950222844376,26.666579384052813,0.9950559108325729
2445000,4890.000000078725,-36244.26337819275,6312.571978180441,-29931.69140001231,285.4776830954997,26.832770522454453,0.9888929440060144
2450000,4900.000000080762,-36621.34092434344,6133.500943660953,-30487.83998068249,277.37943340886835,25.986782118532492,1.0210859242501025
2455000,4910.0000000827995,-36545.99151167741,6079.007668789288,-30466.98384288812,274.91504743300607,26.36908021679955,1.0062822525331274
2460000,4920.000000084837,-36380.02293860305,6017.020587672503,-30363.002350930547,272.1117640232898,26.60827995323921,0.9972361041156863
2465000,4930.000000086874,-36531.593943604974,6443.632816524209,-30087.961127080765,291.40473542920114,26.410393700342382,1.0047081364577988
2470000,4940.000000088911,-36632.69216499319,6207.253244713208,-30425.438920279983,280.71478326311717,26.460004962504666,1.0028243560569627
2475000,4950.000000090949,-36858.64244031893,6329.281703320803,-30529.360736998126,286.23335822042844,26.336274527584944,1.0075357245382208
2480000,4960.000000092986,-36609.83529373121,6035.433775380527,-30574.40151835068,272.944475980232,26.78991112809053,0.9904750079579328
2485000,4970.000000095023,-36565.656917643486,6104.852684034669,-30460.80423360882,276.08385391906626,26.70557167632868,0.9936030488090123
2490000,4980.00000009706,-36825.7952121439,6166.750785718345,-30659.044426425557,278.8831133521062,26.336216023451527,1.0075379627111
2495000,4990.000000099098,-36732.23332671568,6122.48193220284,-30609.751394512838,276.88111325157934,26.45184836962617,1.003133583218963
2500000,5000.000000101135,-36907.83074011038,6076.003715064492,-30831.827025045888,274.77919761577704,26.15599232072376,1.0144802427076696
2505000,5010.000000103172,-36437.00529074195,6184.102397342402,-30252.90289339955,279.66781694068004,26.32786693337737,1.0078574730316703
2510000,5020.000000105209,-36473.84060190295,6364.5138505591485,-30109.3267513438,287.8266852824957,26.09966801460723,1.016669538590953
2515000,5030.000000107247,-36467.40584107541,6016.938059400921,-30450.467781674488,272.10803179182494,26.24596228195242,1.0110026507214
2520000,5040.000000109284,-36692.62971119188,6139.185054204855,-30553.444656987027,277.63648975834695,26.05691824572974,1.018337517412918
2525000,5050.000000111321,-36853.890822276924,6163.092218244161,-30690.798604032763,278.7176594975461,26.335564929115375,1.0075628720784424
2530000,5060.0000001133585,-36714.206611334484,6089.406960493598,-30624.799650840887,275.38534158756653,26.484878224165946,1.00188255400685
2535000,5070.000000115396,-36481.19640632786,6048.161772435595,-30433.03463389226,273.5200827411984,26.830240580056728,0.9889861911082304
2540000,5080.000000117433,-36544.92632504566,5974.520448333291,-30570.405876712364,270.1897516721069,26.868266578287745,0.9875865032257242
2545000,5090.00000011947,-36578.127107935376,6086.591142988846,-30491.53596494653,275.2579999809987,26.208653705649933,1.012441834510086
2550000,5100.000000121508,-36759.19080515782,6085.371754788115,-30673.819050369704,275.2028547692623,26.61939322968838,0.9968197700387033
2555000,5110.000000123545,-36655.483194412,6240.990089871499,-30414.493104540503,282.24048727473564,26.16310134598407,1.0142045886261402
2560000,5120.000000125582,-36860.80013700048,5936.944945656826,-30923.855191343653,268.4904494728917,26.224064488963954,1.0118468648883385
2565000,5130.000000127619,-36513.54273768057,6049.325936988671,-30464.216800691895,273.57273053682,26.545970397199422,0.99957684879311
2570000,5140.000000129657,-36603.55786377831,6048.65244701166,-30554.90541676665,273.54227284716677,26.633001624619528,0.9963104351429578
2575000,5150.000000131694,-36471.48022863343,6237.296380964541,-30234.18384766889,282.0734441955546,26.703507020081258,0.9936798720045815
2580000,5160.000000133731,-36941.598822253116,6115.5537981886555,-30826.04502406446,276.5677975930204,26.115744074437632,1.016043707663695
2585000,5170.0000001357685,-36632.369342915925,6140.452546651088,-30491.916796264835,277.6938104206922,26.65840660903035,0.9953609691285645
2590000,5180.000000137806,-36627.06062783385,6115.957473541161,-30511.103154292694,276.58605327465926,26.318595074972976,1.0082125342252917
2595000,5190.000000139843,-36629.43620673554,6103.655857436234,-30525.780349299304,276.0297290258263,26.18075292055392,1.013520792098991
2600000,5200.00000014188,-36416.57335659342,6311.730204116839,-30104.843152476584,285.4396149815522,26.726228783152926,0.9928350779708266
2605000,5210.0000001439175,-36402.369991968866,6208.670733538654,-30193.699258430213,280.778887312481,27.22104543627142,0.9747875958662061
2610000,5220.000000145955,-36876.390846874536,6213.394150661406,-30662.99669621313,280.99249757802056,26.398195929549594,1.0051723802869932
2615000,5230.000000147992,-36535.999234199044,6113.129260346533,-30422.86997385251,276.45815108948125,26.46483622477289,1.0026412864383971
2620000,5240.000000150029,-36655.08415632614,6115.357074715285,-30539.727081610858,276.5589010352335,26.498271746369007,1.001376153575894
2625000,5250.000000152067,-36572.76351898817,6188.258863691937,-30384.50465529623,279.85578761054825,26.090239453296142,1.0170369453790309
2630000,5260.000000154104,-36730.146487687285,6001.48181934909,-30728.664668338195,271.40904386509465,26.33343917860082,1.007644206965209
2635000,5270.000000156141,-36504.80145617547,6154.284883865441,-30350.51657231003,278.31935949853215,26.363451020819113,1.0064971166647874
2640000,5280.000000158178,-36722.22674983933,6348.211574713085,-30374.015175126242,287.0894365107107,26.75819109620889,0.9916491493158981
2645000,5290.000000160216,-36821.13091817819,6138.174428756141,-30682.95648942205,277.5907855647831,26.365936214666657,1.0064022465102995
2650000,5300.000000162253,-36523.73036203207,6060.371600416533,-30463.358761615535,274.07225599404063,26.36000646861626,1.0066286390854857
2655000,5310.00000016429,-36680.418347197105,6207.441244766559,-30472.977102430545,280.7232853158206,26.229025217815156,1.0116554930057022
2660000,5320.0000001663275,-36817.10511347432,6157.438247968283,-30659.666865506035,278.4619662016553,26.298366530624957,1.0089880452037798
2665000,5330.000000168365,-36329.27739081265,6192.187116575181,-30137.090274237467,280.0334376295259,26.198537523847936,1.0128327741055703
2670000,5340.000000170402,-36451.80493776543,6191.316041751707,-30260.488896013725,279.9940444276317,26.429509634803004,1.0039814512050655
2675000,5350.000000172439,-36481.864213845714,6008.167655807888,-30473.696558037827,271.7114019385408,25.785662208110068,1.0290500675775593
2680000,5360.000000174477,-36787.31841309478,6208.007123671207,-30579.31128942357,280.74887643765965,26.338404373330096,1.0074542505185506
2685000,5370.000000176514,-36418.37105101355,5941.696541284445,-30476.674509729106,268.7053340738861,26.084070076806423,1.0172774938747802
2690000,5380.000000178551,-36308.37629320994,6117.424309952426,-30190.951983257517,276.6523890030462,26.890781396067545,0.98675962765694
2695000,5390.000000180588,-36540.15285855673,5881.520448686465,-30658.632409870264,265.98395021450347,26.296108188418547,1.0090746983416479
2700000,5400.000000182626,-36738.62874781874,6254.058865954291,-30484.569881864445,282.8315053145941,26.14899974348388,1.0147515277099661
2705000,5410.000000184663,-36668.45932364122,6148.3009135593875,-30520.15841008183,278.0487423895964,26.573244981834716,0.9985508904135247
2710000,5420.0000001867,-36823.582148831025,6068.049894868565,-30755.53225396246,274.4194966620073,26.070897446837378,1.0177914853869625
2715000,5430.000000188737,-36723.1197382559,6293.841668804234,-30429.278069451662,284.6306297323279,26.398205647234963,1.0051720102637778
2720000,5440.000000190775,-36279.13541294653,6121.588193467297,-30157.547219479235,276.840695104365,26.54730808293836,0.9995264813625808
2725000,5450.000000192812,-36900.84037368861,6092.34415112658,-30808.49622256203,275.5181721326458,26.436645589735633,1.0037104498647225
2730000,5460.000000194849,-36527.51808904173,6309.6316664828655,-30217.886422558866,285.34471140441974,26.737531900530943,0.9924153634113428
2735000,5470.0000001968865,-36538.47471398979,6188.580809662446,-30349.893904327342,279.87034718944267,26.384158400831982,1.0057071760511813
2740000,5480.000000198924,-36652.979661612066,6093.478645099675,-30559.50101651239,275.56947811569745,26.306355958724595,1.0086816083315198
2745000,5490.000000200961,-36943.42818848214,6091.032664380982,-30852.395524101157,275.45886188654674,26.003407724391806,1.0204330801188637
2750000,5500.000000202998,-36697.90490624322,6170.813856064473,-30527.091050178744,279.06686031177276,26.0943758429252,1.0168757282225616
2755000,5510.000000205036,-36659.9793208074,6163.472380400051,-30496.506940407344,278.7348518260992,26.406177016691366,1.0048685737816252
2760000,5520.000000207073,-36891.127097562014,6167.12917198497,-30723.997925577045,278.9002253684261,26.128497266931607,1.0155477816694156
2765000,5530.00000020911,-36962.09859335039,6040.899835009113,-30921.198758341277,273.1916712666897,26.112845530765227,1.0161564892085584
2770000,5540.000000211147,-36559.98599138195,6094.707785650896,-30465.278205731058,275.6250643645314,26.396542440731135,1.0052353446428426
2775000,5550.000000213185,-36962.090557235344,6247.1142767288975,-30714.976280506446,282.5174454909647,25.993675192314278,1.0208151498959057
2780000,5560.000000215222,-36443.9967639066,6234.222989740868,-30209.773774165733,281.93445415966863,26.808882533185276,0.9897740946472446
2785000,5570.000000217259,-36455.67024657096,6025.801668801582,-30429.86857776938,272.5088767539593,26.597359886238397,0.9976455389287334
2790000,5580.000000219296,-36388.130190964395,6049.042233941859,-30339.087957022537,273.55990044335397,26.456467103752434,1.0029584575192299
2795000,5590.000000221334,-36888.43993657505,6123.592456513746,-30764.847480061304,276.931335238496,26.18596048484465,1.0133192346771085
2800000,5600.000000223371,-36650.95447293621,5945.770007986303,-30705.184464949907,268.88955119493164,26.509290888597178,1.0009599105950264
2805000,5610.000000225408,-36550.543411105624,6142.082722844116,-30408.460688261508,277.76753297375484,26.15582984348184,1.014486544551381
2810000,5620.0000002274455,-36453.53921084758,6272.038603103973,-30181.500607743605,283.64461504576224,26.64842802882554,0.9957336848944794
2815000,5630.000000229483,-36709.59144043344,6101.349967610689,-30608.241472822752,275.92544822124376,26.41053196478063,1.004702876608952
2820000,5640.00000023152,-36764.70341549524,5979.034027020795,-30785.669388474445,270.39387227312847,26.171283051002604,1.0138875264952383
2825000,5650.000000233557,-36600.17770522301,6178.289898595507,-30421.887806627503,279.4049544052516,26.187453034835688,1.013261480698032
2830000,5660.000000235595,-36774.16585081656,6281.874095954515,-30492.291754862043,284.08941214602186,26.26436563151307,1.010294244683767
2835000,5670.000000237632,-36446.389539681644,5915.35819476323,-30531.031344918414,267.51421733613915,26.707179693783342,0.9935432247817729
2840000,5680.000000239669,-36464.803052610834,6054.905539466305,-30409.89751314453,273.82506064781353,26.623058907099768,0.9966825198554313
2845000,5690.000000241706,-36774.542595759034,6310.200474381252,-30464.342121377784,285.37043498611024,26.318876282962826,1.008201761826917
2850000,5700.000000243744,-36671.504243961375,6016.05395328761,-30655.450290673765,272.0680492671566,26.246130667681623,1.0109961644922214
2855000,5710.000000245781,-36743.814829910436,6184.322628805703,-30559.49220110473,279.6777766160873,26.41709775294538,1.0044531646111385
2860000,5720.000000247818,-36659.243118284765,6142.370580636843,-30516.87253764792,277.7805509600864,26.431803547752935,1.003894319577886
2865000,5730.0000002498555,-36377.14630654613,6134.52875610007,-30242.61755044606,277.4259148612446,26.00467661951569,1.0203832882072565
2870000,5740.000000251893,-36649.2140434108,6223.333337898263,-30425.880705512536,281.4419841191703,26.38292704196554,1.005754114984314
2875000,5750.00000025393,-36891.241832961095,6057.530889093954,-30833.71094386714,273.9437885976266,26.646814769999203,0.9957939688785016
2880000,5760.000000255967,-36678.94259574623,6118.787168301465,-30560.155427444766,276.714022461677,25.624942046747666,1.0355042906782141
2885000,5770.000000258005,-36653.469595535724,6056.01516284502,-30597.454432690705,273.8752418912685,26.163566833929366,1.0141865444499363
2890000,5780.000000260042,-36495.88519490748,6289.840921404093,-30206.044273503387,284.44970124511383,26.63628668374776,0.9961875599566234
2895000,5790.000000262079,-36416.01605032363,5820.263470547512,-30595.75257977612,263.2136847422069,26.48918376081089,1.0017197085945806
2900000,5800.000000264116,-36499.2931450563,5998.2888892849005,-30501.004255771397,271.26464784392266,25.984810131266,1.021163414461901
2905000,5810.000000266154,-36535.936058292136,6307.730232384171,-30228.205825907964,285.2587215728693,26.42606623251382,1.0041122732501238
2910000,5820.000000268191,-36630.77677403724,6327.181862614574,-30303.59491142266,286.13839571358403,26.393156543913438,1.0053643031911996
2915000,5830.000000270228,-36836.604079528784,6098.30004375447,-30738.304035774316,275.78751946588056,26.458250733184773,1.0028908451043996
2920000,5840.000000272265,-36658.895590163724,6184.056384144442,-30474.839206019282,279.66573605491897,26.243401821841697,1.011101290066123
2925000,5850.000000274303,-36598.39078287422,6171.1516825420695,-30427.239100332154,279.082138065507,26.168043316136345,1.0140130508506655
2930000,5860.00000027634,-36400.44186269006,6140.164981359708,-30260.276881330352,277.6808056623456,26.800078177651727,0.9900992550057107
2935000,5870.000000278377,-36671.52544016342,6017.39218664132,-30654.1332535221,272.1285690930816,25.9095079638943,1.0241312754670895
2940000,5880.0000002804145,-36608.74486992909,6033.487328020468,-30575.25754190862,272.85645048372487,26.152905238922063,1.0145999916788386
2945000,5890.000000282452,-36751.53790061035,6212.024597800035,-30539.513302810312,280.93056136896155,26.28040433575806,1.009677670814359
2950000,5900.000000284489,-36805.98753905899,6309.047105548599,-30496.94043351039,285.31827541260543,26.33284902162324,1.0076667897195157
2955000,5910.000000286526,-36641.23868262385,6221.210514065363,-30420.02816855849,281.34598223094923,26.65023579663066,0.995666141203243
2960000,5920.000000288564,-36629.32654863384,6290.819084871041,-30338.507463762802,284.49393738866956,26.059835958731547,1.0182235022433868
2965000,5930.000000290601,-36496.465346293764,5960.689834901643,-30535.775511392123,269.56428055005017,26.3562267145507,1.0067729999885962
2970000,5940.000000292638,-36555.35476046779,6295.898873108859,-30259.455887358927,284.72366406454125,26.364428881387436,1.0064597855378004
2975000,5950.000000294675,-36958.74914079127,6254.7057914946,-30704.04334929667,282.8607616628815,26.42472704532492,1.0041631609769959
2980000,5960.000000296713,-36466.9950324204,6002.426007947663,-30464.569024472734,271.4517435403549,26.440712959672712,1.0035560492736515
2985000,5970.00000029875,-36865.39423256979,6149.18742329686,-30716.20680927293,278.0888336149749,26.046934805614264,1.0187278324998295
2990000,5980.000000300787,-36615.08783410874,6133.8526375230385,-30481.235196585698,277.3953382966469,26.31157884479903,1.0084813835880042
2995000,5990.000000302824,-36631.312473073835,6059.148646571885,-30572.16382650195,274.016949530794,26.422937645706646,1.0042311643610644
3000000,6000.000000304862,-36597.132377226284,6256.047920954126,-30341.084456272158,282.921457685017,26.634136047907422,0.9962679994597592
3005000,6010.000000306899,-36589.94252665534,5896.075842710114,-30693.866683945223,266.64219857615,26.61169432996234,0.9971081551132988
3010000,6020.000000308936,-36976.15577266539,6225.939255249389,-30750.216517416004,281.55983327008835,26.186962532316596,1.0132804598869385
3015000,6030.0000003109735,-36286.95579298308,6038.189123889888,-30248.766669093187,273.0690829568007,26.913918783896904,0.9859113290355921
3020000,6040.000000313011,-36873.16925259234,6124.743808636213,-30748.42544395613,276.98340360896134,26.448300839331367,1.0032681342737857
3025000,6050.000000315048,-36713.65931627471,6407.115393382487,-30306.543922892222,289.75328347156,26.445721579282036,1.0033659833496653
3030000,6060.000000317085,-36699.96059593578,6116.439221024983,-30583.521374910797,276.60783966473826,26.311340178697815,1.008490531366807
3035000,6070.000000319123,-36732.33922105984,6031.298952555301,-30701.040268504537,272.75748411000296,26.845747269987704,0.9884149310849091
3040000,6080.00000032116,-36648.07806794088,6235.273282987921,-30412.804784952958,281.9819522767239,25.77807323637397,1.029353016203947
3045000,6090.000000323197,-36882.55329146605,6111.836802226412,-30770.71648923964,276.3997013876948,26.344992426889707,1.0072023179139125
3050000,6100.000000325234,-36676.075259431855,6128.21906458266,-30547.856194849195,277.14056744316156,26.523250095471475,1.0004331046261286
3055000,6110.000000327272,-36516.12696500294,6047.034409318468,-30469.092555684474,273.46909924163634,26.39602585243029,1.005255017786881
3060000,6120.000000329309,-36166.04791337073,6054.425407172993,-30111.622506197735,273.80334730257994,26.92726502550262,0.9854226715062566
3065000,6130.000000331346,-36393.552310591105,6059.045922299832,-30334.506388291273,274.012303962033,26.242193299932005,1.0111478539355372
3070000,6140.0000003333835,-36712.73129702218,6280.371662831514,-30432.359634190667,284.0214666036276,26.644321361551626,0.9958871565060023
3075000,6150.000000335421,-36559.24859078413,6127.542573348752,-30431.706017435383,277.1099740256515,26.80975002772606,0.9897420681038106
3080000,6160.000000337458,-36652.66356885289,6296.01488937586,-30356.64867947703,284.7289107461188,26.16077892194926,1.0142946246728446
3085000,6170.000000339495,-36865.87549806911,6038.416971436519,-30827.45852663259,273.0793870594606,26.163589483801836,1.0141856664665883
3090000,6180.0000003415325,-36551.94141333241,6208.137661791292,-30343.80375154112,280.7547798507544,26.428032145583668,1.0040375799308974
3095000,6190.00000034357,-36581.1190267056,6002.997379748509,-30578.121646957094,271.47758307112866,26.522173444074234,1.0004737165956645
3100000,6200.000000345607,-36728.47608601591,5966.892976473728,-30761.58310954218,269.84480938838,26.125658888770012,1.0156581141459216
3105000,6210.000000347644,-36653.73040111568,6165.715494212605,-30488.014906903074,278.8362936688759,26.27284789200848,1.0099680684353585
3110000,6220.000000349682,-36591.059996245895,6125.601505075833,-30465.458491170062,277.0221917912155,26.482534087691157,1.0019712369640974
3115000,6230.000000351719,-36688.486724192255,6052.285595975914,-30636.20112821634,273.70657718337725,26.514330381229286,1.000769661396878
3120000,6240.000000353756,-36841.09871711673,6282.659216109197,-30558.43950100753,284.1249181621884,26.68565573200089,0.9943445911268305
3125000,6250.000000355793,-36664.835276261234,6176.425385532293,-30488.40989072894,279.3206342784907,26.134271762994878,1.015323391385252
3130000,6260.000000357831,-36321.15217606974,6252.386353132264,-30068.76582293748,282.75586814371826,26.655449604852823,0.9954713888208787
3135000,6270.000000359868,-36602.65489511337,6043.978947096942,-30558.675948016426,273.33092002105843,26.399522232329193,1.0051218807775621
3140000,6280.000000361905,-36723.40622216854,6090.240389252413,-30633.165832916126,275.4230322961896,26.738842092202685,0.9923667354887286
3145000,6290.0000003639425,-36446.35771029066,6201.853632780316,-30244.50407751034,280.47059298543877,26.483918743477837,1.0019188510130308
3150000,6300.00000036598,-36632.48116439974,6289.645028595903,-30342.836135803835,284.44084225305625,26.355294414614004,1.006808613872827
3155000,6310.000000368017,-36749.90731065388,6137.887608416253,-30612.019702237623,277.5778144958783,26.47118238352203,1.002400914826733
3160000,6320.000000370054,-36495.67138873724,6122.587247168724,-30373.084141568514,276.8858759810278,26.768682107501345,0.9912605085011635
3165000,6330.000000372092,-36686.11347101692,5984.620428333769,-30701.493042683152,270.64650985241974,26.742954988321046,0.9922141158064173
3170000,6340.000000374129,-37077.96710912009,6104.105533022976,-30973.86157609711,276.05006500695913,25.74026044911677,1.0308651495676018
3175000,6350.000000376166,-36679.05599405342,6311.215927857475,-30367.840066195946,285.41635752080543,26.681198735832865,0.994510692735541
3180000,6360.000000378203,-36511.55747379001,5867.593841404658,-30643.963632385352,265.3541378980762,26.19203524469373,1.0130842139563585
3185000,6370.000000380241,-36537.87011988442,6073.066899113822,-30464.8032207706,274.6463840152077,26.151802200246326,1.0146427857862066
3190000,6380.000000382278,-36291.3830532758,6218.773642201048,-30072.60941107475,281.235777937639,26.416929958392583,1.0044595446776272
3195000,6390.000000384315,-36619.08592559843,6226.320019442038,-30392.765906156394,281.5770528249542,27.00665073389155,0.9825260340219995
3200000,6400.000000386352,-36574.909905550936,6206.692062067185,-30368.21784348375,280.6894045233367,26.225813163094774,1.011779397373567
3205000,6410.00000038839,-36463.91609084026,6163.348825750963,-30300.5672650893,278.7292642312045,26.240217739585365,1.0112239807278016
3210000,6420.000000390427,-36868.18869743805,6205.303897320496,-30662.88480011755,280.6266266164851,26.556265918705257,0.9991893257514675
3215000,6430.000000392464,-36315.893986926145,6142.8814263078175,-30173.01256061833,277.8036532770299,26.588369116759537,0.9979828894831331
3220000,6440.0000003945015,-36747.24364759022,6340.425251803646,-30406.818395786577,286.7373103992456,26.161974798459315,1.014248260775422
3225000,6450.000000396539,-36409.43301645632,6109.006318782726,-30300.426697673596,276.27169653351865,26.4904813729643,1.0016706402650972
3230000,6460.000000398576,-36392.374615223416,5970.143557053648,-30422.231058169767,269.9918125775521,26.56351696756175,0.9989165768294495
3235000,6470.000000400613,-36575.139914294836,5981.154194958442,-30593.985719336393,270.48975405201423,26.492939972332408,1.0015776831676297
3240000,6480.000000402651,-36836.3534526769,6198.0488214867155,-30638.304631190185,280.2985254483925,26.040084035340488,1.0189958450892853
3245000,6490.000000404688,-36597.59562893934,6265.305113794909,-30332.290515144436,283.34010193545714,26.343687131590922,1.0072522234735988
3250000,6500.000000406725,-36645.07225827315,6169.407064392053,-30475.665193881094,279.0032400269461,26.245560846919872,1.0110181143605415
3255000,6510.000000408762,-36755.151434398664,6068.319520613575,-30686.83191378509,274.43169012819743,26.082301201368445,1.0173464846113962
3260000,6520.0000004108,-36726.95617008221,6072.763890662092,-30654.192279420116,274.6326808604465,26.610482119931515,0.9971535772331235
3265000,6530.000000412837,-36608.90199197077,6014.429281067078,-30594.472710903694,271.99457562393945,26.046824520430192,1.0187321459080314
3270000,6540.000000414874,-36790.590342272015,6180.377063719105,-30610.21327855291,279.4993436757078,25.89762539054693,1.0246011762712968
3275000,6550.0000004169115,-36592.159742843636,6166.318921075346,-30425.840821768288,278.863582847247,26.44053576250994,1.0035627748289206
3280000,6560.000000418949,-36425.465164578374,6175.99142197273,-30249.473742605645,279.3010088529177,26.310895146033477,1.008507589365999
3285000,6570.000000420986,-36599.08031052925,6193.579251768613,-30405.501058760638,280.0963950945577,26.56772844265654,0.9987582301234385
3290000,6580.000000423023,-36479.32520005102,6060.728369964597,-30418.596830086422,274.08839042297586,26.67947060725624,0.9945751108933515
3295000,6590.0000004250605,-36555.81329971352,6120.668971972718,-30435.1443277408,276.79912453322044,26.366111072525097,1.0063955721342008
3300000,6600.000000427098,-36739.562677412934,6182.426679798918,-30557.135997614016,279.5920348405329,26.49943002539197,1.0013323838422934
3305000,6610.000000429135,-37019.72814028691,5960.7306019421385,-31058.997538344775,269.5661241853081,26.581938668838454,0.9982243119420781
3310000,6620.000000431172,-36463.7505826468,5807.187427934305,-30656.563154712494,262.62233808316216,26.587965415343422,0.9979980424705637
3315000,6630.00000043321,-36498.56436109922,6080.834867582616,-30417.729493516603,274.9976800714737,26.597345409728337,0.9976460819312573
3320000,6640.000000435247,-36403.00392237351,5979.799398035169,-30423.20452433834,270.42848516065624,26.591132801603298,0.9978791665538929
3325000,6650.000000437284,-36485.41174920697,6136.426914761501,-30348.98483444547,277.5117565654955,26.645812599062772,0.9958314215090255
3330000,6660.000000439321,-36769.13910649918,6334.747447463504,-30434.391659035675,286.48053923945594,26.600475346860346,0.9975286941975524
3335000,6670.000000441359,-36761.49561520155,6086.461162368509,-30675.034452833042,275.2521217800896,26.223630207474212,1.0118636217736514
3340000,6680.000000443396,-36482.99035969747,6036.622591315837,-30446.36776838163,272.99823860187223,26.174610263141645,1.0137586451536686
3345000,6690.000000445433,-36642.455698427315,6212.909105626941,-30429.546592800376,280.9705620605937,26.35051679707116,1.0069911585467313
3350000,6700.0000004474705,-36115.025014972554,6126.28839056912,-29988.736624403435,277.05325527529976,26.38571151489379,1.0056479781797765
3355000,6710.000000449508,-36616.8827657879,6186.693846998925,-30430.188918788976,279.7850118093263,26.486629621828683,1.0018163056850182
3360000,6720.000000451545,-36673.549038089564,6047.35346740656,-30626.195570683005,273.48352821988425,26.125505182351713,1.0156640896541407
3365000,6730.000000453582,-36526.113515364465,6451.997885477309,-30074.115629887157,291.78303456177645,26.50085870477813,1.0012784013298237
3370000,6740.00000045562,-36749.0020690479,6096.822314480495,-30652.179754567405,275.72069112224585,26.353820269773312,1.0068649313899274
3375000,6750.000000457657,-36386.294229812775,6261.621421405119,-30124.672808407657,283.17351183996067,26.553922605248644,0.9992775015674307
3380000,6760.000000459694,-36426.32208153043,5989.968566925199,-30436.35351460523,270.8883723165995,27.042176469205437,0.9812352740174038
3385000,6770.000000461731,-36805.150623213776,6022.260414659262,-30782.890208554512,272.34872823901236,26.45098733967125,1.0031662371253312
3390000,6780.000000463769,-36693.980060702204,6136.497128254578,-30557.482932447627,277.5149318774594,26.18220349166974,1.0134646400647755
3395000,6790.000000465806,-36701.6824518806,6153.289052624144,-30548.39339925646,278.2743243533485,26.594513877359734,0.997752301852645
3400000,6800.000000467843,-36863.97841934426,6115.492131413093,-30748.48628793117,276.56500879500396,26.766721298130616,0.9913331237786289
3405000,6810.00000046988,-36526.99872880671,6295.641564055426,-30231.357164751287,284.7120276043682,26.451332426815664,1.0031531497024915
3410000,6820.000000471918,-36537.15205934035,5987.208256004501,-30549.943803335846,270.7635409215695,26.64011412174847,0.9960444357152863
3415000,6830.000000473955,-36470.38624605333,6415.0367561357525,-30055.349489917575,290.11151658059663,26.113203162475813,1.016142572502086
3420000,6840.000000475992,-36721.468137681004,6234.787645208999,-30486.680492472005,281.9599899532162,26.036780179668465,1.019125147375487
3425000,6850.0000004780295,-36857.51013793968,6187.598186192979,-30669.9119517467,279.82590934819683,26.0730875694886,1.017705991554273
3430000,6860.000000480067,-36464.372944132796,6159.322690973573,-30305.05025315922,278.5471876335748,26.399917690730145,1.0051068245226
3435000,6870.000000482104,-36994.54843296256,6139.061409605637,-30855.487023356924,277.6308980955771,26.530172673719417,1.0001720593425647
3440000,6880.000000484141,-36789.01722028177,6047.193590607149,-30741.82362967462,273.47629800398585,26.566266699679677,0.9988131843194862
3445000,6890.000000486179,-36606.68244384006,6131.862129308567,-30474.82031453149,277.3053202065223,26.097297954288734,1.0167618687676117
3450000,6900.000000488216,-36819.15774355662,5984.718371859586,-30834.439371697037,270.6509392182822,26.2119358111633,1.0123150624566617
3455000,6910.000000490253,-36632.92326658496,6191.031324902534,-30441.89194168243,279.9811684863005,26.551787310931235,0.9993578634483702
3460000,6920.00000049229,-36163.086677677886,6200.611836938466,-29962.47484073942,280.41443441789545,26.325024467654853,1.0079662972541812
3465000,6930.000000494328,-36414.01721646499,6097.545973736882,-30316.471242728112,275.7534176509219,26.782261902330806,0.9907578954516355
3470000,6940.000000496365,-36524.678874431316,6134.927304780639,-30389.751569650678,277.4439386959546,26.232200166396318,1.011533049819398
3475000,6950.000000498402,-36516.00263382217,6280.924038296612,-30235.07859552556,284.04644705034883,26.610980253042143,0.9971349114339506
3480000,6960.0000005004395,-36584.09589024617,6035.120474819334,-30548.975415426838,272.9303073784908,26.35704600401164,1.0067417051876413
3485000,6970.000000502477,-36558.83369225242,6142.521781901316,-30416.3119103511,277.7873888364404,26.99170494139137,0.983070076358799
3490000,6980.000000504514,-36457.94264122949,6098.222624203809,-30359.720017025684,275.78401826953376,26.491552578554913,1.0016301369693157
3495000,6990.000000506551,-36676.292536226385,6158.282147157965,-30518.01038906842,278.500130421607,26.481445982045937,1.0020124073201282
3500000,7000.0000005085885,-36971.344663342905,6231.223922304262,-30740.12074103864,281.7988253183328,26.374402699372308,1.0060791798867654
3505000,7010.000000510626,-36553.789122911214,6061.272874031642,-30492.516248879572,274.11301489617523,26.489639097433155,1.001702489799455
3510000,7020.000000512663,-36676.99562550378,6220.610707689637,-30456.384917814146,281.3188567842945,26.491879985625463,1.0016177580521117
3515000,7030.0000005147,-36630.194443445296,6272.223011171226,-30357.97143227407,283.6529546556653,26.71004365607119,0.9934366929331634
3520000,7040.000000516738,-36790.14623673666,5998.231546614624,-30791.914690122037,271.2620545978243,25.96403496533584,1.0219805000730386
3525000,7050.000000518775,-36714.38348706548,6073.772472937749,-30640.611014127735,274.6782926542226,26.73567273992533,0.9924843745623245
3530000,7060.000000520812,-36891.645638441034,6342.788394175823,-30548.85724426521,286.8441803742044,26.20723215469575,1.0124967520857922
3535000,7070.000000522849,-36164.94070767991,6194.752476886073,-29970.188230793836,280.14945264216897,26.80862078017965,0.9897837585664103
3540000,7080.000000524887,-36397.617055388524,6211.188998539989,-30186.428056848534,280.8927725023033,26.159345307968994,1.0143502111921903
3545000,7090.000000526924,-36497.34889641735,5943.1370580251605,-30554.21183839219,268.7704795301314,26.718703055642056,0.9931147250122447
3550000,7100.000000528961,-36774.98363287289,6065.45078756218,-30709.532845310714,274.3019554863173,25.975584537069768,1.0215260950112612
3555000,7110.0000005309985,-36974.00188408584,5977.836665417334,-30996.165218668506,270.33972318499684,26.332818017592167,1.0076679761376364
3560000,7120.000000533036,-36545.617437014094,5960.388813754189,-30585.228623259907,269.55066726848526,26.463565653687827,1.0026894253416694
3565000,7130.000000535073,-36700.16578393128,6056.199725728092,-30643.96605820319,273.88358850251143,26.390864474521564,1.0054516199499686
3570000,7140.00000053711,-36701.549197848515,6223.546603206422,-30478.002594642094,281.45162875946403,26.19313320469068,1.013041747637733
3575000,7150.000000539148,-36854.73214534297,6292.415619674512,-30562.31652566846,284.56613855457334,26.3093844503951,1.00856549828513
3580000,7160.000000541185,-36684.510960465974,6100.583721775956,-30583.92723869002,275.89079577112716,26.845623164721378,0.9884195004516738
3585000,7170.000000543222,-36666.02614727581,6059.320262869796,-30606.70588440601,274.02471064991926,26.527160346088497,1.0002856352357519
3590000,7180.000000545259,-36487.747757658675,6127.0101020418,-30360.737655616875,277.08589371804493,26.54484215460215,0.9996193340779532
3595000,7190.000000547297,-36834.21292652631,6289.2743965278305,-30544.938529998475,284.4240809100665,26.167917871609877,1.0140179118559478
3600000,7200.000000549334,-36765.65262448918,6186.246233057875,-30579.406391431305,279.76476906338155,26.297766912448747,1.0090110512473536
3605000,7210.000000551371,-36685.344036859984,6150.391988702205,-30534.95204815778,278.14330848547826,26.53828755175179,0.9998662267127416
3610000,7220.000000553408,-36473.43013016872,6204.270999677047,-30269.159130491676,280.5799151924973,26.069479704326422,1.017846836175413
3615000,7230.000000555446,-36824.26300560327,6187.486135218385,-30636.776870384885,279.82084199170157,26.37811949361075,1.0059374188601644
3620000,7240.000000557483,-36484.59893968234,6244.085948197883,-30240.51299148446,282.3804933555001,26.727014024946378,0.9928059083974314
3625000,7250.00000055952,-36559.08874541497,6253.8812097674745,-30305.207535647496,282.8234710495156,26.610402730777388,0.9971565521290632
3630000,7260.0000005615575,-36750.20201120037,6064.807895131223,-30685.394116069143,274.2728815300434,26.362196829397636,1.0065450011433699
3635000,7270.000000563595,-36790.295555049466,6009.569336825547,-30780.72621822392,271.77479110079406,26.403443003408146,1.0049726255156453
3640000,7280.000000565632,-36634.464766213016,6118.819364438581,-30515.645401774433,276.71547848921387,26.41362380742052,1.0045852712694894
3645000,7290.000000567669,-36787.5279842659,6197.224076688129,-30590.30390757777,280.2612274603364,26.840810449174114,0.9885967298951008
3650000,7300.000000569707,-36545.4017926311,6120.263378596866,-30425.138414034234,276.7807821115233,26.313248001532088,1.0084174114971591
3655000,7310.000000571744,-36644.60777224799,6164.497472132319,-30480.11030011567,278.78121023812196,26.682089304956012,0.9944774989138179
3660000,7320.000000573781,-36655.977577157435,6105.30139153352,-30550.676185623917,276.10414611971004,26.50192084760343,1.0012382721378221
3665000,7330.000000575818,-36501.83588896632,5987.964191186322,-30513.87169778,270.79772708610307,26.50567995792183,1.0010962737010363
3670000,7340.000000577856,-36101.67647354291,5968.834147892365,-30132.842325650545,269.9325962874441,26.33876290928037,1.0074405365651538
3675000,7350.000000579893,-36665.510012525745,6144.6849473701295,-30520.825065155615,277.88521512156217,26.854765185140362,0.9880830182224173
3680000,7360.00000058193,-36424.48358394783,6051.135388539351,-30373.348195408482,273.6545605798115,26.266628759200053,1.0102071979257643
3685000,7370.000000583967,-36608.040733838985,6242.815017971847,-30365.22571586714,282.3230172241294,26.236572294914374,1.0113644854031183
3690000,7380.000000586005,-36588.0435141651,6233.247957674637,-30354.795556490466,281.890359629551,26.245536249889273,1.011019061875702
3695000,7390.000000588042,-36437.01247421867,6029.384990831133,-30407.627483387536,272.67092773323014,26.474796272590066,1.0022640840964572
3700000,7400.000000590079,-36557.83106418235,6133.631836856792,-30424.199227325556,277.38535287979244,26.58525238565098,0.9980998883467264
3705000,7410.0000005921165,-36577.85709083607,5939.7175079013805,-30638.13958293469,268.61583491777054,26.523120479145245,1.000437993661103
3710000,7420.000000594154,-37011.6152542785,6218.364131806466,-30793.251122472033,281.2172583739726,25.93425176513308,1.0231541545170784
3715000,7430.000000596191,-36437.653876982724,6286.3401281467,-30151.313748836023,284.2913825199458,27.032703815143783,0.9815791131822693
3720000,7440.000000598228,-36300.18076289756,5886.2367785143115,-30413.943984383248,266.19723996654454,26.30028760185387,1.008914344948737
3725000,7450.000000600266,-36348.138611184884,6098.579538370264,-30249.55907281462,275.8001592386436,26.646938373860138,0.9957893498120437
3730000,7460.000000602303,-36702.86804765267,5896.4755674213275,-30806.392480231345,266.66027559528385,26.671933397081883,0.9948561674456974
3735000,7470.00000060434,-36623.14364140856,6115.150556035399,-30507.993085373164,276.54956150224217,26.626639690458987,0.9965484847603909
3740000,7480.000000606377,-36279.57729198066,6237.797837442366,-30041.779454538297,282.0961218987091,26.539256303412117,0.9998297290032293
3745000,7490.000000608415,-36709.74977822226,6253.681347590636,-30456.06843063163,282.8144325480332,26.36326527059482,1.006504208239494
3750000,7500.000000610452,-36392.36243096701,6008.914856587139,-30383.447574379872,271.74519310131967,26.98138931941178,0.9834459272524321
3755000,7510.000000612489,-36694.45722346386,6109.607449953351,-30584.849773510512,276.29888189226295,26.208043273435344,1.012465416091692
3760000,7520.0000006145265,-36679.71008442043,5975.892577546204,-30703.817506874228,270.2518043932424,26.273610635054766,1.0099387482885438
3765000,7530.000000616564,-36529.63680068623,6379.701680262625,-30149.935120423608,288.5135347077354,26.35690475616082,1.0067471003622075
3770000,7540.000000618601,-36718.788153834976,6208.924502070163,-30509.863651764812,280.7903636572527,26.634230266743725,0.996264475152482
3775000,7550.000000620638,-37060.33797430498,6087.650926321705,-30972.687047983276,275.30592727457946,26.563903864351563,0.9989020278528067
3780000,7560.0000006226755,-36716.76397719889,6257.620225054024,-30459.143752144868,282.99256304953593,26.910843886197178,0.9860239816335786
3785000,7570.000000624713,-36596.208674734815,6175.984192722769,-30420.224482012047,279.30068191969036,26.552252869535817,0.9993403410311699
3790000,7580.00000062675,-36553.21300427068,5838.894224903941,-30714.31877936674,264.05623586184225,26.427101292530644,1.0040729455745327
3795000,7590.000000628787,-36654.92853492115,6348.741992600534,-30306.186542320615,287.1134239551477,26.466077191940975,1.002594273618597
3800000,7600.000000630825,-36202.04967710482,6065.260392746204,-30136.789284358616,274.293345133655,26.736340881040846,0.9924595723794044
3805000,7610.000000632862,-36628.235474261775,6117.223205581034,-30511.01226868074,276.64329432496515,26.077825056868097,1.017521107681461
3810000,7620.000000634899,-36684.744841256186,6129.796565785028,-30554.948275471157,277.2119078397366,26.329375958712266,1.0077997093207811
3815000,7630.000000636936,-36711.461544346224,6170.410389500814,-30541.05115484541,279.04861407233216,26.59009918017274,0.9979179565292394
3820000,7640.000000638974,-36373.60141422983,6080.479197694118,-30293.12221653571,274.9815953731818,26.2073419065397,1.0124925119234007
3825000,7650.000000641011,-36421.12122037184,6223.787613580196,-30197.333606791643,281.46252813349804,26.519914367864448,1.0005589410930111
3830000,7660.000000643048,-36628.853914509775,6149.876839215904,-30478.97707529387,278.120011534203,26.139469332243017,1.015121504592184
3835000,7670.0000006450855,-36146.54807111968,6102.882068675968,-30043.66600244371,275.9947354569214,26.9278284104724,0.985402054458586
3840000,7680.000000647123,-36676.69598569605,6156.547715896496,-30520.148269799556,278.42169307155007,26.626083996933573,0.9965692829949643
3845000,7690.00000064916,-36513.072405723906,6095.970102040444,-30417.102303683463,275.6821509465881,27.074358495915924,0.9800689254295889
3850000,7700.000000651197,-36487.413472879016,6074.026457805597,-30413.38701507342,274.68977878251786,26.229667952586542,1.0116307032842617
3855000,7710.000000653235,-36545.39849513338,6036.337905113067,-30509.060590020308,272.9853640464839,26.45617346070667,1.002969589581721
3860000,7720.000000655272,-36779.45505101708,5994.112086904699,-30785.34296411238,271.07575750407875,26.24130747228359,1.011181987247172
3865000,7730.000000657309,-36802.8222631442,6229.12873513948,-30573.69352800472,281.7040732617193,26.131377235468985,1.0154358570037902
3870000,7740.000000659346,-36508.0723664932,6199.1952261375445,-30308.877140355657,280.3503700760245,26.240184304718422,1.0112252692149115
3875000,7750.000000661384,-36436.61038458882,6224.469201097726,-30212.141183491094,281.4933520236657,26.301924511980786,1.008851554786455
3880000,7760.000000663421,-36825.497811458794,6130.1743585587155,-30695.323452900077,277.2289930161268,26.393388496488,1.0053554677649137
3885000,7770.000000665458,-36649.44317313204,6251.789498019651,-30397.653675112386,282.72887616401783,26.14132591302479,1.0150494097381257
3890000,7780.000000667495,-36627.89225218958,6102.975000353193,-30524.91725183639,275.99893816858815,26.351956930956547,1.00693612650135
3895000,7790.000000669533,-36868.03475304313,6011.961552267516,-30856.073200775616,271.88297586671814,26.122879830971037,1.0157661639712652
3900000,7800.00000067157,-36503.758004519135,6066.05599735457,-30437.702007164567,274.32932529531354,26.635921518634667,0.9962012171879957
3905000,7810.000000673607,-36717.23594131996,6145.757770484922,-30571.47817083504,277.9337321219609,26.539930380926993,0.9998043347113321
3910000,7820.0000006756445,-36666.617925439044,5976.139772144199,-30690.478153294847,270.26298344060274,26.530102625568027,1.0001747001240502
3915000,7830.000000677682,-36690.93001441785,6111.352542085074,-30579.577472332774,276.377801366017,26.64000589901551,0.9960484820601478
3920000,7840.000000679719,-36854.85258286238,6175.211594158437,-30679.640988703944,279.26574217581566,26.22019838780133,1.0119960591195523
3925000,7850.000000681756,-36810.56018916729,6120.3118239384075,-30690.248365228887,276.7829729877474,26.64051101848454,0.9960295964058886
3930000,7860.000000683794,-36456.73383561354,6097.305909298513,-30359.427926315024,275.74256105556015,26.478293523159515,1.002131705148555
3935000,7870.000000685831,-36627.08169129117,6157.429030852668,-30469.6526604385,278.4615493698442,26.591752031547628,0.9978559293990029
3940000,7880.000000687868,-36286.59982693514,6196.1461712390965,-30090.453655696045,280.21248061812224,26.678103154906662,0.9946260903076046
3945000,7890.000000689905,-36656.392732108514,5996.039125326357,-30660.353606782155,271.16290525712657,26.44489538656979,1.0033973305586839
3950000,7900.000000691943,-36889.11971240175,6190.228454700328,-30698.89125770142,279.944859747811,26.445435243579162,1.003376847209588
3955000,7910.00000069398,-36419.635414501085,6179.642016712302,-30239.99339778878,279.4661021511448,26.289817047351615,1.009316169450515
3960000,7920.000000696017,-36549.6652130825,5984.280751828804,-30565.3844612537,270.63114843365497,26.1416088634866,1.015038423088423
3965000,7930.0000006980545,-36502.08478144706,6125.174873381643,-30376.90990806542,277.0028979395155,26.313357174144752,1.0084132276310436
3970000,7940.000000700092,-36845.646140191544,6035.669817063903,-30809.97632312764,272.9551506518425,26.479967141998554,1.0020683672111648
3975000,7950.000000702129,-36521.31122506349,6005.4112102111785,-30515.90001485231,271.586745347654,26.388660108209262,1.0055356099544093
3980000,7960.000000704166,-36441.45790057032,6046.07095799843,-30395.38694257189,273.42552843538334,26.851253358735335,0.9882122477964487
3985000,7970.0000007062035,-36709.825041424265,6039.926929027151,-30669.898112397113,273.1476728859092,26.26296130951914,1.0103482667116497
3990000,7980.000000708241,-36495.12673454817,6370.150303579673,-30124.976430968494,288.08158638378023,26.484619118500973,1.001892355674913
3995000,7990.000000710278,-36517.69355181162,5917.7857288095265,-30599.907823002097,267.6239993390324,26.623396649057426,0.9966698760327871
4000000,8000.000000712315,-36948.68515117323,5914.396821015016,-31034.288330158215,267.4707404853123,26.08093349177792,1.0173998352533251
4005000,8010.000000714353,-36823.400422189414,6164.631721043435,-30658.76870114598,278.7872814668123,26.652376207848505,0.9955861807914117
4010000,8020.00000071639,-36819.33864303904,6104.740290263364,-30714.598352775676,276.078771060045,26.112988922413923,1.0161509092898917
4015000,8030.000000718427,-36645.4992874932,5798.297294098072,-30847.201993395127,262.2202935886599,26.74786843632317,0.9920318510971154
4020000,8040.000000720464,-37041.83344118135,6098.756354049956,-30943.077087131394,275.80815549290384,26.336730175511697,1.0075182933096303
4025000,8050.000000722502,-36237.63303398404,6089.389688887145,-30148.243345096897,275.38456050210556,26.69779244310201,0.9938925659991655
4030000,8060.000000724539,-36459.164216246674,6042.144887034021,-30417.019329212653,273.24797709078683,26.407443938129443,1.0048203642865465
4035000,8070.000000726576,-36533.76056586039,6156.520263784858,-30377.240302075537,278.4204515862643,26.757191252759455,0.9916862045470214
4040000,8080.0000007286135,-36590.51093498661,6221.430258426259,-30369.080676560352,281.35591987779725,26.532500958088495,1.0000842920802235
4045000,8090.000000730651,-36646.70557414572,6305.444913416096,-30341.260660729626,285.15537105799274,26.130476054227618,1.0154708770984966
4050000,8100.000000732688,-36348.366600849295,6143.1387605907985,-30205.227840258496,277.8152908781758,27.00129192733641,0.9827210308749604
4055000,8110.000000734725,-36508.2497310523,6129.305520414405,-30378.9442106379,277.1897009650769,26.128958510658368,1.0155298546233251
4060000,8120.000000736763,-36917.67167210916,5973.7901280691585,-30943.88154404,270.15672390820293,26.32642535424299,1.0079126611661775
4065000,8130.0000007388,-36690.808236417965,6234.658582859033,-30456.149653558932,281.95415327986495,25.96139199687135,1.0220845415756417
4070000,8140.000000740837,-36573.2425602128,6090.44537167477,-30482.79718853803,275.43230235397465,26.313785938038222,1.008396796275148
4075000,8150.000000742874,-36252.66704394916,6223.7998605523135,-30028.867183396844,281.4630819865451,26.65581492360653,0.9954577458552386
4080000,8160.000000744912,-36591.91330835008,6218.785587090586,-30373.127721259494,281.2363181294027,26.695800002440503,0.9939667451569911
4085000,8170.000000746949,-36518.54693815041,5998.503335857204,-30520.043602293204,271.27434590531834,26.443082280205243,1.0034661298789345
4090000,8180.000000748986,-36615.47638610749,5974.214942585922,-30641.26144352157,270.1759355804674,26.330968565493468,1.0077387533917515
4095000,8190.000000751023,-36787.70430677481,6106.428754644284,-30681.275552130526,276.1551296189843,26.523629813035598,1.0004187822266593
4100000,8200.00000075306,-36575.95820091561,6132.948821517083,-30443.009379398525,277.35446441826315,26.53453983319428,1.0000074470706766
4105000,8210.000000755097,-36477.00976466247,6074.480713253212,-30402.52905140926,274.71032188177554,26.179328908966713,1.0135759220588476
4110000,8220.000000757134,-36683.42337537531,5982.778162736603,-30700.645212638705,270.5631958377608,26.463730784305245,1.0026831686756974
4115000,8230.000000759172,-36605.91960783345,6208.192988548253,-30397.726619285197,280.7572819298507,26.327101623457718,1.0078867707239394
4120000,8240.000000761209,-36558.669026260206,5887.670550287712,-30670.998475972494,266.26208039060197,26.360279955994155,1.0066181953334663
4125000,8250.000000763246,-36553.0879072401,6220.602647401302,-30332.4852598388,281.3184922684606,26.916918107298912,0.9858014699904484
4130000,8260.000000765283,-36332.586723668224,6008.721638758882,-30323.865084909343,271.7364550816766,26.240663896640562,1.011206787385622
4135000,8270.00000076732,-36811.92189606133,6120.493968754298,-30691.42792730703,276.79121024511386,25.924290775609936,1.023547284956091
4140000,8280.000000769358,-36212.93627919451,6086.377045291968,-30126.559233902542,275.2483176970308,26.49941388813301,1.0013329936203077
4145000,8290.000000771395,-36898.129160706034,6049.072924461716,-30849.056236244316,273.56128838135015,26.221189896957902,1.0119577922307124
4150000,8300.000000773432,-36629.809197633265,6055.2420883444265,-30574.567109288837,273.8402806238085,26.61601533260191,0.9969462786296727
4155000,8310.00000077547,-36836.87896669135,6095.150659125447,-30741.728307565903,275.6450927291752,26.72206831575368,0.9929896564984283
4160000,8320.000000777507,-36392.726371840465,6064.991486127407,-30327.734885713056,274.2811841889927,26.33968176041272,1.0074053923334876
4165000,8330.000000779544,-36623.86048232575,5991.33658358284,-30632.523898742907,270.95023905288537,26.046719651506418,1.0187362475125785
4170000,8340.000000781582,-36463.26906820936,6109.680322176085,-30353.588746033274,276.3021774417442,26.425407974668957,1.0041372857222728
4175000,8350.000000783619,-36540.45161179324,6195.175207176753,-30345.27640461649,280.1685700580772,27.04591304331103,0.9810997097896212
4180000,8360.000000785656,-36966.18617329985,6166.25459299399,-30799.931580305863,278.86067369521083,26.32019320727342,1.0081513167029137
4185000,8370.000000787693,-36564.08233128161,6113.538557343829,-30450.543773937778,276.4766610025389,25.976648153183202,1.0214842685366317
4190000,8380.00000078973,-36791.20410485862,6027.003764646399,-30764.20034021222,272.56323994186806,26.296410994688088,1.0090630787276575
4195000,8390.000000791768,-36386.11485201962,6060.154168637725,-30325.960683381898,274.0624229306459,26.4192684106809,1.0043706368137053
4200000,8400.000000793805,-36204.87937119447,6052.009148838704,-30152.870222355763,273.69407522878544,26.565717658577576,0.9988338270703637
4205000,8410.000000795842,-36883.69535174803,6241.453761690755,-30642.241590057274,282.2614562168936,26.188769392864764,1.0132105499014887
4210000,8420.00000079788,-36566.46756344,6071.198998937035,-30495.268564502963,274.5619107107343,26.30820194209914,1.0086108315645144
4215000,8430.000000799917,-36626.216374535856,6270.627411549653,-30355.588962986203,283.5807957821207,26.66540461887591,0.9950997487960249
4220000,8440.000000801954,-36695.79305127258,6009.532624813918,-30686.260426458663,271.7731308488306,26.49055161813254,1.0016679841285374
4225000,8450.000000803991,-36381.97669942542,6148.284217231759,-30233.69248219366,278.04798732035607,26.674514357861867,0.9947599075957352
4230000,8460.000000806029,-36864.6938769775,6015.674057537253,-30849.019819440247,272.05086898643987,26.502209529527256,1.001227365900352
4235000,8470.000000808066,-36780.96432427912,6095.706573251443,-30685.25775102768,275.67023320713537,26.270934776128026,1.010041616863191
4240000,8480.000000810103,-36391.67972751768,6126.295438070891,-30265.38428944679,277.0535739892066,26.481246542497317,1.002019953826744
4245000,8490.00000081214,-36646.59688923598,6220.849291646424,-30425.747597589558,281.32964642684317,26.52864757813949,1.0002295578630744
4250000,8500.000000814178,-36640.19997603271,6476.831598249007,-30163.368377783703,292.9061062367179,26.15133986745925,1.0146607237820962
4255000,8510.000000816215,-36569.06724956374,6302.3905100499705,-30266.676739513772,285.01723972274385,26.522988615422186,1.000442967515311
4260000,8520.000000818252,-36395.303138589385,5945.665002820569,-30449.638135768815,268.88480247578343,26.357990761887965,1.006705620223351
4265000,8530.00000082029,-36743.474503598976,6283.783562823155,-30459.69094077582,284.1757652489237,26.40275006937765,1.004999000788301
4270000,8540.000000822327,-36540.483962473874,6105.582141734996,-30434.90182073888,276.11684267466785,26.523997757630113,1.000404904277847
4275000,8550.000000824364,-36247.11626145824,6220.6019510024435,-30026.5143104558,281.3184607747472,26.634069695798342,0.9962704814117751
4280000,8560.000000826401,-36555.285969886216,6160.823046383198,-30394.46292350302,278.6150392141414,26.659194440831904,0.9953315542478096
4285000,8570.000000828439,-36829.743732946816,6562.289186024793,-30267.454546922025,296.77081213559524,26.19382522894952,1.013014983716906
4290000,8580.000000830476,-36610.34263266618,6197.171995037902,-30413.17063762828,280.2588721368819,26.478426022314977,1.0021266904394297
4295000,8590.000000832513,-36525.2264539382,6069.700542498625,-30455.525911439578,274.49414500861866,26.3985860764231,1.005157524761763
4300000,8600.00000083455,-36653.77655763098,6143.290899569664,-30510.48565806132,277.8221711614177,26.155594512079453,1.0144956722560152
4305000,8610.000000836588,-36604.97697612248,6276.0011448835285,-30328.975831238953,283.82381573453165,26.20413597492468,1.0126163848019818
4310000,8620.000000838625,-36351.72577251528,6276.555390301816,-30075.170382213466,283.8488807474021,26.31444475814197,1.00837154960595
4315000,8630.000000840662,-36458.084701992746,6119.078256700645,-30339.0064452921,276.7271865478944,26.1444386458394,1.0149285588891577
4320000,8640.0000008427,-36526.96410004624,6310.981694233813,-30215.98240581243,285.405764616294,26.185688687134306,1.0133297525539198
4325000,8650.000000844737,-36457.172346915446,6238.8557419234685,-30218.31660499198,282.14396422371476,26.210098221553277,1.012386035851157
4330000,8660.000000846774,-36636.00449546012,6290.151943217534,-30345.852552242584,284.4637667935147,26.316790602640047,1.00828166467707
4335000,8670.000000848811,-36466.84270722345,6221.245309462017,-30245.59739776143,281.34755580654627,26.610190849005985,0.9971644919179142
4340000,8680.000000850849,-36521.65266358212,6157.054728891221,-30364.5979346909,278.444622060801,26.163377680736424,1.0141938767074705
4345000,8690.000000852886,-36509.81203067277,6009.434108965552,-30500.377921707222,271.768675600441,26.822516115694174,0.9892710036349643
4350000,8700.000000854923,-36832.7877790118,6104.312910163754,-30728.474868848047,276.059443362704,26.027764364937205,1.019478164384089
4355000,8710.00000085696,-36914.22936542994,6100.10622654438,-30814.123138885563,275.869201683508,26.177369515048127,1.0136517889062238
4360000,8720.000000858998,-36375.081972831416,6269.905591412324,-30105.176381419093,283.54815242516116,26.53063518969323,1.0001546230636855
4365000,8730.000000861035,-36758.53937519786,6065.8832770994395,-30692.65609809842,274.32151425118946,26.41227495208353,1.0046365746959103
4370000,8740.000000863072,-36804.192230687906,6228.022947895058,-30576.16928279285,281.6540655023424,26.282425764267977,1.0096000146935766
4375000,8750.00000086511,-36547.42250100771,6126.972989291761,-30420.449511715953,277.0842153432191,26.23791389206854,1.0113127723088142
4380000,8760.000000867147,-36782.35698575231,6295.828753423224,-30486.52823232909,284.72049299489424,26.442200874178322,1.0034995787245466
4385000,8770.000000869184,-36804.99438179102,6080.601587154775,-30724.392794636242,274.98713027397724,26.109769627740153,1.0162761991433324
4390000,8780.000000871221,-36580.782683388585,6303.867354767344,-30276.91532862124,285.0840280634812,26.189924347246485,1.0131658681395752
4395000,8790.000000873259,-36445.743280166185,6121.278217280348,-30324.465062885836,276.8266768430333,26.402438522083163,1.005010859720172
4400000,8800.000000875296,-36773.35786373532,6093.571339739614,-30679.786523995706,275.5736701076678,26.32961080027695,1.0077907204579217
4405000,8810.000000877333,-36551.8177742437,6413.344156097915,-30138.47361814578,290.0349709920664,26.398820271617332,1.005148607580642
4410000,8820.00000087937,-36235.32659772372,6227.273939407139,-30008.052658316577,281.62019258834016,26.788723930120145,0.9905189029162083
4415000,8830.000000881408,-36324.03671530442,6175.438760143947,-30148.597955160476,279.27601545577915,26.20373262730852,1.012631971757119
4420000,8840.000000883445,-36827.37205282664,6156.257049227213,-30671.11500359943,278.4085480575072,26.28713757247157,1.0094190500823301
4425000,8850.000000885482,-36423.110296385654,6202.084990354863,-30221.02530603079,280.4810558244491,26.779406830812356,0.9908635245518936
4430000,8860.00000088752,-36468.85736041193,6148.831631588992,-30320.025728822937,278.07274340756373,26.852729437909417,0.9881579263345682
4435000,8870.000000889557,-36701.62058090957,6085.085490707043,-30616.535090202527,275.18990885642353,26.53876158948922,0.9998483670126104
4440000,8880.000000891594,-36900.94353711094,6045.4593021589735,-30855.484234951968,273.39786711247035,26.091741653833864,1.0169783907042795
4445000,8890.000000893631,-36560.6686457183,6194.158183567519,-30366.510462150785,280.1225765162022,26.539690281645697,0.9998133797416114
4450000,8900.000000895669,-36742.1066037055,6063.213706256563,-30678.892897448935,274.2007864556541,26.179487409036916,1.0135697855042127
4455000,8910.000000897706,-36243.64292478911,6141.113392126321,-30102.529532662786,277.7236962795475,26.5769860011985,0.9984103327815724
4460000,8920.000000899743,-36702.35823118976,6111.242067217394,-30591.11616397237,276.37280528686347,26.291434459494717,1.0092540777365306
4465000,8930.00000090178,-36314.69826074741,5933.020256854201,-30381.678003893212,268.3129606347261,26.208265856592266,1.012456817363725
4470000,8940.000000903818,-36546.87461317058,6114.628061606709,-30432.24655156387,276.52593238570324,26.22049268664724,1.0119847004743956
4475000,8950.000000905855,-36750.268384079405,6071.204063969494,-30679.064320109912,274.56213977009975,26.217477257544427,1.0121010948966136
4480000,8960.000000907892,-36476.96311771553,6218.521446386298,-30258.441671329234,281.22437271689375,26.671175695498793,0.9948844303202562
4485000,8970.00000090993,-36663.25766629366,6080.135336585525,-30583.122329708138,274.96604471127614,26.07424523382386,1.017660806663219
4490000,8980.000000911967,-36746.12805326411,6255.123463553656,-30491.004589710454,282.8796503269831,26.36845897381596,1.006305960622763
4495000,8990.000000914004,-36839.939723611074,5917.040836855204,-30922.89888675587,267.59031258979434,26.49352637304393,1.0015555145118689
4500000,9000.000000916041,-36568.23588544164,6160.970843304104,-30407.265042137533,278.6217231335794,25.903148567312687,1.0243827065591593
4505000,9010.000000918079,-36558.44101790348,6472.575412562849,-30085.865605340634,292.71362589230233,26.52215378314656,1.0004744582489082
4510000,9020.000000920116,-36484.85795076006,6147.409823820215,-30337.448126939846,278.0084440397243,26.18350422679396,1.0134142935166943
4515000,9030.000000922153,-36478.189368120875,6193.190336939917,-30284.99903118096,280.0788069380026,26.49522344855538,1.001491362747294
4520000,9040.00000092419,-36686.33816793095,6042.059971122102,-30644.278196808853,273.2441368814591,26.300640510571593,1.008900807078143
4525000,9050.000000926228,-36775.837284293884,6140.951618435405,-30634.885665858477,277.7163802792503,26.548996620475627,0.9994629106744907
4530000,9060.000000928265,-36552.02918574994,5714.395194975607,-30837.63399077433,258.425932598065,26.29567193336723,1.0090914392690302
4535000,9070.000000930302,-36536.76854491159,6104.765511094421,-30432.003033817167,276.0799116386302,26.424079568199275,1.0041877662872951
4540000,9080.00000093234,-36527.67487664079,6050.239703495995,-30477.435173144797,273.61405441341145,26.94513324507005,0.9847692047558402
4545000,9090.000000934377,-36472.75376915903,6379.228475554054,-30093.52529360498,288.49213465332025,26.356852383054385,1.006749100846646
4550000,9100.000000936414,-36783.24069687412,5954.136737933259,-30829.10395894086,269.2679254437479,26.496553407143317,1.001441094245645
4555000,9110.000000938451,-36722.60166556546,6069.86532591853,-30652.73633964693,274.50159711991176,26.298061067335716,1.0089997650338578
4560000,9120.000000940488,-36584.83264176959,6039.277767396623,-30545.55487437297,273.1183154134117,26.450668207676582,1.0031783405035795
4565000,9130.000000942526,-36880.19118755672,5839.472068274263,-31040.719119282454,264.0823680607497,26.543243171246285,0.9996795518391017
4570000,9140.000000944563,-36444.95788084421,6166.321681891237,-30278.636198952972,278.86370770147863,26.185033347070696,1.0133551134375856
4575000,9150.0000009466,-36585.496515194915,6175.06027044126,-30410.436244753655,279.2588987617007,26.769315934152768,0.9912370380721719
4580000,9160.000000948638,-36800.176870574884,5986.89670119309,-30813.280169381793,270.7494512690433,26.268198651610383,1.010146823911013
4585000,9170.000000950675,-36580.6652330466,6216.258645188901,-30364.406587857702,281.12204053828714,26.408641714145762,1.0047747901996216
4590000,9180.000000952712,-36942.528474434446,6434.105545340529,-30508.42292909392,290.9738772444326,26.16194073633227,1.0142495812987526
4595000,9190.00000095475,-36497.64802902479,6158.727006211408,-30338.921022813385,278.5202485814189,26.703348980177495,0.9936857529549992
4600000,9200.000000956787,-36718.53488895332,6008.897056102217,-30709.637832851102,271.74438809803235,26.295327454246024,1.0091046587633614
4605000,9210.000000958824,-36391.89650425318,5914.858781924676,-30477.037722328503,267.4916320538562,26.8075819706865,0.9898221132664234
4610000,9220.000000960861,-36626.2676055304,5967.26568457877,-30659.001920951625,269.86166461738424,26.38547788924957,1.005656882515629
4615000,9230.000000962898,-36847.10392856041,5933.38002323204,-30913.723905328374,268.32923059130735,26.60427742591542,0.9973861350558653
4620000,9240.000000964936,-36524.795787102914,6085.381444159369,-30439.414342943546,275.2032929582074,26.847174291642833,0.9883623933580113
4625000,9250.000000966973,-36722.97243887254,6061.925231194057,-30661.04720767848,274.1425168823579,26.73267918947573,0.9925955138920056
4630000,9260.00000096901,-36403.18993143202,6002.8160024814415,-30400.373928950576,271.4693805251383,26.604196883453525,0.9973891545770004
4635000,9270.000000971047,-36571.357627442565,6018.453781393965,-30552.9038460486,272.17657830571613,26.370250428216057,1.006237597554088
4640000,9280.000000973085,-36513.55650855872,6109.025317115871,-30404.531191442853,276.2725557079008,26.619955105413247,0.9967987298517971
4645000,9290.000000975122,-36620.25022326386,6086.367544317392,-30533.882678946466,275.2478880280751,26.607848241892267,0.997252284234342
4650000,9300.00000097716,-36664.67210026669,5867.919896518195,-30796.752203748496,265.3688833075061,26.395014333198397,1.0052935415311992
4655000,9310.000000979197,-36696.3636454464,6259.776469859074,-30436.587175587327,283.0900763568313,26.509435460334235,1.0009544517645956
4660000,9320.000000981234,-36445.63047151938,5927.602990013763,-30518.027481505615,268.0679719373039,26.290940274260542,1.0092730484716033
4665000,9330.000000983271,-36557.79812836951,6047.7692786113985,-30510.028849758113,273.50233272932553,26.31600332492456,1.008311828743997
4670000,9340.000000985308,-36231.83811298943,5919.387272003086,-30312.45084098635,267.69642700272556,26.640607817018882,0.9960259773366182
4675000,9350.000000987346,-36733.39883365411,6209.79884106997,-30523.59999258414,280.82990447718595,26.689557584202415,0.9941992239501839
4680000,9360.000000989383,-36783.26661522059,6168.240001121746,-30615.026614098846,278.9504611406879,26.316239471928675,1.0083027807256495
4685000,9370.00000099142,-36742.50095664611,6051.878940726697,-30690.622015919413,273.68818673986766,26.272714872839355,1.0099731819195934
4690000,9380.000000993457,-36345.01075993921,6149.0036897771,-30196.007070162108,278.08052451058614,26.45373977080402,1.0030618607306765
4695000,9390.000000995495,-36889.56314080729,6159.565950376029,-30729.99719043126,278.5581887169438,25.89113044174337,1.024858203757946
4700000,9400.000000997532,-36682.863291090405,6196.535486415561,-30486.327804674846,280.23008687987345,26.096103672896852,1.016808400609877
4705000,9410.00000099957,-36827.99238562113,6111.947736692737,-30716.044648928393,276.40471825158664,26.049786727632654,1.0186163025143202
4710000,9420.000001001607,-36493.32804659457,6148.596061196982,-30344.73198539759,278.06209004947937,26.689068980938064,0.9942174249967092
4715000,9430.000001003644,-36624.093212741725,6331.536187452865,-30292.55702528886,286.33531427080237,26.494858948294286,1.001505140660357
4720000,9440.000001005681,-36442.16971415107,6088.67717801116,-30353.492536139907,275.3523381441254,25.96642130146658,1.021886579198694
4725000,9450.000001007718,-36645.96854434634,6066.496495522782,-30579.472048823554,274.3492462398832,26.4290840793766,1.0039976170984157
4730000,9460.000001009756,-36774.87493552188,6202.797504997096,-30572.077430524787,280.5132783527528,26.350010013835732,1.0070105257590056
4735000,9470.000001011793,-36948.118866189834,6138.259438957219,-30809.859427232615,277.59463003821276,26.430997062487783,1.0039249512628956
4740000,9480.00000101383,-36679.969164447626,6031.021748150067,-30648.94741629756,272.7449479089705,26.485940238497555,1.0018423812351318
4745000,9490.000001015867,-36709.08362727007,5954.104467487018,-30754.97915978305,269.2664660556796,26.132714086872873,1.015383911122988
4750000,9500.000001017905,-36586.38208653508,6323.934129932478,-30262.447956602602,285.9915213168083,26.14733097412087,1.014816290964854
4755000,9510.000001019942,-36737.379247616926,6044.570182727098,-30692.80906488983,273.35765786712875,26.66249501662259,0.9952083412015583
4760000,9520.00000102198,-36719.62899090635,5988.218970824725,-30731.410020081625,270.8092491568411,26.53710758845256,0.999910685418263
4765000,9530.000001024016,-36757.10638086291,6162.81951712842,-30594.28686373449,278.7053269517995,26.14662003299626,1.0148438843835925
4770000,9540.000001026054,-36576.192467337314,6008.189571501994,-30568.00289583532,271.7123930466974,26.597981126079578,0.9976222372671067
4775000,9550.000001028091,-36456.16946554246,6179.884025241607,-30276.285440300853,279.4770466654369,26.828571795731985,0.9890477077877494
4780000,9560.000001030128,-36390.673118727245,6004.244356919841,-30386.428761807405,271.53397595741586,26.310707884299767,1.0085147672374752
4785000,9570.000001032166,-36681.64379745107,5987.923561993797,-30693.720235457273,270.79588968483654,26.56731574548795,0.9987737448520481
4790000,9580.000001034203,-36659.771015117345,6187.675630084908,-30472.095385032437,279.82941164534526,26.463708939346652,1.0026839963590866
4795000,9590.00000103624,-36528.08655722289,6110.517818919543,-30417.568738303344,276.3400521195695,26.49433881029869,1.0015248022522227
4800000,9600.000001038277,-36333.93973329819,6053.00677661681,-30280.93295668138,273.73919161996,26.477070833653322,1.0021779827722168
4805000,9610.000001040315,-36783.07255631949,6270.515033908836,-30512.55752241065,283.5757136525794,26.264014213559385,1.0103077626301553
4810000,9620.000001042352,-36376.53594726103,6117.849579386988,-30258.68636787404,276.671621248364,26.841968374018734,0.9885540832196072
4815000,9630.00000104439,-36504.448763960405,6112.825279645842,-30391.623484314565,276.44440396605216,26.175252117309068,1.0137337863592533
4820000,9640.000001046426,-36633.94152067473,6183.340167242376,-30450.601353432354,279.63334609683176,26.57145592281523,0.9986181229536649
4825000,9650.000001048464,-36600.44925930125,6126.966839177507,-30473.482420123742,277.08393721247074,26.533565246471458,1.0000441776785531
4830000,9660.000001050501,-36732.10975872892,6185.958877988662,-30546.150880740257,279.7517738120532,26.34365032568969,1.0072536307510789
4835000,9670.000001052538,-36728.872381693436,6068.506843870705,-30660.36553782273,274.4401615736906,26.200656585729945,1.0127508580162756
4840000,9680.000001054575,-36971.40734429283,6176.245653249442,-30795.161691043388,279.3125061247265,26.1933563551347,1.0130331171776754
4845000,9690.000001056613,-36555.413923548076,6262.261684530549,-30293.152239017527,283.2024668893844,26.453074037515833,1.0030871043628478
4850000,9700.00000105865,-36270.42316175429,6150.878105060383,-30119.545056693907,278.16529245209716,26.474985987664493,1.0022569020490182
4855000,9710.000001060687,-36450.71964124834,6213.264818695196,-30237.454822553143,280.98664871163277,26.567805007946884,0.9987553518196477
4860000,9720.000001062725,-36796.60975328459,6218.520260268079,-30578.08949301651,281.2243190762728,26.110464552682128,1.0162491511497092
4865000,9730.000001064762,-36760.31458071792,6167.456245959537,-30592.85833475838,278.9150168544929,26.134238081448057,1.015324699923968
4870000,9740.000001066799,-36702.392466866535,6186.16408532756,-30516.228381538975,279.7610540413901,26.389191177672945,1.0055153740459457
4875000,9750.000001068836,-36553.995432825635,6105.06173555019,-30448.933697275446,276.0933079961849,26.150457149328872,1.0146949740214684
4880000,9760.000001070874,-36757.375857877334,5877.775564474089,-30879.600293403244,265.81459280010796,26.472107529881573,1.0023658829519153
4885000,9770.00000107291,-36985.605591063526,6105.7018104059725,-30879.903780657554,276.1222545313639,26.031643929490013,1.0193262288643954
4890000,9780.000001074948,-36744.42888344361,6095.48094724819,-30648.947936195418,275.66002957082395,26.3989447739339,1.0051438671135053
4895000,9790.000001076985,-36834.5211158116,6149.11937703481,-30685.40173877679,278.08575631315546,26.516841769990634,1.0006748793069846
4900000,9800.000001079023,-36556.25245359148,6297.543935261631,-30258.708518329848,284.79805981536117,26.21079655575021,1.0123590628521553
4905000,9810.00000108106,-36681.18129848195,6258.8427070372,-30422.33859144475,283.0478481734742,26.311180160203207,1.00849666477229
4910000,9820.000001083097,-36890.58455683782,6255.547226294384,-30635.037330543437,282.8988144340734,26.14533610124063,1.0148937208165656
4915000,9830.000001085134,-36888.769116543815,6288.865276532041,-30599.903840011775,284.4055790016669,26.474547813492016,1.002273490173271
4920000,9840.000001087172,-36453.890841330365,6093.969574242785,-30359.92126708758,275.5916797341223,26.745416324421832,0.9921228039945793
4925000,9850.000001089209,-36459.58189122539,6158.221173011355,-30301.360718214033,278.497372946815,26.312807009154078,1.0084343121794836
4930000,9860.000001091246,-36465.50906616264,6206.288291353123,-30259.220774809517,280.67114452909806,26.503611100203415,1.0011744187411553
4935000,9870.000001093284,-36686.84483045522,6361.393040677526,-30325.451789777697,287.6855508007873,26.36535187200549,1.0064245516845216
4940000,9880.00000109532,-36276.01217015378,6276.623833182857,-29999.388336970922,283.85197598578856,26.7009597632279,0.9937746685170082
4945000,9890.000001097358,-36763.26981773261,6092.34800914848,-30670.921808584128,275.5183466065618,26.097658097677844,1.0167478376210635
4950000,9900.000001099395,-36595.20169357096,6050.830128100919,-30544.371565470043,273.64075558194287,26.151127648357207,1.0146689578586747
4955000,9910.000001101433,-36456.470591124,5878.0155969870375,-30578.454994136962,265.825447951685,26.374440721947607,1.0060777294779482
4960000,9920.00000110347,-36935.59385576907,6137.095279025149,-30798.49857674392,277.54198245157005,26.235563579303093,1.0114033707558965
4965000,9930.000001105507,-36504.787904771336,6041.548911109403,-30463.238993661933,273.2210248711957,26.519946204469406,1.0005577399442793
4970000,9940.000001107544,-36548.62282870735,6125.604391734467,-30423.01843697289,277.022322336518,26.455530769185803,1.0029939549991655
4975000,9950.000001109582,-36500.12153312599,6059.707375792882,-30440.414157333107,274.0422173176865,27.054318760767295,0.9807948842632482
4980000,9960.000001111619,-36777.40977601515,6116.955703617988,-30660.454072397162,276.63119690399344,26.296873957625294,1.0090453139238444
4985000,9970.000001113656,-36723.648665135785,6161.27076112365,-30562.377904012134,278.6352865186052,26.45377717165157,1.0030604425829583
4990000,9980.000001115694,-36187.5950848751,6230.291823063993,-29957.30326181111,281.7566723682442,26.44258256882302,1.0034850933612445
4995000,9990.00000111773,-36737.279142570456,6143.973726201458,-30593.305416369,277.8530510888822,26.25381546506536,1.0107002341467752
5000000,10000.000001119768,-36264.0765562716,6147.904332368341,-30116.172223903257,278.03080753198674,26.632075606080353,0.9963450776525151
5005000,10010.000001121805,-36708.0699645746,6494.645130606083,-30213.424833968515,293.7116995769004,26.812676878300163,0.989634028643469
5010000,10020.000001123843,-36647.88785103133,6351.435212558275,-30296.452638473056,287.23522125049107,26.641010836734075,0.9960109096611396
5015000,10030.00000112588,-36754.733247457785,6069.4334816658065,-30685.299765791977,274.4820675371757,26.321056705781796,1.0081182429107813
5020000,10040.000001127917,-36286.653280962106,6293.268904161566,-29993.38437680054,284.6047272121328,26.68068845910366,0.9945297130717001
5025000,10050.000001129954,-36621.39588787334,6225.318982809952,-30396.076905063386,281.5317822728861,26.642046249293447,0.995972200839922
5030000,10060.000001131992,-36604.98312839683,6017.252447413994,-30587.730680982837,272.1222495721331,26.29961276481271,1.008940233267984
5035000,10070.000001134029,-36577.13545516757,5923.228659827843,-30653.906795339724,267.870148664811,26.636624792328767,0.9961749149775789
5040000,10080.000001136066,-36487.304440855434,5928.128522994121,-30559.175917861314,268.09173846830606,26.37561292741801,1.0060330165902747
5045000,10090.000001138103,-36802.44885942908,6156.509446287967,-30645.939413141114,278.4199623793356,26.369191114659248,1.0062780205281496
5050000,10100.00000114014,-36748.6619756542,6163.024842163814,-30585.637133490385,278.714612503804,26.210436768549332,1.0123729593711919
5055000,10110.000001142178,-36697.17295426573,6175.174723072856,-30521.99823119287,279.26407472994396,26.716614444585336,0.993192363232445
5060000,10120.000001144215,-36307.51674247189,6171.336465395295,-30136.180277076593,279.09049462460797,26.308654683305786,1.0085934745506184
5065000,10130.000001146253,-36564.41841758392,5972.762368140297,-30591.65604944362,270.1102448305332,26.44139737697683,1.0035300729186207
5070000,10140.00000114829,-36690.04271242271,6207.230355800532,-30482.81235662218,280.7137481424434,26.568900956915517,0.9987141538453873
5075000,10150.000001150327,-36753.705651663855,6133.40258892924,-30620.303062734616,277.37498544676544,26.679877481934557,0.9945599433788611
5080000,10160.000001152364,-36710.349041847905,6124.9568812240195,-30585.392160623887,276.9930395337331,26.533325109094335,1.0000532284848447
5085000,10170.000001154402,-36563.61624382787,6138.414953811575,-30425.201290016295,277.6016629909399,26.53456863722668,1.0000063615340204
5090000,10180.000001156439,-36967.14368377055,6259.6460325431735,-30707.497651227375,283.0841775024719,26.443660415898936,1.0034441911768797
5095000,10190.000001158476,-36766.053633164665,6060.2524307011045,-30705.80120246356,274.06686670194654,26.370329165466938,1.0062345931023169
5100000,10200.000001160513,-36776.77879865112,6026.122375245295,-30750.656423405824,272.5233802769008,26.480531840202268,1.002046998070606
5105000,10210.00000116255,-36733.18080551776,5926.226954113364,-30806.953851404396,268.0057425414158,26.049720859200534,1.018618878152621
5110000,10220.000001164588,-36841.83411901366,6271.154834462703,-30570.679284550963,283.6046477828186,26.72259851542655,0.9929699547171538
5115000,10230.000001166625,-36671.49841363085,5999.321181921296,-30672.177231709553,271.31133190727013,26.631587025573342,0.996363356502466
5120000,10240.000001168662,-36482.943971002875,6199.96317241622,-30282.980798586654,280.3850994264597,26.594257133881392,0.9977619342479104
5125000,10250.0000011707,-36327.49524814862,6071.029681230344,-30256.465566918276,274.554253542344,26.553270124126062,0.9993020563474236
5130000,10260.000001172737,-36425.47557109484,6150.363976291299,-30275.111594803537,278.1420416614023,26.7147597434454,0.9932613166883604
5135000,10270.000001174774,-36467.53347475641,6101.577643259162,-30365.95583149725,275.9357445500378,26.67990843529709,0.9945587895152875
5140000,10280.000001176812,-36512.451213271175,6079.15624768442,-30433.294965586756,274.9217667161898,26.468526155346797,1.0025015099840613
5145000,10290.000001178849,-36700.73330672049,6134.149059538073,-30566.584247182414,277.40874358855694,26.32365452462224,1.0080187541197256
5150000,10300.000001180886,-36170.96241245127,6278.641527060963,-29892.320885390305,283.9432235114419,26.668799534704323,0.9949730734320424
5155000,10310.000001182923,-36658.56170961448,6135.44494860683,-30523.116761007648,277.4673484504383,26.340953401950003,1.0073567586138865
5160000,10320.00000118496,-36529.03966677579,6190.830392192231,-30338.209274583558,279.97208157136413,26.500245943189487,1.0013015537543402
5165000,10330.000001186998,-36657.7503109774,6452.9909922165525,-30204.759318760844,291.82794649497356,26.41352133136142,1.0045891687407253
5170000,10340.000001189035,-36425.80579615025,6053.6380740227305,-30372.167722127517,273.7677412066276,26.267135878507016,1.0101876946355515
5175000,10350.000001191072,-36478.9433023681,6054.70302403152,-30424.240278336576,273.81590215626466,26.636364512107253,0.9961846492124224
5180000,10360.00000119311,-36697.6178326739,5986.207407853027,-30711.410424820875,270.7182788932867,26.617373881860466,0.9968953945479573
5185000,10370.000001195147,-36627.187901719124,6194.216900986985,-30432.97100073214,280.12523193350665,26.386670710932258,1.0056114213300196
5190000,10380.000001197184,-36763.12694037647,6165.851042117778,-30597.27589825869,278.84242364284705,26.54886760928089,0.9994677674505347
5195000,10390.000001199222,-36877.97079193821,6184.725806728378,-30693.244985209836,279.69600980212283,26.011126946377274,1.020130250122955
5200000,10400.000001201259,-36470.42773875011,6233.532127320062,-30236.895611430053,281.9032108243195,26.336458958288304,1.007528668900155
5205000,10410.000001203296,-36586.44114567911,5822.627179623125,-30763.81396605599,263.3205803455759,26.37011736126951,1.0062426751562379
5210000,10420.000001205333,-36441.67462428271,6060.901864441572,-30380.772759841137,274.09623648025456,26.371709616639297,1.0061819208355618
5215000,10430.00000120737,-36334.648822404924,6234.353736761074,-30100.29508564385,281.94036701999386,26.33722836394198,1.0074992353453642
5220000,10440.000001209408,-36443.496232210135,6114.517182881806,-30328.97904932833,276.5209180426432,26.78429563828157,0.9906826670425074
5225000,10450.000001211445,-36540.95529359111,6064.724275199781,-30476.231018391332,274.2690999297114,26.52315186702529,1.0004368097283676
5230000,10460.000001213482,-36761.111106799435,6204.060380440223,-30557.05072635921,280.570390217265,26.656728199304766,0.9954236408682683
5235000,10470.00000121552,-36666.2868855897,6148.905260552345,-30517.381625037357,278.07607317963436,26.127458838772583,1.0155881443169976
5240000,10480.000001217557,-36381.86262864122,6225.212120373191,-30156.650508268027,281.5269495611227,26.545798897551066,0.9995833065787181
5245000,10490.000001219594,-36432.595825447024,6200.943450218094,-30231.65237522893,280.4294311880042,26.430974647979,1.0039258026308433
5250000,10500.000001221631,-36683.53201905792,6218.5449390085805,-30464.98708004934,281.2254351395327,26.42238430619591,1.0042521950437884
5255000,10510.000001223669,-36710.68536290964,5996.477310552055,-30714.208052357582,271.1827216019431,25.935539740569602,1.0231033440295398
5260000,10520.000001225706,-36590.84694393023,6089.651114071978,-30501.19582985825,275.39638310885397,26.302481968220075,1.0088301731315064
5265000,10530.000001227743,-36464.022033483365,6258.107967298323,-30205.91406618504,283.01462054469505,26.387538460952914,1.0055783519577883
5270000,10540.00000122978,-36873.12856646084,6127.430777830453,-30745.697788630383,277.10491822182786,26.765108675867086,0.9913928525055078
5275000,10550.000001231818,-36341.684393953736,6461.305861777217,-29880.378532176517,292.2039754267029,26.510232294549894,1.0009243654663458
5280000,10560.000001233855,-36512.23933018996,6167.863866826746,-30344.375463363212,278.93345096679354,26.31971398423775,1.0081696728801386
5285000,10570.000001235892,-36548.903216608596,6254.454393269632,-30294.448823338964,282.8493925120748,26.817418853685833,0.9894590371489389
5290000,10580.00000123793,-36482.600466776996,6107.165464180902,-30375.435002596096,276.1884463292499,26.365014795906433,1.0064374187989344
5295000,10590.000001239967,-36452.49020400712,6070.974270512194,-30381.515933494924,274.55174766621445,26.312931740673836,1.0084295318856882
5300000,10600.000001242004,-36498.28148080936,5971.9256080135365,-30526.355872795823,270.0724034652197,26.462417000190758,1.0027329490573935
5305000,10610.000001244041,-36657.919734844516,6029.081128341905,-30628.83860650261,272.6571859557574,26.333725070355698,1.0076332674885546
5310000,10620.000001246079,-36695.33046912343,6413.013838635116,-30282.316630488313,290.0200328235526,26.507574481943884,1.0010247243052135
5315000,10630.000001248116,-36576.91529784234,6154.751688715832,-30422.163609126506,278.3404701278617,26.076577613547713,1.017569783544066
5320000,10640.000001250153,-36656.14744902746,6152.53929262725,-30503.608156400212,278.24041745335103,26.167152615499983,1.014047566721878
5325000,10650.00000125219,-36610.3160696158,6083.140500526797,-30527.175569089006,275.10194925893785,26.655532788995902,0.9954682822450283
5330000,10660.000001254228,-36551.81923398359,6153.970637159887,-30397.8485968237,278.30514810866885,26.74294931796213,0.9922143261874823
5335000,10670.000001256265,-36627.254300959976,5959.915252834801,-30667.339048125174,269.529251104909,26.688069175582605,0.9942546709997624
5340000,10680.000001258302,-36671.8384340947,6257.974729147641,-30413.86370494706,283.0085950263028,26.749988339076143,0.9919532338272491
5345000,10690.00000126034,-36400.71938519256,6098.622130449191,-30302.09725474337,275.8020854088405,26.116114994649124,1.0160292770660733
5350000,10700.000001262377,-36417.994813968,6192.0737076883715,-30225.921106279628,280.0283088632543,26.26136508942427,1.0104096777693252
5355000,10710.000001264414,-36506.92529626507,6154.539564762444,-30352.38573150263,278.3308771038215,26.649565270695263,0.9956911930179309
5360000,10720.000001266451,-36508.09533337915,6035.96913776734,-30472.126195611807,272.96868703308536,26.77701473467828,0.9909520422910799
5365000,10730.000001268489,-36462.00915332763,6304.720516679818,-30157.288636647812,285.122611177768,26.534688035215495,1.000001861810933
5370000,10740.000001270526,-36592.17578012397,6100.528525753115,-30491.64725437086,275.8882996043078,26.016279566286318,1.0199282095727984
5375000,10750.000001272563,-36828.337336172255,5999.559330776245,-30828.77800539601,271.3221018729161,26.144891458836625,1.0149109809679242
5380000,10760.0000012746,-36366.41849994666,6046.3254163893325,-30320.093083557327,273.4370359781298,26.6908641512443,0.9941505560639843
5385000,10770.000001276638,-36749.45338031174,6403.108331154361,-30346.345049157375,289.57206940463783,26.400427464417383,1.0050874166166979
5390000,10780.000001278675,-36304.164499989245,6249.517590967542,-30054.646909021703,282.6261321852266,26.467267817271182,1.0025491720937125
5395000,10790.000001280712,-36631.94035817097,5999.67119515168,-30632.26916301929,271.3271607907123,26.373284745517328,1.0061218272137262
5400000,10800.00000128275,-36345.608057147896,6202.4042377885135,-30143.203819359383,280.4954933655983,26.329908953456258,1.0077793084926197
5405000,10810.000001284787,-36467.74341611402,6210.074873698723,-30257.668542415297,280.8423876861835,26.529725592809854,1.000188914316524
5410000,10820.000001286824,-36838.6287822633,6221.482799570004,-30617.1459826933,281.35829598123587,25.754090059025287,1.0303115884495762
5415000,10830.000001288861,-36855.87174866835,6177.464341238106,-30678.407407430248,279.36761967030236,26.418264696298248,1.0044087960669823
5420000,10840.000001290899,-36762.69990864895,6040.284482417855,-30722.4154262311,273.1638427630866,26.311567310838154,1.0084818256667554
5425000,10850.000001292936,-36510.56780145216,6025.4782522570085,-30485.089549195152,272.4942506703062,26.580302597948467,0.9982857546488504
5430000,10860.000001294973,-36748.53217929946,6062.49904550951,-30686.033133789948,274.1684668726105,26.388639662734498,1.0055363890265099
5435000,10870.00000129701,-36430.2987429954,6177.667404168342,-30252.631338827057,279.37680292160576,26.275031068030138,1.0098841508154728
5440000,10880.000001299048,-36674.49392367914,6294.5390593114835,-30379.954864367657,284.66216829171555,26.249644298416733,1.0108608381938435
5445000,10890.000001301085,-36392.09668536995,6058.696053521359,-30333.40063184859,273.9964816112367,26.19230852046822,1.0130736440070554
5450000,10900.000001303122,-36582.84081839389,6131.541242198174,-30451.299576195714,277.29080851317025,26.49708020824783,1.0014211841170422
5455000,10910.00000130516,-36408.51035624976,6097.082224443538,-30311.428131806224,275.7324452051013,26.748220770837168,0.9920187837958128
5460000,10920.000001307197,-36388.785642996474,6223.355049594323,-30165.43059340215,281.44296600178615,26.512540202721397,1.0008372353194623
5465000,10930.000001309234,-36497.42210171097,6050.174033716996,-30447.24806799397,273.61108458488155,26.87828003257371,0.9872185796721521
5470000,10940.000001311271,-36442.97324134917,6110.9333331778025,-30332.03990817137,276.3588431999962,26.47879847892875,1.0021125943045925
5475000,10950.000001313309,-36607.88771459784,6207.768295409012,-30400.119419188828,280.73807574672344,26.17309556053339,1.0138173139061057
5480000,10960.000001315346,-36667.50878659273,5993.918647639618,-30673.59013895311,271.0670094702495,26.77776991075224,0.9909240958535956
5485000,10970.000001317383,-36381.15610269636,6133.686821320321,-30247.46928137604,277.3878394791229,26.850911305419565,0.9882248366159564
5490000,10980.00000131942,-36662.78360983733,6008.942726979657,-30653.840882857672,271.7464535028027,26.465142550560085,1.0026296811775997
5495000,10990.000001321458,-36527.70966330086,6113.54779412225,-30414.161869178613,276.4770787235743,26.229087893244362,1.011653075615418
5500000,11000.000001323495,-36533.90128025821,6218.4075326284155,-30315.493747629793,281.2192211184985,26.225684986108426,1.0117843424049004
