#"Step","Time (ps)","Potential Energy (kJ/mole)","Kinetic Energy (kJ/mole)","Total Energy (kJ/mole)","Temperature (K)","Box Volume (nm^3)","Density (g/mL)"
505000,1009.9999999899404,-37462.86173905505,5669.385877180414,-31793.475861874635,256.3904459840044,26.202879373161306,1.0126649464702109
510000,1019.999999989704,-37420.24115535302,5768.473525942599,-31651.76762941042,260.871553286984,26.3142454795262,1.008379186035683
515000,1029.9999999894676,-37597.571609274455,5641.264974452069,-31956.306634822387,255.11871550945443,25.77649646321792,1.0294159827209972
520000,1039.9999999892311,-37667.964435498165,5691.174495273535,-31976.78994022463,257.3758072967271,25.908429904966763,1.0241738899315143
525000,1049.9999999889947,-37623.058146625015,5772.806609185544,-31850.25153743947,261.06751122126684,25.835308942822994,1.0270725810367787
530000,1059.9999999887582,-37649.936740307196,5834.674788955527,-31815.26195135167,263.8654174755036,26.06257506364517,1.0181164897555053
535000,1069.9999999885217,-37642.40884192426,5705.624677922459,-31936.7841640018,258.02929761369785,26.154466276145776,1.0145394349717176
540000,1079.9999999882853,-37621.56388816671,5705.524779499358,-31916.03910866735,258.02477984020226,26.113399989260593,1.0161349134429247
545000,1089.9999999880488,-37308.33411979976,5752.187426002448,-31556.14669379731,260.1350360490584,26.29225709811337,1.0092224999462602
550000,1099.9999999878123,-37349.67892241426,5681.726609912649,-31667.952312501613,256.94853923035095,26.146689108009618,1.0148412033422347
555000,1109.9999999875758,-37463.91385687932,5732.7069776696835,-31731.206879209636,259.25405864794175,26.136318578236015,1.0152438782975173
560000,1119.9999999873394,-37357.46000024723,5622.7724108953325,-31734.687589351895,254.28241388518447,26.469203497278738,1.0024758561592448
565000,1129.999999987103,-37503.17855158624,5724.19762819704,-31778.9809233892,258.86923462050936,25.96903822124035,1.0217836029092808
570000,1139.9999999868664,-37393.88903894892,5953.442408049202,-31440.446630899714,269.2365252969789,26.804539840864315,0.989934451228101
575000,1149.99999998663,-37449.19348847836,5674.490028671244,-31774.70345980712,256.6212744556332,26.560920955818546,0.9990142089547905
580000,1159.9999999863935,-37533.37253594746,5894.638497309315,-31638.734038638147,266.5771965395401,26.069819188127646,1.0178335816717847
585000,1169.999999986157,-37465.4467398633,5794.200516526291,-31671.24622333701,262.03502226448455,26.29275159452611,1.009203519167315
590000,1179.9999999859206,-37224.869629405795,5927.475000429338,-31297.394628976457,268.0621837783493,26.1092576921501,1.0162961257135092
595000,1189.999999985684,-37136.77887336447,5545.185473563363,-31591.593399801106,250.77364769850712,26.01907612675832,1.019818586506196
600000,1199.9999999854476,-37423.72677063328,5565.168415454791,-31858.558355178488,251.67734970338174,26.21688527989233,1.0121239481541018
605000,1209.9999999852112,-37154.825677402056,5683.605015931214,-31471.22066147084,257.03348764756447,26.43523230757122,1.0037641103001793
610000,1219.9999999849747,-37420.49848476585,5601.921296430609,-31818.57718833524,253.33944992882508,25.80673435895265,1.028209810226631
615000,1229.9999999847382,-37765.06760063134,5710.210244744701,-32054.857355886634,258.2366737824953,25.912334002303254,1.0240195821584117
620000,1239.9999999845018,-37640.937150871185,5806.686716142569,-31834.250434728616,262.59969405744687,26.07201804903832,1.0177477396601653
625000,1249.9999999842653,-37527.91991586201,5748.965326711336,-31778.954589150675,259.98932088834266,25.932995331092123,1.0232037255632482
630000,1259.9999999840288,-37413.56535020558,5719.005209900744,-31694.560140304835,258.6344143998429,26.045962307118245,1.0187658695388635
635000,1269.9999999837923,-37246.92621162785,5623.845415098019,-31623.08079652983,254.3309390750426,26.415059609455408,1.0045306666008633
640000,1279.9999999835559,-37308.06230226796,5768.3180010486185,-31539.74430121934,260.8645198802283,26.009734464115887,1.0201848648011465
645000,1289.9999999833194,-37562.79618120197,5694.399131853467,-31868.397049348503,257.5216372029596,26.095451782197163,1.016833801509055
650000,1299.999999983083,-37264.97982033812,5795.193829626601,-31469.78599071152,262.0799435300867,26.169827687745403,1.013943911071805
655000,1309.9999999828465,-37326.68150512956,5882.478795569014,-31444.202709560548,266.027290179351,26.290758616375225,1.009280022116235
660000,1319.99999998261,-37389.642080221056,5724.060457728567,-31665.58162249249,258.8630312682682,26.032076379745707,1.0193092956055234
665000,1329.9999999823735,-37240.48593026605,5872.034995201555,-31368.450935064495,265.5549831796178,26.19577219032728,1.0129396929015007
670000,1339.999999982137,-37383.00956205561,5534.836787688632,-31848.172774366976,250.3056421253726,26.14412642690391,1.0149406793903013
675000,1349.9999999819006,-37431.15596901351,5639.67481129491,-31791.4811577186,255.04680249279198,26.07894355361857,1.01747746733805
680000,1359.9999999816641,-37582.01272522253,5698.706882629515,-31883.305842593014,257.71644951007465,25.917781184711867,1.0238043622900808
685000,1369.9999999814277,-37229.79303798145,5646.101306746924,-31583.691731234525,255.33743221367376,26.338631699220674,1.0074455552895298
690000,1379.9999999811912,-37584.80951804257,5624.436663893094,-31960.37285414948,254.357677516479,26.131616791100605,1.0154265482273743
695000,1389.9999999809547,-37507.85732757305,5732.7482423381125,-31775.10908523494,259.25592478776207,26.220172628285752,1.0119970533360518
700000,1399.9999999807183,-37522.86947364886,5949.132050573226,-31573.737423075636,269.041595105322,26.23201785635694,1.0115400798782805
705000,1409.9999999804818,-37409.20500539102,5810.017791734368,-31599.187213656653,262.75033752661443,25.854206005255897,1.0263218848180269
710000,1419.9999999802453,-37553.03627145741,5664.318071547718,-31888.71819990969,256.16126120553355,26.158589771809325,1.0143795085767133
715000,1429.9999999800089,-37344.031360088295,5670.038866171099,-31673.992493917198,256.4199765437812,26.141515067476167,1.015042065056162
720000,1439.9999999797724,-37347.54249153993,5867.571796173323,-31479.970695366603,265.3531409317705,26.32479016936415,1.007975268447456
725000,1449.999999979536,-37369.02453516218,5809.794042818178,-31559.230492344,262.7402187790722,26.032813285952813,1.0192804421989154
730000,1459.9999999792994,-37860.96095056794,5806.571303465073,-32054.389647102867,262.594474672403,26.301699453480907,1.0088601873319647
735000,1469.999999979063,-37542.6000835364,5798.897335565845,-31743.702747970558,262.2474296670402,26.274453607499932,1.0099063460719715
740000,1479.9999999788265,-37682.314252081334,5817.892399198215,-31864.42185288312,263.1064561897894,26.102597496682257,1.016555438253241
745000,1489.99999997859,-37585.812613199225,5798.439883114829,-31787.372730084397,262.22674198755016,25.862318075141417,1.0259999649177887
750000,1499.9999999783536,-37298.50538041459,5561.808845046146,-31736.69653536844,251.52541759397036,26.274938947856917,1.0098876914784252
755000,1509.999999978117,-37536.98174645207,5827.995101606057,-31708.98664484601,263.5633374873592,26.321950820577793,1.0080839987378
760000,1519.9999999778806,-37546.26197067723,5808.851857408325,-31737.410113268907,262.697609695361,26.269918525731683,1.0100806902692412
765000,1529.9999999776442,-37921.531305057644,5679.912267692462,-32241.619037365184,256.8664880133269,26.00807710574985,1.0202498758326695
770000,1539.9999999774077,-37596.7516633783,5838.634973672412,-31758.11668970589,264.04451156924455,26.109972893461055,1.0162682874493947
775000,1549.9999999771712,-37137.457286963625,5611.235493559725,-31526.2217934039,253.7606721224897,25.917039090567673,1.023833677337197
780000,1559.9999999769348,-37325.464659615645,5850.4157030344,-31475.048956581246,264.5772794069912,26.150001586270957,1.0147126511731768
785000,1569.9999999766983,-37732.547914046656,5818.2743870546,-31914.273526992056,263.1237310832225,25.868779594232777,1.025743690038763
790000,1579.9999999764618,-37279.47132549075,5871.31145885666,-31408.159866634087,265.5222622094506,25.96829335867934,1.0218129112793284
795000,1589.9999999762254,-37844.647963789495,5787.266342520579,-32057.381621268916,261.72143345533135,25.880440222118423,1.025281533469055
800000,1599.9999999759889,-37332.43354891282,5702.689070235752,-31629.74447867707,257.89653865526134,26.534736967133696,1.0000000177372812
805000,1609.9999999757524,-37591.43672331852,5771.821587011933,-31819.615136306587,261.02296490181226,25.71471932973279,1.0318890553515332
810000,1619.999999975516,-37667.005663947064,5696.750492160037,-31970.255171787026,257.6279743496508,26.10516872594629,1.0164553125992455
815000,1629.9999999752795,-37263.30212806247,5732.636618365159,-31530.665509697308,259.25087674184874,26.097118743332395,1.0167688509509196
820000,1639.999999975043,-37479.873209149366,5763.100534781558,-31716.772674367807,260.62856689835377,25.7712845966222,1.029624167095871
825000,1649.9999999748065,-37590.46899977664,5805.3632780076605,-31785.10572176898,262.5398433256406,25.900044548493135,1.0245054748113
830000,1659.99999997457,-37268.753204334374,5647.942833259649,-31620.810371074724,255.42071280422053,26.377588088577866,1.0059576845571399
835000,1669.9999999743336,-37411.73101020384,5738.866418062395,-31672.864592141443,259.5326111584801,26.146634599655222,1.014843318999749
840000,1679.9999999740971,-37334.765140669144,5659.785034463483,-31674.98010620566,255.95626062436529,26.044588332851685,1.0188196142197357
845000,1689.9999999738607,-37229.49439380915,5871.716802815562,-31357.77759099359,265.54059335159747,25.8442561660943,1.0267170108226733
850000,1699.9999999736242,-37496.382543448926,5786.756144446048,-31709.62639900288,261.6983604250767,26.04826477853618,1.0186758182699547
855000,1709.9999999733877,-37378.34049316412,5517.193675458331,-31861.14681770579,249.50775580906452,25.988598950612822,1.0210145413461038
860000,1719.9999999731513,-37366.389723529326,5751.838935705348,-31614.550787823977,260.11927603825126,25.944736109669723,1.0227406948995008
865000,1729.9999999729148,-37531.63183408133,5850.304301073195,-31681.327533008134,264.57224140126436,26.3725685138632,1.0061491516777874
870000,1739.9999999726783,-37711.49510057095,5946.661760763207,-31764.833339807745,268.9298795298044,26.01817198335222,1.0198540256696775
875000,1749.9999999724419,-37406.11998785091,5884.6095691528235,-31521.510418698083,266.1236515844976,26.137145256260617,1.015211767682698
880000,1759.9999999722054,-37449.15010329662,5812.99370870709,-31636.15639458953,262.88491941897047,25.98956283657835,1.020976674545758
885000,1769.999999971969,-37197.27376967021,5717.549166213108,-31479.7246034571,258.5685667580467,26.118130978360135,1.0159508526767411
890000,1779.9999999717324,-37615.125865270085,5743.65361444929,-31871.472250820796,259.7491057565263,26.285431172428897,1.0094845796412268
895000,1789.999999971496,-37437.507113140455,5911.255943328695,-31526.25116981176,267.3286984637914,26.0705223149715,1.0178061305104615
900000,1799.9999999712595,-37269.014347445125,5752.205687114475,-31516.80866033065,260.13586188359466,26.290662943488186,1.0092836949309432
905000,1809.999999971023,-37532.230345218944,5799.482304418929,-31732.748040800016,262.2738841064412,26.21881634754624,1.0120494032245322
910000,1819.9999999707866,-37226.15888632958,5695.260992200043,-31530.897894129535,257.56061369237517,26.435867322609173,1.003739998917836
915000,1829.99999997055,-37337.04977181832,5652.997676396399,-31684.052095421917,255.64931137102954,25.96693909412293,1.021866202312361
920000,1839.9999999703136,-37713.4327025508,5884.185671090804,-31829.24703146,266.10448135768166,26.16258989394679,1.0142244152948747
925000,1849.9999999700772,-37640.514127449605,5853.895149166475,-31786.61897828313,264.7346327367708,25.572253884156606,1.037637806897713
930000,1859.9999999698407,-37450.96002736314,5480.812445007489,-31970.147582355647,247.86246298497167,26.426294891126833,1.0041035849750304
935000,1869.9999999696042,-37283.56502885961,5850.783492891791,-31432.781535967817,264.5939122147781,26.54634125668592,0.9995628844372211
940000,1879.9999999693678,-37793.787031668646,5560.047693246745,-32233.7393384219,251.4457718430767,26.07418394379821,1.0176631987786184
945000,1889.9999999691313,-37420.46892975895,5772.571510721261,-31647.89741903769,261.05687920548706,26.346940297410207,1.007127853870608
950000,1899.9999999688948,-37401.16769747382,5878.942626334073,-31522.22507113975,265.8673716225862,25.841979483110244,1.0268074647737535
955000,1909.9999999686584,-37498.05249345371,5791.50156768728,-31706.55092576643,261.9129658880951,26.015147046782403,1.0199726101901716
960000,1919.999999968422,-37446.77543389512,5693.111577108333,-31753.663856786785,257.4634092497941,25.99421152565653,1.020794087622075
965000,1929.9999999681854,-37298.125678771976,5793.289182113671,-31504.836496658303,261.99380837614564,25.848623756692035,1.0265435284893307
970000,1939.999999967949,-37384.55185507699,5648.322091078404,-31736.229763998588,255.43786423532788,26.47228077891774,1.0023593229231607
975000,1949.9999999677125,-37484.133153400086,5663.65765699504,-31820.475496405044,256.13139483457843,26.074563240045887,1.0176483952388953
980000,1959.999999967476,-37696.080736926895,5662.118116528209,-32033.962620398685,256.061771161847,26.425167363798405,1.004146428761677
985000,1969.9999999672395,-37342.653759840985,5725.886604825097,-31616.76715501589,258.945616345145,26.179215338495734,1.0135803191461306
990000,1979.999999967003,-37401.05569527675,5764.801134013443,-31636.254561263308,260.70547423980986,26.090911776898686,1.0170107378647484
995000,1989.9999999667666,-37366.104792692524,5818.004756065224,-31548.1000366273,263.11153737986285,26.101813877290475,1.0165859569197973
1000000,1999.9999999665301,-37294.102983600314,5702.453697304606,-31591.64928629571,257.8858942270823,25.877175284838643,1.0254108937977633
1005000,2009.9999999662937,-37464.76441170442,5750.057227121971,-31714.707184582447,260.03870063410653,25.623967586132096,1.0355436701437526
1010000,2019.9999999660572,-37567.211496617216,5849.883474868479,-31717.328021748737,264.5532100951147,25.947739475872673,1.0226223160002406
1015000,2029.9999999658207,-37434.55865555556,5869.995612307685,-31564.563043247872,265.46275479703473,25.94796836142454,1.0226132955070024
1020000,2039.9999999655843,-37662.273246992554,5807.233044283461,-31855.040202709093,262.6244010219632,26.084723734623072,1.0172520018898032
1025000,2049.999999965348,-37349.44075936988,5559.438589730934,-31790.002169638945,251.4182259456105,26.348480834341856,1.0070689693503379
1030000,2059.9999999651113,-37598.78458841993,5696.800105404596,-31901.98448301533,257.6302180427376,25.856218026629975,1.0262420207958869
1035000,2069.999999964875,-37499.677895357294,5709.236785400847,-31790.441109956446,258.1926503766582,26.635204900363792,0.9962280199100464
1040000,2079.9999999646384,-37893.724140084254,5712.207913158624,-32181.51622692563,258.3270156831296,25.972155805165325,1.021660952477059
1045000,2089.999999964402,-37451.43890166514,5856.69497883117,-31594.74392283397,264.8612513145078,26.10086992923204,1.0166227221442081
1050000,2099.9999999641655,-37440.15808744138,5849.936829655036,-31590.221257786343,264.5556229944687,26.112455131933537,1.0161716814340382
1055000,2109.999999963929,-37546.854881178435,5676.413382913628,-31870.44149826481,256.70825559656686,26.197547499421496,1.0128710497947846
1060000,2119.9999999636925,-37620.55311676598,5682.626939446365,-31937.926177319612,256.9892554376585,25.89586223563217,1.02467093763252
1065000,2129.999999963456,-37394.083785148716,5735.230184313235,-31658.85360083548,259.36816731696956,26.363446434871737,1.0064972917459485
1070000,2139.9999999632196,-37295.055289407646,5723.426721806415,-31571.62856760123,258.83437140294296,26.285882344544394,1.009467252800629
1075000,2149.999999962983,-37322.07674002064,5660.4430194878,-31661.63372053284,255.98601712312725,25.949394390830335,1.0225570985642845
1080000,2159.9999999627466,-37340.03429540447,5654.63617674947,-31685.398118654997,255.72341037317358,26.106081315167774,1.0164197804122734
1085000,2169.99999996251,-37194.8346769478,5892.199314143522,-31302.635362804278,266.4668877206905,26.266933524949145,1.0101954768562638
1090000,2179.9999999622737,-37435.67921807094,5846.330707513225,-31589.348510557713,264.3925409104051,26.139115868057694,1.0151352314947095
1095000,2189.9999999620372,-37485.30992318103,5925.547286023749,-31559.762637157277,267.9750054548261,26.25749822219887,1.0105584779342964
1100000,2199.9999999618008,-37449.515348335546,5717.950347747017,-31731.56500058853,258.58670966005195,26.089754933193905,1.0170558330552861
1105000,2209.9999999615643,-37590.54863686462,5712.831320288798,-31877.717316575825,258.3552084425568,25.94447266460918,1.0227510800010895
1110000,2219.999999961328,-37584.369823586356,5847.550556889406,-31736.819266696948,264.44770697818876,26.24418536881502,1.011071102603856
1115000,2229.9999999610914,-37566.45928834653,5638.5315979844945,-31927.927690362034,254.9951021892914,25.86638876355779,1.0258384995423717
1120000,2239.999999960855,-37372.74536269102,5909.9999825409095,-31462.74538015011,267.2718993053826,26.53977778154957,0.9998100834225788
1125000,2249.9999999606184,-37443.63570035697,5972.731495323339,-31470.904205033632,270.1088486483928,25.97129057889405,1.0216949888255313
1130000,2259.999999960382,-37424.46055963888,5879.3995966236025,-31545.060963015276,265.88803749696336,26.3014853318556,1.0088684005100532
1135000,2269.9999999601455,-37507.07678297689,5820.645373980271,-31686.431408996617,263.23095581769354,26.019190395903657,1.0198141077427718
1140000,2279.999999959909,-37449.08784293111,5670.321563248451,-31778.766279682663,256.4327611436146,26.418169992278187,1.00441239667788
1145000,2289.9999999596726,-37624.269465088844,5761.579655378543,-31862.6898097103,260.55978714744697,26.185171090616617,1.0133497828202633
1150000,2299.999999959436,-37536.91067373483,5766.894370549218,-31770.016303185606,260.8001380818175,25.954938608143316,1.022338670817066
1155000,2309.9999999591996,-37654.12694091803,5918.6397018483785,-31735.487239069655,267.66261913543235,25.649326881040682,1.0345198359728331
1160000,2319.999999958963,-37420.046817984236,5795.67546216993,-31624.371355814306,262.1017247221347,26.092980967923893,1.016930088225908
1165000,2329.9999999587267,-37074.82655367164,5413.620317768425,-31661.206235903217,244.8237882779317,26.543009528001626,0.9996883514582205
1170000,2339.99999995849,-37653.66408619232,5619.568601858749,-32034.09548433357,254.13752587693588,26.173970010379254,1.0137834431408559
1175000,2349.9999999582537,-37531.209724753324,5618.903509847457,-31912.306214905868,254.10744797412775,26.044351159651754,1.0188288921129178
1180000,2359.9999999580173,-37192.76564829572,5622.23602095335,-31570.529627342366,254.2581563625135,26.2146330286059,1.0122109055973656
1185000,2369.999999957781,-37653.784316277226,5569.957664301431,-32083.826651975796,251.89393712119374,26.176485956675347,1.0136860036028281
1190000,2379.9999999575443,-37670.99926180575,5649.776619846651,-32021.222641959102,255.50364336690694,26.144057725305654,1.0149433464608661
1195000,2389.999999957308,-37802.07237575633,5722.092095454949,-32079.98028030138,258.7740146989035,25.931827810267887,1.0232497929544777
1200000,2399.9999999570714,-37315.41663041422,5929.757058721007,-31385.659571693213,268.16538683346636,26.262195430301148,1.0103777312985867
1205000,2409.999999956835,-37446.959364278104,5713.939928797562,-31733.019435480543,258.4053437898662,26.314938476547596,1.0083526306335877
1210000,2419.9999999565985,-37654.63540388609,5551.658526504475,-32102.976877381614,251.06638291999377,26.21727431834306,1.0121089292345928
1215000,2429.999999956362,-37643.81172741707,5682.338106943002,-31961.47362047407,256.97619337133307,26.114289371130102,1.0161003066437067
1220000,2439.9999999561255,-37525.177418879575,5716.92742716012,-31808.249991719455,258.54044943519466,26.165506073060396,1.014111378686749
1225000,2449.999999955889,-37500.76233413445,5838.233865842578,-31662.528468291872,264.0263720004082,26.164644486504493,1.014144772785817
1230000,2459.9999999556526,-37765.18839298376,5885.2481963439195,-31879.940196639836,266.1525326509641,25.779933870267953,1.0292787239609777
1235000,2469.999999955416,-37423.57276404453,5517.166015726476,-31906.406748318055,249.50650493443013,26.300727522145795,1.0088974692979482
1240000,2479.9999999551796,-37432.62979450187,5676.568159824542,-31756.061634677324,256.71525517678185,26.234288072996648,1.0114525450035137
1245000,2489.999999954943,-37681.3591285633,5893.972998218355,-31787.386130344945,266.54710022709475,25.832756263675055,1.0271740718236801
1250000,2499.9999999547067,-37443.59370104641,5717.377487601533,-31726.216213444877,258.5608028208688,26.22822440668097,1.0116863812949815
1255000,2509.9999999544702,-37187.79789250154,5782.848742515245,-31404.949149986296,261.5216533627281,26.189118735921493,1.013197034438285
1260000,2519.9999999542338,-37372.895103393996,5598.2439279809405,-31774.651175413055,253.17314582512086,26.04425630525765,1.0188326027351804
1265000,2529.9999999539973,-37401.05856155837,5647.025525474328,-31754.03303608404,255.37922877803533,26.342202603333522,1.0073089876861663
1270000,2539.999999953761,-37429.313941230335,5901.546488874266,-31527.76745235607,266.8896012825866,26.421031613625395,1.0043036103141314
1275000,2549.9999999535244,-37623.3965089143,5695.08177429078,-31928.31473462352,257.5525088004734,25.63820046570697,1.0349687948372195
1280000,2559.999999953288,-37391.9834620469,5591.601054729505,-31800.382407317393,252.87273070566212,26.205455565183215,1.0125653939419414
1285000,2569.9999999530514,-37552.38639675603,5807.918225474968,-31744.468171281063,262.65538743126325,26.344205269246185,1.007232412843519
1290000,2579.999999952815,-37382.673763146544,5726.252378415065,-31656.42138473148,258.96215796991584,26.196303205854132,1.0129191599774285
1295000,2589.9999999525785,-37444.01825055538,5519.916683585168,-31924.101566970214,249.63090023478932,26.37291384228116,1.0061359771041751
1300000,2599.999999952342,-37646.41266469912,5792.704696245189,-31853.70796845393,261.9673757790817,25.934297975405023,1.0231523314397095
1305000,2609.9999999521056,-37584.49308144066,5771.323053164863,-31813.1700282758,261.0004193707517,26.468392870012547,1.0025065582221429
1310000,2619.999999951869,-37397.2871896892,5893.346217981689,-31503.940971707514,266.51875492340685,26.084592306549677,1.0172571273473603
1315000,2629.9999999516326,-37441.54090998522,5763.632218535683,-31677.908691449535,260.65261158992985,25.895976610892376,1.024666411948593
1320000,2639.999999951396,-37305.11132289644,5690.452590039906,-31614.658732856533,257.3431600914005,26.62159844278441,0.9967371979866907
1325000,2649.9999999511597,-37635.024554604286,5644.332817896984,-31990.691736707304,255.25745465441491,26.559686667980493,0.9990606353717725
1330000,2659.999999950923,-37436.09102210577,6015.102332202694,-31420.988689903075,272.0250134675735,26.066519013034014,1.017962445408213
1335000,2669.9999999506867,-37524.3235066503,5797.672234009753,-31726.65127264054,262.1920260763962,26.302623286858083,1.008824752892449
1340000,2679.9999999504503,-37679.822183827906,5792.947253457778,-31886.874930370126,261.9783451068466,26.26633933183346,1.0102183293440148
1345000,2689.999999950214,-37445.61963266813,5717.631636954461,-31727.98799571367,258.57229638778335,26.08073618571811,1.0174075320894618
1350000,2699.9999999499773,-37544.715126672585,5888.356984796969,-31656.358141875615,266.29312347953254,26.02639309471542,1.019531878321456
1355000,2709.999999949741,-37328.32121302358,5931.887778836142,-31396.433434187435,268.2617458205633,26.32232792826908,1.0080695563894477
1360000,2719.9999999495044,-37575.814887985805,5764.718636715846,-31811.09625126996,260.7017434091024,26.188937455975235,1.013204047792846
1365000,2729.999999949268,-37210.73365750673,5706.627338488371,-31504.10631901836,258.0746416060162,26.411093067653226,1.0046815317267572
1370000,2739.9999999490315,-37627.31544203886,5682.559848627843,-31944.755593411017,256.9862213445037,25.869626700883575,1.0257101018346542
1375000,2749.999999948795,-37788.15122238722,5721.605898888139,-32066.545323499082,258.75202710495574,26.180099809785133,1.0135460762403243
1380000,2759.9999999485585,-37739.845132569346,5576.185906255883,-32163.659226313463,252.17560109097676,26.009290534342373,1.02020227744204
1385000,2769.999999948322,-37437.76219945289,5991.490339534262,-31446.271859918626,270.9571924615634,25.955608144091133,1.0223122991563767
1390000,2779.9999999480856,-37582.814954346584,5603.753469543281,-31979.061484803304,253.422307524278,26.465805018931338,1.0026045842477542
1395000,2789.999999947849,-37246.47601900151,5586.623939440815,-31659.852079560693,252.6476472775403,25.934634304173073,1.0231390628676862
1400000,2799.9999999476127,-37228.36695973205,5811.798193850003,-31416.568765882046,262.83085384749074,26.24750196217164,1.0109433452383436
1405000,2809.999999947376,-37347.99612622576,5750.412321257887,-31597.58380496787,260.0547592947527,25.939996708953576,1.022927556063603
1410000,2819.9999999471397,-37228.151832882846,5995.693859685436,-31232.457973197408,271.14729107711196,26.090070999423773,1.0170435120078376
1415000,2829.9999999469032,-37528.503868662665,5802.968379754923,-31725.535488907743,262.43153723316294,26.096320819427152,1.016799939784395
1420000,2839.999999946667,-37221.967279632845,5556.82523884934,-31665.142040783503,251.30004062315047,26.282979459842583,1.009578745755589
1425000,2849.9999999464303,-37312.54447481178,6057.62589098475,-31254.91858382703,273.94808493195245,25.85819169425962,1.0261636912405734
1430000,2859.999999946194,-37464.58892663779,5793.74345282003,-31670.84547381776,262.0143521654597,26.35588256194817,1.0067861463344747
1435000,2869.9999999459574,-37602.66719042225,5755.416905968509,-31847.250284453745,260.2810849909954,25.861657292666816,1.026026179896515
1440000,2879.999999945721,-37401.91447012424,5770.88508404211,-31631.02938608213,260.9806127989038,25.96876866929319,1.0217942088707435
1445000,2889.9999999454844,-37480.24068366303,6071.975582352454,-31408.26510131058,274.5970306642066,26.20316470177926,1.0126539194704984
1450000,2899.999999945248,-37614.94788950766,5779.384719191262,-31835.5631703164,261.3649975089592,26.033179207323965,1.019266115232008
1455000,2909.9999999450115,-37784.769705555686,5708.228074624508,-32076.541630931177,258.1470327716094,25.74815793519929,1.0305489621652968
1460000,2919.999999944775,-37682.572083018385,5733.215782303906,-31949.35630071448,259.2770686617092,25.91228731577374,1.0240214271487773
1465000,2929.9999999445386,-37463.00673198474,5755.449950573003,-31707.556781411735,260.28257938934246,25.632575204652646,1.035195926508835
1470000,2939.999999944302,-37706.99689550804,5838.616109103217,-31868.38078640482,264.04365844415935,25.839404732064168,1.026909780350349
1475000,2949.9999999440656,-37127.38972511287,5837.972835142823,-31289.41688997005,264.0145672337235,26.443380428609277,1.0034548158252743
1480000,2959.999999943829,-37361.85807548644,5891.182919111015,-31470.675156375422,266.4209226053631,26.025093258173055,1.0195827993605624
1485000,2969.9999999435927,-37462.68397214069,5926.196663874306,-31536.48730826638,268.0043727055872,26.18579697587605,1.0133255620301798
1490000,2979.999999943356,-37563.658414202495,5915.201718295131,-31648.456695907364,267.5071408957079,25.938826604029853,1.0229737005013693
1495000,2989.9999999431197,-37220.73193897974,5912.261219367483,-31308.470719612258,267.3741607373966,26.24738834530651,1.010947721300914
1500000,2999.9999999428833,-37416.71795574832,5892.912814256322,-31523.805141491997,266.4991548155918,26.244733562507324,1.011049983593461
1505000,3009.999999942647,-37411.81954076014,5811.18189830996,-31600.63764245018,262.80298270028135,26.119936870295152,1.0158806114100667
1510000,3019.9999999424103,-37544.29632601227,5521.550101074844,-32022.746224937426,249.70476937118764,26.17557745639747,1.0137211865521818
1515000,3029.999999942174,-37346.89408344649,5735.332600072782,-31611.561483373705,259.37279893366224,26.01629299862357,1.0199276829789565
1520000,3039.9999999419374,-37490.34728916628,5603.883536696935,-31886.463752469346,253.42818963854145,25.96407997753977,1.0219787283332074
1525000,3049.999999941701,-37435.226947793824,5990.374813735437,-31444.852134058387,270.9067442889988,26.04708459370347,1.0187219741361073
1530000,3059.9999999414645,-37655.59197931209,5728.753946422018,-31926.838032890075,259.07528806034475,26.01513321475632,1.0199731525009732
1535000,3069.999999941228,-37250.83095731576,5501.335079143453,-31749.495878172307,248.79057185476398,26.52654410219792,1.0003088730879641
1540000,3079.9999999409915,-37474.24506261355,5630.433459188379,-31843.81160342517,254.62887461851807,26.614047989622094,0.9970199741179833
1545000,3089.999999940755,-37266.29969768341,5633.962179646811,-31632.3375180366,254.78845631425907,26.06888783744106,1.0178699453253106
1550000,3099.9999999405186,-37438.476058261745,5682.536416198263,-31755.93964206348,256.9851616439998,26.155518408464626,1.0144986240915197
1555000,3109.999999940282,-37578.02270893739,5748.4415286769545,-31829.581180260433,259.96563281796784,26.076492465902493,1.0175731062175823
1560000,3119.9999999400457,-37408.59630451089,5885.3750596223645,-31523.221244888522,266.1582698742267,26.049382000524012,1.0186321286721507
1565000,3129.999999939809,-37537.58245947644,5742.97483948748,-31794.60761998896,259.71840906045526,26.07627592588806,1.017581556246863
1570000,3139.9999999395727,-37427.992309972025,5512.44815409256,-31915.544155879466,249.29314590849413,26.04184486918184,1.018926945117826
1575000,3149.9999999393362,-37702.67034948442,5820.168315116017,-31882.5020343684,263.20938146420684,26.215849999347977,1.0121639175707726
1580000,3159.9999999391,-37202.07234554111,5836.265740380282,-31365.806605160833,263.937366140521,26.024426293247654,1.0196089296566946
1585000,3169.9999999388633,-37267.40924574342,5803.593677542901,-31463.815568200524,262.459815495078,26.241797333839635,1.0111631112846984
1590000,3179.999999938627,-37228.30713549326,5809.968993822425,-31418.338141670836,262.7481307058622,26.49498047084582,1.0015005471313976
1595000,3189.9999999383904,-37377.1680359314,5691.778862856493,-31685.389173074906,257.4031390179205,25.829378195344876,1.0273084097150287
1600000,3199.999999938154,-37247.25820790188,5831.671397027548,-31415.586810874334,263.72959306478936,26.395372985699595,1.0052798819006534
1605000,3209.9999999379174,-37456.795852199626,5834.418062356391,-31622.377789843234,263.85380735605247,26.81776820403565,0.989446147640083
1610000,3219.999999937681,-37623.16757200568,5867.023896302072,-31756.14367570361,265.3283628878363,26.02626818340316,1.0195367714956873
1615000,3229.9999999374445,-37495.40498017934,5646.348864085268,-31849.05611609407,255.3486276654846,25.684244905533713,1.0331133944323523
1620000,3239.999999937208,-37569.87857087166,5681.940590231147,-31887.937980640512,256.95821620603755,25.98507209373675,1.0211531198400454
1625000,3249.9999999369716,-37373.915591488876,5733.641406365409,-31640.274185123468,259.29631694455935,26.497200607164213,1.001416633824081
1630000,3259.999999936735,-37505.0532461355,5795.872844062394,-31709.18040207311,262.1106510560506,25.686935255052866,1.0330051901605564
1635000,3269.9999999364986,-37660.74658428821,5583.4160002737,-32077.330584014508,252.50257248962427,26.312256575860403,1.008455407892742
1640000,3279.999999936262,-37392.23319558053,5789.6485437749625,-31602.584651805566,261.8291653429231,25.702257664902476,1.032389363757025
1645000,3289.9999999360257,-37261.02817498679,5808.584999193713,-31452.44317579308,262.68554138705724,26.646885680272547,0.9957913189619833
1650000,3299.999999935789,-37183.21380853592,5816.037480683014,-31367.176327852903,263.02256996371847,26.29907341964592,1.0089609247588858
1655000,3309.9999999355528,-37518.67058014226,5748.539609458335,-31770.130970683924,259.9700683910308,26.332420520503522,1.0076831872378285
1660000,3319.9999999353163,-37527.37300856251,5801.0116186936375,-31726.36138986887,262.3430453132168,26.047805987899626,1.0186937606228468
1665000,3329.99999993508,-37611.16183705974,5808.666935966488,-31802.494901093254,262.68924686877426,25.758464285326657,1.0301366239796885
1670000,3339.9999999348433,-37594.522830360285,5662.165369879667,-31932.35746048062,256.06390813190285,25.759074909906328,1.03011220436271
1675000,3349.999999934607,-37551.821603900346,5743.870242866366,-31807.951361033978,259.7589024889538,25.985275383973956,1.021145131067293
1680000,3359.9999999343704,-37303.650322711335,5571.640314251153,-31732.010008460184,251.97003273020502,25.914615691798275,1.023929420886059
1685000,3369.999999934134,-37465.47540621637,5909.787948488892,-31555.68745772748,267.26231034701243,26.02169660238597,1.0197158872167762
1690000,3379.9999999338975,-37424.48698574281,5477.444183251582,-31947.042802491233,247.71013782092456,25.98709772648331,1.0210735233718067
1695000,3389.999999933661,-37461.8271390994,5727.812224717206,-31734.01491438219,259.03269994707813,26.448790115747084,1.0032495748071868
1700000,3399.9999999334245,-37068.310521253625,5453.144957308596,-31615.16556394503,246.6112376028842,26.54490383841145,0.9996170112091739
1705000,3409.999999933188,-37518.535432278855,5856.6865429888585,-31661.84888929,264.86086981474404,26.359200304211615,1.0066594256104242
1710000,3419.9999999329516,-37488.53052498078,5841.413321952218,-31647.11720302856,264.1701586798823,25.84083590841904,1.0268529056810685
1715000,3429.999999932715,-37648.585602074585,5707.64499941256,-31940.940602662027,258.12066396961353,26.108496038793188,1.0163257737389877
1720000,3439.9999999324787,-37409.78374862632,5819.734558451143,-31590.04919017518,263.18976539517143,26.64372523913209,0.9959094383249294
1725000,3449.999999932242,-37203.829347838226,5759.150091536198,-31444.679256302028,260.4499133497235,26.578661027569826,0.9983474114916293
1730000,3459.9999999320057,-37552.02433047117,5826.427681720034,-31725.596648751136,263.49245300492544,25.958702409142177,1.022190440013779
1735000,3469.9999999317693,-37499.950117162014,5662.744725725633,-31837.205391436382,256.0901087305124,26.18917308170865,1.0131949319285871
1740000,3479.999999931533,-37560.51260150245,5534.5730789995305,-32025.939522502922,250.29371625017671,26.235718340334003,1.0113974046212442
1745000,3489.9999999312963,-37633.49507389663,5612.234923721805,-32021.260150174825,253.8058700240855,26.18352557650816,1.013413467191551
1750000,3499.99999993106,-37547.137472803166,5647.191694107944,-31899.945778695223,255.3867435337786,26.05516262145294,1.0184061340664972
1755000,3509.9999999308234,-37384.005709499135,5890.4951442377715,-31493.510565261364,266.38981890025156,26.247224170980544,1.0109540446995198
1760000,3519.999999930587,-37410.56427886347,5772.876675235519,-31637.687603627954,261.07067986531234,25.93091172466106,1.0232859422583462
1765000,3529.9999999303504,-37563.07484234033,5755.493415538776,-31807.581426801553,260.2845450346876,26.35894666773786,1.006669112095632
1770000,3539.999999930114,-37436.948936143126,5655.121658845127,-31781.827277297998,255.7453656561124,26.183214655342063,1.0134255013019953
1775000,3549.9999999298775,-37405.49471191969,5606.2071950413265,-31799.28751687836,253.533274000788,26.25840704383847,1.0105235018060301
1780000,3559.999999929641,-37336.63922944649,5762.215177127751,-31574.42405231874,260.5885277744288,26.171935833120198,1.013862238046926
1785000,3569.9999999294046,-37333.06421545422,5547.155556565485,-31785.908658888737,250.86274208553283,26.37328720715876,1.0061217333038865
1790000,3579.999999929168,-37277.106175871995,5711.568193354447,-31565.537982517548,258.2980852046879,25.985954348682938,1.0211184504421582
1795000,3589.9999999289316,-37369.55512713661,5766.601549560489,-31602.953577576125,260.7868956415391,26.230042779688265,1.0116162470895953
1800000,3599.999999928695,-37349.342651662235,5650.982544896054,-31698.36010676618,255.55817972550693,25.97439111289614,1.0215730302379806
1805000,3609.9999999284587,-37556.94191649443,5840.007442438732,-31716.934474055695,264.10657964623186,26.112180721709095,1.016182360277837
1810000,3619.999999928222,-37328.54995186092,5876.103927727907,-31452.446024133016,265.7389952485985,25.649384668395367,1.0345175052282378
1815000,3629.9999999279858,-37490.18700105684,5577.081537664766,-31913.105463392072,252.216104831829,25.672026517521896,1.0336050961803527
1820000,3639.9999999277493,-37612.520703728005,5616.861214475307,-31995.6594892527,254.01508787858302,25.82060130810402,1.0276576103384403
1825000,3649.999999927513,-37184.33982095426,5598.880612835565,-31585.459208118693,253.20193905200023,26.204318193309337,1.0126093433166603
1830000,3659.9999999272763,-37704.75564890184,5802.024514110625,-31902.731134791215,262.38885216308074,26.389288470698798,1.0055116668738713
1835000,3669.99999992704,-37443.085919718345,5812.7915404682335,-31630.29437925011,262.87577662889635,25.617875297460973,1.0357899368968229
1840000,3679.9999999268034,-37497.78539058681,5864.362443705005,-31633.422946881805,265.20800222918473,26.078572777868473,1.0174919334660228
1845000,3689.999999926567,-37574.22513964836,5701.413687988143,-31872.81145166022,257.8388611871284,26.087562762173096,1.017141297548236
1850000,3699.9999999263305,-37323.361351504136,5972.676730597626,-31350.68462090651,270.1063719864132,26.016677200170513,1.0199126211864549
1855000,3709.999999926094,-37508.887653799306,5683.084926058585,-31825.80272774072,257.00996727387945,25.927261775890706,1.0234299968561262
1860000,3719.9999999258575,-37548.297391922955,5903.539097106982,-31644.758294815972,266.97971434324694,25.94039384696208,1.0229118954142367
1865000,3729.999999925621,-37403.20431714202,5682.219185842925,-31720.985131299098,256.97081532253804,26.101295078806974,1.0166061629383574
1870000,3739.9999999253846,-37406.22938775791,5587.672197855874,-31818.557189902032,252.69505337202148,26.29763475238387,1.009016122082326
1875000,3749.999999925148,-37697.612466678416,5728.736113997044,-31968.87635268137,259.0744816126111,25.593814920396913,1.036763668109556
1880000,3759.9999999249117,-37708.33201059056,5742.136649563715,-31966.195361026843,259.6805030344713,26.23632863449895,1.011373878085078
1885000,3769.999999924675,-37508.365669479266,5729.339341259756,-31779.02632821951,259.10176176433595,26.544962130943613,0.9996148160579249
1890000,3779.9999999244387,-37452.98988104211,5721.010873952895,-31731.979007089212,258.72511789259596,26.4666030183996,1.002574354530531
1895000,3789.9999999242023,-37693.39025903775,5900.912401475666,-31792.47785756208,266.8609255222059,26.406556466077685,1.0048541343084534
1900000,3799.999999923966,-37444.002123332,5869.2896722993,-31574.7124510327,265.4308295978141,26.344651481244004,1.007215352865044
1905000,3809.9999999237293,-37402.34129788451,5857.804278225967,-31544.537019658543,264.9114179062204,25.886464884798283,1.0250429155110397
1910000,3819.999999923493,-37447.59819910488,5780.2187862288765,-31667.379412876006,261.4027170828932,26.009376156991543,1.0201989189446599
1915000,3829.9999999232564,-37247.89438204979,5748.3882682350495,-31499.50611381474,259.9632241852254,26.26876015455011,1.0101252317076566
1920000,3839.99999992302,-37449.18744342789,5610.8042660148,-31838.38317741309,253.74117042954464,26.26470597479496,1.0102811530900806
1925000,3849.9999999227834,-37332.07078798272,5670.990455521351,-31661.080332461366,256.4630109082063,26.483662585518328,1.0019285418738637
1930000,3859.999999922547,-37417.92030748434,5574.913708621749,-31843.00659886259,252.11806764275823,26.337716484284023,1.0074805632303516
1935000,3869.9999999223105,-37155.72992811966,5645.555761080954,-31510.174167038705,255.31276063554648,26.055213051424335,1.0184041629372604
1940000,3879.999999922074,-37787.104247317504,5801.185358346592,-31985.91888897091,262.3509024582535,26.154897688510772,1.014522700635295
1945000,3889.9999999218376,-37326.29298228127,5784.695964563011,-31541.59701771826,261.60519152628206,26.134382016872962,1.0153191080109085
1950000,3899.999999921601,-37709.09288317454,5644.1835209186875,-32064.909362255854,255.2507028968738,26.345803651115858,1.0071713047426405
1955000,3909.9999999213646,-37340.16043141586,5788.060136416586,-31552.100294999276,261.7573317299285,25.992733593746046,1.0208521293878896
1960000,3919.999999921128,-37576.90152543323,5755.357884732996,-31821.543640700238,260.2784158340138,26.139214947181692,1.0151313836855966
1965000,3929.9999999208917,-37449.360771515894,5794.784303089217,-31654.576468426676,262.0614232363836,26.027334917080644,1.0194949856496507
1970000,3939.9999999206552,-37361.919470510235,5721.774171766831,-31640.145298743402,258.75963702238766,25.908751053144346,1.0241611949321452
1975000,3949.9999999204188,-37536.11844937864,5808.891342721683,-31727.22710665696,262.6993953662116,26.165768661908995,1.0141012014837507
1980000,3959.9999999201823,-37595.553197829955,5867.689373678537,-31727.86382415142,265.3584582182725,26.323184179030555,1.0080367655112845
1985000,3969.999999919946,-37455.33985695196,5614.1835922605715,-31841.15626469139,253.89399597044954,25.728687117579597,1.0313288554726696
1990000,3979.9999999197094,-37468.27590292887,5695.645473502699,-31772.63042942617,257.57800134860395,26.3905215609727,1.005464684602079
1995000,3989.999999919473,-37491.45018921591,5845.195974234686,-31646.25421498122,264.3412241050826,25.90517633467927,1.02430252143336
2000000,3999.9999999192364,-37271.69587469537,5753.065781935387,-31518.63009275998,260.1747585294571,26.118256373978408,1.0159459750239803
2005000,4009.999999919,-37528.46281364225,5871.9365049676435,-31656.526308674605,265.5505290896079,26.14298145021343,1.014985130457305
2010000,4019.9999999187635,-37558.18499116762,5836.408229223602,-31721.776761944016,263.9438100092006,26.172330764215765,1.013846939228948
2015000,4029.999999918527,-37272.03323158101,5766.989723621203,-31505.043507959806,260.80445029784613,26.467131509422664,1.0025543353022994
2020000,4039.9999999182905,-37696.706669439234,5739.280885082029,-31957.425784357205,259.5513548789309,25.506141963154416,1.0403273641352444
2025000,4049.999999918054,-37356.74237998294,5651.638892160847,-31705.103487822096,255.58786215876978,26.16437514892354,1.0141552124503719
2030000,4059.9999999178176,-37077.94842220006,5746.779547787085,-31331.168874412975,259.8904719397349,26.562275184416567,0.9989632760583349
2035000,4069.999999917581,-37612.17562054268,5672.933204127741,-31939.242416414938,256.5508691334917,25.908766223425378,1.0241605952581576
2040000,4079.9999999173447,-37532.74015818568,5935.782469683934,-31596.95768850175,268.43787804106614,25.946950741466473,1.0226534016338942
2045000,4089.999999917108,-37471.822117348165,5734.89683321831,-31736.925284129855,259.3530919564722,26.5840819445303,0.9981438325820137
2050000,4099.999999917781,-37504.74251998756,5678.110921359642,-31826.631598627915,256.7850245180474,26.053904680302686,1.0184553050064935
2055000,4109.999999919818,-37592.54341964528,5954.924740374181,-31637.618679271094,269.3035618074814,25.93255588706153,1.0232210644160493
2060000,4119.999999921855,-37562.19010840244,5671.274462189803,-31890.91564621264,256.4758547325577,25.870441701994636,1.0256777887074857
2065000,4129.999999923893,-37403.89811359323,5801.602839938803,-31602.295273654432,262.36978250874506,26.034395582238535,1.0192184932417097
2070000,4139.99999992593,-37226.280071757494,5930.1365789800075,-31296.143492777486,268.1825501330852,26.060460868464173,1.0181990860298842
2075000,4149.999999927967,-37411.769231048645,5752.270352086731,-31659.498878961916,260.1387862710743,26.238528273920945,1.011289092161516
2080000,4159.999999930004,-37478.13654970498,5726.427488291656,-31751.70906141332,258.97007708149647,25.967360376036215,1.0218496240486257
2085000,4169.999999932042,-37437.68507901455,5793.54407716561,-31644.141001848937,262.00533566630753,26.619926955923933,0.9967997839258836
2090000,4179.999999934079,-37520.96193938176,5594.914518545357,-31926.047420836407,253.02257770565512,26.06683996042282,1.0179499117681843
2095000,4189.999999936116,-37083.447361358405,5679.957904936597,-31403.48945642181,256.86855189707563,26.14703321950091,1.014827847390262
2100000,4199.999999938153,-37360.12786022091,5521.856257384057,-31838.271602836856,249.71861488362237,26.536795034073734,0.9999224625172969
2105000,4209.999999940191,-37487.615486048715,5723.0321507557055,-31764.58333529301,258.81652745126013,26.272455142303887,1.0099831665546009
2110000,4219.999999942228,-37519.77894689019,5829.003285599276,-31690.775661290914,263.6089312693411,26.271003644946504,1.0100389690628364
2115000,4229.999999944265,-37261.58978387831,5760.890377859496,-31500.699406018815,260.5286154871748,26.403818432623986,1.0049583360640761
2120000,4239.9999999463025,-37562.6913383034,5755.43516557836,-31807.256172725036,260.28191075759776,26.00582162525094,1.0203383619313637
2125000,4249.99999994834,-37289.04571377322,5698.669021827051,-31590.37669194617,257.7147373055715,26.016483385214105,1.0199202192279457
2130000,4259.999999950377,-37500.960194980136,5804.095009471587,-31696.865185508548,262.4824875656631,26.047907464039028,1.0186897920464766
2135000,4269.999999952414,-37428.880806121684,5462.367539410824,-31966.51326671086,247.02831662864466,26.066644487609672,1.0179575453373222
2140000,4279.999999954452,-37154.731482299925,5839.727756179395,-31315.00372612053,264.09393120664413,26.515802911464583,1.0007140845927398
2145000,4289.999999956489,-37649.00108702431,5755.424047125127,-31893.577039899188,260.2814079403183,26.369099858114875,1.0062815029926755
2150000,4299.999999958526,-37425.42145582361,5749.020262780566,-31676.401193043046,259.9918052991052,26.175589541928257,1.0137207185069983
2155000,4309.999999960563,-37630.23752033362,5938.318350120147,-31691.91917021347,268.55255986553317,26.231140876477866,1.0115738984720317
2160000,4319.999999962601,-37506.75345002427,5704.686837408254,-31802.066612616014,257.98688502212127,26.058161084368148,1.0182889480142758
2165000,4329.999999964638,-37778.87872612215,5816.049890067531,-31962.82883605462,263.0231311616506,25.874365633009194,1.0255222413621659
2170000,4339.999999966675,-37413.120316947825,5911.904136279932,-31501.216180667892,267.35801212905454,26.1144251325636,1.0160950242285853
2175000,4349.9999999687125,-37335.05649268877,5788.316218655579,-31546.74027403319,261.76891270904804,26.23384165819763,1.0114697566414612
2180000,4359.99999997075,-37781.84142560393,5931.097941179381,-31850.74348442455,268.22602646163114,26.38969601903137,1.0054961382901801
2185000,4369.999999972787,-37359.66914199208,5639.5508500674905,-31720.11829192459,255.04119651093237,26.107070707055133,1.0163812606757556
2190000,4379.999999974824,-37618.601467402645,5658.529361386691,-31960.072106015956,255.89947447730398,25.842571591143738,1.0267839384406021
2195000,4389.999999976862,-37271.35843620574,5912.375657132337,-31358.982779073398,267.37933603331123,26.73441347259117,0.9925311234148414
2200000,4399.999999978899,-37415.86542497864,5766.569039101515,-31649.296385877125,260.78542539921375,26.187357639433007,1.013265171810679
2205000,4409.999999980936,-37258.09801998435,5857.010518968959,-31401.087501015387,264.87552119812585,26.219384430740234,1.0120274756213505
2210000,4419.999999982973,-37583.953792514316,5742.9929794340605,-31840.960813080255,259.7192294154451,26.310910187442982,1.0085070128228262
2215000,4429.999999985011,-37690.24246861169,5664.294980355524,-32025.947488256163,256.1602169370372,25.982580124126,1.021251057863537
2220000,4439.999999987048,-37410.55341121662,5610.714865904494,-31799.838545312126,253.73712742830097,26.159573532817973,1.0143413616624581
2225000,4449.999999989085,-37528.685677691625,5817.857932289948,-31710.82774540168,263.1048974696434,25.940216606925368,1.022918884598045
2230000,4459.999999991122,-37488.98982587521,5914.041568737365,-31574.948257137843,267.45467467291627,26.29825203718159,1.008992437986823
2235000,4469.99999999316,-37656.86503797063,5863.021710137011,-31793.84332783362,265.1473693343897,26.15029324934362,1.0147013337394912
2240000,4479.999999995197,-37389.72687685881,5880.572034927139,-31509.15484193167,265.94105946196004,26.242830102075835,1.0111233176672076
2245000,4489.999999997234,-37347.43043006608,5636.936508956446,-31710.493921109635,254.92296640666078,25.90600638926965,1.0242697017467948
2250000,4499.9999999992715,-37523.79039039211,5868.6702591814865,-31655.120131210624,265.40281746229095,26.22642386487224,1.0117558373381015
2255000,4510.000000001309,-37639.62744650379,5840.269241833207,-31799.358204670585,264.1184191761143,26.19898760828667,1.0128153741862498
2260000,4520.000000003346,-37335.53197130047,5767.5273979739695,-31568.004573326503,260.8287659062888,26.317185592576973,1.0082665315576973
2265000,4530.000000005383,-37495.98935812689,5728.47214642909,-31767.517211697803,259.0625440299629,26.090973100620502,1.0170083475022527
2270000,4540.000000007421,-37570.006048962634,5964.497554146415,-31605.50849481622,269.7364795953257,26.189779452137028,1.0131714734857231
2275000,4550.000000009458,-37233.94376827988,5843.463652397321,-31390.48011588256,264.2628821509289,26.350150609407923,1.0070051526883477
2280000,4560.000000011495,-37438.333531884586,5853.947451050545,-31584.38608083404,264.7369980200084,26.47291502474847,1.0023353081057194
2285000,4570.000000013532,-37413.67501728698,5700.9775466637975,-31712.69747062318,257.81913727503576,26.27362067259424,1.009938362452873
2290000,4580.00000001557,-37353.86539693286,5993.8116735287795,-31360.05372340408,271.0621717081742,26.259925029846357,1.010465087300481
2295000,4590.000000017607,-37627.85548475501,5610.717590686274,-32017.137894068735,253.73725065293777,26.05154025865765,1.0185477393786555
2300000,4600.000000019644,-37443.4980396641,5817.21617789326,-31626.281861770836,263.07587497945775,26.170046368665606,1.0139354384010122
2305000,4610.000000021681,-37296.7009647933,5642.003164218258,-31654.697800575042,255.1520991611363,26.33399379035984,1.0076229852952052
2310000,4620.000000023719,-37606.3808227747,5853.649532860499,-31752.7312899142,264.72352506557075,26.128919846364898,1.0155313573545728
2315000,4630.000000025756,-37235.95962166858,5720.062095587816,-31515.897526080767,258.6822106512417,26.14041200176868,1.0150848975139497
2320000,4640.000000027793,-37424.97849035898,5848.52705647993,-31576.451433879054,264.49186787514327,25.84480967269805,1.026695022088654
2325000,4650.0000000298305,-37369.22482839837,5684.614930134117,-31684.609898264254,257.0791596759811,26.181466133720917,1.0134931826301303
2330000,4660.000000031868,-37406.166579136465,5707.043667423709,-31699.122911712755,258.09346952913165,26.10736386629819,1.0163698477440415
2335000,4670.000000033905,-37490.71827884127,5732.035247483509,-31758.68303135776,259.22368054249165,25.843247103850068,1.0267570994913677
2340000,4680.000000035942,-37267.01014003345,5714.79848038264,-31552.211659650813,258.4441706449378,26.39833686722973,1.0051670137874245
2345000,4690.00000003798,-37815.99221815487,5776.908030660938,-32039.08418749393,261.2529925598148,26.334561983063598,1.007601244890761
2350000,4700.000000040017,-37705.751757156504,5758.722594573275,-31947.02916258323,260.43058036739444,25.953579636938723,1.0223922021154233
2355000,4710.000000042054,-37423.47803810493,5838.939908785874,-31584.538129319055,264.0583018547235,25.98749462171072,1.0210579289786512
2360000,4720.000000044091,-37434.95122714344,5819.9867963877905,-31614.964430755652,263.2011725208235,25.98502506635689,1.021154967910445
2365000,4730.000000046129,-37463.873620485996,5833.852671408942,-31630.020949077054,263.8282383014296,26.289770283122323,1.0093179648215762
2370000,4740.000000048166,-37812.94174271075,5879.83970682605,-31933.102035884698,265.9079408962966,25.88520556792687,1.0250927839130517
2375000,4750.000000050203,-37534.34684836694,5931.189631296724,-31603.15721707022,268.23017302540137,26.160488355858956,1.0143058905031874
2380000,4760.0000000522405,-37524.95604363234,5851.222784045647,-31673.73325958669,264.6137785737266,26.12578755546897,1.0156531121387462
2385000,4770.000000054278,-37357.37278320421,5859.3278936936695,-31498.044889510544,264.9803213920185,26.751196854073257,0.9919084212393843
2390000,4780.000000056315,-37251.9201823477,5757.7927663839255,-31494.127415963772,260.38853012256715,26.36828102266012,1.0063127518621566
2395000,4790.000000058352,-37321.08125725991,5717.084390262069,-31603.99686699784,258.5475478829955,25.963382464098387,1.0220061840740302
2400000,4800.0000000603895,-37226.21102299382,5823.997901756261,-31402.213121237557,263.38256943339746,26.22218708464476,1.0119193091001188
2405000,4810.000000062427,-37605.46209860842,5771.686368024689,-31833.77573058373,261.01684980271756,25.783843737790118,1.0291226439174046
2410000,4820.000000064464,-37433.89311458722,5623.959126499156,-31809.933988088065,254.3360815221229,26.236992244609457,1.0113482974878534
2415000,4830.000000066501,-37106.75044801498,5724.874237526416,-31381.876210488565,258.8998333787301,26.279753972660625,1.0097026580002393
2420000,4840.000000068539,-37391.45730326466,5745.964941935056,-31645.4923613296,259.8536324720699,26.3532010462423,1.006888589785618
2425000,4850.000000070576,-37328.08006383853,5673.476300571073,-31654.60376326746,256.5754299487783,26.19118685360151,1.013117030018784
2430000,4860.000000072613,-37312.938905780095,5808.957087545772,-31503.981818234322,262.70236858855606,26.39459848313677,1.0053093800513975
2435000,4870.00000007465,-37485.91085223011,5681.279704305769,-31804.63114792434,256.9283285178782,26.095693925322053,1.016824366262194
2440000,4880.000000076688,-37478.139659586705,5762.064350520945,-31716.07530906576,260.58170684147007,25.966214104845122,1.0218947333117991
2445000,4890.000000078725,-37452.535782050014,5720.154849043568,-31732.380933006447,258.68640530307914,26.516616272070365,1.0006833890693854
2450000,4900.000000080762,-37616.60267212988,5739.375213873687,-31877.227458256188,259.5556207732423,26.190365124252523,1.013148816822579
2455000,4910.0000000827995,-37405.053878186794,5475.904049099913,-31929.14982908688,247.64048729958486,26.16129794812846,1.0142745016092003
2460000,4920.000000084837,-37280.46570987473,5848.308328669921,-31432.157381204805,264.4819762004589,26.462170857895174,1.0027422761451548
2465000,4930.000000086874,-37338.43405516086,5983.440778799921,-31354.99327636094,270.59316176911045,26.153340703771445,1.0145830981340498
2470000,4940.000000088911,-37446.69294608428,5565.460673840015,-31881.232272244266,251.69056670066385,26.103986955174246,1.0165013292166143
2475000,4950.000000090949,-37492.2801247051,5889.730630929138,-31602.549493775965,266.3552448013266,25.73752538889276,1.0309746969395537
2480000,4960.000000092986,-37542.577540980354,5715.612163996668,-31826.965376983688,258.4809684056142,26.287163843453,1.0094180412846798
2485000,4970.000000095023,-37230.43401546893,5607.803731144297,-31622.63028432463,253.60547522545988,26.417874943335597,1.0044236144921892
2490000,4980.00000009706,-37295.048334190804,5757.642406477169,-31537.405927713633,260.38173029549824,26.218909410057673,1.0120458110133654
2495000,4990.000000099098,-37491.24064871914,5792.058549580722,-31699.18209913842,261.93815465441975,26.243048164663897,1.0111149158929125
2500000,5000.000000101135,-37662.80483182254,5959.908534364247,-31702.896297458294,269.528947271002,25.739996487438848,1.0308757210101707
2505000,5010.000000103172,-37592.054400852576,5762.7249709938,-31829.329429858775,260.6115825248916,25.96194002020284,1.022062966678885
2510000,5020.000000105209,-37458.988647021164,5796.897576398346,-31662.091070622817,262.15699321485243,26.075393430172635,1.0176159952809618
2515000,5030.000000107247,-37421.87843721628,6087.955414552542,-31333.923022663737,275.3196973503853,26.09270465077478,1.0169408573365304
2520000,5040.000000109284,-37449.08021418999,5871.549354672726,-31577.530859517265,265.5330207317492,26.1648737350351,1.0141358871630033
2525000,5050.000000111321,-37499.80880106256,5779.82793037646,-31719.980870686097,261.3850411461185,26.00475964096972,1.0203800305842128
2530000,5060.0000001133585,-37614.63670837811,5780.67865896675,-31833.958049411358,261.4235142166416,25.97962628252476,1.0213671724614615
2535000,5070.000000115396,-37487.30892382889,5756.159768921653,-31731.149154907234,260.3146799813502,26.314614656764512,1.008365039119685
2540000,5080.000000117433,-37626.54458353952,5978.587960054743,-31647.95662348478,270.3736994870732,26.27422364910733,1.009915185017819
2545000,5090.00000011947,-37182.49820526452,5933.490693741114,-31249.007511523407,268.3342355180832,26.41330418206892,1.004597427678181
2550000,5100.000000121508,-37531.32251650981,5682.400864820087,-31848.921651689725,256.9790315129667,26.594656184978305,0.9977469628945845
2555000,5110.000000123545,-37422.656834401234,5516.443213745747,-31906.213620655486,249.473817174907,26.026380793812173,1.019532360184958
2560000,5120.000000125582,-37606.93796464485,5693.303718182861,-31913.63424646199,257.47209857467993,26.154090005933714,1.014554030813831
2565000,5130.000000127619,-37551.05518237259,5773.154838262343,-31777.900344110247,261.0832594187329,26.02693723227956,1.019510563266677
2570000,5140.000000129657,-37468.81731915762,5809.462332281019,-31659.354986876602,262.7252176106208,26.027669081056004,1.0194818965598746
2575000,5150.000000131694,-37790.939566820736,6009.25105969245,-31781.688507128285,271.7603974401985,26.04602371859964,1.0187634674861772
2580000,5160.000000133731,-37224.55427655565,5763.364524173052,-31461.1897523826,260.6405054679425,26.247092417773203,1.0109591194116345
2585000,5170.0000001357685,-37420.000523108356,5732.202524234745,-31687.79799887361,259.2312454113825,25.872920477526588,1.0255795228387943
2590000,5180.000000137806,-37507.42788869069,5514.460311485672,-31992.967577205018,249.38414305396742,26.501128422311734,1.0012682107320288
2595000,5190.000000139843,-37449.97802910047,5910.319963114336,-31539.658065986136,267.2863700018044,25.954927299112335,1.0223391162685043
2600000,5200.00000014188,-37405.979496545035,5525.5623855867,-31880.417110958333,249.886219608955,26.179094153778813,1.0135850110748632
2605000,5210.0000001439175,-37625.89671517297,5621.693371425207,-32004.20334374776,254.23361575837268,25.975976773049894,1.021510670017137
2610000,5220.000000145955,-37571.9273883182,5767.137480648814,-31804.78990766939,260.8111324131629,26.593523466066564,0.9977894607176145
2615000,5230.000000147992,-37474.31908250001,5830.793086331426,-31643.525996168588,263.68987263016567,26.167254203163118,1.014043629941893
2620000,5240.000000150029,-37398.65071899031,5587.619315259647,-31811.031403730667,252.6926618268479,26.650789954761045,0.9956454380087698
2625000,5250.000000152067,-37739.44425395305,5912.821762469648,-31826.622491483402,267.3995105546556,26.192379472484788,1.0130708997119808
2630000,5260.000000154104,-37128.638693559034,5734.5860381536895,-31394.052655405343,259.3390366624855,26.272538600662593,1.0099799582031475
2635000,5270.000000156141,-37458.65698652333,5767.522293921002,-31691.134692602333,260.82853508227277,26.09626324279309,1.0168021831675762
2640000,5280.000000158178,-37392.50131853303,5647.8181928399845,-31744.683125693045,255.41507610679375,26.08688482240391,1.0171677307747857
2645000,5290.000000160216,-37380.81812611871,5683.074591954522,-31697.74353416419,257.0094999277494,26.001019598516557,1.0205268042373876
2650000,5300.000000162253,-37612.44520443232,5766.00139797381,-31846.44380645851,260.7597545831776,26.05807236766518,1.0182924148569825
2655000,5310.00000016429,-37302.466484407865,5708.973062876451,-31593.493421531413,258.1807238757795,26.546007065177694,0.9995754680784102
2660000,5320.0000001663275,-37417.6144347292,5764.543128385145,-31653.071306344056,260.69380627796386,25.92189666970706,1.0236418181851987
2665000,5330.000000168365,-37519.919073755365,5776.145442999232,-31743.773630756135,261.21850554571444,26.1523088903174,1.014623127505655
2670000,5340.000000170402,-37302.336315804954,5711.12851751725,-31591.207798287705,258.27820144894616,26.10836224413088,1.016330981992283
2675000,5350.000000172439,-37038.24880135914,6017.145154165485,-31021.103647193657,272.11739737748064,25.837835370731344,1.0269721537062613
2680000,5360.000000174477,-37541.67648659815,5725.401232953788,-31816.275253644366,258.923666046956,25.933137289938372,1.0231981245124098
2685000,5370.000000176514,-37342.446030139676,5861.757649276938,-31480.68838086274,265.09020386097046,26.288949181661746,1.0093494895679394
2690000,5380.000000178551,-37452.91321211649,5757.783187875969,-31695.13002424052,260.38809694726734,26.138871436925378,1.0151447242784621
2695000,5390.000000180588,-37656.951785846046,5749.870481404211,-31907.081304441836,260.03025530706424,26.022868918874977,1.019669949555083
2700000,5400.000000182626,-37321.21938041079,5623.158047778513,-31698.061332632275,254.29985380100752,26.30620726321889,1.0086873098916247
2705000,5410.000000184663,-37617.08082329399,5782.8983462070955,-31834.18247708689,261.52389662380637,25.954983746703423,1.02233689285812
2710000,5420.0000001867,-37429.17503162548,5979.154466633651,-31450.020564991824,270.39931899464705,26.092485183044978,1.0169494109756239
2715000,5430.000000188737,-37303.10611716439,5747.719343602556,-31555.386773561833,259.93297295721413,25.897729193922707,1.0245970694609996
2720000,5440.000000190775,-37122.178921347615,5554.583501033552,-31567.595420314065,251.19866100799987,26.08587324231919,1.017207175366489
2725000,5450.000000192812,-37234.66132762595,5802.327788414582,-31432.33353921137,262.40256734065576,26.228949346296076,1.0116584193844154
2730000,5460.000000194849,-37338.46201704779,5796.62838840236,-31541.83362864543,262.1448195452805,26.29015441991904,1.0093032172410306
2735000,5470.0000001968865,-37508.14465329872,5987.485408214834,-31520.659245083883,270.7760747621568,26.015328499605474,1.0199654960416966
2740000,5480.000000198924,-37261.333075556584,5803.103975993987,-31458.229099562595,262.43766939297007,26.33705786610067,1.0075057575790025
2745000,5490.000000200961,-37205.89860944673,5727.685243017557,-31478.213366429176,259.0269573683738,26.156887967144634,1.0144455055631145
2750000,5500.000000202998,-37287.36654439278,5682.58692493514,-31604.779619457644,256.9874458345373,26.33979705600583,1.0074009826790788
2755000,5510.000000205036,-37558.87376229108,5681.87534161807,-31876.998420673008,256.955265424177,25.819510216531867,1.0277010375199902
2760000,5520.000000207073,-37442.10684321875,5765.152143934982,-31676.95469928377,260.7213481972857,25.78780401391027,1.0289645998346586
2765000,5530.00000020911,-37283.4059878893,5666.026484871976,-31617.379503017328,256.23852192893827,25.795824662293878,1.0286446657615094
2770000,5540.000000211147,-37473.28628886985,5778.140016432895,-31695.146272436956,261.3087074799775,26.22336878513507,1.0118737091028982
2775000,5550.000000213185,-37529.692996653655,5797.800363445038,-31731.89263320862,262.19782055992016,25.860663299239757,1.0260656167534512
2780000,5560.000000215222,-37252.20703785865,5816.330601887371,-31435.87643597128,263.0358259808499,26.198465636163565,1.0128355532837021
2785000,5570.000000217259,-37745.22373004201,5799.772734080018,-31945.45099596199,262.28701840210334,25.837378512668007,1.0269903126889541
2790000,5580.000000219296,-37152.75637576413,5633.963993761914,-31518.79238200222,254.788538355205,26.224958910663243,1.011812355099576
2795000,5590.000000221334,-37571.60505532933,5770.896680914257,-31800.708374415073,260.98113725204314,26.430192083325878,1.0039555276076808
2800000,5600.000000223371,-37740.73933421092,5835.5389986664895,-31905.200335544432,263.90450021180294,26.37982826288383,1.0058722586576467
2805000,5610.000000225408,-37437.87293146694,5672.369345380393,-31765.503586086546,256.52536937058323,26.145951730195133,1.0148698242697225
2810000,5620.0000002274455,-37508.07327245193,5670.4199878937625,-31837.65328455817,256.43721226746715,26.565237628114964,0.9988518758704836
2815000,5630.000000229483,-37254.38647068436,5866.727111471168,-31387.65935921319,265.3149411880605,26.17374960949233,1.0137919798913542
2820000,5640.00000023152,-37516.51403413406,5532.763936459426,-31983.750097674634,250.21190018177802,25.848390696449812,1.0265527842486626
2825000,5650.000000233557,-37496.46692568316,5741.826865938061,-31754.6400597451,259.6664934814685,25.897169493302357,1.0246192134878027
2830000,5660.000000235595,-37451.641861995646,5745.616840419617,-31706.025021576028,259.83789004339684,25.7938898010325,1.0287218268539562
2835000,5670.000000237632,-37293.054728780444,5832.889865251396,-31460.164863529048,263.7846966717933,26.48075112135205,1.002038700344576
2840000,5680.000000239669,-37509.588834620845,5699.011060328792,-31810.577774292055,257.73020554250314,25.48755125655861,1.0410861824538638
2845000,5690.000000241706,-37377.65168901096,5766.87484737076,-31610.776841640203,260.79925517200326,25.982176723830147,1.0212669138475547
2850000,5700.000000243744,-37390.495741685714,5617.7429691091675,-31772.752772576547,254.0549640607166,26.274622160825572,1.009899867460322
2855000,5710.000000245781,-37454.48389154413,5868.678510778642,-31585.805380765487,265.40319062981223,25.844033592241548,1.0267258531096164
2860000,5720.000000247818,-37456.45123828003,5597.347920478087,-31859.103317801942,253.13262507591833,25.635796659091255,1.0350658413565523
2865000,5730.0000002498555,-37529.8921325424,5707.480445757651,-31822.41168678475,258.11322224913727,26.352069353149925,1.0069318307488448
2870000,5740.000000251893,-37438.22491122358,5843.597258477837,-31594.627652745745,264.26892430845913,25.71182952243441,1.0320050315608758
2875000,5750.00000025393,-37301.68679573942,5665.224569868758,-31636.462225870662,256.2022563880542,26.049844967234687,1.0186140251952742
2880000,5760.000000255967,-37565.99616353327,5723.390042538557,-31842.606120994715,258.832712631773,26.166938039996474,1.0140558821681438
2885000,5770.000000258005,-37703.920112587475,5544.8537023288845,-32159.06641025859,250.75864378510005,26.434704309404623,1.003784159157308
2890000,5780.000000260042,-36959.41255588711,5530.649332129873,-31428.763223757236,250.1162700096784,26.47145252337741,1.002390685375292
2895000,5790.000000262079,-37636.206918758515,5705.537424915135,-31930.66949384338,258.0253517123346,25.96075926544208,1.0221094524423158
2900000,5800.000000264116,-37503.33222777646,5969.228596626893,-31534.103631149566,269.9504347075401,25.62901610003847,1.0353396842943166
2905000,5810.000000266154,-37370.20604099494,5738.245364929142,-31631.9606760658,259.504524855437,26.143312002761004,1.0149722971207873
2910000,5820.000000268191,-37410.04399716233,5981.592971691939,-31428.45102547039,270.50959714698536,26.072929554856962,1.0177121593474636
2915000,5830.000000270228,-37454.669715677876,5783.016623305691,-31671.653092372184,261.5292455484898,26.148542647669657,1.0147692663152126
2920000,5840.000000272265,-37133.5232063292,5605.760096350938,-31527.76310997826,253.51305455637,26.778308592453286,0.9909041620823601
2925000,5850.000000274303,-37214.39009190509,5710.656408741284,-31503.733683163802,258.25685095662743,26.190605653273504,1.0131395122766573
2930000,5860.00000027634,-37718.91220223213,5773.742167347902,-31945.170034884228,261.1098205965127,26.184933654391763,1.0133589715373348
2935000,5870.000000278377,-37489.31505329686,5939.784934179444,-31549.530119117415,268.6188841816376,26.080355868428516,1.0174223684543091
2940000,5880.0000002804145,-37007.34670544821,5802.630063343857,-31204.71664210435,262.4162373228382,26.12674159663777,1.0156160246635009
2945000,5890.000000282452,-37350.981092969065,5694.426670765686,-31656.55442220338,257.52288261368636,25.69595455749476,1.0326426044386188
2950000,5900.000000284489,-37676.39311417575,5730.206003619543,-31946.187110556206,259.1409554184207,25.785087398062903,1.0290730075160108
2955000,5910.000000286526,-37515.949706414685,5701.44302138985,-31814.506685024833,257.8401877512588,26.066497413372105,1.0179632889294699
2960000,5920.000000288564,-37426.50120183675,5860.377464478084,-31566.123737358663,265.02778683666054,26.062692566276926,1.0181118996170657
2965000,5930.000000290601,-37470.17656181522,5725.932273430835,-31744.244288384383,258.9476816471806,26.15363744602583,1.0145715865545832
2970000,5940.000000292638,-37771.885732178984,5756.924300528763,-32014.96143165022,260.34925490779943,25.885593752931236,1.0250774114378984
2975000,5950.000000294675,-37499.0472976903,5773.199464006941,-31725.847833683358,261.08527755875855,25.983148605879727,1.0212287140513538
2980000,5960.000000296713,-37416.78977359413,5664.0204759769895,-31752.76929761714,256.147802841126,26.019005356170588,1.0198213603693687
2985000,5970.00000029875,-37666.76548077069,5806.699362801707,-31860.066117968985,262.6002659858086,26.174378494760358,1.013767621764145
2990000,5980.000000300787,-37410.898402582,5716.77213139864,-31694.126271183362,258.533426390652,26.32128591697235,1.0081094640090436
2995000,5990.000000302824,-37407.27456467581,5618.155274503787,-31789.119290172024,254.07361002454726,26.256061488390337,1.0106137757759546
3000000,6000.000000304862,-37500.65598997077,5832.887199635677,-31667.768790335096,263.784576122863,26.00710039056872,1.0202881920435238
3005000,6010.000000306899,-37552.99345299312,5725.9616803522795,-31827.03177264084,258.9490115361435,26.333768096552568,1.0076316211374827
3010000,6020.000000308936,-37618.10368867057,5653.686297744196,-31964.417390926374,255.68045335682842,26.15273866330769,1.0146064540084299
3015000,6030.0000003109735,-37627.255908197854,5757.102408568513,-31870.15349962934,260.3573096073267,26.349226495405105,1.0070404701411264
3020000,6040.000000313011,-37603.16211099863,5991.683797846208,-31611.478313152424,270.9659413567619,26.75768081684171,0.991668060450381
3025000,6050.000000315048,-37574.84099713145,5788.989887507886,-31785.85110962356,261.7993784880989,26.106200912311024,1.0164151240127273
3030000,6060.000000317085,-37553.325630511434,5656.396191361092,-31896.929439150343,255.80300469626044,26.073178441305874,1.0177024445838447
3035000,6070.000000319123,-37423.2991309825,5796.478529547172,-31626.820601435327,262.1380423776033,26.154004564834985,1.0145573452053576
3040000,6080.00000032116,-37555.03425113902,5840.032631108797,-31715.00162003022,264.10771877037894,26.40186391885877,1.0050327325122719
3045000,6090.000000323197,-37320.13024798164,5769.720543185774,-31550.409704795864,260.92794798546703,26.33905769331409,1.00742926139394
3050000,6100.000000325234,-37532.44535730041,5827.960326001107,-31704.4850312993,263.56176480681575,25.656115558259433,1.0342460992402842
3055000,6110.000000327272,-37354.39359004143,5957.4099727217035,-31396.983617319725,269.41595313941025,26.519680540175468,1.000567763159496
3060000,6120.000000329309,-37500.53348199797,5749.500505896856,-31751.032976101113,260.0135236561608,26.152195419171214,1.0146275298301015
3065000,6130.000000331346,-37458.31520161144,5808.916638764423,-31649.39856284702,262.70053934614526,26.05556752558822,1.0183903080110994
3070000,6140.0000003333835,-37113.16640596807,5768.422577602256,-31344.743828365812,260.86924921596363,26.302452985528234,1.008831284762199
3075000,6150.000000335421,-37534.23579254262,5971.089100720784,-31563.146691821836,270.0345735339883,26.007040479532858,1.0202905424271638
3080000,6160.000000337458,-37310.87358947913,5787.4582960726575,-31523.415293406473,261.73011429976344,26.091774475523746,1.0169771114141575
3085000,6170.000000339495,-37530.74641122167,5565.970563568242,-31964.77584765343,251.71362578636646,26.53283630177419,1.0000716521969975
3090000,6180.0000003415325,-37320.63670279668,5767.921404911514,-31552.715297885163,260.8465843467031,26.136638241308276,1.0152314613992828
3095000,6190.00000034357,-37458.77974476899,5677.33236692054,-31781.447377848446,256.7498154276471,26.030683353832472,1.0193638437033616
3100000,6200.000000345607,-37494.584412872624,5638.321829415765,-31856.26258345686,254.98561568439388,26.151597045581326,1.0146507454798517
3105000,6210.000000347644,-37513.57690252861,5898.107711237894,-31615.46919129072,266.7340871315075,25.85713065256409,1.0262057996429892
3110000,6220.000000349682,-37361.27976083081,5660.703754215728,-31700.576006615083,255.99780850487917,26.37865144506136,1.0059171331427423
3115000,6230.000000351719,-37436.16108409655,5694.486994600124,-31741.674089496428,257.5256106789742,26.054860867658142,1.0184179287146111
3120000,6240.000000353756,-37250.49007040916,5710.774434766564,-31539.7156356426,258.26218852685366,25.86819448399864,1.0257668912378655
3125000,6250.000000355793,-37530.14592191649,5810.692266108222,-31719.45365580827,262.78083973430734,26.19355973262837,1.0130252515748908
3130000,6260.000000357831,-37495.33039418247,5734.495087633889,-31760.835306548583,259.33492354603175,26.02991478012449,1.0193939420058633
3135000,6270.000000359868,-37397.48763857304,5674.661162575509,-31722.826475997528,256.62901375914646,26.38662525352593,1.0056131537412902
3140000,6280.000000361905,-37508.816698243085,5600.610988200749,-31908.205710042337,253.28019297953492,26.03774622690904,1.0190873359985788
3145000,6290.0000003639425,-37515.99499785767,5587.414361845833,-31928.580636011837,252.68339308093573,26.24814387342001,1.0109186221223816
3150000,6300.00000036598,-37310.12797677004,5636.27307577299,-31673.854900997052,254.8929635221382,26.411355790025983,1.0046715378317834
3155000,6310.000000368017,-37640.87779674828,5747.846396908859,-31893.031399839423,259.9387187742342,26.017665146431476,1.0198738929279836
3160000,6320.000000370054,-37462.10567527762,5675.156777060748,-31786.948898216873,256.6514272659459,26.268278156184184,1.0101437665620603
3165000,6330.000000372092,-37461.63949775292,5862.134292257701,-31599.505205495218,265.1072370395028,25.991129373545398,1.0209151382546573
3170000,6340.000000374129,-37652.2146558385,5807.92613808951,-31844.288517748988,262.6557452687461,25.74771038859214,1.030566875163562
3175000,6350.000000376166,-37425.67770097647,5767.060736462716,-31658.616964513756,260.80766175928136,25.897878070856116,1.0245911794467961
3180000,6360.000000378203,-37433.41320117426,5818.307311475688,-31615.105889698574,263.12522004643455,26.286040115012415,1.0094611939146108
3185000,6370.000000380241,-37553.415839899084,5843.170968981102,-31710.24487091798,264.2496459321845,26.15405033090659,1.0145555698664133
3190000,6380.000000382278,-37537.856035872464,5559.204330473993,-31978.65170539847,251.4076318818681,26.183393774391533,1.0134185685180306
3195000,6390.000000384315,-37629.409474767,5617.814320480194,-32011.59515428681,254.0581908316994,25.83657500151123,1.0270222518362329
3200000,6400.000000386352,-37493.22681354482,5733.193285357069,-31760.03352818775,259.2760512671699,26.121621833620978,1.015815082493656
3205000,6410.00000038839,-37179.71853850283,5815.092930230845,-31364.625608271985,262.9798539241099,26.002394040115565,1.0204728609546851
3210000,6420.000000390427,-37310.199485124656,5616.639491492601,-31693.559993632054,254.00506075119173,26.724850359103066,0.9928862867795057
3215000,6430.000000392464,-37298.64306261533,5941.507150807119,-31357.13591180821,268.6967691411052,26.121261829161433,1.0158290825049177
3220000,6440.0000003945015,-37386.474238473835,5809.915611625694,-31576.558626848142,262.74571656691944,26.19336199556975,1.0130328990328072
3225000,6450.000000396539,-37209.89936254199,5696.64162869318,-31513.25773384881,257.6230511439591,26.43155622046475,1.0039037132911284
3230000,6460.000000398576,-37661.473095261965,5529.762775469712,-32131.71031979225,250.07617666228364,25.934738941756393,1.0231349348601062
3235000,6470.000000400613,-37642.6163271099,5770.426009750296,-31872.190317359604,260.95985177381783,26.27811853154589,1.0097654977061554
3240000,6480.000000402651,-37321.41090014837,5700.73037788445,-31620.680522263916,257.80795939528946,25.92653370249121,1.0234587369941448
3245000,6490.000000404688,-37465.27810978224,5858.9547372000625,-31606.323372582174,264.9634458852369,25.819193931659974,1.0277136268475988
3250000,6500.000000406725,-37302.65999877623,5833.626870128658,-31469.033128647574,263.81802673844726,26.018113085185455,1.0198563343510292
3255000,6510.000000408762,-37335.29888528094,5910.974305047488,-31424.324580233457,267.3159617466074,26.063353574937533,1.0180860786581023
3260000,6520.0000004108,-37458.061104883585,5690.347149874397,-31767.71395500919,257.33839169996526,26.050658675856354,1.0185822081489275
3265000,6530.000000412837,-37527.780735392655,5784.446598611418,-31743.334136781235,261.59391428233937,26.025581796435116,1.0195636602991296
3270000,6540.000000414874,-37241.29715421364,5840.5410717176865,-31400.75608249595,264.1307123215842,25.854179273355317,1.026322945982425
3275000,6550.0000004169115,-37276.8457448667,5598.477345145353,-31678.368399721352,253.18370180634713,26.087193262819685,1.0171557043511443
3280000,6560.000000418949,-37321.03307736736,5725.372260335239,-31595.660817032123,258.9223557987647,25.94694956401882,1.0226534480409235
3285000,6570.000000420986,-37408.61160141036,5550.84975302371,-31857.76184838665,251.02980721357238,26.308189914655497,1.008611292676053
3290000,6580.000000423023,-37269.72891792962,5730.108333631266,-31539.620584298355,259.13653842293024,26.145428011702048,1.014890153104837
3295000,6590.0000004250605,-37349.54260145291,5707.908660470346,-31641.63394098256,258.1325876907465,26.053096794798577,1.0184868864835048
3300000,6600.000000427098,-37230.68435170609,5835.031824059471,-31395.65252764662,263.8815639138507,25.810956428689472,1.028041619112332
3305000,6610.000000429135,-37542.04990678544,5716.212721667408,-31825.83718511803,258.508127828588,25.79306304882792,1.028754800760027
3310000,6620.000000431172,-37345.95863786394,5778.283129491575,-31567.67550837237,261.31517957796757,26.060022535371186,1.0182162122758056
3315000,6630.00000043321,-37472.708117882685,5921.867390256412,-31550.840727626273,267.8085870565372,26.04705732531899,1.0187230406251975
3320000,6640.000000435247,-37632.83630142907,5920.418455858642,-31712.41784557043,267.74306092293233,26.222016710015613,1.0119258839329748
3325000,6650.000000437284,-37396.660957965054,5674.219947430884,-31722.44101053417,256.60906039027094,26.382218079684044,1.005781142345313
3330000,6660.000000439321,-37530.03410012359,5676.78453854318,-31853.249561580407,256.7250406169291,26.20277855885748,1.0126688426643247
3335000,6670.000000441359,-37235.36177557838,5617.85248050742,-31617.50929507096,254.059916568245,26.57031120663573,0.9986611459470199
3340000,6680.000000443396,-37507.92460848913,5672.501165967852,-31835.423442521274,256.53133078156156,25.95364136550639,1.022389770440987
3345000,6690.000000445433,-37491.0086603691,5822.410631247047,-31668.598029122055,263.3107872328962,25.69874601099698,1.0325304365603312
3350000,6700.0000004474705,-37568.08393853523,5673.387680196158,-31894.69625833907,256.571422210032,25.91395645201258,1.0239554692053592
3355000,6710.000000449508,-37543.9401375172,5810.212303432707,-31733.727834084493,262.75913405981333,26.223239948829125,1.0118786804973947
3360000,6720.000000451545,-37281.238267999805,5527.186683668278,-31754.051584331526,249.95967633223486,26.726187914461253,0.9928365961772693
3365000,6730.000000453582,-37637.01738338472,5724.634769580744,-31912.382613803977,258.8890037589582,26.066247482998627,1.0179730494423764
3370000,6740.00000045562,-37513.61803515911,5694.592047682763,-31819.025987476347,257.5303615651008,26.1828712156186,1.0134387943656573
3375000,6750.000000457657,-37223.91929058311,5706.7546308685605,-31517.164659714548,258.0803982348353,25.97448791708839,1.02156922294244
3380000,6760.000000459694,-37239.34149738645,5988.944441664455,-31250.397055721995,270.8420576119677,26.406704177759135,1.0048485134368448
3385000,6770.000000461731,-37689.78025716426,5944.733290091027,-31745.046967073235,268.8426670051291,26.10571812499828,1.0164339211331133
3390000,6780.000000463769,-37698.27843402775,5800.151580945144,-31898.126853082606,262.3041512483787,26.116008582660374,1.016033416967301
3395000,6790.000000465806,-37526.25447878978,5780.813673851366,-31745.440804938415,261.42962008546607,26.17965018576507,1.0135634834500495
3400000,6800.000000467843,-37801.399093970256,5985.754625676594,-31815.644468293664,270.69780242076143,25.93804682577059,1.0230044542684822
3405000,6810.00000046988,-37279.23576975379,5839.172503168864,-31440.063266584926,264.06882062675277,26.42484619060092,1.0041586333708141
3410000,6820.000000471918,-37326.892952776456,5783.026351362396,-31543.86660141406,261.5296854869331,26.32186915435399,1.0080871264189297
3415000,6830.000000473955,-37124.2481974925,5797.23850799874,-31327.009689493763,262.17241139364086,26.357148428270925,1.0067377929748413
3420000,6840.000000475992,-37668.035206178705,5851.892651557386,-31816.14255462132,264.64407244219944,25.89585219884791,1.0246713347772467
3425000,6850.0000004780295,-37003.453075550795,5799.964341830408,-31203.488733720387,262.2956836081134,26.161886397586617,1.0142516879148118
3430000,6860.000000480067,-37718.95704720668,5739.026709874935,-31979.93033733174,259.539860142796,25.88575477046468,1.0250710351341032
3435000,6870.000000482104,-37877.130177270024,5854.599087099672,-32022.531090170352,264.7664673948003,25.718965533189817,1.0317186903783215
3440000,6880.000000484141,-37631.91331372723,5812.247435833553,-31819.665877893676,262.85117021949503,25.849225197304452,1.026519643635385
3445000,6890.000000486179,-37291.258567146586,5382.938883184756,-31908.31968396183,243.43626115122848,26.079224969186292,1.0174664879473871
3450000,6900.000000488216,-37795.47787895793,5682.226926031637,-32113.25095292629,256.9711653622917,25.732904319735702,1.031159837540651
3455000,6910.000000490253,-37840.257947394566,5811.764309241417,-32028.493638153148,262.82932146107436,26.0405747255735,1.0189766438499142
3460000,6920.00000049229,-37401.82423425587,5854.784604467029,-31547.039629788844,264.77485717132726,26.552379560787703,0.9993355728077202
3465000,6930.000000494328,-37697.38898552136,5767.018482842746,-31930.370502678612,260.8057508954413,25.899894237123018,1.0245114205815877
3470000,6940.000000496365,-37195.65515125853,5677.536552588041,-31518.118598670488,256.759049453252,26.018910268298804,1.0198250873756791
3475000,6950.000000498402,-37461.67060311429,5886.2271832311135,-31575.443419883177,266.1968060326068,26.15382890558385,1.0145641593656907
3480000,6960.0000005004395,-37667.91990005801,5967.454033774654,-31700.465866283357,269.870182459595,26.055985522591925,1.018373970724721
3485000,6970.000000502477,-37274.6534699638,5863.03678323184,-31411.61668673196,265.1480509950826,26.237409102763554,1.0113322292555522
3490000,6980.000000504514,-37440.8027475946,5869.011651255349,-31571.79109633925,265.41825646538035,26.250917800237037,1.0108117986468337
3495000,6990.000000506551,-37389.19110521295,5747.5910625821925,-31641.60004263076,259.92717161845627,26.54358191010594,0.9996667943178087
3500000,7000.0000005085885,-37527.72648045396,5639.672196767334,-31888.054283686626,255.04668425425513,25.65532163201881,1.0342781048853205
3505000,7010.000000510626,-37684.87475802567,5845.26434557464,-31839.610412451028,264.3443161081184,26.18401073707314,1.0133946897683654
3510000,7020.000000512663,-37486.72677233086,5699.819967625614,-31786.90680470525,257.76678730057796,25.98296188905415,1.0212360527290802
3515000,7030.0000005147,-37705.94242933805,5822.00278847878,-31883.939640859273,263.2923430854148,25.911466177097065,1.024053878558274
3520000,7040.000000516738,-37354.055268876065,5734.966110317197,-31619.08915855887,259.35622492125265,26.118720970382434,1.015927903509406
3525000,7050.000000518775,-37449.52655655693,5622.909653844241,-31826.61690271269,254.28862051525712,25.964409293672468,1.0219657662019026
3530000,7060.000000520812,-37465.9217255712,5894.109210853612,-31571.81251471759,266.553260262601,25.856368810865497,1.0262360361535847
3535000,7070.000000522849,-37389.98864339358,5875.2771477266215,-31514.71149566696,265.70160522120364,26.288078460675123,1.0093829215201726
3540000,7080.000000524887,-37699.80998702043,5456.211183930772,-32243.59880308966,246.74990362918382,26.350613393560444,1.006987467102847
3545000,7090.000000526924,-37409.42588362826,5841.687526340134,-31567.738357288126,264.1825592091163,26.278555215834945,1.0097487179127134
3550000,7100.000000528961,-37596.484267622036,5908.258891234174,-31688.22537638786,267.1931607636245,26.37962763331396,1.0058799087928725
3555000,7110.0000005309985,-37484.767368854235,5618.187396030877,-31866.579972823358,254.07506267794477,26.13422208249132,1.0153253214896643
3560000,7120.000000533036,-37569.61072363353,5778.587798535177,-31791.022925098354,261.32895783079056,26.182718027830433,1.0134447237136792
3565000,7130.000000535073,-37667.99833933007,5815.674697337836,-31852.323641992236,263.0061635687966,26.085844765934578,1.0172082857918179
3570000,7140.00000053711,-37649.26480619002,5738.118269365497,-31911.14653682452,259.49877712738476,26.09834299916442,1.0167211550034934
3575000,7150.000000539148,-37582.43439925765,5634.431417177013,-31948.002982080634,254.80967695830182,26.175437735016843,1.0137265976755865
3580000,7160.000000541185,-37651.13591098573,5768.294325265717,-31882.841585720013,260.86344917439374,26.205039530550508,1.0125814695624826
3585000,7170.000000543222,-37461.705439216086,5652.270979963201,-31809.434459252887,255.61644749006624,26.248460852187648,1.010906414178425
3590000,7180.000000545259,-37647.753093899606,5819.294534117524,-31828.458559782084,263.16986587914187,25.809508047765718,1.0280993108694625
3595000,7190.000000547297,-37183.730895453686,5779.774826104681,-31403.956069349006,261.3826395759625,25.947075418546447,1.0226484877298074
3600000,7200.000000549334,-37510.42853700188,5787.978357395187,-31722.45017960669,261.75363338230807,25.947158176848433,1.0226452259987233
3605000,7210.000000551371,-37262.19075276353,5785.450147726539,-31476.740605036986,261.6392984581155,26.308309417754156,1.0086067111511476
3610000,7220.000000553408,-37448.48932497869,5769.076809652855,-31679.412515325836,260.89883599147413,26.193088910147292,1.0130434607698422
3615000,7230.000000555446,-37544.725536567115,5854.439709018338,-31690.285827548778,264.7592597327645,26.360553356996498,1.0066077550965011
3620000,7240.000000557483,-37293.428229194054,5762.69414363452,-31530.734085559536,260.6101883985144,26.506963660098368,1.0010477917442964
3625000,7250.00000055952,-37460.60815939631,5677.007992322082,-31783.600167074226,256.7351460172795,26.103567576287993,1.0165176602868435
3630000,7260.0000005615575,-37450.82210831392,5942.225260750757,-31508.596847563163,268.7292447094831,26.083637397476203,1.0172943686280207
3635000,7270.000000563595,-37129.171123004504,5842.6274092860085,-31286.543713718496,264.2250641669522,26.367887914502727,1.0063277545712443
3640000,7280.000000565632,-37349.13862825046,5786.369945626418,-31562.768682624042,261.6808950964241,26.23140684151628,1.011563641938999
3645000,7290.000000567669,-37282.204663181925,5737.292019347466,-31544.91264383446,259.46141106777856,25.986350940904433,1.0211028665829396
3650000,7300.000000569707,-37484.34773574395,5702.776686594398,-31781.57104914955,257.90050098870546,26.19916690260249,1.0128084429719773
3655000,7310.000000571744,-37761.54669121352,5933.0345445828,-31828.512146630725,268.31360677827445,26.04881059432481,1.0186544733665823
3660000,7320.000000573781,-37758.007364743,5744.2350408315515,-32013.772323911453,259.7753999923896,26.2654000257988,1.0102544568795613
3665000,7330.000000575818,-37503.09369556655,5874.412441157289,-31628.681254409265,265.66250001514436,25.99580567801909,1.0207314890118753
3670000,7340.000000577856,-37303.74611140875,5646.046197350397,-31657.69991405835,255.33493996441442,26.31651681489853,1.0082921544832146
3675000,7350.000000579893,-37583.59417508303,5884.7931708357055,-31698.801004247325,266.1319547267387,26.159893585020455,1.0143289517424479
3680000,7360.00000058193,-37525.85100166781,5894.79116191982,-31631.05983974799,266.58410059377485,25.85841167056073,1.0261549617139492
3685000,7370.000000583967,-37426.05650065253,5827.295028571496,-31598.76147208103,263.531677614237,25.888357515852686,1.0249679772669735
3690000,7380.000000586005,-37531.374216213924,5874.405306292843,-31656.96890992108,265.6621773503766,26.156722434825028,1.0144519254621698
3695000,7390.000000588042,-37666.07926920357,5719.897062180065,-31946.182207023503,258.67474723458037,26.20277581168881,1.0126689488352183
3700000,7400.000000590079,-37648.19022075719,5789.858259360737,-31858.331961396456,261.8386494517369,26.147532146839286,1.014808483216467
3705000,7410.0000005921165,-37198.54410774143,5749.594104110765,-31448.950003630664,260.01775651106385,26.28587139522265,1.0094676732919863
3710000,7420.000000594154,-37407.286672383605,5693.7039295522345,-31713.58274283137,257.49019760228265,26.330516072098007,1.0077560715152933
3715000,7430.000000596191,-37552.48382536248,5689.702977855565,-31862.78084750691,257.3092598760294,26.25669596141278,1.0105893550652227
3720000,7440.000000598228,-37442.91005323846,5850.328951598258,-31592.581101640204,264.57335618851846,25.960985183297417,1.0221005578347429
3725000,7450.000000600266,-37704.77258328559,5804.102350420401,-31900.670232865185,262.4828195503227,26.292646887666297,1.0092075381819032
3730000,7460.000000602303,-37387.065353916434,5620.008516537332,-31767.056837379103,254.15742043396205,25.989691925347575,1.020971603434384
3735000,7470.00000060434,-37514.21227756476,5767.585920870718,-31746.62635669404,260.8314125265618,26.11320826353577,1.0161423740046769
3740000,7480.000000606377,-37342.87593157599,5748.75632811679,-31594.1196034592,259.9798692045049,26.319251702372686,1.0081873807755588
3745000,7490.000000608415,-37271.0242585756,5758.167335585291,-31512.856922990308,260.4054695171806,26.059813558432044,1.0182243774803241
3750000,7500.000000610452,-37281.58215252201,5783.680672868062,-31497.90147965395,261.55927630793013,26.17027359020038,1.0139266349788518
3755000,7510.000000612489,-37073.09869086913,5583.740662267267,-31489.35802860186,252.51725489705396,26.405329412911726,1.004900829785247
3760000,7520.0000006145265,-37431.6667305082,5912.002652255499,-31519.664078252703,267.36246738319664,26.068245736216767,1.017895017036874
3765000,7530.000000616564,-37254.94651561305,5848.825196581971,-31406.12131903108,264.5053508652561,25.80280105789254,1.0283665474245618
3770000,7540.000000618601,-37323.98027729329,5821.979672371936,-31502.00060492135,263.2912976901866,26.284064022708364,1.0095370873721372
3775000,7550.000000620638,-37430.15659831463,5973.869559793652,-31456.287038520975,270.1603161024387,26.14432666973266,1.0149329058264522
3780000,7560.0000006226755,-37099.26787718875,5871.817458460494,-31227.45041872826,265.5451453694446,26.68898134135238,0.9942206897448871
3785000,7570.000000624713,-37487.81114578945,5621.986072327912,-31865.825073461536,254.24685276792007,26.06164879981031,1.0181526748983325
3790000,7580.00000062675,-37454.37308689261,5828.616037113437,-31625.757049779168,263.59141847092843,26.397465667092046,1.0052001874887126
3795000,7590.000000628787,-36914.81973042263,5851.535750518688,-31063.28397990394,264.6279320667749,26.2766475150835,1.0098220262899267
3800000,7600.000000630825,-37324.27319057743,5556.360734072973,-31767.912456504455,251.27903401161367,25.97037042483767,1.021731188416564
3805000,7610.000000632862,-37447.20913691186,5765.056899687715,-31682.15223722414,260.7170409027104,25.946471117609978,1.0226723055135827
3810000,7620.000000634899,-37437.98383750967,5759.791735868324,-31678.192101641347,260.47893086238554,26.456126527624072,1.0029713688465176
3815000,7630.000000636936,-37624.9368511769,5804.144911040968,-31820.791940135932,262.484744297857,26.023093412351695,1.0196611531661044
3820000,7640.000000638974,-37490.711600316914,5786.064397744686,-31704.64720257223,261.66707709931404,26.238316105111352,1.0112972696681053
3825000,7650.000000641011,-37624.501035341615,5724.90142179743,-31899.599613544186,258.90106275127937,26.347945731255084,1.0070894220155888
3830000,7660.000000643048,-37218.53281497397,5723.259627387875,-31495.2731875861,258.82681477980617,26.420760671497103,1.0043139093422713
3835000,7670.0000006450855,-37394.194310658735,5778.596517100681,-31615.597793558052,261.32935211633514,26.18071363352776,1.0135223129978648
3840000,7680.000000647123,-37516.98545689718,5739.4562720707345,-31777.529184826446,259.5592865225389,25.938625146914983,1.022981645615234
3845000,7690.00000064916,-37220.44438359071,5772.816518055563,-31447.627865535145,261.0679593367521,26.404379114430167,1.0049369963517294
3850000,7700.000000651197,-37723.98345247292,5698.444645214475,-32025.538807258446,257.704590171294,25.483082838832132,1.0412687352470988
3855000,7710.000000653235,-37251.716254599814,5764.163395677945,-31487.55285892187,260.6766333706573,25.91033214620843,1.0240986988532574
3860000,7720.000000655272,-37312.633446486216,5779.739856603474,-31532.89358988274,261.3810581267184,26.172005233518437,1.013859549584867
3865000,7730.000000657309,-37646.244803309186,5758.0043542276735,-31888.240449081513,260.39809890176093,26.19916837538654,1.0128083860370354
3870000,7740.000000659346,-37781.44081432783,5805.57994473927,-31975.860869588556,262.549641790792,26.16892074574774,1.0139790515472247
3875000,7750.000000661384,-37142.55769724737,5638.322961824702,-31504.23473542267,254.98566689608393,26.11164059538917,1.0162033802837085
3880000,7760.000000663421,-36992.507130264945,5676.64061551814,-31315.866514746805,256.71853188928617,26.600239506005913,0.9975375384043689
3885000,7770.000000665458,-37161.1734035158,5763.68562305857,-31397.48778045723,260.6550267385433,26.283781467159834,1.0095479400839453
3890000,7780.000000667495,-37587.36209727713,5614.460613476693,-31972.901483800437,253.90652388699763,26.555174193587728,0.9992304040014589
3895000,7790.000000669533,-37417.273633217315,5884.355275669482,-31532.918357547835,266.11215149947657,26.03406884479861,1.0192312848204363
3900000,7800.00000067157,-37436.768928319674,5511.794112024,-31924.974816295675,249.2635677246691,26.493106385507186,1.0015713918811489
3905000,7810.000000673607,-37791.05423800313,5814.017542812962,-31977.03669519017,262.93122095650995,25.668290160173136,1.0337555510011738
3910000,7820.0000006756445,-37337.4070136609,5805.447728920101,-31531.9592847408,262.54366250598457,26.413969154572673,1.0045721369063612
3915000,7830.000000677682,-37488.03774287013,5589.04604177466,-31898.991701095474,252.75718363845252,25.62699607151607,1.0354212941594294
3920000,7840.000000679719,-37528.40951382312,5872.255785082171,-31656.15372874095,265.56496810870647,25.65229610062721,1.0344000916603717
3925000,7850.000000681756,-37298.720049676725,5988.989022639686,-31309.73102703704,270.8440737273582,26.375897306032225,1.0060221697829872
3930000,7860.000000683794,-37485.624190981434,5895.458934640354,-31590.165256341083,266.61429972809776,26.001392631470924,1.0205121630935767
3935000,7870.000000685831,-37414.510761910125,5878.152796350209,-31536.357965559917,265.8316526106506,26.171467090817867,1.0138803967583985
3940000,7880.000000687868,-37519.6811876351,5862.595439874304,-31657.085747760793,265.1280918279484,25.888774449569922,1.0249514703554687
3945000,7890.000000689905,-37289.607743004606,5783.131784997809,-31506.4759580068,261.5344535830534,26.384944995465567,1.0056771936552438
3950000,7900.000000691943,-37784.52891068539,5714.404060195405,-32070.124850489985,258.4263335158552,26.25959713821846,1.0104777045177469
3955000,7910.00000069398,-37345.95347238325,5550.2871333814655,-31795.666339001782,251.00436348754644,26.22339386207129,1.0118727414671833
3960000,7920.000000696017,-37391.229828618125,5777.610783307647,-31613.61904531048,261.28477361483726,26.26316683294789,1.0103403601921763
3965000,7930.0000006980545,-37361.30830265175,5749.1195487827235,-31612.188753869024,259.99629537667704,26.062009288198997,1.018138591862249
3970000,7940.000000700092,-37311.14900271541,5828.986675630789,-31482.162327084618,263.60818010557836,26.29337671523048,1.009179525519729
3975000,7950.000000702129,-37526.0935040263,5587.094868162887,-31938.998635863412,252.66894440348915,25.818795721187044,1.027729477560924
3980000,7960.000000704166,-37423.8245845544,5873.735510613913,-31550.089073940486,265.6318867304472,25.9231028404932,1.0235941893629794
3985000,7970.0000007062035,-37424.31649865082,5719.260452716093,-31705.056045934725,258.64595741714305,26.224818801535946,1.011817760824097
3990000,7980.000000708241,-37614.97316457623,5501.892874504791,-32113.08029007144,248.8157974090937,26.100643912805918,1.0166315255068816
3995000,7990.000000710278,-37659.1698089982,5684.611773142848,-31974.558035855356,257.0790169052442,26.20993777017635,1.0123922334520388
4000000,8000.000000712315,-37198.869129386054,5695.886918379808,-31502.982211006245,257.5889203724741,25.917440506741997,1.023817819930375
4005000,8010.000000714353,-37297.10606554956,5763.0554853815465,-31534.050580168012,260.62652959907473,26.082480949438683,1.017339473542636
4010000,8020.00000071639,-37506.37870332341,5757.595190599881,-31748.78351272353,260.37959502016196,26.100910237050236,1.0166211521666295
4015000,8030.000000718427,-37739.53260988091,5709.782187793063,-32029.750422087847,258.2173154754203,26.20794110893321,1.0124693629116552
4020000,8040.000000720464,-37520.95985541906,5703.554068625161,-31817.405786793897,257.9356570584959,26.087080854457362,1.0171600872411881
4025000,8050.000000722502,-37804.26683755246,5801.9011590112395,-32002.36567854122,262.3832735925563,25.642296324349452,1.034803478680296
4030000,8060.000000724539,-37460.47070394452,5814.022785655037,-31646.447918289483,262.931458057079,26.226292526065837,1.01176090411618
4035000,8070.000000726576,-37585.36067941933,5774.067633957013,-31811.29304546232,261.12453939161156,25.818640814563764,1.0277356437299396
4040000,8080.0000007286135,-37495.39411786242,5876.376355224392,-31619.017762638032,265.75131542027765,25.931771998736505,1.023251995238916
4045000,8090.000000730651,-37194.38441050217,5685.339479840571,-31509.0449306616,257.11192647407876,25.93571290348233,1.0230965131567686
4050000,8100.000000732688,-37164.813378911145,5917.658804986036,-31247.15457392511,267.61825937770044,26.56529703284199,0.99884964226011
4055000,8110.000000734725,-37323.33665963306,5789.785361278136,-31533.551298354923,261.83535273277755,26.450728538018286,1.0031760523967705
4060000,8120.000000736763,-37671.1714172601,5747.42666707911,-31923.744750180987,259.9197370501862,26.557623109343137,0.9991382635614215
4065000,8130.0000007388,-37382.41600631887,5731.261875707451,-31651.154130611416,259.18870583114364,26.44364848702737,1.0034446438359328
4070000,8140.000000740837,-37521.72151120919,5704.566891002895,-31817.154620206293,257.9814606052567,25.827966127717552,1.0273645747626932
4075000,8150.000000742874,-37721.78666599997,5887.962904925256,-31833.823761074716,266.2753017407674,26.336061776276384,1.0075438637408713
4080000,8160.000000744912,-37418.24452352443,5702.859272488604,-31715.385251035827,257.90423582607696,25.98165857574032,1.0212872808113909
4085000,8170.000000746949,-37511.08575897395,5781.3505021714245,-31729.73525680253,261.4538974332032,25.832110789279202,1.0271997381181945
4090000,8180.000000748986,-37423.19965439052,5881.923774661887,-31541.27587972863,266.0021900960278,25.706831499101284,1.0322056780399187
4095000,8190.000000751023,-37777.2724637872,5695.39896540731,-32081.873498379893,257.5668533474121,25.962084232103706,1.0220572894134576
4100000,8200.00000075306,-37238.281204825835,5804.213887927938,-31434.067316897897,262.48786368595233,26.132028792990138,1.0154105388444112
4105000,8210.000000755097,-37278.121452854735,5776.851983861518,-31501.269468993218,261.2504579177548,26.251606497341548,1.0107852805303519
4110000,8220.000000757134,-37397.63008034311,5755.302795739837,-31642.32728460327,260.2759245074696,26.284351818874317,1.009526033612656
4115000,8230.000000759172,-37267.1428113411,5946.256320632792,-31320.88649070831,268.91154403842864,26.307954064496734,1.0086203348513938
4120000,8240.000000761209,-37466.53130626604,5825.847218072025,-31640.68408819402,263.4662023074399,25.705806147843443,1.0322468505821936
4125000,8250.000000763246,-37740.53033937576,5771.25376993278,-31969.276569442976,260.99728612860554,26.168596042847035,1.0139916331140293
4130000,8260.000000765283,-37403.55340675399,5631.602977072906,-31771.950429681085,254.68176451144404,26.073260185984644,1.017699253891203
4135000,8270.00000076732,-37355.641663617535,5547.6795207496425,-31807.96214286789,250.88643766981056,26.066022065291843,1.0179818528244116
4140000,8280.000000769358,-37448.910468206275,5798.910613159683,-31649.999855046593,262.24803012858564,26.265225776718665,1.0102611591219601
4145000,8290.000000771395,-37389.43146746248,5716.962526268874,-31672.4689411936,258.54203674576803,26.239897388401985,1.0112363263095732
4150000,8300.000000773432,-37395.46922480881,5837.317644172464,-31558.151580636346,263.98493709234054,26.330184643348275,1.0077687565510933
4155000,8310.00000077547,-37503.33331811538,5921.873141431863,-31581.46017668352,267.808847145808,25.797918205932334,1.028561189549241
4160000,8320.000000777507,-37256.5581502958,5637.0654678735455,-31619.492682422257,254.92879840239806,26.11765351011945,1.0159694257183836
4165000,8330.000000779544,-37461.341369437716,5831.839652646656,-31629.50171679106,263.7372022016795,26.329894020176162,1.0077798800653985
4170000,8340.000000781582,-37689.24476207914,6055.755858998743,-31633.4889030804,273.8635152192387,25.89402662109177,1.0247435760405887
4175000,8350.000000783619,-37400.130257826364,5826.362777779067,-31573.767480047296,263.48951781040324,26.065453644265013,1.0180040524108058
4180000,8360.000000785656,-37345.34544512459,5661.2263709596955,-31684.119074164897,256.0214431529641,26.319589098701783,1.008174456610214
4185000,8370.000000787693,-37336.62077804303,5486.3414539768855,-31850.27932406614,248.1125050717555,26.067463635248785,1.0179255568964194
4190000,8380.00000078973,-37346.694729129566,5865.448749802656,-31481.245979326908,265.25712897957453,26.322247879668794,1.0080726220302452
4195000,8390.000000791768,-37372.51982109393,5523.845866646219,-31848.67395444771,249.80859231982282,26.097433283343676,1.0167565963172023
4200000,8400.000000793805,-37223.845738866294,5810.461435428134,-31413.38430343816,262.7704007233992,26.253402062436287,1.0107161492701942
4205000,8410.000000795842,-37518.982794216005,5796.738058561625,-31722.244735654378,262.1497792325648,26.133898867588197,1.0153378786774412
4210000,8420.00000079788,-37755.6059421389,5973.534714276984,-31782.071227861918,270.14517315870296,26.00322190803542,1.0204403720289799
4215000,8430.000000799917,-37364.428069216825,5922.992012928732,-31441.436056288094,267.8594466231228,26.062321536555682,1.0181263937124512
4220000,8440.000000801954,-37434.97826027671,5700.55431519344,-31734.42394508327,257.79999719394226,26.16890547626727,1.0139796432010613
4225000,8450.000000803991,-37847.63181775635,5692.600516601657,-32155.031301154697,257.44029721719124,26.134790405575835,1.0153032423832495
4230000,8460.000000806029,-37317.29087977933,5673.073409496872,-31644.217470282456,256.55720973508403,25.947654293901984,1.022625673104631
4235000,8470.000000808066,-37486.49166344441,5820.308260637544,-31666.183402806866,263.2157103145366,26.52754718730766,1.0002710484474628
4240000,8480.000000810103,-37372.927586691505,5818.513371688912,-31554.414215002595,263.13453884588,26.395351359761218,1.0052807055351063
4245000,8490.00000081214,-37631.24804055003,5813.492466747758,-31817.755573802275,262.90747508888876,26.047033125339947,1.0187239871082812
4250000,8500.000000814178,-37284.09535880479,5845.011663435168,-31439.083695369623,264.3328888939835,26.3586687095798,1.0066797276504331
4255000,8510.000000816215,-37679.38274861012,5816.195858128839,-31863.186890481284,263.0297323733425,26.22105705607297,1.0119629190022363
4260000,8520.000000818252,-37585.4814191275,5765.108545528987,-31820.372873598513,260.71937651728376,26.18057389580258,1.013527722631091
4265000,8530.00000082029,-37558.55079884716,5801.71247958035,-31756.838319266808,262.37474081590614,26.46523421484599,1.0026262084959296
4270000,8540.000000822327,-37212.53679539413,5605.844021899081,-31606.69277349505,253.51684997781143,26.16745053105611,1.0140360218239743
4275000,8550.000000824364,-37484.27895432509,5975.9235712398195,-31508.355383085272,270.2532060418691,26.216910432768916,1.0121229771079971
4280000,8560.000000826401,-37743.51401846725,5554.209380627806,-32189.304637839443,251.1817419095721,26.0353766843405,1.0191800856005142
4285000,8570.000000828439,-37454.27966130251,5724.2523250831,-31730.027336219413,258.87170821453077,25.979919355014246,1.0213556506928285
4290000,8580.000000830476,-37194.81738601135,6046.502168853481,-31148.315217157873,273.445029373551,26.060386381843983,1.0182019962786997
4295000,8590.000000832513,-37325.33889373563,5645.772589698849,-31679.56630403678,255.32256642179007,26.374544646778098,1.0060737651836296
4300000,8600.00000083455,-37230.36089851003,5738.808552638395,-31491.552345871634,259.52999427153895,26.23649245251057,1.0113675631686305
4305000,8610.000000836588,-37574.543071704065,5777.249868030565,-31797.2932036735,261.2684517008138,26.354955512560732,1.0068215605653885
4310000,8620.000000838625,-37619.89490374623,5658.960509325861,-31960.93439442037,255.91897257018448,26.09381323395377,1.0168976530904372
4315000,8630.000000840662,-37393.04988020718,5669.843601855358,-31723.206278351823,256.41114597445994,26.064242240908413,1.0180513667932733
4320000,8640.0000008427,-37627.52945436348,5870.185567397698,-31757.343886965784,265.47134526367444,25.912786833407264,1.0240016872125344
4325000,8650.000000844737,-37430.64138156678,5584.451829895861,-31846.189551670916,252.54941650845504,26.010409782948717,1.0201583773271727
4330000,8660.000000846774,-37613.46149896489,5771.017761899909,-31842.443737064983,260.9866129787945,26.24433128572144,1.0110654811092232
4335000,8670.000000848811,-37501.673078949796,5810.3369079004615,-31691.336171049334,262.76476913136275,25.987896642639004,1.0210421336773967
4340000,8680.000000850849,-37527.63685522876,5956.898268370034,-31570.738586858726,269.3928119897728,26.074300164124637,1.017658662773878
4345000,8690.000000852886,-37573.21731624629,5606.023587000346,-31967.193729245948,253.5249705710104,25.885054989006104,1.0250987470977986
4350000,8700.000000854923,-37449.9004244062,5627.841674850359,-31822.058749555843,254.51166461434565,26.17075418505886,1.0139080154188573
4355000,8710.00000085696,-37566.93257816189,5747.171571021853,-31819.761007140038,259.9082006698259,26.224917408424233,1.0118139563430628
4360000,8720.000000858998,-37359.4890310945,5748.308519604524,-31611.180511489973,259.95961765933527,26.12552769492919,1.0156632144482203
4365000,8730.000000861035,-37530.319956581,5851.450711711652,-31678.869244869347,264.6240862996788,26.109443682265308,1.016288886147787
4370000,8740.000000863072,-37447.42845316402,5642.9300406923085,-31804.498412471716,255.19401591855984,26.060685487292485,1.0181903101024128
4375000,8750.00000086511,-37673.322751327374,5820.77137575738,-31852.551375569994,263.2366540807026,26.175147614004793,1.0137378336537286
4380000,8760.000000867147,-37238.326015347586,5810.508748431145,-31427.81726691644,262.77254039111733,26.122884008805954,1.0157660015197019
4385000,8770.000000869184,-37074.396448520296,5661.318006497167,-31413.07844202313,256.0255872484321,26.089126882134718,1.0170803169330367
4390000,8780.000000871221,-37615.55540643221,6014.484442499031,-31601.070963933184,271.9970702264319,25.76652279170765,1.02981444769596
4395000,8790.000000873259,-37518.649917800016,5744.97214328734,-31773.677774512675,259.8087344719029,26.01198109772583,1.020096752265734
4400000,8800.000000875296,-37570.08789814738,5812.82190707728,-31757.2659910701,262.87714991845627,26.12275123757365,1.0157711642417493
4405000,8810.000000877333,-37439.96263393783,5752.028620754721,-31687.93401318311,260.1278542926616,26.030498726489625,1.019371073777585
4410000,8820.00000087937,-37477.82596108459,5608.0878911102545,-31869.738069974337,253.6183259824874,26.45251975680287,1.003108122845793
4415000,8830.000000881408,-37481.2414770969,5857.222976870539,-31624.018500226357,264.8851293245295,25.837662971872465,1.0269790060608102
4420000,8840.000000883445,-37545.17898717221,5739.852915491359,-31805.326071680847,259.5772241943985,26.108015884864784,1.016344465041113
4425000,8850.000000885482,-37249.97267504205,5629.88596219847,-31620.086712843582,254.60411479435746,26.242640871056906,1.0111306086977332
4430000,8860.00000088752,-37370.604236258005,5820.717345203012,-31549.886891054994,263.2342106206469,26.034844726604046,1.019200910027818
4435000,8870.000000889557,-37293.2353877637,5778.63991383643,-31514.59547392727,261.331314676068,26.38386483146395,1.0057183664064224
4440000,8880.000000891594,-37658.30169107153,5808.317649624207,-31849.984041447322,262.673450857881,26.103793019895054,1.0165088812022178
4445000,8890.000000893631,-37317.1158141089,5683.572554555204,-31633.5432595537,257.03201962495086,26.226011928488134,1.0117717291573523
4450000,8900.000000895669,-37607.26606090652,5924.561764253216,-31682.704296653304,267.93043654176427,25.927888446199347,1.0234052608197406
4455000,8910.000000897706,-37466.51854189264,5844.135255827395,-31622.383286065247,264.29325452400263,25.992564445976768,1.0208587726285288
4460000,8920.000000899743,-37670.8104159106,5892.247819000949,-31778.56259690965,266.46908128844154,25.824391274345732,1.027506792160004
4465000,8930.00000090178,-37563.06852265427,5756.389874555043,-31806.678648099227,260.3250862029845,25.97935187167086,1.0213779608075033
4470000,8940.000000903818,-37201.070558384534,5817.9114764836995,-31383.159081900834,263.1073189346862,26.05785579181796,1.0183008782372478
4475000,8950.000000905855,-37456.542104166125,5860.279068714359,-31596.263035451768,265.0233370189394,26.334095981391705,1.0076190751540457
4480000,8960.000000907892,-37515.89834147287,5634.770118164922,-31881.12822330795,254.82499426060346,25.9590164766653,1.0221780729497205
4485000,8970.00000090993,-37433.28609911543,5697.795696170674,-31735.490402944757,257.67524231274894,26.197276172061073,1.0128815401841893
4490000,8980.000000911967,-37519.192424675886,5785.794062787961,-31733.398361887925,261.6548515599662,26.293006265871753,1.0091937441261631
4495000,8990.000000914004,-37452.62327539787,5709.039449712258,-31743.58382568561,258.18372613225114,26.1742821708513,1.013771352527784
4500000,9000.000000916041,-37450.67108351557,5635.947927277068,-31814.7231562385,254.8782591132857,26.17184564866171,1.0138657316720279
4505000,9010.000000918079,-37627.022295225215,5771.75283971451,-31855.269455510705,261.01985589659927,25.819389490974572,1.0277058428148842
4510000,9020.000000920116,-37391.1391399415,5780.121945342937,-31611.017194598564,261.3983375824546,26.654279239545986,0.9955150990696893
4515000,9030.000000922153,-37670.20667957764,5773.004714406658,-31897.20196517098,261.0764702667602,26.09612030603028,1.0168077525169956
4520000,9040.00000092419,-37381.05803825168,5849.824494529652,-31531.233543722024,264.5505427876314,26.094144512834383,1.0168847430402133
4525000,9050.000000926228,-37477.963327268924,5730.419701891334,-31747.54362537759,259.1506196389197,26.302242555292704,1.0088393558840592
4530000,9060.000000928265,-37314.070137604656,5910.498453806844,-31403.57168379781,267.29444200629445,26.486943444935932,1.0018044359460052
4535000,9070.000000930302,-37657.108541139016,5758.936158622081,-31898.172382516936,260.4402385178371,26.115552721876085,1.016051152367936
4540000,9080.00000093234,-37570.36306106645,5702.706857642779,-31867.65620342367,257.8973430671182,26.012949839704966,1.0200587630890823
4545000,9090.000000934377,-37443.13515067082,5859.60268087729,-31583.532469793532,264.9927482774141,26.139937641662954,1.015103318207446
4550000,9100.000000936414,-37551.50454852626,5568.173973196072,-31983.330575330187,251.81327206012577,25.99734755270223,1.0206709505266314
4555000,9110.000000938451,-37638.30271346593,5650.257215412163,-31988.045498053765,255.52537766301043,25.93350459520275,1.02318363260075
4560000,9120.000000940488,-37534.1194093962,5614.303430577723,-31919.815978818475,253.8994154991685,25.92424426170565,1.023549121429315
4565000,9130.000000942526,-37333.382144189316,5658.140809538785,-31675.24133465053,255.881902736073,25.838183046249043,1.0269583348911162
4570000,9140.000000944563,-37430.4899599189,5659.318046062798,-31771.171913856102,255.9351416942175,26.67894393011961,0.9945947451027468
4575000,9150.0000009466,-37292.3285333658,5643.881656536396,-31648.446876829403,255.23705148113334,26.996453632316864,0.9828971537959206
4580000,9160.000000948638,-37612.59429188261,5790.805577843807,-31821.788714038805,261.8814906718664,26.308401695844058,1.008603173410549
4585000,9170.000000950675,-37460.00307101562,5782.474515485183,-31677.528555530436,261.50472944235725,26.312036127448327,1.0084638569687558
4590000,9180.000000952712,-37481.35690189128,5931.712531631383,-31549.6443702599,268.2538204984986,26.48510697581836,1.001873900755422
4595000,9190.00000095475,-37436.71685198011,6031.902082291137,-31404.814769688976,272.78475985120446,26.44278174182907,1.0034775348848133
4600000,9200.000000956787,-37382.34051014197,5937.138134859746,-31445.202375282224,268.49918619799195,26.24100924228363,1.011193479366291
4605000,9210.000000958824,-37573.244668091764,5886.246508376875,-31686.998159714887,266.1976799866554,26.18505227751603,1.013354380833985
4610000,9220.000000960861,-37461.22891627589,5716.889690562934,-31744.339225712956,258.5387428477103,26.236320190066845,1.0113742036062634
4615000,9230.000000962898,-37537.15456603001,5713.939463045092,-31823.21510298492,258.40532272682935,26.096569413054294,1.0167902538375142
4620000,9240.000000964936,-37675.110159101845,5620.440230299135,-32054.66992880271,254.1769441154196,26.268880674541492,1.0101205973158935
4625000,9250.000000966973,-37409.55322679791,5944.941665985675,-31464.61156081223,268.8520905281911,26.122523384504436,1.0157800242808037
4630000,9260.00000096901,-37454.771435649905,5755.311689871851,-31699.459745778055,260.2763267327764,26.00598116622824,1.0203321023798249
4635000,9270.000000971047,-37590.639709137446,5794.496250638307,-31796.143458499137,262.0483964468943,26.202266730387347,1.0126886238821033
4640000,9280.000000973085,-37119.19784255828,5885.257655394641,-31233.940187163636,266.15296042396903,26.109098214163176,1.01630233339096
4645000,9290.000000975122,-37728.606669482884,5615.456977604078,-32113.149691878807,253.95158313124682,25.901342084077815,1.0244541518989214
4650000,9300.00000097716,-37495.38983699178,5698.988440378211,-31796.401396613568,257.72918258528284,26.636930785691995,0.9961634713576271
4655000,9310.000000979197,-37473.61720291911,5706.436254002645,-31767.180948916463,258.0660000639555,26.289600116322433,1.0093244979147913
4660000,9320.000000981234,-37690.54331626074,5792.049574029839,-31898.493742230898,261.93774874705275,25.874092245712564,1.025533077095089
4665000,9330.000000983271,-37339.872199030986,5840.943423233819,-31498.92877579717,264.1489081344815,26.14181783564916,1.015030309085958
4670000,9340.000000985308,-37348.26608167611,5885.398037094254,-31462.86804458186,266.1593089998733,25.842577090259354,1.026783719948322
4675000,9350.000000987346,-37646.366096166756,5713.86723495595,-31932.498861210806,258.40205630743424,25.931329154377682,1.0232694699071465
4680000,9360.000000989383,-37414.727748087585,5701.99656677501,-31712.731181312574,257.8652211060609,26.14340994253367,1.0149684947799198
4685000,9370.00000099142,-37356.41381610315,5659.213081037286,-31697.200735065864,255.9303947903576,26.083541941471292,1.017298091544811
4690000,9380.000000993457,-37387.52921689838,5813.40822548235,-31574.120991416028,262.90366538955334,26.273173602750436,1.0099555477763054
4695000,9390.000000995495,-37420.34533869995,5710.494140168442,-31709.851198531513,258.2495125759524,25.980321362238378,1.021339846717802
4700000,9400.000000997532,-37499.83000613076,5758.564747578862,-31741.2652585519,260.423441946731,25.884896762646758,1.0251050132090453
4705000,9410.00000099957,-37488.70234452651,5755.134215680367,-31733.568128846142,260.26830069819505,26.36789985154856,1.0063272989953134
4710000,9420.000001001607,-37324.82227028002,5636.264500701075,-31688.557769578943,254.89257572590063,26.197464543474876,1.0128742571157299
4715000,9430.000001003644,-37237.349823990175,5633.338489747406,-31604.01133424277,254.76025076696902,26.193487515031407,1.013028044568733
4720000,9440.000001005681,-37458.95121546111,5927.12068302515,-31531.830532435957,268.0461602443639,26.008429947203066,1.0202360346877193
4725000,9450.000001007718,-37245.177288013394,5941.700311116611,-31303.47697689678,268.70550455953855,26.202680984326648,1.0126726136787207
4730000,9460.000001009756,-37420.63592481899,5697.412909224318,-31723.223015594675,257.6579312815333,26.521964976336818,1.0004815805111862
4735000,9470.000001011793,-37409.652593464845,5905.854732713146,-31503.7978607517,267.0844358878133,26.338755342560745,1.0074408259873369
4740000,9480.00000101383,-37438.7589531665,5811.602927080432,-31627.156026086068,262.8220231671982,25.810729205646403,1.0280506694085572
4745000,9490.000001015867,-37500.783912912026,5680.301530838672,-31820.482382073355,256.88409192207894,26.00138798240648,1.0205123455617904
4750000,9500.000001017905,-37382.05135649446,5888.813646176354,-31493.23771031811,266.3137753838588,25.918633472384716,1.0237706963239208
4755000,9510.000001019942,-37329.20405602984,5924.004035690471,-31405.20002033937,267.9052140083122,26.23470901179659,1.0114363161358597
4760000,9520.00000102198,-37323.31640731595,5750.944774532959,-31572.37163278299,260.07883878689154,26.51854308557289,1.0006106803138708
4765000,9530.000001024016,-37528.39892381381,5672.871932293762,-31855.526991520048,256.54809819618373,25.68588693394378,1.03304735032226
4770000,9540.000001026054,-37529.56725279825,5684.389797744998,-31845.177455053257,257.0689783627133,26.21562278233984,1.0121726902350348
4775000,9550.000001028091,-37460.409234486506,5817.547801684657,-31642.86143280185,263.09087222494736,26.25816672742411,1.0105327501814823
4780000,9560.000001030128,-37686.438917413594,5601.0397040196,-32085.399213393994,253.29958108300454,25.84155528542633,1.0268243201581748
4785000,9570.000001032166,-37687.74264479179,5854.662651927982,-31833.079992863808,264.76934202973126,26.031543551087847,1.0193301594164943
4790000,9580.000001034203,-37537.98839877545,5828.252084023017,-31709.736314752434,263.5749591758316,26.179380566678425,1.0135739220492352
4795000,9590.00000103624,-37631.18803872066,5562.3925294539895,-32068.795509266674,251.55181394604142,25.91058487705929,1.0240887098338374
4800000,9600.000001038277,-37431.08475086705,5732.4497065995,-31698.635044267547,259.24242390551075,25.869136252049824,1.0257295481090993
4805000,9610.000001040315,-37601.329641834396,5733.883810755024,-31867.44583107937,259.30727936110816,25.973258685423563,1.0216175705622694
4810000,9620.000001042352,-37527.872864899255,5582.882643002255,-31944.990221897002,252.47845211545024,25.79655754166708,1.0286154419995142
4815000,9630.00000104439,-37257.403995161934,5728.983295359356,-31528.420699802577,259.0856600614052,26.45812326656701,1.0028956767057466
4820000,9640.000001046426,-37201.921312507926,5965.55015493838,-31236.371157569545,269.78408206803465,25.886205315823222,1.0250531939329146
4825000,9650.000001048464,-37487.50100968537,5788.656768016263,-31698.84424166911,261.7843136015533,26.524801459769304,1.000374591984545
4830000,9660.000001050501,-37631.79496693958,5671.604096625298,-31960.190870314284,256.4907620120689,25.986527949977205,1.0210959112685563
4835000,9670.000001052538,-37671.50165815026,5750.400692096589,-31921.100966053666,260.0542333813794,26.230561806369234,1.0115962301403965
4840000,9680.000001054575,-37437.2013452664,5778.70012509903,-31658.501220167374,261.334037650444,26.400531542134175,1.0050834543024039
4845000,9690.000001056613,-37441.399233015916,5783.324039716527,-31658.075193299388,261.5431480473468,26.586304669599667,0.998060383627859
4850000,9700.00000105865,-37573.00489415538,5796.255356752866,-31776.749537402517,262.1279496844081,25.912379421992856,1.024017787238277
4855000,9710.000001060687,-37521.63990889429,5944.840422864617,-31576.799486029675,268.8475119425166,25.895048235194484,1.0247031477517732
4860000,9720.000001062725,-37500.648792934866,5538.8388953230415,-31961.809897611824,250.48663212737483,25.962735603796965,1.022031647308659
4865000,9730.000001064762,-37507.947920992076,5695.378684959035,-31812.56923603304,257.5659361910762,26.123585096332924,1.0157387410624807
4870000,9740.000001066799,-37304.31010056588,5727.909409587864,-31576.40069097802,259.0370950037687,25.953880813262074,1.0223803379812433
4875000,9750.000001068836,-37531.53892135861,5808.229911983822,-31723.30900937479,262.66948303963136,26.15523921213168,1.0145094534436558
4880000,9760.000001070874,-37517.89703427533,5741.489555241477,-31776.407479033853,259.6512390532454,25.89189420180911,1.024827972452234
4885000,9770.00000107291,-37556.969550034744,5737.849557599852,-31819.11999243489,259.4866249946975,26.2375673659617,1.0113261289692432
4890000,9780.000001074948,-37424.7846771696,5471.824015387137,-31952.96066178246,247.45597319419306,26.568457529428986,0.9987308223819974
4895000,9790.000001076985,-37631.30283911395,5589.712074694865,-32041.59076441909,252.78730409261652,25.783337908960487,1.029142833696725
4900000,9800.000001079023,-37452.60732177717,5574.274250047699,-31878.33307172947,252.08914897810197,26.36534167605046,1.006424940887119
4905000,9810.00000108106,-37509.63807104527,5753.089471853402,-31756.54859919187,260.1758298745334,26.235797563400777,1.0113943505496488
4910000,9820.000001083097,-37227.38036181502,5919.523504357704,-31307.856857457315,267.7025879300138,26.365222552652128,1.0064294881181879
4915000,9830.000001085134,-37702.53351264412,5747.92943652723,-31954.60407611689,259.9424741306784,26.17884452263877,1.0135946762219106
4920000,9840.000001087172,-37737.04191589897,5611.153468586044,-32125.888447312922,253.75696265200392,25.767149194842702,1.0297894127573382
4925000,9850.000001089209,-37812.38862336077,5731.634081370772,-32080.754541989998,259.20553833788847,26.020329736057167,1.0197694536137174
4930000,9860.000001091246,-37799.78305924703,5546.637740045579,-32253.14531920145,250.83932452120527,25.860904495879467,1.02605604695751
4935000,9870.000001093284,-37613.16406171502,5760.858696067534,-31852.305365647484,260.5271827202144,26.335525218383847,1.0075643913592758
4940000,9880.00000109532,-37416.21591748529,5724.961716818645,-31691.254200666648,258.90378951352756,26.27957271069335,1.0097096223710902
4945000,9890.000001097358,-37701.43650551591,5728.806909966325,-31972.62959554958,259.0776832662877,25.974173925882766,1.021581572276546
4950000,9900.000001099395,-37530.81580999374,5594.706349402608,-31936.109460591135,253.0131635326731,26.310492802360645,1.0085230116026949
4955000,9910.000001101433,-37153.91540326572,5586.596650845766,-31567.318752419953,252.6464131870751,26.235411105780496,1.011409248774506
4960000,9920.00000110347,-37309.41099339068,5675.475823810501,-31633.935169580178,256.6658557314325,26.131120986482713,1.01544581464813
4965000,9930.000001105507,-37112.60954317834,5825.009720902989,-31287.59982227535,263.42832761036846,26.149892476271475,1.0147168850451498
4970000,9940.000001107544,-37185.107721566616,5833.0842966127375,-31352.023424953877,263.7934895718583,26.1510645045905,1.0146714078553067
4975000,9950.000001109582,-37506.53561829079,5702.794998238943,-31803.74062005185,257.9013291085077,26.127903605020375,1.0155708563119943
4980000,9960.000001111619,-37365.00106563411,5678.548151077366,-31686.452914556743,256.804797651285,26.071056373129398,1.0177852810420176
4985000,9970.000001113656,-37216.20601148643,5803.770115728912,-31412.435895757517,262.4677946776879,25.823152716263014,1.0275560745561723
4990000,9980.000001115694,-37192.10353592097,5745.425392207263,-31446.678143713707,259.8292320522825,26.05215608764512,1.0185236626296557
4995000,9990.00000111773,-37390.682768057464,5718.411453659741,-31672.271314397723,258.607562562495,25.785803117249895,1.0290444442289595
5000000,10000.000001119768,-37736.43163731988,5492.954604495557,-32243.477032824325,248.41157602010392,25.845052816747405,1.0266853631884811
5005000,10010.000001121805,-37572.907295658115,5810.3426410173515,-31762.564654640762,262.76502840395915,26.155800486119233,1.0144876832146525
5010000,10020.000001123843,-37585.35725345925,5771.145569712593,-31814.21168374666,260.9923929173636,25.894803787591638,1.024712820975411
5015000,10030.00000112588,-37323.6663944048,5710.7068668832335,-31612.959527521565,258.2591328590765,26.046875451054294,1.0187301539353637
5020000,10040.000001127917,-37445.12950664594,5850.2500147592655,-31594.879491886677,264.56978637482223,26.28439494829245,1.0095243771061808
5025000,10050.000001129954,-37362.12240186364,5591.110534470036,-31771.011867393605,252.85054757845683,26.182242607079306,1.013463125981927
5030000,10060.000001131992,-37297.72039354401,5783.747375608293,-31513.97301793572,261.5622928507597,26.284035576499022,1.0095381799556276
5035000,10070.000001134029,-37365.06479868966,5865.3080810508545,-31499.756717638804,265.2507674221164,26.313793738867112,1.0083964973319042
5040000,10080.000001136066,-37346.916693011604,5715.8862110306045,-31631.030481981,258.4933618187234,26.209208570375036,1.0124204005068929
5045000,10090.000001138103,-37374.991396546066,5629.772754407341,-31745.218642138723,254.59899512237095,26.559025663720245,0.9990855001143495
5050000,10100.00000114014,-37441.18648889,5691.1301788860665,-31750.056310003936,257.3738031469667,26.46509691449418,1.0026314100990676
5055000,10110.000001142178,-37386.09426179889,5743.573776051141,-31642.52048574775,259.7454951710146,25.74302352958418,1.030754503537386
5060000,10120.000001144215,-37406.88875119616,5785.152323744743,-31621.736427451415,261.6258297641208,25.8702270016406,1.0256863009398813
5065000,10130.000001146253,-37460.89682265011,5763.67837029722,-31697.21845235289,260.6546987420447,25.892383820205563,1.024808593215776
5070000,10140.00000114829,-37497.796911335485,5837.923581635198,-31659.873329700287,264.0123398092616,25.835578374826007,1.0270618699848049
5075000,10150.000001150327,-37485.531929527366,5854.015936897463,-31631.515992629902,264.7400952014695,25.845702787195968,1.026659543997123
5080000,10160.000001152364,-37827.39717656795,5776.478044179356,-32050.919132388597,261.23354699231106,25.731478383369428,1.0312169803246716
5085000,10170.000001154402,-37605.21398967868,5556.015144162636,-32049.198845516046,251.2634051669454,26.622553153457734,0.9967014540204405
5090000,10180.000001156439,-37374.99666541798,5712.7381278357225,-31662.25853758226,258.3509939376484,26.193742787107478,1.0130181720669618
5095000,10190.000001158476,-37541.38209861912,5726.688793687768,-31814.693304931352,258.9818942709591,25.976514226506097,1.0214895349858788
5100000,10200.000001160513,-37457.64863174798,5538.80659871453,-31918.84203303345,250.48517155615258,26.227157070637354,1.011727552716523
5105000,10210.00000116255,-37777.70534176041,5846.8137977527085,-31930.891544007703,264.4143880248254,25.5117368100962,1.0400992153261293
5110000,10220.000001164588,-37573.75803957586,5842.283348722986,-31731.474690852876,264.2095044849849,26.450557793370137,1.0031825281370341
5115000,10230.000001166625,-37177.632457827975,5610.037621876756,-31567.59483595122,253.70649996668988,25.923607475655704,1.0235742638329166
5120000,10240.000001168662,-37532.472565376585,5498.220304245,-32034.252261131587,248.64971029715352,26.213615552355133,1.0122501943614488
5125000,10250.0000011707,-37173.20887971487,5627.934785286511,-31545.274094428358,254.51587541014754,26.033007009630666,1.0192728572604581
5130000,10260.000001172737,-37692.570959045544,5827.8314323991735,-31864.73952664637,263.5559357648701,26.246426208098896,1.01098478045746
5135000,10270.000001174774,-37368.59377658626,5809.8752427311465,-31558.718533855113,262.7438909372832,26.218404185101885,1.0120653129935973
5140000,10280.000001176812,-37201.78801561652,5677.380318870706,-31524.407696745813,256.7519839909015,26.13796660414958,1.0151798661176352
5145000,10290.000001178849,-37409.593113226496,5855.361668886311,-31554.231444340185,264.80095414320857,25.93761427392772,1.0230215145292019
5150000,10300.000001180886,-37487.09568471277,5804.756776858619,-31682.338907854148,262.51241511675494,25.749126235368198,1.0305102082004047
5155000,10310.000001182923,-37317.72933945302,5693.211403660443,-31624.517935792577,257.46792377301955,26.33738537186815,1.007493229230356
5160000,10320.00000118496,-37902.23796158773,5794.9645687285465,-32107.273392859184,262.069575510486,26.18491637099122,1.013359640406723
5165000,10330.000001186998,-37681.07007175642,5926.921691699345,-31754.14838005707,268.03716112596277,25.883449783218634,1.0251623203252993
5170000,10340.000001189035,-37352.99713768055,5716.968737571212,-31636.028400109335,258.54231764366614,25.908916461999073,1.0241546564367756
5175000,10350.000001191072,-37478.008110275005,5690.544851328831,-31787.463258946173,257.34733248564686,26.165975384032752,1.0140931896611072
5180000,10360.00000119311,-37481.98339071197,5547.221832553791,-31934.761558158178,250.86573932907348,26.24970045608045,1.0108586755945748
5185000,10370.000001195147,-37587.24995757249,5846.055106139422,-31741.194851433065,264.3800772043399,25.99539944795002,1.0207474399813579
5190000,10380.000001197184,-37755.0970547794,5711.780914236316,-32043.316140543084,258.30770522402577,25.86024984619163,1.0260820214656774
5195000,10390.000001199222,-37536.39883381108,5769.874403477378,-31766.524430333702,260.9349061127912,26.16859852271674,1.0139915370230164
5200000,10400.000001201259,-37480.42781202519,5682.591210504276,-31797.836601520914,256.9876396437092,26.025352396402067,1.0195726472259463
5205000,10410.000001203296,-37666.6893889428,5910.721466383233,-31755.96792255957,267.30452745384713,26.125665658750115,1.0156578509570209
5210000,10420.000001205333,-37185.137690812655,5733.333606527089,-31451.804084285566,259.2823971057037,26.60158964176249,0.9974869094337973
5215000,10430.00000120737,-37104.43041215678,5862.96643229728,-31241.463979859494,265.14486946751015,26.178371824538875,1.0136129785166723
5220000,10440.000001209408,-37112.49720872299,5744.263572933544,-31368.233635789446,259.77669031880475,26.160163632464066,1.014318480976888
5225000,10450.000001211445,-37231.172048942346,5836.867518277245,-31394.3045306651,263.964580746605,26.158911708682194,1.014367024641199
5230000,10460.000001213482,-37700.21602981735,5697.2581549718025,-32002.957874845546,257.6509327260143,25.874946258757614,1.0254992289619482
5235000,10470.00000121552,-37349.59664418126,5656.023085271936,-31693.573558909327,255.7861314689532,26.1878099047581,1.013247672649657
5240000,10480.000001217557,-37663.22010654758,5676.25128662067,-31986.96881992691,256.7009250070207,25.999626863412782,1.0205814713105754
5245000,10490.000001219594,-37403.63210629304,5795.875763900179,-31607.75634239286,262.11078310183615,25.89061926706245,1.0248784381741216
5250000,10500.000001221631,-37414.78727287121,5798.5020042150545,-31616.285268656156,262.229551331796,26.226863628379263,1.011738872545758
5255000,10510.000001223669,-37369.89056054009,5572.172955983089,-31797.717604556998,251.99412074505523,26.20489716082369,1.0125869708604391
5260000,10520.000001225706,-37608.336881958894,5871.184593942429,-31737.152288016463,265.5165249122117,25.991801734362106,1.0208887290298116
5265000,10530.000001227743,-37397.87895237875,5789.582817007859,-31608.29613537089,261.8261929371819,26.095429008859508,1.016834688894332
5270000,10540.00000122978,-37668.58093742193,5744.447836013477,-31924.133101408454,259.7850233718489,25.962027977002197,1.0220595040299973
5275000,10550.000001231818,-37587.21875450077,5705.815546844044,-31881.403207656724,258.0379294071565,25.95035267508629,1.0225193379842783
5280000,10560.000001233855,-37421.597535808614,5840.09781609294,-31581.499719715674,264.1106666747054,25.897365355119575,1.0246114642909885
5285000,10570.000001235892,-37634.80411022834,5716.306721264312,-31918.497388964028,258.51237883550385,26.21093167219824,1.0123538441761306
5290000,10580.00000123793,-37502.2230019405,5348.674753804258,-32153.548248136245,241.88671141102125,25.737237537028776,1.03098622762492
5295000,10590.000001239967,-37580.4889893938,5964.465600856007,-31616.023388537797,269.73503455020864,26.28842788243723,1.0093695049567841
5300000,10600.000001242004,-37440.5176438212,5799.203135835047,-31641.314507986153,262.26125907803834,26.27936514354839,1.009717597546381
5305000,10610.000001244041,-37376.313984544686,5687.546978746169,-31688.767005798516,257.2117576799936,26.261001572111475,1.0104236643421478
5310000,10620.000001246079,-37428.44469846982,5673.4790440375755,-31754.965654432246,256.57555401840693,26.02395662985827,1.0196273308933923
5315000,10630.000001248116,-37264.65814854368,5840.701111369579,-31423.957037174107,264.1379499022698,26.042080176445538,1.0189177384450205
5320000,10640.000001250153,-37599.20350815226,5805.35590543916,-31793.847602713104,262.5395099110227,26.598672457575717,0.9975963078649919
5325000,10650.00000125219,-37362.716643505795,5569.681907967978,-31793.034735537818,251.88146640728425,25.83332144530572,1.027151599300427
5330000,10660.000001254228,-37647.987137844386,5628.126816971328,-32019.860320873056,254.52455978802902,26.363725135457653,1.006486651694761
5335000,10670.000001256265,-37706.83907241415,5823.82894457162,-31883.010127842528,263.3749285691379,26.21485542694201,1.0122023183281421
5340000,10680.000001258302,-37702.007162759364,5783.4346126341015,-31918.572550125264,261.5481485606766,26.020474123853322,1.0197637949057596
5345000,10690.00000126034,-37130.03177001601,5928.286882399827,-31201.74488761618,268.0989000620896,26.363030557526304,1.0065131692612805
5350000,10700.000001262377,-37370.04272284084,5643.083611167338,-31726.9591116735,255.20096093931437,26.017671748437916,1.0198736341341115
5355000,10710.000001264414,-37521.0368978531,5701.793637247673,-31819.243260605424,257.8560438877264,26.21418060586879,1.0122283750439725
5360000,10720.000001266451,-37378.657302794985,5796.8343219415,-31581.822980853485,262.1541326160587,26.413896793644927,1.0045748889339163
5365000,10730.000001268489,-37306.081172768216,5689.061812798088,-31617.019359970127,257.28026403792677,26.570889258469546,0.9986394199934336
5370000,10740.000001270526,-37432.054327533246,5764.803637852956,-31667.250689680288,260.7055874726262,26.60265505340516,0.9974469610089283
5375000,10750.000001272563,-37519.47767267817,5895.105729705687,-31624.371942972484,266.5983265040688,26.160709921620775,1.014297299931371
5380000,10760.0000012746,-37592.17002115172,5943.8251637352205,-31648.3448574165,268.8015981968985,26.145058696289624,1.014904489067124
5385000,10770.000001276638,-37747.534026009205,5799.864298609956,-31947.66972739925,262.29115928635,26.02242485620632,1.0196873498304782
5390000,10780.000001278675,-37512.17934328018,5760.432169277145,-31751.747174003034,260.50789361264947,26.185565179331125,1.0133345320624307
5395000,10790.000001280712,-38018.697416522176,5820.065664965231,-32198.631751556946,263.2047392474817,25.88500956831116,1.0251005458492097
5400000,10800.00000128275,-37747.25608899128,5572.916956055908,-32174.33913293537,252.0277671601369,26.090297510089226,1.0170346822425729
5405000,10810.000001284787,-37642.633086887145,5907.751129975255,-31734.88195691189,267.1701979351193,26.204357200340265,1.0126078359763477
5410000,10820.000001286824,-37631.29062528475,5736.415432853521,-31894.87519243123,259.4217686079082,25.805499814251238,1.0282590001660739
5415000,10830.000001288861,-37616.33224883234,5631.623841305491,-31984.70840752685,254.68270806864996,26.141221479625237,1.0150534648302207
5420000,10840.000001290899,-37725.270576296614,5724.146537549313,-32001.1240387473,258.8669241138266,25.834775285991707,1.027093796793178
5425000,10850.000001292936,-37723.99593262378,5707.237809999202,-32016.75812262458,258.10224936924016,26.220158096957828,1.011997614189308
5430000,10860.000001294973,-37512.38173027028,5771.551257990033,-31740.83047228025,261.01073963085895,26.12376609854482,1.0157317033728093
5435000,10870.00000129701,-37363.01587195641,5758.252026642701,-31604.76384531371,260.40929955776187,26.183220665166896,1.0134252686908196
5440000,10880.000001299048,-37416.23690427962,5787.628372363676,-31628.608531915943,261.7378057741225,26.20523632552552,1.012573865321005
5445000,10890.000001301085,-37481.59937610441,5721.101198465098,-31760.49817763931,258.7292026986876,25.936868802589196,1.0230509179712126
5450000,10900.000001303122,-37495.82504019812,5721.989120027528,-31773.835920170593,258.76935777197457,26.02605068395455,1.0195452917544205
5455000,10910.00000130516,-37134.9217435819,5922.167429763987,-31212.754313817913,267.82215594474246,26.46772645615573,1.0025317996898244
5460000,10920.000001307197,-37702.47000343189,5651.203310981278,-32051.266692450612,255.5681635784806,26.344441174851426,1.0072233934162178
5465000,10930.000001309234,-37158.1385869585,5795.354496166412,-31362.784090792087,262.0872094609458,26.21398265431701,1.0122360187576438
5470000,10940.000001311271,-37652.60817029275,5550.6798697704,-32101.928300522348,251.0221244690874,25.563991254335967,1.0379731855559593
5475000,10950.000001313309,-37425.446472961965,5638.8883012114375,-31786.558171750527,255.01123361894201,26.161580584017294,1.0142635439235832
5480000,10960.000001315346,-37532.26284682595,5815.115918178936,-31717.146928647013,262.9808935235288,25.805658064750645,1.0282526944752874
5485000,10970.000001317383,-37103.5487217887,5711.6754925950345,-31391.873229193665,258.3029376703241,26.19145897041133,1.0131065042143799
5490000,10980.00000131942,-37546.69998466556,5667.380266931533,-31879.319717734026,256.2997449244327,26.205648969887434,1.012557920938287
5495000,10990.000001321458,-37519.18402774842,5765.042968186338,-31754.141059562084,260.716410869065,26.04115107956866,1.0189540914190378
5500000,11000.000001323495,-37582.19611469677,5804.030949255459,-31778.165165441314,262.47959052747615,25.916095285840026,1.023870963010611
