#"Step","Time (ps)","Potential Energy (kJ/mole)","Kinetic Energy (kJ/mole)","Total Energy (kJ/mole)","Temperature (K)","Box Volume (nm^3)","Density (g/mL)"
505000,1009.9999999899404,-35705.55024797684,6493.618052258571,-29211.93219571827,293.66525132284187,26.73945901565794,0.9923438399501546
510000,1019.999999989704,-35446.64542509642,6471.184667455075,-28975.460757641347,292.650731292048,27.28433787636537,0.9725263467277718
515000,1029.9999999894676,-35774.14930472384,6442.289754125382,-29331.859550598456,291.34399721612493,26.76692859106302,0.9913254465305831
520000,1039.9999999892311,-35748.292172091715,6575.412347502086,-29172.87982458963,297.364289682683,27.014063137989133,0.9822564381465708
525000,1049.9999999889947,-36050.506005178766,6602.979163519166,-29447.5268416596,298.6109623216767,26.552493521520503,0.9993312837561441
530000,1059.9999999887582,-35489.31599978928,6657.107255279954,-28832.208744509328,301.05883337640086,26.79825953998669,0.9901664471229672
535000,1069.9999999885217,-35722.66503176243,6468.835859570327,-29253.829172192105,292.5445095752435,27.335762461522272,0.9706968106391031
540000,1079.9999999882853,-35761.33206822381,6434.543641623538,-29326.788426600273,290.99368956693417,26.929806241477475,0.9853296826517375
545000,1089.9999999880488,-35332.050614288426,6553.843276049031,-28778.207338239394,296.3888570751464,27.08894836120834,0.9795410690725006
550000,1099.9999999878123,-35763.060139423505,6377.075483070659,-29385.984656352848,288.3947684279519,26.780248747263744,0.9908323738217314
555000,1109.9999999875758,-35791.363668154496,6565.466381139891,-29225.897287014603,296.91449656459434,26.856606508261265,0.9880152739932175
560000,1119.9999999873394,-35837.61942037859,6514.399201602855,-29323.220218775736,294.6050511995599,26.85740297949931,0.9879859738501959
565000,1129.999999987103,-35657.92726088975,6722.581982741481,-28935.34527814827,304.0198409596227,27.183187269811143,0.9761451876269304
570000,1139.9999999868664,-35701.928872300574,6372.987257078653,-29328.94161522192,288.20988383761323,26.74251507632952,0.9922304376402633
575000,1149.99999998663,-35936.53261763962,6474.038972375333,-29462.493645264287,292.7798134408616,27.001829126570936,0.9827014797185161
580000,1159.9999999863935,-35988.05945445825,6400.920278961302,-29587.139175496948,289.4731176504676,26.9297086788906,0.9853332523640547
585000,1169.999999986157,-35611.577317007286,6577.09963434237,-29034.477682664918,297.44059498891113,26.78664705104717,0.9905957019264365
590000,1179.9999999859206,-35833.594446355,6549.128882138962,-29284.465564216036,296.17565487241535,26.819732889743214,0.9893736655347368
595000,1189.999999985684,-35912.6498957749,6413.631334739635,-29499.018561035264,290.04795826469575,26.58450765560907,0.998127848803294
600000,1199.9999999854476,-35118.49186480809,6400.477369093172,-28718.01449571492,289.4530876399726,27.608259528168176,0.9611159084735096
605000,1209.9999999852112,-35873.91223213043,6595.666305243468,-29278.245926886964,298.2802480193974,26.861581246289983,0.9878322945508897
610000,1219.9999999849747,-35522.79483889976,6646.3307190058085,-28876.464119893953,300.5714788372413,26.749576652767544,0.9919685003703587
615000,1229.9999999847382,-35949.989748206935,6491.2147313602645,-29458.77501684667,293.5565643274056,26.546226097005846,0.999567220622017
620000,1239.9999999845018,-35564.76754608489,6468.934296555957,-29095.833249528936,292.5489612571706,26.876236517331954,0.9872936421241886
625000,1249.9999999842653,-35385.023475426584,6370.0335626653705,-29014.989912761215,288.07630693099094,26.98153699111224,0.9834405447891411
630000,1259.9999999840288,-36009.65597928862,6228.078612777417,-29781.5773665112,281.6565828727107,26.971966471961114,0.9837895010499937
635000,1269.9999999837923,-35696.343430513814,6667.955632219769,-29028.387798294047,301.54943681424356,27.027554055811233,0.9817661406945745
640000,1279.9999999835559,-35921.73374454288,6802.588724708459,-29119.145019834417,307.6380395968343,26.66611191626206,0.9950733545675191
645000,1289.9999999833194,-35627.12846721281,6582.611671768279,-29044.51679544453,297.68986956018307,26.973210712848548,0.9837441200556856
650000,1299.999999983083,-35943.82909406651,6555.438750942987,-29388.390343123523,296.46101030805016,26.975362846996024,0.9836656355020147
655000,1309.9999999828465,-35843.55500839233,6619.959899959632,-29223.5951084327,299.3788935726843,26.87791415608988,0.9872320182172939
660000,1319.99999998261,-35764.57341762162,6550.043624081992,-29214.52979353963,296.217022861791,26.928834068491415,0.9853652545928546
665000,1329.9999999823735,-35542.64100652623,6607.561642543579,-28935.07936398265,298.81819884891877,26.889688025666697,0.9867997506129448
670000,1339.999999982137,-35852.63084757324,6483.3842528308915,-29369.246594742344,293.2024413366783,26.864858628683944,0.987711783804301
675000,1349.9999999819006,-35826.96085399121,6402.206647541259,-29424.75420644995,289.53129196088855,26.78322221220029,0.9907223719221014
680000,1359.9999999816641,-35920.2483205487,6499.799255274572,-29420.44906527413,293.9447880191124,26.671446903292257,0.9948743138683039
685000,1369.9999999814277,-35853.69227996884,6445.385079080213,-29408.307200888627,291.4839791758692,27.091270204629005,0.979457118007478
690000,1379.9999999811912,-35732.632482295696,6203.64964425047,-29528.982838045224,280.5518152186402,27.083525049621436,0.9797372162291214
695000,1389.9999999809547,-35742.524676170615,6464.265467270224,-29278.259208900392,292.33781965405444,26.491780173126767,1.0016215318253545
700000,1399.9999999807183,-35809.47374236826,6604.910435438485,-29204.563306929776,298.6983015290332,26.606369708748698,0.9973077021876698
705000,1409.9999999804818,-35427.22944811729,6671.372160252716,-28755.857287864572,301.70394475656053,27.07428814450758,0.9800714720978083
710000,1419.9999999802453,-35715.071930431,6636.431229784711,-29078.640700646287,300.12378758612584,26.794806855912423,0.9902940364704569
715000,1429.9999999800089,-35600.57660142392,6663.963999470246,-28936.612601953675,301.3689205249972,26.82590781790211,0.9891459263153056
720000,1439.9999999797724,-35783.15733519003,6466.727550797955,-29316.429784392076,292.44916411135546,26.683032539505557,0.9944423445311842
725000,1449.999999979536,-35708.92559608622,6615.563340218643,-29093.362255867578,299.18006499808956,26.83668617135392,0.9887486580258763
730000,1459.9999999792994,-35700.07222922523,6612.397701102333,-29087.6745281229,299.0369031737865,26.990213349955305,0.9831244048995903
735000,1469.999999979063,-35833.619406719146,6395.017727778969,-29438.601678940176,289.20618261325785,26.748469788422845,0.992009548496581
740000,1479.9999999788265,-35964.29941371874,6552.039965088849,-29412.25944862989,296.30730473220393,26.81297937791801,0.9896228637553285
745000,1489.99999997859,-35902.03120833788,6403.076998868975,-29498.954209468906,289.5706524436481,26.636099964911125,0.9961945432230368
750000,1499.9999999783536,-35740.87629167779,6675.772929791856,-29065.103361885936,301.9029637136851,26.81703751309303,0.989473107342024
755000,1509.999999978117,-35623.26732513684,6594.076967677195,-29029.190357459644,298.20837233898624,27.22993480215773,0.9744693709543932
760000,1519.9999999778806,-35650.12753930549,6531.353500922557,-29118.774038382933,295.37178686689583,26.959240209641763,0.9842539044664116
765000,1529.9999999776442,-35526.60536298825,6597.604198670361,-28929.00116431789,298.3678866756389,27.291011061100203,0.9722885450590584
770000,1539.9999999774077,-35566.59411042585,6654.243764391505,-28912.35034603435,300.9293358043771,26.764689513109584,0.9914083787443465
775000,1549.9999999771712,-35889.071341353425,6466.772943029052,-29422.298398324372,292.45121691471496,27.098368366188385,0.9792005584696432
780000,1559.9999999769348,-35845.98155724719,6547.580808860654,-29298.40074838654,296.10564531461847,27.338603298556986,0.9705959425947839
785000,1569.9999999766983,-35855.97363789083,6547.1149705640755,-29308.858667326753,296.08457839640135,26.689279919117734,0.9942095672195618
790000,1579.9999999764618,-35656.43621520013,6595.30020654882,-29061.13600865131,298.2636916921993,26.83469504581304,0.9888220228508966
795000,1589.9999999762254,-35773.01429429416,6685.8321840818835,-29087.182110212278,302.3578801278363,26.659206584324213,0.9953311008659343
800000,1599.9999999759889,-35568.29630287357,6618.621431359102,-28949.674871514468,299.3183631080344,26.846643723207677,0.9883819262982857
805000,1609.9999999757524,-35955.56218618514,6351.319661013473,-29604.242525171667,287.22999558535764,26.901385866687818,0.9863706490544021
810000,1619.999999975516,-35634.33519356598,6643.611214519604,-28990.72397904638,300.4484928590104,26.851295025930845,0.9882107143123877
815000,1629.9999999752795,-35443.45884487218,6545.878529076589,-28897.58031579559,296.0286619724222,26.927883611340135,0.9854000344317151
820000,1639.999999975043,-35895.468602593326,6384.315488243396,-29511.15311434993,288.72218804541626,26.67650092109115,0.9946858291601772
825000,1649.9999999748065,-35585.85707553234,6505.830557432218,-29080.02651810012,294.2175456481684,26.86632308261937,0.9876579447134655
830000,1659.99999997457,-35845.00717093696,6534.323186158262,-29310.683984778698,295.5060869372225,27.13226002303411,0.977977411953923
835000,1669.9999999743336,-36109.71222550719,6347.176015412268,-29762.53621009492,287.0426047168037,26.556046421178458,0.9991975844953458
840000,1679.9999999740971,-35795.81868443961,6331.128856662099,-29464.68982777751,286.3168932768235,26.913700186586688,0.9859193367626288
845000,1689.9999999738607,-35874.75128827699,6405.885674920985,-29468.865613356003,289.6976710875012,26.772791597884826,0.9911083549421178
850000,1699.9999999736242,-35561.92892148268,6534.605434964235,-29027.323486518442,295.51885126457825,26.942542938762102,0.9848638823031209
855000,1709.9999999733877,-35925.81307249649,6589.296088582883,-29336.516983913603,297.9921634321062,26.71025160304255,0.993428958743512
860000,1719.9999999731513,-35686.10120304073,6649.351442937399,-29036.749760103332,300.7080870647977,26.70945547479201,0.993458569862305
865000,1729.9999999729148,-35617.7214457515,6557.92601925632,-29059.79542649518,296.57349371382855,26.882510556802178,0.9870632202197204
870000,1739.9999999726783,-35481.1130790168,6470.320143383705,-29010.792935633097,292.6116343392168,27.110702242408966,0.9787550761514319
875000,1749.9999999724419,-35924.75775796331,6331.785342972524,-29592.972414990785,286.34658199824037,26.833158348254024,0.9888786513092053
880000,1759.9999999722054,-36244.16092451842,6532.253950925171,-29711.90697359325,295.4125085222493,26.896563917887455,0.9865474831207328
885000,1769.999999971969,-35700.27664867219,6580.999653399804,-29119.276995272383,297.61696817061784,27.031228359206718,0.9816326910926403
890000,1779.9999999717324,-35902.08329457152,6435.095174082058,-29466.988120489463,291.0186318898027,26.819868070814024,0.9893686787618272
895000,1789.999999971496,-35762.084594253494,6581.890821339474,-29180.19377291402,297.65727005700353,26.74191890575462,0.9922525579148976
900000,1799.9999999712595,-35670.867004308166,6418.550818222833,-29252.316186085332,290.27043537096307,27.134886346673657,0.9778827557551408
905000,1809.999999971023,-35920.22445281924,6768.515903798934,-29151.708549020303,306.097141528123,26.536743523716,0.999924403462451
910000,1819.9999999707866,-35536.979651576345,6290.8486160139455,-29246.1310355624,284.495272895383,26.820099323079837,0.9893601480794484
915000,1829.99999997055,-35867.312795232305,6463.362977230426,-29403.949818001878,292.29700574072893,26.803846984784997,0.9899600401707273
920000,1839.9999999703136,-35709.63753407241,6583.680712358048,-29125.956821714364,297.7382155009117,26.82081250594462,0.9893338403490411
925000,1849.9999999700772,-35733.156711043936,6479.16682906188,-29253.989881982056,293.01171394848046,26.851486334363035,0.9882036736204844
930000,1859.9999999698407,-35872.32956744861,6389.745600178255,-29482.58396727035,288.96775764517224,26.868528642850077,0.9875768707137181
935000,1869.9999999696042,-35761.2122380469,6381.294261500249,-29379.91797654665,288.58555707887507,26.60215970970688,0.9974655339019525
940000,1879.9999999693678,-35797.48586415395,6679.855474946442,-29117.630389207505,302.08759139569685,26.93197266190777,0.9852504222729352
945000,1889.9999999691313,-35838.02131518501,6330.492651166679,-29507.528664018333,286.28812172832744,26.46784526611207,1.0025272994837005
950000,1899.9999999688948,-35834.8100947251,6610.38927123177,-29224.420823493332,298.9460746005695,26.62124271472909,0.9967505169511321
955000,1909.9999999686584,-35748.92341043382,6567.076386027699,-29181.847024406117,296.9873068971708,27.246392113189067,0.9738807739224749
960000,1919.999999968422,-35734.039341477685,6512.009310769211,-29222.030030708473,294.49697156095965,27.050500068319845,0.9809333421108878
965000,1929.9999999681854,-35580.439435169166,6651.162941129801,-28929.276494039364,300.79000966444266,26.77699458806302,0.9909527878687614
970000,1939.999999967949,-35851.72023176627,6621.499946869936,-29230.22028489633,299.4485401486492,27.14183397470031,0.9776324423221209
975000,1949.9999999677125,-35484.465201872656,6481.267896234304,-29003.19730563835,293.10673192062956,27.20094231734045,0.9755080220464287
980000,1959.999999967476,-35805.771027914045,6656.321924890662,-29149.449103023384,301.02331785265324,27.27284844864152,0.9729360498503229
985000,1969.9999999672395,-35868.946676498104,6436.321899338053,-29432.62477716005,291.0741089101181,27.37812713592768,0.9691947628867157
990000,1979.999999967003,-35612.89675236944,6624.147072841186,-28988.74967952825,299.56825290467737,26.66150340311212,0.9952453556947752
995000,1989.9999999667666,-35782.294816961985,6431.723227287935,-29350.57158967405,290.8661400747968,26.850018007610657,0.9882577147719787
1000000,1999.9999999665301,-35483.17378559684,6567.853966682733,-28915.319818914104,297.02247194948006,27.250958819458937,0.9737175713186382
1005000,2009.9999999662937,-35790.92860579726,6585.966100639879,-29204.96250515738,297.8415691504108,26.696569752590467,0.993938085817674
1010000,2019.9999999660572,-35731.66543087841,6674.342404731112,-29057.3230261473,301.83827011789515,26.69792431034587,0.9938876569331327
1015000,2029.9999999658207,-35845.69854322931,6509.896354570797,-29335.802188658512,294.4014159234017,26.765644388613037,0.9913730098378095
1020000,2039.9999999655843,-35919.55109292428,6605.969323702885,-29313.581769221397,298.7461883443317,26.779471231237718,0.9908611416806299
1025000,2049.999999965348,-35435.11118788673,6497.623711633514,-28937.487476253216,293.84640194759214,27.116931942575356,0.9785302221497453
1030000,2059.9999999651113,-36130.24540660802,6387.966821368545,-29742.278585239474,288.8873147361503,26.626371306152773,0.9965585296129399
1035000,2069.999999964875,-35871.190760780446,6518.25627465858,-29352.934486121867,294.779482205382,27.39324518282411,0.9686598743848494
1040000,2079.9999999646384,-36073.03036580816,6679.033792047472,-29393.99657376069,302.05043187798395,26.660896870367967,0.9952679974273334
1045000,2089.999999964402,-35536.68449694844,6620.5403512922,-28916.14414565624,299.4051437132204,26.78509120465233,0.9906532419489741
1050000,2099.9999999641655,-35487.50019826108,6732.341572927941,-28755.158625333137,304.46120546271635,26.58152091486826,0.998239999989831
1055000,2109.999999963929,-35803.09142853395,6731.584771060397,-29071.506657473557,304.426980103472,26.760812469161877,0.9915520116724925
1060000,2119.9999999636925,-35942.49295309539,6433.361386606833,-29509.131566488555,290.94022365412343,26.615270786248004,0.9969741676082501
1065000,2129.999999963456,-35758.6183377323,6442.094639364479,-29316.523698367826,291.3351734102225,26.296512317061417,1.009059190734271
1070000,2139.9999999632196,-35630.16383416228,6765.1345490862805,-28865.029285076,305.94422425249763,26.6786361378339,0.994606219774404
1075000,2149.999999962983,-35921.01774540287,6522.559275657911,-29398.458469744957,294.9740797101539,26.879996622162913,0.9871555346814864
1080000,2159.9999999627466,-35766.30508464549,6702.637614655058,-29063.667469990436,303.11788340384413,26.745395773085804,0.9921235663481933
1085000,2169.99999996251,-35761.5804889471,6506.262695585615,-29255.317793361482,294.2370885221722,26.988174744537133,0.9831986671554684
1090000,2179.9999999622737,-36011.91714672857,6694.37662821646,-29317.540518512113,302.74429126474047,27.122020898326202,0.9783466186852373
1095000,2189.9999999620372,-35503.03157630647,6453.8370920507,-29049.19448425577,291.8662102361483,26.90337888255712,0.986297578219502
1100000,2199.9999999618008,-36021.53765187297,6560.868763943846,-29460.66888792912,296.7065754336474,27.125954078435978,0.9782047614274261
1105000,2209.9999999615643,-35984.477332349976,6504.110862818586,-29480.36646953139,294.1397747434361,26.27533413229526,1.0098725026363675
1110000,2219.999999961328,-35396.724528603285,6730.009362923127,-28666.715165680158,304.3557343629858,27.18143320381195,0.9762081800037876
1115000,2229.9999999610914,-35200.341934293385,6716.844848759636,-28483.49708553375,303.7603866955911,27.47035589072882,0.9659407960835045
1120000,2239.999999960855,-35807.712314823606,6629.584296871618,-29178.12801795199,299.81414413950915,26.355907607074155,1.0067851896197129
1125000,2249.9999999606184,-35852.488567934975,6361.3478222012045,-29491.14074573377,287.6835058552568,26.773279165397778,0.9910903058928138
1130000,2259.999999960382,-35641.925991936165,6493.714280738435,-29148.211711197728,293.6696031280291,26.99021490132001,0.983124348390796
1135000,2269.9999999601455,-35466.82498732762,6546.559217892102,-28920.26576943552,296.0594452199849,27.154536620923608,0.9771751147225157
1140000,2279.999999959909,-35749.90537495863,6547.669797325294,-29202.235577633335,296.1096696997337,26.81383229787955,0.9895913848870517
1145000,2289.9999999596726,-35814.06938080761,6342.5120318711615,-29471.557348936447,286.8316822560519,26.764243907248925,0.991424884997443
1150000,2299.999999959436,-35445.326280673995,6898.256057791135,-28547.07022288286,311.9644676662121,27.27727384633424,0.9727782031030845
1155000,2309.9999999591996,-35491.249480256636,6581.7606292456785,-28909.48885101096,297.6513822924881,26.665851570913,0.995083069716467
1160000,2319.999999958963,-36101.616602939204,6453.758571586591,-29647.858031352614,291.862659252453,26.472703004298186,1.0023433358308567
1165000,2329.9999999587267,-35803.451198133946,6339.349258822778,-29464.101939311167,286.68865004586405,26.754329700940655,0.9917922719198176
1170000,2339.99999995849,-35542.72827653531,6634.936758984766,-28907.79151755054,300.056202129216,27.150730270366587,0.977312108129514
1175000,2349.9999999582537,-35618.704590847265,6702.636099660346,-28916.068491186918,303.11781489022053,27.04528448757761,0.9811225113929074
1180000,2359.9999999580173,-36005.73827582691,6385.503805486097,-29620.234470340813,288.7759281143456,26.592717940235016,0.9978196849762578
1185000,2369.999999957781,-35448.27753824819,6487.441793109208,-28960.835745138982,293.3859382063734,27.005812146608275,0.982556543522441
1190000,2379.9999999575443,-35894.206472998856,6574.298471733363,-29319.908001265492,297.31391613053813,26.895712039587597,0.9865787304210983
1195000,2389.999999957308,-35747.652297464156,6617.222398610883,-29130.429898853272,299.25509371024907,27.07189358661008,0.9801581611901735
1200000,2399.9999999570714,-35859.09156349739,6522.218613674074,-29336.87294982332,294.9586737244161,26.766936595822322,0.991325150070749
1205000,2409.999999956835,-35479.262795129216,6526.268732779049,-28952.994062350168,295.14183498140386,26.75533002957771,0.9917551907770877
1210000,2419.9999999565985,-35925.79977791596,6507.336327761662,-29418.4634501543,294.28564211129145,26.720893101977037,0.993033329257416
1215000,2429.999999956362,-35758.74570789229,6407.67173207953,-29351.07397581276,289.77844315018183,27.248894953667982,0.9737913219198613
1220000,2439.9999999561255,-35908.590575400034,6682.395695363802,-29226.194880036233,302.2024694900468,26.181866788357453,1.0134776733944442
1225000,2449.999999955889,-35710.30030561637,6353.316422725154,-29356.983882891218,287.32029648158743,26.430865686089714,1.0039299413394824
1230000,2459.9999999556526,-35822.27701360841,6517.635706943023,-29304.641306665384,294.75141785470953,27.129011177374927,0.9780945300327512
1235000,2469.999999955416,-35616.057588206175,6224.748556284571,-29391.309031921603,281.50598549093974,26.618068698301023,0.9968693724004642
1240000,2479.9999999551796,-35601.70244499774,6503.309807582741,-29098.392637415,294.1035480843895,27.064960968686414,0.9804092261018927
1245000,2489.999999954943,-36213.09791729439,6603.081461915626,-29610.016455378765,298.61558863077977,26.504227967961906,1.0011511170920637
1250000,2499.9999999547067,-35901.72412285448,6393.05977196808,-29508.6643508864,289.1176366623479,26.656416862105157,0.9954352670523264
1255000,2509.9999999544702,-35665.96405472052,6553.084229761446,-29112.879824959073,296.3545302149869,27.082042261069734,0.9797908585325302
1260000,2519.9999999542338,-35576.376250037705,6588.535556599042,-28987.840693438662,297.95776938330687,26.827654586114157,0.9890815223005746
1265000,2529.9999999539973,-35837.40033313593,6351.562697342009,-29485.83763579392,287.2409865805049,27.17860039165351,0.9763099297025074
1270000,2539.999999953761,-35647.31439927052,6467.327246918103,-29179.98715235242,292.4762845718481,26.338057006728956,1.0074675376019036
1275000,2549.9999999535244,-35996.990592516566,6538.100522069273,-29458.89007044729,295.67691193658516,27.020213133675217,0.9820328694860521
1280000,2559.999999953288,-35778.77276871848,6495.218883137087,-29283.553885581394,293.7376467730333,26.984690687545793,0.9833256102518279
1285000,2569.9999999530514,-35594.923644930415,6923.60005648938,-28671.323588441035,313.11061634439886,26.82951924218907,0.9890127809693384
1290000,2579.999999952815,-35723.56066289766,6523.383378506844,-29200.17728439082,295.01134866688955,26.916604820174317,0.9858129439081292
1295000,2589.9999999525785,-35423.630295343515,6593.660862254323,-28829.969433089194,298.18955452392515,26.82185577088141,0.9892953591449355
1300000,2599.999999952342,-35631.310238709484,6345.14537031354,-29286.164868395943,286.9507714894001,26.56945039230513,0.998693501220206
1305000,2609.9999999521056,-35687.616145133376,6540.820086121101,-29146.796059012275,295.79990060859217,27.008487396255376,0.9824592191514852
1310000,2619.999999951869,-35479.6304460415,6507.141786709948,-28972.48865933155,294.2768442506251,27.15006829963187,0.9773359368730418
1315000,2629.9999999516326,-35684.29071887232,6676.357129078944,-29007.933589793374,301.92938335048615,26.594525686666685,0.997751858800442
1320000,2639.999999951396,-35505.848896058495,6491.330864664993,-29014.5180313935,293.561816301859,27.01118488753347,0.9823611051596044
1325000,2649.9999999511597,-35843.44215098781,6645.443660561517,-29197.99849042629,300.53136279732576,26.725959980549693,0.9928450636422013
1330000,2659.999999950923,-35608.37377838688,6333.127970606558,-29275.24580778032,286.40730054965627,26.843441571999648,0.9884998302701293
1335000,2669.9999999506867,-35859.08814027729,6566.837707902802,-29292.250432374483,296.9765129959944,26.617853415195228,0.996877435001577
1340000,2679.9999999504503,-35855.09853900927,6374.280138213626,-29480.818400795644,288.26835266968453,27.025490502455654,0.9818411042484769
1345000,2689.999999950214,-35337.52710047133,6530.469062381938,-28807.05803808939,295.331789308644,26.865515057180453,0.987687650183194
1350000,2699.9999999499773,-35619.9193040087,6614.640187418301,-29005.2791165904,299.13831663886367,26.885125918799496,0.9869671995559931
1355000,2709.999999949741,-35929.418220532665,6671.482930312874,-29257.935290219793,301.7089541854018,27.168312581583418,0.9766796284497582
1360000,2719.9999999495044,-35651.783924680734,6306.253579577966,-29345.53034510277,285.19194191105964,27.2298267565776,0.974473237563955
1365000,2729.999999949268,-35428.209730803654,6432.910085476221,-28995.29964532743,290.91981415992825,27.00420176369761,0.982615137821221
1370000,2739.9999999490315,-35684.541832356976,6412.302208087763,-29272.239624269212,289.98785027726547,26.595134395646657,0.997729022273008
1375000,2749.999999948795,-35331.94008950219,6405.698376172681,-28926.24171332951,289.689200750387,27.083660340832406,0.9797323221404811
1380000,2759.9999999485585,-35931.98056967479,6527.188997837019,-29404.791571837774,295.1834527463166,26.428650170170613,1.004014100869098
1385000,2769.999999948322,-35605.136255397156,6426.241032117033,-29178.895223280124,290.6182150798699,27.19404159033843,0.9757555657786121
1390000,2779.9999999480856,-35565.123629374655,6537.420832279014,-29027.70279709564,295.64617386861255,26.736398277759395,0.9924574418036195
1395000,2789.999999947849,-35832.376245646265,6565.603183754659,-29266.773061891607,296.9206832811403,26.457746647458485,1.0029099526635876
1400000,2799.9999999476127,-36196.53400473851,6495.614080714886,-29700.919924023627,293.7555190585716,26.372724285500087,1.0061432088142965
1405000,2809.999999947376,-35408.12684100416,6632.1443329808035,-28775.982508023357,299.92991837220177,27.226476658575212,0.9745931422026447
1410000,2819.9999999471397,-35807.598828805756,6510.86414316664,-29296.734685639116,294.4451828771921,27.07420027069002,0.9800746530826896
1415000,2829.9999999469032,-35778.04747670939,6566.452333772149,-29211.595142937244,296.9590849628054,26.834339662759543,0.988835118406601
1420000,2839.999999946667,-35462.936993390016,6411.232941148884,-29051.704052241133,289.939494100199,27.482821936194824,0.9655026510520589
1425000,2849.9999999464303,-35820.52442454448,6628.899572857159,-29191.624851687317,299.7831784054338,26.336818277907582,1.0075149229414027
1430000,2859.999999946194,-35743.79706544175,6366.219311805431,-29377.57775363632,287.9038125020951,26.915315524839766,0.9858601662424966
1435000,2869.9999999459574,-35791.28691548679,6264.877627129997,-29526.40928835679,283.3207694188419,26.99152779967713,0.9830765281135805
1440000,2879.999999945721,-36001.55104469106,6619.087948253126,-29382.463096437936,299.3394607149197,26.23164052688238,1.0115546303935807
1445000,2889.9999999454844,-35812.935319781995,6614.260576692272,-29198.674743089723,299.1211492479935,26.529555187003638,1.0001953387739682
1450000,2899.999999945248,-35719.43088064038,6791.746392915972,-28927.684487724408,307.14770954275,26.841206260120423,0.988582151660301
1455000,2909.9999999450115,-35636.42671328954,6405.722460604751,-29230.704252684787,289.6902899368375,26.860206225711853,0.9878828634006348
1460000,2919.999999944775,-35396.66403374804,6853.591528268979,-28543.072505479064,309.9445736438376,27.319376463724357,0.9712790287516831
1465000,2929.9999999445386,-35852.468085620225,6492.685256235165,-29359.78282938506,293.6230668616614,26.51138777259455,1.0008807409628466
1470000,2939.999999944302,-35653.33507418629,6390.136586215182,-29263.198487971105,288.98543946936854,27.22877679848297,0.9745108138411178
1475000,2949.9999999440656,-35867.693187221405,6478.523215443791,-29389.169971777614,292.9826073774765,26.57655830273124,0.9984264002709802
1480000,2959.999999943829,-35626.11996952062,6521.738678495462,-29104.38129102516,294.93696929343304,26.918209784186473,0.9857541660655321
1485000,2969.9999999435927,-35540.30617578429,6765.1312025658735,-28775.174973218414,305.9440729105572,27.39883928294017,0.968462100301803
1490000,2979.999999943356,-35419.713609591454,6551.048310640985,-28868.66529895047,296.2624584769555,26.9299242246449,0.9853253658064339
1495000,2989.9999999431197,-35370.655037731536,6270.963475207812,-29099.691562523723,283.59599381468735,26.76311672026944,0.991466641016863
1500000,2999.9999999428833,-35964.58934841568,6573.786639242287,-29390.80270917339,297.2907691859662,26.737742304240303,0.9924075539309717
1505000,3009.999999942647,-35736.61108803259,6780.970942684528,-28955.640145348058,306.66040411842914,26.6165719248373,0.9969254309953736
1510000,3019.9999999424103,-35846.369611405935,6559.559245351512,-29286.810366054422,296.6473541946656,27.237237698954452,0.9742080944869957
1515000,3029.999999942174,-35697.889819857075,6404.169791114225,-29293.72002874285,289.62007252144787,26.864551855932817,0.9877230627216959
1520000,3039.9999999419374,-35328.43160496791,6426.290081876636,-28902.141523091275,290.620433290098,26.925086130161613,0.9855024162044718
1525000,3049.999999941701,-35586.8255595532,6556.519869662949,-29030.305689890254,296.5099024661741,27.007413442364765,0.9824982867913029
1530000,3059.9999999414645,-35995.355408610725,6544.722052326882,-29450.633356283844,295.97636184749666,26.88219286226389,0.9870748853616088
1535000,3069.999999941228,-35626.93312612983,6356.068880912641,-29270.864245217188,287.4447727471884,26.89986545688657,0.9864263998017392
1540000,3079.9999999409915,-35374.542431753645,6612.816082982211,-28761.726348771434,299.05582393859197,27.184978634567866,0.9760808641595455
1545000,3089.999999940755,-35959.970113483156,6556.975606559733,-29402.994506923424,296.5305125620027,26.71050908442308,0.993419382383176
1550000,3099.9999999405186,-35758.03327126746,6294.330466212163,-29463.702805055294,284.6527349458607,26.498090226661443,1.0013830132969155
1555000,3109.999999940282,-35726.0774179324,6320.639294966769,-29405.438122965632,285.8425167818194,26.807453386594467,0.9898268610272747
1560000,3119.9999999400457,-35817.989926824106,6517.909306404497,-29300.08062041961,294.76379102694864,26.99935065404684,0.9827916892442222
1565000,3129.999999939809,-35722.56144871954,6824.061596058136,-28898.499852661407,308.6091216824726,26.861352904766672,0.9878406918617666
1570000,3139.9999999395727,-36074.79967743279,6539.8344814254515,-29534.96519600734,295.7553279453521,26.85072142400951,0.9882318250883502
1575000,3149.9999999393362,-35521.19971667654,6559.044408120583,-28962.15530855596,296.6240713647248,26.668882607707637,0.9949699741120355
1580000,3159.9999999391,-35545.961660085,6402.100790132022,-29143.860869952976,289.52650470015993,26.9907288341102,0.9831056286354837
1585000,3169.9999999388633,-35928.57624435037,6449.706011527438,-29478.870232822934,291.6793876065548,26.131129686144952,1.0154454765825462
1590000,3179.999999938627,-35875.81243339072,6295.487789115969,-29580.324644274748,284.7050733369814,26.72644742346546,0.9928269559122415
1595000,3189.9999999383904,-35687.57808556523,6547.130051921672,-29140.448033643555,296.08526043076694,26.84487121157515,0.9884471871240105
1600000,3199.999999938154,-35909.051091507936,6595.4421999944125,-29313.608891513522,298.27011315717465,26.595033295309975,0.9977328151142859
1605000,3209.9999999379174,-35547.60413307815,6763.904396069254,-28783.699737008898,305.88859221624244,26.91695262821099,0.9858002057029809
1610000,3219.999999937681,-35787.879686526474,6618.053104734724,-29169.82658179175,299.2926612913217,27.197668473200704,0.9756254461272612
1615000,3229.9999999374445,-35448.51320559623,6426.747808669198,-29021.765396927032,290.6411333763201,26.999976004456983,0.9827689266615497
1620000,3239.999999937208,-35686.495859697585,6521.792555034588,-29164.703304662995,294.939405788354,26.9316168154188,0.9852634403514982
1625000,3249.9999999369716,-35999.590114724764,6796.615657010267,-29202.974457714496,307.3679155438577,26.750717347773644,0.991926201186383
1630000,3259.999999936735,-36007.23231851412,6325.042973928727,-29682.189344585393,286.0416673137265,27.09524559709429,0.9793134128532638
1635000,3269.9999999364986,-35652.993466052416,6681.795829835969,-28971.197636216446,302.1753413683166,26.7076166343102,0.9935269702688361
1640000,3279.999999936262,-35517.94954330296,6582.978539327706,-28934.971003975254,297.7064606582696,26.977879446201896,0.9835738754301351
1645000,3289.9999999360257,-35537.70098592721,6330.274095781087,-29207.42689014612,286.27823785130835,26.814958853453305,0.9895498099699888
1650000,3299.999999935789,-35687.97595183158,6323.411859469208,-29364.56409236237,285.96790232880807,27.066176306341564,0.980365203324665
1655000,3309.9999999355528,-35767.95794709087,6654.803221107413,-29113.15472598346,300.95463649126066,27.237267415147848,0.9742070316139952
1660000,3319.9999999353163,-35943.067303319214,6451.795375532596,-29491.27192778662,291.7738763185089,26.854499020950495,0.9880928114535574
1665000,3329.99999993508,-35594.18750620179,6482.577880408985,-29111.609625792807,293.16597421495464,26.964297355191377,0.9840693079539529
1670000,3339.9999999348433,-35386.66938672446,6870.5069443236835,-28516.16244240078,310.7095508671603,26.760684275833412,0.9915567615642149
1675000,3349.999999934607,-35687.74737551283,6664.811206761982,-29022.93616875085,301.40723434947034,26.851152722841547,0.9882159515340064
1680000,3359.9999999343704,-35639.20070732702,6502.614367338148,-29136.586339988873,294.0720977230401,27.17177937642338,0.9765550157827223
1685000,3369.999999934134,-35886.615863004066,6560.668079221963,-29325.947783782103,296.697499733658,26.99342761536261,0.9830073385228866
1690000,3379.9999999338975,-35827.150684957254,6492.089207402041,-29335.061477555213,293.59611134487994,26.298475984494548,1.008983845810401
1695000,3389.999999933661,-35588.96915730952,6372.303995787319,-29216.6651615222,288.1789842532485,27.364925621963312,0.9696623263061525
1700000,3399.9999999334245,-35894.29841081487,6872.512745601935,-29021.78566521293,310.8002605657815,26.83878516683474,0.9886713304213682
1705000,3409.999999933188,-35709.10468966275,6675.164746111021,-29033.939943551733,301.87545941453385,27.070285386975073,0.9802163907202482
1710000,3419.9999999329516,-35524.31836434423,6329.2070214603955,-29195.111342883836,286.229980832487,27.069267965165114,0.9802532329996805
1715000,3429.999999932715,-35893.526931750865,6465.410187459738,-29428.116744291125,292.3895881041608,26.437414151752606,1.0036812710001264
1720000,3439.9999999324787,-35855.91381479045,6580.409206419587,-29275.504608370866,297.59026599019353,26.80316276210948,0.9899853115580389
1725000,3449.999999932242,-35683.34908418377,6199.735884915434,-29483.613199268337,280.3748206511293,27.026755959532416,0.9817951321097752
1730000,3459.9999999320057,-35419.72110891331,6482.154060625365,-28937.567048287947,293.1468075281753,26.618042035928294,0.9968703709300604
1735000,3469.9999999317693,-36015.87706583833,6234.043255144912,-29781.833810693417,281.9263259012974,26.30738461777686,1.0086421673349197
1740000,3479.999999931533,-35839.9547982539,6686.969198068823,-29152.98560018508,302.409300075167,26.710490374505994,0.9934200782443906
1745000,3489.9999999312963,-35605.985918586564,6527.940519213542,-29078.045399373023,295.2174393023683,26.639830413145518,0.9960550433794851
1750000,3499.99999993106,-35941.41367627289,6755.595069290927,-29185.81860698196,305.51281394948217,26.456820189246578,1.0029450723096676
1755000,3509.9999999308234,-35689.18260030658,6482.6044369803385,-29206.57816332624,293.1671752006206,26.913029157236753,0.9859439189383389
1760000,3519.999999930587,-36063.50933043682,6686.627867671963,-29376.881462764857,302.39386386133805,26.398991139229956,1.0051421017508546
1765000,3529.9999999303504,-35933.19662534,6527.470309689869,-29405.726315650132,295.1961747012118,26.618613027978373,0.9968489872067179
1770000,3539.999999930114,-35733.64178792883,6711.523244645493,-29022.118543283334,303.51972421790236,26.656770897602375,0.9954220464180241
1775000,3549.9999999298775,-35330.25141117377,6657.516107246221,-28672.735303927548,301.07732316352127,27.171746968507488,0.9765561805261175
1780000,3559.999999929641,-35568.142466747726,6579.932231777505,-28988.21023497022,297.5686954455427,26.208449510546988,1.012449722640383
1785000,3569.9999999294046,-35897.555167464714,6438.706891983231,-29458.848275481483,291.18196703465094,26.82120047281183,0.9893195297013484
1790000,3579.999999929168,-35687.96325649942,6565.750313986571,-29122.212942512844,296.9273370504541,26.810423893138317,0.9897171914756225
1795000,3589.9999999289316,-36208.64350963273,6398.317426195517,-29810.326083437216,289.3554070913511,27.05021530158497,0.9809436687268442
1800000,3599.999999928695,-35616.52707777419,6525.272346706479,-29091.25473106771,295.0967747447128,26.839969268992128,0.9886277130891884
1805000,3609.9999999284587,-35632.756602077665,6518.469368120521,-29114.287233957144,294.7891190741588,27.142973366907324,0.9775914038267783
1810000,3619.999999928222,-35568.88640588032,6522.051681486587,-29046.834724393735,294.9511244379632,26.744540233445825,0.9921553037058506
1815000,3629.9999999279858,-35709.094241477746,6406.021062917374,-29303.07317856037,289.70379382980997,26.84091013682682,0.9885930582279713
1820000,3639.9999999277493,-36023.47027090845,6588.767936473635,-29434.702334434816,297.9682784544788,26.876311171046932,0.9872908997412146
1825000,3649.999999927513,-35268.76014619252,6494.732753128189,-28774.027393064334,293.7156621890788,26.977258113698696,0.9835965288226899
1830000,3659.9999999272763,-35763.40540502497,6686.6212455897185,-29076.78415943525,302.3935643864643,26.96912940037131,0.98389299275721
1835000,3669.99999992704,-35580.058110829246,6443.768972656708,-29136.28913817254,291.41089290944524,26.55117091440758,0.9993810639586188
1840000,3679.9999999268034,-35902.883586130876,6465.842194159498,-29437.04139197138,292.4091250333483,26.461031337950168,1.0027854583177906
1845000,3689.999999926567,-35709.65226577211,6360.936195145227,-29348.71607062688,287.66489056839015,27.12587225568177,0.9782077120941184
1850000,3699.9999999263305,-35754.67128354897,6430.420337590631,-29324.250945958338,290.80721861878794,26.80682776951391,0.9898499615819684
1855000,3709.999999926094,-35360.56035768009,6475.48382379439,-28885.0765338857,292.8451549271773,26.864168300630254,0.9877371650163931
1860000,3719.9999999258575,-35843.54300423679,6758.366019552852,-29085.176984683938,305.6381264945876,26.773177759793327,0.9910940597285534
1865000,3729.999999925621,-36050.19980206563,6476.16622189166,-29574.03358017397,292.87601547473713,26.635253243368798,0.9962262117554282
1870000,3739.9999999253846,-35836.01508554555,6488.214566438644,-29347.800519106906,293.4208858537678,26.920711012949923,0.9856625787121124
1875000,3749.999999925148,-36042.652803856785,6555.741232257758,-29486.911571599027,296.47468962374256,26.55602398202915,0.9991984287913067
1880000,3759.9999999249117,-35956.35126472609,6471.121149225536,-29485.23011550055,292.6478587644847,26.798605435063852,0.9901536668422747
1885000,3769.999999924675,-35546.080119019454,6583.061639169146,-28963.01847985031,297.71021873822207,27.017983869716367,0.9821138973855765
1890000,3779.9999999244387,-35699.55953057644,6441.8479730758545,-29257.71155750058,291.3240182549518,26.531468412393547,1.0001232131348112
1895000,3789.9999999242023,-35679.82797821826,6689.128595863117,-28990.699382355142,302.50695597221295,26.906732100641296,0.9861746621082741
1900000,3799.999999923966,-35901.316836106336,6715.534258556793,-29185.782577549544,303.7011169944473,26.69557801800499,0.9939750103890341
1905000,3809.9999999237293,-35897.91310966161,6627.263775533901,-29270.64933412771,299.7092016442228,26.35079716343626,1.0069804443945536
1910000,3819.999999923493,-35716.72946017485,6481.908520051584,-29234.820940123267,293.13570328186313,26.893288756489763,0.9866676284202892
1915000,3829.9999999232564,-35866.902289413236,6333.863067120326,-29533.039222292908,286.44054431310605,26.43739367497342,1.0036820483899103
1920000,3839.99999992302,-35619.85400342266,6466.8472148805895,-29153.006788542072,292.45457576054986,27.345790488377286,0.9703408445649352
1925000,3849.9999999227834,-35420.10870927746,6472.877267237041,-28947.231442040422,292.72727686900686,27.08804537010573,0.9795737224757984
1930000,3859.999999922547,-35919.35800317036,6467.455963565888,-29451.902039604473,292.4821056112774,26.622971777470838,0.9966857817218693
1935000,3869.9999999223105,-35382.08033314548,6425.897123707773,-28956.18320943771,290.6026622788544,26.961417277145312,0.9841744284073963
1940000,3879.999999922074,-35820.67813785811,6589.284609400382,-29231.393528457724,297.9916443013247,26.87750658676234,0.9872469885601896
1945000,3889.9999999218376,-35448.97415501592,6542.480131507458,-28906.494023508465,295.8749739562497,26.969030818503477,0.9838965892531174
1950000,3899.999999921601,-35526.70331296154,6457.593537577381,-29069.109775384157,292.036090495627,27.173324685005547,0.9764994804787307
1955000,3909.9999999213646,-36040.78222569139,6483.511819835078,-29557.270405856314,293.20821038500293,26.477457319942364,1.0021633541753376
1960000,3919.999999921128,-35878.42179910975,6726.963988867291,-29151.457810242457,304.2180113663017,26.28947227415348,1.0093294061241176
1965000,3929.9999999208917,-35821.341611083146,6571.275856270913,-29250.065754812233,297.177222361011,26.770752821477913,0.9911838346398397
1970000,3939.9999999206552,-35486.133647368966,6441.35865157714,-29044.774995791828,291.30188934010937,26.444951476214307,1.0033952023566477
1975000,3949.9999999204188,-35647.32559117941,6551.116131135082,-29096.20946004433,296.26552556871906,26.80301241176382,0.9899908648380773
1980000,3959.9999999201823,-35793.34000799735,6466.158020641142,-29327.18198735621,292.42340786648697,26.753081915012558,0.9918385299339195
1985000,3969.999999919946,-35618.22474829983,6550.482547388483,-29067.742200911343,296.2368725853311,26.970352379933004,0.9838483778035715
1990000,3979.9999999197094,-35612.06611924346,6471.5312866225995,-29140.534832620862,292.6664066835055,26.534397026311627,1.0000128290639438
1995000,3989.999999919473,-35764.49204774148,6532.660569373876,-29231.831478367603,295.4308973015046,27.314826690826674,0.9714408126447723
2000000,3999.9999999192364,-35781.59740208442,6411.151974709911,-29370.44542737451,289.9358325005394,26.741731899000776,0.9922594968046656
2005000,4009.999999919,-35843.259300385835,6603.100237326564,-29240.15906305927,298.6164377238011,26.41002871338931,1.0047220215377974
2010000,4019.9999999187635,-35399.107530385576,6390.374465582444,-29008.73306480313,288.99619724779177,27.073180999916033,0.9801115516447838
2015000,4029.999999918527,-35894.04092458601,6627.760806686269,-29266.28011789974,299.73167921791133,26.94267189262616,0.9848591685166154
2020000,4039.9999999182905,-35820.89753656092,6662.689712890459,-29158.207823670462,301.31129260698617,26.916135360591156,0.9858301380308189
2025000,4049.999999918054,-35821.21865666889,6555.677888751989,-29265.5407679169,296.4718249978296,27.07944488416607,0.9798848370522992
2030000,4059.9999999178176,-35602.31332140695,6572.142079595246,-29030.171241811706,297.2163961603005,26.76454808043962,0.9914136176721104
2035000,4069.999999917581,-35357.724654844096,6712.085663369268,-28645.63899147483,303.54515885765744,26.50573506311221,1.0010941924306764
2040000,4079.9999999173447,-35897.48373808425,6216.875338553166,-29680.608399531084,281.14992967656855,26.495175591746232,1.0014931716872213
2045000,4089.999999917108,-35496.146694336436,6738.7559189424655,-28757.39077539397,304.751285741425,27.15959968212702,0.9769929508662664
2050000,4099.999999917781,-35490.86300498029,6565.710750254477,-28925.152254725814,296.9255478332204,27.17178410897205,0.9765548456947324
2055000,4109.999999919818,-35648.0324873519,6569.422723617432,-29078.609763734465,297.0934168981643,26.8134803322534,0.9896043747021411
2060000,4119.999999921855,-35834.96013200041,6710.844215616243,-29124.115916384166,303.48901603196884,26.737307124921994,0.9924237064642386
2065000,4129.999999923893,-35868.09211447228,6835.291034663661,-29032.80107980862,309.11695812800525,26.60453441129713,0.9973765008464232
2070000,4139.99999992593,-35867.12539850836,6506.97123851811,-29360.15415999025,294.2691314351784,26.781255186560436,0.9907951383512317
2075000,4149.999999927967,-35728.05089830822,6496.407596595266,-29231.643301712953,293.7914047602814,26.84552619192924,0.9884230708714925
2080000,4159.999999930004,-35539.45027269849,6571.187534586807,-28968.26273811168,297.17322813015977,27.039203547292125,0.9813431594380352
2085000,4169.999999932042,-35740.40139680307,6587.976828151874,-29152.424568651197,297.93250163140976,26.503129998912762,1.0011925926815557
2090000,4179.999999934079,-35808.69135888232,6458.846276242397,-29349.845082639928,292.09274393781334,26.875574493162972,0.9873179620602384
2095000,4189.999999936116,-35875.833664837686,6610.270742588671,-29265.562922249017,298.9407143001199,26.725032877853693,0.9928795058574614
2100000,4199.999999938153,-35799.02935535212,6549.953063147891,-29249.076292204227,296.2129273638331,26.816123994362172,0.9895068147569147
2105000,4209.999999940191,-35869.5934088389,6536.032909269986,-29333.56049956891,295.5834068940257,26.975931001102243,0.9836449180087081
2110000,4219.999999942228,-35741.67006916065,6387.9482103171795,-29353.721858843473,288.88647307607226,27.129137242875732,0.9780899849572605
2115000,4229.999999944265,-35720.726208477936,6547.229135847107,-29173.49707263083,296.0897413696874,26.867079641583107,0.9876301329274007
2120000,4239.9999999463025,-35537.06418613715,6513.63069911254,-29023.43348702461,294.57029669519204,26.66930007149606,0.9949543995025165
2125000,4249.99999994834,-35888.06560441748,6637.4271626696645,-29250.63844174782,300.1688273280089,26.83141023600624,0.9889430784439225
2130000,4259.999999950377,-35767.76334977009,6422.480352905286,-29345.2829968648,290.4481433576074,26.775411988647306,0.9910113595652023
2135000,4269.999999952414,-35598.92523027192,6696.814533037975,-28902.110697233944,302.85454227216803,26.793346276051867,0.9903480201539727
2140000,4279.999999954452,-35774.29421876935,6545.754963983576,-29228.53925478577,296.0230739052149,26.76150316170565,0.99152642052475
2145000,4289.999999956489,-35624.55070023041,6390.39580063385,-29234.154899596557,288.99716209715353,26.754299500190257,0.9917933914733625
2150000,4299.999999958526,-35656.09634032274,6389.955111056683,-29266.14122926606,288.9772324963682,26.90827234148194,0.9861182130553098
2155000,4309.999999960563,-35569.71242022371,6510.460910560984,-29059.251509662725,294.42694721819146,26.858147892478446,0.9879585719765422
2160000,4319.999999962601,-35594.357987384974,6727.227364476133,-28867.13062290884,304.2299221783852,26.762282082370152,0.9914975619836146
2165000,4329.999999964638,-35759.03855231414,6682.558947829575,-29076.479604484564,302.2098523659727,26.628055725327382,0.9964954900011405
2170000,4339.999999966675,-35882.247366015494,6628.511271107309,-29253.736094908185,299.7656179745552,26.75651843366361,0.9917111414765833
2175000,4349.9999999687125,-35798.968705314684,6285.1083468004235,-29513.860358514263,284.23567684466303,26.863863404376087,0.9877483755171756
2180000,4359.99999997075,-35995.88998223576,6478.466024579937,-29517.423957655825,292.98002099662193,26.879287441868012,0.9871815796893653
2185000,4369.999999972787,-35888.830422298066,6387.209942058711,-29501.620480239355,288.85308587468126,26.429260971775914,1.0039908972908669
2190000,4379.999999974824,-36133.792214586305,6546.901037397404,-29586.8911771889,296.07490355309346,26.90150021303139,0.9863664564303393
2195000,4389.999999976862,-35693.60013311297,6665.165202750023,-29028.434930362942,301.4232433478375,26.886537492942757,0.9869153826428072
2200000,4399.999999978899,-35339.900683793436,6432.18006776781,-28907.720616025625,290.88680007870494,26.79377787135236,0.990332067586425
2205000,4409.999999980936,-35710.12031505353,6617.964085970902,-29092.156229082626,299.28863553596625,26.6215827991364,0.996737783699644
2210000,4419.999999982973,-35559.877973971044,6598.5276708520905,-28961.350303118954,298.4096494784639,27.091472494948377,0.9794498044628469
2215000,4429.999999985011,-35604.96003103453,6311.492716086137,-29293.46731494839,285.4288749008051,26.952482628614348,0.9845006785985992
2220000,4439.999999987048,-35705.43281647278,6504.071521615133,-29201.361294857645,294.1379955897645,27.131589815068754,0.9780015700757249
2225000,4449.999999989085,-35809.44197048021,6791.161255718437,-29018.280714761775,307.12124749019483,26.476642617435914,1.0021941913554255
2230000,4459.999999991122,-35955.48562795372,6560.660628008565,-29394.824999945155,296.69716276242906,26.911253264385135,0.9860089820827617
2235000,4469.99999999316,-35855.111386502824,6397.983786402204,-29457.12760010062,289.3403186748526,26.81401734867769,0.9895845554488057
2240000,4479.999999995197,-35798.824127579406,6523.660621303262,-29275.163506276145,295.02388660411225,26.741337955628303,0.9922741143998356
2245000,4489.999999997234,-35560.941340207595,6720.544605480616,-28840.39673472698,303.9277032791283,27.19388093163426,0.9757613304440226
2250000,4499.9999999992715,-35965.424692969376,6472.645979985154,-29492.77871298422,292.71681721024544,27.294941855135097,0.972148524023901
2255000,4510.000000001309,-36036.80056270966,6533.467663840942,-29503.332898868714,295.4673970767617,26.622836956234398,0.996690829058096
2260000,4520.000000003346,-35964.45211993106,6389.269660919054,-29575.18245901201,288.946233924337,26.921507900726613,0.9856334026918162
2265000,4530.000000005383,-35859.439669578154,6616.810755983909,-29242.628913594246,299.2364777192048,26.63711810450681,0.9961564660892611
2270000,4540.000000007421,-35800.76801045986,6965.287607471079,-28835.480402988782,314.99588046642657,26.909474071032808,0.986074174758829
2275000,4550.000000009458,-35768.99261779461,6543.932969397542,-29225.05964839707,295.9406766201097,27.011544069351107,0.9823480423651776
2280000,4560.000000011495,-35677.44472860836,6246.650837493816,-29430.793891114543,282.4964870671172,26.511675582841445,1.000869875420521
2285000,4570.000000013532,-35500.85379118838,6478.677438521332,-29022.17635266705,292.9895819113129,26.89372393656191,0.9866516626845386
2290000,4580.00000001557,-35612.74199711611,6579.44005920285,-29033.301937913257,297.54643759457775,26.990728041139757,0.9831056575185024
2295000,4590.000000017607,-35907.274982137766,6827.6876470165125,-29079.587335121254,308.77310502079513,26.63552459952092,0.9962160624486087
2300000,4600.000000019644,-35754.84213533878,6495.25962268228,-29259.582512656503,293.7394891648528,26.53414599556141,1.000022289853477
2305000,4610.000000021681,-35723.56023349533,6276.477791883441,-29447.08244161189,283.8453714620005,27.03993940014526,0.9813164536028967
2310000,4620.000000023719,-35827.839220543225,6527.232391435004,-29300.60682910822,295.1854151641483,26.63478773694162,0.9962436231840108
2315000,4630.000000025756,-35511.04252244201,6336.586771510711,-29174.4557509313,286.563720226425,27.123578848914647,0.9782904234575068
2320000,4640.000000027793,-35602.50186067277,6608.451207380451,-28994.050653292317,298.85842823710965,27.04867868989833,0.9809993952753601
2325000,4650.0000000298305,-35720.71084800381,6689.61934757404,-29031.091500429768,302.52914956650284,26.634205703787853,0.9962653939409231
2330000,4660.000000031868,-35741.79092651952,6630.803479438538,-29110.98744708098,299.8692800517296,26.88537266295994,0.9869581415304229
2335000,4670.000000033905,-35976.48368332025,6479.624180284599,-29496.859503035652,293.03239705005524,26.551964374195155,0.9993511991743966
2340000,4680.000000035942,-35630.327590460045,6475.192963710865,-29155.13462674918,292.83200116623226,26.86230804618563,0.9878055672716344
2345000,4690.00000003798,-35932.166522872845,6565.19085573972,-29366.975667133127,296.90203629433574,26.902929047943214,0.9863140697617244
2350000,4700.000000040017,-35528.78499768184,6654.550641362358,-28874.23435631948,300.94321390777736,27.055625654203965,0.9807475080017142
2355000,4710.000000042054,-36000.961678943844,6588.931890230175,-29412.02978871367,297.97569304534824,27.079673239645704,0.9798765739514127
2360000,4720.000000044091,-35906.82296311362,6491.339046597767,-29415.483916515852,293.56218631890107,26.82212136351142,0.9892855631428694
2365000,4730.000000046129,-35539.21260501986,6457.812445864149,-29081.40015915571,292.0459903321331,26.834107407304632,0.9888436770050583
2370000,4740.000000048166,-35611.20455865303,6561.363589434632,-29049.8409692184,296.72895325922065,27.236062155516045,0.9742501425601194
2375000,4750.000000050203,-35533.050523811726,6864.841218377993,-28668.20930543373,310.4533259367166,27.383388346704802,0.9690085500679414
2380000,4760.0000000522405,-35802.58401269874,6315.298507729629,-29487.28550496911,285.60098677287306,26.98966237426841,0.9831444747187966
2385000,4770.000000054278,-35854.413204147546,6410.819365525602,-29443.593838621942,289.92079069196427,26.730595600144994,0.9926728844621723
2390000,4780.000000056315,-36000.06349888835,6560.407188805466,-29439.65631008288,296.68570131109726,26.783153683981933,0.9907249068154839
2395000,4790.000000058352,-35649.83853032374,6579.870485169703,-29069.968045154033,297.56590303721924,27.203572387691644,0.9754137088919074
2400000,4800.0000000603895,-35831.0713171783,6543.666419691644,-29287.404897486656,295.9286222637027,27.006755346582285,0.9825222281337754
2405000,4810.000000062427,-35283.841982860285,6818.915325094311,-28464.926657765973,308.37638841362235,27.332284166292265,0.9708203411155786
2410000,4820.000000064464,-35635.534085423315,6360.671438421337,-29274.862647001977,287.65291729721304,27.245930147027515,0.9738972864790479
2415000,4830.000000066501,-35910.35650918005,6395.118208130171,-29515.238301049878,289.21072670367886,26.57985064958768,0.998302728920691
2420000,4840.000000068539,-35641.74701696531,6565.484634239246,-29076.262382726065,296.91532203676815,26.788495976092165,0.9905273316377727
2425000,4850.000000070576,-35707.15820027036,6506.1853126316355,-29200.972887638723,294.23358898086167,26.87912588181518,0.9871875132568805
2430000,4860.000000072613,-35663.305012777935,6802.748274085926,-28860.55673869201,307.64525500551014,27.066522775744883,0.9803526540012873
2435000,4870.00000007465,-35851.494714859095,6558.119970654639,-29293.374744204455,296.58226490820334,26.925077280128285,0.9855027401303474
2440000,4880.000000076688,-35732.73959623672,6752.484654781148,-28980.254941455576,305.37214958465785,26.618453555773797,0.9968549593682968
2445000,4890.000000078725,-35480.50559521674,6387.855485722415,-29092.650109494323,288.8822797294347,26.46592022186223,1.0026002200319755
2450000,4900.000000080762,-35789.50521539244,6467.018191284922,-29322.48702410752,292.4623079413379,27.257942749215996,0.9734680889866858
2455000,4910.0000000827995,-35836.14350566289,6529.67442672672,-29306.46907893617,295.29585296660457,26.848195112776743,0.98832481387772
2460000,4920.000000084837,-35879.35055135957,6436.627075078577,-29442.72347628099,291.08791007763637,26.97392558261358,0.9837180486214108
2465000,4930.000000086874,-35647.84951257053,6757.552735403169,-28890.29677716736,305.6013467991557,27.118289246494612,0.9784812455017878
2470000,4940.000000088911,-35869.976680277876,6495.939598140588,-29374.03708213729,293.77024015178336,26.817283070754065,0.9894640470393358
2475000,4950.000000090949,-35979.54630102019,6412.770979327094,-29566.775321693098,290.00904983392303,26.901493410738887,0.9863667058422602
2480000,4960.000000092986,-35504.84683058822,6538.989929007606,-28965.856901580613,295.71713418402436,27.052494404088577,0.9808610267664433
2485000,4970.000000095023,-35676.39577670216,6570.906414971316,-29105.48936173084,297.16051486894384,26.608702902692272,0.9972202528933868
2490000,4980.00000009706,-35832.6921516546,6431.392735956797,-29401.299415697802,290.85119404331834,26.96592278353483,0.9840099910836233
2495000,4990.000000099098,-35819.458989677536,6558.455274907268,-29261.003714770268,296.59742859766357,26.46530534526873,1.0026235137518058
2500000,5000.000000101135,-35743.87744359426,6664.02968279931,-29079.847760794954,301.3718909663108,26.599642693964512,0.9975599199987956
2505000,5010.000000103172,-35612.12454230172,6480.016851414573,-29132.107690887144,293.05015508034637,26.70547900659569,0.9936064966756172
2510000,5020.000000105209,-35785.73724127131,6663.1176344475925,-29122.619606823715,301.3306447910245,26.90417935837591,0.9862682330627152
2515000,5030.000000107247,-35670.58239800249,6512.790853243691,-29157.791544758795,294.5323157812912,27.142481053644513,0.9776091354856035
2520000,5040.000000109284,-35427.284277384344,6426.626240048223,-29000.65803733612,290.63563559690897,27.229042601707082,0.9745013009059756
2525000,5050.000000111321,-35753.81969471343,6353.714104222892,-29400.105590490537,287.33828109910576,27.184946805253404,0.9760820069973443
2530000,5060.0000001133585,-35227.130365256315,6400.5512489869825,-28826.57911626933,289.45642876003984,26.908859284083118,0.9860967036043541
2535000,5070.000000115396,-35779.33387751141,6409.756613418102,-29369.577264093306,289.8727291394936,26.59894970285312,0.997585909752728
2540000,5080.000000117433,-35956.080051475394,6527.131292049782,-29428.948759425613,295.180843078736,26.558192181392357,0.9991168546622309
2545000,5090.00000011947,-35614.258663599765,6597.9164944738195,-29016.342169125946,298.3820098385462,26.95985065581353,0.9842316182143214
2550000,5100.000000121508,-35650.56194106021,6518.978443021812,-29131.583498038395,294.81214131039553,26.86407950911741,0.9877404296984065
2555000,5110.000000123545,-35881.14738219859,6744.76134994371,-29136.386032254883,305.0228733817958,26.888481749897647,0.9868440205958744
2560000,5120.000000125582,-35836.75256933927,6586.512112604351,-29250.240456734915,297.8662618162685,26.616255929391613,0.9969372667658409
2565000,5130.000000127619,-35698.56053331902,6518.0195231365005,-29180.54101018252,294.7687754322591,26.80814311001984,0.9898013946318471
2570000,5140.000000129657,-36150.0045695231,6408.242290733769,-29741.762278789334,289.80424590748027,26.577245586142702,0.9984005811205251
2575000,5150.000000131694,-35821.56215446009,6480.589928878955,-29340.972225581132,293.076071747488,26.906230852353275,0.9861930340000409
2580000,5160.000000133731,-35657.44124897227,6538.660164430365,-29118.7810845419,295.7022210190255,26.817468700405087,0.9894571980012031
2585000,5170.0000001357685,-35787.79532051197,6397.849716210254,-29389.945604301716,289.3342555284992,26.58227249686686,0.9982117759463688
2590000,5180.000000137806,-35672.36882803882,6630.756773749165,-29041.612054289657,299.8671678489642,26.6329713426492,0.9963115679584685
2595000,5190.000000139843,-35667.61705555956,6575.069638169948,-29092.54741738961,297.3487911083377,27.04055104790338,0.9812942565697151
2600000,5200.00000014188,-35755.435923198624,6594.751151099169,-29160.684772099456,298.23886138876685,27.17942462036003,0.9762803226493135
2605000,5210.0000001439175,-35385.21379088107,6321.504996805656,-29063.708794075414,285.88166699762235,26.903396745190047,0.9862969233627285
2610000,5220.000000145955,-35650.67670039712,6403.962150967787,-29246.71454942933,289.61068227162144,26.742940057805754,0.9922146697570299
2615000,5230.000000147992,-35743.947139883196,6548.280331457866,-29195.66680842533,296.13728029494274,26.93432088858538,0.9851645247544765
2620000,5240.000000150029,-35646.76402392399,6501.02196751666,-29145.742056407333,294.00008355620423,26.409673652701084,1.0047355293644045
2625000,5250.000000152067,-35779.31321666711,6663.255186092976,-29116.05803057414,301.33686538148527,26.708178756712908,0.9935060596791335
2630000,5260.000000154104,-35778.77653582515,6716.926040955034,-29061.850494870116,303.7640585047851,27.00356118215342,0.9826384475290807
2635000,5270.000000156141,-35509.399615752845,6452.234612418666,-29057.16500333418,291.79374022326886,26.759647465800864,0.9915951797085325
2640000,5280.000000158178,-35565.52481098422,6720.084096217177,-28845.440714767043,303.90687735935666,26.96565063566999,0.984019922096291
2645000,5290.000000160216,-35738.68774564531,6533.260070711438,-29205.427674933868,295.45800895321355,27.06266323698318,0.9804924668879617
2650000,5300.000000162253,-35694.00415893077,6513.407032136829,-29180.597126793946,294.5601816532992,26.98216970330672,0.9834174838258428
2655000,5310.00000016429,-35500.213126983144,6395.6742554689745,-29104.53887151417,289.2358732060113,27.036570338253934,0.9814387367115084
2660000,5320.0000001663275,-35567.721696684865,6922.879467258585,-28644.84222942628,313.0780286535524,26.551219878132482,0.99937922097665
2665000,5330.000000168365,-35867.70155339194,6626.230021501206,-29241.471531890733,299.6624514911687,26.909647828010886,0.986067807627239
2670000,5340.000000170402,-35556.69629052599,6500.458760853298,-29056.237529672697,293.974613282928,26.828694764036708,0.9890431745250997
2675000,5350.000000172439,-35481.190999026556,6487.877448094645,-28993.31355093191,293.40564012443485,27.2936435758658,0.9721947663026906
2680000,5360.000000174477,-35772.2031971942,6767.982041967186,-29004.221155227013,306.07299833587945,27.030156059275317,0.981671632956868
2685000,5370.000000176514,-35762.87284733769,6591.78733709106,-29171.08551024663,298.1048268369098,26.993412946863838,0.9830078726992043
2690000,5380.000000178551,-35925.92777861011,6597.304218243573,-29328.623560366534,298.3543204592837,26.80893237324043,0.9897722545741384
2695000,5390.000000180588,-35667.05502099207,6601.369379323865,-29065.685641668206,298.53816196962583,27.16925324372557,0.9766458135508631
2700000,5400.000000182626,-35932.24223013875,6508.006391749784,-29424.235838388966,294.31594486514774,26.695102018146578,0.9939927339386161
2705000,5410.000000184663,-36247.76884570299,6270.578117003652,-29977.190728699337,283.57856650175285,26.55261672015839,0.9993266470661238
2710000,5420.0000001867,-35296.789443246635,6494.413014138692,-28802.376429107942,293.70120241796934,26.702288941923285,0.9937252006934715
2715000,5430.000000188737,-35817.221946443264,6463.453678890608,-29353.768267552656,292.301107602837,26.77609752015751,0.9909859873273906
2720000,5440.000000190775,-35854.627117364,6805.642990419921,-29048.984126944077,307.7761647068338,27.338216688931755,0.9706096684986306
2725000,5450.000000192812,-35974.80368513308,6825.702652346799,-29149.101032786282,308.68333627340894,26.97810316531523,0.9835657190273678
2730000,5460.000000194849,-35672.56124471378,6445.8579334858705,-29226.703311227913,291.5053633883004,27.237893514522,0.9741846381637653
2735000,5470.0000001968865,-35713.60572484995,6638.3318222847165,-29075.273902565234,300.2097393574935,26.811622378137475,0.9896729509149187
2740000,5480.000000198924,-35753.88438809352,6501.644715643812,-29252.239672449705,294.0282465130949,26.744232947719723,0.9921667033658633
2745000,5490.000000200961,-35597.41316715465,6591.205566956502,-29006.207600198148,298.07851705530544,26.571541728023863,0.9986148982015122
2750000,5500.000000202998,-35746.6908911238,6486.608584997988,-29260.082306125812,293.3482574762447,26.851442690338434,0.9882052798353139
2755000,5510.000000205036,-35745.37960112246,6316.109877218312,-29429.26972390415,285.6376798803044,26.905817232714472,0.9862081946176495
2760000,5520.000000207073,-35718.73298834125,6599.676778716154,-29119.056209625098,298.4616163553239,26.537664374309085,0.9998897063253188
2765000,5530.00000020911,-35570.94261582707,6480.094379889272,-29090.8482359378,293.0536612026381,26.804154647067563,0.9899486772544326
2770000,5540.000000211147,-35559.11977518539,6807.078759059637,-28752.041016125753,307.841095436518,26.78111280438521,0.990800405927976
2775000,5550.000000213185,-35802.93189569715,6580.490961954651,-29222.440933742495,297.5939632756757,26.40582981039329,1.0048817866478772
2780000,5560.000000215222,-35916.56927777745,6562.396853243602,-29354.172424533852,296.7756812425579,26.924966247235755,0.9855068041361784
2785000,5570.000000217259,-35925.46708271488,6351.817663035066,-29573.649419679816,287.25251706531753,26.720008210628727,0.9930662157219231
2790000,5580.000000219296,-35768.80622499586,6583.894210666658,-29184.912014329202,297.74787067834137,27.257073066998736,0.9734991491039617
2795000,5590.000000221334,-35525.202080126044,6490.943613617865,-29034.25846650818,293.54430338761534,27.04103839438452,0.9812765712169591
2800000,5600.000000223371,-36395.85517185314,6707.208522759677,-29688.64664909346,303.32459665160746,26.532591856811596,1.0000808658644345
2805000,5610.000000225408,-35989.68986649197,6529.613265857935,-29460.076600634035,295.2930870475501,26.900670528458694,0.9863968784613089
2810000,5620.0000002274455,-35880.63339439707,6330.269379170914,-29550.364015226154,286.278024548878,26.493110565226893,1.0015712338669482
2815000,5630.000000229483,-35950.64665316213,6595.843194801327,-29354.803458360806,298.28824761469957,27.02831292277245,0.9817385759002069
2820000,5640.00000023152,-35535.45013121866,6538.399918751785,-28997.05021246688,295.6904517538807,27.424000318260422,0.9675735534512623
2825000,5650.000000233557,-35914.94526440267,6278.8807944893,-29636.06446991337,283.9540440630836,26.919840054838463,0.9856944686050814
2830000,5660.000000235595,-35615.990003934334,6298.487644363113,-29317.50235957122,284.84073780600244,26.74555424599949,0.9921176878118636
2835000,5670.000000237632,-35858.34564137672,6624.344483341899,-29234.001158034822,299.5771805323634,26.980584211377803,0.9834752735486725
2840000,5680.000000239669,-36006.26796293714,6493.444735609316,-29512.823227327826,293.6574133075856,26.59570440751538,0.997707638466971
2845000,5690.000000241706,-35669.7646048651,6644.063231149477,-29025.701373715623,300.46893471070933,26.813808422405625,0.9895922660361574
2850000,5700.000000243744,-35454.502968946836,6612.445810671703,-28842.057158275133,299.0390788651602,26.99636673075644,0.9829003177511763
2855000,5710.000000245781,-35667.55438199068,6702.366684456736,-28965.187697533947,303.10563094548564,26.828618617798526,0.989045981673623
2860000,5720.000000247818,-35701.97964380591,6391.028975304997,-29310.950668500915,289.0257965806476,26.73543237523204,0.9924932974852434
2865000,5730.0000002498555,-35923.92664914666,6683.240895170104,-29240.68575397656,302.2406925286576,26.744556506867845,0.9921547000031135
2870000,5740.000000251893,-36025.913480435214,6441.053282793069,-29584.860197642145,291.2880794424531,26.843125323462584,0.988511476143009
2875000,5750.00000025393,-35848.125648072775,6631.131384636442,-29216.994263436332,299.88410912876765,26.62168064197089,0.9967341203828417
2880000,5760.000000255967,-35901.32844799132,6672.91723687212,-29228.4112111192,301.7738187944388,26.821488526845574,0.989308904732458
2885000,5770.000000258005,-35824.026070843705,6414.398472602446,-29409.62759824126,290.08265105559735,26.67274777986133,0.9948257921076378
2890000,5780.000000260042,-35660.66984030483,6659.879664227546,-29000.790176077284,301.1842118886281,26.916099798521287,0.9858314405285993
2895000,5790.000000262079,-35623.24742277431,6492.8408735141775,-29130.40654926013,293.6301044464075,26.928026904291784,0.9853947907916968
2900000,5800.000000264116,-35979.3731148477,6485.852518712834,-29493.52059613487,293.31406538273694,26.950455488381337,0.984574730071899
2905000,5810.000000266154,-36120.110683989165,6581.053414860931,-29539.057269128236,297.61939946128916,26.781782251065998,0.9907756395387621
2910000,5820.000000268191,-35468.355772464405,6597.731098565754,-28870.624673898652,298.3736255548544,26.987713781060037,0.983215460674177
2915000,5830.000000270228,-35458.62498482847,6575.292067069599,-28883.33291775887,297.35885015988526,26.755153743820546,0.99176172530559
2920000,5840.000000272265,-35806.608492586674,6553.519916870076,-29253.0885757166,296.37423358577706,27.18184016386079,0.9761935644469959
2925000,5850.000000274303,-35459.96792080973,6660.116662687302,-28799.851258122428,301.1949298291795,27.15441704880016,0.9771794176284939
2930000,5860.00000027634,-35331.05672445144,6276.788733107414,-29054.267991344022,283.8594333658498,26.658377736099432,0.9953620471757282
2935000,5870.000000278377,-35906.72760784766,6364.213100178342,-29542.514507669315,287.81308424599274,27.24497008006585,0.9739316049828324
2940000,5880.0000002804145,-35663.78005311733,6465.166295061465,-29198.613758055864,292.37855839439675,26.463396786544756,1.002695823662339
2945000,5890.000000282452,-35890.14776437074,6589.810877034893,-29300.33688733585,298.01544405608513,27.399346021288267,0.9684441890390845
2950000,5900.000000284489,-35381.95464048942,6540.928101192342,-28841.02653929708,295.804785446719,27.082779559046234,0.9797641848369514
2955000,5910.000000286526,-35989.496751235376,6435.8742815520045,-29553.62246968337,291.05386599028844,26.82157937200754,0.9893055539257646
2960000,5920.000000288564,-35898.147167451236,6322.666380758267,-29575.48078669297,285.93418904428125,26.737977508404363,0.9923988240863506
2965000,5930.000000290601,-36125.87937264596,6389.715977237693,-29736.16339540827,288.9664179870318,26.869762345296397,0.9875315269557172
2970000,5940.000000292638,-35662.568786865384,6649.51765126636,-29013.051135599024,300.7156036157103,27.343062981418303,0.970437637356874
2975000,5950.000000294675,-35490.37698230208,6641.8534032938815,-28848.523579008197,300.36899818112425,27.123983024200516,0.978275845922518
2980000,5960.000000296713,-36075.75452635538,6337.256575335504,-29738.497951019872,286.5940112147403,26.382896228414108,1.005755289641406
2985000,5970.00000029875,-36055.26027478152,6531.8959232624275,-29523.364351519092,295.3963171967488,26.349721684707397,1.0070215448684516
2990000,5980.000000300787,-36264.45514303196,6476.45738266595,-29787.99776036601,292.8891828340227,26.823000072282774,0.9892531546166284
2995000,5990.000000302824,-35561.493030663885,6581.580646396724,-28979.91238426716,297.6432428072048,26.793286475404187,0.9903502305380212
3000000,6000.000000304862,-35814.61832264248,6451.1718087968065,-29363.44651384567,291.7456763411298,26.905229011829974,0.9862297557891335
3005000,6010.000000306899,-35670.70747550762,6726.232968680277,-28944.47450682734,304.18495194931506,26.93013765413316,0.985317556804813
3010000,6020.000000308936,-35648.133346591865,6402.954128915903,-29245.179217675963,289.5650958132213,27.007325938185684,0.9825014701018694
3015000,6030.0000003109735,-35408.43694928623,6423.53780097581,-28984.899148310422,290.49596504205084,26.716282474324164,0.9932047044078512
3020000,6040.000000313011,-35556.037627294805,6535.852165391226,-29020.18546190358,295.5752329921802,26.71183897322985,0.9933699235152041
3025000,6050.000000315048,-35926.62654945591,6555.053852522258,-29371.572696933654,296.4436037882106,26.619295388991066,0.9968234339050818
3030000,6060.000000317085,-35639.36489294738,6437.240136604022,-29202.124756343357,291.115634970831,26.52990168243191,1.0001822756606398
3035000,6070.000000319123,-35874.75393269823,6507.977239765301,-29366.77669293293,294.31462650537037,26.95663532372573,0.984349015339959
3040000,6080.00000032116,-35609.22758509079,6301.914680204136,-29307.312904886654,284.99572094998274,26.93764358920521,0.9850430068211726
3045000,6090.000000323197,-35529.787018225994,6572.068205447922,-28957.718812778072,297.2130553001105,26.986338114109913,0.9832655814800598
3050000,6100.000000325234,-36093.026358497955,6366.561176530327,-29726.46518196763,287.9192728801997,26.446894138301705,1.0033214977542055
3055000,6110.000000327272,-35743.12414644941,6566.306016100463,-29176.818130348947,296.95246794044857,26.67451098205051,0.9947600334882697
3060000,6120.000000329309,-35710.27564766737,6588.286160525249,-29121.98948714212,297.9464907771277,27.2194132285193,0.9748460488481749
3065000,6130.000000331346,-35738.12344807647,6371.630584985247,-29366.49286309122,288.1485301441767,26.80910757534207,0.9897657862432303
3070000,6140.0000003333835,-35915.634741106995,6646.005990621514,-29269.62875048548,300.55679342737915,26.92360837351537,0.9855565074958483
3075000,6150.000000335421,-35453.15913581493,6531.171446013631,-28921.9876898013,295.36355367545247,26.943956639603805,0.984812208270313
3080000,6160.000000337458,-36005.88345565086,6405.000166036201,-29600.883289614656,289.6576251243562,26.528083256492447,1.0002508353593058
3085000,6170.000000339495,-35582.83663877305,6746.599364376153,-28836.237274396895,305.1059951431767,26.547785536218445,0.9995085052042154
3090000,6180.0000003415325,-35875.56114302305,6630.9122818443875,-29244.648861178663,299.8742004960184,27.032353997337687,0.9815918155111867
3095000,6190.00000034357,-35789.97937747451,6478.95451592466,-29311.024861549853,293.00211236885275,26.81967177246713,0.9893759201418765
3100000,6200.000000345607,-35407.87146186543,6561.875385992349,-28845.996075873078,296.75209857875416,26.77963039917884,0.9908552523787421
3105000,6210.000000347644,-35579.84162750878,6315.016210005568,-29264.825417503213,285.5882202332618,27.027357356767315,0.9817732857683114
3110000,6220.000000349682,-35635.96981425518,6432.377350616683,-29203.592463638495,290.89572193350597,26.971525825462507,0.9838055736816206
3115000,6230.000000351719,-36103.592404601586,6376.107096823049,-29727.485307778537,288.3509744461541,26.91862226245951,0.9857390611997595
3120000,6240.000000353756,-35629.54701987133,6643.463162479957,-28986.08385739137,300.4417974021661,26.710445535304302,0.9934217459126887
3125000,6250.000000355793,-35816.46896852471,6624.115414483604,-29192.353554041103,299.56682119750565,27.03404235671761,0.9815305120728364
3130000,6260.000000357831,-35863.624875343696,6524.078156683046,-29339.54671866065,295.0427690870753,26.5807042556491,0.998270669677552
3135000,6270.000000359868,-35724.39164584241,6476.299659213292,-29248.091986629115,292.88205000037107,26.87474811022188,0.9873483215158109
3140000,6280.000000361905,-35347.687491277335,6684.486605454921,-28663.200885822414,302.29702812168483,27.32337994708693,0.9711367147539437
3145000,6290.0000003639425,-35434.23675256652,6520.416977015305,-28913.819775551212,294.8771970995312,27.20326373680511,0.9754247760310896
3150000,6300.00000036598,-35520.31511123854,6632.07520270143,-28888.239908537107,299.9267920471388,26.975495806695125,0.9836607871059796
3155000,6310.000000368017,-35850.8745797981,6499.401382020324,-29351.473197777777,293.9267947296607,26.507216890594105,1.001038228468393
3160000,6320.000000370054,-35598.61545697674,6417.694263248759,-29180.92119372798,290.2316988099721,26.986638598549334,0.9832546332470677
3165000,6330.000000372092,-35857.45443195653,6363.042488807106,-29494.411943149425,287.76014490158275,26.641557976319636,0.9959904545137037
3170000,6340.000000374129,-35737.360568041695,6643.661095267578,-29093.69947277412,300.4507486495839,26.640303140664713,0.9960373685569746
3175000,6350.000000376166,-35586.90335134723,6571.154138960687,-29015.749212386545,297.171717857326,26.669706707289645,0.9949392293292459
3180000,6360.000000378203,-35769.34041163758,6644.937411069723,-29124.403000567858,300.5084683364807,26.785003334228083,0.9906564918690718
3185000,6370.000000380241,-35681.0894223629,6558.71797228095,-29122.37145008195,296.60930873746287,26.9642950498314,0.9840693920886946
3190000,6380.000000382278,-35772.72502242494,6476.9706032451695,-29295.754419179768,292.9123925530372,26.707079691309563,0.993546945023051
3195000,6390.000000384315,-35554.88916717103,6492.4241182373635,-29062.465048933667,293.61125724256505,26.913565235221785,0.985924280409411
3200000,6400.000000386352,-35560.99009653388,6520.1086303001575,-29040.881466233724,294.8632525288974,26.903675955226642,0.9862866874380715
3205000,6410.00000038839,-35562.43708853214,6376.369109564162,-29186.067978967978,288.36282362435486,26.751437889277085,0.9918994839684425
3210000,6420.000000390427,-35789.277142047904,6495.159565375155,-29294.11757667275,293.7349642060382,27.190362159228155,0.9758876061451114
3215000,6430.000000392464,-35533.24318593678,6651.303694433321,-28881.939491503457,300.79637504564005,26.774765293803267,0.9910352956083229
3220000,6440.0000003945015,-35773.8354833496,6646.420357413329,-29127.41512593627,300.57553261516,26.98996253520734,0.98313354096636
3225000,6450.000000396539,-35476.85114880195,6605.608863888658,-28871.242284913293,298.72988702801086,26.792027645856415,0.9903967623701515
3230000,6460.000000398576,-35678.78090887212,6499.544026974557,-29179.236881897563,293.933245658249,27.464047586205723,0.9661626661000725
3235000,6470.000000400613,-35691.821409527874,6547.259166367574,-29144.5622431603,296.0910994600878,26.931761433421855,0.9852581496900767
3240000,6480.000000402651,-35899.417408804264,6563.449757358389,-29335.967651445873,296.8232974326386,27.019681793516764,0.9820521810939558
3245000,6490.000000404688,-35908.80987318443,6630.139321531434,-29278.670551652995,299.83924439254275,26.86436944555981,0.9877297694092535
3250000,6500.000000406725,-35407.212802939,6399.226733832708,-29007.986069106293,289.3965293214633,26.590166032808074,0.9979154475774276
3255000,6510.000000408762,-35702.128304841586,6474.929105102015,-29227.19919973957,292.8200685111148,27.002274472550674,0.9826852721152002
3260000,6520.0000004108,-35586.58345020297,6574.409306888828,-29012.17414331414,297.3189285032282,26.81231630328604,0.9896473373520425
3265000,6530.000000412837,-36011.91152797045,6555.623671454967,-29456.287856515482,296.46937309258544,26.432482333928657,1.003868539570643
3270000,6540.000000414874,-35603.24356100864,6673.156240263549,-28930.08732074509,301.7846274053621,26.963320740340578,0.9841049510674114
3275000,6550.0000004169115,-35683.167943067056,6499.869096473419,-29183.298846593636,293.94794649456435,26.98590100435577,0.9832815081291834
3280000,6560.000000418949,-35694.31950588492,6513.94626221131,-29180.373243673614,294.58456761719,26.892091589374893,0.986711552338744
3285000,6570.000000420986,-35833.91276460122,6252.24871177729,-29581.66405282393,282.7496434962605,26.7070216717342,0.9935491034506198
3290000,6580.000000423023,-35646.38907391053,6452.132224005589,-29194.256849904945,291.789109843284,26.904420123263662,0.9862594070497649
3295000,6590.0000004250605,-35735.81449143209,6647.871936965724,-29087.942554466365,300.6411783723694,26.58046112995629,0.9982798006420973
3300000,6600.000000427098,-35927.2151780195,6245.656272431135,-29681.55890558836,282.45150918317967,26.438561625788477,1.003637709696941
3305000,6610.000000429135,-36319.87502945947,6579.938222173883,-29739.936807285587,297.56896635326217,26.774156911466772,0.9910578146504978
3310000,6620.000000431172,-35596.08090783846,6647.926988623915,-28948.153919214546,300.6436680104892,26.572875624429887,0.9985647700617302
3315000,6630.00000043321,-35893.08934602352,6601.183242146383,-29291.906103877132,298.52974416300924,26.81414154597604,0.9895799719073913
3320000,6640.000000435247,-35852.37887422476,6542.378432965163,-29310.000441259603,295.8703747747545,26.55153277461929,0.9993674437941465
3325000,6650.000000437284,-35417.1370797191,6588.51364427611,-28828.623435442987,297.95677842760716,26.98357955609963,0.9833661016923758
3330000,6660.000000439321,-35495.064395653775,6386.77061000544,-29108.293785648333,288.833217666111,26.74476090049882,0.9921471175796858
3335000,6670.000000441359,-35722.06489711499,6647.967685494406,-29074.09721162059,300.6455084724019,26.69386237490034,0.99403889422678
3340000,6680.000000443396,-35648.64839086117,6633.66703648729,-29014.98135437388,299.9987806157652,27.319335998618506,0.9712804673997057
3345000,6690.000000445433,-35590.79742719017,6316.7143208153675,-29274.0831063748,285.6650150391344,26.752561886148033,0.9918578097571644
3350000,6700.0000004474705,-35775.59024128994,6421.119025204553,-29354.471216085385,290.3865791205132,26.530521296351676,1.00015891664506
3355000,6710.000000449508,-35580.943640248006,6488.715866575105,-29092.2277736729,293.4435564865918,27.058133662879065,0.9806566028680195
3360000,6720.000000451545,-36091.20454613959,6628.9348377098095,-29462.26970842978,299.7847732115547,26.975873504807794,0.9836470145464841
3365000,6730.000000453582,-36112.412050590465,6736.188222664671,-29376.223827925794,304.63516508778156,26.562599821058573,0.9989510671598983
3370000,6740.00000045562,-35430.26607811176,6537.752210063507,-28892.513868048252,295.66115998876666,27.292264044396983,0.9722439074538883
3375000,6750.000000457657,-35560.29974684844,6369.767952620888,-29190.53179422755,288.06429506952344,27.03876488302879,0.9813590802900407
3380000,6760.000000459694,-35870.284848132236,6472.522359578544,-29397.762488553693,292.7112266415542,26.957121261167842,0.9843312711588195
3385000,6770.000000461731,-35638.62535220734,6514.360780347033,-29124.264571860305,294.6033136492981,26.998125297334635,0.9828362949485014
3390000,6780.000000463769,-35616.0680194139,6615.646363728132,-29000.421655685765,299.183819626031,26.603255184428484,0.9974244600457466
3395000,6790.000000465806,-35678.000371892085,6716.119845012954,-28961.880526879133,303.7275993641272,26.896499787024787,0.9865498354023181
3400000,6800.000000467843,-35567.732528018925,6542.3500272006395,-29025.382500818287,295.8690901617836,27.49136635474452,0.9652025692498313
3405000,6810.00000046988,-35524.555463110824,6449.472571922001,-29075.082891188824,291.668830610463,26.942532137297746,0.9848642771424801
3410000,6820.000000471918,-35998.53031718938,6625.858115820931,-29372.672201368452,299.6456325507587,26.956964512621706,0.9843369948186774
3415000,6830.000000473955,-35862.9305217055,6550.32852100271,-29312.60200070279,296.2299069466187,26.806930013350833,0.9898461862127634
3420000,6840.000000475992,-35772.32528474983,6626.398568828488,-29145.92671592134,299.67007382017357,26.855767211491,0.988046151458825
3425000,6850.0000004780295,-35635.0192776538,6515.402663821676,-29119.616613832128,294.6504314455663,26.927323464132733,0.9854205329071093
3430000,6860.000000480067,-35497.05659023234,6601.0415319736085,-28896.015058258734,298.5233355086708,27.14866324803405,0.9773865179056017
3435000,6870.000000482104,-35541.87968691083,6722.057156221974,-28819.822530688853,303.9961063773742,26.909990786067944,0.9860552405512366
3440000,6880.000000484141,-36020.60574375735,6554.478010612762,-29466.127733144585,296.4175621027106,26.584374218770105,0.9981328587773461
3445000,6890.000000486179,-35707.36877854643,6554.009565662168,-29153.35921288426,296.39637730202776,26.76307767903977,0.9914680873406866
3450000,6900.000000488216,-35633.64438166342,6776.078561986503,-28857.56581967692,306.4391526996222,26.45337140816334,1.0030758283459982
3455000,6910.000000490253,-35358.88844631788,6552.313692757521,-28806.574753560355,296.3196837024433,26.538870094358693,0.9998442791062235
3460000,6920.00000049229,-35773.19705514537,6705.146325635584,-29068.050729509785,303.23133652576536,26.705121719884445,0.9936197900955532
3465000,6930.000000494328,-35708.668692181185,6600.283691248024,-29108.38500093316,298.4890631684515,26.69603269618544,0.9939580813286648
3470000,6940.000000496365,-35584.395383600626,6441.102211576641,-29143.293172023987,291.2902921817009,27.10651338311459,0.9789063264151493
3475000,6950.000000498402,-35792.97164139779,6439.765370425372,-29353.206270972416,291.22983531628216,26.576337911776104,0.9984346799725976
3480000,6960.0000005004395,-35628.05963154367,6494.389071083809,-29133.67056045986,293.7001196251143,26.797059277562155,0.9902107974962007
3485000,6970.000000502477,-35548.101180590405,6736.992846564433,-28811.108334025972,304.6715531349137,26.79302275223265,0.9903599785349586
3490000,6980.000000504514,-35741.00953028069,6248.686708620758,-29492.32282165993,282.5885566347054,26.908681824650394,0.9861032067903063
3495000,6990.000000506551,-35756.03413635977,6592.480189713605,-29163.553946646163,298.13616017648906,26.920094249672914,0.9856851611175242
3500000,7000.0000005085885,-35813.136626934895,6475.671814591043,-29337.464812343853,292.85365656125884,26.77380318237073,0.9910709082697539
3505000,7010.000000510626,-35708.282706769154,6310.8073740395685,-29397.475332729584,285.3978812170485,27.07805278650555,0.9799352134733805
3510000,7020.000000512663,-35483.471365891644,6615.335690459762,-28868.135675431884,299.16976984011797,26.995293086660805,0.9829394092001692
3515000,7030.0000005147,-35931.35967138271,6549.656154744028,-29381.703516638678,296.1995000756343,26.654927614373836,0.9954908833996893
3520000,7040.000000516738,-35833.565097191226,6739.39207237787,-29094.173024813354,304.780054935576,26.897341719442704,0.986518954719127
3525000,7050.000000518775,-35560.20615017986,6521.729605567896,-29038.476544611964,294.9365589823349,26.733491514456183,0.9925653528436075
3530000,7060.000000520812,-35598.713471980926,6669.687548067539,-28929.02592391339,301.6277604080571,26.61862126583769,0.9968486787045743
3535000,7070.000000522849,-36219.81074376257,6447.962862453265,-29771.84788130931,291.6005560049976,26.75425417567671,0.9917950716754236
3540000,7080.000000524887,-35940.35275894738,6374.182886237686,-29566.169872709695,288.26395457824674,26.56407973067906,0.9988954146656401
3545000,7090.000000526924,-35988.511268168055,6545.3194910158345,-29443.19177715222,296.0033802186619,26.966925848653325,0.9839733897259512
3550000,7100.000000528961,-35977.50226022956,6370.443123410961,-29607.059136818596,288.0948287717149,26.756313920715538,0.9917187216600787
3555000,7110.0000005309985,-35853.52301098517,6422.020023720452,-29431.502987264717,290.4273255816515,27.343260318786516,0.9704306336708785
3560000,7120.000000533036,-35726.51830925861,6779.86629553759,-28946.652013721017,306.6104479184466,27.151438773237725,0.9772866056712323
3565000,7130.000000535073,-35734.378224743035,6394.366833793918,-29340.01139094912,289.17674679732806,26.631764449426587,0.9963567186161075
3570000,7140.00000053711,-35515.86349097164,6495.077527672145,-29020.785963299495,293.7312541598855,26.761783147990386,0.9915160470082632
3575000,7150.000000539148,-35568.00969554154,6324.133269321965,-29243.876426219576,286.0005271311927,26.80536613617154,0.9899039357638706
3580000,7160.000000541185,-35235.76745186442,6626.177212580518,-28609.5902392839,299.6600632778736,27.206273065182092,0.9753168827723881
3585000,7170.000000543222,-35835.4581483538,6315.3806140718,-29520.077534281998,285.6046999231407,26.590277411328366,0.9979112676155489
3590000,7180.000000545259,-35791.658185296095,6535.0609842689355,-29256.597201027158,295.5394528768039,26.889099990609786,0.9868213308386762
3595000,7190.000000547297,-35606.283135735815,6529.532481611176,-29076.75065412464,295.28943368729136,27.05963039409904,0.9806023604658797
3600000,7200.000000549334,-35728.29911040904,6515.792778838653,-29212.50633157039,294.6680738790423,26.707485841415547,0.9935318358061289
3605000,7210.000000551371,-35829.09304844121,6545.596623202698,-29283.49642523851,296.0159131537144,26.916623563659996,0.9858122574338114
3610000,7220.000000553408,-35619.82811342518,6577.916561986023,-29041.91155143916,297.47753945651846,26.741341701960796,0.9922739753870367
3615000,7230.000000555446,-36057.50639604452,6594.851930772997,-29462.654465271524,298.243419015656,26.862589797573744,0.9877952065583947
3620000,7240.000000557483,-35848.30935575435,6463.584401813725,-29384.724953940622,292.3070193734034,26.50655631066831,1.0010631757211002
3625000,7250.00000055952,-35636.49518750969,6414.675306801678,-29221.81988070801,290.095170514555,26.752086139131027,0.991875448508469
3630000,7260.0000005615575,-35676.631728505636,6540.022617104951,-29136.609111400685,295.7638361315679,26.997514671749116,0.9828585245868726
3635000,7270.000000563595,-35613.65124119611,6394.336602019503,-29219.314639176606,289.1753796054852,27.16071875559222,0.9769526968915155
3640000,7280.000000565632,-35253.95968954231,6461.610212174623,-28792.349477367687,292.2177392691749,26.984347647009987,0.9833381108521251
3645000,7290.000000567669,-35675.39071266081,6317.602542399084,-29357.788170261727,285.7051836804855,26.663872912112193,0.9951569123229
3650000,7300.000000569707,-35723.81157753049,6600.486534619168,-29123.32504291132,298.4982364904866,26.823078230931827,0.989250272073116
3655000,7310.000000571744,-35804.796387460316,6470.541851755859,-29334.25453570446,292.62166080586525,27.145589370620886,0.9774971939458342
3660000,7320.000000573781,-35672.81862763179,6490.089036039873,-29182.729591591913,293.5056562517357,26.95214511824823,0.98451300708611
3665000,7330.000000575818,-35901.01715059893,6471.486666650538,-29429.53048394839,292.6643888045351,26.969490581648895,0.9838798162484785
3670000,7340.000000577856,-35873.03469277254,6400.184141914637,-29472.850550857904,289.43982683029975,27.18962028573786,0.9759142334071657
3675000,7350.000000579893,-35355.83083559437,6664.96098392456,-28690.869851669806,301.4140078227078,26.81352364938294,0.9896027760006256
3680000,7360.00000058193,-35739.67869178332,6588.271308448587,-29151.407383334736,297.9458191116878,27.23700243783233,0.9742165092635489
3685000,7370.000000583967,-35546.22873470876,6345.742877277506,-29200.485857431257,286.9777929482121,26.67736769860203,0.9946535107051915
3690000,7380.000000586005,-35787.3921667683,6399.777931054597,-29387.614235713707,289.42145648370035,27.007271407452038,0.9825034538833911
3695000,7390.000000588042,-36021.50099041655,6387.646515567547,-29633.854474849002,288.8728293317435,27.09295034802572,0.9793963779113257
3700000,7400.000000590079,-35517.232048667145,6570.564377102233,-28946.667671564912,297.14504666062334,27.007232750449777,0.9825048601969735
3705000,7410.0000005921165,-35472.26647665136,6448.115973821064,-29024.1505028303,291.6074802632375,27.161452683415703,0.976926298717057
3710000,7420.000000594154,-35605.769778635484,6509.0883079465,-29096.681470688985,294.36487308809865,27.369800061551345,0.9694896337610941
3715000,7430.000000596191,-36038.37550455078,6246.280531319205,-29792.094973231575,282.4797404622263,26.7921354592176,0.9903927769467417
3720000,7440.000000598228,-35551.822862253684,6471.492773206424,-29080.33008904726,292.6646649654141,27.120549120954617,0.9783997115783247
3725000,7450.000000600266,-35385.10015762587,6424.277685125313,-28960.822472500557,290.5294253199676,27.130956303617374,0.9780244065429385
3730000,7460.000000602303,-35791.70013652471,6739.112993317109,-29052.587143207602,304.7674339557374,26.628506459780425,0.9964786225568353
3735000,7470.00000060434,-35651.07739091496,6608.094706599463,-29042.982684315495,298.8423059628085,26.866251201220173,0.9876605872196516
3740000,7480.000000606377,-35666.687513701894,6643.605887679198,-29023.081626022697,300.44825195972834,26.595757537507776,0.9977056453596429
3745000,7490.000000608415,-35950.0403106403,6492.793803991212,-29457.24650664909,293.627975789751,26.47430740114793,1.0022825917869804
3750000,7500.000000610452,-35799.31240679107,6483.816310076757,-29315.496096714312,293.2219805517464,26.916912913201745,0.9858016602183782
3755000,7510.000000612489,-35695.14877193703,6646.616598594756,-29048.53217334227,300.58440736193444,26.591394505952874,0.9978693457331692
3760000,7520.0000006145265,-35680.1291136077,6401.207120412157,-29278.92199319554,289.48608967408796,27.031765382923655,0.9816131895902792
3765000,7530.000000616564,-35819.92496108203,6356.770465737052,-29463.15449534498,287.47650098899857,26.69751074275982,0.9939030531145613
3770000,7540.000000618601,-36059.2327752396,6285.018536921313,-29774.214238318287,284.2316153121694,26.676753502954316,0.9946764112375667
3775000,7550.000000620638,-35864.73434419034,6752.807601709223,-29111.92674248112,305.38675443052864,26.518714795564787,1.0006042013101508
3780000,7560.0000006226755,-35702.5780121831,6459.768426527833,-29242.809585655265,292.13444695963426,26.75285715411001,0.9918468627456967
3785000,7570.000000624713,-35634.63671473633,6608.740098183575,-29025.896616552753,298.87149293996436,26.470922813415918,1.0024107442276067
3790000,7580.00000062675,-35691.21086885613,6778.4604413820725,-28912.750427474057,306.54687003157665,26.828304348607006,0.9890575674479977
3795000,7590.000000628787,-35579.15481508373,6816.00825805205,-28763.146557031683,308.2449201679221,26.826547340811604,0.9891223458868341
3800000,7600.000000630825,-35836.84133508983,6345.104374940431,-29491.736960149403,286.9489175281029,26.58162670601204,0.9982360271347257
3805000,7610.000000632862,-35934.13735273686,6501.654881838643,-29432.48247089822,294.02870626575304,26.40325958771205,1.0049796067655572
3810000,7620.000000634899,-35690.42888344038,6519.131108827201,-29171.297774613176,294.8190454186672,27.248510162830687,0.9738050733497882
3815000,7630.000000636936,-36105.8163813132,6756.498573542198,-29349.317807771,305.55367372917436,26.966330614630532,0.9839951091970744
3820000,7640.000000638974,-35913.57877328178,6735.5715802398945,-29178.00719304188,304.6072782531709,26.753056369359076,0.9918394770093879
3825000,7650.000000641011,-35628.59029635106,6633.406792930243,-28995.183503420816,299.987011446564,26.54706565931481,0.9995356088810252
3830000,7660.000000643048,-35780.87972534086,6365.806226252883,-29415.07349908798,287.88513125665827,26.872077634614495,0.9874464415660895
3835000,7670.0000006450855,-35647.365647256265,6541.052227692209,-29106.313419564056,295.81039890280556,27.143994744136524,0.9775546189095712
3840000,7680.000000647123,-35645.98653489955,6473.839698001271,-29172.146836898282,292.770801521979,26.71104292167405,0.9933995282624024
3845000,7690.00000064916,-35612.49852876818,6544.120517548168,-29068.37801122001,295.94915823611257,26.94932062655278,0.9846161914613716
3850000,7700.000000651197,-35782.222990977934,6600.32930850739,-29181.893682470545,298.4911261484156,26.69188592967634,0.9941124994950681
3855000,7710.000000653235,-35878.877927837326,6523.765051556253,-29355.112876281073,295.0286093235953,27.1046820158097,0.9789724676463839
3860000,7720.000000655272,-35485.324761290554,6550.38683806604,-28934.937923224516,296.23254425834864,26.80603743181613,0.9898791458932181
3865000,7730.000000657309,-35932.27749717454,6514.91965286244,-29417.3578443121,294.6285879164899,26.5342032807558,1.000020130886401
3870000,7740.000000659346,-35722.97542316047,6575.153502225678,-29147.821920934788,297.35258374886644,27.000067808172147,0.9827655851203632
3875000,7750.000000661384,-35528.74314078235,6472.83368631396,-29055.909454468394,292.72530597964646,26.816038282066952,0.9895099775246334
3880000,7760.000000663421,-35775.39071301195,6400.179970557648,-29375.2107424543,289.4396381862204,26.619091879735137,0.9968310548560986
3885000,7770.000000665458,-35875.22854293778,6668.554179283969,-29206.674363653812,301.5765053102072,26.415720180203518,1.0045055465750072
3890000,7780.000000667495,-35552.30351771614,6682.1034609632225,-28870.200056752914,302.1892535774383,26.738640114446415,0.992374231606922
3895000,7790.000000669533,-35694.22216095672,6717.9593300674,-28976.26283088932,303.81078763243477,26.961250124685694,0.9841805300227011
3900000,7800.00000067157,-35716.90004595654,6237.6907986404785,-29479.209247316066,282.0912812110671,26.593231434230905,0.9978004178774669
3905000,7810.000000673607,-35630.96850167074,6280.32191421768,-29350.646587453055,284.0192167886451,26.872445201142895,0.9874329350817413
3910000,7820.0000006756445,-35615.80688335619,6507.634096630359,-29108.172786725834,294.2991083128694,26.896121843867235,0.9865636983585478
3915000,7830.000000677682,-35748.4316302699,6531.043098771668,-29217.388531498233,295.3577493419108,27.239820248438292,0.9741157318873669
3920000,7840.000000679719,-36111.638546095026,6537.710845431255,-29573.92770066377,295.65928932821527,26.46029717337835,1.002813281495732
3925000,7850.000000681756,-35789.67737945836,6515.717905895718,-29273.959473562638,294.6646878496474,27.14562532999123,0.9774958990711287
3930000,7860.000000683794,-35768.680484676865,6671.3026477702415,-29097.377836906624,301.70080114687,27.099916967475227,0.9791446029017077
3935000,7870.000000685831,-35543.51156709599,6929.267224821929,-28614.244342274065,313.3669065048723,26.90534365413757,0.9862255535140583
3940000,7880.000000687868,-36001.11098180498,6503.875877983397,-29497.235103821586,294.1291478663812,26.61226950864817,0.9970866043260537
3945000,7890.000000689905,-36069.977236985054,6545.521835214141,-29524.455401770912,296.01253096626846,26.842221299247345,0.9885447684067719
3950000,7900.000000691943,-35504.78907086248,6552.521615395787,-28952.26745546669,296.3290867275875,27.28561179610473,0.9724809410934983
3955000,7910.00000069398,-35606.62812015991,6522.467951236425,-29084.16016892349,294.96994968449303,26.942149630571123,0.984878259590651
3960000,7920.000000696017,-35525.95704774594,6442.419084327483,-29083.537963418457,291.3498460027332,27.067798880269077,0.9803064355236559
3965000,7930.0000006980545,-35758.25024540552,6497.26114854762,-29260.989096857902,293.8300055136038,27.09344161912358,0.979378619032975
3970000,7940.000000700092,-35575.01936231696,6364.412495396692,-29210.60686692027,287.8221016298977,27.009832454966602,0.9824102938079701
3975000,7950.000000702129,-35745.76260418453,6653.514664462525,-29092.247939722005,300.8963632285095,26.981084379027756,0.983457042164439
3980000,7960.000000704166,-35680.15060225659,6614.757832823218,-29065.39276943337,299.1436369960395,27.278411788260733,0.9727376228408945
3985000,7970.0000007062035,-35580.79552943942,6202.723805469342,-29378.07172397008,280.5099453895008,27.0877497645609,0.979584412452871
3990000,7980.000000708241,-35713.498655355674,6548.400808152689,-29165.097847202986,296.142728693444,27.049501588898845,0.9809695513457327
3995000,7990.000000710278,-35723.35818071822,6520.071249377517,-29203.286931340703,294.8615620263219,26.406107902703976,1.0048712038728977
4000000,8000.000000712315,-35970.91588185351,6568.423187688294,-29402.492694165212,297.04821421339386,26.78972965766677,0.9904817173171432
4005000,8010.000000714353,-35770.20189087192,6432.817215470035,-29337.38467540188,290.91561423725227,26.827691197385995,0.9890801725186564
4010000,8020.00000071639,-35813.73078928913,6669.211172986789,-29144.519616302343,301.60621697777117,26.719508452224485,0.9930847899104478
4015000,8030.000000718427,-35600.62644573674,6662.849901025022,-28937.77654471172,301.3185369026033,26.651267987899327,0.9956275795146236
4020000,8040.000000720464,-35667.60539342236,6477.036147755574,-29190.569245666786,292.91535671646136,26.880506770019235,0.987136800091243
4025000,8050.000000722502,-36001.48187042591,6511.2099561515515,-29490.27191427436,294.46082181011167,26.75609030960103,0.991727009841426
4030000,8060.000000724539,-35833.33428218521,6434.235180308023,-29399.09910187719,290.97973981365107,26.39118094848899,1.005439562919863
4035000,8070.000000726576,-35538.39611902537,6334.8744091885765,-29203.521709836794,286.4862809148366,26.70753335976481,0.9935300681029068
4040000,8080.0000007286135,-35394.74185133067,6577.287394831382,-28817.454456499287,297.4490862076355,27.266074152001796,0.9731777772576651
4045000,8090.000000730651,-36014.66308021247,6548.552219873504,-29466.110860338966,296.1495760874066,26.733966003809805,0.9925477362395977
4050000,8100.000000732688,-35375.17254963476,6357.82543678351,-29017.347112851246,287.5242106533187,26.965571244377415,0.9840228192206585
4055000,8110.000000734725,-35521.84398290136,6683.786181394155,-28838.057801507202,302.2653523738688,26.84370208670352,0.9884902370053953
4060000,8120.000000736763,-35766.56031759683,6475.497789352795,-29291.062528244034,292.84578650100656,26.673028863253762,0.9948153085210171
4065000,8130.0000007388,-35919.69810359622,6412.747302702871,-29506.95080089335,290.0079790900408,27.168880907809225,0.9766591979929814
4070000,8140.000000740837,-35505.28788774786,6576.128169319049,-28929.159718428808,297.3966617735713,26.783259771969032,0.9907209825728028
4075000,8150.000000742874,-35688.158481996994,6626.784163326497,-29061.374318670496,299.68751181918356,27.238736210740072,0.9741544994046123
4080000,8160.000000744912,-35842.73148916469,6427.973798641045,-29414.757690523646,290.6965771443866,26.534391145859654,1.0000130506830258
4085000,8170.000000746949,-35765.08028577063,6542.552624214194,-29222.527661556436,295.87825234262397,26.886794831366053,0.9869059366954531
4090000,8180.000000748986,-35909.48020449139,6736.548172801062,-29172.932031690325,304.6514433545993,27.33688726946688,0.9706568701925682
4095000,8190.000000751023,-35759.81775235971,6560.046263676805,-29199.771488682905,296.6693789515492,26.92839453883912,0.9853813378854218
4100000,8200.00000075306,-35663.87653901237,6523.2903116192765,-29140.586227393098,295.00713984051464,27.01332506615166,0.9822832758576782
4105000,8210.000000755097,-35822.22152292879,6798.319335973455,-29023.902186955336,307.4449621620714,26.89409622331585,0.9866380047671384
4110000,8220.000000757134,-35737.31285219295,6580.730974880052,-29156.581877312896,297.60481754143194,26.889821604452795,0.986794848553171
4115000,8230.000000759172,-35636.54675667454,6541.297971240909,-29095.248785433636,295.82151232838885,26.890787968653893,0.9867593864753553
4120000,8240.000000761209,-36007.67825204424,6683.96964945666,-29323.708602587583,302.2736494733057,26.67903118799393,0.9945914921276796
4125000,8250.000000763246,-35480.42900614571,6283.681045579221,-29196.747960566485,284.1711290427344,26.923968415692897,0.9855433280898427
4130000,8260.000000765283,-35787.021803927964,6595.639214139287,-29191.382589788678,298.27902286019435,26.81614626654381,0.9895059929208726
4135000,8270.00000076732,-35593.78471115986,6306.996134002501,-29286.78857715736,285.22552294861794,26.640728723625116,0.9960214569602467
4140000,8280.000000769358,-35573.8809673283,6888.146253019781,-28685.73471430852,311.5072651736861,26.68749628817612,0.9942760141776201
4145000,8290.000000771395,-35797.52444315014,6547.785428254952,-29249.73901489519,296.11489895494174,27.05839898858645,0.980646986873852
4150000,8300.000000773432,-35800.426874363686,6703.443440065064,-29096.98343429862,303.1543257876812,26.65926596591675,0.9953288838376806
4155000,8310.00000077547,-35696.20663099339,6439.349138479322,-29256.857492514064,291.21101177937845,26.812325925291162,0.9896469822022588
4160000,8320.000000777507,-35330.21828919244,6537.713020285487,-28792.505268906953,295.6593876831092,27.20591223619371,0.9753298182917379
4165000,8330.000000779544,-35913.009541231026,6617.093177658336,-29295.91636357269,299.24924986430665,27.258992994976683,0.9734305828053748
4170000,8340.000000781582,-35947.306996976404,6637.824054186841,-29309.482942789564,300.1867762197055,26.7326430427697,0.9925968560360724
4175000,8350.000000783619,-35920.73796220731,6619.690587068546,-29301.04737513877,299.36671425489743,26.759208876094142,0.9916114321859907
4180000,8360.000000785656,-35482.10517307874,6431.8125696757115,-29050.292603403024,290.8701804656158,27.255741667811993,0.9735467029732057
4185000,8370.000000787693,-36014.585770608624,6487.710964549535,-29526.874806059088,293.39811112723754,26.499548209723436,1.001327918037917
4190000,8380.00000078973,-35798.89437408009,6358.908264089926,-29439.986109990165,287.5731800799956,26.95328580168491,0.9844713417511805
4195000,8390.000000791768,-35666.26511695687,6324.364054301766,-29341.901062655103,286.0109640753662,26.662754400651423,0.9951986594880643
4200000,8400.000000793805,-35670.6715426362,6350.32166220567,-29320.349880430527,287.18486241485783,27.132203516098258,0.9779794487404613
4205000,8410.000000795842,-35590.92371986025,6636.16443504738,-28954.75928481287,300.1117221484978,26.803179425037996,0.9899846961066324
4210000,8420.00000079788,-36031.08706996018,6529.401235057647,-29501.685834902535,295.28349823623506,26.626513034915167,0.9965532250878273
4215000,8430.000000799917,-35496.44549779194,6660.156050450052,-28836.289447341886,301.19671108843346,26.750751920984587,0.9919249192009681
4220000,8440.000000801954,-35773.77602471934,6549.632999946297,-29224.14302477304,296.1984529306621,27.09478223358229,0.979330160657266
4225000,8450.000000803991,-35356.33801788771,6546.160021733837,-28810.177996153874,296.0413921039561,27.245565489730257,0.97391032121501
4230000,8460.000000806029,-35745.19042921356,6323.610128445553,-29421.580300768008,285.97686877991424,27.187207635249376,0.9760008381068295
4235000,8470.000000808066,-35293.46927598668,6582.745031373869,-28710.72424461281,297.6959005712121,27.25824308454007,0.9734573631723671
4240000,8480.000000810103,-35611.254916362624,6663.12665568871,-28948.128260673915,301.3310527646717,27.049797078016706,0.9809588353382692
4245000,8490.00000081214,-35498.134189145945,6682.352477857564,-28815.781711288382,302.2005150357304,26.599692984376663,0.9975580339732857
4250000,8500.000000814178,-35841.229055308504,6606.571276442582,-29234.657778865923,298.77341085744615,26.84112590888939,0.9885851110664424
4255000,8510.000000816215,-35447.25107425785,6721.988672115363,-28725.26240214249,303.9930092746161,26.985448297471343,0.9832980036234642
4260000,8520.000000818252,-35513.85393609433,6468.9689449360985,-29044.884991158233,292.5505281841411,27.029291087099907,0.981703047715219
4265000,8530.00000082029,-35813.02303057169,6492.467920235467,-29320.555110336223,293.6132381297497,26.295062647168077,1.0091148210535075
4270000,8540.000000822327,-35488.07813402492,6581.853682125014,-28906.22445189991,297.65559048535937,27.131849821954507,0.9779921978012884
4275000,8550.000000824364,-35717.55538937731,6481.990426051057,-29235.564963326255,293.13940737189836,26.499885946274325,1.001315156283469
4280000,8560.000000826401,-35880.12874752386,6382.250525811273,-29497.878221712584,288.62880286219155,26.735243366374196,0.992500314067139
4285000,8570.000000828439,-35697.911545738534,6752.9050164314,-28945.006529307135,305.39115988194885,26.95703560834224,0.9843343987562279
4290000,8580.000000830476,-35942.136042936065,6301.596742284033,-29640.53930065203,284.98134262984433,26.750662044435114,0.9919282518582658
4295000,8590.000000832513,-35616.59709850365,6529.019932540259,-29087.57716596339,295.2662543363479,26.859660045559817,0.9879029515928014
4300000,8600.00000083455,-35701.487056911166,6771.701548142262,-28929.785508768902,306.2412080622462,26.845197945492718,0.9884351566959834
4305000,8610.000000836588,-35308.70079022315,6720.292643775423,-28588.408146447728,303.91630864567685,27.113807102981248,0.9786429967951719
4310000,8620.000000838625,-35675.23986975357,6561.301517995159,-29113.93835175841,296.7261461608163,26.828097784900354,0.9890651827250427
4315000,8630.000000840662,-35757.40469005938,6563.21714231846,-29194.187547740923,296.8127777264266,26.723340003182436,0.9929424029566591
4320000,8640.0000008427,-35881.892343723426,6469.828237685958,-29412.06410603747,292.5893885574055,26.908240016293085,0.9861193976908509
4325000,8650.000000844737,-35933.42602735471,6463.944175937343,-29469.481851417368,292.3232896802772,26.786254386961783,0.9906102232308962
4330000,8660.000000846774,-35827.2982263745,6347.7800529439955,-29479.518173430504,287.0699215118686,26.597557782218217,0.9976381160652115
4335000,8670.000000848811,-35826.540770197,6168.182436055358,-29658.358334141645,278.9478578370208,26.562980937854842,0.9989367345429665
4340000,8680.000000850849,-35546.883413310774,6618.812264794691,-28928.071148516083,299.3269932966861,27.01259024100327,0.9823099969698523
4345000,8690.000000852886,-36038.34916665574,6700.985101949517,-29337.36406470622,303.0431507116714,26.64250951435818,0.9959548826842937
4350000,8700.000000854923,-35524.58770542461,6653.468261966411,-28871.1194434582,300.89426473725644,26.88927444512896,0.9868149284554086
4355000,8710.00000085696,-35695.814543591994,6388.061960599298,-29307.752582992696,288.89161728149327,26.880366088449353,0.9871419663882447
4360000,8720.000000858998,-35455.09169596225,6631.981209294792,-28823.110486667458,299.92254132016956,26.76903388516441,0.991247482132462
4365000,8730.000000861035,-35511.68036116701,6593.129503006759,-28918.55085816025,298.16552450772724,26.909746240143875,0.9860642014603372
4370000,8740.000000863072,-35620.66279244087,6306.150474200092,-29314.512318240777,285.1872791072941,26.686795997265044,0.9943021050750025
4375000,8750.00000086511,-35855.519997477095,6439.678759453566,-29415.841238023528,291.22591845012255,26.6830608450242,0.9944412896219859
4380000,8760.000000867147,-35573.278223566864,6564.162880054754,-29009.11534351211,296.85554745938276,26.973496710969314,0.9837336894847933
4385000,8770.000000869184,-35893.48686516239,6396.657174101276,-29496.829691061117,289.2803243956041,27.085220261583327,0.9796758963567918
4390000,8780.000000871221,-35762.30186276271,6496.805066268356,-29265.496796494353,293.80937979831134,26.760087312915488,0.9915788811713279
4395000,8790.000000873259,-35891.45782178234,6531.217651018863,-29360.240170763474,295.3656432354427,26.819791953115896,0.9893714867055488
4400000,8800.000000875296,-35709.31292549377,6497.554833512166,-29211.758091981603,293.84328702604097,27.210377784920126,0.9751697549930094
4405000,8810.000000877333,-35621.84707358672,6587.854529717601,-29033.99254386912,297.92697084716156,27.258137644430825,0.9734611287066106
4410000,8820.00000087937,-35813.07088360366,6607.368912055914,-29205.701971547744,298.80948286860666,27.16847457816283,0.9766738048339149
4415000,8830.000000881408,-35727.18815564193,6527.567020795561,-29199.62113484637,295.20054833251106,26.594950734902362,0.9977359124401175
4420000,8840.000000883445,-35701.49412158429,6345.431433286965,-29356.062688297327,286.9637083074126,26.70967653336393,0.9934503476536818
4425000,8850.000000885482,-35581.699773569206,6494.933938875037,-29086.765834694168,293.72476054725684,26.769058773130258,0.9912465605410946
4430000,8860.00000088752,-35646.069169712566,6340.78897916138,-29305.280190551188,286.7537594858815,26.407639514919424,1.0048129225179916
4435000,8870.000000889557,-35899.09393635345,6595.751762593147,-29303.342173760302,298.2841127145287,26.433389399516518,1.0038340916762312
4440000,8880.000000891594,-35649.10595557865,6414.365798357044,-29234.740157221604,290.08117340624824,26.73352086150939,0.9925642632427136
4445000,8890.000000893631,-35507.199065362845,6649.901211582408,-28857.297853780437,300.7329496215429,27.034653097343774,0.9815083382887902
4450000,8900.000000895669,-35785.46409493925,6662.283358167722,-29123.180736771526,301.2929157543874,26.71138872006362,0.9933866679816931
4455000,8910.000000897706,-35866.70217778987,6608.804048981199,-29257.898128808672,298.87438502984475,26.683159996316892,0.9944375944022523
4460000,8920.000000899743,-35732.82539838945,6566.470023567973,-29166.355374821473,296.9598849603252,26.702760362871114,0.9937076570811397
4465000,8930.00000090178,-35713.01633654595,6557.65967143755,-29155.356665108404,296.5614484874988,26.531713071595128,1.0001139906113297
4470000,8940.000000903818,-35596.96465460865,6369.638831647943,-29227.32582296071,288.0584557450258,26.917800586292824,0.9857691512619309
4475000,8950.000000905855,-36008.907450448976,6665.580266549811,-29343.327183899164,301.44201405687807,26.57413087964003,0.9985176018726382
4480000,8960.000000907892,-35772.899848234505,6649.382509472127,-29123.51733876238,300.7094920075669,27.200404395418648,0.9755273139342375
4485000,8970.00000090993,-35545.770206333415,6334.834790957228,-29210.93541537619,286.4844892329463,26.92172931385179,0.985625296519682
4490000,8980.000000911967,-36008.61092837792,6614.304048555166,-29394.306879822754,299.1231152052518,26.784567349994955,0.9906726172223491
4495000,8990.000000914004,-36126.334699977044,6541.238116687543,-29585.0965832895,295.81880548571417,26.351861350102784,1.0069397787600414
4500000,9000.000000916041,-35610.98379414406,6449.714451590183,-29161.269342553875,291.67976929718196,26.6718449294469,0.9948594672763809
4505000,9010.000000918079,-35795.73815744419,6442.103687092827,-29353.63447035136,291.3355825817195,26.40165712720668,1.0050406044567546
4510000,9020.000000920116,-35925.958628325236,6629.478411839831,-29296.480216485405,299.8093556295874,26.821489534559266,0.9893088675630036
4515000,9030.000000922153,-35743.38181506516,6518.389267275774,-29224.992547789385,294.7854966198484,26.647198210763303,0.9957796398673503
4520000,9040.00000092419,-35688.75028499331,6720.657489165592,-28968.092795827717,303.93280829384463,27.073856887290756,0.9800870835748545
4525000,9050.000000926228,-35561.63518364423,6537.96769347764,-29023.667490166594,295.6709049399569,27.081677477666684,0.9798040560696454
4530000,9060.000000928265,-35539.947876455415,6766.328700036176,-28773.61917641924,305.99822814308624,26.751944941067666,0.9918806836752104
4535000,9070.000000930302,-35652.07330576939,6501.325596387395,-29150.74770938199,294.01381476859086,27.0845522301035,0.9797000597372026
4540000,9080.00000093234,-35600.89223616115,6309.828312621338,-29291.06392353981,285.3536044648387,27.029532488300124,0.9816942801091171
4545000,9090.000000934377,-35509.35016133658,6493.898814002606,-29015.451347333976,293.67794839979655,26.885504524418796,0.9869533009390831
4550000,9100.000000936414,-35862.52871073616,6443.034254179149,-29419.49445655701,291.3776662421809,26.85032662379526,0.9882463557918958
4555000,9110.000000938451,-35801.05697508258,6627.129647157395,-29173.927327925187,299.70313586655004,26.704421770325453,0.9936458338623823
4560000,9120.000000940488,-35721.2689872553,6513.858302090249,-29207.410685165054,294.5805897375473,26.687138194413585,0.9942893555871156
4565000,9130.000000942526,-35769.91952341709,6679.179261113432,-29090.740262303658,302.0570105232741,26.644698326666475,0.995873066846899
4570000,9140.000000944563,-35650.71667377218,6509.132833273007,-29141.58384049917,294.36688668684957,26.950016248658844,0.9845907769761835
4575000,9150.0000009466,-35492.81528251817,6540.51722486547,-28952.298057652697,295.78620411057904,27.05466194035915,0.9807824431989756
4580000,9160.000000948638,-35541.60133111023,6781.49724638054,-28760.10408472969,306.68420550402305,26.96701783429793,0.9839700333508753
4585000,9170.000000950675,-36068.73697812245,6430.622921447637,-29638.11405667481,290.81638020464084,26.454166219532095,1.0030456910865027
4590000,9180.000000952712,-35889.82556369916,6729.470706534731,-29160.354857164428,304.33137434328614,26.83900386585804,0.9886632741814493
4595000,9190.00000095475,-35830.82858912365,6677.15664071534,-29153.67194840831,301.96554020229786,26.76886823604291,0.9912536160964819
4600000,9200.000000956787,-36028.15461043992,6688.18347285834,-29339.971137581575,302.4642140396731,26.660663748643678,0.9952767000835715
4605000,9210.000000958824,-35951.00826218449,6651.117419500707,-29299.890842683784,300.7879510092306,26.64019565708878,0.9960413872083206
4610000,9220.000000960861,-35528.73030671026,6720.861937646388,-28807.868369063875,303.9420542048317,26.823885806514273,0.9892204891262897
4615000,9230.000000962898,-35512.928060734834,6616.065038102204,-28896.863022632628,299.20275361849787,26.857628184723932,0.987977689440209
4620000,9240.000000964936,-35690.59705703982,6597.197296246355,-29093.399760793465,298.3494850539778,26.95532599103102,0.9843968292802995
4625000,9250.000000966973,-36116.01327443742,6384.237795521127,-29731.775478916294,288.7186744952463,26.651922438558362,0.9956031314048459
4630000,9260.00000096901,-35639.55725608871,6451.562660965996,-29187.994595122713,291.7633521113354,26.770320663414118,0.9911998354973649
4635000,9270.000000971047,-35820.00051660855,6491.324108431832,-29328.676408176714,293.5615107601882,26.685845632147206,0.9943375152340164
4640000,9280.000000973085,-35922.09266611789,6424.643599789032,-29497.449066328856,290.54597332461134,27.10323694808328,0.9790246636818892
4645000,9290.000000975122,-35627.889236441086,6452.558480411803,-29175.33075602928,291.80838672308374,26.645714128212177,0.9958351016643651
4650000,9300.00000097716,-35624.498364498766,6433.69965888327,-29190.798705615496,290.9555215685182,26.57117051109121,0.9986288495161243
4655000,9310.000000979197,-35476.42222605623,6642.248303356968,-28834.173922699265,300.3868570119548,27.06313592024521,0.980475341659791
4660000,9320.000000981234,-35624.86080068994,6408.320604124753,-29216.540196565184,289.8077875265685,26.94383042171974,0.9848168216052096
4665000,9330.000000983271,-35847.81490912811,6587.899174857862,-29259.915734270246,297.9289898643304,27.060608118627272,0.9805669304054736
4670000,9340.000000985308,-35812.60543452772,6518.442819534611,-29294.16261499311,294.78791844962393,27.154129171789574,0.9771897772864219
4675000,9350.000000987346,-35543.84153517306,6647.595461244786,-28896.246073928272,300.6286751251164,27.025036538661485,0.9818575971147241
4680000,9360.000000989383,-35718.28972352217,6641.08688594933,-29077.202837572837,300.3343334523368,27.121932781221414,0.9783497972592797
4685000,9370.00000099142,-35826.5256001196,6520.296490176518,-29306.229109943084,294.87174824228265,26.61995771578892,0.9967986321048665
4690000,9380.000000993457,-35834.77606500153,6468.831092145107,-29365.94497285643,292.54429397477026,26.837006301506435,0.988736863556138
4695000,9390.000000995495,-35794.23859196055,6604.09367974024,-29190.144912220312,298.66136483742855,26.93345892609942,0.9851960533771151
4700000,9400.000000997532,-35785.01699167444,6570.37893697052,-29214.638054703923,297.13666037697584,27.02908812086479,0.9817104194981924
4705000,9410.00000099957,-35758.88985126061,6326.351752061548,-29432.53809919906,286.10085506641036,26.668568401126237,0.9949816967553159
4710000,9420.000001001607,-35975.21604178136,6495.474380227687,-29479.74166155367,293.749201289594,26.636202559153567,0.9961907061961836
4715000,9430.000001003644,-35531.40658855938,6572.611972406438,-28958.794616152943,297.23764643855577,27.092051787594364,0.9794288614913332
4720000,9440.000001005681,-35451.899646682956,6492.91809145524,-28958.981555227714,293.633596525228,27.00039272745046,0.9827537586448044
4725000,9450.000001007718,-35778.44976872117,6442.73078282688,-29335.718985894287,291.3639421533577,26.538125006616166,0.9998723508602234
4730000,9460.000001009756,-35559.71831287352,6523.946508148429,-29035.77180472509,295.0368154569583,26.977827285070884,0.9835757771520652
4735000,9470.000001011793,-35968.30539293363,6493.306061542732,-29474.9993313909,293.6511419571169,26.675634107118423,0.994718151075065
4740000,9480.00000101383,-36012.58824053919,6506.791210930164,-29505.797029609024,294.26098992663356,26.554615015368036,0.9992514454617869
4745000,9490.000001015867,-35966.536581847395,6560.192119569641,-29406.344462277753,296.67597509057094,26.580635514444623,0.99827325134375
4750000,9500.000001017905,-35532.445329372975,6553.705093018989,-28978.740236353988,296.38260793115313,27.407139033106134,0.9681688192895822
4755000,9510.000001019942,-35441.665258470806,6579.253147883751,-28862.412110587054,297.5379847784348,27.056954230027202,0.9806993504220857
4760000,9520.00000102198,-36147.37347834824,6427.807223538705,-29719.56625480954,290.6890440066352,26.297113447500326,1.0090361244690162
4765000,9530.000001024016,-35674.90043799699,6376.574470836523,-29298.32596716047,288.3721108151281,26.77349793130897,0.9910822077065253
4770000,9540.000001026054,-35599.49604231471,6664.65984712195,-28934.83619519276,301.40038931079204,26.84967479884981,0.98827034727901
4775000,9550.000001028091,-36032.206424145916,6667.010635970164,-29365.19578817575,301.50670061403804,26.70424412003606,0.9936524441026551
4780000,9560.000001030128,-35799.26697236144,6377.632379444441,-29421.634592917,288.41995332676345,26.826361248729597,0.9891292073405735
4785000,9570.000001032166,-35752.811006111864,6604.558998520579,-29148.252007591283,298.6824082612138,26.782728469151845,0.9907406360166144
4790000,9580.000001034203,-35882.446794199626,6476.107757880997,-29406.33903631863,292.8733715175092,27.140113725279356,0.9776944085931482
4795000,9590.00000103624,-35267.2942911616,6388.287061593954,-28879.007229567644,288.90179717498813,27.36498557888796,0.9696602017674472
4800000,9600.000001038277,-35927.714027014095,6610.874237789062,-29316.839789225032,298.9680065689705,26.844298670421168,0.9884682689447767
4805000,9610.000001040315,-35582.50893591053,6470.379824721726,-29112.129111188806,292.6143333484576,26.863399439755593,0.9877654351711936
4810000,9620.000001042352,-36103.49362264067,6605.523334531031,-29497.970288109642,298.72601907641575,26.92385732131906,0.985547394680956
4815000,9630.00000104439,-35878.044556988774,6519.901031009355,-29358.14352597942,294.85386412671284,26.810422683124326,0.9897172361437602
4820000,9640.000001046426,-35830.32998282841,6432.470819762431,-29397.859163065976,290.8999489514729,26.891893333810344,0.9867188266891748
4825000,9650.000001048464,-35582.37475180591,6559.154761053083,-29023.219990752827,296.6290619295218,26.719902158848914,0.9930701572198755
4830000,9660.000001050501,-35827.14682756351,6549.0423817740875,-29278.104445789424,296.17174300830726,26.90231970315227,0.9863364100411975
4835000,9670.000001052538,-35681.83564552966,6578.366948252482,-29103.468697277178,297.49790757719745,27.25163664091735,0.9736933523451884
4840000,9680.000001054575,-35402.396123629565,6490.234429153537,-28912.161694476028,293.5122314621841,26.50625846816123,1.0010744243538092
4845000,9690.000001056613,-35261.25471644588,6554.69098820256,-28706.56372824332,296.4271937313236,27.07529761008823,0.9800349314683419
4850000,9700.00000105865,-35918.08012909001,6522.852390280085,-29395.22773880993,294.9873354296148,26.482930268402107,1.001956247622926
4855000,9710.000001060687,-35451.653742344766,6443.703569728616,-29007.95017261615,291.4079351488931,27.047057539214247,0.9810581945676097
4860000,9720.000001062725,-35806.370502569756,6400.758038392977,-29405.61246417678,289.4657805362598,26.873751791695884,0.9873849265061361
4865000,9730.000001064762,-35712.409095556264,6719.861506453301,-28992.547589102964,303.8968110329383,26.666793945225795,0.9950479046071583
4870000,9740.000001066799,-36029.15210511112,6463.932656969742,-29565.219448141375,292.32276875026747,26.653643951550006,0.9955388271120315
4875000,9750.000001068836,-35851.12337058503,6526.507742878235,-29324.615627706797,295.1526438956765,26.59768022359236,0.9976335234774066
4880000,9760.000001070874,-35626.7291669323,6639.439566424769,-28987.289600507534,300.259835614876,26.66912136697094,0.9949610664958168
4885000,9770.00000107291,-35597.516857340204,6569.570617527724,-29027.94623981248,297.10010520381854,26.925906900450393,0.9854723755783296
4890000,9780.000001074948,-35850.24918852495,6632.443019140477,-29217.806169384472,299.94342605704577,26.587947313952114,0.9979987219195215
4895000,9790.000001076985,-35864.626298572504,6516.9482705151,-29347.678028057402,294.72032945533806,26.94858790760747,0.9846429626947963
4900000,9800.000001079023,-35638.18570948065,6613.512669396318,-29024.67304008433,299.0873261339352,26.667596872876228,0.995017944971878
4905000,9810.00000108106,-35603.75255366674,6590.215260827873,-29013.537292838864,298.0337317760035,26.745590270244445,0.9921163515059437
4910000,9820.000001083097,-35584.311133301984,6588.825095682949,-28995.486037619034,297.97086340379883,26.78276625762128,0.9907392381560692
4915000,9830.000001085134,-35709.41318795234,6642.077995976499,-29067.335191975842,300.3791550868824,26.7810147595023,0.9908040332330152
4920000,9840.000001087172,-35742.46542638095,6576.86938470517,-29165.59604167578,297.4301822548958,26.9031405190834,0.9863063168764891
4925000,9850.000001089209,-35681.2662838843,6553.950604978633,-29127.31567890567,296.393710883429,27.01452535208682,0.9822396319000298
4930000,9860.000001091246,-35805.62768212345,6876.974561085884,-28928.653121037565,311.00204024467627,27.02368509570508,0.9819066993940436
4935000,9870.000001093284,-35518.585179268186,6467.70117150928,-29050.884007758905,292.49319481482206,26.92136978351413,0.9856384593787235
4940000,9880.00000109532,-35743.487558266665,6371.7410342017565,-29371.746524064907,288.1535250632901,26.677369820898353,0.9946534315763456
4945000,9890.000001097358,-35746.31718411229,6721.306885817136,-29025.010298295154,303.9621763948554,26.91170109438142,0.985992574186537
4950000,9900.000001099395,-35863.516221335805,6600.025293601857,-29263.490927733947,298.477377478118,26.739336612251414,0.9923483825559872
4955000,9910.000001101433,-35629.86439213023,6780.984018011012,-28848.880374119217,306.6609954327022,27.171514750266212,0.9765645265517563
4960000,9920.00000110347,-35669.47025551121,6529.348397733831,-29140.121857777376,295.2811087384462,26.413279279138678,1.004598374831293
4965000,9930.000001105507,-36074.79526749263,6422.393734338742,-29652.401533153883,290.44422614798583,26.46129391875006,1.0027755074737932
4970000,9940.000001107544,-35764.328951462594,6606.861824505829,-29157.467126956766,298.7865505076886,27.002097492896695,0.982691712922233
4975000,9950.000001109582,-35873.34484469566,6524.966258193312,-29348.37858650235,295.08293229826415,26.84297655578588,0.9885169546172531
4980000,9960.000001111619,-35681.17569632763,6675.014786364156,-29006.160909963473,301.86867768416465,26.389057531495304,1.0055204664326725
4985000,9970.000001113656,-35913.90411704066,6423.673596048445,-29490.23052099222,290.5021061938422,26.685561704522573,0.9943480947335942
4990000,9980.000001115694,-35614.61125030582,6221.598139130288,-29393.01311117553,281.3635120596509,27.115998637814737,0.9785639021527183
4995000,9990.00000111773,-35618.886227281226,6705.855423254859,-28913.030804026366,303.2634045237444,26.804716080099958,0.9899279424745481
5000000,10000.000001119768,-35704.50980488417,6588.747355243624,-29115.762449640544,297.9673476956884,26.80353743368161,0.9899714731102603
5005000,10010.000001121805,-35585.758896003856,6767.002061742233,-28818.75683426162,306.02868003185597,26.745796551814852,0.9921086996374109
5010000,10020.000001123843,-35691.44027531303,6584.569977845136,-29106.87029746789,297.77843135140625,26.812759774274788,0.989630969030135
5015000,10030.00000112588,-35640.97003563516,6557.207610686638,-29083.762424948523,296.5410046404846,26.682503911437085,0.9944620462105146
5020000,10040.000001127917,-35566.626100962145,6475.875827629586,-29090.75027333256,292.86288277994845,26.8740396429306,0.9873743505014114
5025000,10050.000001129954,-36165.11263053713,6259.703299665523,-29905.409330871604,283.0867673320156,26.513325769019872,1.000807581400932
5030000,10060.000001131992,-35623.24026995046,6618.434708567447,-29004.805561383015,299.3099188177947,26.798704505636017,0.9901500064007678
5035000,10070.000001134029,-35955.68649027072,6573.153672004851,-29382.532818265867,297.26214408338626,26.98504741702563,0.983312611155401
5040000,10080.000001136066,-36098.980528501415,6555.208730472396,-29543.771798029018,296.4506079377904,26.833083394424598,0.9888814135799687
5045000,10090.000001138103,-35636.66787193964,6649.109964729835,-28987.5579072098,300.69716653360194,27.462386045477906,0.9662211212764277
5050000,10100.00000114014,-35181.25496307259,6136.357031499097,-29044.897931573494,277.5085961877751,27.148874153269904,0.9773789251069863
5055000,10110.000001142178,-35798.96497625634,6395.528401833625,-29403.436574422718,289.2292771690814,26.484757035675937,1.0018871384035928
5060000,10120.000001144215,-36007.510071783036,6526.122736586553,-29481.387335196483,295.13523249751637,26.821313387731507,0.9893153647697653
5065000,10130.000001146253,-35535.52287144165,6598.874133767916,-28936.648737673735,298.4253178036458,26.99236953469771,0.9830458716741538
5070000,10140.00000114829,-35954.52014932769,6568.4503742442075,-29386.069775083484,297.0494436892747,26.710839214896133,0.9934071042960664
5075000,10150.000001150327,-35603.810021513666,6577.939165439981,-29025.870856073685,297.47856166770083,27.26908173865956,0.9730704426386795
5080000,10160.000001152364,-35510.689236896054,6654.835805091507,-28855.85343180455,300.95611005866186,27.712662428988565,0.9574950622583046
5085000,10170.000001154402,-36099.82818648525,6461.348784243654,-29638.47940224159,292.2059165382361,26.300809391041643,1.0088943288120182
5090000,10180.000001156439,-35520.846357114,6476.179959168587,-29044.666397945417,292.8766367248397,26.797430916939227,0.9901970647870805
5095000,10190.000001158476,-35500.1111761888,6641.195648918959,-28858.915527269844,300.3392521131748,26.930500637729015,0.9853042761712799
5100000,10200.000001160513,-35774.28202100103,6758.097001786017,-29016.185019215016,305.62596052340297,26.99840534849405,0.9828261001077188
5105000,10210.00000116255,-35829.683683985924,6311.666050931074,-29518.01763305485,285.43671373893693,26.99117963431722,0.983089209041123
5110000,10220.000001164588,-35877.68183151912,6245.093708631972,-29632.588122887148,282.4260679825829,26.192072475178616,1.0130827739169515
5115000,10230.000001166625,-35327.08596715653,6313.309140707933,-29013.776826448593,285.5110202916759,26.967107642072673,0.9839667564640737
5120000,10240.000001168662,-35932.25170487318,6633.233051417445,-29299.018653455736,299.9791542174183,26.653198600163243,0.9955554616857606
5125000,10250.0000011707,-35675.06667243294,6546.783313471837,-29128.283358961104,296.0695796449254,26.8727215820351,0.9874227795195383
5130000,10260.000001172737,-35893.771452170266,6425.111553527169,-29468.659898643098,290.56713591086327,26.534617614907724,1.0000045157191182
5135000,10270.000001174774,-35979.49115255519,6491.43982200997,-29488.05133054522,293.5667437530639,26.756274771107012,0.9917201727365105
5140000,10280.000001176812,-35980.61157770924,6313.144827863841,-29667.4667498454,285.503589461549,26.32225973071401,1.008072168166696
5145000,10290.000001178849,-35855.308040855816,6515.817348709389,-29339.490692146428,294.6691850188116,26.474335345699114,1.0022815338440019
5150000,10300.000001180886,-35496.38446298993,6666.01946583577,-28830.364997154164,301.461876261223,27.033223284891445,0.9815602511823938
5155000,10310.000001182923,-35583.78263112205,6606.010298584045,-28977.772332538003,298.74804137890766,26.987359819490173,0.9832283563590571
5160000,10320.00000118496,-36064.011371636596,6598.963353670334,-29465.048017966263,298.42935265522715,27.006955822383805,0.9825149347560069
5165000,10330.000001186998,-35427.65166235879,6485.434680447366,-28942.21698191142,293.2951692021711,27.16399601099904,0.9768348304514379
5170000,10340.000001189035,-35522.05624201824,6297.1803839355525,-29224.875858082687,284.78161868952304,26.671624983319933,0.9948676713316957
5175000,10350.000001191072,-35610.86339961205,6568.166601587456,-29042.69679802459,297.0366104477916,26.92746958874061,0.9854151854239938
5180000,10360.00000119311,-35898.40415367984,6373.914487717285,-29524.489665962556,288.25181661165954,27.08365615331475,0.979732473621004
5185000,10370.000001195147,-35962.28735583352,6756.129962026681,-29206.15739380684,305.5370037629901,26.556926772216293,0.9991644615124772
5190000,10380.000001197184,-35655.89494223588,6463.410792447482,-29192.484149788397,292.2991681204102,26.809525876984793,0.9897503432004775
5195000,10390.000001199222,-35824.14266711666,6712.524314354217,-29111.618352762445,303.56499626581746,26.75794762614542,0.9916581723129044
5200000,10400.000001201259,-35571.843909515905,6529.127388627179,-29042.716520888724,295.27111389515125,26.500138264232145,1.0013056223786703
5205000,10410.000001203296,-35768.43144710406,6383.754928124047,-29384.676518980017,288.6968374585777,26.335965245038977,1.0075475567688277
5210000,10420.000001205333,-35714.95426884544,6706.6235001961595,-29008.330768649277,303.29813978322335,26.779957901801794,0.9908431348207044
5215000,10430.00000120737,-35667.79115125089,6375.796885792294,-29291.994265458594,288.33694556432334,26.420455747203803,1.0043255003500866
5220000,10440.000001209408,-36023.15014647643,6551.742338716904,-29471.407807759526,296.2938449748523,26.541094784060398,0.9997604715885181
5225000,10450.000001211445,-35278.38615716198,6506.415629222198,-28771.970527939782,294.2440047427539,27.300620634680556,0.9719463082125006
5230000,10460.000001213482,-35817.07746715279,6637.2239698152625,-29179.853497337528,300.1596382010577,26.450167636940282,1.0031973257035012
5235000,10470.00000121552,-35929.7469937912,6576.22750032668,-29353.519493464522,297.40115388645575,26.69265872710741,0.9940837182637319
5240000,10480.000001217557,-35520.96059198993,6380.0669641396335,-29140.8936278503,288.53005418588805,27.048936488990474,0.9809900455268553
5245000,10490.000001219594,-35882.17321822797,6648.966721444507,-29233.20649678346,300.6906885462846,26.61788953285551,0.9968760823443539
5250000,10500.000001221631,-35974.17164300135,6532.072248875587,-29442.099394125762,295.404291288401,26.534710249187224,1.0000010246428284
5255000,10510.000001223669,-35777.35138269088,6695.039639680889,-29082.311743009992,302.7742750775802,26.685254807676017,0.9943595303483879
5260000,10520.000001225706,-35478.384552360876,6667.3957031067675,-28810.988849254107,301.52411476382895,26.49034831419016,1.0016756715718171
5265000,10530.000001227743,-35532.24615754783,6327.013195511648,-29205.23296203618,286.1307679678847,27.007337151913838,0.9825010621570085
5270000,10540.00000122978,-35628.80010696559,6427.526112795707,-29201.273994169882,290.676331146666,27.172610367312096,0.97652515084485
5275000,10550.000001231818,-35802.59872531315,6516.39282194779,-29286.205903365364,294.69521003165113,26.524309160335932,1.0003931592483264
5280000,10560.000001233855,-35692.122680079476,6718.944603741814,-28973.178076337663,303.85534532567914,26.884237934024036,0.9869997990237273
5285000,10570.000001235892,-35769.13316457837,6452.559172847993,-29316.57399173038,291.80841803759074,27.02307777137396,0.9819287670443119
5290000,10580.00000123793,-35853.70087373396,6371.920556352724,-29481.78031738123,288.1616437141189,26.725002257543508,0.9928806434543138
5295000,10590.000001239967,-35767.99082080512,6329.479310152689,-29438.51151065243,286.242294726931,26.61111092699585,0.9971300149994644
5300000,10600.000001242004,-35997.637390701246,6443.147891302783,-29554.489499398464,291.3828053301598,26.94067587372739,0.984932136155668
5305000,10610.000001244041,-35674.088633910695,6432.9974575729075,-29241.091176337788,290.9237654469497,26.82379694522255,0.9892237661944331
5310000,10620.000001246079,-35585.099472867965,6543.013445798348,-29042.086027069618,295.89909238668514,26.893486561690306,0.986660371347553
5315000,10630.000001248116,-35859.6853585782,6485.595599168875,-29374.089759409326,293.3024465376125,27.000944394896557,0.9827336795968924
5320000,10640.000001250153,-35752.383759485376,6696.815814059809,-29055.567945425566,302.85460020467895,26.775520187615275,0.991007354921946
5325000,10650.00000125219,-35801.714953366034,6777.530727175978,-29024.184226190057,306.50482494149065,26.752880322862307,0.9918460037782136
5330000,10660.000001254228,-35824.00429459242,6354.524818831931,-29469.47947576049,287.374944590475,27.010696599594187,0.9823788638678222
5335000,10670.000001256265,-35842.72625262782,6410.152581625221,-29432.5736710026,289.89063627571926,26.5688264852565,0.9987169532125313
5340000,10680.000001258302,-35551.89604930655,6461.116125535064,-29090.77992377149,292.19539485716706,27.270883530586836,0.9730061517085284
5345000,10690.00000126034,-36063.185479053594,6604.538971025409,-29458.646508028185,298.68150254434613,26.97039985691551,0.9838466458992442
5350000,10700.000001262377,-35840.393101765614,6264.727848069633,-29575.66525369598,283.31399585977965,26.650438994708303,0.9956585496792943
5355000,10710.000001264414,-35936.23507899251,6713.637578984156,-29222.597500008356,303.61534218002254,26.37607448257386,1.0060154120098028
5360000,10720.000001266451,-35623.40606217231,6711.767655196873,-28911.63840697544,303.5307773604524,26.68402820348613,0.9944052387982845
5365000,10730.000001268489,-35819.295505110036,6424.841240030822,-29394.454265079214,290.5549113420324,26.69821961149915,0.9938766638341325
5370000,10740.000001270526,-36036.124914936336,6582.83255447943,-29453.292360456908,297.69985868740935,26.99330996260858,0.9830116230482286
5375000,10750.000001272563,-35577.08472040512,6591.465774654535,-28985.618945750582,298.0902846028304,27.3826540782803,0.969034534122641
5380000,10760.0000012746,-35747.44352274391,6484.324949132524,-29263.118573611384,293.2449830774482,26.59392061476014,0.9977745599142869
5385000,10770.000001276638,-35651.569672328464,6503.956892110152,-29147.61278021831,294.1328116226573,26.846380249982513,0.988391626383414
5390000,10780.000001278675,-35546.81930115072,6417.586608458392,-29129.232692692327,290.2268302650693,26.9450838679483,0.984771009354748
5395000,10790.000001280712,-35340.61166066145,6399.952178876038,-28940.659481785413,289.42933660998193,26.591079090869723,0.9978811821479902
5400000,10800.00000128275,-36097.7495961234,6439.52072911965,-29658.228867003752,291.2187717381736,26.531505036613652,1.0001218325598065
5405000,10810.000001284787,-35869.05787246758,6527.10157752258,-29341.956294945,295.1794992787114,26.410854064849065,1.00469062350784
5410000,10820.000001286824,-35480.196433546815,6436.798448463764,-29043.39798508305,291.09566021135623,26.682407028916177,0.9944656570537898
5415000,10830.000001288861,-35508.14668867948,6519.277026185358,-28988.869662494122,294.8256443373764,27.21288714945206,0.9750798322890214
5420000,10840.000001290899,-36076.16358917836,6578.62568826245,-29497.537900915908,297.5096087504792,26.72898532309458,0.9927326876438156
5425000,10850.000001292936,-35749.7773337147,6685.495665690858,-29064.281668023843,302.34266153057973,26.721053505198814,0.9930273681995816
5430000,10860.000001294973,-35772.756613838945,6433.329563409555,-29339.42705042939,290.93878449229544,26.711802147085486,0.9933712930216121
5435000,10870.00000129701,-35448.21003420353,6606.304093404701,-28841.905940798824,298.7613278594415,27.167674541262635,0.976702566039889
5440000,10880.000001299048,-35701.03622111552,6602.475912677984,-29098.56030843754,298.58820347082275,26.556413623973445,0.9991837683170406
5445000,10890.000001301085,-35545.91812104681,6502.538829913031,-29043.379291133777,294.06868164332104,26.890221059889285,0.986780189671562
5450000,10900.000001303122,-35807.4759961935,6425.502874097899,-29381.9731220956,290.5848328639064,26.932816091877154,0.9852195681011824
5455000,10910.00000130516,-35676.6153827844,6416.668835260078,-29259.946547524327,290.1853251911996,26.987192993926552,0.983234434339259
5460000,10920.000001307197,-35822.40020481442,6562.071329841629,-29260.328874972787,296.7609598790772,26.557531767677265,0.9991416999859444
5465000,10930.000001309234,-35913.93682075922,6626.358903588645,-29287.577917170573,299.6682800123867,27.177934184618053,0.9763338617843037
5470000,10940.000001311271,-35506.92804926089,6657.021864319857,-28849.906184941032,301.05497168365025,26.05360937625514,1.0184668486651656
5475000,10950.000001313309,-35509.511062569254,6736.296357300629,-28773.214705268627,304.64005533306386,27.271960027966383,0.9729677445470509
5480000,10960.000001315346,-35515.80068982349,6622.247616320293,-28893.553073503197,299.48235250645627,26.76638479283891,0.9913455867557766
5485000,10970.000001317383,-35367.16584425955,6659.335907667476,-28707.829936592076,301.1596212204388,27.389104694317883,0.9688063094407264
5490000,10980.00000131942,-35739.001831475034,6624.122072727293,-29114.879758747742,299.56712230773275,26.88077123649771,0.9871270881454438
5495000,10990.000001321458,-35693.755536674485,6567.676994561255,-29126.07854211323,297.0144686203479,26.846185428568894,0.9883987990915953
5500000,11000.000001323495,-35533.30002780322,6681.780450579938,-28851.519577223284,302.1746458618899,26.44956663046859,1.003220121089662
