#"Step","Time (ps)","Potential Energy (kJ/mole)","Kinetic Energy (kJ/mole)","Total Energy (kJ/mole)","Temperature (K)"
505000,1009.9999999899404,-37258.391579120216,5965.483840539792,-31292.907738580423,269.78108308744004
510000,1019.999999989704,-37634.121497600136,5588.986638210893,-32045.134859389244,252.75449719118342
515000,1029.9999999894676,-37249.68200632816,5689.276644545979,-31560.405361782185,257.2899795183768
520000,1039.9999999892311,-37467.45321604496,5569.569245964335,-31897.883970080624,251.87637141781178
525000,1049.9999999889947,-37272.290703265724,5719.153110214131,-31553.137593051593,258.64110299506854
530000,1059.9999999887582,-37300.43783900028,5653.10363997537,-31647.33419902491,255.65410343314332
535000,1069.9999999885217,-37288.76856657749,5745.320676463901,-31543.44789011359,259.82449642187674
540000,1079.9999999882853,-37426.70192858463,5942.595198285141,-31484.106730299492,268.7459746431094
545000,1089.9999999880488,-36897.96689173466,5523.369910518406,-31374.59698121625,249.78706783612697
550000,1099.9999999878123,-37647.16959330326,5990.511026273838,-31656.658567029423,270.9129043201249
555000,1109.9999999875758,-36989.96993967777,5988.200310276333,-31001.76962940144,270.8084052583257
560000,1119.9999999873394,-37343.981827228126,5758.10805996247,-31585.873767265657,260.4027888558709
565000,1129.999999987103,-37161.88637491947,5730.7004327063205,-31431.185942213153,259.1633153171492
570000,1139.9999999868664,-37325.05745455509,5821.837651107349,-31503.21980344774,263.28487496713416
575000,1149.99999998663,-37083.184976069984,5750.922898433592,-31332.26207763639,260.0778494693544
580000,1159.9999999863935,-37108.73987910038,5785.440036768152,-31323.299842332228,261.6388412034522
585000,1169.999999986157,-37428.02855440861,6018.597440238875,-31409.431114169733,272.18307508616357
590000,1179.9999999859206,-37314.09243151432,5813.914700269551,-31500.17773124477,262.92657003908386
595000,1189.999999985684,-37304.33300635105,5771.128354676796,-31533.204651674256,260.9916143902354
600000,1199.9999999854476,-37342.91661164051,5806.209418938935,-31536.707192701575,262.5781089253784
605000,1209.9999999852112,-37333.22947546726,5806.683357982578,-31526.546117484686,262.59954218912173
610000,1219.9999999849747,-37587.900348155556,5729.980866979422,-31857.919481176134,259.130773912907
615000,1229.9999999847382,-37303.735063998756,5492.532644710776,-31811.20241928798,248.39249344930155
620000,1239.9999999845018,-37293.87486979252,5791.515168438501,-31502.359701354017,261.91358096400404
625000,1249.9999999842653,-37071.60230681187,5667.045039268523,-31404.557267543343,256.2845846986363
630000,1259.9999999840288,-37509.080119578895,5769.224989563655,-31739.85513001524,260.90553723112134
635000,1269.9999999837923,-37216.156976192055,5835.3039348402,-31380.853041351853,263.89386976248045
640000,1279.9999999835559,-37468.932521312294,5582.687557779425,-31886.244963532867,252.469629645368
645000,1289.9999999833194,-37092.15557047611,5577.71236589553,-31514.44320458058,252.24463320067332
650000,1299.999999983083,-37107.69909331089,5514.424238822959,-31593.274854487932,249.3825117157094
655000,1309.9999999828465,-37316.60225531345,5916.789745248518,-31399.812510064934,267.5789573053921
660000,1319.99999998261,-37137.80922648197,5883.92129652866,-31253.88792995331,266.09252536926186
665000,1329.9999999823735,-36887.5740818668,5681.004791886006,-31206.56928998079,256.9158959688444
670000,1339.999999982137,-37139.59470507389,5927.341909395004,-31212.252795678887,268.0561649130986
675000,1349.9999999819006,-37278.41310927158,5740.215499826352,-31538.197609445233,259.5936215893492
680000,1359.9999999816641,-37290.500648944435,5613.014177378949,-31677.486471565484,253.8411107356931
685000,1369.9999999814277,-37318.18119475132,5901.0564158951765,-31417.124778856145,266.8674383830423
690000,1379.9999999811912,-37371.11246725803,5799.061332975381,-31572.05113428265,262.25484623205836
695000,1389.9999999809547,-37327.99348303562,5638.139302282035,-31689.854180753588,254.97736113721098
700000,1399.9999999807183,-37406.90769716984,5883.138807856552,-31523.768889313287,266.05713835839947
705000,1409.9999999804818,-37595.824308841286,5802.175100889919,-31793.649207951366,262.3956622501587
710000,1419.9999999802453,-37433.05134388691,5786.549358759274,-31646.501985127637,261.6890088170536
715000,1429.9999999800089,-37167.20684096104,5733.53753097441,-31433.669309986624,259.29161931797296
720000,1439.9999999797724,-37459.96905276066,5784.9601276738595,-31675.008925086797,261.61713795209783
725000,1449.999999979536,-37467.7545714069,5566.753115469894,-31901.001455937003,251.749015656701
730000,1459.9999999792994,-37123.1272282291,5696.202377021201,-31426.924851207903,257.603186570526
735000,1469.999999979063,-37160.521111457405,6009.673376432021,-31150.847735025385,271.77949615380714
740000,1479.9999999788265,-37263.053628413734,5888.573743715708,-31374.479884698027,266.3029261137244
745000,1489.99999997859,-37213.31310793644,5689.804874416206,-31523.50823352023,257.3138680126412
750000,1499.9999999783536,-37098.90830275303,5814.5943817813495,-31284.31392097168,262.957307732674
755000,1509.999999978117,-37378.85118862873,5678.545502822274,-31700.305685806456,256.80467788746597
760000,1519.9999999778806,-37193.42716547733,5850.376699827699,-31343.050465649634,264.5755155387738
765000,1529.9999999776442,-37224.01166197544,5885.673444859688,-31338.338217115754,266.1717639502571
770000,1539.9999999774077,-37430.78534075504,5654.649824833445,-31776.135515921596,255.7240275896434
775000,1549.9999999771712,-37455.587275950966,5867.075068697459,-31588.51220725351,265.3306770914484
780000,1559.9999999769348,-37393.33392473942,5903.229095464326,-31490.104829275093,266.96569493071473
785000,1569.9999999766983,-37279.39193102604,5801.436262698824,-31477.955668327217,262.3622492743217
790000,1579.9999999764618,-37529.50226732975,5880.12651796219,-31649.37574936756,265.9209115489742
795000,1589.9999999762254,-37093.577094523964,5678.932278260387,-31414.64481626358,256.82216929292355
800000,1599.9999999759889,-37174.883077113685,5559.135264290368,-31615.74781282332,251.40450845545016
805000,1609.9999999757524,-37052.26616522556,5702.678390084679,-31349.587775140884,257.89605565961494
810000,1619.999999975516,-37015.500361888466,5720.422536421812,-31295.077825466655,258.69851110920683
815000,1629.9999999752795,-37073.934841601906,5761.080187994106,-31312.8546536078,260.53719939839897
820000,1639.999999975043,-37306.565024821815,5649.291842300787,-31657.27318252103,255.4817199462967
825000,1649.9999999748065,-37168.752462832985,5901.508351197302,-31267.244111635682,266.8878765568019
830000,1659.99999997457,-37480.459551303444,5665.272597666585,-31815.186953636858,256.20442838141844
835000,1669.9999999743336,-36948.76489588505,5528.039103457895,-31420.725792427154,249.9982258850013
840000,1679.9999999740971,-37287.458935229835,5720.304125916566,-31567.15480931327,258.69315615138476
845000,1689.9999999738607,-37301.59968325382,5648.0674371159475,-31653.532246137875,255.42634784811767
850000,1699.9999999736242,-36940.957755534706,5741.702510509383,-31199.255245025324,259.6608696723805
855000,1709.9999999733877,-37259.93611761814,5660.482292148656,-31599.453825469485,255.9877931770509
860000,1719.9999999731513,-37290.34107634312,5725.332999404427,-31565.00807693869,258.92058027531675
865000,1729.9999999729148,-36951.36952540165,5799.471038379697,-31151.89848702195,262.27337461478095
870000,1739.9999999726783,-36816.43077990299,5709.115524023154,-31107.31525587984,258.1871664919164
875000,1749.9999999724419,-37428.68537804371,5817.507521056722,-31611.177856986986,263.08905058705136
880000,1759.9999999722054,-37277.76817938572,5841.427149936313,-31436.341029449406,264.1707840320961
885000,1769.999999971969,-37175.883580653724,5764.484550732353,-31411.399029921373,260.69115718142154
890000,1779.9999999717324,-37500.6624922443,5785.769396521991,-31714.89309572231,261.6537360608504
895000,1789.999999971496,-37308.504239528236,5865.3600062582345,-31443.144233270003,265.25311567065097
900000,1799.9999999712595,-36880.83357760197,5828.737470512851,-31052.096107089114,263.5969101351241
905000,1809.999999971023,-37063.404370276985,5871.475608810837,-31191.928761466148,265.5296856730976
910000,1819.9999999707866,-36904.38546225315,5625.587707460521,-31278.797754792628,254.40973193295247
915000,1829.99999997055,-37357.40051695591,5744.360352186233,-31613.040164769678,259.7810670319614
920000,1839.9999999703136,-37202.20366904026,5502.755838434634,-31699.447830605626,248.85482380659667
925000,1849.9999999700772,-37307.382500140724,5710.765890022882,-31596.616610117842,258.26180210217007
930000,1859.9999999698407,-37534.03746077305,5902.45392906431,-31631.58353170874,266.9306390598819
935000,1869.9999999696042,-37529.476610629616,5766.122148465014,-31763.3544621646,260.7652153637565
940000,1879.9999999693678,-37069.85658022648,5566.869436459964,-31502.987143766513,251.75427611897462
945000,1889.9999999691313,-37059.570848910866,5608.006460364524,-31451.564388546343,253.61464338517143
950000,1899.9999999688948,-36756.39863440281,5733.409800800971,-31022.988833601838,259.28584289053566
955000,1909.9999999686584,-37044.16844889408,5758.1084907869845,-31286.059958107096,260.4028083393373
960000,1919.999999968422,-37480.661397426185,5674.0998132363575,-31806.56158418983,256.6036274808907
965000,1929.9999999681854,-37439.49282595402,5747.256285682193,-31692.236540271824,259.91203177781824
970000,1939.999999967949,-37214.80908724552,5462.29954007517,-31752.509547170353,247.0252414490092
975000,1949.9999999677125,-37036.55976530796,5634.318614902228,-31402.24115040573,254.80457562525328
980000,1959.999999967476,-37143.049554317055,5771.247965215957,-31371.8015891011,260.99702361799734
985000,1969.9999999672395,-37270.515359370766,5654.459437166328,-31616.05592220444,255.71541756027878
990000,1979.999999967003,-37144.3724569965,5942.253309783206,-31202.119147213292,268.7305131897198
995000,1989.9999999667666,-37409.96784731632,5733.517730151141,-31676.45011716518,259.29072385204086
1000000,1999.9999999665301,-37104.390186755714,5919.443684675296,-31184.94650208042,267.69897819089664
1005000,2009.9999999662937,-37342.04608675724,5841.926205215841,-31500.1198815414,264.19335314424694
1010000,2019.9999999660572,-37332.37254378086,5786.82486763618,-31545.54767614468,261.7014683400695
1015000,2029.9999999658207,-37415.82697149998,5744.356493976506,-31671.47047752347,259.78089254955114
1020000,2039.9999999655843,-37643.11095568424,5552.107458109728,-32091.003497574515,251.08668525555194
1025000,2049.999999965348,-37428.90620371586,5872.171908119418,-31556.73429559644,265.5611748844748
1030000,2059.9999999651113,-37252.201669662056,5522.3545943073705,-31729.847075354686,249.74115150906763
1035000,2069.999999964875,-37154.363296001015,5709.018337482291,-31445.344958518723,258.18277135969305
1040000,2079.9999999646384,-37189.24359175449,5932.113796627573,-31257.129795126923,268.2719671749746
1045000,2089.999999964402,-37161.50185152775,5678.239370061159,-31483.26248146659,256.7908334399627
1050000,2099.9999999641655,-37190.56681105381,5733.610837330162,-31456.95597372365,259.2949345005433
1055000,2109.999999963929,-37335.14621683842,5905.498529553156,-31429.64768728526,267.0683270730264
1060000,2119.9999999636925,-37197.104842631874,5807.203061435129,-31389.901781196746,262.62304508747184
1065000,2129.999999963456,-37370.78248163944,5957.1806162465155,-31413.601865392928,269.4055807974606
1070000,2139.9999999632196,-37229.393079249916,5763.144986891512,-31466.248092358404,260.6305771859833
1075000,2149.999999962983,-37416.99763247257,5755.5940820041205,-31661.40355046845,260.28909754187345
1080000,2159.9999999627466,-37330.95363852268,5798.067159156867,-31532.886479365814,262.2098860416186
1085000,2169.99999996251,-37265.349071948585,5794.335836482087,-31471.013235466497,262.0411419297479
1090000,2179.9999999622737,-37540.5705542255,5848.772781458136,-31691.797772767364,264.50298046090063
1095000,2189.9999999620372,-37422.84319636112,5762.3892171558155,-31660.453979205307,260.5963985035309
1100000,2199.9999999618008,-37267.272166698036,5756.6327260075095,-31510.639440690527,260.33606883735706
1105000,2209.9999999615643,-37367.40611979252,5787.644540956315,-31579.7615788362,261.73853697724877
1110000,2219.999999961328,-37554.18097159153,5530.221741615859,-32023.95922997567,250.09693279662542
1115000,2229.9999999610914,-37616.25138422733,5677.9845527657735,-31938.26683146156,256.7793096662377
1120000,2239.999999960855,-37402.141322581825,5903.068878358367,-31499.072444223457,266.9584493249047
1125000,2249.9999999606184,-37395.56301066166,6008.769756956582,-31386.793253705076,271.738631163255
1130000,2259.999999960382,-37344.66028401142,5747.316863094847,-31597.343420916575,259.9147713108441
1135000,2269.9999999601455,-37199.68892523533,5754.929249606682,-31444.759675628648,260.25903137975706
1140000,2279.999999959909,-37162.20573469883,5823.151644521382,-31339.054090177448,263.34429857398374
1145000,2289.9999999596726,-37090.456201999245,5698.182833418549,-31392.273368580696,257.69275008057247
1150000,2299.999999959436,-37346.77555224186,5706.744212468036,-31640.031339773825,258.0799270765097
1155000,2309.9999999591996,-36951.617885081825,5842.4750125207065,-31109.14287256112,264.2181722256611
1160000,2319.999999958963,-37479.52058932072,5869.677066313776,-31609.84352300694,265.44834897756607
1165000,2329.9999999587267,-37406.88130137211,5866.462628666087,-31540.418672706022,265.3029803044976
1170000,2339.99999995849,-37346.21608397251,5715.070354079304,-31631.145729893207,258.45646577175563
1175000,2349.9999999582537,-37381.84018513447,5672.2979843044,-31709.542200830067,256.52214216070615
1180000,2359.9999999580173,-37025.876285045204,5622.654905687228,-31403.221379357976,254.27709986822322
1185000,2369.999999957781,-37463.584557979164,5692.574113889997,-31771.010444089166,257.4391031896256
1190000,2379.9999999575443,-37095.578915088234,5830.901573500777,-31264.677341587456,263.69477881830244
1195000,2389.999999957308,-37120.4956450153,5855.402595115812,-31265.093049899486,264.80280497757786
1200000,2399.9999999570714,-37420.65165278202,5746.907008334444,-31673.744644447575,259.89623617369085
1205000,2409.999999956835,-37008.90397402531,5639.819066274969,-31369.084907750337,255.0533262326598
1210000,2419.9999999565985,-36985.1587233234,5782.574425520276,-31202.584297803125,261.50924774098974
1215000,2429.999999956362,-37214.05057856327,5746.896688271593,-31467.153890291676,259.89576946255596
1220000,2439.9999999561255,-37282.203968493995,5556.677650775591,-31725.526317718402,251.29336614854776
1225000,2449.999999955889,-37108.348687617836,5821.05923223486,-31287.289455382976,263.2496720075538
1230000,2459.9999999556526,-37601.832651584205,5711.421495525385,-31890.41115605882,258.2914509902186
1235000,2469.999999955416,-37134.585364787636,5648.9308314016525,-31485.654533385983,255.4653937078929
1240000,2479.9999999551796,-37313.9623713184,5788.508939783924,-31525.45343153447,261.7776282660973
1245000,2489.999999954943,-37666.49110838657,5850.662938304082,-31815.828170082492,264.5884602936745
1250000,2499.9999999547067,-37530.4859127689,5879.735597242449,-31650.75031552645,265.9032326786609
1255000,2509.9999999544702,-37145.39138933903,5618.303277540435,-31527.088111798592,254.08030326529595
1260000,2519.9999999542338,-37160.107085673866,5624.855269997035,-31535.25181567683,254.37660842151982
1265000,2529.9999999539973,-37345.08196589237,5925.37989652739,-31419.702069364983,267.9674354871869
1270000,2539.999999953761,-37101.77351900822,5689.963701720394,-31411.809817287824,257.32105076651214
1275000,2549.9999999535244,-37240.09385248905,5927.988727722652,-31312.1051247664,268.08541641283574
1280000,2559.999999953288,-37205.733327357826,5867.134582799874,-31338.598744557952,265.333368537681
1285000,2569.9999999530514,-37202.308885066566,5769.745565836341,-31432.563319230227,260.9290796016028
1290000,2579.999999952815,-37201.20794245487,5641.730797482876,-31559.477144971996,255.1397817372974
1295000,2589.9999999525785,-37330.79539343601,5749.903251511588,-31580.892141924425,260.03173729164376
1300000,2599.999999952342,-37608.82175299412,5765.644435327177,-31843.17731766694,260.74361142161604
1305000,2609.9999999521056,-37404.65306755787,5565.5183725672605,-31839.134694990607,251.69317604896574
1310000,2619.999999951869,-37262.21974703556,5772.44229550356,-31489.777451532,261.0510356188955
1315000,2629.9999999516326,-37253.37937113529,5816.241413625827,-31437.137957509465,263.03179256018507
1320000,2639.999999951396,-37276.48794123417,5861.63121894944,-31414.856722284727,265.08448621733936
1325000,2649.9999999511597,-37349.18966719395,5724.124396327055,-31625.065270866893,258.8659228064589
1330000,2659.999999950923,-37516.40842863804,5781.560187355736,-31734.848241282303,261.4633801671513
1335000,2669.9999999506867,-37253.68500754124,5925.952555307505,-31327.732452233733,267.9933332198886
1340000,2679.9999999504503,-37358.310433833656,5664.126460617357,-31694.1839732163,256.15259585571346
1345000,2689.999999950214,-37161.2878040958,5751.324624223185,-31409.96317987262,260.09601698460006
1350000,2699.9999999499773,-37358.806145160255,5797.547937722755,-31561.258207437502,262.18640494191214
1355000,2709.999999949741,-37534.515560596046,5956.027374814412,-31578.488185781636,269.35342698547635
1360000,2719.9999999495044,-37163.210492579994,5721.546554546609,-31441.663938033387,258.7493433359337
1365000,2729.999999949268,-37321.909187762794,5717.038419070453,-31604.87076869234,258.54546889691545
1370000,2739.9999999490315,-37254.37428900486,5576.517711603701,-31677.85657740116,252.19060654711427
1375000,2749.999999948795,-37069.56287142521,5655.168498039779,-31414.394373385432,255.74748389647678
1380000,2759.9999999485585,-37573.00981184727,5824.723015801382,-31748.286796045886,263.4153617529617
1385000,2769.999999948322,-37197.15309378391,5646.065041542053,-31551.08805224186,255.33579216795243
1390000,2779.9999999480856,-37344.09602686649,5931.248666331232,-31412.847360535263,268.23284280642423
1395000,2789.999999947849,-37028.71770617252,5765.680905548327,-31263.036800624195,260.74526073892633
1400000,2799.9999999476127,-37089.62351176029,5668.860973659815,-31420.762538100476,256.3667079194837
1405000,2809.999999947376,-37364.52346083408,5582.836532175906,-31781.68692865818,252.4763668145749
1410000,2819.9999999471397,-37124.63252064472,5912.348366562523,-31212.284154082197,267.37810185353976
1415000,2829.9999999469032,-37133.25499960667,5685.680520413084,-31447.574479193583,257.1273495809866
1420000,2839.999999946667,-37206.80160185581,5797.594848853937,-31409.206753001876,262.18852643551054
1425000,2849.9999999464303,-37159.898673503456,5922.069836088285,-31237.82883741517,267.81774240038675
1430000,2859.999999946194,-37178.07603594547,5898.613377998916,-31279.462657946555,266.75695523912736
1435000,2869.9999999459574,-37317.37512346989,5815.049925765714,-31502.325197704173,262.9779091042946
1440000,2879.999999945721,-36992.84105917698,5786.838448007256,-31206.002611169723,261.70208249431334
1445000,2889.9999999454844,-37174.852971522865,5472.155656841325,-31702.69731468154,247.47097123845896
1450000,2899.999999945248,-36951.85589358097,5717.069669850053,-31234.786223730916,258.5468821719144
1455000,2909.9999999450115,-37149.5056185413,5812.3640327109015,-31337.141585830395,262.8564431584044
1460000,2919.999999944775,-37508.42749926334,5863.756632252892,-31644.670867010453,265.1806052109266
1465000,2929.9999999445386,-37308.302762477455,5755.771206228132,-31552.531556249323,260.29710774964065
1470000,2939.999999944302,-37387.33604475742,5775.108528027092,-31612.22751673033,261.17161244337257
1475000,2949.9999999440656,-37263.579869716224,6020.628377119756,-31242.95149259647,272.27492150902754
1480000,2959.999999943829,-37059.51645609623,5785.0136213605465,-31274.502834735682,261.61955713302575
1485000,2969.9999999435927,-37425.02845141178,5737.302717951754,-31687.72573346003,259.4618948979471
1490000,2979.999999943356,-37282.77661082035,5541.805945877867,-31740.970664942484,250.62081304775825
1495000,2989.9999999431197,-37606.90909430271,5650.982758239451,-31955.92633606326,255.5581893736787
1500000,2999.9999999428833,-37433.644671886024,5762.775648729301,-31670.869023156723,260.61387435816744
1505000,3009.999999942647,-37432.19940325504,5755.004064291869,-31677.195338963174,260.26241477452265
1510000,3019.9999999424103,-37014.77607390171,5780.706529742662,-31234.06954415905,261.4247746354631
1515000,3029.999999942174,-37115.20480963474,5621.6380816247765,-31493.566728009966,254.23111535058635
1520000,3039.9999999419374,-37527.41580149418,5872.161093556348,-31655.25470793783,265.56068581022424
1525000,3049.999999941701,-37275.0602984119,5766.647894947893,-31508.41240346401,260.78899155012664
1530000,3059.9999999414645,-37449.70779177433,5713.566831567878,-31736.140960206452,258.3884709632168
1535000,3069.999999941228,-37372.8251213718,5655.881566968366,-31716.943554403435,255.77973149164467
1540000,3079.9999999409915,-37272.25005242115,5709.224592043536,-31563.025460377612,258.1920989482696
1545000,3089.999999940755,-37141.32824179417,5601.016323552956,-31540.311918241212,253.29852373245544
1550000,3099.9999999405186,-37402.94971224552,5803.102645763235,-31599.847066482285,262.43760923505124
1555000,3109.999999940282,-37332.53972956425,5821.209191961235,-31511.33053760301,263.25645373699643
1560000,3119.9999999400457,-37117.63509032017,5606.68327600147,-31510.951814318698,253.5548041298602
1565000,3129.999999939809,-37470.521260707435,5772.183490238332,-31698.337770469105,261.0393314945313
1570000,3139.9999999395727,-37236.468121974525,5814.064704632764,-31422.40341734176,262.9333537871682
1575000,3149.9999999393362,-37592.47076269871,5763.101902568787,-31829.36886012992,260.6286287547145
1580000,3159.9999999391,-37103.08651491886,5821.628193992997,-31281.458320925864,263.2754025473471
1585000,3169.9999999388633,-37238.951312511024,5569.976850903275,-31668.97446160775,251.89480480977767
1590000,3179.999999938627,-37513.299357860145,5798.740013760883,-31714.559344099263,262.240314997372
1595000,3189.9999999383904,-37044.87488314396,5712.522542946208,-31332.35234019775,258.3412443973689
1600000,3199.999999938154,-37374.28697535282,5792.25393197892,-31582.0330433739,261.9469905638633
1605000,3209.9999999379174,-37286.53905150181,5762.76842771475,-31523.77062378706,260.61354779737565
1610000,3219.999999937681,-37105.18747565037,5672.067375508753,-31433.120100141616,256.5117131842271
1615000,3229.9999999374445,-37461.62290331608,5674.717148821067,-31786.905754495012,256.63154566273863
1620000,3239.999999937208,-37547.923151462135,5725.633324064792,-31822.289827397344,258.93416205917816
1625000,3249.9999999369716,-37345.76094385868,5748.857912845517,-31596.903031013164,259.9844632389325
1630000,3259.999999936735,-37035.439642398414,5756.023161197231,-31279.416481201184,260.30850207846123
1635000,3269.9999999364986,-37239.472061603126,5491.401221429249,-31748.070840173878,248.34132633419742
1640000,3279.999999936262,-36972.26892611271,5830.422945733874,-31141.845980378836,263.6731335132774
1645000,3289.9999999360257,-37425.34954973942,5861.001548966207,-31564.34800077321,265.0560102287012
1650000,3299.999999935789,-37193.07796904331,5808.681419060544,-31384.39654998277,262.6899018474658
1655000,3309.9999999355528,-37148.79375502354,5843.882616552028,-31304.911138471507,264.28182924834005
1660000,3319.9999999353163,-37360.350877254066,5661.297822899291,-31699.053054354776,256.02467447202685
1665000,3329.99999993508,-37204.182899921,6033.468992536634,-31170.713907384365,272.85562128582234
1670000,3339.9999999348433,-36932.11264273411,5669.99589805711,-31262.116744676998,256.4180333678981
1675000,3349.999999934607,-37284.16837546116,5584.886320746582,-31699.282054714575,252.56906578007028
1680000,3359.9999999343704,-37193.93048331028,5831.102331787459,-31362.828151522823,263.7038578451622
1685000,3369.999999934134,-37193.97774454838,5889.42505434756,-31304.552690200817,266.3414255063041
1690000,3379.9999999338975,-37340.760820834694,5889.872115954327,-31450.888704880366,266.3616432736645
1695000,3389.999999933661,-37087.30971857792,5750.771581582595,-31336.538136995325,260.07100636575336
1700000,3399.9999999334245,-37377.94139334446,5770.367174939805,-31607.574218404654,260.95719104766016
1705000,3409.999999933188,-37211.14567229038,5592.505324405432,-31618.64034788495,252.91362510066773
1710000,3419.9999999329516,-37309.53725287205,5813.399669046347,-31496.1375838257,262.9032784361001
1715000,3429.999999932715,-37345.07389399296,5847.424801288542,-31497.649092704414,264.44201984817346
1720000,3439.9999999324787,-37075.078738658485,5664.611642313196,-31410.467096345288,256.1745375534695
1725000,3449.999999932242,-37090.87623068577,5890.39416667499,-31200.48206401078,266.3852523240973
1730000,3459.9999999320057,-37146.748390643654,5938.8687553968875,-31207.879635246765,268.57745121310285
1735000,3469.9999999317693,-37670.2915563274,5687.18481908542,-31983.10673724198,257.1953794903716
1740000,3479.999999931533,-37057.02132150417,5727.236923693517,-31329.784397810654,259.0066827224203
1745000,3489.9999999312963,-37190.08048578983,5570.4072796132805,-31619.67320617655,251.91427037647458
1750000,3499.99999993106,-37274.68543478733,5776.80458084932,-31497.88085393801,261.24831417949076
1755000,3509.9999999308234,-37195.75622698551,5637.254469196641,-31558.501757788872,254.93734573619577
1760000,3519.999999930587,-37091.81424710041,5635.880758916597,-31455.933488183815,254.87522151339925
1765000,3529.9999999303504,-36969.23903700596,5757.536885425937,-31211.702151580022,260.3769582461137
1770000,3539.999999930114,-37325.70529696232,5799.233848961789,-31526.471448000528,262.26264803840076
1775000,3549.9999999298775,-37233.36920019871,5773.894479699799,-31459.474720498907,261.11670872031965
1780000,3559.999999929641,-37377.19410177952,5698.754238569182,-31678.439863210337,257.718591119546
1785000,3569.9999999294046,-37300.29260489231,5757.368481439318,-31542.92412345299,260.36934239949994
1790000,3579.999999929168,-37416.19341990238,5893.668160202646,-31522.525259699738,266.5333143327327
1795000,3589.9999999289316,-37518.70981261021,5887.518305929146,-31631.19150668106,266.255195341703
1800000,3599.999999928695,-36984.851206271705,5777.4643465481,-31207.386859723607,261.27815120689013
1805000,3609.9999999284587,-37118.98310229069,5676.7073699196435,-31442.275732371043,256.72155076842824
1810000,3619.999999928222,-37263.01458307987,5754.360204376159,-31508.65437870371,260.2332970650359
1815000,3629.9999999279858,-37126.13766905552,5709.17231363737,-31416.96535541815,258.189734726789
1820000,3639.9999999277493,-37231.22480627781,5632.90585891645,-31598.31894736136,254.74068561227708
1825000,3649.999999927513,-37439.15383812672,5788.393753215848,-31650.760084910868,261.7724191065516
1830000,3659.9999999272763,-37400.446754901466,5646.5940155929275,-31753.85273930854,255.35971431679815
1835000,3669.99999992704,-37026.78563448673,5798.367139103798,-31228.418495382935,262.22345223627286
1840000,3679.9999999268034,-37023.2925829578,5663.753769610411,-31359.53881334739,256.13574139994785
1845000,3689.999999926567,-37205.17289683109,5599.175799382295,-31605.9970974488,253.21528847149716
1850000,3699.9999999263305,-37323.43103167301,5830.087095521604,-31493.343936151407,263.6579451335175
1855000,3709.999999926094,-36998.26547285801,5753.247903074359,-31245.01756978365,260.18299471606633
1860000,3719.9999999258575,-36780.80551382786,5850.947413247504,-30929.858100580353,264.6013252951395
1865000,3729.999999925621,-37306.594670741615,6000.678850001884,-31305.91582073973,271.3727306429041
1870000,3739.9999999253846,-37110.831347911415,5649.54564064558,-31461.285707265837,255.4931976393346
1875000,3749.999999925148,-36781.67552277332,5759.232016500184,-31022.44350627314,260.4536182974037
1880000,3759.9999999249117,-37263.78104349857,5690.318847088475,-31573.4621964101,257.3371117440649
1885000,3769.999999924675,-37045.790842502174,5865.577854179701,-31180.212988322473,265.2629675535447
1890000,3779.9999999244387,-37190.06196734196,5646.93400269688,-31543.12796464508,255.37508978198957
1895000,3789.9999999242023,-37117.565804927406,5884.052643117832,-31233.513161809573,266.0984653442972
1900000,3799.999999923966,-37281.11065050846,5789.020069237325,-31492.090581271135,261.80074341672423
1905000,3809.9999999237293,-37239.629716365394,5781.652177038809,-31457.977539326585,261.46754027838375
1910000,3819.999999923493,-37186.56500193363,5696.834950519069,-31489.73005141456,257.63179386675694
1915000,3829.9999999232564,-37527.6284498859,5650.390347525065,-31877.238102360836,255.5313983859849
1920000,3839.99999992302,-37368.40978047138,5802.428829458669,-31565.980951012712,262.4071367876677
1925000,3849.9999999227834,-37414.83923289066,5844.630819760654,-31570.208413130007,264.31566574465586
1930000,3859.999999922547,-37479.759813754616,5836.02491008772,-31643.734903666897,263.9264749104206
1935000,3869.9999999223105,-37087.281806438026,5474.3719941676945,-31612.909812270333,247.57120215021362
1940000,3879.999999922074,-37781.594236342964,5743.334924786226,-32038.259311556736,259.73469343981094
1945000,3889.9999999218376,-37292.57394358402,5737.238931710579,-31555.335011873445,259.45901024991355
1950000,3899.999999921601,-36995.815214603004,5836.230719404036,-31159.584495198967,263.9357823633866
1955000,3909.9999999213646,-37503.7882275272,5830.840869663583,-31672.947357863617,263.6920335678947
1960000,3919.999999921128,-37352.35703942066,5653.596145593282,-31698.76089382738,255.67637634554714
1965000,3929.9999999208917,-37311.17334028965,5848.02117382751,-31463.15216646214,264.4689900041218
1970000,3939.9999999206552,-37501.697614162025,5809.698803343809,-31691.998810818215,262.7359117003449
1975000,3949.9999999204188,-37243.53466841465,5870.266430947315,-31373.268237467335,265.4750022102996
1980000,3959.9999999201823,-37345.70300909763,5868.998656493874,-31476.70435260376,265.41766879455287
1985000,3969.999999919946,-37527.12406203037,5702.093261463842,-31825.03080056653,257.86959399492946
1990000,3979.9999999197094,-37491.0307974506,5967.853748934832,-31523.17704851577,269.8882590467959
1995000,3989.999999919473,-37232.257093875465,5665.183105584946,-31567.073988290518,256.2003812208934
2000000,3999.9999999192364,-37383.8563584972,5602.4713466262765,-31781.385011870923,253.36432521832486
2005000,4009.999999919,-37165.64849325901,5754.637326020137,-31411.011167238874,260.2458295233004
2010000,4019.9999999187635,-37240.772884814796,5792.745159921025,-31448.02772489377,261.9692056950759
2015000,4029.999999918527,-37474.53036734348,5771.947769658452,-31702.582597685032,261.02867134440004
2020000,4039.9999999182905,-37139.99924990421,5889.729134102913,-31250.2701158013,266.35517710934874
2025000,4049.999999918054,-37344.6223492313,5730.138185855688,-31614.48416337561,259.13788845012874
2030000,4059.9999999178176,-37252.589412181434,5899.399645456081,-31353.189766725354,266.7925131405249
2035000,4069.999999917581,-37630.12808748966,5739.389185630948,-31890.738901858713,259.55625262740654
2040000,4079.9999999173447,-37145.26456209904,5758.587551394217,-31386.67701070482,260.4244732189914
2045000,4089.999999917108,-37281.44091459995,5667.79684254213,-31613.64407205782,256.31858400310915
2050000,4099.999999917781,-37295.18176695591,5694.147797419686,-31601.033969536224,257.5102709370246
2055000,4109.999999919818,-37376.993623225746,5632.176940232504,-31744.81668299324,254.70772123297542
2060000,4119.999999921855,-37302.91035935169,5791.455010342674,-31511.45534900902,261.91086039402467
2065000,4129.999999923893,-37376.30193754917,5690.952046492655,-31685.349891056518,257.36574734607746
2070000,4139.99999992593,-37245.68408915287,5805.044865154841,-31440.639223998027,262.5254435273009
2075000,4149.999999927967,-37215.598179309425,5766.749391796023,-31448.8487875134,260.793581610271
2080000,4159.999999930004,-37588.90561625248,5877.400239024955,-31711.505377227524,265.79761920519354
2085000,4169.999999932042,-37677.09750887638,5802.14840654499,-31874.94910233139,262.3944550338658
2090000,4179.999999934079,-37284.73710581547,5844.491112797104,-31440.245993018365,264.3093476827938
2095000,4189.999999936116,-37315.40013453251,5837.976950302411,-31477.423184230098,264.0147533363499
2100000,4199.999999938153,-37676.25098559147,5712.095525881746,-31964.155459709724,258.3219331178102
2105000,4209.999999940191,-37165.4153923679,5973.093640532208,-31192.32175183569,270.12522618444774
2110000,4219.999999942228,-37557.12385222202,5823.68829325117,-31733.435558970854,263.3685677999895
2115000,4229.999999944265,-37155.094425647316,5766.04392970243,-31389.050495944884,260.76167802411203
2120000,4239.9999999463025,-37359.725859134254,5707.843987085585,-31651.88187204867,258.1296629228225
2125000,4249.99999994834,-37518.471674411354,5624.833734178411,-31893.637940232944,254.37563449272733
2130000,4259.999999950377,-37116.77833697086,5834.46380818616,-31282.314528784704,263.8558761504423
2135000,4269.999999952414,-37292.97867342716,5799.000742054104,-31493.977931373058,262.25210608812296
2140000,4279.999999954452,-37355.86238238102,5547.475270467797,-31808.387111913224,250.87720072210772
2145000,4289.999999956489,-37013.26108023411,5645.244913434318,-31368.01616679979,255.298702963608
2150000,4299.999999958526,-37571.80092474705,5704.380596929563,-31867.420327817483,257.9730357032337
2155000,4309.999999960563,-37172.04876086002,5960.379656165395,-31211.66910469463,269.55025312869554
2160000,4319.999999962601,-37567.64725538975,5858.71900035546,-31708.928255034287,264.9527849995551
2165000,4329.999999964638,-37240.214147059974,5725.967721392578,-31514.246425667396,258.949284734167
2170000,4339.999999966675,-37411.426791637,5808.7005731331965,-31602.726218503805,262.6907680649603
2175000,4349.9999999687125,-37018.52909895664,5622.663506329474,-31395.865592627168,254.27748882084506
2180000,4359.99999997075,-37032.1145071674,5879.727981313609,-31152.386525853788,265.9028882583949
2185000,4369.999999972787,-37130.98080965763,5658.281425102184,-31472.699384555446,255.88826188815628
2190000,4379.999999974824,-37303.81962439304,6016.823806507704,-31286.99581788534,272.10286485648464
2195000,4389.999999976862,-37399.32563063389,5868.636228792631,-31530.689401841257,265.4012784831555
2200000,4399.999999978899,-37299.78649756199,5805.42292731904,-31494.36357024295,262.5425408865191
2205000,4409.999999980936,-37443.64009138828,5912.965601815414,-31530.67448957287,267.40601549801454
2210000,4419.999999982973,-37026.94825789219,5960.750954820002,-31066.197303072186,269.567044617176
2215000,4429.999999985011,-37165.89095255619,5654.602974753375,-31511.287977802815,255.72190885700047
2220000,4439.999999987048,-37396.74297186619,5793.631233720557,-31603.11173814563,262.0092772057401
2225000,4449.999999989085,-37278.12453028446,5910.253507643511,-31367.871022640953,267.2833646414052
2230000,4459.999999991122,-37609.95107981449,5667.233561653064,-31942.71751816143,256.2931103730739
2235000,4469.99999999316,-37215.36361929661,5923.9274709970405,-31291.436148299566,267.9017514717482
2240000,4479.999999995197,-37016.78810831791,5838.303067250007,-31178.485041067903,264.029501542143
2245000,4489.999999997234,-37472.218409030495,5650.36042001284,-31821.857989017655,255.53004495399546
2250000,4499.9999999992715,-37373.769899814186,6036.305528667905,-31337.46437114628,272.98389986475513
2255000,4510.000000001309,-37565.67879721409,5718.5284146758695,-31847.150382538217,258.612851969097
2260000,4520.000000003346,-37189.86995932346,5975.22479448301,-31214.645164840455,270.2216047911864
2265000,4530.000000005383,-37318.53053614384,5579.730323807435,-31738.800212336402,252.33589266690447
2270000,4540.000000007421,-37373.60864588505,5579.491348900138,-31794.11729698491,252.32508534413833
2275000,4550.000000009458,-37213.833334415016,5733.228983742189,-31480.604350672827,259.2776656792209
2280000,4560.000000011495,-37068.88342901951,5482.841660758494,-31586.041768261013,247.95423157202305
2285000,4570.000000013532,-37253.77024122959,5769.189297025776,-31484.580944203815,260.9039230835041
2290000,4580.00000001557,-37211.67832037693,5766.671388111456,-31445.006932265474,260.7900539972441
2295000,4590.000000017607,-37245.60645910984,5790.391235205439,-31455.2152239044,261.8627525763931
2300000,4600.000000019644,-37214.57496783024,5833.909026492635,-31380.665941337604,263.8307868852365
2305000,4610.000000021681,-37095.82267042881,5850.016636711032,-31245.806033717778,264.55923216257315
2310000,4620.000000023719,-36978.33641478306,5903.221709580255,-31075.114705202803,266.9653609139179
2315000,4630.000000025756,-37550.507957904396,5754.284829238135,-31796.22312866626,260.2298883245351
2320000,4640.000000027793,-36962.14170309788,5660.098321587138,-31302.04338151074,255.97042861841174
2325000,4650.0000000298305,-37174.68376681095,5636.699460498017,-31537.984306312934,254.91224620498582
2330000,4660.000000031868,-37308.948604075966,6044.51239434984,-31264.436209726126,273.3550444645242
2335000,4670.000000033905,-37198.9873089481,6031.484918836537,-31167.50239011156,272.7658941880638
2340000,4680.000000035942,-37176.21964976078,5690.024846090484,-31486.194803670296,257.323815939435
2345000,4690.00000003798,-37481.00582834965,5601.795804955141,-31879.210023394506,253.33377474352997
2350000,4700.000000040017,-37360.057437388954,5598.343044416927,-31761.714392972026,253.1776282342878
2355000,4710.000000042054,-37421.51205775028,5702.642283056355,-31718.86977469393,257.8944227672178
2360000,4720.000000044091,-37507.129345386085,5914.825583417203,-31592.303761968884,267.4901306954514
2365000,4730.000000046129,-37428.05477997547,5685.671631044972,-31742.3831489305,257.1269475711209
2370000,4740.000000048166,-37255.56616446262,5627.858537458311,-31627.70762700431,254.5124272033927
2375000,4750.000000050203,-37363.547587840614,5860.231313717144,-31503.31627412347,265.0211773626205
2380000,4760.0000000522405,-37161.349456279335,5777.283973890905,-31384.06548238843,261.2699940930469
2385000,4770.000000054278,-37180.34487578159,5806.807732501216,-31373.537143280377,262.6051668615278
2390000,4780.000000056315,-37256.05308863407,5736.340031696923,-31519.713056937147,259.41835869075186
2395000,4790.000000058352,-37143.107595889625,5776.700353834426,-31366.4072420552,261.2436006511807
2400000,4800.0000000603895,-36883.19982096439,5684.009712991714,-31199.19010797268,257.0517895345902
2405000,4810.000000062427,-37064.75713965183,5825.914307767767,-31238.842831884067,263.4692363498186
2410000,4820.000000064464,-37094.57918974644,5664.205312274026,-31430.37387747241,256.15616181715234
2415000,4830.000000066501,-37448.4989571262,5696.719682671831,-31751.779274454366,257.6265810314691
2420000,4840.000000068539,-37593.00154253727,5763.890770986649,-31829.110771550622,260.66430428110476
2425000,4850.000000070576,-37161.20547625309,5855.196849686172,-31306.008626566916,264.79350041380195
2430000,4860.000000072613,-37155.16987559086,5660.458118774083,-31494.711756816774,255.98669996829392
2435000,4870.00000007465,-37437.516030757484,5790.018737725113,-31647.49729303237,261.84590687261186
2440000,4880.000000076688,-37393.1059221912,5814.816911574237,-31578.289010616965,262.9673713469841
2445000,4890.000000078725,-37146.46112391239,5747.527542989157,-31398.933580923236,259.9242990292306
2450000,4900.000000080762,-37352.01720663792,5749.32074043858,-31602.696466199337,260.00539400208214
2455000,4910.0000000827995,-37292.08835360294,5708.354020651382,-31583.73433295156,258.1527285133881
2460000,4920.000000084837,-37532.60356756931,5646.455347017531,-31886.148220551782,255.35344321466113
2465000,4930.000000086874,-37060.27748724705,5838.1731638239,-31222.104323423147,264.0236268322403
2470000,4940.000000088911,-37485.07674786335,5684.689972009451,-31800.386775853898,257.0825533451194
2475000,4950.000000090949,-37305.01186320072,5620.326105643148,-31684.685757557574,254.17178297943767
2480000,4960.000000092986,-37212.00174376255,5847.583963953848,-31364.417779808704,264.4492177683055
2485000,4970.000000095023,-37601.34847399479,5651.839235036308,-31949.509238958482,255.5969223992089
2490000,4980.00000009706,-37388.53714033848,5767.332592015536,-31621.20454832294,260.81995606556796
2495000,4990.000000099098,-37495.36456820255,5882.525632913195,-31612.838935289357,266.02940833603026
2500000,5000.000000101135,-37282.19224020725,5687.581045194364,-31594.611195012887,257.2132982898648
2505000,5010.000000103172,-37539.560449092445,5800.568186522966,-31738.992262569478,262.32299168228303
2510000,5020.000000105209,-37279.66861197239,5895.433845289213,-31384.234766683177,266.61316509551716
2515000,5030.000000107247,-37239.233972041664,5782.209444666178,-31457.024527375484,261.4927419666457
2520000,5040.000000109284,-37059.62257715946,5772.334208956391,-31287.28836820307,261.0461475483648
2525000,5050.000000111321,-37245.858622996864,5704.621279565047,-31541.237343431818,257.98392025573884
2530000,5060.0000001133585,-37459.826171367225,5741.792814348926,-31718.0333570183,259.6649535435785
2535000,5070.000000115396,-37427.333738772926,5740.222375754283,-31687.111363018645,259.593932544057
2540000,5080.000000117433,-37133.74483439213,5700.192639182419,-31433.552195209708,257.7836408767368
2545000,5090.00000011947,-37129.77725741154,5826.47173383623,-31303.305523575305,263.4944452033685
2550000,5100.000000121508,-37118.78078696018,5745.681466913252,-31373.09932004693,259.8408126907319
2555000,5110.000000123545,-37279.64185377842,5705.655818657883,-31573.986035120535,258.03070591209496
2560000,5120.000000125582,-37267.991413562355,5752.197820404222,-31515.793593158134,260.13550612207234
2565000,5130.000000127619,-37448.53409621006,5948.014053040388,-31500.520043169672,268.99103515186965
2570000,5140.000000129657,-37036.94585272556,5640.626119507165,-31396.3197332184,255.08982414312453
2575000,5150.000000131694,-37136.555407016334,5743.865041788577,-31392.690365227758,259.7586672771191
2580000,5160.000000133731,-37526.305495708046,5988.44897159348,-31537.856524114566,270.81965063611153
2585000,5170.0000001357685,-37138.80604407078,5798.583054671041,-31340.222989399736,262.23321673101344
2590000,5180.000000137806,-37082.23724409824,5622.015674853784,-31460.22156924446,254.24819150283335
2595000,5190.000000139843,-37067.95338007694,5785.761584947743,-31282.191795129198,261.65338279278075
2600000,5200.00000014188,-37235.69114634281,5734.984378580586,-31500.706767762225,259.3570510791998
2605000,5210.0000001439175,-37352.218840091286,5815.365495071255,-31536.85334502003,262.99218030698563
2610000,5220.000000145955,-37085.981376140175,5786.9531196177395,-31299.028256522433,261.70726836558595
2615000,5230.000000147992,-37314.054148643074,5807.50719558241,-31506.546953060664,262.6367991503191
2620000,5240.000000150029,-37108.506698100624,5947.076796394432,-31161.429901706193,268.94864896495915
2625000,5250.000000152067,-37138.546010463295,5761.597524121358,-31376.948486341935,260.56059523760683
2630000,5260.000000154104,-37206.18713423496,5843.696491470158,-31362.490642764802,264.2734119887315
2635000,5270.000000156141,-37140.4622931171,5656.696828743582,-31483.765464373522,255.8166006225646
2640000,5280.000000158178,-37400.74064108616,5942.07146978051,-31458.66917130565,268.7222897171252
2645000,5290.000000160216,-37200.87313315159,5807.7313897994445,-31393.141743352142,262.64693803600056
2650000,5300.000000162253,-37301.95417353397,5839.395964760117,-31462.55820877386,264.0789263804063
2655000,5310.00000016429,-37536.74010702854,5666.402348592379,-31870.337758436162,256.2555198664558
2660000,5320.0000001663275,-37292.997600047645,5525.895426868884,-31767.102173178762,249.90128095858267
2665000,5330.000000168365,-37217.603172748146,5624.225255935354,-31593.37791681279,254.3481168723909
2670000,5340.000000170402,-37139.42563959843,5537.485275397316,-31601.94036420111,250.42541646416754
2675000,5350.000000172439,-37216.703053920326,5606.923511255223,-31609.779542665103,253.56566845012085
2680000,5360.000000174477,-36942.18821474796,5916.890412986945,-31025.29780176102,267.58350987015143
2685000,5370.000000176514,-37496.62314459568,5721.889163800392,-31774.73398079529,258.7648373843683
2690000,5380.000000178551,-37355.1255201984,5731.798735726801,-31623.326784471603,259.2129846124392
2695000,5390.000000180588,-37314.461089580116,5689.60315973866,-31624.857929841455,257.3047457342749
2700000,5400.000000182626,-36970.8650564838,5720.859439749432,-31250.005616734372,258.7182694818855
2705000,5410.000000184663,-37115.65167662388,5754.572079068799,-31361.07959755508,260.24287881658984
2710000,5420.0000001867,-37201.71960589176,5753.061475076105,-31448.658130815656,260.1745637574666
2715000,5430.000000188737,-37409.01136347538,5676.14374246256,-31732.867621012818,256.6960614653148
2720000,5440.000000190775,-37321.03658124691,5587.064666303086,-31733.971914943824,252.66757856449496
2725000,5450.000000192812,-37125.01915880924,5923.641442227514,-31201.37771658173,267.8888162005615
2730000,5460.000000194849,-36991.328230350075,5749.259157602498,-31242.069072747578,260.00260900011716
2735000,5470.0000001968865,-37160.74872729069,5804.60438517275,-31356.144342117936,262.5055234051745
2740000,5480.000000198924,-37061.887710063515,5626.256997953821,-31435.630712109694,254.43999970653275
2745000,5490.000000200961,-37443.32163187748,5670.9374086106345,-31772.384223266847,256.4606119321282
2750000,5500.000000202998,-37106.83111330753,5731.825078630673,-31375.00603467686,259.21417593527707
2755000,5510.000000205036,-37526.424114673195,5677.380138797784,-31849.04397587541,256.7519758473428
2760000,5520.000000207073,-37265.109230487404,5679.39123481144,-31585.717995675965,256.84292499334
2765000,5530.00000020911,-37296.653769939,5844.614667870341,-31452.039102068662,264.31493529687003
2770000,5540.000000211147,-37405.60389563328,5633.419872200383,-31772.184023432896,254.76393118030938
2775000,5550.000000213185,-36999.226003139076,5614.457221024456,-31384.76878211462,253.90637046785125
2780000,5560.000000215222,-37334.737292735634,5867.790590782142,-31466.946701953493,265.36303562734236
2785000,5570.000000217259,-37352.146720378456,5883.696162193724,-31468.450558184733,266.0823439679971
2790000,5580.000000219296,-37337.28002354389,5756.84746175559,-31580.4325617883,260.3457799763431
2795000,5590.000000221334,-37245.17812010532,5893.252735537304,-31351.92538456802,266.5145273040267
2800000,5600.000000223371,-37541.119413821754,5652.2989359855055,-31888.82047783625,255.61771176404264
2805000,5610.000000225408,-37400.266448466835,5833.609076943221,-31566.657371523615,263.81722206526956
2810000,5620.0000002274455,-37309.60216662174,5772.536708070469,-31537.065458551275,261.05530530183137
2815000,5630.000000229483,-37089.87674853092,5591.198698386608,-31498.678050144314,252.85453467448087
2820000,5640.00000023152,-37217.19769427067,5756.596477954156,-31460.60121631651,260.33442956729033
2825000,5650.000000233557,-37253.951319186745,5751.760970222367,-31502.190348964377,260.11575015284035
2830000,5660.000000235595,-37256.40919539219,5714.735064931352,-31541.674130460837,258.44130276538436
2835000,5670.000000237632,-37198.9295801807,5866.695708238078,-31332.233871942626,265.31352101855504
2840000,5680.000000239669,-37246.23167225605,5742.360587019315,-31503.871085236737,259.6906303084579
2845000,5690.000000241706,-36994.230538814125,5707.095915984229,-31287.134622829897,258.09583240088244
2850000,5700.000000243744,-37292.633377521095,5648.654496326412,-31643.978881194682,255.45289682115475
2855000,5710.000000245781,-37340.30330893284,5828.817020313601,-31511.48628861924,263.6005076692017
2860000,5720.000000247818,-36997.674574344215,5497.8279960795135,-31499.846578264704,248.63196868144925
2865000,5730.0000002498555,-37149.01467272526,5771.406372061219,-31377.60830066404,261.0041873571718
2870000,5740.000000251893,-37253.925752131996,5906.858631078221,-31347.067121053777,267.1298358579547
2875000,5750.00000025393,-37271.026771037636,5864.8923556933505,-31406.134415344284,265.23196679500677
2880000,5760.000000255967,-37640.1756777454,5795.271983931295,-31844.903693814103,262.08347795470877
2885000,5770.000000258005,-37196.73953005558,5918.280350466459,-31278.45917958912,267.64636794649033
2890000,5780.000000260042,-37178.184523074684,5780.464411554161,-31397.720111520524,261.4138251619795
2895000,5790.000000262079,-37234.875008075294,5761.054935025324,-31473.82007304997,260.5360573664278
2900000,5800.000000264116,-37417.75741812473,5998.81986127859,-31418.937556846144,271.28866034707846
2905000,5810.000000266154,-37461.916909663734,5674.81378209519,-31787.103127568545,256.6359157742085
2910000,5820.000000268191,-37409.06960341221,5736.587635871691,-31672.481967540516,259.42955626067777
2915000,5830.000000270228,-37419.01700636631,5665.38349720775,-31753.63350915856,256.2094436658663
2920000,5840.000000272265,-37326.80991789585,5769.988294935712,-31556.82162296014,260.94005670271906
2925000,5850.000000274303,-37212.283546893654,5798.060480876124,-31414.22306601753,262.20958402524235
2930000,5860.00000027634,-37108.04095694309,5805.292267854024,-31302.74868908907,262.53663198576106
2935000,5870.000000278377,-37175.76363322025,5844.650604824426,-31331.113028395826,264.31656049788563
2940000,5880.0000002804145,-37352.177294223366,5780.518779790244,-31571.658514433122,261.4162838932422
2945000,5890.000000282452,-37329.571608989296,5707.505878971367,-31622.06573001793,258.11437243244603
2950000,5900.000000284489,-37303.20733401066,5789.53303369625,-31513.674300314407,261.82394155303854
2955000,5910.000000286526,-37108.43530556446,5849.376598116437,-31259.058707448025,264.5302872672582
2960000,5920.000000288564,-37284.58139940983,5720.090617650408,-31564.49078175942,258.68350052363826
2965000,5930.000000290601,-37421.16874262577,5785.497557829805,-31635.671184795967,261.6414425170637
2970000,5940.000000292638,-37087.56293627506,5694.774314626951,-31392.788621648113,257.53860434555725
2975000,5950.000000294675,-37124.430955379066,5676.3614679381335,-31448.06948744093,256.7059078107557
2980000,5960.000000296713,-37140.714287726936,5751.836122452157,-31388.87816527478,260.1191488126123
2985000,5970.00000029875,-37141.32171007877,5744.248988210222,-31397.07272186855,259.77603074406454
2990000,5980.000000300787,-37284.11504122501,5609.410116748384,-31674.70492447663,253.67812188073736
2995000,5990.000000302824,-37285.49202486759,5751.728209123897,-31533.763815743696,260.11426857567665
3000000,6000.000000304862,-37262.79708525425,5901.472391664335,-31361.324693589915,266.8862503346864
3005000,6010.000000306899,-37172.37480017429,5819.216061071585,-31353.15873910271,263.1663170398704
3010000,6020.000000308936,-37159.14643236881,5861.68237581384,-31297.46405655497,265.08679971858317
3015000,6030.0000003109735,-37262.87729212528,5885.079839494323,-31377.79745263096,266.1449189360596
3020000,6040.000000313011,-37360.93916460758,5834.373422248266,-31526.565742359315,263.85178856645535
3025000,6050.000000315048,-37271.42432972675,5593.544499753297,-31677.879829973455,252.96062042549949
3030000,6060.000000317085,-37273.698104350624,5977.207809272672,-31296.49029507795,270.31128400112715
3035000,6070.000000319123,-37500.50254580265,5681.2385157311355,-31819.264030071514,256.92646581929876
3040000,6080.00000032116,-37336.12220618015,5734.7401699837155,-31601.38203619644,259.34600706977426
3045000,6090.000000323197,-37279.53354784733,5721.184741134293,-31558.348806713035,258.7329808049372
3050000,6100.000000325234,-37088.66306444889,5530.613407171106,-31558.049657277785,250.11464535113515
3055000,6110.000000327272,-37342.97619578129,5801.56556572144,-31541.410630059847,262.3680968317739
3060000,6120.000000329309,-37033.897572963295,5671.5272704630825,-31362.37030250021,256.48728765092636
3065000,6130.000000331346,-37399.73414084202,5880.388684483857,-31519.34545635816,265.93276768169625
3070000,6140.0000003333835,-37312.570952861366,6014.816001661234,-31297.75495120013,272.012064549152
3075000,6150.000000335421,-37300.68825670963,5643.628059250625,-31657.06019745901,255.22558288072273
3080000,6160.000000337458,-37093.0058931995,5766.017527907545,-31326.988365291956,260.76048403800627
3085000,6170.000000339495,-37146.15196844822,5920.647422590806,-31225.504545857413,267.75341563927134
3090000,6180.0000003415325,-37184.76358172184,5766.8356898219035,-31417.927891899937,260.79748432386685
3095000,6190.00000034357,-37174.57101389652,5827.754054970001,-31346.816958926524,263.55243647341166
3100000,6200.000000345607,-37527.58921190983,5755.173819984806,-31772.415391925024,260.2700917502592
3105000,6210.000000347644,-37295.326372592506,5793.8361056326785,-31501.490266959827,262.01854226584646
3110000,6220.000000349682,-36952.853110759315,5909.998180339009,-31042.854930420304,267.27181780319535
3115000,6230.000000351719,-37422.49220415836,5820.609429435603,-31601.882774722762,263.22933027340395
3120000,6240.000000353756,-37143.35479494816,5766.828118947997,-31376.52667600016,260.7971419411504
3125000,6250.000000355793,-36974.47285124546,5833.323932401546,-31141.148918843915,263.80432678211304
3130000,6260.000000357831,-37319.8662485767,5542.899572673134,-31776.966675903564,250.67027086697408
3135000,6270.000000359868,-37144.817436187324,5853.351491762421,-31291.465944424905,264.71004655278057
3140000,6280.000000361905,-37297.99860140568,5781.548407230906,-31516.450194174773,261.4628474266527
3145000,6290.0000003639425,-37013.70358320957,5623.881492102438,-31389.822091107133,254.33257060964854
3150000,6300.00000036598,-37283.68207213169,5631.334925624177,-31652.347146507513,254.66964224071225
3155000,6310.000000368017,-37117.73467585331,5566.1446610087805,-31551.59001484453,251.72149911187142
3160000,6320.000000370054,-37368.405452697334,5807.256960700935,-31561.1484919964,262.6254826101768
3165000,6330.000000372092,-37160.08995959049,5798.508103447226,-31361.581856143268,262.22982716146976
3170000,6340.000000374129,-37124.94558140522,6018.338572211222,-31106.607009194,272.1713681234521
3175000,6350.000000376166,-37277.67033716923,5733.587150505948,-31544.08318666328,259.29386329538005
3180000,6360.000000378203,-37262.007880656776,5776.581582007725,-31485.42629864905,261.23822935307584
3185000,6370.000000380241,-37123.21856257206,5715.696703424527,-31407.52185914753,258.4847915889504
3190000,6380.000000382278,-37252.44502588993,5894.745848279378,-31357.699177610553,266.5820513445733
3195000,6390.000000384315,-37153.22401758915,5814.17250229211,-31339.05151529704,262.93822879313086
3200000,6400.000000386352,-37614.65885588413,5652.56283853827,-31962.096017345862,255.62964640646513
3205000,6410.00000038839,-37228.465680568275,5666.417302453363,-31562.048378114912,256.2561961349565
3210000,6420.000000390427,-36911.24798628574,5706.5674963112115,-31204.680489974533,258.07193532303904
3215000,6430.000000392464,-37041.620771377144,5698.1713687896145,-31343.44940258753,257.69223160795667
3220000,6440.0000003945015,-37274.02595850712,5660.254059616077,-31613.771898891042,255.97747166391284
3225000,6450.000000396539,-37447.80618521458,5927.475063717679,-31520.331121496896,268.0621866404805
3230000,6460.000000398576,-37373.67060229069,5691.745289211815,-31681.92531307887,257.40162069443386
3235000,6470.000000400613,-37367.56831309086,5677.401114694233,-31690.167198396626,256.75292445439874
3240000,6480.000000402651,-37188.65277001148,5769.510363376311,-31419.142406635172,260.9184428827535
3245000,6490.000000404688,-37181.73401018864,5785.3558867752745,-31396.378123413364,261.6350356317958
3250000,6500.000000406725,-36962.24724241978,5910.130546814483,-31052.116695605295,267.27780390123405
3255000,6510.000000408762,-37454.32779928928,5746.402325251597,-31707.925474037685,259.8734125516099
3260000,6520.0000004108,-36974.27181479221,5714.702720203579,-31259.569094588634,258.4398400180324
3265000,6530.000000412837,-37575.44887301212,5718.295183094997,-31857.153689917126,258.6023043806398
3270000,6540.000000414874,-37115.0201964069,5619.138035666141,-31495.88216074076,254.11805409277093
3275000,6550.0000004169115,-37405.824901073036,5580.068513613077,-31825.75638745996,252.35118685166708
3280000,6560.000000418949,-37162.40759894138,5890.123809374825,-31272.283789566558,266.37302577429705
3285000,6570.000000420986,-37377.9588808704,5667.1603955936835,-31710.798485276715,256.28980153522065
3290000,6580.000000423023,-37355.82032915836,5733.901051478458,-31621.919277679906,259.30805904992565
3295000,6590.0000004250605,-37468.53220507389,5831.098268738123,-31637.43393633577,263.70367409915275
3300000,6600.000000427098,-37311.99493643528,5733.560883727806,-31578.434052707475,259.2926754152272
3305000,6610.000000429135,-37331.849082439,5713.025388326706,-31618.823694112296,258.36398491180194
3310000,6620.000000431172,-37161.787338702736,5623.818459907877,-31537.968878794858,254.32972006237148
3315000,6630.00000043321,-37329.86937567478,5486.843689398582,-31843.0256862762,248.13521800161197
3320000,6640.000000435247,-37287.70918986088,5780.779937260293,-31506.929252600585,261.4280943929451
3325000,6650.000000437284,-37043.466412036476,5638.456020095919,-31405.01039194056,254.99168427966623
3330000,6660.000000439321,-37260.827651469765,5927.477425855047,-31333.35022561472,268.06229346500544
3335000,6670.000000441359,-37294.72086951023,5685.507698539197,-31609.213170971034,257.11953394128915
3340000,6680.000000443396,-37260.85700937992,5771.502857843562,-31489.354151536358,261.00855079852187
3345000,6690.000000445433,-37211.00144716984,5642.6506369983135,-31568.350810171523,255.1813802576144
3350000,6700.0000004474705,-37339.479354350624,5987.436881697454,-31352.04247265317,270.7738802148632
3355000,6710.000000449508,-37085.728293864784,5558.001886131527,-31527.72640773326,251.35325293361603
3360000,6720.000000451545,-37310.54170271641,5691.283295044518,-31619.25840767189,257.3807276218575
3365000,6730.000000453582,-37465.38276097065,5599.932106025736,-31865.450654944914,253.24949143488922
3370000,6740.00000045562,-37284.91687866932,5960.078585969775,-31324.838292699544,269.5366376289924
3375000,6750.000000457657,-37049.24982306248,5610.873079439535,-31438.376743622943,253.74428242527742
3380000,6760.000000459694,-37328.77617975956,6000.9924504173805,-31327.78372934218,271.38691280515803
3385000,6770.000000461731,-37432.62816950565,5687.080374338491,-31745.547795167164,257.1906561154196
3390000,6780.000000463769,-37305.55233904606,5895.03069130802,-31410.521647738038,266.5949329922034
3395000,6790.000000465806,-37400.583857982216,5793.726028541268,-31606.85782944095,262.01356417559634
3400000,6800.000000467843,-37463.768502204475,5751.96240903025,-31711.806093174226,260.1248599553675
3405000,6810.00000046988,-37372.292382924614,5544.0338722335755,-31828.258510691037,250.72156805797175
3410000,6820.000000471918,-37432.97093817478,5730.831669890022,-31702.139268284758,259.16925034446746
3415000,6830.000000473955,-37201.92356821781,5647.3072021363705,-31554.61636608144,255.39196723094165
3420000,6840.000000475992,-37281.13678499943,5560.80166513974,-31720.335119859687,251.47986922048094
3425000,6850.0000004780295,-37378.548376529274,5655.029076764753,-31723.51929976452,255.7411787544988
3430000,6860.000000480067,-37414.63756367451,5847.825954178565,-31566.81160949594,264.46016145479695
3435000,6870.000000482104,-37011.000390498695,6030.222510849216,-30980.77787964948,272.70880346361935
3440000,6880.000000484141,-37385.211153476295,5852.904057594205,-31532.30709588209,264.6898119368235
3445000,6890.000000486179,-37209.22604796177,5828.213869456746,-31381.01217850502,263.5732309728302
3450000,6900.000000488216,-37383.65721079594,5723.044910268407,-31660.61230052753,258.8171044832743
3455000,6910.000000490253,-37070.39011809116,5751.509852500695,-31318.88026559047,260.1043936874226
3460000,6920.00000049229,-37301.480006663856,5741.256963902658,-31560.223042761198,259.6407204188847
3465000,6930.000000494328,-37238.41352793461,5791.649502822464,-31446.764025112145,261.91965605809025
3470000,6940.000000496365,-37085.066244571266,5770.171062105465,-31314.8951824658,260.9483221052123
3475000,6950.000000498402,-37118.98741099125,5753.515391571997,-31365.472019419252,260.19509152808274
3480000,6960.0000005004395,-37031.46684309727,5720.499167695146,-31310.96767540212,258.7019766567585
3485000,6970.000000502477,-37201.35821291691,5747.78664862235,-31453.571564294558,259.93601673733696
3490000,6980.000000504514,-37065.181474177894,5769.969991359433,-31295.21148281846,260.9392289477934
3495000,6990.000000506551,-37493.62611338383,6084.10596524723,-31409.520148136595,275.1456111185495
3500000,7000.0000005085885,-37233.10063788181,5729.080612720379,-31504.020025161433,259.09006110979647
3505000,7010.000000510626,-37228.29511305576,5674.623092455737,-31553.672020600025,256.62729208854614
3510000,7020.000000512663,-37306.301126926,5718.671613818938,-31587.629513107066,258.61932796013923
3515000,7030.0000005147,-37386.08573099857,5623.382930649948,-31762.702800348627,254.31002383016954
3520000,7040.000000516738,-37370.28276011234,5611.66820255741,-31758.61455755493,253.7802408121681
3525000,7050.000000518775,-37279.82902666813,5890.553276264261,-31389.275750403867,266.39244784393617
3530000,7060.000000520812,-37449.339670627174,5847.812305444244,-31601.52736518293,264.4595442089161
3535000,7070.000000522849,-36924.867537944374,5764.736015222436,-31160.13152272194,260.7025293289801
3540000,7080.000000524887,-37147.13155314213,5746.93632084436,-31400.195232297767,259.8975617930177
3545000,7090.000000526924,-37546.870836703834,5773.768121196946,-31773.102715506888,261.1109943248627
3550000,7100.000000528961,-37536.53326174503,5603.403571804101,-31933.12968994093,253.40648386377217
3555000,7110.0000005309985,-37173.092989413795,5755.972056908304,-31417.12093250549,260.30619095487333
3560000,7120.000000533036,-37472.0463556934,5721.311177997969,-31750.735177695427,258.7386987441583
3565000,7130.000000535073,-37519.005637614784,5706.622799370717,-31812.382838244066,258.0744363304494
3570000,7140.00000053711,-37228.3157753635,5651.119291314278,-31577.196484049226,255.5643639006389
3575000,7150.000000539148,-37499.591420619545,5776.759480114011,-31722.831940505534,261.246274558641
3580000,7160.000000541185,-37222.64042898899,5791.673416305805,-31430.967012683184,261.9207375136116
3585000,7170.000000543222,-37335.709599940834,5971.409725374129,-31364.299874566706,270.049073358069
3590000,7180.000000545259,-37001.60030934101,5909.5826399415755,-31092.017669399436,267.2530255406593
3595000,7190.000000547297,-37245.20425650364,5812.919143333429,-31432.285113170212,262.8815472989874
3600000,7200.000000549334,-37121.91236159092,5734.573370971783,-31387.338990619137,259.3384638060089
3605000,7210.000000551371,-36926.87888285404,5584.449216173692,-31342.42966668035,252.54929830634154
3610000,7220.000000553408,-37141.65144106632,5756.434505261746,-31385.216935804576,260.32710456741484
3615000,7230.000000555446,-37076.05296084171,5802.337515694281,-31273.71544514743,262.40300724395996
3620000,7240.000000557483,-37338.7656588245,5718.051951612448,-31620.713707212053,258.5913045599116
3625000,7250.00000055952,-37051.02839419132,5850.276007230483,-31200.75238696084,264.5709618498087
3630000,7260.0000005615575,-37258.72721239811,5808.9351307011975,-31449.792081696913,262.7013756194242
3635000,7270.000000563595,-37151.63893458134,5744.130939672721,-31407.507994908614,259.770692155753
3640000,7280.000000565632,-37177.218528239784,5796.0383411695575,-31381.180187070226,262.11813544290203
3645000,7290.000000567669,-37256.38105150944,5747.105565741811,-31509.275485767626,259.9052156687069
3650000,7300.000000569707,-37293.591433970985,5557.496281484667,-31736.09515248632,251.33038763502674
3655000,7310.000000571744,-37417.57728430515,5796.419690243821,-31621.157594061333,262.135381448262
3660000,7320.000000573781,-37266.817201106605,5687.471574883119,-31579.345626223487,257.20834764044173
3665000,7330.000000575818,-37155.70186850315,5445.493583627798,-31710.208284875353,246.2652143910393
3670000,7340.000000577856,-37223.74837252384,5678.301004494059,-31545.44736802978,256.79362077532517
3675000,7350.000000579893,-37483.80037924534,5798.720354557592,-31685.080024687748,262.2394259360154
3680000,7360.00000058193,-37635.141795604286,5712.900450206656,-31922.24134539763,258.35833475127066
3685000,7370.000000583967,-37241.82630106693,5884.995591539252,-31356.83070952768,266.1411089341931
3690000,7380.000000586005,-37236.10416695362,5699.42992248017,-31536.674244473452,257.7491480269493
3695000,7390.000000588042,-37257.2510437656,5637.045276782422,-31620.20576698318,254.92788528712063
3700000,7400.000000590079,-37181.4723114658,5695.0221838632115,-31486.450127602584,257.549813902537
3705000,7410.0000005921165,-37194.08956095463,5945.039943523813,-31249.049617430814,268.85653499931715
3710000,7420.000000594154,-37186.40213057285,5852.1590692617165,-31334.243061311136,264.65612082901083
3715000,7430.000000596191,-37251.77265593296,5772.046749707271,-31479.72590622569,261.0331475856386
3720000,7440.000000598228,-37213.78985831028,5935.139061625565,-31278.650796684713,268.40878076622744
3725000,7450.000000600266,-37288.19456907993,5800.781322995698,-31487.413246084234,262.3326304961657
3730000,7460.000000602303,-37111.02144476658,5726.785305107493,-31384.236139659086,258.98625887172574
3735000,7470.00000060434,-37350.59630438572,5646.705657080593,-31703.890647305125,255.364763154791
3740000,7480.000000606377,-37000.24774309879,5734.862745677878,-31265.384997420915,259.35155039273263
3745000,7490.000000608415,-37267.3946356464,5795.692667530539,-31471.70196811586,262.1025028117154
3750000,7500.000000610452,-37312.92582651859,5676.876418487983,-31636.04940803061,256.7291957653941
3755000,7510.000000612489,-37355.875393836555,5771.07153909274,-31584.803854743815,260.9890449809112
3760000,7520.0000006145265,-37447.21467253452,5792.436093908129,-31654.778578626392,261.9552285951568
3765000,7530.000000616564,-37556.782526462135,5721.5955681282085,-31835.18695833393,258.75155991005965
3770000,7540.000000618601,-37161.53173014408,5747.209898879018,-31414.321831265064,259.9099339962575
3775000,7550.000000620638,-37406.376365630684,5805.811518078524,-31600.56484755216,262.5601143874745
3780000,7560.0000006226755,-37376.86439463383,5635.3713930140775,-31741.49300161975,254.85218611701853
3785000,7570.000000624713,-37294.075404613075,5740.42427121231,-31553.651133400766,259.6030629979804
3790000,7580.00000062675,-37256.53143831974,5769.488628936512,-31487.042809383227,260.9174599715822
3795000,7590.000000628787,-36999.032022922096,5950.218784124043,-31048.81323879805,269.0907411867135
3800000,7600.000000630825,-37245.28516527897,5700.291067831391,-31544.994097447576,257.7880921816496
3805000,7610.000000632862,-37064.69050022846,5774.44273024305,-31290.247769985413,261.1415026229293
3810000,7620.000000634899,-37111.87674853092,5684.0936103367085,-31427.783138194212,257.0555836805817
3815000,7630.000000636936,-37116.056354968605,5510.3853846614775,-31605.67097030713,249.19985990082864
3820000,7640.000000638974,-37279.739725558815,5607.49219069086,-31672.247534867955,253.59138622225407
3825000,7650.000000641011,-37254.47153422123,5779.180559132389,-31475.29097508884,261.3557646414705
3830000,7660.000000643048,-37300.65969702488,5741.842104819424,-31558.817592205454,259.66718263963725
3835000,7670.0000006450855,-37046.22098681217,5581.712275667525,-31464.50871114465,252.42552380726713
3840000,7680.000000647123,-37358.232763736305,5707.575169235201,-31650.657594501103,258.1175059925938
3845000,7690.00000064916,-37288.49869486576,5769.042661184568,-31519.456033681192,260.8972916723532
3850000,7700.000000651197,-37228.61891981846,5718.460698091691,-31510.158221726768,258.60978957652145
3855000,7710.000000653235,-37139.45526930576,5817.7270241315855,-31321.728245174178,263.09897732205906
3860000,7720.000000655272,-37121.30186030155,5742.120287812241,-31379.18157248931,259.6797630959933
3865000,7730.000000657309,-37203.07745119816,5790.24697242426,-31412.830478773896,261.8562284837301
3870000,7740.000000659346,-37511.95855471378,5818.690201228292,-31693.26835348549,263.14253572692616
3875000,7750.000000661384,-37144.10656210667,5727.753105461066,-31416.3534566456,259.03002635724386
3880000,7760.000000663421,-37568.01279351002,5803.586048271767,-31764.42674523825,262.4594704714245
3885000,7770.000000665458,-37267.05413290745,5703.854284496994,-31563.199848410455,257.94923392254054
3890000,7780.000000667495,-37101.89785715824,5865.406061500263,-31236.491795657977,265.2551984577992
3895000,7790.000000669533,-37208.55469080692,5734.430897244175,-31474.123793562747,259.33202062091726
3900000,7800.00000067157,-37121.31428524738,5804.266447173436,-31317.047838073948,262.4902406080186
3905000,7810.000000673607,-37455.760496585426,5888.909629651583,-31566.850866933844,266.31811610903685
3910000,7820.0000006756445,-37165.67905184513,5986.8048534955,-31178.87419834963,270.74529757891565
3915000,7830.000000677682,-37380.79845663792,5767.493513224529,-31613.304943413386,260.8272335135025
3920000,7840.000000679719,-37440.79924341923,5872.291752850295,-31568.507490568933,265.566594703246
3925000,7850.000000681756,-37387.86943957096,5674.1250673848035,-31713.744372186156,256.6047695662105
3930000,7860.000000683794,-37269.731555430946,5932.455404791845,-31337.276150639103,268.2874159504658
3935000,7870.000000685831,-37384.72503611332,5850.204073071076,-31534.520963042243,264.56770872299546
3940000,7880.000000687868,-37566.34233710056,5810.464300837077,-31755.878036263486,262.77053030771265
3945000,7890.000000689905,-37371.72556635624,5617.740482858645,-31753.985083497595,254.054851623339
3950000,7900.000000691943,-36962.679366557655,5669.982310223575,-31292.69705633408,256.4174188761744
3955000,7910.00000069398,-37579.75402018314,5659.0604163750095,-31920.693603808133,255.92349073378162
3960000,7920.000000696017,-37176.86739489323,5702.90047594094,-31473.966918952287,257.9060991974807
3965000,7930.0000006980545,-37352.12993189579,5877.152252834274,-31474.977679061514,265.78640435910546
3970000,7940.000000700092,-37411.79992243534,5676.744209932892,-31735.05571250245,256.723216809095
3975000,7950.000000702129,-37034.74774882084,5752.389720760411,-31282.35802806043,260.1441845607911
3980000,7960.000000704166,-37098.45306536442,5760.921549310515,-31337.531516053903,260.530025174644
3985000,7970.0000007062035,-37103.6563543964,5934.704835513365,-31168.951518883034,268.38914346706014
3990000,7980.000000708241,-37463.249579875526,5502.609814172452,-31960.639765703076,248.84822005329497
3995000,7990.000000710278,-37288.36313959843,5658.424664007258,-31629.938475591167,255.89473967738246
4000000,8000.000000712315,-37199.81840845829,5743.642661838347,-31456.17574661994,259.7486104392441
4005000,8010.000000714353,-36976.589995830116,5619.113576603386,-31357.476419226732,254.11694796414537
4010000,8020.00000071639,-37517.37285467869,5717.45457790147,-31799.918276777218,258.56428912728893
4015000,8030.000000718427,-37512.193875758705,5840.043411180812,-31672.15046457789,264.10820628481724
4020000,8040.000000720464,-37376.263028590736,5921.253337140384,-31455.009691450352,267.7808173199754
4025000,8050.000000722502,-37325.93954607731,5693.753293542527,-31632.186252534782,257.4924300231763
4030000,8060.000000724539,-36788.65480896717,5781.314944768772,-31007.3398641984,261.4522893968971
4035000,8070.000000726576,-37136.34313341862,5625.104624971448,-31511.238508447168,254.38788516903415
4040000,8080.0000007286135,-37363.73471781498,5691.911924891538,-31671.82279292344,257.40915657171695
4045000,8090.000000730651,-37283.22298380619,5880.879364019141,-31402.34361978705,265.9549580119387
4050000,8100.000000732688,-37044.234416453895,5774.410921783329,-31269.823494670567,261.1400641275877
4055000,8110.000000734725,-36995.83383032566,5726.449757666977,-31269.384072658682,258.9710841844163
4060000,8120.000000736763,-37356.59492823368,5867.517262979357,-31489.077665254325,265.35067474050663
4065000,8130.0000007388,-37291.84191843754,5891.161629362423,-31400.680289075113,266.419959804761
4070000,8140.000000740837,-37198.99964329487,5708.090197668964,-31490.909445625904,258.14079746942883
4075000,8150.000000742874,-37002.478961436806,5872.003319337056,-31130.47564209975,265.553550680719
4080000,8160.000000744912,-37178.548020808754,5767.060306834125,-31411.487713974628,260.807642329899
4085000,8170.000000746949,-37213.84092661625,5574.4696018182385,-31639.371324798012,252.09798350245038
4090000,8180.000000748986,-36986.61192461735,5949.023449567567,-31037.58847504978,269.03668376908934
4095000,8190.000000751023,-37434.823146312294,5968.299461417556,-31466.52368489474,269.9084158018135
4100000,8200.00000075306,-37351.2221331287,5514.062463096985,-31837.159670031717,249.36615088902764
4105000,8210.000000755097,-37151.948622672615,5761.65755051125,-31390.291072161366,260.5633098513601
4110000,8220.000000757134,-37280.14194437748,5837.36643029671,-31442.77551408077,263.98714338000985
4115000,8230.000000759172,-37508.32524058109,5991.545128475902,-31516.78011210519,270.9596702186762
4120000,8240.000000761209,-37203.39422747379,5903.208099057676,-31300.186128416117,266.96474539611233
4125000,8250.000000763246,-37182.996972529945,5743.9120234681395,-31439.084949061806,259.7607919611743
4130000,8260.000000765283,-36997.46584078556,5900.0596480877575,-31097.406192697803,266.8223608828998
4135000,8270.00000076732,-37026.69948908573,6039.044610676051,-30987.65487840968,273.1077712104122
4140000,8280.000000769358,-37256.866198985634,5803.034681146734,-31453.8315178389,262.4345356255434
4145000,8290.000000771395,-36946.29029223209,5704.970014889725,-31241.32027734237,257.9996913475928
4150000,8300.000000773432,-37265.962611644325,5552.792454853199,-31713.170156791126,251.1176633234346
4155000,8310.00000077547,-37171.44139048344,5695.02449810539,-31476.416892378045,257.5499185610657
4160000,8320.000000777507,-37161.538854091224,5685.24513632072,-31476.293717770503,257.1076599137045
4165000,8330.000000779544,-37319.892235248146,5725.001397249252,-31594.890837998893,258.90558400829656
4170000,8340.000000781582,-37317.0643496204,5735.202600631743,-31581.861748988656,259.3669198816118
4175000,8350.000000783619,-37076.57133623844,5826.957727719916,-31249.613608518524,263.5164236312412
4180000,8360.000000785656,-37034.02813574558,5449.503285669114,-31584.52485007647,246.4465478400067
4185000,8370.000000787693,-37461.93271872288,5553.883732697963,-31908.048986024914,251.1670149144839
4190000,8380.00000078973,-37060.74395701176,5784.133892565997,-31276.610064445762,261.5797725667842
4195000,8390.000000791768,-37388.50056025272,5611.015430580639,-31777.485129672084,253.75072006655725
4200000,8400.000000793805,-37256.744509189186,5567.348015470878,-31689.39649371831,251.7759192190749
4205000,8410.000000795842,-37462.0424084354,5744.125224177925,-31717.917184257476,259.77043368009237
4210000,8420.00000079788,-37243.963371722755,5784.374246549437,-31459.58912517332,261.59064225643726
4215000,8430.000000799917,-37240.31670424229,5775.602083997371,-31464.714620244915,261.19393285656713
4220000,8440.000000801954,-37339.37533089405,5857.484080604274,-31481.891250289777,264.8969373940789
4225000,8450.000000803991,-37111.04354140049,5761.607512517373,-31349.436028883116,260.56104694954956
4230000,8460.000000806029,-37666.12934633976,5633.61280167479,-32032.51654466497,254.7726561595326
4235000,8470.000000808066,-36763.207168548164,5668.552994498425,-31094.65417404974,256.3527799709804
4240000,8480.000000810103,-37430.508320300636,5822.2850618665,-31608.223258434136,263.3051085244474
4245000,8490.00000081214,-37439.66732355839,5512.717373010881,-31926.949950547507,249.30532097648756
4250000,8500.000000814178,-37493.09865710026,5688.067280358533,-31805.031376741725,257.2352876293268
4255000,8510.000000816215,-37231.43427511936,5775.8788935784905,-31455.55538154087,261.20645120220337
4260000,8520.000000818252,-37376.679275958595,5523.2279396756485,-31853.451336282946,249.7806473933348
4265000,8530.00000082029,-37206.14430567509,5706.720809407741,-31499.423496267344,258.0788687041928
4270000,8540.000000822327,-37350.935868709144,5915.024854081537,-31435.911014627607,267.4991424465664
4275000,8550.000000824364,-37166.80277392155,5824.9029947778545,-31341.899779143692,263.4235010631172
4280000,8560.000000826401,-37391.3248800922,5927.176369479293,-31464.148510612908,268.0486785902874
4285000,8570.000000828439,-37164.338283031044,5758.116728798801,-31406.221554232245,260.40318089247967
4290000,8580.000000830476,-37518.41550585514,5569.910950506341,-31948.5045553488,251.89182455185798
4295000,8590.000000832513,-37210.6082987476,6056.052100443552,-31154.556198304046,273.8769123451001
4300000,8600.00000083455,-37285.61759516483,5646.447672194458,-31639.169922970374,255.35309613098173
4305000,8610.000000836588,-37273.93840357548,5625.700746965574,-31648.237656609905,254.4148439944247
4310000,8620.000000838625,-37141.849818675575,5647.624576697717,-31494.22524197786,255.4063200739286
4315000,8630.000000840662,-37360.223395793495,5972.869215526762,-31387.35418026673,270.115076861667
4320000,8640.0000008427,-37255.92788264042,5717.716849759225,-31538.211032881194,258.5761500236956
4325000,8650.000000844737,-37416.266824214516,5694.884334104541,-31721.382490109972,257.5435798302988
4330000,8660.000000846774,-37430.47006270176,5827.908581665226,-31602.561481036533,263.55942473795454
4335000,8670.000000848811,-37192.04362818485,5766.334746907457,-31425.708881277395,260.774829845934
4340000,8680.000000850849,-37540.61894747501,6081.532512717003,-31459.08643475801,275.02923014603545
4345000,8690.000000852886,-37069.0299043346,5641.958584198504,-31427.0713201361,255.15008308895594
4350000,8700.000000854923,-37161.902086703834,5790.17183692683,-31371.730249777003,261.8528305806568
4355000,8710.00000085696,-37380.55047461277,5845.287919782541,-31535.262554830228,264.3453822203585
4360000,8720.000000858998,-37338.6203665424,5954.319599985019,-31384.30076655738,269.2761951371538
4365000,8730.000000861035,-37191.893436877785,5740.300628730544,-31451.59280814724,259.59747143096956
4370000,8740.000000863072,-37225.80693098789,5821.474306168456,-31404.332624819435,263.2684431748824
4375000,8750.00000086511,-37126.306251018104,5827.12852730247,-31299.177723715635,263.5241478154991
4380000,8760.000000867147,-37405.63435217625,5853.482635647996,-31552.15171652825,264.71597736081503
4385000,8770.000000869184,-37354.748675792274,5741.293762836298,-31613.454912955975,259.6423846017807
4390000,8780.000000871221,-37206.5293306995,5692.61307795671,-31513.91625274279,257.44086528778905
4395000,8790.000000873259,-37392.66714331394,5628.399992238159,-31764.267151075783,254.53691377662878
4400000,8800.000000875296,-37374.24307390934,5818.971433793761,-31555.271640115578,263.15525409615486
4405000,8810.000000877333,-37086.155524699745,5736.974052664375,-31349.18147203537,259.4470314468722
4410000,8820.00000087937,-37401.53781744724,5657.900341798893,-31743.63747564835,255.8710279019355
4415000,8830.000000881408,-37077.36537215,5635.984373812817,-31441.380998337183,254.87990735945522
4420000,8840.000000883445,-37472.397789447365,5833.193512061761,-31639.204277385605,263.7984286954759
4425000,8850.000000885482,-37333.66253992802,5639.409416064757,-31694.25312386326,255.03480034601722
4430000,8860.00000088752,-37449.53241869694,5643.830590260181,-31805.701828436755,255.23474207661988
4435000,8870.000000889557,-37279.68672987705,5740.9288895527225,-31538.75784032433,259.6258836921707
4440000,8880.000000891594,-37317.58272310978,5766.901792997293,-31550.680930112485,260.80047375217293
4445000,8890.000000893631,-37246.630300014076,5856.346724337117,-31390.28357567696,264.8455019675801
4450000,8900.000000895669,-37427.298542468605,5873.165708534447,-31554.132833934156,265.6061181882379
4455000,8910.000000897706,-37129.31131407505,5821.737102617451,-31307.5742114576,263.28032779523113
4460000,8920.000000899743,-36994.18088576084,5881.702816357738,-31112.478069403103,265.9921975502085
4465000,8930.00000090178,-37169.47258898502,5818.0231352308965,-31351.449453754125,263.11236855321846
4470000,8940.000000903818,-37269.532513110695,5538.32980929188,-31731.202703818813,250.46360938780455
4475000,8950.000000905855,-37194.99593779331,5926.037771602522,-31268.95816619079,267.997187013643
4480000,8960.000000907892,-37042.77902075535,5596.310939931239,-31446.46808082411,253.0857290080473
4485000,8970.00000090993,-36947.70374342686,5779.07592311042,-31168.627820316437,261.3510326163588
4490000,8980.000000911967,-37719.987585990486,5809.413426970617,-31910.574159019867,262.7230059329159
4495000,8990.000000914004,-37271.40978571659,5593.801673853979,-31677.60811186261,252.97225078261366
4500000,9000.000000916041,-37269.322985141334,5667.099960507198,-31602.223024634135,256.2870684387067
4505000,9010.000000918079,-37486.1365484882,5778.976115964839,-31707.160432523357,261.3465189707678
4510000,9020.000000920116,-37356.70990130192,5736.878355201131,-31619.831546100788,259.4427036562063
4515000,9030.000000922153,-37178.1998505283,5813.707849505317,-31364.49200102298,262.9172154880191
4520000,9040.00000092419,-37538.36877581364,5800.291923780377,-31738.07685203326,262.310498066693
4525000,9050.000000926228,-37407.874482600746,5787.766932348606,-31620.10755025214,261.7440719653998
4530000,9060.000000928265,-37394.48062845951,5836.010004657142,-31558.47062380237,263.92580083212073
4535000,9070.000000930302,-37363.318891017494,5571.567715642535,-31791.751175374957,251.9667495545588
4540000,9080.00000093234,-37309.27593466526,6051.6423581625995,-31257.63357650266,273.67748760764505
4545000,9090.000000934377,-37116.64519831425,5912.095440248556,-31204.549758065692,267.36666359693777
4550000,9100.000000936414,-37030.953913180885,5617.882600272198,-31413.071312908687,254.06127869460076
4555000,9110.000000938451,-37239.9999003101,5700.1714236664,-31539.828476643695,257.7826814332042
4560000,9120.000000940488,-37461.50299021488,5669.379165710034,-31792.123824504848,256.39014246667085
4565000,9130.000000942526,-37190.89247652775,5831.052949621162,-31359.839526906588,263.70162460228283
4570000,9140.000000944563,-37049.02524229771,5676.067412837007,-31372.957829460698,256.69260955938336
4575000,9150.0000009466,-37226.74066778904,5847.518792462844,-31379.221875326195,264.44627047418834
4580000,9160.000000948638,-37328.764503924904,5750.398084211883,-31578.36641971302,260.05411544325744
4585000,9170.000000950675,-37255.56989905125,5741.288747254841,-31514.281151796407,259.6421577787712
4590000,9180.000000952712,-37248.366495578346,5730.3021982455375,-31518.064297332807,259.14530569261166
4595000,9190.00000095475,-37223.340205638466,5707.45101558294,-31515.889190055525,258.11189130857633
4600000,9200.000000956787,-37320.653710811195,5804.218502065224,-31516.43520874597,262.4880723541824
4605000,9210.000000958824,-37323.60377928501,5839.643573822142,-31483.96020546287,264.0901241713518
4610000,9220.000000960861,-37477.99753519779,5748.604708000747,-31729.392827197044,259.9730123861449
4615000,9230.000000962898,-37267.23592707401,5562.361389948753,-31704.87453712526,251.55040570327785
4620000,9240.000000964936,-37308.038421123085,5483.818001178435,-31824.22041994465,247.99838527069937
4625000,9250.000000966973,-37267.43852850681,5843.963736578239,-31423.474791928573,264.28549779377846
4630000,9260.00000096901,-37064.94306227451,5860.134005693282,-31204.80905658123,265.0167767364899
4635000,9270.000000971047,-37236.3313669849,5941.949778498668,-31294.381588486234,268.71678639053926
4640000,9280.000000973085,-37229.3818030048,5659.573714454167,-31569.80808855063,255.94670395762793
4645000,9290.000000975122,-37002.6067986179,5759.259756855844,-31243.347041762052,260.4548728181426
4650000,9300.00000097716,-37312.417130916176,5766.235579842851,-31546.181551073325,260.77034514715496
4655000,9310.000000979197,-37117.78666636234,5890.059845607753,-31227.72682075459,266.37013309789046
4660000,9320.000000981234,-37376.5688166309,5703.150312167573,-31673.418504463323,257.9173977089875
4665000,9330.000000983271,-37237.94363304859,5909.718321498978,-31328.225311549613,267.259161558875
4670000,9340.000000985308,-36986.08120104557,5709.042041868663,-31277.039159176908,258.18384335908155
4675000,9350.000000987346,-37383.8057646442,5998.1266168309985,-31385.679147813204,271.2573092877319
4680000,9360.000000989383,-37251.386273829994,5839.8727603980715,-31411.51351343192,264.10048882983324
4685000,9370.00000099142,-37295.32529684788,5793.738217332463,-31501.587079515415,262.01411539748847
4690000,9380.000000993457,-37518.81358763462,5596.892478097213,-31921.92110953741,253.11202829918057
4695000,9390.000000995495,-37479.743848292885,5712.4113099378355,-31767.332538355047,258.3362140323095
4700000,9400.000000997532,-37136.95454165226,5708.490669982348,-31428.463871669912,258.1589082978778
4705000,9410.00000099957,-37430.48669573551,5757.887122062916,-31672.599573672596,260.3927972328224
4710000,9420.000001001607,-37286.18593212849,5722.383240046242,-31563.802692082245,258.7871813263345
4715000,9430.000001003644,-37391.69049879795,6020.1182197477165,-31371.572279050233,272.25185031948905
4720000,9440.000001005681,-37384.32172438389,5770.8820123807245,-31613.439712003164,260.9804738870975
4725000,9450.000001007718,-37329.475264995155,5916.958334186554,-31412.5169308086,267.586581516188
4730000,9460.000001009756,-37286.93780562168,5722.914707590535,-31564.023098031146,258.81121624010814
4735000,9470.000001011793,-37152.3453545261,5947.785952827415,-31204.559401698687,268.98071962271007
4740000,9480.00000101383,-37225.501897304115,5866.453176169475,-31359.04872113464,265.3025528278936
4745000,9490.000001015867,-37273.647926776466,6145.039311430402,-31128.608615346064,277.9012407655071
4750000,9500.000001017905,-37401.38917586094,5788.6462171978565,-31612.742958663082,261.7838364548049
4755000,9510.000001019942,-37177.98305269962,5722.900645996295,-31455.082406703328,258.8105803231858
4760000,9520.00000102198,-37230.155776469765,5673.3715576108825,-31556.784218858884,256.5706930875276
4765000,9530.000001024016,-37426.02422186619,5802.39097542004,-31623.63324644615,262.40542488905
4770000,9540.000001026054,-37155.37763449436,5888.144221358077,-31267.233413136284,266.2835015356098
4775000,9550.000001028091,-36964.25343462711,5791.103011705599,-31173.150422921513,261.89494172320207
4780000,9560.000001030128,-37395.098102061806,5885.123006656317,-31509.97509540549,266.14687111362434
4785000,9570.000001032166,-37233.663684337196,5537.719538563073,-31695.944145774123,250.4360107046809
4790000,9580.000001034203,-37045.104032008705,5719.80450709345,-31325.299524915255,258.67056155372364
4795000,9590.00000103624,-37615.58810564762,5741.294623611194,-31874.293482036428,259.64242352918205
4800000,9600.000001038277,-37190.29048964268,5607.809832405695,-31582.48065723698,253.6057511469027
4805000,9610.000001040315,-37531.916184871254,5925.189096562707,-31606.727088308548,267.95880681221246
4810000,9620.000001042352,-36992.76106592899,5735.989049055715,-31256.772016873278,259.40248596699286
4815000,9630.00000104439,-37340.80328127628,5807.117979285473,-31533.68530199081,262.6191973602633
4820000,9640.000001046426,-37301.80587050205,5671.006596225338,-31630.799274276713,256.46374085010535
4825000,9650.000001048464,-37607.42612597233,5755.89283798103,-31851.533287991297,260.30260838410925
4830000,9660.000001050501,-37252.27059599644,5598.8315027996305,-31653.43909319681,253.19971811585506
4835000,9670.000001052538,-37066.300849406776,5810.827470156887,-31255.47337924989,262.78695415782465
4840000,9680.000001054575,-37209.14413019901,5604.089899961254,-31605.054230237758,253.43752214307008
4845000,9690.000001056613,-37381.40821024662,5809.000454433866,-31572.407755812754,262.70432979846845
4850000,9700.00000105865,-37395.77484461552,5804.62992746537,-31591.144917150144,262.50667852143187
4855000,9710.000001060687,-37138.36047980076,5896.33152766921,-31242.02895213155,266.6537615888139
4860000,9720.000001062725,-37298.66218134647,5801.848178579313,-31496.81400276716,262.3808776228932
4865000,9730.000001064762,-37262.65954539066,5665.098185607517,-31597.561359783147,256.19654082770836
4870000,9740.000001066799,-37248.6412529636,5567.4475936874005,-31681.1936592762,251.78042251165323
4875000,9750.000001068836,-37166.03999087101,5698.501154670924,-31467.538836200085,257.7071457364037
4880000,9760.000001070874,-37288.472218005714,5748.55472051894,-31539.917497486775,259.97075176867554
4885000,9770.00000107291,-37322.86299273258,5773.40166622658,-31549.461326506003,261.09442188556847
4890000,9780.000001074948,-37507.32860514408,5680.120779103973,-31827.207826040107,256.8759176649591
4895000,9790.000001076985,-37094.360211818275,5804.255475187092,-31290.104736631183,262.4897444145097
4900000,9800.000001079023,-36976.22298189884,5771.9828928529505,-31204.240089045892,261.0302597442192
4905000,9810.00000108106,-37364.61838289982,5806.13075833073,-31558.48762456909,262.5745516038525
4910000,9820.000001083097,-36820.488921611366,5718.852178939931,-31101.636742671435,258.62749377790215
4915000,9830.000001085134,-37519.311133830604,5734.449862390462,-31784.861271440142,259.3328782944678
4920000,9840.000001087172,-37339.198718516884,5715.060687605497,-31624.13803091139,258.45602861831713
4925000,9850.000001089209,-37318.11250254398,5768.295128470452,-31549.81737407353,260.86348549826107
4930000,9860.000001091246,-37576.17083307987,5951.509635314747,-31624.661197765126,269.14911821725144
4935000,9870.000001093284,-37471.66334292179,5910.760444868281,-31560.902898053508,267.3062902040606
4940000,9880.00000109532,-37396.21726938969,5860.86388045403,-31535.353388935655,265.049784353095
4945000,9890.000001097358,-37156.49148127323,5909.999626874337,-31246.491854398893,267.27188322083424
4950000,9900.000001099395,-37217.76701637989,5892.163760305616,-31325.603256074275,266.4652798455953
4955000,9910.000001101433,-37008.1324267078,5874.355726947886,-31133.776699759917,265.65993519035425
4960000,9920.00000110347,-37331.4079622913,5899.993506395304,-31431.414455895992,266.8193697127107
4965000,9930.000001105507,-37379.28922602421,5873.739561069332,-31505.549664954877,265.6320699069135
4970000,9940.000001107544,-37462.53376337772,5660.883515876055,-31801.650247501668,256.0059379872007
4975000,9950.000001109582,-37430.99907061344,5821.95220038773,-31609.046870225713,263.2900553061903
4980000,9960.000001111619,-37438.2490906406,5886.5593420174255,-31551.689748623176,266.21182747253073
4985000,9970.000001113656,-37499.15138098484,5668.51862668128,-31830.63275430356,256.3512257320988
4990000,9980.000001115694,-36979.802183597145,5811.005720210669,-31168.796463386476,262.79501527974793
4995000,9990.00000111773,-37434.42077967411,5744.222383303508,-31690.1983963706,259.77482757249606
5000000,10000.000001119768,-37464.20801874882,5679.5204428171755,-31784.687575931643,256.84876825378
5005000,10010.000001121805,-37560.72241350895,5700.232434365302,-31860.489979143647,257.78544056102504
5010000,10020.000001123843,-37084.166547267494,5634.571430197007,-31449.595117070487,254.81600886116001
5015000,10030.00000112588,-37076.055136888084,5682.786999145674,-31393.26813774241,256.9964939249619
5020000,10040.000001127917,-37182.836244075355,5840.257068911196,-31342.57917516416,264.11786867188493
5025000,10050.000001129954,-37401.370054690895,5793.957234770162,-31607.412819920733,262.0240201702005
5030000,10060.000001131992,-37071.779717414436,5576.541155135362,-31495.238562279075,252.191666749695
5035000,10070.000001134029,-37084.03040930515,5541.106186743234,-31542.92422256192,250.58916737034332
5040000,10080.000001136066,-37217.55355498081,5848.008068611494,-31369.545486369316,264.4683973381343
5045000,10090.000001138103,-37324.72216459995,5931.033930937168,-31393.688233662782,268.22313168344806
5050000,10100.00000114014,-37251.527504413185,5798.996255280474,-31452.531249132713,262.251903179745
5055000,10110.000001142178,-37532.162305324135,5913.578822300787,-31618.583483023347,267.4337475799609
5060000,10120.000001144215,-37402.944697825966,5704.224900830186,-31698.719796995778,257.9659945539413
5065000,10130.000001146253,-37188.31733080631,5642.59922227324,-31545.718108533074,255.17905509496407
5070000,10140.00000114829,-37323.85659357792,5761.489826631485,-31562.366766946434,260.5557247616755
5075000,10150.000001150327,-37607.46811625248,5475.419551884946,-32132.048564367535,247.61857655656706
5080000,10160.000001152364,-37440.50372502094,5654.538394045066,-31785.965330975876,255.71898828024592
5085000,10170.000001154402,-37261.98728129154,5726.822517996765,-31535.16476329478,258.98794177521535
5090000,10180.000001156439,-37171.91744086033,5840.499437415053,-31331.418003445277,264.128829465548
5095000,10190.000001158476,-37289.893680064735,5944.707482755077,-31345.18619730966,268.8414999026391
5100000,10200.000001160513,-37412.32890841251,5776.041710691788,-31636.287197720725,261.2138143898918
5105000,10210.00000116255,-37302.62962672001,5874.108923382442,-31428.520703337566,265.6487738269217
5110000,10220.000001164588,-37271.321379153786,5671.49708739965,-31599.824291754136,256.48592266197306
5115000,10230.000001166625,-37312.94759365803,5692.265493735376,-31620.68209992265,257.42514625305483
5120000,10240.000001168662,-37139.393874614296,5906.119381189996,-31233.274493424302,267.09640426366184
5125000,10250.0000011707,-37246.93416926151,5723.4273127748465,-31523.506856486667,258.8343981287053
5130000,10260.000001172737,-37434.240604846535,5751.1662626111165,-31683.074342235417,260.0888552910366
5135000,10270.000001174774,-37173.240107982216,5876.634855913206,-31296.60525206901,265.76300577057805
5140000,10280.000001176812,-37404.41636320835,5725.049484532825,-31679.366878675526,258.90775869182465
5145000,10290.000001178849,-36890.628753154335,5643.82338560393,-31246.805367550405,255.23441625561045
5150000,10300.000001180886,-37267.12080713993,5816.859005898756,-31450.261801241177,263.05972235041685
5155000,10310.000001182923,-37234.91457173115,6099.2787430343915,-31135.635828696755,275.8317798408664
5160000,10320.00000118496,-37497.46851107365,5602.20711230474,-31895.261398768907,253.35237557210027
5165000,10330.000001186998,-37281.276974170265,5787.396772547224,-31493.88020162304,261.72733198004386
5170000,10340.000001189035,-37254.19704958683,5755.19757438543,-31498.9994752014,260.2711660114759
5175000,10350.000001191072,-37313.16625544315,5750.081377766209,-31563.084877676945,260.03979281491434
5180000,10360.00000119311,-37473.94294878727,5847.259362423306,-31626.683586363964,264.4345380952359
5185000,10370.000001195147,-37464.456319301185,5830.127185108016,-31634.32913419317,263.6597581318144
5190000,10380.000001197184,-37210.460826366005,5755.232949140795,-31455.22787722521,260.27276578780106
5195000,10390.000001199222,-37311.01538225895,5889.254009437803,-31421.761372821147,266.3336902274492
5200000,10400.000001201259,-37514.61406466251,5823.611829060154,-31691.00223560236,263.36510980851364
5205000,10410.000001203296,-37453.446644275245,5605.894935401147,-31847.551708874096,253.51915247331704
5210000,10420.000001205333,-37176.287778346596,5594.453492826371,-31581.834285520225,253.00172842986728
5215000,10430.00000120737,-37156.04161783939,5685.264569109214,-31470.77704873018,257.1085387357527
5220000,10440.000001209408,-37378.8456291843,5663.673270408285,-31715.172358776017,256.1321009304541
5225000,10450.000001211445,-37001.76903387791,5735.60705719558,-31266.161976682328,259.3852108924955
5230000,10460.000001213482,-37215.192046611366,5856.597649357755,-31358.59439725361,264.85684971834957
5235000,10470.00000121552,-37443.01141688114,5769.508649630508,-31673.502767250633,260.91836538087585
5240000,10480.000001217557,-37229.84849688297,5760.4308835588645,-31469.41761332411,260.50783546774795
5245000,10490.000001219594,-37329.382946460304,5687.456202440168,-31641.926744020137,257.20765244212754
5250000,10500.000001221631,-37257.875670878944,5816.69218066359,-31441.183490215353,263.0521779007406
5255000,10510.000001223669,-37074.42118403202,5618.338507125133,-31456.082676906888,254.08189647647055
5260000,10520.000001225706,-37482.46677157169,5615.393739668968,-31867.073031902724,253.9487232796267
5265000,10530.000001227743,-37358.7962107349,5730.221913465208,-31628.574297269693,259.1416749200588
5270000,10540.00000122978,-37426.13622805363,5924.869684810195,-31501.26654324343,267.94436183996095
5275000,10550.000001231818,-37710.17283865696,5786.174582377601,-31923.99825627936,261.6720600529859
5280000,10560.000001233855,-37083.38927408939,5935.632396470237,-31147.756877619155,268.4310911793101
5285000,10570.000001235892,-37634.87516114002,5830.371732256756,-31804.503428883265,263.67081745179854
5290000,10580.00000123793,-37189.62804648167,5748.524959465543,-31441.103087016123,259.96940586456554
5295000,10590.000001239967,-37342.53564020878,5756.79212542929,-31585.74351477949,260.34327746448616
5300000,10600.000001242004,-37201.33723971134,5846.632530753526,-31354.704708957815,264.40619046555366
5305000,10610.000001244041,-37178.62309595829,5700.178871213769,-31478.444224744522,257.7830182386418
5310000,10620.000001246079,-37345.1719460178,5829.66994065418,-31515.502005363618,263.6390798587205
5315000,10630.000001248116,-37161.67680498844,5794.060291113427,-31367.616513875015,262.02868075644096
5320000,10640.000001250153,-37295.60574480778,5829.195275933767,-31466.41046887401,263.61761377720904
5325000,10650.00000125219,-37237.43162390476,5557.32769950872,-31680.10392439604,251.32276373908203
5330000,10660.000001254228,-37420.33294913059,5765.768156773012,-31654.56479235758,260.749206559672
5335000,10670.000001256265,-37122.49527975803,5582.069110402009,-31540.426169356026,252.44166118417155
5340000,10680.000001258302,-37128.34933611637,5679.418594156453,-31448.930741959917,256.8441622833784
5345000,10690.00000126034,-36987.17409369236,5877.403980005996,-31109.77011368636,265.79778838609224
5350000,10700.000001262377,-37283.6793017078,5860.125565152122,-31423.55373655568,265.016395024227
5355000,10710.000001264414,-36964.53152415043,5628.861140247395,-31335.670383903034,254.5577685828308
5360000,10720.000001266451,-37487.307596652565,5643.082732777296,-31844.224863875268,255.2009212152915
5365000,10730.000001268489,-37310.57835146671,5608.832719302728,-31701.745632163984,253.6520098481806
5370000,10740.000001270526,-37462.77889010197,5578.440310948646,-31884.338579153322,252.27755354881387
5375000,10750.000001272563,-37308.52673479801,5794.858655069099,-31513.668079728912,262.06478570591634
5380000,10760.0000012746,-37222.46544024235,5651.200963897194,-31571.264476345154,255.56805743472037
5385000,10770.000001276638,-37185.400083034096,5724.421890348744,-31460.978192685354,258.87937657844594
5390000,10780.000001278675,-37560.18601938969,5644.997685567761,-31915.188333821927,255.2875224117212
5395000,10790.000001280712,-37586.14259859806,5699.403901068629,-31886.738697529432,257.7479712431751
5400000,10800.00000128275,-37164.321855990944,5688.127248334209,-31476.194607656733,257.2379996013748
5405000,10810.000001284787,-37195.42248102909,5753.26189468071,-31442.160586348382,260.1836274678793
5410000,10820.000001286824,-37268.31719347721,5750.241053759757,-31518.076139717454,260.0470139496344
5415000,10830.000001288861,-37273.37660929447,5746.292349874642,-31527.08425941983,259.868439061261
5420000,10840.000001290899,-37070.29094263798,5748.383431176406,-31321.90751146157,259.96300543567304
5425000,10850.000001292936,-37126.034612147865,5870.994289987934,-31255.04032215993,265.50791866863926
5430000,10860.000001294973,-37355.05252501255,5808.959293189566,-31546.093231822982,262.702468335867
5435000,10870.00000129701,-37227.1173920322,5698.047141208242,-31529.070250823963,257.68661358059325
5440000,10880.000001299048,-36787.77557417637,5674.997580587008,-31112.77799358936,256.6442278168723
5445000,10890.000001301085,-37559.667970149574,5681.4907007624315,-31878.177269387143,256.9378705523766
5450000,10900.000001303122,-37312.234255282936,5663.4210500549225,-31648.813205228013,256.12069459998264
5455000,10910.00000130516,-37141.91073366886,5931.78463634683,-31210.12609732203,268.2570813384822
5460000,10920.000001307197,-37374.038854091224,5893.919215691074,-31480.119638400152,266.5446679837346
5465000,10930.000001309234,-37130.15138479954,5823.787761876716,-31306.36362292282,263.37306613646143
5470000,10940.000001311271,-37204.066825358925,5988.865784687098,-31215.201040671825,270.83850045464214
5475000,10950.000001313309,-37139.07862231022,5805.5453364514115,-31333.533285858808,262.5480766769417
5480000,10960.000001315346,-37055.05617472416,5661.660220247964,-31393.395954476196,256.04106341076954
5485000,10970.000001317383,-37185.41132971531,5512.934487885411,-31672.4768418299,249.31513970830727
5490000,10980.00000131942,-37480.401269404945,5457.233146162235,-32023.16812324271,246.7961205136895
5495000,10990.000001321458,-37174.366013972816,5750.909760449517,-31423.456253523298,260.0772553214751
5500000,11000.000001323495,-37218.739732234535,5759.531396194328,-31459.208336040207,260.46715734642294
