#"Step","Time (ps)","Potential Energy (kJ/mole)","Kinetic Energy (kJ/mole)","Total Energy (kJ/mole)","Temperature (K)"
505000,1009.9999999899404,-36421.26305147892,6279.87012092334,-30141.39293055558,283.99878503699904
510000,1019.999999989704,-36478.496309726295,6187.711220549712,-30290.785089176585,279.83102117684325
515000,1029.9999999894676,-36367.23681971317,5962.179366992251,-30405.05745272092,269.6316426603901
520000,1039.9999999892311,-36528.51283976322,6199.085011356658,-30329.427828406566,280.34538575895067
525000,1049.9999999889947,-36424.827260463295,6153.651338345425,-30271.17592211787,278.2907082438906
530000,1059.9999999887582,-36371.531583278236,6145.727698301112,-30225.803884977126,277.93237214739116
535000,1069.9999999885217,-36369.35583159214,6148.116069344537,-30221.239762247602,278.04038305549744
540000,1079.9999999882853,-36394.44975897556,6155.993211951203,-30238.45654702436,278.39661636713913
545000,1089.9999999880488,-36686.70928713566,6259.7740373724455,-30426.935249763214,283.0899663508544
550000,1099.9999999878123,-36534.6335816074,6070.813493474495,-30463.820088132903,274.5444767382352
555000,1109.9999999875758,-36460.91419359928,5951.427119453306,-30509.487074145974,269.14538654701875
560000,1119.9999999873394,-36310.75996729618,6243.629815057902,-30067.13015223828,282.3598653400992
565000,1129.999999987103,-36673.33610293156,6258.2144964554755,-30415.12160647608,283.01943818433085
570000,1139.9999999868664,-36662.37245032078,6237.386911018143,-30424.985539302634,282.077538296983
575000,1149.99999998663,-36296.03222891575,6270.902289631188,-30025.12993928456,283.5932267782538
580000,1159.9999999863935,-36257.66014048344,6088.161566055765,-30169.49857442767,275.3290202782997
585000,1169.999999986157,-36129.26546046024,6073.212105878741,-30056.0533545815,274.65295079828155
590000,1179.9999999859206,-36869.04974171406,6176.668600869447,-30692.381140844613,279.33163336906483
595000,1189.999999985684,-36515.5084776569,6260.150793427438,-30255.35768422946,283.10700464301857
600000,1199.9999999854476,-36592.71871039158,6293.154194925552,-30299.564515466027,284.59953963929564
605000,1209.9999999852112,-36523.04376456028,6167.615226222869,-30355.42853833741,278.9222065257379
610000,1219.9999999849747,-36601.809494464454,6143.94744849727,-30457.862045967184,277.85186271461345
615000,1229.9999999847382,-36627.18594309574,6281.041253177592,-30346.14468991815,284.05174793765156
620000,1239.9999999845018,-36653.194266765175,5950.372403248577,-30702.821863516598,269.0976884075773
625000,1249.9999999842653,-36515.550124614296,6109.600524284262,-30405.949600330034,276.29856868807747
630000,1259.9999999840288,-36482.34261557346,6388.004192743683,-30094.33842282978,288.88900480695276
635000,1269.9999999837923,-36341.10436960941,6185.963183440501,-30155.141186168912,279.751968520394
640000,1279.9999999835559,-36454.3624128986,5911.568729129197,-30542.7936837694,267.3428437861641
645000,1289.9999999833194,-36669.82197710758,5913.048288630055,-30756.773688477526,267.4097548993787
650000,1299.999999983083,-36279.796943156776,6045.892919868206,-30233.90402328857,273.4174768974215
655000,1309.9999999828465,-36574.64754149204,6058.95536164301,-30515.692179849033,274.00820847661464
660000,1319.99999998261,-36361.52719542271,6166.8637929125325,-30194.663402510174,278.8882239523626
665000,1329.9999999823735,-36539.58972307926,6240.891475046792,-30298.69824803247,282.2360275502726
670000,1339.999999982137,-36429.60783287769,6202.42692763343,-30227.180905244262,280.496519483697
675000,1349.9999999819006,-36359.996660678444,6028.971096352939,-30331.025564325504,272.65220990520544
680000,1359.9999999816641,-36464.96314760929,6160.874780039596,-30304.088367569697,278.6173788000372
685000,1369.9999999814277,-36132.73860689884,6213.084264840846,-29919.654342057995,280.9784834033889
690000,1379.9999999811912,-36387.535870521126,6383.525371742416,-30004.01049877871,288.6864560761246
695000,1389.9999999809547,-36567.1617941547,6009.1170791353115,-30558.04471501939,271.7543383474604
700000,1399.9999999807183,-36708.39428374058,6048.744487592644,-30659.649796147933,273.5464352601897
705000,1409.9999999804818,-36031.61910959965,5947.320104985683,-30084.299004613964,268.959652272826
710000,1419.9999999802453,-36604.26362845188,6230.737716967168,-30373.525911484714,281.77683732776063
715000,1429.9999999800089,-36366.00502249485,6165.5898582230875,-30200.415164271762,278.83061194812484
720000,1439.9999999797724,-36644.123878924904,6225.247874279214,-30418.87600464569,281.52856648403275
725000,1449.999999979536,-36399.928084819374,6169.612182310475,-30230.315902508897,279.01251621236065
730000,1459.9999999792994,-36339.78792902714,6275.758234195459,-30064.02969483168,283.8128304213077
735000,1469.999999979063,-36261.48866197353,5967.853272363888,-30293.635389609644,269.88823749450796
740000,1479.9999999788265,-36645.541017024574,6125.7327060921025,-30519.808310932473,277.0281251829097
745000,1489.99999997859,-36661.988636462745,6197.755996252741,-30464.232640210004,280.2852828161286
750000,1499.9999999783536,-36203.39117762333,6221.505265488815,-29981.885912134516,281.3593119725739
755000,1509.999999978117,-36701.23207518345,6157.228109388187,-30544.003965795262,278.4524629634851
760000,1519.9999999778806,-36597.06701227909,6296.079175372642,-30300.98783690645,284.73181799493597
765000,1529.9999999776442,-36465.372739284096,6344.24855971117,-30121.124179572926,286.9102144210886
770000,1539.9999999774077,-36467.02997729069,6114.390663730734,-30352.639313559954,276.5151963820839
775000,1549.9999999771712,-36017.182707278786,5939.01162908235,-30078.171078196436,268.58391248575714
780000,1559.9999999769348,-36022.849973170814,6216.558298032439,-29806.291675138375,281.13559194012487
785000,1569.9999999766983,-36400.406012980995,5933.679717225802,-30466.726295755194,268.34278385410937
790000,1579.9999999764618,-36474.38009306675,5982.0956944338295,-30492.28439863292,270.53233211525037
795000,1589.9999999762254,-36408.31841894871,5942.783475588101,-30465.534943360606,268.7544892340581
800000,1599.9999999759889,-36390.747160403786,6101.540402653916,-30289.206757749867,275.93406039313004
805000,1609.9999999757524,-36516.5459360767,6076.521021854157,-30440.02491422254,274.8025921282315
810000,1619.999999975516,-36526.76950308567,6393.906997028556,-30132.862506057114,289.1559512903887
815000,1629.9999999752795,-36359.56138750797,6110.055845331714,-30249.50554217626,276.3191599776723
820000,1639.999999975043,-36254.607023685036,6004.999639234597,-30249.60738445044,271.56813259690364
825000,1649.9999999748065,-36400.27214285618,6094.186258145201,-30306.085884710978,275.60147897580055
830000,1659.99999997457,-36544.781064956245,5987.360743663593,-30557.42032129265,270.77043697341145
835000,1669.9999999743336,-36715.17457052952,6136.246045733821,-30578.928524795698,277.5035770039563
840000,1679.9999999740971,-36274.83363291508,6126.145311881083,-30148.688321033995,277.0467847316764
845000,1689.9999999738607,-36605.37643191105,6228.613278009362,-30376.763153901687,281.6807623976611
850000,1699.9999999736242,-36556.67164942509,6339.4436503999605,-30217.227999025126,286.6929187795673
855000,1709.9999999733877,-36518.74810263401,6216.492839336706,-30302.255263297302,281.1326316575553
860000,1719.9999999731513,-36322.45967432743,5981.962863442913,-30340.496810884517,270.5263250101178
865000,1729.9999999729148,-36329.83550497776,6047.341212750429,-30282.494292227333,273.48297401933786
870000,1739.9999999726783,-36190.43527743107,6188.200678045866,-30002.234599385203,279.85315624198927
875000,1749.9999999724419,-36319.0411238361,5823.854612451306,-30495.186511384793,263.3760893649036
880000,1759.9999999722054,-36576.767091243324,6208.055514970807,-30368.711576272515,280.75106486990876
885000,1769.999999971969,-36609.36211725956,6038.030045093441,-30571.33207216612,273.06188882952637
890000,1779.9999999717324,-36475.19194647556,6255.761829197243,-30219.43011727832,282.9085195653108
895000,1789.999999971496,-36501.71362444645,6022.92196222594,-30478.79166222051,272.37864584902064
900000,1799.9999999712595,-36617.594397037086,6091.631767155615,-30525.96262988147,275.48595551377656
905000,1809.999999971023,-36737.50733134037,6374.552132732937,-30362.955198607433,288.2806532605461
910000,1819.9999999707866,-36424.1347660709,6170.650818177013,-30253.48394789389,279.059487139866
915000,1829.99999997055,-36461.908345191536,6179.781020098889,-30282.127325092646,279.47238839467315
920000,1839.9999999703136,-36511.02558371311,6167.639376115568,-30343.386207597545,278.9232986725583
925000,1849.9999999700772,-36413.230073897896,6240.1635319553325,-30173.066541942564,282.2031072908453
930000,1859.9999999698407,-36432.4884857822,6195.991426438378,-30236.497059343827,280.20548249004815
935000,1869.9999999696042,-36950.11367747074,5901.047334372586,-31049.066343098155,266.8670276832456
940000,1879.9999999693678,-36339.665771930275,6132.496146725706,-30207.16962520457,277.3339928020844
945000,1889.9999999691313,-36356.77536913639,6221.651802655225,-30135.123566481165,281.3659389212881
950000,1899.9999999688948,-36730.001674144325,6061.133308241724,-30668.8683659026,274.1067032187032
955000,1909.9999999686584,-36375.31690880543,6073.172118660257,-30302.14479014517,274.65114242943827
960000,1919.999999968422,-36365.51843973881,6130.932495522168,-30234.58594421664,277.26327875331026
965000,1929.9999999681854,-36402.860991923866,6082.714309690723,-30320.146682233142,275.0826753444606
970000,1939.999999967949,-36448.882031886635,5996.981461819635,-30451.900570067,271.20552117338497
975000,1949.9999999677125,-36529.04879328495,6231.435134640477,-30297.613658644474,281.8083771156972
980000,1959.999999967476,-36428.772559611854,6311.716418891273,-30117.056140720582,285.4389915630361
985000,1969.9999999672395,-36919.37744137531,6072.1343133574965,-30847.243128017817,274.60420906307667
990000,1979.999999967003,-36349.12099978214,5858.999716308389,-30490.121283473753,264.96548000566787
995000,1989.9999999667666,-36689.06341597324,6070.344511158496,-30618.71890481475,274.5232676359157
1000000,1999.9999999665301,-36306.590187518654,6089.763422550185,-30216.826764968468,275.4014621106081
1005000,2009.9999999662937,-36346.33668276554,6227.571728456806,-30118.764954308735,281.6336597025757
1010000,2019.9999999660572,-36420.027491061745,6302.576994138662,-30117.450496923084,285.0256732179591
1015000,2029.9999999658207,-36298.71181008106,5983.886942068305,-30314.824868012758,270.61333891031074
1020000,2039.9999999655843,-36181.39788862949,6175.093553356992,-30006.3043352725,279.26040393735695
1025000,2049.999999965348,-36495.26061865574,5992.872924304179,-30502.38769435156,271.019718021377
1030000,2059.9999999651113,-36644.97397753483,6095.460805614673,-30549.513171920156,275.6591186922011
1035000,2069.999999964875,-36416.858659713325,6400.883703778738,-30015.974955934587,289.47146358641686
1040000,2079.9999999646384,-36259.68754717594,6178.031882223536,-30081.655664952406,279.39328595753716
1045000,2089.999999964402,-36415.253424136696,6037.814206900399,-30377.439217236297,273.05212783393125
1050000,2099.9999999641655,-36281.0100316692,6209.371196640038,-30071.63883502916,280.8105648258572
1055000,2109.999999963929,-36489.04932543522,6126.009903023074,-30363.039422412145,277.0406610459285
1060000,2119.9999999636925,-36612.13081595188,6064.163052931458,-30547.967763020424,274.24371939806497
1065000,2129.999999963456,-36514.875766246376,6021.235081486613,-30493.64068475976,272.30235890816897
1070000,2139.9999999632196,-36734.0728230167,6000.25028642462,-30733.82253659208,271.3533494243581
1075000,2149.999999962983,-36603.45411154514,6080.323789619716,-30523.130321925426,274.97456724943635
1080000,2159.9999999627466,-36606.91759106403,6150.777333053177,-30456.140258010855,278.1607351719208
1085000,2169.99999996251,-36419.090247600136,6205.205387691928,-30213.88485990821,280.6221716493777
1090000,2179.9999999622737,-36451.82589861637,6124.281953248337,-30327.543945368034,276.9625168125
1095000,2189.9999999620372,-36361.26355501896,6223.305833693787,-30137.957721325172,281.440740278055
1100000,2199.9999999618008,-36577.326814143715,6115.2999357175195,-30462.026878426193,276.5563169999538
1105000,2209.9999999615643,-36342.72822710758,6237.952049058604,-30104.77617804898,282.1030959142233
1110000,2219.999999961328,-36150.245068042335,5918.849559367932,-30231.395508674403,267.67210966301275
1115000,2229.9999999610914,-36495.220627276954,6080.835201362574,-30414.38542591438,274.99769516622894
1120000,2239.999999960855,-36513.47969767338,6253.642244303113,-30259.837453370266,282.81266415379366
1125000,2249.9999999606184,-36411.38704916721,6034.65885275734,-30376.728196409873,272.90943113388255
1130000,2259.999999960382,-36688.658018081245,6248.965776122145,-30439.6922419591,282.60117709178667
1135000,2269.9999999601455,-36464.35162016636,6266.088143868904,-30198.263476297456,283.3755134305008
1140000,2279.999999959909,-36520.94630572086,6051.569974558749,-30469.376331162115,273.6742141553038
1145000,2289.9999999596726,-36226.95954367405,6233.686723974365,-29993.272819699683,281.9102022526688
1150000,2299.999999959436,-36319.37007948643,6033.329465485149,-30286.04061400128,272.84931136024454
1155000,2309.9999999591996,-36538.03956267124,5914.445369466936,-30623.594193204306,267.4729360245664
1160000,2319.999999958963,-36375.603605716286,6335.556286192749,-30040.047319523535,286.5171178966532
1165000,2329.9999999587267,-36696.52962824589,6172.736672597724,-30523.792955648165,279.153817135525
1170000,2339.99999995849,-36455.95832678562,6151.3205941547585,-30304.637732630865,278.185303433658
1175000,2349.9999999582537,-36503.18833109623,6039.9622611151535,-30463.226069981076,273.14927073265955
1180000,2359.9999999580173,-36287.81537863499,6201.426982560283,-30086.388396074704,280.4512982959322
1185000,2369.999999957781,-36256.86140581852,6059.655481089961,-30197.205924728558,274.0398704486756
1190000,2379.9999999575443,-36510.32732531315,6141.440392701949,-30368.8869326112,277.7384844462447
1195000,2389.999999957308,-36423.52052542454,6241.205659543972,-30182.314865880566,282.2502361268448
1200000,2399.9999999570714,-36557.74998900181,6137.026367275034,-30420.723621726775,277.53886600920254
1205000,2409.999999956835,-36420.94816538578,6048.616154131987,-30372.33201125379,273.54063154988927
1210000,2419.9999999565985,-36480.88284823185,6181.932096197486,-30298.95075203436,279.5696679540845
1215000,2429.999999956362,-36371.303955524025,6105.769024218504,-30265.53493130552,276.12529418675945
1220000,2439.9999999561255,-36749.77523180729,6116.708963650448,-30633.066268156843,276.62003841669167
1225000,2449.999999955889,-36829.160665957985,6182.907580783257,-30646.25308517473,279.6137829487972
1230000,2459.9999999556526,-36514.16899916416,6068.528783739784,-30445.640215424377,274.44115377512827
1235000,2469.999999955416,-36346.16676089054,6265.381441369785,-30080.785319520757,283.3435537486495
1240000,2479.9999999551796,-36534.55999705082,6144.3825634391505,-30390.17743361167,277.8715402099224
1245000,2489.999999954943,-36713.2355265308,6181.51615658378,-30531.71936994702,279.5508576375227
1250000,2499.9999999547067,-36389.59544321781,6227.486874225047,-30162.108568992764,281.6298222826513
1255000,2509.9999999544702,-36554.48485419041,6049.562691108912,-30504.922163081494,273.58343742744137
1260000,2519.9999999542338,-36519.36808916813,6377.11296791981,-30142.25512124832,288.3964636304658
1265000,2529.9999999539973,-36348.59901282078,6253.773263043922,-30094.825749776857,282.8185893023222
1270000,2539.999999953761,-36677.46268936878,6098.0681192802795,-30579.3945700885,275.7770309895869
1275000,2549.9999999535244,-36525.63880965,6065.068394733161,-30460.57041491684,274.28466227853477
1280000,2559.999999953288,-36824.892007319984,6105.58529052954,-30719.306716790445,276.11698507471874
1285000,2569.9999999530514,-36509.20959040409,6098.79105298014,-30410.41853742395,275.80972470593287
1290000,2579.999999952815,-36383.75833460575,6195.095049396523,-30188.66328520923,280.1649450289351
1295000,2589.9999999525785,-36348.74608275181,6223.764889266012,-30124.981193485797,281.46150045657237
1300000,2599.999999952342,-36434.46173712498,6253.820810840637,-30180.64092628434,282.8207395882737
1305000,2609.9999999521056,-36476.934608428535,6324.297002117944,-30152.637606310593,286.0079317294143
1310000,2619.999999951869,-36469.111159770546,6013.585534798403,-30455.525624972142,271.9564183196372
1315000,2629.9999999516326,-36315.51431032902,6238.334224147948,-30077.18008618107,282.12037927501814
1320000,2639.999999951396,-36223.373687236366,6258.434050186353,-29964.939637050014,283.02936721018943
1325000,2649.9999999511597,-36623.758719890175,5961.9468546871885,-30661.811865202988,269.6211276002261
1330000,2659.999999950923,-36437.23207995182,5934.453916750217,-30502.778163201605,268.3777959992774
1335000,2669.9999999506867,-36579.52689310795,6003.0843883202615,-30576.442504787687,271.48151791821783
1340000,2679.9999999504503,-36673.593749492225,6317.66880342905,-30355.924946063176,285.7081802475551
1345000,2689.999999950214,-36519.01876875645,6130.410105208815,-30388.60866354763,277.23965434524916
1350000,2699.9999999499773,-36499.513063876686,6062.440108696139,-30437.07295518055,274.16580153350804
1355000,2709.999999949741,-36469.72521158939,6144.815531535317,-30324.909680054076,277.8911206169855
1360000,2719.9999999495044,-36518.35114666706,6135.250145862999,-30383.10100080406,277.4585387550935
1365000,2729.999999949268,-36355.06578919178,6305.764295673879,-30049.3014935179,285.1698146963843
1370000,2739.9999999490315,-36617.315463512,6054.313557995221,-30563.00190551678,273.7982890720779
1375000,2749.999999948795,-36578.692340343056,6093.4794886934915,-30485.212851649565,275.56951626610726
1380000,2759.9999999485585,-36599.28923269993,6230.376823520009,-30368.91240917992,281.76051640096637
1385000,2769.999999948322,-36340.25395247227,6151.829606563621,-30188.424345908647,278.2083228437577
1390000,2779.9999999480856,-36495.968526332435,6108.735609665651,-30387.232916666784,276.2594540732659
1395000,2789.999999947849,-36628.85818382984,6142.6655342079675,-30486.192649621873,277.793889843571
1400000,2799.9999999476127,-36328.0338682819,6039.877699391981,-30288.156168889916,273.1454465410474
1405000,2809.999999947376,-36404.80397364384,6105.995862801487,-30298.80811084235,276.1355526603786
1410000,2819.9999999471397,-36537.4974236179,6157.841191501384,-30379.65623211651,278.4801887877336
1415000,2829.9999999469032,-36407.237911670265,6012.651002669322,-30394.586909000944,271.9141553453835
1420000,2839.999999946667,-36469.914594142494,6096.75346590624,-30373.161128236254,275.71757753692265
1425000,2849.9999999464303,-36177.02349039799,6048.030645819248,-30128.992844578737,273.51415271414186
1430000,2859.999999946194,-36417.98508402592,6157.561235919939,-30260.42384810598,278.4675281684113
1435000,2869.9999999459574,-36623.69413134342,6112.780407659467,-30510.913723683956,276.4423746900692
1440000,2879.999999945721,-36577.131349055824,6100.362955068703,-30476.76839398712,275.8808118900231
1445000,2889.9999999454844,-36240.690742938576,5925.6346186727815,-30315.056124265793,267.97895495787975
1450000,2899.999999945248,-36597.02281519657,6034.459041638291,-30562.56377355828,272.90039494142087
1455000,2909.9999999450115,-36359.4775023151,6088.569563758784,-30270.907938556316,275.3474714324994
1460000,2919.999999944775,-36374.00895449406,6169.45295977104,-30204.555994723018,279.00531558450064
1465000,2929.9999999445386,-36598.30042216068,6017.82522051196,-30580.475201648722,272.14815247470784
1470000,2939.999999944302,-36780.439803569374,6188.319882999463,-30592.119920569912,279.8585471276827
1475000,2949.9999999440656,-36232.206569163856,6233.352384921129,-29998.85418424273,281.89508221306903
1480000,2959.999999943829,-36654.51769778019,6074.954095043961,-30579.563602736227,274.73172994449703
1485000,2969.9999999435927,-36450.590583293495,6042.607838301366,-30407.98274499213,273.2689134469416
1490000,2979.999999943356,-36606.67536017185,5968.325034474962,-30638.35032569689,269.9095723093675
1495000,2989.9999999431197,-36499.44113966709,6156.71893512985,-30342.72220453724,278.4294362339581
1500000,2999.9999999428833,-36502.20301481968,6072.594939628501,-30429.60807519118,274.62504027436006
1505000,3009.999999942647,-36457.93444964176,6109.832847420934,-30348.101602220828,276.3090751933522
1510000,3019.9999999424103,-36167.69770380741,6116.143778601017,-30051.553925206394,276.5944786735332
1515000,3029.999999942174,-36492.98121783024,5972.645003318229,-30520.336214512008,270.1049371623439
1520000,3039.9999999419374,-36615.87413927799,6178.7910968714,-30437.083042406593,279.4276204315667
1525000,3049.999999941701,-36635.85808130985,6134.102902847129,-30501.75517846272,277.4066562135162
1530000,3059.9999999414645,-36347.20263430363,6111.9673689276615,-30235.235265375966,276.40560609333477
1535000,3069.999999941228,-36659.314830272255,6336.275761736267,-30323.03906853599,286.54965522247176
1540000,3079.9999999409915,-36487.92460009342,6144.790060716478,-30343.134539376944,277.8899687330349
1545000,3089.999999940755,-36472.45950266605,6203.759231020108,-30268.700271645946,280.55677113473945
1550000,3099.9999999405186,-36511.53284308201,6340.241395042203,-30171.291448039803,286.72899572141546
1555000,3109.999999940282,-36271.75059649235,5993.045497741162,-30278.705098751187,271.0275224258454
1560000,3119.9999999400457,-36487.43146178013,6163.669254136223,-30323.762207643907,278.74375517932174
1565000,3129.999999939809,-36589.74355170017,6007.288448200954,-30582.45510349922,271.6716409423169
1570000,3139.9999999395727,-36449.71917292362,6238.185098686995,-30211.534074236628,282.1136352741211
1575000,3149.9999999393362,-36463.11891505009,6278.367554935894,-30184.75136011419,283.9308334859867
1580000,3159.9999999391,-36605.397752254066,6161.707230322512,-30443.690521931552,278.6550252583874
1585000,3169.9999999388633,-36360.907226054725,5849.72443046063,-30511.182795594097,264.5460175230191
1590000,3179.999999938627,-36317.86069437748,6438.6721106650975,-29879.18858371238,291.18039409573635
1595000,3189.9999999383904,-36306.744016139564,6091.243274661195,-30215.50074147837,275.4683864567281
1600000,3199.999999938154,-36305.994316546974,6245.064999851547,-30060.929316695427,282.42476966612037
1605000,3209.9999999379174,-36446.98715445286,5967.108623630272,-30479.878530822585,269.85456174460325
1610000,3219.999999937681,-36407.42150351292,6090.9282625153455,-30316.49324099757,275.45414045084414
1615000,3229.9999999374445,-36417.38645598179,6104.519609540011,-30312.86684644178,276.06879106744856
1620000,3239.999999937208,-36214.06535479313,6220.430665192732,-29993.634689600396,281.31071460151185
1625000,3249.9999999369716,-36417.63792559391,6184.147803697568,-30233.490121896342,279.6698703827818
1630000,3259.999999936735,-36525.00754639393,6253.983940759324,-30271.023605634604,282.8281169221704
1635000,3269.9999999364986,-36546.30734583622,6247.316956221482,-30298.990389614737,282.5266114018096
1640000,3279.999999936262,-36359.26589247471,5974.2206269056005,-30385.045265569108,270.1761926462747
1645000,3289.9999999360257,-36449.91949793583,5991.435456626957,-30458.48404130887,270.9547104549783
1650000,3299.999999935789,-36516.056509463844,6179.630038788659,-30336.426470675186,279.46556046545754
1655000,3309.9999999355528,-36446.40870901829,6145.684570517845,-30300.72413850044,277.930421750677
1660000,3319.9999999353163,-36463.27579161411,6094.141713111043,-30369.13407850307,275.59946448579734
1665000,3329.99999993508,-36328.07222029453,6193.907137744864,-30134.16508254967,280.11122330232195
1670000,3339.9999999348433,-36238.865512340126,6040.693862781542,-30198.171649558586,273.1823564462785
1675000,3349.999999934607,-36559.31714483982,6065.252812345264,-30494.064332494556,274.2930023200911
1680000,3359.9999999343704,-36388.318842380104,6083.39808976649,-30304.920752613616,275.1135983901623
1685000,3369.999999934134,-36355.592996089516,6046.619700215264,-30308.973295874253,273.4503445732777
1690000,3379.9999999338975,-36449.913446395454,6108.540337641672,-30341.37310875378,276.2506231553498
1695000,3389.999999933661,-36250.90203520542,6200.780540308935,-30050.121494896484,280.42206380374614
1700000,3399.9999999334245,-36752.551116435585,6221.415674685279,-30531.135441750306,281.35526034748216
1705000,3409.999999933188,-36553.6281790424,6187.567786490284,-30366.060392552114,279.82453456202063
1710000,3419.9999999329516,-36648.71596476322,6159.756356483304,-30488.959608279918,278.5667995802401
1715000,3429.999999932715,-36454.59318300968,6006.7959313179945,-30447.797251691685,271.6493675204662
1720000,3439.9999999324787,-36387.932588069496,5910.645883116853,-30477.286704952643,267.3011093010179
1725000,3449.999999932242,-36549.32823988682,6083.749183554991,-30465.579056331826,275.1294761404101
1730000,3459.9999999320057,-36325.31426188236,6089.095715004882,-30236.21854687748,275.3712659237484
1735000,3469.9999999317693,-36391.08922144657,6064.576050984456,-30326.513170462116,274.2623966864508
1740000,3479.999999931533,-36350.02754351383,6051.7974278290985,-30298.23011568473,273.6845004273425
1745000,3489.9999999312963,-36374.79330250507,6268.8667980585105,-30105.926504446565,283.501174375503
1750000,3499.99999993106,-36454.51840254551,6240.022434811581,-30214.49596773393,282.19672635993015
1755000,3509.9999999308234,-36785.45958086735,6068.805901372602,-30716.653679494746,274.4536860519935
1760000,3519.999999930587,-36684.91220232731,6135.964624340924,-30548.947577986386,277.49085009525805
1765000,3529.9999999303504,-36647.52691790348,6264.520753196217,-30383.006164707265,283.3046302692013
1770000,3539.999999930114,-36492.79687520748,6130.349907823701,-30362.44696738378,277.236931998464
1775000,3549.9999999298775,-36891.75783106571,6087.10001449257,-30804.65781657314,275.2810130188506
1780000,3559.999999929641,-36462.88394686466,6121.907715717873,-30340.97623114679,276.85514507374467
1785000,3569.9999999294046,-36394.302029101906,6110.195450545364,-30284.10657855654,276.3254734380302
1790000,3579.999999929168,-36528.151742427406,6203.6676457530875,-30324.484096674318,280.5526293126858
1795000,3589.9999999289316,-36418.63680788761,6191.936915573319,-30226.699892314293,280.022122621544
1800000,3599.999999928695,-36649.94183298832,6239.742590824646,-30410.199242163675,282.18407078732133
1805000,3609.9999999284587,-36150.01638933903,5977.5615417843355,-30172.45484755469,270.327281084125
1810000,3619.999999928222,-36267.32335135227,6096.371314843798,-30170.952036508475,275.70029526271253
1815000,3629.9999999279858,-36450.37818571812,6290.43714927381,-30159.941036444307,284.47666485858736
1820000,3639.9999999277493,-36615.82207533604,6284.377157908958,-30331.444917427078,284.20260979824167
1825000,3649.999999927513,-36222.11606737858,6174.0553390776895,-30048.060728300887,279.2134520755744
1830000,3659.9999999272763,-36183.876845328865,6283.356118372315,-29900.52072695655,284.1564346413837
1835000,3669.99999992704,-36400.505498378334,6227.921763431242,-30172.583734947093,281.6494895693637
1840000,3679.9999999268034,-36717.2302984882,5891.337133948925,-30825.893164539273,266.4278967665731
1845000,3689.999999926567,-36488.60100886112,6276.903042890957,-30211.697965970165,283.86460287397955
1850000,3699.9999999263305,-36377.36232134586,5953.874677681208,-30423.487643664655,269.25607411692806
1855000,3709.999999926094,-36640.461584537086,6371.947264747609,-30268.51431978948,288.1628515658024
1860000,3719.9999999258575,-36338.34642359501,6056.595432214331,-30281.75099138068,273.9014838027579
1865000,3729.999999925621,-36417.59390303379,6058.888850190324,-30358.705052843467,274.0052005845102
1870000,3739.9999999253846,-36546.352527110634,6163.2998167950645,-30383.05271031557,278.72704786626974
1875000,3749.999999925148,-36816.580090968666,6121.105403011467,-30695.474687957198,276.8188615472622
1880000,3759.9999999249117,-36555.470788447914,6159.296686424803,-30396.174102023113,278.5460116123971
1885000,3769.999999924675,-36526.588732688484,5967.205460995809,-30559.383271692677,269.8589410858363
1890000,3779.9999999244387,-36387.94276234394,5956.415990693394,-30431.526771650548,269.3710016224278
1895000,3789.9999999242023,-36465.03869578129,6028.1353644014725,-30436.903331379814,272.614415037754
1900000,3799.999999923966,-36449.80576178318,6014.438317605291,-30435.36744417789,271.99498428937744
1905000,3809.9999999237293,-36376.27722784763,6001.4966996007115,-30374.78052824692,271.40971680470966
1910000,3819.999999923493,-36447.46899077183,6044.757470511035,-30402.711520260793,273.36612770839395
1915000,3829.9999999232564,-36611.38478132969,6139.732763050222,-30471.652018279467,277.6612591633892
1920000,3839.99999992302,-36531.98968979603,6057.395607580914,-30474.594082215113,273.93767067088584
1925000,3849.9999999227834,-36542.71040102726,6140.932660861369,-30401.77774016589,277.7155229481447
1930000,3859.999999922547,-36764.38236471897,6372.1796228430085,-30392.20274187596,288.17335965203927
1935000,3869.9999999223105,-36299.41649576908,6249.468009890874,-30049.94848587821,282.6238899468899
1940000,3879.999999922074,-36366.1308226276,6323.6096949157745,-30042.52112771183,285.9768491741059
1945000,3889.9999999218376,-36410.269346206245,5952.9690497318015,-30457.300296474445,269.21511829580845
1950000,3899.999999921601,-36465.752184360084,6092.144772799331,-30373.607411560755,275.5091555126184
1955000,3909.9999999213646,-36267.387793986854,6077.669324212585,-30189.71846977427,274.85452257716895
1960000,3919.999999921128,-36554.04326936489,6067.274707731069,-30486.76856163382,274.3844398533495
1965000,3929.9999999208917,-36442.126019923744,6236.166928717014,-30205.95909120673,282.02236621784516
1970000,3939.9999999206552,-36275.53663107639,6040.794572269621,-30234.742058806773,273.18691089911044
1975000,3949.9999999204188,-36281.833804576454,6110.93605731129,-30170.897747265164,276.3589663953149
1980000,3959.9999999201823,-36375.164538829384,6196.11269536543,-30179.051843463953,280.2109667161998
1985000,3969.999999919946,-36281.88020369297,5998.129640441918,-30283.75056325105,271.2574460265197
1990000,3979.9999999197094,-36557.11928316837,6367.972476211101,-30189.146806957273,287.98309703371643
1995000,3989.999999919473,-36698.93441912418,6169.347787124232,-30529.58663199995,279.0005592912434
2000000,3999.9999999192364,-36595.784514873085,6153.000196523067,-30442.78431835002,278.2612612198478
2005000,4009.999999919,-36479.54558989292,6193.388581812394,-30286.15700808053,280.0877722990433
2010000,4019.9999999187635,-36393.72489020115,6114.831996415406,-30278.89289378574,276.53515506655197
2015000,4029.999999918527,-36611.88650271183,6173.684890389546,-30438.201612322286,279.1966990256983
2020000,4039.9999999182905,-36650.18563791996,6183.623219680523,-30466.56241823944,279.64614676738506
2025000,4049.999999918054,-36426.49385782963,6054.092229115755,-30372.401628713873,273.78827976748215
2030000,4059.9999999178176,-36761.153962581215,6201.21585499192,-30559.938107589296,280.4417503320813
2035000,4069.999999917581,-36340.14292952305,6172.096506767479,-30168.04642275557,279.12486648614674
2040000,4079.9999999173447,-36211.60116335636,6080.484326176827,-30131.116837179536,274.98182730200045
2045000,4089.999999917108,-36521.18131777531,6353.636099349091,-30167.545218426218,287.33475343229736
2050000,4099.999999917781,-36308.57724949604,6223.644259966181,-30084.932989529858,281.4560451567124
2055000,4109.999999919818,-36646.81617972141,6220.927245307614,-30425.8889344138,281.3331717776292
2060000,4119.999999921855,-36314.35931345707,6186.163104122007,-30128.196209335063,279.7610096676722
2065000,4129.999999923893,-36506.87916228062,5998.568314339281,-30508.310847941335,271.2772844708632
2070000,4139.99999992593,-36447.28318163639,6139.364176940229,-30307.91900469616,277.64459034613606
2075000,4149.999999927967,-36496.857971637306,6030.714845409244,-30466.14312622806,272.7310686401577
2080000,4159.999999930004,-36869.800259082374,6035.161144118557,-30834.63911496382,272.9321465935295
2085000,4169.999999932042,-36419.425670116005,6385.120801638406,-30034.3048684776,288.75860727405524
2090000,4179.999999934079,-36761.28232428318,6170.750990138328,-30590.531334144853,279.064017283764
2095000,4189.999999936116,-36650.56010100132,6216.960008338793,-30433.600092662527,281.1537587551616
2100000,4199.999999938153,-36545.40323397404,6208.051583196677,-30337.35165077736,280.75088706064605
2105000,4209.999999940191,-36470.287870853004,6018.642006765537,-30451.645864087466,272.18509054813677
2110000,4219.999999942228,-36547.79020926243,6049.468817601919,-30498.32139166051,273.57919212277426
2115000,4229.999999944265,-36210.406326739845,6271.748988674065,-29938.65733806578,283.6315176178474
2120000,4239.9999999463025,-36585.95093676334,6033.944832848188,-30552.006103915155,272.8771405318817
2125000,4249.99999994834,-36303.293471782265,6333.224509310964,-29970.0689624713,286.4116663843364
2130000,4259.999999950377,-36316.951626269874,6260.18657080421,-30056.765055465665,283.1086226273621
2135000,4269.999999952414,-36358.53633639103,6254.496210622084,-30104.040125768945,282.8512836462959
2140000,4279.999999954452,-36659.43266245609,6176.319300549505,-30483.113361906588,279.3158367260505
2145000,4289.999999956489,-36528.57637354618,6006.1390515855355,-30522.437321960646,271.6196610070605
2150000,4299.999999958526,-36541.6567406345,5997.431958718115,-30544.224781916382,271.22589429725025
2155000,4309.999999960563,-36501.787290065346,6125.187262998158,-30376.600027067187,277.003458243466
2160000,4319.999999962601,-36668.53185793644,6182.464524286458,-30486.067333649982,279.5937463072153
2165000,4329.999999964638,-36424.3157829929,6007.102258356752,-30417.213524636143,271.6632207539179
2170000,4339.999999966675,-36607.57489153629,6141.874834150702,-30465.70005738559,277.75813148372146
2175000,4349.9999999687125,-36143.74583288914,5988.072420087972,-30155.673412801167,270.8026215944261
2180000,4359.99999997075,-36207.6356348682,6088.711742228218,-30118.923892639985,275.35390126493223
2185000,4369.999999972787,-36434.37306210285,6041.965282901767,-30392.407779201087,273.2398547324632
2190000,4379.999999974824,-36516.830411403236,6224.5898677509285,-30292.240543652308,281.49880901278243
2195000,4389.999999976862,-36525.91534373051,5991.418857510924,-30534.496486219585,270.9539597820033
2200000,4399.999999978899,-36584.95486590153,6131.622542478303,-30453.332323423223,277.2944852103527
2205000,4409.999999980936,-36377.17516085392,5998.5820951649,-30378.59306568902,271.27790769039757
2210000,4419.999999982973,-36603.43787333256,6209.798442686364,-30393.639430646195,280.8298864608165
2215000,4429.999999985011,-36402.688321559486,6141.97783006461,-30260.710491494876,277.7627893371246
2220000,4439.999999987048,-36280.84474703556,6102.497807939863,-30178.346939095696,275.97735777552197
2225000,4449.999999989085,-36317.49815317875,6113.580081691799,-30203.91807148695,276.47853888602145
2230000,4459.999999991122,-36320.57349535709,5945.393310182869,-30375.180185174224,268.87251553711684
2235000,4469.99999999316,-36282.44272372013,6004.243412433552,-30278.19931128658,271.53393324427793
2240000,4479.999999995197,-36195.421454875526,6330.445590121369,-29864.975864754157,286.2859934550617
2245000,4489.999999997234,-36157.54110953098,5982.590282848664,-30174.950826682318,270.55469921937856
2250000,4499.9999999992715,-36591.20069357639,5917.279227699588,-30673.921465876803,267.601093499091
2255000,4510.000000001309,-36437.16790005451,6292.330981734806,-30144.836918319706,284.5623109161698
2260000,4520.000000003346,-36426.190742938576,6057.609421369968,-30368.581321568607,273.9473401154995
2265000,4530.000000005383,-36683.44357344395,6330.069709574698,-30353.37386386925,286.26899475659854
2270000,4540.000000007421,-36371.63430639988,6289.979967815235,-30081.654338584645,284.4559894343705
2275000,4550.000000009458,-36507.799596278724,5919.558110585877,-30588.241485692848,267.70415295071746
2280000,4560.000000011495,-36534.526229350624,6306.807478021723,-30227.718751328903,285.2169912324679
2285000,4570.000000013532,-36658.66239496952,6170.386711254842,-30488.275683714677,279.0475432551085
2290000,4580.00000001557,-36411.331557719765,5965.284285484475,-30446.04727223529,269.77205847512056
2295000,4590.000000017607,-36723.81928583866,6251.376825826271,-30472.44246001239,282.7102136122004
2300000,4600.000000019644,-36456.49115320927,6153.9628017372115,-30302.528351472054,278.30479376208575
2305000,4610.000000021681,-36416.5806021381,6355.369365097963,-30061.211237040137,287.41313807359523
2310000,4620.000000023719,-36801.10170218235,6161.626470121377,-30639.475232060973,278.6513729855601
2315000,4630.000000025756,-36436.4844832111,6174.301887285106,-30262.18259592599,279.22460189077935
2320000,4640.000000027793,-36568.34661242252,6124.78358712948,-30443.563025293042,276.9852025384839
2325000,4650.0000000298305,-36182.846471278724,6069.776923706649,-30113.069547572075,274.4975992472989
2330000,4660.000000031868,-36364.05699297672,6053.864430088449,-30310.192562888275,273.7779778590443
2335000,4670.000000033905,-36633.63723990208,5777.108921329817,-30856.52831857226,261.2620775734837
2340000,4680.000000035942,-36300.13639494663,6336.613906316194,-29963.52248863044,286.5649473619614
2345000,4690.00000003798,-36664.45000120884,6315.830497602215,-30348.619503606624,285.62504530824987
2350000,4700.000000040017,-36302.1956915546,6119.054315864594,-30183.141375690007,276.72610385538314
2355000,4710.000000042054,-36468.46042820698,6061.525073875119,-30406.935354331858,274.1244202991143
2360000,4720.000000044091,-36403.24434801823,6010.087103634057,-30393.15724438417,271.7982064169898
2365000,4730.000000046129,-36468.2479433704,6322.581998963201,-30145.6659444072,285.93037298967874
2370000,4740.000000048166,-36297.50667711979,5896.652283172633,-30400.854393947156,266.6682673304155
2375000,4750.000000050203,-36066.490821330604,6215.569972892513,-29850.92084843809,281.09089624840584
2380000,4760.0000000522405,-36106.2392544437,6063.449179375207,-30042.790075068497,274.2114354146797
2385000,4770.000000054278,-36307.46268984562,6142.075905835937,-30165.386784009683,277.7672246836146
2390000,4780.000000056315,-36430.36469408756,5964.467537807756,-30465.897156279807,269.7351221462788
2395000,4790.000000058352,-36814.12986704594,6155.29696759126,-30658.832899454675,278.3651296407411
2400000,4800.0000000603895,-36510.99205157047,6169.579294722561,-30341.412756847913,279.01102891487994
2405000,4810.000000062427,-36388.20224234348,6066.252683268254,-30321.949559075227,274.33822015451364
2410000,4820.000000064464,-36858.46511790043,6264.727178192036,-30593.737939708393,283.3139655654551
2415000,4830.000000066501,-36392.92880865818,6084.328513927735,-30308.600294730444,275.15567558702696
2420000,4840.000000068539,-36323.50538775211,6336.560285974711,-29986.9451017774,286.5625224532386
2425000,4850.000000070576,-36431.59694906956,6119.316524479703,-30312.280424589855,276.73796189172515
2430000,4860.000000072613,-36678.38880297428,6182.358816009975,-30496.029986964306,279.5889657908175
2435000,4870.00000007465,-36629.71966883427,5726.033833099831,-30903.685835734435,258.95227454831524
2440000,4880.000000076688,-36428.44074389225,5992.356070665121,-30436.08467322713,270.9963440020568
2445000,4890.000000078725,-36623.22344347721,6063.65193650117,-30559.57150697604,274.22060483639103
2450000,4900.000000080762,-36566.542451350746,6147.157396999858,-30419.38505435089,277.99702837205734
2455000,4910.0000000827995,-36402.10170695072,6050.959444567731,-30351.14226238299,273.64660374739105
2460000,4920.000000084837,-36567.13990065342,6187.203636100436,-30379.936264552984,279.8080663443193
2465000,4930.000000086874,-36254.17975184208,6101.913478778856,-30152.266273063222,275.9509322653454
2470000,4940.000000088911,-36364.84401079899,6253.454911429314,-30111.389099369673,282.8041922733993
2475000,4950.000000090949,-36711.80895373112,6005.337554105048,-30706.47139962607,271.5834143480874
2480000,4960.000000092986,-36285.797292201576,6133.281537575236,-30152.51575462634,277.369511060066
2485000,4970.000000095023,-36098.29187294727,6201.929202686143,-29896.36267026113,280.47401053405474
2490000,4980.00000009706,-36194.25615450626,6161.261226973229,-30032.994927533036,278.634855349316
2495000,4990.000000099098,-36369.94941088444,6077.306006096189,-30292.64340478825,274.83809199792904
2500000,5000.000000101135,-36726.02498718983,6085.344444750915,-30640.680542438913,275.2016197091042
2505000,5010.000000103172,-36273.92235705143,6110.182358661577,-30163.73999838985,276.3248813749752
2510000,5020.000000105209,-36357.74117609745,6141.601810169363,-30216.139365928087,277.7457843368071
2515000,5030.000000107247,-36424.3394913364,6189.222135422604,-30235.117355913797,279.89935029511054
2520000,5040.000000109284,-36604.28935000187,6215.784092921569,-30388.5052570803,281.1005795423169
2525000,5050.000000111321,-36246.22216793781,6236.917899733495,-30009.304268204316,282.0563278845949
2530000,5060.0000001133585,-36355.48397585636,5988.543059832179,-30366.94091602418,270.8239056517349
2535000,5070.000000115396,-36611.0919680286,6079.840500687057,-30531.251467341546,274.95271114938106
2540000,5080.000000117433,-36664.549440352974,6254.490514508157,-30410.058925844816,282.8510260471093
2545000,5090.00000011947,-36387.9022402454,6092.396614291949,-30295.50562595345,275.5205447096158
2550000,5100.000000121508,-36719.922272174415,6164.294881156835,-30555.62739101758,278.7720483303454
2555000,5110.000000123545,-36609.10811564213,6171.862334094823,-30437.245781547303,279.1142763380637
2560000,5120.000000125582,-36625.25841471439,6064.117386661816,-30561.141028052578,274.2416542016762
2565000,5130.000000127619,-36282.23619791752,6167.026553114958,-30115.209644802562,278.89558456633245
2570000,5140.000000129657,-36397.518624751625,6154.198983323736,-30243.31964142789,278.3154747606302
2575000,5150.000000131694,-36567.281746356544,6445.551085431643,-30121.730660924903,291.4914865926161
2580000,5160.000000133731,-36540.69404932743,6126.796045272779,-30413.898004054652,277.07621328498493
2585000,5170.0000001357685,-36678.64943739658,6149.354420482034,-30529.295016914548,278.09638584086184
2590000,5180.000000137806,-36219.23481032139,6130.151391472822,-30089.083418848568,277.22795436017304
2595000,5190.000000139843,-36514.28169867283,6057.438363861773,-30456.843334811056,273.939604266897
2600000,5200.00000014188,-36559.591635196266,6110.9263405623815,-30448.665294633884,276.3585269682517
2605000,5210.0000001439175,-36558.552175014076,6052.845442972033,-30505.706732042043,273.731895520165
2610000,5220.000000145955,-36385.023087947426,6125.219883510036,-30259.80320443739,277.0049334627878
2615000,5230.000000147992,-36543.56208655125,6236.933069881777,-30306.62901666947,282.0570139344013
2620000,5240.000000150029,-36547.59210726505,6095.014303195592,-30452.57780406946,275.63892621336106
2625000,5250.000000152067,-36532.86768147236,6201.10297510438,-30331.76470636798,280.43664548909896
2630000,5260.000000154104,-36622.678361384926,5866.486990814664,-30756.19137057026,265.30408205030824
2635000,5270.000000156141,-36614.558190791664,6094.777768466377,-30519.780422325286,275.62822924440746
2640000,5280.000000158178,-36412.803769080696,5938.438413951018,-30474.365355129677,268.5579895928106
2645000,5290.000000160216,-36470.10814520603,5916.76734638107,-30553.34079882496,267.5779443463628
2650000,5300.000000162253,-36408.29168936497,6311.1695258723685,-30097.122163492597,285.4142590526619
2655000,5310.00000016429,-36444.81168314701,6185.415112960499,-30259.396570186513,279.72718276090563
2660000,5320.0000001663275,-36058.00867888218,6120.792662414313,-29937.216016467864,276.80471826915084
2665000,5330.000000168365,-36411.40677878147,5979.006496898153,-30432.400281883318,270.3926272598986
2670000,5340.000000170402,-36697.81979128605,6214.1985217895035,-30483.621269496543,281.02887419389
2675000,5350.000000172439,-36336.88891932255,6030.56038310356,-30306.32853621899,272.72408328754625
2680000,5360.000000174477,-36053.73121401554,6041.755763944194,-30011.975450071346,273.2303795158987
2685000,5370.000000176514,-36313.31663939243,6335.780167081675,-29977.536472310756,286.5272426124871
2690000,5380.000000178551,-36551.60385557896,6238.721421116924,-30312.882434462033,282.13788974364917
2695000,5390.000000180588,-36492.50488611942,6108.63646896109,-30383.868417158334,276.25497056658486
2700000,5400.000000182626,-36538.00647398716,6034.550105639072,-30503.45636834809,272.90451318990125
2705000,5410.000000184663,-36492.54904124027,6197.412258693769,-30295.136782546502,280.2697377415904
2710000,5420.0000001867,-36316.119467227516,6026.534621089124,-30289.584846138394,272.54202354762606
2715000,5430.000000188737,-36538.480404346046,6146.084565238221,-30392.395839107827,277.9485109806166
2720000,5440.000000190775,-36818.91528817898,6069.9694357713815,-30748.945852407596,274.506305349724
2725000,5450.000000192812,-36553.053489177284,6136.5161719200505,-30416.537317257233,277.51579310193586
2730000,5460.000000194849,-36461.73565050846,6194.844247885345,-30266.891402623114,280.15360286371697
2735000,5470.0000001968865,-36557.85681292301,5989.765812913899,-30568.091000009113,270.8792030357447
2740000,5480.000000198924,-36432.39787909275,6338.308525819733,-30094.08935327302,286.6415842781457
2745000,5490.000000200961,-36525.96512743717,6286.5274329716885,-30239.437694465483,284.2998531318699
2750000,5500.000000202998,-36576.27260538822,6153.0579423810395,-30423.21466300718,278.2638726995743
2755000,5510.000000205036,-36270.279256312904,6102.3728146665635,-30167.90644164634,275.9717051207582
2760000,5520.000000207073,-36422.708517520485,6277.827002630845,-30144.88151488964,283.90638772597464
2765000,5530.00000020911,-36407.75188156849,5939.287527006343,-30468.464354562144,268.5963896029108
2770000,5540.000000211147,-36328.975501506386,6114.874527611876,-30214.10097389451,276.5370784834206
2775000,5550.000000213185,-36405.434319942055,6039.9164750783475,-30365.51784486371,273.1472001199599
2780000,5560.000000215222,-36426.17094084507,6019.101940174986,-30407.069000670082,272.20589042567667
2785000,5570.000000217259,-36545.04754206425,6244.325220428046,-30300.7223216362,282.391314124298
2790000,5580.000000219296,-36326.19498678928,6101.423435852069,-30224.771550937214,275.92877072487664
2795000,5590.000000221334,-36544.42732760197,6088.847303896504,-30455.580023705465,275.36003186132183
2800000,5600.000000223371,-36276.358076064644,5894.471463604311,-30381.886612460334,266.56964266209235
2805000,5610.000000225408,-36183.31924101597,6167.341167367921,-30015.978073648046,278.9098125780391
2810000,5620.0000002274455,-36745.35797640568,6189.675917315257,-30555.68205909042,279.91987197847396
2815000,5630.000000229483,-36353.767089335975,6073.867937968685,-30279.89915136729,274.68260993344614
2820000,5640.00000023152,-36455.85328623539,6182.132610840129,-30273.72067539526,279.57873596246617
2825000,5650.000000233557,-36500.81318518406,5942.095990625107,-30558.71719455895,268.72339863975253
2830000,5660.000000235595,-36676.1992525745,6286.9441246318365,-30389.255127942663,284.31869745873314
2835000,5670.000000237632,-36444.24062010532,6156.273891780694,-30287.96672832463,278.40930973961736
2840000,5680.000000239669,-36524.996901958046,5954.350186979429,-30570.64671497862,269.27757839334913
2845000,5690.000000241706,-36634.991448848305,6194.603382022817,-30440.388066825486,280.1427100250121
2850000,5700.000000243744,-36419.74818941837,6155.641897794608,-30264.106291623764,278.38072865103703
2855000,5710.000000245781,-36375.73947664982,6274.165607425407,-30101.573869224412,283.7408059910244
2860000,5720.000000247818,-36630.060487716255,6141.530652472174,-30488.52983524408,277.74256632446634
2865000,5730.0000002498555,-36440.354115932045,5997.946513885959,-30442.407602046085,271.2491643712626
2870000,5740.000000251893,-36382.05014178043,6144.313941881549,-30237.736199898885,277.86843689112584
2875000,5750.00000025393,-36425.35468336826,6193.118487421544,-30232.23619594672,280.0755576389676
2880000,5760.000000255967,-36894.10862681156,6217.19004011432,-30676.91858669724,281.1641616366722
2885000,5770.000000258005,-36482.240532844124,6213.628387857034,-30268.61214498709,281.0030906440694
2890000,5780.000000260042,-36557.80529352909,6179.815450575459,-30377.989842953633,279.47394546724405
2895000,5790.000000262079,-36058.478541820106,5929.309803618741,-30129.168738201366,268.14516031552904
2900000,5800.000000264116,-36699.23950979,6043.816348376425,-30655.423161413575,273.3235667098933
2905000,5810.000000266154,-36238.488629787025,6086.69023604172,-30151.798393745306,275.2624813326955
2910000,5820.000000268191,-36412.37867209202,6202.773813466816,-30209.6048586252,280.5122069347639
2915000,5830.000000270228,-36561.64971014744,6252.607728167325,-30309.041981980114,282.7658795356395
2920000,5840.000000272265,-36609.358832805214,6020.202054496137,-30589.156778309076,272.2556416346336
2925000,5850.000000274303,-36157.44388148075,6111.402079598301,-30046.04180188245,276.38004163425495
2930000,5860.00000027634,-36585.23563334232,6161.11376156862,-30424.121871773703,278.6281864222622
2935000,5870.000000278377,-36186.67168089634,6001.727380120581,-30184.944300775758,271.4201490248214
2940000,5880.0000002804145,-36212.62375017887,6136.468493593428,-30076.155256585444,277.5136369129427
2945000,5890.000000282452,-36409.58050295597,5867.746283646626,-30541.834219309345,265.3610318959892
2950000,5900.000000284489,-36562.8429445911,6163.5388195810165,-30399.304125010087,278.7378564498111
2955000,5910.000000286526,-36353.35455652958,6241.330542363241,-30112.024014166338,282.25588378647177
2960000,5920.000000288564,-36537.28366991764,6196.238108756966,-30341.045561160674,280.2166383702527
2965000,5930.000000290601,-36594.744323222694,5995.9236507751075,-30598.820672447586,271.1576830739244
2970000,5940.000000292638,-36521.378761737404,5975.5116750361985,-30545.867086701204,270.2345785831578
2975000,5950.000000294675,-36613.37024542576,6024.69789539662,-30588.672350029137,272.4589600677972
2980000,5960.000000296713,-36582.19037863499,6105.80606786462,-30476.384310770365,276.12696943645216
2985000,5970.00000029875,-36330.603278605995,6087.183687409358,-30243.419591196638,275.2847970153745
2990000,5980.000000300787,-36236.30628010517,6141.355849810915,-30094.950430294255,277.73466110629096
2995000,5990.000000302824,-36659.48636385685,6449.120928598603,-30210.365435258245,291.6529280082294
3000000,6000.000000304862,-36629.34415194279,5999.558154348832,-30629.785997593954,271.32204867054895
3005000,6010.000000306899,-36642.027016131935,6167.505216715218,-30474.521799416718,278.9172314918735
3010000,6020.000000308936,-36680.41004130131,6036.387294943615,-30644.022746357692,272.9875976359689
3015000,6030.0000003109735,-36415.068451373634,6121.663628108233,-30293.404823265402,276.8441065358059
3020000,6040.000000313011,-36207.17718836552,6018.185989099307,-30188.99119926621,272.16446775488293
3025000,6050.000000315048,-36499.648170440254,6136.391858128915,-30363.25631231134,277.5101711758504
3030000,6060.000000317085,-36620.850144355354,6008.002650747426,-30612.84749360793,271.70393980384796
3035000,6070.000000319123,-36715.393414943275,6065.414033708037,-30649.979381235236,274.3002933420816
3040000,6080.00000032116,-36268.1078753162,6027.931037392762,-30240.176837923438,272.60517462018055
3045000,6090.000000323197,-36153.53467222935,6071.919564240368,-30081.61510798898,274.5944973194931
3050000,6100.000000325234,-36567.48972079044,6036.171278294298,-30531.318442496144,272.97782856992563
3055000,6110.000000327272,-36404.797168223915,6021.876943091119,-30382.920225132795,272.3313862466857
3060000,6120.000000329309,-36457.05434176212,6098.890277472629,-30358.164064289493,275.8142120018116
3065000,6130.000000331346,-36606.82986256367,6113.332826225039,-30493.497036338627,276.46735708595213
3070000,6140.0000003333835,-36464.71897169834,6166.106821805551,-30298.61214989279,278.8539909394895
3075000,6150.000000335421,-36713.497880427894,6105.131708041194,-30608.3661723867,276.0964724091502
3080000,6160.000000337458,-36626.96789309269,6032.602738490332,-30594.365154602358,272.8164460971726
3085000,6170.000000339495,-36351.803277461586,6009.895628610027,-30341.907648851557,271.78954721335305
3090000,6180.0000003415325,-36609.26002642399,6329.029675489391,-30280.2303509346,286.22196059650656
3095000,6190.00000034357,-36503.210532634315,6039.3061608866055,-30463.90437174771,273.11959947128275
3100000,6200.000000345607,-36353.75130030399,6357.313746843687,-29996.437553460306,287.5010701554378
3105000,6210.000000347644,-36223.11437556034,6247.766097731169,-29975.348277829173,282.54692323001694
3110000,6220.000000349682,-36362.8756947208,6160.288023277311,-30202.587671443493,278.5908435048173
3115000,6230.000000351719,-36625.8526768375,5961.906558271229,-30663.946118566273,269.6193052483377
3120000,6240.000000353756,-36650.04945656544,6038.795740183934,-30611.253716381503,273.0965163729662
3125000,6250.000000355793,-36361.25995013004,6024.980473958101,-30336.27947617194,272.4717393079077
3130000,6260.000000357831,-36095.24880930668,6191.634753000067,-29903.61405630661,280.0084577205134
3135000,6270.000000359868,-36566.87429186588,6170.087046300502,-30396.78724556538,279.0339913055758
3140000,6280.000000361905,-36684.9815535236,6098.674078145491,-30586.307475378107,275.80443467440665
3145000,6290.0000003639425,-36320.25350233799,6074.703861644213,-30245.549640693775,274.72041347136366
3150000,6300.00000036598,-36359.56892201191,6244.981212498587,-30114.587709513322,282.4209804943726
3155000,6310.000000368017,-36519.74079462772,6110.564154221912,-30409.17664040581,276.3421475720747
3160000,6320.000000370054,-36896.00032374149,6131.393888044075,-30764.606435697417,277.2841446172729
3165000,6330.000000372092,-36442.35174605137,6072.802597248648,-30369.54914880272,274.63443131441187
3170000,6340.000000374129,-36237.19714209324,6095.450487661524,-30141.746654431714,275.65865207647465
3175000,6350.000000376166,-36403.76613661533,6080.102414892209,-30323.663721723125,274.96455587142384
3180000,6360.000000378203,-36463.45311590916,6211.077903580487,-30252.37521232867,280.8877483803207
3185000,6370.000000380241,-36663.06262346989,6277.516209024059,-30385.546414445827,283.89233249791664
3190000,6380.000000382278,-36705.56123205906,6256.60891140019,-30448.95232065887,282.94682773280965
3195000,6390.000000384315,-36218.79953381306,6120.260855221437,-30098.53867859162,276.7806679952212
3200000,6400.000000386352,-36354.6869024921,6142.008934346977,-30212.677968145126,277.76419598698067
3205000,6410.00000038839,-36549.00279757267,6202.080928763013,-30346.92186880966,280.48087214435236
3210000,6420.000000390427,-36057.15980479008,6009.734449723014,-30047.425355067062,271.7822581122723
3215000,6430.000000392464,-36712.16228243595,6073.242722987219,-30638.919559448732,274.6543354163456
3220000,6440.0000003945015,-36256.79902693516,6082.986767831115,-30173.812259104045,275.09499690196964
3225000,6450.000000396539,-36388.815110652504,5946.730153930317,-30442.08495672219,268.93297251994437
3230000,6460.000000398576,-36746.4983963657,6000.034175837643,-30746.464220528058,271.34357611010904
3235000,6470.000000400613,-36635.13220927006,6044.89683868842,-30590.23537058164,273.37243044910167
3240000,6480.000000402651,-36316.43593975788,6192.8833486782605,-30123.55259107962,280.0649238016236
3245000,6490.000000404688,-36559.93092772251,6077.220803684758,-30482.710124037752,274.83423883204136
3250000,6500.000000406725,-36459.00095888859,6074.719973295981,-30384.280985592606,274.72114209941475
3255000,6510.000000408762,-36126.38743731266,6284.5326672074425,-29841.854770105216,284.20964249971183
3260000,6520.0000004108,-36369.621460883674,5858.638272344164,-30510.98318853951,264.9491341824705
3265000,6530.000000412837,-36628.44614168888,5991.357802755439,-30637.08833893344,270.9511986617819
3270000,6540.000000414874,-36668.78737971073,6150.465084707358,-30518.322295003374,278.1466141552222
3275000,6550.0000004169115,-36574.391342608986,6012.426736044068,-30561.964606564918,271.90401318513653
3280000,6560.000000418949,-36424.38723799473,5962.508638343179,-30461.87859965155,269.6465335198841
3285000,6570.000000420986,-36670.52815958744,6125.079167501945,-30545.448992085494,276.9985697682267
3290000,6580.000000423023,-36375.456871478615,6121.08351472558,-30254.373356753036,276.8178716786059
3295000,6590.0000004250605,-36631.31772753483,6181.776354686072,-30449.541372848755,279.56262475109304
3300000,6600.000000427098,-36774.260078876076,6186.06153915595,-30588.198539720124,279.75641652698505
3305000,6610.000000429135,-36587.80309101826,6156.94854600751,-30430.85454501075,278.43982008092166
3310000,6620.000000431172,-36468.72598883396,5849.396592139885,-30619.329396694076,264.5311914704117
3315000,6630.00000043321,-36513.21221014744,6017.381965996694,-30495.830244150744,272.1281068780038
3320000,6640.000000435247,-36317.4783043552,6353.092936517969,-29964.385367837232,287.31018961471113
3325000,6650.000000437284,-36326.8404717136,6323.998244816813,-30002.842226896788,285.99442082729234
3330000,6660.000000439321,-36553.37038656956,6141.263427385072,-30412.106959184486,277.73048142484146
3335000,6670.000000441359,-36090.07462641483,6300.17911795911,-29789.895508455724,284.9172324526966
3340000,6680.000000443396,-36533.030286281166,6184.514817018262,-30348.515469262904,279.6864680727281
3345000,6690.000000445433,-36436.33816668278,6090.070815096311,-30346.267351586466,275.41536353021525
3350000,6700.0000004474705,-36317.75872561222,6188.47027827451,-30129.288447337713,279.86534855423554
3355000,6710.000000449508,-36493.01271960026,6209.657549956788,-30283.35516964347,280.82351477426096
3360000,6720.000000451545,-36421.72789141422,5966.106162057166,-30455.621729357055,269.80922675147025
3365000,6730.000000453582,-36381.76755472904,6138.958075564816,-30242.809479164225,277.6262249508335
3370000,6740.00000045562,-36322.66355749851,6083.249147637624,-30239.41440986089,275.10686268021544
3375000,6750.000000457657,-36363.83536860233,6140.3693465098095,-30223.46602209252,277.6900478048127
3380000,6760.000000459694,-36643.65407702213,6011.8537231346245,-30631.80035388751,271.87809943740626
3385000,6770.000000461731,-36422.02616831547,6119.797427565892,-30302.228740749575,276.75971009504286
3390000,6780.000000463769,-36501.66077944523,5962.268550139401,-30539.392229305828,269.6356758497633
3395000,6790.000000465806,-36486.10119387394,5931.113235351894,-30554.987958522044,268.2267181202687
3400000,6800.000000467843,-36670.14625975376,5973.275282747691,-30696.87097700607,270.1334407123783
3405000,6810.00000046988,-36432.47247263676,5998.345771594964,-30434.126701041794,271.2672202708419
3410000,6820.000000471918,-36777.99342772251,6255.038666954861,-30522.95476076765,282.8758155134329
3415000,6830.000000473955,-36227.24728533512,6112.102511674943,-30115.144773660177,276.4117177445785
3420000,6840.000000475992,-36297.9407457996,6192.853281064555,-30105.087464735043,280.06356403373076
3425000,6850.0000004780295,-36424.14669176823,6306.227980343041,-30117.918711425184,285.1907842196621
3430000,6860.000000480067,-36656.57932707554,5879.974361924971,-30776.604965150567,265.9140304942909
3435000,6870.000000482104,-36811.035524814186,6281.22728631718,-30529.808238497004,284.06016103929255
3440000,6880.000000484141,-36262.42258211857,6203.354442651881,-30059.068139466686,280.53846511844296
3445000,6890.000000486179,-36307.54142901188,6125.034536909731,-30182.50689210215,276.99655140897397
3450000,6900.000000488216,-36554.302160232124,6190.959286202884,-30363.34287402924,279.9779106317936
3455000,6910.000000490253,-36330.70808550602,5998.97570653585,-30331.73237897017,271.295708241838
3460000,6920.00000049229,-36563.4964728046,6146.450734598128,-30417.045738206474,277.9650705035572
3465000,6930.000000494328,-36483.13415571934,5849.375027272688,-30633.759128446647,264.5302162279361
3470000,6940.000000496365,-36333.59343668705,6064.6984218409025,-30268.895014846148,274.26793074589557
3475000,6950.000000498402,-36632.475370853004,6218.122232859226,-30414.353137993778,281.2063188153838
3480000,6960.0000005004395,-36462.419620959816,6040.962011600072,-30421.457609359742,273.19448312043033
3485000,6970.000000502477,-36578.935720889625,6046.886314407996,-30532.04940648163,273.462401846016
3490000,6980.000000504514,-36418.19292208439,6081.054387615995,-30337.138534468395,275.00760757340777
3495000,6990.000000506551,-36365.898987262306,6012.855231892183,-30353.043755370123,271.92339134072176
3500000,7000.0000005085885,-36414.4259895969,6133.115953211101,-30281.3100363858,277.36202272713393
3505000,7010.000000510626,-36120.36651179081,6171.202221237729,-29949.164290553083,279.08442361089067
3510000,7020.000000512663,-36470.83473631626,5843.534689838697,-30627.300046477565,264.26609472486024
3515000,7030.0000005147,-36678.22045561558,6151.24503022959,-30526.975425385986,278.1818861555094
3520000,7040.000000516738,-36416.568315475044,6031.944637502382,-30384.62367797266,272.78668435410935
3525000,7050.000000518775,-36342.53333327061,5985.864427904263,-30356.668905366343,270.70276808066393
3530000,7060.000000520812,-36438.07336565739,6191.69480728859,-30246.378558368797,280.0111735959453
3535000,7070.000000522849,-36670.206451861915,6083.033253324067,-30587.17319853785,275.0970991466445
3540000,7080.000000524887,-36415.077943294105,6300.135859929102,-30114.942083365004,284.9152761657466
3545000,7090.000000526924,-36709.5347742725,6050.627094699238,-30658.90767957326,273.63157366602917
3550000,7100.000000528961,-36429.70722815281,6188.2925861823305,-30241.414641970478,279.85731266538465
3555000,7110.0000005309985,-36553.061622111854,6074.035949036788,-30479.025673075066,274.6902080108419
3560000,7120.000000533036,-36899.342868773994,6285.606808016132,-30613.736060757863,284.2582190910668
3565000,7130.000000535073,-36475.32830139881,6007.547499006942,-30467.78080239187,271.6833561709358
3570000,7140.00000053711,-36644.68366572147,6070.831827920748,-30573.851837800725,274.5453058892144
3575000,7150.000000539148,-36361.499138801155,6020.913101997979,-30340.586036803175,272.28779781346185
3580000,7160.000000541185,-36516.66378733402,6086.649452927406,-30430.014334406616,275.26063697052047
3585000,7170.000000543222,-36356.61301466709,6113.967481398226,-30242.645533268864,276.4960585231844
3590000,7180.000000545259,-36192.61538454777,5900.082412899556,-30292.532971648212,266.82339039127623
3595000,7190.000000547297,-36534.51172110325,6230.093803564771,-30304.417917538478,281.7477171994096
3600000,7200.000000549334,-36149.018472163734,6211.493883617715,-29937.524588546017,280.9065605249825
3605000,7210.000000551371,-36700.58326002842,6286.852643343099,-30413.73061668532,284.31456033895915
3610000,7220.000000553408,-36576.24253889805,6217.057709201991,-30359.184829696056,281.15817714692946
3615000,7230.000000555446,-36474.48465582615,6034.234535111567,-30440.250120714583,272.8902419319486
3620000,7240.000000557483,-36335.85890719181,6242.252591059741,-30093.60631613207,282.2975822140679
3625000,7250.00000055952,-36639.22151896244,6061.69385615252,-30577.52766280992,274.1320532534262
3630000,7260.0000005615575,-36535.86038347965,6284.045084374182,-30251.81529910547,284.18759221370516
3635000,7270.000000563595,-36515.212724177894,6013.451831787832,-30501.760892390063,271.9503717785739
3640000,7280.000000565632,-36531.67231985813,6177.680364700797,-30353.991955157333,279.37738904447133
3645000,7290.000000567669,-36416.03749510532,6154.79171301315,-30261.245782092174,278.342280173546
3650000,7300.000000569707,-36564.975377528724,6171.675109262159,-30393.300268266565,279.1058093436862
3655000,7310.000000571744,-36413.74731871372,6005.368398875104,-30408.37891983862,271.5848092618438
3660000,7320.000000573781,-36338.10527273899,6051.276411362719,-30286.82886137627,273.66093814968605
3665000,7330.000000575818,-36540.99477001911,6240.75464862129,-30300.240121397823,282.2298397569177
3670000,7340.000000577856,-36304.78669878727,6230.909865593512,-30073.876833193757,281.7846225207322
3675000,7350.000000579893,-36738.03159424549,6302.478236839464,-30435.553357406025,285.0212070502764
3680000,7360.00000058193,-36460.008300273475,6126.721399825667,-30333.28690044781,277.0728375437864
3685000,7370.000000583967,-36914.37062594181,6202.939671225173,-30711.430954716638,280.5197076315865
3690000,7380.000000586005,-36703.88758990055,6181.875355562388,-30522.012234338163,279.5671019342274
3695000,7390.000000588042,-36397.57949110752,6061.570202926373,-30336.009288181147,274.126461200515
3700000,7400.000000590079,-36662.251550166664,6107.224647517128,-30555.026902649537,276.19112281702104
3705000,7410.0000005921165,-36665.192481486854,6171.967764827525,-30493.22471665933,279.1190443029127
3710000,7420.000000594154,-36819.59255930668,6139.35679045415,-30680.23576885253,277.6442563021141
3715000,7430.000000596191,-36687.44991156345,6158.083907833082,-30529.36600373037,278.49116531144887
3720000,7440.000000598228,-36717.62708994633,6261.74386186054,-30455.883228085786,283.17904904692665
3725000,7450.000000600266,-36499.92575594669,6032.608679501332,-30467.31707644536,272.816714771504
3730000,7460.000000602303,-36223.63889357334,6037.271788555208,-30186.367105018133,273.0275976847323
3735000,7470.00000060434,-36686.62186571842,6195.791116537151,-30490.83074918127,280.196423740825
3740000,7480.000000606377,-36425.58571955448,6468.470055044196,-29957.115664510286,292.5279665514259
3745000,7490.000000608415,-36217.884760348854,6093.278638142811,-30124.60612220604,275.56043306673075
3750000,7500.000000610452,-36537.659223048744,6426.271212648894,-30111.38801039985,290.6195799543363
3755000,7510.000000612489,-36558.825901477394,6121.002935556203,-30437.82296592119,276.81422759269935
3760000,7520.0000006145265,-36509.11921450382,6152.741142260724,-30356.378072243097,278.2495458349199
3765000,7530.000000616564,-36808.7741694141,5936.908798658497,-30871.865370755604,268.4888147729043
3770000,7540.000000618601,-36396.13993021732,6098.293956973945,-30297.845973243377,275.787244199316
3775000,7550.000000620638,-36662.6260065723,6053.468043048414,-30609.15796352389,273.7600517816562
3780000,7560.0000006226755,-36596.55335280186,6025.976750718487,-30570.57660208337,272.5167946011004
3785000,7570.000000624713,-36556.77379557377,5939.440799935964,-30617.332995637804,268.60332116756945
3790000,7580.00000062675,-36565.67273089176,6306.382289543417,-30259.290441348345,285.19776264828926
3795000,7590.000000628787,-36420.36366602665,6183.841844540585,-30236.521821486065,279.6560337862948
3800000,7600.000000630825,-36546.43377348667,6064.120663146668,-30482.31311034,274.2418023763517
3805000,7610.000000632862,-36624.05219933277,6114.277746093247,-30509.774453239523,276.51008983191036
3810000,7620.000000634899,-36590.047228782234,6246.458170296726,-30343.589058485508,282.4877739490373
3815000,7630.000000636936,-36565.401326625404,6187.185109542898,-30378.216217082507,279.8072285053624
3820000,7640.000000638974,-36784.924923389015,6117.918625042666,-30667.00629834635,276.6747437464327
3825000,7650.000000641011,-36545.33961722141,5845.589308426407,-30699.750308795006,264.3590121214605
3830000,7660.000000643048,-36694.29927202946,5968.082109433716,-30726.21716259574,269.8985863470401
3835000,7670.0000006450855,-36394.38624140507,6171.464117743858,-30222.92212366121,279.09626753251865
3840000,7680.000000647123,-36783.854714839516,6162.959887082043,-30620.894827757475,278.71167499650693
3845000,7690.00000064916,-36629.40842005497,5983.637187553793,-30645.771232501174,270.60204409412614
3850000,7700.000000651197,-36079.07591196781,5996.202705127549,-30082.87320684026,271.1703029363621
3855000,7710.000000653235,-36390.73143717533,6158.747620184956,-30231.983816990374,278.5211808209923
3860000,7720.000000655272,-36784.22210642582,6235.623797886809,-30548.59830853901,281.9978038474578
3865000,7730.000000657309,-36216.975112407265,6322.03760634438,-29894.937506062884,285.9057535565772
3870000,7740.000000659346,-36117.04877516514,5935.918710653332,-30181.130064511806,268.4440393579462
3875000,7750.000000661384,-36367.79950186497,5994.578364741937,-30373.22113712303,271.0968442999384
3880000,7760.000000663421,-36551.70021101719,5962.159971819059,-30589.54023919813,269.630765539444
3885000,7770.000000665458,-36714.6171211887,6267.785378082208,-30446.83174310649,283.4522685934612
3890000,7780.000000667495,-36544.02873799091,6333.083865437915,-30210.944872553,286.4053059519867
3895000,7790.000000669533,-36506.174220531044,6157.094306706795,-30349.07991382425,278.4464119149414
3900000,7800.00000067157,-36486.68833395725,5871.163778012795,-30615.52455594446,265.5155835394426
3905000,7810.000000673607,-36409.357317416725,5924.601348186636,-30484.75596923009,267.93222667257623
3910000,7820.0000006756445,-36541.894300906715,6099.006900883907,-30442.88740002281,275.8194861406826
3915000,7830.000000677682,-36765.9025149036,6206.544435606933,-30559.358079296668,280.68272831275533
3920000,7840.000000679719,-36289.94391962772,6364.427700242186,-29925.516219385536,287.82278924883946
3925000,7850.000000681756,-36298.32812258488,6154.881701908044,-30143.44642067683,278.3463498017906
3930000,7860.000000683794,-36551.88100287205,6305.863965504516,-30246.017037367532,285.17432213208934
3935000,7870.000000685831,-36637.94804999119,5974.758149827013,-30663.189900164176,270.2005014064356
3940000,7880.000000687868,-36264.83599802738,6469.446452918296,-29795.389545109087,292.5721228483902
3945000,7890.000000689905,-36601.304284541664,6218.885487812292,-30382.418796729373,281.2408360068496
3950000,7900.000000691943,-36583.0936669994,6202.550866239257,-30380.54280076014,280.5021244425252
3955000,7910.00000069398,-36274.21291491276,6140.032595267895,-30134.180319644864,277.674818677184
3960000,7920.000000696017,-36195.36564966923,6165.269898997098,-30030.09575067213,278.8161422171125
3965000,7930.0000006980545,-36583.743152110634,6230.836712803066,-30352.906439307568,281.78131428294876
3970000,7940.000000700092,-36308.46893355137,6185.66174394218,-30122.80718960919,279.7383363194667
3975000,7950.000000702129,-36419.17256304508,6205.16078507851,-30214.01177796657,280.62015455542894
3980000,7960.000000704166,-36552.44457575565,6162.97336901505,-30389.471206740604,278.7122846990199
3985000,7970.0000007062035,-36296.02777048832,6253.725894036719,-30042.301876451602,282.8164471018889
3990000,7980.000000708241,-36131.21079870945,6283.500205548406,-29847.710593161042,284.1629507925399
3995000,7990.000000710278,-36714.6512303043,6094.5772125566355,-30620.074017747662,275.619159369776
4000000,8000.000000712315,-36522.72267672306,5765.1887283355545,-30757.533948387507,260.7230026782087
4005000,8010.000000714353,-36324.149252383766,6065.03997398331,-30259.109278400458,274.2833769878724
4010000,8020.00000071639,-36823.52910944706,6114.082979466078,-30709.44612998098,276.5012817698937
4015000,8030.000000718427,-36361.507880656776,6086.683857566453,-30274.824023090325,275.26219287462374
4020000,8040.000000720464,-36624.67503306156,6242.479688159748,-30382.195344901815,282.30785237877603
4025000,8050.000000722502,-36462.65633746868,6053.4549447179215,-30409.201392750758,273.7594594270575
4030000,8060.000000724539,-36364.27164217716,6036.044382050691,-30328.22726012647,272.9720898558573
4035000,8070.000000726576,-36643.28122040516,6255.121820730867,-30388.159399674292,282.87957603250453
4040000,8080.0000007286135,-36472.87480112797,6400.734913223718,-30072.13988790425,289.4647347311958
4045000,8090.000000730651,-36422.81102558857,6046.630486583355,-30376.180539005214,273.4508323724477
4050000,8100.000000732688,-36509.52855917698,6005.83357157461,-30503.69498760237,271.6058460793175
4055000,8110.000000734725,-36724.28766962772,6120.150713951925,-30604.1369556758,276.77568700260167
4060000,8120.000000736763,-36641.3291020084,5983.644494411716,-30657.684607596682,270.60237453707043
4065000,8130.0000007388,-36576.63615366703,6107.475821833885,-30469.160331833147,276.2024818418763
4070000,8140.000000740837,-36427.57170054203,6191.51276063709,-30236.058939904942,280.002940777933
4075000,8150.000000742874,-36692.79063555485,6158.323448919072,-30534.467186635775,278.50199823889443
4080000,8160.000000744912,-36287.5530094791,6320.158634528716,-29967.39437495039,285.8207795519415
4085000,8170.000000746949,-36490.09074827915,6175.929072828113,-30314.16167545104,279.2981891956671
4090000,8180.000000748986,-36376.27723166233,6189.968938475822,-30186.308293186506,279.9331234712578
4095000,8190.000000751023,-36593.49463412052,6242.924591632781,-30350.57004248774,282.3279725474049
4100000,8200.00000075306,-36334.48783919102,5863.164960858034,-30471.322878332983,265.1538476579764
4105000,8210.000000755097,-36192.30838104969,6205.119538705762,-29987.188842343927,280.61828924300653
4110000,8220.000000757134,-36309.32137152439,6191.280900202113,-30118.040471322278,279.99245519772774
4115000,8230.000000759172,-36105.91244169956,6168.883305381248,-29937.029136318313,278.9795537213607
4120000,8240.000000761209,-36807.41841265446,6001.79247556529,-30805.625937089168,271.4230928798459
4125000,8250.000000763246,-36268.434088199196,6167.493198435409,-30100.940889763788,278.9166879811323
4130000,8260.000000765283,-36721.77452990299,6057.0481965003755,-30664.726333402617,273.92195946621416
4135000,8270.00000076732,-36564.73042437321,6143.553928783897,-30421.17649558931,277.8340663082652
4140000,8280.000000769358,-36829.53181216007,6136.945141586557,-30692.586670573517,277.53519268532847
4145000,8290.000000771395,-36790.98843142277,6256.338885211545,-30534.64954621122,282.9346161570881
4150000,8300.000000773432,-36249.741013972816,6205.125440108142,-30044.615573864674,280.61855612609065
4155000,8310.00000077547,-36380.90799853092,6361.738344806651,-30019.16965372427,287.70116672137993
4160000,8320.000000777507,-36322.975696055946,6059.792022454933,-30263.183673601012,274.04604535054654
4165000,8330.000000779544,-36464.94205805546,6362.331127436679,-30102.61093061878,287.7279745284646
4170000,8340.000000781582,-36356.879959552345,6152.786034082367,-30204.093925469977,278.2515760079266
4175000,8350.000000783619,-36376.147963969765,5783.578017344847,-30592.569946624917,261.554633848244
4180000,8360.000000785656,-36514.01457163578,6023.401183592565,-30490.613388043217,272.4003179988048
4185000,8370.000000787693,-36801.39433810001,6056.202775875063,-30745.19156222495,273.8837264413568
4190000,8380.00000078973,-36457.5607886005,6145.830598259414,-30311.730190341088,277.9370256613294
4195000,8390.000000791768,-36128.62069174534,6182.16406299604,-29946.4566287493,279.5801583444412
4200000,8400.000000793805,-36142.483097522316,6125.188086948625,-30017.29501057369,277.0034955055314
4205000,8410.000000795842,-36567.34262320286,6226.612835279061,-30340.729787923796,281.59029503225355
4210000,8420.00000079788,-36537.19454905277,6184.352714863872,-30352.8418341889,279.6791372181066
4215000,8430.000000799917,-36402.574389426765,5996.719036502689,-30405.855352924074,271.19365333699017
4220000,8440.000000801954,-36553.37737414127,6145.596467688474,-30407.780906452797,277.92643741724055
4225000,8450.000000803991,-36384.365995853004,6343.936558862589,-30040.429436990416,286.8961045971239
4230000,8460.000000806029,-36501.091823070106,5948.558855603592,-30552.532967466515,269.0156731241614
4235000,8470.000000808066,-36562.2496475864,6022.547102225194,-30539.702545361208,272.3616933033914
4240000,8480.000000810103,-36388.02648016697,6094.379118498378,-30293.64736166859,275.61020082910795
4245000,8490.00000081214,-36461.99589392429,6153.511316159036,-30308.48457776526,278.2843759264945
4250000,8500.000000814178,-36528.995750873146,6150.613784229644,-30378.3819666435,278.15333889360875
4255000,8510.000000816215,-36190.38965555912,6165.21277739513,-30025.17687816399,278.8135589685347
4260000,8520.000000818252,-36565.698214976845,5972.573358150327,-30593.12485682652,270.10169710478766
4265000,8530.00000082029,-36344.126603572426,6175.91811170305,-30168.208491869376,279.29769349334515
4270000,8540.000000822327,-36330.823055713234,6265.456116794337,-30065.366938918898,283.34693084553794
4275000,8550.000000824364,-36456.01734062916,6076.798270913338,-30379.219069715822,274.8151303486793
4280000,8560.000000826401,-36476.7393622089,6130.061395642301,-30346.6779665666,277.22388441827394
4285000,8570.000000828439,-36017.33385607487,6139.990105572118,-29877.343750502747,277.67289713712904
4290000,8580.000000830476,-36653.64044138676,6190.386102820374,-30463.25433856638,279.9519891746453
4295000,8590.000000832513,-36577.322434871254,6124.179666584872,-30453.14276828638,276.95789103400614
4300000,8600.00000083455,-36344.297649829445,6060.61369581554,-30283.683954013904,274.0832044368997
4305000,8610.000000836588,-36496.724175899086,6298.967742618484,-30197.7564332806,284.8624496119154
4310000,8620.000000838625,-36489.59738013035,5961.30229599144,-30528.29508413891,269.5919782893402
4315000,8630.000000840662,-36459.78826758152,5881.776282396664,-30578.011985184858,265.9955199542383
4320000,8640.0000008427,-36534.7728066135,6214.231356964855,-30320.54144964865,281.03035912108226
4325000,8650.000000844737,-36121.08917757755,6303.506925022341,-29817.58225255521,285.067728107001
4330000,8660.000000846774,-36411.74073931461,6045.618485696787,-30366.122253617825,273.4050659765338
4335000,8670.000000848811,-36522.380340545235,6023.285857584804,-30499.09448296043,272.3951025332845
4340000,8680.000000850849,-36573.80042597538,6146.972810280155,-30426.827615695227,277.98868068283446
4345000,8690.000000852886,-36636.98348757511,6201.408910266768,-30435.574577308344,280.4504810004623
4350000,8700.000000854923,-36578.937097041664,6163.953206875842,-30414.983890165822,278.75659656481326
4355000,8710.00000085696,-36511.28872725254,6124.393775999319,-30386.89495125322,276.96757384788555
4360000,8720.000000858998,-36362.32556483036,6056.50283479754,-30305.82273003282,273.8972962075753
4365000,8730.000000861035,-36463.17030665165,6198.88371908788,-30264.28658756377,280.3362825834599
4370000,8740.000000863072,-36327.465410678444,6150.749985255261,-30176.715425423183,278.1594984040845
4375000,8750.00000086511,-36526.05872723347,6370.877266095575,-30155.181461137894,288.11446229798037
4380000,8760.000000867147,-36857.59191653019,6234.5286512993425,-30623.06326523085,281.94827729765836
4385000,8770.000000869184,-36525.76989886051,6064.736037644713,-30461.033861215798,274.2696318706601
4390000,8780.000000871221,-36800.64340445286,5915.349161415742,-30885.294243037115,267.5138088149975
4395000,8790.000000873259,-36659.94342180973,6001.222797002445,-30658.720624807283,271.39732992351173
4400000,8800.000000875296,-36461.6802487064,5956.808957332391,-30504.871291374006,269.388773016722
4405000,8810.000000877333,-36551.28663775211,6063.516511986775,-30487.77012576534,274.21448044260393
4410000,8820.00000087937,-36633.98163553959,6227.871606256398,-30406.11002928319,281.64722127775224
4415000,8830.000000881408,-36819.66814562565,6024.006805397075,-30795.661340228573,272.42770644050194
4420000,8840.000000883445,-36646.522744147835,6239.627826454604,-30406.89491769323,282.1788807211209
4425000,8850.000000885482,-36586.70127913242,6018.961831937672,-30567.739447194752,272.19955421674166
4430000,8860.00000088752,-36330.53043791538,6093.175120042636,-30237.355317872745,275.5557515981473
4435000,8870.000000889557,-36389.07197615391,5955.340572234153,-30433.731403919755,269.3223672510236
4440000,8880.000000891594,-36348.871833293495,6258.595908832836,-30090.275924460657,283.0366870524894
4445000,8890.000000893631,-36392.0380658794,6204.4814772908485,-30187.55658858855,280.5894337630165
4450000,8900.000000895669,-36268.88824221378,6247.19074427132,-30021.697497942463,282.52090363400345
4455000,8910.000000897706,-36411.956646411476,6013.121705905757,-30398.83494050572,271.93544227404385
4460000,8920.000000899743,-36427.97235438114,6036.436369667715,-30391.535984713428,272.98981697518315
4465000,8930.00000090178,-36695.89986213928,6073.406796209698,-30622.493065929586,274.6617554099034
4470000,8940.000000903818,-36436.471415965614,6111.695221782823,-30324.776194182792,276.3932986001865
4475000,8950.000000905855,-36341.933747737465,6000.1374071426735,-30341.796340594792,271.348244608763
4480000,8960.000000907892,-36580.99657198673,6093.5812922755,-30487.415279711233,275.57412019788393
4485000,8970.00000090993,-36743.59535261875,6170.931120881708,-30572.664231737042,279.07216345737623
4490000,8980.000000911967,-36412.21926543003,6267.392461912443,-30144.826803517586,283.43449948157104
4495000,8990.000000914004,-36727.31401774174,6094.1387884487,-30633.175229293036,275.5993322218275
4500000,9000.000000916041,-36665.116853206215,5981.054341081104,-30684.06251212511,270.48523829304173
4505000,9010.000000918079,-36416.417028873024,6332.9523951603505,-30083.464633712672,286.3993603833081
4510000,9020.000000920116,-36627.11504885441,5924.733484327121,-30702.381564527288,267.938202354021
4515000,9030.000000922153,-36497.79390045887,6137.6276612310385,-30360.16623922783,277.5660587296995
4520000,9040.00000092419,-36735.22357508427,6143.418870499663,-30591.804704584603,277.82795847675067
4525000,9050.000000926228,-36237.79312369114,6161.130311545913,-30076.662812145227,278.62893487300295
4530000,9060.000000928265,-36203.68229433781,6206.052834920432,-29997.629459417374,280.6604963246725
4535000,9070.000000930302,-36453.42369410282,6102.000003578683,-30351.423690524138,275.9548452344918
4540000,9080.00000093234,-36472.171401469765,6144.292764894182,-30327.87863657558,277.8674791900003
4545000,9090.000000934377,-36660.456403224525,6135.811656284361,-30524.644746940165,277.48393231807836
4550000,9100.000000936414,-36488.26102778202,6106.510959443705,-30381.750068338315,276.15884722185035
4555000,9110.000000938451,-36437.406806438026,6203.8556299735665,-30233.55117646446,280.5611306493686
4560000,9120.000000940488,-36671.30356261021,6024.923848839699,-30646.379713770508,272.46917851213976
4565000,9130.000000942526,-36371.99676176792,6056.985643651451,-30315.01111811647,273.9191305967068
4570000,9140.000000944563,-36340.80037256962,6216.633659447374,-30124.166713122242,281.1390000600172
4575000,9150.0000009466,-36652.998088328895,6326.2354137895845,-30326.76267453931,286.09559382258607
4580000,9160.000000948638,-36812.618298022804,6024.36135910942,-30788.256938913386,272.4437406612099
4585000,9170.000000950675,-36515.11725613361,6096.528344987295,-30418.58891114632,275.7073967423782
4590000,9180.000000952712,-36210.65995737797,6095.535985319573,-30115.123972058394,275.6625185944984
4595000,9190.00000095475,-36479.419971911964,6086.825527273244,-30392.594444638722,275.2685996989418
4600000,9200.000000956787,-36441.69566866642,6222.699716637116,-30218.995952029305,281.41332943923663
4605000,9210.000000958824,-36251.58183810001,6256.175986007584,-29995.40585209243,282.92724925695836
4610000,9220.000000960861,-36289.10939070469,6115.520225211746,-30173.589165492944,276.5662792997326
4615000,9230.000000962898,-36587.52953573948,6103.588943323406,-30483.940592416075,276.02670292395175
4620000,9240.000000964936,-36589.5915560413,6128.57168426026,-30461.019871781038,277.15651419971704
4625000,9250.000000966973,-36531.98899790531,6161.431903905616,-30370.557093999694,278.6425739868831
4630000,9260.00000096901,-36586.24248835331,6190.558354351727,-30395.68413400158,279.95977902135917
4635000,9270.000000971047,-36663.04131075626,6013.414389969988,-30649.626920786275,271.9486785220937
4640000,9280.000000973085,-36186.04966208225,6228.87220402754,-29957.177458054713,281.69247198291697
4645000,9290.000000975122,-36433.63322254902,6143.031173559304,-30290.602048989713,277.810425397578
4650000,9300.00000097716,-36230.52691981083,6111.309221978319,-30119.217697832508,276.37584227172863
4655000,9310.000000979197,-36681.33407541996,6039.499820997143,-30641.834254422818,273.12835749255447
4660000,9320.000000981234,-36672.66574618107,5978.547666715401,-30694.11807946567,270.3718772743207
4665000,9330.000000983271,-36299.65490004307,6231.2348948840145,-30068.420005159052,281.7993215386779
4670000,9340.000000985308,-36596.5977644611,6173.417703455528,-30423.18006100557,279.184615851496
4675000,9350.000000987346,-36676.63886210209,5999.767619550799,-30676.87124255129,271.33152145608756
4680000,9360.000000989383,-36447.742851703224,6365.500528293177,-30082.242323410046,287.87130647247125
4685000,9370.00000099142,-36356.37453409916,6305.062526728889,-30051.31200737027,285.1380781279655
4690000,9380.000000993457,-36455.30119129902,6199.165518180156,-30256.135673118864,280.3490265731109
4695000,9390.000000995495,-36792.583634822426,6066.825745204787,-30725.75788961764,274.3641361194289
4700000,9400.000000997532,-36485.60433146244,6053.756274686142,-30431.848056776296,273.77308667463143
4705000,9410.00000099957,-36596.07346293217,6178.653938168899,-30417.419524763267,279.4214176114259
4710000,9420.000001001607,-36235.14719149357,6014.037352420914,-30221.109839072655,271.9768511714925
4715000,9430.000001003644,-36478.593053309974,6269.939280680414,-30208.65377262956,283.54967597756314
4720000,9440.000001005681,-36355.09764525181,6020.548856680014,-30334.548788571796,272.27132530276253
4725000,9450.000001007718,-36826.42496630436,5989.029970028244,-30837.394996276114,270.8459255186177
4730000,9460.000001009756,-36537.95157953983,6220.219298291457,-30317.732281248376,281.3011558141479
4735000,9470.000001011793,-36598.49208590275,6364.193063916843,-30234.299021985906,287.81217813267943
4740000,9480.00000101383,-36455.49545618778,6071.6738521296575,-30383.821604058125,274.5833853156511
4745000,9490.000001015867,-36357.77756449467,6184.636645696788,-30173.14091879788,279.69197761289655
4750000,9500.000001017905,-36542.1866278339,6070.788661850043,-30471.39796598386,274.54335376100175
4755000,9510.000001019942,-36438.47791191822,6007.544300321696,-30430.933611596523,271.6832115146442
4760000,9520.00000102198,-36509.83860918766,6379.804773973992,-30130.033835213668,288.5181969838987
4765000,9530.000001024016,-36516.90152308231,6197.0686689485565,-30319.832854133758,280.2541993517332
4770000,9540.000001026054,-36459.51066490894,6029.632713490589,-30429.877951418355,272.6821306614686
4775000,9550.000001028091,-36593.13022324329,6228.992416238985,-30364.137807004307,281.6979084205088
4780000,9560.000001030128,-36231.61995693928,5983.238713453253,-30248.381243486023,270.5840236321989
4785000,9570.000001032166,-36006.71501585728,6071.017283132265,-29935.697732725013,274.553692854826
4790000,9580.000001034203,-36616.484981982765,6046.790970200397,-30569.69401178237,273.4580900308675
4795000,9590.00000103624,-36364.374330012855,6291.192616133592,-30073.18171387926,284.51082984387887
4800000,9600.000001038277,-36833.036392657814,6251.845935650552,-30581.190457007262,282.73142848091254
4805000,9610.000001040315,-36486.03877779728,6005.314366124431,-30480.724411672847,271.58236570246316
4810000,9620.000001042352,-36376.120387046394,6291.004863636175,-30085.11552341022,284.5023389865638
4815000,9630.00000104439,-36610.74871489292,6012.125430939958,-30598.623283952962,271.89038706200904
4820000,9640.000001046426,-36645.208524196205,6182.918744553693,-30462.289779642513,279.614287815487
4825000,9650.000001048464,-36481.476033656654,6079.387309338813,-30402.08872431784,274.9322161726041
4830000,9660.000001050501,-36345.395668475685,6183.914052127712,-30161.481616347974,279.6592992785136
4835000,9670.000001052538,-36602.23200461155,6044.550853475694,-30557.681151135854,273.3567837274079
4840000,9680.000001054575,-36822.01707026249,6098.139793014578,-30723.877277247913,275.78027233902054
4845000,9690.000001056613,-36588.70282313114,6184.060759684286,-30404.642063446856,279.66593393289656
4850000,9700.00000105865,-36291.65571352726,6148.588911227229,-30143.066802300033,278.06176670159414
4855000,9710.000001060687,-36649.38571879154,6051.550574221028,-30597.835144570512,273.6733368007987
4860000,9720.000001062725,-36586.77569624668,6211.599401977145,-30375.176294269535,280.9113324526339
4865000,9730.000001064762,-36663.36391445881,6367.504657568532,-30295.859256890275,287.9619405569822
4870000,9740.000001066799,-36264.93318125492,6176.376186360455,-30088.556994894465,279.3184093112927
4875000,9750.000001068836,-36379.40584990269,6263.548999830195,-30115.856850072494,283.26068401394576
4880000,9760.000001070874,-36322.22185441738,6352.969255526368,-29969.252598891013,287.3045963061441
4885000,9770.00000107291,-36776.495291202125,6170.479328128951,-30606.015963073172,279.0517317302225
4890000,9780.000001074948,-36485.26022574192,6109.390283215815,-30375.869942526107,276.2890608150077
4895000,9790.000001076985,-36456.60671946293,6214.879337217739,-30241.72738224519,281.05966316734487
4900000,9800.000001079023,-36686.97522684818,6126.668682948976,-30560.306543899205,277.0704534930589
4905000,9810.00000108106,-36398.56021162754,6201.095756470444,-30197.464455157096,280.43631903596736
4910000,9820.000001083097,-36431.24672362095,6107.975552173826,-30323.271171447122,276.2250814827377
4915000,9830.000001085134,-36315.107033698616,6352.986148612287,-29962.12088508633,287.3053602735167
4920000,9840.000001087172,-36702.3001875568,6284.2406967777315,-30418.05949077907,284.1964385248353
4925000,9850.000001089209,-36631.833307712135,6215.84971231855,-30415.983595393584,281.1035470923869
4930000,9860.000001091246,-36199.77959772831,6123.308577651524,-30076.471020076788,276.9184971940116
4935000,9870.000001093284,-36574.47861048466,5996.17598819279,-30578.302622291867,271.1690946984741
4940000,9880.00000109532,-36303.904230802116,5936.321068845448,-30367.583161956667,268.46223547275605
4945000,9890.000001097358,-36318.60304114109,5946.849560560338,-30371.75348058075,268.93837252618624
4950000,9900.000001099395,-36529.58941504246,6136.750409805502,-30392.839005236954,277.52638619918105
4955000,9910.000001101433,-36249.044468371925,6080.472659564448,-30168.57180880748,274.98129969495164
4960000,9920.00000110347,-36846.74284693485,6440.794562220811,-30405.948284714043,291.27637914821605
4965000,9930.000001105507,-36455.08861109501,6440.04757681727,-30015.04103427774,291.2425977255176
4970000,9940.000001107544,-36716.08186194187,6089.0845510500685,-30626.997310891802,275.3707610487204
4975000,9950.000001109582,-36381.64598604923,6086.78916524695,-30294.856820802284,275.2669552746002
4980000,9960.000001111619,-36231.63979288822,6093.223233688185,-30138.416559200035,275.5579274738608
4985000,9970.000001113656,-36474.741983859596,6192.377123529061,-30282.364860330534,280.04203044164007
4990000,9980.000001115694,-36654.473338573036,6109.723872037111,-30544.749466535926,276.30414692636447
4995000,9990.00000111773,-36832.57646033054,5993.507953238992,-30839.06850709155,271.04843636148235
5000000,10000.000001119768,-36483.42809244877,5972.126559010583,-30511.301533438185,270.08149120714967
5005000,10010.000001121805,-36785.197391002235,6258.28136867243,-30526.916022329806,283.0224623915202
5010000,10020.000001123843,-36753.06772372013,6125.151277543083,-30627.91644617705,277.0018308490576
5015000,10030.00000112588,-36570.30389925724,6023.16110693046,-30547.14279232678,272.3894608506408
5020000,10040.000001127917,-36351.00971934086,6054.12357465217,-30296.886144688688,273.7896973277321
5025000,10050.000001129954,-36317.434183805046,6043.783929766185,-30273.65025403886,273.32210062130497
5030000,10060.000001131992,-36436.23541208988,6167.730917938839,-30268.504494151042,278.9274385299262
5035000,10070.000001134029,-36290.27538439518,6167.9099602830875,-30122.365424112093,278.9355354821334
5040000,10080.000001136066,-36471.53607222324,6067.770276127633,-30403.76579609561,274.4068512758498
5045000,10090.000001138103,-36651.01701494938,6030.639981137165,-30620.377033812212,272.72768300289067
5050000,10100.00000114014,-36365.43164774662,6065.2326618431225,-30300.1989859035,274.29209104039643
5055000,10110.000001142178,-36580.06437250858,6018.429229864791,-30561.63514264379,272.1754679954196
5060000,10120.000001144215,-36376.24287554508,6096.132679954956,-30280.110195590125,275.6895033168293
5065000,10130.000001146253,-36635.46061369663,6000.25145759589,-30635.20915610074,271.35340238902324
5070000,10140.00000114829,-36602.23129841572,6171.300851142646,-30430.930447273073,279.0888840173362
5075000,10150.000001150327,-36222.57002588993,6109.484559907093,-30113.085465982836,276.29332435314865
5080000,10160.000001152364,-36775.36057802921,5981.479457453513,-30793.8811205757,270.5044636163268
5085000,10170.000001154402,-36522.91398569828,6038.376958561064,-30484.537027137216,273.0775775303149
5090000,10180.000001156439,-36503.721509902534,6349.853488058262,-30153.86802184427,287.1636898608895
5095000,10190.000001158476,-36366.71431872135,6071.734269599063,-30294.98004912229,274.58611761545603
5100000,10200.000001160513,-36486.14030119663,6200.958280661706,-30285.182020534925,280.43010187511817
5105000,10210.00000116255,-36248.0958985973,6183.762554937796,-30064.333343659502,279.6524480193244
5110000,10220.000001164588,-36149.41404721027,6173.976571710545,-29975.43747549973,279.20988992601735
5115000,10230.000001166625,-36700.63081404453,6182.719193997208,-30517.911620047325,279.60526340662125
5120000,10240.000001168662,-36150.8999752689,6207.798950667133,-29943.101024601765,280.73946209005436
5125000,10250.0000011707,-36290.163635699806,6164.749049016609,-30125.414586683197,278.79258746855925
5130000,10260.000001172737,-36688.75759836918,5986.695974768655,-30702.061623600523,270.74037368311133
5135000,10270.000001174774,-36188.72504660374,6353.972829228225,-29834.752217375513,287.34998159382275
5140000,10280.000001176812,-36407.33334013706,6020.992263749058,-30386.341076388002,272.29137779850856
5145000,10290.000001178849,-36455.54925867802,6007.77723779752,-30447.772020880497,271.6937458025912
5150000,10300.000001180886,-36435.05848166233,6375.161932506802,-30059.89654915553,288.308230645358
5155000,10310.000001182923,-36393.99085566288,6240.227859410239,-30153.76299625264,282.2060164145511
5160000,10320.00000118496,-36403.47570368534,6079.983547214443,-30323.492156470897,274.95918023858184
5165000,10330.000001186998,-36603.521561114845,6097.8134099802255,-30505.70815113462,275.7655120998073
5170000,10340.000001189035,-36321.05756708866,6302.6362538792255,-30018.421313209437,285.0283531610149
5175000,10350.000001191072,-36550.27172943836,6263.615222375961,-30286.656507062402,283.2636788406185
5180000,10360.00000119311,-36372.01065394169,6185.158756808772,-30186.851897132918,279.7155893944465
5185000,10370.000001195147,-36590.37410589939,5995.095037302862,-30595.27906859653,271.12021013024054
5190000,10380.000001197184,-36652.026554553566,6025.412246522514,-30626.61430803105,272.4912656486352
5195000,10390.000001199222,-36415.02429529911,6312.642093124994,-30102.382202174114,285.4808539507376
5200000,10400.000001201259,-36585.13153788334,5961.433637340746,-30623.697900542593,269.5979180274096
5205000,10410.000001203296,-36297.3238367725,6281.260793963102,-30016.063042809397,284.0616763780731
5210000,10420.000001205333,-36561.855819194374,5944.253253064321,-30617.602566130052,268.82095796820124
5215000,10430.00000120737,-36370.784068553505,6063.401455706314,-30307.382612847192,274.2092771751426
5220000,10440.000001209408,-36501.92681643253,5810.981083687674,-30690.945732744858,262.7939011257187
5225000,10450.000001211445,-36690.33555886036,6249.968232785563,-30440.367326074796,282.6465118628856
5230000,10460.000001213482,-36205.31993242985,6103.07916401955,-30102.2407684103,276.00364883204475
5235000,10470.00000121552,-36667.07737013584,6246.216211749632,-30420.861158386208,282.47683169512425
5240000,10480.000001217557,-36254.58351370579,5993.2519761842095,-30261.33153752158,271.03686013917905
5245000,10490.000001219594,-36865.72597166782,6139.382443016604,-30726.343528651218,277.6454164051783
5250000,10500.000001221631,-36777.09551092869,6131.6744321415335,-30645.421078787156,277.2968318514503
5255000,10510.000001223669,-36291.93745371586,6002.304143756257,-30289.6333099596,271.44623239416364
5260000,10520.000001225706,-36343.356250255165,6224.398644259075,-30118.95760599609,281.49016118435424
5265000,10530.000001227743,-36172.076575725136,6196.494763180944,-29975.58181254419,280.2282452256781
5270000,10540.00000122978,-36542.03162571674,6283.071710686004,-30258.95991503074,284.1435726815323
5275000,10550.000001231818,-36555.814098804054,6151.698549038667,-30404.11554976539,278.2023959412676
5280000,10560.000001233855,-36272.32947489506,6015.395968886736,-30256.93350600832,272.038292796589
5285000,10570.000001235892,-36254.03771540409,5920.132677362113,-30333.90503804198,267.73013697000954
5290000,10580.00000123793,-36686.21514078861,6309.476095109911,-30376.739045678703,285.3376758957142
5295000,10590.000001239967,-36683.11499258762,6085.789298721275,-30597.325693866347,275.2217376390404
5300000,10600.000001242004,-36761.92315289265,6174.178379809784,-30587.744773082864,279.2190164292556
5305000,10610.000001244041,-36158.667728393135,6213.76184061463,-29944.905887778506,281.0091258677743
5310000,10620.000001246079,-36501.95190188175,5928.615718998498,-30573.336182883253,268.11377126049024
5315000,10630.000001248116,-36515.311120479164,6011.616482606285,-30503.69463787288,271.86737054962475
5320000,10640.000001250153,-36503.869509189186,6073.953401774449,-30429.916107414738,274.68647492054527
5325000,10650.00000125219,-36376.8713726688,6184.48551290849,-30192.38585976031,279.68514283328653
5330000,10660.000001254228,-36319.16795059925,5958.7949433013455,-30360.373007297905,269.4785865942997
5335000,10670.000001256265,-36324.42032858616,6002.632286066117,-30321.788042520042,271.46107219427495
5340000,10680.000001258302,-36430.32477328068,6185.232327795166,-30245.092445485512,279.71891654458625
5345000,10690.00000126034,-36375.02726408726,6172.924135506783,-30202.103128580475,279.1622948965913
5350000,10700.000001262377,-36189.621386973915,6060.508849742097,-30129.11253723182,274.07846291248904
5355000,10710.000001264414,-36595.88166662937,6023.666977324927,-30572.214689304445,272.4123381673126
5360000,10720.000001266451,-36571.91180464512,5977.5275470617635,-30594.384257583355,270.3257437179499
5365000,10730.000001268489,-36347.936580150184,6189.329086239739,-30158.607493910444,279.904187003759
5370000,10740.000001270526,-36287.12634965664,6323.573676669888,-29963.55267298675,285.97522029677657
5375000,10750.000001272563,-36202.15741106754,6072.06980797431,-30130.087603093234,274.6012918928007
5380000,10760.0000012746,-36626.31657406574,6140.067384678926,-30486.249189386817,277.67639198208917
5385000,10770.000001276638,-36479.4353689838,6090.074351672675,-30389.361017311126,275.4155234671839
5390000,10780.000001278675,-36624.734946696815,6157.028556935873,-30467.70638976094,278.443438468883
5395000,10790.000001280712,-36426.02485415226,6128.464493003843,-30297.56036114842,277.1516666175214
5400000,10800.00000128275,-36604.97352740055,6113.203092999323,-30491.770434401227,276.46149007313613
5405000,10810.000001284787,-36355.37208124882,6236.476552313187,-30118.89552893563,282.0363685337273
5410000,10820.000001286824,-36363.70905062443,6120.023684492377,-30243.68536613205,276.76994226401933
5415000,10830.000001288861,-36824.153459041176,5971.628774525767,-30852.52468451541,270.05897956500166
5420000,10840.000001290899,-36356.10107084995,6056.343112193538,-30299.757958656413,273.8900729649594
5425000,10850.000001292936,-36445.329317538795,6236.758092714084,-30208.57122482471,282.0491008244043
5430000,10860.000001294973,-36303.155971973,6199.671279379264,-30103.484692593735,280.37189895156774
5435000,10870.00000129701,-36625.883244960365,6299.47728184586,-30326.405963114506,284.88549284668244
5440000,10880.000001299048,-36273.84697577244,6182.584700256599,-30091.262275515837,279.5991811058423
5445000,10890.000001301085,-36636.29182669407,6106.354259199656,-30529.937567494413,276.15176066144886
5450000,10900.000001303122,-36425.64969584232,6149.377181880939,-30276.272513961383,278.09741519489467
5455000,10910.00000130516,-36472.33363911396,6092.4238357185,-30379.909803395458,275.521775762475
5460000,10920.000001307197,-36558.888101069984,5985.167722546771,-30573.720378523212,270.67126050626405
5465000,10930.000001309234,-36492.842546432075,6310.28462107387,-30182.557925358204,285.37424040851675
5470000,10940.000001311271,-36154.88568779713,6047.017658569065,-30107.868029228062,273.4683417112437
5475000,10950.000001313309,-36380.56317373997,6162.185646128528,-30218.37752761144,278.6766609777629
5480000,10960.000001315346,-36480.47048422581,6213.733364175448,-30266.73712005036,281.00783805863585
5485000,10970.000001317383,-36274.15932223087,6160.915550668672,-30113.2437715622,278.6192225975839
5490000,10980.00000131942,-36249.794810741005,6119.932172438689,-30129.862638302315,276.7658037529414
5495000,10990.000001321458,-36703.761981933174,6285.564564679883,-30418.19741725329,284.2563086922943
5500000,11000.000001323495,-36425.99092623478,6164.941509201925,-30261.049417032853,278.8012912248066
