# Total matched probability. Interfaces: 0.1115 , 0.1125 , 0.113 , 0.1135 , 0.114 , 0.1145 , 0.1148 , 0.1151 , 0.1155 , 0.1159 , 0.1163 , 0.1167 , 0.1172 , 0.1178 , 0.1185 , 0.1193 , 0.1202
1.110000000000000014e-01 1.000000000000000000e+00
1.110092000000000023e-01 1.000000000000000000e+00
1.110184000000000032e-01 1.000000000000000000e+00
1.110276000000000041e-01 1.000000000000000000e+00
1.110368000000000049e-01 1.000000000000000000e+00
1.110460000000000058e-01 1.000000000000000000e+00
1.110552000000000067e-01 1.000000000000000000e+00
1.110644000000000076e-01 1.000000000000000000e+00
1.110735999999999946e-01 1.000000000000000000e+00
1.110827999999999954e-01 1.000000000000000000e+00
1.110919999999999963e-01 1.000000000000000000e+00
1.111011999999999972e-01 1.000000000000000000e+00
1.111103999999999981e-01 1.000000000000000000e+00
1.111195999999999989e-01 1.000000000000000000e+00
1.111287999999999998e-01 1.000000000000000000e+00
1.111380000000000007e-01 1.000000000000000000e+00
1.111472000000000016e-01 1.000000000000000000e+00
1.111564000000000024e-01 1.000000000000000000e+00
1.111656000000000033e-01 1.000000000000000000e+00
1.111748000000000042e-01 1.000000000000000000e+00
1.111840000000000050e-01 1.000000000000000000e+00
1.111932000000000059e-01 1.000000000000000000e+00
1.112024000000000068e-01 1.000000000000000000e+00
1.112116000000000077e-01 1.000000000000000000e+00
1.112207999999999947e-01 1.000000000000000000e+00
1.112299999999999955e-01 9.998503740648378990e-01
1.112391999999999964e-01 9.998503740648378990e-01
1.112483999999999973e-01 9.998503740648378990e-01
1.112575999999999982e-01 9.998503740648378990e-01
1.112667999999999990e-01 9.997007481296757980e-01
1.112759999999999999e-01 9.997007481296757980e-01
1.112852000000000008e-01 9.997007481296757980e-01
1.112944000000000017e-01 9.997007481296757980e-01
1.113036000000000025e-01 9.997007481296757980e-01
1.113128000000000034e-01 9.997007481296757980e-01
1.113220000000000043e-01 9.997007481296757980e-01
1.113312000000000052e-01 9.997007481296757980e-01
1.113404000000000060e-01 9.997007481296757980e-01
1.113496000000000069e-01 9.997007481296757980e-01
1.113588000000000078e-01 9.997007481296757980e-01
1.113679999999999948e-01 9.997007481296757980e-01
1.113771999999999956e-01 9.997007481296757980e-01
1.113863999999999965e-01 9.997007481296757980e-01
1.113955999999999974e-01 9.995511221945136970e-01
1.114047999999999983e-01 9.995511221945136970e-01
1.114139999999999991e-01 9.995511221945136970e-01
1.114232000000000000e-01 9.995511221945136970e-01
1.114324000000000009e-01 9.981047381546134245e-01
1.114416000000000018e-01 9.981047381546134245e-01
1.114508000000000026e-01 9.981047381546134245e-01
1.114600000000000035e-01 9.981047381546134245e-01
1.114692000000000044e-01 9.981047381546134245e-01
1.114784000000000053e-01 9.981047381546134245e-01
1.114876000000000061e-01 9.981047381546134245e-01
1.114968000000000070e-01 9.979052369077306972e-01
1.115000000000000019e-01 9.979052369077306972e-01
1.115087000000000023e-01 9.979052369077306972e-01
1.115174000000000026e-01 9.976563827339383073e-01
1.115261000000000030e-01 9.976563827339383073e-01
1.115348000000000034e-01 9.971089035515948718e-01
1.115435000000000038e-01 9.971089035515948718e-01
1.115522000000000041e-01 9.971089035515948718e-01
1.115609000000000045e-01 9.971089035515948718e-01
1.115696000000000049e-01 9.971089035515948718e-01
1.115783000000000053e-01 9.971089035515948718e-01
1.115870000000000056e-01 9.964121118649760245e-01
1.115957000000000060e-01 9.964121118649760245e-01
1.116044000000000064e-01 9.964121118649760245e-01
1.116131000000000068e-01 9.964121118649760245e-01
1.116218000000000071e-01 9.964121118649760245e-01
1.116305000000000075e-01 9.940728826313269817e-01
1.116392000000000079e-01 9.940728826313269817e-01
1.116479000000000082e-01 9.940728826313269817e-01
1.116566000000000086e-01 9.934258617794665680e-01
1.116652999999999951e-01 9.930774659361570889e-01
1.116739999999999955e-01 9.919825075714703289e-01
1.116826999999999959e-01 9.919825075714703289e-01
1.116913999999999962e-01 9.902902991896816998e-01
1.117000999999999966e-01 9.897925908420966978e-01
1.117087999999999970e-01 9.897925908420966978e-01
1.117174999999999974e-01 9.897925908420966978e-01
1.117261999999999977e-01 9.897925908420966978e-01
1.117348999999999981e-01 9.897925908420966978e-01
1.117435999999999985e-01 9.897925908420966978e-01
1.117522999999999989e-01 9.897925908420966978e-01
1.117609999999999992e-01 9.897925908420966978e-01
1.117696999999999996e-01 9.888469449816854606e-01
1.117784000000000000e-01 9.885980908078930707e-01
1.117871000000000004e-01 9.875529032779646332e-01
1.117958000000000007e-01 9.875529032779646332e-01
1.118045000000000011e-01 9.869058824261043306e-01
1.118132000000000015e-01 9.869058824261043306e-01
1.118219000000000019e-01 9.863086324090024615e-01
1.118306000000000022e-01 9.863086324090024615e-01
1.118393000000000026e-01 9.860100074004515269e-01
1.118480000000000030e-01 9.860100074004515269e-01
1.118567000000000033e-01 9.860100074004515269e-01
1.118654000000000037e-01 9.847657365314892441e-01
1.118741000000000041e-01 9.842680281839043532e-01
1.118828000000000045e-01 9.831232989844591597e-01
1.118915000000000048e-01 9.831232989844591597e-01
1.119002000000000052e-01 9.826255906368741577e-01
1.119089000000000056e-01 9.817794864459797877e-01
1.119176000000000060e-01 9.813315489331534414e-01
1.119263000000000063e-01 9.797886530556402240e-01
1.119350000000000067e-01 9.792909447080553331e-01
1.119437000000000071e-01 9.792909447080553331e-01
1.119524000000000075e-01 9.787932363604704422e-01
1.119611000000000078e-01 9.775987363262667040e-01
1.119698000000000082e-01 9.761056112835119203e-01
1.119785000000000086e-01 9.756079029359270294e-01
1.119871999999999951e-01 9.753590487621345284e-01
1.119958999999999955e-01 9.753590487621345284e-01
1.120045999999999958e-01 9.753590487621345284e-01
1.120132999999999962e-01 9.730198195284855966e-01
1.120219999999999966e-01 9.715266944857309239e-01
1.120306999999999970e-01 9.711285278076629002e-01
1.120393999999999973e-01 9.710787569729044666e-01
1.120480999999999977e-01 9.706308194600780093e-01
1.120567999999999981e-01 9.706308194600780093e-01
1.120654999999999984e-01 9.698344861039421838e-01
1.120741999999999988e-01 9.697847152691836392e-01
1.120828999999999992e-01 9.694860902606327047e-01
1.120915999999999996e-01 9.694860902606327047e-01
1.121002999999999999e-01 9.690879235825647919e-01
1.121090000000000003e-01 9.689883819130479248e-01
1.121177000000000007e-01 9.673957152007761628e-01
1.121264000000000011e-01 9.657532776537459673e-01
1.121351000000000014e-01 9.650564859671270090e-01
1.121438000000000018e-01 9.633642775853383800e-01
1.121525000000000022e-01 9.628665692377534890e-01
1.121612000000000026e-01 9.611245900212063153e-01
1.121699000000000029e-01 9.603780274998289235e-01
1.121786000000000033e-01 9.580387982661799917e-01
1.121873000000000037e-01 9.579392565966630135e-01
1.121960000000000041e-01 9.566949857277006197e-01
1.122047000000000044e-01 9.548036940068781453e-01
1.122134000000000048e-01 9.531612564598478388e-01
1.122221000000000052e-01 9.524146939384705579e-01
1.122308000000000056e-01 9.518672147561272334e-01
1.122395000000000059e-01 9.506727147219233842e-01
1.122482000000000063e-01 9.494284438529611014e-01
1.122569000000000067e-01 9.492791313486856897e-01
1.122656000000000071e-01 9.488809646706177769e-01
1.122743000000000074e-01 9.462431104284176886e-01
1.122830000000000078e-01 9.449490687246970833e-01
1.122917000000000082e-01 9.442025062033196914e-01
1.123004000000000085e-01 9.427093811605649076e-01
1.123090999999999950e-01 9.409176311092593004e-01
1.123177999999999954e-01 9.390761102231951485e-01
1.123264999999999958e-01 9.383793185365763012e-01
1.123351999999999962e-01 9.375829851804404758e-01
1.123438999999999965e-01 9.370852768328554738e-01
1.123525999999999969e-01 9.340990267473461284e-01
1.123612999999999973e-01 9.329045267131423902e-01
1.123699999999999977e-01 9.316602558441801074e-01
1.123786999999999980e-01 9.261356931859877628e-01
1.123873999999999984e-01 9.253393598298518263e-01
1.123960999999999988e-01 9.241946306304065217e-01
1.124047999999999992e-01 9.237466931175801754e-01
1.124134999999999995e-01 9.223033389095839363e-01
1.124221999999999999e-01 9.222535680748253917e-01
1.124309000000000003e-01 9.191180054850405234e-01
1.124396000000000007e-01 9.187696096417311553e-01
1.124483000000000010e-01 9.161815262342896116e-01
1.124570000000000014e-01 9.157833595562216988e-01
1.124657000000000018e-01 9.119012344450594387e-01
1.124744000000000022e-01 9.114035260974745478e-01
1.124831000000000025e-01 9.104081094023047660e-01
1.124918000000000029e-01 9.093131510376180060e-01
1.125000000000000028e-01 9.064762134563840723e-01
1.125077000000000021e-01 9.064762134563840723e-01
1.125154000000000015e-01 9.056172085658269477e-01
1.125231000000000009e-01 9.046225713241290434e-01
1.125308000000000003e-01 9.034470909475772471e-01
1.125384999999999996e-01 9.023620321384523413e-01
1.125461999999999990e-01 9.007796547084785388e-01
1.125538999999999984e-01 8.997850174667808565e-01
1.125615999999999978e-01 8.993329096296455161e-01
1.125692999999999971e-01 8.967106841742604750e-01
1.125769999999999965e-01 8.950378851768596711e-01
1.125846999999999959e-01 8.943145126374431042e-01
1.125924000000000091e-01 8.916922871820579521e-01
1.126001000000000085e-01 8.885727431058240144e-01
1.126078000000000079e-01 8.860409392178660859e-01
1.126155000000000073e-01 8.834639245461946011e-01
1.126232000000000066e-01 8.831022382764862622e-01
1.126309000000000060e-01 8.821076010347885799e-01
1.126386000000000054e-01 8.807512775233824476e-01
1.126463000000000048e-01 8.798018510653982105e-01
1.126540000000000041e-01 8.784003167702786330e-01
1.126617000000000035e-01 8.769987824751590555e-01
1.126694000000000029e-01 8.751451403429040266e-01
1.126771000000000023e-01 8.737436060477844491e-01
1.126848000000000016e-01 8.732914982106491086e-01
1.126925000000000010e-01 8.722516501852377591e-01
1.127002000000000004e-01 8.702623757018422834e-01
1.127078999999999998e-01 8.673236747604624597e-01
1.127155999999999991e-01 8.657865081142022134e-01
1.127232999999999985e-01 8.635259689285254003e-01
1.127309999999999979e-01 8.612202189591351420e-01
1.127386999999999972e-01 8.606776895545728001e-01
1.127463999999999966e-01 8.597282630965884520e-01
1.127540999999999960e-01 8.581006748829013153e-01
1.127618000000000092e-01 8.557949249135109460e-01
1.127695000000000086e-01 8.532179102418394612e-01
1.127772000000000080e-01 8.506861063538814216e-01
1.127849000000000074e-01 8.488776750053399489e-01
1.127926000000000067e-01 8.476569838450745964e-01
1.128003000000000061e-01 8.452156015245436693e-01
1.128080000000000055e-01 8.449895476059759991e-01
1.128157000000000049e-01 8.420056358808826191e-01
1.128234000000000042e-01 8.389313025883622377e-01
1.128311000000000036e-01 8.349075428378576191e-01
1.128388000000000030e-01 8.328730575707484762e-01
1.128465000000000024e-01 8.298439350619416510e-01
1.128542000000000017e-01 8.278094497948326191e-01
1.128619000000000011e-01 8.257749645277233652e-01
1.128696000000000005e-01 8.245542733674580127e-01
1.128772999999999999e-01 8.213895185075105188e-01
1.128849999999999992e-01 8.194454548078284883e-01
1.128926999999999986e-01 8.183151852149900263e-01
1.129003999999999980e-01 8.162354891641675492e-01
1.129080999999999974e-01 8.144270578156260765e-01
1.129157999999999967e-01 8.138845284110636236e-01
1.129234999999999961e-01 8.125282048996574913e-01
1.129312000000000094e-01 8.101772441465537877e-01
1.129389000000000087e-01 8.080975480957310886e-01
1.129466000000000081e-01 8.043902638312212527e-01
1.129543000000000075e-01 8.026722540501068925e-01
1.129620000000000068e-01 7.998239746761540703e-01
1.129697000000000062e-01 7.972469600044825855e-01
1.129774000000000056e-01 7.949412100350923271e-01
1.129851000000000050e-01 7.936300973073998621e-01
1.129928000000000043e-01 7.922737737959937299e-01
1.130000000000000032e-01 7.868484797503694228e-01
1.130072000000000021e-01 7.868484797503694228e-01
1.130144000000000010e-01 7.834342245015772921e-01
1.130215999999999998e-01 7.824531166714645547e-01
1.130287999999999987e-01 7.786071739774229616e-01
1.130359999999999976e-01 7.771158900756516275e-01
1.130431999999999965e-01 7.749182085361991934e-01
1.130504000000000092e-01 7.726420383703377359e-01
1.130576000000000081e-01 7.706013340837034598e-01
1.130648000000000070e-01 7.676580105933653586e-01
1.130720000000000058e-01 7.659705051255715214e-01
1.130792000000000047e-01 7.638513122125282218e-01
1.130864000000000036e-01 7.606725228429631613e-01
1.130936000000000025e-01 7.570228017149439603e-01
1.131008000000000013e-01 7.527059272624481157e-01
1.131080000000000002e-01 7.483890528099523820e-01
1.131151999999999991e-01 7.460736383308864683e-01
1.131223999999999980e-01 7.427771160217078172e-01
1.131295999999999968e-01 7.413643207463456175e-01
1.131368000000000096e-01 7.395198380257337334e-01
1.131440000000000085e-01 7.364195372825775854e-01
1.131512000000000073e-01 7.346535431883748357e-01
1.131584000000000062e-01 7.326128389017404485e-01
1.131656000000000051e-01 7.273933452455410009e-01
1.131728000000000040e-01 7.266477032946553338e-01
1.131800000000000028e-01 7.254703738985202044e-01
1.131872000000000017e-01 7.223308288421596002e-01
1.131944000000000006e-01 7.194659939782305225e-01
1.132015999999999994e-01 7.166011591143015558e-01
1.132087999999999983e-01 7.138540571899860687e-01
1.132159999999999972e-01 7.125589948542372376e-01
1.132232000000000099e-01 7.110284666392614472e-01
1.132304000000000088e-01 7.083598533413549836e-01
1.132376000000000077e-01 7.069863023791972401e-01
1.132448000000000066e-01 7.035720471304051093e-01
1.132520000000000054e-01 7.029441381191330329e-01
1.132592000000000043e-01 7.012566326513391957e-01
1.132664000000000032e-01 6.981955762213876149e-01
1.132736000000000021e-01 6.958801617423217012e-01
1.132808000000000009e-01 6.917202645426439034e-01
1.132879999999999998e-01 6.902682249540771364e-01
1.132951999999999987e-01 6.852841971771047591e-01
1.133023999999999976e-01 6.823408736867666580e-01
1.133095999999999964e-01 6.793583058832242116e-01
1.133168000000000092e-01 6.775138231626123275e-01
1.133240000000000081e-01 6.738248577213886703e-01
1.133312000000000069e-01 6.688015856312117258e-01
1.133384000000000058e-01 6.678204778010990994e-01
1.133456000000000047e-01 6.636998249146258688e-01
1.133528000000000036e-01 6.620908080732410550e-01
1.133600000000000024e-01 6.605210355450606974e-01
1.133672000000000013e-01 6.594221947753344804e-01
1.133744000000000002e-01 6.551053203228387467e-01
1.133815999999999991e-01 6.536140364210674125e-01
1.133887999999999979e-01 6.508669344967520365e-01
1.133959999999999968e-01 6.474526792479597948e-01
1.134032000000000096e-01 6.455297079009389982e-01
1.134104000000000084e-01 6.440384239991676640e-01
1.134176000000000073e-01 6.392113734750133336e-01
1.134248000000000062e-01 6.370921805619699230e-01
1.134320000000000050e-01 6.333247264943372423e-01
1.134392000000000039e-01 6.324613516038380956e-01
1.134464000000000028e-01 6.299104712455451116e-01
1.134536000000000017e-01 6.256720854194584014e-01
1.134608000000000005e-01 6.239453356384599969e-01
1.134679999999999994e-01 6.206095690160768896e-01
1.134751999999999983e-01 6.179017114049658588e-01
1.134823999999999972e-01 6.156647855523090795e-01
1.134896000000000099e-01 6.111909338469951880e-01
1.134968000000000088e-01 6.107984907149500708e-01
1.135000000000000037e-01 6.031458496400712299e-01
1.135067000000000020e-01 6.031458496400712299e-01
1.135134000000000004e-01 6.005585320488379120e-01
1.135200999999999988e-01 5.986030013112778603e-01
1.135267999999999972e-01 5.958953433669638144e-01
1.135335000000000094e-01 5.940902380707544506e-01
1.135402000000000078e-01 5.926160687455168663e-01
1.135469000000000062e-01 5.902393467721747111e-01
1.135536000000000045e-01 5.882838160346145484e-01
1.135603000000000029e-01 5.870503274155381979e-01
1.135670000000000013e-01 5.864185405618649316e-01
1.135736999999999997e-01 5.838613080589017956e-01
1.135803999999999980e-01 5.807625439670757173e-01
1.135871000000000103e-01 5.751968026370970488e-01
1.135938000000000087e-01 5.706840393965737501e-01
1.136005000000000070e-01 5.685179130411226467e-01
1.136072000000000054e-01 5.653890638610264974e-01
1.136139000000000038e-01 5.628017462697930684e-01
1.136206000000000021e-01 5.595224716483462313e-01
1.136273000000000005e-01 5.564537926447903349e-01
1.136339999999999989e-01 5.549194531430123867e-01
1.136406999999999973e-01 5.528736671406419001e-01
1.136474000000000095e-01 5.500757539315174194e-01
1.136541000000000079e-01 5.484812442531992183e-01
1.136608000000000063e-01 5.462248626329376799e-01
1.136675000000000046e-01 5.447206082194299137e-01
1.136742000000000030e-01 5.412307379800918028e-01
1.136809000000000014e-01 5.391548668894511342e-01
1.136875999999999998e-01 5.369887405340000308e-01
1.136942999999999981e-01 5.347925290902786344e-01
1.137010000000000104e-01 5.285649158183565177e-01
1.137077000000000088e-01 5.258572578740425829e-01
1.137144000000000071e-01 5.223974727229747650e-01
1.137211000000000055e-01 5.209834735742774336e-01
1.137278000000000039e-01 5.188173472188262192e-01
1.137345000000000023e-01 5.155079875091092001e-01
1.137412000000000006e-01 5.129206699178757711e-01
1.137478999999999990e-01 5.105740330328036869e-01
1.137545999999999974e-01 5.077460347354091352e-01
1.137613000000000096e-01 5.057905039978490835e-01
1.137680000000000080e-01 5.023307188467811546e-01
1.137747000000000064e-01 5.004052731974912849e-01
1.137814000000000048e-01 4.971259985760443367e-01
1.137881000000000031e-01 4.950501274854036127e-01
1.137948000000000015e-01 4.928238309534122008e-01
1.138014999999999999e-01 4.901462580973683369e-01
1.138081999999999983e-01 4.874987703295946551e-01
1.138148999999999966e-01 4.848211974735509022e-01
1.138216000000000089e-01 4.828656667359907950e-01
1.138283000000000073e-01 4.793757964966527396e-01
1.138350000000000056e-01 4.778113719066047205e-01
1.138417000000000040e-01 4.755549902863430711e-01
1.138484000000000024e-01 4.719447796939243989e-01
1.138551000000000007e-01 4.704104401921465617e-01
1.138617999999999991e-01 4.673417611885907208e-01
1.138684999999999975e-01 4.652959751862201232e-01
1.138752000000000097e-01 4.630095084776884029e-01
1.138819000000000081e-01 4.610238926518581137e-01
1.138886000000000065e-01 4.576543627656007307e-01
1.138953000000000049e-01 4.551272153509077212e-01
1.139020000000000032e-01 4.531115144368073056e-01
1.139087000000000016e-01 4.526301530244848381e-01
1.139154000000000000e-01 4.500127503449812827e-01
1.139220999999999984e-01 4.472449222241270395e-01
1.139287999999999967e-01 4.447478598977041564e-01
1.139355000000000090e-01 4.425817335422529419e-01
1.139422000000000074e-01 4.416190107176080071e-01
1.139489000000000057e-01 4.385503317140522217e-01
1.139556000000000041e-01 4.356922483283874326e-01
1.139623000000000025e-01 4.329545052958033713e-01
1.139690000000000009e-01 4.297053157626265496e-01
1.139756999999999992e-01 4.274790192306350822e-01
1.139823999999999976e-01 4.248616165511315823e-01
1.139891000000000099e-01 4.229361709018416571e-01
1.139958000000000082e-01 4.177013655428346572e-01
1.140000000000000041e-01 4.146627716275489428e-01
1.140062000000000020e-01 4.146627716275489428e-01
1.140123999999999999e-01 4.135665462237051448e-01
1.140185999999999977e-01 4.116843478888035923e-01
1.140248000000000095e-01 4.104019710012882238e-01
1.140310000000000074e-01 4.080854192044862661e-01
1.140372000000000052e-01 4.069271433060852594e-01
1.140434000000000031e-01 4.047553759965834552e-01
1.140496000000000010e-01 4.029972786507962645e-01
1.140557999999999989e-01 4.009909793267802947e-01
1.140620000000000106e-01 3.996672354428934537e-01
1.140682000000000085e-01 3.955098523075614159e-01
1.140744000000000063e-01 3.945170443946462990e-01
1.140806000000000042e-01 3.924486945760731205e-01
1.140868000000000021e-01 3.888704493899415304e-01
1.140930000000000000e-01 3.852922042038099404e-01
1.140991999999999978e-01 3.828308679197078845e-01
1.141054000000000096e-01 3.789216867626045704e-01
1.141116000000000075e-01 3.761294145075307904e-01
1.141178000000000053e-01 3.751986570891728823e-01
1.141240000000000032e-01 3.731096237724139675e-01
1.141302000000000011e-01 3.722616003467989487e-01
1.141363999999999990e-01 3.693038601062393345e-01
1.141426000000000107e-01 3.679594327241667573e-01
1.141488000000000086e-01 3.667391063312085975e-01
1.141550000000000065e-01 3.655601469346219101e-01
1.141612000000000043e-01 3.631194941487055905e-01
1.141674000000000022e-01 3.599756024244743502e-01
1.141736000000000001e-01 3.577417846204153373e-01
1.141797999999999980e-01 3.570385456821004722e-01
1.141860000000000097e-01 3.556320678054706863e-01
1.141922000000000076e-01 3.521986071066392499e-01
1.141984000000000055e-01 3.512264826919098137e-01
1.142046000000000033e-01 3.483928434404646168e-01
1.142108000000000012e-01 3.476896045021497517e-01
1.142169999999999991e-01 3.469863655638348310e-01
1.142232000000000108e-01 3.458487731636196161e-01
1.142294000000000087e-01 3.445250292797327751e-01
1.142356000000000066e-01 3.428910329230600018e-01
1.142418000000000045e-01 3.392300537441854669e-01
1.142480000000000023e-01 3.364170979909259507e-01
1.142542000000000002e-01 3.349692531179246924e-01
1.142603999999999981e-01 3.321976643610367042e-01
1.142666000000000098e-01 3.311428059535643786e-01
1.142728000000000077e-01 3.295501765932630223e-01
1.142790000000000056e-01 3.268406383309321872e-01
1.142852000000000035e-01 3.258891974143885428e-01
1.142914000000000013e-01 3.229521406720146648e-01
1.142975999999999992e-01 3.206769558715841240e-01
1.143037999999999971e-01 3.180915185983677063e-01
1.143100000000000088e-01 3.153406133396653432e-01
1.143162000000000067e-01 3.137066169829925144e-01
1.143224000000000046e-01 3.110177622188474156e-01
1.143286000000000024e-01 3.097353853313320471e-01
1.143348000000000003e-01 3.074602005309016173e-01
1.143409999999999982e-01 3.066949110980295434e-01
1.143472000000000099e-01 3.047713457667564629e-01
1.143534000000000078e-01 3.028270969372977017e-01
1.143596000000000057e-01 3.011724170824391367e-01
1.143658000000000036e-01 2.989799662747515963e-01
1.143720000000000014e-01 2.984628788201083016e-01
1.143781999999999993e-01 2.977182728854219640e-01
1.143843999999999972e-01 2.954637715831772149e-01
1.143906000000000089e-01 2.941193442011046377e-01
1.143968000000000068e-01 2.930644857936323122e-01
1.144030000000000047e-01 2.902308465421871153e-01
1.144092000000000026e-01 2.887002676764429121e-01
1.144154000000000004e-01 2.860114129122978133e-01
1.144215999999999983e-01 2.833846086427098676e-01
1.144278000000000101e-01 2.808198548676791861e-01
1.144340000000000079e-01 2.792479090055635660e-01
1.144402000000000058e-01 2.778621146271195164e-01
1.144464000000000037e-01 2.760212832885894363e-01
1.144526000000000016e-01 2.743045529391736626e-01
1.144587999999999994e-01 2.730221760516582941e-01
1.144649999999999973e-01 2.722362031206004840e-01
1.144712000000000091e-01 2.708504087421564899e-01
1.144774000000000069e-01 2.694439308655267595e-01
1.144836000000000048e-01 2.670239615777961206e-01
1.144898000000000027e-01 2.651417632428945681e-01
1.144960000000000006e-01 2.626390599624209843e-01
1.145000000000000046e-01 2.600536226892045666e-01
1.145055298072999994e-01 2.600536226892045666e-01
1.145110596146000081e-01 2.587825376506239228e-01
1.145165894219000030e-01 2.572779880131202956e-01
1.145221192291999979e-01 2.553973009662407478e-01
1.145276490365000066e-01 2.527902796116008322e-01
1.145331788438000015e-01 2.515581053395073985e-01
1.145387086511000102e-01 2.487176193859444995e-01
1.145442384584000051e-01 2.464348544186976131e-01
1.145497682656999999e-01 2.453453529570570335e-01
1.145552980730000087e-01 2.430236772233229925e-01
1.145608278803000035e-01 2.410392281324776897e-01
1.145663576875999984e-01 2.388602252091965583e-01
1.145718874949000071e-01 2.378485452805303435e-01
1.145774173022000020e-01 2.364866684534796537e-01
1.145829471095000107e-01 2.350988511154374905e-01
1.145884769168000056e-01 2.338796470988397380e-01
1.145940067241000004e-01 2.320508410739430816e-01
1.145995365314000092e-01 2.301182730050806424e-01
1.146050663387000040e-01 2.291065930764144276e-01
1.146105961459999989e-01 2.278614485488252295e-01
1.146161259533000076e-01 2.264736312107830662e-01
1.146216557606000025e-01 2.255786835815783431e-01
1.146271855679000112e-01 2.246448251858864376e-01
1.146327153752000061e-01 2.238406693451517326e-01
1.146382451825000010e-01 2.232180970813571474e-01
1.146437749898000097e-01 2.221545361307080413e-01
1.146493047971000045e-01 2.203776111277942484e-01
1.146548346043999994e-01 2.189249425122735127e-01
1.146603644117000081e-01 2.179392030945987158e-01
1.146658942190000030e-01 2.158380217042919214e-01
1.146714240262999979e-01 2.147225797316599238e-01
1.146769538336000066e-01 2.145928771767027232e-01
1.146824836409000015e-01 2.138795131244380643e-01
1.146880134482000102e-01 2.129975357507290501e-01
1.146935432555000051e-01 2.116615994346697782e-01
1.146990730627999999e-01 2.108315030829436554e-01
1.147046028701000087e-01 2.094955667668843835e-01
1.147101326774000035e-01 2.084449760717310141e-01
1.147156624846999984e-01 2.068107238792701585e-01
1.147211922920000071e-01 2.057212224176296067e-01
1.147267220993000020e-01 2.045409291675190089e-01
1.147322519066000107e-01 2.022192534337849679e-01
1.147377817139000056e-01 2.015966811699903549e-01
1.147433115212000004e-01 2.006368822633070037e-01
1.147488413285000092e-01 1.981984742301114710e-01
1.147543711358000040e-01 1.969403594470265362e-01
1.147599009430999989e-01 1.956563041529501834e-01
1.147654307504000076e-01 1.930363125428145588e-01
1.147709605577000025e-01 1.913372090728751029e-01
1.147764903650000112e-01 1.904033506771831974e-01
1.147820201723000061e-01 1.895343435589698922e-01
1.147875499796000009e-01 1.885096933748079406e-01
1.147930797869000097e-01 1.879260318775005101e-01
1.147986095942000045e-01 1.871218760367657774e-01
1.147999999999999993e-01 1.856562371657493327e-01
1.148054000000000019e-01 1.856562371657493327e-01
1.148108000000000045e-01 1.844604285680670197e-01
1.148161999999999933e-01 1.830606836203923227e-01
1.148215999999999959e-01 1.821522398795173969e-01
1.148269999999999985e-01 1.813086849772763687e-01
1.148324000000000011e-01 1.789448772841834012e-01
1.148378000000000038e-01 1.782867190637535959e-01
1.148431999999999925e-01 1.763678634070075246e-01
1.148485999999999951e-01 1.758209431956644642e-01
1.148539999999999978e-01 1.742728809025408110e-01
1.148594000000000004e-01 1.736981511889260643e-01
1.148648000000000030e-01 1.733737069957564381e-01
1.148702000000000056e-01 1.722427872367080226e-01
1.148755999999999944e-01 1.706669154413127110e-01
1.148809999999999970e-01 1.691652023186418774e-01
1.148863999999999996e-01 1.677932668732388943e-01
1.148918000000000023e-01 1.667179661187338513e-01
1.148972000000000049e-01 1.657446335392249726e-01
1.149025999999999936e-01 1.648732691347122858e-01
1.149079999999999963e-01 1.633437465097697661e-01
1.149133999999999989e-01 1.623240647598080955e-01
1.149188000000000015e-01 1.612487640053030524e-01
1.149242000000000041e-01 1.601456537485263509e-01
1.149295999999999929e-01 1.584678137781348473e-01
1.149349999999999955e-01 1.575964493736221606e-01
1.149403999999999981e-01 1.551121338373518954e-01
1.149458000000000008e-01 1.541202615896618833e-01
1.149512000000000034e-01 1.539255950737601075e-01
1.149566000000000060e-01 1.532488971851491688e-01
1.149619999999999947e-01 1.525721992965382579e-01
1.149673999999999974e-01 1.516637555556633044e-01
1.149728000000000000e-01 1.509685179988712600e-01
1.149782000000000026e-01 1.508202006534222761e-01
1.149836000000000052e-01 1.504308676216187246e-01
1.149889999999999940e-01 1.497170903966455746e-01
1.149943999999999966e-01 1.483080756148803525e-01
1.149997999999999992e-01 1.470102988422018475e-01
1.150052000000000019e-01 1.457866807422478206e-01
1.150106000000000045e-01 1.447948084945578362e-01
1.150159999999999932e-01 1.444981738036598962e-01
1.150213999999999959e-01 1.441181106059469252e-01
1.150267999999999985e-01 1.436175395650566289e-01
1.150322000000000011e-01 1.421343661105669287e-01
1.150376000000000037e-01 1.413742397151409591e-01
1.150429999999999925e-01 1.405306848128999309e-01
1.150483999999999951e-01 1.395480823993004993e-01
1.150537999999999977e-01 1.384820514788860368e-01
1.150592000000000004e-01 1.380278296084485323e-01
1.150646000000000030e-01 1.377311949175505923e-01
1.150700000000000056e-01 1.375550680698299499e-01
1.150753999999999944e-01 1.367207830016795023e-01
1.150807999999999970e-01 1.359513867721629521e-01
1.150861999999999996e-01 1.353859268926387582e-01
1.150916000000000022e-01 1.346258004972127886e-01
1.150970000000000049e-01 1.336153885813416708e-01
1.150999999999999940e-01 1.328830716881873597e-01
1.151050999999999880e-01 1.328830716881873597e-01
1.151101999999999959e-01 1.326047131340275798e-01
1.151152999999999899e-01 1.318823064101366793e-01
1.151203999999999977e-01 1.308152652858574627e-01
1.151254999999999917e-01 1.293108035764700126e-01
1.151305999999999996e-01 1.287342037142818474e-01
1.151356999999999936e-01 1.280117969903909747e-01
1.151407999999999876e-01 1.274948453898084866e-01
1.151458999999999955e-01 1.259705009265524867e-01
1.151509999999999895e-01 1.249631080638789471e-01
1.151560999999999974e-01 1.240551289705481841e-01
1.151611999999999914e-01 1.237038669855370226e-01
1.151662999999999992e-01 1.220469708298239642e-01
1.151713999999999932e-01 1.213577020290473180e-01
1.151764999999999872e-01 1.208407504284648437e-01
1.151815999999999951e-01 1.202243850585395790e-01
1.151866999999999891e-01 1.195549990116315103e-01
1.151917999999999970e-01 1.192766404574717165e-01
1.151968999999999910e-01 1.181632062408325412e-01
1.152019999999999988e-01 1.170033789318333933e-01
1.152070999999999928e-01 1.162942273771882112e-01
1.152122000000000007e-01 1.160821446692569259e-01
1.152172999999999947e-01 1.151145173143205136e-01
1.152223999999999887e-01 1.141402623747612421e-01
1.152274999999999966e-01 1.135437797587045272e-01
1.152325999999999906e-01 1.130599660812363211e-01
1.152376999999999985e-01 1.122116352495112351e-01
1.152427999999999925e-01 1.117675870797801424e-01
1.152479000000000003e-01 1.113434216639175856e-01
1.152529999999999943e-01 1.106939183708780805e-01
1.152580999999999883e-01 1.098919806315129394e-01
1.152631999999999962e-01 1.090370222151650220e-01
1.152682999999999902e-01 1.085532085376967881e-01
1.152733999999999981e-01 1.077512707983316748e-01
1.152784999999999921e-01 1.069427054743437022e-01
1.152836000000000000e-01 1.055111471958076197e-01
1.152886999999999940e-01 1.048815266566366505e-01
1.152937999999999880e-01 1.041524923481229048e-01
1.152988999999999958e-01 1.033571821933806367e-01
1.153039999999999898e-01 1.024757134385412966e-01
1.153090999999999977e-01 1.018726032378617363e-01
1.153141999999999917e-01 1.012164723601993721e-01
1.153192999999999996e-01 1.010905482523651866e-01
1.153243999999999936e-01 1.005802242364055576e-01
1.153294999999999876e-01 9.837986614161861598e-02
1.153345999999999955e-01 9.798221106424748195e-02
1.153396999999999895e-01 9.765083183310485637e-02
1.153447999999999973e-01 9.741886637130504900e-02
1.153498999999999913e-01 9.711399747865383236e-02
1.153549999999999992e-01 9.679587341675692513e-02
1.153600999999999932e-01 9.645123901636860897e-02
1.153652000000000011e-01 9.623915630843733748e-02
1.153702999999999951e-01 9.586801156955761238e-02
1.153753999999999891e-01 9.527815653812375662e-02
1.153804999999999970e-01 9.515886001491243029e-02
1.153855999999999909e-01 9.470155667593561921e-02
1.153906999999999988e-01 9.442982570639867068e-02
1.153957999999999928e-01 9.430390159856448518e-02
1.154009000000000007e-01 9.360137762854214838e-02
1.154059999999999947e-01 9.257410201200004518e-02
1.154110999999999887e-01 9.216981935000605197e-02
1.154161999999999966e-01 9.177216427263493181e-02
1.154212999999999906e-01 9.107626788723545419e-02
1.154263999999999984e-01 9.002910951682478735e-02
1.154314999999999924e-01 8.980377163964781140e-02
1.154366000000000003e-01 8.950553033161946781e-02
1.154416999999999943e-01 8.861080640753440929e-02
1.154467999999999883e-01 8.815350306855761209e-02
1.154518999999999962e-01 8.766968939108939207e-02
1.154569999999999902e-01 8.704669643654129596e-02
1.154620999999999981e-01 8.657613792831878041e-02
1.154671999999999921e-01 8.618511043557049167e-02
1.154722999999999999e-01 8.599291048150778383e-02
1.154773999999999939e-01 8.550246921941671852e-02
1.154824999999999879e-01 8.498551761883424427e-02
1.154875999999999958e-01 8.479331766477152255e-02
1.154926999999999898e-01 8.425648331032049854e-02
1.154977999999999977e-01 8.390522132530932320e-02
1.155000000000000054e-01 8.349431107869248470e-02
1.155047000000000018e-01 8.349431107869248470e-02
1.155094000000000121e-01 8.302788567888133575e-02
1.155141000000000084e-01 8.288629225393867594e-02
1.155188000000000048e-01 8.255313125407358343e-02
1.155235000000000012e-01 8.212835097924556238e-02
1.155282000000000114e-01 8.170357070441756908e-02
1.155329000000000078e-01 8.130377750457944142e-02
1.155376000000000042e-01 8.107472931717218945e-02
1.155423000000000006e-01 8.081652954227673546e-02
1.155470000000000108e-01 8.027097840499763937e-02
1.155517000000000072e-01 8.010023339256677755e-02
1.155564000000000036e-01 7.947972103031802904e-02
1.155610999999999999e-01 7.931730504288378447e-02
1.155658000000000102e-01 7.914239551795461403e-02
1.155705000000000066e-01 7.895915696802879857e-02
1.155752000000000029e-01 7.854270571819742253e-02
1.155798999999999993e-01 7.795134494343687603e-02
1.155846000000000096e-01 7.787221920596891500e-02
1.155893000000000059e-01 7.747242600613080121e-02
1.155940000000000023e-01 7.617309810665690017e-02
1.155986999999999987e-01 7.584410161929011629e-02
1.156034000000000089e-01 7.563171148187611270e-02
1.156081000000000053e-01 7.528605694451606656e-02
1.156128000000000017e-01 7.485294764469144213e-02
1.156175000000000119e-01 7.457808981980273977e-02
1.156222000000000083e-01 7.440318029487355544e-02
1.156269000000000047e-01 7.415330954497473259e-02
1.156316000000000010e-01 7.357444230770912585e-02
1.156363000000000113e-01 7.310801690789797691e-02
1.156410000000000077e-01 7.270405919556154062e-02
1.156457000000000040e-01 7.228760794573016457e-02
1.156504000000000004e-01 7.169624717096961808e-02
1.156551000000000107e-01 7.144637642107079523e-02
1.156598000000000070e-01 7.120483469616860350e-02
1.156645000000000034e-01 7.107989932121917820e-02
1.156691999999999998e-01 7.080504149633046196e-02
1.156739000000000100e-01 7.031362902152944738e-02
1.156786000000000064e-01 7.013871949660026306e-02
1.156833000000000028e-01 6.971810373427057839e-02
1.156879999999999992e-01 6.940992980939536539e-02
1.156927000000000094e-01 6.926417187195438308e-02
1.156974000000000058e-01 6.890602379709939718e-02
1.157021000000000022e-01 6.805646324744339670e-02
1.157067999999999985e-01 6.762335394761875840e-02
1.157115000000000088e-01 6.725687684776715525e-02
1.157162000000000052e-01 6.694453841039361974e-02
1.157209000000000015e-01 6.662387094802346699e-02
1.157256000000000118e-01 6.653225167306055232e-02
1.157303000000000082e-01 6.607831981074435701e-02
1.157350000000000045e-01 6.604083919825953775e-02
1.157397000000000009e-01 6.542032683601078924e-02
1.157444000000000112e-01 6.522875926108835654e-02
1.157491000000000075e-01 6.466655007381599818e-02
1.157538000000000039e-01 6.440835029892054420e-02
1.157585000000000003e-01 6.407518929905545169e-02
1.157632000000000105e-01 6.391277331162120712e-02
1.157679000000000069e-01 6.350881559928477083e-02
1.157726000000000033e-01 6.327560289937919635e-02
1.157772999999999997e-01 6.262593894964225971e-02
1.157820000000000099e-01 6.244686491221475982e-02
1.157867000000000063e-01 6.180136547497613181e-02
1.157914000000000027e-01 6.155149472507730202e-02
1.157960999999999990e-01 6.139740776263970246e-02
1.158008000000000093e-01 6.105591773777797188e-02
1.158055000000000057e-01 6.068111161292973760e-02
1.158102000000000020e-01 6.033545707556969145e-02
1.158148999999999984e-01 6.010224437566412392e-02
1.158196000000000087e-01 5.990234777574506009e-02
1.158243000000000050e-01 5.957751580087658483e-02
1.158290000000000014e-01 5.894450990113289657e-02
1.158337000000000117e-01 5.864882951375261638e-02
1.158384000000000080e-01 5.844060388883692836e-02
1.158431000000000044e-01 5.787839470156457694e-02
1.158478000000000008e-01 5.739531125176017962e-02
1.158525000000000110e-01 5.679978596450131062e-02
1.158572000000000074e-01 5.585444162738409379e-02
1.158619000000000038e-01 5.520477767764714327e-02
1.158666000000000001e-01 5.505485522770784540e-02
1.158713000000000104e-01 5.443434286545909689e-02
1.158760000000000068e-01 5.430940749050968547e-02
1.158807000000000031e-01 5.418447211556027404e-02
1.158853999999999995e-01 5.402205612812602947e-02
1.158901000000000098e-01 5.355146621581658578e-02
1.158948000000000061e-01 5.322246972844979496e-02
1.158995000000000025e-01 5.268108310366900748e-02
1.159000000000000030e-01 5.209805135390508518e-02
1.159043000000000018e-01 5.209805135390508518e-02
1.159086000000000005e-01 5.182662577827107375e-02
1.159128999999999993e-01 5.149778325394525208e-02
1.159171999999999980e-01 5.110108433571092929e-02
1.159214999999999968e-01 5.065479805269731267e-02
1.159258000000000094e-01 5.044339928705928594e-02
1.159301000000000081e-01 5.030507663793810924e-02
1.159344000000000069e-01 5.016675398881693254e-02
1.159387000000000056e-01 4.989271855187874666e-02
1.159430000000000044e-01 4.966566061841568014e-02
1.159473000000000031e-01 4.956909575016126696e-02
1.159516000000000019e-01 4.952733796929449650e-02
1.159559000000000006e-01 4.949862949494859832e-02
1.159601999999999994e-01 4.940989421060670850e-02
1.159644999999999981e-01 4.925852225496465953e-02
1.159687999999999969e-01 4.907061224106419595e-02
1.159731000000000095e-01 4.868435276804656403e-02
1.159774000000000083e-01 4.851732164457948221e-02
1.159817000000000070e-01 4.800578882896153199e-02
1.159860000000000058e-01 4.790661409940295129e-02
1.159903000000000045e-01 4.779699992462767971e-02
1.159946000000000033e-01 4.771609422419831326e-02
1.159989000000000020e-01 4.741335031291421531e-02
1.160032000000000008e-01 4.704275000772163012e-02
1.160074999999999995e-01 4.677393429339179315e-02
1.160117999999999983e-01 4.628850009081558053e-02
1.160160999999999970e-01 4.599619562474818735e-02
1.160204000000000096e-01 4.573259963302669234e-02
1.160247000000000084e-01 4.516364986871693882e-02
1.160290000000000071e-01 4.502793708089993657e-02
1.160333000000000059e-01 4.501227791307488985e-02
1.160376000000000046e-01 4.493920179655804675e-02
1.160419000000000034e-01 4.470431427918245687e-02
1.160462000000000021e-01 4.466516635961986087e-02
1.160505000000000009e-01 4.434676328051073008e-02
1.160547999999999996e-01 4.421105049269372089e-02
1.160590999999999984e-01 4.415102368269774313e-02
1.160633999999999971e-01 4.366558948012153052e-02
1.160677000000000098e-01 4.352726683100035382e-02
1.160720000000000085e-01 4.331847792666649460e-02
1.160763000000000073e-01 4.313839749667854745e-02
1.160806000000000060e-01 4.278084649800682066e-02
1.160849000000000047e-01 4.253290967411037238e-02
1.160892000000000035e-01 4.242851522194344277e-02
1.160935000000000022e-01 4.216752909152612222e-02
1.160978000000000010e-01 4.212055158805100979e-02
1.161020999999999997e-01 4.149940459765778800e-02
1.161063999999999985e-01 4.133759319679904815e-02
1.161106999999999972e-01 4.118100151854865720e-02
1.161150000000000099e-01 4.085476885552701692e-02
1.161193000000000086e-01 4.075037440336008732e-02
1.161236000000000074e-01 4.050504744076780655e-02
1.161279000000000061e-01 4.039804312729670249e-02
1.161322000000000049e-01 4.013966685818355640e-02
1.161365000000000036e-01 3.988651031167876615e-02
1.161408000000000024e-01 3.972208904951585184e-02
1.161451000000000011e-01 3.944283388996931705e-02
1.161493999999999999e-01 3.918445762085617096e-02
1.161536999999999986e-01 3.910094205912263005e-02
1.161579999999999974e-01 3.890520246130964310e-02
1.161622999999999961e-01 3.848240493003358964e-02
1.161666000000000087e-01 3.818488074135784754e-02
1.161709000000000075e-01 3.799958058876155148e-02
1.161752000000000062e-01 3.767334792573989732e-02
1.161795000000000050e-01 3.757678305748549108e-02
1.161838000000000037e-01 3.717225455533865186e-02
1.161881000000000025e-01 3.713049677447187447e-02
1.161924000000000012e-01 3.676772605319180570e-02
1.161967000000000000e-01 3.663201326537480346e-02
1.162009999999999987e-01 3.639190602539086467e-02
1.162052999999999975e-01 3.621443545670709196e-02
1.162095999999999962e-01 3.615701850801528172e-02
1.162139000000000089e-01 3.604218461063166123e-02
1.162182000000000076e-01 3.592213099063969878e-02
1.162225000000000064e-01 3.567941388935158553e-02
1.162268000000000051e-01 3.548106443023443107e-02
1.162311000000000039e-01 3.541581789763009747e-02
1.162354000000000026e-01 3.540015872980505768e-02
1.162397000000000014e-01 3.539754886850088322e-02
1.162440000000000001e-01 3.536623053285081059e-02
1.162482999999999989e-01 3.521746843851293607e-02
1.162525999999999976e-01 3.511307398634600646e-02
1.162568999999999964e-01 3.497475133722482976e-02
1.162612000000000090e-01 3.494343300157475019e-02
1.162655000000000077e-01 3.486252730114538373e-02
1.162698000000000065e-01 3.478162160071601727e-02
1.162741000000000052e-01 3.457805241899050697e-02
1.162784000000000040e-01 3.450236644116948248e-02
1.162827000000000027e-01 3.445538893769436312e-02
1.162870000000000015e-01 3.433794517900657511e-02
1.162913000000000002e-01 3.432750573378987730e-02
1.162955999999999990e-01 3.425181975596885975e-02
1.162998999999999977e-01 3.394124626077224538e-02
1.163000000000000006e-01 3.383685180860531577e-02
1.163039000000000017e-01 3.383685180860531577e-02
1.163078000000000028e-01 3.292174908517514487e-02
1.163117000000000040e-01 3.270225950206458176e-02
1.163156000000000051e-01 3.260771014318619015e-02
1.163195000000000062e-01 3.241523466261231334e-02
1.163234000000000073e-01 3.239159732289272065e-02
1.163272999999999946e-01 3.232575044795955171e-02
1.163311999999999957e-01 3.216197745133090452e-02
1.163350999999999968e-01 3.194417624962889168e-02
1.163389999999999980e-01 3.187326423047009277e-02
1.163428999999999991e-01 3.176351943891481122e-02
1.163468000000000002e-01 3.166221655440225324e-02
1.163507000000000013e-01 3.163351407045702363e-02
1.163546000000000025e-01 3.151870413467611903e-02
1.163585000000000036e-01 3.146129916678565980e-02
1.163624000000000047e-01 3.112699964789419557e-02
1.163663000000000058e-01 3.105777601014394693e-02
1.163702000000000070e-01 3.104089219605851713e-02
1.163740999999999942e-01 3.055970349462383204e-02
1.163779999999999953e-01 3.055970349462383204e-02
1.163818999999999965e-01 3.039255373517809819e-02
1.163857999999999976e-01 3.006163097910371715e-02
1.163896999999999987e-01 2.996201647599969903e-02
1.163935999999999998e-01 2.965135429682783097e-02
1.163975000000000010e-01 2.904860213397806798e-02
1.164014000000000021e-01 2.900808098017304201e-02
1.164053000000000032e-01 2.897769011481927254e-02
1.164092000000000043e-01 2.879703330410519901e-02
1.164131000000000055e-01 2.864507897733634817e-02
1.164170000000000066e-01 2.852520389732981360e-02
1.164208999999999938e-01 2.848974788775041761e-02
1.164247999999999950e-01 2.804063843307804185e-02
1.164286999999999961e-01 2.785153971532125863e-02
1.164325999999999972e-01 2.770465053277803430e-02
1.164364999999999983e-01 2.744970494008807868e-02
1.164403999999999995e-01 2.726735974796546183e-02
1.164443000000000006e-01 2.722683859416043586e-02
1.164482000000000017e-01 2.697189300147048024e-02
1.164521000000000028e-01 2.671694740878052463e-02
1.164560000000000040e-01 2.667473787356695880e-02
1.164599000000000051e-01 2.660044909159107324e-02
1.164638000000000062e-01 2.658356527750564691e-02
1.164677000000000073e-01 2.627796824255940883e-02
1.164715999999999946e-01 2.619523755354081704e-02
1.164754999999999957e-01 2.608211599916844883e-02
1.164793999999999968e-01 2.596899444479608410e-02
1.164832999999999980e-01 2.582885878788703654e-02
1.164871999999999991e-01 2.580184468535035372e-02
1.164911000000000002e-01 2.563131816308753669e-02
1.164950000000000013e-01 2.561105758618502370e-02
1.164989000000000025e-01 2.552663851575788165e-02
1.165028000000000036e-01 2.536117713772069460e-02
1.165067000000000047e-01 2.523792529489707337e-02
1.165106000000000058e-01 2.516532489432973460e-02
1.165145000000000070e-01 2.513324564756742180e-02
1.165183999999999942e-01 2.508428258671968267e-02
1.165222999999999953e-01 2.479894612867595757e-02
1.165261999999999964e-01 2.470608515120610582e-02
1.165300999999999976e-01 2.456932625711414492e-02
1.165339999999999987e-01 2.446295822837595002e-02
1.165378999999999998e-01 2.438022753935735476e-02
1.165418000000000009e-01 2.390241560073975632e-02
1.165457000000000021e-01 2.387202473538598685e-02
1.165496000000000032e-01 2.375214965537944881e-02
1.165535000000000043e-01 2.347525510437844035e-02
1.165574000000000054e-01 2.315615101816386259e-02
1.165613000000000066e-01 2.301095021702918159e-02
1.165651999999999938e-01 2.295185686773018596e-02
1.165690999999999949e-01 2.287081456012013403e-02
1.165729999999999961e-01 2.275769300574776929e-02
1.165768999999999972e-01 2.266989717250354405e-02
1.165807999999999983e-01 2.260573867897892192e-02
1.165846999999999994e-01 2.254833371108846615e-02
1.165886000000000006e-01 2.237611880741710579e-02
1.165925000000000017e-01 2.231364869530102699e-02
1.165964000000000028e-01 2.209078234937338417e-02
1.166003000000000039e-01 2.209078234937338417e-02
1.166042000000000051e-01 2.193713964119599000e-02
1.166081000000000062e-01 2.188648819893970754e-02
1.166120000000000073e-01 2.184427866372614171e-02
1.166158999999999946e-01 2.174128739780503347e-02
1.166197999999999957e-01 2.168557081132312103e-02
1.166236999999999968e-01 2.168557081132312103e-02
1.166275999999999979e-01 2.157076087554221297e-02
1.166314999999999991e-01 2.144075550708442190e-02
1.166354000000000002e-01 2.131075013862663084e-02
1.166393000000000013e-01 2.129893146876683102e-02
1.166432000000000024e-01 2.124996840791909189e-02
1.166471000000000036e-01 2.123139621242512223e-02
1.166510000000000047e-01 2.121113563552260925e-02
1.166549000000000058e-01 2.121113563552260925e-02
1.166588000000000069e-01 2.114697714199798365e-02
1.166626999999999942e-01 2.114191199777235367e-02
1.166665999999999953e-01 2.097307385691807996e-02
1.166704999999999964e-01 2.094774813578993700e-02
1.166743999999999976e-01 2.092917594029597081e-02
1.166782999999999987e-01 2.089709669353365801e-02
1.166821999999999998e-01 2.088865478649094484e-02
1.166861000000000009e-01 2.066916520338038521e-02
1.166900000000000021e-01 2.051721087661153783e-02
1.166939000000000032e-01 2.048850839266630822e-02
1.166978000000000043e-01 2.042266151773314276e-02
1.166999999999999982e-01 2.010862257574418804e-02
1.167035000000000017e-01 2.010862257574418804e-02
1.167069999999999913e-01 2.007644877962299484e-02
1.167104999999999948e-01 2.003422067221393224e-02
1.167139999999999983e-01 1.989647660757008774e-02
1.167175000000000018e-01 1.979492806356257864e-02
1.167209999999999914e-01 1.975370538728230332e-02
1.167244999999999949e-01 1.965919486117630524e-02
1.167279999999999984e-01 1.964210253198692135e-02
1.167315000000000019e-01 1.954256485023699030e-02
1.167349999999999915e-01 1.947117924009309983e-02
1.167384999999999950e-01 1.938873388753254573e-02
1.167419999999999985e-01 1.938471216301739658e-02
1.167455000000000020e-01 1.938370673188860929e-02
1.167489999999999917e-01 1.938069043850224743e-02
1.167524999999999952e-01 1.924495723611597403e-02
1.167559999999999987e-01 1.911123489598727521e-02
1.167595000000000022e-01 1.904789273487368303e-02
1.167629999999999918e-01 1.902577325004036618e-02
1.167664999999999953e-01 1.893327358619193920e-02
1.167699999999999988e-01 1.855020432612401390e-02
1.167735000000000023e-01 1.854015001483614103e-02
1.167769999999999919e-01 1.851199794323010045e-02
1.167804999999999954e-01 1.848987845839678013e-02
1.167839999999999989e-01 1.843156345292712092e-02
1.167875000000000024e-01 1.830588456182872040e-02
1.167909999999999920e-01 1.826667274780601966e-02
1.167944999999999955e-01 1.812591238977580982e-02
1.167979999999999990e-01 1.791678271498807137e-02
1.168015000000000025e-01 1.791678271498807137e-02
1.168049999999999922e-01 1.788360348773809436e-02
1.168084999999999957e-01 1.787053288306385962e-02
1.168119999999999992e-01 1.777401149470028696e-02
1.168155000000000027e-01 1.764632174134431186e-02
1.168189999999999923e-01 1.759504475377616367e-02
1.168224999999999958e-01 1.753773517943529175e-02
1.168259999999999993e-01 1.753672974830650447e-02
1.168295000000000028e-01 1.753270802379135879e-02
1.168329999999999924e-01 1.751662112573076219e-02
1.168364999999999959e-01 1.740702913269295826e-02
1.168399999999999994e-01 1.733765438480663890e-02
1.168435000000000029e-01 1.732860550464755331e-02
1.168469999999999925e-01 1.732257291787483305e-02
1.168504999999999960e-01 1.704205763294320067e-02
1.168539999999999995e-01 1.701088926795079476e-02
1.168575000000000030e-01 1.697972090295839231e-02
1.168609999999999927e-01 1.692442219087509497e-02
1.168644999999999962e-01 1.687213977217815949e-02
1.168679999999999997e-01 1.679974873090548174e-02
1.168715000000000032e-01 1.677561838381459031e-02
1.168749999999999928e-01 1.675450433011005727e-02
1.168784999999999963e-01 1.673339027640552423e-02
1.168819999999999998e-01 1.671227622270099467e-02
1.168855000000000033e-01 1.651118999694355452e-02
1.168889999999999929e-01 1.640662515954968356e-02
1.168924999999999964e-01 1.636439705214062096e-02
1.168959999999999999e-01 1.634529386069366250e-02
1.168995000000000034e-01 1.626888109490583559e-02
1.169029999999999930e-01 1.626888109490583559e-02
1.169064999999999965e-01 1.616532168864075192e-02
1.169100000000000000e-01 1.608991435398171230e-02
1.169135000000000035e-01 1.608086547382262671e-02
1.169169999999999932e-01 1.594613770256514060e-02
1.169204999999999967e-01 1.594312140917878221e-02
1.169240000000000002e-01 1.589787700838335427e-02
1.169275000000000037e-01 1.585765976323186624e-02
1.169309999999999933e-01 1.578627415308797577e-02
1.169344999999999968e-01 1.560730741216385248e-02
1.169380000000000003e-01 1.559825853200476516e-02
1.169415000000000038e-01 1.544945472494425875e-02
1.169449999999999934e-01 1.542230808446700546e-02
1.169484999999999969e-01 1.534388445642160224e-02
1.169520000000000004e-01 1.532880298948979467e-02
1.169555000000000039e-01 1.524535220580045675e-02
1.169589999999999935e-01 1.515184711082324422e-02
1.169624999999999970e-01 1.498394011231578109e-02
1.169660000000000005e-01 1.496584235199761165e-02
1.169695000000000040e-01 1.483212001186891456e-02
1.169729999999999936e-01 1.483212001186891456e-02
1.169764999999999971e-01 1.481000052703559597e-02
1.169800000000000006e-01 1.474665836592199859e-02
1.169835000000000041e-01 1.470945741415687416e-02
1.169869999999999938e-01 1.461394145692208879e-02
1.169904999999999973e-01 1.460589800789179223e-02
1.169940000000000008e-01 1.453350696661911273e-02
1.169975000000000043e-01 1.450937661952821957e-02
1.170009999999999939e-01 1.450937661952821957e-02
1.170044999999999974e-01 1.427008401087686250e-02
1.170080000000000009e-01 1.403380769561186729e-02
1.170115000000000044e-01 1.401973165980884874e-02
1.170149999999999940e-01 1.400565562400582671e-02
1.170184999999999975e-01 1.397448725901342254e-02
1.170220000000000010e-01 1.392220484031648879e-02
1.170255000000000045e-01 1.380456939824838483e-02
1.170289999999999941e-01 1.380155310486202297e-02
1.170324999999999976e-01 1.378747706905900268e-02
1.170360000000000011e-01 1.373418921923328165e-02
1.170395000000000046e-01 1.365777645344545300e-02
1.170429999999999943e-01 1.355421704718037107e-02
1.170464999999999978e-01 1.354918989153643290e-02
1.170500000000000013e-01 1.348886402380920085e-02
1.170535000000000048e-01 1.347076626349103315e-02
1.170569999999999944e-01 1.342351100043803237e-02
1.170604999999999979e-01 1.337826659964260791e-02
1.170640000000000014e-01 1.335011452803656733e-02
1.170675000000000049e-01 1.326666374434722767e-02
1.170709999999999945e-01 1.322544106806695235e-02
1.170744999999999980e-01 1.301731682440799946e-02
1.170780000000000015e-01 1.289767052008232093e-02
1.170815000000000050e-01 1.285544241267325832e-02
1.170849999999999946e-01 1.280215456284753903e-02
1.170884999999999981e-01 1.278104050914300772e-02
1.170920000000000016e-01 1.275489929979453825e-02
1.170955000000000051e-01 1.271066033012790107e-02
1.170989999999999948e-01 1.269155713868094434e-02
1.171024999999999983e-01 1.268351368965064778e-02
1.171060000000000018e-01 1.252968272694620321e-02
1.171095000000000053e-01 1.248142203276441861e-02
1.171129999999999949e-01 1.244522651212807800e-02
1.171164999999999984e-01 1.239998211133265353e-02
1.171200000000000019e-01 1.237183003972661122e-02
1.171235000000000054e-01 1.230547158522665545e-02
1.171269999999999950e-01 1.230547158522665545e-02
1.171304999999999985e-01 1.225620545991608357e-02
1.171340000000000020e-01 1.224212942411306154e-02
1.171375000000000055e-01 1.223911313072669968e-02
1.171409999999999951e-01 1.212549941317374487e-02
1.171444999999999986e-01 1.211745596414344830e-02
1.171480000000000021e-01 1.198574448627232232e-02
1.171514999999999918e-01 1.183492981695424308e-02
1.171549999999999953e-01 1.175751162003762715e-02
1.171584999999999988e-01 1.165897936941647992e-02
1.171620000000000023e-01 1.151319185574233538e-02
1.171654999999999919e-01 1.149308323316659136e-02
1.171689999999999954e-01 1.147699633510599476e-02
1.171724999999999989e-01 1.142471391640906102e-02
1.171760000000000024e-01 1.129400786966672232e-02
1.171794999999999920e-01 1.127892640273491474e-02
1.171829999999999955e-01 1.126183407354553433e-02
1.171864999999999990e-01 1.126183407354553433e-02
1.171900000000000025e-01 1.123669829532585214e-02
1.171934999999999921e-01 1.123569286419706485e-02
1.171969999999999956e-01 1.122463312178040643e-02
1.171999999999999986e-01 1.105169896762900512e-02
1.172030000000000016e-01 1.105169896762900512e-02
1.172060000000000046e-01 1.101751731862207068e-02
1.172089999999999937e-01 1.101035019866900520e-02
1.172119999999999967e-01 1.101035019866900520e-02
1.172149999999999997e-01 1.098443830345407005e-02
1.172180000000000027e-01 1.088299599027220226e-02
1.172209999999999919e-01 1.084936565818473385e-02
1.172239999999999949e-01 1.084771170742633399e-02
1.172269999999999979e-01 1.084164722131220060e-02
1.172300000000000009e-01 1.082069717837246675e-02
1.172330000000000039e-01 1.079368264931859951e-02
1.172359999999999930e-01 1.077438655713726726e-02
1.172389999999999960e-01 1.075343651419753341e-02
1.172419999999999990e-01 1.071319037907646557e-02
1.172450000000000020e-01 1.067404687779433155e-02
1.172480000000000050e-01 1.059245197371326379e-02
1.172509999999999941e-01 1.051361365422952797e-02
1.172539999999999971e-01 1.045462274384659392e-02
1.172570000000000001e-01 1.043808323626259360e-02
1.172600000000000031e-01 1.041658187640339371e-02
1.172629999999999922e-01 1.039563183346365986e-02
1.172659999999999952e-01 1.038460549507432516e-02
1.172689999999999982e-01 1.038460549507432516e-02
1.172720000000000012e-01 1.036365545213459305e-02
1.172750000000000042e-01 1.028261186497299133e-02
1.172779999999999934e-01 1.019715774245565608e-02
1.172809999999999964e-01 1.019715774245565608e-02
1.172839999999999994e-01 1.018613140406632138e-02
1.172870000000000024e-01 1.017841296719378813e-02
1.172900000000000054e-01 1.017841296719378813e-02
1.172929999999999945e-01 1.017786165027432209e-02
1.172959999999999975e-01 1.011611415529405436e-02
1.172990000000000005e-01 1.001908237746792010e-02
1.173020000000000035e-01 1.001908237746792010e-02
1.173049999999999926e-01 1.001412052519271879e-02
1.173079999999999956e-01 9.976079657749518589e-03
1.173109999999999986e-01 9.969463854715919157e-03
1.173140000000000016e-01 9.933076938031118810e-03
1.173170000000000046e-01 9.801312194278580595e-03
1.173199999999999937e-01 9.731294945506313576e-03
1.173229999999999967e-01 9.721371240955914428e-03
1.173259999999999997e-01 9.721371240955914428e-03
1.173290000000000027e-01 9.707037001049780012e-03
1.173319999999999919e-01 9.677265887398579097e-03
1.173349999999999949e-01 9.677265887398579097e-03
1.173379999999999979e-01 9.575272257297245265e-03
1.173410000000000009e-01 9.525102417625776544e-03
1.173440000000000039e-01 9.523999783786844461e-03
1.173469999999999930e-01 9.325525692778838943e-03
1.173499999999999960e-01 9.295754579127639763e-03
1.173529999999999990e-01 9.261572930120705316e-03
1.173560000000000020e-01 9.259367662442839417e-03
1.173590000000000050e-01 9.246687373295104859e-03
1.173619999999999941e-01 9.182734610636971231e-03
1.173649999999999971e-01 9.181631976798037414e-03
1.173680000000000001e-01 9.067509374468435066e-03
1.173710000000000031e-01 9.067509374468435066e-03
1.173739999999999922e-01 9.067509374468435066e-03
1.173769999999999952e-01 9.062547522193233757e-03
1.173799999999999982e-01 8.981503935031633773e-03
1.173830000000000012e-01 8.978747350434300098e-03
1.173860000000000042e-01 8.978747350434300098e-03
1.173889999999999934e-01 8.953386772138832717e-03
1.173919999999999964e-01 8.953386772138832717e-03
1.173949999999999994e-01 8.926923560004433253e-03
1.173980000000000024e-01 8.867932649621497465e-03
1.174010000000000054e-01 8.813352274594296945e-03
1.174039999999999945e-01 8.788543013218295605e-03
1.174069999999999975e-01 8.786337745540429706e-03
1.174100000000000005e-01 8.626455838895093903e-03
1.174130000000000035e-01 8.596684725243892988e-03
1.174159999999999926e-01 8.570772830028959566e-03
1.174189999999999956e-01 8.493588461303625339e-03
1.174219999999999986e-01 8.473741052202825308e-03
1.174250000000000016e-01 8.429635698645489977e-03
1.174280000000000046e-01 8.351348696081221934e-03
1.174309999999999937e-01 8.291255151859354064e-03
1.174339999999999967e-01 8.184850986402284964e-03
1.174369999999999997e-01 8.169965429576686242e-03
1.174400000000000027e-01 8.169965429576686242e-03
1.174430000000000057e-01 8.169965429576686242e-03
1.174459999999999948e-01 8.166657528059884791e-03
1.174489999999999978e-01 8.142950900522819002e-03
1.174520000000000008e-01 8.129167977536150627e-03
1.174550000000000038e-01 8.129167977536150627e-03
1.174579999999999930e-01 8.123654808341485012e-03
1.174609999999999960e-01 8.123654808341485012e-03
1.174639999999999990e-01 8.123654808341485012e-03
1.174670000000000020e-01 8.108769251515882820e-03
1.174700000000000050e-01 8.056945461086015975e-03
1.174729999999999941e-01 8.000711135300415597e-03
1.174759999999999971e-01 7.970940021649214682e-03
1.174790000000000001e-01 7.952746563306814509e-03
1.174820000000000031e-01 7.947233394112147159e-03
1.174849999999999922e-01 7.943374175675881402e-03
1.174879999999999952e-01 7.926283351172413311e-03
1.174909999999999982e-01 7.901474089796413705e-03
1.174940000000000012e-01 7.839726594816145977e-03
1.174970000000000042e-01 7.826494988748945378e-03
1.174999999999999933e-01 7.807198896567612255e-03
1.175029999999999963e-01 7.779633050594278107e-03
1.175059999999999993e-01 7.699692097271609338e-03
1.175090000000000023e-01 7.678742054331875490e-03
1.175120000000000053e-01 7.652278842197475159e-03
1.175149999999999945e-01 7.632431433096675127e-03
1.175179999999999975e-01 7.604314270203874071e-03
1.175210000000000005e-01 7.584466861103074040e-03
1.175240000000000035e-01 7.575094473472140932e-03
1.175269999999999926e-01 7.575094473472140932e-03
1.175299999999999956e-01 7.553041796693473267e-03
1.175329999999999986e-01 7.527681218398006753e-03
1.175360000000000016e-01 7.503974590860939230e-03
1.175390000000000046e-01 7.503974590860939230e-03
1.175419999999999937e-01 7.485781132518539056e-03
1.175449999999999967e-01 7.483575864840672290e-03
1.175479999999999997e-01 7.483575864840672290e-03
1.175510000000000027e-01 7.384338819336669531e-03
1.175540000000000057e-01 7.342438733457202701e-03
1.175569999999999948e-01 7.342438733457202701e-03
1.175599999999999978e-01 7.342438733457202701e-03
1.175630000000000008e-01 7.281242555396401882e-03
1.175660000000000038e-01 7.277934653879601298e-03
1.175689999999999930e-01 7.257535927859334358e-03
1.175719999999999960e-01 7.255330660181467592e-03
1.175749999999999990e-01 7.254228026342534642e-03
1.175780000000000020e-01 7.254228026342534642e-03
1.175810000000000050e-01 7.254228026342534642e-03
1.175839999999999941e-01 7.253676709423067734e-03
1.175869999999999971e-01 7.201301602073733980e-03
1.175900000000000001e-01 7.177043657617200416e-03
1.175930000000000031e-01 7.177043657617200416e-03
1.175959999999999922e-01 7.152785713160666851e-03
1.175989999999999952e-01 7.150029128563333176e-03
1.176019999999999982e-01 7.126873817945732562e-03
1.176050000000000012e-01 7.100961922730799139e-03
1.176080000000000042e-01 7.100961922730799139e-03
1.176109999999999933e-01 7.092692168938798981e-03
1.176139999999999963e-01 7.062369738368130291e-03
1.176169999999999993e-01 7.062369738368130291e-03
1.176200000000000023e-01 7.044727596945197026e-03
1.176230000000000053e-01 6.955965572911062059e-03
1.176259999999999944e-01 6.907449683997994930e-03
1.176289999999999975e-01 6.891461493333461523e-03
1.176320000000000005e-01 6.871614084232660624e-03
1.176350000000000035e-01 6.856728527407061034e-03
1.176379999999999926e-01 6.778441524842792991e-03
1.176409999999999956e-01 6.769620454131325925e-03
1.176439999999999986e-01 6.764107284936659442e-03
1.176470000000000016e-01 6.764107284936659442e-03
1.176500000000000046e-01 6.764107284936659442e-03
1.176529999999999937e-01 6.764107284936659442e-03
1.176559999999999967e-01 6.737092755882792203e-03
1.176589999999999997e-01 6.714488762184657629e-03
1.176620000000000027e-01 6.708975592989990279e-03
1.176650000000000057e-01 6.702359789956390847e-03
1.176679999999999948e-01 6.674793943983056699e-03
1.176709999999999978e-01 6.648882048768123276e-03
1.176740000000000008e-01 6.625175421231055753e-03
1.176770000000000038e-01 6.473563268377720108e-03
1.176799999999999929e-01 6.465844831505186859e-03
1.176829999999999959e-01 6.315886629410250204e-03
1.176859999999999989e-01 6.295487903389983264e-03
1.176890000000000019e-01 6.288872100356382965e-03
1.176920000000000049e-01 6.278397078886516040e-03
1.176949999999999941e-01 6.278397078886516040e-03
1.176979999999999971e-01 6.278397078886516040e-03
1.177010000000000001e-01 6.275640494289183233e-03
1.177040000000000031e-01 6.262960205141449542e-03
1.177069999999999922e-01 6.246972014476916135e-03
1.177099999999999952e-01 6.238150943765449069e-03
1.177129999999999982e-01 6.238150943765449069e-03
1.177160000000000012e-01 6.200661393241714905e-03
1.177190000000000042e-01 6.200661393241714905e-03
1.177219999999999933e-01 6.187429787174515174e-03
1.177249999999999963e-01 6.187429787174515174e-03
1.177279999999999993e-01 6.163171842717981609e-03
1.177310000000000023e-01 6.163171842717981609e-03
1.177340000000000053e-01 6.129541510630514070e-03
1.177369999999999944e-01 6.129541510630514070e-03
1.177399999999999974e-01 6.107488833851847272e-03
1.177430000000000004e-01 6.084884840153713566e-03
1.177460000000000034e-01 6.084884840153713566e-03
1.177489999999999926e-01 6.084884840153713566e-03
1.177519999999999956e-01 6.060626895697180001e-03
1.177549999999999986e-01 5.997776766877977589e-03
1.177580000000000016e-01 5.988404379247044482e-03
1.177610000000000046e-01 5.988404379247044482e-03
1.177639999999999937e-01 5.988404379247044482e-03
1.177669999999999967e-01 5.979583308535577416e-03
1.177699999999999997e-01 5.921695031991576312e-03
1.177730000000000027e-01 5.909566059763309530e-03
1.177760000000000057e-01 5.819150084970774704e-03
1.177789999999999948e-01 5.748030202359573869e-03
1.177819999999999978e-01 5.737003863970240036e-03
1.177850000000000008e-01 5.732042011695040462e-03
1.177880000000000038e-01 5.727080159419840021e-03
1.177909999999999929e-01 5.464101988834234834e-03
1.177939999999999959e-01 5.464101988834234834e-03
1.177969999999999989e-01 5.440946678216634219e-03
1.178000000000000019e-01 5.369275478685966475e-03
1.178000000000000019e-01 5.364313626410766034e-03
1.178024000000000016e-01 5.364313626410766034e-03
1.178048000000000012e-01 5.356286821642831063e-03
1.178072000000000008e-01 5.356286821642831063e-03
1.178096000000000004e-01 5.352273419258864011e-03
1.178120000000000001e-01 5.352005859099932643e-03
1.178143999999999997e-01 5.352005859099932643e-03
1.178167999999999993e-01 5.347992456715965591e-03
1.178191999999999989e-01 5.334882008928338963e-03
1.178215999999999986e-01 5.334882008928338963e-03
1.178239999999999982e-01 5.317223038438882547e-03
1.178263999999999978e-01 5.317223038438882547e-03
1.178287999999999974e-01 5.312942075895984127e-03
1.178311999999999971e-01 5.311336714942396786e-03
1.178335999999999967e-01 5.298226267154770158e-03
1.178359999999999963e-01 5.298226267154770158e-03
1.178383999999999959e-01 5.252205919818611277e-03
1.178407999999999956e-01 5.252205919818611277e-03
1.178431999999999952e-01 5.252205919818611277e-03
1.178456000000000087e-01 5.252205919818611277e-03
1.178480000000000083e-01 5.252205919818611277e-03
1.178504000000000079e-01 5.252205919818611277e-03
1.178528000000000076e-01 5.244981795527470410e-03
1.178552000000000072e-01 5.230533546945186942e-03
1.178576000000000068e-01 5.230533546945186942e-03
1.178600000000000064e-01 5.228928185991600468e-03
1.178624000000000061e-01 5.221971621859390102e-03
1.178648000000000057e-01 5.221971621859390102e-03
1.178672000000000053e-01 5.211001655343212684e-03
1.178696000000000049e-01 5.209128734230694842e-03
1.178720000000000045e-01 5.209128734230694842e-03
1.178744000000000042e-01 5.209128734230694842e-03
1.178768000000000038e-01 5.209128734230694842e-03
1.178792000000000034e-01 5.160967905623086750e-03
1.178816000000000030e-01 5.106385633201131029e-03
1.178840000000000027e-01 5.106385633201131029e-03
1.178864000000000023e-01 5.093275185413504401e-03
1.178888000000000019e-01 5.093275185413504401e-03
1.178912000000000015e-01 5.093275185413504401e-03
1.178936000000000012e-01 5.093275185413504401e-03
1.178960000000000008e-01 5.080699857943739642e-03
1.178984000000000004e-01 5.067054289838251145e-03
1.179008000000000000e-01 5.048860199030931993e-03
1.179031999999999997e-01 5.042973875534446232e-03
1.179055999999999993e-01 5.022639303455678737e-03
1.179079999999999989e-01 5.022639303455678737e-03
1.179103999999999985e-01 5.022371743296747369e-03
1.179127999999999982e-01 5.003910092330497716e-03
1.179151999999999978e-01 4.994813046926838140e-03
1.179175999999999974e-01 4.976886516278451224e-03
1.179199999999999970e-01 4.960030226265788045e-03
1.179223999999999967e-01 4.932739090054810184e-03
1.179247999999999963e-01 4.892337506056204828e-03
1.179271999999999959e-01 4.890464584943686986e-03
1.179295999999999955e-01 4.886451182559719067e-03
1.179319999999999952e-01 4.886451182559719067e-03
1.179344000000000087e-01 4.886451182559719067e-03
1.179368000000000083e-01 4.884845821606132593e-03
1.179392000000000079e-01 4.843106436812872131e-03
1.179416000000000075e-01 4.843106436812872131e-03
1.179440000000000072e-01 4.840698395382492421e-03
1.179464000000000068e-01 4.840698395382492421e-03
1.179488000000000064e-01 4.840698395382492421e-03
1.179512000000000060e-01 4.840698395382492421e-03
1.179536000000000057e-01 4.805380454403579589e-03
1.179560000000000053e-01 4.805380454403579589e-03
1.179584000000000049e-01 4.805112894244648221e-03
1.179608000000000045e-01 4.802704852814267643e-03
1.179632000000000042e-01 4.797621209794575119e-03
1.179656000000000038e-01 4.779159558828325466e-03
1.179680000000000034e-01 4.762035708656731786e-03
1.179704000000000030e-01 4.742503817054757528e-03
1.179728000000000027e-01 4.684175702407765256e-03
1.179752000000000023e-01 4.674543536686242944e-03
1.179776000000000019e-01 4.633606832369776586e-03
1.179800000000000015e-01 4.633606832369776586e-03
1.179824000000000012e-01 4.558154867551190634e-03
1.179848000000000008e-01 4.557619747233327898e-03
1.179872000000000004e-01 4.538355415790284141e-03
1.179896000000000000e-01 4.518555964029379382e-03
1.179919999999999997e-01 4.518555964029379382e-03
1.179943999999999993e-01 4.503840155288165413e-03
1.179967999999999989e-01 4.497686271632748284e-03
1.179991999999999985e-01 4.443103999210792562e-03
1.180015999999999982e-01 4.443103999210792562e-03
1.180039999999999978e-01 4.440428397621481484e-03
1.180063999999999974e-01 4.429190870946372698e-03
1.180087999999999970e-01 4.429190870946372698e-03
1.180111999999999967e-01 4.428120630310647225e-03
1.180135999999999963e-01 4.415277742681951965e-03
1.180159999999999959e-01 4.408321178549742467e-03
1.180183999999999955e-01 4.408321178549742467e-03
1.180207999999999952e-01 4.395478290921046340e-03
1.180232000000000087e-01 4.347317462313438248e-03
1.180256000000000083e-01 4.338220416909779539e-03
1.180280000000000079e-01 4.338220416909779539e-03
1.180304000000000075e-01 4.338220416909779539e-03
1.180328000000000072e-01 4.338220416909779539e-03
1.180352000000000068e-01 4.338220416909779539e-03
1.180376000000000064e-01 4.338220416909779539e-03
1.180400000000000060e-01 4.338220416909779539e-03
1.180424000000000057e-01 4.313337322129181389e-03
1.180448000000000053e-01 4.297551272752243683e-03
1.180472000000000049e-01 4.294340550845069000e-03
1.180496000000000045e-01 4.286848866394996765e-03
1.180520000000000042e-01 4.275343779560957479e-03
1.180544000000000038e-01 4.275343779560957479e-03
1.180568000000000034e-01 4.273470858448439637e-03
1.180592000000000030e-01 4.248587763667841487e-03
1.180616000000000027e-01 4.248587763667841487e-03
1.180640000000000023e-01 4.248587763667841487e-03
1.180664000000000019e-01 4.248320203508910119e-03
1.180688000000000015e-01 4.248320203508910119e-03
1.180712000000000012e-01 4.247249962873185514e-03
1.180736000000000008e-01 4.244574361283874435e-03
1.180760000000000004e-01 4.223437108728312836e-03
1.180784000000000000e-01 4.216212984437171102e-03
1.180807999999999996e-01 4.215677864119309233e-03
1.180831999999999993e-01 4.215677864119309233e-03
1.180855999999999989e-01 4.212199582053204050e-03
1.180879999999999985e-01 4.212199582053204050e-03
1.180903999999999981e-01 4.212199582053204050e-03
1.180927999999999978e-01 4.211396901576410813e-03
1.180951999999999974e-01 4.205243017920994551e-03
1.180975999999999970e-01 4.187316487272606767e-03
1.180999999999999966e-01 4.187316487272606767e-03
1.181023999999999963e-01 4.186246246636881295e-03
1.181047999999999959e-01 4.186246246636881295e-03
1.181071999999999955e-01 4.186246246636881295e-03
1.181095999999999951e-01 4.163771193286664590e-03
1.181120000000000086e-01 4.163771193286664590e-03
1.181144000000000083e-01 4.158419990108041565e-03
1.181168000000000079e-01 4.155744388518730487e-03
1.181192000000000075e-01 4.154941708041936382e-03
1.181216000000000071e-01 4.154139027565143145e-03
1.181240000000000068e-01 4.124439849923784707e-03
1.181264000000000064e-01 4.062365893051756750e-03
1.181288000000000060e-01 4.062365893051756750e-03
1.181312000000000056e-01 4.058887610985651567e-03
1.181336000000000053e-01 4.042566441290850257e-03
1.181360000000000049e-01 4.023302109847807367e-03
1.181384000000000045e-01 3.991997571252861587e-03
1.181408000000000041e-01 3.991194890776068351e-03
1.181432000000000038e-01 3.961495713134710779e-03
1.181456000000000034e-01 3.954539149002499546e-03
1.181480000000000030e-01 3.954271588843569045e-03
1.181504000000000026e-01 3.953201348207844440e-03
1.181528000000000023e-01 3.946244784075634074e-03
1.181552000000000019e-01 3.946244784075634074e-03
1.181576000000000015e-01 3.946244784075634074e-03
1.181600000000000011e-01 3.895675914037645404e-03
1.181624000000000008e-01 3.863568694965906387e-03
1.181648000000000004e-01 3.863568694965906387e-03
1.181672000000000000e-01 3.863568694965906387e-03
1.181695999999999996e-01 3.863568694965906387e-03
1.181719999999999993e-01 3.834939757960272554e-03
1.181743999999999989e-01 3.834939757960272554e-03
1.181767999999999985e-01 3.831461475894167804e-03
1.181791999999999981e-01 3.831461475894167804e-03
1.181815999999999978e-01 3.831461475894167804e-03
1.181839999999999974e-01 3.828518314145924924e-03
1.181863999999999970e-01 3.827983193828062621e-03
1.181887999999999966e-01 3.787849169988389501e-03
1.181911999999999963e-01 3.766979477591758836e-03
1.181935999999999959e-01 3.749855627420164723e-03
1.181959999999999955e-01 3.744236864082610763e-03
1.181983999999999951e-01 3.686443869753480793e-03
1.182008000000000086e-01 3.686443869753480793e-03
1.182032000000000083e-01 3.657547372588915591e-03
1.182056000000000079e-01 3.655942011635328684e-03
1.182080000000000075e-01 3.606175822074133685e-03
1.182104000000000071e-01 3.589587092220401874e-03
1.182128000000000068e-01 3.585573689836434822e-03
1.182152000000000064e-01 3.585573689836434822e-03
1.182176000000000060e-01 3.585573689836434822e-03
1.182200000000000056e-01 3.581292727293535968e-03
1.182224000000000053e-01 3.581292727293535968e-03
1.182248000000000049e-01 3.581292727293535968e-03
1.182272000000000045e-01 3.537145301069894929e-03
1.182296000000000041e-01 3.510121725017848436e-03
1.182320000000000038e-01 3.500489559296326558e-03
1.182344000000000034e-01 3.496743717071290440e-03
1.182368000000000030e-01 3.493532995164116625e-03
1.182392000000000026e-01 3.493532995164116625e-03
1.182416000000000023e-01 3.493532995164116625e-03
1.182440000000000019e-01 3.486576431031906693e-03
1.182464000000000015e-01 3.486576431031906693e-03
1.182488000000000011e-01 3.468114780065656606e-03
1.182512000000000008e-01 3.468114780065656606e-03
1.182536000000000004e-01 3.466241858953138764e-03
1.182560000000000000e-01 3.466241858953138764e-03
1.182583999999999996e-01 3.465439178476344660e-03
1.182607999999999993e-01 3.454201651801236742e-03
1.182631999999999989e-01 3.454201651801236742e-03
1.182655999999999985e-01 3.438683162583229536e-03
1.182679999999999981e-01 3.428783436702776723e-03
1.182703999999999978e-01 3.424770034318808803e-03
1.182727999999999974e-01 3.424770034318808803e-03
1.182751999999999970e-01 3.424770034318808803e-03
1.182775999999999966e-01 3.394535736359588496e-03
1.182799999999999963e-01 3.377679446346925751e-03
1.182823999999999959e-01 3.377679446346925751e-03
1.182847999999999955e-01 3.349853189818085154e-03
1.182871999999999951e-01 3.349853189818085154e-03
1.182896000000000086e-01 3.349853189818085154e-03
1.182920000000000083e-01 3.349853189818085154e-03
1.182944000000000079e-01 3.349853189818085154e-03
1.182968000000000075e-01 3.336742742030458526e-03
1.182992000000000071e-01 3.332996899805422408e-03
1.183016000000000068e-01 3.332461779487559672e-03
1.183040000000000064e-01 3.332461779487559672e-03
1.183064000000000060e-01 3.332461779487559672e-03
1.183088000000000056e-01 3.301424801051545694e-03
1.183112000000000053e-01 3.301424801051545694e-03
1.183136000000000049e-01 3.288849473581781802e-03
1.183160000000000045e-01 3.257009814668973720e-03
1.183184000000000041e-01 3.257009814668973720e-03
1.183208000000000037e-01 3.257009814668973720e-03
1.183232000000000034e-01 3.257009814668973720e-03
1.183256000000000030e-01 3.244969607517071697e-03
1.183280000000000026e-01 3.215270429875712824e-03
1.183304000000000022e-01 3.207778745425641023e-03
1.183328000000000019e-01 3.198681700021981881e-03
1.183352000000000015e-01 3.198681700021981881e-03
1.183376000000000011e-01 3.193062936684427054e-03
1.183400000000000007e-01 3.177544447466419848e-03
1.183424000000000004e-01 3.177544447466419848e-03
1.183448000000000000e-01 3.177544447466419848e-03
1.183471999999999996e-01 3.172995924764590494e-03
1.183495999999999992e-01 3.120554133614083982e-03
1.183519999999999989e-01 3.118413652342634772e-03
1.183543999999999985e-01 3.118413652342634772e-03
1.183567999999999981e-01 3.117610971865841102e-03
1.183591999999999977e-01 3.103430283442489869e-03
1.183615999999999974e-01 3.103430283442489869e-03
1.183639999999999970e-01 3.097543959946004108e-03
1.183663999999999966e-01 3.082828151204790573e-03
1.183687999999999962e-01 3.082828151204790573e-03
1.183711999999999959e-01 3.082828151204790573e-03
1.183735999999999955e-01 3.075336466754717904e-03
1.183759999999999951e-01 3.075336466754717904e-03
1.183784000000000086e-01 3.075336466754717904e-03
1.183808000000000082e-01 3.038680724981149966e-03
1.183832000000000079e-01 2.993195497962852954e-03
1.183856000000000075e-01 2.968847523500117973e-03
1.183880000000000071e-01 2.919081333938922974e-03
1.183904000000000067e-01 2.899281882178016915e-03
1.183928000000000064e-01 2.886974114867183958e-03
1.183952000000000060e-01 2.874666347556350567e-03
1.183976000000000056e-01 2.868780024059864805e-03
1.184000000000000052e-01 2.868780024059864805e-03
1.184024000000000049e-01 2.867174663106277898e-03
1.184048000000000045e-01 2.867174663106277898e-03
1.184072000000000041e-01 2.867174663106277898e-03
1.184096000000000037e-01 2.867174663106277898e-03
1.184120000000000034e-01 2.867174663106277898e-03
1.184144000000000030e-01 2.840418647213161906e-03
1.184168000000000026e-01 2.837475485464919893e-03
1.184192000000000022e-01 2.825702838471948804e-03
1.184216000000000019e-01 2.814197751637909084e-03
1.184240000000000015e-01 2.814197751637909084e-03
1.184264000000000011e-01 2.811522150048597138e-03
1.184288000000000007e-01 2.811522150048597138e-03
1.184312000000000004e-01 2.775401528592891069e-03
1.184336000000000000e-01 2.772190806685717254e-03
1.184359999999999996e-01 2.768712524619612071e-03
1.184383999999999992e-01 2.768712524619612071e-03
1.184407999999999989e-01 2.768712524619612071e-03
1.184431999999999985e-01 2.768712524619612071e-03
1.184455999999999981e-01 2.767909844142818834e-03
1.184479999999999977e-01 2.767909844142818834e-03
1.184503999999999974e-01 2.767909844142818834e-03
1.184527999999999970e-01 2.767909844142818834e-03
1.184551999999999966e-01 2.731521662528181398e-03
1.184575999999999962e-01 2.728310940621008016e-03
1.184599999999999959e-01 2.728310940621008016e-03
1.184623999999999955e-01 2.728310940621008016e-03
1.184647999999999951e-01 2.723494857760246860e-03
1.184672000000000086e-01 2.722692177283453190e-03
1.184696000000000082e-01 2.722692177283453190e-03
1.184720000000000079e-01 2.713060011561931745e-03
1.184744000000000075e-01 2.678009630741949847e-03
1.184768000000000071e-01 2.646437531988073567e-03
1.184792000000000067e-01 2.646437531988073567e-03
1.184816000000000064e-01 2.635735125630827083e-03
1.184840000000000060e-01 2.616738354346715128e-03
1.184864000000000056e-01 2.616738354346715128e-03
1.184888000000000052e-01 2.610584470691298432e-03
1.184912000000000049e-01 2.596938902585809502e-03
1.184936000000000045e-01 2.581955533685664599e-03
1.184960000000000041e-01 2.581955533685664599e-03
1.184984000000000037e-01 2.566704604626588761e-03
1.184999999999999942e-01 2.565366803831933221e-03
1.185016999999999876e-01 2.565366803831933221e-03
1.185033999999999949e-01 2.557912704607332409e-03
1.185050999999999882e-01 2.543261544062428142e-03
1.185067999999999955e-01 2.543261544062428142e-03
1.185084999999999888e-01 2.543261544062428142e-03
1.185101999999999961e-01 2.543261544062428142e-03
1.185118999999999895e-01 2.543261544062428142e-03
1.185135999999999967e-01 2.543261544062428142e-03
1.185152999999999901e-01 2.519485537914995226e-03
1.185169999999999974e-01 2.519485537914995226e-03
1.185186999999999907e-01 2.505605491082980429e-03
1.185203999999999980e-01 2.505219934226535477e-03
1.185220999999999913e-01 2.490054697873037796e-03
1.185237999999999986e-01 2.490054697873037796e-03
1.185254999999999920e-01 2.490054697873037796e-03
1.185271999999999992e-01 2.490054697873037796e-03
1.185288999999999926e-01 2.468463513912125696e-03
1.185305999999999998e-01 2.468463513912125696e-03
1.185322999999999932e-01 2.468463513912125696e-03
1.185340000000000005e-01 2.466535729629901370e-03
1.185356999999999938e-01 2.466535729629901370e-03
1.185374000000000011e-01 2.466535729629901370e-03
1.185390999999999945e-01 2.466535729629901370e-03
1.185407999999999878e-01 2.465764615917011900e-03
1.185424999999999951e-01 2.465764615917011900e-03
1.185441999999999885e-01 2.464993502204121997e-03
1.185458999999999957e-01 2.464993502204121997e-03
1.185475999999999891e-01 2.443530837195358359e-03
1.185492999999999963e-01 2.441860090817430523e-03
1.185509999999999897e-01 2.441860090817430523e-03
1.185526999999999970e-01 2.429907828267640051e-03
1.185543999999999903e-01 2.429907828267640051e-03
1.185560999999999976e-01 2.429907828267640051e-03
1.185577999999999910e-01 2.429907828267640051e-03
1.185594999999999982e-01 2.429907828267640051e-03
1.185611999999999916e-01 2.429907828267640051e-03
1.185628999999999988e-01 2.429907828267640051e-03
1.185645999999999922e-01 2.411401099158286699e-03
1.185662999999999995e-01 2.411401099158286699e-03
1.185679999999999928e-01 2.411401099158286699e-03
1.185697000000000001e-01 2.391480661575302435e-03
1.185713999999999935e-01 2.391480661575302435e-03
1.185731000000000007e-01 2.388139168819447197e-03
1.185747999999999941e-01 2.387111017202260804e-03
1.185765000000000013e-01 2.387111017202260804e-03
1.185781999999999947e-01 2.387111017202260804e-03
1.185798999999999881e-01 2.387111017202260804e-03
1.185815999999999953e-01 2.380170993786253405e-03
1.185832999999999887e-01 2.380170993786253405e-03
1.185849999999999960e-01 2.376058387317508264e-03
1.185866999999999893e-01 2.376058387317508264e-03
1.185883999999999966e-01 2.376058387317508264e-03
1.185900999999999900e-01 2.376058387317508264e-03
1.185917999999999972e-01 2.370789110279428701e-03
1.185934999999999906e-01 2.370789110279428701e-03
1.185951999999999978e-01 2.367833174380017981e-03
1.185968999999999912e-01 2.367833174380017981e-03
1.185985999999999985e-01 2.367833174380017981e-03
1.186002999999999918e-01 2.367833174380017981e-03
1.186019999999999991e-01 2.329148969783383875e-03
1.186036999999999925e-01 2.329148969783383875e-03
1.186053999999999997e-01 2.304087774114468076e-03
1.186070999999999931e-01 2.280697324823480112e-03
1.186088000000000003e-01 2.280697324823480112e-03
1.186104999999999937e-01 2.280697324823480112e-03
1.186122000000000010e-01 2.280697324823480112e-03
1.186138999999999943e-01 2.276841756259031461e-03
1.186156000000000016e-01 2.266688759039317286e-03
1.186172999999999950e-01 2.265403569517833969e-03
1.186189999999999883e-01 2.265275050565685941e-03
1.186206999999999956e-01 2.263475785235610077e-03
1.186223999999999890e-01 2.263475785235610077e-03
1.186240999999999962e-01 2.244583499269811773e-03
1.186257999999999896e-01 2.244583499269811773e-03
1.186274999999999968e-01 2.226590845969051834e-03
1.186291999999999902e-01 2.226590845969051834e-03
1.186308999999999975e-01 2.225048618543272461e-03
1.186325999999999908e-01 2.225048618543272461e-03
1.186342999999999981e-01 2.215666735036447756e-03
1.186359999999999915e-01 2.210397457998367760e-03
1.186376999999999987e-01 2.210397457998367760e-03
1.186393999999999921e-01 2.210397457998367760e-03
1.186410999999999993e-01 2.207955597907550454e-03
1.186427999999999927e-01 2.207955597907550454e-03
1.186445000000000000e-01 2.207955597907550454e-03
1.186461999999999933e-01 2.206927446290364060e-03
1.186479000000000006e-01 2.192404804697607821e-03
1.186495999999999940e-01 2.184693667568710519e-03
1.186513000000000012e-01 2.184693667568710519e-03
1.186529999999999946e-01 2.184693667568710519e-03
1.186546999999999880e-01 2.146523538780669826e-03
1.186563999999999952e-01 2.146523538780669826e-03
1.186580999999999886e-01 2.146523538780669826e-03
1.186597999999999958e-01 2.139069439556069013e-03
1.186614999999999892e-01 2.133543124613692960e-03
1.186631999999999965e-01 2.133543124613692960e-03
1.186648999999999898e-01 2.133543124613692960e-03
1.186665999999999971e-01 2.101284867624473272e-03
1.186682999999999905e-01 2.101284867624473272e-03
1.186699999999999977e-01 2.101284867624473272e-03
1.186716999999999911e-01 2.101284867624473272e-03
1.186733999999999983e-01 2.101284867624473272e-03
1.186750999999999917e-01 2.101284867624473272e-03
1.186767999999999990e-01 2.098714488581507505e-03
1.186784999999999923e-01 2.096786704299283179e-03
1.186801999999999996e-01 2.095758552682096786e-03
1.186818999999999930e-01 2.093959287352020922e-03
1.186836000000000002e-01 2.089332605074682801e-03
1.186852999999999936e-01 2.089332605074682801e-03
1.186870000000000008e-01 2.087918896601051455e-03
1.186886999999999942e-01 2.087918896601051455e-03
1.186904000000000015e-01 2.087918896601051455e-03
1.186920999999999948e-01 2.073139217103998726e-03
1.186937999999999882e-01 2.072753660247553774e-03
1.186954999999999955e-01 2.070311800156736468e-03
1.186971999999999888e-01 2.070311800156736468e-03
1.186988999999999961e-01 2.070311800156736468e-03
1.187005999999999895e-01 2.066841788448732335e-03
1.187022999999999967e-01 2.066841788448732335e-03
1.187039999999999901e-01 1.953359553701796217e-03
1.187056999999999973e-01 1.948989909328754369e-03
1.187073999999999907e-01 1.945519897620750669e-03
1.187090999999999980e-01 1.945519897620750669e-03
1.187107999999999913e-01 1.945005821812157473e-03
1.187124999999999986e-01 1.945005821812157473e-03
1.187141999999999920e-01 1.945005821812157473e-03
1.187158999999999992e-01 1.945005821812157473e-03
1.187175999999999926e-01 1.945005821812157473e-03
1.187192999999999998e-01 1.942692480673488412e-03
1.187209999999999932e-01 1.940893215343412331e-03
1.187227000000000005e-01 1.929840585458659791e-03
1.187243999999999938e-01 1.923029080994800855e-03
1.187261000000000011e-01 1.919944626143241890e-03
1.187277999999999945e-01 1.919944626143241890e-03
1.187295000000000017e-01 1.918402398717462517e-03
1.187311999999999951e-01 1.914418311200865620e-03
1.187328999999999884e-01 1.914418311200865620e-03
1.187345999999999957e-01 1.850287354078870763e-03
1.187362999999999891e-01 1.850287354078870763e-03
1.187379999999999963e-01 1.843218811710715336e-03
1.187396999999999897e-01 1.842319179045677187e-03
1.187413999999999970e-01 1.842062141141380480e-03
1.187430999999999903e-01 1.842062141141380480e-03
1.187447999999999976e-01 1.842062141141380480e-03
1.187464999999999909e-01 1.832937295538852266e-03
1.187481999999999982e-01 1.832937295538852266e-03
1.187498999999999916e-01 1.832937295538852266e-03
1.187515999999999988e-01 1.832937295538852266e-03
1.187532999999999922e-01 1.832937295538852266e-03
1.187549999999999994e-01 1.832937295538852266e-03
1.187566999999999928e-01 1.832937295538852266e-03
1.187584000000000001e-01 1.832937295538852266e-03
1.187600999999999934e-01 1.832937295538852266e-03
1.187618000000000007e-01 1.832937295538852266e-03
1.187634999999999941e-01 1.823812449936324052e-03
1.187652000000000013e-01 1.823812449936324052e-03
1.187668999999999947e-01 1.818928729754689007e-03
1.187686000000000019e-01 1.818928729754689007e-03
1.187702999999999953e-01 1.818928729754689007e-03
1.187719999999999887e-01 1.801707190166818755e-03
1.187736999999999959e-01 1.801578671214670510e-03
1.187753999999999893e-01 1.799008292171704743e-03
1.187770999999999966e-01 1.799008292171704743e-03
1.187787999999999899e-01 1.799008292171704743e-03
1.187804999999999972e-01 1.799008292171704743e-03
1.187821999999999906e-01 1.792325306659994051e-03
1.187838999999999978e-01 1.786927510669765809e-03
1.187855999999999912e-01 1.785128245339689945e-03
1.187872999999999984e-01 1.785128245339689945e-03
1.187889999999999918e-01 1.785128245339689945e-03
1.187906999999999991e-01 1.785128245339689945e-03
1.187923999999999924e-01 1.783843055818207278e-03
1.187940999999999997e-01 1.783843055818207278e-03
1.187957999999999931e-01 1.762508909761591669e-03
1.187975000000000003e-01 1.762508909761591669e-03
1.187991999999999937e-01 1.762508909761591669e-03
1.188009000000000009e-01 1.762508909761591669e-03
1.188025999999999943e-01 1.760709644431515805e-03
1.188043000000000016e-01 1.760709644431515805e-03
1.188059999999999949e-01 1.760709644431515805e-03
1.188077000000000022e-01 1.760709644431515805e-03
1.188093999999999956e-01 1.760709644431515805e-03
1.188110999999999889e-01 1.760709644431515805e-03
1.188127999999999962e-01 1.760709644431515805e-03
1.188144999999999896e-01 1.760709644431515805e-03
1.188161999999999968e-01 1.760709644431515805e-03
1.188178999999999902e-01 1.760709644431515805e-03
1.188195999999999974e-01 1.760324087575070853e-03
1.188212999999999908e-01 1.760324087575070853e-03
1.188229999999999981e-01 1.760324087575070853e-03
1.188246999999999914e-01 1.757882227484253330e-03
1.188263999999999987e-01 1.757882227484253330e-03
1.188280999999999921e-01 1.757882227484253330e-03
1.188297999999999993e-01 1.757882227484253330e-03
1.188314999999999927e-01 1.754540734728397876e-03
1.188331999999999999e-01 1.747729230264538722e-03
1.188348999999999933e-01 1.747729230264538722e-03
1.188366000000000006e-01 1.743488104843645336e-03
1.188382999999999939e-01 1.743488104843645336e-03
1.188400000000000012e-01 1.743488104843645336e-03
1.188416999999999946e-01 1.743488104843645336e-03
1.188434000000000018e-01 1.743488104843645336e-03
1.188450999999999952e-01 1.743488104843645336e-03
1.188468000000000024e-01 1.741303282657124521e-03
1.188484999999999958e-01 1.736034005619044958e-03
1.188501999999999892e-01 1.735776967714748034e-03
1.188518999999999964e-01 1.735776967714748034e-03
1.188535999999999898e-01 1.735776967714748034e-03
1.188552999999999971e-01 1.735776967714748034e-03
1.188569999999999904e-01 1.735776967714748034e-03
1.188586999999999977e-01 1.735776967714748034e-03
1.188603999999999911e-01 1.735776967714748034e-03
1.188620999999999983e-01 1.735776967714748034e-03
1.188637999999999917e-01 1.735776967714748034e-03
1.188654999999999989e-01 1.735776967714748034e-03
1.188671999999999923e-01 1.725623970495033643e-03
1.188688999999999996e-01 1.723567667260661072e-03
1.188705999999999929e-01 1.723439148308512827e-03
1.188723000000000002e-01 1.719069503935470979e-03
1.188739999999999936e-01 1.719069503935470979e-03
1.188757000000000008e-01 1.719069503935470979e-03
1.188773999999999942e-01 1.719069503935470979e-03
1.188791000000000014e-01 1.718298390222581292e-03
1.188807999999999948e-01 1.706603165577087310e-03
1.188825000000000021e-01 1.706603165577087310e-03
1.188841999999999954e-01 1.704932419199159692e-03
1.188859000000000027e-01 1.704161305486269788e-03
1.188875999999999961e-01 1.704161305486269788e-03
1.188892999999999894e-01 1.699663142161079912e-03
1.188909999999999967e-01 1.699663142161079912e-03
1.188926999999999901e-01 1.699663142161079912e-03
1.188943999999999973e-01 1.693237194553665710e-03
1.188960999999999907e-01 1.693237194553665710e-03
1.188977999999999979e-01 1.683212716286099347e-03
1.188994999999999913e-01 1.681413450956023483e-03
1.189011999999999986e-01 1.681413450956023483e-03
1.189028999999999919e-01 1.676529730774388438e-03
1.189045999999999992e-01 1.672417124305643297e-03
1.189062999999999926e-01 1.669718226310529501e-03
1.189079999999999998e-01 1.663677835559559818e-03
1.189096999999999932e-01 1.663677835559559818e-03
1.189114000000000004e-01 1.655709660526366242e-03
1.189130999999999938e-01 1.655709660526366242e-03
1.189148000000000011e-01 1.655195584717773045e-03
1.189164999999999944e-01 1.655195584717773045e-03
1.189182000000000017e-01 1.654810027861328093e-03
1.189198999999999951e-01 1.635660703991233516e-03
1.189216000000000023e-01 1.634504033421899094e-03
1.189232999999999957e-01 1.634504033421899094e-03
1.189250000000000029e-01 1.628335123718781165e-03
1.189266999999999963e-01 1.628335123718781165e-03
1.189283999999999897e-01 1.628335123718781165e-03
1.189300999999999969e-01 1.628335123718781165e-03
1.189317999999999903e-01 1.628335123718781165e-03
1.189334999999999976e-01 1.628335123718781165e-03
1.189351999999999909e-01 1.628335123718781165e-03
1.189368999999999982e-01 1.628335123718781165e-03
1.189385999999999916e-01 1.605715788140683106e-03
1.189402999999999988e-01 1.605330231284237937e-03
1.189419999999999922e-01 1.605201712332089692e-03
1.189436999999999994e-01 1.605201712332089692e-03
1.189453999999999928e-01 1.600575030054751571e-03
1.189471000000000001e-01 1.590036475978592228e-03
1.189487999999999934e-01 1.590036475978592228e-03
1.189505000000000007e-01 1.588751286457109127e-03
1.189521999999999941e-01 1.588751286457109127e-03
1.189539000000000013e-01 1.588751286457109127e-03
1.189555999999999947e-01 1.588751286457109127e-03
1.189573000000000019e-01 1.578341251333098246e-03
1.189589999999999953e-01 1.578341251333098246e-03
1.189607000000000026e-01 1.553280055664182230e-03
1.189623999999999959e-01 1.552380422999144298e-03
1.189640999999999893e-01 1.552380422999144298e-03
1.189657999999999966e-01 1.552380422999144298e-03
1.189674999999999899e-01 1.552380422999144298e-03
1.189691999999999972e-01 1.552380422999144298e-03
1.189708999999999905e-01 1.552380422999144298e-03
1.189725999999999978e-01 1.552380422999144298e-03
1.189742999999999912e-01 1.552380422999144298e-03
1.189759999999999984e-01 1.552380422999144298e-03
1.189776999999999918e-01 1.552380422999144298e-03
1.189793999999999990e-01 1.552380422999144298e-03
1.189810999999999924e-01 1.547753740721806177e-03
1.189827999999999997e-01 1.547753740721806177e-03
1.189844999999999930e-01 1.546597070152471538e-03
1.189862000000000003e-01 1.544155210061654016e-03
1.189878999999999937e-01 1.544155210061654016e-03
1.189896000000000009e-01 1.537986300358536304e-03
1.189912999999999943e-01 1.536701110837053420e-03
1.189930000000000015e-01 1.536701110837053420e-03
1.189946999999999949e-01 1.536701110837053420e-03
1.189964000000000022e-01 1.536701110837053420e-03
1.189980999999999955e-01 1.531688871703270347e-03
1.189998000000000028e-01 1.530275163229639435e-03
1.190014999999999962e-01 1.527576265234525206e-03
1.190031999999999895e-01 1.527576265234525206e-03
1.190048999999999968e-01 1.527447746282376961e-03
1.190065999999999902e-01 1.527447746282376961e-03
1.190082999999999974e-01 1.516780673254069156e-03
1.190099999999999908e-01 1.514081775258955143e-03
1.190116999999999980e-01 1.514081775258955143e-03
1.190133999999999914e-01 1.514081775258955143e-03
1.190150999999999987e-01 1.514081775258955143e-03
1.190167999999999920e-01 1.514081775258955143e-03
1.190184999999999993e-01 1.514081775258955143e-03
1.190201999999999927e-01 1.511382877263841348e-03
1.190218999999999999e-01 1.508298422412282383e-03
1.190235999999999933e-01 1.508298422412282383e-03
1.190253000000000005e-01 1.508298422412282383e-03
1.190269999999999939e-01 1.505342486512871664e-03
1.190287000000000012e-01 1.505213967560723419e-03
1.190303999999999945e-01 1.505213967560723419e-03
1.190321000000000018e-01 1.495832084053898715e-03
1.190337999999999952e-01 1.495832084053898715e-03
1.190355000000000024e-01 1.495832084053898715e-03
1.190371999999999958e-01 1.495446527197453763e-03
1.190389000000000030e-01 1.490305769111522228e-03
1.190405999999999964e-01 1.490305769111522228e-03
1.190422999999999898e-01 1.490305769111522228e-03
1.190439999999999970e-01 1.490305769111522228e-03
1.190456999999999904e-01 1.490305769111522228e-03
1.190473999999999977e-01 1.489663174350780786e-03
1.190490999999999910e-01 1.489663174350780786e-03
1.190507999999999983e-01 1.482337594078328435e-03
1.190524999999999917e-01 1.482337594078328435e-03
1.190541999999999989e-01 1.482337594078328435e-03
1.190558999999999923e-01 1.482337594078328435e-03
1.190575999999999995e-01 1.476682760183804137e-03
1.190592999999999929e-01 1.476682760183804137e-03
1.190610000000000002e-01 1.476682760183804137e-03
1.190626999999999935e-01 1.476682760183804137e-03
1.190644000000000008e-01 1.453035272988519467e-03
1.190660999999999942e-01 1.453035272988519467e-03
1.190678000000000014e-01 1.453035272988519467e-03
1.190694999999999948e-01 1.453035272988519467e-03
1.190712000000000020e-01 1.452778235084222977e-03
1.190728999999999954e-01 1.451364526610591848e-03
1.190746000000000027e-01 1.449950818136960503e-03
1.190762999999999960e-01 1.449950818136960503e-03
1.190780000000000033e-01 1.449950818136960503e-03
1.190796999999999967e-01 1.449950818136960503e-03
1.190813999999999900e-01 1.449950818136960503e-03
1.190830999999999973e-01 1.449950818136960503e-03
1.190847999999999907e-01 1.445838211668215361e-03
1.190864999999999979e-01 1.443010794720953104e-03
1.190881999999999913e-01 1.443010794720953104e-03
1.190898999999999985e-01 1.443010794720953104e-03
1.190915999999999919e-01 1.442496718912359907e-03
1.190932999999999992e-01 1.442496718912359907e-03
1.190949999999999925e-01 1.432343721692645516e-03
1.190966999999999998e-01 1.432343721692645516e-03
1.190983999999999932e-01 1.426431849893824294e-03
1.191001000000000004e-01 1.426431849893824294e-03
1.191017999999999938e-01 1.426431849893824294e-03
1.191035000000000010e-01 1.426431849893824294e-03
1.191051999999999944e-01 1.426431849893824294e-03
1.191069000000000017e-01 1.426431849893824294e-03
1.191085999999999950e-01 1.426431849893824294e-03
1.191103000000000023e-01 1.416792928482702883e-03
1.191119999999999957e-01 1.416792928482702883e-03
1.191137000000000029e-01 1.410881056683881661e-03
1.191153999999999963e-01 1.405483260693653636e-03
1.191171000000000035e-01 1.405483260693653636e-03
1.191187999999999969e-01 1.405483260693653636e-03
1.191204999999999903e-01 1.396486934043273667e-03
1.191221999999999975e-01 1.396486934043273667e-03
1.191238999999999909e-01 1.396486934043273667e-03
1.191255999999999982e-01 1.396486934043273667e-03
1.191272999999999915e-01 1.396486934043273667e-03
1.191289999999999988e-01 1.396486934043273667e-03
1.191306999999999922e-01 1.390703581196600690e-03
1.191323999999999994e-01 1.387876164249338649e-03
1.191340999999999928e-01 1.387876164249338649e-03
1.191358000000000000e-01 1.387876164249338649e-03
1.191374999999999934e-01 1.387619126345042159e-03
1.191392000000000007e-01 1.387619126345042159e-03
1.191408999999999940e-01 1.387619126345042159e-03
1.191426000000000013e-01 1.381321697689775986e-03
1.191442999999999947e-01 1.381321697689775986e-03
1.191460000000000019e-01 1.380165027120441564e-03
1.191476999999999953e-01 1.380165027120441564e-03
1.191494000000000025e-01 1.352019376599967017e-03
1.191510999999999959e-01 1.348292326987666611e-03
1.191528000000000032e-01 1.348292326987666611e-03
1.191544999999999965e-01 1.348292326987666611e-03
1.191562000000000038e-01 1.348292326987666611e-03
1.191578999999999972e-01 1.348292326987666611e-03
1.191595999999999905e-01 1.343151568901735076e-03
1.191612999999999978e-01 1.343151568901735076e-03
1.191629999999999912e-01 1.343151568901735076e-03
1.191646999999999984e-01 1.339424519289434670e-03
1.191663999999999918e-01 1.339424519289434670e-03
1.191680999999999990e-01 1.339424519289434670e-03
1.191697999999999924e-01 1.339424519289434670e-03
1.191714999999999997e-01 1.339424519289434670e-03
1.191731999999999930e-01 1.339424519289434670e-03
1.191749000000000003e-01 1.333127090634168930e-03
1.191765999999999937e-01 1.333127090634168930e-03
1.191783000000000009e-01 1.321174828084378241e-03
1.191799999999999943e-01 1.321174828084378241e-03
1.191817000000000015e-01 1.321174828084378241e-03
1.191833999999999949e-01 1.321174828084378241e-03
1.191851000000000022e-01 1.321174828084378241e-03
1.191867999999999955e-01 1.300097719932059121e-03
1.191885000000000028e-01 1.297141784032648836e-03
1.191901999999999961e-01 1.292258063851013791e-03
1.191919000000000034e-01 1.292258063851013791e-03
1.191935999999999968e-01 1.286474711004341031e-03
1.191953000000000040e-01 1.286474711004341031e-03
1.191969999999999974e-01 1.286474711004341031e-03
1.191986999999999908e-01 1.286474711004341031e-03
1.192003999999999980e-01 1.286474711004341031e-03
1.192020999999999914e-01 1.286474711004341031e-03
1.192037999999999986e-01 1.284418407769968243e-03
1.192054999999999920e-01 1.284418407769968243e-03
1.192071999999999993e-01 1.284418407769968243e-03
1.192088999999999926e-01 1.284032850913523508e-03
1.192105999999999999e-01 1.284032850913523508e-03
1.192122999999999933e-01 1.272080588363733037e-03
1.192140000000000005e-01 1.272080588363733037e-03
1.192156999999999939e-01 1.272080588363733037e-03
1.192174000000000011e-01 1.260385363718239055e-03
1.192190999999999945e-01 1.260385363718239055e-03
1.192208000000000018e-01 1.257686465723125042e-03
1.192224999999999951e-01 1.257686465723125042e-03
1.192242000000000024e-01 1.240464926135254791e-03
1.192258999999999958e-01 1.240464926135254791e-03
1.192276000000000030e-01 1.240464926135254791e-03
1.192292999999999964e-01 1.238023066044437268e-03
1.192310000000000036e-01 1.238023066044437268e-03
1.192326999999999970e-01 1.226199322446794825e-03
1.192343999999999904e-01 1.226199322446794825e-03
1.192360999999999976e-01 1.226199322446794825e-03
1.192377999999999910e-01 1.224914132925312158e-03
1.192394999999999983e-01 1.222343753882346390e-03
1.192411999999999916e-01 1.222343753882346390e-03
1.192428999999999989e-01 1.222343753882346390e-03
1.192445999999999923e-01 1.222343753882346390e-03
1.192462999999999995e-01 1.222343753882346390e-03
1.192479999999999929e-01 1.222343753882346390e-03
1.192497000000000001e-01 1.221444121217308458e-03
1.192513999999999935e-01 1.218745223222194446e-03
1.192531000000000008e-01 1.218745223222194446e-03
1.192547999999999941e-01 1.218102628461453004e-03
1.192565000000000014e-01 1.218102628461453004e-03
1.192581999999999948e-01 1.217717071605008052e-03
1.192599000000000020e-01 1.217717071605008052e-03
1.192615999999999954e-01 1.217717071605008052e-03
1.192633000000000026e-01 1.206535922768107267e-03
1.192649999999999960e-01 1.203065911060103568e-03
1.192667000000000033e-01 1.203065911060103568e-03
1.192683999999999966e-01 1.197796634022023788e-03
1.192701000000000039e-01 1.197796634022023788e-03
1.192717999999999973e-01 1.187129560993716200e-03
1.192734999999999906e-01 1.187129560993716200e-03
1.192751999999999979e-01 1.187129560993716200e-03
1.192768999999999913e-01 1.183916587190008991e-03
1.192785999999999985e-01 1.180703613386301781e-03
1.192802999999999919e-01 1.180703613386301781e-03
1.192819999999999991e-01 1.180703613386301781e-03
1.192836999999999925e-01 1.180703613386301781e-03
1.192853999999999998e-01 1.180703613386301781e-03
1.192870999999999931e-01 1.175177298443925511e-03
1.192888000000000004e-01 1.175177298443925511e-03
1.192904999999999938e-01 1.175177298443925511e-03
1.192922000000000010e-01 1.175177298443925511e-03
1.192938999999999944e-01 1.175177298443925511e-03
1.192956000000000016e-01 1.175177298443925511e-03
1.192972999999999950e-01 1.169393945597252751e-03
1.192990000000000023e-01 1.169393945597252751e-03
1.193000000000000033e-01 1.169393945597252751e-03
1.193009000000000014e-01 1.169393945597252751e-03
1.193017999999999995e-01 1.169393945597252751e-03
1.193026999999999976e-01 1.169393945597252751e-03
1.193036000000000096e-01 1.169393945597252751e-03
1.193045000000000078e-01 1.169393945597252751e-03
1.193054000000000059e-01 1.169393945597252751e-03
1.193063000000000040e-01 1.169393945597252751e-03
1.193072000000000021e-01 1.168400656046180699e-03
1.193081000000000003e-01 1.168108512060571412e-03
1.193089999999999984e-01 1.168108512060571412e-03
1.193098999999999965e-01 1.168108512060571412e-03
1.193108000000000085e-01 1.168108512060571412e-03
1.193117000000000066e-01 1.165888217769940009e-03
1.193126000000000048e-01 1.165888217769940009e-03
1.193135000000000029e-01 1.165888217769940009e-03
1.193144000000000010e-01 1.127325211669501139e-03
1.193152999999999991e-01 1.127033067683891636e-03
1.193161999999999973e-01 1.127033067683891636e-03
1.193171000000000093e-01 1.127033067683891636e-03
1.193180000000000074e-01 1.122943051885360319e-03
1.193189000000000055e-01 1.122943051885360319e-03
1.193198000000000036e-01 1.120430613609119412e-03
1.193207000000000018e-01 1.116282169013466325e-03
1.193215999999999999e-01 1.116282169013466325e-03
1.193224999999999980e-01 1.116282169013466325e-03
1.193234000000000100e-01 1.116282169013466325e-03
1.193243000000000081e-01 1.115522594650882006e-03
1.193252000000000063e-01 1.115522594650882006e-03
1.193261000000000044e-01 1.115522594650882006e-03
1.193270000000000025e-01 1.112542725997666066e-03
1.193279000000000006e-01 1.112542725997666066e-03
1.193287999999999988e-01 1.106524559894112849e-03
1.193296999999999969e-01 1.106524559894112849e-03
1.193306000000000089e-01 1.106524559894112849e-03
1.193315000000000070e-01 1.106524559894112849e-03
1.193324000000000051e-01 1.106524559894112849e-03
1.193333000000000033e-01 1.106524559894112849e-03
1.193342000000000014e-01 1.106524559894112849e-03
1.193350999999999995e-01 1.106524559894112849e-03
1.193359999999999976e-01 1.106524559894112849e-03
1.193369000000000096e-01 1.106524559894112849e-03
1.193378000000000078e-01 1.106524559894112849e-03
1.193387000000000059e-01 1.106524559894112849e-03
1.193396000000000040e-01 1.106524559894112849e-03
1.193405000000000021e-01 1.106524559894112849e-03
1.193414000000000003e-01 1.106524559894112849e-03
1.193422999999999984e-01 1.106524559894112849e-03
1.193431999999999965e-01 1.106524559894112849e-03
1.193441000000000085e-01 1.103077260863922094e-03
1.193450000000000066e-01 1.103077260863922094e-03
1.193459000000000048e-01 1.103077260863922094e-03
1.193468000000000029e-01 1.103077260863922094e-03
1.193477000000000010e-01 1.099688390630853109e-03
1.193485999999999991e-01 1.099688390630853109e-03
1.193494999999999973e-01 1.099688390630853109e-03
1.193504000000000093e-01 1.090807213468327711e-03
1.193513000000000074e-01 1.090807213468327711e-03
1.193522000000000055e-01 1.088236346394965250e-03
1.193531000000000036e-01 1.088236346394965250e-03
1.193540000000000018e-01 1.088236346394965250e-03
1.193548999999999999e-01 1.088236346394965250e-03
1.193557999999999980e-01 1.086425053684186891e-03
1.193567000000000100e-01 1.086425053684186891e-03
1.193576000000000081e-01 1.058320802268564046e-03
1.193585000000000063e-01 1.058320802268564046e-03
1.193594000000000044e-01 1.057502799108857739e-03
1.193603000000000025e-01 1.057502799108857739e-03
1.193612000000000006e-01 1.057502799108857739e-03
1.193620999999999988e-01 1.057502799108857739e-03
1.193629999999999969e-01 1.057327512717491994e-03
1.193639000000000089e-01 1.057327512717491994e-03
1.193648000000000070e-01 1.057327512717491994e-03
1.193657000000000051e-01 1.056860082340516961e-03
1.193666000000000033e-01 1.056860082340516961e-03
1.193675000000000014e-01 1.056860082340516961e-03
1.193683999999999995e-01 1.056860082340516961e-03
1.193692999999999976e-01 1.056860082340516961e-03
1.193702000000000096e-01 1.051134060222573031e-03
1.193711000000000078e-01 1.051134060222573031e-03
1.193720000000000059e-01 1.047277759612529231e-03
1.193729000000000040e-01 1.047277759612529231e-03
1.193738000000000021e-01 1.047277759612529231e-03
1.193747000000000003e-01 1.047277759612529231e-03
1.193755999999999984e-01 1.047277759612529231e-03
1.193764999999999965e-01 1.047277759612529231e-03
1.193774000000000085e-01 1.030742410027037786e-03
1.193783000000000066e-01 1.030625552432794245e-03
1.193792000000000048e-01 1.018238647442956104e-03
1.193801000000000029e-01 1.014207060441546559e-03
1.193810000000000010e-01 1.014207060441546559e-03
1.193818999999999991e-01 1.014207060441546559e-03
1.193827999999999973e-01 1.014207060441546559e-03
1.193837000000000093e-01 1.014207060441546559e-03
1.193846000000000074e-01 1.014207060441546559e-03
1.193855000000000055e-01 1.014207060441546559e-03
1.193864000000000036e-01 1.014207060441546559e-03
1.193873000000000018e-01 1.014207060441546559e-03
1.193881999999999999e-01 1.014207060441546559e-03
1.193890999999999980e-01 1.013564343673205997e-03
1.193899999999999961e-01 1.013564343673205997e-03
1.193909000000000081e-01 1.013564343673205997e-03
1.193918000000000063e-01 1.013564343673205997e-03
1.193927000000000044e-01 1.013564343673205997e-03
1.193936000000000025e-01 1.013564343673205997e-03
1.193945000000000006e-01 1.012980055701986990e-03
1.193953999999999988e-01 1.012980055701986990e-03
1.193962999999999969e-01 1.008714753512090145e-03
1.193972000000000089e-01 1.008714753512090145e-03
1.193981000000000070e-01 1.008714753512090145e-03
1.193990000000000051e-01 1.008714753512090145e-03
1.193999000000000033e-01 1.008714753512090145e-03
1.194008000000000014e-01 1.008714753512090145e-03
1.194016999999999995e-01 1.008714753512090145e-03
1.194025999999999976e-01 1.008714753512090145e-03
1.194035000000000096e-01 1.008714753512090145e-03
1.194044000000000078e-01 1.008714753512090145e-03
1.194053000000000059e-01 1.008714753512090145e-03
1.194062000000000040e-01 9.967368501021052658e-04
1.194071000000000021e-01 9.967368501021052658e-04
1.194080000000000003e-01 9.967368501021052658e-04
1.194088999999999984e-01 9.967368501021052658e-04
1.194097999999999965e-01 9.967368501021052658e-04
1.194107000000000085e-01 9.967368501021052658e-04
1.194116000000000066e-01 9.967368501021052658e-04
1.194125000000000048e-01 9.967368501021052658e-04
1.194134000000000029e-01 9.967368501021052658e-04
1.194143000000000010e-01 9.967368501021052658e-04
1.194151999999999991e-01 9.967368501021052658e-04
1.194160999999999972e-01 9.955098453625459143e-04
1.194170000000000093e-01 9.955098453625459143e-04
1.194179000000000074e-01 9.955098453625459143e-04
1.194188000000000055e-01 9.955098453625459143e-04
1.194197000000000036e-01 9.955098453625459143e-04
1.194206000000000018e-01 9.905433976071863038e-04
1.194214999999999999e-01 9.905433976071863038e-04
1.194223999999999980e-01 9.905433976071863038e-04
1.194232999999999961e-01 9.870376697798735610e-04
1.194242000000000081e-01 9.870376697798735610e-04
1.194251000000000063e-01 9.846420890978766285e-04
1.194260000000000044e-01 9.846420890978766285e-04
1.194269000000000025e-01 9.846420890978766285e-04
1.194278000000000006e-01 9.846420890978766285e-04
1.194286999999999987e-01 9.846420890978766285e-04
1.194295999999999969e-01 9.846420890978766285e-04
1.194305000000000089e-01 9.846420890978766285e-04
1.194314000000000070e-01 9.823049372130016835e-04
1.194323000000000051e-01 9.823049372130016835e-04
1.194332000000000032e-01 9.823049372130016835e-04
1.194341000000000014e-01 9.823049372130016835e-04
1.194349999999999995e-01 9.789744957770544695e-04
1.194358999999999976e-01 9.789744957770544695e-04
1.194368000000000096e-01 9.789744957770544695e-04
1.194377000000000077e-01 9.729563296735012530e-04
1.194386000000000059e-01 9.729563296735012530e-04
1.194395000000000040e-01 9.729563296735012530e-04
1.194404000000000021e-01 9.729563296735012530e-04
1.194413000000000002e-01 9.729563296735012530e-04
1.194421999999999984e-01 9.721383265137949464e-04
1.194430999999999965e-01 9.721383265137949464e-04
1.194440000000000085e-01 9.721383265137949464e-04
1.194449000000000066e-01 9.721383265137949464e-04
1.194458000000000047e-01 9.721383265137949464e-04
1.194467000000000029e-01 9.721383265137949464e-04
1.194476000000000010e-01 9.721383265137949464e-04
1.194484999999999991e-01 9.721383265137949464e-04
1.194493999999999972e-01 9.721383265137949464e-04
1.194503000000000092e-01 9.721383265137949464e-04
1.194512000000000074e-01 9.721383265137949464e-04
1.194521000000000055e-01 9.721383265137949464e-04
1.194530000000000036e-01 9.721383265137949464e-04
1.194539000000000017e-01 9.721383265137949464e-04
1.194547999999999999e-01 9.721383265137949464e-04
1.194556999999999980e-01 9.721383265137949464e-04
1.194565999999999961e-01 9.486499500708002203e-04
1.194575000000000081e-01 9.486499500708002203e-04
1.194584000000000062e-01 9.486499500708002203e-04
1.194593000000000044e-01 9.473060877369971107e-04
1.194602000000000025e-01 9.473060877369971107e-04
1.194611000000000006e-01 9.413463504305656648e-04
1.194619999999999987e-01 9.413463504305656648e-04
1.194628999999999969e-01 9.413463504305656648e-04
1.194638000000000089e-01 9.413463504305656648e-04
1.194647000000000070e-01 9.413463504305656648e-04
1.194656000000000051e-01 9.413463504305656648e-04
1.194665000000000032e-01 9.322314580795526421e-04
1.194674000000000014e-01 9.322314580795526421e-04
1.194682999999999995e-01 9.322314580795526421e-04
1.194691999999999976e-01 9.322314580795526421e-04
1.194701000000000096e-01 9.317640277025777181e-04
1.194710000000000077e-01 9.291347318320931610e-04
1.194719000000000059e-01 9.291347318320931610e-04
1.194728000000000040e-01 9.291347318320931610e-04
1.194737000000000021e-01 9.291347318320931610e-04
1.194746000000000002e-01 9.285504438608744790e-04
1.194754999999999984e-01 9.227075641486866828e-04
1.194763999999999965e-01 9.227075641486866828e-04
1.194773000000000085e-01 9.227075641486866828e-04
1.194782000000000066e-01 9.227075641486866828e-04
1.194791000000000047e-01 9.227075641486866828e-04
1.194800000000000029e-01 9.227075641486866828e-04
1.194809000000000010e-01 9.160466812767926884e-04
1.194817999999999991e-01 9.068733601286578950e-04
1.194826999999999972e-01 9.068733601286578950e-04
1.194836000000000092e-01 9.068733601286578950e-04
1.194845000000000074e-01 9.068733601286578950e-04
1.194854000000000055e-01 9.068733601286578950e-04
1.194863000000000036e-01 9.068733601286578950e-04
1.194872000000000017e-01 9.068733601286578950e-04
1.194880999999999999e-01 8.962393190524763423e-04
1.194889999999999980e-01 8.962393190524763423e-04
1.194898999999999961e-01 8.962393190524763423e-04
1.194908000000000081e-01 8.962393190524763423e-04
1.194917000000000062e-01 8.944280263416980918e-04
1.194926000000000044e-01 8.944280263416980918e-04
1.194935000000000025e-01 8.944280263416980918e-04
1.194944000000000006e-01 8.944280263416980918e-04
1.194952999999999987e-01 8.941943111532105757e-04
1.194961999999999969e-01 8.941943111532105757e-04
1.194971000000000089e-01 8.941943111532105757e-04
1.194980000000000070e-01 8.941943111532105757e-04
1.194989000000000051e-01 8.941943111532105757e-04
1.194998000000000032e-01 8.941943111532105757e-04
1.195007000000000014e-01 8.941943111532105757e-04
1.195015999999999995e-01 8.941943111532105757e-04
1.195024999999999976e-01 8.941943111532105757e-04
1.195034000000000096e-01 8.941943111532105757e-04
1.195043000000000077e-01 8.941943111532105757e-04
1.195052000000000059e-01 8.941943111532105757e-04
1.195061000000000040e-01 8.941943111532105757e-04
1.195070000000000021e-01 8.941943111532105757e-04
1.195079000000000002e-01 8.941943111532105757e-04
1.195087999999999984e-01 8.941358823560885882e-04
1.195096999999999965e-01 8.941358823560885882e-04
1.195106000000000085e-01 8.941358823560885882e-04
1.195115000000000066e-01 8.941358823560885882e-04
1.195124000000000047e-01 8.941358823560885882e-04
1.195133000000000029e-01 8.941358823560885882e-04
1.195142000000000010e-01 8.941358823560885882e-04
1.195150999999999991e-01 8.929088776165292366e-04
1.195159999999999972e-01 8.929088776165292366e-04
1.195169000000000092e-01 8.929088776165292366e-04
1.195178000000000074e-01 8.929088776165292366e-04
1.195187000000000055e-01 8.912144424999948527e-04
1.195196000000000036e-01 8.909222985143854575e-04
1.195205000000000017e-01 8.904548681374104251e-04
1.195213999999999999e-01 8.766656720166474039e-04
1.195222999999999980e-01 8.766656720166474039e-04
1.195231999999999961e-01 8.766656720166474039e-04
1.195241000000000081e-01 8.724003698267503420e-04
1.195250000000000062e-01 8.724003698267503420e-04
1.195259000000000044e-01 8.724003698267503420e-04
1.195268000000000025e-01 8.705306483188503209e-04
1.195277000000000006e-01 8.705306483188503209e-04
1.195285999999999987e-01 8.705306483188503209e-04
1.195294999999999969e-01 8.705306483188503209e-04
1.195304000000000089e-01 8.705306483188503209e-04
1.195313000000000070e-01 8.673754932742689609e-04
1.195322000000000051e-01 8.673754932742689609e-04
1.195331000000000032e-01 8.673754932742689609e-04
1.195340000000000014e-01 8.607730391994967371e-04
1.195348999999999995e-01 8.607730391994967371e-04
1.195357999999999976e-01 8.593123192714497609e-04
1.195367000000000096e-01 8.593123192714497609e-04
1.195376000000000077e-01 8.593123192714497609e-04
1.195385000000000059e-01 8.593123192714497609e-04
1.195394000000000040e-01 8.593123192714497609e-04
1.195403000000000021e-01 8.593123192714497609e-04
1.195412000000000002e-01 8.593123192714497609e-04
1.195420999999999984e-01 8.593123192714497609e-04
1.195429999999999965e-01 8.593123192714497609e-04
1.195439000000000085e-01 8.593123192714497609e-04
1.195448000000000066e-01 8.593123192714497609e-04
1.195457000000000047e-01 8.593123192714497609e-04
1.195466000000000029e-01 8.501389981233149675e-04
1.195475000000000010e-01 8.501389981233149675e-04
1.195483999999999991e-01 8.501389981233149675e-04
1.195492999999999972e-01 8.482108478182930674e-04
1.195502000000000092e-01 8.473928446585867608e-04
1.195511000000000074e-01 8.473928446585867608e-04
1.195520000000000055e-01 8.473928446585867608e-04
1.195529000000000036e-01 8.473928446585867608e-04
1.195538000000000017e-01 8.473928446585867608e-04
1.195546999999999999e-01 8.473928446585867608e-04
1.195555999999999980e-01 8.473928446585867608e-04
1.195564999999999961e-01 8.473928446585867608e-04
1.195574000000000081e-01 8.473928446585867608e-04
1.195583000000000062e-01 8.473928446585867608e-04
1.195592000000000044e-01 8.399723874241083387e-04
1.195601000000000025e-01 8.399723874241083387e-04
1.195610000000000006e-01 8.399723874241083387e-04
1.195618999999999987e-01 8.393296706557677777e-04
1.195627999999999969e-01 8.393296706557677777e-04
1.195637000000000089e-01 8.393296706557677777e-04
1.195646000000000070e-01 8.393296706557677777e-04
1.195655000000000051e-01 8.393296706557677777e-04
1.195664000000000032e-01 8.393296706557677777e-04
1.195673000000000014e-01 8.393296706557677777e-04
1.195681999999999995e-01 8.393296706557677777e-04
1.195690999999999976e-01 8.393296706557677777e-04
1.195700000000000096e-01 8.380442371190864386e-04
1.195709000000000077e-01 8.378105219305989225e-04
1.195718000000000059e-01 8.378105219305989225e-04
1.195727000000000040e-01 8.378105219305989225e-04
1.195736000000000021e-01 8.378105219305989225e-04
1.195745000000000002e-01 8.378105219305989225e-04
1.195753999999999984e-01 8.378105219305989225e-04
1.195762999999999965e-01 8.378105219305989225e-04
1.195772000000000085e-01 8.378105219305989225e-04
1.195781000000000066e-01 8.371678051622582530e-04
1.195790000000000047e-01 8.371678051622582530e-04
1.195799000000000029e-01 8.371678051622582530e-04
1.195808000000000010e-01 8.371678051622582530e-04
1.195816999999999991e-01 8.371678051622582530e-04
1.195825999999999972e-01 8.371678051622582530e-04
1.195835000000000092e-01 8.371678051622582530e-04
1.195844000000000074e-01 8.371678051622582530e-04
1.195853000000000055e-01 8.371678051622582530e-04
1.195862000000000036e-01 8.371678051622582530e-04
1.195871000000000017e-01 8.371678051622582530e-04
1.195879999999999999e-01 7.598665065700146602e-04
1.195888999999999980e-01 7.597496489757707937e-04
1.195897999999999961e-01 7.597496489757707937e-04
1.195907000000000081e-01 7.597496489757707937e-04
1.195916000000000062e-01 7.597496489757707937e-04
1.195925000000000044e-01 7.597496489757707937e-04
1.195934000000000025e-01 7.567697803225551792e-04
1.195943000000000006e-01 7.567697803225551792e-04
1.195951999999999987e-01 7.567697803225551792e-04
1.195960999999999969e-01 7.567697803225551792e-04
1.195970000000000089e-01 7.543157708434361508e-04
1.195979000000000070e-01 7.543157708434361508e-04
1.195988000000000051e-01 7.543157708434361508e-04
1.195997000000000032e-01 7.543157708434361508e-04
1.196006000000000014e-01 7.543157708434361508e-04
1.196014999999999995e-01 7.543157708434361508e-04
1.196023999999999976e-01 7.543157708434361508e-04
1.196032999999999957e-01 7.543157708434361508e-04
1.196042000000000077e-01 7.543157708434361508e-04
1.196051000000000059e-01 7.543157708434361508e-04
1.196060000000000040e-01 7.543157708434361508e-04
1.196069000000000021e-01 7.543157708434361508e-04
1.196078000000000002e-01 7.543157708434361508e-04
1.196086999999999984e-01 7.453761648837889820e-04
1.196095999999999965e-01 7.453761648837889820e-04
1.196105000000000085e-01 7.448503057096920706e-04
1.196114000000000066e-01 7.448503057096920706e-04
1.196123000000000047e-01 7.448503057096920706e-04
1.196132000000000029e-01 7.392995699831137781e-04
1.196141000000000010e-01 7.392995699831137781e-04
1.196149999999999991e-01 7.392995699831137781e-04
1.196158999999999972e-01 7.392995699831137781e-04
1.196168000000000092e-01 7.392995699831137781e-04
1.196177000000000074e-01 7.391242835917480325e-04
1.196186000000000055e-01 7.391242835917480325e-04
1.196195000000000036e-01 7.337488342565354855e-04
1.196204000000000017e-01 7.330476886910729370e-04
1.196212999999999999e-01 7.305352504148321380e-04
1.196221999999999980e-01 7.305352504148321380e-04
1.196230999999999961e-01 7.305352504148321380e-04
1.196240000000000081e-01 7.305352504148321380e-04
1.196249000000000062e-01 7.305352504148321380e-04
1.196258000000000044e-01 7.305352504148321380e-04
1.196267000000000025e-01 7.305352504148321380e-04
1.196276000000000006e-01 7.305352504148321380e-04
1.196284999999999987e-01 7.305352504148321380e-04
1.196293999999999969e-01 7.305352504148321380e-04
1.196303000000000089e-01 7.305352504148321380e-04
1.196312000000000070e-01 7.270295225875195036e-04
1.196321000000000051e-01 7.270295225875195036e-04
1.196330000000000032e-01 7.270295225875195036e-04
1.196339000000000014e-01 7.270295225875195036e-04
1.196347999999999995e-01 7.270295225875195036e-04
1.196356999999999976e-01 7.270295225875195036e-04
1.196365999999999957e-01 7.270295225875195036e-04
1.196375000000000077e-01 7.270295225875195036e-04
1.196384000000000059e-01 7.270295225875195036e-04
1.196393000000000040e-01 7.270295225875195036e-04
1.196402000000000021e-01 7.270295225875195036e-04
1.196411000000000002e-01 7.270295225875195036e-04
1.196419999999999983e-01 7.270295225875195036e-04
1.196428999999999965e-01 7.270295225875195036e-04
1.196438000000000085e-01 7.270295225875195036e-04
1.196447000000000066e-01 7.270295225875195036e-04
1.196456000000000047e-01 7.270295225875195036e-04
1.196465000000000029e-01 7.270295225875195036e-04
1.196474000000000010e-01 7.270295225875195036e-04
1.196482999999999991e-01 7.265620922105444713e-04
1.196491999999999972e-01 7.264452346163008216e-04
1.196501000000000092e-01 7.264452346163008216e-04
1.196510000000000074e-01 7.249845146882538454e-04
1.196519000000000055e-01 7.249845146882538454e-04
1.196528000000000036e-01 7.249845146882538454e-04
1.196537000000000017e-01 7.206023549041130254e-04
1.196545999999999998e-01 7.186742045990911253e-04
1.196554999999999980e-01 7.164539103084597215e-04
1.196563999999999961e-01 7.164539103084597215e-04
1.196573000000000081e-01 7.164539103084597215e-04
1.196582000000000062e-01 7.164539103084597215e-04
1.196591000000000043e-01 7.154021919602660071e-04
1.196600000000000025e-01 7.154021919602660071e-04
1.196609000000000006e-01 7.154021919602660071e-04
1.196617999999999987e-01 7.121301793214407806e-04
1.196626999999999968e-01 7.121301793214407806e-04
1.196636000000000088e-01 7.121301793214407806e-04
1.196645000000000070e-01 7.097345986394438481e-04
1.196654000000000051e-01 7.097345986394438481e-04
1.196663000000000032e-01 7.097345986394438481e-04
1.196672000000000013e-01 7.097345986394438481e-04
1.196680999999999995e-01 7.097345986394438481e-04
1.196689999999999976e-01 7.097345986394438481e-04
1.196698999999999957e-01 7.097345986394438481e-04
1.196708000000000077e-01 7.097345986394438481e-04
1.196717000000000058e-01 7.097345986394438481e-04
1.196726000000000040e-01 7.097345986394438481e-04
1.196735000000000021e-01 7.097345986394438481e-04
1.196744000000000002e-01 7.097345986394438481e-04
1.196752999999999983e-01 7.058198692322780604e-04
1.196761999999999965e-01 7.058198692322780604e-04
1.196771000000000085e-01 7.058198692322780604e-04
1.196780000000000066e-01 7.058198692322780604e-04
1.196789000000000047e-01 7.058198692322780604e-04
1.196798000000000028e-01 7.058198692322780604e-04
1.196807000000000010e-01 7.058198692322780604e-04
1.196815999999999991e-01 7.058198692322780604e-04
1.196824999999999972e-01 7.058198692322780604e-04
1.196834000000000092e-01 7.058198692322780604e-04
1.196843000000000073e-01 7.058198692322780604e-04
1.196852000000000055e-01 7.034242885502811279e-04
1.196861000000000036e-01 7.034242885502811279e-04
1.196870000000000017e-01 7.034242885502811279e-04
1.196878999999999998e-01 7.034242885502811279e-04
1.196887999999999980e-01 7.034242885502811279e-04
1.196896999999999961e-01 7.034242885502811279e-04
1.196906000000000081e-01 7.034242885502811279e-04
1.196915000000000062e-01 7.034242885502811279e-04
1.196924000000000043e-01 7.034242885502811279e-04
1.196933000000000025e-01 7.034242885502811279e-04
1.196942000000000006e-01 7.034242885502811279e-04
1.196950999999999987e-01 7.034242885502811279e-04
1.196959999999999968e-01 7.034242885502811279e-04
1.196969000000000088e-01 7.034242885502811279e-04
1.196978000000000070e-01 7.034242885502811279e-04
1.196987000000000051e-01 7.034242885502811279e-04
1.196996000000000032e-01 7.034242885502811279e-04
1.197005000000000013e-01 7.034242885502811279e-04
1.197013999999999995e-01 7.034242885502811279e-04
1.197022999999999976e-01 7.034242885502811279e-04
1.197031999999999957e-01 7.034242885502811279e-04
1.197041000000000077e-01 7.009118502740403290e-04
1.197050000000000058e-01 7.009118502740403290e-04
1.197059000000000040e-01 7.009118502740403290e-04
1.197068000000000021e-01 7.009118502740403290e-04
1.197077000000000002e-01 7.009118502740403290e-04
1.197085999999999983e-01 6.981656968093121222e-04
1.197094999999999965e-01 6.981656968093121222e-04
1.197104000000000085e-01 6.962959753014119927e-04
1.197113000000000066e-01 6.962959753014119927e-04
1.197122000000000047e-01 6.962959753014119927e-04
1.197131000000000028e-01 6.962959753014119927e-04
1.197140000000000010e-01 6.962959753014119927e-04
1.197148999999999991e-01 6.962959753014119927e-04
1.197157999999999972e-01 6.962959753014119927e-04
1.197167000000000092e-01 6.962959753014119927e-04
1.197176000000000073e-01 6.962959753014119927e-04
1.197185000000000055e-01 6.962959753014119927e-04
1.197194000000000036e-01 6.962959753014119927e-04
1.197203000000000017e-01 6.962959753014119927e-04
1.197211999999999998e-01 6.962959753014119927e-04
1.197220999999999980e-01 6.962959753014119927e-04
1.197229999999999961e-01 6.962959753014119927e-04
1.197239000000000081e-01 6.958869737215588394e-04
1.197248000000000062e-01 6.958869737215588394e-04
1.197257000000000043e-01 6.910373835604430954e-04
1.197266000000000025e-01 6.910373835604430954e-04
1.197275000000000006e-01 6.910373835604430954e-04
1.197283999999999987e-01 6.899856652122492726e-04
1.197292999999999968e-01 6.899856652122492726e-04
1.197302000000000088e-01 6.899856652122492726e-04
1.197311000000000070e-01 6.899856652122492726e-04
1.197320000000000051e-01 6.899856652122492726e-04
1.197329000000000032e-01 6.899856652122492726e-04
1.197338000000000013e-01 6.899856652122492726e-04
1.197346999999999995e-01 6.810460592526019954e-04
1.197355999999999976e-01 6.810460592526019954e-04
1.197364999999999957e-01 6.810460592526019954e-04
1.197374000000000077e-01 6.810460592526019954e-04
1.197383000000000058e-01 6.810460592526019954e-04
1.197392000000000040e-01 6.805786288756270714e-04
1.197401000000000021e-01 6.805786288756270714e-04
1.197410000000000002e-01 6.805786288756270714e-04
1.197418999999999983e-01 6.805786288756270714e-04
1.197427999999999965e-01 6.805786288756270714e-04
1.197437000000000085e-01 6.802864848900176762e-04
1.197446000000000066e-01 6.802864848900176762e-04
1.197455000000000047e-01 6.802864848900176762e-04
1.197464000000000028e-01 6.802864848900176762e-04
1.197473000000000010e-01 6.802864848900176762e-04
1.197481999999999991e-01 6.802864848900176762e-04
1.197490999999999972e-01 6.802864848900176762e-04
1.197499999999999953e-01 6.769560434540706790e-04
1.197509000000000073e-01 6.735087444238799237e-04
1.197518000000000055e-01 6.735087444238799237e-04
1.197527000000000036e-01 6.701783029879328181e-04
1.197536000000000017e-01 6.687175830598860587e-04
1.197544999999999998e-01 6.687175830598860587e-04
1.197553999999999980e-01 6.687175830598860587e-04
1.197562999999999961e-01 6.687175830598860587e-04
1.197572000000000081e-01 6.687175830598860587e-04
1.197581000000000062e-01 6.635758489131607027e-04
1.197590000000000043e-01 6.574992540124854987e-04
1.197599000000000025e-01 6.574992540124854987e-04
1.197608000000000006e-01 6.574992540124854987e-04
1.197616999999999987e-01 6.574992540124854987e-04
1.197625999999999968e-01 6.574992540124854987e-04
1.197635000000000088e-01 6.544025277650260177e-04
1.197644000000000070e-01 6.544025277650260177e-04
1.197653000000000051e-01 6.544025277650260177e-04
1.197662000000000032e-01 6.544025277650260177e-04
1.197671000000000013e-01 6.448202050370380710e-04
1.197679999999999995e-01 6.448202050370380710e-04
1.197688999999999976e-01 6.448202050370380710e-04
1.197697999999999957e-01 6.448202050370380710e-04
1.197707000000000077e-01 6.433010563118693242e-04
1.197716000000000058e-01 6.433010563118693242e-04
1.197725000000000040e-01 6.433010563118693242e-04
1.197734000000000021e-01 6.433010563118693242e-04
1.197743000000000002e-01 6.433010563118693242e-04
1.197751999999999983e-01 6.433010563118693242e-04
1.197760999999999965e-01 6.433010563118693242e-04
1.197770000000000085e-01 6.433010563118693242e-04
1.197779000000000066e-01 6.433010563118693242e-04
1.197788000000000047e-01 6.433010563118693242e-04
1.197797000000000028e-01 6.433010563118693242e-04
1.197806000000000010e-01 6.421324803694317433e-04
1.197814999999999991e-01 6.421324803694317433e-04
1.197823999999999972e-01 6.421324803694317433e-04
1.197832999999999953e-01 6.421324803694317433e-04
1.197842000000000073e-01 6.420740515723098642e-04
1.197851000000000055e-01 6.420740515723098642e-04
1.197860000000000036e-01 6.420740515723098642e-04
1.197869000000000017e-01 6.337771623810033650e-04
1.197877999999999998e-01 6.337771623810033650e-04
1.197886999999999980e-01 6.337771623810033650e-04
1.197895999999999961e-01 6.313231529018845534e-04
1.197905000000000081e-01 6.313231529018845534e-04
1.197914000000000062e-01 6.313231529018845534e-04
1.197923000000000043e-01 6.304467209450562593e-04
1.197932000000000025e-01 6.304467209450562593e-04
1.197941000000000006e-01 6.269994219148656124e-04
1.197949999999999987e-01 6.261814187551591974e-04
1.197958999999999968e-01 6.261814187551591974e-04
1.197968000000000088e-01 6.261814187551591974e-04
1.197977000000000070e-01 6.261814187551591974e-04
1.197986000000000051e-01 6.261814187551591974e-04
1.197995000000000032e-01 6.261814187551591974e-04
1.198004000000000013e-01 6.261814187551591974e-04
1.198012999999999995e-01 6.261814187551591974e-04
1.198021999999999976e-01 6.261814187551591974e-04
1.198030999999999957e-01 6.261814187551591974e-04
1.198040000000000077e-01 6.248375564213560877e-04
1.198049000000000058e-01 6.170665264041463914e-04
1.198058000000000040e-01 6.170665264041463914e-04
1.198067000000000021e-01 6.170665264041463914e-04
1.198076000000000002e-01 6.170665264041463914e-04
1.198084999999999983e-01 6.170665264041463914e-04
1.198093999999999965e-01 6.170665264041463914e-04
1.198103000000000085e-01 6.170665264041463914e-04
1.198112000000000066e-01 6.170665264041463914e-04
1.198121000000000047e-01 6.004143192244112970e-04
1.198130000000000028e-01 6.004143192244112970e-04
1.198139000000000010e-01 6.004143192244112970e-04
1.198147999999999991e-01 6.004143192244112970e-04
1.198156999999999972e-01 6.004143192244112970e-04
1.198165999999999953e-01 6.004143192244112970e-04
1.198175000000000073e-01 6.004143192244112970e-04
1.198184000000000055e-01 6.004143192244112970e-04
1.198193000000000036e-01 6.004143192244112970e-04
1.198202000000000017e-01 6.004143192244112970e-04
1.198210999999999998e-01 6.004143192244112970e-04
1.198219999999999980e-01 5.981355961366581226e-04
1.198228999999999961e-01 5.981355961366581226e-04
1.198238000000000081e-01 5.981355961366581226e-04
1.198247000000000062e-01 5.981355961366581226e-04
1.198256000000000043e-01 5.981355961366581226e-04
1.198265000000000025e-01 5.981355961366581226e-04
1.198274000000000006e-01 5.981355961366581226e-04
1.198282999999999987e-01 5.981355961366581226e-04
1.198291999999999968e-01 5.981355961366581226e-04
1.198301000000000088e-01 5.981355961366581226e-04
1.198310000000000070e-01 5.981355961366581226e-04
1.198319000000000051e-01 5.981355961366581226e-04
1.198328000000000032e-01 5.939287227438830481e-04
1.198337000000000013e-01 5.939287227438830481e-04
1.198345999999999995e-01 5.916499996561297653e-04
1.198354999999999976e-01 5.916499996561297653e-04
1.198363999999999957e-01 5.916499996561297653e-04
1.198373000000000077e-01 5.916499996561297653e-04
1.198382000000000058e-01 5.916499996561297653e-04
1.198391000000000040e-01 5.916499996561297653e-04
1.198400000000000021e-01 5.916499996561297653e-04
1.198409000000000002e-01 5.916499996561297653e-04
1.198417999999999983e-01 5.916499996561297653e-04
1.198426999999999965e-01 5.909488540906672168e-04
1.198436000000000085e-01 5.909488540906672168e-04
1.198445000000000066e-01 5.909488540906672168e-04
1.198454000000000047e-01 5.909488540906672168e-04
1.198463000000000028e-01 5.909488540906672168e-04
1.198472000000000010e-01 5.633704618491411744e-04
1.198480999999999991e-01 5.633704618491411744e-04
1.198489999999999972e-01 5.633120330520192953e-04
1.198498999999999953e-01 5.633120330520192953e-04
1.198508000000000073e-01 5.633120330520192953e-04
1.198517000000000055e-01 5.633120330520192953e-04
1.198526000000000036e-01 5.633120330520192953e-04
1.198535000000000017e-01 5.633120330520192953e-04
1.198543999999999998e-01 5.606243083844128592e-04
1.198552999999999980e-01 5.606243083844128592e-04
1.198561999999999961e-01 5.606243083844128592e-04
1.198571000000000081e-01 5.606243083844128592e-04
1.198580000000000062e-01 5.603905931959253430e-04
1.198589000000000043e-01 5.603905931959253430e-04
1.198598000000000025e-01 5.595141612390972657e-04
1.198607000000000006e-01 5.581118701081722771e-04
1.198615999999999987e-01 5.581118701081722771e-04
1.198624999999999968e-01 5.581118701081722771e-04
1.198634000000000088e-01 5.581118701081722771e-04
1.198643000000000070e-01 5.570017229628565752e-04
1.198652000000000051e-01 5.570017229628565752e-04
1.198661000000000032e-01 5.570017229628565752e-04
1.198670000000000013e-01 5.570017229628565752e-04
1.198678999999999994e-01 5.570017229628565752e-04
1.198687999999999976e-01 5.570017229628565752e-04
1.198696999999999957e-01 5.570017229628565752e-04
1.198706000000000077e-01 5.550735726578345667e-04
1.198715000000000058e-01 5.422776660881433808e-04
1.198724000000000040e-01 5.422776660881433808e-04
1.198733000000000021e-01 5.422776660881433808e-04
1.198742000000000002e-01 5.422776660881433808e-04
1.198750999999999983e-01 5.422776660881433808e-04
1.198759999999999964e-01 5.422776660881433808e-04
1.198769000000000085e-01 5.422776660881433808e-04
1.198778000000000066e-01 5.422776660881433808e-04
1.198787000000000047e-01 5.422776660881433808e-04
1.198796000000000028e-01 5.422776660881433808e-04
1.198805000000000009e-01 5.422776660881433808e-04
1.198813999999999991e-01 5.422776660881433808e-04
1.198822999999999972e-01 5.422776660881433808e-04
1.198831999999999953e-01 5.422776660881433808e-04
1.198841000000000073e-01 5.422776660881433808e-04
1.198850000000000054e-01 5.422776660881433808e-04
1.198859000000000036e-01 5.422776660881433808e-04
1.198868000000000017e-01 5.422192372910216102e-04
1.198876999999999998e-01 5.422192372910216102e-04
1.198885999999999979e-01 5.287806139529897548e-04
1.198894999999999961e-01 5.287806139529897548e-04
1.198904000000000081e-01 5.262097468796271852e-04
1.198913000000000062e-01 5.262097468796271852e-04
1.198922000000000043e-01 5.262097468796271852e-04
1.198931000000000024e-01 5.262097468796271852e-04
1.198940000000000006e-01 5.262097468796271852e-04
1.198948999999999987e-01 5.262097468796271852e-04
1.198957999999999968e-01 5.262097468796271852e-04
1.198967000000000088e-01 5.262097468796271852e-04
1.198976000000000069e-01 5.262097468796271852e-04
1.198985000000000051e-01 5.262097468796271852e-04
1.198994000000000032e-01 5.262097468796271852e-04
1.199003000000000013e-01 5.262097468796271852e-04
1.199011999999999994e-01 5.262097468796271852e-04
1.199020999999999976e-01 5.262097468796271852e-04
1.199029999999999957e-01 5.262097468796271852e-04
1.199039000000000077e-01 5.262097468796271852e-04
1.199048000000000058e-01 5.262097468796271852e-04
1.199057000000000039e-01 5.262097468796271852e-04
1.199066000000000021e-01 5.262097468796271852e-04
1.199075000000000002e-01 5.262097468796271852e-04
1.199083999999999983e-01 5.262097468796271852e-04
1.199092999999999964e-01 5.262097468796271852e-04
1.199102000000000084e-01 5.262097468796271852e-04
1.199111000000000066e-01 5.262097468796271852e-04
1.199120000000000047e-01 5.262097468796271852e-04
1.199129000000000028e-01 5.262097468796271852e-04
1.199138000000000009e-01 5.143487010638860641e-04
1.199146999999999991e-01 5.143487010638860641e-04
1.199155999999999972e-01 5.143487010638860641e-04
1.199164999999999953e-01 5.113104036135484622e-04
1.199174000000000073e-01 5.113104036135484622e-04
1.199183000000000054e-01 5.113104036135484622e-04
1.199192000000000036e-01 5.057596678869701696e-04
1.199201000000000017e-01 5.057596678869701696e-04
1.199209999999999998e-01 5.057596678869701696e-04
1.199218999999999979e-01 5.038315175819481611e-04
1.199227999999999961e-01 5.038315175819481611e-04
1.199237000000000081e-01 5.038315175819481611e-04
1.199246000000000062e-01 5.038315175819481611e-04
1.199255000000000043e-01 5.038315175819481611e-04
1.199264000000000024e-01 5.006179337402449220e-04
1.199273000000000006e-01 5.006179337402449220e-04
1.199281999999999987e-01 5.006179337402449220e-04
1.199290999999999968e-01 5.006179337402449220e-04
1.199300000000000088e-01 4.978717802755166068e-04
1.199309000000000069e-01 4.978717802755166068e-04
1.199318000000000051e-01 4.978717802755166068e-04
1.199327000000000032e-01 4.978717802755166068e-04
1.199336000000000013e-01 4.978717802755166068e-04
1.199344999999999994e-01 4.978717802755166068e-04
1.199353999999999976e-01 4.978717802755166068e-04
1.199362999999999957e-01 4.630482171908777795e-04
1.199372000000000077e-01 4.630482171908777795e-04
1.199381000000000058e-01 4.630482171908777795e-04
1.199390000000000039e-01 4.630482171908777795e-04
1.199399000000000021e-01 4.630482171908777795e-04
1.199408000000000002e-01 4.630482171908777795e-04
1.199416999999999983e-01 4.630482171908777795e-04
1.199425999999999964e-01 4.630482171908777795e-04
1.199435000000000084e-01 4.630482171908777795e-04
1.199444000000000066e-01 4.630482171908777795e-04
1.199453000000000047e-01 4.630482171908777795e-04
1.199462000000000028e-01 4.593672029721995623e-04
1.199471000000000009e-01 4.569716222902025214e-04
1.199479999999999991e-01 4.569716222902025214e-04
1.199488999999999972e-01 4.569716222902025214e-04
1.199497999999999953e-01 4.569716222902025214e-04
1.199507000000000073e-01 4.569716222902025214e-04
1.199516000000000054e-01 4.547513279995712260e-04
1.199525000000000036e-01 4.534658944628898870e-04
1.199534000000000017e-01 4.534658944628898870e-04
1.199542999999999998e-01 4.534658944628898870e-04
1.199551999999999979e-01 4.534658944628898870e-04
1.199560999999999961e-01 4.534658944628898870e-04
1.199570000000000081e-01 4.534658944628898870e-04
1.199579000000000062e-01 4.534658944628898870e-04
1.199588000000000043e-01 4.521220321290867232e-04
1.199597000000000024e-01 4.503691682154304060e-04
1.199606000000000006e-01 4.487915906931397260e-04
1.199614999999999987e-01 4.479151587363115945e-04
1.199623999999999968e-01 4.452858628658270916e-04
1.199632999999999949e-01 4.452858628658270916e-04
1.199642000000000069e-01 4.452858628658270916e-04
1.199651000000000051e-01 4.449352900830958173e-04
1.199660000000000032e-01 4.448184324888520592e-04
1.199669000000000013e-01 4.448184324888520592e-04
1.199677999999999994e-01 4.448184324888520592e-04
1.199686999999999976e-01 4.448184324888520592e-04
1.199695999999999957e-01 4.448184324888520592e-04
1.199705000000000077e-01 4.448184324888520592e-04
1.199714000000000058e-01 4.448184324888520592e-04
1.199723000000000039e-01 4.429487109809519840e-04
1.199732000000000021e-01 4.429487109809519840e-04
1.199741000000000002e-01 4.429487109809519840e-04
1.199749999999999983e-01 4.378069768342267905e-04
1.199758999999999964e-01 4.368721160802767258e-04
1.199768000000000084e-01 4.368721160802767258e-04
1.199777000000000066e-01 4.368721160802767258e-04
1.199786000000000047e-01 4.368721160802767258e-04
1.199795000000000028e-01 4.368721160802767258e-04
1.199804000000000009e-01 4.368721160802767258e-04
1.199812999999999991e-01 4.368721160802767258e-04
1.199821999999999972e-01 4.368721160802767258e-04
1.199830999999999953e-01 4.368721160802767258e-04
1.199840000000000073e-01 4.368721160802767258e-04
1.199849000000000054e-01 4.368721160802767258e-04
1.199858000000000036e-01 4.368721160802767258e-04
1.199867000000000017e-01 4.368721160802767258e-04
1.199875999999999998e-01 4.368721160802767258e-04
1.199884999999999979e-01 4.189344753638604008e-04
1.199893999999999961e-01 4.189344753638604008e-04
1.199903000000000081e-01 4.189344753638604008e-04
1.199912000000000062e-01 4.174153266386915998e-04
1.199921000000000043e-01 4.174153266386915998e-04
1.199930000000000024e-01 4.174153266386915998e-04
1.199939000000000006e-01 4.174153266386915998e-04
1.199947999999999987e-01 4.174153266386915998e-04
1.199956999999999968e-01 4.174153266386915998e-04
1.199965999999999949e-01 4.172400402473259626e-04
1.199975000000000069e-01 4.172400402473259626e-04
1.199984000000000051e-01 4.146691731739633388e-04
1.199993000000000032e-01 4.146691731739633388e-04
1.200002000000000013e-01 4.136758836228914492e-04
1.200010999999999994e-01 4.136758836228914492e-04
1.200019999999999976e-01 4.136758836228914492e-04
1.200028999999999957e-01 4.136758836228914492e-04
1.200038000000000077e-01 4.136758836228914492e-04
1.200047000000000058e-01 4.136758836228914492e-04
1.200056000000000039e-01 4.136758836228914492e-04
1.200065000000000021e-01 4.136758836228914492e-04
1.200074000000000002e-01 4.136758836228914492e-04
1.200082999999999983e-01 3.926415166590156432e-04
1.200091999999999964e-01 3.926415166590156432e-04
1.200101000000000084e-01 3.926415166590156432e-04
1.200110000000000066e-01 3.926415166590156432e-04
1.200119000000000047e-01 3.926415166590156432e-04
1.200128000000000028e-01 3.926415166590156432e-04
1.200137000000000009e-01 3.926415166590156432e-04
1.200145999999999991e-01 3.926415166590156432e-04
1.200154999999999972e-01 3.926415166590156432e-04
1.200163999999999953e-01 3.926415166590156432e-04
1.200173000000000073e-01 3.903043647741405355e-04
1.200182000000000054e-01 3.903043647741405355e-04
1.200191000000000036e-01 3.903043647741405355e-04
1.200200000000000017e-01 3.903043647741405355e-04
1.200208999999999998e-01 3.903043647741405355e-04
1.200217999999999979e-01 3.903043647741405355e-04
1.200226999999999961e-01 3.903043647741405355e-04
1.200236000000000081e-01 3.895447904115561079e-04
1.200245000000000062e-01 3.895447904115561079e-04
1.200254000000000043e-01 3.895447904115561079e-04
1.200263000000000024e-01 3.895447904115561079e-04
1.200272000000000006e-01 3.895447904115561079e-04
1.200280999999999987e-01 3.895447904115561079e-04
1.200289999999999968e-01 3.895447904115561079e-04
1.200298999999999949e-01 3.895447904115561079e-04
1.200308000000000069e-01 3.889605024403373175e-04
1.200317000000000051e-01 3.889605024403373175e-04
1.200326000000000032e-01 3.867986369468279012e-04
1.200335000000000013e-01 3.867986369468279012e-04
1.200343999999999994e-01 3.867986369468279012e-04
1.200352999999999976e-01 3.867986369468279012e-04
1.200361999999999957e-01 3.862143489756091107e-04
1.200371000000000077e-01 3.862143489756091107e-04
1.200380000000000058e-01 3.813647588144933125e-04
1.200389000000000039e-01 3.813647588144933125e-04
1.200398000000000021e-01 3.813647588144933125e-04
1.200407000000000002e-01 3.742364455656242315e-04
1.200415999999999983e-01 3.742364455656242315e-04
1.200424999999999964e-01 3.709060041296772343e-04
1.200434000000000084e-01 3.709060041296772343e-04
1.200443000000000066e-01 3.709060041296772343e-04
1.200452000000000047e-01 3.709060041296772343e-04
1.200461000000000028e-01 3.709060041296772343e-04
1.200470000000000009e-01 3.709060041296772343e-04
1.200478999999999991e-01 3.709060041296772343e-04
1.200487999999999972e-01 3.709060041296772343e-04
1.200496999999999953e-01 3.709060041296772343e-04
1.200506000000000073e-01 3.709060041296772343e-04
1.200515000000000054e-01 3.709060041296772343e-04
1.200524000000000036e-01 3.709060041296772343e-04
1.200533000000000017e-01 3.705554313469460142e-04
1.200541999999999998e-01 3.705554313469460142e-04
1.200550999999999979e-01 3.705554313469460142e-04
1.200559999999999961e-01 3.705554313469460142e-04
1.200569000000000081e-01 3.705554313469460142e-04
1.200578000000000062e-01 3.705554313469460142e-04
1.200587000000000043e-01 3.704970025498240810e-04
1.200596000000000024e-01 3.704970025498240810e-04
1.200605000000000006e-01 3.588696719225705303e-04
1.200613999999999987e-01 3.588696719225705303e-04
1.200622999999999968e-01 3.588696719225705303e-04
1.200631999999999949e-01 3.588696719225705303e-04
1.200641000000000069e-01 3.588696719225705303e-04
1.200650000000000051e-01 3.588696719225705303e-04
1.200659000000000032e-01 3.588696719225705303e-04
1.200668000000000013e-01 3.588696719225705303e-04
1.200676999999999994e-01 3.586943855312048931e-04
1.200685999999999976e-01 3.586943855312048931e-04
1.200694999999999957e-01 3.586943855312048931e-04
1.200704000000000077e-01 3.584022415455954979e-04
1.200713000000000058e-01 3.584022415455954979e-04
1.200722000000000039e-01 3.370173017989883633e-04
1.200731000000000021e-01 3.370173017989883633e-04
1.200740000000000002e-01 3.370173017989883633e-04
1.200748999999999983e-01 3.359071546536727699e-04
1.200757999999999964e-01 3.347970075083570680e-04
1.200767000000000084e-01 3.347970075083570680e-04
1.200776000000000066e-01 3.347970075083570680e-04
1.200785000000000047e-01 3.347970075083570680e-04
1.200794000000000028e-01 3.347970075083570680e-04
1.200803000000000009e-01 3.347970075083570680e-04
1.200811999999999991e-01 3.347970075083570680e-04
1.200820999999999972e-01 3.347970075083570680e-04
1.200829999999999953e-01 3.347970075083570680e-04
1.200839000000000073e-01 3.332194299860663880e-04
1.200848000000000054e-01 3.332194299860663880e-04
1.200857000000000036e-01 3.332194299860663880e-04
1.200866000000000017e-01 3.332194299860663880e-04
1.200874999999999998e-01 3.332194299860663880e-04
1.200883999999999979e-01 3.332194299860663880e-04
1.200892999999999960e-01 3.332194299860663880e-04
1.200902000000000081e-01 3.332194299860663880e-04
1.200911000000000062e-01 3.332194299860663880e-04
1.200920000000000043e-01 3.332194299860663880e-04
1.200929000000000024e-01 3.332194299860663880e-04
1.200938000000000005e-01 3.332194299860663880e-04
1.200946999999999987e-01 3.332194299860663880e-04
1.200955999999999968e-01 3.332194299860663880e-04
1.200964999999999949e-01 3.332194299860663880e-04
1.200974000000000069e-01 3.332194299860663880e-04
1.200983000000000051e-01 3.332194299860663880e-04
1.200992000000000032e-01 3.332194299860663880e-04
1.201001000000000013e-01 3.332194299860663880e-04
1.201009999999999994e-01 3.332194299860663880e-04
1.201018999999999975e-01 3.332194299860663880e-04
1.201027999999999957e-01 3.332194299860663880e-04
1.201037000000000077e-01 3.332194299860663880e-04
1.201046000000000058e-01 3.332194299860663880e-04
1.201055000000000039e-01 3.332194299860663880e-04
1.201064000000000020e-01 3.332194299860663880e-04
1.201073000000000002e-01 3.309407068983131594e-04
1.201081999999999983e-01 3.309407068983131594e-04
1.201090999999999964e-01 3.309407068983131594e-04
1.201099999999999945e-01 3.309407068983131594e-04
1.201109000000000065e-01 3.277855518537317993e-04
1.201118000000000047e-01 3.277855518537317993e-04
1.201127000000000028e-01 3.277855518537317993e-04
1.201136000000000009e-01 3.277855518537317993e-04
1.201144999999999990e-01 3.277855518537317993e-04
1.201153999999999972e-01 3.277855518537317993e-04
1.201162999999999953e-01 3.277855518537317993e-04
1.201172000000000073e-01 3.277855518537317993e-04
1.201181000000000054e-01 3.277855518537317993e-04
1.201190000000000035e-01 3.277855518537317993e-04
1.201199000000000017e-01 3.277855518537317993e-04
1.201207999999999998e-01 3.277855518537317993e-04
1.201216999999999979e-01 3.277855518537317993e-04
1.201225999999999960e-01 3.277855518537317993e-04
1.201235000000000080e-01 3.277855518537317993e-04
1.201244000000000062e-01 3.277855518537317993e-04
1.201253000000000043e-01 3.277855518537317993e-04
1.201262000000000024e-01 3.277855518537317993e-04
1.201271000000000005e-01 3.277855518537317993e-04
1.201279999999999987e-01 3.277855518537317993e-04
1.201288999999999968e-01 3.270259774911473717e-04
1.201297999999999949e-01 3.270259774911473717e-04
1.201307000000000069e-01 3.270259774911473717e-04
1.201316000000000050e-01 3.270259774911473717e-04
1.201325000000000032e-01 3.270259774911473717e-04
1.201334000000000013e-01 3.252731135774910545e-04
1.201342999999999994e-01 3.252731135774910545e-04
1.201351999999999975e-01 3.252731135774910545e-04
1.201360999999999957e-01 3.252731135774910545e-04
1.201370000000000077e-01 3.252731135774910545e-04
1.201379000000000058e-01 3.252731135774910545e-04
1.201388000000000039e-01 3.252731135774910545e-04
1.201397000000000020e-01 3.252731135774910545e-04
1.201406000000000002e-01 3.252731135774910545e-04
1.201414999999999983e-01 3.252731135774910545e-04
1.201423999999999964e-01 3.252731135774910545e-04
1.201433000000000084e-01 3.252731135774910545e-04
1.201442000000000065e-01 3.249809695918817135e-04
1.201451000000000047e-01 3.249809695918817135e-04
1.201460000000000028e-01 3.249809695918817135e-04
1.201469000000000009e-01 3.249809695918817135e-04
1.201477999999999990e-01 3.249809695918817135e-04
1.201486999999999972e-01 3.249809695918817135e-04
1.201495999999999953e-01 3.249809695918817135e-04
1.201505000000000073e-01 3.249809695918817135e-04
1.201514000000000054e-01 3.249809695918817135e-04
1.201523000000000035e-01 3.249809695918817135e-04
1.201532000000000017e-01 3.249809695918817135e-04
1.201540999999999998e-01 3.249809695918817135e-04
1.201549999999999979e-01 3.249809695918817135e-04
1.201558999999999960e-01 3.249809695918817135e-04
1.201568000000000080e-01 3.249809695918817135e-04
1.201577000000000062e-01 3.249809695918817135e-04
1.201586000000000043e-01 3.249809695918817135e-04
1.201595000000000024e-01 3.249809695918817135e-04
1.201604000000000005e-01 3.249809695918817135e-04
1.201612999999999987e-01 3.249809695918817135e-04
1.201621999999999968e-01 3.249809695918817135e-04
1.201630999999999949e-01 3.249809695918817135e-04
1.201640000000000069e-01 3.249809695918817135e-04
1.201649000000000050e-01 3.249809695918817135e-04
1.201658000000000032e-01 3.249809695918817135e-04
1.201667000000000013e-01 3.249809695918817135e-04
1.201675999999999994e-01 3.184953731113532478e-04
1.201684999999999975e-01 3.184953731113532478e-04
1.201693999999999957e-01 3.164503652120875896e-04
1.201703000000000077e-01 3.135873541531155706e-04
1.201712000000000058e-01 3.135873541531155706e-04
1.201721000000000039e-01 3.135873541531155706e-04
1.201730000000000020e-01 3.135873541531155706e-04
1.201739000000000002e-01 3.135873541531155706e-04
1.201747999999999983e-01 3.135873541531155706e-04
1.201756999999999964e-01 3.135873541531155706e-04
1.201765999999999945e-01 3.131199237761405924e-04
1.201775000000000065e-01 3.131199237761405924e-04
1.201784000000000047e-01 3.131199237761405924e-04
1.201793000000000028e-01 3.131199237761405924e-04
1.201802000000000009e-01 3.131199237761405924e-04
1.201810999999999990e-01 3.049398921790777970e-04
1.201819999999999972e-01 3.049398921790777970e-04
1.201828999999999953e-01 3.049398921790777970e-04
1.201838000000000073e-01 3.049398921790777970e-04
1.201847000000000054e-01 3.049398921790777970e-04
1.201856000000000035e-01 3.049398921790777970e-04
1.201865000000000017e-01 3.049398921790777970e-04
1.201873999999999998e-01 3.049398921790777970e-04
1.201882999999999979e-01 3.022521675114714151e-04
1.201891999999999960e-01 3.022521675114714151e-04
1.201901000000000080e-01 3.022521675114714151e-04
1.201910000000000062e-01 3.022521675114714151e-04
1.201919000000000043e-01 2.983374381043056274e-04
1.201928000000000024e-01 2.983374381043056274e-04
1.201937000000000005e-01 2.983374381043056274e-04
1.201945999999999987e-01 2.983374381043056274e-04
1.201954999999999968e-01 2.983374381043056274e-04
1.201963999999999949e-01 2.983374381043056274e-04
1.201973000000000069e-01 2.983374381043056274e-04
1.201982000000000050e-01 2.983374381043056274e-04
1.201991000000000032e-01 2.983374381043056274e-04
1.202000000000000013e-01 2.983374381043056274e-04
