#"Step","Time (ps)","Potential Energy (kJ/mole)","Kinetic Energy (kJ/mole)","Total Energy (kJ/mole)","Temperature (K)"
505000,504.9999999949702,-37955.03103424674,6632.3421843243,-31322.68884992244,257.0697434604903
510000,509.999999994852,-37858.635922213696,6858.925042293573,-30999.710879920123,265.85210051504265
515000,514.9999999947338,-38227.20313550239,6745.177428032936,-31482.02570746945,261.44324023543635
520000,519.9999999946156,-37915.30649483952,6630.426530596741,-31284.879964242777,256.99549267568204
525000,524.9999999944973,-38167.15988402171,6592.0303131640585,-31575.129570857654,255.50725435941996
530000,529.9999999943791,-38314.77857110072,6411.090349058615,-31903.688222042103,248.49401697485408
535000,534.9999999942609,-38134.15143025393,6819.83994423311,-31314.31148602082,264.3371611689879
540000,539.9999999941426,-38383.114863980234,6749.595538638767,-31633.51932534147,261.61448630936565
545000,544.9999999940244,-38384.024374923305,6881.622523242387,-31502.40185168092,266.7318554255329
550000,549.9999999939062,-38110.82583520095,6859.315770255047,-31251.510064945905,265.8672451402787
555000,554.9999999937879,-37980.54263122404,6787.064998142783,-31193.477633081253,263.06680346589997
560000,559.9999999936697,-37925.1769134675,6618.484021841915,-31306.692891625582,256.53260074752825
565000,564.9999999935515,-37810.43860984704,6681.3834734746315,-31129.05513637241,258.9705850139681
570000,569.9999999934332,-37640.58804040055,6551.642151605558,-31088.945888794995,253.94180824066814
575000,574.999999993315,-37344.09374353397,6667.425629666444,-30676.668113867527,258.4295786504073
580000,579.9999999931968,-37653.68868243717,7005.422782012347,-30648.26590042482,271.53035644943304
585000,584.9999999930785,-37630.71872381531,6718.1169138419955,-30912.60180997332,260.394374050966
590000,589.9999999929603,-37680.69626681809,6724.349245782314,-30956.347021035777,260.635939387695
595000,594.999999992842,-37880.911051985124,6928.896171094413,-30952.01488089071,268.5641831595399
600000,599.9999999927238,-37972.77476665622,6679.694437647744,-31293.080329008477,258.9051179444704
605000,604.9999999926056,-38108.8838281045,6776.428035608126,-31332.455792496377,262.6545145408131
610000,609.9999999924873,-38166.493033620885,6522.395784776732,-31644.097248844155,252.80821835509087
615000,614.9999999923691,-38055.605292426735,6584.034319068976,-31471.57097335776,255.19732943492008
620000,619.9999999922509,-37923.85205100734,6834.271221571984,-31089.58082943536,264.8965178276477
625000,624.9999999921326,-37721.97582583764,6411.0964543308755,-31310.879371506762,248.49425361535455
630000,629.9999999920144,-37740.53923209039,6709.971780677133,-31030.56745141326,260.0786684925146
635000,634.9999999918962,-37952.8236120462,6633.6066186393,-31319.216993406902,257.11875296511863
640000,639.9999999917779,-37772.52033808733,6712.332449212193,-31060.187888875134,260.1701680620238
645000,644.9999999916597,-37726.5065759372,6886.981929939195,-30839.524645998004,266.93958615871264
650000,649.9999999915415,-37999.407686454215,6933.717113106601,-31065.690573347616,268.7510429885216
655000,654.9999999914232,-37677.23066006023,6729.655414695723,-30947.575245364507,260.84160662310273
660000,659.999999991305,-37925.64010812688,6699.383927091303,-31226.256181035576,259.66828303147196
665000,664.9999999911868,-37669.98361104519,6479.040472268434,-31190.943138776754,251.12776539376753
670000,669.9999999910685,-37977.48299742096,6664.292727592178,-31313.190269828778,258.30814729024286
675000,674.9999999909503,-37943.29933638686,6463.867165980033,-31479.432170406828,250.53964767507892
680000,679.9999999908321,-38267.64361414079,6738.514980613041,-31529.128633527747,261.1850036123171
685000,684.9999999907138,-37640.04488869219,6763.403037738859,-30876.64185095333,262.14966530840474
690000,689.9999999905956,-38056.64395242327,6652.701823024422,-31403.94212939885,257.85888354888306
695000,694.9999999904774,-37845.51728384553,6901.035537788066,-30944.481746057467,267.4843043388064
700000,699.9999999903591,-38173.58803350332,6734.319111138273,-31439.26892236505,261.0223716100025
705000,704.9999999902409,-38042.68837408297,6863.995226188767,-31178.693147894206,266.04862096543735
710000,709.9999999901227,-37716.6923352519,6708.579136152161,-31008.11319909974,260.02468955704705
715000,714.9999999900044,-37747.57559161132,6541.447095063839,-31206.12849654748,253.54664760255457
720000,719.9999999898862,-37873.94635541827,6590.334840529405,-31283.611514888868,255.44153779909763
725000,724.999999989768,-38153.54761166665,6776.49101117275,-31377.056600493896,262.65695547522097
730000,729.9999999896497,-37794.27565986976,6742.570552027365,-31051.705107842394,261.34219765841596
735000,734.9999999895315,-37967.23148329477,6838.938429289809,-31128.293054004957,265.077418911662
740000,739.9999999894133,-37786.67565881298,6866.294158172039,-30920.381500640942,266.13772762470614
745000,744.999999989295,-37812.17025923721,6660.1146836996395,-31152.055575537568,258.1462062079266
750000,749.9999999891768,-38185.8020131663,6612.36078258099,-31573.44123058531,256.29526384569084
755000,754.9999999890586,-38304.136545533016,6676.368150838254,-31627.76839469476,258.77619098729195
760000,759.9999999889403,-37696.415060313215,6569.394844743114,-31127.0202155701,254.62990305600962
765000,764.9999999888221,-37987.579614277776,6921.985756625207,-31065.59385765257,268.2963353275925
770000,769.9999999887038,-37966.20467305296,6490.277407027863,-31475.9272660251,251.56330925679615
775000,774.9999999885856,-37928.87690684773,6670.371004010537,-31258.50590283719,258.54374143121504
780000,779.9999999884674,-38047.20921367188,6808.473663140439,-31238.73555053144,263.8966038389547
785000,784.9999999883491,-37833.7058702809,6707.636445208369,-31126.069425072532,259.9881508332677
790000,789.9999999882309,-37667.63139744076,6775.082995465938,-30892.548401974822,262.60238075237356
795000,794.9999999881127,-37952.95646978396,6734.191636170904,-31218.764833613055,261.01743067718434
800000,799.9999999879944,-37762.95603049972,6816.507167070626,-30946.448863429097,264.2079826455704
805000,804.9999999878762,-37652.310971172235,6848.049529255942,-30804.261441916293,265.43056536669144
810000,809.999999987758,-37718.69054111009,6750.513443209633,-30968.177097900458,261.65006431273093
815000,814.9999999876397,-37897.31955635994,6552.022964776418,-31345.29659158352,253.95656856838022
820000,819.9999999875215,-37913.65930549214,6802.616856436411,-31111.042449055727,263.669593869466
825000,824.9999999874033,-37600.79431929766,6605.622475335413,-30995.17184396225,256.0340868938935
830000,829.999999987285,-37773.071300454256,6723.253475660952,-31049.817824793303,260.59346731129096
835000,834.9999999871668,-38080.67817387597,6697.017559194095,-31383.660614681874,259.5765625545481
840000,839.9999999870486,-37988.02844877761,6721.900178148617,-31266.128270628993,260.54101346698485
845000,844.9999999869303,-37686.68177001979,6780.205456046272,-30906.476313973522,262.80092744834855
850000,849.9999999868121,-37819.94180231039,6823.952601304098,-30995.989201006298,264.4965678565197
855000,854.9999999866939,-37794.687437834305,6812.619030450286,-30982.06840738402,264.0572783761356
860000,859.9999999865756,-38008.0420513145,6830.922228355785,-31177.119822958717,264.76671076959593
865000,864.9999999864574,-38001.073668564575,6669.321942649662,-31331.751725914914,258.5030797874971
870000,869.9999999863392,-37975.14674550262,6569.736267120008,-31405.41047838261,254.64313659559502
875000,874.9999999862209,-38023.95413081751,6542.451634859998,-31481.502495957513,253.58558358934746
880000,879.9999999861027,-37624.1129148968,6580.568295809329,-31043.54461908747,255.0629862895541
885000,884.9999999859845,-37720.33804040833,6884.405030881041,-30835.93300952729,266.83970548889914
890000,889.9999999858662,-37751.10500662218,6903.515049689797,-30847.58995693238,267.58041028008176
895000,894.999999985748,-38159.161888015406,6618.4010619732635,-31540.76082604214,256.52938522101306
900000,899.9999999856298,-38215.02555947641,6649.316010180126,-31565.709549296284,257.7276493611559
905000,904.9999999855115,-38185.470116460914,6733.38135735291,-31452.088759108003,260.9860242506032
910000,909.9999999853933,-38061.187226925176,6819.087968511531,-31242.099258413647,264.3080145718338
915000,914.999999985275,-37869.208040938734,6764.16568916627,-31105.042351772463,262.1792256961751
920000,919.9999999851568,-37654.66993516743,6682.009932010553,-30972.66000315688,258.99486656197064
925000,924.9999999850386,-37914.51935647585,6759.587336404287,-31154.932020071567,262.0017686323981
930000,929.9999999849204,-37869.88112390613,6656.106775006647,-31213.774348899486,257.9908595700592
935000,934.9999999848021,-37820.47012248672,6711.614804391726,-31108.85531809499,260.142352131427
940000,939.9999999846839,-37766.058794781566,6717.019059050305,-31049.03973573126,260.3518211726896
945000,944.9999999845656,-37633.004745396545,6626.140872469738,-31006.863872926806,256.82938046303536
950000,949.9999999844474,-37488.53726055177,6891.0652052126825,-30597.472055339087,267.0978540070627
955000,954.9999999843292,-37873.53575620876,6756.406852766316,-31117.128903442444,261.8784930096738
960000,959.999999984211,-37937.07576498597,6650.419274497363,-31286.65649048861,257.7704119127733
965000,964.9999999840927,-37991.81753852812,6851.106347723557,-31140.711190804563,265.54904772442205
970000,969.9999999839745,-37690.244003847074,6731.525524922021,-30958.718478925053,260.91409214070063
975000,974.9999999838562,-37405.87018885803,6555.819668905442,-30850.05051995259,254.10372891224043
980000,979.999999983738,-37418.522002491365,6666.166564490508,-30752.355438000857,258.38077725373887
985000,984.9999999836198,-37826.348267455694,6654.736768946069,-31171.611498509625,257.9377581020191
990000,989.9999999835015,-37847.62171266807,6613.119060776137,-31234.502651891933,256.3246547268729
995000,994.9999999833833,-37700.70791868569,7003.829937824475,-30696.87798086122,271.46861777018984
1000000,999.9999999832651,-37811.50165743581,6694.878023577006,-31116.623633858802,259.4936341022874
1005000,1004.9999999831468,-37997.936447635744,6951.552070713811,-31046.38437692193,269.4423263766964
1010000,1009.9999999830286,-37748.115987036115,6563.36401274356,-31184.751974292554,254.3961478618577
1015000,1014.9999999829104,-37746.772158298074,6830.642588800637,-30916.129569497436,264.7558719336757
1020000,1019.9999999827921,-37698.692142289496,6895.159683510141,-30803.532458779355,267.25655608489274
1025000,1024.999999982674,-37936.5749934472,6963.104393687119,-30973.470599760076,269.89009469452236
1030000,1029.9999999825557,-37665.36297687592,6483.301215101499,-31182.06176177442,251.2929118890186
1035000,1034.9999999824374,-37500.41020289359,6665.15787817463,-30835.25232471896,258.3416805477414
1040000,1039.9999999823192,-38141.260526488986,6594.20454944946,-31547.055977039527,255.5915278104237
1045000,1044.999999982201,-38038.09591515621,6689.742317290473,-31348.35359786574,259.2945740024198
1050000,1049.9999999820827,-38240.11150130543,6776.880785661635,-31463.230715643796,262.6720631438364
1055000,1054.9999999819645,-38182.16704304904,6608.001565779212,-31574.16547726983,256.12630049703097
1060000,1059.9999999818463,-38390.6697206782,6612.178788236651,-31778.490932441546,256.2882097405029
1065000,1064.999999981728,-37771.35394401233,6528.981735022682,-31242.372208989647,253.063489945898
1070000,1069.9999999816098,-38145.32876143128,6535.040315338567,-31610.288446092713,253.29832066546197
1075000,1074.9999999814916,-37971.99395580937,6887.279040513336,-31084.714915296034,266.9511021717517
1080000,1079.9999999813733,-38005.216010639655,6533.631424899909,-31471.584585739747,253.24371203798708
1085000,1084.999999981255,-37698.21454278343,6709.092333359553,-30989.12220942388,260.0445810932167
1090000,1089.9999999811369,-37722.59441978745,6779.555586981901,-30943.03883280555,262.7757385076971
1095000,1094.9999999810186,-37312.96934034817,6502.951945188165,-30810.017395160008,252.0545746624096
1100000,1099.9999999809004,-37798.66994851816,6836.897825693379,-30961.772122824783,264.9983250669145
1105000,1104.9999999807821,-38118.81164701884,6906.14458901218,-31212.66705800666,267.6823312878099
1110000,1109.999999980664,-37893.18909639295,6637.81126221281,-31255.377834180137,257.2817250517127
1115000,1114.9999999805457,-37916.206574718904,6517.958401801539,-31398.248172917367,252.63622528365903
1120000,1119.9999999804274,-37550.65346775058,6866.305751183716,-30684.34771656686,266.1381769701191
1125000,1124.9999999803092,-37590.72996820038,6668.197986953814,-30922.531981246568,258.45951523754434
1130000,1129.999999980191,-37781.410323655204,6824.522933413316,-30956.887390241885,264.5186739428658
1135000,1134.9999999800727,-37556.16671767541,6743.670187613681,-30812.496530061733,261.3848195603351
1140000,1139.9999999799545,-37844.35247010485,6490.653223855559,-31353.699246249293,251.5778759261264
1145000,1144.9999999798363,-37694.0546208639,6768.738526195741,-30925.31609466816,262.3564689700265
1150000,1149.999999979718,-37792.536324843284,6836.41760116025,-30956.118723683034,264.97971155239674
1155000,1154.9999999795998,-37933.08521655449,6623.355102983768,-31309.730113570724,256.72140397038834
1160000,1159.9999999794816,-37648.20290139952,6719.576186916756,-30928.626714482765,260.4509355106346
1165000,1164.9999999793633,-37447.1207503208,6666.551549645704,-30780.569200675094,258.3956992876647
1170000,1169.999999979245,-37851.05993742611,6830.807615627246,-31020.25232179886,264.762268377466
1175000,1174.9999999791269,-37686.36446486924,6411.178297378615,-31275.18616749063,248.4974258538642
1180000,1179.9999999790086,-38009.754951029725,6818.32314935477,-31191.431801674953,264.27837016282143
1185000,1184.9999999788904,-37624.704965241115,6754.044948198985,-30870.66001704213,261.7869455315239
1190000,1189.9999999787722,-37792.53027185334,6792.892565986371,-30999.63770586697,263.2926801364509
1195000,1194.999999978654,-37999.66303116511,6650.012385749158,-31349.650645415953,257.75464089505266
1200000,1199.9999999785357,-37979.10966925641,6777.495522725119,-31201.61414653129,262.6958903672838
1205000,1204.9999999784175,-38032.434410248854,6615.103463334553,-31417.3309469143,256.40157021802776
1210000,1209.9999999782992,-37816.61993918842,6656.430907614107,-31160.189031574315,258.0034229577631
1215000,1214.999999978181,-37543.09631471596,6703.965311208156,-30839.1310035078,259.845857590637
1220000,1219.9999999780628,-37588.194596019486,6645.139840189415,-30943.05475583007,257.56578091131973
1225000,1224.9999999779445,-38028.528109786996,6899.171041318029,-31129.357068468966,267.4120364105369
1230000,1229.9999999778263,-37438.573055077555,6769.670371961229,-30668.90268311633,262.39258733443256
1235000,1234.999999977708,-37692.631079998944,6766.36437325918,-30926.266706739763,262.2644467447891
1240000,1239.9999999775898,-37669.607747812304,7014.2554304752775,-30655.352317337027,271.87271011746435
1245000,1244.9999999774716,-37499.89585447948,6538.256148456689,-30961.63970602279,253.4229664348918
1250000,1249.9999999773534,-37338.47499112541,6539.813756469568,-30798.661234655843,253.48333935914013
1255000,1254.9999999772351,-37927.24026484662,6683.3996133857145,-31243.84065146091,259.0487306456798
1260000,1259.9999999771169,-37672.371542793015,6602.147453725343,-31070.22408906767,255.89939497224756
1265000,1264.9999999769987,-37871.13871448666,6625.110264213467,-31246.028450273192,256.7894340620982
1270000,1269.9999999768804,-37837.63717880655,6567.389749760565,-31270.247429045987,254.55218552599496
1275000,1274.9999999767622,-37902.74996080773,6784.2029764810595,-31118.54698432667,262.9558714370766
1280000,1279.999999976644,-38054.74425686489,6673.014375909065,-31381.729880955827,258.6461985899291
1285000,1284.9999999765257,-37706.28257050766,6723.332349525798,-30982.950220981864,260.5965244641999
1290000,1289.9999999764075,-37623.95635318568,6560.111439094577,-31063.8449140911,254.27007802856315
1295000,1294.9999999762892,-37719.45993847601,6838.298334172792,-30881.161604303215,265.0526088094464
1300000,1299.999999976171,-37880.54606157625,6724.632042900703,-31155.914018675547,260.64690061084286
1305000,1304.9999999760528,-38025.18129731293,6797.8977438777065,-31227.28355343522,263.486680952564
1310000,1309.9999999759345,-38030.32807414845,6622.96030425303,-31407.36776989542,256.70610156203713
1315000,1314.9999999758163,-38001.340967237586,6725.844563250044,-31275.49640398754,260.69389792890684
1320000,1319.999999975698,-37940.69904456158,6548.678317117124,-31392.02072744446,253.8269299442193
1325000,1324.9999999755798,-37945.86093919291,6838.01435591424,-31107.846583278675,265.0416018052772
1330000,1329.9999999754616,-38108.884671751504,6797.499166628268,-31311.38550512324,263.47123208873654
1335000,1334.9999999753434,-37879.21141713887,6610.48382591701,-31268.727591221857,256.2225129600028
1340000,1339.9999999752251,-37773.64822890666,6574.080151591944,-31199.568077314718,254.81150566277944
1345000,1344.999999975107,-38132.12505963075,6646.239655381405,-31485.885404249348,257.60840977475914
1350000,1349.9999999749887,-38046.27407208551,6784.561320682705,-31261.712751402803,262.96976086699857
1355000,1354.9999999748704,-37455.79586729797,6492.808874629438,-30962.986992668535,251.661429002254
1360000,1359.9999999747522,-37599.164463286674,6816.311711175878,-30782.852752110797,264.2004067703631
1365000,1364.999999974634,-37521.697357316836,6586.139397343286,-30935.55795997355,255.27892231974135
1370000,1369.9999999745157,-37918.63853139732,6574.383805306476,-31344.254726090847,254.82327528809816
1375000,1374.9999999743975,-38141.22615004653,6604.49048795638,-31536.735662090152,255.9902110357063
1380000,1379.9999999742793,-37852.33076553193,6625.06902108386,-31227.26174444807,256.7878354773972
1385000,1384.999999974161,-38096.436783294725,6879.211132735114,-31217.22565055961,266.6383898711541
1390000,1389.9999999740428,-37858.515786954405,6699.349175281493,-31159.16661167291,259.6669360504833
1395000,1394.9999999739246,-37767.44367455395,6560.0190250345995,-31207.42464951935,254.2664960573635
1400000,1399.9999999738063,-37826.7290083231,6808.58576320469,-31018.14324511841,263.9009488401561
1405000,1404.999999973688,-37648.26981229736,6677.828087054828,-30970.441725242534,258.8327781503533
1410000,1409.9999999735699,-37942.18967209932,6932.147289783038,-31010.04238231628,268.6901965985358
1415000,1414.9999999734516,-37865.86969831281,6726.835514210103,-31139.034184102708,260.7323072120838
1420000,1419.9999999733334,-37820.486062636824,6765.68140861838,-31054.804654018444,262.23797501879494
1425000,1424.9999999732152,-37598.49725158701,6604.6629568260705,-30993.83429476094,255.99689593326653
1430000,1429.999999973097,-37865.24952785639,6825.596825480323,-31039.652702376065,264.5602980253539
1435000,1434.9999999729787,-38085.24850244735,6738.1144774675995,-31347.13402497975,261.169480100714
1440000,1439.9999999728605,-37970.56596809841,6637.581113855995,-31332.984854242415,257.2728044958367
1445000,1444.9999999727422,-38005.3975803415,6639.513418794408,-31365.884161547096,257.34770068198026
1450000,1449.999999972624,-37791.4241485991,6700.195144392163,-31091.229004206936,259.69972583367166
1455000,1454.9999999725057,-37731.40933954889,6721.060839564592,-31010.3484999843,260.5084806831695
1460000,1459.9999999723875,-37651.24922908518,6750.02689639456,-30901.22233269062,261.6312057464121
1465000,1464.9999999722693,-37793.746498182096,6766.447427630586,-31027.29907055151,262.2676659342334
1470000,1469.999999972151,-37835.166983254894,6624.618576047882,-31210.54840720701,256.77037621690914
1475000,1474.9999999720328,-38032.32124118131,6737.390094137045,-31294.931147044263,261.14140298530333
1480000,1479.9999999719146,-37890.661895014084,6834.203591815356,-31056.458303198728,264.8938964966452
1485000,1484.9999999717963,-37811.85941075545,6755.429327635655,-31056.430083119798,261.8406041119689
1490000,1489.999999971678,-38077.37180095712,6627.157398531786,-31450.21440242533,256.868781037784
1495000,1494.9999999715599,-37649.26296088076,6835.675388768803,-30813.58757211196,264.95094338215466
1500000,1499.9999999714416,-37997.32355778081,6750.351229118197,-31246.97232866261,261.6437768906239
1505000,1504.9999999713234,-37903.14189659205,6531.417086500238,-31371.724810091815,253.15788422806446
1510000,1509.9999999712052,-37654.905986707476,6905.707824048632,-30749.198162658846,267.6654022672601
1515000,1514.999999971087,-37783.46716776632,6619.9305845293675,-31163.536583236953,256.5886695522775
1520000,1519.9999999709687,-37430.514173941854,6658.241598583989,-30772.272575357863,258.0736053835454
1525000,1524.9999999708505,-37825.09520496754,6604.893331858025,-31220.201873109516,256.0058252750764
1530000,1529.9999999707322,-37609.85940146334,6746.258779861899,-30863.600621601443,261.4851534584783
1535000,1534.999999970614,-37793.93408020596,6849.004639146771,-30944.92944105919,265.4675854491583
1540000,1539.9999999704958,-37849.93870072544,6641.86860504051,-31208.070095684932,257.43898775783686
1545000,1544.9999999703775,-38210.7482915496,6826.549605777949,-31384.19868577165,264.5972278127319
1550000,1549.9999999702593,-37779.2738218309,6767.214431208251,-31012.05939062265,262.2973950114528
1555000,1554.999999970141,-37779.22810900412,6944.228260662115,-30834.999848342006,269.15845532197415
1560000,1559.9999999700228,-37813.00541119216,6641.250072381175,-31171.755338810988,257.4150134170025
1565000,1564.9999999699046,-38175.06440899203,6757.867424541668,-31417.196984450362,261.9351048070087
1570000,1569.9999999697864,-37860.178194023596,6669.0188572900515,-31191.159336733544,258.49133219162877
1575000,1574.9999999696681,-37841.87183165386,6669.888952852898,-31171.98287880096,258.52505711668704
1580000,1579.99999996955,-38035.47520027421,6668.831711784982,-31366.64348848923,258.4840784273264
1585000,1584.9999999694317,-38099.062246548594,6659.054474943748,-31440.007771604847,258.1051124909082
1590000,1589.9999999693134,-38230.22401002379,6876.075254873646,-31354.148755150145,266.5168431694058
1595000,1594.9999999691952,-37984.95747349125,6721.1184307678595,-31263.839042723394,260.5107129196009
1600000,1599.999999969077,-37812.08019637811,6684.409356412409,-31127.670839965704,259.08786830981404
1605000,1604.9999999689587,-37628.94972736275,6707.548758053439,-30921.40096930931,259.98475207702205
1610000,1609.9999999688405,-37954.92146914021,6648.930994039907,-31305.9904751003,257.7127261262498
1615000,1614.9999999687222,-37756.43800619317,6631.780072725302,-31124.65793346787,257.047956001319
1620000,1619.999999968604,-38128.76629318286,6711.464708904994,-31417.301584277866,260.1365344267314
1625000,1624.9999999684858,-37599.180140329736,6638.835450620136,-30960.3446897096,257.3214226191496
1630000,1629.9999999683675,-38128.11637241005,6720.255545952128,-31407.86082645792,260.4772674832753
1635000,1634.9999999682493,-37988.008252653555,6691.866072210221,-31296.142180443334,259.37689079446994
1640000,1639.999999968131,-37873.11141460123,6886.001821372153,-30987.10959322908,266.9015971269513
1645000,1644.9999999680128,-37929.55410137399,6534.566169753189,-31394.987931620803,253.279942771106
1650000,1649.9999999678946,-37546.825475382335,6637.023299205506,-30909.80217617683,257.2511835864936
1655000,1654.9999999677764,-37623.140581616,6529.038657987781,-31094.101923628215,253.06569628140184
1660000,1659.9999999676581,-37986.37577964865,6580.156663223924,-31406.21911642473,255.04703140058888
1665000,1664.99999996754,-37808.743047890515,6650.320360636247,-31158.422687254268,257.76657800912426
1670000,1669.9999999674217,-37894.369981621385,6804.174718535909,-31090.195263085476,263.7299766421178
1675000,1674.9999999673034,-37703.04887137806,6714.541997978252,-30988.506873399805,260.25581022563176
1680000,1679.9999999671852,-38075.04294089344,6637.800594534707,-31437.242346358737,257.28131157225147
1685000,1684.999999967067,-37812.226827206476,6804.3386513933765,-31007.8881758131,263.73633068363773
1690000,1689.9999999669487,-38061.19839707064,6693.93296062212,-31367.26543644852,259.4570034393006
1695000,1694.9999999668305,-37995.20641597468,6654.707865507171,-31340.49855046751,257.93663780402835
1700000,1699.9999999667123,-37779.96401672981,6786.046943076938,-30993.917073652876,263.02734362692723
1705000,1704.999999966594,-37868.638748461075,6962.079449219011,-30906.559299242064,269.85036782215127
1710000,1709.9999999664758,-37828.584331834165,6887.020140820639,-30941.564191013524,266.94106721340154
1715000,1714.9999999663576,-38079.916425624506,6802.325164465285,-31277.59126115922,263.6582878816109
1720000,1719.9999999662393,-38164.486180542044,6610.355556641454,-31554.13062390059,256.2175412397802
1725000,1724.999999966121,-38080.684814363114,6845.055147548904,-31235.62966681421,265.31450305931077
1730000,1729.9999999660029,-37619.56429995955,6767.8045518877325,-30851.759748071818,262.32026810326096
1735000,1734.9999999658846,-37700.153303033585,6547.3151361117925,-31152.838166921792,253.77409301548553
1740000,1739.9999999657664,-37721.84560993192,6699.818674098624,-31022.0269358333,259.68513383598963
1745000,1744.9999999656482,-37441.09195500887,6626.122208574393,-30814.96974643448,256.82865705000046
1750000,1749.99999996553,-37415.94643750006,6651.993402383859,-30763.953035116203,257.83142514772237
1755000,1754.9999999654117,-37410.61438784606,6770.673798926367,-30639.94058891969,262.4314801878681
1760000,1759.9999999652935,-37822.45616425265,6461.736810332182,-31360.71935392047,250.4570750386479
1765000,1764.9999999651752,-37666.042677977384,6796.14847831686,-30869.894199660524,263.41887937712136
1770000,1769.999999965057,-37985.59608776709,6714.905279053664,-31270.69080871342,260.2698910089003
1775000,1774.9999999649388,-37601.534069190464,6714.5082780035245,-30887.02579118694,260.2545032385958
1780000,1779.9999999648205,-38067.89814520102,6757.66472526378,-31310.233419937238,261.92724817809574
1785000,1784.9999999647023,-37511.8367655516,6657.49835081978,-30854.338414731817,258.04479708223
1790000,1789.999999964584,-37587.02570381166,6602.132261415747,-30984.893442395914,255.89880611796022
1795000,1794.9999999644658,-37583.32122871453,6831.189580020738,-30752.13164869379,264.77707332659514
1800000,1799.9999999643476,-37785.2488447478,7001.609773514632,-30783.63907123317,271.3825641478481
1805000,1804.9999999642293,-37839.0059109678,6700.994183195975,-31138.011727771824,259.73069659703134
1810000,1809.999999964111,-37701.698891111184,6590.187141622892,-31111.51174948829,255.43581298590922
1815000,1814.9999999639929,-37923.9665927115,6683.830469007995,-31240.1361237035,259.06543062001924
1820000,1819.9999999638746,-37429.28570474782,6694.40266891442,-30734.883035833398,259.4752093440696
1825000,1824.9999999637564,-37925.49442051737,6846.1622173789065,-31079.33220313846,265.3574131126949
1830000,1829.9999999636382,-37522.91048160172,6805.477426083005,-30717.433055518715,263.7804696181478
1835000,1834.99999996352,-37616.65707723256,6874.695253788497,-30741.96182344406,266.4633542939716
1840000,1839.9999999634017,-38119.48301327119,6738.967451738197,-31380.51556153299,261.2025414040707
1845000,1844.9999999632835,-37892.9173790439,6979.396149851762,-30913.52122919214,270.5215635574625
1850000,1849.9999999631652,-37815.77755893491,6824.506218508559,-30991.271340426352,264.5180260727532
1855000,1854.999999963047,-37678.69962719301,6785.898023108012,-30892.801604084998,263.02157148533024
1860000,1859.9999999629288,-37584.15534312861,6570.47110859432,-31013.68423453429,254.67161906891067
1865000,1864.9999999628105,-37871.35139569017,6661.771016788349,-31209.580378901825,258.2104057185016
1870000,1869.9999999626923,-37780.88492448961,6809.061938589162,-30971.82298590045,263.91940540957404
1875000,1874.999999962574,-38009.303864401976,6985.346945119241,-31023.956919282733,270.75221652594365
1880000,1879.9999999624558,-37896.833168212455,6690.957091016864,-31205.876077195593,259.3416586614327
1885000,1884.9999999623376,-37738.933763992005,6617.78472756212,-31121.149036429884,256.5054960843317
1890000,1889.9999999622194,-37875.04894491762,6653.549561717673,-31221.499383199945,257.8917419211351
1895000,1894.9999999621011,-37735.62288363149,6607.666824069182,-31127.956059562308,256.11332590025484
1900000,1899.999999961983,-37723.27931426746,6765.384695449882,-30957.894618817583,262.22647440920827
1905000,1904.9999999618647,-37364.10112549206,6820.3895330924,-30543.71159239966,264.35846324646525
1910000,1909.9999999617464,-37531.029430829956,6825.964717714825,-30705.06471311513,264.57455753726026
1915000,1914.9999999616282,-37973.11955781914,6837.550530160133,-31135.569027659007,265.0236239078309
1920000,1919.99999996151,-38039.50545253863,7062.8667794291005,-30976.63867310953,273.7568871785278
1925000,1924.9999999613917,-37626.42550516028,6641.036178231803,-30985.389326928478,257.40672287460006
1930000,1929.9999999612735,-37606.15220975555,6886.906086248884,-30719.246123506666,266.93664645544203
1935000,1934.9999999611553,-37707.06157329258,6761.501581478583,-30945.559991813996,262.0759648177717
1940000,1939.999999961037,-37703.88790288714,6825.310943141866,-30878.57695974527,264.54921721900155
1945000,1944.9999999609188,-37792.85488738362,6624.610844549027,-31168.24404283459,256.7700765438266
1950000,1949.9999999608006,-37465.06606549105,6698.723635246514,-30766.34243024454,259.6426901035995
1955000,1954.9999999606823,-37790.87730574088,6781.08146376353,-31009.795841977353,262.83488152865476
1960000,1959.999999960564,-37842.52307025561,6706.689762109672,-31135.833308145935,259.95145737346775
1965000,1964.9999999604458,-37870.355336362794,6995.775526979065,-30874.57980938373,271.1564286110345
1970000,1969.9999999603276,-38130.871540590175,6865.0216132576825,-31265.849927332492,266.08840375305056
1975000,1974.9999999602094,-38174.95338239928,6793.446994046999,-31381.50638835228,263.31416978148906
1980000,1979.9999999600911,-37759.472619604385,6742.070796132465,-31017.40182347192,261.3228271078435
1985000,1984.999999959973,-37725.70096168072,6877.667446810045,-30848.033514870673,266.57855656736604
1990000,1989.9999999598547,-37650.55814954833,6735.674024510823,-30914.884125037504,261.0748880850896
1995000,1994.9999999597364,-37554.09984262305,6589.448635666309,-30964.65120695674,255.4071884771721
2000000,1999.9999999596182,-38035.210590140465,6963.753755404052,-31071.45683473641,269.9152639703748
2005000,2004.9999999595,-37456.93989461058,6784.987599716478,-30671.9522948941,262.9862834526567
2010000,2009.9999999593817,-37917.17918756452,6649.541228067148,-31267.637959497373,257.7363788119035
2015000,2014.9999999592635,-37904.01622023089,6708.736820641227,-31195.279399589665,260.0308014116567
2020000,2019.9999999591453,-38172.33540839577,6572.880420190653,-31599.454988205114,254.7650040446512
2025000,2024.999999959027,-38094.70745758464,6669.878713758317,-31424.828743826325,258.52466024913343
2030000,2029.9999999589088,-37911.72250688848,6680.939401182647,-31230.783105705832,258.9533727611914
2035000,2034.9999999587906,-38287.53951527459,6584.362167251833,-31703.177348022757,255.21003683841624
2040000,2039.9999999586723,-37818.116600417736,6643.822499059801,-31174.294101357933,257.5147207372774
2045000,2044.999999958554,-37927.16935924404,7022.5968470201715,-30904.572512223873,272.1960236244726
2050000,2049.9999999588904,-38184.54610989974,6814.650290374575,-31369.895819525165,264.13601005992496
2055000,2054.999999959909,-37857.49223125434,6792.528960896512,-31064.96327035783,263.2785867943746
2060000,2059.9999999609277,-38132.36678839517,6695.113992489228,-31437.252795905944,259.50278026303175
2065000,2064.9999999619463,-37643.511362307625,6654.120205149442,-30989.391157158185,257.91386007435085
2070000,2069.999999962965,-37698.11488715691,6557.614214325199,-31140.50067283171,254.17328553610935
2075000,2074.9999999639836,-37816.02210161713,6751.540866969774,-31064.481234647355,261.6898872825211
2080000,2079.999999965002,-38375.060392268315,6749.93967824835,-31625.120714019966,261.6278251689557
2085000,2084.999999966021,-37988.58243448619,6612.624130686367,-31375.958303799824,256.30547122462406
2090000,2089.9999999670395,-38126.17477162174,6729.095887366515,-31397.07888425523,260.81991933029104
2095000,2094.999999968058,-37914.23055523166,6724.128060450255,-31190.102494781408,260.62736623887525
2100000,2099.9999999690767,-38547.33171908695,6811.805389953649,-31735.5263291333,264.0257416508089
2105000,2104.9999999700954,-37922.31140490209,6696.261803989675,-31226.04960091241,259.54726946454764
2110000,2109.999999971114,-37820.89352635598,6696.345961182062,-31124.54756517392,259.5505313993598
2115000,2114.9999999721326,-37891.10237813072,6749.3381471731545,-31141.764230957568,261.6045098099337
2120000,2119.9999999731513,-37940.87056276233,6817.107428035075,-31123.763134727255,264.23124877506916
2125000,2124.99999997417,-37980.718433149326,6949.354859156884,-31031.363573992443,269.3571624036127
2130000,2129.9999999751885,-38071.39756099641,6599.26151329556,-31472.13604770085,255.7875358513958
2135000,2134.999999976207,-38123.84000323003,6695.527226562509,-31428.312776667517,259.5187972257058
2140000,2139.999999977226,-38154.24514908494,6746.600222988579,-31407.644926096364,261.4983878023258
2145000,2144.9999999782444,-37930.568414912486,6695.731819207898,-31234.83659570459,259.5267272415889
2150000,2149.999999979263,-37892.404859333,6711.031942803921,-31181.37291652908,260.1197604021878
2155000,2154.9999999802817,-37409.76258334503,6838.92154303857,-30570.84104030646,265.0767644001556
2160000,2159.9999999813003,-37371.78347689798,6696.940969957568,-30674.84250694041,259.57359395388806
2165000,2164.999999982319,-37395.7592623287,6786.406890113923,-30609.352372214777,263.0412951827857
2170000,2169.9999999833376,-37489.34794231055,6851.468081151748,-30637.879861158806,265.5630685208469
2175000,2174.9999999843562,-37703.22811170041,6592.235075058829,-31110.99303664158,255.51519093541324
2180000,2179.999999985375,-37866.18688826547,6747.607553131944,-31118.579335133523,261.5374319430438
2185000,2184.9999999863935,-37882.32223669216,6776.4675006786565,-31105.854736013505,262.6560442079013
2190000,2189.999999987412,-37649.27425545231,6821.641462700232,-30827.632792752076,264.4069880683414
2195000,2194.999999988431,-38052.649317718286,6507.0317019128615,-31545.617615805422,252.21270613172337
2200000,2199.9999999894494,-37915.197868612355,6758.058303871969,-31157.139564740384,261.9425032944674
2205000,2204.999999990468,-37627.11937781138,6898.273046674514,-30728.84633113687,267.3772301164372
2210000,2209.9999999914867,-37712.51346525782,6719.893182914061,-30992.62028234376,260.46322228315637
2215000,2214.9999999925053,-37799.40632337085,6564.875320386497,-31234.531002984353,254.4547261826473
2220000,2219.999999993524,-38050.98238135347,6848.371632280823,-31202.610749072643,265.44305008772557
2225000,2224.9999999945426,-37807.25675637001,6751.428089926475,-31055.828666443533,261.68551604159546
2230000,2229.999999995561,-37724.54922150864,6704.109831198593,-31020.43939031005,259.8514591889615
2235000,2234.99999999658,-37998.2115071529,6710.485286798463,-31287.726220354434,260.09857200219597
2240000,2239.9999999975985,-37613.42108304714,6611.949111136686,-31001.471971910454,256.27930745055374
2245000,2244.999999998617,-37967.02195158518,6601.792394190291,-31365.229557394887,255.88563285608217
2250000,2249.9999999996357,-37929.751833761504,6905.623036629411,-31024.128797132093,267.6621159048406
2255000,2255.0000000006544,-37836.33245636899,6780.287463475839,-31056.04499289315,262.8041060583018
2260000,2260.000000001673,-37608.12379601082,6764.9446683014385,-30843.17912770938,262.209418946293
2265000,2265.0000000026916,-37557.16415288235,6608.480781611891,-30948.68337127046,256.14487491429486
2270000,2270.0000000037103,-37346.53432392588,6561.9240965404515,-30784.610227385427,254.34033667500245
2275000,2275.000000004729,-37329.04367427267,6520.881084913255,-30808.16258935941,252.7495085517511
2280000,2280.0000000057476,-37477.242700626484,6734.381041499881,-30742.861659126604,261.0247720323161
2285000,2285.000000006766,-37510.25995787312,6747.380900039951,-30762.87905783317,261.52864686371686
2290000,2290.000000007785,-37740.98081257451,6628.670471676405,-31112.310340898104,256.9274277894615
2295000,2295.0000000088035,-38021.245579390656,6743.581624863991,-31277.663954526666,261.38138686601525
2300000,2300.000000009822,-38023.34050935419,6946.5585477291315,-31076.781961625056,269.2487773050472
2305000,2305.0000000108407,-38064.23821751086,6509.2026250542185,-31555.03559245664,252.2968511651838
2310000,2310.0000000118594,-37678.07504751569,6599.759068504019,-31078.31597901167,255.8068211033085
2315000,2315.000000012878,-38285.796062287896,6759.025402123557,-31526.77066016434,261.9799880460872
2320000,2320.0000000138966,-37851.82034054456,6657.884860304086,-31193.935480240474,258.059778199189
2325000,2325.0000000149153,-37772.54536550688,6680.206400245348,-31092.33896526153,258.92496162713485
2330000,2330.000000015934,-37774.906612814455,6877.881543646529,-30897.025069167925,266.58685496592585
2335000,2335.0000000169525,-37727.76692256329,6767.939402010801,-30959.82752055249,262.3254948972923
2340000,2340.000000017971,-37492.82009160631,6717.328113407363,-30775.491978198945,260.36380012704336
2345000,2345.00000001899,-37689.305435606504,6678.974634065226,-31010.330801541277,258.87721834020437
2350000,2350.0000000200084,-38228.9326331187,6696.352386112398,-31532.5802470063,259.550780429815
2355000,2355.000000021027,-37815.383570050406,6594.684161088009,-31220.6994089624,255.61011756913277
2360000,2360.0000000220457,-37581.73521605417,6553.769819553054,-31027.965396501117,254.02427670176846
2365000,2365.0000000230643,-37820.113234131495,6727.761831735892,-31092.3514023956,260.7682113017854
2370000,2370.000000024083,-37873.20425631859,6777.443036479368,-31095.761219839223,262.69385599912914
2375000,2375.0000000251016,-37918.780537850755,6828.847998307341,-31089.932539543413,264.68631356275523
2380000,2380.0000000261202,-37904.310811684954,6638.140780928403,-31266.17003075655,257.2944972050982
2385000,2385.000000027139,-37832.81575326517,6833.971815927779,-30998.843937337388,264.8849128576375
2390000,2390.0000000281575,-38182.5935421719,6759.062285041774,-31423.531257130122,261.9814176288893
2395000,2395.000000029176,-37916.384450737256,6503.490657071825,-31412.893793665433,252.0754551480484
2400000,2400.0000000301948,-37707.3513830196,6408.911456053211,-31298.43992696639,248.40956302927043
2405000,2405.0000000312134,-37515.84198695494,6644.978903029289,-30870.86308392565,257.55954298310115
2410000,2410.000000032232,-37676.71658215902,6792.840161240678,-30883.87642091834,263.29064892724045
2415000,2415.0000000332507,-37599.48864064394,6685.8807822626795,-30913.60785838126,259.14490081135546
2420000,2420.0000000342693,-38002.73108848413,6709.5166985186615,-31293.214389965466,260.06102949704655
2425000,2425.000000035288,-37875.42549109502,6853.079706626473,-31022.345784468547,265.6255351632227
2430000,2430.0000000363066,-37664.56764120106,6708.101977935092,-30956.465663265968,260.0061948930139
2435000,2435.000000037325,-37986.73391336221,6675.204128859217,-31311.529784502993,258.73107346723384
2440000,2440.000000038344,-37939.5080884394,6667.440806538093,-31272.067281901305,258.4301669063194
2445000,2445.0000000393625,-37696.26443800126,6887.428694608489,-30808.835743392767,266.9569027680991
2450000,2450.000000040381,-38018.4263096228,6748.893498266156,-31269.532811356647,261.5872752075451
2455000,2455.0000000413997,-37737.445565085734,6603.577259826967,-31133.868305258766,255.95481429132482
2460000,2460.0000000424184,-37578.33924688225,6639.787095874584,-30938.552151007665,257.3583084122265
2465000,2465.000000043437,-37766.7375490967,6874.329658808149,-30892.407890288552,266.4491838236918
2470000,2470.0000000444556,-37784.233576038394,6564.5717323928275,-31219.66184364557,254.44295910467073
2475000,2475.0000000454743,-37794.50518687961,6820.4539164672315,-30974.051270412376,264.3609587476308
2480000,2480.000000046493,-37817.474928515636,6929.925917003664,-30887.549011511972,268.60409613588575
2485000,2485.0000000475115,-37963.7066233494,6877.334502020081,-31086.372121329317,266.56565161925516
2490000,2490.00000004853,-37516.04156633816,6649.6643004822745,-30866.37726585588,257.74114910169016
2495000,2495.000000049549,-37541.15143145932,6610.038888032159,-30931.112543427163,256.20526715682564
2500000,2500.0000000505675,-37597.02211575645,6709.557292830494,-30887.46482292596,260.06260293355496
2505000,2505.000000051586,-37613.599931639816,6756.221192183926,-30857.37873945589,261.8712968010103
2510000,2510.0000000526047,-37798.40329043392,6835.609630764202,-30962.79365966972,264.948394600306
2515000,2515.0000000536234,-37541.18987958428,6655.460678517635,-30885.729201066642,257.9658168545199
2520000,2520.000000054642,-37880.31733968759,6760.4630093324,-31119.854330355192,262.0357097362689
2525000,2525.0000000556606,-37812.88075577132,6766.745193877338,-31046.135561893985,262.2792073611587
2530000,2530.0000000566793,-38256.2025732555,6636.348083462856,-31619.85448979264,257.2250122079791
2535000,2535.000000057698,-37747.652284559415,6592.229579766113,-31155.4227047933,255.51497793773464
2540000,2540.0000000587165,-37682.021608262294,6500.229416133526,-31181.792192128767,251.9490493704103
2545000,2545.000000059735,-38045.53780459922,6990.055839861019,-31055.4819647382,270.9347334000145
2550000,2550.000000060754,-37733.98346541758,6569.429912678991,-31164.553552738587,254.63126229005235
2555000,2555.0000000617724,-37948.924341525904,6558.790634761307,-31390.133706764598,254.21888362066335
2560000,2560.000000062791,-37783.52482125773,6670.346690787945,-31113.178130469783,258.5427990501194
2565000,2565.0000000638097,-38141.41967204796,6632.215188240307,-31509.204483807654,257.06482108920346
2570000,2570.0000000648283,-37557.918552575175,6576.771011583576,-30981.1475409916,254.91580346113062
2575000,2575.000000065847,-37734.57251139694,6827.433760214123,-30907.138751182814,264.6314976600603
2580000,2580.0000000668656,-37723.36679833523,6491.930675780486,-31231.43612255474,251.62738999363037
2585000,2585.0000000678842,-37984.49258424608,6684.95298477554,-31299.53959947054,259.10893935831615
2590000,2590.000000068903,-38281.54774357496,6642.520281451079,-31639.027462123886,257.4642467512706
2595000,2595.0000000699215,-38250.259274405005,6704.5306582694775,-31545.72861613553,259.86777045640616
2600000,2600.00000007094,-38268.53962162048,6768.878284450599,-31499.661337169884,262.36188600336476
2605000,2605.0000000719588,-37857.46165312683,6705.101624356129,-31152.360028770705,259.889901115733
2610000,2610.0000000729774,-37776.213145384005,6696.382611839749,-31079.830533544256,259.55195197973813
2615000,2615.000000073996,-37731.022882979,6767.0358060268645,-30963.987076952137,262.29047149510245
2620000,2620.0000000750147,-37815.04487563371,6571.024829268359,-31244.020046365345,254.69308129562756
2625000,2625.0000000760333,-37830.54181681786,6712.743258376111,-31117.798558441747,260.18609103515223
2630000,2630.000000077052,-37595.98123834137,6642.515369894777,-30953.46586844659,257.46405637922953
2635000,2635.0000000780706,-37708.19907547971,6891.057273272685,-30817.14180220702,267.09754656487655
2640000,2640.000000079089,-37927.234783225314,6905.131420210014,-31022.1033630153,267.64306084053555
2645000,2645.000000080108,-37286.75782321791,6830.420607841781,-30456.337215376127,264.747267946342
2650000,2650.0000000811265,-37629.839714099246,6856.693511544919,-30773.146202554326,265.7656063292576
2655000,2655.000000082145,-37912.030007774476,6789.764641783283,-31122.265365991192,263.1714417186937
2660000,2660.0000000831637,-37518.063819752235,6632.336464948784,-30885.72735480345,257.06952177735695
2665000,2665.0000000841824,-37700.094505470704,6747.584876216991,-30952.509629253713,261.53655298527184
2670000,2670.000000085201,-38255.29868997285,6581.457366873379,-31673.84132309947,255.0974467054979
2675000,2675.0000000862196,-37978.81111582723,6692.140249402747,-31286.670866424483,259.38751790908293
2680000,2680.0000000872383,-38150.49219283943,6675.322224951715,-31475.16996788772,258.7356508746351
2685000,2685.000000088257,-37562.928140923475,6517.541838163705,-31045.38630275977,252.62007926698237
2690000,2690.0000000892755,-37860.626622182535,6784.425096403973,-31076.20152577856,262.96448081066046
2695000,2695.000000090294,-38004.15087080431,6683.057345937808,-31321.093524866505,259.0354643511216
2700000,2700.000000091313,-37793.83495361445,6874.308670195662,-30919.52628341879,266.44837030456415
2705000,2705.0000000923314,-38010.548257018774,6769.448343130389,-31241.099913888385,262.3839814915797
2710000,2710.00000009335,-37985.16410372488,6667.894161848564,-31317.269941876315,258.4477389691172
2715000,2715.0000000943687,-37888.32792016946,6604.495651284585,-31283.832268884875,255.9904111664324
2720000,2720.0000000953873,-37836.69337434334,6882.053601654473,-30954.639772688868,266.7485640352105
2725000,2725.000000096406,-37710.70021823112,6767.695657014527,-30943.004561216592,262.31604733534203
2730000,2730.0000000974246,-37865.06383553349,6763.910470176047,-31101.15336535744,262.16933340194186
2735000,2735.0000000984433,-37814.78790110797,6984.842810755274,-30829.945090352696,270.73267626580434
2740000,2740.000000099462,-37805.4844652681,6598.163651341588,-31207.32081392651,255.7449826955092
2745000,2745.0000001004805,-38179.45051321764,6614.860789878384,-31564.589723339257,256.3921641889978
2750000,2750.000000101499,-37905.74324133924,6601.022685013475,-31304.720556325763,255.85579890977422
2755000,2755.000000102518,-38410.583210960984,6411.7776589443265,-31998.805552016656,248.5206571226461
2760000,2760.0000001035364,-38010.366266381025,6479.802679342157,-31530.56358703887,251.15730855837813
2765000,2765.000000104555,-37983.73078066213,6595.761903933082,-31387.96887672905,255.65189090787183
2770000,2770.0000001055737,-37860.42887677046,6859.56057361078,-31000.868303159677,265.87673372426724
2775000,2775.0000001065923,-37693.94099813155,6878.585806205163,-30815.355191926385,266.6141521997303
2780000,2780.000000107611,-38028.618849237995,6662.294450635315,-31366.32439860268,258.23069402706864
2785000,2785.0000001086296,-38134.522460731096,6702.859109315891,-31431.663351415205,259.80298117854056
2790000,2790.000000109648,-38045.475536013284,6608.090045270876,-31437.38549074241,256.1297299642676
2795000,2795.000000110667,-37763.789724738126,6585.136155160319,-31178.653569577808,255.24003662846724
2800000,2800.0000001116855,-38250.87803725647,6744.315869597211,-31506.562167659264,261.4098462096318
2805000,2805.000000112704,-38066.85046998804,6438.210992351469,-31628.639477636574,249.54521376476876
2810000,2810.0000001137228,-37827.37463567081,6750.8107855513135,-31076.56385011949,261.66158930908534
2815000,2815.0000001147414,-37703.714699367985,6663.3777592746355,-31040.33694009335,258.27268309612737
2820000,2820.00000011576,-37765.9649736037,6778.773736056597,-30987.191237547107,262.7454339469241
2825000,2825.0000001167787,-37969.258140891274,6692.811737414121,-31276.44640347715,259.413544800643
2830000,2830.0000001177973,-37750.40428697824,6486.562943550805,-31263.841343427437,251.41933656259508
2835000,2835.000000118816,-38129.633053143334,6794.7343834192725,-31334.89866972406,263.3640690246926
2840000,2840.0000001198346,-37850.893526425236,6721.150927080485,-31129.74259934475,260.5119724774642
2845000,2845.000000120853,-37666.88322155774,6549.838559495106,-31117.044662062635,253.8719009668491
2850000,2850.000000121872,-37930.23684825473,6547.08069308793,-31383.156155166802,253.76500599821088
2855000,2855.0000001228905,-37857.53644889666,6652.718866268803,-31204.817582627857,257.85954414544744
2860000,2860.000000123909,-37810.53767342383,6533.203379338291,-31277.33429408554,253.22712098166693
2865000,2865.0000001249277,-37889.408662305,6717.722589855168,-31171.686072449833,260.3790900437003
2870000,2870.0000001259464,-38047.71175391601,6669.625384215016,-31378.08636970099,258.5148411899086
2875000,2875.000000126965,-37608.33899934566,6514.352739045931,-31093.986260299727,252.49646970805256
2880000,2880.0000001279836,-37780.807684642285,6931.079195068534,-30849.72848957375,268.64879722157093
2885000,2885.0000001290023,-37869.14227037666,6847.727384828916,-31021.414885547743,265.4180790409092
2890000,2890.000000130021,-37318.296763160964,6690.298341574133,-30627.99842158683,259.31612551710134
2895000,2895.0000001310395,-37470.49471217754,6481.7513417957325,-30988.74337038181,251.23283876220503
2900000,2900.000000132058,-38017.866328591954,6660.797048115369,-31357.069280476586,258.17265466918246
2905000,2905.000000133077,-37646.56962386856,6591.74189570467,-31054.827728163895,255.49607529171902
2910000,2910.0000001340954,-37761.21985972609,6565.203231318376,-31196.01662840771,254.46743601829712
2915000,2915.000000135114,-37752.551209901816,6787.928217398978,-30964.62299250284,263.10026186514614
2920000,2920.0000001361327,-38118.094828830814,6805.2680535126065,-31312.826775318208,263.77235433225565
2925000,2925.0000001371513,-37815.72880441473,6847.628169068964,-30968.100635345763,265.41423343565407
2930000,2930.00000013817,-37963.85499090178,6401.17241375945,-31562.682577142332,248.10959756280383
2935000,2935.0000001391886,-38233.53012461057,6483.819899448785,-31749.710225161783,251.3130161068632
2940000,2940.0000001402072,-37944.608110936664,6667.99098758903,-31276.617123347634,258.4514919371593
2945000,2945.000000141226,-37883.18657381097,6778.136852477779,-31105.04972133319,262.72074832400676
2950000,2950.0000001422445,-38071.555922034364,6698.986317334293,-31372.56960470007,259.6528716676745
2955000,2955.000000143263,-38024.47303076446,6869.671596935088,-31154.80143382937,266.2686372328417
2960000,2960.000000144282,-37611.64246136857,6753.480100725471,-30858.162360643095,261.76505202979024
2965000,2965.0000001453004,-38206.193167660036,6760.059054880743,-31446.13411277929,262.0200524519535
2970000,2970.000000146319,-37865.77807634379,6665.017786592533,-31200.76028975126,258.3362505946314
2975000,2975.0000001473377,-38030.01486360942,6789.47608581045,-31240.538777798974,263.1602572822083
2980000,2980.0000001483563,-38075.81097919804,6857.960310799044,-31217.850668398994,265.81470749898375
2985000,2985.000000149375,-37939.06564090312,6732.283163027356,-31206.782477875764,260.9434582119861
2990000,2990.0000001503936,-37650.1538680644,6622.844712489946,-31027.309155574454,256.70162122250457
2995000,2995.000000151412,-37650.7278991843,6626.54651924172,-31024.18137994258,256.84510334172757
3000000,3000.000000152431,-37927.72580591011,6563.393714374667,-31364.33209153544,254.39729909779774
3005000,3005.0000001534495,-37654.67554287331,6643.157852351859,-31011.51769052145,257.48895901480387
3010000,3010.000000154468,-38059.515634360876,6784.541327592122,-31274.974306768752,262.96898593432405
3015000,3015.0000001554868,-37868.03036457215,6902.324553710243,-30965.70581086191,267.53426662712343
3020000,3020.0000001565054,-37868.323340271956,6703.174472424356,-31165.1488678476,259.81520466025137
3025000,3025.000000157524,-37703.08848264234,6538.208266072479,-31164.880216569865,253.42111051252186
3030000,3030.0000001585427,-38057.45310157022,6500.17221316689,-31557.280888403333,251.9468321820401
3035000,3035.0000001595613,-38017.24481970227,6834.5838141170025,-31182.661005585265,264.9086339222523
3040000,3040.00000016058,-37960.84969516195,6669.021670574221,-31291.828024587732,258.49144123459126
3045000,3045.0000001615986,-37608.41498360195,6866.058447615205,-30742.356535986743,266.12859147782285
3050000,3050.000000162617,-37747.581248836716,6711.303838036441,-31036.277410800274,260.1302990679758
3055000,3055.000000163636,-38024.65887541732,6682.823709805289,-31341.835165612032,259.026408608975
3060000,3060.0000001646545,-37892.95795261063,6611.240575850092,-31281.71737676054,256.25184460571023
3065000,3065.000000165673,-37985.38578593409,6744.914912722409,-31240.470873211685,261.4330651356517
3070000,3070.0000001666917,-38124.20190902485,6585.1851927131775,-31539.01671631167,255.24193732520195
3075000,3075.0000001677104,-37879.008151010166,6721.457455926994,-31157.550695083173,260.52385354296797
3080000,3080.000000168729,-37875.81966254401,6624.081230484498,-31251.738432059512,256.74954868987726
3085000,3085.0000001697476,-37355.84609877896,6763.015679201087,-30592.830419577873,262.1346512821128
3090000,3090.0000001707663,-37795.09355909883,6704.990296799195,-31090.103262299635,259.88558605693385
3095000,3095.000000171785,-37765.04581843764,6864.487105134502,-30900.558713303137,266.0676862052695
3100000,3100.0000001728035,-37762.2358401188,6812.772014574364,-30949.463825544437,264.0632080444846
3105000,3105.000000173822,-37597.819212751245,6749.837543240563,-30847.981669510682,261.6238664135838
3110000,3110.000000174841,-37711.01384986423,6684.845495008385,-31026.16835485585,259.10477305234167
3115000,3115.0000001758594,-37837.583564044355,6782.001072823441,-31055.582491220914,262.8705255980567
3120000,3120.000000176878,-37939.63571454175,6619.953082719256,-31319.682631822492,256.58954158266164
3125000,3125.0000001778967,-38241.55787395337,6680.144500321736,-31561.41337363163,258.9225623845987
3130000,3130.0000001789153,-37806.6692489687,6473.09202815855,-31333.577220810148,250.89720355621165
3135000,3135.000000179934,-37616.27485987795,6643.013300979863,-30973.261558898088,257.48335620012944
3140000,3140.0000001809526,-37864.29763766146,6512.120710030965,-31352.176927630495,252.4099562094532
3145000,3145.0000001819712,-37828.39299872222,6515.725512679156,-31312.667486043065,252.54967844727543
3150000,3150.00000018299,-38067.70889628145,6809.800827098963,-31257.90806918249,263.94804474608316
3155000,3155.0000001840085,-37815.889383158625,6741.724534169796,-31074.16484898883,261.3094059857965
3160000,3160.000000185027,-37722.77120891285,6716.467591945571,-31006.303616967278,260.33044629437353
3165000,3165.000000186046,-37714.195828585296,6774.440642653917,-30939.75518593138,262.57748314184505
3170000,3170.0000001870644,-37716.62778922718,6817.7283241194245,-30898.89946510776,264.2553147223142
3175000,3175.000000188083,-37855.57629326008,6786.710631694736,-31068.86566156534,263.05306821380367
3180000,3180.0000001891017,-37692.50742134997,6841.367666601438,-30851.139754748532,265.1715762086092
3185000,3185.0000001901203,-37774.598770497185,6834.5134410751525,-30940.085329422032,264.90590626144825
3190000,3190.000000191139,-37861.15359996743,6532.637960861844,-31328.515639105586,253.2052053478458
3195000,3195.0000001921576,-37908.098121397416,6949.208809110922,-30958.889312286494,269.35150150029915
3200000,3200.000000193176,-37971.53766641755,6725.5815653240115,-31245.956101093536,260.68370412293353
3205000,3205.000000194195,-37668.56033627326,6520.802935103655,-31147.757401169605,252.74647946324103
3210000,3210.0000001952135,-37584.85510998845,6517.543250923258,-31067.311859065194,252.62013402557687
3215000,3215.000000196232,-37690.95972979567,6452.896123429888,-31238.063606365784,250.11440980051242
3220000,3220.0000001972508,-37693.339546621304,6852.610752882786,-30840.72879373852,265.60735850477624
3225000,3225.0000001982694,-38015.54950265054,6739.22776781448,-31276.321734836056,261.21263126148284
3230000,3230.000000199288,-37803.78688080152,6662.498712696451,-31141.288168105068,258.23861122949813
3235000,3235.0000002003067,-37628.59088859183,6766.699119077946,-30861.891769513888,262.27742150081997
3240000,3240.0000002013253,-37595.53070507319,6856.807608920048,-30738.723096153146,265.770028746277
3245000,3245.000000202344,-37662.4254315269,6806.580643107021,-30855.844788419876,263.82323033667876
3250000,3250.0000002033626,-37732.98178531083,6827.732624413388,-30905.249160897445,264.6430816436515
3255000,3255.000000204381,-37674.509496836064,6795.188974923818,-30879.320521912246,263.38168900240254
3260000,3260.0000002054,-37905.927740680454,6516.6364732934535,-31389.291267387,252.58498730271617
3265000,3265.0000002064185,-38040.011153000916,6829.865233575481,-31210.145919425435,264.7257416263491
3270000,3270.000000207437,-37930.22122904591,6673.2234375090375,-31256.99779153687,258.65430182259996
3275000,3275.0000002084557,-37715.66678119616,6464.825773661203,-31250.841007534957,250.57680333198397
3280000,3280.0000002094744,-37791.90129832974,6668.755178121745,-31123.146120208,258.48111198068847
3285000,3285.000000210493,-38158.92873142378,6707.679331924501,-31451.24939949928,259.98981312342215
3290000,3290.0000002115116,-37964.79643152652,6604.072567909221,-31360.7238636173,255.97401244457146
3295000,3295.0000002125303,-38084.19003595514,6573.929648472098,-31510.26038748304,254.80567215821443
3300000,3300.000000213549,-38256.10773045381,6492.942002588773,-31763.16572786504,251.6665890451774
3305000,3305.0000002145675,-37995.75061135448,6467.559996325173,-31528.190615029307,250.6827818685637
3310000,3310.000000215586,-38159.77381385884,6846.217670096919,-31313.556143761918,265.3595624613862
3315000,3315.000000216605,-38285.34175876753,6814.906151882984,-31470.435606884545,264.1459272581786
3320000,3320.0000002176234,-38382.421470376314,6661.77282793173,-31720.648642444583,258.2104759184628
3325000,3325.000000218642,-38375.35252823207,6577.509611324578,-31797.84291690749,254.9444316049541
3330000,3330.0000002196607,-37705.995921268324,6662.6572630476685,-31043.338658220655,258.2447566449457
3335000,3335.0000002206793,-37800.58897874124,6492.973409920135,-31307.615568821104,251.66780639410058
3340000,3340.000000221698,-37782.787845727325,6626.390660100342,-31156.397185626985,256.8390622376385
3345000,3345.0000002227166,-38194.503560123,6689.652381896485,-31504.851178226512,259.29108810437384
3350000,3350.0000002237352,-38056.3597177513,6677.426652907272,-31378.93306484403,258.8172185530858
3355000,3355.000000224754,-37701.70366752687,6588.997011719506,-31112.706655807364,255.38968352207198
3360000,3360.0000002257725,-37407.34940456978,6717.1395691834205,-30690.209835386362,260.3564921483636
3365000,3365.000000226791,-37732.15755282524,6703.363407206764,-31028.794145618478,259.82252777698665
3370000,3370.00000022781,-37947.95685844466,6694.888587094541,-31253.06827135012,259.4940435444825
3375000,3375.0000002288284,-37621.21314621558,6680.432873949993,-30940.780272265587,258.93373975340387
3380000,3380.000000229847,-37780.568676759525,6875.302724424361,-30905.265952335165,266.48689987050864
3385000,3385.0000002308657,-37438.15517832021,6592.317573567738,-30845.837604752473,255.51838857961368
3390000,3390.0000002318843,-37935.72096036253,6923.49264461673,-31012.2283157458,268.35474234258646
3395000,3395.000000232903,-37620.48974878593,6570.783848421556,-31049.70590036437,254.68374087217765
3400000,3400.0000002339216,-37748.86118456425,6734.600913498015,-31014.260271066236,261.03329427628114
3405000,3405.00000023494,-37889.25587106256,6749.75636074206,-31139.4995103205,261.6207197779786
3410000,3410.000000235959,-37796.92418774891,6521.74203285129,-31275.182154897622,252.7828789146504
3415000,3415.0000002369775,-37859.73380051312,6943.010016157544,-30916.723784355574,269.111236135515
3420000,3420.000000237996,-37800.911858205865,6787.369504996601,-31013.542353209265,263.0786061589181
3425000,3425.0000002390148,-38096.5100946823,6767.834789045429,-31328.675305636873,262.32144009622453
3430000,3430.0000002400334,-38208.76206869038,6894.438566325243,-31314.32350236514,267.22860556536665
3435000,3435.000000241052,-38110.0789937626,6687.488524269431,-31422.590469493174,259.20721693041867
3440000,3440.0000002420707,-38112.141371527745,6648.656771454613,-31463.484600073134,257.702097252212
3445000,3445.0000002430893,-38277.25419579638,6456.46113715535,-31820.793058641026,250.25258981872733
3450000,3450.000000244108,-37674.50948104081,6705.751570726987,-30968.757910313827,259.9150930527857
3455000,3455.0000002451266,-37849.10248622835,6768.116247716538,-31080.986238511814,262.3323494411235
3460000,3460.000000246145,-37574.36353065192,6607.059118129626,-30967.304412522295,256.0897712033409
3465000,3465.000000247164,-37698.649272230876,6884.160772860974,-30814.4884993699,266.83023804213417
3470000,3470.0000002481825,-37969.57621185495,6720.247495076988,-31249.328716777956,260.4769554311601
3475000,3475.000000249201,-37814.18497000688,6712.413427424555,-31101.771542582323,260.1733067794933
3480000,3480.0000002502197,-38154.47798409008,6657.479443849208,-31496.99854024087,258.0440642475934
3485000,3485.0000002512384,-38006.0965974706,6714.165910314972,-31291.930687155625,260.2412330587078
3490000,3490.000000252257,-37721.28258671849,6668.040534183583,-31053.242052534904,258.4534123643624
3495000,3495.0000002532756,-37811.67176734725,6850.596922721003,-30961.07484462625,265.5293023990032
3500000,3500.0000002542943,-37940.34801255457,6664.0422783941485,-31276.30573416042,258.2984398732704
3505000,3505.000000255313,-37999.64721617419,6781.52347174394,-31218.123744430253,262.8520137686649
3510000,3510.0000002563315,-37941.22201971052,6861.4381234740185,-31079.783896236502,265.9495076023729
3515000,3515.00000025735,-37989.90560266182,6783.1270902522665,-31206.778512409554,262.91417006082946
3520000,3520.000000258369,-38177.99829907845,6519.829201403021,-31658.169097675425,252.70873752145573
3525000,3525.0000002593874,-37826.13177097332,6887.934981706032,-30938.196789267287,266.97652646824383
3530000,3530.000000260406,-38131.725337822056,6977.565860374374,-31154.159477447683,270.45062149305545
3535000,3535.0000002614247,-37798.33643676395,6748.415882598556,-31049.920554165394,261.5687628127183
3540000,3540.0000002624433,-37358.55050459754,6753.634215444943,-30604.916289152592,261.7710255200441
3545000,3545.000000263462,-38031.560474577826,6785.852034288899,-31245.708440288927,263.0197889575891
3550000,3550.0000002644806,-38181.76608226472,6606.7787683095885,-31574.987313955135,256.07890483753624
3555000,3555.0000002654992,-37914.548680273365,6626.001604135587,-31288.54707613778,256.82398241903564
3560000,3560.000000266518,-38048.33620917035,6811.652265419941,-31236.683943750413,264.0198065401793
3565000,3565.0000002675365,-38114.31399379935,6730.709372923556,-31383.60462087579,260.8824580695024
3570000,3570.000000268555,-37703.17458865664,6720.0483796067565,-30983.126209049886,260.4692377107186
3575000,3575.000000269574,-37873.55499751448,6906.1392862355515,-30967.415711278933,267.68212575205956
3580000,3580.0000002705924,-37799.669917310115,6746.743055574576,-31052.92686173554,261.50392399681334
3585000,3585.000000271611,-37866.53661732301,6546.818215655334,-31319.718401667673,253.75483236657576
3590000,3590.0000002726297,-38077.97480486158,6837.251270846989,-31240.723534014593,265.01202460961616
3595000,3595.0000002736483,-37829.44474224641,6700.982778382019,-31128.46196386439,259.73025454616663
3600000,3600.000000274667,-37862.83397647062,6663.320902924534,-31199.513073546084,258.2704793426224
3605000,3605.0000002756856,-38025.91112729868,6574.053676592925,-31451.857450705753,254.81047949117712
3610000,3610.000000276704,-37757.25488684739,6734.908310622437,-31022.346576224954,261.0452089962578
3615000,3615.000000277723,-37750.39304013015,6618.33478424673,-31132.058255883418,256.5268162947297
3620000,3620.0000002787415,-37936.263426293204,6722.925434274127,-31213.33799201908,260.5807524192043
3625000,3625.00000027976,-37589.11275003671,6950.819146907518,-30638.29360312919,269.4139182322395
3630000,3630.0000002807787,-37733.45138303381,6839.346896547125,-30894.104486486685,265.09325111243385
3635000,3635.0000002817974,-37622.601329100275,6938.507568842868,-30684.093760257405,268.93672116871136
3640000,3640.000000282816,-37748.52339804772,7063.594277522654,-30684.929120525067,273.7850850222277
3645000,3645.0000002838347,-37618.06582903118,6862.5346480824355,-30755.53118094874,265.9920089227134
3650000,3650.0000002848533,-37683.85493723465,6647.763255217827,-31036.091682016828,257.6674645412654
3655000,3655.000000285872,-37420.44970895472,6661.058477174491,-30759.39123178023,258.18278766583643
3660000,3660.0000002868906,-37716.5506870923,6855.660168637195,-30860.890518455104,265.725553933164
3665000,3665.000000287909,-37907.28239895587,6694.244585407716,-31213.03781354815,259.46908202352665
3670000,3670.000000288928,-37620.295013131035,6812.412498777894,-30807.882514353143,264.04927320351896
3675000,3675.0000002899465,-38066.56413751238,6698.832075660375,-31367.732061852006,259.64689325666325
3680000,3680.000000290965,-37947.80733166212,6616.7829844460575,-31331.024347216066,256.46666849692707
3685000,3685.0000002919837,-38031.099180736186,6555.910435896726,-31475.18874483946,254.10724704301768
3690000,3690.0000002930024,-37863.068310158,6837.433999286281,-31025.63431087172,265.0191071683422
3695000,3695.000000294021,-38165.82776527485,6710.212452081491,-31455.61531319336,260.08799692196794
3700000,3700.0000002950396,-37943.63810473528,6802.5595798075665,-31141.07852492771,263.6673738259468
3705000,3705.0000002960583,-37552.98123666098,6884.176812923678,-30668.8044237373,266.8308597553525
3710000,3710.000000297077,-37657.02289472487,6717.458212766263,-30939.564681958604,260.3688427813407
3715000,3715.0000002980955,-37835.70413209599,6554.813584321191,-31280.890547774798,254.06473304942378
3720000,3720.000000299114,-37936.16391828579,6794.466993318896,-31141.696924966895,263.3537049779354
3725000,3725.000000300133,-37932.60357940238,6838.10999059702,-31094.49358880536,265.0453086078946
3730000,3730.0000003011514,-37564.407902420025,6992.985846998914,-30571.422055421113,271.0483005475384
3735000,3735.00000030217,-37920.46215555993,6584.837632988708,-31335.624522571223,255.22846590187615
3740000,3740.0000003031887,-37545.753058888695,6650.2371746578,-30895.515884230896,257.7633537185879
3745000,3745.0000003042073,-37953.51253660486,6634.305062450202,-31319.207474154657,257.1458246641203
3750000,3750.000000305226,-37903.221648835024,6700.269647529621,-31202.952001305403,259.70261357708137
3755000,3755.0000003062446,-37611.462156890135,6674.024614127264,-30937.43754276287,258.685355447698
3760000,3760.0000003072632,-37566.70658888407,6870.886541446086,-30695.82004743799,266.31572851147007
3765000,3765.000000308282,-37779.43503591836,6497.806871769998,-31281.628164148362,251.85515149229337
3770000,3770.0000003093005,-37556.749835897856,6591.7870254553545,-30964.9628104425,255.49782452194697
3775000,3775.000000310319,-37870.97112207324,6493.286488835551,-31377.68463323769,251.67994134043354
3780000,3780.0000003113378,-38013.76092867363,6753.80925750122,-31259.951671172414,261.7778101543786
3785000,3785.0000003123564,-37479.301835111706,6839.141026377417,-30640.16080873429,265.0852715796773
3790000,3790.000000313375,-37699.32603817296,6718.5501344493705,-30980.775903723592,260.4111656921848
3795000,3795.0000003143937,-37736.16143621857,6652.351566120296,-31083.809870098274,257.8453075828086
3800000,3800.0000003154123,-38057.644560394685,6588.937231851245,-31468.707328543438,255.38736645293247
3805000,3805.000000316431,-38199.20852472535,6493.456313598678,-31705.75221112667,251.6865237523594
3810000,3810.0000003174496,-38031.48300828198,6563.201899334548,-31468.281108947434,254.3898643422039
3815000,3815.000000318468,-38012.24440451011,6691.667290216281,-31320.577114293825,259.36918599957755
3820000,3820.000000319487,-37994.72018599921,6964.004078405851,-31030.71610759336,269.9249664959783
3825000,3825.0000003205055,-38115.07253799188,6724.467092983436,-31390.605445008445,260.64050714806046
3830000,3830.000000321524,-38072.803480594914,6767.541458972446,-31305.262021622468,262.31007061550184
3835000,3835.0000003225427,-37990.75341038257,6939.449090819729,-31051.304319562838,268.9732145833041
3840000,3840.0000003235614,-37824.77859895096,6498.530674068461,-31326.247924882497,251.88320608688613
3845000,3845.00000032458,-37733.60155878171,6792.615986565692,-30940.985572216017,263.2819599114166
3850000,3850.0000003255986,-37938.78770139227,6835.634210012546,-31103.153491379722,264.94934729256624
3855000,3855.0000003266173,-37500.39478717076,6638.246628633813,-30862.148158536944,257.2985998647196
3860000,3860.000000327636,-37816.69262949155,6915.2308003673725,-30901.461829124175,268.03451305967747
3865000,3865.0000003286546,-37797.224491438195,6714.699284105626,-31082.52520733257,260.2619066397326
3870000,3870.000000329673,-37843.557828162375,6704.706659212196,-31138.85116895018,259.8745922572023
3875000,3875.000000330692,-38172.72291176754,6465.0696019205825,-31707.653309846955,250.58625412121427
3880000,3880.0000003317105,-37822.75962079374,6781.82217460583,-31040.93744618791,262.8635914988156
3885000,3885.000000332729,-37503.55907400212,6747.694181372914,-30755.864892629208,261.54078965575883
3890000,3890.0000003337477,-37715.90068596158,6713.980709279789,-31001.919976681787,260.2340546621052
3895000,3895.0000003347664,-37573.54404328997,6887.941709812554,-30685.602333477415,266.97678724981535
3900000,3900.000000335785,-37646.04002646246,6814.951080943749,-30831.088945518713,264.14766870966037
3905000,3905.0000003368036,-37563.35454729569,6763.2643810045465,-30800.090166291142,262.1442909700295
3910000,3910.0000003378223,-37608.550861398726,6726.397769773965,-30882.15309162476,260.7153402271527
3915000,3915.000000338841,-37924.96500626792,6624.404687661391,-31300.56031860653,256.7620858978761
3920000,3920.0000003398595,-37598.09260824449,6796.534242300898,-30801.558365943594,263.433831598472
3925000,3925.000000340878,-38003.64741433491,6677.949906582631,-31325.69750775228,258.83749987819704
3930000,3930.000000341897,-37711.29456848403,6799.244929311364,-30912.049639172667,263.53889789255277
3935000,3935.0000003429154,-37724.27660149033,6447.502566898262,-31276.77403459207,249.9053554189092
3940000,3940.000000343934,-37531.12068129822,6815.554444642019,-30715.566236656203,264.17105510119706
3945000,3945.0000003449527,-37865.43731154278,6620.541243888715,-31244.896067654066,256.61233872381393
3950000,3950.0000003459713,-37752.523693067196,6844.027859566483,-30908.495833500714,265.2746853522683
3955000,3955.00000034699,-37674.21997852533,6781.239744749724,-30892.98023377561,262.8410165035075
3960000,3960.0000003480086,-37686.36392265575,6687.021983476376,-30999.341939179372,259.18913379799704
3965000,3965.0000003490272,-37671.89402532601,6712.1531829175165,-30959.740842408493,260.16321969610675
3970000,3970.000000350046,-38214.3490151663,6697.913113304859,-31516.43590186144,259.6112742535393
3975000,3975.0000003510645,-38403.37248801454,6805.772483721974,-31597.600004292566,263.79190605936986
3980000,3980.000000352083,-37969.359775621524,6642.244137109545,-31327.11563851198,257.4535433899145
3985000,3985.0000003531018,-38013.578120166094,6869.552915755898,-31144.025204410194,266.26403714746607
3990000,3990.0000003541204,-37797.697195585984,6492.482225083444,-31305.21497050254,251.64876805795166
3995000,3995.000000355139,-37938.2800148932,6594.02876296264,-31344.25125193056,255.58471432194335
4000000,4000.0000003561577,-37778.38149624461,6816.684517569467,-30961.696978675143,264.2148567551945
4005000,4005.0000003571763,-38027.63086404262,6776.838551894559,-31250.792312148064,262.67042616200314
4010000,4010.000000358195,-37577.308398415036,6623.265546761424,-30954.042851653612,256.71793276904447
4015000,4015.0000003592136,-38037.29012464518,6740.239461305125,-31297.050663340055,261.2518445256469
4020000,4020.000000360232,-38010.62235536521,6480.813919586669,-31529.80843577854,251.1965042547112
4025000,4025.000000361251,-38091.96803224954,6713.967687283685,-31378.000344965854,260.2335499292213
4030000,4030.0000003622695,-37900.504106928645,6645.639159985983,-31254.864946942664,257.5851345587102
4035000,4035.000000363288,-37479.560644843186,6739.188456696755,-30740.37218814643,261.2111075616091
4040000,4040.0000003643067,-38022.53882833916,6950.842979912828,-31071.69584842633,269.41484200010166
4045000,4045.0000003653254,-37722.320256187035,6723.688102353547,-30998.63215383349,260.6103134524069
4050000,4050.000000366344,-37880.93174521703,6505.426704200147,-31375.505041016884,252.15049638156339
4055000,4055.0000003673626,-38211.27481502368,6440.546625205178,-31770.728189818503,249.63574295066329
4060000,4060.0000003683813,-37937.74466095639,6731.262376980869,-31206.48228397552,260.9038925201376
4065000,4065.0000003694,-37799.66560245714,6624.106439019401,-31175.55916343774,256.7505257732997
4070000,4070.0000003704185,-37515.017937324825,6571.385393104395,-30943.63254422043,254.7070567586322
4075000,4075.000000371437,-37735.044989982685,6806.27123835218,-30928.773751630506,263.8112378008985
4080000,4080.000000372456,-37781.27225054491,6756.82814507532,-31024.444105469593,261.89482230975926
4085000,4085.0000003734744,-37706.51861228797,6551.108411624737,-31155.41020066323,253.9211204661036
4090000,4090.000000374493,-38108.52733586967,6672.749703401829,-31435.77763246784,258.63593987714785
4095000,4095.0000003755117,-38026.122773047806,6586.080824982517,-31440.04194806529,255.27665205362143
4100000,4100.00000037653,-38349.46127157491,6547.445817712365,-31802.015453862543,253.77915823748415
4105000,4105.0000003775485,-38062.4108194933,6781.33253279817,-31281.07828669513,262.8446129705093
4110000,4110.000000378567,-37958.02362407219,6892.606997337485,-31065.41662673471,267.1576139071066
4115000,4115.000000379586,-37671.784422838806,6722.361707069613,-30949.422715769193,260.5589023391242
4120000,4120.000000380604,-37954.74464394175,6563.837605383574,-31390.907038558173,254.414504324038
4125000,4125.000000381623,-37952.75222201169,6709.209501271491,-31243.542720740195,260.049122524317
4130000,4130.000000382642,-38098.72847834201,6676.604417328025,-31422.124061013987,258.78534868214933
4135000,4135.00000038366,-37980.160388223296,6470.936631303428,-31509.22375691987,250.81366032198116
4140000,4140.000000384679,-37962.991047376985,6802.995801630141,-31159.995245746846,263.6842817943393
4145000,4145.000000385698,-37702.23697203801,6663.418090933361,-31038.81888110465,258.274246352195
4150000,4150.000000386716,-37904.78958702731,6807.731063001049,-31097.058524026266,263.867820639593
4155000,4155.000000387735,-37684.49110202257,6913.861204000498,-30770.62989802207,267.9814274713752
4160000,4160.0000003887535,-37658.41211714806,6635.074054753559,-31023.338062394498,257.1756308243957
4165000,4165.000000389772,-37847.259502492976,6652.311332058718,-31194.948170434258,257.8437481096087
4170000,4170.000000390791,-38135.336294183224,6694.889292422602,-31440.44700176062,259.4940708830152
4175000,4175.000000391809,-37950.34691439646,6512.962380527597,-31437.384533868862,252.4425793782576
4180000,4180.000000392828,-38232.85815058153,6867.754474354571,-31365.103676226958,266.19432951525727
4185000,4185.000000393847,-37895.692273825174,6621.411995091072,-31274.280278734102,256.64608906147544
4190000,4190.000000394865,-38296.85019801283,6516.955991573544,-31779.894206439283,252.59737183897974
4195000,4195.000000395884,-38156.693857704355,6762.670172866035,-31394.02368483832,262.12125944821054
4200000,4200.000000396903,-37889.707470007634,6646.730721295615,-31242.97674871202,257.62744350146977
4205000,4205.000000397921,-37503.88315253687,6861.733126787723,-30642.15002574915,265.9609419379465
4210000,4210.00000039894,-37528.00408864293,6716.230903587972,-30811.773185054954,260.3212722479089
4215000,4215.0000003999585,-38011.71706961801,6818.320077875581,-31193.39699174243,264.27825111221375
4220000,4220.000000400977,-37732.82016935489,6902.380873286444,-30830.43929606845,267.536449575259
4225000,4225.000000401996,-38014.19270332472,6803.391200278889,-31210.80150304583,263.69960745552714
4230000,4230.000000403014,-37840.9670898929,6776.115127784395,-31064.851962108507,262.64238622599794
4235000,4235.000000404033,-38057.898658429884,6490.5071748125,-31567.391483617383,251.57221506168537
4240000,4240.000000405052,-37724.557775228954,6843.424216462029,-30881.133558766924,265.2512881309412
4245000,4245.00000040607,-37613.017884184665,6628.272745656301,-30984.745138528364,256.9120119193036
4250000,4250.000000407089,-37861.57861695399,6812.255719335828,-31049.322897618164,264.04319642855296
4255000,4255.000000408108,-37804.816167086734,6721.624388303753,-31083.19177878298,260.53032384592825
4260000,4260.000000409126,-38118.12108347445,6900.640177469257,-31217.480906005192,267.46898016328794
4265000,4265.000000410145,-37876.271042807406,6653.49059885771,-31222.780443949698,257.889456519257
4270000,4270.0000004111635,-37656.51635707747,6501.417123984216,-31155.09923309325,251.9950849554265
4275000,4275.000000412182,-37927.01971302704,6499.911398579441,-31427.1083144476,251.93672300232305
4280000,4280.000000413201,-37674.15183015479,6571.029579210846,-31103.122250943947,254.69326540351324
4285000,4285.000000414219,-37929.846715292675,6791.160243047661,-31138.686472245012,263.2255352574521
4290000,4290.000000415238,-37425.596453992235,6616.395834055683,-30809.200619936553,256.4516625384333
4295000,4295.000000416257,-37685.171905726056,6711.525069220602,-30973.646836505453,260.1388739940241
4300000,4300.000000417275,-38056.685900572265,6719.28413234851,-31337.401768223754,260.4396154685064
4305000,4305.000000418294,-38037.78669597807,6506.896198811947,-31530.890497166125,252.2074540282549
4310000,4310.0000004193125,-37551.918070901214,6556.898628347117,-30995.019442554098,254.14554940629318
4315000,4315.000000420331,-38026.958559624974,6677.7711075093,-31349.187452115675,258.8305696217907
4320000,4320.00000042135,-37691.05713054119,6846.676879123559,-30844.380251417628,265.37736141436426
4325000,4325.000000422368,-37936.33383258965,6532.182247939946,-31404.151584649702,253.18754190397215
4330000,4330.000000423387,-37915.40937719284,6810.5382745868255,-31104.871102606012,263.97662822854704
4335000,4335.000000424406,-38101.34762338607,6573.8243639517505,-31527.52325943432,254.80159132765957
4340000,4340.000000425424,-37974.77586879407,6647.967895156929,-31326.807973637144,257.67539639025404
4345000,4345.000000426443,-37942.57684319809,6635.330654709681,-31307.24618848841,257.1855766449006
4350000,4350.000000427462,-37710.86395145808,6691.825222621454,-31019.038728836626,259.3753074634214
4355000,4355.00000042848,-38030.901775568214,6855.416133157953,-31175.48564241026,265.7160951120868
4360000,4360.000000429499,-37722.46284596951,6500.689627300433,-31221.773218669077,251.96688716636933
4365000,4365.0000004305175,-37804.73701574728,6808.814872001058,-30995.922143746226,263.90982910264404
4370000,4370.000000431536,-37832.16190577554,6828.236481699572,-31003.925424075966,264.66261116424926
4375000,4375.000000432555,-37966.37968804043,6980.509761535387,-30985.869926505045,270.56472717325136
4380000,4380.000000433573,-37784.174831438344,6644.453485596243,-31139.721345842103,257.5391777906896
4385000,4385.000000434592,-37827.00917672421,7102.1459781025205,-30724.863198621693,275.27934986903483
4390000,4390.000000435611,-37720.315641489105,6782.802088851329,-30937.513552637778,262.90157299866934
4395000,4395.000000436629,-37786.26467246988,6718.9562325566085,-31067.30843991327,260.4269060646424
4400000,4400.000000437648,-38165.696830379085,6820.958500590071,-31344.738329789016,264.3805164404348
4405000,4405.000000438667,-38035.79552552168,6619.712711905642,-31416.082813616038,256.58022480411285
4410000,4410.000000439685,-38027.10320426211,6562.920076191845,-31464.183128070265,254.3789408703771
4415000,4415.000000440704,-38038.53777180644,6791.2715219662205,-31247.26624984022,263.22984843102665
4420000,4420.0000004417225,-38006.11329593568,6797.193649300876,-31208.9196466348,263.4593902297382
4425000,4425.000000442741,-38093.08634088099,6837.113097575138,-31255.973243305853,265.00666901025767
4430000,4430.00000044376,-38050.922769094184,6579.930860390086,-31470.991908704098,255.0382792772885
4435000,4435.000000444778,-38014.18523317516,6727.45529185627,-31286.72994131889,260.75632980863793
4440000,4440.000000445797,-37692.74036433732,6721.321178810796,-30971.419185526524,260.5185714386484
4445000,4445.000000446816,-37755.07314334593,6720.560513096379,-31034.512630249552,260.4890880171617
4450000,4450.000000447834,-37818.77733023792,6952.286743870534,-30866.490586367385,269.47080232601826
4455000,4455.000000448853,-37589.831146713994,7103.138202258828,-30486.692944455164,275.3178085013292
4460000,4460.000000449872,-37801.43056311506,6829.781047591708,-30971.64951552335,264.7224785755821
4465000,4465.00000045089,-37769.81503703401,6896.702843395969,-30873.11219363804,267.3163689993871
4470000,4470.000000451909,-37446.20175082962,6610.813111544787,-30835.388639284833,256.23527607889883
4475000,4475.000000452927,-37829.567914478226,6629.030188536038,-31200.537725942188,256.9413704236402
4480000,4480.000000453946,-37680.873272401965,6861.17618534591,-30819.697087056054,265.93935487419276
4485000,4485.000000454965,-37873.2584418458,6778.011394898448,-31095.247046947352,262.7158855851979
4490000,4490.000000455983,-38089.76636092069,6747.563392631457,-31342.20296828923,261.535720280977
4495000,4495.000000457002,-38003.71445454499,6836.528314249525,-31167.186140295467,264.9840027944145
4500000,4500.000000458021,-37931.39019400578,6684.712507877307,-31246.67768612847,259.0996184679249
4505000,4505.000000459039,-37746.96034073599,6697.218317115243,-31049.742023620747,259.58434393642693
4510000,4510.000000460058,-37747.556971365564,6705.349378984338,-31042.207592381226,259.89950409111407
4515000,4515.0000004610765,-37737.47007596391,6657.6852403323555,-31079.78483563155,258.05204092425714
4520000,4520.000000462095,-37704.247951923455,6745.760372144945,-30958.48757977851,261.46583516331566
4525000,4525.000000463114,-37906.00102911806,6811.913334731751,-31094.087694386308,264.02992559301873
4530000,4530.000000464132,-38056.42955430506,6492.894180955833,-31563.53537334923,251.66473547752815
4535000,4535.000000465151,-38041.84520157144,6593.377071943147,-31448.468129628294,255.5594547622674
4540000,4540.00000046617,-38198.503690597616,6811.556019251708,-31386.947671345908,264.016076036371
4545000,4545.000000467188,-37746.40352726608,6732.24457949532,-31014.158947770757,260.9419627133513
4550000,4550.000000468207,-37975.79261200408,6771.322422241119,-31204.47018976296,262.4566208432342
4555000,4555.000000469226,-37751.894089482164,6850.196954613949,-30901.697134868216,265.51379962550095
4560000,4560.000000470244,-37586.315426221765,6649.268165425201,-30937.047260796564,257.72579489729793
4565000,4565.000000471263,-37784.088707436924,6699.912635204638,-31084.176072232287,259.68877577073107
4570000,4570.0000004722815,-38086.02585138186,6799.198683534078,-31286.827167847783,263.53710540510673
4575000,4575.0000004733,-37581.391448604496,6843.081421628345,-30738.31002697615,265.2380013948974
4580000,4580.000000474319,-37701.56702045243,6730.93834303789,-30970.628677414537,260.89133295667136
4585000,4585.000000475337,-37984.77487430249,6822.033220570618,-31162.741653731875,264.42217261287175
4590000,4590.000000476356,-38032.333670598986,6783.597083296839,-31248.736587302148,262.9323870026034
4595000,4595.000000477375,-37820.92704217023,6695.836662882872,-31125.090379287358,259.5307909849664
4600000,4600.000000478393,-37769.31952275189,6567.192611034812,-31202.126911717074,254.5445444242172
4605000,4605.000000479412,-37778.2976719325,6841.498658783057,-30936.799013149444,265.1766534687366
4610000,4610.000000480431,-38112.56158442647,6576.049485977541,-31536.512098448926,254.8878371111914
4615000,4615.000000481449,-37898.68416269562,6775.525930110299,-31123.158232585323,262.6195489099009
4620000,4620.000000482468,-37816.09856030902,6734.528194940169,-31081.570365368854,261.0304757032204
4625000,4625.0000004834865,-37851.38357144923,6517.827722669592,-31333.555848779637,252.63116015734437
4630000,4630.000000484505,-38153.45484870915,6834.7874343716485,-31318.667414337506,264.91652624824667
4635000,4635.000000485524,-37861.95637663942,6801.753111413638,-31060.203265225784,263.63611509149456
4640000,4640.000000486542,-37849.643053626976,6835.404401472142,-31014.238652154832,264.9404399079825
4645000,4645.000000487561,-38035.56805460589,6757.860161939706,-31277.70789266618,261.93482330838106
4650000,4650.00000048858,-38003.768317651324,6676.419363010612,-31327.34895464071,258.77817597233104
4655000,4655.000000489598,-38171.25353014906,6654.264926900163,-31516.988603248894,257.9194694929088
4660000,4660.000000490617,-37582.129486093116,6833.196411812789,-30748.93307428033,264.85485817538813
4665000,4665.000000491636,-37588.04459572088,6741.987037222469,-30846.05755849841,261.31958061046646
4670000,4670.000000492654,-37729.83304858657,6937.979646733413,-30791.85340185316,268.9162588949816
4675000,4675.000000493673,-37968.50364336272,6824.833669949481,-31143.669973413234,264.5307180985224
4680000,4680.000000494691,-37785.988826833855,6750.153546374027,-31035.835280459825,261.6361147026791
4685000,4685.00000049571,-37853.30434269255,7045.605956271755,-30807.698386420794,273.0878572555146
4690000,4690.000000496729,-37787.83177257362,6618.260103782979,-31169.57166879064,256.52392167814867
4695000,4695.000000497747,-37828.370230945235,6852.1370584480765,-30976.23317249716,265.58899809703115
4700000,4700.000000498766,-37692.05523775318,6701.962800175339,-30990.09243757784,259.76824021457645
4705000,4705.000000499785,-38093.716337524085,6855.360109858687,-31238.356227665397,265.7139236476524
4710000,4710.000000500803,-38202.39906732762,6902.257791181589,-31300.14127614603,267.53167890989823
4715000,4715.000000501822,-37991.955690540155,6941.195885959469,-31050.759804580688,269.04092040516485
4720000,4720.0000005028405,-38016.26778227378,6749.3837065807575,-31266.884075693026,261.6062756936742
4725000,4725.000000503859,-37878.89923890159,6595.749024569885,-31283.150214331705,255.65139170344287
4730000,4730.000000504878,-37736.82872714453,6645.885458767234,-31090.943268377297,257.594681105428
4735000,4735.000000505896,-38079.21159032292,6704.794369031667,-31374.417221291253,259.8779918919262
4740000,4740.000000506915,-38018.83577537792,6724.243029122737,-31294.592746255184,260.63182242740106
4745000,4745.000000507934,-37999.302780791295,6528.513279226585,-31470.78950156471,253.04533258791218
4750000,4750.000000508952,-37855.46679636403,6789.209951452973,-31066.25684491106,263.1499419080763
4755000,4755.000000509971,-37922.27451066444,6853.116935094548,-31069.157575569894,265.6269781395456
4760000,4760.00000051099,-38068.69042082615,6621.8233341649175,-31446.86708666123,256.6620325739255
4765000,4765.000000512008,-37708.25958699054,6734.238723950749,-30974.020863039794,261.01925580066995
4770000,4770.000000513027,-37473.7429993195,6727.1622023901145,-30746.580796929382,260.7449696538417
4775000,4775.0000005140455,-37621.46319912626,6885.043227290209,-30736.419971836047,266.86444199715254
4780000,4780.000000515064,-37723.61658874995,6521.143329052724,-31202.473259697228,252.75967314093901
4785000,4785.000000516083,-37919.80754281293,6854.987301391331,-31064.8202414216,265.6994735824417
4790000,4790.000000517101,-37372.5073649247,6695.811771518036,-30676.695593406665,259.5298261950634
4795000,4795.00000051812,-37814.74983493616,6530.956404395122,-31283.79343054104,253.14002817852904
4800000,4800.000000519139,-37595.819199746424,6722.659140697777,-30873.16005904865,260.57043087374495
4805000,4805.000000520157,-37922.437139439615,6839.563394889802,-31082.87374454981,265.10164259343185
4810000,4810.000000521176,-38027.66599978492,6805.683908001394,-31221.982091783524,263.7884728622981
4815000,4815.000000522195,-37579.28218000117,6782.31966310013,-30796.962516901043,262.8828741648859
4820000,4820.000000523213,-37882.832232285225,6796.980316207822,-31085.8519160774,263.4511214338922
4825000,4825.000000524232,-37785.756438243,6646.861477204571,-31138.89496103843,257.63251160366315
4830000,4830.0000005252505,-38158.40248714892,6529.427063805237,-31628.97542334368,253.08075090027958
4835000,4835.000000526269,-37685.39037914952,6681.601721426585,-31003.788657722933,258.9790443098639
4840000,4840.000000527288,-37816.26030485097,6700.998477450675,-31115.261827400296,259.73086304244737
4845000,4845.000000528306,-38093.87080714786,6872.9087402929545,-31220.962066854907,266.3941089876794
4850000,4850.000000529325,-37990.52447805773,6840.056323196629,-31150.468154861097,265.1207485065254
4855000,4855.000000530344,-38124.96383751338,6913.496468111299,-31211.467369402082,267.9672902994891
4860000,4860.000000531362,-38303.004297234664,6722.278592442923,-31580.72570479174,260.5556808141837
4865000,4865.000000532381,-38237.3932460841,6497.279905426689,-31740.113340657415,251.83472626408255
4870000,4870.0000005333995,-38203.99286053321,6752.517406809454,-31451.475453723757,261.72773799032365
4875000,4875.000000534418,-38430.57380189142,6642.938597528973,-31787.635204362447,257.4804606925663
4880000,4880.000000535437,-38104.10167727743,6578.098154120909,-31526.00352315652,254.9672435379732
4885000,4885.000000536455,-37872.49239843313,6795.323305304415,-31077.169093128716,263.3868956512031
4890000,4890.000000537474,-37908.43322051135,6781.1038042716755,-31127.329416239678,262.83574744729077
4895000,4895.000000538493,-38007.04657320705,6738.090707893147,-31268.955865313903,261.16855879143344
4900000,4900.000000539511,-37838.96839750785,7094.109765162382,-30744.85863234547,274.9678660611279
4905000,4905.00000054053,-37869.368246007616,6556.046273869539,-31313.321972138077,254.11251212612902
4910000,4910.000000541549,-37664.0959881286,6765.126896416302,-30898.9690917123,262.2164821124321
4915000,4915.000000542567,-37752.310071887034,6860.303527198399,-30892.006544688636,265.9055306232909
4920000,4920.000000543586,-37743.243758425706,6691.160938817931,-31052.082819607775,259.3495598071319
4925000,4925.0000005446045,-37601.95511415401,6718.588514827115,-30883.36659932689,260.4126533165544
4930000,4930.000000545623,-37951.57221227759,6629.535449069932,-31322.03676320766,256.9609543341531
4935000,4935.000000546642,-38292.93206377502,6619.253301700803,-31673.678762074218,256.562418053463
4940000,4940.00000054766,-38212.58265087531,6864.668531449775,-31347.914119425535,266.07471829363715
4945000,4945.000000548679,-38359.175524783175,6704.4636862528805,-31654.711838530297,259.8651746194232
4950000,4950.000000549698,-38294.92691928605,6706.478427682205,-31588.44849160385,259.9432660459482
4955000,4955.000000550716,-37930.449219863905,6767.099605402929,-31163.349614460974,262.29294436046166
4960000,4960.000000551735,-37885.36154653472,6761.481838800943,-31123.879707733773,262.07519959110897
4965000,4965.000000552754,-38116.10850353908,6602.062489911631,-31514.04601362745,255.89610177277333
4970000,4970.000000553772,-38134.29582430081,6756.526914684852,-31377.76890961596,261.88314661253975
4975000,4975.000000554791,-38060.707112228854,7012.992891722493,-31047.71422050636,271.82377408487326
4980000,4980.0000005558095,-37800.54365177322,6815.596023968323,-30984.9476278049,264.1726667168901
4985000,4985.000000556828,-37903.613399126414,6772.978909239515,-31130.6344898869,262.52082631935235
4990000,4990.000000557847,-37552.70937224716,6770.238450488945,-30782.470921758217,262.4146060719052
4995000,4995.000000558865,-37798.6722084857,6844.42700488312,-30954.245203602582,265.290156234394
5000000,5000.000000559884,-37625.58928184565,6786.445475166818,-30839.143806678832,263.04279074036907
5005000,5005.000000560903,-37771.7487830284,6648.092080097291,-31123.65670293111,257.68020980154574
5010000,5010.000000561921,-37705.89226241386,6866.375662644905,-30839.516599768955,266.1408867400456
5015000,5015.00000056294,-37842.46651689867,6658.449372247971,-31184.017144650697,258.0816586957861
5020000,5020.000000563959,-37587.83177491701,6666.041059986534,-30921.790714930474,258.37591269612966
5025000,5025.000000564977,-37912.16834612361,6771.632389187967,-31140.535956935644,262.46863516959024
5030000,5030.000000565996,-37837.16395469323,6544.033225073529,-31293.130729619697,253.646886064273
5035000,5035.0000005670145,-37845.624914306674,6802.577029434093,-31043.047884872583,263.66805017389294
5040000,5040.000000568033,-37881.20351618256,6861.0546158339,-31020.148900348664,265.93464283696716
5045000,5045.000000569052,-37927.00478900615,6802.983936526944,-31124.020852479203,263.6838219026525
5050000,5050.00000057007,-38121.6740675368,6779.330571411607,-31342.34349612519,262.76701689875074
5055000,5055.000000571089,-37834.964440304735,6657.254832711119,-31177.709607593617,258.03535831444907
5060000,5060.000000572108,-37762.85292759479,6682.070644785471,-31080.782282809316,258.9972197905948
5065000,5065.000000573126,-37598.6788885695,6927.195354063688,-30671.48353450581,268.49825945029653
5070000,5070.000000574145,-37475.23900169275,6656.345748120479,-30818.893253572274,258.00012217373063
5075000,5075.0000005751635,-38056.75488701502,6654.108134907866,-31402.646752107154,257.91339223149544
5080000,5080.000000576182,-38015.390500917645,6621.584281001246,-31393.806219916398,256.65276686752037
5085000,5085.000000577201,-37977.29807024408,6717.6292148460925,-31259.668855397984,260.3754708260903
5090000,5090.000000578219,-37941.84341433241,6740.972114644841,-31200.87129968757,261.28024218681276
5095000,5095.000000579238,-38024.58969158655,6715.381841092998,-31309.207850493556,260.28836256507003
5100000,5100.000000580257,-37835.604412814966,6528.6438704426,-31306.960542372366,253.05039430660315
5105000,5105.000000581275,-38003.06269295349,6718.9048724130025,-31284.157820540488,260.42491534423414
5110000,5110.000000582294,-37747.68218165496,6767.87911886833,-30979.803062786625,262.32315832123226
5115000,5115.000000583313,-38127.41278589255,6913.6260822986105,-31213.786703593938,267.9723141485238
5120000,5120.000000584331,-37772.84619682687,6603.63477113382,-31169.211425693047,255.95704343096932
5125000,5125.00000058535,-37957.55096716041,6688.729459216271,-31268.821507944136,259.2553155989688
5130000,5130.0000005863685,-37811.668448363904,6650.043930743273,-31161.62451762063,257.75586357978744
5135000,5135.000000587387,-37802.205570420134,6827.209924120969,-30974.995646299165,264.62282176767644
5140000,5140.000000588406,-37831.70494273027,6621.254723258796,-31210.450219471473,256.63999320145297
5145000,5145.000000589424,-37621.12035255283,6621.933463642263,-30999.186888910568,256.6663011951308
5150000,5150.000000590443,-37835.98047665727,6721.015284620699,-31114.965192036572,260.5067149724425
5155000,5155.000000591462,-38318.05900474943,6869.705707822965,-31448.353296926467,266.2699593716807
5160000,5160.00000059248,-37984.02551394315,6826.021393014567,-31158.004120928577,264.5767542732489
5165000,5165.000000593499,-37917.84053300854,6703.384928883743,-31214.455604124792,259.8233619577068
5170000,5170.000000594518,-37363.16826968952,6961.090648577472,-30402.07762111205,269.81204188537214
5175000,5175.000000595536,-37810.45230768745,6623.16780839151,-31187.284499295936,256.71414442746294
5180000,5180.000000596555,-37858.47237393136,6778.745164095278,-31079.727209836085,262.7443264970124
5185000,5185.0000005975735,-37711.01424856544,6583.504678518256,-31127.509570047187,255.17680055436531
5190000,5190.000000598592,-37821.10357669198,6582.325316197765,-31238.77826049422,255.1310884423015
5195000,5195.000000599611,-37503.93851282301,6582.6120463641,-30921.326466458915,255.14220211048288
5200000,5200.000000600629,-37680.3073209677,6696.546624174001,-30983.760696793703,259.55830910178025
5205000,5205.000000601648,-37615.992932763984,6866.664652418973,-30749.328280345013,266.1520879906773
5210000,5210.000000602667,-37718.068438854585,6811.977009011271,-30906.091429843313,264.03239360963283
5215000,5215.000000603685,-37620.04532345149,6697.613957512744,-30922.431365938748,259.59967896780216
5220000,5220.000000604704,-37547.138197232845,6773.3392933266805,-30773.798903906165,262.5347948152864
5225000,5225.000000605723,-37636.341238418136,6607.333466767852,-31029.007771650286,256.10040496319334
5230000,5230.000000606741,-37491.17691411336,6698.096780859415,-30793.08013325395,259.6183932123957
5235000,5235.00000060776,-37485.82366245983,6651.14576881022,-30834.67789364961,257.7985708499091
5240000,5240.0000006087785,-37875.18288342722,6534.498522098831,-31340.684361328385,253.2773207463871
5245000,5245.000000609797,-37775.06131486799,6999.312438449947,-30775.748876418045,271.29351938518226
5250000,5250.000000610816,-37997.686476944895,6589.829012696481,-31407.857464248413,255.42193190006057
5255000,5255.000000611834,-37815.9516782983,6586.3860919793115,-31229.565586318986,255.28848420979978
5260000,5260.000000612853,-37866.75645863528,6854.881702551708,-31011.874756083573,265.69538056886415
5265000,5265.000000613872,-37924.200646273785,6724.355288465404,-31199.84535780838,260.63617360223765
5270000,5270.00000061489,-37832.31160454532,6744.4365891298,-31087.87501541552,261.4145253016344
5275000,5275.000000615909,-37837.74989701024,6611.5374007374485,-31226.21249627279,256.26334954552254
5280000,5280.0000006169275,-37943.82105321804,6853.39526071767,-31090.42579250037,265.6377660474288
5285000,5285.000000617946,-37773.705212528796,6786.776448238787,-30986.92876429001,263.0556192646428
5290000,5290.000000618965,-37851.43495569584,6313.684988181472,-31537.74996751437,244.71858283161185
5295000,5295.000000619983,-37538.90732641821,6674.530433926721,-30864.376892491488,258.7049610353577
5300000,5300.000000621002,-37885.25097453976,6663.650362644579,-31221.600611895185,258.28324920933903
5305000,5305.000000622021,-37450.97039516991,6597.696788423337,-30853.273606746574,255.72688707750723
5310000,5310.000000623039,-37562.45267937023,6871.442678214124,-30691.010001156108,266.3372843860488
5315000,5315.000000624058,-37710.15601332239,6848.977348573757,-30861.178664748633,265.4665276658883
5320000,5320.000000625077,-38143.26976157943,6708.866317430009,-31434.403444149422,260.0358207103217
5325000,5325.000000626095,-38075.670047541054,6616.719865979983,-31458.95018156107,256.46422202365557
5330000,5330.000000627114,-37810.79491508574,6713.680028283305,-31097.114886802432,260.22240025940977
5335000,5335.0000006281325,-37942.56406730879,6871.886236452371,-31070.67783085642,266.35447671409025
5340000,5340.000000629151,-37621.33622911189,6693.951495188028,-30927.384733923864,259.45772183952346
5345000,5345.00000063017,-37518.134873211,6632.058568125078,-30886.07630508592,257.05875048974946
5350000,5350.000000631188,-37983.422910289475,6630.502497239644,-31352.920413049833,256.9984371445982
5355000,5355.000000632207,-37816.31553090572,6498.393954985864,-31317.921575919856,251.8779068519383
5360000,5360.000000633226,-37850.00347761148,6714.385743782677,-31135.6177338288,260.24975380923246
5365000,5365.000000634244,-37898.955845724646,6468.273055529622,-31430.682790195024,250.71042006057272
5370000,5370.000000635263,-38016.227780161134,6540.338432707424,-31475.88934745371,253.50367582280813
5375000,5375.000000636282,-37936.44345297478,6646.558234992568,-31289.885217982213,257.6207579281923
5380000,5380.0000006373,-38016.59478779961,6585.307638575325,-31431.287149224285,255.24668332977996
5385000,5385.000000638319,-37597.88658145969,6708.022999133007,-30889.86358232668,260.0031336727351
5390000,5390.0000006393375,-38017.52234215757,6869.571830257165,-31147.950511900406,266.26477027399267
5395000,5395.000000640356,-37865.171612367485,6932.2313985237515,-30932.940213843733,268.6934566553599
5400000,5400.000000641375,-37894.56556263571,6742.880718073351,-31151.684844562362,261.35421970185934
5405000,5405.000000642393,-37950.47909519033,6833.6524766317025,-31116.826618558625,264.8725352587987
5410000,5410.000000643412,-37715.21457324206,6572.247108595393,-31142.967464646666,254.74045687190295
5415000,5415.000000644431,-37841.53790034127,6842.694270770304,-30998.84362957096,265.2229954182769
5420000,5420.000000645449,-37840.453503219374,6733.892778695023,-31106.560724524352,261.00584695419167
5425000,5425.000000646468,-37844.96980980203,6702.289510520595,-31142.680299281434,259.7809035154597
5430000,5430.000000647487,-37721.770563115046,6824.251910231649,-30897.518652883395,264.50816907778994
5435000,5435.000000648505,-37913.89642756903,6598.594011477695,-31315.302416091334,255.76166346479252
5440000,5440.000000649524,-37361.77574284375,6720.551332430821,-30641.224410412928,260.48873217434266
5445000,5445.0000006505425,-37538.22232402342,6789.183888548788,-30749.038435474635,263.1489317092798
5450000,5450.000000651561,-37806.04698758629,6637.425880511898,-31168.621107074392,257.2667876476653
5455000,5455.00000065258,-38279.33967153688,6726.011803408881,-31553.327868128,260.7003801615079
5460000,5460.000000653598,-37866.80219130857,6594.422639224282,-31272.379552084287,255.59998097537007
5465000,5465.000000654617,-37732.36707449154,6688.430451406848,-31043.936623084694,259.2437260490444
5470000,5470.000000655636,-37735.26977623165,6621.792453588749,-31113.477322642902,256.6608356420464
5475000,5475.000000656654,-37566.92268749801,6771.156846393252,-30795.765841104756,262.45020311936656
5480000,5480.000000657673,-38165.03630613741,6608.180706924131,-31556.855599213275,256.1332440121403
5485000,5485.0000006586915,-38150.23744590196,6535.987940843651,-31614.249505058313,253.3350506529563
5490000,5490.00000065971,-38038.82545029657,6962.388550853116,-31076.436899443455,269.86234860896445
5495000,5495.000000660729,-38032.350189770026,6798.6725469246085,-31233.677642845418,263.51671233739967
5500000,5500.000000661747,-37677.16492423209,6601.807456732753,-31075.35746749934,255.8862166805923
