#"Step","Time (ps)","Potential Energy (kJ/mole)","Kinetic Energy (kJ/mole)","Total Energy (kJ/mole)","Temperature (K)"
505000,504.9999999949702,-35076.95804591352,7655.5476147043555,-27421.410431209162,296.72921068714686
510000,509.999999994852,-34844.61414930734,7681.594707227639,-27163.019442079698,297.73879662327033
515000,514.9999999947338,-34870.40156834145,7691.896398374827,-27178.505169966622,298.1380904212707
520000,519.9999999946156,-34979.42161954527,7574.321557885073,-27405.100061660196,293.58088676046646
525000,524.9999999944973,-35104.54293620793,7597.876834663811,-27506.66610154412,294.4938898580694
530000,529.9999999943791,-35055.051040977174,7789.930340335948,-27265.120700641226,301.9378883825294
535000,534.9999999942609,-35338.51239774486,7336.931262960022,-28001.58113478484,284.37963318814184
540000,539.9999999941426,-35594.13560208044,7587.8101362153575,-28006.32546586508,294.1037043827551
545000,544.9999999940244,-35109.107564624544,7627.6086640679405,-27481.498900556602,295.6462962848059
550000,549.9999999939062,-35349.0055759001,7446.466646238252,-27902.538929661845,288.6252272930018
555000,554.9999999937879,-34920.129143049024,7558.92574324209,-27361.203399806935,292.9841446125732
560000,559.9999999936697,-35194.90829355047,7488.323741732593,-27706.584551817876,290.24760932663133
565000,564.9999999935515,-35036.739109515525,7720.272656681578,-27316.46645283395,299.23795487948973
570000,569.9999999934332,-35203.640947832646,7479.186942827532,-27724.454005005115,289.89346678010753
575000,574.999999993315,-35464.74647102678,7602.015817188305,-27862.730653838476,294.6543169208157
580000,579.9999999931968,-34967.95901593666,7663.745762452547,-27304.213253484115,297.0469710921302
585000,584.9999999930785,-34764.90883316827,7790.600802611607,-26974.308030556665,301.9638755165484
590000,589.9999999929603,-35251.335101931225,7786.536210141472,-27464.798891789753,301.80633181410815
595000,594.999999992842,-34717.121087694984,7749.1157666106155,-26968.00532108437,300.35591451787883
600000,599.9999999927238,-35332.57611400308,7779.838552753541,-27552.737561249538,301.5467304517763
605000,604.9999999926056,-35015.39811383551,7753.094873710223,-27262.303240125286,300.5101448052901
610000,609.9999999924873,-34821.114538708796,7638.93179128436,-27182.182747424435,296.08518096955197
615000,614.9999999923691,-34729.687186496405,7915.542900027328,-26814.144286469076,306.8066342339723
620000,619.9999999922509,-35034.10531183642,7636.037088091507,-27398.068223744915,295.9729822037917
625000,624.9999999921326,-34898.73294062689,7482.2753278444725,-27416.45761278242,290.0131726580534
630000,629.9999999920144,-35116.946485903754,7562.259116217661,-27554.687369686093,293.1133462297204
635000,634.9999999918962,-34857.01536236804,7480.522453118038,-27376.49290925,289.94523119126546
640000,639.9999999917779,-34949.224326202995,7806.532833554471,-27142.691492648526,302.5814014211929
645000,644.9999999916597,-35000.03405570923,7412.121867658798,-27587.91218805043,287.2940228446705
650000,649.9999999915415,-34903.296104690045,7467.753446681522,-27435.542658008522,289.4503041929813
655000,654.9999999914232,-34899.69698589001,7653.821348434109,-27245.8756374559,296.66230056476417
660000,659.999999991305,-34857.37164397205,7596.5587240358545,-27260.812919936197,294.4427998582527
665000,664.9999999911868,-35160.362630713025,7684.113196281682,-27476.249434431345,297.83641331991197
670000,669.9999999910685,-35003.62133653198,7674.7117253049055,-27328.90961122707,297.47201207748765
675000,674.9999999909503,-35296.526662134245,7545.517063082216,-27751.009599052028,292.46442384530184
680000,679.9999999908321,-35573.919657001046,7368.836014964105,-28205.08364203694,285.6162621474023
685000,684.9999999907138,-35059.4129591093,7621.251870917432,-27438.161088191868,295.39990682855995
690000,689.9999999905956,-35437.04877466331,7726.221764919185,-27710.827009744124,299.46854245865217
695000,694.9999999904774,-34468.56425423162,7564.1425692521425,-26904.421684979476,293.1863489148861
700000,699.9999999903591,-35466.8723889121,7574.556851785457,-27892.315537126648,293.5900067577357
705000,704.9999999902409,-35463.88086810542,7493.855901248317,-27970.024966857105,290.46203596325023
710000,709.9999999901227,-34672.30733891661,7632.792255126158,-27039.51508379045,295.84721239958196
715000,714.9999999900044,-34983.63969251102,7602.92981709896,-27380.709875412056,294.6897435794567
720000,719.9999999898862,-34908.05547554637,7741.0760849585595,-27166.979390587807,300.04429626261407
725000,724.999999989768,-35131.30175849972,7612.911909703885,-27518.389848795836,295.07664973022986
730000,729.9999999896497,-35359.74339838706,7728.3446619947745,-27631.398736392282,299.55082600064196
735000,734.9999999895315,-35034.1644106579,7912.590604136927,-27121.57380652097,306.69220317386225
740000,739.9999999894133,-35166.75161081187,7699.330588491008,-27467.421022320865,298.42623980996177
745000,744.999999989295,-35176.41611102017,7638.2265288696235,-27538.189582150546,296.0578449813008
750000,749.9999999891768,-35357.25292655474,7789.390132351515,-27567.862794203225,301.91694990798845
755000,754.9999999890586,-35017.04595716767,7695.933625381334,-27321.112331786335,298.2945734376789
760000,759.9999999889403,-34703.062854048985,7459.349920233893,-27243.71293381509,289.12458330464096
765000,764.9999999888221,-34931.76443075838,7317.180139065622,-27614.58429169276,283.6140791483351
770000,769.9999999887038,-35166.87703742538,7721.175425639579,-27445.7016117858,299.2729462261343
775000,774.9999999885856,-35275.65859904528,7709.201598687083,-27566.457000358198,298.8088404038814
780000,779.9999999884674,-35190.3095366125,7469.7097285931395,-27720.59980801936,289.52612972718623
785000,784.9999999883491,-35240.06209937319,7389.695711765597,-27850.366387607595,286.4247844998975
790000,789.9999999882309,-35157.888573167394,7716.140428672868,-27441.748144494526,299.0777896219387
795000,794.9999999881127,-34963.91325732297,7771.828006825119,-27192.085250497854,301.2362414978642
800000,799.9999999879944,-34530.57761701774,7688.2404818198265,-26842.337135197915,297.99638700718447
805000,804.9999999878762,-35314.820960261815,7652.152293192685,-27662.66866706913,296.5976079432423
810000,809.999999987758,-35614.210087519525,7623.1822986525995,-27991.027788866926,295.47473025426035
815000,814.9999999876397,-35341.43686304398,7736.883292826857,-27604.553570217122,299.88178353819114
820000,819.9999999875215,-34906.4072915492,7746.246755220691,-27160.16053632851,300.24471156702145
825000,824.9999999874033,-35138.2098735524,7450.576587454274,-27687.633286098124,288.78452871392926
830000,829.999999987285,-34710.9675080355,7657.944504968853,-27053.02300306665,296.82211421176504
835000,834.9999999871668,-35166.95228528065,7445.701598106549,-27721.2506871741,288.5955740089151
840000,839.9999999870486,-35527.306717568186,7519.795869682086,-28007.5108478861,291.4674697670734
845000,844.9999999869303,-35010.45569377831,7599.407861564025,-27411.047832214288,294.55323249774796
850000,849.9999999868121,-34951.911176144786,7715.8227605986585,-27236.088415546128,299.0654767996998
855000,854.9999999866939,-35299.06084717448,7558.8796781149185,-27740.18116905956,292.98235912712994
860000,859.9999999865756,-34830.45623429495,7761.123168204844,-27069.333066090105,300.8213216940573
865000,864.9999999864574,-35035.24734962126,7675.151971307064,-27360.0953783142,297.48907602317814
870000,869.9999999863392,-34862.29198239253,7619.3729086646745,-27242.91907372786,295.3270782062024
875000,874.9999999862209,-35095.40714266545,7476.019458432011,-27619.387684233436,289.7706950083349
880000,879.9999999861027,-35204.869544518835,7721.6516586314165,-27483.217885887418,299.2914050284151
885000,884.9999999859845,-35090.93179689321,7737.953115402057,-27352.97868149115,299.92324988707844
890000,889.9999999858662,-35528.13259625649,7469.092696718089,-28059.0398995384,289.502213556787
895000,894.999999985748,-34863.59405590957,7638.956225862617,-27224.63783004695,296.08612805439617
900000,899.9999999856298,-35026.93219285755,7476.4934751133205,-27550.438717744233,289.78906790636603
905000,904.9999999855115,-35059.926365377076,7708.684274096982,-27351.242091280095,298.78878889025816
910000,909.9999999853933,-35114.23918599541,7515.61850871647,-27598.620677278937,291.3055551550211
915000,914.999999985275,-35085.78892330754,7568.864329502216,-27516.924593805325,293.3693644563697
920000,919.9999999851568,-34862.86830732615,7788.633985671493,-27074.234321654658,301.8876416443842
925000,924.9999999850386,-34611.064720168535,7576.880192675918,-27034.184527492616,293.6800595068374
930000,929.9999999849204,-35010.496818075066,7676.364328259107,-27334.13248981596,297.53606700795893
935000,934.9999999848021,-35110.59457362903,7672.002011310684,-27438.592562318347,297.3669834975401
940000,939.9999999846839,-35017.248843946414,7687.862251105647,-27329.38659284077,297.9817267755557
945000,944.9999999845656,-35310.66395470841,7614.765603572167,-27695.898351136246,295.148498949394
950000,949.9999999844474,-35565.69584471759,7422.267368848119,-28143.428475869474,287.68726271612667
955000,954.9999999843292,-35279.57459153563,7699.009423996307,-27580.565167539324,298.41379146638013
960000,959.999999984211,-35090.02444742928,7627.866315327841,-27462.15813210144,295.6562828538706
965000,964.9999999840927,-35319.336633802355,7499.067659858585,-27820.26897394377,290.66404385302496
970000,969.9999999839745,-34949.085477695764,7543.328504141778,-27405.756973553987,292.3795952478426
975000,974.9999999838562,-35455.13136730767,7553.844706815057,-27901.286660492617,292.7872035177819
980000,979.999999983738,-34855.71269493843,7880.583056655012,-26975.12963828342,305.4515898593951
985000,984.9999999836198,-34852.0871925889,7659.407575219447,-27192.679617369453,296.87882285006077
990000,989.9999999835015,-35312.716438220436,7709.178969766175,-27603.537468454262,298.8079633063598
995000,994.9999999833833,-35150.088041787436,7918.457888322949,-27231.630153464488,306.9196192508065
1000000,999.9999999832651,-34870.81201404252,7666.171239059501,-27204.64077498302,297.1409826240733
1005000,1004.9999999831468,-35045.159248466734,7492.805006559614,-27552.35424190712,290.42130325970135
1010000,1009.9999999830286,-35186.48342276745,7856.069281892484,-27330.414140874967,304.5014353567601
1015000,1014.9999999829104,-35178.532360742516,7770.623902857614,-27407.908457884903,301.1895703989637
1020000,1019.9999999827921,-34709.72953426474,7687.710215642574,-27022.019318622166,297.9758338773302
1025000,1024.999999982674,-34876.490691837775,7466.331848715607,-27410.158843122168,289.3952030214427
1030000,1029.9999999825557,-35248.35654780149,7721.83239351916,-27526.524154282335,299.29841031703495
1035000,1034.9999999824374,-35139.65681796328,7538.197598550838,-27601.45921941244,292.1807212230523
1040000,1039.9999999823192,-34813.62992351679,7663.332930092187,-27150.296993424603,297.0309696998587
1045000,1044.999999982201,-35174.15330045589,7655.391166470384,-27518.762133985503,296.7231467498146
1050000,1049.9999999820827,-35502.542946016394,7352.168985303884,-28150.37396071251,284.97024767469793
1055000,1054.9999999819645,-35331.81197731322,7711.360843388426,-27620.451133924795,298.8925327807245
1060000,1059.9999999818463,-35256.63400557481,7757.924752489722,-27498.709253085086,300.6973510235889
1065000,1064.999999981728,-34908.547550686024,7603.953862113214,-27304.593688572808,294.7294355889747
1070000,1069.9999999816098,-34609.002270517216,7632.937200510418,-26976.0650700068,295.85283048618123
1075000,1074.9999999814916,-35100.24833684647,7633.993403723147,-27466.25493312332,295.8937689482498
1080000,1079.9999999813733,-34864.30081949703,7727.223358455734,-27137.0774610413,299.5073642483513
1085000,1084.999999981255,-35416.70748891093,7652.939695239002,-27763.767793671926,296.62812766560006
1090000,1089.9999999811369,-34956.56181690838,7604.737698432425,-27351.824118475957,294.7598171036635
1095000,1094.9999999810186,-35422.28123571413,7488.16782420394,-27934.11341151019,290.2415659594501
1100000,1099.9999999809004,-35368.63721991501,7360.537932063287,-28008.09928785172,285.2946282534864
1105000,1104.9999999807821,-35576.38579079042,7682.81114815766,-27893.574642632757,297.7859459031362
1110000,1109.999999980664,-35160.13591577539,7752.329332933883,-27407.806582841506,300.4804724262854
1115000,1114.9999999805457,-35266.25844168838,7730.73825553483,-27535.520186153546,299.64360174414105
1120000,1119.9999999804274,-35019.40395823754,7705.1862610356,-27314.21769720194,298.6532058194033
1125000,1124.9999999803092,-34843.38924785824,7698.459920442231,-27144.92932741601,298.392492695335
1130000,1129.999999980191,-34913.97864745209,7752.50923188552,-27161.469415566567,300.4874453140015
1135000,1134.9999999800727,-34771.73001279529,7542.979984485074,-27228.750028310216,292.3660866175201
1140000,1139.9999999799545,-35269.045278718935,7993.890580491383,-27275.154698227554,309.8433922235137
1145000,1144.9999999798363,-35386.43071896355,7622.130574055021,-27764.30014490853,295.43396538342336
1150000,1149.999999979718,-35358.49564854447,7895.286559423921,-27463.20908912055,306.02149798230636
1155000,1154.9999999795998,-35292.86706120015,7418.448654140004,-27874.418407060148,287.5392492416886
1160000,1159.9999999794816,-35029.729710502535,7646.774629294283,-27382.955081208253,296.38916956048723
1165000,1164.9999999793633,-34954.522919605944,7569.299234298292,-27385.223685307654,293.3862213767833
1170000,1169.999999979245,-35270.104378023425,7564.88063632624,-27705.223741697184,293.2149564125275
1175000,1174.9999999791269,-35224.99389256405,7529.216830918154,-27695.7770616459,291.8326264524193
1180000,1179.9999999790086,-35166.751863635254,7618.132383573153,-27548.6194800621,295.27899542365424
1185000,1184.9999999788904,-34805.747176968354,7455.359255655981,-27350.387921312373,288.96990504909115
1190000,1189.9999999787722,-34841.16536315457,7650.549167443713,-27190.616195710856,296.53547075044224
1195000,1194.999999978654,-35116.816651294546,7456.678336337426,-27660.13831495712,289.02103264820454
1200000,1199.9999999785357,-35152.94885285086,7489.859599940084,-27663.089252910773,290.3071392278968
1205000,1204.9999999784175,-35190.144897294624,7401.79958509133,-27788.345312203295,286.8939309227221
1210000,1209.9999999782992,-35539.82972752755,7774.352480557887,-27765.47724696966,301.334090160798
1215000,1214.999999978181,-35313.34820142199,7839.599869965997,-27473.748331455994,303.8630805521944
1220000,1219.9999999780628,-35359.13798820099,7651.300327547751,-27707.83766065324,296.56458573424084
1225000,1224.9999999779445,-35115.16006032324,7729.634496885372,-27385.525563437863,299.60082003219486
1230000,1229.9999999778263,-34989.86538577726,7600.756930888989,-27389.10845488827,294.60552245740934
1235000,1234.999999977708,-35110.46442638932,7717.136601331002,-27393.327825058317,299.11640129825923
1240000,1239.9999999775898,-35346.782129547806,7688.188088144909,-27658.594041402896,297.99435622707756
1245000,1244.9999999774716,-35368.07761707179,7470.09685963607,-27897.98075743572,289.54113493577256
1250000,1249.9999999773534,-35458.47228322623,7752.9392655261945,-27705.533017700032,300.504113428314
1255000,1254.9999999772351,-35319.58357537181,7545.518022275663,-27774.065553096152,292.4644610236631
1260000,1259.9999999771169,-34989.719603332145,7617.252277494921,-27372.467325837224,295.2448824907775
1265000,1264.9999999769987,-34825.645653325046,7624.837592957622,-27200.808060367424,295.53888950155454
1270000,1269.9999999768804,-34846.487451695626,7576.7754462149605,-27269.712005480666,293.67599953147754
1275000,1274.9999999767622,-35085.087026825684,7469.553000756001,-27615.534026069683,289.52005495242844
1280000,1279.999999976644,-34723.64049383942,7535.630721909094,-27188.009771930323,292.0812290223411
1285000,1284.9999999765257,-35104.66783529769,7519.28222420905,-27585.38561108864,291.4475608561165
1290000,1289.9999999764075,-35056.313797424446,7527.366281239341,-27528.947516185104,291.7608991021149
1295000,1294.9999999762892,-35058.354355726464,7545.022052859574,-27513.33230286689,292.44523723710097
1300000,1299.999999976171,-34888.119890666014,7713.330213398543,-27174.789677267472,298.96886560994375
1305000,1304.9999999760528,-34826.650865079224,7766.358505246692,-27060.292359832532,301.02424348441036
1310000,1309.9999999759345,-35136.80213890909,7672.706454462585,-27464.09568444651,297.39428773114395
1315000,1314.9999999758163,-35339.011624386316,7769.764543825482,-27569.24708056083,301.15626162209566
1320000,1319.999999975698,-35080.04058182078,7477.658928249719,-27602.38165357106,289.8342408981181
1325000,1324.9999999755798,-35006.01550491746,7610.956527199315,-27395.05897771814,295.0008590570639
1330000,1329.9999999754616,-35009.01744772242,7581.285590076618,-27427.731857645802,293.8508128166283
1335000,1334.9999999753434,-35336.76443576921,7582.201883522923,-27754.562552246287,293.88632837276674
1340000,1339.9999999752251,-35069.386641699246,7521.573167580096,-27547.81347411915,291.53635787658226
1345000,1344.999999975107,-35022.63115590343,7516.082077839434,-27506.549078063996,291.32352310543814
1350000,1349.9999999749887,-35284.4336273535,7510.138251174516,-27774.295376178983,291.09314024016084
1355000,1354.9999999748704,-34871.61410256735,7870.107298700605,-27001.506803866745,305.04554922773724
1360000,1359.9999999747522,-35245.27430985591,7363.767096272912,-27881.507213582998,285.41979073634525
1365000,1364.999999974634,-35019.259097123504,7518.548245126807,-27500.710851996697,291.4191118091383
1370000,1369.9999999745157,-35230.55325469482,7667.416405585017,-27563.136849109807,297.1892453087153
1375000,1374.9999999743975,-35406.62024395199,7469.1973375328735,-27937.422906419117,289.50626943729867
1380000,1379.9999999742793,-35180.50809907355,7612.626055103256,-27567.882043970298,295.06556999899635
1385000,1384.999999974161,-34942.989184774415,7590.068840760008,-27352.920344014405,294.19125182553006
1390000,1389.9999999740428,-34899.60363647515,7517.369999981359,-27382.23363649379,291.3734429988061
1395000,1394.9999999739246,-35031.79179567095,7428.734628176718,-27603.057167494233,287.93793384410685
1400000,1399.9999999738063,-35194.54208392945,7665.5941670479915,-27528.94791688146,297.1186152989513
1405000,1404.999999973688,-35137.76430952483,7658.282544542317,-27479.481764982513,296.8352166338076
1410000,1409.9999999735699,-35008.18739928089,7730.448111437155,-27277.739287843735,299.63235575189833
1415000,1414.9999999734516,-35222.9013694433,7622.641719625652,-27600.25964981765,295.45377739810255
1420000,1419.9999999733334,-34910.44731284159,7405.925584717516,-27504.521728124077,287.053854768016
1425000,1424.9999999732152,-34663.13381963088,7429.215718220259,-27233.91810141062,287.9565809058292
1430000,1429.999999973097,-35296.28050183109,7554.5137530506545,-27741.766748780436,292.81313576605385
1435000,1434.9999999729787,-34940.011489949546,7421.232935736882,-27518.778554212666,287.6471680637184
1440000,1439.9999999728605,-34939.68928332384,7579.763225529292,-27359.926057794546,293.79180592995726
1445000,1444.9999999727422,-35202.60973502758,7246.156509580443,-27956.453225447138,280.8612015518593
1450000,1449.999999972624,-34914.986155393126,7707.260708344835,-27207.72544704829,298.7336114472775
1455000,1454.9999999725057,-34883.99410902514,7658.279368297006,-27225.71474072813,296.8350935224625
1460000,1459.9999999723875,-35068.20330799157,7524.7852138026665,-27543.418094188906,291.66085686584904
1465000,1464.9999999722693,-35179.23399718163,7733.7986436263855,-27445.435353555247,299.76222246058194
1470000,1469.999999972151,-35029.39199076529,7660.261768688959,-27369.130222076332,296.9119314095969
1475000,1474.9999999720328,-35183.40041351675,7660.737193007216,-27522.663220509534,296.9303588676701
1480000,1479.9999999719146,-34587.32136971831,7493.036190980854,-27094.285178737453,290.4302639734595
1485000,1484.9999999717963,-35105.202416886714,7755.928331891038,-27349.274084995675,300.6199697129027
1490000,1489.999999971678,-34790.653767710435,7754.442708709477,-27036.211059000958,300.5623869224571
1495000,1494.9999999715599,-35027.632861687314,7582.825363026607,-27444.807498660706,293.91049445340775
1500000,1499.9999999714416,-35336.302952812664,7562.424048610254,-27773.87890420241,293.119739013246
1505000,1504.9999999713234,-35106.638769175115,7763.01453265584,-27343.624236519274,300.8946310259185
1510000,1509.9999999712052,-35127.40285579924,7636.9781716209545,-27490.424684178288,296.00945862415216
1515000,1514.999999971087,-34988.41061511265,7656.182736070943,-27332.227879041704,296.7538280066755
1520000,1519.9999999709687,-34815.40327689958,7633.6237031213805,-27181.7795737782,295.8794393439845
1525000,1524.9999999708505,-35076.033864650584,7675.018860776374,-27401.01500387421,297.48391665578947
1530000,1529.9999999707322,-34486.40825749903,7639.398825822847,-26847.009431676182,296.1032832395585
1535000,1534.999999970614,-34876.93137317054,7487.824236965835,-27389.107136204708,290.22824850979185
1540000,1539.9999999704958,-35008.221514278484,7527.678211964517,-27480.543302313967,291.77298954456637
1545000,1544.9999999703775,-34716.526154687665,7690.874094674191,-27025.652060013475,298.0984659051107
1550000,1549.9999999702593,-35165.52109747739,7715.317715679889,-27450.2033817975,299.0459012464343
1555000,1554.999999970141,-34982.513290537514,7479.062724144491,-27503.450566393025,289.88865206094874
1560000,1559.9999999700228,-35173.07769528505,7697.348332354294,-27475.729362930757,298.349407514164
1565000,1564.9999999699046,-34231.74207507661,7747.666484235917,-26484.075590840694,300.2997402979862
1570000,1569.9999999697864,-35282.02578338003,7485.28399060457,-27796.741792775458,290.12978849939606
1575000,1574.9999999696681,-35222.89846837924,7313.986690276104,-27908.91177810313,283.4903009960233
1580000,1579.99999996955,-34613.0617499862,7752.926427915754,-26860.135322070444,300.5036158422228
1585000,1584.9999999694317,-34997.919998943915,7479.790806760902,-27518.129192183012,289.91687256076875
1590000,1589.9999999693134,-35500.652650516866,7588.296027413711,-27912.356623103155,294.122537537354
1595000,1594.9999999691952,-35359.25393013655,7657.17482020746,-27702.079109929087,296.7922812117994
1600000,1599.999999969077,-35404.43310637324,7548.57719741989,-27855.85590895335,292.5830347262362
1605000,1604.9999999689587,-35425.71519152712,7446.650470968844,-27979.06472055827,288.63235234400514
1610000,1609.9999999688405,-35586.67555717477,7477.563684957133,-28109.11187221764,289.8305492657941
1615000,1614.9999999687222,-34872.40141665975,7533.883885121959,-27338.51753153779,292.0135215862264
1620000,1619.999999968604,-35087.95220124329,7536.198552847083,-27551.75364839621,292.10323816322995
1625000,1624.9999999684858,-34881.847322146066,7533.028474048664,-27348.818848097402,291.9803658323383
1630000,1629.9999999683675,-35251.29950279651,7534.114505673405,-27717.184997123102,292.0224604443777
1635000,1634.9999999682493,-35534.63089654993,7722.535249016478,-27812.09564753345,299.3256530131088
1640000,1639.999999968131,-35302.39872968484,7944.260165723348,-27358.138563961496,307.9197161468463
1645000,1644.9999999680128,-35235.70076733782,7704.0418852595685,-27531.65888207825,298.6088497866488
1650000,1649.9999999678946,-34901.422234115234,7503.896928709479,-27397.525305405754,290.8512264304763
1655000,1654.9999999677764,-35037.286992092384,7677.1825769949,-27360.104415097485,297.5677823487467
1660000,1659.9999999676581,-35046.91845619843,7733.607250054786,-27313.311206143644,299.7548040411181
1665000,1664.99999996754,-34931.701170870234,7776.571721942373,-27155.12944892786,301.42010801053067
1670000,1669.9999999674217,-34850.20070275373,7765.569530714209,-27084.631172039524,300.9936628124508
1675000,1674.9999999673034,-35174.71361833844,7661.653450768394,-27513.06016757005,296.96587304065207
1680000,1679.9999999671852,-34688.93413452234,7626.449101691389,-27062.485032830948,295.60135161904793
1685000,1684.999999967067,-34945.493578183465,7535.383979536845,-27410.10959864662,292.07166528202555
1690000,1689.9999999669487,-34848.968578785156,7754.12079489276,-27094.847783892394,300.54990953513607
1695000,1694.9999999668305,-35383.533018024194,7486.04834612553,-27897.484671898666,290.15941493787363
1700000,1699.9999999667123,-35070.587451188236,7691.694608060025,-27378.89284312821,298.13026902378886
1705000,1704.999999966594,-35138.14190707421,7626.498277803539,-27511.64362927067,295.60325768634414
1710000,1709.9999999664758,-34487.462519453315,7694.400922535198,-26793.061596918116,298.2351658382959
1715000,1714.9999999663576,-34943.64235421382,7675.322191052881,-27268.32016316094,297.49567374464266
1720000,1719.9999999662393,-34907.491536014284,7713.836374636481,-27193.655161377803,298.9884844317672
1725000,1724.999999966121,-35176.47630232201,7660.4312247191065,-27516.045077602903,296.9184995294235
1730000,1729.9999999660029,-34951.797335021845,7632.0800556239865,-27319.71727939786,295.81960752965404
1735000,1734.9999999658846,-35223.46325437766,7617.47151293153,-27605.99174144613,295.25338006160246
1740000,1739.9999999657664,-35076.731021835745,7532.253244197465,-27544.47777763828,291.9503179045577
1745000,1744.9999999656482,-35588.078170142646,7550.536630442488,-28037.541539700156,292.6589823975789
1750000,1749.99999996553,-35321.10397521507,7535.095978879481,-27786.00799633559,292.0605023695811
1755000,1754.9999999654117,-35326.60261349949,7564.716391165912,-27761.88622233358,293.2085902661411
1760000,1759.9999999652935,-34999.20331953237,7645.509841240958,-27353.69347829141,296.3401463449528
1765000,1764.9999999651752,-35225.81319030795,7563.049738085662,-27662.763452222287,293.1439907524444
1770000,1769.999999965057,-35312.768543662954,7520.37522464635,-27792.393319016606,291.4899255794993
1775000,1774.9999999649388,-35474.464948945635,7371.285023393206,-28103.17992555243,285.71118577334084
1780000,1779.9999999648205,-34982.058055980146,7666.502429557978,-27315.555626422167,297.1538195758037
1785000,1784.9999999647023,-35107.444760624705,7629.614458683753,-27477.83030194095,295.7240409326227
1790000,1789.999999964584,-35530.64440574476,7793.619503880237,-27737.024901864523,302.0808804507246
1795000,1794.9999999644658,-35201.736425841606,7598.888207403035,-27602.848218438572,294.5330906899007
1800000,1799.9999999643476,-35385.12004415544,7637.873805516072,-27747.246238639367,296.04417341558684
1805000,1804.9999999642293,-34962.85155494928,7913.1118206695155,-27049.739734279763,306.7124055392705
1810000,1809.999999964111,-34650.72545763811,7628.4738719890665,-27022.251585649043,295.6798317647528
1815000,1814.9999999639929,-35109.78179845384,8050.05286457938,-27059.72893387446,312.02024371298904
1820000,1819.9999999638746,-35177.299108914296,7439.191430201496,-27738.1076787128,288.3432397434738
1825000,1824.9999999637564,-34730.938098446546,7652.352840278995,-27078.58525816755,296.60538115315774
1830000,1829.9999999636382,-35145.184951739095,7599.708138590756,-27545.47681314834,294.5648712425659
1835000,1834.99999996352,-34666.02180521994,7598.608080857921,-27067.41372436202,294.5222329782375
1840000,1839.9999999634017,-34645.919132209776,7997.031203554347,-26648.88792865543,309.9651228493868
1845000,1844.9999999632835,-34863.07333073885,7342.268421579358,-27520.804909159495,284.58650158530077
1850000,1849.9999999631652,-35001.147463968024,7641.719223713015,-27359.42824025501,296.1932219178977
1855000,1854.999999963047,-35110.31234647935,7751.8147903524905,-27358.497556126862,300.460528743387
1860000,1859.9999999629288,-35160.44984357959,7767.630687944167,-27392.81915563542,301.0735533165309
1865000,1864.9999999628105,-34585.81033016629,7747.543368215043,-26838.26696195125,300.2949683180397
1870000,1869.9999999626923,-34851.628964003954,7538.46540447937,-27313.163559524583,292.1911013873187
1875000,1874.999999962574,-35033.34517307919,7500.339132177739,-27533.006040901455,290.7133261508646
1880000,1879.9999999624558,-35101.88458764052,7615.233871965222,-27486.650715675296,295.1666490436334
1885000,1884.9999999623376,-35176.82624938404,7520.454066125885,-27656.37218325815,291.4929814771528
1890000,1889.9999999622194,-35243.12028361286,7641.678237334922,-27601.442046277934,296.1916332848916
1895000,1894.9999999621011,-34994.785371012316,7506.920705745134,-27487.86466526718,290.9684281015051
1900000,1899.999999961983,-35082.41845802625,7693.852242555154,-27388.5662154711,298.21389898900014
1905000,1904.9999999618647,-34673.33914590692,7661.792608553676,-27011.546537353242,296.971266799775
1910000,1909.9999999617464,-34794.31699152305,7584.569153934127,-27209.74783758892,293.9780838311549
1915000,1914.9999999616282,-35098.35853311943,7691.16989486233,-27407.188638257103,298.1099311275566
1920000,1919.99999996151,-35167.637886573146,7426.471130338437,-27741.166756234707,287.85020061315487
1925000,1924.9999999613917,-35172.09175755935,7766.910811495101,-27405.180946064247,301.0456508879556
1930000,1929.9999999612735,-35189.2114004568,7412.658732676549,-27776.552667780248,287.3148317457421
1935000,1934.9999999611553,-35220.27824377267,7620.685686461237,-27599.592557311433,295.3779615053453
1940000,1939.999999961037,-35332.53777913418,7672.262780831685,-27660.2749983025,297.3770909304805
1945000,1944.9999999609188,-34646.50293967844,7557.788950112199,-27088.71398956624,292.94008248336644
1950000,1949.9999999608006,-34844.354183504984,7649.432918079807,-27194.921265425175,296.492204898102
1955000,1954.9999999606823,-35469.05674830718,7599.908147259563,-27869.148601047615,294.57262358340586
1960000,1959.999999960564,-35210.008955608486,7528.505374113861,-27681.503581494624,291.80505036947903
1965000,1964.9999999604458,-35153.54512570567,7761.926360001955,-27391.618765703715,300.8524534275376
1970000,1969.9999999603276,-34590.99130335609,7436.986643584027,-27154.00465977206,288.2577821608603
1975000,1974.9999999602094,-35076.007225167086,7759.541799626924,-27316.465425540162,300.76002780973346
1980000,1979.9999999600911,-34884.840178815146,7906.44470977504,-26978.395469040108,306.45398815976364
1985000,1984.999999959973,-35003.98432414761,7721.744770759111,-27282.2395533885,299.29501405673636
1990000,1989.9999999598547,-35040.39100606946,7612.68713956174,-27427.70386650772,295.06793763408444
1995000,1994.9999999597364,-35166.93986446243,7380.900561664133,-27786.039302798297,286.08388426926354
2000000,1999.9999999596182,-34696.58655337813,7620.442411487622,-27076.14414189051,295.36853216148455
2005000,2004.9999999595,-35022.58574432293,7552.765680666998,-27469.820063655934,292.7453804381881
2010000,2009.9999999593817,-34706.50662922319,7590.562737378052,-27115.94389184514,294.21039527038977
2015000,2014.9999999592635,-34982.130993788705,7648.277972066738,-27333.853021721967,296.44743916270426
2020000,2019.9999999591453,-34745.084040808826,7469.954198356065,-27275.129842452763,289.53560538110946
2025000,2024.999999959027,-34877.3665149551,7619.288350828951,-27258.07816412615,295.3238007424448
2030000,2029.9999999589088,-35054.151073523244,7467.94731530209,-27586.203758221156,289.4578185454031
2035000,2034.9999999587906,-35353.03368069792,7691.747479841849,-27661.28620085607,298.132318335331
2040000,2039.9999999586723,-35391.587609205766,7639.682829067191,-27751.904780138575,296.11429121217753
2045000,2044.999999958554,-35345.478365416435,7492.791208463736,-27852.6871569527,290.4207684451714
2050000,2049.9999999588904,-35030.20005534204,7645.377126666684,-27384.822928675352,296.3350023248443
2055000,2054.999999959909,-35216.639719339255,7728.45242308629,-27488.187296252967,299.55500282315523
2060000,2059.9999999609277,-34792.00026357129,7682.931012505256,-27109.06925106603,297.79059184814787
2065000,2064.9999999619463,-35283.56737162366,7687.371234719654,-27596.196136904007,297.9626949685599
2070000,2069.999999962965,-34958.888391993096,7579.284952392464,-27379.603439600633,293.7732680516073
2075000,2074.9999999639836,-35366.31576449427,7384.530890345915,-27981.784874148354,286.22459589676504
2080000,2079.999999965002,-35075.09158732181,7676.707826502101,-27398.38376081971,297.54938100816446
2085000,2084.999999966021,-35402.444274191585,7962.128120584139,-27440.316153607448,308.6122785093679
2090000,2089.9999999670395,-35275.26976410266,7639.135147443757,-27636.134616658903,296.09306305920813
2095000,2094.999999968058,-35019.51573106025,7664.5310402879695,-27354.984690772282,297.07740848002226
2100000,2099.9999999690767,-35683.1647573578,7550.522111383851,-28132.642645973952,292.65841963851494
2105000,2104.9999999700954,-35241.512037525186,7604.884214805234,-27636.62782271995,294.7654960818169
2110000,2109.999999971114,-35162.92822759956,7770.829537332225,-27392.098690267332,301.19754079617275
2115000,2114.9999999721326,-34609.60077572728,7624.876555303039,-26984.724220424243,295.54039968300515
2120000,2119.9999999731513,-35110.38543135283,7408.012467480738,-27702.37296387209,287.13474239438744
2125000,2124.99999997417,-34979.569548509186,7911.480354352052,-27068.08919415713,306.64916986535036
2130000,2129.9999999751885,-34891.656138121594,7382.675530287628,-27508.980607833968,286.1526820960359
2135000,2134.999999976207,-35191.34066217987,8053.150357728005,-27138.190304451866,312.1403026223393
2140000,2139.999999977226,-35325.577477380335,7420.762953190183,-27904.81452419015,287.6289515288424
2145000,2144.9999999782444,-34877.4666634043,7450.376012848215,-27427.090650556085,288.7767544373478
2150000,2149.999999979263,-35060.06513028742,7479.871905251752,-27580.193225035666,289.9200159402354
2155000,2154.9999999802817,-34910.696904506185,7605.971976537967,-27304.72492796822,294.80765775288404
2160000,2159.9999999813003,-35585.222555259264,7616.752467672401,-27968.470087586866,295.2255098499693
2165000,2164.999999982319,-34936.23936575975,7829.54029771736,-27106.69906804239,303.4731712885573
2170000,2169.9999999833376,-34832.37739810401,7576.051464828272,-27256.325933275733,293.64793799542076
2175000,2174.9999999843562,-35191.82828775459,7563.75403204611,-27628.07425570848,293.171289203384
2180000,2179.999999985375,-34902.78529744121,7563.053111563051,-27339.732185878158,293.14412150850956
2185000,2184.9999999863935,-34950.310461806184,7672.984401403675,-27277.32606040251,297.40506096130247
2190000,2189.999999987412,-34609.66688646233,7509.354503408978,-27100.31238305335,291.0627621578145
2195000,2194.999999988431,-34792.60744628499,7704.968166145151,-27087.639280139836,298.6447524561751
2200000,2199.9999999894494,-35410.19088794995,7606.509347645761,-27803.68154030419,294.8284862700179
2205000,2204.999999990468,-35302.518420204055,7631.2217849870385,-27671.296635217015,295.78634093900956
2210000,2209.9999999914867,-34943.74443794768,7556.270187454591,-27387.47425049309,292.88121520602795
2215000,2214.9999999925053,-34827.900998704725,7563.853817852354,-27264.047180852373,293.1751569036472
2220000,2219.999999993524,-35036.86029796702,7547.91424752254,-27488.94605044448,292.55733877218216
2225000,2224.9999999945426,-35050.52449107748,7505.2063845960765,-27545.3181064814,290.90198097230865
2230000,2229.999999995561,-35026.23113818731,7732.967820190865,-27293.263317996443,299.73001972412857
2235000,2234.99999999658,-35000.82695126662,7828.978168290469,-27171.848782976154,303.4513831383765
2240000,2239.9999999975985,-35094.5418136818,7823.013077181024,-27271.528736500775,303.22017606271504
2245000,2244.999999998617,-35173.84501445386,7715.706096753231,-27458.138917700628,299.06095490622965
2250000,2249.9999999996357,-34987.204761684785,7501.2126880313135,-27485.99207365347,290.74718519687514
2255000,2255.0000000006544,-35154.48853706451,7536.22187783199,-27618.266659232522,292.10414224020906
2260000,2260.000000001673,-35223.62809460263,7560.356837695709,-27663.271256906923,293.0396138682049
2265000,2265.0000000026916,-35084.35279802545,7537.867174004003,-27546.48562402145,292.167913959626
2270000,2270.0000000037103,-35089.20704298669,7673.540340218156,-27415.666702768533,297.4266091631966
2275000,2275.000000004729,-35625.29050589323,7574.194106055632,-28051.0963998376,293.575946724475
2280000,2280.0000000057476,-35413.215895521535,7598.587576062446,-27814.628319459087,294.521438211869
2285000,2285.000000006766,-35001.68195115791,7729.3355013318505,-27272.34644982606,299.58923095730944
2290000,2290.000000007785,-35031.00366396514,7664.153941995875,-27366.84972196926,297.062792141101
2295000,2295.0000000088035,-35192.1749280759,7556.084805969132,-27636.090122106772,292.8740298151682
2300000,2300.000000009822,-34870.25413833002,7775.216251256634,-27095.037887073384,301.36756993397074
2305000,2305.0000000108407,-35077.44039414313,7781.3101303312515,-27296.13026381188,301.6037688342769
2310000,2310.0000000118594,-34551.62207644773,7698.949182159973,-26852.67289428776,298.41145649134694
2315000,2315.000000012878,-35164.03237153215,7796.936709369665,-27367.095662162486,302.2094554157178
2320000,2320.0000000138966,-35635.28527496191,7715.896996856145,-27919.38827810577,299.06835419883527
2325000,2325.0000000149153,-34911.81970863029,7730.031402383033,-27181.788306247257,299.6162040988829
2330000,2330.000000015934,-35077.823099044115,7729.2710854691695,-27348.552013574947,299.5867341969141
2335000,2335.0000000169525,-35100.65120208348,7661.256008190791,-27439.395193892688,296.9504681567325
2340000,2340.000000017971,-35148.29786805022,7762.912537082793,-27385.385330967427,300.8906776750406
2345000,2345.00000001899,-35153.425717983424,7695.305904598162,-27458.119813385263,298.2702429649424
2350000,2350.0000000200084,-35070.96678645915,7460.642496128336,-27610.324290330813,289.17468357756917
2355000,2355.000000021027,-35018.20007054309,7534.219964888339,-27483.98010565475,292.02654804609904
2360000,2360.0000000220457,-35250.32052410397,7708.943547999268,-27541.3769761047,298.798838352981
2365000,2365.0000000230643,-35347.904779797755,7539.307904006115,-27808.59687579164,292.22375668935035
2370000,2370.000000024083,-34921.69272361403,7872.647801808277,-27049.044921805755,305.14401918962994
2375000,2375.0000000251016,-35231.070374156465,7528.9436754853905,-27702.126698671076,291.8220389412393
2380000,2380.0000000261202,-35328.64723485283,7767.0187720053445,-27561.62846284749,301.0498354399436
2385000,2385.000000027139,-35200.12289044332,7768.132291315328,-27431.990599127996,301.0929954753278
2390000,2390.0000000281575,-35239.14831665024,7655.486673382289,-27583.661643267948,296.72684860002977
2395000,2395.000000029176,-34779.988518027065,7500.872688366017,-27279.11582966105,290.7340068016257
2400000,2400.0000000301948,-35531.50843050267,7721.335405101896,-27810.17302540077,299.2791470339627
2405000,2405.0000000312134,-34966.281160659615,7517.984353242811,-27448.296807416802,291.39725534607754
2410000,2410.000000032232,-34575.00050868941,7794.781836392002,-26780.218672297407,302.12593248699034
2415000,2415.0000000332507,-34513.04734484392,7468.2606594877725,-27044.78668535615,289.469963773618
2420000,2420.0000000342693,-34888.336622946,7694.620946357073,-27193.715676588927,298.24369396695283
2425000,2425.000000035288,-35516.546369139636,7756.093273811269,-27760.45309532837,300.62636286571967
2430000,2430.0000000363066,-34675.362982024744,7790.629690894399,-26884.733291130346,301.964995227088
2435000,2435.000000037325,-34937.54677741628,7609.262461121771,-27328.284316294514,294.9351970149291
2440000,2440.000000038344,-35014.2439747653,7409.035283233325,-27605.208691531974,287.1743867576934
2445000,2445.0000000393625,-34846.429909635,7637.058817772837,-27209.371091862165,296.0125844709495
2450000,2450.000000040381,-34787.71427608916,7772.4726813945035,-27015.241594694657,301.2612290997643
2455000,2455.0000000413997,-34782.30073807326,7354.31074897347,-27427.98998909979,285.05326248632736
2460000,2460.0000000424184,-35570.3390904411,7708.40402806473,-27861.935062376368,298.77792654727057
2465000,2465.000000043437,-34858.731930356276,7576.457656161429,-27282.274274194846,293.66368198131727
2470000,2470.0000000444556,-35169.312768436335,7601.853376902394,-27567.459391533943,294.6480207314053
2475000,2475.0000000454743,-35172.11173422679,7799.353270764137,-27372.758463462655,302.3031213938095
2480000,2480.000000046493,-35241.340590366184,7664.453562379678,-27576.887027986508,297.07440543442317
2485000,2485.0000000475115,-34810.62958132198,7683.094598686788,-27127.53498263519,297.79693245250024
2490000,2490.00000004853,-35257.327424033916,7770.155121725128,-27487.172302308787,301.1714004309316
2495000,2495.000000049549,-34728.134266215784,7491.563874225346,-27236.570391990437,290.3731969404096
2500000,2500.0000000505675,-34617.54896420166,7618.8955166487885,-26998.653447552875,295.3085744801214
2505000,2505.000000051586,-35143.19573555807,7535.177003539167,-27608.0187320189,292.0636428873501
2510000,2510.0000000526047,-35300.98691701255,7654.134678845463,-27646.852238167092,296.67444525908587
2515000,2515.0000000536234,-35322.52462776125,7706.020103947934,-27616.504523813317,298.685525590851
2520000,2520.000000054642,-35154.87364448408,7643.540782689603,-27511.33286179448,296.26382558788265
2525000,2525.0000000556606,-35107.478957311825,7732.85825561946,-27374.620701692365,299.7257729986912
2530000,2530.0000000566793,-34942.859255539595,7655.1510872887675,-27287.70816825083,296.71384127492905
2535000,2535.000000057698,-35477.31516587086,7887.779610149031,-27589.535555721828,305.7305284468642
2540000,2540.0000000587165,-35291.925555697264,7551.537923887829,-27740.387631809434,292.6977925557355
2545000,2545.000000059735,-34751.94351480553,7381.853455394435,-27370.090059411094,286.12081845329476
2550000,2550.000000060754,-34985.35064848947,7758.4204996211265,-27226.93014886834,300.71656619439125
2555000,2555.0000000617724,-35193.46799602502,7518.759481759487,-27674.708514265534,291.42729934612953
2560000,2560.000000062791,-35182.42134972427,7467.229485955148,-27715.19186376912,289.4299954625557
2565000,2565.0000000638097,-35248.48578006023,7740.069723937922,-27508.41605612231,300.00528968511645
2570000,2570.0000000648283,-35011.83811995015,7658.49357970534,-27353.344540244812,296.84339636183006
2575000,2575.000000065847,-35198.39816527613,7461.903960743921,-27736.49420453221,289.2235779765764
2580000,2580.0000000668656,-35153.490660427466,7710.11559228696,-27443.375068140507,298.8442668179166
2585000,2585.0000000678842,-35409.30600519318,7836.476855656961,-27572.82914953622,303.74203244204944
2590000,2590.000000068903,-34978.01234632915,7530.077611463877,-27447.934734865277,291.86599032718846
2595000,2595.0000000699215,-35000.26619451427,7739.673027565603,-27260.593166948667,299.98991372413167
2600000,2600.00000007094,-34672.933279240126,7774.293444991256,-26898.63983424887,301.3318019408077
2605000,2605.0000000719588,-35065.52587682832,7726.6620506985655,-27338.863826129753,299.4856079461088
2610000,2610.0000000729774,-35067.920837740145,7540.9111574489225,-27527.009680291223,292.2858988315665
2615000,2615.000000073996,-35367.64271645848,7353.581493902715,-28014.061222555767,285.0249965421486
2620000,2620.0000000750147,-34913.82530860603,7616.510689801498,-27297.31461880453,295.216138533846
2625000,2625.0000000760333,-35271.01419060861,7584.3215125853385,-27686.692678023268,293.96848524648686
2630000,2630.000000077052,-34917.13922625896,7438.947345926923,-27478.191880332037,288.33377903108845
2635000,2635.0000000780706,-34703.0502140893,7746.711692226245,-26956.338521863057,300.2627325366007
2640000,2640.000000079089,-35211.06341735858,7558.869955300795,-27652.193462057785,292.98198227061937
2645000,2645.000000080108,-34715.25497039079,7911.196824946299,-26804.058145444495,306.6381802587265
2650000,2650.0000000811265,-35337.24273370605,7579.769291521284,-27757.473442184768,293.79204104795355
2655000,2655.000000082145,-34725.453144979976,7577.754098918999,-27147.699046060978,293.71393213395373
2660000,2660.0000000831637,-35196.77182937993,7707.291893356108,-27489.479936023825,298.73482017906866
2665000,2665.0000000841824,-34728.26087089678,7660.263790392799,-27067.997080503985,296.9120097708865
2670000,2670.000000085201,-34927.072523885545,7561.692054280767,-27365.380469604777,293.0913668953325
2675000,2675.0000000862196,-35347.082644679365,7713.682604047284,-27633.40004063208,298.98252428001115
2680000,2680.0000000872383,-35234.48371778754,7387.263647394011,-27847.220070393527,286.330517626038
2685000,2685.000000088257,-34866.322951457514,7645.024267962656,-27221.298683494857,296.3213255129428
2690000,2690.0000000892755,-34687.20183294455,7368.669698276648,-27318.5321346679,285.6098157085743
2695000,2695.000000090294,-35268.10981361505,7357.233185348429,-27910.87662826662,285.1665361908967
2700000,2700.000000091313,-35050.22875663387,7545.858619070227,-27504.370137563645,292.47766256365736
2705000,2705.0000000923314,-35058.23205290818,7819.434291604055,-27238.797761304122,303.0814622472027
2710000,2710.00000009335,-35336.018232057264,7661.490795249785,-27674.52743680748,296.95956850881714
2715000,2715.0000000943687,-35254.595305537165,7636.536198018781,-27618.059107518384,295.9923277166433
2720000,2720.0000000953873,-34942.22857558314,7500.296551269981,-27441.93202431316,290.71167571385007
2725000,2725.000000096406,-35167.309250140854,7558.640733599053,-27608.668516541802,292.9730976319164
2730000,2730.0000000974246,-35019.57505104939,7581.554146525183,-27438.020904524208,293.86122207106945
2735000,2735.0000000984433,-34608.5072494198,7616.561958543853,-26991.94529087595,295.21812571153947
2740000,2740.000000099462,-35332.08509155878,7520.524046859184,-27811.561044699596,291.49569393206787
2745000,2745.0000001004805,-35173.29191891471,7577.205156846894,-27596.08676206781,293.69265512596337
2750000,2750.000000101499,-35122.86411239822,7762.2987716602065,-27360.565340738016,300.8668881124178
2755000,2755.000000102518,-34956.00031987615,7636.314746209943,-27319.685573666204,295.98374423917716
2760000,2760.0000001035364,-35186.45949495061,7569.174800985159,-27617.284693965456,293.38139833855695
2765000,2765.000000104555,-34967.785067513345,7446.896497453925,-27520.88857005942,288.6418883365168
2770000,2770.0000001055737,-35127.02971110045,7399.03615589702,-27727.99355520343,286.7868203403201
2775000,2775.0000001065923,-35061.24448312632,7549.455335025057,-27511.789148101263,292.6170713610493
2780000,2780.000000107611,-34969.63763682815,7483.0866451827005,-27486.550991645447,290.044619337704
2785000,2785.0000001086296,-35283.30415228355,7661.996852738068,-27621.30729954548,296.97918330930145
2790000,2790.000000109648,-35060.510338937216,7745.9142641139015,-27314.596074823316,300.23182420368136
2795000,2795.000000110667,-35272.4453259667,7621.693472512954,-27650.751853453745,295.41702331708206
2800000,2800.0000001116855,-35000.13340982391,7726.50074137019,-27273.63266845372,299.4793555926398
2805000,2805.000000112704,-35493.03874231953,7672.422372942686,-27820.616369376843,297.3832767245625
2810000,2810.0000001137228,-35022.810883656806,7450.029437669378,-27572.781445987428,288.7633211750345
2815000,2815.0000001147414,-34627.058074343775,7706.751234123265,-26920.30684022051,298.71386421412836
2820000,2820.00000011576,-34616.892098288736,7469.380798403971,-27147.511299884765,289.5133803850992
2825000,2825.0000001167787,-35464.362613843245,7766.895568276123,-27697.467045567122,301.04506006041936
2830000,2830.0000001177973,-34907.55826325782,7590.156392566089,-27317.401870691734,294.1946453356511
2835000,2835.000000118816,-34953.03969924676,7750.329998624936,-27202.70970062182,300.40297818011885
2840000,2840.0000001198346,-34999.4636884638,7607.936784172665,-27391.52690429114,294.8838137443217
2845000,2845.000000120853,-35102.70319506416,7625.98273113166,-27476.7204639325,295.5832750848742
2850000,2850.000000121872,-34999.25042492213,7510.184407778372,-27489.06601714376,291.0949292712425
2855000,2855.0000001228905,-35087.59419385436,7539.199678532363,-27548.394515321997,292.21956186737043
2860000,2860.000000123909,-35413.24303112514,7527.635706333342,-27885.607324791796,291.7713420252741
2865000,2865.0000001249277,-35022.26310625433,7598.809768509131,-27423.4533377452,294.530050396476
2870000,2870.0000001259464,-34966.77667416251,7835.556455559891,-27131.22021860262,303.70635771202814
2875000,2875.000000126965,-35301.99938645039,7352.053361226484,-27949.946025223908,284.9657660826617
2880000,2880.0000001279836,-34840.784730147454,7894.652045301091,-26946.132684846365,305.99690419956045
2885000,2885.0000001290023,-34996.76231723447,7703.423805301177,-27293.338511933292,298.58489299251397
2890000,2890.000000130021,-35236.17357653722,7520.487328473821,-27715.6862480634,291.49427072656323
2895000,2895.0000001310395,-35169.22446587565,7839.476222439092,-27329.74824343656,303.8582879710614
2900000,2900.000000132058,-35005.240441062924,7472.522279226778,-27532.718161836146,289.6351442577645
2905000,2905.000000133077,-34849.07474016354,7595.840577287052,-27253.234162876484,294.41496447290154
2910000,2910.0000001340954,-35219.64772859331,7643.568892986929,-27576.07883560638,296.2649151436869
2915000,2915.000000135114,-34893.62304079874,7571.531651935013,-27322.091388863726,293.4727499383712
2920000,2920.0000001361327,-35261.77815609328,7499.835761019991,-27761.94239507329,290.69381547261673
2925000,2925.0000001371513,-34953.152041308414,7722.609950596213,-27230.542090712202,299.3285484481459
2930000,2930.00000013817,-34914.12522101479,7462.663879732055,-27451.46134128273,289.25303245493427
2935000,2935.0000001391886,-35119.522481399916,7585.583504524297,-27533.93897687562,294.01740008456085
2940000,2940.0000001402072,-35211.683652236396,7445.478801761821,-27766.204850474576,288.5869384172053
2945000,2945.000000141226,-35180.5836359918,7721.50428880664,-27459.079347185165,299.2856929704428
2950000,2950.0000001422445,-34846.349823819844,7376.92543389919,-27469.424389920656,285.92980822096007
2955000,2955.000000143263,-35326.89462244554,7621.021234370315,-27705.873388075226,295.39096735041596
2960000,2960.000000144282,-34931.18531306568,7563.74206875445,-27367.44324431123,293.1708255059099
2965000,2965.0000001453004,-35230.4055517289,7551.192492423481,-27679.21305930542,292.68440362382347
2970000,2970.000000146319,-35216.74789790753,7765.060125417002,-27451.687772490528,300.97391825081166
2975000,2975.0000001473377,-35230.7704558926,7427.23162178298,-27803.53883410962,287.879677279937
2980000,2980.0000001483563,-35043.12829936495,7516.516187676774,-27526.612111688177,291.34034921323195
2985000,2985.000000149375,-35340.79209773669,7601.391556878825,-27739.400540857863,294.63012057612315
2990000,2990.0000001503936,-34921.06974766782,7576.993466727472,-27344.076280940346,293.6844500118151
2995000,2995.000000151412,-34694.92001530183,7642.183530346492,-27052.73648495534,296.21121845424005
3000000,3000.000000152431,-35345.740318709555,7642.089779232831,-27703.650539476723,296.20758465880726
3005000,3005.0000001534495,-35001.54145236012,7533.411786707077,-27468.129665653043,291.9952230402484
3010000,3010.000000154468,-34999.96787475448,7511.385949710684,-27488.5819250438,291.14150106559697
3015000,3015.0000001554868,-35404.226139176215,7890.42401153044,-27513.802127645773,305.8330255083596
3020000,3020.0000001565054,-34738.16917157281,7682.733466246619,-27055.43570532619,297.78293495038565
3025000,3025.000000157524,-35085.76071194327,7466.637938135942,-27619.12277380733,289.4070670547773
3030000,3030.0000001585427,-35008.294375563324,7753.451042972169,-27254.843332591154,300.52394993449667
3035000,3035.0000001595613,-35091.53465011917,7638.032514578139,-27453.502135541028,296.0503249826708
3040000,3040.00000016058,-34965.295081240874,7507.156472482928,-27458.138608757945,290.97756642596374
3045000,3045.0000001615986,-35421.08131249603,7614.501514940391,-27806.57979755564,295.1382628676397
3050000,3050.000000162617,-35158.59893425574,7704.75037391299,-27453.848560342747,298.63631082398945
3055000,3055.000000163636,-35317.62936348348,7588.969323845897,-27728.660039637583,294.14863452334845
3060000,3060.0000001646545,-35001.451300786684,7492.853303343218,-27508.597997443467,290.4231752442018
3065000,3065.000000165673,-34948.30866841189,7557.424230385303,-27390.884438026587,292.92594593793166
3070000,3070.0000001666917,-35258.31452501574,7365.410334522594,-27892.904190493144,285.4834826906429
3075000,3075.0000001677104,-35551.984166810034,7672.35500878723,-27879.629158022806,297.38066568826787
3080000,3080.000000168729,-35270.666907175684,7448.641186873383,-27822.0257203023,288.7095125406084
3085000,3085.0000001697476,-34910.81122204652,7675.1291312631665,-27235.682090783353,297.48819074252435
3090000,3090.0000001707663,-35175.61633606255,7975.262785755494,-27200.353550307056,309.12137844905743
3095000,3095.000000171785,-34498.6437330988,7509.633438328565,-26989.010294770233,291.0735736820434
3100000,3100.0000001728035,-34834.63259759312,7787.682783032442,-27046.949814560678,301.85077300709077
3105000,3105.000000173822,-35126.46296015982,7755.814312816556,-27370.648647343267,300.6155503308183
3110000,3110.000000174841,-35155.13971689716,7467.863764620519,-27687.275952276643,289.4545801189648
3115000,3115.0000001758594,-35379.695563268026,7722.004114374495,-27657.69144889353,299.30506622154064
3120000,3120.000000176878,-34756.75681207261,7652.48538995026,-27104.271422122347,296.61051878162147
3125000,3125.0000001778967,-34968.661842497255,7726.190998252823,-27242.47084424443,299.4673499419199
3130000,3130.0000001789153,-35485.760026816875,7328.915033184803,-28156.844993632072,284.06892392819043
3135000,3135.000000179934,-34797.67072856695,7694.846660998845,-27102.8240675681,298.2524426719266
3140000,3140.0000001809526,-35367.03601250879,7614.5058468891975,-27752.53016561959,295.1384307740802
3145000,3145.0000001819712,-35396.40029300114,7788.985085144286,-27607.415207856855,301.90125026844066
3150000,3150.00000018299,-34835.34036531707,7722.964609683529,-27112.37575563354,299.3422950429473
3155000,3155.0000001840085,-35260.38184044421,7857.535003276309,-27402.846837167905,304.5582467530441
3160000,3160.000000185027,-35175.6172175909,7514.263580361368,-27661.353637229535,291.2530380992099
3165000,3165.000000186046,-35365.4169947477,7564.16429395751,-27801.252700790188,293.1871909649916
3170000,3170.0000001870644,-34761.57783199144,7725.4404048199185,-27036.13742717152,299.43825692230826
3175000,3175.000000188083,-35226.313334860584,7546.79534288765,-27679.517991972934,292.5139700014743
3180000,3180.0000001891017,-34898.156797432486,7476.8066357511325,-27421.350161681352,289.8012060202611
3185000,3185.0000001901203,-35081.127713719135,7622.028402744047,-27459.09931097509,295.4300052209391
3190000,3190.000000191139,-35231.10307962566,7748.092701505721,-27483.01037811994,300.3162604896715
3195000,3195.0000001921576,-35522.32879768762,7633.957228013163,-27888.371569674462,295.8923667768559
3200000,3200.000000193176,-35340.100742791125,7603.509955134186,-27736.59078765694,294.7122297437321
3205000,3205.000000194195,-34975.98581498504,7634.163814844489,-27341.82200014055,295.9003740874342
3210000,3210.0000001952135,-35131.148064616864,7295.113975584991,-27836.034089031873,282.75879411817937
3215000,3215.000000196232,-35100.63976451617,7587.927626677089,-27512.71213783908,294.1082583158932
3220000,3220.0000001972508,-34900.35072120388,7689.117030095437,-27211.233691108446,298.0303620395455
3225000,3225.0000001982694,-34699.87418245376,7633.5157251656055,-27066.358457288152,295.8752541158073
3230000,3230.000000199288,-34714.26194966632,8025.987200105495,-26688.274749560824,311.08745797597896
3235000,3235.0000002003067,-34706.269796226414,7549.695782987569,-27156.574013238846,292.62639112989126
3240000,3240.0000002013253,-35224.795982133284,7591.926691708653,-27632.86929042463,294.2632621732297
3245000,3245.000000202344,-34954.469740797234,7846.051844016706,-27108.417896780527,304.113159222434
3250000,3250.0000002033626,-35146.202812632044,7593.440048173711,-27552.762764458334,294.3219199064142
3255000,3255.000000204381,-35092.767981704,7612.715468299043,-27480.052513404953,295.0690356566275
3260000,3260.0000002054,-35233.193641745376,7686.894136427557,-27546.29950531782,297.94420262722014
3265000,3265.0000002064185,-34831.350842009284,7426.579173316653,-27404.77166869263,287.8543883616034
3270000,3270.000000207437,-34942.41379493758,7763.854914746882,-27178.5588801907,300.92720425609104
3275000,3275.0000002084557,-35025.59209224658,7508.352312203569,-27517.23978004301,291.0239172024559
3280000,3280.0000002094744,-34803.57446859279,7588.399396996653,-27215.17507159614,294.1265441448887
3285000,3285.000000210493,-34759.298332031445,7625.644674147095,-27133.65365788435,295.5701719879769
3290000,3290.0000002115116,-35076.56275648698,7528.940799072081,-27547.6219574149,291.8219274513899
3295000,3295.0000002125303,-35122.642842109075,7734.057810435028,-27388.585031674047,299.7722677723526
3300000,3300.000000213549,-35225.16799749672,7838.630188607819,-27386.5378088889,303.82549567930073
3305000,3305.0000002145675,-34555.0192564911,7604.588771820923,-26950.430484670174,294.7540447046001
3310000,3310.000000215586,-35174.86815307915,7499.944430148906,-27674.923722930245,290.6980274906815
3315000,3315.000000216605,-34985.333546033944,7703.683408885139,-27281.650137148805,298.5949552337066
3320000,3320.0000002176234,-35006.79926990205,7719.838544865019,-27286.960725037028,299.22112869498136
3325000,3325.000000218642,-35417.466089035195,7710.6629013168385,-27706.803187718357,298.8654805291508
3330000,3330.0000002196607,-35078.04932865049,7691.576362083306,-27386.472966567188,298.1256858068716
3335000,3335.0000002206793,-34866.61832766064,7613.9186576855245,-27252.699669975114,295.1156713063453
3340000,3340.000000221698,-35037.97405736065,7605.154480134734,-27432.819577225913,294.77597157252444
3345000,3345.0000002227166,-35522.33877535932,7614.4222703598125,-27907.916504999506,295.13519134578
3350000,3350.0000002237352,-35345.975113017026,7549.789885061558,-27796.185227955466,292.6300385285548
3355000,3355.000000224754,-35160.21548537912,7666.917008030893,-27493.298477348228,297.16988864744
3360000,3360.0000002257725,-35513.153141889146,7433.1377887445915,-28080.015353144554,288.1086004542034
3365000,3365.000000226791,-35381.032956589166,7535.463278407318,-27845.569678181848,292.0747389081629
3370000,3370.00000022781,-34665.03877568545,7556.914904083026,-27108.12387160242,292.9062044381379
3375000,3375.0000002288284,-35445.4944593792,7490.169940906135,-27955.32451847307,290.3191680512462
3380000,3380.000000229847,-35712.629927508715,7726.854058887199,-27985.775868621517,299.49305018814374
3385000,3385.0000002308657,-34677.124122876,7806.519358941508,-26870.60476393449,302.5808791448685
3390000,3390.0000002318843,-34817.40821431837,7404.902384578674,-27412.505829739697,287.01419550588946
3395000,3395.000000232903,-34930.89044492764,7607.987013637052,-27322.903431290586,294.88576063957606
3400000,3400.0000002339216,-35068.420773137244,7484.13275330732,-27584.288019829924,290.08516651391324
3405000,3405.00000023494,-35432.34124896062,7857.743117772488,-27574.598131188133,304.566313275949
3410000,3410.000000235959,-34982.19025202588,7736.031542238627,-27246.158709787254,299.84876966479266
3415000,3415.0000002369775,-35431.94945848634,7634.620325264357,-27797.329133221985,295.91806844234844
3420000,3420.000000237996,-35335.54671615171,7993.987771297438,-27341.55894485427,309.8471593415068
3425000,3425.0000002390148,-35139.49004272454,7477.656826816343,-27661.833215908195,289.83415944650966
3430000,3430.0000002400334,-35373.42582002756,7608.349629119943,-27765.076190907617,294.8998156244624
3435000,3435.000000241052,-35164.275218593444,7715.291446585423,-27448.98377200802,299.0448830556975
3440000,3440.0000002420707,-35085.88658706124,7497.699522161462,-27588.18706489978,290.6110148027975
3445000,3445.0000002430893,-35229.50147059431,7633.505546706272,-27595.99592388804,295.87485959847737
3450000,3450.000000244108,-35423.993035901854,7585.638608353183,-27838.35442754867,294.0195359103011
3455000,3455.0000002451266,-34886.42678855941,7354.934862377663,-27531.491926181745,285.07745313696734
3460000,3460.000000246145,-35269.904935889244,7524.016841611224,-27745.88809427802,291.63107474112644
3465000,3465.000000247164,-34865.548703615124,7877.587248567168,-26987.961455047956,305.3354722654598
3470000,3470.0000002481825,-35395.38759813202,7638.758369437202,-27756.629228694823,296.0784591345621
3475000,3475.000000249201,-35148.33871053583,7870.096290593563,-27278.242419942264,305.0451225532421
3480000,3480.0000002502197,-34938.620356328596,7724.454548191401,-27214.165808137193,299.400045095545
3485000,3485.0000002512384,-34997.62918242716,7560.677537920508,-27436.951644506655,293.0520442166739
3490000,3490.000000252257,-35397.786265291215,7574.379864422643,-27823.406400868575,293.58314672327276
3495000,3495.0000002532756,-35457.55014460216,7634.5337753827425,-27823.01636921942,295.914713766844
3500000,3500.0000002542943,-34735.006410719536,7414.406438946544,-27320.599971772994,287.38257288303345
3505000,3505.000000255313,-35202.12680156299,7447.248429799472,-27754.878371763516,288.6555292427413
3510000,3510.0000002563315,-35333.00534357444,7654.039198236854,-27678.96614533759,296.670744428387
3515000,3515.00000025735,-35065.06567972561,7570.900469698237,-27494.16521002737,293.4482852996093
3520000,3520.000000258369,-34951.4932127343,7409.893308624374,-27541.599904109924,287.20764384260093
3525000,3525.0000002593874,-35169.25229322261,7416.008141647437,-27753.244151575178,287.4446549184555
3530000,3530.000000260406,-35198.54847225877,7458.482958832346,-27740.065513426423,289.0909798597505
3535000,3535.0000002614247,-35407.8251467019,7525.637458111886,-27882.187688590013,291.69388987588496
3540000,3540.0000002624433,-35501.433363916396,7698.926384905588,-27802.50697901081,298.4105728692156
3545000,3545.000000263462,-35044.21094832743,7417.623538339289,-27626.587409988144,287.5072677332983
3550000,3550.0000002644806,-35320.70322495715,7724.046281927436,-27596.656943029713,299.38422068528024
3555000,3555.0000002654992,-34944.01653158172,7535.263257646885,-27408.753273934835,292.06698609865117
3560000,3560.000000266518,-34939.42854793603,7498.990971735402,-27440.43757620063,290.6610714195158
3565000,3565.0000002675365,-35073.23047997591,7564.8713474264805,-27508.359132549427,293.21459637454814
3570000,3570.000000268555,-34853.5935492005,7407.801636528022,-27445.79191267248,287.1265705815615
3575000,3575.000000269574,-35243.90331634548,7703.355344938371,-27540.54797140711,298.58223946719596
3580000,3580.0000002705924,-34858.80466495194,7624.846022044732,-27233.958642907208,295.5392162131748
3585000,3585.000000271611,-35263.442968599054,7720.6855191685645,-27542.75744943049,299.2539574394699
3590000,3590.0000002726297,-34980.52919875554,7550.326791578731,-27430.20240717681,292.65084903814494
3595000,3595.0000002736483,-35325.5473311116,7699.138403906396,-27626.408927205204,298.4187907308144
3600000,3600.000000274667,-35070.09635609351,7387.42538258281,-27682.670973510703,286.33678648586726
3605000,3605.0000002756856,-35137.771215846224,7677.779196139345,-27459.99201970688,297.590907321214
3610000,3610.000000276704,-35098.68941828486,7560.5096327094525,-27538.179785575412,293.0455362066328
3615000,3615.000000277723,-35053.3689818253,7701.959460027782,-27351.409521797515,298.5281349343036
3620000,3620.0000002787415,-35320.06101026928,7546.831530603723,-27773.22947966556,292.51537263822445
3625000,3625.00000027976,-35094.90195844415,7482.4856712271385,-27612.41628721701,290.0213255726525
3630000,3630.0000002807787,-35027.37004690024,7490.501217289162,-27536.86882961108,290.3320083318639
3635000,3635.0000002817974,-34662.30753004618,7504.825335997773,-27157.482194048403,290.88721151942315
3640000,3640.000000282816,-34825.6663732006,7512.338865004157,-27313.327508196442,291.1784360854172
3645000,3645.0000002838347,-35221.744225257455,7563.481493312051,-27658.262731945404,293.16072559546075
3650000,3650.0000002848533,-34907.527587372795,7444.015182551085,-27463.51240482171,288.5302085012012
3655000,3655.000000285872,-34720.79675047848,7695.77605791741,-27025.020692561073,298.2884661189666
3660000,3660.0000002868906,-34826.70789334209,7464.732165858972,-27361.97572748312,289.33319927523286
3665000,3665.000000287909,-35144.228783443905,7801.981501947939,-27342.247281495966,302.40499169805463
3670000,3670.000000288928,-34844.22296577209,7687.635369039446,-27156.587596732643,297.9729328211829
3675000,3675.0000002899465,-35199.16631081371,7802.480533162213,-27396.685777651495,302.4243341599884
3680000,3680.000000290965,-35253.472842980205,7437.594762758419,-27815.878080221788,288.28135287476647
3685000,3685.0000002919837,-34808.00805114308,7653.574744810172,-27154.433306332907,296.6527422023366
3690000,3690.0000002930024,-35156.02554365028,7439.29343185443,-27716.73211179585,288.34719333000834
3695000,3695.000000294021,-34953.35970433081,7350.402893793177,-27602.956810537635,284.9017939250319
3700000,3700.0000002950396,-34796.50003792282,7449.811729319446,-27346.688308603378,288.7548827941261
3705000,3705.0000002960583,-34754.30126405001,7706.485794816062,-27047.81546923395,298.7035757801618
3710000,3710.000000297077,-35156.731612618394,7532.420637176992,-27624.310975441404,291.9568060604924
3715000,3715.0000002980955,-34900.87793068176,7579.453268551806,-27321.424662129954,293.7797919900139
3720000,3720.000000299114,-34395.08859764377,7640.180087031737,-26754.908510612033,296.133564942909
3725000,3725.000000300133,-34894.42482452882,7533.863897356072,-27360.560927172744,292.01274685993724
3730000,3730.0000003011514,-35129.09028124675,7704.982501101112,-27424.107780145634,298.6453080794148
3735000,3735.00000030217,-34693.08862175331,7765.868359729322,-26927.22026202399,301.00524543230347
3740000,3740.0000003031887,-35041.38673608155,7873.35224565145,-27168.0344904301,305.17132345002756
3745000,3745.0000003042073,-34906.703442337464,7739.094641305826,-27167.608801031638,299.9674954587151
3750000,3750.000000305226,-35179.06051499164,7678.299387565885,-27500.76112742575,297.61106995348695
3755000,3755.0000003062446,-34856.74500424781,7584.378559752873,-27272.366444494935,293.97069639608014
3760000,3760.0000003072632,-35007.6565575406,7664.676959841275,-27342.979597699323,297.0830643254373
3765000,3765.000000308282,-35261.33557904054,7501.25550415538,-27760.08007488516,290.7488447508794
3770000,3770.0000003093005,-34620.3961804748,7785.907893444837,-26834.488287029966,301.78197824375144
3775000,3775.000000310319,-35121.21399285344,7650.1495940833975,-27471.06439877004,296.5199832773332
3780000,3780.0000003113378,-35172.87032641014,7812.996973077775,-27359.87335333237,302.8319516254444
3785000,3785.0000003123564,-35328.52304036908,7464.363669242546,-27864.159371126534,289.3189163374685
3790000,3790.000000313375,-35025.88707637194,7777.59191120534,-27248.2951651666,301.4596505710354
3795000,3795.0000003143937,-35057.777434071504,7582.534542899217,-27475.24289117229,293.8992222582369
3800000,3800.0000003154123,-34953.552965748386,7984.16078146112,-26969.392184287266,309.46626497779596
3805000,3805.000000316431,-34973.048840496886,7432.23026086141,-27540.818579635474,288.0734246515037
3810000,3810.0000003174496,-35182.23619974299,7504.308470054804,-27677.927729688185,290.8671777829738
3815000,3815.000000318468,-35051.42423088015,7589.824748473364,-27461.599482406782,294.1817908025966
3820000,3820.000000319487,-34942.61858521793,7455.043393331029,-27487.575191886906,288.9576622177372
3825000,3825.0000003205055,-35254.24888296468,7794.343496328622,-27459.905386636063,302.1089424155329
3830000,3830.000000321524,-35424.682212241794,7571.604375023186,-27853.07783721861,293.47556868702753
3835000,3835.0000003225427,-34711.83470735597,7497.649746629737,-27214.184960726234,290.6090855019841
3840000,3840.0000003235614,-35227.847734622075,7811.3236321563745,-27416.5241024657,302.767092890863
3845000,3845.00000032458,-35060.71990263133,7849.4804662233455,-27211.23943640799,304.2460527020809
3850000,3850.0000003255986,-35243.69981234794,7657.758128740215,-27585.94168360773,296.8148902646357
3855000,3855.0000003266173,-35173.18653375495,7659.0833142232705,-27514.103219531684,296.8662544860071
3860000,3860.000000327636,-34852.8352018874,7680.455829031473,-27172.379372855925,297.6946536768444
3865000,3865.0000003286546,-35264.21344286986,7710.335403123203,-27553.87803974666,298.8527866912453
3870000,3870.000000329673,-35292.251593088586,7742.803715197826,-27549.447877890758,300.1112592524689
3875000,3875.000000330692,-35186.0077132399,7638.785306061802,-27547.222407178102,296.079503198783
3880000,3880.0000003317105,-34754.803230629106,7503.420668788678,-27251.38256184043,290.83276658442827
3885000,3885.000000332729,-34984.03143523246,7682.060096803461,-27301.971338428993,297.75683513448416
3890000,3890.0000003337477,-34811.51427110291,7471.6282577425645,-27339.886013360345,289.60049196341555
3895000,3895.0000003347664,-35452.70708217776,7526.4049977955,-27926.30208438226,291.723639732584
3900000,3900.000000335785,-34860.69640659108,7682.168611260759,-27178.527795330323,297.76104115747324
3905000,3905.0000003368036,-34942.67065727877,7709.816898084057,-27232.853759194717,298.83268942338856
3910000,3910.0000003378223,-35136.22966227135,7413.581974142839,-27722.64768812851,287.35061660730304
3915000,3915.000000338841,-35016.04021408826,7645.211664074215,-27370.82855001404,296.32858899075876
3920000,3920.0000003398595,-34904.08585593327,7735.128859782644,-27168.956996150628,299.8137816709684
3925000,3925.000000340878,-34811.900380302235,7660.584874421952,-27151.315505880284,296.92445499562166
3930000,3930.000000341897,-35040.06199960686,7450.883768815191,-27589.178230791673,288.7964350709073
3935000,3935.0000003429154,-34934.16024678654,7840.323280251954,-27093.83696653458,303.89111995237306
3940000,3940.000000343934,-35386.15320073178,7405.591104254289,-27980.56209647749,287.04089029717227
3945000,3945.0000003449527,-35211.04632876817,7449.852840892179,-27761.193487875993,288.7564762796795
3950000,3950.0000003459713,-35328.245655107006,7635.053910310859,-27693.191744796146,295.9348742092366
3955000,3955.00000034699,-34951.68718914736,7508.6053725506845,-27443.08181659667,291.0337258276301
3960000,3960.0000003480086,-34890.44823474581,7740.108546333824,-27150.339688411987,300.00679444212045
3965000,3965.0000003490272,-35322.12968346556,7581.397348737326,-27740.732334728233,293.8551445850202
3970000,3970.000000350046,-35299.13033706894,7460.964748728598,-27838.165588340344,289.1871740961486
3975000,3975.0000003510645,-35174.56107535563,7632.491843013277,-27542.069232342357,295.83556841882154
3980000,3980.000000352083,-34860.40778994209,7700.811150802841,-27159.596639139247,298.48362644097426
3985000,3985.0000003531018,-35028.29843067595,7699.784716910039,-27328.513713765915,298.443841838466
3990000,3990.0000003541204,-35066.765685404236,7455.537848234924,-27611.22783716931,288.9768273017701
3995000,3995.000000355139,-35123.493788525506,7425.132176147478,-27698.361612378027,287.7983027163321
4000000,4000.0000003561577,-35170.89496419754,7645.444787249544,-27525.450176947998,296.33762485067234
4005000,4005.0000003571763,-35339.36315546697,7430.373137960131,-27908.99001750684,288.00144252293757
4010000,4010.000000358195,-35161.53509024269,7575.721225756708,-27585.81386448598,293.6351379210205
4015000,4015.0000003592136,-34896.27854711685,7659.889706432667,-27236.388840684187,296.89751026754504
4020000,4020.000000360232,-35701.79023316947,7479.301459716471,-28222.488773453,289.8979054574923
4025000,4025.000000361251,-35514.954958194605,7515.284428260919,-27999.670529933686,291.29260618848457
4030000,4030.0000003622695,-35331.94350962643,7701.216790241944,-27630.726719384482,298.49934903544386
4035000,4035.000000363288,-34827.88766712966,7732.987736711712,-27094.89993041795,299.7307916889583
4040000,4040.0000003643067,-34733.35543912065,7943.331949884562,-26790.023489236086,307.8837384784871
4045000,4045.0000003653254,-35004.2370726209,7645.507645858336,-27358.729426762562,296.3400612518693
4050000,4050.000000366344,-34922.18981988882,7643.023337236653,-27279.16648265217,296.2437693896125
4055000,4055.0000003673626,-34862.78321382213,7647.290981038714,-27215.492232783414,296.40918336658876
4060000,4060.0000003683813,-34750.62287975353,7626.087848921734,-27124.535030831794,295.5873494529596
4065000,4065.0000003694,-35258.46156354253,7562.382557658324,-27696.079005884203,293.1181308229457
4070000,4070.0000003704185,-35036.59034914964,7690.661000170982,-27345.92934897866,298.0902063570129
4075000,4075.000000371437,-34634.10637026767,7299.576148636112,-27334.530221631558,282.9317480535537
4080000,4080.000000372456,-34862.81339373015,7317.3986252849,-27545.414768445255,283.62254767947826
4085000,4085.0000003734744,-34871.46687337493,7587.67497636186,-27283.791897013067,294.0984655835648
4090000,4090.000000374493,-35254.95891149333,7780.006161731613,-27474.95274976172,301.5532269798198
4095000,4095.0000003755117,-35209.611862086,7439.122155902094,-27770.489706183907,288.3405546699537
4100000,4100.00000037653,-35194.50770576925,7655.22937015734,-27539.278335611907,296.7168755208081
4105000,4105.0000003775485,-34992.307273204664,7602.220437202881,-27390.086836001785,294.66224799752916
4110000,4110.000000378567,-35536.28602954786,7748.012365601406,-27788.273663946457,300.31314666807737
4115000,4115.000000379586,-35179.840812635375,7701.299999189477,-27478.5408134459,298.5025742162625
4120000,4120.000000380604,-34927.247889004095,7634.273203856957,-27292.97468514714,295.9046140082029
4125000,4125.000000381623,-35096.983134975235,7311.066182138294,-27785.916952836942,283.3771020299724
4130000,4130.000000382642,-35002.19727333805,7425.1879783367785,-27577.009295001277,287.8004656105389
4135000,4135.00000038366,-35320.936234507346,7647.875212730191,-27673.061021777154,296.43182820107944
4140000,4140.000000384679,-35834.644527221106,7525.583048037361,-28309.061479183743,291.69178094008055
4145000,4145.000000385698,-34800.552653831146,7620.488453328925,-27180.06420050222,295.37031674436696
4150000,4150.000000386716,-35504.51935792123,7766.406533074069,-27738.112824847158,301.02610504416094
4155000,4155.000000387735,-35236.75530886815,7715.937759909872,-27520.81754895828,299.06993417578354
4160000,4160.0000003887535,-34965.304068568585,7586.289931877262,-27379.014136691323,294.04478122584595
4165000,4165.000000389772,-35069.819749850874,7443.064004494363,-27626.75574535651,288.4933408167194
4170000,4170.000000390791,-34806.34766199149,7593.117449877353,-27213.230212114133,294.3094159886457
4175000,4175.000000391809,-35162.411788981946,7587.702368973227,-27574.70942000872,294.0995273218439
4180000,4180.000000392828,-34927.301905239605,7830.3364175799725,-27096.965487659632,303.50402891368543
4185000,4185.000000393847,-35274.328088134134,7589.527326490033,-27684.800761644103,294.1702627193299
4190000,4190.000000394865,-35241.071885174715,7582.819175281625,-27658.25270989309,293.91025461626253
4195000,4195.000000395884,-34886.37904476523,7650.74492689208,-27235.63411787315,296.5430583913952
4200000,4200.000000396903,-35427.18028859942,7386.956116121149,-28040.22417247827,286.3185977064645
4205000,4205.000000397921,-35233.90161834308,7582.262872348356,-27651.638745994722,293.88869230111544
4210000,4210.00000039894,-34903.23323177339,7589.0611426877995,-27314.17208908559,294.15219342388116
4215000,4215.0000003999585,-34847.797454589585,7607.732808056861,-27240.064646532723,294.8759076251402
4220000,4220.000000400977,-35222.95074145749,7628.569408008709,-27594.381333448782,295.6835347431846
4225000,4225.000000401996,-35105.69689592188,7644.73052702319,-27460.96636889869,296.3099401070252
4230000,4230.000000403014,-35116.9720478909,7629.426382173987,-27487.545665716912,295.7167510825558
4235000,4235.000000404033,-35087.170774535625,7795.009955908674,-27292.16081862695,302.1347744049733
4240000,4240.000000405052,-35087.31680140962,7494.089212772467,-27593.227588637157,290.47107912356864
4245000,4245.00000040607,-35330.44558262627,7541.221907834226,-27789.223674792047,292.29794352401603
4250000,4250.000000407089,-35050.17504252548,7601.547373970689,-27448.627668554793,294.63616005037204
4255000,4255.000000408108,-35306.03090534011,7456.4319725553005,-27849.598932784807,289.0114835820513
4260000,4260.000000409126,-34573.96525596879,7707.641023372647,-26866.32423259614,298.74835246695307
4265000,4265.000000410145,-34801.00283375944,7382.020902237566,-27418.981931521877,286.127308696984
4270000,4270.0000004111635,-35397.40530006856,7758.073182579326,-27639.332117489233,300.7031041774516
4275000,4275.000000412182,-34876.63362701895,7684.6494783994385,-27191.98414861951,297.8571996277656
4280000,4280.000000413201,-35317.91942990807,7373.448282866411,-27944.47114704166,285.79503376283844
4285000,4285.000000414219,-34989.21081437946,7837.397148143387,-27151.813666236074,303.7777030010796
4290000,4290.000000415238,-35188.885916527666,7759.536885937532,-27429.349030590136,300.75983735501376
4295000,4295.000000416257,-35162.68471628853,7578.710234886716,-27583.974481401816,293.7509919871855
4300000,4300.000000417275,-35314.37591795342,7664.056726608431,-27650.319191344985,297.05902407033255
4305000,4305.000000418294,-34973.70372467685,7529.216184643241,-27444.48754003361,291.83260140278793
4310000,4310.0000004193125,-35132.17794554238,7537.22772929293,-27594.950216249454,292.1431290671605
4315000,4315.000000420331,-35035.45070711871,7647.180314322197,-27388.270392796512,296.4048939219802
4320000,4320.00000042135,-34845.536774559005,7272.078279247346,-27573.458495311657,281.86592997103867
4325000,4325.000000422368,-35031.69552504847,7751.830419030186,-27279.865106018282,300.4611345113124
4330000,4330.000000423387,-34991.675184969,7725.968254600148,-27265.706930368848,299.4587163925554
4335000,4335.000000424406,-34946.75340100911,7520.053726050521,-27426.69967495859,291.4774642861499
4340000,4340.000000425424,-35246.19978112831,7688.759610057341,-27557.440171070964,298.01650843022503
4345000,4345.000000426443,-35118.64377886945,7729.859158376818,-27388.784620492635,299.6095279170365
4350000,4350.000000427462,-34988.29971117362,7590.5660051117375,-27397.73370606188,294.2105219278265
4355000,4355.00000042848,-34769.28171166273,7604.025370620753,-27165.256341041975,294.7322072604562
4360000,4360.000000429499,-34989.131686156725,7610.148499808238,-27378.983186348487,294.96953989584443
4365000,4365.0000004305175,-34815.952097866255,7798.636787656995,-27017.315310209262,302.2753504912493
4370000,4370.000000431536,-35130.76674986646,7650.4941221923345,-27480.272627674123,296.53333719516763
4375000,4375.000000432555,-35268.62955185963,7559.646890521708,-27708.982661337923,293.01209629857135
4380000,4380.000000433573,-35038.65800546028,7425.251523212975,-27613.40648224731,287.80292861147706
4385000,4385.000000434592,-34766.38331708518,7743.880092246757,-27022.503224838423,300.15297965291654
4390000,4390.000000435611,-34973.76781843049,7631.16031743241,-27342.607500998078,295.7839584551056
4395000,4395.000000436629,-35412.64870369094,7381.718864120503,-28030.929839570435,286.1156016922622
4400000,4400.000000437648,-35238.91274204334,7723.34342243078,-27515.569319612565,299.356977834192
4405000,4405.000000438667,-35011.7303842579,7835.032821757837,-27176.697562500063,303.686061653197
4410000,4410.000000439685,-34908.41295366821,7565.832663598563,-27342.580290069644,293.2518570126265
4415000,4415.000000440704,-34967.750788110956,7360.878108587507,-27606.872679523447,285.3078135037919
4420000,4420.0000004417225,-35353.82450838809,7532.333107982843,-27821.491400405248,291.95341342681036
4425000,4425.000000442741,-34797.88557036989,7713.741171984506,-27084.144398385382,298.9847943746742
4430000,4430.00000044376,-35043.03582656922,7370.453474049751,-27672.58235251947,285.67895490067843
4435000,4435.000000444778,-35270.71445648666,7534.814236679256,-27735.900219807405,292.0495820350868
4440000,4440.000000445797,-35291.39452567706,7669.301166189512,-27622.09335948755,297.2622986753264
4445000,4445.000000446816,-35070.574223720665,7742.1530022026345,-27328.42122151803,300.0860376010385
4450000,4450.000000447834,-34965.711586334946,7731.032168284788,-27234.67941805016,299.65499380943737
4455000,4455.000000448853,-35332.605630659964,7690.152679953631,-27642.452950706334,298.0705038530952
4460000,4460.000000449872,-35079.51750031454,7688.866877779621,-27390.650622534922,298.02066612973476
4465000,4465.00000045089,-35249.67218055601,7622.4762662444355,-27627.195914311575,295.4473644210453
4470000,4470.000000451909,-34756.8183317156,7710.12139115145,-27046.69694056415,298.84449158204444
4475000,4475.000000452927,-34583.877173964655,7664.580098375705,-26919.297075588947,297.0793099726893
4480000,4480.000000453946,-34885.829732867765,7749.422723574911,-27136.407009292852,300.3678121772384
4485000,4485.000000454965,-35013.90247535466,7608.695932776796,-27405.206542577864,294.913238362577
4490000,4490.000000455983,-35384.300260685726,7642.450253597864,-27741.85000708786,296.2215566539136
4495000,4495.000000457002,-34816.394118284305,7781.849073580999,-27034.545044703307,301.62465828767085
4500000,4500.000000458021,-35240.607944245494,7863.049099594717,-27377.558844650775,304.7719732596981
4505000,4505.000000459039,-34980.26387213708,7770.749213600295,-27209.514658536787,301.19442744638053
4510000,4510.000000460058,-35006.10471382974,7587.9496370661855,-27418.155076763556,294.10911143910687
4515000,4515.0000004610765,-35545.81730491038,7612.201639736639,-27933.61566517374,295.0491196491223
4520000,4520.000000462095,-35259.29406670093,7595.826943261029,-27663.467123439903,294.4144360177232
4525000,4525.000000463114,-34762.16439096441,7717.836045502212,-27044.3283454622,299.14351177125064
4530000,4530.000000464132,-34994.76528132885,7591.361888013523,-27403.40339331533,294.24137036834725
4535000,4535.000000465151,-35371.395702752416,7540.719623781464,-27830.67607897095,292.27847498198383
4540000,4540.00000046617,-34900.25299809142,7360.741050700778,-27539.51194739064,285.3025011367877
4545000,4545.000000467188,-35208.71152627435,7457.725598646981,-27750.985927627364,289.06162456064976
4550000,4550.000000468207,-35376.20864042858,7420.391623864361,-27955.81701656422,287.6145587951933
4555000,4555.000000469226,-34846.53239724552,7368.294982523143,-27478.23741472238,285.5952917169063
4560000,4560.000000470244,-34936.89990869413,7650.273147949298,-27286.626760744835,296.5247722281635
4565000,4565.000000471263,-35065.26666911574,7654.021039157081,-27411.245629958663,296.67004058201593
4570000,4570.0000004722815,-35077.08008731313,7552.536578875722,-27524.543508437408,292.7365004472176
4575000,4575.0000004733,-34955.02037991352,7667.869551487231,-27287.15082842629,297.20680925484396
4580000,4580.000000474319,-35508.95169608836,7743.623207879038,-27765.328488209325,300.14302280861125
4585000,4585.000000475337,-34926.242096603826,7686.333347277467,-27239.908749326358,297.9224664262006
4590000,4590.000000476356,-35035.644437621995,7498.338324320652,-27537.306113301343,290.6357747899365
4595000,4595.000000477375,-35027.01430407586,7637.516337646551,-27389.497966429313,296.03031795231925
4600000,4600.000000478393,-35399.44924023858,7556.42571282328,-27843.023527415302,292.8872433730795
4605000,4605.000000479412,-35289.662909449034,7702.655765327458,-27587.007144121577,298.5551237445584
4610000,4610.000000480431,-34905.2871299308,7750.9827733695965,-27154.304356561206,300.4282797450085
4615000,4615.000000481449,-35237.76553547157,7439.481401482561,-27798.284133989007,288.3544790373405
4620000,4620.000000482468,-35131.93080591357,7789.452062130804,-27342.47874378277,301.9193503077314
4625000,4625.0000004834865,-34765.491804584155,7418.043887904039,-27347.447916680117,287.52356049259373
4630000,4630.000000484505,-35386.738110196995,7827.113090490451,-27559.625019706546,303.37909267774296
4635000,4635.000000485524,-35233.969798747894,7570.842573834551,-27663.127224913344,293.4460412545327
4640000,4640.000000486542,-35188.923903944815,7783.35222692756,-27405.571677017255,301.6829205477357
4645000,4645.000000487561,-35099.92192141614,7563.172061452064,-27536.74985996408,293.14873200908437
4650000,4650.00000048858,-35429.16739279338,7698.623269269876,-27730.544123523505,298.39882409984494
4655000,4655.000000489598,-35375.36236991403,7489.259530997617,-27886.102838916413,290.28388054117477
4660000,4660.000000490617,-35327.0985740931,7622.40667775267,-27704.69189634043,295.4446671694215
4665000,4665.000000491636,-35460.033973177444,7504.3319482550705,-27955.70202492237,290.86808779858393
4670000,4670.000000492654,-35374.445729894,7597.694559376298,-27776.751170517706,294.48682486351726
4675000,4675.000000493673,-35019.78401786711,7877.707350514197,-27142.076667352914,305.34012741983116
4680000,4680.000000494691,-35433.71246705894,7485.7017308722025,-27948.010736186738,290.14598012227214
4685000,4685.00000049571,-35020.780427568454,7594.103809506665,-27426.67661806179,294.34764731173186
4690000,4690.000000496729,-35405.15564982053,7720.07584243369,-27685.079807386843,299.2303263544818
4695000,4695.000000497747,-34901.53495006883,7752.469072558606,-27149.065877510227,300.4858887375191
4700000,4700.000000498766,-34883.38142358288,7463.655166644335,-27419.72625693855,289.29145475962747
4705000,4705.000000499785,-35347.61093631513,7607.573912786237,-27740.037023528897,294.86974884060805
4710000,4710.000000500803,-35075.08407742435,7798.873791290266,-27276.210286134083,302.28453675780656
4715000,4715.000000501822,-34916.76151180664,7687.917072300115,-27228.844439506523,297.98385164637915
4720000,4720.0000005028405,-35243.67133773484,7895.5326560303965,-27348.138681704448,306.03103669272497
4725000,4725.000000503859,-34837.47518116165,7359.611858519844,-27477.86332264181,285.2587336205464
4730000,4730.000000504878,-35466.06909556394,7597.326182171448,-27868.74291339249,294.47254655414844
4735000,4735.000000505896,-35060.37446068103,7546.433271598548,-27513.94118908248,292.49993610955244
4740000,4740.000000506915,-35039.24102695559,7507.211039592887,-27532.029987362705,290.97968144846544
4745000,4745.000000507934,-35368.78301268892,7700.936080698137,-27667.84693199078,298.48846872673715
4750000,4750.000000508952,-35395.57154662094,7562.2663387416105,-27833.305207879326,293.11362617492324
4755000,4755.000000509971,-35298.37710768403,7568.441393524268,-27729.935714159757,293.35297144763615
4760000,4760.00000051099,-35071.071496067,7684.983130643608,-27386.08836542339,297.87013199681866
4765000,4765.000000512008,-35360.25455080684,7562.2381180277025,-27798.016432779143,293.11253233936975
4770000,4770.000000513027,-34731.56237083364,7492.785266121677,-27238.777104711968,290.4205381198495
4775000,4775.0000005140455,-35245.25339776948,7607.170873768516,-27638.08252400096,294.85412703853416
4780000,4780.000000515064,-35456.91669127725,7479.227081406725,-27977.689609870526,289.8950225524078
4785000,4785.000000516083,-34811.877980425044,7620.527187895303,-27191.35079252974,295.3718180970965
4790000,4790.000000517101,-35142.54342140877,7550.587863073053,-27591.95555833572,292.66096817557855
4795000,4795.00000051812,-35473.94240990201,7429.050498201308,-28044.891911700703,287.950176973899
4800000,4800.000000519139,-35167.9258156314,7623.938541826103,-27543.9872738053,295.50404225795427
4805000,4805.000000520157,-34960.13875743948,7766.320016986118,-27193.818740453364,301.0227516784997
4810000,4810.000000521176,-35022.69757727518,7694.0701613383,-27328.627415936884,298.222345526305
4815000,4815.000000522195,-34583.11555409693,7827.814072534029,-26755.3014815629,303.4062627587045
4820000,4820.000000523213,-35039.11763770822,7570.376264639889,-27468.741373068333,293.4279670988704
4825000,4825.000000524232,-35090.092671515136,7664.26793979658,-27425.824731718556,297.06721069861317
4830000,4830.0000005252505,-34979.528019503916,7537.297612243503,-27442.230407260413,292.14583773201474
4835000,4835.000000526269,-35074.565140397324,7548.563621732825,-27526.0015186645,292.58250853227725
4840000,4840.000000527288,-35322.57064611275,7466.337695007798,-27856.23295110495,289.3954296238694
4845000,4845.000000528306,-35012.30987813318,7632.828656342705,-27379.481221790476,295.84862331161565
4850000,4850.000000529325,-34864.18227764145,7982.375669161032,-26881.806608480416,309.3970739818736
4855000,4855.000000530344,-35056.52718977021,7664.0375436331105,-27392.489646137103,297.05828053774525
4860000,4860.000000531362,-35182.254061055464,7605.593100681067,-27576.660960374396,294.79297251550787
4865000,4865.000000532381,-35279.49913238306,7573.504980924426,-27705.994151458635,293.5492362177237
4870000,4870.0000005333995,-34948.620018991365,7815.316816852348,-27133.303202139017,302.9218688262498
4875000,4875.000000534418,-35145.14212552698,7656.1419548585745,-27489.000170668405,296.7522473258979
4880000,4880.000000535437,-35077.17466309287,7685.91715452803,-27391.25750856484,297.9063347851672
4885000,4885.000000536455,-34668.850679875635,7457.875647123642,-27210.975032751994,289.067440443234
4890000,4890.000000537474,-35169.76022482297,7892.871189824993,-27276.889034997974,305.92787819823883
4895000,4895.000000538493,-34921.22976099247,7538.643006138442,-27382.58675485403,292.19798523191946
4900000,4900.000000539511,-35040.68452128584,7687.801962063344,-27352.882559222497,297.97938997081803
4905000,4905.00000054053,-35321.10532502615,7576.607672173159,-27744.497652852988,293.66949660555986
4910000,4910.000000541549,-35174.496232276615,7611.8577835723645,-27562.638448704252,295.0357917758792
4915000,4915.000000542567,-35262.47684505953,7564.511570457154,-27697.965274602375,293.2006514105163
4920000,4920.000000543586,-35319.621641478,7525.417545827373,-27794.204095650624,291.6853660704189
4925000,4925.0000005446045,-35056.514261762335,7873.482512592512,-27183.031749169822,305.17637259981353
4930000,4930.000000545623,-35209.13844597901,7663.480444255025,-27545.65800172399,297.0366873523778
4935000,4935.000000546642,-35058.08939293992,7421.745471729411,-27636.343921210508,287.667033971184
4940000,4940.00000054766,-35144.57726459376,7604.142551548834,-27540.434713044928,294.73674919606253
4945000,4945.000000548679,-35059.05688596186,7703.214365707017,-27355.84252025484,298.57677510877926
4950000,4950.000000549698,-34797.19178042577,7743.584128036192,-27053.607652389575,300.1415080729575
4955000,4955.000000550716,-34858.65854147191,7674.634843932375,-27184.023697539535,297.4690321536291
4960000,4960.000000551735,-35071.95128352281,7554.993757121178,-27516.95752640163,292.83174073543574
4965000,4965.000000552754,-35030.768535869785,7593.182081388648,-27437.586454481137,294.3119211075865
4970000,4970.000000553772,-34964.022681204966,7522.131202035597,-27441.891479169368,291.55798730557296
4975000,4975.000000554791,-35469.26066884825,7564.865037068396,-27904.39563177985,293.21435178491623
4980000,4980.0000005558095,-35057.24486113806,7582.217442889563,-27475.027418248497,293.886931454194
4985000,4985.000000556828,-34936.418679810566,7339.638112394601,-27596.780567415964,284.48455073768844
4990000,4990.000000557847,-35014.15351328214,7437.67445258147,-27576.479060700665,288.2844416542352
4995000,4995.000000558865,-34790.04730158141,7594.09068170916,-27195.956619872253,294.3471384779831
5000000,5000.000000559884,-35030.76731222207,7601.971019459939,-27428.796292762134,294.65258055978086
5005000,5005.000000560903,-35382.035910831466,7453.77876743314,-27928.257143398325,288.9086452873514
5010000,5010.000000561921,-35318.17119865303,7634.535287739266,-27683.635910913763,295.91477238581945
5015000,5015.00000056294,-35222.267567038296,7634.898173757316,-27587.36939328098,295.92883785665504
5020000,5020.000000563959,-34963.56315171902,7725.610953356839,-27237.95219836218,299.4448673877238
5025000,5025.000000564977,-34781.66542902545,7611.3786315890175,-27170.286797436434,295.0172198334169
5030000,5030.000000565996,-34740.874912514686,7715.228905821265,-27025.646006693423,299.04245897416627
5035000,5035.0000005670145,-34835.35002197614,7391.722625164581,-27443.62739681156,286.5033477122609
5040000,5040.000000568033,-35518.0817611148,7515.656932572039,-28002.42482854276,291.3070444645922
5045000,5045.000000569052,-35380.02867697531,7715.590880207367,-27664.43779676794,299.05648911012554
5050000,5050.00000057007,-34896.60699495955,7464.849779828667,-27431.75721513088,289.33775799554263
5055000,5055.000000571089,-35042.815392951255,7895.804660576322,-27147.010732374933,306.0415795955032
5060000,5060.000000572108,-35143.64936489425,7751.296817747585,-27392.352547146664,300.44045211269423
5065000,5065.000000573126,-35170.66423354969,7788.0522350328665,-27382.61199851682,301.86509297556205
5070000,5070.000000574145,-35209.85290925691,7361.441715687099,-27848.41119356981,285.3296589286023
5075000,5075.0000005751635,-35283.859128591015,7420.542685561242,-27863.316443029773,287.6204139502177
5080000,5080.000000576182,-35247.44904959594,7757.110839631117,-27490.338209964822,300.6658037415058
5085000,5085.000000577201,-35185.68792480456,7539.749801172738,-27645.938123631822,292.2408846342155
5090000,5090.000000578219,-35200.93432992649,7578.971347347302,-27621.962982579185,293.7611127124726
5095000,5095.000000579238,-34940.24599690474,7518.890417023113,-27421.35557988163,291.43237440011416
5100000,5100.000000580257,-34836.24141588678,7644.2314299029285,-27192.009985983856,296.2905950905738
5105000,5105.000000581275,-35242.35637808109,7518.256806319125,-27724.099571761963,291.40781563390436
5110000,5110.000000582294,-35233.42883731634,7589.869603734718,-27643.559233581625,294.1835293936115
5115000,5115.000000583313,-35145.560527044516,7521.185255237301,-27624.375271807214,291.52132238479436
5120000,5120.000000584331,-35030.41365964591,7865.773231787336,-27164.64042785857,304.8775606893642
5125000,5125.00000058535,-34956.148185416045,7372.4492680358235,-27583.69891738022,285.75631192384475
5130000,5130.0000005863685,-35293.909317415135,7685.436853179986,-27608.47246423515,297.8877182933015
5135000,5135.000000587387,-34989.469806935806,7707.003735453618,-27282.466071482188,298.7236511717993
5140000,5140.000000588406,-34841.95237096662,7712.015206005878,-27129.93716496074,298.91789589160203
5145000,5145.000000589424,-35105.995947973744,7654.485769392179,-27451.510178581564,296.6880535371673
5150000,5150.000000590443,-35370.50830670899,7567.588625119492,-27802.919681589497,293.31991812364373
5155000,5155.000000591462,-35131.4373292227,7742.946207818057,-27388.491121404644,300.11678226987516
5160000,5160.00000059248,-35267.81138634116,7579.855598341881,-27687.955787999283,293.79538630240717
5165000,5165.000000593499,-35223.86876127818,7494.21461597459,-27729.65414530359,290.4759397547156
5170000,5170.000000594518,-35050.76121917178,7525.385567279381,-27525.3756518924,291.6841265811254
5175000,5175.000000595536,-35240.092743949004,7722.666370761493,-27517.42637318751,299.3307352951166
5180000,5180.000000596555,-35350.3042443488,7746.853242823026,-27603.451001525777,300.2682190411552
5185000,5185.0000005975735,-34706.970781646916,7560.949760911822,-27146.021020735094,293.0625955864006
5190000,5190.000000598592,-34744.25347853151,7828.633867579535,-26915.619610951973,303.4380380344941
5195000,5195.000000599611,-35118.853082256675,7285.650334469102,-27833.202747787574,282.3919831596595
5200000,5200.000000600629,-35186.394332019256,7745.184951914134,-27441.209380105123,300.20355604518073
5205000,5205.000000601648,-34919.58082484711,7579.606484549942,-27339.974340297165,293.78573064580706
5210000,5210.000000602667,-34838.13435624085,7409.039590135069,-27429.09476610578,287.17455369330924
5215000,5215.000000603685,-35063.25049231522,7551.964930287644,-27511.28556202758,292.71434333411906
5220000,5220.000000604704,-35282.348584320716,7608.159258538977,-27674.18932578174,294.89243685614025
5225000,5225.000000605723,-35341.007538971906,7660.147346680316,-27680.86019229159,296.9074964097747
5230000,5230.000000606741,-35059.74644129439,7784.5924522919395,-27275.15398900245,301.7309917128526
5235000,5235.00000060776,-35327.16286037048,7662.812278186553,-27664.350582183928,297.01078921940496
5240000,5240.0000006087785,-35402.903698405666,7536.9966943627005,-27865.907004042965,292.1341741476775
5245000,5245.000000609797,-35403.18713407653,7842.11731990574,-27561.069814170787,303.9606569727407
5250000,5250.000000610816,-35057.99393740965,7858.2393587955075,-27199.75457861414,304.5855475900023
5255000,5255.000000611834,-35196.16241772533,7794.663654252866,-27401.498763472468,302.1213517444193
5260000,5260.000000612853,-34945.27666478312,7548.670855711514,-27396.60580907161,292.5866649238846
5265000,5265.000000613872,-35182.969348423554,7422.645039041714,-27760.32430938184,287.7019012219639
5270000,5270.00000061489,-35388.087740866424,7749.036848721618,-27639.050892144805,300.35285565859283
5275000,5275.000000615909,-34957.29660259703,7375.6611499289,-27581.63545266813,285.88080454369634
5280000,5280.0000006169275,-34743.33741462341,7500.012016606106,-27243.325398017307,290.70064714339713
5285000,5285.000000617946,-34908.09198882574,7649.915146611208,-27258.176842214532,296.51089608764124
5290000,5290.000000618965,-34839.7274579826,7570.173521162069,-27269.553936820528,293.420108756767
5295000,5295.000000619983,-35364.5027217429,7851.5153364573125,-27512.98738528559,304.3249243215606
5300000,5300.000000621002,-34655.0770683775,7809.45370171113,-26845.62336666637,302.694614341583
5305000,5305.000000622021,-35022.78625682663,7645.449902419883,-27377.336354406747,296.33782311479837
5310000,5310.000000623039,-35099.82902278578,7806.672951529114,-27293.156071256664,302.5868323972786
5315000,5315.000000624058,-35026.81883172781,7713.8542167321375,-27312.964614995675,298.98917599182636
5320000,5320.000000625077,-34810.564389879066,7849.578667404986,-26960.98572247408,304.24985898225617
5325000,5325.000000626095,-35588.971534023425,7742.11502382431,-27846.856510199115,300.0845655581762
5330000,5330.000000627114,-35337.27481138613,7547.657596084681,-27789.61721530145,292.54739095624393
5335000,5335.0000006281325,-35332.97390000704,7547.862311985526,-27785.111588021515,292.5553257495115
5340000,5340.000000629151,-35144.421083949324,7584.243370227474,-27560.177713721852,293.9654564468063
5345000,5345.00000063017,-35042.48837011809,7613.075063507767,-27429.41330661032,295.08297357561395
5350000,5350.000000631188,-35137.78174113241,7690.623701827781,-27447.158039304624,298.08876067232836
5355000,5355.000000632207,-34943.669245549165,7363.57831211823,-27580.090933430933,285.4124734579443
5360000,5360.000000633226,-35392.37483185693,7714.093169608837,-27678.28166224809,298.99843781110604
5365000,5365.000000634244,-34839.00171984095,7619.816986657266,-27219.184733183683,295.3442906799348
5370000,5370.000000635263,-34725.75296157641,7732.176760569937,-26993.576201006472,299.6993582340905
5375000,5375.000000636282,-35135.35797917678,7610.6603822317975,-27524.697596944978,294.98938047096095
5380000,5380.0000006373,-34859.47895764817,7631.412523806224,-27228.066433841945,295.793733980254
5385000,5385.000000638319,-35622.815423431995,7532.059822740417,-28090.755600691577,291.9428208842049
5390000,5390.0000006393375,-34755.60265742804,7560.243429318322,-27195.35922810972,293.03521815675475
5395000,5395.000000640356,-34646.270057578586,7820.252959762712,-26826.017097815875,303.11319384483085
5400000,5400.000000641375,-35266.30446016866,7606.052804058201,-27660.251656110464,294.810790629523
5405000,5405.000000642393,-34784.9609545117,7691.832510030177,-27093.12844448152,298.13561410748696
5410000,5410.000000643412,-35419.30440150503,7571.324347333011,-27847.98005417202,293.4647148069842
5415000,5415.000000644431,-35074.88777595755,7591.144399787552,-27483.743376169994,294.2329405194489
5420000,5420.000000645449,-35339.47602014431,7672.93721658092,-27666.538803563395,297.4032320764314
5425000,5425.000000646468,-35176.119785863884,7713.965612714955,-27462.15417314893,298.9934937028143
5430000,5430.000000647487,-34846.96238584537,7678.293137356368,-27168.669248489,297.6108276952149
5435000,5435.000000648505,-34538.85882466842,7613.5185772949935,-26925.34024737343,295.1001641807328
5440000,5440.000000649524,-35140.14175526446,7638.772817660538,-27501.368937603926,296.079019148048
5445000,5445.0000006505425,-35034.6964855136,7574.573858774045,-27460.122626739558,293.5906659490246
5450000,5450.000000651561,-34895.78930873232,7561.171384735559,-27334.61792399676,293.07118573116844
5455000,5455.00000065258,-35254.507079136005,7708.898534619969,-27545.608544516035,298.7970936333108
5460000,5460.000000653598,-35311.34185035717,7641.423585675966,-27669.9182646812,296.181762980432
5465000,5465.000000654617,-35303.380768683586,7505.452163256019,-27797.928605427565,290.91150735911185
5470000,5470.000000655636,-35298.031978788815,7707.048524909014,-27590.983453879802,298.7253872121737
5475000,5475.000000656654,-35012.069426090144,7749.52148689993,-27262.54793919021,300.3716402461046
5480000,5480.000000657673,-34957.12471214077,7556.517470799816,-27400.607241340957,292.8907999144691
5485000,5485.0000006586915,-34772.116430477436,7553.186166941067,-27218.930263536367,292.76167849634
5490000,5490.00000065971,-34941.95570875284,7452.862712575717,-27489.09299617712,288.8731389789239
5495000,5495.000000660729,-35396.72467192968,7507.150715162275,-27889.573956767406,290.97734327207604
5500000,5500.000000661747,-35019.906043353396,7460.951027837848,-27558.95501551555,289.18664227409135
