#"Step","Time (ps)","Potential Energy (kJ/mole)","Kinetic Energy (kJ/mole)","Total Energy (kJ/mole)","Temperature (K)"
505000,504.9999999949702,-36690.745484799256,7293.16751543158,-29397.577969367674,282.68334927556015
510000,509.999999994852,-36474.78183710273,7129.9049757404955,-29344.876861362238,276.3552892888044
515000,514.9999999947338,-36380.124957277985,7087.814076786289,-29292.310880491696,274.723845027416
520000,519.9999999946156,-36478.57624437291,7140.822446176404,-29337.753798196507,276.77845070692746
525000,524.9999999944973,-36281.484349440085,7073.579968559236,-29207.90438088085,274.17213064829883
530000,529.9999999943791,-36840.74898744778,7187.627857428954,-29653.12113001883,278.59262957901495
535000,534.9999999942609,-36560.36902422941,7168.842706183862,-29391.526318045548,277.8645166624565
540000,539.9999999941426,-36124.51019111585,7172.442641124739,-28952.06754999111,278.0040502278254
545000,544.9999999940244,-36581.750318918,6986.615041243485,-29595.13527767451,270.8013679623869
550000,549.9999999939062,-36421.84319681103,7285.504219460559,-29136.33897735047,282.3863197383948
555000,554.9999999937879,-36241.40286231286,7313.9835379750475,-28927.419324337814,283.49017881275813
560000,559.9999999936697,-36274.824106115295,7240.82708335956,-29033.997022755735,280.65463286265145
565000,564.9999999935515,-36485.4191395426,7182.1071442708435,-29303.31199527176,278.3786466034941
570000,569.9999999934332,-36341.164598635594,6978.246244199583,-29362.918354436013,270.4769931865749
575000,574.999999993315,-36626.80509978585,7263.3331810393465,-29363.471918746505,281.52696975300586
580000,579.9999999931968,-36923.406370866935,6888.977696978474,-30034.428673888462,267.01694213742064
585000,584.9999999930785,-36438.348936126065,7130.938739830334,-29307.410196295732,276.395358009927
590000,589.9999999929603,-36515.66918766103,7147.349898579637,-29368.31928908139,277.0314549199362
595000,594.999999992842,-36542.98525830445,7263.053992210087,-29279.93126609436,281.51614838723185
600000,599.9999999927238,-36415.609747511444,7018.549456815894,-29397.06029069555,272.03914668227304
605000,604.9999999926056,-36709.72338499696,7305.318340831605,-29404.40504416536,283.1543155619198
610000,609.9999999924873,-36585.30306665481,7230.427443831944,-29354.875622822863,280.25154258305696
615000,614.9999999923691,-36526.44969768325,7258.656349319277,-29267.793348363975,281.3456956424318
620000,619.9999999922509,-36140.111550947055,7151.892738649946,-28988.21881229711,277.20753551092514
625000,624.9999999921326,-36338.47387035781,7037.843623962352,-29300.63024639546,272.78698906747843
630000,629.9999999920144,-36736.968319747706,7285.342658232874,-29451.62566151483,282.3800576213025
635000,634.9999999918962,-36190.630518347985,7169.995555551387,-29020.634962796597,277.90920113182216
640000,639.9999999917779,-36473.89463997158,7286.711863206647,-29187.18277676493,282.4331280391987
645000,644.9999999916597,-36509.32354920834,7131.358862779425,-29377.964686428917,276.411641985594
650000,649.9999999915415,-36357.30408170744,7016.8065477444925,-29340.497533962953,271.9715914845151
655000,654.9999999914232,-36346.03028999597,6901.059862602582,-29444.97042739339,267.4852471692053
660000,659.999999991305,-36302.37025394572,7172.3405225148035,-29130.02973143092,278.0000921080347
665000,664.9999999911868,-36217.00000694183,7220.493844439506,-28996.506162502326,279.8665160303726
670000,669.9999999910685,-36461.74549787006,7378.0309429829085,-29083.714554887156,285.9726577797806
675000,674.9999999909503,-36385.5879024512,7145.194592002035,-29240.393310449166,276.9479151848646
680000,679.9999999908321,-36097.87368904491,7337.006435750265,-28760.867253294644,284.3825468873096
685000,684.9999999907138,-36466.23629788238,7182.718978291969,-29283.517319590414,278.40236130494947
690000,689.9999999905956,-36696.429953190716,7040.876517785478,-29655.553435405236,272.90454410541014
695000,694.9999999904774,-36779.35794965693,7095.4292997181365,-29683.928649938793,275.01901125242046
700000,699.9999999903591,-36452.66314493302,7252.808468526848,-29199.854676406176,281.1190316414925
705000,704.9999999902409,-36257.171954712925,7190.170394933413,-29067.001559779514,278.69117839417635
710000,709.9999999901227,-36412.408511225825,7126.472187093939,-29285.936324131886,276.22223431784556
715000,714.9999999900044,-35823.83692590686,7219.631573777308,-28604.20535212955,279.83309439865275
720000,719.9999999898862,-36196.43857858584,6958.815568395598,-29237.62301019024,269.72385972250237
725000,724.999999989768,-36521.491617510765,6986.69165150579,-29534.799966004975,270.80433737800655
730000,729.9999999896497,-36433.92588840286,7255.306390199616,-29178.619498203247,281.2158511459385
735000,734.9999999895315,-36569.27479107746,7406.053904287053,-29163.220886790412,287.05882843763453
740000,739.9999999894133,-36558.157956831936,7117.547216848671,-29440.610739983265,275.87630225529807
745000,744.999999989295,-36405.914558447505,7237.086705495794,-29168.827852951712,280.50965572619486
750000,749.9999999891768,-36167.17731567153,7476.485204174791,-28690.692111496737,289.78874732458866
755000,754.9999999890586,-36277.283962204834,7309.004731389435,-28968.2792308154,283.29720014909265
760000,759.9999999889403,-36134.75190601785,7044.948392861795,-29089.803513156057,273.06237008184206
765000,764.9999999888221,-36702.28693218929,6983.772844729781,-29718.514087459505,270.69120435678025
770000,769.9999999887038,-36337.29094240938,7154.812588565949,-29182.47835384343,277.32070896428286
775000,774.9999999885856,-36546.31408874125,7294.83621128946,-29251.47787745179,282.7480279673672
780000,779.9999999884674,-36525.517670858724,7016.6541435721865,-29508.863527286536,271.9656842951108
785000,784.9999999883491,-36306.56378068484,6913.7001689428635,-29392.863611741974,267.9751857486468
790000,789.9999999882309,-36320.614769418746,6932.489015741998,-29388.125753676748,268.70344190496934
795000,794.9999999881127,-36473.31891535267,7108.430035947529,-29364.888879405138,275.5229201030806
800000,799.9999999879944,-36513.94431576387,6946.480205170029,-29567.46411059384,269.2457407455618
805000,804.9999999878762,-36545.49362169842,7318.022447972111,-29227.47117372631,283.646727061921
810000,809.999999987758,-36541.6385412281,7134.93575203524,-29406.702789192863,276.55028229965257
815000,814.9999999876397,-36477.956378232186,7105.901480447123,-29372.054897785063,275.42491323073443
820000,819.9999999875215,-36194.418792210956,7310.403053200767,-28884.01573901019,283.35139913631684
825000,824.9999999874033,-36565.32066290218,7098.039863500873,-29467.280799401306,275.12019676777305
830000,829.999999987285,-36718.047011686635,6957.133534417597,-29760.913477269038,269.6586640448368
835000,834.9999999871668,-36285.959719868624,7316.917181958079,-28969.042537910544,283.6038869244875
840000,839.9999999870486,-36001.83184728582,7202.204160705939,-28799.627686579883,279.1576074465432
845000,844.9999999869303,-36075.606917211066,7158.499646743077,-28917.10727046799,277.4636194283959
850000,849.9999999868121,-36485.548937581,7051.651566940497,-29433.8973706405,273.32218527124166
855000,854.9999999866939,-36587.841047170165,7219.298842117416,-29368.54220505275,279.82019771146855
860000,859.9999999865756,-36549.33594598977,7286.076556998971,-29263.2593889908,282.408503555225
865000,864.9999999864574,-36525.45713199947,6823.81594009778,-29701.64119190169,264.49127086485777
870000,869.9999999863392,-36436.819169897615,7147.48037193548,-29289.338797962133,277.03651207036404
875000,874.9999999862209,-36749.21594514542,7079.026873171735,-29670.189071973684,274.38325280280685
880000,879.9999999861027,-36614.98787332417,7188.909290210594,-29426.078583113576,278.6422979446214
885000,884.9999999859845,-36312.756578137334,7112.8816106376125,-29199.874967499723,275.6954632457248
890000,889.9999999858662,-36128.536997935116,7110.396036687499,-29018.140961247616,275.5991223393074
895000,894.999999985748,-36985.00283047508,7298.161355907108,-29686.841474567973,282.87691065316227
900000,899.9999999856298,-36107.510620046894,7045.006494774305,-29062.50412527259,273.0646221133761
905000,904.9999999855115,-36714.48474108909,7215.361989779487,-29499.122751309602,279.66760521964187
910000,909.9999999853933,-36688.61527600139,7116.407773450154,-29572.20750255123,275.8321374016154
915000,914.999999985275,-36465.27615245201,7074.84188439,-29390.43426806201,274.2210425364173
920000,919.9999999851568,-36413.04280007461,7007.5497497956085,-29405.493050279,271.61279777215066
925000,924.9999999850386,-36435.372173174124,7175.098737201334,-29260.27343597279,278.1070005759891
930000,929.9999999849204,-36620.75935019642,7225.144928631898,-29395.614421564525,280.0467921661512
935000,934.9999999848021,-36437.97227454228,7019.129474283367,-29418.84280025891,272.0616281733394
940000,939.9999999846839,-36283.19967429757,7261.293361010442,-29021.906313287127,281.44790627935464
945000,944.9999999845656,-36615.38470225407,7093.514516630117,-29521.870185623957,274.9447942136219
950000,949.9999999844474,-36369.50390812294,7177.399327649481,-29192.10458047346,278.1961715173966
955000,954.9999999843292,-36590.88224464324,7027.281313231511,-29563.600931411725,272.3775936481129
960000,959.999999984211,-36613.70593838901,6823.009494036918,-29790.696444352092,264.46001299603574
965000,964.9999999840927,-36445.1592903656,7110.030855749261,-29335.128434616337,275.5849679173098
970000,969.9999999839745,-36482.29097603649,7050.826436648112,-29431.46453938838,273.29020320115393
975000,974.9999999838562,-35991.896422928585,7355.663048767386,-28636.2333741612,285.10567765904335
980000,979.999999983738,-36550.83968048732,7463.226493819027,-29087.61318666829,289.27483939055156
985000,984.9999999836198,-36381.93518132144,7183.721553977146,-29198.213627344292,278.4412211627531
990000,989.9999999835015,-36284.13746420428,6933.8772304401555,-29350.260233764122,268.75724914024244
995000,994.9999999833833,-36379.960488865596,7152.60566985654,-29227.354819009055,277.2351687417341
1000000,999.9999999832651,-36687.890534865284,7050.810275834034,-29637.080259031252,273.2895768076094
1005000,1004.9999999831468,-36543.02699617808,7333.8411634154145,-29209.185832762665,284.25986085506213
1010000,1009.9999999830286,-36342.79396597709,7063.312438465005,-29279.48152751209,273.77416093353725
1015000,1014.9999999829104,-36339.52204148065,7246.486491394629,-29093.035550086024,280.8739916549575
1020000,1019.9999999827921,-36968.81432468638,7389.683708673915,-29579.130616012462,286.42431925977365
1025000,1024.999999982674,-36619.755440745685,7285.070076979991,-29334.685363765693,282.3694923653487
1030000,1029.9999999825557,-36828.445328220565,6986.429428639447,-29842.015899581118,270.7941736133655
1035000,1034.9999999824374,-36115.96217182437,6986.723130775055,-29129.239041049317,270.8055575152446
1040000,1039.9999999823192,-36546.50816276792,7235.476382227468,-29311.03178054045,280.4472395573706
1045000,1044.999999982201,-36485.76336612775,7232.826248656379,-29252.93711747137,280.3445203160646
1050000,1049.9999999820827,-36753.59219115316,7159.521061221258,-29594.071129931905,277.50320947827197
1055000,1054.9999999819645,-36359.20910732543,7174.380666522175,-29184.828440803252,278.0791681390991
1060000,1059.9999999818463,-36108.847819096765,7315.1335547089275,-28793.71426438784,283.5347534891752
1065000,1064.999999981728,-36575.56367285456,7036.646298127213,-29538.917374727345,272.74058068915247
1070000,1069.9999999816098,-36380.188035515224,7193.50444883651,-29186.683586678715,278.8204064040909
1075000,1074.9999999814916,-36751.68314284646,7118.834674118818,-29632.84846872764,275.92620413022473
1080000,1079.9999999813733,-36432.79369935932,7323.356081981978,-29109.43761737734,283.8534588451317
1085000,1084.999999981255,-36395.61185080966,7321.37094462926,-29074.240906180403,283.7765148733319
1090000,1089.9999999811369,-36557.60510318059,7236.754090269389,-29320.851012911204,280.49676355197545
1095000,1094.9999999810186,-36430.46166296157,7153.005228688977,-29277.456434272593,277.25065565174236
1100000,1099.9999999809004,-36302.96729717493,7053.632224649281,-29249.33507252565,273.39895561193424
1105000,1104.9999999807821,-36390.931013272704,7142.192842795871,-29248.738170476834,276.8315673130396
1110000,1109.999999980664,-36732.865527917194,7251.98031054776,-29480.885217369432,281.08693221819493
1115000,1114.9999999805457,-36921.83892893653,6945.2229139325955,-29976.616015003936,269.19700810679257
1120000,1119.9999999804274,-36855.47882185477,7241.544808769664,-29613.934013085105,280.6824519169045
1125000,1124.9999999803092,-36570.207723658736,7124.362507366803,-29445.845216291935,276.14046308060136
1130000,1129.999999980191,-36795.63082568161,7149.03873867625,-29646.59208700536,277.09691440292374
1135000,1134.9999999800727,-36596.02411176925,7093.0913605197375,-29502.93275124951,274.92839267255
1140000,1139.9999999799545,-36692.13380495215,7064.219729167751,-29627.9140757844,273.80932754311755
1145000,1144.9999999798363,-36707.21857054663,7135.7898119365,-29571.428758610135,276.5833856820799
1150000,1149.999999979718,-36657.23381391799,7080.012074066319,-29577.221739851673,274.421439213307
1155000,1154.9999999795998,-36397.77037593462,7161.628565598248,-29236.14181033637,277.58489639889183
1160000,1159.9999999794816,-36798.322256457286,7173.755904350002,-29624.566352107286,278.05495234219654
1165000,1164.9999999793633,-36323.60927861721,7214.498884764629,-29109.110393852578,279.6341512483927
1170000,1169.999999979245,-36446.43777754839,7316.752690340612,-29129.685087207778,283.5975112254164
1175000,1174.9999999791269,-36071.85776137895,7051.717096468519,-29020.140664910432,273.3247251973326
1180000,1179.9999999790086,-36299.457825441044,7276.778496511099,-29022.679328929946,282.0481105058514
1185000,1184.9999999788904,-36207.40372320367,7304.843509518456,-28902.560213685218,283.13591108873885
1190000,1189.9999999787722,-36127.282799721026,7270.182852397446,-28857.09994732358,281.79246318049775
1195000,1194.999999978654,-36347.48619803319,7049.296095503726,-29298.190102529465,273.2308871413879
1200000,1199.9999999785357,-36421.37236163967,6924.460866242184,-29496.911495397482,268.3922706362044
1205000,1204.9999999784175,-36085.71464805881,7203.5011027206,-28882.213545338214,279.20787695039655
1210000,1209.9999999782992,-36461.23096062632,7122.83897657329,-29338.391984053033,276.08141099019986
1215000,1214.999999978181,-36442.28734496708,7450.313702552108,-28991.973642414974,288.77433928876377
1220000,1219.9999999780628,-36287.73559055981,7233.494760462897,-29054.24083009691,280.3704318498524
1225000,1224.9999999779445,-36672.15527817325,7338.152333523827,-29334.002944649426,284.42696191272523
1230000,1229.9999999778263,-36455.169649211886,6819.993496134859,-29635.176153077027,264.3431128444132
1235000,1234.999999977708,-36374.83342023028,7252.173793994584,-29122.659626235694,281.094431641273
1240000,1239.9999999775898,-36506.44422002761,7290.345814549488,-29216.098405478122,282.57398008113046
1245000,1244.9999999774716,-36783.252180832154,7264.524077648615,-29518.728103183537,281.57312893438166
1250000,1249.9999999773534,-36440.00177426093,7127.773615058789,-29312.22815920214,276.27267769723676
1255000,1254.9999999772351,-36086.39024838252,7210.1023312871575,-28876.287917095364,279.46374072928
1260000,1259.9999999771169,-36498.17156513943,7052.672821215311,-29445.498743924123,273.3617691116314
1265000,1264.9999999769987,-36598.20326241412,6925.7377355993885,-29672.465526814733,268.4417621233694
1270000,1269.9999999768804,-36531.97007068028,7194.16772769532,-29337.802342984964,278.84611510869905
1275000,1274.9999999767622,-36222.79693530241,7023.124431026148,-29199.672504276263,272.2164727933033
1280000,1279.999999976644,-36166.02147248798,7093.7420368318035,-29072.27943565617,274.9536129021415
1285000,1284.9999999765257,-36379.03926268656,7211.438430176804,-29167.600832509754,279.5155279545548
1290000,1289.9999999764075,-36623.15378553781,6938.0153129685605,-29685.13847256925,268.9176413191185
1295000,1294.9999999762892,-36515.43537732906,7110.439914289742,-29404.995463039315,275.60082303623153
1300000,1299.999999976171,-37010.36325717338,7074.399439676117,-29935.963817497264,274.20389336860717
1305000,1304.9999999760528,-36230.171385372996,7172.965610928122,-29057.205774444876,278.02432055005204
1310000,1309.9999999759345,-36193.74127630617,7050.02297449859,-29143.71830180758,273.25906098880756
1315000,1314.9999999758163,-36413.66622995367,7329.779917131036,-29083.886312822633,284.10244685086275
1320000,1319.999999975698,-36621.9639936398,7139.386786735041,-29482.57720690476,276.7228045122603
1325000,1324.9999999755798,-36480.538162280194,7302.265839034273,-29178.27232324592,283.03600051843375
1330000,1329.9999999754616,-36429.00162423347,7082.861747969564,-29346.139876263904,274.53189264271305
1335000,1334.9999999753434,-36639.688729677575,7171.335671166778,-29468.353058510795,277.961144045484
1340000,1339.9999999752251,-36501.60424322351,6808.340163182822,-29693.264080040688,263.8914293773689
1345000,1344.999999975107,-36467.2457810641,7153.452706636335,-29313.793074427762,277.2679999078037
1350000,1349.9999999749887,-36273.30479926335,7186.342385619156,-29086.962413644196,278.5428046605794
1355000,1354.9999999748704,-36442.53274477802,7310.634433631358,-29131.898311146666,283.3603674474022
1360000,1359.9999999747522,-36494.149236618134,7262.63355196727,-29231.51568465086,281.49985211325236
1365000,1364.999999974634,-36564.167209302774,7117.407869334873,-29446.759339967903,275.8709011422933
1370000,1369.9999999745157,-36203.03373839343,7218.132521814865,-28984.901216578568,279.7749911083355
1375000,1374.9999999743975,-36728.195760310664,7227.796305102033,-29500.39945520863,280.14955958225437
1380000,1379.9999999742793,-36421.69876040679,7061.868639691165,-29359.830120715626,273.7181992581465
1385000,1384.999999974161,-36375.488759724445,7076.356525348514,-29299.13223437593,274.2797500565993
1390000,1389.9999999740428,-36035.70168019033,7211.385707589876,-28824.315972600452,279.5134844258104
1395000,1394.9999999739246,-36593.06223872349,7224.580021543821,-29368.48221717967,280.02489635375565
1400000,1399.9999999738063,-36592.518053891705,6974.1158942707625,-29618.402159620942,270.3169007234457
1405000,1404.999999973688,-36368.946038146394,6967.235073484922,-29401.71096466147,270.05019994338124
1410000,1409.9999999735699,-36562.56382912891,7260.355656533455,-29302.208172595452,281.4115608311492
1415000,1414.9999999734516,-36519.60978547854,7107.39245467964,-29412.2173307989,275.48270342804443
1420000,1419.9999999733334,-36522.027835058354,6962.610556902775,-29559.41727815558,269.87095356881827
1425000,1424.9999999732152,-36067.67148716552,7157.409129027541,-28910.26235813798,277.4213509353687
1430000,1429.999999973097,-35886.429849054235,7087.015733447719,-28799.414115606516,274.69290122030606
1435000,1434.9999999729787,-36329.0100070081,7096.838869852445,-29232.17113715566,275.0736462249152
1440000,1439.9999999728605,-36314.23524738816,7200.006658895829,-29114.228588492333,279.07243222323905
1445000,1444.9999999727422,-36445.240369392704,7192.974669463177,-29252.26569992953,278.7998721427684
1450000,1449.999999972624,-36315.634147169105,7310.512030041064,-29005.12211712804,283.3556230812822
1455000,1454.9999999725057,-36208.186728277826,7256.287876414493,-28951.898851863334,281.2538935753634
1460000,1459.9999999723875,-36377.991090605836,7049.795121611041,-29328.195968994794,273.2502294053758
1465000,1464.9999999722693,-36602.51469988506,6959.606824693316,-29642.907875191744,269.7545288357376
1470000,1469.999999972151,-36388.75855214263,7026.402192386398,-29362.35635975623,272.34351890289577
1475000,1474.9999999720328,-36019.08948385402,7144.588262804666,-28874.50122104935,276.92441385051114
1480000,1479.9999999719146,-36581.86047907505,7193.987160715484,-29387.87331835956,278.8391163281938
1485000,1484.9999999717963,-36577.782202575145,7205.640360289579,-29372.141842285564,279.29079462550584
1490000,1489.999999971678,-36335.46492004702,7276.801050139648,-29058.663869907374,282.0489846850395
1495000,1494.9999999715599,-36367.61230698516,7315.767377715142,-29051.844929270017,283.55932048422443
1500000,1499.9999999714416,-36263.86216261519,7166.954132342533,-29096.908030272654,277.79131549469344
1505000,1504.9999999713234,-36474.359147912866,7107.960812819868,-29366.398335093,275.5047330033048
1510000,1509.9999999712052,-36244.327002519254,7232.430735829255,-29011.896266689997,280.3291902293202
1515000,1514.999999971087,-36331.534053289346,7087.922524576514,-29243.611528712834,274.72804846638786
1520000,1519.9999999709687,-36262.132570614674,7015.047353188542,-29247.08521742613,271.90340506098227
1525000,1524.9999999708505,-36468.61448477424,7395.401046465035,-29073.213438309205,286.6459234108251
1530000,1529.9999999707322,-36130.666328752326,6974.113754389073,-29156.552574363253,270.31681778157963
1535000,1534.999999970614,-36565.73598649659,7110.542497409766,-29455.193489086825,275.6047991604445
1540000,1539.9999999704958,-36299.08990505256,7176.215855720769,-29122.874049331793,278.1503001168187
1545000,1544.9999999703775,-36217.82771328158,7133.544119998525,-29084.283593283053,276.4963426082544
1550000,1549.9999999702593,-36614.67165512505,7200.6780834432775,-29413.99357168177,279.0984566549359
1555000,1554.999999970141,-36622.84311403739,7285.905422567994,-29336.937691469393,282.40187038054165
1560000,1559.9999999700228,-36384.97094085984,6954.154036392178,-29430.816904467665,269.54317862931566
1565000,1564.9999999699046,-36744.34978466008,7180.972479441236,-29563.377305218844,278.3346669672578
1570000,1569.9999999697864,-36813.11434394749,7146.006453005752,-29667.10789094174,276.97938293700264
1575000,1574.9999999696681,-36175.610065987865,7237.741430351696,-28937.86863563617,280.5350328774435
1580000,1579.99999996955,-36308.79957548294,7270.194881095885,-29038.604694387053,281.7929294131401
1585000,1584.9999999694317,-36668.62903232332,7271.139995781427,-29397.48903654189,281.8295620812083
1590000,1589.9999999693134,-36675.92624999094,7205.408549460955,-29470.517700529985,279.2818096321823
1595000,1594.9999999691952,-36243.62987672518,7107.325647668717,-29136.304229056463,275.48011398668535
1600000,1599.999999969077,-36593.61802706876,7178.65001037145,-29414.968016697312,278.2446480099465
1605000,1604.9999999689587,-36598.25223718277,7085.02798455268,-29513.22425263009,274.6158560250627
1610000,1609.9999999688405,-36473.24722415108,7127.6493527948605,-29345.597871356214,276.2678612888817
1615000,1614.9999999687222,-36617.55775522329,7205.397351758966,-29412.160403464328,279.2813756089824
1620000,1619.999999968604,-36449.09678273567,7063.27998813912,-29385.816794596554,273.7729031581212
1625000,1624.9999999684858,-36686.81864640421,7077.967576807592,-29608.851069596618,274.3421944501148
1630000,1629.9999999683675,-36222.64776465671,7163.5147892647765,-29059.13297539193,277.65800647382275
1635000,1634.9999999682493,-36362.74711702789,7148.407823583738,-29214.33929344415,277.07246011867994
1640000,1639.999999968131,-36555.94597519662,7052.492720500264,-29503.453254696356,273.35478840356063
1645000,1644.9999999680128,-36544.58189268207,7082.872168690962,-29461.70972399111,274.53229655012643
1650000,1649.9999999678946,-36699.836437577695,7158.432231436862,-29541.404206140833,277.4610064094966
1655000,1654.9999999677764,-36593.25536927178,7249.478288448558,-29343.77708082322,280.98995378112113
1660000,1659.9999999676581,-36285.72038790068,7144.395251592753,-29141.325136307925,276.9169327312696
1665000,1664.99999996754,-36512.77532908485,7115.291506249505,-29397.483822835344,275.78887085792246
1670000,1669.9999999674217,-36296.92569811546,7016.380001034444,-29280.54569708102,271.95505852371804
1675000,1674.9999999673034,-36243.77594017738,7256.622344537755,-28987.153595639626,281.26685756790977
1680000,1679.9999999671852,-36245.57186753677,7187.181739789129,-29058.39012774764,278.57533804850647
1685000,1684.999999967067,-36131.34473904236,7183.983882237917,-28947.360856804444,278.45138901248475
1690000,1689.9999999669487,-36312.18676096122,7150.195395803894,-29161.99136515733,277.1417464611637
1695000,1694.9999999668305,-36575.385549183455,7064.361302238285,-29511.02424694517,273.81481491875525
1700000,1699.9999999667123,-36444.88864644384,7292.561806971285,-29152.326839472556,282.6598720009907
1705000,1704.999999966594,-36732.00951588594,7319.397388979711,-29412.612126906228,283.700019808627
1710000,1709.9999999664758,-36381.61090839787,7306.657789932439,-29074.953118465433,283.20623264146127
1715000,1714.9999999663576,-37211.36471620609,7313.908249226928,-29897.456466979158,283.4872606190603
1720000,1719.9999999662393,-36668.193901677,7158.309244332324,-29509.88465734467,277.4562394263504
1725000,1724.999999966121,-36496.102137882655,7081.003563233811,-29415.098574648844,274.45986935741706
1730000,1729.9999999660029,-36299.83442860381,7335.028690859752,-28964.80573774406,284.3058894475237
1735000,1734.9999999658846,-36049.40175194534,6920.680352824382,-29128.721399120957,268.2457378447027
1740000,1739.9999999657664,-36387.5874852233,7081.260187988701,-29306.327297234602,274.46981613912277
1745000,1744.9999999656482,-36187.70506824236,7043.885422312398,-29143.819645929958,273.0211693176407
1750000,1749.99999996553,-36221.68303007804,7304.6980534560735,-28916.98497662197,283.1302732082432
1755000,1754.9999999654117,-36628.170050478184,7323.144802163233,-29305.025248314952,283.84526963424753
1760000,1759.9999999652935,-36268.28510421967,7153.092090145864,-29115.193014073808,277.2540224039119
1765000,1764.9999999651752,-36468.08685591309,7099.5447462060165,-29368.542109707072,275.1785260578183
1770000,1769.999999965057,-36273.98531692247,6925.385399739691,-29348.599917182783,268.42810557692667
1775000,1774.9999999649388,-36196.937998099485,7030.314387886058,-29166.623610213428,272.4951556950748
1780000,1779.9999999648205,-36417.38041777002,7326.160950872097,-29091.219466897925,283.9621756311454
1785000,1784.9999999647023,-36255.910217395554,6993.961158640857,-29261.949058754697,271.086103650367
1790000,1789.999999964584,-36440.93974883978,6896.5963448864595,-29544.34340395332,267.31224111458295
1795000,1794.9999999644658,-36505.448040171206,6984.347222271961,-29521.100817899245,270.71346724420584
1800000,1799.9999999643476,-36384.098881373495,7380.944550409198,-29003.154330964295,286.08558927408603
1805000,1804.9999999642293,-36529.60931338611,7255.386297262752,-29274.223016123353,281.2189483456381
1810000,1809.999999964111,-36236.7725834838,7050.755237030689,-29186.01734645311,273.28744350226077
1815000,1814.9999999639929,-36420.98217629659,7102.823399932466,-29318.158776364122,275.30560675554625
1820000,1819.9999999638746,-36688.99590789551,6954.409215131257,-29734.58669276425,269.55306936341356
1825000,1824.9999999637564,-36244.5428788326,7122.132046064056,-29122.410832768546,276.05401034656563
1830000,1829.9999999636382,-36714.56303083699,7268.108828009572,-29446.454202827415,281.71207394506564
1835000,1834.99999996352,-36729.558633345136,7328.87407275473,-29400.684560590405,284.0673363009302
1840000,1839.9999999634017,-36615.73546891536,7272.696428251349,-29343.039040664007,281.8898894413831
1845000,1844.9999999632835,-36267.28721249203,7275.302335820248,-28991.984876671784,281.9908944817747
1850000,1849.9999999631652,-36549.95549223378,7069.774480486238,-29480.18101174754,274.0246298385578
1855000,1854.999999963047,-36834.73553649953,7160.69799800259,-29674.03753849694,277.5488275763793
1860000,1859.9999999629288,-36267.515583389584,7090.157549150312,-29177.358034239274,274.81467807291995
1865000,1864.9999999628105,-36267.76030653824,7015.916209349024,-29251.84409718922,271.9370819467749
1870000,1869.9999999626923,-36907.68303976779,7273.7676158207605,-29633.91542394703,281.931408697479
1875000,1874.999999962574,-36985.37346392752,7259.92375172819,-29725.44971219933,281.394820190452
1880000,1879.9999999624558,-36122.02654843345,7136.309951760313,-28985.71659667314,276.60354631422996
1885000,1884.9999999623376,-36327.941682917335,7284.64487688515,-29043.296806032187,282.3530115993896
1890000,1889.9999999622194,-36512.2744072929,7062.3474393744655,-29449.926967918433,273.7367575454505
1895000,1894.9999999621011,-36198.74883087399,7220.958824537027,-28977.790006336967,279.8845386701975
1900000,1899.999999961983,-36734.33617218138,7170.150611957332,-29564.185560224047,277.91521112186643
1905000,1904.9999999618647,-36513.76268289641,7252.0964715725695,-29261.66621132384,281.0914346223258
1910000,1909.9999999617464,-36685.50386008855,7148.66218569819,-29536.84167439036,277.08231920038764
1915000,1914.9999999616282,-36178.834493204005,7275.463697016881,-28903.370796187126,281.99714884565856
1920000,1919.99999996151,-36513.400827109836,7154.415957664432,-29358.984869445405,277.30533554094797
1925000,1924.9999999613917,-36013.3930201254,7032.189976526624,-28981.203043598773,272.56785355614227
1930000,1929.9999999612735,-36831.02549605048,6950.610264599468,-29880.415231451014,269.4058219489279
1935000,1934.9999999611553,-36530.67556115497,7215.344851042828,-29315.33071011214,279.66694092179443
1940000,1939.999999961037,-36824.84410364908,7071.183947067264,-29753.660156581813,274.0792607973248
1945000,1944.9999999609188,-36769.25542717627,7190.6252789850905,-29578.63014819118,278.70880971102025
1950000,1949.9999999608006,-36568.0654129861,7157.978064727742,-29410.087348258356,277.4434028968676
1955000,1954.9999999606823,-36516.591421010926,7136.2018974774855,-29380.389523533442,276.5993581276144
1960000,1959.999999960564,-36201.35253454268,7119.104921006654,-29082.247613536027,275.93667890613295
1965000,1964.9999999604458,-36721.53759500925,7195.28071669867,-29526.256878310578,278.88925458938536
1970000,1969.9999999603276,-36494.02416660937,6974.966003532856,-29519.058163076515,270.34985097900346
1975000,1974.9999999602094,-36465.41283839003,7139.124160943773,-29326.28867744626,276.7126251302395
1980000,1979.9999999600911,-36590.850282855165,7163.944554633262,-29426.905728221904,277.6746641898987
1985000,1984.999999959973,-36816.50651323834,6993.7762072253045,-29822.730306013036,271.0789349290273
1990000,1989.9999999598547,-36577.38288046845,7144.0518000101565,-29433.331080458294,276.9036205396222
1995000,1994.9999999597364,-36040.12462575402,7154.652926294864,-28885.471699459154,277.3145204507943
2000000,1999.9999999596182,-36674.85377797682,7031.761948855509,-29643.091829121313,272.5512631932585
2005000,2004.9999999595,-36500.14488973334,7188.419750929069,-29311.72513880427,278.6233233902305
2010000,2009.9999999593817,-36700.94937769247,7145.6770901154305,-29555.27228757704,276.9666168234085
2015000,2014.9999999592635,-36622.331188221586,7110.743923608401,-29511.587264613183,275.6126064447749
2020000,2019.9999999591453,-36695.50642428791,7036.4959247575825,-29659.010499530326,272.734752213709
2025000,2024.999999959027,-36492.176444733406,7221.086532467919,-29271.08991226549,279.8894886326874
2030000,2029.9999999589088,-36590.023392920564,7078.683006018062,-29511.340386902502,274.3699245036144
2035000,2034.9999999587906,-36759.69437446796,7143.38138883554,-29616.31298563242,276.8776353862809
2040000,2039.9999999586723,-36512.90924117424,7441.062750352746,-29071.846490821492,288.4157721577921
2045000,2044.999999958554,-36383.795339570126,7115.001229279849,-29268.794110290277,275.77761971555856
2050000,2049.9999999588904,-36612.71133776598,6966.520450939635,-29646.19088682634,270.02250115624355
2055000,2054.999999959909,-36109.47040800634,7483.452767345258,-28626.01764066108,290.05881024157895
2060000,2059.9999999609277,-36498.383894745,7222.339983387181,-29276.043911357818,279.93807242063133
2065000,2064.9999999619463,-36292.89170406581,7098.924667766449,-29193.967036299364,275.15449180250477
2070000,2069.999999962965,-36149.837337310535,7231.468194787574,-28918.369142522963,280.2918821152666
2075000,2074.9999999639836,-36012.72134177561,7284.102194618437,-28728.61914715717,282.3319772216077
2080000,2079.999999965002,-36656.99603476123,7253.109237883772,-29403.886796877458,281.13068946904065
2085000,2084.999999966021,-36177.96334114739,7089.864155218144,-29088.099185929248,274.8033061170137
2090000,2089.9999999670395,-36178.05806152268,7271.373768827356,-28906.684292695325,281.838623130122
2095000,2094.999999968058,-36314.28012943657,7209.925524035369,-29104.354605401204,279.45688767592475
2100000,2099.9999999690767,-36580.89963147552,7018.682697413559,-29562.216934061962,272.0443110910608
2105000,2104.9999999700954,-36785.08810517959,7229.610250869631,-29555.477854309956,280.21986816407474
2110000,2109.999999971114,-36024.03882019357,7427.9333659710155,-28596.105454222554,287.90687690163617
2115000,2114.9999999721326,-35932.82569498374,7280.860214328805,-28651.965480654933,282.2063179871777
2120000,2119.9999999731513,-36295.52481258658,7212.032899094952,-29083.491913491624,279.5385695841988
2125000,2124.99999997417,-36336.878584610204,7345.487282786027,-28991.391301824176,284.71126472351597
2130000,2129.9999999751885,-36187.69022794057,7297.87314170075,-28889.81708623982,282.8657394635537
2135000,2134.999999976207,-36104.76990219055,7107.768070175436,-28997.001832015114,275.49726229374534
2140000,2139.999999977226,-36191.36701179482,7199.352566980666,-28992.014444814155,279.04707960478885
2145000,2144.9999999782444,-36349.577049174346,7282.593839058523,-29066.983210115824,282.2735133236274
2150000,2149.999999979263,-36221.643320672076,7090.083158943377,-29131.5601617287,274.81179470670014
2155000,2154.9999999802817,-37039.87674846381,7111.102047489725,-29928.774700974085,275.6264873350758
2160000,2159.9999999813003,-36314.12495022783,7123.867696087615,-29190.257254140215,276.12128418345355
2165000,2164.999999982319,-36455.65012359948,7384.274113841039,-29071.37600975844,286.2146432332261
2170000,2169.9999999833376,-36636.369040761325,7202.782855683709,-29433.586185077616,279.1800376778766
2175000,2174.9999999843562,-36478.82279602444,6933.82280619003,-29544.99998983441,268.75513965499135
2180000,2179.999999985375,-36435.518918919275,6873.826104996085,-29561.69281392319,266.4296660657582
2185000,2184.9999999863935,-36653.91660037615,7067.980884969009,-29585.93571540714,273.9551100329338
2190000,2189.999999987412,-36575.555047953116,7174.360828582315,-29401.194219370802,278.07839922007037
2195000,2194.999999988431,-36556.18185655623,7242.0381626308745,-29314.143693925354,280.7015743244963
2200000,2199.9999999894494,-36279.75859391239,6991.144292050048,-29288.61430186234,270.97692183318435
2205000,2204.999999990468,-36377.10898096754,7301.462254050362,-29075.646726917177,283.00485354502354
2210000,2209.9999999914867,-36134.9850135397,7239.011919121302,-28895.973094418398,280.58427705287875
2215000,2214.9999999925053,-36173.424797133375,7337.9295886301825,-28835.49520850319,284.4183283152607
2220000,2219.999999993524,-36288.26722455834,7224.085232168438,-29064.181992389902,280.0057183055998
2225000,2224.9999999945426,-36463.20624618495,7092.389271999467,-29370.81697418548,274.901179704525
2230000,2229.999999995561,-36281.44153117519,7090.334484245156,-29191.107046930032,274.8215360814751
2235000,2234.99999999658,-36542.79822950359,7138.698438570107,-29404.099790933484,276.6961241207406
2240000,2239.9999999975985,-36278.2722688848,7009.628704556933,-29268.643564327867,271.69337810897684
2245000,2244.999999998617,-36495.866018180386,7114.826432608588,-29381.039585571798,275.7708445923532
2250000,2249.9999999996357,-36723.688583908995,7265.971401266949,-29457.717182642045,281.62922723283026
2255000,2255.0000000006544,-36924.833408633414,7203.968441920302,-29720.86496671311,279.2259910290791
2260000,2260.000000001673,-36380.25722702831,6981.7831023280905,-29398.474124700224,270.6140818931709
2265000,2265.0000000026916,-36312.2706978084,7014.527263755099,-29297.743434053304,271.8832463819642
2270000,2270.0000000037103,-36478.9103783146,7217.331029899155,-29261.579348415442,279.7439252622993
2275000,2275.000000004729,-36238.76026585175,7055.074503982801,-29183.68576186895,273.4548583937814
2280000,2280.0000000057476,-36303.464838865555,7095.12761187334,-29208.337226992215,275.0073178242602
2285000,2285.000000006766,-36202.457086567774,7043.420646584789,-29159.036439982985,273.0031545991984
2290000,2290.000000007785,-36422.759707853525,7110.094636072992,-29312.66507178053,275.5874400442001
2295000,2295.0000000088035,-36449.07050013005,7203.368526381517,-29245.701973748535,279.2027382882875
2300000,2300.000000009822,-36840.29405360608,7260.670372533812,-29579.623681072266,281.42375923093414
2305000,2305.0000000108407,-36308.88747739697,7280.78988592516,-29028.097591471815,282.2035920565516
2310000,2310.0000000118594,-36819.47889084867,6860.704285167843,-29958.774605680832,265.9210640118784
2315000,2315.000000012878,-36376.24528324003,7227.086684573375,-29149.158598666654,280.12205467340215
2320000,2320.0000000138966,-36692.00269639137,7167.817943990414,-29524.184752400957,277.8247968550557
2325000,2325.0000000149153,-36410.37508455904,7267.376125838242,-29142.998958720797,281.6836743911853
2330000,2330.000000015934,-36427.0421333604,7105.081906690641,-29321.960226669762,275.39314653211267
2335000,2335.0000000169525,-36594.19809968602,6934.135146840743,-29660.062952845277,268.76724598616664
2340000,2340.000000017971,-36351.023415734766,7073.024629221359,-29277.998786513406,274.15060568213244
2345000,2345.00000001899,-36462.44523569856,7376.124960856595,-29086.32027484196,285.89878186647053
2350000,2350.0000000200084,-36140.22326371151,7086.22718208502,-29053.996081626487,274.6623369504175
2355000,2355.000000021027,-36261.78491973457,7178.441920231557,-29083.342999503016,278.2365824310918
2360000,2360.0000000220457,-36355.864414852585,7210.058708258106,-29145.80570659448,279.462049899619
2365000,2365.0000000230643,-36458.12029775602,7045.035028311231,-29413.085269444786,273.0657280739575
2370000,2370.000000024083,-36484.729409739295,7196.779914383035,-29287.94949535626,278.94736352788783
2375000,2375.0000000251016,-36750.70459027946,7054.1506175991035,-29696.55397268036,273.4190485352061
2380000,2380.0000000261202,-36626.52878336988,7111.779552159171,-29514.749231210713,275.6527474324483
2385000,2385.000000027139,-36343.07150622728,7044.703554691375,-29298.367951535904,273.05288014843546
2390000,2390.0000000281575,-36359.92745261819,6849.437659896881,-29510.48979272131,265.48436934390475
2395000,2395.000000029176,-36605.206624038074,7243.977392472483,-29361.22923156559,280.7767389200552
2400000,2400.0000000301948,-36226.02565381401,7152.367916603493,-29073.657737210517,277.22595341989626
2405000,2405.0000000312134,-36696.376352409476,7061.636530922578,-29634.7398214869,273.7092027166628
2410000,2410.000000032232,-36677.74858243021,6997.445995857432,-29680.302586572783,271.22117602515846
2415000,2415.0000000332507,-36674.3443126865,7242.596529539662,-29431.747783146842,280.72321663938436
2420000,2420.0000000342693,-36204.5756274463,7046.939905620756,-29157.635721825543,273.13956116454204
2425000,2425.000000035288,-36325.97748579145,7309.686273353822,-29016.29121243763,283.3236167321147
2430000,2430.0000000363066,-36176.757021963065,7171.1717747352795,-29005.585247227784,277.9547914158355
2435000,2435.000000037325,-36442.0809017577,7153.81921529077,-29288.261686466925,277.2822057921132
2440000,2440.000000038344,-36360.598336132425,7148.420457641518,-29212.177878490907,277.07294981506504
2445000,2445.0000000393625,-36541.571365261894,7022.473655133,-29519.097710128895,272.19124870394654
2450000,2450.000000040381,-36440.90323215815,7242.253487110433,-29198.649745047715,280.70992030653133
2455000,2455.0000000413997,-36549.28537023928,7038.364707056412,-29510.92066318287,272.8071862608061
2460000,2460.0000000424184,-36628.56215611059,7384.777708865143,-29243.784447245445,286.2341625885393
2465000,2465.000000043437,-36627.48769073056,7271.169100598253,-29356.318590132305,281.8306901846123
2470000,2470.0000000444556,-36253.114032202546,7126.96394264725,-29126.150089555296,276.24129477498445
2475000,2475.0000000454743,-36268.064415631015,7023.00344178188,-29245.060973849137,272.21178324726947
2480000,2480.000000046493,-36250.659276767416,7292.347452178049,-28958.311824589367,282.65156360402096
2485000,2485.0000000475115,-36694.939962904646,7420.376024213524,-29274.56393869112,287.61395415234966
2490000,2490.00000004853,-36866.73084159642,7255.165165892069,-29611.565675704354,281.2103772883627
2495000,2495.000000049549,-36501.37922176509,7145.691976191938,-29355.687245573154,276.96719380809395
2500000,2500.0000000505675,-36417.63948870511,7066.957041033559,-29350.68244767155,273.9154258172352
2505000,2505.000000051586,-36215.52017595568,7236.489863792935,-28979.030312162744,280.48652212735806
2510000,2510.0000000526047,-36435.08926929815,6895.883497191823,-29539.20577210633,267.2846111206994
2515000,2515.0000000536234,-36682.75835010033,7085.524567984592,-29597.23378211574,274.635103610893
2520000,2520.000000054642,-36485.28218393238,7478.981858641726,-29006.300325290656,289.885517712106
2525000,2525.0000000556606,-36515.86188072383,7056.8414139395645,-29459.020466784266,273.5233438664364
2530000,2530.0000000566793,-36343.88745411066,7020.108617113122,-29323.778836997542,272.09957977310023
2535000,2535.000000057698,-36462.49526458872,7025.1277888116,-29437.367475777115,272.2941229895165
2540000,2540.0000000587165,-36680.11301571594,7092.774951363172,-29587.33806435277,274.9161286459895
2545000,2545.000000059735,-36126.199274350656,7138.3046508209445,-28987.89462352971,276.6808608980597
2550000,2550.000000060754,-36433.5860951634,7336.162183669763,-29097.42391149364,284.34982365625206
2555000,2555.0000000617724,-36633.577227317626,7328.066308164427,-29305.5109191532,284.0360273258752
2560000,2560.000000062791,-36558.42794340178,7114.396979566023,-29444.030963835758,275.75419898203756
2565000,2565.0000000638097,-36401.65716157859,7225.940715415417,-29175.71644616317,280.0776368811256
2570000,2570.0000000648283,-36188.26388306735,7201.377722708618,-28986.886160358736,279.1255746897805
2575000,2575.000000065847,-36912.4767703712,7023.937730831429,-29888.53903953977,272.2479963134248
2580000,2580.0000000668656,-36748.616270947095,7092.740769963288,-29655.875500983806,274.91480377410335
2585000,2585.0000000678842,-36383.791564537256,7058.203070975994,-29325.588493561263,273.5761217260986
2590000,2590.000000068903,-36510.008980665865,7184.281024476266,-29325.7279561896,278.4629062528292
2595000,2595.0000000699215,-36614.58491249686,7249.3446162395,-29365.240296257358,280.9847726430653
2600000,2600.00000007094,-36423.80195388305,7082.196686014005,-29341.605267869043,274.50611482523175
2605000,2605.0000000719588,-36500.370145785004,7090.0727842791575,-29410.297361505847,274.8113925844641
2610000,2610.0000000729774,-36412.549418374685,6985.673274439609,-29426.87614393508,270.764865058293
2615000,2615.000000073996,-36161.48562119338,7176.642093391867,-28984.843527801513,278.1668210992585
2620000,2620.0000000750147,-36196.897371325205,7180.310734061178,-29016.586637264027,278.3090177003232
2625000,2625.0000000760333,-36528.51461644926,7184.465853788743,-29344.048762660517,278.4700702414507
2630000,2630.000000077052,-36302.17714005208,7212.929664696495,-29089.247475355587,279.57332824060194
2635000,2635.0000000780706,-36406.09454917991,7108.790976308255,-29297.30357287165,275.53691016019127
2640000,2640.000000079089,-36541.77570218366,7098.489043883277,-29443.28665830038,275.13760701025797
2645000,2645.000000080108,-36183.89827613914,7083.427987203562,-29100.470288935576,274.5538400891167
2650000,2650.0000000811265,-36684.70090233151,7355.711344697806,-29328.989557633704,285.1075496104745
2655000,2655.000000082145,-36180.08600304011,7344.506041059938,-28835.57996198017,284.67323177048246
2660000,2660.0000000831637,-36239.91472996844,6995.261962236387,-29244.652767732056,271.13652282918827
2665000,2665.0000000841824,-36517.23634817529,7196.552269086414,-29320.68407908888,278.9385399906854
2670000,2670.000000085201,-36392.366743269304,7287.74200891163,-29104.624734357672,282.47305651163686
2675000,2675.0000000862196,-36675.89870502479,7116.989137266923,-29558.909567757866,275.85467107721297
2680000,2680.0000000872383,-36611.29617864047,7042.476813894256,-29568.819364746214,272.9665716212878
2685000,2685.000000088257,-36171.321140265376,7086.195230993663,-29085.125909271712,274.6610985253438
2690000,2690.0000000892755,-36441.167432615446,7385.77314874318,-29055.394283872265,286.27274586228566
2695000,2695.000000090294,-36472.204490090015,7237.2187142821385,-29234.985775807876,280.514772389946
2700000,2700.000000091313,-36375.86819825413,7121.752099082899,-29254.11609917123,276.03928359238733
2705000,2705.0000000923314,-36384.392817351356,7117.81491280037,-29266.577904550984,275.88667815685983
2710000,2710.00000009335,-36156.001449927426,7200.287739976442,-28955.713709950986,279.08332693272126
2715000,2715.0000000943687,-36576.85092797448,7020.227236448629,-29556.623691525856,272.10417746141314
2720000,2720.0000000953873,-36462.06218870105,7041.441453924694,-29420.620734776356,272.9264410438285
2725000,2725.000000096406,-36393.93791704436,7245.816468923769,-29148.12144812059,280.8480215677832
2730000,2730.0000000974246,-36314.18974320061,7091.113576217306,-29223.0761669833,274.85173370515713
2735000,2735.0000000984433,-36408.00204408607,7004.837042830207,-29403.16500125586,271.50765318456774
2740000,2740.000000099462,-36803.885145537184,7033.220785828395,-29770.66435970879,272.6078077496079
2745000,2745.0000001004805,-36603.760168271634,7228.9273381329795,-29374.832830138654,280.1933984498866
2750000,2750.000000101499,-37105.366642764624,7169.16895651142,-29936.197686253203,277.87716213304265
2755000,2755.000000102518,-36725.4828214749,7171.607034769684,-29553.875786705215,277.9716621052953
2760000,2760.0000001035364,-36286.258529830615,7205.863061362001,-29080.395468468614,279.29942652445874
2765000,2765.000000104555,-36516.012912537706,7125.026181598867,-29390.98673093884,276.16618710988644
2770000,2770.0000001055737,-36299.81341923987,7146.597562239167,-29153.215857000705,277.00229434518513
2775000,2775.0000001065923,-36369.39582341979,7306.903111958747,-29062.492711461047,283.2157413291338
2780000,2780.000000107611,-36769.89595830405,6972.172240561576,-29797.723717742472,270.2415646586724
2785000,2785.0000001086296,-36637.1940646619,7331.679925447843,-29305.514139214054,284.17609121917184
2790000,2790.000000109648,-36602.03144166588,7072.236702412389,-29529.79473925349,274.1200656199616
2795000,2795.000000110667,-36618.47330480799,7136.65861957653,-29481.814685231457,276.61706068721867
2800000,2800.0000001116855,-36391.76774815833,7266.892340475541,-29124.87540768279,281.66492285882714
2805000,2805.000000112704,-36755.11946019274,7014.002863295696,-29741.116596897045,271.8629206074757
2810000,2810.0000001137228,-35970.261153837804,7120.6216255377,-28849.639528300104,275.99546641043617
2815000,2815.0000001147414,-36315.681140131564,7020.634256836842,-29295.046883294723,272.1199535815036
2820000,2820.00000011576,-36612.6836787455,7341.920132116723,-29270.76354662878,284.573001877306
2825000,2825.0000001167787,-36524.15205431021,7373.4115890935955,-29150.740465216615,285.7936115113167
2830000,2830.0000001177973,-36351.389954303326,7186.746377804844,-29164.64357649848,278.55846340746683
2835000,2835.000000118816,-36553.94222697033,7070.291960866903,-29483.650266103425,274.0446873906271
2840000,2840.0000001198346,-36845.37311409937,7152.36569460461,-29693.00741949476,277.22586729516587
2845000,2845.000000120853,-36314.40456031461,7134.271225810112,-29180.133334504495,276.52452524709577
2850000,2850.000000121872,-36580.47051813519,7184.58957865097,-29395.880939484217,278.47486582010276
2855000,2855.0000001228905,-36574.18522276316,7310.785280713757,-29263.399942049404,283.3662142839641
2860000,2860.000000123909,-36410.40159460928,7073.611646421998,-29336.78994818728,274.1733584830256
2865000,2865.0000001249277,-36331.50948226956,7136.1655317541645,-29195.343950515395,276.597948591299
2870000,2870.0000001259464,-36722.98464420549,7241.93838004592,-29481.046264159573,280.6977067490903
2875000,2875.000000126965,-36368.43137310466,7201.825254844931,-29166.606118259726,279.1429210462071
2880000,2880.0000001279836,-36305.06180725882,7257.643026814326,-29047.418780444492,281.30641923763375
2885000,2885.0000001290023,-36453.79503039863,7161.783379787924,-29292.011650610704,277.59089700062765
2890000,2890.000000130021,-36336.41956444965,7056.806996062273,-29279.612568387376,273.52200982868027
2895000,2895.0000001310395,-36195.18166998568,7097.476325309139,-29097.705344676542,275.0983540138328
2900000,2900.000000132058,-36655.176098083495,6909.514635095886,-29745.66146298761,267.81295435551533
2905000,2905.000000133077,-36283.51161123776,7052.165651328955,-29231.345959908802,273.3421111945709
2910000,2910.0000001340954,-36616.38725986474,7050.443305189851,-29565.94395467489,273.27535301656616
2915000,2915.000000135114,-36615.63024224052,7009.690873593865,-29605.939368646657,271.6957877823519
2920000,2920.0000001361327,-36543.08773449059,7261.914285617617,-29281.17344887297,281.4719733321451
2925000,2925.0000001371513,-36831.45263712248,7238.221591801802,-29593.231045320677,280.5536439468617
2930000,2930.00000013817,-36510.50020774569,7303.381873972051,-29207.118333773637,283.0792580596121
2935000,2935.0000001391886,-36258.207880961345,7425.4056558529865,-28832.80222510836,287.80890279633144
2940000,2940.0000001402072,-36563.99550667749,7016.743268090633,-29547.252238586858,271.96913876360117
2945000,2945.000000141226,-36452.67564089849,7401.3575195544645,-29051.318121344022,286.8767964518224
2950000,2950.0000001422445,-36462.28388043297,7152.812989155644,-29309.470891277328,277.24320444278123
2955000,2955.000000143263,-36155.00649930422,7097.268920862035,-29057.737578442182,275.09031501244726
2960000,2960.000000144282,-36069.35803665984,6905.128576178186,-29164.229460481652,267.6429506057932
2965000,2965.0000001453004,-36295.89309563547,6988.379693225259,-29307.513402410208,270.86976591587666
2970000,2970.000000146319,-36503.7730119905,7186.310612530846,-29317.462399459655,278.5415731349081
2975000,2975.0000001473377,-36136.80776511648,7159.345852339642,-28977.46191277684,277.49641837778324
2980000,2980.0000001483563,-36245.350348090724,6909.955680599,-29335.394667491724,267.83004928988225
2985000,2985.000000149375,-36612.46113769375,7153.956674148194,-29458.504463545552,277.2875337007513
2990000,2990.0000001503936,-36272.81283063,7211.185321905645,-29061.627508724356,279.50571747184347
2995000,2995.000000151412,-36313.71748056726,7074.040402124686,-29239.677078442575,274.18997706443076
3000000,3000.000000152431,-36449.636025546286,7043.282242853468,-29406.35378269282,272.9977900672253
3005000,3005.0000001534495,-36334.37499256574,6977.580308400128,-29356.794684165612,270.45118149888305
3010000,3010.000000154468,-36254.61084523577,6948.88641160158,-29305.724433634194,269.33900536504024
3015000,3015.0000001554868,-36378.93995523106,7034.651328706229,-29344.288626524827,272.6632556261489
3020000,3020.0000001565054,-36407.47966087376,7098.663433467111,-29308.81622740665,275.14436635474476
3025000,3025.000000157524,-36291.15618300178,7337.172433649653,-28953.98374935213,284.38898096990437
3030000,3030.0000001585427,-36286.839913992095,7231.687080564997,-29055.1528334271,280.300366133293
3035000,3035.0000001595613,-36990.08534169001,6906.944316578612,-30083.1410251114,267.71332874762544
3040000,3040.00000016058,-36369.69015940141,7094.886514833578,-29274.803644567834,274.9979728971683
3045000,3045.0000001615986,-35984.658915709835,7335.480845988666,-28649.17806972117,284.3234149912553
3050000,3050.000000162617,-36645.75619404488,7273.633242073454,-29372.122951971425,281.92620036778374
3055000,3055.000000163636,-36534.317324091055,7296.388266782869,-29237.929057308185,282.80818567582656
3060000,3060.0000001646545,-36677.17478419854,7235.18137217072,-29441.99341202782,280.4358049604366
3065000,3065.000000165673,-36654.04103030894,7108.269374104502,-29545.771656204437,275.5166928461594
3070000,3070.0000001666917,-36408.04128787536,6990.16788804049,-29417.873399834873,270.93907639016055
3075000,3075.0000001677104,-36674.17369041217,7234.164122984976,-29440.009567427194,280.396376357396
3080000,3080.000000168729,-36601.66901121584,7363.238544449916,-29238.430466765923,285.3993040549035
3085000,3085.0000001697476,-36272.91309452383,6979.776619812038,-29293.13647471179,270.53631058232406
3090000,3090.0000001707663,-36189.478641619724,7071.0571825627385,-29118.421459056986,274.0743474020637
3095000,3095.000000171785,-36498.372569180945,7031.222362862731,-29467.150206318212,272.53034882712905
3100000,3100.0000001728035,-36625.76474118053,7106.405598366446,-29519.359142814086,275.44445285347894
3105000,3105.000000173822,-36171.052486267334,7282.585806328178,-28888.466679939156,282.273201974805
3110000,3110.000000174841,-36433.759585235035,6911.245272677668,-29522.514312557367,267.88003391003883
3115000,3115.0000001758594,-36265.761048185406,7108.553648419051,-29157.207399766354,275.5277113254662
3120000,3120.000000176878,-36342.23139520122,7242.660080291711,-29099.57131490951,280.7256798680707
3125000,3125.0000001778967,-36272.96736639889,7081.576897923611,-29191.390468475278,274.4820918238592
3130000,3130.0000001789153,-36345.51058601446,7204.668122622904,-29140.842463391557,279.253110670033
3135000,3135.000000179934,-36288.72409484292,7106.026423797387,-29182.69767104553,275.4297560380123
3140000,3140.0000001809526,-35885.09931825788,7515.135940538249,-28369.963377719632,291.28685080076286
3145000,3145.0000001819712,-36481.99571777658,7259.009550708493,-29222.98616706809,281.35938573681955
3150000,3150.00000018299,-36382.07862770456,7131.445029063938,-29250.633598640627,276.4149817928655
3155000,3155.0000001840085,-36404.80395911377,7133.582127849627,-29271.221831264145,276.49781579348223
3160000,3160.000000185027,-36427.408266768645,7274.5596504510995,-29152.848616317548,281.96210797890546
3165000,3165.000000186046,-36725.212279460386,7318.592003222775,-29406.620276237612,283.6688030372108
3170000,3170.0000001870644,-36665.11060162955,7057.832305794489,-29607.278295835065,273.56175085869694
3175000,3175.000000188083,-36456.66603992446,7135.566546916634,-29321.099493007823,276.5747319245105
3180000,3180.0000001891017,-36637.32562604616,7267.798518100465,-29369.52710794569,281.70004632548415
3185000,3185.0000001901203,-36167.60263374724,7025.029576663945,-29142.573057083297,272.2903162842982
3190000,3190.000000191139,-36736.43126356754,7027.754844178009,-29708.67641938953,272.39594771905104
3195000,3195.0000001921576,-36558.13075567423,7225.151029837554,-29332.979725836678,280.04702864903
3200000,3200.000000193176,-36419.06472405876,7121.726330267025,-29297.33839379173,276.0382847924609
3205000,3205.000000194195,-36562.181113592305,6972.119964387251,-29590.061149205056,270.2395384328913
3210000,3210.0000001952135,-36662.86766471213,7125.644215479902,-29537.22344923223,276.1901421180619
3215000,3215.000000196232,-36516.725567147616,7027.625222288979,-29489.100344858638,272.39092357149747
3220000,3220.0000001972508,-36731.29835054093,6988.792021249166,-29742.506329291762,270.88574776005504
3225000,3225.0000001982694,-36521.90049184342,7061.430078225924,-29460.4704136175,273.7012006051476
3230000,3230.000000199288,-36092.99871375021,7148.562925430472,-28944.435788319737,277.07847187001033
3235000,3235.0000002003067,-36500.71392768653,6825.56660948971,-29675.147318196818,264.55912685282703
3240000,3240.0000002013253,-36594.420081054566,7161.342995158451,-29433.077085896115,277.5738276817391
3245000,3245.000000202344,-36720.415883345406,6994.906504884335,-29725.509378461073,271.1227452936264
3250000,3250.0000002033626,-36783.52881360806,7192.935741834934,-29590.59307177313,278.7983633069562
3255000,3255.000000204381,-36350.975578991354,7176.364392427332,-29174.611186564023,278.1560574031573
3260000,3260.0000002054,-36553.4150650323,7241.469481534039,-29311.94558349826,280.67953223143
3265000,3265.0000002064185,-36639.28457809372,7169.511988699555,-29469.772589394164,277.89045806895064
3270000,3270.000000207437,-36531.02819346401,7107.2054679926505,-29423.822725471357,275.47545581953466
3275000,3275.0000002084557,-36781.20085527042,7176.863916667993,-29604.336938602428,278.1754189748057
3280000,3280.0000002094744,-36456.59333318875,7240.336331236584,-29216.257001952166,280.63561129849654
3285000,3285.000000210493,-36475.97225688143,7156.112061503882,-29319.86019537755,277.3710765667835
3290000,3290.0000002115116,-36298.75003852013,7024.3065151472365,-29274.44352337289,272.2622904024242
3295000,3295.0000002125303,-36385.47964229952,7210.635351875809,-29174.844290423713,279.48440062018665
3300000,3300.000000213549,-36188.74576221316,7458.793240931935,-28729.95252128123,289.10300640143436
3305000,3305.0000002145675,-36328.535313967644,7250.252875811466,-29078.28243815618,281.01997680604
3310000,3310.000000215586,-36577.219369696104,7138.424251269842,-29438.795118426264,276.6854966143514
3315000,3315.000000216605,-36343.0746867304,6975.105302491774,-29367.969384238622,270.3552502100199
3320000,3320.0000002176234,-36521.385727261826,7143.712889601327,-29377.6728376605,276.8904843639798
3325000,3325.000000218642,-36988.74587495444,7383.080590878036,-29605.665284076404,286.16838225431604
3330000,3330.0000002196607,-36323.0276657484,7346.175328583129,-28976.85233716527,284.7379333952513
3335000,3335.0000002206793,-36265.95646719698,7037.007707455845,-29228.948759741135,272.7545889234705
3340000,3340.000000221698,-36456.56586766642,7021.87406243369,-29434.691805232727,272.1680084764208
3345000,3345.0000002227166,-36518.54237762681,7028.472771164936,-29490.06960646187,272.4237745864266
3350000,3350.0000002237352,-36530.61031678811,7184.669508465752,-29345.940808322357,278.4779639016567
3355000,3355.000000224754,-36297.38134925479,7062.562680746854,-29234.818668507938,273.74510030624964
3360000,3360.0000002257725,-36389.361247838715,6914.892356183147,-29474.468891655568,268.021394954912
3365000,3365.000000226791,-36486.04708477297,7120.092578164802,-29365.954506608163,275.9749605214681
3370000,3370.00000022781,-36492.82062631321,6930.710884876482,-29562.109741436725,268.6345215096198
3375000,3375.0000002288284,-36348.67475500346,7331.958810405027,-29016.715944598436,284.18690080685684
3380000,3380.000000229847,-35897.60270571729,7050.945551681871,-28846.65715403542,273.2948201027431
3385000,3385.0000002308657,-36049.53486397761,7195.567300859963,-28853.96756311765,278.90036259840775
3390000,3390.0000002318843,-36308.43252813063,6957.884638788375,-29350.547889342255,269.6877768684128
3395000,3395.000000232903,-36250.795572557196,7120.650937889018,-29130.144634668177,275.9966025578821
3400000,3400.0000002339216,-36262.30196460413,7187.524323300075,-29074.777641304056,278.58861659367574
3405000,3405.00000023494,-36263.548370555414,7116.578553883734,-29146.96981667168,275.83875685535105
3410000,3410.000000235959,-36453.54618098671,7327.385502358493,-29126.16067862822,284.00963927637264
3415000,3415.0000002369775,-36410.191659227115,7022.355957196684,-29387.835702030432,272.1866867290886
3420000,3420.000000237996,-36302.85851681939,7362.802811765845,-28940.055705053543,285.3824150455312
3425000,3425.0000002390148,-36183.375368758905,7010.214069821914,-29173.16129893699,271.71606688080396
3430000,3430.0000002400334,-36471.08884447449,7138.449437039627,-29332.639407434865,276.68647281539734
3435000,3435.000000241052,-36253.2283891073,7155.793620362315,-29097.434768744988,277.35873378043516
3440000,3440.0000002420707,-36582.10677181234,7350.030819384812,-29232.075952427527,284.8873723119654
3445000,3445.0000002430893,-36703.27837876242,7355.63355325721,-29347.64482550521,285.1045344123557
3450000,3450.000000244108,-36091.18957514593,7259.389006659432,-28831.8005684865,281.3740934586547
3455000,3455.0000002451266,-36277.72516777989,7230.807839533427,-29046.917328246465,280.26628672964586
3460000,3460.000000246145,-36338.269215651795,7099.986525411891,-29238.282690239903,275.19564943052205
3465000,3465.000000247164,-35947.02036481145,7135.340527844257,-28811.67983696719,276.56597141979915
3470000,3470.0000002481825,-36492.30203962165,7028.942796538635,-29463.359243083018,272.44199278127826
3475000,3475.000000249201,-36044.02961446081,7025.9809517918975,-29018.04866266891,272.32719160726566
3480000,3480.0000002502197,-36526.0033337446,7061.9968659772,-29464.0064677674,273.7231693120942
3485000,3485.0000002512384,-36057.20148588142,7072.1458126508005,-28985.05567323062,274.11654273060435
3490000,3490.000000252257,-36460.71256929104,6989.462171965501,-29471.25039732554,270.911722818027
3495000,3495.0000002532756,-36397.53020495806,7261.6533730125375,-29135.87683194552,281.4618603532623
3500000,3500.0000002542943,-36507.87825289692,7095.3042413728,-29412.574011524117,275.01416398793083
3505000,3505.000000255313,-36891.87124278712,7230.572899016928,-29661.29834377019,280.25718042954463
3510000,3510.0000002563315,-36246.10064045729,7092.255540980665,-29153.845099476624,274.8959962870021
3515000,3515.00000025735,-36405.17046414505,7158.3414655143915,-29246.828998630655,277.4574883201465
3520000,3520.000000258369,-36586.71216768755,6995.201558174448,-29591.510609513098,271.1341815662867
3525000,3525.0000002593874,-36624.346676812864,7284.205967658862,-29340.140709154002,282.3359994671642
3530000,3530.000000260406,-36479.85228121703,7033.719418540928,-29446.1328626761,272.6271347656046
3535000,3535.0000002614247,-36850.963170100236,7015.952109187012,-29835.011060913224,271.9384734253635
3540000,3540.0000002624433,-36580.58161018402,7100.838078038503,-29479.743532145512,275.2286556309234
3545000,3545.000000263462,-36615.12154375754,7157.462634862573,-29457.658908894962,277.4234248228285
3550000,3550.0000002644806,-36885.868458761855,7061.226760529776,-29824.64169823208,273.6933200063279
3555000,3555.0000002654992,-36193.278330868496,7082.152454216955,-29111.12587665154,274.5044003997084
3560000,3560.000000266518,-36938.43419310472,7149.752326263719,-29788.681866840998,277.1245730750714
3565000,3565.0000002675365,-36381.61034841763,7106.958400212484,-29274.651948205144,275.4658794664003
3570000,3570.000000268555,-36398.73785574719,7418.118117938493,-28980.619737808694,287.5264376505244
3575000,3575.000000269574,-36528.392425968006,7330.576950644182,-29197.815475323823,284.1333398891077
3580000,3580.0000002705924,-36068.61275453746,7273.814575840863,-28794.798178696597,281.93322886899387
3585000,3585.000000271611,-36626.70255566857,7295.835104038331,-29330.867451630238,282.7867450744706
3590000,3590.0000002726297,-36274.32285844702,6974.029319764601,-29300.293538682417,270.31354509349313
3595000,3595.0000002736483,-36196.685287158085,7192.898796503967,-29003.786490654118,278.7969313050345
3600000,3600.000000274667,-36532.74085824401,7050.561303020753,-29482.179555223258,273.2799266153456
3605000,3605.0000002756856,-36502.74931872663,7137.442101751672,-29365.307216974958,276.64742847527486
3610000,3610.000000276704,-36526.77153494612,7105.316745108936,-29421.454789837186,275.4022488748851
3615000,3615.000000277723,-36428.54657802489,7216.980890075782,-29211.56568794911,279.73035383427765
3620000,3620.0000002787415,-36588.964812998696,7087.161510948676,-29501.803302050022,274.6985515597686
3625000,3625.00000027976,-36447.81407984766,7170.534066429749,-29277.280013417912,277.93007382649074
3630000,3630.0000002807787,-36452.93458665275,7229.016159912185,-29223.918426740565,280.19684118419667
3635000,3635.0000002817974,-36411.76830276026,7180.418498499348,-29231.349804260914,278.31319465255285
3640000,3640.000000282816,-36132.381480694225,7125.239920308267,-29007.141560385957,276.1744716274318
3645000,3645.0000002838347,-36509.04808432272,7297.792557426186,-29211.255526896533,282.86261601512274
3650000,3650.0000002848533,-36778.58865456553,6988.01598497346,-29790.57266959207,270.855668575241
3655000,3655.000000285872,-36665.93384269283,7107.933151529498,-29558.00069116333,275.5036608510211
3660000,3660.0000002868906,-36353.28454183168,7164.300653890606,-29188.983887941074,277.68846660572524
3665000,3665.000000287909,-36303.124651834034,7290.986527425801,-29012.138124408233,282.5988141277113
3670000,3670.000000288928,-36446.370520358694,7113.514201676988,-29332.856318681705,275.71998248970954
3675000,3675.0000002899465,-36319.63327838299,7320.678243286235,-28998.95503509676,283.74966575252404
3680000,3680.000000290965,-36415.040502937976,7137.102647328586,-29277.93785560939,276.6342712136267
3685000,3685.0000002919837,-36695.93857675206,7235.656308302034,-29460.282268450024,280.4542134963721
3690000,3690.0000002930024,-36655.023504055294,7099.069426941434,-29555.95407711386,275.16010267162807
3695000,3695.000000294021,-36776.48188111394,7062.641544298373,-29713.840336815567,273.74815705941376
3700000,3700.0000002950396,-36762.114799535324,7218.0346717933135,-29544.08012774201,279.77119843913374
3705000,3705.0000002960583,-36961.00614638006,7267.046151247374,-29693.959995132685,281.6708845680632
3710000,3710.000000297077,-36621.149571897484,7171.901356334528,-29449.248215562955,277.9830700162664
3715000,3715.0000002980955,-36544.49809479353,6942.72397980315,-29601.77411499038,269.10014935950124
3720000,3720.000000299114,-36683.7878818065,6939.315155444348,-29744.472726362153,268.96802324491534
3725000,3725.000000300133,-36079.50673168728,7054.950086870242,-29024.55664481704,273.4500359834897
3730000,3730.0000003011514,-36359.184626824645,7132.806221968927,-29226.378404855717,276.46774166278186
3735000,3735.00000030217,-36094.896317403894,7273.454810764602,-28821.44150663929,281.9192843659375
3740000,3740.0000003031887,-36123.610090483315,7178.912198178205,-28944.69789230511,278.25481041567707
3745000,3745.0000003042073,-36459.126174736,7415.0519923967895,-29044.07418233921,287.407594550377
3750000,3750.000000305226,-36746.86281898639,7203.22015633096,-29543.642662655428,279.1969874615398
3755000,3755.0000003062446,-36499.682789233426,7081.189807524884,-29418.492981708543,274.46708819064315
3760000,3760.0000003072632,-36473.74987985082,7133.101088758647,-29340.64879109217,276.4791707066825
3765000,3765.000000308282,-36271.719084290715,7335.185028695263,-28936.534055595454,284.311949105809
3770000,3770.0000003093005,-36221.07796245185,7085.392576666063,-29135.685385785786,274.6299876241947
3775000,3775.000000310319,-36395.33813904927,7092.965409733286,-29302.372729315986,274.92351081702117
3780000,3780.0000003113378,-36630.60676864432,7267.213852135246,-29363.392916509074,281.6773846585328
3785000,3785.0000003123564,-36214.54281192806,7198.249676501666,-29016.293135426396,279.00433154315056
3790000,3790.000000313375,-36395.901551975054,7076.105352625977,-29319.796199349075,274.2700145957994
3795000,3795.0000003143937,-36118.20963685529,7088.7523205845,-29029.45731627079,274.76021137972515
3800000,3800.0000003154123,-36609.076061895576,7005.363199846183,-29603.712862049393,271.5280470432316
3805000,3805.000000316431,-36680.31241661168,7249.833224034402,-29430.47919257728,281.00371109301216
3810000,3810.0000003174496,-36606.05609785263,7047.416659226839,-29558.63943862579,273.1580401458436
3815000,3815.000000318468,-36428.23617189233,7221.380097055633,-29206.856074836694,279.9008672032067
3820000,3820.000000319487,-36716.097947173235,7214.134807698301,-29501.963139474934,279.62003961249707
3825000,3825.0000003205055,-36492.02700651365,7207.908678275016,-29284.118328238634,279.37871468547826
3830000,3830.000000321524,-36510.8910464468,7100.967807345241,-29409.923239101558,275.2336839419899
3835000,3835.0000003225427,-36804.508256095665,6966.172577013314,-29838.335679082353,270.0090175544464
3840000,3840.0000003235614,-36530.12576658748,7266.776535397039,-29263.34923119044,281.6604342511838
3845000,3845.00000032458,-36445.57089269197,7206.67232967259,-29238.89856301938,279.33079378374845
3850000,3850.0000003255986,-36436.018563971855,7270.521820619252,-29165.496743352604,281.8056015969725
3855000,3855.0000003266173,-36417.44556854414,7176.343868463389,-29241.101700080755,278.15526189381853
3860000,3860.000000327636,-36340.95706811558,7010.15866471333,-29330.798403402252,271.71391937745534
3865000,3865.0000003286546,-36303.21829746251,7210.167693188652,-29093.050604273856,279.4662741581626
3870000,3870.000000329673,-36499.792682233456,7144.614923722915,-29355.17775851054,276.9254472283472
3875000,3875.000000330692,-36328.70600509826,7028.788251986847,-29299.917753111415,272.43600263071346
3880000,3880.0000003317105,-36485.65389315453,7107.821928805268,-29377.83196434926,275.4993498555401
3885000,3885.000000332729,-36152.51622491586,7045.210523781572,-29107.30570113429,273.072530282632
3890000,3890.0000003337477,-36085.401536296195,7352.6184954806795,-28732.783040815513,284.9876707000214
3895000,3895.0000003347664,-36323.218889249816,7208.888154945432,-29114.330734304385,279.41667922491115
3900000,3900.000000335785,-36287.77025381903,7064.089104947375,-29223.681148871652,273.80426454517675
3905000,3905.0000003368036,-36690.15850660733,6887.38243789149,-29802.77606871584,266.95510985662946
3910000,3910.0000003378223,-36326.637483142375,7176.252333544711,-29150.385149597663,278.1517139981569
3915000,3915.000000338841,-36450.69941453868,7160.30702995307,-29290.392384585608,277.53367364532477
3920000,3920.0000003398595,-36511.58437792173,7095.734426633087,-29415.849951288645,275.0308379790231
3925000,3925.000000340878,-36635.42537796382,7239.290439065344,-29396.134938898475,280.59507249264556
3930000,3930.000000341897,-36346.35640143977,7124.575471319766,-29221.780930120003,276.1487175685685
3935000,3935.0000003429154,-36104.61700778326,7059.338513977275,-29045.27849380598,273.6201315242878
3940000,3940.000000343934,-36300.92627934227,7207.963353696592,-29092.962925645676,279.38083390614077
3945000,3945.0000003449527,-36385.83970185429,7073.053318490992,-29312.7863833633,274.1517176789173
3950000,3950.0000003459713,-36532.985436741474,7138.74782475506,-29394.237611986413,276.6980383304637
3955000,3955.00000034699,-36656.26139046769,7155.723689013597,-29500.537701454094,277.3560232396677
3960000,3960.0000003480086,-36018.80172850493,7084.733924972243,-28934.067803532686,274.6044582686135
3965000,3965.0000003490272,-36323.214359284255,7044.603149753382,-29278.61120953087,273.0489884506107
3970000,3970.000000350046,-36308.838805465355,7127.578835335298,-29181.259970130057,276.2651280304437
3975000,3975.0000003510645,-36615.0130281093,7193.87216366193,-29421.14086444737,278.83465903961695
3980000,3980.000000352083,-36163.43283589018,7086.415175765374,-29077.017660124802,274.6696235900145
3985000,3985.0000003531018,-36522.973957775495,7376.437465950836,-29146.53649182466,285.9108945714809
3990000,3990.0000003541204,-36184.64404771782,7403.630605030405,-28781.013442687414,286.9649012998419
3995000,3995.000000355139,-36525.85989493787,7248.214593098654,-29277.645301839217,280.9409729187978
4000000,4000.0000003561577,-36191.5678345664,7148.961715068195,-29042.606119498203,277.09392896601275
4005000,4005.0000003571763,-36324.87589846389,7246.535033856626,-29078.340864607264,280.8758731619584
4010000,4010.000000358195,-36709.06852023365,7005.530411973039,-29703.538108260615,271.53452818931237
4015000,4015.0000003592136,-36405.3937302648,7127.076375031376,-29278.31735523342,276.2456526569122
4020000,4020.000000360232,-36486.20085362287,7271.646716680432,-29214.554136942435,281.84920259550825
4025000,4025.000000361251,-36246.15170139409,7063.777256129797,-29182.374445264293,273.7921772774657
4030000,4030.0000003622695,-36450.140060841586,7337.968974861797,-29112.17108597979,284.4198549265506
4035000,4035.000000363288,-36603.30769029792,7233.492711389376,-29369.814978908547,280.3703524277132
4040000,4040.0000003643067,-36313.185526478184,6958.175262857372,-29355.01026362081,269.6990414643556
4045000,4045.0000003653254,-36114.27982360827,7136.669757788615,-28977.610065819652,276.61749240458846
4050000,4050.000000366344,-36514.35637880913,7411.52135617175,-29102.835022637377,287.27074700490977
4055000,4055.0000003673626,-36231.84165873156,7250.348408688423,-28981.493250043135,281.0236796626612
4060000,4060.0000003683813,-36577.59818689133,7143.437640489534,-29434.160546401796,276.8798157017501
4065000,4065.0000003694,-36402.76754980585,7075.613848934777,-29327.153700871077,274.250963900842
4070000,4070.0000003704185,-36039.54915725239,7146.648999353035,-28892.900157899356,277.0042880489626
4075000,4075.000000371437,-36705.55632369379,7021.624620926124,-29683.931702767666,272.15834011755516
4080000,4080.000000372456,-36468.78763751997,6996.839026232392,-29471.94861128758,271.197649867813
4085000,4085.0000003734744,-36475.36061565599,7168.102803767371,-29307.25781188862,277.8358380268995
4090000,4090.000000374493,-36340.40913855549,7145.210886121963,-29195.19825243353,276.9485467453471
4095000,4095.0000003755117,-36530.997307714584,7350.179665306416,-29180.81764240817,284.89314158348645
4100000,4100.00000037653,-36756.56392233429,7220.506109179571,-29536.057813154715,279.8669914119941
4105000,4105.0000003775485,-36554.25990463402,7326.85461152717,-29227.405293106847,283.98906193491155
4110000,4110.000000378567,-36329.47499742146,7206.508864154646,-29122.96613326681,279.3244578563197
4115000,4115.000000379586,-36842.05992561603,6921.801552950643,-29920.258372665383,268.2891955887116
4120000,4120.000000380604,-36051.03375504873,7146.865649969862,-28904.16810507887,277.0126854321103
4125000,4125.000000381623,-36045.15324281932,7108.571099810635,-28936.58214300868,275.528387741826
4130000,4130.000000382642,-36195.93287340136,7073.158990085465,-29122.773883315895,274.1558135124746
4135000,4135.00000038366,-36235.58841947177,7274.339558633663,-28961.24886083811,281.95357721473897
4140000,4140.000000384679,-36357.86912986932,7102.710871693971,-29255.158258175354,275.30124515830084
4145000,4145.000000385698,-36527.29641947389,7198.258809992464,-29329.037609481424,279.00468555747483
4150000,4150.000000386716,-36372.02754545946,7109.026483052987,-29263.001062406474,275.54603840731255
4155000,4155.000000387735,-36437.945434204914,7031.857313074105,-29406.088121130808,272.5549595126775
4160000,4160.0000003887535,-36464.14372350057,7179.182104436875,-29284.961619063695,278.2652719887905
4165000,4165.000000389772,-36131.72307171808,7105.779928838807,-29025.943142879274,275.4202018874565
4170000,4170.000000390791,-36159.93540273046,7163.011978495252,-28996.923424235207,277.6385175162361
4175000,4175.000000391809,-36564.26987252247,7200.582693210226,-29363.68717931224,279.0947593271959
4180000,4180.000000392828,-36556.79670205181,7120.231267904018,-29436.565434147793,275.98033613911423
4185000,4185.000000393847,-36610.38776920862,7143.217544648806,-29467.17022455981,276.87128478164067
4190000,4190.000000394865,-36435.618617068474,7357.795165162289,-29077.823451906184,285.1883185420728
4195000,4195.000000395884,-36569.85391621897,7176.187281359837,-29393.66663485913,278.1491925738979
4200000,4200.000000396903,-36592.96030026396,7069.794826885747,-29523.165473378216,274.02541846549485
4205000,4205.000000397921,-36854.12628959613,6948.276085873838,-29905.850203722293,269.3153491250729
4210000,4210.00000039894,-36525.613756420724,7219.086308842907,-29306.527447577817,279.81195991660866
4215000,4215.0000003999585,-36386.264088178505,7123.085148283075,-29263.178939895428,276.0909526116245
4220000,4220.000000400977,-35820.70604120203,7186.804278725478,-28633.90176247655,278.5607076485509
4225000,4225.000000401996,-36413.1516926302,7246.3623874314835,-29166.789305198716,280.8691813823446
4230000,4230.000000403014,-36308.43029074147,7284.14133136385,-29024.288959377616,282.3334941628064
4235000,4235.000000404033,-36083.816154277054,7167.339954099929,-28916.476200177123,277.8062699553408
4240000,4240.000000405052,-36438.745203689126,7334.14403625953,-29104.601167429595,284.2716002138247
4245000,4245.00000040607,-36426.083585012384,7034.459770495952,-29391.62381451643,272.65583082528593
4250000,4250.000000407089,-36335.27058925091,7387.877793109583,-28947.39279614133,286.354321928826
4255000,4255.000000408108,-36360.16611613213,7404.643601382897,-28955.522514749235,287.0041650629627
4260000,4260.000000409126,-36482.798524713995,7046.639725732403,-29436.158798981593,273.12792618480995
4265000,4265.000000410145,-36295.89686793192,7152.552099871871,-29143.34476806005,277.2330923678329
4270000,4270.0000004111635,-36202.41796767528,7078.49811306828,-29123.919854607004,274.36275804840943
4275000,4275.000000412182,-36618.28910775853,7091.198284267866,-29527.090823490664,274.8550169912454
4280000,4280.000000413201,-36711.976543944154,6971.741882673745,-29740.23466127041,270.2248839765324
4285000,4285.000000414219,-36297.35670098924,7175.22988361506,-29122.126817374185,278.11208381415673
4290000,4290.000000415238,-36544.53136213892,7271.533594001263,-29272.99776813766,281.84481795772786
4295000,4295.000000416257,-36436.54028169765,7221.0497082017255,-29215.490573495925,279.8880613232392
4300000,4300.000000417275,-36875.33585609817,7309.177639917281,-29566.15821618089,283.30390208781364
4305000,4305.000000418294,-36498.81725410918,7050.6640466586505,-29448.153207450527,273.28390896123517
4310000,4310.0000004193125,-35989.540989175075,7046.52858044915,-28943.012408725925,273.1236181909431
4315000,4315.000000420331,-36529.70937147908,7406.336377920508,-29123.372993558572,287.0697771224985
4320000,4320.00000042135,-36284.900224648016,7065.946167444146,-29218.954057203868,273.8762443324627
4325000,4325.000000422368,-36470.88832585921,6779.7449259521345,-29691.143399907076,262.7830772907623
4330000,4330.000000423387,-36341.7642469559,7342.525875048171,-28999.23837190773,284.5964804879782
4335000,4335.000000424406,-36582.55840180766,7209.569939889785,-29372.988461917877,279.4431052258425
4340000,4340.000000425424,-36332.274333373774,7178.699416505515,-29153.57491686826,278.2465629928977
4345000,4345.000000426443,-36201.83897571735,7315.206527687,-28886.632448030352,283.5375819235701
4350000,4350.000000427462,-36397.69636376082,7291.131072810873,-29106.565290949948,282.6044167103324
4355000,4355.00000042848,-36143.13388544322,7082.421652523724,-29060.712232919494,274.5148345325891
4360000,4360.000000429499,-36387.49682144289,7263.158585803818,-29124.338235639072,281.5202024374544
4365000,4365.0000004305175,-36243.243397568294,7396.350725194432,-28846.892672373862,286.6827329813435
4370000,4370.000000431536,-36363.45265522547,7130.94497041268,-29232.507684812786,276.39559950744933
4375000,4375.000000432555,-35876.23710715402,7263.689485110437,-28612.54762204358,281.54078010741813
4380000,4380.000000433573,-35890.85378137793,7198.914966358386,-28691.93881501955,279.03011819408636
4385000,4385.000000434592,-36457.28230677566,7103.6300315920635,-29353.6522751836,275.33687181817976
4390000,4390.000000435611,-36482.099678119084,7208.334838328512,-29273.764839790572,279.3952326594579
4395000,4395.000000436629,-36207.75608436388,7152.134112326556,-29055.621972037323,277.21689116046787
4400000,4400.000000437648,-36636.77859063628,7198.87657178989,-29437.902018846387,279.0286300196829
4405000,4405.000000438667,-36044.27390835591,7274.286847127896,-28769.987061228017,281.9515341155007
4410000,4410.000000439685,-36462.289060825366,6976.765231014637,-29485.52382981073,270.4195890797096
4415000,4415.000000440704,-36306.82078330071,7138.765091620513,-29168.055691680198,276.6987075945862
4420000,4420.0000004417225,-36288.70097106712,7006.3070958860635,-29282.393875181057,271.56463247656444
4425000,4425.000000442741,-36298.124074014406,7262.513554768335,-29035.61051924607,281.4952010189196
4430000,4430.00000044376,-36539.677584738936,6943.506295038342,-29596.171289700593,269.13047191693676
4435000,4435.000000444778,-36153.04111024897,7106.2224407352105,-29046.818669513756,275.4373536592628
4440000,4440.000000445797,-36424.49461392358,7143.985397698578,-29280.509216225008,276.9010467844195
4445000,4445.000000446816,-36321.64144051075,7221.313001530047,-29100.3284389807,279.8982665790124
4450000,4450.000000447834,-36338.66058684389,7133.580769381215,-29205.079817462676,276.49776313921376
4455000,4455.000000448853,-36262.84603547361,7246.598322533802,-29016.247712939807,280.8783262326163
4460000,4460.000000449872,-35920.22393385698,6905.903704002579,-29014.3202298544,267.6729945790122
4465000,4465.00000045089,-36676.27276281945,6975.339238263147,-29700.9335245563,270.36431756617577
4470000,4470.000000451909,-36383.28331565036,7399.919790678433,-28983.36352497193,286.8210700458174
4475000,4475.000000452927,-36115.142215542815,7350.974250302813,-28764.16796524,284.923939717163
4480000,4480.000000453946,-36436.131051528086,6997.154973697394,-29438.97607783069,271.2098959991974
4485000,4485.000000454965,-36962.743138875114,7274.752839542403,-29687.990299332712,281.9695959927565
4490000,4490.000000455983,-36701.280743744326,6995.492155862081,-29705.788587882245,271.1454451396871
4495000,4495.000000457002,-36460.94428332161,6996.436394867182,-29464.507888454427,271.18204386636023
4500000,4500.000000458021,-36543.76931251842,7056.211879472747,-29487.557433045677,273.4989430952779
4505000,4505.000000459039,-36426.8424277568,7283.944591501493,-29142.897836255303,282.3258685209835
4510000,4510.000000460058,-36422.15775140063,7024.91232766388,-29397.24542373675,272.28577171022016
4515000,4515.0000004610765,-36217.9102771741,7172.058500754648,-29045.851776419455,277.9891609377907
4520000,4520.000000462095,-36323.447021918044,7154.972010924072,-29168.47501099397,277.3268881787391
4525000,4525.000000463114,-36619.78040945756,7197.354029881217,-29422.426379576347,278.9696162584817
4530000,4530.000000464132,-36804.271148806896,7073.763300986948,-29730.50784781995,274.17923661763064
4535000,4535.000000465151,-36210.515391270026,7097.869529441005,-29112.64586182902,275.11359461549324
4540000,4540.00000046617,-36547.210764419244,6982.807729492924,-29564.40303492632,270.6537964668594
4545000,4545.000000467188,-36420.59387996108,7013.204474644421,-29407.38940531666,271.83197504404404
4550000,4550.000000468207,-36474.53219261859,7204.4340659700165,-29270.098126648576,279.24403862850664
4555000,4555.000000469226,-36443.49121314319,7016.250112881897,-29427.241100261293,271.9500240557841
4560000,4560.000000470244,-36549.61060654533,7076.759384903688,-29472.85122164164,274.2953649027006
4565000,4565.000000471263,-36434.25198477587,7205.5245800501625,-29228.727404725705,279.2863069806261
4570000,4570.0000004722815,-35962.62125809753,6946.079513714952,-29016.541744382583,269.2302099350727
4575000,4575.0000004733,-36236.34009729619,7270.969962423107,-28965.370134873083,281.82297158412774
4580000,4580.000000474319,-36074.660736469865,7266.454269652082,-28808.206466817785,281.64794322311565
4585000,4585.000000475337,-36613.983116355965,7244.515622035211,-29369.467494320754,280.797600710923
4590000,4590.000000476356,-36690.16684816242,7115.601776337106,-29574.565071825316,275.8008969340214
4595000,4595.000000477375,-36398.616678685394,7167.910179776853,-29230.70649890854,277.8283719163686
4600000,4600.000000478393,-36254.85611649833,7267.89412303061,-28986.961993467725,281.7037519748887
4605000,4605.000000479412,-36409.049934315844,7240.238467136538,-29168.81146717931,280.6318180836121
4610000,4610.000000480431,-36272.84428568361,6992.883467458384,-29279.960818225227,271.04433231407154
4615000,4615.000000481449,-36662.07184187767,7054.895765734067,-29607.1760761436,273.4479304949379
4620000,4620.000000482468,-36812.54942097165,7289.860757074034,-29522.688663897614,282.5551792416513
4625000,4625.0000004834865,-36594.038947632136,7124.622934478646,-29469.416013153488,276.1505572417546
4630000,4630.000000484505,-36472.62035576842,7199.467241882286,-29273.153113886136,279.0515244067489
4635000,4635.000000485524,-36311.55263366278,7148.5449593910325,-29163.00767427175,277.0777755058872
4640000,4640.000000486542,-36455.90324612589,7063.176673912899,-29392.726572212992,273.7688986962143
4645000,4645.000000487561,-36299.718913601995,7036.844796451494,-29262.874117150503,272.7482744890021
4650000,4650.00000048858,-36588.314258287806,7018.012767467451,-29570.301490820355,272.0183445901481
4655000,4655.000000489598,-36460.78735863542,7523.385896888161,-28937.401461747257,291.60661930840183
4660000,4660.000000490617,-35911.44831356371,7212.021017076275,-28699.42729648744,279.53810903686747
4665000,4665.000000491636,-36360.006773558984,7246.360291614335,-29113.64648194465,280.86910014842124
4670000,4670.000000492654,-36582.6131272608,7146.503696400627,-29436.109430860175,276.9986561030133
4675000,4675.000000493673,-36613.0096182743,7206.01175700898,-29406.99786126532,279.30518997133163
4680000,4680.000000494691,-36472.91712755204,7028.039767213864,-29444.877360338178,272.4069913428113
4685000,4685.00000049571,-36510.18498559897,7043.760094512661,-29466.42489108631,273.01631160909193
4690000,4690.000000496729,-36372.36377916935,7092.992420371875,-29279.37135879747,274.92455775002605
4695000,4695.000000497747,-36210.3896170817,7163.477968308618,-29046.911648773086,277.65657929267155
4700000,4700.000000498766,-36535.18691369594,7167.237216736768,-29367.949696959175,277.80228785266
4705000,4705.000000499785,-36221.264597398025,7190.177243114487,-29031.08735428354,278.6914438298404
4710000,4710.000000500803,-36556.85082254636,7109.8696004313715,-29446.981222114988,275.5787176572886
4715000,4715.000000501822,-36330.50092819106,6965.9843749254,-29364.51655326566,270.0017228369673
4720000,4720.0000005028405,-36490.88860529707,7318.673403903055,-29172.215201394014,283.6719581295471
4725000,4725.000000503859,-36667.902274289714,6935.907019176382,-29731.995255113332,268.83592380074685
4730000,4730.000000504878,-36511.335131721826,7098.8373043765805,-29412.497827345243,275.1511055954007
4735000,4735.000000505896,-36626.59168194854,7169.348495321055,-29457.243186627486,277.88412106164606
4740000,4740.000000506915,-36887.366765180945,7207.658436743797,-29679.708328437147,279.36901531767637
4745000,4745.000000507934,-36809.240220606414,7021.432203276274,-29787.808017330142,272.15088200479346
4750000,4750.000000508952,-36437.07616283687,7088.504700870111,-29348.57146196676,274.75061363360703
4755000,4755.000000509971,-36268.426057187375,7250.885572677449,-29017.540484509926,281.0445001518666
4760000,4760.00000051099,-36650.493822165656,7172.005863420114,-29478.487958745543,277.9871207134312
4765000,4765.000000512008,-36536.950285450774,7153.849324066882,-29383.10096138389,277.2833728090034
4770000,4770.000000513027,-36699.78082274264,7155.610929684803,-29544.169893057842,277.3516526853566
4775000,4775.0000005140455,-36730.907484736366,7241.264958856773,-29489.642525879593,280.671604927513
4780000,4780.000000515064,-36609.06738969595,7134.573452002123,-29474.493937693827,276.53623954160713
4785000,4785.000000516083,-36540.62905863028,6980.074884712929,-29560.55417391735,270.54787133709584
4790000,4790.000000517101,-36260.49503642489,7017.010522975259,-29243.484513449628,271.97949756939255
4795000,4795.00000051812,-36092.623333635216,7141.605544733755,-28951.01778890146,276.80880362594877
4800000,4800.000000519139,-36574.335611731956,7103.514900577268,-29470.820711154687,275.332409337262
4805000,4805.000000520157,-36421.5981729968,6999.278128723449,-29422.320044273347,271.29218953935344
4810000,4810.000000521176,-36201.3171415605,7039.710786587744,-29161.60635497276,272.859360335994
4815000,4815.000000522195,-36585.1216933661,7112.639026550303,-29472.482666815795,275.68606068063406
4820000,4820.000000523213,-36596.687472929756,7235.938710083566,-29360.74876284619,280.46515939625385
4825000,4825.000000524232,-36181.24425218042,7159.604329140882,-29021.639923039536,277.50643694485035
4830000,4830.0000005252505,-36376.6093452447,6944.891769822172,-29431.71757542253,269.18417295306426
4835000,4835.000000526269,-36601.83127732225,7263.495240718055,-29338.336036604196,281.53325119007184
4840000,4840.000000527288,-36230.112957511374,6960.805098257588,-29269.307859253786,269.80097394806774
4845000,4845.000000528306,-36131.54368090402,7238.434969847438,-28893.10871105658,280.5619144850709
4850000,4850.000000529325,-36744.44253604892,7480.956469595534,-29263.486066453384,289.96205368042945
4855000,4855.000000530344,-36284.719228823,7181.689438824083,-29103.029789998916,278.36245633027585
4860000,4860.000000531362,-36164.97774641771,7134.738003986896,-29030.239742430815,276.5426175805164
4865000,4865.000000532381,-36273.85574934112,7448.566212218555,-28825.289537122568,288.7066065211741
4870000,4870.0000005333995,-36172.844022875004,7326.628333397424,-28846.21568947758,283.9802913891303
4875000,4875.000000534418,-36550.81628259039,7134.20199385075,-29416.61428873964,276.5218418146766
4880000,4880.000000535437,-36405.426846956,7009.539902747249,-29395.88694420875,271.68993614868594
4885000,4885.000000536455,-36436.61064370075,7156.814707444517,-29279.795936256232,277.3983111404352
4890000,4890.000000537474,-36398.25696812007,7113.183526416684,-29285.073441703385,275.7071655086231
4895000,4895.000000538493,-36585.993813842746,7141.16551593806,-29444.828297904685,276.791748099186
4900000,4900.000000539511,-36555.55122714885,7081.190876846655,-29474.360350302195,274.46712963758085
4905000,4905.00000054053,-36640.622364575655,7193.289780632563,-29447.33258394309,278.8120858593144
4910000,4910.000000541549,-36344.592224898806,7318.725573692027,-29025.86665120678,283.67398023182926
4915000,4915.000000542567,-36283.26964421333,7189.742172833434,-29093.527471379897,278.67458049522503
4920000,4920.000000543586,-36153.5965388889,7074.10353713823,-29079.49300175067,274.19242417908265
4925000,4925.0000005446045,-36287.35779391366,7089.617489456844,-29197.740304456816,274.7937453461404
4930000,4930.000000545623,-36597.875031230724,7331.705757223918,-29266.169274006807,284.17709245943723
4935000,4935.000000546642,-36315.70400313742,6959.780345394667,-29355.92365774275,269.76125450231837
4940000,4940.00000054766,-36129.15507616343,7175.394800598312,-28953.760275565117,278.11847600041597
4945000,4945.000000548679,-36066.14131395554,6899.019737484123,-29167.121576471414,267.40617187027556
4950000,4950.000000549698,-36324.80896759129,6825.424698005912,-29499.384269585382,264.5536263602831
4955000,4955.000000550716,-36390.062450728765,7215.270804900489,-29174.791645828278,279.66407089152665
4960000,4960.000000551735,-36218.33556711685,7046.905881533803,-29171.429685583043,273.1382423901089
4965000,4965.000000552754,-36530.01958391038,7226.09203963482,-29303.927544275564,280.0835022115293
4970000,4970.000000553772,-36361.85100756853,7245.32057422436,-29116.530433344175,280.82880067724136
4975000,4975.000000554791,-36303.389291070525,7038.110831970194,-29265.27845910033,272.7973460563246
4980000,4980.0000005558095,-36495.00761990946,7148.583314965965,-29346.424304943495,277.0792621688991
4985000,4985.000000556828,-36559.20223553584,7223.91431751221,-29335.287918023634,279.99909364939106
4990000,4990.000000557847,-36391.65627308517,7154.552590185546,-29237.103682899626,277.3106314207706
4995000,4995.000000558865,-36508.37090314469,7199.88466559112,-29308.486237553574,279.0677037597983
5000000,5000.000000559884,-36719.525252226165,7104.224171099973,-29615.301081126192,275.35990067987495
5005000,5005.000000560903,-36890.09662190056,7133.060101095471,-29757.036520805086,276.47758202386655
5010000,5010.000000561921,-36636.69924560923,7183.5870030682945,-29453.112242540934,278.43600596627203
5015000,5015.00000056294,-36469.63162131446,7082.507707199851,-29387.123914114607,274.51817001391686
5020000,5020.000000563959,-36386.38762223413,6993.729220375132,-29392.658401858997,271.0771137175783
5025000,5025.000000564977,-36264.58702100973,7043.595961447945,-29220.991059561784,273.00994980753416
5030000,5030.000000565996,-36469.474317267384,7081.798651980513,-29387.67566528687,274.4906870164676
5035000,5035.0000005670145,-36403.93487874062,7067.464412069141,-29336.47046667148,273.9350915308446
5040000,5040.000000568033,-36125.61724342012,7125.855916505884,-28999.76132691424,276.19834765494863
5045000,5045.000000569052,-36006.74566387487,7135.056266600549,-28871.68939727432,276.55495344711846
5050000,5050.00000057007,-36235.04452049853,7288.638297913922,-28946.406222584606,282.50779669504146
5055000,5055.000000571089,-36388.44344434993,6966.08238796536,-29422.361056384565,270.00552182476656
5060000,5060.000000572108,-36414.4333490599,6918.409457799482,-29496.023891260418,268.1577178986185
5065000,5065.000000573126,-36289.6706952001,7436.125159311813,-28853.545535888283,288.22439100963527
5070000,5070.000000574145,-36223.52044823161,7147.552282630875,-29075.968165600738,277.0392993306566
5075000,5075.0000005751635,-36357.79292441284,7343.240207860364,-29014.552716552476,284.62416804505415
5080000,5080.000000576182,-36365.24775611527,7070.930836280766,-29294.316919834506,274.0694502171189
5085000,5085.000000577201,-36317.41301576594,7289.854636026041,-29027.558379739898,282.554941989683
5090000,5090.000000578219,-36020.328631551056,7164.443049704668,-28855.88558184639,277.69398587092195
5095000,5095.000000579238,-36662.29245795063,6919.170344091795,-29743.122113858833,268.1872098697097
5100000,5100.000000580257,-36499.95224479505,7371.175690205825,-29128.776554589225,285.7069480163539
5105000,5105.000000581275,-36437.964025059904,7026.649643917466,-29411.314381142438,272.3531101302243
5110000,5110.000000582294,-36230.942709996234,7293.245155517295,-28937.69755447894,282.68635860716006
5115000,5115.000000583313,-36443.25402620999,6994.06597297384,-29449.188053236147,271.09016625644824
5120000,5120.000000584331,-36556.39318716911,7433.529344716479,-29122.86384245263,288.1237771731431
5125000,5125.00000058535,-36246.58902108413,7321.192271122682,-28925.396749961452,283.7695894838959
5130000,5130.0000005863685,-36534.68389471754,7268.411711705783,-29266.27218301176,281.7238137244557
5135000,5135.000000587387,-36193.07153458173,7169.364629844485,-29023.706904737246,277.88474643616433
5140000,5140.000000588406,-36511.91800668476,7227.937735722566,-29283.980270962194,280.1550414365265
5145000,5145.000000589424,-36396.798176434626,7081.7268002331775,-29315.07137620145,274.4879020410032
5150000,5150.000000590443,-36612.38009281486,7097.153517583388,-29515.226575231474,275.085841978576
5155000,5155.000000591462,-36699.032591869356,7230.5619514818145,-29468.470640387543,280.2567561028189
5160000,5160.00000059248,-36816.123222941605,7180.717336731681,-29635.405886209926,278.3247776296651
5165000,5165.000000593499,-36271.22690080655,7133.52036688134,-29137.706533925208,276.49542193685784
5170000,5170.000000594518,-36546.87647197064,7184.078172169908,-29362.79829980073,278.455043692529
5175000,5175.000000595536,-36483.28262697459,7344.548698631568,-29138.733928343026,284.67488517899045
5180000,5180.000000596555,-36622.262006410536,7130.290384366817,-29491.97162204372,276.3702277364813
5185000,5185.0000005975735,-36253.828864651725,7159.672936030571,-29094.155928621156,277.50909614955384
5190000,5190.000000598592,-36377.43755801916,7386.100609496881,-28991.336948522283,286.28543824901834
5195000,5195.000000599611,-36430.82801601014,7091.048466157181,-29339.77954985296,274.8492100376521
5200000,5200.000000600629,-36254.09706104692,6995.779194422641,-29258.317866624282,271.1565707612362
5205000,5205.000000601648,-36407.76083601529,7109.309946919163,-29298.450889096126,275.5570254736208
5210000,5210.000000602667,-36627.57052414405,7337.906427970858,-29289.664096173194,284.41743060754516
5215000,5215.000000603685,-36391.62200473532,7177.319126438906,-29214.302878296414,278.1930629165351
5220000,5220.000000604704,-36406.32174434507,6962.734916045342,-29443.58682829973,269.8757737321917
5225000,5225.000000605723,-36400.85374244619,7100.8202302241025,-29300.033512222086,275.22796384920554
5230000,5230.000000606741,-36278.38948704853,7173.63570339731,-29104.75378365122,278.0502933503632
5235000,5235.00000060776,-36543.82574863042,7184.916598708915,-29358.909149921506,278.48754112545737
5240000,5240.0000006087785,-36395.34301832949,7191.206764916667,-29204.136253412824,278.73134811979077
5245000,5245.000000609797,-36368.582866721365,7162.367194627375,-29206.21567209399,277.61352567792375
5250000,5250.000000610816,-36400.090753619115,7410.2588848065425,-28989.831868812573,287.22181358426286
5255000,5255.000000611834,-36653.40200906811,7257.352558859245,-29396.049450208862,281.29516069267015
5260000,5260.000000612853,-36690.682007121686,7007.85127035485,-29682.830736766835,271.6244847163188
5265000,5265.000000613872,-36623.34691231251,7059.974657182547,-29563.372255129965,273.64478845030857
5270000,5270.00000061489,-36629.95359282477,6972.512741556429,-29657.440851268344,270.2547624854676
5275000,5275.000000615909,-36830.69948756364,7414.516814932049,-29416.18267263159,287.38685105890096
5280000,5280.0000006169275,-36595.3620232453,7255.51881458043,-29339.84320866487,281.2240847200762
5285000,5285.000000617946,-36646.83773972916,6981.724691451001,-29665.113048278163,270.6118178861623
5290000,5290.000000618965,-36513.987653807024,7122.468756465684,-29391.51889734134,276.0670612498757
5295000,5295.000000619983,-36619.5692174353,7402.834263381627,-29216.734954053674,286.9340350782766
5300000,5300.000000621002,-36801.9122173044,7108.795069199517,-29693.117148104884,275.53706880075555
5305000,5305.000000622021,-36630.32129574166,7160.652286697661,-29469.669009044002,277.54705580509483
5310000,5310.000000623039,-36729.11280613294,7516.025430377733,-29213.087375755204,291.3213274484526
5315000,5315.000000624058,-36812.14472050656,7180.234717248662,-29631.9100032579,278.30607128683164
5320000,5320.000000625077,-36551.94619219223,6888.228458663609,-29663.717733528618,266.9879016422169
5325000,5325.000000626095,-36544.6440979713,7202.6842158924255,-29341.959882078874,279.176214397181
5330000,5330.000000627114,-36217.98774778943,7161.86200129132,-29056.125746498114,277.5939443720007
5335000,5335.0000006281325,-36417.06463593173,7062.920154734946,-29354.14448119679,273.7589560066732
5340000,5340.000000629151,-36477.53371940207,7145.214076527376,-29332.319642874692,276.948670405538
5345000,5345.00000063017,-36631.99927595963,7291.085178139543,-29340.914097820085,282.6026378317617
5350000,5350.000000631188,-36529.41570301276,7234.960642166474,-29294.45506084629,280.42724946013385
5355000,5355.000000632207,-36410.18380352048,7119.982913455645,-29290.200890064832,275.9707099146891
5360000,5360.000000633226,-36493.86958663169,7029.45357391077,-29464.41601272092,272.46179052457484
5365000,5365.000000634244,-36433.02634342258,7064.685563540165,-29368.340779882412,273.82738329465803
5370000,5370.000000635263,-36191.84939623435,7244.028592411797,-28947.820803822553,280.7787234309412
5375000,5375.000000636282,-36295.441882128864,7147.265154987341,-29148.176727141523,277.0281702562494
5380000,5380.0000006373,-36614.145808275716,7182.81315551917,-29431.332652756544,278.40601161655337
5385000,5385.000000638319,-36487.390373572096,7016.48481295704,-29470.905560615058,271.95912103637266
5390000,5390.0000006393375,-36717.60052051235,7079.842175897518,-29637.758344614835,274.4148539561754
5395000,5395.000000640356,-36748.472665279485,7130.941753892283,-29617.530911387203,276.39547483504094
5400000,5400.000000641375,-36343.10301574418,7339.911804893384,-29003.191210850793,284.4951590655602
5405000,5405.000000642393,-36408.45501140871,7197.012863236637,-29211.442148172075,278.95639263108706
5410000,5410.000000643412,-36608.033684069684,7050.533918039424,-29557.49976603026,273.27886517280695
5415000,5415.000000644431,-36231.20791894507,7269.364377989716,-28961.84354095535,281.7607390926601
5420000,5420.000000645449,-36144.29163785464,7136.447114900839,-29007.844522953805,276.6088627608739
5425000,5425.000000646468,-36526.62663178088,7211.753404570927,-29314.87322720995,279.5277363696883
5430000,5430.000000647487,-36595.94097978869,7003.499316370645,-29592.441663418045,271.45580287464367
5435000,5435.000000648505,-36065.528053281305,7130.318119802026,-28935.20993347928,276.3713027626207
5440000,5440.000000649524,-36051.17586312341,7299.514071525517,-28751.661791597893,282.9293419432458
5445000,5445.0000006505425,-36683.67662012005,6845.649302538259,-29838.027317581793,265.3375325210672
5450000,5450.000000651561,-36544.59922060954,7136.588186482229,-29408.01103412731,276.61433069878024
5455000,5455.00000065258,-36911.245530803884,7347.589967364715,-29563.65556343917,284.7927648286371
5460000,5460.000000653598,-36563.84430686769,7237.275493497077,-29326.568813370617,280.51697315369023
5465000,5465.000000654617,-36288.00067447245,7307.364489726762,-28980.63618474569,283.23362434258
5470000,5470.000000655636,-36336.599272939064,7008.488912275114,-29328.11036066395,271.6491997325689
5475000,5475.000000656654,-36611.72255522556,7210.756405117629,-29400.96615010793,279.4890926467671
5480000,5480.000000657673,-36489.46640240046,7005.994347638328,-29483.472054762133,271.5525103469187
5485000,5485.0000006586915,-36539.83260337731,7222.629014923332,-29317.20358845398,279.9492752899625
5490000,5490.00000065971,-36462.38986004277,7240.578228405638,-29221.811631637134,280.64498723861914
5495000,5495.000000660729,-36531.0630062064,7378.3077834658125,-29152.75522274059,285.98338812359304
5500000,5500.000000661747,-36362.957498738615,7184.069393732234,-29178.88810500638,278.4547034400724
