#"Step","Time (ps)","Potential Energy (kJ/mole)","Kinetic Energy (kJ/mole)","Total Energy (kJ/mole)","Temperature (K)"
505000,504.9999999949702,-34797.3671653063,7474.886391224452,-27322.480774081847,289.72677729596796
510000,509.999999994852,-35240.91008455444,7896.317497779242,-27344.592586775194,306.0614571778908
515000,514.9999999947338,-34909.69825781402,7630.703799706081,-27278.994458107944,295.7662638169927
520000,519.9999999946156,-34799.86820353806,7841.955216732238,-26957.912986805823,303.95437384981545
525000,524.9999999944973,-34921.93561489916,7620.747392761787,-27301.18822213737,295.38035324304684
530000,529.9999999943791,-34980.793602283564,7734.74110031369,-27246.052501969873,299.7987521045742
535000,534.9999999942609,-35201.249080112946,7700.341183845672,-27500.907896267272,298.4654105103487
540000,539.9999999941426,-35045.930774532295,7771.1804227883695,-27274.750351743925,301.21114112493865
545000,544.9999999940244,-35375.8573675618,7799.189432067309,-27576.667935494494,302.2967710019582
550000,549.9999999939062,-35173.82022697765,7732.889655544857,-27440.930571432793,299.726990060559
555000,554.9999999937879,-35609.95148178566,7602.264626625784,-28007.686855159878,294.66396078062957
560000,559.9999999936697,-35281.45279351871,7648.849698643101,-27632.603094875605,296.4695992986307
565000,564.9999999935515,-35255.57811081893,7629.378530067224,-27626.19958075171,295.71489633374046
570000,569.9999999934332,-35053.26448917236,7483.456620830435,-27569.807868341926,290.0589596027576
575000,574.999999993315,-35466.80660177035,7533.551915139904,-27933.254686630447,292.0006544216936
580000,579.9999999931968,-34959.514111815515,7699.76968690538,-27259.744424910135,298.44325927512193
585000,584.9999999930785,-35088.42183250387,7638.999636238255,-27449.422196265612,296.0878106416057
590000,589.9999999929603,-34928.52893383727,7423.935364946658,-27504.59356889061,287.7519142852447
595000,594.999999992842,-34905.05540186781,7627.693241015695,-27277.362160852113,295.64957448934626
600000,599.9999999927238,-35110.170903223996,7646.509885358773,-27463.661017865223,296.3789080791443
605000,604.9999999926056,-34953.57528111496,7529.348052987039,-27424.22722812792,291.8377126229827
610000,609.9999999924873,-35205.33185965607,7387.298696538851,-27818.03316311722,286.3318761317396
615000,614.9999999923691,-35392.455589775345,7767.880549228468,-27624.57504054688,301.083237945953
620000,619.9999999922509,-35178.34482980123,7628.142191256111,-27550.202638545117,295.66697581152215
625000,624.9999999921326,-35047.48442101071,7432.835922252567,-27614.648498758143,288.09690010167213
630000,629.9999999920144,-35257.339617038495,7636.017278964296,-27621.3223380742,295.9722144015419
635000,634.9999999918962,-35120.49968842529,7762.701367371822,-27357.79832105347,300.8824927319364
640000,639.9999999917779,-35249.87935937247,7443.642700049078,-27806.236659323393,288.51577107041527
645000,644.9999999916597,-35377.88816309285,7357.3793293136905,-28020.50883377916,285.1722007345246
650000,649.9999999915415,-35318.71626953099,7504.937803261135,-27813.778466269854,290.8915707532709
655000,654.9999999914232,-35043.41016657792,7456.361669353279,-27587.048497224645,289.00875862824074
660000,659.999999991305,-35276.7683898194,7368.2221797264765,-27908.546210092925,285.5924698787469
665000,664.9999999911868,-35137.09049015144,7304.792563277754,-27832.29792687368,283.1339364112172
670000,669.9999999910685,-35092.21732926311,7384.021442049053,-27708.19588721406,286.20484966845817
675000,674.9999999909503,-34959.9199907447,7845.790060282163,-27114.129930462535,304.10301247855216
680000,679.9999999908321,-34806.37452855792,7917.518832656161,-26888.85569590176,306.8832214304517
685000,684.9999999907138,-35220.38221236977,7890.38176310824,-27330.000449261526,305.8313879584934
690000,689.9999999905956,-35082.2417204013,7522.365174906048,-27559.876545495255,291.56705609969003
695000,694.9999999904774,-35421.651408355516,7671.524206692369,-27750.12720166315,297.348463778979
700000,699.9999999903591,-35387.813319856636,7546.459331115595,-27841.35398874104,292.5009461770634
705000,704.9999999902409,-34696.076614358644,7789.862439796151,-26906.214174562494,301.9352565559648
710000,709.9999999901227,-35138.04313618593,7695.7870316757035,-27442.256104510227,298.2888914621035
715000,714.9999999900044,-35295.66689257015,7795.10281545119,-27500.564077118965,302.138373643087
720000,719.9999999898862,-35043.757679080685,7634.936840008511,-27408.820839072174,295.93033656148646
725000,724.999999989768,-35325.37068088134,7664.934626633047,-27660.43605424829,297.0930514965178
730000,729.9999999896497,-35232.43835928186,7729.51095671548,-27502.927402566384,299.5960316122221
735000,734.9999999895315,-35639.299244439506,7518.177422431994,-28121.12182200751,291.4047387125194
740000,739.9999999894133,-35214.723921312936,7489.8592820604135,-27724.864639252522,290.3071269068731
745000,744.999999989295,-34825.993638137465,7554.970165459595,-27271.02347267787,292.8308263220622
750000,749.9999999891768,-34402.761208942684,7439.643801363125,-26963.117407579557,288.36077366063864
755000,754.9999999890586,-35336.602758634675,7431.994401872897,-27904.60835676178,288.0642827514049
760000,759.9999999889403,-35008.97368868881,7412.856858466779,-27596.116830222032,287.3225111061628
765000,764.9999999888221,-35354.53138766796,7604.475331730153,-27750.056055937806,294.7496477639384
770000,769.9999999887038,-35285.78055538439,7342.651157782539,-27943.12939760185,284.60133644979214
775000,774.9999999885856,-35204.0894116417,7391.066670105401,-27813.022741536297,286.4779228783035
780000,779.9999999884674,-35235.75872982148,7729.383862605232,-27506.374867216247,299.5911054414353
785000,784.9999999883491,-35115.45705180067,7629.688340917267,-27485.768710883407,295.7269046097805
790000,789.9999999882309,-34853.27429753499,7609.82049659063,-27243.45380094436,294.9568264831975
795000,794.9999999881127,-35390.87872809677,7467.225356388503,-27923.65337170827,289.42983540045265
800000,799.9999999879944,-34796.993879072936,7669.688279621412,-27127.305599451523,297.27730320130877
805000,804.9999999878762,-35241.518065958146,7606.230373821333,-27635.28769213681,294.81767323783635
810000,809.999999987758,-35157.59088971698,7666.233638857094,-27491.357250859885,297.143401241737
815000,814.9999999876397,-35082.20924065045,7613.71362584159,-27468.49561480886,295.10772426711594
820000,819.9999999875215,-35059.6696757619,7657.374309164112,-27402.295366597788,296.80001340858365
825000,824.9999999874033,-35409.698393676554,7539.174662364909,-27870.523731311645,292.2185922401149
830000,829.999999987285,-35177.47404863383,7550.616155710213,-27626.857892923614,292.6620647988791
835000,834.9999999871668,-34932.88649247902,7866.647195652568,-27066.23929682645,304.9114355499165
840000,839.9999999870486,-35052.80092876695,7649.574897564538,-27403.22603120241,296.4977080263638
845000,844.9999999869303,-35196.979878048354,7364.102358779256,-27832.8775192691,285.4327855191992
850000,849.9999999868121,-35227.346962407115,7412.368525430016,-27814.9784369771,287.3035833058481
855000,854.9999999866939,-34840.807787884514,7413.7784452556825,-27427.029342628834,287.3582318323883
860000,859.9999999865756,-34645.95530409733,7582.709557126006,-27063.245746971326,293.90600581389975
865000,864.9999999864574,-34996.58672437976,7612.655342313978,-27383.931382065784,295.0667051719922
870000,869.9999999863392,-34730.72025786568,7689.602010462208,-27041.118247403472,298.0491598902903
875000,874.9999999862209,-35461.521424291175,8164.1039190259025,-27297.41750526527,316.44086534153865
880000,879.9999999861027,-35057.56870980666,7440.572767413421,-27616.99594239324,288.39678040721424
885000,884.9999999859845,-34940.90334805981,7674.946825977935,-27265.956522081873,297.4811245852599
890000,889.9999999858662,-35288.914427214164,7411.657601952536,-27877.256825261626,287.27602789466806
895000,894.999999985748,-34875.091191421285,7612.280903298974,-27262.81028812231,295.0521919067153
900000,899.9999999856298,-34893.65348670695,7630.722509552479,-27262.930977154472,295.7669890110916
905000,904.9999999855115,-35304.378109948964,7321.974784913887,-27982.403325035077,283.7999197373673
910000,909.9999999853933,-35397.30359720787,7779.999360213615,-27617.304236994256,301.5529633528177
915000,914.999999985275,-34987.38530827283,7717.885644635915,-27269.499663636918,299.1454342348725
920000,919.9999999851568,-35040.050402994915,7608.857639039447,-27431.192763955467,294.9195061012281
925000,924.9999999850386,-34974.09193764125,7548.711579615538,-27425.38035802571,292.5882433833894
930000,929.9999999849204,-35179.305901934924,7513.068353610353,-27666.23754832457,291.20671108143523
935000,934.9999999848021,-35210.71321782878,7705.715298628422,-27504.99791920036,298.67371132929526
940000,939.9999999846839,-35019.47951538345,7595.819573622977,-27423.659941760474,294.41415037037405
945000,944.9999999845656,-35224.238291704234,7745.3850377283015,-27478.853253975933,300.2113113761767
950000,949.9999999844474,-35490.100703854245,7603.936441536956,-27886.16426231729,294.7287603670176
955000,954.9999999843292,-34638.18951588261,7591.269694677009,-27046.9198212056,294.2377969523944
960000,959.999999984211,-34879.62543817177,7390.654641384272,-27488.9707967875,286.46195263510805
965000,964.9999999840927,-35129.11394549908,7528.37856396366,-27600.735381535418,291.80013520499045
970000,969.9999999839745,-35201.491118043145,7542.515100375623,-27658.976017667523,292.3480676981951
975000,974.9999999838562,-35097.58361857815,7532.683582051475,-27564.900036526677,291.9669978101864
980000,979.999999983738,-34866.99114162387,7731.745757816754,-27135.245383807116,299.68265255695377
985000,984.9999999836198,-35318.611842968734,7649.799532293366,-27668.81231067537,296.50641487388566
990000,989.9999999835015,-35326.66849378593,7725.870172644274,-27600.798321141658,299.45491473357373
995000,994.9999999833833,-35226.15230590493,7584.740697187479,-27641.411608717448,293.98473285180336
1000000,999.9999999832651,-35354.95784636732,7704.605229477666,-27650.35261688965,298.6306850221662
1005000,1004.9999999831468,-35348.30986725273,7532.75304961495,-27815.55681763778,291.9696903746267
1010000,1009.9999999830286,-35311.65230816713,7612.565377036017,-27699.086931131118,295.0632181156427
1015000,1014.9999999829104,-35268.70543179774,7579.0146446037215,-27689.690787194017,293.7627909151785
1020000,1019.9999999827921,-35342.85421708588,7655.56508719168,-27687.289129894198,296.7298879211781
1025000,1024.999999982674,-35179.147648668055,7677.005325093972,-27502.142323574084,297.56091206078014
1030000,1029.9999999825557,-34828.57027693672,7494.593234027605,-27333.977042909115,290.490614999607
1035000,1034.9999999824374,-35020.773303344446,7921.117951317263,-27099.655352027185,307.0227233567968
1040000,1039.9999999823192,-35082.64564155022,7640.772057482822,-27441.873584067398,296.15650973190924
1045000,1044.999999982201,-35149.504094291784,7665.635550380828,-27483.868543910954,297.1202193179329
1050000,1049.9999999820827,-35509.419384080764,7574.0759304236135,-27935.34345365715,293.57136623412
1055000,1054.9999999819645,-35279.188345743794,7326.858554272385,-27952.32979147141,283.9892147558114
1060000,1059.9999999818463,-34740.30786585703,7763.1418184130025,-26977.16604744403,300.8995646249444
1065000,1064.999999981728,-34718.123010640666,7517.923306025825,-27200.19970461484,291.3948891544708
1070000,1069.9999999816098,-35175.28301355583,7773.000783954705,-27402.28222960113,301.2816983677693
1075000,1074.9999999814916,-35358.73023389138,7576.7720069453335,-27781.958226946044,293.6758662253036
1080000,1079.9999999813733,-35314.85335678792,7857.06021022789,-27457.79314656003,304.53984376300497
1085000,1084.999999981255,-35108.97889690115,7601.68447694916,-27507.29441995199,294.64147416513333
1090000,1089.9999999811369,-35943.9056807849,7704.238791429936,-28239.66688935496,298.6164818745742
1095000,1094.9999999810186,-35167.92337828333,7748.298200340959,-27419.625177942373,300.324225629495
1100000,1099.9999999809004,-34939.84033753013,7641.236674355263,-27298.603663174865,296.1745182931213
1105000,1104.9999999807821,-35086.78658674288,7502.964396714364,-27583.822190028513,290.81508146779333
1110000,1109.999999980664,-35386.346792786964,7602.7450104843265,-27783.601782302638,294.6825804706042
1115000,1114.9999999805457,-35189.59929496781,7519.151681320733,-27670.447613647077,291.44250101060834
1120000,1119.9999999804274,-35146.483417842865,7727.270628933439,-27419.212788909426,299.5091964532103
1125000,1124.9999999803092,-34938.604237144464,7508.075557327184,-27430.528679817282,291.0131901767542
1130000,1129.999999980191,-34939.339763250566,7845.216439290658,-27094.12332395991,304.080778915049
1135000,1134.9999999800727,-34996.6262988597,7809.986966000165,-27186.639332859537,302.71528367832246
1140000,1139.9999999799545,-35180.71134571531,7510.976311895624,-27669.735033819685,291.1256234939786
1145000,1144.9999999798363,-35503.30989358051,7896.823921969744,-27606.485971610768,306.081086191762
1150000,1149.999999979718,-35058.60294979904,7393.067702592829,-27665.535247206208,286.555482945909
1155000,1154.9999999795998,-35286.74565820868,7562.435691723649,-27724.30996648503,293.1201903006027
1160000,1159.9999999794816,-35052.43974740886,7675.518253930687,-27376.921493478174,297.503273146528
1165000,1164.9999999793633,-34991.631484102894,7611.20726499614,-27380.424219106753,295.01057766013264
1170000,1169.999999979245,-35145.230828334614,7505.871469787912,-27639.359358546702,290.92775969042856
1175000,1174.9999999791269,-34739.54200986009,7532.507565552397,-27207.03444430769,291.9601754064254
1180000,1179.9999999790086,-34939.48445878902,7872.637481283096,-27066.84697750592,305.14361916582436
1185000,1184.9999999788904,-35041.44082154529,7401.108882339271,-27640.331939206022,286.8671592673484
1190000,1189.9999999787722,-35422.404463190236,7669.905205169069,-27752.49925802117,297.28571124078206
1195000,1194.999999978654,-34982.890853156096,7682.622801026122,-27300.268052129974,297.7786455637629
1200000,1199.9999999785357,-34942.71544553024,7583.10161956203,-27359.61382596821,293.92120216340163
1205000,1204.9999999784175,-34955.25858291817,7440.575070466082,-27514.683512452088,288.396869673591
1210000,1209.9999999782992,-35282.632174438266,7555.465505587293,-27727.166668850972,292.8500257173911
1215000,1214.999999978181,-35166.6455626601,7717.990365726029,-27448.655196934073,299.1494932268579
1220000,1219.9999999780628,-35577.08187872182,7455.0610930461025,-28122.02078567572,288.9583482591215
1225000,1224.9999999779445,-35326.47447019235,7664.656591107772,-27661.817879084578,297.0822748328341
1230000,1229.9999999778263,-35140.61646228742,7482.424887917915,-27658.191574369506,290.01896961011704
1235000,1234.999999977708,-34965.01793719688,7363.813219132771,-27601.204718064106,285.4215784595089
1240000,1239.9999999775898,-35050.38673982306,7392.19083214419,-27658.19590767887,286.52149542611363
1245000,1244.9999999774716,-35030.09570982541,7570.928679269766,-27459.16703055564,293.44937870328397
1250000,1249.9999999773534,-34773.5409767686,7439.721997524715,-27333.818979243886,288.363804545753
1255000,1254.9999999772351,-35063.77824012766,7851.555710681598,-27212.222529446066,304.3264892274703
1260000,1259.9999999771169,-34920.612378005775,7518.750486294533,-27401.86189171124,291.4269506816904
1265000,1264.9999999769987,-35274.5062855375,7728.050851776259,-27546.455433761243,299.53943790946687
1270000,1269.9999999768804,-35336.78441045473,7387.14403810958,-27949.64037234515,286.3258815672808
1275000,1274.9999999767622,-35236.91710325615,7762.092627020731,-27474.82447623542,300.8588979412064
1280000,1279.999999976644,-35602.6958407601,7813.446309246752,-27789.249531513346,302.84936790622066
1285000,1284.9999999765257,-34754.19223983764,7602.606975173792,-27151.58526466385,294.6772302186297
1290000,1289.9999999764075,-35297.435012098045,7472.563939893858,-27824.871072204187,289.63675902622816
1295000,1294.9999999762892,-35470.38218658997,7545.361932558744,-27925.02025403123,292.45841098246046
1300000,1299.999999976171,-35115.861790228024,7535.89003739492,-27579.971752833102,292.091280096843
1305000,1304.9999999760528,-35338.43512054289,7609.05455176414,-27729.38056877875,294.9271384431993
1310000,1309.9999999759345,-35318.7448963512,7928.462806448605,-27390.282089902594,307.30741011931514
1315000,1314.9999999758163,-35133.947356849574,7526.3426951307265,-27607.604661718848,291.7212248797906
1320000,1319.999999975698,-34797.9518155927,7889.675384618207,-26908.276430974493,305.8040087111367
1325000,1324.9999999755798,-35305.05720581463,7549.9669158421,-27755.090289972526,292.6369002458899
1330000,1329.9999999754616,-34995.21166693193,7609.222156114566,-27385.989510817362,294.93363479187514
1335000,1334.9999999753434,-35229.18743762101,7792.159645167769,-27437.027792453242,302.02429629172417
1340000,1339.9999999752251,-35226.357979559005,7609.327782871701,-27617.030196687305,294.9377288875361
1345000,1344.999999975107,-35122.835886645225,7609.241199734521,-27513.594686910707,294.9343729230451
1350000,1349.9999999749887,-35271.43113171252,7548.531611625287,-27722.89952008723,292.58126781973493
1355000,1354.9999999748704,-34944.62916977851,7503.067275901506,-27441.561893877006,290.819069067575
1360000,1359.9999999747522,-34962.589289030206,7643.286974982565,-27319.30231404764,296.2539879950198
1365000,1364.999999974634,-34975.895332030406,7547.492574169426,-27428.402757860982,292.5409947028177
1370000,1369.9999999745157,-34941.13397597427,7459.780083983838,-27481.35389199043,289.14125646199193
1375000,1374.9999999743975,-34986.77493574995,7519.807370391758,-27466.96756535819,291.4679155348584
1380000,1379.9999999742793,-35570.87212778939,7863.53528291269,-27707.336844876703,304.7908177368605
1385000,1384.999999974161,-35094.017672471906,7563.543066366861,-27530.474606105046,293.1631121685543
1390000,1389.9999999740428,-35262.42462458031,7678.6875098960945,-27583.737114684212,297.6261135843922
1395000,1394.9999999739246,-35441.72069640739,7741.825313571106,-27699.895382836286,300.0733363817557
1400000,1399.9999999738063,-34804.85588811127,7299.965450511349,-27504.89043759992,282.9468374036528
1405000,1404.999999973688,-35090.04426178321,7683.130298501379,-27406.91396328183,297.7983161781771
1410000,1409.9999999735699,-35067.984078800364,8151.811963939406,-26916.172114860958,315.96442886511835
1415000,1414.9999999734516,-35423.57464832845,7368.595292492381,-28054.979355836073,285.60693173857663
1420000,1419.9999999733334,-34989.323930388884,7591.729897043369,-27397.594033345515,294.25563440724403
1425000,1424.9999999732152,-35096.051275025944,7612.711128181287,-27483.340146844657,295.06886743355824
1430000,1429.999999973097,-35063.801236196545,7339.283329543418,-27724.517906653127,284.4707993457965
1435000,1434.9999999729787,-34944.24873203702,7647.422338365089,-27296.82639367193,296.4142747797358
1440000,1439.9999999728605,-34884.491221215954,7711.369093180348,-27173.122128035608,298.8928525428589
1445000,1444.9999999727422,-34855.40412146221,7504.413275464063,-27350.99084599815,290.87124004317127
1450000,1449.999999972624,-34775.364515964364,7711.164890218328,-27064.199625746034,298.88493763111256
1455000,1454.9999999725057,-35243.31559204438,7422.276694135341,-27821.038897909042,287.6876241644849
1460000,1459.9999999723875,-35280.38909610634,7709.0202040661125,-27571.368892040224,298.80180954398577
1465000,1464.9999999722693,-34855.23643869829,7651.30217712864,-27203.934261569648,296.56465742404083
1470000,1469.999999972151,-34943.594066463396,7490.3075266662245,-27453.286539797173,290.32450087863464
1475000,1474.9999999720328,-35117.76361025455,7362.065118384265,-27755.698491870287,285.3538220322208
1480000,1479.9999999719146,-35102.05007519302,7417.644959600399,-27684.405115592624,287.508098021897
1485000,1484.9999999717963,-35072.13567194197,7501.935078286411,-27570.200593655558,290.7751850606329
1490000,1489.999999971678,-35365.862889849435,7467.912170291819,-27897.950719557615,289.4564563239551
1495000,1494.9999999715599,-35366.48333610915,7523.47688362488,-27843.00645248427,291.61014595651744
1500000,1499.9999999714416,-35104.6742391827,7674.38087514328,-27430.29336403942,297.4591883172218
1505000,1504.9999999713234,-34893.72706238248,7354.053888546134,-27539.673173836345,285.0433065699519
1510000,1509.9999999712052,-35109.22235910472,7698.080912352523,-27411.141446752197,298.377802332612
1515000,1514.999999971087,-35473.59975248456,7533.780931303174,-27939.818821181383,292.00953109372045
1520000,1519.9999999709687,-34967.14799522513,7546.782480419868,-27420.365514805264,292.51347145191204
1525000,1524.9999999708505,-35632.8046563877,7816.279921384648,-27816.52473500305,302.9591987812134
1530000,1529.9999999707322,-35063.98886757644,7725.836721002774,-27338.152146573666,299.45361814714016
1535000,1534.999999970614,-35290.54523843217,7484.352029873351,-27806.19320855882,290.0936656789156
1540000,1539.9999999704958,-35323.566082294434,7713.496245865974,-27610.06983642846,298.97530103239666
1545000,1544.9999999703775,-35113.96594416306,7736.626814499392,-27377.339129663666,299.8718424320159
1550000,1549.9999999702593,-35007.21459879229,7547.1386956949555,-27460.075903097335,292.52727836458916
1555000,1554.999999970141,-35210.54168672701,7651.771617755332,-27558.77006897168,296.5828529540843
1560000,1559.9999999700228,-35427.645464345806,7732.7843179276515,-27694.861146418152,299.72290717196864
1565000,1564.9999999699046,-35220.718353437405,7801.202944788523,-27419.515408648884,302.37481480372713
1570000,1569.9999999697864,-35499.95646439581,7478.94813432987,-28021.00833006594,289.88421055696284
1575000,1574.9999999696681,-35217.64838260183,7558.133179466878,-27659.515203134953,292.9534248214786
1580000,1579.99999996955,-35262.79209702255,7782.49386836379,-27480.298228658765,301.64965054904553
1585000,1584.9999999694317,-35317.741754668925,7783.320498746318,-27534.421255922607,301.68169076266344
1590000,1589.9999999693134,-34915.025829690145,7634.647603230149,-27280.378226459994,295.91912573696226
1595000,1594.9999999691952,-35366.55628548796,7569.774100917157,-27796.782184570802,293.40462721841465
1600000,1599.999999969077,-35199.157633396266,7483.647880843024,-27715.50975255324,290.066372845471
1605000,1604.9999999689587,-34819.32268765368,7605.211171352366,-27214.111516301313,294.77816892549083
1610000,1609.9999999688405,-34999.27791417837,7713.64503338242,-27285.63288079595,298.98106804013236
1615000,1614.9999999687222,-35123.925272226836,7791.873356889153,-27332.05191533768,302.0131997511215
1620000,1619.999999968604,-35168.61363137942,7534.3269973364495,-27634.28663404297,292.03069662637625
1625000,1624.9999999684858,-35027.494166620636,7358.905831144988,-27668.588335475648,285.2313679824225
1630000,1629.9999999683675,-35280.46507017819,7961.771940366616,-27318.69312981157,308.5984729555229
1635000,1634.9999999682493,-35001.37253228575,7441.364680915509,-27560.00785137024,288.4274749937067
1640000,1639.999999968131,-35083.9177467783,7584.357875068426,-27499.559871709876,293.9698946572108
1645000,1644.9999999680128,-34848.41407934278,7753.357272795569,-27095.05680654721,300.5203154001839
1650000,1649.9999999678946,-34923.41554012552,7481.6700829262845,-27441.745457199235,289.98971335038726
1655000,1654.9999999677764,-35270.88054804313,7663.036841701357,-27607.843706341777,297.0194933066696
1660000,1659.9999999676581,-35362.54366989501,7446.214582273123,-27916.329087621885,288.61545728761746
1665000,1664.99999996754,-35112.9071720741,7527.327265896036,-27585.579906178064,291.7593868664648
1670000,1669.9999999674217,-35268.839801106995,7382.259320556983,-27886.580480550012,286.13654979681047
1675000,1674.9999999673034,-35163.202856991506,7409.990494363392,-27753.212362628114,287.2114107641956
1680000,1679.9999999671852,-34893.18534457263,7390.231579687449,-27502.95376488518,286.4455547535079
1685000,1684.999999967067,-34799.08975697907,7519.248643719799,-27279.84111325927,291.4462592755411
1690000,1689.9999999669487,-35179.96709573578,7315.4649819641,-27864.502113771683,283.54759961760095
1695000,1694.9999999668305,-35092.00881627889,7776.524805035722,-27315.484011243167,301.4182895100942
1700000,1699.9999999667123,-35588.68875229796,7481.9255386925815,-28106.76321360538,289.99961482206686
1705000,1704.999999966594,-35166.76458118933,7358.655199923,-27808.10938126633,285.221653510197
1710000,1709.9999999664758,-35308.98623534197,7756.269907273068,-27552.7163280689,300.63320918297075
1715000,1714.9999999663576,-35040.76742430153,7556.044846581701,-27484.722577719825,292.87248098834505
1720000,1719.9999999662393,-34932.31575962644,7878.829388502245,-27053.4863711242,305.3836176393832
1725000,1724.999999966121,-35277.223901254416,7576.891402298284,-27700.33249895613,293.68049399207143
1730000,1729.9999999660029,-35158.486633450346,7546.251221919824,-27612.23541153052,292.49287985960245
1735000,1734.9999999658846,-35425.48422911895,7715.8771611365355,-27709.60706798241,299.0675853658635
1740000,1739.9999999657664,-35261.28009463638,7636.079738079632,-27625.200356556747,295.97463531836286
1745000,1744.9999999656482,-35189.99029443184,7559.473710504536,-27630.516583927303,293.00538383691753
1750000,1749.99999996553,-35032.383252753876,7621.486912785016,-27410.89633996886,295.4090170570317
1755000,1754.9999999654117,-35150.11050270211,7498.347834826334,-27651.762667875777,290.6361434173667
1760000,1759.9999999652935,-35072.79604075286,7492.48737853222,-27580.30866222064,290.408991989678
1765000,1764.9999999651752,-34976.364872566875,7604.68357173321,-27371.681300833665,294.75771915149295
1770000,1769.999999965057,-35155.45745589364,7635.910407425092,-27519.547048468543,295.96807205809785
1775000,1774.9999999649388,-35180.920687636935,7636.603629987069,-27544.317057649867,295.99494138136487
1780000,1779.9999999648205,-34721.18755731431,7662.8567163472135,-27058.330840967097,297.01251164358683
1785000,1784.9999999647023,-35097.54405674457,7658.483049127362,-27439.06100761721,296.84298819637297
1790000,1789.999999964584,-34860.04491150212,7627.102569257203,-27232.942342244914,295.62668003770233
1795000,1794.9999999644658,-35188.210266228954,7448.324355909774,-27739.88591031918,288.6972321647967
1800000,1799.9999999643476,-34981.1536849455,7558.96254537863,-27422.191139566872,292.98557106427546
1805000,1804.9999999642293,-34824.76229467242,7533.480558469415,-27291.281736203007,291.99788863541977
1810000,1809.999999964111,-35102.311891287914,7626.38935432636,-27475.922536961552,295.5990358097345
1815000,1814.9999999639929,-35566.18227796391,7830.167020909148,-27736.015257054765,303.4974630946276
1820000,1819.9999999638746,-35020.60484892438,7638.180103219572,-27382.424745704804,296.056045521982
1825000,1824.9999999637564,-35138.2123066907,7733.004435445154,-27405.207871245548,299.73143893227035
1830000,1829.9999999636382,-35140.84581958725,7444.868959046782,-27695.976860540468,288.56330089882204
1835000,1834.99999996352,-35097.85782161318,7658.542744237335,-27439.315077375846,296.84530198027915
1840000,1839.9999999634017,-35007.2044853601,7716.7341916473815,-27290.470293712715,299.1008038891903
1845000,1844.9999999632835,-35178.733943813044,7786.088787030432,-27392.64515678261,301.7889896835038
1850000,1849.9999999631652,-35014.09719719441,7615.151275829485,-27398.945921364924,295.1634476154147
1855000,1854.999999963047,-35315.04181341938,7600.838517396904,-27714.20329602248,294.6086847524292
1860000,1859.9999999629288,-35601.41290139609,7642.846569077226,-27958.566332318864,296.23691785147815
1865000,1864.9999999628105,-35527.4406409434,7763.505547962034,-27763.935092981366,300.9136627910613
1870000,1869.9999999626923,-35006.531555877664,7594.053643071018,-27412.477912806644,294.34570285947296
1875000,1874.999999962574,-35185.4554294645,7627.514116272325,-27557.941313192176,295.6426316099613
1880000,1879.9999999624558,-35104.873167234495,7903.764066179205,-27201.109101055292,306.3500863491606
1885000,1884.9999999623376,-35314.35167328176,7653.731355114389,-27660.62031816737,296.6588124215155
1890000,1889.9999999622194,-35003.96027723116,7555.663332595179,-27448.296944635986,292.857693497001
1895000,1894.9999999621011,-34883.28942480584,7203.245114738578,-27680.044310067256,279.19795485002265
1900000,1899.999999961983,-34953.14043015897,7392.079521365908,-27561.060908793064,286.51718101765545
1905000,1904.9999999618647,-35122.26645219616,7471.72801448824,-27650.538437707924,289.6043585372904
1910000,1909.9999999617464,-35372.5804751044,7579.926841416675,-27792.65363368772,293.7981476857091
1915000,1914.9999999616282,-35099.620306053555,7798.266202526371,-27301.354103527185,302.26098660262414
1920000,1919.99999996151,-34672.17326503426,7640.6152367391005,-27031.55802829516,296.15043135609005
1925000,1924.9999999613917,-35041.31994385278,7491.113041540029,-27550.20690231275,290.35572265462383
1930000,1929.9999999612735,-34910.52398512924,7796.420971971394,-27114.10301315785,302.1894654216883
1935000,1934.9999999611553,-34963.19339483394,7581.2565004203425,-27381.9368944136,293.84968530084757
1940000,1939.999999961037,-35050.94773662574,7599.216455072503,-27451.73128155324,294.5458135775076
1945000,1944.9999999609188,-35127.485659110316,7520.652611420603,-27606.833047689714,291.50067709757764
1950000,1949.9999999608006,-34923.27684869739,7409.142024547595,-27514.13482414979,287.178524053616
1955000,1954.9999999606823,-34799.47564278027,7693.404327659121,-27106.07131512115,298.19653779679754
1960000,1959.999999960564,-35011.8880278351,7485.344858472148,-27526.54316936295,290.1321477394154
1965000,1964.9999999604458,-35242.405335247335,7438.594103037074,-27803.81123221026,288.3200873281351
1970000,1969.9999999603276,-34694.25305107736,7366.279882826526,-27327.97316825083,285.51718640393244
1975000,1974.9999999602094,-35342.352867660666,7687.826599644559,-27654.526268016107,297.9803449240618
1980000,1979.9999999600911,-35288.206923058104,7750.922176138889,-27537.284746919213,300.42593099488084
1985000,1984.999999959973,-35014.229144425044,7442.66302057401,-27571.566123851033,288.4777986702692
1990000,1989.9999999598547,-35082.42231141211,7605.581634023863,-27476.84067738825,294.79252806759735
1995000,1994.9999999597364,-35258.54699306453,7715.548211925421,-27542.998781139104,299.05483528648546
2000000,1999.9999999596182,-35426.21738140858,7608.103492983757,-27818.11388842483,294.8902753818713
2005000,2004.9999999595,-35368.70804250413,7718.018290047832,-27650.689752456296,299.1505755742463
2010000,2009.9999999593817,-35122.69268559947,7516.8321240006135,-27605.860561598856,291.35259491278447
2015000,2014.9999999592635,-35086.64295406382,7441.135406240547,-27645.507547823272,288.41858830176045
2020000,2019.9999999591453,-35102.96371555562,7479.0027915811825,-27623.96092397444,289.88632907334556
2025000,2024.999999959027,-35208.4330950043,7425.6595413763625,-27782.773553627936,287.81874340535745
2030000,2029.9999999589088,-35123.15424567789,7774.630357503103,-27348.523888174786,301.3448606779147
2035000,2034.9999999587906,-34478.24559015895,7515.638109700583,-26962.607480458366,291.3063148896394
2040000,2039.9999999586723,-34999.74783216681,7675.098337377043,-27324.649494789766,297.4869971707535
2045000,2044.999999958554,-35180.91234755922,7551.243250029256,-27629.669097529964,292.68637098985084
2050000,2049.9999999588904,-35753.27683235516,7709.640185750321,-28043.636646604835,298.82584004905925
2055000,2054.999999959909,-35071.06382225572,7727.031046241957,-27344.03277601376,299.4999102222944
2060000,2059.9999999609277,-35387.9409496491,7546.270155524109,-27841.67079412499,292.4936137265624
2065000,2064.9999999619463,-35095.37977376583,7788.5689734455955,-27306.810800320236,301.8851217689362
2070000,2069.999999962965,-35008.36710251985,7782.982842228547,-27225.384260291303,301.6686031878688
2075000,2074.9999999639836,-35169.018308700994,7493.236692309377,-27675.781616391618,290.43803540980196
2080000,2079.999999965002,-35013.27252262787,7357.2160892921165,-27656.056433335754,285.1658735473406
2085000,2084.999999966021,-34865.35387389657,7385.565813451132,-27479.78806044544,286.2647095413517
2090000,2089.9999999670395,-35406.16242512998,7615.054008534837,-27791.108416595143,295.1596775327219
2095000,2094.999999968058,-35471.785026728474,7547.610905400285,-27924.17412132819,292.54558122418763
2100000,2099.9999999690767,-35129.34578965435,7477.472322433463,-27651.873467220885,289.8270080521672
2105000,2104.9999999700954,-35386.48032003772,7493.879075004296,-27892.601245033424,290.4629341785924
2110000,2109.999999971114,-35266.65107485586,7486.902517586794,-27779.748557269064,290.1925226443694
2115000,2114.9999999721326,-35116.78763124238,7757.58663882684,-27359.200992415543,300.68424572983866
2120000,2119.9999999731513,-34899.27902655928,7639.819193029609,-27259.45983352967,296.1195766826587
2125000,2124.99999997417,-35053.07134888264,7665.865446573007,-27387.20590230963,297.1291300999015
2130000,2129.9999999751885,-35330.14223205188,7539.257656757877,-27790.884575294007,292.2218091047935
2135000,2134.999999976207,-35417.74060786373,7626.792767605502,-27790.947840258224,295.6146721181902
2140000,2139.999999977226,-35018.41369698547,7687.28436373407,-27331.129333251403,297.9593278470578
2145000,2144.9999999782444,-35043.512000156246,7679.177444567635,-27364.33455558861,297.64510346410964
2150000,2149.999999979263,-35251.0979564315,7803.942801624589,-27447.15515480691,302.4810117209535
2155000,2154.9999999802817,-35069.27217781461,7603.632712664875,-27465.639465149732,294.7169878285904
2160000,2159.9999999813003,-35439.50482728129,7684.531590807153,-27754.97323647414,297.8526303018377
2165000,2164.999999982319,-34806.26503365332,7398.714592497513,-27407.550441155807,286.7743565351785
2170000,2169.9999999833376,-35162.175771675786,7509.700344995253,-27652.475426680532,291.07616698606233
2175000,2174.9999999843562,-35174.109193336,7540.303301687876,-27633.805891648124,292.26233832756805
2180000,2179.999999985375,-35412.97807727553,7485.853797697531,-27927.124279578,290.15187423609945
2185000,2184.9999999863935,-35269.7445858315,7820.600560405899,-27449.144025425598,303.1266668541671
2190000,2189.999999987412,-35068.76810943725,7446.259337417838,-27622.508772019413,288.617191998109
2195000,2194.999999988431,-35053.87877314142,7231.266143656207,-27822.612629485215,280.2840506085284
2200000,2199.9999999894494,-34956.08203470202,7430.746347299255,-27525.335687402767,288.0159081259477
2205000,2204.999999990468,-35156.159595462945,7986.913750515152,-27169.245844947793,309.5729701249078
2210000,2209.9999999914867,-34635.156653282225,7441.7936119402475,-27193.363041341978,288.4441003705988
2215000,2214.9999999925053,-35164.850164765354,7581.787435393823,-27583.06272937153,293.8702643532598
2220000,2219.999999993524,-35239.99148728298,7645.020713338941,-27594.970773944042,296.3211877356416
2225000,2224.9999999945426,-35073.96510579632,7449.873189576498,-27624.091916219822,288.7572649951758
2230000,2229.999999995561,-35001.09680707987,7682.562584345998,-27318.53422273387,297.776311563785
2235000,2234.99999999658,-34922.181504160544,7559.642223023799,-27362.539281136746,293.0119153862394
2240000,2239.9999999975985,-35090.34772545608,7748.178199362979,-27342.1695260931,300.3195743886865
2245000,2244.999999998617,-34872.2922893632,7709.593616314629,-27162.69867304857,298.82403501660565
2250000,2249.9999999996357,-34601.67603797829,7580.666876291551,-27021.009161686743,293.8268314553562
2255000,2255.0000000006544,-35140.261990620565,7596.760921884823,-27543.501068735743,294.45063705176864
2260000,2260.000000001673,-34969.46606420875,7745.650764483423,-27223.815299725324,300.22161095163153
2265000,2265.0000000026916,-34915.79195420522,7721.438518964168,-27194.35343524105,299.283143729758
2270000,2270.0000000037103,-34685.16589237434,7338.687066161603,-27346.478826212733,284.4476881626973
2275000,2275.000000004729,-35088.56395378399,7587.385410371449,-27501.17854341254,294.0872419987736
2280000,2280.0000000057476,-34906.01458445756,7787.028266806653,-27118.986317650906,301.8254039423504
2285000,2285.000000006766,-34741.486491751304,7553.849862713828,-27187.636629037475,292.787403360543
2290000,2290.000000007785,-34906.33908940928,7616.116771162655,-27290.222318246626,295.2008702378779
2295000,2295.0000000088035,-35505.54095124675,7486.468894655614,-28019.07205659114,290.1757154090702
2300000,2300.000000009822,-35265.296349158205,7564.496123416542,-27700.800225741663,293.2000526828486
2305000,2305.0000000108407,-34957.476026230586,7790.037053916027,-27167.438972314558,301.942024603474
2310000,2310.0000000118594,-35234.910481538966,7733.701769958511,-27501.208711580453,299.7584676348724
2315000,2315.000000012878,-35246.31043656133,7585.18828822069,-27661.12214834064,294.00208149107516
2320000,2320.0000000138966,-35065.82487495846,7666.703384615817,-27399.121490342644,297.1616085987054
2325000,2325.0000000149153,-35107.62789950749,7728.497752659746,-27379.130146847743,299.5567597985186
2330000,2330.000000015934,-35429.33644059189,7681.223046542004,-27748.113394049888,297.7243910461069
2335000,2335.0000000169525,-35297.23420022664,7576.31168901588,-27720.92251121076,293.6580242912257
2340000,2340.000000017971,-34819.60154580836,7760.89059185638,-27058.710953951977,300.8123070291662
2345000,2345.00000001899,-35200.26663300788,7535.766881948549,-27664.49975105933,292.08650658876326
2350000,2350.0000000200084,-35077.96597766026,7451.854296813364,-27626.111680846894,288.8340527595877
2355000,2355.000000021027,-34711.08096381802,7775.215383510551,-26935.865580307473,301.36753630011157
2360000,2360.0000000220457,-35026.32975571711,7608.9151221578195,-27417.41463355929,294.9217341482863
2365000,2365.0000000230643,-34824.73076557976,7480.671749020872,-27344.05901655889,289.95101790406983
2370000,2370.000000024083,-35177.768897371774,7635.850828524295,-27541.91806884748,295.9657627784621
2375000,2375.0000000251016,-35155.79651646242,7730.358234204043,-27425.438282258376,299.6288721081693
2380000,2380.0000000261202,-35157.16975598456,7799.926727434403,-27357.24302855016,302.3253485882175
2385000,2385.000000027139,-35407.544018558176,7608.7930189118815,-27798.750999646294,294.91700142352084
2390000,2390.0000000281575,-35055.96831580537,7645.9800003910905,-27409.988315414277,296.3583697249822
2395000,2395.000000029176,-34542.943824356415,7495.6438130328315,-27047.300011323583,290.53133546725667
2400000,2400.0000000301948,-34786.79569786619,7679.106048659687,-27107.689649206503,297.642336156991
2405000,2405.0000000312134,-34780.53133161727,7497.152366729768,-27283.378964887503,290.58980704503267
2410000,2410.000000032232,-35130.82883939662,7598.0901551642455,-27532.738684232376,294.5021581658252
2415000,2415.0000000332507,-34826.45154614344,7772.045109532171,-27054.406436611273,301.2446564040399
2420000,2420.0000000342693,-34911.35407882724,7783.360794803379,-27127.993284023858,301.6832526388096
2425000,2425.000000035288,-35619.72490700111,7943.53519514771,-27676.1897118534,307.89161626980194
2430000,2430.0000000363066,-35065.90604588705,7689.959455457347,-27375.946590429703,298.0630144669463
2435000,2435.000000037325,-35106.462187336925,7498.25810972139,-27608.204077615534,290.6326656701292
2440000,2440.000000038344,-35046.77109850571,7574.5309524864,-27472.240146019314,293.5890029002778
2445000,2445.0000000393625,-35005.76262652692,7617.938606332893,-27387.824020194028,295.27148461313544
2450000,2450.000000040381,-35287.35282772784,7479.623921944103,-27807.728905783733,289.9104041012337
2455000,2455.0000000413997,-35132.34471667471,7459.193334240297,-27673.151382434407,289.1185140277424
2460000,2460.0000000424184,-35217.55991516238,7558.519024673568,-27659.040890488814,292.9683801910212
2465000,2465.000000043437,-35206.40823004778,7518.412567729956,-27687.995662317826,291.4138529499551
2470000,2470.0000000444556,-35100.96944020516,7503.632567985376,-27597.336872219785,290.8409798024168
2475000,2475.0000000454743,-35244.15911209682,7638.78192262044,-27605.37718947638,296.07937205651405
2480000,2480.000000046493,-35071.74884807155,7743.81395703897,-27327.93489103258,300.15041625066334
2485000,2485.0000000475115,-35245.53663506406,7755.656154478123,-27489.88048058594,300.60942010979574
2490000,2490.00000004853,-35254.229101255005,7435.864857273367,-27818.36424398164,288.2143016963299
2495000,2495.000000049549,-35280.843402128376,7573.1017465595505,-27707.741655568825,293.53360684398933
2500000,2500.0000000505675,-35324.598657344475,7590.5469557771885,-27734.05170156729,294.20978357515867
2505000,2505.000000051586,-34981.55584711935,7833.606570761824,-27147.949276357525,303.63078013009914
2510000,2510.0000000526047,-35359.485429910594,7575.229520746592,-27784.255909164,293.61607942293705
2515000,2515.0000000536234,-35350.8305838832,7700.27631888138,-27650.55426500182,298.46289634276405
2520000,2520.000000054642,-35369.54713928776,7487.233933527241,-27882.313205760518,290.2053683342361
2525000,2525.0000000556606,-35252.95398694767,7636.308043009408,-27616.645943938263,295.9834844229623
2530000,2530.0000000566793,-34945.916766258466,7549.138873317269,-27396.777892941198,292.6048052976021
2535000,2535.000000057698,-35336.0757492772,7505.571153112579,-27830.504596164625,290.9161194088298
2540000,2540.0000000587165,-35363.99487388861,7565.1661925028,-27798.828681385807,293.22602457683683
2545000,2545.000000059735,-35391.43429235838,7471.053061887899,-27920.381230470484,289.5781973581782
2550000,2550.000000060754,-35332.98753441505,7606.193179137101,-27726.794355277947,294.81623157097596
2555000,2555.0000000617724,-35068.66573368317,7620.504371163597,-27448.161362519575,295.3709337200238
2560000,2560.000000062791,-35423.74877276583,7639.222797340432,-27784.525975425397,296.096460371323
2565000,2565.0000000638097,-35071.84745169205,7736.721702496876,-27335.12574919517,299.8755202930932
2570000,2570.0000000648283,-35165.57701810424,7669.203692282812,-27496.373325821427,297.25852058434543
2575000,2575.000000065847,-35280.65862133008,7839.537949605183,-27441.1206717249,303.8606805175118
2580000,2580.0000000668656,-34891.92247377405,7646.160927216983,-27245.76154655707,296.3653824531293
2585000,2585.0000000678842,-35308.58368267905,7579.209005118379,-27729.37467756067,293.770324333427
2590000,2590.000000068903,-35478.540175182265,7553.40484237869,-27925.135332803577,292.7701543615907
2595000,2595.0000000699215,-35399.69201435553,7788.675090818182,-27611.01692353735,301.88923488086397
2600000,2600.00000007094,-34827.35156718396,7382.262697820307,-27445.088869363655,286.13668069961864
2605000,2605.0000000719588,-34817.261472297665,7525.5882742592585,-27291.673198038407,291.69198350856766
2610000,2610.0000000729774,-34946.221724567964,7625.192916128692,-27321.028808439274,295.5526618362583
2615000,2615.000000073996,-35048.28782662924,7627.2500596729005,-27421.03776695634,295.6323967697816
2620000,2620.0000000750147,-35083.847147323904,7627.705400625455,-27456.14174669845,295.65004579611457
2625000,2625.0000000760333,-35017.293339029704,7626.453939845073,-27390.83939918463,295.6015391460018
2630000,2630.000000077052,-35584.653792805584,7572.651368638877,-28012.002424166705,293.5161501848921
2635000,2635.0000000780706,-34916.425421621716,7511.755726226542,-27404.669695395176,291.15583361229426
2640000,2640.000000079089,-35066.027751749345,7523.193924473133,-27542.833827276212,291.5991784529527
2645000,2645.000000080108,-35055.442737388854,7585.68785177125,-27469.754885617604,294.0214445863763
2650000,2650.0000000811265,-35164.13396065391,7739.107221831926,-27425.026738821987,299.96798308021096
2655000,2655.000000082145,-34918.746264458256,7636.487833231117,-27282.25843122714,295.9904530963038
2660000,2660.0000000831637,-34776.670773001024,7825.500479961949,-26951.170293039075,303.3165878546589
2665000,2665.0000000841824,-35122.897408650824,7712.122712189459,-27410.774696461365,298.92206283387753
2670000,2670.000000085201,-34930.88814624147,7305.396757590448,-27625.491388651026,283.15735499738895
2675000,2675.0000000862196,-34998.69276447351,7588.674385605087,-27410.018378868423,294.13720271000193
2680000,2680.0000000872383,-35312.42650072324,7611.897630756355,-27700.52886996688,295.0373362536943
2685000,2685.000000088257,-34706.947807274875,7773.7900118662465,-26933.157795408628,301.31228886070727
2690000,2690.0000000892755,-35207.52245468391,7958.460883982594,-27249.061570701313,308.47013633000387
2695000,2695.000000090294,-35167.59703056249,7448.668767446651,-27718.928263115835,288.71058156429524
2700000,2700.000000091313,-34909.06472492247,7777.868255681964,-27131.19646924051,301.47036168963245
2705000,2705.0000000923314,-35092.91800514316,7890.8987922852975,-27202.019212857864,305.8514280218999
2710000,2710.00000009335,-35397.113522104584,7539.664183557561,-27857.449338547023,292.2375660933806
2715000,2715.0000000943687,-35000.20693395371,7535.1911657414585,-27465.01576821225,292.0641918146534
2720000,2720.0000000953873,-35033.759351101035,7479.768959216513,-27553.990391884523,289.9160257494199
2725000,2725.000000096406,-34806.43033789132,7756.864223437855,-27049.56611445346,300.6562448918908
2730000,2730.0000000974246,-35151.07321484173,7442.094763782019,-27708.97845105971,288.45577302326893
2735000,2735.0000000984433,-34913.71715993645,7669.320088383709,-27244.397071552743,297.26303210003107
2740000,2740.000000099462,-34808.59597768803,7608.8184403818,-27199.777537306232,294.91798676030965
2745000,2745.0000001004805,-35109.41591448194,7623.877572550411,-27485.538341931533,295.501679087354
2750000,2750.000000101499,-35077.8020039248,7452.22474110777,-27625.57726281703,288.8484111893976
2755000,2755.000000102518,-35172.13452681073,7685.524151581954,-27486.610375228778,297.891101981473
2760000,2760.0000001035364,-35386.26628462542,7930.860255480772,-27455.406029144644,307.40033530178164
2765000,2765.000000104555,-35169.56360550739,7664.473894965262,-27505.08971054213,297.0751935259321
2770000,2770.0000001055737,-35225.63236278094,7634.613995039878,-27591.01836774106,295.9178230826946
2775000,2775.0000001065923,-35312.69268476966,7602.7352636100695,-27709.95742115959,294.6822026815223
2780000,2780.000000107611,-35036.51703933729,7232.03501982782,-27804.48201950947,280.31385226753457
2785000,2785.0000001086296,-34863.91231839506,7601.846079397435,-27262.066238997624,294.6477378799366
2790000,2790.000000109648,-34936.99035033104,7693.775000435613,-27243.21534989543,298.2109050825787
2795000,2795.000000110667,-35289.99611026259,7907.452681051001,-27382.54342921159,306.49305715079663
2800000,2800.0000001116855,-35012.99104856968,7850.756282634027,-27162.234765935653,304.2955033770132
2805000,2805.000000112704,-35044.25821279002,7489.021834432109,-27555.236378357906,290.27466741654723
2810000,2810.0000001137228,-35377.48736937374,7266.725715263373,-28110.761654110367,281.6584644615739
2815000,2815.0000001147414,-35434.88474746169,7794.4284226786785,-27640.456324783016,302.112234162915
2820000,2820.00000011576,-34993.89470668375,7412.470479390548,-27581.424227293202,287.307535043824
2825000,2825.0000001167787,-35216.130209107956,7554.756997879878,-27661.373211228078,292.82256394151716
2830000,2830.0000001177973,-35132.939739136236,7794.1355824813045,-27338.804156654933,302.1008836697827
2835000,2835.000000118816,-35081.62623506725,7544.893647693203,-27536.732587374045,292.4402602497471
2840000,2840.0000001198346,-35097.98782302246,7711.397303606939,-27386.590519415517,298.89394597967583
2845000,2845.000000120853,-34712.62138188619,7699.042688106434,-27013.578693779753,298.4150807840931
2850000,2850.000000121872,-35061.987429356945,7715.710709184079,-27346.276720172864,299.06113368416084
2855000,2855.0000001228905,-35031.194332261555,7818.886556485048,-27212.307775776506,303.06023202074357
2860000,2860.000000123909,-35190.27861397698,7680.025629358523,-27510.25298461846,297.6779791271169
2865000,2865.0000001249277,-34604.269256884516,7536.257500638788,-27068.011756245727,292.105522981062
2870000,2870.0000001259464,-34798.27741233436,7803.056987905395,-26995.220424428968,302.4466775597751
2875000,2875.000000126965,-35143.09624198299,7500.595971970577,-27642.50027001241,290.72328126744634
2880000,2880.0000001279836,-35254.81391202528,7559.597508063495,-27695.216403961786,293.01018223329675
2885000,2885.0000001290023,-35054.15623882846,7476.179097371567,-27577.97714145689,289.7768826174928
2890000,2890.000000130021,-35435.760568655394,7573.445732457747,-27862.31483619765,293.5469397457224
2895000,2895.0000001310395,-35109.87794055154,7758.046287352636,-27351.831653198904,300.7020617178147
2900000,2900.000000132058,-35602.699793165346,7592.044564676982,-28010.655228488366,294.26783093233274
2905000,2905.000000133077,-35325.90875629375,7496.4235857878175,-27829.485170505934,290.56155947809793
2910000,2910.0000001340954,-35457.52223761178,7588.273946396558,-27869.248291215223,294.12168167659513
2915000,2915.000000135114,-35328.43249559803,7465.777388215296,-27862.65510738273,289.37371211904156
2920000,2920.0000001361327,-34941.597103187814,7627.877285722916,-27313.7198174649,295.65670806664906
2925000,2925.0000001371513,-35133.621132214554,7857.898347797232,-27275.72278441732,304.5723299954622
2930000,2930.00000013817,-35476.95326470351,7748.4580086638925,-27728.495256039616,300.3304198039567
2935000,2935.0000001391886,-35002.443018942846,7659.748398898114,-27342.69462004473,296.8920331840884
2940000,2940.0000001402072,-35141.52058784173,7486.302031920342,-27655.21855592139,290.16924780541564
2945000,2945.000000141226,-35033.21745620121,7553.620109878029,-27479.59734632318,292.7784981350711
2950000,2950.0000001422445,-34954.18934956447,7757.650615967092,-27196.53873359738,300.6867254853421
2955000,2955.000000143263,-35071.021901157124,7510.422177873453,-27560.59972328367,291.1041452458781
2960000,2960.000000144282,-34874.22860810593,7690.899925431112,-27183.328682674815,298.09946710587366
2965000,2965.0000001453004,-34752.47418778681,7423.070837587802,-27329.403350199005,287.7184051839078
2970000,2970.000000146319,-34814.571256254014,7502.332203205267,-27312.239053048746,290.79057763209187
2975000,2975.0000001473377,-35152.74432014392,7610.393608051336,-27542.35071209258,294.9790402972746
2980000,2980.0000001483563,-35141.41325903851,7575.191741064698,-27566.221517973812,293.61461508155315
2985000,2985.000000149375,-34709.12115402697,7531.873468904112,-27177.24768512286,291.9355978050029
2990000,2990.0000001503936,-35199.38922103907,7449.900216741464,-27749.489004297604,288.75831256874346
2995000,2995.000000151412,-35385.057546774195,7603.937092929202,-27781.120453844993,294.7287856149968
3000000,3000.000000152431,-34815.500298675084,7654.14079273491,-27161.359505940174,296.67468223358867
3005000,3005.0000001534495,-34931.04147523866,7534.196504269679,-27396.844970968978,292.0256387119524
3010000,3010.000000154468,-34807.01212422413,7708.29695917479,-27098.71516504934,298.7737765545072
3015000,3015.0000001554868,-34957.95347116167,7793.2139978502055,-27164.739473311467,302.06516302719376
3020000,3020.0000001565054,-35604.482343972304,7529.918446970852,-28074.56389700145,291.8598211075896
3025000,3025.000000157524,-34712.573201467254,7646.418345053888,-27066.154856413366,296.37535997471315
3030000,3030.0000001585427,-34644.51082044667,7500.867277111023,-27143.643543335646,290.7337970612513
3035000,3035.0000001595613,-35185.11140543553,7654.456691925867,-27530.654713509663,296.68692649386986
3040000,3040.00000016058,-35500.68746346864,7783.304056292748,-27717.38340717589,301.68105345276547
3045000,3045.0000001615986,-35011.956104913275,7604.956697129504,-27406.99940778377,294.7683054984586
3050000,3050.000000162617,-34903.9564350818,7409.542091871197,-27494.4143432106,287.194030672754
3055000,3055.000000163636,-35264.74094804496,7613.719060083248,-27651.02188796171,295.10793489845406
3060000,3060.0000001646545,-35318.46849032153,7553.3097140623995,-27765.15877625913,292.76646718575074
3065000,3065.000000165673,-35255.64088708479,7444.249870489152,-27811.391016595637,288.5393050113563
3070000,3070.0000001666917,-35155.22977806271,7611.647800182378,-27543.581977880334,295.02765281460506
3075000,3075.0000001677104,-35301.27215936205,7633.039320589314,-27668.23283877274,295.8567886629089
3080000,3080.000000168729,-35196.15766489425,7785.731092764831,-27410.426572129418,301.77512544511865
3085000,3085.0000001697476,-35202.291329375934,7478.418725203475,-27723.87260417246,289.8636906464206
3090000,3090.0000001707663,-35275.84986334878,7596.466788928599,-27679.383074420184,294.43923645127217
3095000,3095.000000171785,-35354.47470244776,7503.975146773402,-27850.49955567436,290.8542581645256
3100000,3100.0000001728035,-35322.539329813546,7603.726860615454,-27718.812469198092,294.72063700543174
3105000,3105.000000173822,-35329.246634098934,7795.334243550333,-27533.9123905486,302.1473438018066
3110000,3110.000000174841,-35192.746606529814,7852.950167426985,-27339.79643910283,304.38053840464494
3115000,3115.0000001758594,-35025.27038719184,7500.961568077466,-27524.308819114376,290.7374517813909
3120000,3120.000000176878,-35144.88673156561,7633.899727030681,-27510.98700453493,295.8901380373843
3125000,3125.0000001778967,-35349.66208372351,7574.062068712096,-27775.600015011412,293.5708289538464
3130000,3130.0000001789153,-35434.60203176994,7548.246374968534,-27886.355656801403,292.57021204002103
3135000,3135.000000179934,-35167.45764250965,7468.3581070921755,-27699.099535417477,289.47374084512137
3140000,3140.0000001809526,-34834.35717783149,7745.168342798085,-27089.1888350334,300.202912275441
3145000,3145.0000001819712,-35101.17363391677,7509.238246837868,-27591.935387078902,291.05825605030674
3150000,3150.00000018299,-35262.82861238326,7600.59078769252,-27662.23782469074,294.59908274309623
3155000,3155.0000001840085,-35520.49563381039,7738.722118739504,-27781.773515070883,299.9530564750354
3160000,3160.000000185027,-35134.6418149014,7514.439268052514,-27620.202546848886,291.25984775836747
3165000,3165.000000186046,-35065.930241852555,7661.9486647084705,-27403.981577144084,296.97731554010886
3170000,3170.0000001870644,-35196.60154083118,7576.066895875172,-27620.53464495601,293.6485361031718
3175000,3175.000000188083,-35294.989171052024,7730.566987003855,-27564.42218404817,299.6369633717385
3180000,3180.0000001891017,-35027.10945032317,7548.043473924647,-27479.065976398524,292.562347590653
3185000,3185.0000001901203,-35372.119252654506,7631.00227938754,-27741.116973266966,295.7778328966645
3190000,3190.000000191139,-35386.6134952349,7625.092703304003,-27761.5207919309,295.54877758474987
3195000,3195.0000001921576,-35403.16830722986,7777.353277542371,-27625.815029687492,301.4504011244876
3200000,3200.000000193176,-35268.437440851536,7800.825837977192,-27467.61160287434,302.36019813459995
3205000,3205.000000194195,-35183.16414272929,7774.6023201579155,-27408.561822571377,301.34377394973717
3210000,3210.0000001952135,-34942.27827565869,7568.49830091848,-27373.77997474021,293.35517717961204
3215000,3215.000000196232,-35384.48206454276,7712.757693181405,-27671.724371361357,298.94667471248164
3220000,3220.0000001972508,-35354.79881547194,7863.9248629756585,-27490.873952496284,304.8059178695228
3225000,3225.0000001982694,-35050.22012873463,7496.198504226111,-27554.02162450852,290.55283531132284
3230000,3230.000000199288,-35247.57102994115,7635.271379652888,-27612.299650288263,295.943303326193
3235000,3235.0000002003067,-35254.81153096575,7414.523241437336,-27840.288289528416,287.3871001504013
3240000,3240.0000002013253,-34876.532429629005,7572.756333514975,-27303.77609611403,293.52021862602817
3245000,3245.000000202344,-35472.736090885846,7695.894283218688,-27776.84180766716,298.29304853450327
3250000,3250.0000002033626,-34990.215777603706,7468.7822048623775,-27521.433572741327,289.4901788849507
3255000,3255.000000204381,-35196.10888754749,7505.005574027834,-27691.103313519656,290.89419754982714
3260000,3260.0000002054,-35128.775673915785,7445.294331361467,-27683.481342554318,288.5797883400264
3265000,3265.0000002064185,-35014.27503956229,7666.789207008722,-27347.48583255357,297.16493507673
3270000,3270.000000207437,-34799.650766760846,8026.706061746185,-26772.944705014663,311.115321070557
3275000,3275.0000002084557,-34917.359034820154,7357.252060080829,-27560.106974739327,285.16726777598103
3280000,3280.0000002094744,-35050.474831682724,7650.997125674255,-27399.47770600847,296.5528336222915
3285000,3285.000000210493,-35412.767636218836,7455.246185399084,-27957.521450819753,288.9655224431994
3290000,3290.0000002115116,-35014.779815113005,7521.3607224801235,-27493.41909263288,291.52812349936966
3295000,3295.0000002125303,-35011.70691765588,7267.7938640239845,-27743.913053631895,281.6998659333672
3300000,3300.000000213549,-35196.879391606446,7685.613728099191,-27511.265663507256,297.8945739694474
3305000,3305.0000002145675,-35307.55856779721,7533.1475145027,-27774.411053294512,291.98497984321557
3310000,3310.000000215586,-35464.95872076019,7647.651960599824,-27817.30676016036,296.42317494310726
3315000,3315.000000216605,-35298.00642410833,7556.466480864585,-27741.539943243748,292.88882354334646
3320000,3320.0000002176234,-35161.499756835845,7737.612824002397,-27423.886932833448,299.910060184198
3325000,3325.000000218642,-35436.15687850146,7766.275958270584,-27669.880920230877,301.02104396162
3330000,3330.0000002196607,-35008.460088277105,7687.470925664273,-27320.98916261283,297.96655899198424
3335000,3335.0000002206793,-34667.53629966483,7434.325026061199,-27233.211273603632,288.15461780130715
3340000,3340.000000221698,-34897.815945923845,7710.064521888009,-27187.751424035836,298.8422873280182
3345000,3345.0000002227166,-35051.068743685195,7749.98298973255,-27301.085753952644,300.3895281070579
3350000,3350.0000002237352,-35125.2953991217,7500.15355711007,-27625.14184201163,290.70613325675384
3355000,3355.000000224754,-35257.294786372935,7596.207195080686,-27661.08759129225,294.42917458744904
3360000,3360.0000002257725,-34669.761761492155,7317.2205211777045,-27352.54124031445,283.6156443599761
3365000,3365.000000226791,-35145.61519309073,7695.364939571042,-27450.250253519687,298.27253116191895
3370000,3370.00000022781,-35199.27442096015,7565.901843844766,-27633.372577115384,293.25453844064236
3375000,3375.0000002288284,-35329.2941109793,7674.6569823372865,-27654.637128642018,297.4698902387388
3380000,3380.000000229847,-34873.02794249843,7485.612656505467,-27387.415285992967,290.1425275976633
3385000,3385.0000002308657,-35256.33777834036,7519.311975755565,-27737.025802584798,291.448714026779
3390000,3390.0000002318843,-34853.57956383489,7710.814093944926,-27142.765469889968,298.8713407590719
3395000,3395.000000232903,-35439.72937840866,7534.822493736734,-27904.906884671924,292.0499020788343
3400000,3400.0000002339216,-35212.67240001651,7475.494200309053,-27737.178199707458,289.75033599078625
3405000,3405.00000023494,-34895.72731939885,7660.995059876119,-27234.73225952273,296.94035379374503
3410000,3410.000000235959,-35215.42808382984,7537.459897856584,-27677.968185973252,292.15212792630246
3415000,3415.0000002369775,-35284.17412567444,7678.723818482029,-27605.450307192412,297.6275209060611
3420000,3420.000000237996,-35168.93436091633,7656.185946953879,-27512.748413962454,296.7539524605757
3425000,3425.0000002390148,-35146.277114567405,7689.682308212225,-27456.59480635518,298.05227223302285
3430000,3430.0000002400334,-34844.20198337485,7850.384783183925,-26993.817200190926,304.2811040493429
3435000,3435.000000241052,-34987.67893059576,7598.626136930937,-27389.05279366482,294.52293283206427
3440000,3440.0000002420707,-35082.864356235565,7700.359651971088,-27382.504704264476,298.46612633533647
3445000,3445.0000002430893,-35227.03058853097,7451.839187572134,-27775.191400958836,288.83346712503214
3450000,3450.000000244108,-34813.83354905852,7648.026126345594,-27165.80742271293,296.43767761646217
3455000,3455.0000002451266,-35196.28031346552,7680.881321361287,-27515.39899210423,297.711145769838
3460000,3460.000000246145,-34765.34743831293,7697.270291601493,-27068.077146711435,298.3463826526981
3465000,3465.000000247164,-35161.661481124116,7615.553065399181,-27546.108415724935,295.17902098885304
3470000,3470.0000002481825,-34844.62515465851,7654.545998369599,-27190.079156288914,296.69038801378866
3475000,3475.000000249201,-35048.68173894725,7543.11173066821,-27505.57000827904,292.3711931027646
3480000,3480.0000002502197,-34862.81217927895,7648.972797789376,-27213.839381489575,296.47437062451735
3485000,3485.0000002512384,-35242.215621070645,7644.7952350261085,-27597.420386044538,296.31244819078324
3490000,3490.000000252257,-34926.91438372717,7721.618202172745,-27205.296181554426,299.2901082552679
3495000,3495.0000002532756,-35131.54446346622,7347.630493792181,-27783.91396967404,284.79433563394576
3500000,3500.0000002542943,-34988.544059924454,7605.255883592279,-27383.288176332175,294.7799019729912
3505000,3505.000000255313,-35374.858020082305,7552.5656427235845,-27822.29237735872,292.7376269626636
3510000,3510.0000002563315,-35201.641822028105,7546.612399066121,-27655.029422961983,292.50687909452756
3515000,3515.00000025735,-35203.6297462465,7277.944376650627,-27925.685369595874,282.0933000482552
3520000,3520.000000258369,-35371.387730075556,7590.680680847683,-27780.707049227873,294.2149667621251
3525000,3525.0000002593874,-34715.431690504534,7811.514295292713,-26903.91739521182,302.7744829986384
3530000,3530.000000260406,-34970.30605152777,7655.3805570672575,-27314.925494460513,296.72273552909286
3535000,3535.0000002614247,-35160.41275606179,7587.348443964705,-27573.064312097085,294.08580917995425
3540000,3540.0000002624433,-35329.08689717594,7657.297021691961,-27671.78987548398,296.797017744294
3545000,3545.000000263462,-35228.361210842886,7435.600598654541,-27792.760612188344,288.20405902587345
3550000,3550.0000002644806,-34919.397930006315,7581.576017368565,-27337.82191263775,293.8620697854879
3555000,3555.0000002654992,-35006.36811546685,7725.958416790763,-27280.40969867609,299.45833507882577
3560000,3560.000000266518,-35367.662003356665,7649.99136888129,-27717.670634475377,296.513850464673
3565000,3565.0000002675365,-34756.78979508929,7511.078577976899,-27245.711217112388,291.12958732976205
3570000,3570.000000268555,-34597.46126821913,7572.652347035656,-27024.808921183474,293.516188107575
3575000,3575.000000269574,-35236.660583407946,7686.995933419203,-27549.664649988743,297.9481482810782
3580000,3580.0000002705924,-34946.889392352285,7466.778163389142,-27480.111228963142,289.4125021889825
3585000,3585.000000271611,-34973.11514708204,7589.553329539777,-27383.561817542264,294.1712705981668
3590000,3590.0000002726297,-35053.437520856234,7701.318623479865,-27352.11889737637,298.50329609420834
3595000,3595.0000002736483,-34945.50202939483,7585.891751111552,-27359.610278283282,294.0293477297375
3600000,3600.000000274667,-35238.909225390154,7522.80212679959,-27716.107098590564,291.58399236565094
3605000,3605.0000002756856,-35282.746902989165,7657.299566215574,-27625.44733677359,296.79711637009075
3610000,3610.000000276704,-34978.168316975265,7581.45607460015,-27396.712242375113,293.85742080088346
3615000,3615.000000277723,-35501.83047934392,7772.015703249814,-27729.814776094103,301.2435166158246
3620000,3620.0000002787415,-35055.44151667402,7656.703010689656,-27398.738505984365,296.7739938634791
3625000,3625.00000027976,-35107.68177749075,7638.211759929303,-27469.47001756144,296.0572725368168
3630000,3630.0000002807787,-35167.991334562095,7756.972169564473,-27411.019164997622,300.66042888636906
3635000,3635.0000002817974,-35023.099402201355,7705.047045172281,-27318.052357029075,298.64780980917425
3640000,3640.000000282816,-35026.86008568488,7532.725850594432,-27494.134235090445,291.9686361399336
3645000,3645.0000002838347,-34811.25214908446,7656.185522347339,-27155.06662673712,296.75393600281603
3650000,3650.0000002848533,-34960.749550833025,7697.55943451986,-27263.190116313166,298.3575898392066
3655000,3655.000000285872,-35100.60461489862,7813.527890075784,-27287.076724822837,302.8525299811269
3660000,3660.0000002868906,-34898.70528617869,7407.188324148944,-27491.516962029742,287.1027985789161
3665000,3665.000000287909,-35296.50939052737,7803.7031195365425,-27492.806270990826,302.47172163742437
3670000,3670.000000288928,-35128.20990666914,7654.064642390021,-27474.145264279116,296.6717306443791
3675000,3675.0000002899465,-35107.36022391626,7792.418458636665,-27314.941765279593,302.0343279080377
3680000,3680.000000290965,-35183.03001194724,7484.806809062742,-27698.223202884496,290.1112929312947
3685000,3685.0000002919837,-35244.888634458446,7738.463945193713,-27506.424689264735,299.94304966215685
3690000,3690.0000002930024,-35230.67318347558,7664.494802644222,-27566.178380831356,297.0760039080742
3695000,3695.000000294021,-35267.75376909984,7618.925252265147,-27648.828516834696,295.3097270333306
3700000,3700.0000002950396,-35091.21609574278,7395.111752287692,-27696.104343455085,286.63471036151503
3705000,3705.0000002960583,-35221.111951245046,7548.59446786506,-27672.517483379987,292.5837041291087
3710000,3710.000000297077,-35038.15500247211,7532.7121544410475,-27505.44284803106,291.9681052766972
3715000,3715.0000002980955,-35344.39504794625,7783.603302193362,-27560.79174575289,301.6926522311102
3720000,3720.000000299114,-35246.04101267314,7722.200100227393,-27523.840912445743,299.3126626379387
3725000,3725.000000300133,-35369.42689973301,7493.378003381495,-27876.048896351513,290.4435126303747
3730000,3730.0000003011514,-35424.83418843101,7529.704636788078,-27895.12955164293,291.8515338197345
3735000,3735.00000030217,-35062.007568638684,7238.761291230387,-27823.246277408296,280.5745627097657
3740000,3740.0000003031887,-35142.144003205256,7516.794769716958,-27625.349233488298,291.35114705984665
3745000,3745.0000003042073,-35154.33852281986,7542.44661512198,-27611.89190769788,292.34541320810763
3750000,3750.000000305226,-35289.881878176195,7496.105136916045,-27793.77674126015,290.54921639212665
3755000,3755.0000003062446,-35131.56729015292,7505.766777036277,-27625.800513116643,290.92370179684326
3760000,3760.0000003072632,-35220.42430162256,7289.621657204962,-27930.8026444176,282.54591172494366
3765000,3765.000000308282,-35126.3580902747,7563.234454012059,-27563.123636262637,293.1511503462187
3770000,3770.0000003093005,-35284.96882794281,7672.2492939871,-27612.719533955707,297.37656818005826
3775000,3775.000000310319,-35044.91153358048,7592.975819416533,-27451.93571416395,294.30392638855915
3780000,3780.0000003113378,-35067.31855184322,7645.281256228817,-27422.037295614406,296.33128638435414
3785000,3785.0000003123564,-35012.53580672126,7460.701393381974,-27551.834413339282,289.17696643654455
3790000,3790.000000313375,-34627.283111903635,7635.766185220293,-26991.51692668334,295.96248200195197
3795000,3795.0000003143937,-35161.073631163556,7705.486830514201,-27455.586800649355,298.6648558996628
3800000,3800.0000003154123,-35401.03052968095,7704.168724858955,-27696.861804821998,298.61376609258855
3805000,3805.000000316431,-35154.54973161379,7558.5378870596505,-27596.01184455414,292.96911129756194
3810000,3810.0000003174496,-35125.19294350774,7475.2716530379275,-27649.921290469814,289.7417100531754
3815000,3815.000000318468,-35310.09451934997,7691.06976578797,-27619.024753562,298.1060501222129
3820000,3820.000000319487,-34962.41403645999,7766.125774033582,-27196.288262426406,301.01522281696185
3825000,3825.0000003205055,-35386.963210912945,7621.544210820319,-27765.419000092625,295.41123793026577
3830000,3830.000000321524,-35181.727020443126,7376.871969795798,-27804.85505064733,285.92773595101966
3835000,3835.0000003225427,-34921.45794113986,7670.58650923549,-27250.87143190437,297.31211860287317
3840000,3840.0000003235614,-35205.73047997255,7396.583774102388,-27809.146705870167,286.69176596265197
3845000,3845.00000032458,-35298.802994395526,7279.736898327814,-28019.066096067712,282.16277823181315
3850000,3850.0000003255986,-34898.45964951937,7399.079307107314,-27499.380342412056,286.7884928822746
3855000,3855.0000003266173,-34913.70318281035,7844.14747596475,-27069.5557068456,304.03934587068505
3860000,3860.000000327636,-35308.52436578514,7817.331036241225,-27491.193329543916,302.99994001847443
3865000,3865.0000003286546,-35414.773720806385,7640.6241064641445,-27774.14961434224,296.15077514684725
3870000,3870.000000329673,-35324.05881167169,7258.369500082434,-28065.689311589256,281.33457735907456
3875000,3875.000000330692,-35211.015796078005,7625.3877008835425,-27585.628095194465,295.560211698067
3880000,3880.0000003317105,-35485.59358331434,7714.694315630162,-27770.899267684174,299.02173824543064
3885000,3885.000000332729,-34899.73638277502,7636.485282374097,-27263.25110040093,295.99035422502396
3890000,3890.0000003337477,-35197.743598639514,7520.891490261074,-27676.85210837844,291.5099360472114
3895000,3895.0000003347664,-34959.990025355975,7625.641972430905,-27334.34805292507,295.57006726939204
3900000,3900.000000335785,-35372.67134148885,7902.865720393179,-27469.80562109567,306.3152664447687
3905000,3905.0000003368036,-35051.166814044656,7495.45243422227,-27555.714379822384,290.52391761993107
3910000,3910.0000003378223,-35247.21865518491,7555.598567066126,-27691.620088118783,292.8551831835286
3915000,3915.000000338841,-35623.48073115462,7627.834344944733,-27995.646386209883,295.65504368104814
3920000,3920.0000003398595,-35017.58844913481,7613.798287229332,-27403.79016190548,295.1110057445523
3925000,3925.000000340878,-35413.098140377115,7668.699151373523,-27744.398989003592,297.23896456649965
3930000,3930.000000341897,-35235.242759202796,7428.130790361449,-27807.111968841346,287.91452907578383
3935000,3935.0000003429154,-34990.49312669333,7788.22010289193,-27202.273023801397,301.871599537839
3940000,3940.000000343934,-34983.9518136775,7789.845849358731,-27194.10596431877,301.9346135102092
3945000,3945.0000003449527,-35177.12411084331,7635.875660141555,-27541.248450701754,295.96672525254763
3950000,3950.0000003459713,-35194.83995858161,7592.2559041526465,-27602.58405442896,294.2760224555205
3955000,3955.00000034699,-35173.64001668477,7800.43872000534,-27373.20129667943,302.34519343264895
3960000,3960.0000003480086,-34900.60593650545,7474.185547901652,-27426.4203886038,289.6996125918271
3965000,3965.0000003490272,-35131.682985086634,7475.188312779104,-27656.49467230753,289.7384797827279
3970000,3970.000000350046,-35354.414877387615,7699.791125544209,-27654.623751843406,298.4440902372814
3975000,3975.0000003510645,-35347.05503597217,7593.6772719279925,-27753.377764044177,294.33111470486716
3980000,3980.000000352083,-34948.614894792874,7692.183849174491,-27256.43104561838,298.14923202121736
3985000,3985.0000003531018,-35215.78157442934,7725.940371193453,-27489.841203235886,299.45763563103753
3990000,3990.0000003541204,-35262.36450284536,7628.394283341885,-27633.970219503477,295.6767469068633
3995000,3995.000000355139,-35562.760731974915,7480.982651121067,-28081.77808085385,289.9630684769922
4000000,4000.0000003561577,-34915.35074428642,7662.107023509977,-27253.243720776445,296.983453531085
4005000,4005.0000003571763,-35487.08071465507,7478.837089688928,-28008.243624966144,289.8799064639944
4010000,4010.000000358195,-35390.56499369036,7615.58337048375,-27774.981623206608,295.1801956146638
4015000,4015.0000003592136,-35453.63618395358,7542.268478314339,-27911.367705639244,292.3385086211354
4020000,4020.000000360232,-35296.55633621313,7356.34705547388,-27940.209280739247,285.13218977552907
4025000,4025.000000361251,-34832.864562866045,7770.47340787713,-27062.391154988916,301.18373720988063
4030000,4030.0000003622695,-35357.50210999698,7575.306849405375,-27782.19526059161,293.6190766836216
4035000,4035.000000363288,-35287.02893217769,7703.10483162279,-27583.924100554897,298.57252956502566
4040000,4040.0000003643067,-34985.19215848659,7649.125946933201,-27336.066211553392,296.48030668903573
4045000,4045.0000003653254,-35460.25909291133,7475.177833293477,-27985.08125961785,289.73807359761156
4050000,4050.000000366344,-35393.099348149466,7438.713601204137,-27954.38574694533,288.3247190799804
4055000,4055.0000003673626,-34722.93984551077,7376.136502221409,-27346.803343289364,285.89922921004984
4060000,4060.0000003683813,-35386.46428544371,7636.487668913676,-27749.976616530035,295.9904467273558
4065000,4065.0000003694,-35019.5700738617,7564.898880566683,-27454.67119329502,293.2156635597283
4070000,4070.0000003704185,-35164.73032952463,7379.818282521834,-27784.9120470028,286.04193510353423
4075000,4075.000000371437,-34540.158613923435,7501.50465590393,-27038.653958019506,290.7585018786787
4080000,4080.000000372456,-34890.74251872917,7370.7150447678405,-27520.027473961327,285.6890933880374
4085000,4085.0000003734744,-34899.17408252468,7787.720316272046,-27111.453766252635,301.8522277963656
4090000,4090.000000374493,-34909.51445912536,7862.0480943262955,-27047.466364799067,304.7331742712858
4095000,4095.0000003755117,-35206.15785215048,7607.684919672407,-27598.47293247807,294.87405147020064
4100000,4100.00000037653,-35426.024781681685,7711.64626642057,-27714.378515261116,298.90359578435306
4105000,4105.0000003775485,-34948.07478697368,7254.62626113351,-27693.44852584017,281.189489326888
4110000,4110.000000378567,-35345.48542901136,7301.020232724758,-28044.4651962866,282.98772078775323
4115000,4115.000000379586,-35006.76503608894,7368.0386997761,-27638.726336312837,285.585358191433
4120000,4120.000000380604,-35142.3290563179,7668.649877084538,-27473.679179233364,297.2370546938669
4125000,4125.000000381623,-35267.3710188939,7624.081617824589,-27643.289401069313,295.50958788711574
4130000,4130.000000382642,-35363.62456598052,7479.454033657213,-27884.170532323307,289.90381922712527
4135000,4135.00000038366,-34788.79456219613,7507.339518290222,-27281.45504390591,290.98466128588126
4140000,4140.000000384679,-34999.71904812575,7802.801408351511,-27196.917639774238,302.43677129008563
4145000,4145.000000385698,-35391.635946270864,7414.75600234392,-27976.879943926942,287.3961219687696
4150000,4150.000000386716,-35128.176273428,7614.954589986841,-27513.22168344116,295.15582406739725
4155000,4155.000000387735,-35340.56920867331,7626.125234329749,-27714.44397434356,295.5887985122784
4160000,4160.0000003887535,-35184.81260047731,7509.711838139714,-27675.10076233759,291.0766124606196
4165000,4165.000000389772,-35177.435128330384,7467.28139629677,-27710.153732033614,289.43200750865236
4170000,4170.000000390791,-35010.40180559362,7539.9708768068895,-27470.43092878673,292.2494535311417
4175000,4175.000000391809,-35291.51984897365,7591.836513840584,-27699.683335133064,294.2597668768825
4180000,4180.000000392828,-34785.05642079513,7617.510886076936,-27167.545534718196,295.2549061656706
4185000,4185.000000393847,-35022.83697398294,7795.3863009487795,-27227.450673034164,302.14936154782936
4190000,4190.000000394865,-35271.50250759174,7796.993368893113,-27474.509138698624,302.21165154021696
4195000,4195.000000395884,-35084.79619190157,7580.589321206746,-27504.206870694827,293.8238254183936
4200000,4200.000000396903,-35459.46085110408,7651.993399462475,-27807.467451641605,296.5914492184167
4205000,4205.000000397921,-35029.01225441849,7943.531517193154,-27085.480737225338,307.89147371219445
4210000,4210.00000039894,-35239.29867463085,7728.397042390809,-27510.901632240042,299.55285626605905
4215000,4215.0000003999585,-34325.88101098921,7616.116275640533,-26709.764735348675,295.20085103142844
4220000,4220.000000400977,-34862.81009448092,7488.451015878758,-27374.35907860216,290.2525424756147
4225000,4225.000000401996,-35313.666749444004,7583.563371424969,-27730.103378019034,293.9390996767761
4230000,4230.000000403014,-34925.57569085461,7353.2248172334985,-27572.35087362111,285.0111717458239
4235000,4235.000000404033,-35430.53444679902,7440.317382745174,-27990.217064053846,288.3868816912967
4240000,4240.000000405052,-35139.378474556914,7443.964076261616,-27695.414398295296,288.5282276201854
4245000,4245.00000040607,-35476.40253811134,7822.327773853203,-27654.074764258134,303.1936136891554
4250000,4250.000000407089,-35145.121841507316,7670.507129032283,-27474.614712475035,297.30904182427713
4255000,4255.000000408108,-35332.04836322969,7409.6821103314505,-27922.36625289824,287.1994577916596
4260000,4260.000000409126,-35165.740027441796,7461.139625911671,-27704.600401530126,289.1939523399938
4265000,4265.000000410145,-35118.60377409171,7874.752667058426,-27243.851107033282,305.22560381762963
4270000,4270.0000004111635,-35045.59865981144,7679.869645927249,-27365.729013884193,297.6719332055484
4275000,4275.000000412182,-34994.88894182178,7602.606002441722,-27392.282939380057,294.67719251551114
4280000,4280.000000413201,-34988.36914852064,7722.1018331796,-27266.267315341036,299.30885380478975
4285000,4285.000000414219,-35111.201653461205,7476.847386799654,-27634.35426666155,289.8027855318873
4290000,4290.000000415238,-34691.602476466986,7621.930073638112,-27069.672402828874,295.4261939824151
4295000,4295.000000416257,-35312.72836297554,7361.184242620181,-27951.54412035536,285.31967926630193
4300000,4300.000000417275,-35212.03731952127,7398.715433769289,-27813.32188575198,286.7743891428929
4305000,4305.000000418294,-34912.046800317345,7798.074914564355,-27113.971885752988,302.25357227659026
4310000,4310.0000004193125,-35254.24510431156,7738.871293543381,-27515.37381076818,299.9588384940413
4315000,4315.000000420331,-34531.90459686205,7418.687964668269,-27113.21663219378,287.54852492355167
4320000,4320.00000042135,-35116.371594669195,7835.005642548296,-27281.365952120897,303.6850081863779
4325000,4325.000000422368,-35105.80732480485,7398.999626330427,-27706.807698474426,286.78540445343555
4330000,4330.000000423387,-35144.9613358624,7600.097552734947,-27544.86378312745,294.57996494421235
4335000,4335.000000424406,-34914.841842957445,7752.414186926211,-27162.427656031236,300.4837613690801
4340000,4340.000000425424,-35260.17031338918,7596.216693573366,-27663.953619815813,294.42954274925506
4345000,4345.000000426443,-35716.74225996837,7684.971665621946,-28031.770594346424,297.86968761230173
4350000,4350.000000427462,-34872.42925694492,7600.822801093102,-27271.606455851816,294.60807558811376
4355000,4355.00000042848,-35179.292332453566,7760.972258705227,-27418.32007374834,300.81547243820256
4360000,4360.000000429499,-35041.85209740028,7473.459562903901,-27568.39253449638,289.67147339575706
4365000,4365.0000004305175,-35050.28912398834,7573.178038507389,-27477.111085480952,293.5365639217326
4370000,4370.000000431536,-35091.48901305452,7599.633639171232,-27491.855373883285,294.5619836432635
4375000,4375.000000432555,-35114.77571969587,7659.8585608681915,-27454.91715882768,296.89630306471275
4380000,4380.000000433573,-34953.906776751835,7438.33402287714,-27515.572753874694,288.3100066148463
4385000,4385.000000434592,-35241.105050392005,7804.3179784202,-27436.787071971805,302.49555358262467
4390000,4390.000000435611,-35261.21988312053,7608.826281351233,-27652.393601769298,294.9182906764745
4395000,4395.000000436629,-34799.950741503584,7555.039545502017,-27244.911196001565,292.8335154941844
4400000,4400.000000437648,-35128.17775896455,7732.7726449157135,-27395.405114048837,299.7224547257436
4405000,4405.000000438667,-35078.03872124414,7784.931404269306,-27293.107316974834,301.74412949969246
4410000,4410.000000439685,-34873.6667434112,7465.708075081844,-27407.95866832936,289.37102554031276
4415000,4415.000000440704,-35146.02557466235,7546.627440465063,-27599.39813419729,292.5074620995143
4420000,4420.0000004417225,-35060.78121977085,7669.452400005192,-27391.328819765655,297.26816050167963
4425000,4425.000000442741,-34989.318041088845,7591.123795825954,-27398.19424526289,294.2321419093991
4430000,4430.00000044376,-35301.94824391827,7540.516201887641,-27761.43204203063,292.27059034445966
4435000,4435.000000444778,-35188.59584103103,7877.545181999606,-27311.05065903142,305.3338417642838
4440000,4440.000000445797,-35326.600218423584,7854.3599212571835,-27472.2402971664,304.4351804971968
4445000,4445.000000446816,-35332.14612543477,7592.647922203661,-27739.498203231105,294.2912170846584
4450000,4450.000000447834,-35070.221985312994,7498.660530893832,-27571.561454419163,290.6482635245052
4455000,4455.000000448853,-35107.24679543097,7704.902437512667,-27402.3443579183,298.64220481279045
4460000,4460.000000449872,-34919.89086061833,7626.4852150685,-27293.405645549832,295.6027513744182
4465000,4465.00000045089,-35246.73404801134,7544.744396247784,-27701.989651763557,292.4344752601132
4470000,4470.000000451909,-35371.87535742052,7476.325649016624,-27895.549708403894,289.78256296279943
4475000,4475.000000452927,-35515.818788326134,7644.169760161158,-27871.649028164975,296.2882047698913
4480000,4480.000000453946,-35499.1530121154,7515.579879050843,-27983.573133064558,291.3040578682472
4485000,4485.000000454965,-34811.94965628679,7606.753713726814,-27205.195942559978,294.8379579052292
4490000,4490.000000455983,-35231.914277187345,7548.6920038230255,-27683.22227336432,292.58748462519816
4495000,4495.000000457002,-35225.28553316118,7721.50013017795,-27503.78540298323,299.28553178189424
4500000,4500.000000458021,-35213.65306323568,7506.185256641971,-27707.46780659371,290.93992207648046
4505000,4505.000000459039,-34910.773719783356,7627.893299770195,-27282.88042001316,295.65732877150884
4510000,4510.000000460058,-35584.586440032275,7785.292746535188,-27799.293693497086,301.7581351346567
4515000,4515.0000004610765,-35181.68494604714,7682.3663530966805,-27499.31859295046,297.7687056358158
4520000,4520.000000462095,-35147.40057028294,7579.662682812716,-27567.737887470223,293.78790889183125
4525000,4525.000000463114,-35310.80342594604,7732.28481138254,-27578.5186145635,299.7035462862001
4530000,4530.000000464132,-35594.63387601662,7489.362869896774,-28105.271006119845,290.28788595940523
4535000,4535.000000465151,-35330.646758011586,7720.719856989769,-27609.926901021816,299.25528837425026
4540000,4540.00000046617,-35305.17972135478,7804.478562415856,-27500.70115893893,302.5017778221798
4545000,4545.000000467188,-34727.0053757757,7509.107291476765,-27217.898084298933,291.0531802173433
4550000,4550.000000468207,-34975.04968856324,7715.77052008379,-27259.27916847945,299.0634519560801
4555000,4555.000000469226,-35358.284411379944,7587.462212205084,-27770.822199174858,294.0902188397027
4560000,4560.000000470244,-35284.13503975816,7486.067865669063,-27798.067174089098,290.16017151585305
4565000,4565.000000471263,-35100.86660392029,7621.954000261878,-27478.91260365841,295.4271213789309
4570000,4570.0000004722815,-35215.630099484144,7369.475311514672,-27846.15478796947,285.641041297163
4575000,4575.0000004733,-35305.59737460785,7593.961469961556,-27711.635904646297,294.34213022752107
4580000,4580.000000474319,-35305.5098585892,7668.842901379329,-27636.66695720987,297.24453632020106
4585000,4585.000000475337,-35450.79604276876,7554.353365286639,-27896.44267748212,292.80691913244186
4590000,4590.000000476356,-35249.30867472239,7432.405912472347,-27816.902762250047,288.08023291219155
4595000,4595.000000477375,-34840.20283685619,7791.78500937024,-27048.417827485948,302.0097753991518
4600000,4600.000000478393,-34980.028020266516,7543.433979212734,-27436.59404105378,292.38368346414364
4605000,4605.000000479412,-34986.1485488526,7653.264083242443,-27332.884465610157,296.64070095245836
4610000,4610.000000480431,-34909.77391274487,7461.295791034394,-27448.47812171048,289.2000053039272
4615000,4615.000000481449,-35241.99863770121,7259.797843022954,-27982.200794678254,281.3899399659921
4620000,4620.000000482468,-35463.520280854966,7671.974482293186,-27791.54579856178,297.3659164721561
4625000,4625.0000004834865,-35121.578863893315,7652.210649492117,-27469.3682144012,296.5998698348196
4630000,4630.000000484505,-34939.48354689897,7617.922724250973,-27321.560822647996,295.2708690232562
4635000,4635.000000485524,-35331.49034867749,7766.458444490258,-27565.031904187235,301.0281171319079
4640000,4640.000000486542,-35255.00411495792,7350.291087408656,-27904.713027549264,284.89746030686393
4645000,4645.000000487561,-35510.81980102137,7799.280041052541,-27711.539759968826,302.30028300841707
4650000,4650.00000048858,-35369.85612485283,7500.169280242297,-27869.68684461053,290.70674268573913
4655000,4655.000000489598,-34868.31750533081,7566.690964800997,-27301.62654052981,293.28512478798996
4660000,4660.000000490617,-35064.18969296319,7642.359177185832,-27421.830515777358,296.2180265299807
4665000,4665.000000491636,-35402.40409045082,7527.882176608649,-27874.521913842174,291.7808952191057
4670000,4670.000000492654,-35336.32004687729,7883.970543921554,-27452.349502955738,305.582888947769
4675000,4675.000000493673,-35181.92145606534,7871.227142710887,-27310.694313354456,305.088954408658
4680000,4680.000000494691,-35107.34689315465,7609.013479939858,-27498.333413214794,294.92554649829685
4685000,4685.00000049571,-34921.95728649348,7592.054030100826,-27329.903256392656,294.2681978123898
4690000,4690.000000496729,-34885.5897468991,7400.150723621584,-27485.43902327752,286.83002101227885
4695000,4695.000000497747,-35282.5231141109,7629.088954585126,-27653.43415952578,295.7036723810512
4700000,4700.000000498766,-35212.268297323746,7665.28230267642,-27546.985994647326,297.1065274283671
4705000,4705.000000499785,-35097.76499273152,7678.935918176388,-27418.829074555135,297.63574189534387
4710000,4710.000000500803,-35182.99731476954,7646.710875807596,-27536.286438961946,296.3866984738014
4715000,4715.000000501822,-35483.5178584238,7569.11840768672,-27914.39945073708,293.3792125329457
4720000,4720.0000005028405,-35275.16475012419,7518.707497327112,-27756.457252797078,291.42528442827347
4725000,4725.000000503859,-35159.22043013617,7498.955456138781,-27660.26497399739,290.65969483413187
4730000,4730.000000504878,-35266.53533517849,7514.430540697802,-27752.104794480685,291.2595094858878
4735000,4735.000000505896,-34851.68825498197,7580.323842159391,-27271.36441282258,293.8135354440978
4740000,4740.000000506915,-35316.85667449363,7544.361257824513,-27772.49541666912,292.4196248055614
4745000,4745.000000507934,-35322.77772017633,7703.600085000562,-27619.17763517577,298.5917255979253
4750000,4750.000000508952,-35518.787938229376,7578.777859755204,-27940.010078474173,293.7536131287236
4755000,4755.000000509971,-35095.403800565255,7615.610613033572,-27479.793187531683,295.18125153655376
4760000,4760.00000051099,-34737.66224127729,7700.218222289819,-27037.444018987473,298.4606445174702
4765000,4765.000000512008,-35047.594269263216,7457.095368711517,-27590.498900551698,289.0371968331098
4770000,4770.000000513027,-35280.1534472394,7495.9216917095055,-27784.231755529894,290.5421060514848
4775000,4775.0000005140455,-35032.28562441691,7496.018540373324,-27536.267084043586,290.54585990803656
4780000,4780.000000515064,-35318.685746058305,7761.842400737517,-27556.843345320787,300.84919916441754
4785000,4785.000000516083,-35161.90028125041,7673.105541062781,-27488.79474018763,297.4097563374191
4790000,4790.000000517101,-34857.22214563076,7713.24790410835,-27143.97424152241,298.96567529986527
4795000,4795.00000051812,-34843.28979953464,7991.072099550522,-26852.21769998412,309.73414783408396
4800000,4800.000000519139,-35194.59733820283,7426.513696091374,-27768.083642111458,287.85185046276814
4805000,4805.000000520157,-34741.289895534865,7680.562933783873,-27060.726961750992,297.6988050596376
4810000,4810.000000521176,-34883.89504464201,7541.265230066374,-27342.629814575637,292.2996226947818
4815000,4815.000000522195,-34955.43734885378,7571.989342415832,-27383.44800643795,293.4904900324765
4820000,4820.000000523213,-35535.98438214821,7745.2982413619775,-27790.686140786238,300.2079471469189
4825000,4825.000000524232,-35041.12845562843,7723.128477456126,-27317.9999781723,299.34864656177615
4830000,4830.0000005252505,-35166.32253419748,7499.134438649615,-27667.18809554787,290.66663220058024
4835000,4835.000000526269,-34843.32235096494,7508.666643755943,-27334.655707208996,291.0361007010277
4840000,4840.000000527288,-35704.39715256876,7603.014645202837,-28101.382507365925,294.6930315188145
4845000,4845.000000528306,-35122.8964309954,7669.055921571991,-27453.84050942341,297.2527929880203
4850000,4850.000000529325,-35156.70628805884,7749.331201573372,-27407.37508648547,300.36426478224536
4855000,4855.000000530344,-35063.89689070814,7690.141157505368,-27373.755733202775,298.0700572427218
4860000,4860.000000531362,-35203.66321681057,7668.111890723246,-27535.551326087327,297.2162023294926
4865000,4865.000000532381,-35285.485038996325,7675.180481438938,-27610.304557557385,297.4901810765791
4870000,4870.0000005333995,-35163.874400282926,7604.300865189716,-27559.57353509321,294.7428854366118
4875000,4875.000000534418,-35103.772858230775,7632.8794483586025,-27470.893409872173,295.8505920113802
4880000,4880.000000535437,-35338.666595210554,7728.980568332354,-27609.6860268782,299.5754737456653
4885000,4885.000000536455,-35003.29021911054,7680.830866420523,-27322.459352690013,297.70919013511383
4890000,4890.000000537474,-35202.46884576408,7506.295238837623,-27696.17360692646,290.9441849890437
4895000,4895.000000538493,-35082.142301698215,7494.221248133328,-27587.92105356489,290.47619681734875
4900000,4900.000000539511,-35130.535207362824,7511.142763969513,-27619.39244339331,291.132075180388
4905000,4905.00000054053,-35136.50450422289,7790.749443910296,-27345.755060312593,301.9696368568803
4910000,4910.000000541549,-35268.94998771615,7452.807310243652,-27816.142677472497,288.87099158319324
4915000,4915.000000542567,-35493.37886888853,7343.070780215008,-28150.308088673526,284.6176010254228
4920000,4920.000000543586,-35213.19941912029,7725.622820726767,-27487.576598393523,299.4453273672692
4925000,4925.0000005446045,-35136.6076866837,7476.008196654026,-27660.59949002968,289.77025850154786
4930000,4930.000000545623,-35109.32046384826,7475.972948648136,-27633.34751520012,289.7688922879871
4935000,4935.000000546642,-35077.98945447696,7636.900577874409,-27441.088876602553,296.0064510886595
4940000,4940.00000054766,-35199.87918965957,7576.738224156099,-27623.140965503473,293.6745568035759
4945000,4945.000000548679,-34928.96481115066,7695.2702138274835,-27233.694597323178,298.26885958980773
4950000,4950.000000549698,-35368.467128886165,7410.7261906498115,-27957.740938236355,287.23992637004926
4955000,4955.000000550716,-35360.6802726547,7565.05540855326,-27795.624864101443,293.2217305882735
4960000,4960.000000551735,-35477.233509327,7266.661618617919,-28210.57189070908,281.65598007404594
4965000,4965.000000552754,-35010.35699501664,7641.904482204076,-27368.452512812568,296.2004025414915
4970000,4970.000000553772,-35211.87135987066,7562.601896627573,-27649.269463243087,293.12663240669826
4975000,4975.000000554791,-35159.10452871903,7475.884524611371,-27683.220004107658,289.7654649701837
4980000,4980.0000005558095,-35179.197966302214,7569.453476595444,-27609.74448970677,293.39219981195106
4985000,4985.000000556828,-34787.302540421464,7682.980059584308,-27104.322480837156,297.7924929141181
4990000,4990.000000557847,-34886.01431410793,7631.67418254561,-27254.34013156232,295.8038758793206
4995000,4995.000000558865,-34781.08177602294,7526.834123752751,-27254.24765227019,291.740272665065
5000000,5000.000000559884,-35295.00780536709,7644.539232903195,-27650.46857246389,296.30252554230793
5005000,5005.000000560903,-35055.90893343688,7509.497116262135,-27546.41181717474,291.0682898354518
5010000,5010.000000561921,-35453.73772060867,7400.3619556537715,-28053.375764954897,286.8382083709548
5015000,5015.00000056294,-34852.92413800985,7741.780050684369,-27111.144087325476,300.0715819911711
5020000,5020.000000563959,-35104.94376358074,7397.962298303877,-27706.981465276862,286.7451975940398
5025000,5025.000000564977,-35222.9153118689,7691.272573936767,-27531.642737932132,298.113910970965
5030000,5030.000000565996,-35546.544738689125,7585.978107166347,-27960.56663152278,294.03269489250977
5035000,5035.0000005670145,-35320.910581136806,7484.63893905495,-27836.271642081854,290.1047862857329
5040000,5040.000000568033,-35143.27467948207,7653.687665102225,-27489.587014379846,296.6571189955874
5045000,5045.000000569052,-35045.79817071749,7670.375559653126,-27375.422611064365,297.30394219195915
5050000,5050.00000057007,-35269.81026243271,7582.953613401116,-27686.856649031593,293.9154654410253
5055000,5055.000000571089,-35388.0836444715,7791.685133930539,-27596.398510540963,302.0059042246936
5060000,5060.000000572108,-35267.78445833136,7667.573758316073,-27600.21070001529,297.19534430437636
5065000,5065.000000573126,-35120.7618885068,7432.494228401831,-27688.267660104968,288.08365603975415
5070000,5070.000000574145,-35176.91755718806,7560.2342665110955,-27616.683290676967,293.034863006125
5075000,5075.0000005751635,-35218.29352638099,7673.052156065514,-27545.241370315478,297.4076871336339
5080000,5080.000000576182,-35044.54410821071,7995.74979757103,-27048.794310639685,309.915455522484
5085000,5085.000000577201,-34947.53860700477,7799.637626754531,-27147.900980250237,302.314143038874
5090000,5090.000000578219,-34989.32864514145,7686.434487181945,-27302.89415795951,297.9263866113441
5095000,5095.000000579238,-35124.70617626775,7504.103658525784,-27620.602517741965,290.85923928315583
5100000,5100.000000580257,-35137.50425554093,7955.56226371857,-27181.94199182236,308.3577857384702
5105000,5105.000000581275,-35154.07855822873,7753.17376912865,-27400.904789100077,300.5132027936163
5110000,5110.000000582294,-34921.03006949088,7354.917875528978,-27566.112193961904,285.0767947263015
5115000,5115.000000583313,-35357.48906720594,7639.214326727422,-27718.27474047852,296.0961320501579
5120000,5120.000000584331,-35174.23253813668,7541.770702744634,-27632.46183539205,292.3192148280155
5125000,5125.00000058535,-34782.14903611126,7359.169132470144,-27422.979903641113,285.2415735481532
5130000,5130.0000005863685,-34930.49159294795,7639.863579087891,-27290.628013860056,296.12129708735114
5135000,5135.000000587387,-35161.89429988389,7986.550013095783,-27175.34428678811,309.55887165373645
5140000,5140.000000588406,-35116.61482966252,7496.653503396217,-27619.9613262663,290.5704710901598
5145000,5145.000000589424,-35119.13221272909,7576.112894944983,-27543.019317784107,293.6503190282301
5150000,5150.000000590443,-35045.19351573756,7680.1380971282415,-27365.05541860932,297.6823383805911
5155000,5155.000000591462,-35213.4495409171,7444.855296741477,-27768.594244175623,288.562771347538
5160000,5160.00000059248,-35251.13926699713,7457.639125456515,-27793.500141540615,289.05827285769607
5165000,5165.000000593499,-35141.61287907472,7748.882573305953,-27392.730305768764,300.34687593975065
5170000,5170.000000594518,-35176.62667092689,7684.020436666704,-27492.606234260187,297.83281795499215
5175000,5175.000000595536,-34887.003638441936,7629.643238882032,-27257.360399559904,295.7251564538041
5180000,5180.000000596555,-34856.34005481612,7170.520112256141,-27685.81994255998,277.92953296238426
5185000,5185.0000005975735,-35209.39420425975,7559.402735443934,-27649.991468815813,293.0026328418522
5190000,5190.000000598592,-35393.92575666779,7538.289878844168,-27855.635877823624,292.18429800945347
5195000,5195.000000599611,-35229.06131325961,7501.840373586786,-27727.220939672825,290.77151430418513
5200000,5200.000000600629,-35098.21726622939,7736.275706827926,-27361.941559401464,299.85823349017875
5205000,5205.000000601648,-35307.54565870721,7570.930132823025,-27736.615525884186,293.4494350430435
5210000,5210.000000602667,-35437.924644658786,7692.969315045206,-27744.95532961358,298.1796766973619
5215000,5215.000000603685,-35142.09101671056,7568.519824528831,-27573.57119218173,293.3560114352698
5220000,5220.000000604704,-35512.799447666206,7639.530450016766,-27873.26899764944,296.10838499649793
5225000,5225.000000605723,-35310.14087118059,7751.711376793126,-27558.429494387467,300.45652043132503
5230000,5230.000000606741,-35272.6905281344,7652.592166548569,-27620.09836158583,296.61465744515425
5235000,5235.00000060776,-35214.656084238595,7516.545248050579,-27698.110836188018,291.3414755940234
5240000,5240.0000006087785,-35498.310950274434,7609.319997926756,-27888.990952347678,294.9374271428818
5245000,5245.000000609797,-35209.26213955394,7791.486509230232,-27417.775630323707,301.9982055265061
5250000,5250.000000610816,-34990.95304617112,7639.783641197045,-27351.169404974073,296.1181986927687
5255000,5255.000000611834,-35314.2383408855,7645.940786701438,-27668.297554184064,296.356849801423
5260000,5260.000000612853,-35076.022487094975,7748.8005488747285,-27327.221938220246,300.3436966708127
5265000,5265.000000613872,-35217.81439121915,7744.185849638617,-27473.628541580536,300.16483081681946
5270000,5270.00000061489,-35135.56234402346,7648.294945132336,-27487.267398891127,296.44809703913734
5275000,5275.000000615909,-34868.103426636604,7563.782282853516,-27304.321143783087,293.1723842053622
5280000,5280.0000006169275,-35288.550116265586,7578.289176304448,-27710.26093996114,293.73467174635397
5285000,5285.000000617946,-35346.16019939925,7582.583274856663,-27763.57692454259,293.901111110086
5290000,5290.000000618965,-34652.22775722674,7488.046116339767,-27164.181640886974,290.23684855969134
5295000,5295.000000619983,-34963.68170448296,7610.3751428219575,-27353.306561661,294.97832458453735
5300000,5300.000000621002,-35330.99680656889,7673.799474620208,-27657.19733194868,297.43665321888693
5305000,5305.000000622021,-35116.38809941986,7898.850092905497,-27217.538006514365,306.15962062623254
5310000,5310.000000623039,-35243.67550011363,7669.025424416662,-27574.650075696973,297.2516109175422
5315000,5315.000000624058,-35207.86461326931,7506.122850838319,-27701.74176243099,290.9375032260217
5320000,5320.000000625077,-34894.15522005682,7773.1081248300325,-27121.047095226786,301.28585890269295
5325000,5325.000000626095,-35144.83856434647,7564.899902902114,-27579.938661444357,293.21570318547435
5330000,5330.000000627114,-35341.70920919116,7634.462609299061,-27707.2465998921,295.91195536771943
5335000,5335.0000006281325,-35518.77133964825,7565.268384580883,-27953.502955067368,293.22998554425476
5340000,5340.000000629151,-34920.435266352346,7590.839920401058,-27329.59534595129,294.22113889106487
5345000,5345.00000063017,-35216.30030440543,7391.519002574079,-27824.781301831346,286.4954552957286
5350000,5350.000000631188,-34973.15591999915,7908.415169464381,-27064.740750534773,306.53036322497593
5355000,5355.000000632207,-35167.104832075216,7594.374527741764,-27572.730304333454,294.3581403570713
5360000,5360.000000633226,-34757.141620847506,7507.7082599870755,-27249.43336086043,290.9989537229689
5365000,5365.000000634244,-34968.280626538726,7468.951019975065,-27499.32960656366,289.49672216280106
5370000,5370.000000635263,-34898.3339291559,7633.657880003981,-27264.676049151924,295.88076404078055
5375000,5375.000000636282,-35475.92042900225,7675.144377468478,-27800.776051533776,297.4887816858109
5380000,5380.0000006373,-35056.50171517652,7773.071240853886,-27283.430474322635,301.2844292788855
5385000,5385.000000638319,-35306.88986132586,7286.933731826985,-28019.95612949887,282.4417276722887
5390000,5390.0000006393375,-35248.08830834955,7499.43950242159,-27748.648805927958,290.67845647975963
5395000,5395.000000640356,-35284.38176036373,7624.467524301164,-27659.914236062563,295.5245456314805
5400000,5400.000000641375,-35539.52562206941,7543.1708943062185,-27996.354727763188,292.3734862868047
5405000,5405.000000642393,-35350.67646583678,7676.083871213772,-27674.592594623013,297.52519648609916
5410000,5410.000000643412,-35082.171293423664,7762.685025296032,-27319.48626812763,300.88185931268356
5415000,5415.000000644431,-35261.923945021605,7529.012037100996,-27732.911907920607,291.8246886391135
5420000,5420.000000645449,-35078.36893341147,7508.575448784355,-27569.793484627113,291.0325659817235
5425000,5425.000000646468,-35262.901995969005,7737.354638441469,-27525.547357527535,299.9000529056125
5430000,5430.000000647487,-34844.15621701559,7371.687416508388,-27472.468800507202,285.72678254021685
5435000,5435.000000648505,-34954.62937612882,7777.199069115463,-27177.430307013354,301.4444240021313
5440000,5440.000000649524,-34739.22680385029,7809.38405435674,-26929.842749493546,302.69191480844256
5445000,5445.0000006505425,-35122.24697683895,7298.742965435815,-27823.504011403136,282.89945385256055
5450000,5450.000000651561,-35025.019195638575,7457.332447816116,-27567.68674782246,289.04638602493753
5455000,5455.00000065258,-35373.2851614467,7490.636541764576,-27882.648619682124,290.3372535118036
5460000,5460.000000653598,-35022.43791756935,7459.259051663952,-27563.178865905393,289.1210612366725
5465000,5465.000000654617,-35330.811951067146,7334.41681308091,-27996.395137986234,284.2821730500182
5470000,5470.000000655636,-35548.39393221965,7647.148139502564,-27901.24579271709,296.4036468251931
5475000,5475.000000656654,-35367.850561470324,7494.294436336488,-27873.556125133837,290.47903359387317
5480000,5480.000000657673,-35121.31884299879,7648.065652877112,-27473.25319012168,296.4392096657797
5485000,5485.0000006586915,-34802.12348958208,7494.515796395446,-27307.607693186634,290.4876135151118
5490000,5490.00000065971,-34871.36907418412,7739.270723453556,-27132.098350730565,299.97432040701943
5495000,5495.000000660729,-34967.24123283792,7850.8664004497,-27116.37483238822,304.29977154621173
5500000,5500.000000661747,-34864.75389859052,7503.6401479273445,-27361.113750663175,290.8412736011508
