#"Step","Time (ps)","Potential Energy (kJ/mole)","Kinetic Energy (kJ/mole)","Total Energy (kJ/mole)","Temperature (K)"
505000,504.9999999949702,-36490.67192871533,7242.495041612976,-29248.176887102356,280.71928296489165
510000,509.999999994852,-36878.24719956394,7049.921724268519,-29828.325475295424,273.25513652744144
515000,514.9999999947338,-36578.01124788856,7004.97203208628,-29573.039215802277,271.5128853713977
520000,519.9999999946156,-36321.79053366273,7371.548901674227,-28950.2416319885,285.72141370189485
525000,524.9999999944973,-36378.650970944465,7220.856017143249,-29157.794953801218,279.88055385312845
530000,529.9999999943791,-36427.437650340755,7288.130051627984,-29139.30759871277,282.48809705670715
535000,534.9999999942609,-36244.8087229705,6957.329321956129,-29287.479401014367,269.66625277456524
540000,539.9999999941426,-36598.18976249728,7244.373667938235,-29353.816094559043,280.79209856669127
545000,544.9999999940244,-36477.3503304418,6965.621002928927,-29511.72932751287,269.98763852959627
550000,549.9999999939062,-36276.48053954959,7192.3541779535335,-29084.12636159606,278.7758218768487
555000,554.9999999937879,-36427.75864576747,7139.4183467268585,-29288.34029904061,276.72402777830644
560000,559.9999999936697,-36189.548595573426,6961.585967985971,-29227.962627587454,269.83124047762436
565000,564.9999999935515,-36186.50110916164,7208.442154935361,-28978.05895422628,279.3993922537348
570000,569.9999999934332,-36164.928907128764,7210.818830150526,-28954.11007697824,279.49151224255195
575000,574.999999993315,-36520.24113496673,7094.160451959913,-29426.080683006818,274.969830682626
580000,579.9999999931968,-36574.055182316384,7281.541561371889,-29292.513620944497,282.2327270150453
585000,584.9999999930785,-36500.47670667351,7089.812951415972,-29410.663755257534,274.80132145640323
590000,589.9999999929603,-36624.39402806624,7028.528542535918,-29595.865485530325,272.4259362861147
595000,594.999999992842,-36280.620424981484,7544.768658294836,-28735.851766686646,292.4354156576437
600000,599.9999999927238,-36310.65961200416,7045.097779871407,-29265.56183213275,273.06816032594736
605000,604.9999999926056,-36321.95612023732,7303.757987115177,-29018.198133122147,283.09383621413554
610000,609.9999999924873,-36644.478624402014,7108.438433099609,-29536.040191302403,275.52324557689826
615000,614.9999999923691,-36792.14355419448,7392.083632766267,-29400.059921428212,286.5173403756328
620000,619.9999999922509,-36708.34246968398,7032.879890773667,-29675.462578910312,272.5945946490425
625000,624.9999999921326,-36686.33647599684,7204.03636357027,-29482.30011242657,279.22862367387444
630000,629.9999999920144,-36171.80284911968,7356.346538659291,-28815.45631046039,285.13216974378315
635000,634.9999999918962,-36229.16596407687,7295.564953205699,-28933.60101087117,282.77627402166445
640000,639.9999999917779,-36456.74066292102,7447.706787246306,-29009.03387567472,288.67329518846543
645000,644.9999999916597,-35823.83725793099,7180.365154457058,-28643.472103473927,278.3111270361836
650000,649.9999999915415,-36100.60170861947,7237.792934034926,-28862.808774584544,280.53702916145096
655000,654.9999999914232,-36871.3482072186,7262.0998313542,-29609.2483758644,281.4791650893823
660000,659.999999991305,-36857.76058441687,7187.209777485992,-29670.550806930878,278.57642479031495
665000,664.9999999911868,-36437.99380414357,7077.126968789202,-29360.866835354365,274.30961246299273
670000,669.9999999910685,-36736.11351703052,7254.979639915239,-29481.13387711528,281.203186297014
675000,674.9999999909503,-36757.774426950404,7060.016162186315,-29697.75826476409,273.64639718525837
680000,679.9999999908321,-36342.43732520372,7166.525628104913,-29175.911697098803,277.77470666008037
685000,684.9999999907138,-36536.08443301307,7247.89544095864,-29288.18899205443,280.9286025741324
690000,689.9999999905956,-36552.83876595322,7227.698956413089,-29325.139809540135,280.1457863447166
695000,694.9999999904774,-36697.80158081276,7186.948389231566,-29510.853191581195,278.566293375252
700000,699.9999999903591,-36431.988829808855,7224.222029196574,-29207.76680061228,280.01102056171874
705000,704.9999999902409,-36811.66937723154,7356.437246637116,-29455.232130594424,285.1356855871973
710000,709.9999999901227,-36858.61180195626,6965.622814462757,-29892.9889874935,269.98770874469136
715000,714.9999999900044,-36199.947743091354,6993.778098254452,-29206.169644836904,271.07900822536277
720000,719.9999999898862,-36402.51639806333,7092.501391802798,-29310.01500626053,274.90552547081364
725000,724.999999989768,-36558.01397569525,7116.887659764116,-29441.126315931135,275.85073780675003
730000,729.9999999896497,-36591.71112780851,7080.0109871583445,-29511.700140650162,274.4213970847276
735000,734.9999999895315,-36368.34406103189,7251.2663368743015,-29117.077724157585,281.05925858134503
740000,739.9999999894133,-36569.9076384355,7324.9690061670835,-29244.938632268415,283.91597582555323
745000,744.999999989295,-36751.41021928558,6928.804974739693,-29822.605244545884,268.5606483866255
750000,749.9999999891768,-36470.287129051125,7233.122012204067,-29237.165116847056,280.3559841183257
755000,754.9999999890586,-36094.16758521459,7274.461592181878,-28819.705993032716,281.958307238019
760000,759.9999999889403,-36776.29317749963,7176.021615699628,-29600.271561800004,278.1427713689018
765000,764.9999999888221,-36511.28638366257,7107.437458121047,-29403.848925541522,275.48444776252165
770000,769.9999999887038,-36574.11002917684,6986.0388832554,-29588.071145921436,270.77903606483494
775000,774.9999999885856,-36539.654030754224,7265.274720040803,-29274.37931071342,281.6022238516563
780000,779.9999999884674,-36393.97201721993,7234.559936585418,-29159.412080634513,280.4117181021215
785000,784.9999999883491,-36218.929580155724,7262.817631325322,-28956.111948830403,281.5069870336222
790000,789.9999999882309,-36352.88803605875,7059.130792127891,-29293.757243930857,273.6120802203821
795000,794.9999999881127,-36463.380505323075,7291.882994962236,-29171.497510360838,282.6335612311036
800000,799.9999999879944,-36346.55730254601,7304.40315622812,-29042.15414631789,283.11884298455595
805000,804.9999999878762,-36482.74729305141,7140.991302514198,-29341.755990537215,276.78499558266395
810000,809.999999987758,-36393.653347985965,7279.689503887397,-29113.963844098565,282.1609412221564
815000,814.9999999876397,-36441.99953949876,7150.338172465258,-29291.661367033506,277.14728048801106
820000,819.9999999875215,-36118.963950130084,7133.028253296134,-28985.93569683395,276.47634760239396
825000,824.9999999874033,-36637.96132466444,7070.523772156847,-29567.43755250759,274.0536724018314
830000,829.999999987285,-36545.82039777394,7062.209747501427,-29483.610650272512,273.73142060512157
835000,834.9999999871668,-36499.577214728546,7123.831469729685,-29375.74574499886,276.1198800489441
840000,839.9999999870486,-36666.18949547963,7144.775578427038,-29521.413917052592,276.93167420856435
845000,844.9999999869303,-36774.62565241609,7245.177794214844,-29529.44785820125,280.8232665206195
850000,849.9999999868121,-36772.29438928142,7158.360273618631,-29613.934115662792,277.45821732272174
855000,854.9999999866939,-36758.52593707299,7308.703825092134,-29449.82211198086,283.2855370137322
860000,859.9999999865756,-36573.317852681655,7087.435821491991,-29485.882031189663,274.70918384306134
865000,864.9999999864574,-36538.41621284993,6846.664227074651,-29691.751985775278,265.37687102064257
870000,869.9999999863392,-36439.6289095369,6972.929217332844,-29466.699692204056,270.2709050966335
875000,874.9999999862209,-36982.69331559761,6949.57487631165,-30033.118439285958,269.3656902738523
880000,879.9999999861027,-36548.51143223864,7028.633891188204,-29519.87754105044,272.430019602425
885000,884.9999999859845,-36738.13676478316,7136.2648250738375,-29601.87193970932,276.60179720277085
890000,889.9999999858662,-36621.37891272417,7012.09599957476,-29609.282913149407,271.7890105235367
895000,894.999999985748,-36823.24568778665,7284.336820031433,-29538.908867755217,282.34107130828954
900000,899.9999999856298,-36827.294015687396,7309.576568300574,-29517.71744738682,283.3193645615977
905000,904.9999999855115,-36307.88223439553,7256.494890801096,-29051.387343594437,281.2619174579945
910000,909.9999999853933,-36558.607750430405,7053.164379462794,-29505.44337096761,273.3808219211917
915000,914.999999985275,-36788.1209419231,7201.644408386952,-29586.47653353615,279.1359114331222
920000,919.9999999851568,-36332.66870756186,7178.717168270702,-29153.95153929116,278.2472510517457
925000,924.9999999850386,-35981.410411023906,7067.7893662592205,-28913.621044764684,273.94768676311077
930000,929.9999999849204,-36917.826575094594,7215.2108121937035,-29702.61576290089,279.6617455727608
935000,934.9999999848021,-36739.60086938476,7103.350097195861,-29636.2507721889,275.326021554213
940000,939.9999999846839,-36504.57203713764,7070.870958021172,-29433.701079116465,274.06712933432897
945000,944.9999999845656,-36065.74582765818,7381.313714027281,-28684.4321136309,286.0998980648508
950000,949.9999999844474,-36236.140315037555,7100.100740139657,-29136.0395748979,275.20007639613243
955000,954.9999999843292,-36407.97127331536,7288.2536004869835,-29119.717672828374,282.4928858134698
960000,959.999999984211,-36657.212405089995,7263.794233677526,-29393.418171412468,281.5448401644117
965000,964.9999999840927,-36740.93806128671,7250.643284551044,-29490.294776735667,281.0351090582277
970000,969.9999999839745,-36447.95389573225,7122.200155835816,-29325.753739896434,276.0566502829662
975000,974.9999999838562,-36796.55501239491,7051.156045895526,-29745.39896649938,273.302978863555
980000,979.999999983738,-36748.82957441862,7278.0406202463555,-29470.78895417226,282.0970304523531
985000,984.9999999836198,-36483.30536671239,7000.46642573419,-29482.8389409782,271.3382479602275
990000,989.9999999835015,-36656.24744668102,7160.629506972288,-29495.617939708736,277.54617286238846
995000,994.9999999833833,-36322.61217012298,7378.612226220252,-28943.999943902727,285.9951883321177
1000000,999.9999999832651,-36151.92582314887,7229.581240025524,-28922.344583123348,280.21874370305557
1005000,1004.9999999831468,-36626.618732403884,7328.641500365948,-29297.977232037934,284.0583217895165
1010000,1009.9999999830286,-36273.45082405305,7086.423008276294,-29187.027815776753,274.66992717832716
1015000,1014.9999999829104,-36743.26086575584,7270.108571131818,-29473.15229462402,281.78958403684555
1020000,1019.9999999827921,-36134.74182117838,7225.498847017885,-28909.242974160494,280.0605100513512
1025000,1024.999999982674,-36487.44218632373,7221.806591078361,-29265.635595245367,279.917398121842
1030000,1029.9999999825557,-36324.742421301075,7077.735730007237,-29247.00669129384,274.333208062526
1035000,1034.9999999824374,-36907.45179732042,7168.1370859434555,-29739.314711376966,277.8371668048736
1040000,1039.9999999823192,-36473.82531065748,7325.573114832578,-29148.252195824898,283.93939109203745
1045000,1044.999999982201,-36508.45317768207,7006.368680309357,-29502.084497372714,271.56701949030065
1050000,1049.9999999820827,-36382.598061650926,7233.322100097875,-29149.275961553052,280.3637395299285
1055000,1054.9999999819645,-36924.10642193463,7118.805154419153,-29805.301267515475,275.92505994595183
1060000,1059.9999999818463,-36577.08233748167,7258.520968415956,-29318.561369065712,281.340448275345
1065000,1064.999999981728,-36217.51054121402,7066.582810993844,-29150.927730220174,273.9009206518455
1070000,1069.9999999816098,-36022.521148027765,7257.775849456033,-28764.745298571732,281.31156744643846
1075000,1074.9999999814916,-36508.67418580205,7015.139088387831,-29493.535097414217,271.9069607195252
1080000,1079.9999999813733,-36242.5733888375,7318.871890653875,-28923.70149818363,283.679651480809
1085000,1084.999999981255,-36201.28352002892,7139.86358305833,-29061.41993697059,276.7412851492818
1090000,1089.9999999811369,-36258.20415658485,7285.457701259775,-28972.746455325076,282.3845166918074
1095000,1094.9999999810186,-36801.70317673508,6977.916457331809,-29823.78671940327,270.4642106396044
1100000,1099.9999999809004,-36314.4304284773,7498.791786618037,-28815.638641859266,290.6533509995496
1105000,1104.9999999807821,-36155.775049242955,7304.9313403495435,-28850.84370889341,283.13931541387586
1110000,1109.999999980664,-36590.18706393702,7118.52916933352,-29471.657894603497,275.91436275735833
1115000,1114.9999999805457,-36538.046977535014,7113.432081161556,-29424.61489637346,275.7167994965454
1120000,1119.9999999804274,-37022.72771094592,7207.791816744415,-29814.935894201502,279.37418512972596
1125000,1124.9999999803092,-36923.312778827916,7269.339464576532,-29653.973314251383,281.75977344816266
1130000,1129.999999980191,-36349.24439523134,7161.142242225758,-29188.10215300558,277.5660464932129
1135000,1134.9999999800727,-36411.7761159911,7252.561578335779,-29159.214537655324,281.1094621717159
1140000,1139.9999999799545,-36464.88402999694,7463.344604806547,-29001.539425190393,289.27941737528425
1145000,1144.9999999798363,-36193.32838818522,7247.483656652084,-28945.844731533136,280.9126418044518
1150000,1149.999999979718,-36567.730000596224,7009.727033917904,-29558.00296667832,271.69718935738615
1155000,1154.9999999795998,-36742.118748279885,7232.108169669799,-29510.010578610087,280.31668755717874
1160000,1159.9999999794816,-36436.90639368058,7238.561885300204,-29198.344508380378,280.56683373108945
1165000,1164.9999999793633,-36618.37738230506,7245.234301211856,-29373.1430810932,280.8254567331903
1170000,1169.999999979245,-36372.717694612715,6901.510879228259,-29471.206815384456,267.5027285845238
1175000,1174.9999999791269,-36506.95717946772,7009.121914576065,-29497.83526489165,271.67373491706223
1180000,1179.9999999790086,-36520.514629789344,7128.2363685518285,-29392.278261237516,276.29061403381814
1185000,1184.9999999788904,-36251.34235038611,7101.016425129417,-29150.325925256693,275.23556836848036
1190000,1189.9999999787722,-36268.66109389665,7168.544505438494,-29100.116588458153,277.8529583943543
1195000,1194.999999978654,-36525.467210963216,7163.737382453563,-29361.72982850965,277.6666341912033
1200000,1199.9999999785357,-36834.37168875287,7114.126167139715,-29720.245521613157,275.74370228584456
1205000,1204.9999999784175,-36475.33742157808,7262.8311588007045,-29212.506262777373,281.50751135889516
1210000,1209.9999999782992,-36479.25335255466,7071.520676164293,-29407.73267639037,274.0923124252691
1215000,1214.999999978181,-36566.56409213198,7062.927176770308,-29503.636915361672,273.75922818093363
1220000,1219.9999999780628,-36634.204201591856,7132.875786608773,-29501.328414983083,276.4704379899046
1225000,1224.9999999779445,-36364.911878716906,7369.713635749304,-28995.198242967603,285.65027875026095
1230000,1229.9999999778263,-36530.443690883825,7257.909461341807,-29272.53422954202,281.31674624636236
1235000,1234.999999977708,-36519.56514669503,7233.604621764391,-29285.96052493064,280.37469007655517
1240000,1239.9999999775898,-36556.84534623562,7177.783131310718,-29379.062214924903,278.211047756588
1245000,1244.9999999774716,-36617.596153992774,7283.680958736328,-29333.915195256446,282.31565010863
1250000,1249.9999999773534,-36639.83118417863,7133.238817330779,-29506.59236684785,276.48450906946914
1255000,1254.9999999772351,-36640.34802857809,7153.861542356039,-29486.48648622205,277.2838463901867
1260000,1259.9999999771169,-36369.28375128453,7152.969332372425,-29216.314418912105,277.2492643096446
1265000,1264.9999999769987,-36125.54175136305,7257.453741586278,-28868.088009776773,281.2990825376169
1270000,1269.9999999768804,-36298.08647665847,7280.900062627898,-29017.186414030573,282.20786250821425
1275000,1274.9999999767622,-36470.17379976651,7038.495474831611,-29431.6783249349,272.8122548229353
1280000,1279.999999976644,-36083.5904994552,7103.735270875571,-28979.855228579625,275.3409508953536
1285000,1284.9999999765257,-36111.877795168584,7374.796319459108,-28737.081475709478,285.8472836937722
1290000,1289.9999999764075,-36223.93814916337,7066.8191328536595,-29157.11901630971,273.91008049284716
1295000,1294.9999999762892,-36409.442854840454,7077.8299136321275,-29331.612941208325,274.3368586221045
1300000,1299.999999976171,-36066.734150266806,6897.10017761903,-29169.633972647774,267.33176968348204
1305000,1304.9999999760528,-36919.687178563574,7043.898649935933,-29875.788528627643,273.02168202064877
1310000,1309.9999999759345,-36778.8546280216,7150.6406994326835,-29628.21392858892,277.1590064405848
1315000,1314.9999999758163,-36995.74810115371,7103.986678580979,-29891.76142257273,275.3506954640953
1320000,1319.999999975698,-36335.75782459861,7003.236198935469,-29332.52162566314,271.445604436493
1325000,1324.9999999755798,-36520.733548125674,7379.6799365727975,-29141.053611552878,286.0365728112038
1330000,1329.9999999754616,-36765.2309061124,7136.461763166703,-29628.7691429457,276.60943052801304
1335000,1334.9999999753434,-36395.84067542973,7340.682727306461,-29055.15794812327,284.52504003693497
1340000,1339.9999999752251,-37121.40716759684,7038.506745847332,-30082.900421749506,272.8126916877772
1345000,1344.999999975107,-36685.931749042174,7054.160426469563,-29631.77132257261,273.4194287272623
1350000,1349.9999999749887,-36619.03321878962,7103.7685621107685,-29515.264656678853,275.342241264435
1355000,1354.9999999748704,-36543.650799655086,7066.095238570157,-29477.55556108493,273.88202233291196
1360000,1359.9999999747522,-36713.998556836166,7155.483496194824,-29558.515060641344,277.3467133602032
1365000,1364.999999974634,-36623.82523915803,7236.853147777029,-29386.972091381,280.5006030233672
1370000,1369.9999999745157,-36977.117497280364,7203.536806880312,-29773.580690400053,279.2092608444905
1375000,1374.9999999743975,-36290.538637909536,6972.178798762833,-29318.359839146702,270.24181885471177
1380000,1379.9999999742793,-36337.09428858309,7337.545446741393,-28999.548841841694,284.4034389663612
1385000,1384.999999974161,-36594.524215743935,7186.209914790048,-29408.314300953887,278.53767008803953
1390000,1389.9999999740428,-36433.2948728422,7114.452125049266,-29318.842747792933,275.7563364223017
1395000,1394.9999999739246,-36432.01382691268,7458.242186632879,-28973.771640279796,289.0816475234763
1400000,1399.9999999738063,-36573.889111239,6952.532973452016,-29621.35613778698,269.48034619055136
1405000,1404.999999973688,-36658.03473455758,6914.2400370489595,-29743.79469750862,267.9961110494952
1410000,1409.9999999735699,-36768.164181956345,7164.810013132407,-29603.35416882394,277.7082093822557
1415000,1414.9999999734516,-36975.44650828282,7269.323195471715,-29706.1233128111,281.7591428572665
1420000,1419.9999999733334,-36389.32064733631,7116.8069413564435,-29272.513705979865,275.8476091593166
1425000,1424.9999999732152,-36692.67802632516,7191.233716331163,-29501.444309993993,278.7323927572684
1430000,1429.999999973097,-36297.9254331411,7304.754361276757,-28993.171071864344,283.1324557007346
1435000,1434.9999999729787,-35973.56427195847,7184.682493153093,-28788.88177880538,278.4784671884521
1440000,1439.9999999728605,-36279.61823105357,7366.36172119709,-28913.25650985648,285.5203584611547
1445000,1444.9999999727422,-36186.02711594915,7224.932584666625,-28961.094531282528,280.03856170892186
1450000,1449.999999972624,-36491.276222145745,7411.918639114263,-29079.35758303148,287.28614570136943
1455000,1454.9999999725057,-36264.51550230784,7316.2003319994365,-28948.315170308404,283.57610180275424
1460000,1459.9999999723875,-36201.08576963698,7221.097305945791,-28979.98846369119,279.8899062129503
1465000,1464.9999999722693,-36099.026130052975,7107.308337397379,-28991.717792655596,275.4794430401497
1470000,1469.999999972151,-36274.106316108875,7133.049498264778,-29141.056817844095,276.47717105789246
1475000,1474.9999999720328,-36049.79207882009,7191.184822448483,-28858.60725637161,278.7304976291933
1480000,1479.9999999719146,-36201.15472843618,7012.069405118539,-29189.085323317642,271.78797972177045
1485000,1484.9999999717963,-36620.46077557902,6923.713329511958,-29696.747446067064,268.36329609446244
1490000,1489.999999971678,-36244.998320013605,6845.048804556281,-29399.949515457323,265.31425720476324
1495000,1494.9999999715599,-36329.51772900976,7115.653086007496,-29213.864643002267,275.80288569808664
1500000,1499.9999999714416,-36216.27691133852,7215.515840289012,-29000.76107104951,279.67356846911173
1505000,1504.9999999713234,-36252.19604855253,7200.735668015606,-29051.46038053692,279.10068863435197
1510000,1509.9999999712052,-36030.84828003547,7372.385833508093,-28658.462446527374,285.75385320001584
1515000,1514.999999971087,-36321.39951548161,7076.758787177587,-29244.64072830402,274.29534173482244
1520000,1519.9999999709687,-36436.19670855919,7060.424835701757,-29375.771872857433,273.6622373806002
1525000,1524.9999999708505,-36851.51310838538,7332.389537029179,-29519.1235713562,284.2035957812256
1530000,1529.9999999707322,-36134.27445447384,7448.792516587572,-28685.481937886267,288.7153780839901
1535000,1534.999999970614,-36275.54789871475,7363.806393442681,-28911.741505272068,285.42131389559586
1540000,1539.9999999704958,-36426.95364463721,7146.284257147709,-29280.6693874895,276.9901506322633
1545000,1544.9999999703775,-36418.63712123838,7058.396296625525,-29360.240824612858,273.5836111569474
1550000,1549.9999999702593,-36551.83688379282,7143.471203387036,-29408.365680405783,276.88111660046894
1555000,1554.999999970141,-36563.45092170297,7017.449885563123,-29546.001036139845,271.9965272739237
1560000,1559.9999999700228,-36617.33518823392,7267.077900772008,-29350.25728746191,281.6721151804058
1565000,1564.9999999699046,-36383.38757572289,7156.530035134103,-29226.857540588786,277.38727723479906
1570000,1569.9999999697864,-36254.05090111199,7230.191823246456,-29023.85907786553,280.2424099234652
1575000,1574.9999999696681,-36591.59397986109,7293.761902615266,-29297.832077245825,282.70638773717445
1580000,1579.99999996955,-36804.799519852604,7267.209285481152,-29537.59023437145,281.67720765490964
1585000,1584.9999999694317,-36874.90453626414,7374.149954899069,-29500.754581365072,285.82223058779346
1590000,1589.9999999693134,-36647.23791123775,7014.580357297806,-29632.65755393995,271.88530428896354
1595000,1594.9999999691952,-36572.946267695654,7190.270028331879,-29382.676239363776,278.6950401871104
1600000,1599.999999969077,-36422.33292776623,7396.2710401048535,-29026.061887661373,286.6796443853444
1605000,1604.9999999689587,-36183.060964103934,6991.776613236123,-29191.284350867812,271.00143061764857
1610000,1609.9999999688405,-36225.55992564246,7170.2971889457585,-29055.262736696703,277.9208924494827
1615000,1614.9999999687222,-36455.318559506275,7227.329117472756,-29227.98944203352,280.1314513784451
1620000,1619.999999968604,-36193.68317873612,7020.130455315404,-29173.55272342072,272.1004262223488
1625000,1624.9999999684858,-36141.133484493934,7024.30077011723,-29116.832714376702,272.2620677249222
1630000,1629.9999999683675,-36590.74413723185,7285.943321795363,-29304.800815436487,282.403339355511
1635000,1634.9999999682493,-36216.70358917195,7314.919663069144,-28901.783926102806,283.5264630440445
1640000,1639.999999968131,-36217.70556244251,7388.0642249416605,-28829.641337500852,286.361548031146
1645000,1644.9999999680128,-36185.3252677977,6843.793212294134,-29341.532055503565,265.26559041831734
1650000,1649.9999999678946,-36861.48377911627,7219.132678913809,-29642.35110020246,279.81375722167826
1655000,1654.9999999677764,-37085.55205774769,6964.557039639896,-30120.995018107795,269.94639928678265
1660000,1659.9999999676581,-36489.93458172988,7009.492169439951,-29480.44241228993,271.6880860045407
1665000,1664.99999996754,-36474.871601235114,7045.734023363091,-29429.137577872025,273.092821139072
1670000,1669.9999999674217,-36623.80591621996,7052.090902828214,-29571.715013391742,273.33921394087446
1675000,1674.9999999673034,-36107.141365785305,6931.179301463988,-29175.962064321317,268.65267734787966
1680000,1679.9999999671852,-36427.24119675504,6990.876864397076,-29436.364332357967,270.96655633088767
1685000,1684.999999967067,-36565.75896462719,7340.52924844591,-29225.22971618128,284.5190911925883
1690000,1689.9999999669487,-36519.312455187515,7212.934348022838,-29306.378107164677,279.57350976644426
1695000,1694.9999999668305,-36561.87597979375,7055.496642710675,-29506.37933708308,273.4712205010828
1700000,1699.9999999667123,-36756.40238060066,7313.629301969784,-29442.773078630875,283.4764486166273
1705000,1704.999999966594,-36751.8115521134,7406.163694509896,-29345.647857603508,287.0630839093271
1710000,1709.9999999664758,-36759.79238339224,6973.686918647927,-29786.105464744312,270.3002736179303
1715000,1714.9999999663576,-36478.80877852756,7082.702933558684,-29396.10584496887,274.5257369923066
1720000,1719.9999999662393,-36622.85734314267,7142.390151963955,-29480.467191178715,276.8392150211662
1725000,1724.999999966121,-36465.118023746014,7156.664849065401,-29308.453174680613,277.3925026260365
1730000,1729.9999999660029,-36250.84627493765,7141.297735893962,-29109.548539043688,276.7968729478744
1735000,1734.9999999658846,-36051.439512048106,7142.987209392615,-28908.45230265549,276.86235698154024
1740000,1739.9999999657664,-36502.089085839354,6965.66817252881,-29536.420913310543,269.9894668244285
1745000,1744.9999999656482,-36849.03925822666,7156.274972586618,-29692.76428564004,277.37739100429013
1750000,1749.99999996553,-36449.69599275149,7113.833449464886,-29335.862543286603,275.7323565416891
1755000,1754.9999999654117,-36524.51815986089,7219.433147161235,-29305.085012699656,279.825403378215
1760000,1759.9999999652935,-36277.90644297661,7076.032839583388,-29201.873603393222,274.267203988515
1765000,1764.9999999651752,-36440.92551886348,7315.565954187593,-29125.359564675884,283.55151330342545
1770000,1769.999999965057,-36354.9021669232,7146.9575504231725,-29207.94461650003,277.01624749590314
1775000,1774.9999999649388,-36587.05135763918,7404.711687100878,-29182.339670538306,287.0068040670383
1780000,1779.9999999648205,-36741.59596719049,7316.503577391541,-29425.092389798952,283.58785560148584
1785000,1784.9999999647023,-36293.31554784271,7123.841150183852,-29169.474397658854,276.1202552635817
1790000,1789.999999964584,-36258.43589333366,7141.095023562885,-29117.34086977078,276.78901581301943
1795000,1794.9999999644658,-36248.420307901215,7104.666147187931,-29143.754160713284,275.377031683733
1800000,1799.9999999643476,-36617.354405463,7129.700780912217,-29487.65362455078,276.34737469232203
1805000,1804.9999999642293,-36467.638329937035,7125.864918275718,-29341.773411661317,276.1986965637651
1810000,1809.999999964111,-36212.270521938815,7372.951406528595,-28839.31911541022,285.7757748239683
1815000,1814.9999999639929,-36658.53276438249,7317.497008819113,-29341.035755563382,283.6263610276436
1820000,1819.9999999638746,-36701.451020102206,7015.456827400065,-29685.994192702143,271.91927629132357
1825000,1824.9999999637564,-36357.63285583099,7132.506066734186,-29225.126789096805,276.45610763862436
1830000,1829.9999999636382,-36229.44932122125,7157.788718202666,-29071.66060301858,277.43606382097647
1835000,1834.99999996352,-36007.69562829615,7129.583542301986,-28878.112085994162,276.3428305209542
1840000,1839.9999999634017,-36521.23325528566,7270.675750866929,-29250.55750441873,281.81156793709505
1845000,1844.9999999632835,-36685.70147883277,7248.141134514464,-29437.560344318306,280.93812566229803
1850000,1849.9999999631652,-36034.816902535975,7284.928694806141,-28749.888207729833,282.3640123888711
1855000,1854.999999963047,-36265.42969353492,7082.615807405914,-29182.813886129006,274.52235998051816
1860000,1859.9999999629288,-36446.25372763566,7104.828177716949,-29341.425549918713,275.3833119909562
1865000,1864.9999999628105,-36358.17194573702,7171.327797922982,-29186.844147814038,277.96083887836403
1870000,1869.9999999626923,-36880.931190402596,7279.498694888806,-29601.43249551379,282.1535454607565
1875000,1874.999999962574,-36677.67611368826,7216.370139874319,-29461.305973813945,279.70668114169854
1880000,1879.9999999624558,-36683.78019065013,6958.733990309282,-29725.046200340854,269.72069775390383
1885000,1884.9999999623376,-36929.295080315074,7109.967688502224,-29819.32739181285,275.582519553287
1890000,1889.9999999622194,-36497.02477003449,6898.999947964889,-29598.0248220696,267.4054048280314
1895000,1894.9999999621011,-36443.1547632084,7127.857274478205,-29315.29748873019,276.2759203383565
1900000,1899.999999961983,-36493.90030062477,7236.906220081256,-29256.994080543518,280.5026601071625
1905000,1904.9999999618647,-36455.84235476596,7246.098078631788,-29209.744276134174,280.8589367668764
1910000,1909.9999999617464,-36733.147917797614,7146.0683295358995,-29587.079588261717,276.9817812728076
1915000,1914.9999999616282,-36514.04627460445,7204.8413794497865,-29309.204895154664,279.259826108833
1920000,1919.99999996151,-36434.348890162764,7206.077157391861,-29228.271732770903,279.30772489175376
1925000,1924.9999999613917,-36749.965193044976,7266.564195364268,-29483.400997680706,281.6522039463784
1930000,1929.9999999612735,-36691.81309330533,7133.775893518925,-29558.037199786406,276.50532615551026
1935000,1934.9999999611553,-36488.551225668976,7275.286004204109,-29213.265221464866,281.9902614679382
1940000,1939.999999961037,-36434.24848152362,7009.223399304693,-29425.025082218923,271.67766846759815
1945000,1944.9999999609188,-36527.565766618725,7160.710352981765,-29366.85541363696,277.54930645567094
1950000,1949.9999999608006,-36859.24682640123,7065.061799452184,-29794.185026949046,273.8419662077067
1955000,1954.9999999606823,-36903.28675325386,7171.392293553407,-29731.894459700452,277.9633387305591
1960000,1959.999999960564,-36634.09131266638,7164.976716239164,-29469.114596427215,277.71467079870513
1965000,1964.9999999604458,-36353.20202528751,7232.075286316357,-29121.12673897115,280.3154129976041
1970000,1969.9999999603276,-36587.23619704291,6934.899891814008,-29652.336305228906,268.79688751982496
1975000,1974.9999999602094,-36715.079844357315,7203.555270283576,-29511.524574073737,279.20997648644754
1980000,1979.9999999600911,-36338.89204937703,7265.439660498517,-29073.45238887851,281.60861694778623
1985000,1984.999999959973,-36719.59938321673,6823.498863975924,-29896.100519240805,264.47898098670646
1990000,1989.9999999598547,-36534.3709893013,7014.576182287085,-29519.794807014216,271.885142465447
1995000,1994.9999999597364,-36280.01025359673,7040.611113043476,-29239.399140553254,272.8942570111916
2000000,1999.9999999596182,-36316.3826646281,7165.262592663428,-29151.120071964673,277.7257513758232
2005000,2004.9999999595,-36572.506093771335,7222.511743792582,-29349.994349978755,279.9447298580985
2010000,2009.9999999593817,-36551.580744399434,7341.061094550359,-29210.519649849077,284.5397055604588
2015000,2014.9999999592635,-36565.72995975883,7118.143890694619,-29447.586069064208,275.89942934799694
2020000,2019.9999999591453,-36537.2877800447,7243.695891847045,-29293.591888197658,280.76582794900537
2025000,2024.999999959027,-36237.15685999605,7178.148082329853,-29059.008777666197,278.22519326691565
2030000,2029.9999999589088,-36691.94048682697,7031.287565797098,-29660.652921029872,272.532876094442
2035000,2034.9999999587906,-36186.72104071381,6878.487330328693,-29308.233710385117,266.61033527237686
2040000,2039.9999999586723,-36620.02644715221,7274.1034770221,-29345.92297013011,281.9444266857654
2045000,2044.999999958554,-36586.898366746966,7225.599136275878,-29361.299230471086,280.0643972654164
2050000,2049.9999999588904,-36288.09602559209,7070.29067987831,-29217.80534571378,274.0446377394782
2055000,2054.999999959909,-36027.58801595249,7238.001220672263,-28789.586795280225,280.5451023565514
2060000,2059.9999999609277,-36050.445913046155,7084.7507680094905,-28965.695145036665,274.60511110514454
2065000,2064.9999999619463,-36637.5643818034,7175.759526089216,-29461.804855714185,278.13261276926386
2070000,2069.999999962965,-37012.8910163194,7191.309505119122,-29821.58151120028,278.73533033252255
2075000,2074.9999999639836,-36805.23692137063,7308.856900301063,-29496.38002106957,283.29147021253226
2080000,2079.999999965002,-36329.06652265123,7193.478328527232,-29135.588194123997,278.8193939802716
2085000,2084.999999966021,-36483.662427504525,6977.9880900181015,-29505.674337486424,270.46698712425746
2090000,2089.9999999670395,-36264.624421244596,7181.586254232608,-29083.03816701199,278.35845689301493
2095000,2094.999999968058,-36371.648744685954,7119.997551699497,-29251.651192986457,275.97127729337484
2100000,2099.9999999690767,-36369.59617755173,7162.115469662744,-29207.480707888986,277.60376881220697
2105000,2104.9999999700954,-36257.54405332778,6997.473126153291,-29260.07092717449,271.22222759608206
2110000,2109.999999971114,-36227.012503322425,7108.856331003288,-29118.156172319137,275.5394433097513
2115000,2114.9999999721326,-35896.84515504864,7364.807543756,-28532.037611292642,285.46011850595187
2120000,2119.9999999731513,-36144.583026945584,7241.5716261177,-28903.011400827883,280.68349135796296
2125000,2124.99999997417,-36730.89356183732,7170.41185658444,-29560.48170525288,277.9253369699311
2130000,2129.9999999751885,-36513.94465142625,7307.139316633626,-29206.805334792625,283.22489662804446
2135000,2134.999999976207,-36271.28631370534,6965.406959053513,-29305.879354651828,269.9793421838088
2140000,2139.999999977226,-36485.56760494116,7201.602297676025,-29283.965307265138,279.1342792209483
2145000,2144.9999999782444,-36783.238698425484,7137.357581284239,-29645.881117141245,276.64415245991313
2150000,2149.999999979263,-36491.07597631078,6929.784059090942,-29561.291917219838,268.59859771975795
2155000,2154.9999999802817,-36143.5236289485,7083.291611611066,-29060.232017337432,274.54855416785347
2160000,2159.9999999813003,-36822.7447377495,7141.746557201427,-29680.99818054807,276.814269272606
2165000,2164.999999982319,-36648.34016019015,6883.186932060367,-29765.153228129784,266.7924919491514
2170000,2169.9999999833376,-36227.933241272156,6909.625052678102,-29318.308188594056,267.81723414367235
2175000,2174.9999999843562,-36712.48677690712,7349.6946882130915,-29362.79208869403,284.8743438596206
2180000,2179.999999985375,-36754.05415181018,7012.225880120574,-29741.828271689606,271.79404469663353
2185000,2184.9999999863935,-36631.54608159905,7287.451208835577,-29344.094872763475,282.4617850936563
2190000,2189.999999987412,-36226.98052688825,7087.938994557381,-29139.041532330866,274.7286868432446
2195000,2194.999999988431,-36061.939804015274,7001.011242928629,-29060.928561086643,271.3593650878597
2200000,2199.9999999894494,-36881.45303841711,7082.187108724875,-29799.265929692236,274.50574360927345
2205000,2204.999999990468,-36525.36119541723,7128.926233023265,-29396.434962393963,276.3173531974146
2210000,2209.9999999914867,-36631.83945732976,7042.827061816752,-29589.01239551301,272.9801472392341
2215000,2214.9999999925053,-36787.258622024216,7155.531979842926,-29631.72664218129,277.34859258757615
2220000,2219.999999993524,-36568.23408532369,7067.740490192056,-29500.493595131633,273.94579232556544
2225000,2224.9999999945426,-36518.58834732497,7225.025903226861,-29293.56244409811,280.04217873857345
2230000,2229.999999995561,-36622.93495793256,7086.460692660866,-29536.474265271692,274.67138782598454
2235000,2234.99999999658,-36343.83278092729,7189.193766001237,-29154.63901492605,278.65332423314646
2240000,2239.9999999975985,-36364.07792924931,7182.971221225873,-29181.106708023435,278.4121382471678
2245000,2244.999999998617,-36512.228301090836,7049.596012665386,-29462.632288425448,273.242511937827
2250000,2249.9999999996357,-36158.46748914546,7230.746487663311,-28927.721001482154,280.2639087296764
2255000,2255.0000000006544,-36533.13060679921,7147.810800635178,-29385.319806164036,277.0493194947554
2260000,2260.000000001673,-36547.327045812024,7273.1588044714035,-29274.16824134062,281.9078111548545
2265000,2265.0000000026916,-35965.57320418546,6975.9940695692385,-28989.57913461622,270.3896988434363
2270000,2270.0000000037103,-36238.380937042486,7156.418097879823,-29081.96283916266,277.3829385441161
2275000,2275.000000004729,-36314.201636688704,7203.232034430889,-29110.969602257814,279.19744785698026
2280000,2280.0000000057476,-36346.55457900474,6993.847252011242,-29352.7073269935,271.0816886266484
2285000,2285.000000006766,-36544.32489283395,7093.638489000332,-29450.68640383362,274.9495993856895
2290000,2290.000000007785,-36399.89089560448,7088.019524408616,-29311.871371195866,274.73180818222596
2295000,2295.0000000088035,-36369.41474541092,7164.001863776304,-29205.412881634613,277.6768854936689
2300000,2300.000000009822,-36637.13120256435,7145.288837274994,-29491.842365289354,276.9515681339237
2305000,2305.0000000108407,-36629.33920085605,6860.864636349682,-29768.474564506367,265.92727922756444
2310000,2310.0000000118594,-36563.744301532715,7104.65595242518,-29459.088349107536,275.3766365344822
2315000,2315.000000012878,-36378.402482793375,7278.72244763995,-29099.680035153426,282.12345809861813
2320000,2320.0000000138966,-36247.573760299114,7401.689479061206,-28845.884281237908,286.8896632103317
2325000,2325.0000000149153,-36506.50892020096,7213.845164169752,-29292.66375603121,279.6088130223257
2330000,2330.000000015934,-36285.75071600519,7146.209703722092,-29139.541012283098,276.9872609396834
2335000,2335.0000000169525,-36271.48838581451,7141.851100366788,-29129.637285447723,276.8183213682237
2340000,2340.000000017971,-36533.38055388905,7398.556923377497,-29134.823630511557,286.76824527627366
2345000,2345.00000001899,-36720.17226984738,7146.722112682319,-29573.45015716506,277.00712192337386
2350000,2350.0000000200084,-36468.27333122217,7087.948954210851,-29380.32437701132,274.729072879654
2355000,2355.000000021027,-36215.48292858139,7002.183726615978,-29213.299201965412,271.4048105839367
2360000,2360.0000000220457,-36403.22609406841,7039.031417066219,-29364.19467700219,272.83302795690986
2365000,2365.0000000230643,-36534.76549211548,7432.043227072702,-29102.72226504278,288.0661752173301
2370000,2370.000000024083,-36771.21262677621,7245.320297154118,-29525.89232962209,280.8287899379921
2375000,2375.0000000251016,-36456.608095821975,7230.928281283042,-29225.679814538933,280.2709550547737
2380000,2380.0000000261202,-36207.09373062846,6966.631415842639,-29240.462314785822,270.02680215856753
2385000,2385.000000027139,-36381.527498591735,7026.44114073966,-29355.086357852073,272.3450285420101
2390000,2390.0000000281575,-36319.293042517456,7127.38484228468,-29191.908200232778,276.2576088551102
2395000,2395.000000029176,-36449.96167134168,7367.5905462169085,-29082.371125124773,285.56798774864063
2400000,2400.0000000301948,-36410.967961436836,7191.242275878987,-29219.72568555785,278.7327245255491
2405000,2405.0000000312134,-36316.0593258277,7031.51530368155,-29284.54402214615,272.54170322035094
2410000,2410.000000032232,-36389.97698520471,7169.231920512255,-29220.745064692455,277.87960261923774
2415000,2415.0000000332507,-36703.782510450976,7078.847042602766,-29624.93546784821,274.37628256560464
2420000,2420.0000000342693,-35948.550395933926,7277.159697127778,-28671.39069880615,282.06288585097286
2425000,2425.000000035288,-36159.15112002439,7192.179627949295,-28966.971492075096,278.76905631446306
2430000,2430.0000000363066,-36414.52686630528,6899.234715604787,-29515.29215070049,267.41450442743155
2435000,2435.000000037325,-36347.48069256271,7269.004797913,-29078.475894649713,281.74680176019064
2440000,2440.000000038344,-36303.57633077177,7132.346200915778,-29171.230129855994,276.4499112356367
2445000,2445.0000000393625,-36584.29882150974,7428.04866270602,-29156.250158803723,287.9113458058733
2450000,2450.000000040381,-36667.45285520848,7362.95913372302,-29304.49372148546,285.3884740883718
2455000,2455.0000000413997,-36310.8455268472,7027.640448956542,-29283.20507789066,272.39151375750043
2460000,2460.0000000424184,-36715.89196722613,7142.866964473316,-29573.025002752816,276.8576962855603
2465000,2465.000000043437,-36770.453790055406,7243.7675747505455,-29526.68621530486,280.76860638007867
2470000,2470.0000000444556,-36541.70986017607,7077.577876988351,-29464.131983187723,274.32708967569647
2475000,2475.0000000454743,-36635.16805534197,7008.983092099119,-29626.184963242853,271.66835415449856
2480000,2480.000000046493,-36561.24241433831,7015.9153917579715,-29545.32702258034,271.93705025692594
2485000,2485.0000000475115,-36453.26375931881,7104.486911749658,-29348.776847569156,275.3700845138109
2490000,2490.00000004853,-36505.641006889615,7052.57460895338,-29453.066397936236,273.3579624019838
2495000,2495.000000049549,-36382.72666454103,7211.029431568131,-29171.697232972896,279.4996751585914
2500000,2500.0000000505675,-36151.81635948047,7148.827133529935,-29002.989225950536,277.08871258233506
2505000,2505.000000051586,-36298.3971846451,7275.394211732673,-29023.00297291243,281.99445559436225
2510000,2510.0000000526047,-36351.0279345888,7187.4009651473825,-29163.626969441415,278.5838352286941
2515000,2515.0000000536234,-36292.60935170555,7008.80353218983,-29283.80581951572,271.661394408072
2520000,2520.000000054642,-36344.27224733668,7132.647974955431,-29211.62427238125,276.46160800471176
2525000,2525.0000000556606,-36420.51550698937,7189.667187716286,-29230.848319273086,278.67167407027097
2530000,2530.0000000566793,-36135.99137113604,7299.087792236937,-28836.903578899106,282.9128193477113
2535000,2535.000000057698,-36162.66627982982,7336.352901744352,-28826.31337808547,284.3572158934354
2540000,2540.0000000587165,-36954.95347482051,7313.729907505805,-29641.223567314708,283.4803480896365
2545000,2545.000000059735,-36687.68558014807,7132.616452044524,-29555.069128103547,276.4603861759226
2550000,2550.000000060754,-36395.05908683,6970.314571238869,-29424.74451559113,270.1695613507986
2555000,2555.0000000617724,-36277.783141720836,7122.038725754601,-29155.744415966234,276.0503932491142
2560000,2560.000000062791,-36440.74700865322,6850.726285344893,-29590.020723308327,265.5343164974336
2565000,2565.0000000638097,-36547.90373927449,7333.446342447982,-29214.457396826503,284.2445575848161
2570000,2570.0000000648283,-36311.72164243466,7156.193375966601,-29155.528266468064,277.37422831732493
2575000,2575.000000065847,-36391.905707194535,7266.876419131531,-29125.029288063004,281.6643057471483
2580000,2580.0000000668656,-36457.086606201134,6954.60730945732,-29502.47929674381,269.5607475042825
2585000,2585.0000000678842,-36383.4725086873,7006.704864573284,-29376.767644114017,271.5800500005007
2590000,2590.000000068903,-36194.24450405713,7100.987840611168,-29093.256663445965,275.23446043186175
2595000,2595.0000000699215,-36090.97442360068,7083.031098505965,-29007.943325094715,274.5384566735995
2600000,2600.00000007094,-36344.52701150534,7073.89033062884,-29270.6366808765,274.1841602896225
2605000,2605.0000000719588,-36492.770249428686,7082.507352934072,-29410.262896494613,274.5181562825667
2610000,2610.0000000729774,-36660.13592895151,7219.03041166249,-29441.10551728902,279.8097933405439
2615000,2615.000000073996,-36482.823762329484,7286.103485665395,-29196.72027666409,282.40954731098685
2620000,2620.0000000750147,-36758.689380532625,7268.303311884781,-29490.386068647844,281.71961214477216
2625000,2625.0000000760333,-36272.32714634269,7154.734889751942,-29117.592256590753,277.31769735637283
2630000,2630.000000077052,-36668.802274795504,7242.803951415827,-29425.998323379677,280.7312563163208
2635000,2635.0000000780706,-36389.33641743875,7030.541850645897,-29358.794566792858,272.50397215714713
2640000,2640.000000079089,-36344.818182407165,7100.079126585073,-29244.739055822094,275.199238654234
2645000,2645.000000080108,-36787.455256408706,7135.863128012551,-29651.592128396154,276.5862274149608
2650000,2650.0000000811265,-36561.639656818734,7327.11472325338,-29234.524933565353,283.9991438717099
2655000,2655.000000082145,-36796.38540766676,7098.434051430617,-29697.951356236146,275.1354755014629
2660000,2660.0000000831637,-36814.78637591535,7024.165433641132,-29790.620942274218,272.2568220798357
2665000,2665.0000000841824,-36319.884899095654,7087.321811424477,-29232.563087671177,274.70476481008734
2670000,2670.000000085201,-36596.041617641975,7287.659888387084,-29308.381729254892,282.4698735181194
2675000,2675.0000000862196,-36356.28101399539,7207.376557928494,-29148.90445606689,279.35808968797824
2680000,2680.0000000872383,-36387.39436847704,7221.478566026781,-29165.91580245026,279.9046838629098
2685000,2685.000000088257,-36479.10220976041,7287.956223194302,-29191.145986566105,282.48135946241376
2690000,2690.0000000892755,-36384.98936444703,7037.923130076317,-29347.06623437071,272.79007072637853
2695000,2695.000000090294,-36661.96014603733,7345.160266886398,-29316.79987915093,284.6985895793378
2700000,2700.000000091313,-36809.08655380061,7321.736250478678,-29487.35030332193,283.79067413688983
2705000,2705.0000000923314,-36727.88753178586,7164.6929584810205,-29563.19457330484,277.7036723411371
2710000,2710.00000009335,-36608.096046409926,7090.402416586599,-29517.693629823327,274.8241691406723
2715000,2715.0000000943687,-36079.87317491173,7334.445678500502,-28745.427496411226,284.2832918743797
2720000,2720.0000000953873,-36051.50624688665,7052.509280666186,-28998.996966220468,273.35543027599226
2725000,2725.000000096406,-36506.33112678396,7209.110441938443,-29297.220684845517,279.425295074136
2730000,2730.0000000974246,-36648.94227700209,7145.269311182319,-29503.672965819773,276.9508113020994
2735000,2735.0000000984433,-36262.721143848736,7211.4133021838825,-29051.307841664853,279.51455399294144
2740000,2740.000000099462,-36197.11913563568,7211.914903622801,-28985.20423201288,279.53399607684463
2745000,2745.0000001004805,-36642.12118682716,7119.164800101975,-29522.95638672518,275.93899982131563
2750000,2750.000000101499,-36254.785611536456,7075.119714957267,-29179.665896579187,274.2318112559237
2755000,2755.000000102518,-36504.489675122,7174.271715481538,-29330.21795964046,278.07494519412916
2760000,2760.0000001035364,-36774.742704571174,7105.410360378272,-29669.332344192902,275.4058774049886
2765000,2765.000000104555,-36579.15555023963,7145.621225470246,-29433.53432476938,276.9644515084101
2770000,2770.0000001055737,-36543.50558702318,7059.8828290777265,-29483.622757945453,273.6412291907449
2775000,2775.0000001065923,-36766.671013383646,7134.624386700161,-29632.046626683485,276.5382137717349
2780000,2780.000000107611,-36592.03867496463,7206.488022612832,-29385.550652351798,279.3236500376549
2785000,2785.0000001086296,-36622.29163060798,7189.182130659688,-29433.109499948292,278.65287324702666
2790000,2790.000000109648,-36538.49774889442,7278.8178924142485,-29259.679856480172,282.12715754037816
2795000,2795.000000110667,-36626.73752901004,7233.3002934735805,-29393.437235536458,280.3628943046436
2800000,2800.0000001116855,-37118.33155589709,7090.406954277759,-30027.924601619336,274.8243450216914
2805000,2805.000000112704,-36522.07257668974,7166.967253498331,-29355.105323191405,277.7918240710095
2810000,2810.0000001137228,-36531.537927386904,6990.337536338888,-29541.200391048016,270.9456519623092
2815000,2815.0000001147414,-36360.69141112459,7200.686432291467,-29160.004978833127,279.09878025649357
2820000,2820.00000011576,-36140.72830870802,7197.189001921213,-28943.539306786806,278.96321977076093
2825000,2825.0000001167787,-36419.89663465782,6901.616561702606,-29518.28007295522,267.5068248397854
2830000,2830.0000001177973,-36644.89919794862,7236.267742774598,-29408.631455174025,280.47791271131564
2835000,2835.000000118816,-36247.88965708808,7297.318669109023,-28950.57098797906,282.844248092489
2840000,2840.0000001198346,-36106.36146122336,7160.690168187324,-28945.671293036034,277.5485240925503
2845000,2845.000000120853,-36668.95503752987,7358.187990492799,-29310.767047037072,285.20354446138344
2850000,2850.000000121872,-36436.6116995599,7031.578842938808,-29405.032856621092,272.5441660034989
2855000,2855.0000001228905,-36355.58767220019,7203.07189484647,-29152.51577735372,279.1912408428154
2860000,2860.000000123909,-36564.44139429778,7077.00813881003,-29487.433255487747,274.30500661012627
2865000,2865.0000001249277,-36373.50268575209,7166.9285710120175,-29206.574114740077,277.79032473690444
2870000,2870.0000001259464,-36578.49185949357,7005.919554353723,-29572.572305139853,271.54961135739865
2875000,2875.000000126965,-36415.53511526533,7189.186515638136,-29226.348599627196,278.6530432088973
2880000,2880.0000001279836,-36964.714884186025,7158.671908587887,-29806.04297559814,277.4702963016666
2885000,2885.0000001290023,-36166.07892617718,7025.0924049935675,-29140.98652118361,272.2927515118738
2890000,2890.000000130021,-36133.168910370645,6902.6097330468965,-29230.559177323747,267.54532018510884
2895000,2895.0000001310395,-36287.04800138381,7210.463427844273,-29076.584573539538,279.4777368405665
2900000,2900.000000132058,-36936.424352214,7317.378298099966,-29619.046054114035,283.6217597972986
2905000,2905.000000133077,-36526.00542905783,7057.913810661603,-29468.091618396225,273.56490998931736
2910000,2910.0000001340954,-36713.20512921462,7321.401121321642,-29391.804007892977,283.7776845226584
2915000,2915.000000135114,-36276.575052737855,7037.247259503721,-29239.327793234133,272.7638739666395
2920000,2920.0000001361327,-36463.35742661971,7074.862951475861,-29388.49447514385,274.22185909717484
2925000,2925.0000001371513,-36665.84642674113,7085.327565318925,-29580.518861422206,274.62746778280746
2930000,2930.00000013817,-36739.11056976781,7328.559677318132,-29410.550892449675,284.0551503262044
2935000,2935.0000001391886,-36466.250403077,7077.172470283791,-29389.07793279321,274.31137610202336
2940000,2940.0000001402072,-36635.46428416818,7044.672363120979,-29590.7919210472,273.05167116241256
2945000,2945.000000141226,-36568.95440159317,7047.452192600868,-29521.5022089923,273.15941742028025
2950000,2950.0000001422445,-36384.822649104106,7276.334145930157,-29108.488503173947,282.03088746658807
2955000,2955.000000143263,-36446.939688869556,7160.467382835319,-29286.472306034237,277.5398889269187
2960000,2960.000000144282,-36109.354680039454,7256.316662373407,-28853.038017666047,281.255009319827
2965000,2965.0000001453004,-36610.39648299453,7266.117496311753,-29344.27898668278,281.63488988029997
2970000,2970.000000146319,-36625.323632900116,7019.964251671601,-29605.359381228514,272.09398416509555
2975000,2975.0000001473377,-36365.24194266843,7253.763485460693,-29111.478457207733,281.15604812094443
2980000,2980.0000001483563,-36276.648027873176,7129.214946527189,-29147.43308134599,276.328543739809
2985000,2985.000000149375,-36699.18406756975,7071.934655573907,-29627.249411995846,274.1083582771974
2990000,2990.0000001503936,-36052.57421784382,7011.069566576172,-29041.50465126765,271.7492259556883
2995000,2995.000000151412,-35648.288188186954,7301.135808126299,-28347.152380060656,282.9922004931121
3000000,3000.000000152431,-36336.016436999074,7065.694901996396,-29270.32153500268,273.8665052776313
3005000,3005.0000001534495,-36466.39136448364,7194.069527689451,-29272.32183679419,278.8423088740967
3010000,3010.000000154468,-36472.378276187235,6955.045849868026,-29517.332426319208,269.5777453412071
3015000,3015.0000001554868,-36397.10228997424,7489.441856978246,-28907.660432995992,290.2909475005933
3020000,3020.0000001565054,-36337.28308086307,7110.657893032908,-29226.62518783016,275.6092718975882
3025000,3025.000000157524,-36612.90074878326,7347.8965719383,-29265.004176844956,284.80464882932415
3030000,3030.0000001585427,-36577.623312988464,7208.7124011658525,-29368.91091182261,279.4098670041642
3035000,3035.0000001595613,-36300.96402005604,7247.262273512493,-29053.701746543546,280.90406098860734
3040000,3040.00000016058,-36622.921546043275,7207.899660670721,-29415.021885372553,279.37836516291765
3045000,3045.0000001615986,-36434.31701322073,7255.440407553113,-29178.876605667618,281.2210456618011
3050000,3050.000000162617,-36341.91714515265,7340.840422403616,-29001.076722749032,284.53115230271436
3055000,3055.000000163636,-35695.10161774329,7133.619609708784,-28561.482008034505,276.49926859124963
3060000,3060.0000001646545,-36425.831889709145,7108.312738813454,-29317.519150895692,275.51837366332717
3065000,3065.000000165673,-36217.871529031596,7295.325784601355,-28922.54574443024,282.76700384077606
3070000,3070.0000001666917,-36593.08510536378,6958.308417557076,-29634.776687806705,269.70420254373636
3075000,3075.0000001677104,-36344.15468518805,7104.348380685281,-29239.806304502767,275.3647150464054
3080000,3080.000000168729,-36468.6105299708,7165.528655403182,-29303.08187456762,277.7360639740505
3085000,3085.0000001697476,-36259.92233662178,7220.4713485558495,-29039.450988065928,279.865644089378
3090000,3090.0000001707663,-36370.7464295836,7122.995959208761,-29247.750470374842,276.08749564094717
3095000,3095.000000171785,-36732.43540584736,7334.291393592508,-29398.144012254852,284.2773117876146
3100000,3100.0000001728035,-36498.64307530927,7022.089741910024,-29476.55333339925,272.1763682181395
3105000,3105.000000173822,-35980.35126906348,6977.873826180684,-29002.4774428828,270.4625582551558
3110000,3110.000000174841,-36302.785454029254,7254.883858214845,-29047.90159581441,281.1994737959903
3115000,3115.0000001758594,-36309.98807775851,6993.570606586445,-29316.41747117207,271.07096584329287
3120000,3120.000000176878,-36448.69275870492,7318.170551028159,-29130.52220767676,283.6524675399552
3125000,3125.0000001778967,-36565.17750102322,7270.071864286943,-29295.10563673628,281.7881612786505
3130000,3130.0000001789153,-36304.241155960764,7145.099383798275,-29159.14177216249,276.94422491258433
3135000,3135.000000179934,-36420.0114496392,7361.733848175039,-29058.277601464157,285.3409819908999
3140000,3140.0000001809526,-36421.321956536995,7152.187050917083,-29269.13490561991,277.21894306151694
3145000,3145.0000001819712,-36326.52475614099,7245.809420067748,-29080.715336073245,280.84774835395325
3150000,3150.00000018299,-36801.302796135424,6895.913863724845,-29905.388932410577,267.2857881282537
3155000,3155.0000001840085,-36424.276445702046,7098.255347640767,-29326.02109806128,275.1285489382466
3160000,3160.000000185027,-36241.70466814509,6944.448331992109,-29297.25633615298,269.1669852920469
3165000,3165.000000186046,-36382.422962407254,7038.952588985804,-29343.47037342145,272.8299725786066
3170000,3170.0000001870644,-36495.67724892073,7384.926818446971,-29110.75043047376,286.239942079537
3175000,3175.000000188083,-36665.11494788897,7043.3547542146425,-29621.76019367433,273.000600609338
3180000,3180.0000001891017,-36164.41809634999,7083.45053448961,-29080.96756186038,274.55471402246917
3185000,3185.0000001901203,-36337.86191798607,7373.835296683992,-28964.026621302077,285.8100344277674
3190000,3190.000000191139,-36528.8737268554,6816.743658655561,-29712.13006819984,264.2171490651218
3195000,3195.0000001921576,-36279.95747239759,7036.199624763442,-29243.757847634148,272.72326761877036
3200000,3200.000000193176,-36641.007450977755,7038.958588409556,-29602.048862568197,272.8302051164163
3205000,3205.000000194195,-36596.66275582906,7245.947986658155,-29350.714769170903,280.85311919834857
3210000,3210.0000001952135,-36388.605084275216,7034.25174420898,-29354.353340066235,272.647767721372
3215000,3215.000000196232,-36321.0993889649,7095.841811180804,-29225.257577784098,275.03500020668963
3220000,3220.0000001972508,-36198.20318675678,7032.1163523049145,-29166.086834451864,272.5649998795283
3225000,3225.0000001982694,-36258.014834306196,7303.7959812887775,-28954.218853017417,283.0953088692232
3230000,3230.000000199288,-36513.28796702572,7280.200978382907,-29233.08698864281,282.1807659859718
3235000,3235.0000002003067,-36705.47937524483,7116.565358043803,-29588.91401720103,275.8382453842762
3240000,3240.0000002013253,-36296.34266206834,7193.63928887787,-29102.703373190467,278.82563280735496
3245000,3245.000000202344,-36552.18535019249,7306.8666860551275,-29245.318664137365,283.2143294602286
3250000,3250.0000002033626,-36459.24347575413,7094.7747872244245,-29364.4686885297,274.9936423323355
3255000,3255.000000204381,-36672.485984026745,7261.640725728066,-29410.84525829868,281.4613701442104
3260000,3260.0000002054,-36472.5822122102,7125.661355853097,-29346.92085635711,276.1908064793414
3265000,3265.0000002064185,-36441.63828317962,7046.9382151027185,-29394.700068076905,273.139495640022
3270000,3270.000000207437,-36660.10978045544,7077.300725206467,-29582.80905524897,274.316347265928
3275000,3275.0000002084557,-36479.787489886185,6995.596689984912,-29484.190799901273,271.1494968848161
3280000,3280.0000002094744,-36116.36199539725,7046.466401654476,-29069.895593742775,273.1212081393578
3285000,3285.000000210493,-36385.98130334168,7399.776670298921,-28986.20463304276,286.81552269644635
3290000,3290.0000002115116,-36404.02980288111,6929.414609458711,-29474.615193422396,268.584277843078
3295000,3295.0000002125303,-36265.38382595497,7182.207858247541,-29083.175967707426,278.38255027966653
3300000,3300.000000213549,-36650.938691032636,7265.786235004477,-29385.152456028158,281.62205018401875
3305000,3305.0000002145675,-36774.01445227988,6938.13284961092,-29835.88160266896,268.92219704221884
3310000,3310.000000215586,-36668.98896989409,7075.986926297543,-29593.00204359655,274.2654243884453
3315000,3315.000000216605,-36745.31111404528,7050.801287659776,-29694.509826385507,273.2892284257578
3320000,3320.0000002176234,-36772.87402304371,7390.662141739256,-29382.211881304454,286.4622433490486
3325000,3325.000000218642,-36458.31228615815,7065.415864283505,-29392.896421874648,273.8556897691314
3330000,3330.0000002196607,-36675.53531822355,7149.841908592884,-29525.693409630665,277.12804528831623
3335000,3335.0000002206793,-36626.35624823458,7311.689568854676,-29314.666679379905,283.40126451417535
3340000,3340.000000221698,-36591.318490039324,7189.499773428048,-29401.818716611277,278.6651850884101
3345000,3345.0000002227166,-36703.1225653859,6967.096774116074,-29736.025791269825,270.0448394565001
3350000,3350.0000002237352,-36643.40464823367,7111.901791255377,-29531.502856978295,275.65748542277345
3355000,3355.000000224754,-36188.68348078467,6995.524676992174,-29193.158803792496,271.1467056594761
3360000,3360.0000002257725,-36483.766892707325,7208.1829763759615,-29275.583916331365,279.3893464865045
3365000,3365.000000226791,-36413.10327252716,7155.061576868051,-29258.041695659107,277.3303597568938
3370000,3370.00000022781,-36205.52080236546,7359.634383618828,-28845.886418746635,285.2596066939278
3375000,3375.0000002288284,-36633.74791249501,6971.9708981177155,-29661.777014377294,270.23376062067916
3380000,3380.000000229847,-36416.9637764306,7039.623720140218,-29377.340056290384,272.8559856383823
3385000,3385.0000002308657,-36286.90365051323,7255.887873016575,-29031.015777496657,281.2383894339864
3390000,3390.0000002318843,-36234.892739266026,7065.926591251127,-29168.9661480149,273.87548555874787
3395000,3395.000000232903,-36702.04575345451,6999.315039340698,-29702.730714113815,271.2936201957707
3400000,3400.0000002339216,-36612.324834107676,7113.919482368279,-29498.4053517394,275.73569117910523
3405000,3405.00000023494,-36370.58845412374,7082.84849736837,-29287.73995675537,274.53137904909033
3410000,3410.000000235959,-36573.12403468503,7209.714162651135,-29363.409872033895,279.4486953035603
3415000,3415.0000002369775,-36931.88368359944,6921.080808430164,-30010.802875169273,268.2612595136675
3420000,3420.000000237996,-36493.83496048307,6914.702122076569,-29579.132838406505,268.0140214763404
3425000,3425.0000002390148,-36454.43443207844,7369.896311747638,-29084.5381203308,285.6573592763742
3430000,3430.0000002400334,-36262.01907215232,7231.877428334409,-29030.141643817908,280.3077440174388
3435000,3435.000000241052,-36400.11633747091,7240.547396363416,-29159.568941107493,280.643792187917
3440000,3440.0000002420707,-36058.25786553094,7032.235048236818,-29026.02281729412,272.5696005367194
3445000,3445.0000002430893,-36271.92373720874,7110.460893129336,-29161.4628440794,275.6016361765615
3450000,3450.000000244108,-36307.56732079798,7296.7408689383265,-29010.82645185965,282.82185254389935
3455000,3455.0000002451266,-36108.21026545717,7175.687108473676,-28932.523156983494,278.12980586073417
3460000,3460.000000246145,-36450.14187105522,7254.052569889415,-29196.0893011658,281.16725304039284
3465000,3465.000000247164,-36435.77502065473,7182.733500782351,-29253.04151987238,278.4029241970279
3470000,3470.0000002481825,-36591.68739165777,7460.760443422056,-29130.926948235712,289.17925521752613
3475000,3475.000000249201,-36559.23086748777,7083.512907335518,-29475.71796015225,274.55713159548503
3480000,3480.0000002502197,-36439.458400748576,7239.270638211648,-29200.187762536927,280.5943050110774
3485000,3485.0000002512384,-36286.70592725801,7240.8686285521035,-29045.837298705905,280.65624315531915
3490000,3490.000000252257,-36629.769188260296,7140.7043732276,-29489.064815032696,276.77387419657634
3495000,3495.0000002532756,-36491.89889518673,7364.5429817357945,-29127.355913450934,285.44986407565057
3500000,3500.0000002542943,-36824.08730524932,7066.21062656982,-29757.8766786795,273.8864947745695
3505000,3505.000000255313,-36735.30450023914,7263.586924456325,-29471.71757578281,281.5368048539844
3510000,3510.0000002563315,-36686.82623762065,7061.842772205411,-29624.983465415236,273.7171966337731
3515000,3515.00000025735,-36554.40304254459,7142.22779379488,-29412.175248749707,276.8329220146064
3520000,3520.000000258369,-36556.392195147215,6946.048290583557,-29610.34390456366,269.2289997257447
3525000,3525.0000002593874,-36520.98359771883,7220.8421510443595,-29300.141446674468,279.88001640280015
3530000,3530.000000260406,-36962.65846513703,6959.215966742914,-30003.442498394113,269.73937917212754
3535000,3535.0000002614247,-36184.77193034451,7135.581783091426,-29049.190147253088,276.5753224790139
3540000,3540.0000002624433,-36634.58654045507,7256.582638430675,-29378.003902024397,281.2653185582391
3545000,3545.000000263462,-36365.25662633493,7300.95819170468,-29064.298434630247,282.9853160763147
3550000,3550.0000002644806,-36356.53103594489,7036.927893144609,-29319.603142800283,272.7514953188368
3555000,3555.0000002654992,-36443.171780800054,7169.408341397662,-29273.76343940239,277.8864406970227
3560000,3560.000000266518,-36469.87559136957,7126.776873277325,-29343.098718092246,276.23404396168206
3565000,3565.0000002675365,-36652.0822228005,7414.74825314167,-29237.33396965883,287.39582160950295
3570000,3570.000000268555,-36688.14159600399,7343.60945118314,-29344.53214482085,284.6384799251747
3575000,3575.000000269574,-36618.876711757366,7232.081945133263,-29386.7947666241,280.3156710935084
3580000,3580.0000002705924,-36643.7899295863,7288.91113628815,-29354.87879329815,282.5183719170248
3585000,3585.000000271611,-36546.68062900585,7186.310315385521,-29360.370313620333,278.54156161754815
3590000,3590.0000002726297,-36744.28223003527,7285.318996544413,-29458.96323349086,282.3791404936855
3595000,3595.0000002736483,-37206.04827635193,7097.649196085893,-30108.39908026604,275.10505448932054
3600000,3600.000000274667,-36571.07874170738,7120.432477257574,-29450.646264449806,275.9881350185241
3605000,3605.0000002756856,-36838.05631554249,7089.211074186588,-29748.845241355903,274.77799268043657
3610000,3610.000000276704,-36291.32213425236,7016.766620617125,-29274.555513635234,271.97004390809275
3615000,3615.000000277723,-36295.56985477418,7027.630421688986,-29267.939433085194,272.39112510036745
3620000,3620.0000002787415,-36275.90736609346,7315.922480798436,-28959.984885295024,283.5653322834839
3625000,3625.00000027976,-36483.55421787406,7095.6937899301465,-29387.86042794391,275.0292628994344
3630000,3630.0000002807787,-36456.366542777854,7094.127919810252,-29362.2386229676,274.96856973571835
3635000,3635.0000002817974,-36387.40446694743,7237.816139258612,-29149.58832768882,280.53792859648223
3640000,3640.000000282816,-36307.6518678938,6771.136020413028,-29536.515847480772,262.4493959038694
3645000,3645.0000002838347,-36691.10383830027,6986.693665668785,-29704.410172631484,270.80441544701296
3650000,3650.0000002848533,-36500.694204194784,7331.094627893312,-29169.599576301473,284.1534050718034
3655000,3655.000000285872,-36410.566894386706,7305.836396059221,-29104.730498327484,283.17439539507086
3660000,3660.0000002868906,-36611.34310972335,7377.550680857263,-29233.792428866087,285.9540428081759
3665000,3665.000000287909,-36870.15560607919,7170.186859886564,-29699.96874619263,277.9166160924801
3670000,3670.000000288928,-36566.3449911497,7285.378898304339,-29280.966092845363,282.38146228734894
3675000,3675.0000002899465,-36181.717493189375,7244.074010499267,-28937.64348269011,280.78048383710995
3680000,3680.000000290965,-36331.38034551816,7417.40799930164,-28913.97234621652,287.4989134349865
3685000,3685.0000002919837,-36439.880772154815,7318.125613750628,-29121.755158404187,283.6507257699913
3690000,3690.0000002930024,-36590.680288991614,7289.358007643488,-29301.322281348126,282.53569266156484
3695000,3695.000000294021,-36796.04462728991,7203.6852593908525,-29592.359367899062,279.2150148673892
3700000,3700.0000002950396,-36751.197360377315,7106.653987823247,-29644.543372554068,275.4540804348316
3705000,3705.0000002960583,-36889.39224390396,7244.293552063002,-29645.098691840958,280.7889932734297
3710000,3710.000000297077,-36426.34364740204,6990.733158315675,-29435.610489086368,270.9609862796972
3715000,3715.0000002980955,-36338.21533725784,7392.650069349313,-28945.565267908525,286.5392954712903
3720000,3720.000000299114,-36529.22140162074,7144.7742654717,-29384.447136149043,276.9316233183837
3725000,3725.000000300133,-36326.14995108783,6937.218637485066,-29388.931313602763,268.88676215811154
3730000,3730.0000003011514,-36843.4460983144,7218.153669564419,-29625.292428749985,279.7758107956196
3735000,3735.00000030217,-36379.10963071844,6958.778678275283,-29420.33095244316,269.7224298605468
3740000,3740.0000003031887,-36590.87454167093,7162.069007547604,-29428.805534123323,277.60196793950047
3745000,3745.0000003042073,-36951.051105131555,7017.328359940336,-29933.72274519122,271.99181693784544
3750000,3750.000000305226,-36844.6549371193,7223.860449094326,-29620.794488024978,279.9970057082112
3755000,3755.0000003062446,-36652.16578309911,7212.244616195977,-29439.921166903132,279.5467757441547
3760000,3760.0000003072632,-36924.65912881123,6900.214663115452,-30024.44446569578,267.4524872166439
3765000,3765.000000308282,-36764.56941078036,7411.559456539035,-29353.009954241323,287.2722237760672
3770000,3770.0000003093005,-36500.66016473663,7178.875114675321,-29321.785050061313,278.25337305820847
3775000,3775.000000310319,-36234.217963954216,7134.965373570843,-29099.252590383374,276.55143043108893
3780000,3780.0000003113378,-36352.965608631435,7098.247733477953,-29254.71787515348,275.12825381311177
3785000,3785.0000003123564,-36978.65636739746,7047.461932657253,-29931.194434740206,273.1597949451013
3790000,3790.000000313375,-36280.10804927984,7285.806767820115,-28994.301281459728,282.398046520128
3795000,3795.0000003143937,-36519.60939968139,7365.738918591707,-29153.87048108968,285.49621861710824
3800000,3800.0000003154123,-36183.664640369054,7210.889268921097,-28972.775371447955,279.49424245100266
3805000,3805.000000316431,-36507.830425428845,7225.902759758588,-29281.927665670257,280.076165718949
3810000,3810.0000003174496,-36577.452234546596,7215.270133837851,-29362.182100708746,279.6640448811226
3815000,3815.000000318468,-36305.29077089436,7158.143932767647,-29147.14683812671,277.44983194610563
3820000,3820.000000319487,-36254.39510848469,7353.686443128874,-28900.708665355818,285.02906437669265
3825000,3825.0000003205055,-36669.682273305014,7245.603469202259,-29424.078804102755,280.8397656934262
3830000,3830.000000321524,-36464.188330482284,7212.4471613222395,-29251.741169160043,279.5546263981469
3835000,3835.0000003225427,-36759.516103765265,7206.344947543073,-29553.17115622219,279.3181044444909
3840000,3840.0000003235614,-36537.53261426433,7281.248262452629,-29256.2843518117,282.2213587418417
3845000,3845.00000032458,-36403.324500821116,7050.989069317535,-29352.335431503583,273.29650684735384
3850000,3850.0000003255986,-36338.17627144695,7198.313137024694,-29139.86313442226,279.0067912745578
3855000,3855.0000003266173,-36156.16283462543,7095.881263903376,-29060.281570722054,275.0365293951706
3860000,3860.000000327636,-36400.11584955945,7020.4969525234155,-29379.618897036034,272.11463166299467
3865000,3865.0000003286546,-36323.85624719866,7090.164191035836,-29233.69205616282,274.81493551256347
3870000,3870.000000329673,-36529.18733442212,7078.384728079967,-29450.80260634215,274.3583632435204
3875000,3875.000000330692,-37050.44365457796,6961.680969720566,-30088.762684857393,269.83492274715474
3880000,3880.0000003317105,-36663.04960368421,7157.866814547767,-29505.18278913644,277.43909083720126
3885000,3885.000000332729,-36009.287193580596,7096.418577679648,-28912.86861590095,275.0573556901333
3890000,3890.0000003337477,-36425.584418674174,7040.630063090803,-29384.954355583373,272.89499151548426
3895000,3895.0000003347664,-36175.9417256201,7090.6523370705245,-29085.289388549572,274.8338560646733
3900000,3900.000000335785,-36574.64146074501,7089.364428437508,-29485.277032307506,274.7839366949109
3905000,3905.0000003368036,-36787.77006133844,7177.583343307769,-29610.18671803067,278.20330396876204
3910000,3910.0000003378223,-36389.14915528891,7181.25219169857,-29207.89696359034,278.3455086211166
3915000,3915.000000338841,-36692.748041431645,6885.632512985353,-29807.11552844629,266.88728272494757
3920000,3920.0000003398595,-36581.996189694444,7139.032233423008,-29442.963956271436,276.70906201731145
3925000,3925.000000340878,-36454.93782508626,7180.948435575867,-29273.98938951039,278.33373502645463
3930000,3930.000000341897,-36569.20748817182,7144.72221908504,-29424.48526908678,276.929605999178
3935000,3935.0000003429154,-36655.21471338484,7389.1885766312125,-29266.02613675363,286.40512792982423
3940000,3940.000000343934,-36138.97649079742,7210.215203691978,-28928.761287105437,279.4681156664205
3945000,3945.0000003449527,-36297.50310753196,7137.044806957676,-29160.458300574282,276.6320293194514
3950000,3950.0000003459713,-36657.451717552605,7404.392251677769,-29253.059465874838,286.99442274231336
3955000,3955.00000034699,-36383.43198812577,7100.380994085679,-29283.050994040088,275.21093904585786
3960000,3960.0000003480086,-36359.439770757934,7218.04290283947,-29141.39686791846,279.77151747468184
3965000,3965.0000003490272,-36806.77647354326,7407.739728933899,-29399.03674460936,287.1241710417161
3970000,3970.000000350046,-36645.50839826368,6931.388986590106,-29714.11941167357,268.66080474843903
3975000,3975.0000003510645,-36223.18494813749,7055.946654151821,-29167.23829398567,273.4886629554247
3980000,3980.000000352083,-36236.809274022795,7200.321919964099,-29036.487354058696,279.08465174986947
3985000,3985.0000003531018,-36235.66559517592,7370.6573786625595,-28865.008216513357,285.68685824840213
3990000,3990.0000003541204,-36427.99414135419,7057.188499967656,-29370.805641386534,273.53679692927915
3995000,3995.000000355139,-36232.96027617804,7067.810057628698,-29165.150218549345,273.94848876109205
4000000,4000.0000003561577,-36245.373493592466,7134.662788922569,-29110.710704669895,276.5397022428041
4005000,4005.0000003571763,-35833.17302759434,7330.490769015388,-28502.682258578952,284.12999948709137
4010000,4010.000000358195,-36338.84088274515,7488.56032900545,-28850.2805537397,290.2567794550489
4015000,4015.0000003592136,-36699.39206640463,7420.317495112093,-29279.074571292538,287.6116855629627
4020000,4020.000000360232,-36627.283360397785,7320.860150895035,-29306.42320950275,283.75671649584035
4025000,4025.000000361251,-36225.86951917948,7121.048630003023,-29104.82088917646,276.01201711383874
4030000,4030.0000003622695,-36619.1984041861,7277.150111737719,-29342.04829244838,282.0625143210224
4035000,4035.000000363288,-36314.75068927155,6908.631856404386,-29406.11883286716,267.7787378320837
4040000,4040.0000003643067,-36519.61578536174,7090.313615141462,-29429.30217022028,274.8207271945112
4045000,4045.0000003653254,-36535.438226545586,7111.345216928023,-29424.093009617565,275.63591258838505
4050000,4050.000000366344,-36555.130588770524,7269.995158645224,-29285.1354301253,281.7851881661224
4055000,4055.0000003673626,-36845.46816376849,7104.841094834396,-29740.627068934096,275.38381265874085
4060000,4060.0000003683813,-37108.259072475455,6892.877914369716,-30215.381158105738,267.16811465782774
4065000,4065.0000003694,-36561.97449416977,7200.331808562705,-29361.64268560707,279.08503503219055
4070000,4070.0000003704185,-36570.47286836917,7027.184725464336,-29543.288142904836,272.3738499039214
4075000,4075.000000371437,-36596.88414781873,7119.772017146986,-29477.112130671747,275.9625355686652
4080000,4080.000000372456,-36409.3267346738,7231.072149430751,-29178.25458524305,280.27653138765817
4085000,4085.0000003734744,-36768.69488973295,7245.025287045117,-29523.669602687834,280.8173553390327
4090000,4090.000000374493,-36471.11156500948,7414.793319752942,-29056.318245256538,287.39756839244575
4095000,4095.0000003755117,-36415.86371953827,7132.58744014502,-29283.27627939325,276.45926167399625
4100000,4100.00000037653,-36785.85315410491,7012.584366389265,-29773.268787715642,271.8079396330776
4105000,4105.0000003775485,-36571.54216806943,6935.981513775215,-29635.56065429421,268.83881121319916
4110000,4110.000000378567,-36336.45227682728,7110.388040778385,-29226.064236048893,275.5988124176768
4115000,4115.000000379586,-36622.7010989218,7254.025572898214,-29368.675526023588,281.166206636361
4120000,4120.000000380604,-36812.83862627995,7150.948199430088,-29661.89042684986,277.17092514792074
4125000,4125.000000381623,-36533.45756260207,7311.956996683879,-29221.500565918188,283.41163002330273
4130000,4130.000000382642,-36129.2454056289,6862.794789177256,-29266.450616451642,266.00209199783984
4135000,4135.00000038366,-36471.801351819515,7087.319169828776,-29384.482181990737,274.70466242177406
4140000,4140.000000384679,-36433.872630447804,7193.953299775477,-29239.91933067233,278.83780387734026
4145000,4145.000000385698,-36648.87056318516,6879.514923469196,-29769.355639715966,266.650164807354
4150000,4150.000000386716,-36467.76488255459,7136.352413764096,-29331.412468790495,276.6051921425235
4155000,4155.000000387735,-36109.135662318695,7022.796780187724,-29086.33888213097,272.2037730388821
4160000,4160.0000003887535,-36359.210546858434,7016.375349283984,-29342.83519757445,271.9548782217577
4165000,4165.000000389772,-36606.26398667704,7068.354393053793,-29537.909593623248,273.9695872153329
4170000,4170.000000390791,-36237.59673595656,7040.824393078906,-29196.772342877655,272.90252375052285
4175000,4175.000000391809,-36255.494584386164,7250.966692601845,-29004.527891784317,281.047644362098
4180000,4180.000000392828,-36751.02120476878,7062.322656784368,-29688.698547984415,273.73579697165894
4185000,4185.000000393847,-36856.8285784396,7073.734895445577,-29783.093682994022,274.1781356181602
4190000,4190.000000394865,-36821.97513670055,7045.066837804099,-29776.90829889645,273.0669610106703
4195000,4195.000000395884,-36673.97153432601,7114.481395488093,-29559.49013883792,275.7574709452185
4200000,4200.000000396903,-36571.4848168643,6978.428180505365,-29593.056636358935,270.48404504218695
4205000,4205.000000397921,-36479.436677533915,6959.627331746182,-29519.809345787733,269.75532368960256
4210000,4210.00000039894,-36293.99283336607,7188.152364431018,-29105.840468935054,278.6129594830996
4215000,4215.0000003999585,-36411.92921451606,7182.634584478694,-29229.294630037366,278.39909019870595
4220000,4220.000000400977,-36069.52459800528,6852.480357953855,-29217.044240051422,265.6023043941774
4225000,4225.000000401996,-36666.92386527145,6996.609345837849,-29670.3145194336,271.188747450166
4230000,4230.000000403014,-36247.9099525996,7109.639480684546,-29138.270471915053,275.56979821033644
4235000,4235.000000404033,-36237.39946435752,7202.4467138420505,-29034.95275051547,279.1670088119647
4240000,4240.000000405052,-36373.26519801858,7193.368201592689,-29179.896996425887,278.81512545762536
4245000,4245.00000040607,-36657.92555652808,7029.436769756515,-29628.488786771562,272.4611391951495
4250000,4250.000000407089,-36476.8674516635,7339.290992069249,-29137.576459594253,284.47109634548303
4255000,4255.000000408108,-36197.42874471799,7094.8166711442955,-29102.61207357369,274.9952657540826
4260000,4260.000000409126,-36386.79471706333,7261.428452049269,-29125.366265014058,281.4531424112866
4265000,4265.000000410145,-36351.87578524974,7295.291709852105,-29056.58407539763,282.765683102671
4270000,4270.0000004111635,-36228.9803490527,7287.93347529361,-28941.046873759085,282.48047775323283
4275000,4275.000000412182,-36595.783817168165,7285.402267025428,-29310.381550142738,282.38236805954347
4280000,4280.000000413201,-36014.241208143816,7130.319718333376,-28883.92148981044,276.3713647217345
4285000,4285.000000414219,-36433.29958796841,7176.572834929728,-29256.72675303868,278.1641366395911
4290000,4290.000000415238,-36708.93702737174,7174.811060632399,-29534.125966739346,278.09585022522
4295000,4295.000000416257,-36728.39539027604,6948.899618835832,-29779.495771440208,269.3395172777592
4300000,4300.000000417275,-36344.6764781985,7231.531604880798,-29113.1448733177,280.29433989201345
4305000,4305.000000418294,-36337.947735168236,7095.630663388327,-29242.317071779908,275.0268161131468
4310000,4310.0000004193125,-36565.97989845865,7313.849048110338,-29252.130850348316,283.48496598234954
4315000,4315.000000420331,-36647.555957481934,7035.459885657853,-29612.096071824082,272.69459531314794
4320000,4320.00000042135,-36463.78046235224,7153.493821406699,-29310.28664094554,277.2695935172973
4325000,4325.000000422368,-36395.67634509877,7094.4318359832005,-29301.24450911557,274.98034953393176
4330000,4330.000000423387,-36103.000374241004,6960.749715315325,-29142.25065892568,269.79882730388624
4335000,4335.000000424406,-35988.15919135184,7232.014028708252,-28756.14516264359,280.3130386512325
4340000,4340.000000425424,-36499.29213297584,7128.7437466670235,-29370.548386308816,276.3102800218335
4345000,4345.000000426443,-36505.99775977765,7076.562704431151,-29429.4350553465,274.28774156282856
4350000,4350.000000427462,-35988.41690725454,7134.3155280302235,-28854.101379224317,276.52624240221866
4355000,4355.00000042848,-36036.10521564496,7237.808146384102,-28798.297069260858,280.537618792473
4360000,4360.000000429499,-36414.98867768668,7182.226614259542,-29232.762063427137,278.38327726314526
4365000,4365.0000004305175,-36281.33218036321,7127.704599203451,-29153.627581159762,276.27000264101474
4370000,4370.000000431536,-36611.24621435739,7219.65398893276,-29391.592225424625,279.8339632106201
4375000,4375.000000432555,-36621.66979319748,7213.172374423746,-29408.49741877373,279.58273567549986
4380000,4380.000000433573,-36421.905914204035,7093.540718860129,-29328.365195343904,274.9458098126908
4385000,4385.000000434592,-36604.729373886206,7098.9621245991075,-29505.7672492871,275.1559436302445
4390000,4390.000000435611,-36673.13584175949,7029.549495198547,-29643.586346560944,272.4655084360088
4395000,4395.000000436629,-36487.4425736231,7193.676284167235,-29293.766289455863,278.8270667456655
4400000,4400.000000437648,-36477.7626289192,7378.615948957355,-29099.146679961843,285.9953326254979
4405000,4405.000000438667,-36475.86169411714,7117.920048008272,-29357.94164610887,275.8907532000607
4410000,4410.000000439685,-36454.35375527998,7041.990952905703,-29412.36280237428,272.94773963762145
4415000,4415.000000440704,-36225.13846482147,7130.178516897695,-29094.95994792378,276.3658917506727
4420000,4420.0000004417225,-36255.82788401725,7036.165188233888,-29219.66269578336,272.72193285805207
4425000,4425.000000442741,-36546.61358872594,7353.693288681755,-29192.92030004418,285.02932971048784
4430000,4430.00000044376,-36556.48034620379,7218.607823166247,-29337.872523037542,279.7934138002097
4435000,4435.000000444778,-36409.146784813835,7413.464767667541,-28995.682017146293,287.346073681486
4440000,4440.000000445797,-36803.4718077914,7202.915418648776,-29600.556389142625,279.18517582160854
4445000,4445.000000446816,-36353.44987618788,7156.453323816999,-29196.99655237088,277.3843039022929
4450000,4450.000000447834,-36591.38145715368,7209.065495019626,-29382.315962134053,279.42355293047564
4455000,4455.000000448853,-36277.13990201623,7260.701003531531,-29016.438898484696,281.42494648914646
4460000,4460.000000449872,-36290.3754280563,7138.193788822771,-29152.18163923353,276.6765638843294
4465000,4465.00000045089,-36420.19733012474,7027.455097179589,-29392.74223294515,272.3843295181432
4470000,4470.000000451909,-36431.87136344353,7188.859436310262,-29243.011927133273,278.6403656062389
4475000,4475.000000452927,-36663.483549921904,7247.250547089261,-29416.233002832643,280.90360647215925
4480000,4480.000000453946,-36404.53906860611,7009.161515060416,-29395.37755354569,271.6752698327934
4485000,4485.000000454965,-36530.58742494106,7255.647097691306,-29274.94032724976,281.2290569765561
4490000,4490.000000455983,-36389.016088479504,7289.040254774726,-29099.97583370478,282.5233765526871
4495000,4495.000000457002,-36967.67647624947,7436.817533368679,-29530.858942880794,288.25122744482366
4500000,4500.000000458021,-36494.38402747217,7091.210905270007,-29403.173122202166,274.8555061815937
4505000,4505.000000459039,-36503.70521599611,7167.180054971521,-29336.52516102459,277.8000722612567
4510000,4510.000000460058,-36531.4690981931,7115.8353942876,-29415.6337039055,275.8099519714324
4515000,4515.0000004610765,-36367.05844143255,7004.3213174056855,-29362.737124026862,271.48766365464104
4520000,4520.000000462095,-36270.78231693302,7411.585174314018,-28859.197142619003,287.2732205976475
4525000,4525.000000463114,-36176.751909933766,7339.941473359882,-28836.810436573884,284.4963090160391
4530000,4530.000000464132,-36188.89291748885,7082.534009155042,-29106.358908333805,274.5191894783362
4535000,4535.000000465151,-36140.94437798405,7222.022852572498,-28918.921525411555,279.92578042258475
4540000,4540.00000046617,-36097.64832841419,7231.238024930424,-28866.41030348376,280.2829607260371
4545000,4545.000000467188,-36220.53252890741,7401.7716102859995,-28818.76091862141,286.89284661859097
4550000,4550.000000468207,-36195.355281125434,7237.392217725859,-28957.963063399577,280.5214973876207
4555000,4555.000000469226,-36466.13995482759,7254.624572259671,-29211.515382567915,281.18942386609723
4560000,4560.000000470244,-36550.7672364239,7290.330171736745,-29260.437064687154,282.5733737653302
4565000,4565.000000471263,-35908.511124608995,7220.465557558131,-28688.045567050864,279.8654196301664
4570000,4570.0000004722815,-36054.71595180683,7123.490463799866,-28931.225488006963,276.10666265085746
4575000,4575.0000004733,-36409.01801953084,7412.916713574368,-28996.101305956472,287.3248310915805
4580000,4580.000000474319,-36402.13753640591,7215.339929896625,-29186.797606509288,279.66675017804863
4585000,4585.000000475337,-36365.83162635493,7095.146850030939,-29270.68477632399,275.00806349571394
4590000,4590.000000476356,-36224.162848320935,7044.162539461404,-29180.000308859533,273.0319103850379
4595000,4595.000000477375,-36547.57984495476,7223.8801221668355,-29323.699722787922,279.9977682369774
4600000,4600.000000478393,-36461.51507694889,6946.118553063548,-29515.39652388534,269.23172310116837
4605000,4605.000000479412,-36133.5803434765,7149.693338289418,-28983.88700518708,277.12228669976093
4610000,4610.000000480431,-36493.158506044165,7215.964636998389,-29277.193869045776,279.6909638404209
4615000,4615.000000481449,-36083.77186671793,7292.864623771895,-28790.907242946036,282.6716091875057
4620000,4620.000000482468,-35963.340830429835,7073.938580074422,-28889.402250355415,274.1860304393001
4625000,4625.0000004834865,-36207.8583763429,7049.530125666051,-29158.328250676845,273.2399581561394
4630000,4630.000000484505,-36310.98110620039,7270.59079330582,-29040.390312894568,281.8082749799719
4635000,4635.000000485524,-36307.71028369851,7120.223516612861,-29187.486767085647,275.9800356988815
4640000,4640.000000486542,-36407.53154101076,7388.816651468916,-29018.714889541843,286.39071210153907
4645000,4645.000000487561,-36733.70441642469,7109.398132845006,-29624.306283579685,275.5604435622392
4650000,4650.00000048858,-36507.96506319518,7127.466706407262,-29380.498356787917,276.2607819104813
4655000,4655.000000489598,-36240.3820083821,7213.778893476252,-29026.603114905847,279.606244368643
4660000,4660.000000490617,-36371.39721836004,7165.8613563549425,-29205.535862005097,277.74895947098685
4665000,4665.000000491636,-36573.76342842334,7263.271632602364,-29310.491795820977,281.5245841340999
4670000,4670.000000492654,-36494.15630144884,7061.622305857263,-29432.533995591577,273.7086513527872
4675000,4675.000000493673,-36745.59410046728,7323.4603492341585,-29422.13375123312,283.85750024634774
4680000,4680.000000494691,-36733.483079208396,7290.209079123637,-29443.27400008476,282.5686802127177
4685000,4685.00000049571,-36773.50343462384,7108.785789034782,-29664.71764558906,275.53670910134605
4690000,4690.000000496729,-36528.30222459014,7028.4846854920825,-29499.817539098054,272.424236386035
4695000,4695.000000497747,-36576.049156244015,7060.937404594188,-29515.111751649827,273.68210456326676
4700000,4700.000000498766,-36273.341167105275,7004.897856851383,-29268.44331025389,271.5100103374993
4705000,4705.000000499785,-36586.44166145395,6973.265458137948,-29613.176203316005,270.28393779837097
4710000,4710.000000500803,-36785.67026348125,7250.124539991347,-29535.5457234899,281.0150025065485
4715000,4715.000000501822,-36729.52068277092,6976.417440243162,-29753.10324252776,270.4061087009963
4720000,4720.0000005028405,-36742.153177868786,7151.30864518031,-29590.844532688476,277.18489603391635
4725000,4725.000000503859,-36387.56973330257,7210.1999686318,-29177.369764670766,279.4675251551196
4730000,4730.000000504878,-36116.718515386405,7169.084302174138,-28947.634213212266,277.87388092888233
4735000,4735.000000505896,-36613.08684072186,7229.495826333636,-29383.59101438822,280.2154330662923
4740000,4740.000000506915,-36513.027851432715,7151.04736323754,-29361.980488195175,277.17476873949573
4745000,4745.000000507934,-36615.4063063054,7244.621578179828,-29370.78472812557,280.80170757365084
4750000,4750.000000508952,-36104.13683591216,6938.710458491394,-29165.42637742077,268.9445851763949
4755000,4755.000000509971,-36262.45342147337,6893.808347090372,-29368.645074383,267.2041782525819
4760000,4760.00000051099,-36536.26703885931,7209.33341023113,-29326.93362862818,279.43393733055285
4765000,4765.000000512008,-36433.36772308394,7189.771278897548,-29243.59644418639,278.675708646974
4770000,4770.000000513027,-36622.31085597907,6999.574633249384,-29622.736222729687,271.3036820619493
4775000,4775.0000005140455,-36526.40128058931,7251.634187038831,-29274.767093550476,281.0735164626183
4780000,4780.000000515064,-36615.5028972568,6933.609051761465,-29681.89384549534,268.7468545281708
4785000,4785.000000516083,-36681.05107419858,7088.251290697499,-29592.79978350108,274.7407914491881
4790000,4790.000000517101,-36406.130537767756,7046.710177077539,-29359.420360690216,273.1306568806512
4795000,4795.00000051812,-36141.577136430096,7091.23768285458,-29050.339453575514,274.8565440814193
4800000,4800.000000519139,-36107.15978844415,7227.981926223616,-28879.177862220535,280.1567542614159
4805000,4805.000000520157,-36053.47788698184,7452.073556036295,-28601.404330945545,288.84255125237104
4810000,4810.000000521176,-35920.176343123436,7367.043891814852,-28553.132451308586,285.54679941079667
4815000,4815.000000522195,-36071.80000044017,7235.768471803973,-28836.031528636195,280.4585609564198
4820000,4820.000000523213,-36274.610127851316,7020.007106546632,-29254.603021304683,272.09564522108815
4825000,4825.000000524232,-36139.95678992163,6815.7332608634515,-29324.223529058174,264.17798602226424
4830000,4830.0000005252505,-36468.63628287292,7032.497902102381,-29436.138380770535,272.5797887589054
4835000,4835.000000526269,-36548.333913756775,7183.820585419131,-29364.51332833764,278.4450596238394
4840000,4840.000000527288,-36499.5098127081,7269.351514488371,-29230.15829821973,281.7602405030369
4845000,4845.000000528306,-36633.038841886104,6956.576467355237,-29676.462374530867,269.6370721120277
4850000,4850.000000529325,-36561.1544842561,7196.222435555431,-29364.932048700666,278.92575563504784
4855000,4855.000000530344,-36340.558275583324,7205.629187807198,-29134.929087776127,279.2903615798186
4860000,4860.000000531362,-36955.53051178377,7286.72496516207,-29668.8055466217,282.4336358713078
4865000,4865.000000532381,-36175.89852463946,7225.640628049955,-28950.257896589505,280.066005487583
4870000,4870.0000005333995,-36588.77184757172,7013.785428230579,-29574.98641934114,271.8544928190933
4875000,4875.000000534418,-36356.16933428482,7000.899724894323,-29355.2696093905,271.3550426461531
4880000,4880.000000535437,-36702.205857219364,7290.964044689159,-29411.241812530207,282.5979426962953
4885000,4885.000000536455,-36133.05789948758,7216.995812716805,-28916.062086770777,279.7309322362045
4890000,4890.000000537474,-36258.883019537716,7137.3024036794,-29121.580615858315,276.6420137746152
4895000,4895.000000538493,-36331.376562558755,7130.521900578705,-29200.85466198005,276.379201310453
4900000,4900.000000539511,-36076.88207302103,6900.798286097296,-29176.083786923733,267.4751084575344
4905000,4905.00000054053,-36522.00194893644,7058.116078548216,-29463.885870388225,273.57274989749413
4910000,4910.000000541549,-36364.07772392284,6961.9226498357575,-29402.155074087084,269.8442902742644
4915000,4915.000000542567,-36397.53211883857,7087.20383311616,-29310.32828572241,274.70019196800376
4920000,4920.000000543586,-36793.46980352567,7390.33270244748,-29403.137101078195,286.4494742741322
4925000,4925.0000005446045,-36325.82486052121,7058.376805220498,-29267.44805530071,273.5828556696172
4930000,4930.000000545623,-36793.8711490476,7459.016981870095,-29334.854167177502,289.11167860560846
4935000,4935.000000546642,-36418.942607912744,7387.835981055129,-29031.106626857614,286.35270129258424
4940000,4940.00000054766,-36549.094556498436,6970.046718280324,-29579.04783821811,270.15917936364764
4945000,4945.000000548679,-36502.78087460011,7148.414466537037,-29354.366408063073,277.0727175997105
4950000,4950.000000549698,-35998.167042279485,7359.438015284249,-28638.729026995235,285.25199545253054
4955000,4955.000000550716,-36337.18411481385,7507.100885306024,-28830.083229507825,290.9754118656426
4960000,4960.000000551735,-36855.299188166144,7032.849939646878,-29822.449248519268,272.59343374264375
4965000,4965.000000552754,-36384.25946878332,7289.107316395072,-29095.152152388247,282.52597586271355
4970000,4970.000000553772,-36501.033449791954,7205.914246555489,-29295.119203236463,279.3014104637961
4975000,4975.000000554791,-36337.53550771129,7192.455818284853,-29145.07968942644,278.77976145854865
4980000,4980.0000005558095,-36762.70940888009,7130.777407422309,-29631.93200145778,276.3891047618903
4985000,4985.000000556828,-36224.03284866298,7132.004326434033,-29092.028522228946,276.43666017245636
4990000,4990.000000557847,-36479.99506299127,7022.232974163324,-29457.76208882795,272.18191990374135
4995000,4995.000000558865,-36762.396640785504,7102.381245192137,-29660.015395593367,275.28846882711804
5000000,5000.000000559884,-36722.13044791905,7217.822032893715,-29504.308415025334,279.76295655024285
5005000,5005.000000560903,-36167.13219437681,7017.943788313755,-29149.18840606306,272.0156709564827
5010000,5010.000000561921,-36195.967907160055,7277.980250165136,-28917.98765699492,282.0946905065451
5015000,5015.00000056294,-36458.99782708723,7187.123262238142,-29271.874564849088,278.573071457216
5020000,5020.000000563959,-36363.15790601035,7158.669170983723,-29204.48873502662,277.47019019206306
5025000,5025.000000564977,-36455.139222830694,7060.98271401535,-29394.156508815344,273.68386075752676
5030000,5030.000000565996,-36318.18789473342,6956.553556530824,-29361.634338202595,269.6361840879194
5035000,5035.0000005670145,-36303.541631212946,7217.857235767735,-29085.684395445212,279.7643210144912
5040000,5040.000000568033,-36352.831004729596,7130.528397881741,-29222.302606847858,276.37945314607583
5045000,5045.000000569052,-36394.19001442756,7097.489914385124,-29296.70010004243,275.09888072674664
5050000,5050.00000057007,-36313.04218858495,7134.343604622428,-29178.698583962523,276.5273306516115
5055000,5055.000000571089,-36578.17968598745,7088.085415336908,-29490.094270650545,274.7343621162001
5060000,5060.000000572108,-36510.806003281425,7099.630868303255,-29411.17513497817,275.1818641523901
5065000,5065.000000573126,-36307.14012740882,7166.948355445504,-29140.191771963317,277.7910915820249
5070000,5070.000000574145,-36080.109162289315,7214.905958824086,-28865.20320346523,279.6499294487819
5075000,5075.0000005751635,-36380.513617028824,7126.532553992029,-29253.981063036794,276.22457414027537
5080000,5080.000000576182,-36798.40247818107,7060.105386563968,-29738.297091617103,273.6498555242939
5085000,5085.000000577201,-36376.13781171002,7105.636033923034,-29270.501777786983,275.41462451704126
5090000,5090.000000578219,-36376.79073257486,7077.745421030881,-29299.04531154398,274.3335836868368
5095000,5095.000000579238,-36285.75907497352,7157.976282853275,-29127.78279212024,277.4433338313701
5100000,5100.000000580257,-36049.036608118004,7068.391035348986,-28980.64557276902,273.97100747158083
5105000,5105.000000581275,-36351.61228927373,7280.106332089274,-29071.50595718446,282.17709749334165
5110000,5110.000000582294,-36367.70655688211,7226.846949018574,-29140.85960786354,280.1127625175003
5115000,5115.000000583313,-36278.31300971142,7271.578361208242,-29006.734648503178,281.8465531357531
5120000,5120.000000584331,-36287.80952167538,7150.901765066954,-29136.907756608423,277.16912535088267
5125000,5125.00000058535,-36648.040077847814,7258.308253373367,-29389.731824474446,281.33220343514995
5130000,5130.0000005863685,-36503.39717611369,7029.4412033963035,-29473.95597271739,272.4613110431349
5135000,5135.000000587387,-36966.29113139068,7209.754601201244,-29756.536530189434,279.4502627027405
5140000,5140.000000588406,-36821.53303019684,6996.321781338247,-29825.211248858595,271.177601443207
5145000,5145.000000589424,-36637.26611477731,6580.960058048438,-30056.30605672887,255.0781710034163
5150000,5150.000000590443,-36150.62204273819,7214.733984421448,-28935.888058316745,279.6432637167767
5155000,5155.000000591462,-36612.971546113244,7162.902454529614,-29450.06909158363,277.6342723646792
5160000,5160.00000059248,-36686.23812132592,6970.789024669039,-29715.449096656885,270.1879511772261
5165000,5165.000000593499,-36150.68954329941,7087.648168335845,-29063.04137496357,274.7174144118645
5170000,5170.000000594518,-36502.68784433714,7205.110881181664,-29297.576963155476,279.2702720024782
5175000,5175.000000595536,-36489.6388283232,7258.770656221125,-29230.868172102077,281.35012618071175
5180000,5180.000000596555,-36249.29104165019,7107.216150152954,-29142.074891497236,275.47586986032627
5185000,5185.0000005975735,-36161.00250420637,7009.980844787213,-29151.02165941916,271.7070270728187
5190000,5190.000000598592,-36231.23766749189,7092.394564961599,-29138.843102530293,274.9013848598653
5195000,5195.000000599611,-35886.98833793272,7173.072720397005,-28713.915617535717,278.02847211565626
5200000,5200.000000600629,-36487.97014187913,7252.462620797187,-29235.50752108194,281.1056265751269
5205000,5205.000000601648,-36712.00783563082,7333.517784105234,-29378.490051525587,284.24732666517895
5210000,5210.000000602667,-36432.101793601345,7147.323761228761,-29284.778032372582,277.03044183558416
5215000,5215.000000603685,-36840.71629467653,7293.177628836214,-29547.538665840315,282.6837412713684
5220000,5220.000000604704,-36632.588917524874,7098.098300922,-29534.490616602874,275.12246180362916
5225000,5225.000000605723,-36718.989450627436,7132.497726954484,-29586.491723672953,276.4557843885614
5230000,5230.000000606741,-36563.736684167256,7190.655693300304,-29373.08099086695,278.70998857061346
5235000,5235.00000060776,-36678.516112044505,7218.668736464979,-29459.847375579528,279.79577480114165
5240000,5240.0000006087785,-36399.558281247235,7093.341576711953,-29306.216704535283,274.9380910582115
5245000,5245.000000609797,-36600.772685802105,7254.7874343527,-29345.985251449405,281.1957364047617
5250000,5250.000000610816,-37189.74685107776,7188.282490113747,-30001.464360964015,278.61800315770915
5255000,5255.000000611834,-37061.98217657664,7081.950192128004,-29980.031984448637,274.4965607162492
5260000,5260.000000612853,-36879.46392417244,7120.753013546809,-29758.710910625636,276.0005590128466
5265000,5265.000000613872,-36610.09831293062,7211.826106991928,-29398.27220593869,279.5305543172845
5270000,5270.00000061489,-36492.692966958864,7204.218215792127,-29288.474751166737,279.2356722703916
5275000,5275.000000615909,-36418.37185281081,7265.706353993094,-29152.665498817714,281.6189539940857
5280000,5280.0000006169275,-35881.539347744765,7187.236408320703,-28694.302939424062,278.5774570021124
5285000,5285.000000617946,-36517.78264639751,7226.645769765011,-29291.136876632496,280.1049648047669
5290000,5290.000000618965,-36469.653697971306,7225.22493068984,-29244.428767281464,280.04989304785175
5295000,5295.000000619983,-36638.93238887613,7162.193013201147,-29476.73937567498,277.60677440163073
5300000,5300.000000621002,-36615.975698695736,7133.364348373033,-29482.611350322702,276.4893746557027
5305000,5305.000000622021,-36793.54565425663,7032.586726543739,-29760.95892771289,272.58323159640065
5310000,5310.000000623039,-36441.93727497568,7089.634984436704,-29352.302290538977,274.7944234519828
5315000,5315.000000624058,-36813.79033728352,7309.382027656477,-29504.408309627044,283.31182416152774
5320000,5320.000000625077,-36536.708844158515,7225.520048571576,-29311.18879558694,280.061331824085
5325000,5325.000000626095,-36482.52842162218,7375.574838723605,-29106.95358289857,285.87745911929176
5330000,5330.000000627114,-36338.99141168124,7260.896371734819,-29078.095039946424,281.4325189654307
5335000,5335.0000006281325,-36575.26591007742,7237.195826497263,-29338.070083580154,280.5138852588508
5340000,5340.000000629151,-36307.6227651034,7208.482599310301,-29099.1401657931,279.40095987868557
5345000,5345.00000063017,-37028.13837307286,7299.243437612808,-29728.894935460055,282.91885216624416
5350000,5350.000000631188,-36194.563434235904,7159.460991723119,-29035.102442512783,277.5008811830714
5355000,5355.000000632207,-36054.84584253064,7223.888484802559,-28830.95735772808,279.9980923729403
5360000,5360.000000633226,-36382.320678122545,7408.321237448292,-28973.999440674255,287.14671032579713
5365000,5365.000000634244,-36324.47977576977,6983.46690708914,-29341.012868680627,270.6793462064302
5370000,5370.000000635263,-36308.54057088545,7009.792597149408,-29298.747973736045,271.69973058982475
5375000,5375.000000636282,-35974.85499848117,7096.369931236117,-28878.485067245052,275.0554701528056
5380000,5380.0000006373,-36094.183821450315,7221.588924059764,-28872.59489739055,279.9089613429371
5385000,5385.000000638319,-36330.04744648786,7243.935548512673,-29086.111897975185,280.775117047161
5390000,5390.0000006393375,-36321.690921671696,7248.984019850021,-29072.706901821675,280.9707959182885
5395000,5395.000000640356,-36574.714153369416,6852.166101777541,-29722.548051591875,265.59012381718355
5400000,5400.000000641375,-36108.77795212885,7017.106899962955,-29091.67105216589,271.9832331437664
5405000,5405.000000642393,-36424.38662475952,7236.253989761146,-29188.132634998376,280.47737964418155
5410000,5410.000000643412,-36645.4519548338,6980.527638718935,-29664.924316114862,270.56542009331804
5415000,5415.000000644431,-36491.46439338287,7058.210109915718,-29433.25428346715,273.5763945555725
5420000,5420.000000645449,-36603.29790335926,7239.767411465626,-29363.53049189363,280.61355995441556
5425000,5425.000000646468,-36603.971268293615,6848.463019514864,-29755.50824877875,265.4465922591271
5430000,5430.000000647487,-36368.81742673718,7007.287418464217,-29361.530008272963,271.6026298034017
5435000,5435.000000648505,-36216.97086948171,7141.282241389909,-29075.6886280918,276.79627238052257
5440000,5440.000000649524,-36501.85065981184,7128.263269816553,-29373.587389995286,276.2916567274894
5445000,5445.0000006505425,-36292.62081468229,7276.888520987093,-29015.732293695197,282.0523750572018
5450000,5450.000000651561,-36099.70979377865,7077.562260071693,-29022.14753370696,274.32648436362916
5455000,5455.00000065258,-36648.031211485926,6989.601042291489,-29658.43016919444,270.9171054352207
5460000,5460.000000653598,-36566.25163896493,7032.206429392488,-29534.045209572443,272.568491269621
5465000,5465.000000654617,-36688.875042316926,7176.858249046658,-29512.016793270268,278.17519929766576
5470000,5470.000000655636,-36588.010864821714,7235.953706862838,-29352.057157958876,280.46574067178113
5475000,5475.000000656654,-36638.86526158257,7227.3253573177135,-29411.539904264857,280.13130563474476
5480000,5480.000000657673,-36529.11752805954,7352.54039980955,-29176.57712824999,284.9846437099198
5485000,5485.0000006586915,-36236.686113313255,7290.379672624051,-28946.306440689204,282.5752924209193
5490000,5490.00000065971,-36585.90764120874,7153.347369898819,-29432.560271309918,277.2639170533101
5495000,5495.000000660729,-36345.47714527347,7284.1867237849,-29061.29042148857,282.335253574144
5500000,5500.000000661747,-36242.702611844856,7381.562390392132,-28861.140221452722,286.1095367667664
