#"Step","Time (ps)","Potential Energy (kJ/mole)","Kinetic Energy (kJ/mole)","Total Energy (kJ/mole)","Temperature (K)","Box Volume (nm^3)","Density (g/mL)"
505000,1009.9999999899404,-42622.89130207751,6349.995229866612,-36272.8960722109,287.4944027126422,26.62829851658104,0.995367168729624
510000,1019.999999989704,-42469.48937480786,6478.057252009179,-35991.43212279868,293.2923778658966,26.992523065474924,0.9819361472154464
515000,1029.9999999894676,-42548.73905952583,6660.505169063197,-35888.23389046264,301.55266043948086,26.38123910578907,1.0046887485554197
520000,1039.9999999892311,-42395.103451122064,6615.041880597846,-35780.061570524216,299.4943217337724,26.909886821634217,0.9849515264860892
525000,1049.9999999889947,-42354.18893146323,6478.939993562351,-35875.24893790088,293.33234376293933,26.897110078549066,0.9854194010112143
530000,1059.9999999887582,-42260.36732913024,6593.63685056674,-35666.7304785635,298.5252144980858,26.558881461499364,0.9979687638938767
535000,1069.9999999885217,-42279.831719827955,6454.142330657108,-35825.689389170846,292.2096359454467,26.97488002158697,0.982578387052162
540000,1079.9999999882853,-42430.006210347055,6452.307112013207,-35977.69909833385,292.1265468928134,26.744164704400948,0.991054848618059
545000,1089.9999999880488,-42451.53161845618,6399.322320520954,-36052.20929793523,289.727674069843,26.598473453046704,0.9964832812426131
550000,1099.9999999878123,-42034.65825154452,6511.905269095842,-35522.75298244868,294.82483814390883,26.83052591923612,0.9878648738500437
555000,1109.9999999875758,-42595.88741263462,6481.879060439525,-36114.008352195095,293.4654092607544,26.78638760377639,0.989492666745396
560000,1119.9999999873394,-42150.068217677006,6412.120016732577,-35737.94820094443,290.30708647808433,26.328912603249577,1.0066854830634067
565000,1129.999999987103,-42357.95746370341,6685.194693788043,-35672.76276991537,302.6704723286369,26.483847912037557,1.0007961905901663
570000,1139.9999999868664,-42630.3731439088,6545.755098877818,-36084.618045030984,296.35738049123563,26.740582611076295,0.991187607541424
575000,1149.99999998663,-42264.03140212328,6444.186188027893,-35819.84521409538,291.7588741456511,26.811591700245426,0.9885624993421743
580000,1159.9999999863935,-42265.40339104738,6466.3721440021445,-35799.03124704523,292.763337602793,26.55942523218673,0.9979483317438597
585000,1169.999999986157,-42118.7183187129,6704.13106934194,-35414.58724937096,303.5278118670673,26.582030904809752,0.9970996647114994
590000,1179.9999999859206,-42297.355089625344,6476.8367473337,-35820.518342291645,293.237119830263,26.257078533894322,1.0094395714406021
595000,1189.999999985684,-42540.14072267269,6397.533235571447,-36142.60748710124,289.64667370837157,26.735864982772558,0.9913625057433212
600000,1199.9999999854476,-42404.77612349647,6231.670797990851,-36173.10532550562,282.1372944571216,26.75965452420054,0.9904811767493612
605000,1209.9999999852112,-42303.05726650247,6378.092335264362,-35924.96493123811,288.76649194135337,26.49400691019375,1.000412440155987
610000,1219.9999999849747,-42397.4325246716,6458.233681227514,-35939.19884344409,292.3948707914501,26.65379774019593,0.9944149183125631
615000,1229.9999999847382,-42098.57012386003,6508.143418818605,-35590.42670504143,294.65452133902966,26.670530277681646,0.9937910430193544
620000,1239.9999999845018,-42606.541992743616,6671.415494678831,-35935.12649806478,302.04662262885614,26.78358019620188,0.9895963836192117
625000,1249.9999999842653,-42509.6146131244,6528.802767712739,-35980.81184541166,295.58986805280597,26.591725602275883,0.9967361463848762
630000,1259.9999999840288,-42476.15862642572,6597.749205569468,-35878.40942085625,298.7114003143666,26.951524413381954,0.9834298682332159
635000,1269.9999999837923,-42341.269681441074,6419.922670553032,-35921.34701088804,290.66034962529653,26.630278080376133,0.9952931780336164
640000,1279.9999999835559,-42500.992990266706,6651.774295394005,-35849.2186948727,301.15737237707765,26.541400283812848,0.9986260641531196
645000,1289.9999999833194,-42077.97872578801,6735.993739758205,-35341.984986029805,304.9703860846147,26.77689101250872,0.9898435964860461
650000,1299.999999983083,-42352.82247994136,6441.714127219044,-35911.108352722316,291.64695222760514,26.6126754958092,0.9959515008819895
655000,1309.9999999828465,-42519.816449704056,6390.607054198403,-36129.209395505655,289.3330926260493,26.68603332324444,0.9932137077656205
660000,1319.99999998261,-42268.11571538943,6352.0259778970885,-35916.089737492344,287.586344308021,26.750198544008015,0.9908313038847917
665000,1329.9999999823735,-42075.489733282535,6577.855043943104,-35497.63468933943,297.81069725756123,26.372587553314165,1.0050183376566597
670000,1339.999999982137,-42475.819259092736,6473.587036427281,-36002.23222266545,293.08999000382863,26.61734289228946,0.9957768590874071
675000,1349.9999999819006,-42471.20438024495,6695.516815542147,-35775.6875647028,303.13780373929137,26.464284141292215,1.0015360310155101
680000,1359.9999999816641,-42100.22691633977,6202.119174175154,-35898.10774216462,280.7993522807051,26.538144574128463,0.9987485759790334
685000,1369.9999999814277,-42598.61206225993,6634.105477694629,-35964.5065845653,300.3574211948738,26.758816524823537,0.9905121954085114
690000,1379.9999999811912,-41982.63547354727,6858.229917044131,-35124.40555650314,310.50459760864953,26.395141328713223,1.0041595827222891
695000,1389.9999999809547,-42431.425925859425,6388.719941259132,-36042.705984600296,289.2476540725248,27.07504951912483,0.9789431440860117
700000,1399.9999999807183,-42264.267273128964,6892.144059878289,-35372.12321325068,312.04005171289174,26.591347041414448,0.9967503361622356
705000,1409.9999999804818,-42644.46548361244,6566.112466240322,-36078.353017372116,297.2790550687467,26.847221580036255,0.987250543730221
710000,1419.9999999802453,-42124.55592884001,6569.595344565105,-35554.96058427491,297.4367414901466,26.5785332793187,0.9972308789198894
715000,1429.9999999800089,-42313.72617385263,6472.856462310128,-35840.8697115425,293.05691344835964,26.868298944463326,0.986476075665308
720000,1439.9999999797724,-42286.36413880723,6395.247683415395,-35891.116455391835,289.5431959216667,27.26143955319682,0.9722499815468625
725000,1449.999999979536,-42396.008904405346,6359.833842602014,-36036.17506180333,287.93984337668894,26.611320836716597,0.9960022001601178
730000,1459.9999999792994,-42405.9116900221,6526.874235852966,-35879.037454169134,295.50255426829636,26.989192822398905,0.9820573100111207
735000,1469.999999979063,-42202.05910493422,6297.5346064963505,-35904.524498437866,285.1192614667356,26.697121237228014,0.9928012038083155
740000,1479.9999999788265,-42295.69769694074,6466.006046944396,-35829.69164999634,292.74676265255414,26.43422673794005,1.0026748414204598
745000,1489.99999997859,-42502.95702806994,6571.897214027571,-35931.05981404237,297.5409580387074,26.905587269668818,0.985108923172104
750000,1499.9999999783536,-42556.001586300554,6336.06639643998,-36219.935189860575,286.8637783575814,26.591711545698736,0.996736673267041
755000,1509.999999978117,-41965.881872483355,6474.677387643008,-35491.204484840346,293.1393553750084,26.836001880406748,0.9876632972621772
760000,1519.9999999778806,-42352.50532191718,6746.588363731569,-35605.91695818561,305.4500549632402,26.902267448609116,0.9852304885886806
765000,1529.9999999776442,-42337.216897349106,6658.365716839936,-35678.85118050917,301.45579728969994,26.98915883508089,0.9820585467111717
770000,1539.9999999774077,-42732.399149941106,6500.041807630742,-36232.357342310366,294.28772297381045,26.86127864973663,0.9867338948436989
775000,1549.9999999771712,-42709.75729000819,6469.760837909145,-36239.99645209904,292.9167598488739,26.762066073683457,0.9903919237610808
780000,1559.9999999769348,-42142.62341533415,6471.223923393909,-35671.39949194024,292.98300066832854,26.85558658608732,0.9869430339036996
785000,1569.9999999766983,-42239.59045988752,6495.241012392709,-35744.34944749481,294.0703682027372,26.926496062665606,0.9843439726005198
790000,1579.9999999764618,-42576.091171906446,6365.213984301667,-36210.87718760478,288.18342790997735,26.631946883686314,0.9952308112619586
795000,1589.9999999762254,-42455.35662804014,6388.8360363128795,-36066.52059172726,289.2529102462583,26.756473003160664,0.9905989514913108
800000,1599.9999999759889,-42327.644921470026,6435.3191287247,-35892.32579274532,291.35742031365464,26.561463076319068,0.9978717673186854
805000,1609.9999999757524,-42436.928228070436,6437.896181887694,-35999.03204618274,291.4740957335619,26.757678022650552,0.99055434033177
810000,1619.999999975516,-42709.41702545411,6646.478328191033,-36062.938697263075,300.9175988225019,26.31072909432983,1.0073812096772545
815000,1629.9999999752795,-42155.85433022049,6519.88776095942,-35635.96656926107,295.1862434123228,26.90553283775736,0.985110916121361
820000,1639.999999975043,-42309.835214328545,6533.184141277891,-35776.651073050656,295.78823361538934,26.763222252913256,0.9903491385328751
825000,1649.9999999748065,-42576.045071068744,6640.593744114781,-35935.45132695396,300.65117579020455,26.60172279382632,0.9963615630446212
830000,1659.99999997457,-42160.02675460611,6523.732161874495,-35636.29459273161,295.36029767612274,26.70911210296255,0.9923554927756888
835000,1669.9999999743336,-42380.296401247964,6581.337637501075,-35798.95876374689,297.9683707862169,26.576941697979855,0.9972905988859956
840000,1679.9999999740971,-42699.574601391854,6364.727588905473,-36334.84701248638,288.1614064833701,26.159963270193487,1.0131869769380024
845000,1689.9999999738607,-42473.84881920635,6554.718409175666,-35919.13041003069,296.76319206228806,27.136992192096674,0.9767086165966382
850000,1699.9999999736242,-42310.158540030534,6412.878350519759,-35897.28018951078,290.34141984548233,27.026928976220585,0.9806861196052521
855000,1709.9999999733877,-42477.14084252942,6446.047077274527,-36031.0937652549,291.8431254282283,26.450428240411497,1.0020606797602523
860000,1719.9999999731513,-42547.37422709883,6834.140184915448,-35713.23404218338,309.4139411751975,26.54417339942939,0.9985217359643336
865000,1729.9999999729148,-42224.246002468164,6522.423409698466,-35701.8225927697,295.30104425757264,26.82623804883621,0.9880227728645824
870000,1739.9999999726783,-42467.12446191168,6532.710111803531,-35934.41435010815,295.7667720527163,26.471884457516026,1.0012484810091073
875000,1749.9999999724419,-42311.224957678525,6647.86229104023,-35663.36266663829,300.98025738495795,26.259418958989325,1.0093496030483624
880000,1759.9999999722054,-42592.70283521467,6649.175257556293,-35943.52757765838,301.0397016066704,26.47936371299002,1.0009656723561657
885000,1769.999999971969,-42529.735801198985,6708.829397447585,-35820.9064037514,303.74052746504566,26.94356663995914,0.9837203239168751
890000,1779.9999999717324,-42395.33680431516,6612.118355341983,-35783.21844897317,299.36195987886947,26.430944004915816,1.00279937400673
895000,1789.999999971496,-42325.50721156516,6478.571848842311,-35846.93536272285,293.31567610531624,26.76001284502922,0.9904679140488498
900000,1799.9999999712595,-42630.353006306046,6815.954828382505,-35814.39817792354,308.59060383000326,26.92407631517868,0.984432438545501
905000,1809.999999971023,-41963.47811629239,6459.013325348484,-35504.46479094391,292.43016897873576,26.93388844436519,0.9840738056551053
910000,1819.9999999707866,-42000.12749579875,6400.741372743877,-35599.38612305487,289.79192129468,26.589010022934666,0.9968379446874618
915000,1829.99999997055,-42395.25520230195,6844.808334762225,-35550.44686753973,309.8969389188529,26.60899599844138,0.996089221257692
920000,1839.9999999703136,-42128.70758931944,6379.3840700842575,-35749.323519235186,288.8249749034762,26.763252540165702,0.9903480177814147
925000,1849.9999999700772,-42548.958836078644,6583.61153681541,-35965.34729926323,298.07132099350656,26.374975735265895,1.0049273359935968
930000,1859.9999999698407,-42440.92829662416,6445.97176948978,-35994.95652713438,291.8397158876205,26.71010052812293,0.9923187699960022
935000,1869.9999999696042,-42489.33436991827,6497.6752579923605,-35991.65911192591,294.1805780469015,26.695995270316516,0.9928430775535669
940000,1879.9999999693678,-42371.23336178437,6283.289183053023,-36087.94417873135,284.4743035800013,26.960311787137876,0.9831093316651253
945000,1889.9999999691313,-42405.73896884121,6394.264928610532,-36011.47404023068,289.49870195034714,26.40570649482787,1.0037578092344577
950000,1899.9999999688948,-42264.72272448242,6782.621190899108,-35482.10153358331,307.08143195638434,26.964616173366192,0.9829523970274897
955000,1909.9999999686584,-42255.79492437007,6522.223478063672,-35733.5714463064,295.29199240417,27.0476697771439,0.9799341060032457
960000,1919.999999968422,-42640.24089201371,6432.219349544021,-36208.02154246969,291.2170786075855,26.4666062628247,1.001448158457915
965000,1929.9999999681854,-42666.597050606506,6477.862973246211,-36188.73407736029,293.2835819448136,26.444393042181854,1.0022893722785806
970000,1939.999999967949,-42348.004908234056,6473.1647889039805,-35874.840119330074,293.07087285568696,26.424163768608366,1.003056684579896
975000,1949.9999999677125,-42608.84430269181,6519.005596053554,-36089.83870663826,295.1463036228387,26.583190441369428,0.9970561720570934
980000,1959.999999967476,-42082.63775019278,6582.213182841508,-35500.42456735127,298.0080108765766,26.70110846841732,0.9926529504903197
985000,1969.9999999672395,-42554.88526632445,6642.788187964327,-35912.09707836012,300.7505286717382,27.07276165183195,0.9790258726982509
990000,1979.999999967003,-42229.21237287868,6791.23766599798,-35437.974706880705,307.47154065290545,27.07862604883536,0.9788138458257
995000,1989.9999999667666,-42585.43045872351,6418.217775869617,-36167.21268285389,290.58316095649394,26.441564835836616,1.0023965777779542
1000000,1999.9999999665301,-42229.38293519622,6406.905370168011,-35822.47756502821,290.07099469452106,26.941947509986743,0.9837794425481589
1005000,2009.9999999662937,-42589.83941107214,6659.559253635625,-35930.280157436515,301.5098343615041,26.771166676981746,0.9900552494533554
1010000,2019.9999999660572,-42512.221535267774,6634.680203449141,-35877.54133181863,300.3834417557617,27.05888921915587,0.9795277953897978
1015000,2029.9999999658207,-42480.3267290917,6578.1142926084,-35902.2124364833,297.8224346742813,26.33836405947835,1.0063242364894802
1020000,2039.9999999655843,-41917.38299496734,6432.270103488072,-35485.112891479264,291.2193764793637,26.86193363750853,0.9867098348246413
1025000,2049.999999965348,-41956.39619980601,6529.377921460314,-35427.0182783457,295.61590799096984,26.308807578902076,1.0074547857422365
1030000,2059.9999999651113,-42744.70595231076,6151.837507230064,-36592.8684450807,278.52286272717225,26.207328075143007,1.0113558324809075
1035000,2069.999999964875,-42315.03698318795,6508.60848072368,-35806.428502464274,294.67557689730705,26.37151421813346,1.0050592424575802
1040000,2079.9999999646384,-42518.12005083222,6744.64388396539,-35773.47616686683,305.362019141365,26.68992179151675,0.9930690059556851
1045000,2089.999999964402,-42026.51761583536,6601.071127721263,-35425.446488114096,298.86179948638426,27.211383954026303,0.9740384446199674
1050000,2099.9999999641655,-42755.79520586302,6474.129345311276,-36281.665860551744,293.1145428992318,26.745202194625104,0.9910164039763039
1055000,2109.999999963929,-42359.14271557174,6607.812719271606,-35751.329996300134,299.167023311905,26.97317060305322,0.9826406577332923
1060000,2119.9999999636925,-42305.91026300372,6494.729337781248,-35811.18092522248,294.04720226615296,26.71154495148975,0.9922651104858048
1065000,2129.999999963456,-42136.65036785137,6643.929460109726,-35492.72090774164,300.80219947492725,26.934798524422245,0.9840405555105243
1070000,2139.9999999632196,-42527.687998573354,6713.82430072033,-35813.86369785303,303.96667042752404,27.001776991468528,0.9815996225326579
1075000,2149.999999962983,-42091.29366440378,6563.481295137675,-35527.81236926611,297.1599294730246,26.903395420388037,0.9851891810819702
1080000,2159.9999999627466,-42390.20318109053,6415.433677017932,-35974.7695040726,290.4571115962214,26.51804632453781,0.999505535896543
1085000,2169.99999996251,-42291.38649840758,6534.909623549858,-35756.47687485772,295.86635438197465,26.280827642153618,1.0085273745345613
1090000,2179.9999999622737,-42541.39599328244,6394.440032846531,-36146.95596043591,289.5066297496476,26.70589659133518,0.9924749768984028
1095000,2189.9999999620372,-42257.54187971342,6739.866549351143,-35517.675330362275,305.14572654400655,26.61770066519319,0.9957634746864469
1100000,2199.9999999618008,-42658.42416620994,6692.413319384772,-35966.010846825164,302.99729374805725,27.022375813429804,0.9808513613138292
1105000,2209.9999999615643,-42484.82727646449,6428.677522751739,-36056.14975371276,291.05672330946345,26.765923759835434,0.990249181771542
1110000,2219.999999961328,-42291.383988616464,6523.8747289135035,-35767.50925970296,295.3667523621882,26.445054834508934,1.0022642898039844
1115000,2229.9999999610914,-42236.133368603885,6676.424951497811,-35559.70841710607,302.27342449940136,27.138317552162924,0.9766609168601196
1120000,2239.999999960855,-42175.27214273682,6393.900122345692,-35781.37202039113,289.4821854404256,26.954490275262625,0.9833216592806917
1125000,2249.9999999606184,-42283.70972177485,6422.679700492683,-35861.03002128217,290.7851734475307,26.390282132202465,1.0043444768706793
1130000,2259.999999960382,-42440.23320854362,6481.587746301018,-35958.6454622426,293.4522200879724,26.506452045492612,0.9999427330767056
1135000,2269.9999999601455,-42481.39629556157,6576.415727226411,-35904.98056833516,297.7455325629747,26.546090038349668,0.9984496422729789
1140000,2279.999999959909,-42563.255576198455,6686.294477369391,-35876.961098829066,302.7202647477469,26.54364120469498,0.9985417561268266
1145000,2289.9999999596726,-42462.79793273099,6879.604716927356,-35583.19321580363,311.47233618215694,26.97262785768213,0.9826604305070552
1150000,2299.999999959436,-42392.93964785006,6440.807744700583,-35952.13190314947,291.6059159919323,26.512166818357883,0.9997271925802625
1155000,2309.9999999591996,-42317.65203806327,6527.580480525447,-35790.07155753783,295.53452931440796,26.68044383598573,0.9934217835907029
1160000,2319.999999958963,-42716.35217648005,6289.069240285358,-36427.28293619469,284.7359941862932,26.710302059669857,0.9923112828647704
1165000,2329.9999999587267,-42371.668196009065,6565.495381190761,-35806.1728148183,297.2511167016575,26.59911451852027,0.9964592649910141
1170000,2339.99999995849,-42274.4479700487,6428.22659177062,-35846.22137827808,291.0363075251379,26.748170858743325,0.9909064153398998
1175000,2349.9999999582537,-42462.87468013313,6524.592965921059,-35938.28171421207,295.3992703581896,26.678510864047027,0.9934937612374599
1180000,2359.9999999580173,-42650.19800947199,6701.8332895912545,-35948.36471988074,303.4237804791568,26.523198816581253,0.9993113683545095
1185000,2369.999999957781,-42127.02466685086,6622.624522758619,-35504.400144092244,299.8376239096137,26.691876535993703,0.9929962798529696
1190000,2379.9999999575443,-42200.108182035445,6435.449210282565,-35764.65897175288,291.3633097227689,26.725277487394028,0.9917552442641074
1195000,2389.999999957308,-42121.590835525945,6472.16908608716,-35649.421749438785,293.0257926664524,26.712958177077212,0.9922126155717489
1200000,2399.9999999570714,-42618.09188345546,6492.934533084864,-36125.157350370595,293.9659429446111,26.644278997444168,0.9947701758069333
1205000,2409.999999956835,-42356.475084826,6504.555891346132,-35851.91919347987,294.49209695435246,26.287187464200592,1.008283375261521
1210000,2419.9999999565985,-42521.012760109676,6563.918332828476,-35957.0944272812,297.17971624220024,26.912887987588103,0.9848416905224098
1215000,2429.999999956362,-42130.38366877468,6487.358989168551,-35643.02467960613,293.71351162616236,26.697448726525106,0.9927890254248409
1220000,2439.9999999561255,-42520.495206131716,6472.864441032916,-36047.6307650988,293.05727468298414,26.917807745906174,0.9846616913506839
1225000,2449.999999955889,-42382.55728344293,6662.197709187741,-35720.35957425519,301.6292897588045,27.22721228964228,0.9734721946770682
1230000,2459.9999999556526,-42284.19520761748,6520.861419293575,-35763.3337883239,295.23032554326795,26.53830621615591,0.9987424927066719
1235000,2469.999999955416,-42507.802856507886,6593.96954165114,-35913.83331485675,298.5402770014634,26.55282677911764,0.9981963247461552
1240000,2479.9999999551796,-42508.470061882166,6416.085529116218,-36092.38453276595,290.4866240325099,26.276587748132417,1.008690106820294
1245000,2489.999999954943,-42607.14908973762,6642.283813852326,-35964.8652758853,300.7276932633914,27.082713432117252,0.9786661210654193
1250000,2499.9999999547067,-42192.62819266273,6326.876884044397,-35865.75130861833,286.44772554466556,26.573629208403474,0.9974149144127731
1255000,2509.9999999544702,-42164.87497923861,6372.9455815122765,-35791.92939772633,288.5334739874334,26.942602853696663,0.9837555133950209
1260000,2519.9999999542338,-42350.0092429372,6767.042099229127,-35582.967143708076,306.3760925833088,26.750257812068693,0.990829108591937
1265000,2529.9999999539973,-42420.96533489105,6417.682128990885,-36003.28320590017,290.5589096816675,26.351446907320874,1.0058246211585826
1270000,2539.999999953761,-42463.78707196674,6441.104035187623,-36022.68303677912,291.6193304676157,26.805884069014194,0.9887729885832955
1275000,2549.9999999535244,-42813.97313608666,6415.694758643097,-36398.27837744356,290.4689319997287,26.758615500466796,0.990519636640922
1280000,2559.999999953288,-41987.41519318719,6645.034921230566,-35342.38027195662,300.8522489431793,26.85227865027343,0.9870646155486186
1285000,2569.9999999530514,-42614.25938354485,6409.45916874921,-36204.80021479564,290.1866172692117,26.67581002285782,0.9935943493309151
1290000,2579.999999952815,-42407.230514274735,6640.085016336877,-35767.14549793786,300.6281432707526,26.52799247406972,0.9991307909350569
1295000,2589.9999999525785,-42297.77877650206,6624.8319167153095,-35672.94685978675,299.9375631039213,26.557204962094193,0.9980317635220919
1300000,2599.999999952342,-42680.191071769455,6416.804689536533,-36263.38638223292,290.51918383578675,26.648111675936573,0.9946271024701031
1305000,2609.9999999521056,-42507.63178214384,6733.545729185751,-35774.08605295809,304.859553034843,26.835869275513858,0.9876681776327142
1310000,2619.999999951869,-42651.58431481762,6539.099311319777,-36112.485003497844,296.05604141942314,26.826106626797287,0.9880276132228616
1315000,2629.9999999516326,-42689.21980319702,6443.898204856726,-36245.32159834029,291.74583578155966,26.72408769941495,0.99179939838009
1320000,2639.999999951396,-42567.15900078253,6421.234519292075,-36145.92448149045,290.7197432399415,26.32094554301431,1.006990195668371
1325000,2649.9999999511597,-42432.67189702892,6565.83851476412,-35866.8333822648,297.26665198604,26.67079894726717,0.9937810320171288
1330000,2659.999999950923,-42252.42100253218,6593.037718194771,-35659.38328433741,298.49808893386256,26.921809741021992,0.984515318899596
1335000,2669.9999999506867,-42349.83255126618,6673.448287799612,-35676.38426346657,302.138656815173,26.74467146764597,0.9910360699177228
1340000,2679.9999999504503,-42291.97965506266,6426.673041405349,-35865.30661365732,290.96597093145874,26.845472233887705,0.9873148764758432
1345000,2689.999999950214,-42575.60156053363,6683.36964964586,-35892.23191088777,302.587843923955,26.656073995200927,0.994330001759013
1350000,2699.9999999499773,-42335.62172770273,6844.7949938105085,-35490.82673389222,309.8963349106912,26.896678206395347,0.9854352236044641
1355000,2709.999999949741,-42261.983308985946,6492.737712917226,-35769.24559606872,293.9570319620846,26.927154098098235,0.9843199175812071
1360000,2719.9999999495044,-42655.697282458714,6365.425388394055,-36290.27189406466,288.1929991759504,26.76459731510938,0.9902982581984794
1365000,2729.999999949268,-42467.63839626085,6379.257894709181,-36088.38050155167,288.8192623457842,26.8621313608634,0.9867025719765744
1370000,2739.9999999490315,-42240.29974723142,6452.42889480247,-35787.87085242895,292.13206057731117,26.38206908921808,1.0046571409127516
1375000,2749.999999948795,-42620.82365785551,6475.056620732757,-36145.76703712275,293.1565250557215,26.552317148508525,0.9982154835788157
1380000,2759.9999999485585,-42859.92492491938,6443.922745840051,-36416.00217907933,291.7469468682751,26.101189262770184,1.0154684461195114
1385000,2769.999999948322,-42298.54995547939,6637.500149746856,-35661.04980573254,300.51111409994394,26.914914532118427,0.984767537378108
1390000,2779.9999999480856,-42729.645117701555,6504.679978775937,-36224.96513892562,294.49771498085875,26.73889586994979,0.9912501335675491
1395000,2789.999999947849,-42237.14906218572,6636.597625500077,-35600.551436685644,300.4702525465304,26.291962905256955,1.0081002395312593
1400000,2799.9999999476127,-42193.03599009133,6649.927731145577,-35543.10825894575,301.07376965511406,27.123378410577814,0.9771988467410051
1405000,2809.999999947376,-42169.635900469264,6472.038896947321,-35697.59700352194,293.0198983865918,26.838610763737066,0.9875672901202696
1410000,2819.9999999471397,-42736.33752720978,6662.813424739575,-36073.524102470205,301.6571661222359,26.51071397394514,0.9997819797907251
1415000,2829.9999999469032,-42327.3202323718,6549.325839758862,-35777.994392612934,296.51904486729825,27.161357186675122,0.9758324637599245
1420000,2839.999999946667,-42073.36788464367,6431.542719107449,-35641.82516553622,291.1864443383967,26.84268869034572,0.9874172594368058
1425000,2849.9999999464303,-42138.07503810694,6637.916525994808,-35500.15851211213,300.5299654276026,26.8894042304353,0.9857017982025943
1430000,2859.999999946194,-42228.909446599544,6561.4063011025755,-35667.50314549697,297.06598465115337,26.702551126932715,0.9925993204373316
1435000,2869.9999999459574,-42261.32525562128,6540.552522099248,-35720.77273352203,296.12183516413256,27.02865849925305,0.9806233669817165
1440000,2879.999999945721,-42514.40147163143,6592.157407861499,-35922.244063769926,298.45823310967626,26.963444939401068,0.9829950943621992
1445000,2889.9999999454844,-42648.85869310569,6428.140367336341,-36220.718325769354,291.03240373602705,26.93490965915482,0.984036495311869
1450000,2899.999999945248,-42623.61576445657,6629.527180552497,-35994.08858390407,300.15013996793243,26.438217906696792,1.0025234755260424
1455000,2909.9999999450115,-42673.290098235186,6463.168500715895,-36210.12159751929,292.6182934760269,26.4427822485158,1.002350427932908
1460000,2919.999999944775,-42165.64432587917,6360.694637344526,-35804.949688534645,287.9788156375172,26.946981666950734,0.983595655725837
1465000,2929.9999999445386,-42767.55019780918,6583.296840864926,-36184.25335694425,298.05707321519407,27.23881198243356,0.9730576399451517
1470000,2939.999999944302,-42499.38325444271,6445.347746664693,-36054.03550777802,291.8114634145267,27.0781338255958,0.9788316385925584
1475000,2949.9999999440656,-42050.427469059534,6781.170616681761,-35269.25685237777,307.01575758134777,26.819515413680318,0.9882704326945692
1480000,2959.999999943829,-42529.55762504559,6580.013188869305,-35949.544436176286,297.90840671466555,26.77855168759466,0.9897822112170129
1485000,2969.9999999435927,-42404.02035132877,6497.527986577947,-35906.492364750826,294.173910371448,26.75970157446443,0.9904794352351438
1490000,2979.999999943356,-42532.41268185055,6332.595466521647,-36199.8172153289,286.706632897214,26.522924430245677,0.9993217064823877
1495000,2989.9999999431197,-42440.930062761065,6539.176539999151,-35901.753522761916,296.05953792804166,26.67845859680424,0.9934957076459993
1500000,2999.9999999428833,-42069.676464634715,6519.088354772404,-35550.58810986231,295.1500505025739,26.97205340017668,0.9826813594534445
1505000,3009.999999942647,-42150.534191794985,6767.207466896799,-35383.32672489819,306.38357956197956,26.828427684918072,0.9879421341354487
1510000,3019.9999999424103,-42618.83871629718,6588.057933971657,-36030.78078232552,298.2726304824722,26.57166714577099,0.9974885639328394
1515000,3029.999999942174,-42204.620425092115,6742.770447485396,-35461.84997760672,305.27719978602084,26.65108704830158,0.9945160606207101
1520000,3039.9999999419374,-42299.717414342915,6495.5456918895225,-35804.17172245339,294.084162488683,27.10188010282447,0.9779740004005942
1525000,3049.999999941701,-42300.12742845953,6640.651788728032,-35659.47563973149,300.6538037451578,26.541290831580806,0.9986301823345748
1530000,3059.9999999414645,-42443.36983447871,6500.717083532332,-35942.65275094638,294.3182959167759,26.809408042306107,0.9886430189249564
1535000,3069.999999941228,-42046.45482400566,6542.603075048342,-35503.85174895732,296.2146734221139,27.359950279934374,0.9687493519304778
1540000,3079.9999999409915,-42379.342600182805,6434.796714801886,-35944.54588538092,291.3337681575079,27.074154078272134,0.9789755213001305
1545000,3089.999999940755,-42416.685573033465,6459.291481851763,-35957.394091181704,292.44276244296304,26.53775667301923,0.9987631746387934
1550000,3099.9999999405186,-42523.92904256075,6501.892547542998,-36022.036495017746,294.371514747881,26.593360287636337,0.9966748773324097
1555000,3109.999999940282,-42478.38202450605,6481.258706099747,-35997.1233184063,293.43732287739056,26.51776211603611,0.9995162482624491
1560000,3119.9999999400457,-42275.63951738289,6401.976751276807,-35873.662766106085,289.8478527403885,26.71773769940781,0.9920351191681918
1565000,3129.999999939809,-42492.56261668453,6513.733355132581,-35978.82926155195,294.9076042695852,26.54483335197034,0.9984969109089975
1570000,3139.9999999395727,-42110.02081832959,6374.165866866268,-35735.85495146332,288.5887220933429,26.358224570342045,1.005565986882119
1575000,3149.9999999393362,-42151.29080306407,6735.714336336352,-35415.57646672772,304.95773616646926,26.466725185183517,1.0014436586727546
1580000,3159.9999999391,-42415.35444291646,6501.582887547645,-35913.77155536882,294.3574949711434,26.73433932920971,0.9914190800136009
1585000,3169.9999999388633,-42432.64188048855,6663.094510060678,-35769.54737042787,301.66989218793776,26.775530807152954,0.9898938808509391
1590000,3179.999999938627,-42139.153088871506,6496.306367331417,-35642.84672154009,294.1186018738965,27.077404669295614,0.9788579971474056
1595000,3189.9999999383904,-42376.642910105875,6370.061459404953,-36006.58145070092,288.4028960999579,27.060169630763735,0.9794814468717895
1600000,3199.999999938154,-42420.81963627739,6506.4741796039525,-35914.345456673436,294.57894696241533,26.370187380505406,1.005109812838521
1605000,3209.9999999379174,-42360.12563872093,6536.980737125649,-35823.14490159528,295.96012351704763,26.43079743321584,1.0028049350197625
1610000,3219.999999937681,-42364.56379930308,6543.408994046524,-35821.15480525656,296.2511611977152,26.304184275675322,1.0076318590516733
1615000,3229.9999999374445,-42374.886997611786,6546.962102227032,-35827.92489538476,296.41202725779095,27.081652328060695,0.9787044668272838
1620000,3239.999999937208,-42230.422269093106,6529.193933705148,-35701.22833538796,295.6075779926214,26.943305897685484,0.9837298438130182
1625000,3249.9999999369716,-42349.73248912697,6713.2677394876055,-35636.46474963936,303.94147226069344,26.891679921295243,0.9856183838313325
1630000,3259.999999936735,-42251.37951553799,6634.698114525414,-35616.68140101258,300.38425267513855,26.39882762724136,1.0040193631623877
1635000,3269.9999999364986,-42714.04140598659,6572.648767324995,-36141.39263866159,297.57498442117355,26.79680835908813,0.9891078723764273
1640000,3279.999999936262,-42055.79296562291,6645.654264710145,-35410.138700912765,300.8802895601073,26.630692022005782,0.9952777074149876
1645000,3289.9999999360257,-42459.69921857666,6390.760059911372,-36068.939158665286,289.3400199203966,26.53854558621131,0.9987334843363738
1650000,3299.999999935789,-42478.21615573886,6562.309682180843,-35915.90647355802,297.10688499739246,26.75759435269119,0.9905574377567592
1655000,3309.9999999355528,-42195.12507106841,6516.672570378664,-35678.452500689746,295.0406764847645,26.86779786603607,0.9864944732237154
1660000,3319.9999999353163,-42309.89735512814,6458.787574738842,-35851.1097803893,292.4199481778797,26.83192974146076,0.9878131896559431
1665000,3329.99999993508,-42128.30379641475,6271.526856400126,-35856.77694001463,283.94176726254375,26.777582560634134,0.9898180331446933
1670000,3339.9999999348433,-42742.568016872916,6701.142720584482,-36041.425296288435,303.392515144783,26.145075350041378,1.0137639210320566
1675000,3349.999999934607,-42394.64967962436,6458.682506852871,-35935.96717277149,292.4151912563344,26.58138379795566,0.9971239384676044
1680000,3359.9999999343704,-42373.51992356562,6393.408239391265,-35980.11168417435,289.45991556602905,26.36218333922878,1.0054149825707082
1685000,3369.999999934134,-42781.74517995503,6720.620953853549,-36061.124226101485,304.27438715206404,27.066719137710486,0.9792444354886268
1690000,3379.9999999338975,-42138.97105929389,6529.2004592048215,-35609.770600089076,295.6078734329427,26.367595192166927,1.0052086248051315
1695000,3389.999999933661,-42355.61115305242,6391.79983636497,-35963.811316687454,289.38709553221383,26.56408565148794,0.9977732510831551
1700000,3399.9999999334245,-42362.447907616035,6480.842716277441,-35881.605191338596,293.4184890450538,26.1409825810519,1.0139226412150406
1705000,3409.999999933188,-42516.746229436656,6676.313157352016,-35840.43307208464,302.2683630481705,26.462387459013453,1.001607815756948
1710000,3419.9999999329516,-42455.492229702824,6492.482548697144,-35963.00968100568,293.94547946757234,26.622400153633933,0.9955876986890911
1715000,3429.999999932715,-42697.04045043973,6407.997160387431,-36289.0432900523,290.1204252162234,26.682161772880573,0.9933578219091607
1720000,3439.9999999324787,-42327.35571358382,6549.178289786647,-35778.17742379717,296.5123645802119,26.754052767218973,0.990688563454293
1725000,3449.999999932242,-42304.90506974119,6724.388690421836,-35580.51637931935,304.4449704572583,26.7306910464689,0.9915543917835897
1730000,3459.9999999320057,-42599.661836909305,6341.732347625957,-36257.92948928335,287.1203028419385,26.378024627525416,1.004811181913852
1735000,3469.9999999317693,-42210.37653683516,6573.6536896372045,-35636.722847197954,297.6204820206934,26.351855191542818,1.0058090373478836
1740000,3479.999999931533,-42274.92797308898,6457.887093102145,-35817.04087998684,292.37917910311285,26.850345353326865,0.9871356868507631
1745000,3489.9999999312963,-42056.61710392224,6622.730123808333,-35433.88698011391,299.8424049700105,26.692197768409848,0.9929843294472005
1750000,3499.99999993106,-42448.971934279485,6611.17019581684,-35837.801738462644,299.3190321999517,26.55800529885668,0.9980016874112737
1755000,3509.9999999308234,-42447.54828234692,6382.086387527972,-36065.461894818945,288.9473216315126,26.81595314724473,0.988401715836822
1760000,3519.999999930587,-42384.68077856215,6388.823652628791,-35995.857125933355,289.2523495781426,26.774700815301465,0.9899245666786022
1765000,3529.9999999303504,-42636.19887953467,6483.033007402847,-36153.16587213182,293.5176539130688,26.701302196244782,0.9926457484258621
1770000,3539.999999930114,-42439.11729377619,6624.351781831086,-35814.7655119451,299.9158251203852,27.23815756509175,0.9730810183910924
1775000,3549.9999999298775,-42398.46639765642,6699.059667836787,-35699.40672981963,303.2982054667693,26.77707242975102,0.9898368902004336
1780000,3559.999999929641,-42333.623066605534,6716.834896551765,-35616.78817005377,304.1029743803674,26.679494116735633,0.9934571467721489
1785000,3569.9999999294046,-42267.539076015935,6647.00656956073,-35620.5325064552,300.9415148148092,26.997113739001634,0.9817691757265856
1790000,3579.999999929168,-42091.457444965374,6822.1020805292555,-35269.355364436116,308.86891909171266,26.371434821059047,1.0050622684121404
1795000,3589.9999999289316,-42402.92477485124,6445.397971862229,-35957.526802989014,291.81373734744227,26.794762584377136,0.9891833905626913
1800000,3599.999999928695,-42451.22862526163,6624.310682587939,-35826.917942673696,299.9139643627101,26.76993211920475,0.9901009081573978
1805000,3609.9999999284587,-42655.13898735895,6569.856719747493,-36085.28226761146,297.44857518438175,26.649493599893557,0.9945755255417831
1810000,3619.999999928222,-42357.22234574135,6462.90164250527,-35894.32070323608,292.606211539097,26.39133092818875,1.0043045640500996
1815000,3629.9999999279858,-42428.83498449647,6485.388648207201,-35943.44633628927,293.62430494531964,26.554861002518784,0.9981198583574762
1820000,3639.9999999277493,-42260.63502137974,6457.781184623705,-35802.85383675604,292.37438412395943,26.307538857283895,1.007503371802413
1825000,3649.999999927513,-42438.52540694398,6601.411932420633,-35837.11347452335,298.87722933159523,26.48399634753898,1.000790581403304
1830000,3659.9999999272763,-42529.91000857699,6829.7135817485205,-35700.19642682847,309.2135278540133,26.55708959860803,0.9980360989528668
1835000,3669.99999992704,-42486.03883238416,6631.670756793031,-35854.368075591134,300.24718983153593,27.004964149674215,0.9814837729698029
1840000,3679.9999999268034,-42368.80904425116,6496.117977504753,-35872.69106674641,294.11007257289185,26.676393038957205,0.9935726341949492
1845000,3689.999999926567,-42307.75487594149,6636.399177881969,-35671.355698059524,300.4612678816019,26.606088161418104,0.9961980860069362
1850000,3699.9999999263305,-42398.03844311531,6408.852976501505,-35989.1854666138,290.1591720709281,26.6155714832952,0.9958431333767108
1855000,3709.999999926094,-42372.70376272948,6622.693603114273,-35750.0101596152,299.84075150496915,26.353523723907625,1.0057453561131005
1860000,3719.9999999258575,-42378.417960677994,6552.797241366914,-35825.62071931108,296.6762116832966,26.719144294826172,0.9919828947392175
1865000,3729.999999925621,-42365.71330956556,6436.962587258382,-35928.75072230717,291.4318274765611,26.52626321167301,0.9991959248475257
1870000,3739.9999999253846,-42456.1747740758,6566.495939304126,-35889.67883477167,297.29641671319587,26.686680448079326,0.9931896233442594
1875000,3749.999999925148,-42374.850436200504,6518.803335945109,-35856.0471002554,295.13714634838965,26.402232544022368,1.0038898815978121
1880000,3759.9999999249117,-42608.66800203052,6689.228898838661,-35919.439103191864,302.8531199259126,26.697242502035245,0.99279669428466
1885000,3769.999999924675,-42144.2349752679,6727.9308806796425,-35416.30409458826,304.6053422111886,26.737929609348754,0.9912859555613919
1890000,3779.9999999244387,-42478.79750210419,6516.767097039106,-35962.03040506509,295.044956155032,27.060696602608775,0.9794623727454718
1895000,3789.9999999242023,-42415.18729804072,6546.465111752463,-35868.72218628826,296.3895261417321,27.070236309464775,0.9791172045760602
1900000,3799.999999923966,-42402.21356524341,6388.982298674246,-36013.231266569164,289.2595322370943,26.733756624540096,0.9914406895664811
1905000,3809.9999999237293,-42427.6505147157,6421.987808353459,-36005.66270636224,290.75384820867504,26.614077133625493,0.9958990488176244
1910000,3819.999999923493,-42183.25914033904,6736.635769244591,-35446.62337109445,304.9994538046728,26.675122544817388,0.9936199564971094
1915000,3829.9999999232564,-42562.6626632628,6428.153821801248,-36134.50884146155,291.03301288346927,26.622041716757906,0.9956011031960906
1920000,3839.99999992302,-42439.49306944036,6659.680946974662,-35779.81212246569,301.5153439961659,26.404480110537943,1.0038044298383473
1925000,3849.9999999227834,-42491.535153439036,6771.630473053276,-35719.904680385764,306.5838300294397,27.20333725544226,0.974326563452577
1930000,3859.999999922547,-42592.16664558428,6400.200986892255,-36191.965658692025,289.7674554640734,26.961931522996863,0.9830502714514147
1935000,3869.9999999223105,-42501.44301421911,6498.4439297727,-36002.99908444641,294.2153794642839,26.525835901201443,0.999212021112444
1940000,3879.999999922074,-42503.66137223964,6457.117290388021,-36046.54408185162,292.34432648299384,26.855371411233886,0.9869509416447401
1945000,3889.9999999218376,-42567.36998127645,6375.696530995336,-36191.673450281116,288.65802251855746,26.435095692817857,1.002641882236032
1950000,3899.999999921601,-42404.77572483843,6478.411103099608,-35926.36462173882,293.30839838311107,26.484483689368503,1.000772165823879
1955000,3909.9999999213646,-42452.15616827691,6608.069394764011,-35844.0867735129,299.1786442288835,26.33262073001429,1.0065437228709189
1960000,3919.999999921128,-42449.13898356445,6548.329289900253,-35900.809693664196,296.47392632846424,26.463204172673336,1.001576903899879
1965000,3929.9999999208917,-42140.804762045445,6625.944310416317,-35514.86045162913,299.9879264429595,26.98311102300937,0.9822786586741205
1970000,3939.9999999206552,-42316.26643271156,6393.622649553838,-35922.64378315773,289.46962293105736,27.0601829249231,0.9794809656709604
1975000,3949.9999999204188,-42336.70357798465,6502.635798264893,-35834.06777971976,294.40516523337305,26.65139600571303,0.9945045316521086
1980000,3959.9999999201823,-42766.17477249174,6371.733466520217,-36394.44130597152,288.4785957925613,26.762950154082453,0.9903592074094798
1985000,3969.999999919946,-42585.287063109456,6383.177098219739,-36202.109964889714,288.9967032778777,26.422793720719024,1.003108694057324
1990000,3979.9999999197094,-42428.19869198953,6632.707499487681,-35795.491192501846,300.29412809069606,26.96873243712408,0.9828023680508944
1995000,3989.999999919473,-42365.25801421184,6528.577997686151,-35836.68001652569,295.57969164759584,26.517551299310817,0.9995241944992626
2000000,3999.9999999192364,-42214.26283227815,6439.490312957556,-35774.7725193206,291.54626960821616,26.981111656339376,0.9823514479363203
2005000,4009.999999919,-42321.301625146705,6501.632117178564,-35819.66950796814,294.3597238300361,26.975297847348713,0.982563167699799
2010000,4019.9999999187635,-42447.64435427304,6414.512804665567,-36033.131549607475,290.41541933704104,26.80079397340814,0.9889607796259626
2015000,4029.999999918527,-42755.76223072305,6477.692662931744,-36278.0695677913,293.275871189079,26.494867724902463,1.0003799368896111
2020000,4039.9999999182905,-42638.47309664701,6478.96162914138,-36159.511467505625,293.3333233082217,26.391711774920566,1.0042900713898955
2025000,4049.999999918054,-42299.47202346579,6332.8576882273555,-35966.61433523843,286.71850491757493,26.687460600506075,0.9931605895104874
2030000,4059.9999999178176,-42112.643190610455,6346.0506794822995,-35766.592511128154,287.315814207351,26.660630988437166,0.994160044975373
2035000,4069.999999917581,-42653.9763311462,6707.913132053951,-35946.06319909225,303.69904378473825,26.963435052233148,0.9829954548146989
2040000,4079.9999999173447,-42157.79562140972,6711.283450736224,-35446.51217067349,303.85163409724026,26.773469263566973,0.9899701021788806
2045000,4089.999999917108,-42220.237975309254,6547.376140912761,-35672.86183439649,296.43077275292046,26.858000154644593,0.9868543432096517
2050000,4099.999999917781,-42534.610943189764,6667.986772219574,-35866.624170970186,301.89138810035513,26.58414588139432,0.9970203376399149
2055000,4109.999999919818,-42249.32965914381,6550.947798930883,-35698.38186021293,296.5924786521287,26.831656503402918,0.987823248973653
2060000,4119.999999921855,-42812.19421528408,6348.324101295715,-36463.87011398836,287.4187427959093,26.667753161257394,0.9938945340563067
2065000,4129.999999923893,-42100.67795355909,6615.667400926401,-35485.01055263269,299.52264200595096,26.975466534071938,0.9825570233997214
2070000,4139.99999992593,-42288.01547909115,6759.330774448357,-35528.68470464279,306.02696433490576,26.733465488897963,0.9914514866598065
2075000,4149.999999927967,-42454.53642045654,6531.435751991577,-35923.10066846496,295.70907573961426,26.655969707267737,0.9943338919427852
2080000,4159.999999930004,-42535.613339416625,6628.308403130593,-35907.30493628603,300.0949601332608,26.78383533261762,0.989586956960512
2085000,4169.999999932042,-42661.00371861068,6531.157194517991,-36129.84652409269,295.69646412155936,26.560885668090094,0.9978934600956926
2090000,4179.999999934079,-42211.175716434314,6607.731422769506,-35603.44429366481,299.1633426336576,26.629778331402257,0.9953118562493433
2095000,4189.999999936116,-42608.89599842753,6368.230260532322,-36240.66573789521,288.3199890414362,26.57218334795959,0.9974691863087632
2100000,4199.999999938153,-42521.346750079654,6448.023063662409,-36073.32368641724,291.93258770430697,26.53424708106147,0.9988952775469603
2105000,4209.999999940191,-42469.689289215195,6634.259446324486,-35835.429842890706,300.36439208503583,26.543341319603442,0.9985530375921978
2110000,4219.999999942228,-42492.92436579772,6792.09044920696,-35700.83391659076,307.5101501936112,26.398719690037392,1.004023468325216
2115000,4229.999999944265,-42171.49655181327,6549.7962754980545,-35621.70027631521,296.5403437245348,26.9086912838374,0.9849952873202943
2120000,4239.9999999463025,-42371.983934204385,6456.195005318228,-35915.788928886155,292.3025702633949,26.499687032397365,1.0001980049852188
2125000,4249.99999994834,-42285.11209476605,6347.662254938123,-35937.44983982793,287.3887778720982,26.63200830132746,0.9952285161016335
2130000,4259.999999950377,-42873.07001102925,6536.139183694415,-36336.930827334836,295.92202240164437,26.24903919219079,1.009748734362127
2135000,4269.999999952414,-42308.14756064763,6626.326609394429,-35681.820951253205,300.0052349309806,26.467219942105427,1.001424938490464
2140000,4279.999999954452,-42617.992927886604,6395.071015113651,-36222.92191277295,289.5351973096915,26.413735787426514,1.003452685218174
2145000,4289.999999956489,-41913.526772461366,6336.98945761178,-35576.537314849586,286.9055697149995,26.62760387830007,0.9953931350216787
2150000,4299.999999958526,-42538.40826767002,6641.871783595768,-35896.536484074255,300.7090386993768,26.700106855966474,0.9926901883021362
2155000,4309.999999960563,-42712.882642420824,6614.4575217223155,-36098.425120698506,299.46786503580506,26.36521727268145,1.0052992861166306
2160000,4319.999999962601,-42679.34668898792,6468.747952528882,-36210.59873645904,292.87090172349366,26.837558642858976,0.9876060060175791
2165000,4329.999999964638,-42425.516380353714,6726.491891931574,-35699.02448842214,304.54019236529734,26.833843567832766,0.9877427374701353
2170000,4339.999999966675,-42229.45007435465,6436.299484840759,-35793.15058951389,291.4018056849548,26.639972705170855,0.9949309781909752
2175000,4349.9999999687125,-42346.72279888438,6717.247312165832,-35629.47548671855,304.1216463913443,26.792592336140018,0.9892635161990097
2180000,4359.99999997075,-42566.07335318631,6459.50932609747,-36106.56402708884,292.452625285223,26.569468646454986,0.9975711014481623
2185000,4369.999999972787,-42211.7588259005,6593.750213705911,-35618.008612194586,298.53034698508867,26.67923045604986,0.9934669647312176
2190000,4379.999999974824,-42558.57999767788,6571.158615641412,-35987.42138203647,297.50751818652066,26.721577005302848,0.9918925854292456
2195000,4389.999999976862,-42341.810681863804,6711.4173539795465,-35630.39332788426,303.8576965321818,26.83919350348446,0.9875458477951454
2200000,4399.999999978899,-42550.70665729197,6556.699680154249,-35994.006977137724,296.85289359685305,26.645585577688433,0.9947213967303579
2205000,4409.999999980936,-42127.2529721639,6629.678856595838,-35497.57411556806,300.15700706182895,26.53075858409081,0.9990266210642851
2210000,4419.999999982973,-42092.95686013467,6786.961560156583,-35305.99529997809,307.27794105947163,26.545403877189674,0.9984754507846108
2215000,4429.999999985011,-42114.4727973055,6439.766686126381,-35674.70611117912,291.5587823324342,27.022223956352452,0.9808568734145832
2220000,4439.999999987048,-42407.85665426927,6519.74154990512,-35888.11510436415,295.17962374440117,26.323890591538788,1.0068775362201179
2225000,4449.999999989085,-42815.489142229024,6526.542920763999,-36288.94622146503,295.48755406275853,26.674238581722843,0.9936528842738052
2230000,4459.999999991122,-42670.979471973376,6410.231534917219,-36260.747937056156,290.2215859490467,26.79705262677301,0.9890988561949295
2235000,4469.99999999316,-42459.83447480062,6397.665990006796,-36062.16848479382,289.65268413132725,26.928207544405193,0.9842814104440226
2240000,4479.999999995197,-42631.19563880854,6887.589419027423,-35743.60621978111,311.8338415184602,26.656134347040386,0.9943277505081808
2245000,4489.999999997234,-42086.75373955449,6324.828898159294,-35761.9248413952,286.35500350984694,26.989821064314057,0.982034450668565
2250000,4499.9999999992715,-42990.015396839124,6542.353739260221,-36447.6616575789,296.2033848083613,26.473213337101146,1.0011982211993478
2255000,4510.000000001309,-42774.924751903105,6742.821755610388,-36032.10299629271,305.27952274819876,26.254765534973743,1.009528501301203
2260000,4520.000000003346,-42426.77919097891,6593.654788116342,-35833.124402862566,298.5260266160359,27.126574480799057,0.9770837125527017
2265000,4530.000000005383,-42369.46255136194,6649.580332853066,-35719.88221850887,301.05804128666756,26.79105888262859,0.9893201391798068
2270000,4540.000000007421,-42302.77596117131,6519.801478721684,-35782.97448244963,295.1823370061753,26.66782402010638,0.9938918931875712
2275000,4550.000000009458,-42934.684204618155,6610.5650352290595,-36324.119169389094,299.29163370980626,27.01193433767648,0.9812305098627168
2280000,4560.000000011495,-42103.106131409586,6570.109682839327,-35532.99644857026,297.4600280233781,26.859749191752623,0.9867900818178504
2285000,4570.000000013532,-42243.97793703509,6574.890528378361,-35669.08740865673,297.6764795769542,26.341320408610642,1.0062112943234383
2290000,4580.00000001557,-42662.403083385085,6343.731277439106,-36318.67180594598,287.2108038757019,26.73719221254811,0.9913132946733805
2295000,4590.000000017607,-42319.59823883261,6351.021648130343,-35968.576590702265,287.54087353584487,26.741555198463683,0.9911515581584142
2300000,4600.000000019644,-42629.634705484845,6579.577844420364,-36050.056861064484,297.8886966065802,26.31232579935805,1.0073200789868284
2305000,4610.000000021681,-42393.810713063984,6471.938106081427,-35921.87260698256,293.0153351060318,26.72193705175533,0.9918792208514481
2310000,4620.000000023719,-42763.09093508427,6361.696415207921,-36401.39451987635,288.02417087292474,26.66909956627051,0.9938443567123045
2315000,4630.000000025756,-42114.21731835714,6574.652750512828,-35539.56456784432,297.6657142451776,27.01849787366571,0.9809921419935876
2320000,4640.000000027793,-42153.30278535286,6656.222482800562,-35497.0803025523,301.35876291916605,26.953548210365568,0.9833560277731253
2325000,4650.0000000298305,-42439.91051999986,6599.4836917488155,-35840.426828251046,298.78992873054545,26.543320345440694,0.998553826634927
2330000,4660.000000031868,-42568.174706253456,6360.527580627154,-36207.6471256263,287.9712521875552,27.01202248646392,0.9812273077966853
2335000,4670.000000033905,-42409.883558243746,6356.488954801817,-36053.39460344193,287.78840444083977,26.99780014256457,0.981744214809154
2340000,4680.000000035942,-41993.37919868418,6578.212521306806,-35415.166677377376,297.8268819533665,26.858655668967174,0.9868302579700833
2345000,4690.00000003798,-42252.80056456156,6566.284772696461,-35686.5157918651,297.2868561992827,26.60437837537818,0.9962621087612521
2350000,4700.000000040017,-42502.73659628007,6501.155426942975,-36001.58116933709,294.33814180208196,26.52907902960643,0.9990898693828397
2355000,4710.000000042054,-42531.09931119828,6655.8898486692815,-35875.209462529005,301.3437029943264,26.572761618811384,0.9974474795940346
2360000,4720.000000044091,-42070.91629469115,6513.686480758024,-35557.229813933125,294.90548204431917,26.30726724917043,1.0075137737224424
2365000,4730.000000046129,-42069.04491039424,6346.994479109127,-35722.05043128511,287.3585444929926,26.71980542280213,0.9919583501127504
2370000,4740.000000048166,-42213.995473079965,6501.9080950912685,-35712.0873779887,294.37221865913483,26.98326507631191,0.9822730506325824
2375000,4750.000000050203,-42410.42398837325,6605.951755548345,-35804.472232824904,299.08276865741766,26.768226250614532,0.9901640046817831
2380000,4760.0000000522405,-42526.28737476183,6865.0909177689255,-35661.196456992904,310.8152276538672,26.766198105183104,0.9902390320201659
2385000,4770.000000054278,-42060.240126300196,6447.739352837723,-35612.500773462474,291.91974276960485,26.901216260133896,0.98526898732885
2390000,4780.000000056315,-42351.040120102174,6499.164108578898,-35851.87601152327,294.24798537471986,26.980746459918585,0.9823647445007159
2395000,4790.000000058352,-42243.5896251261,6505.57579831528,-35738.01382681082,294.5382729803656,26.68223105018915,0.9933552427711484
2400000,4800.0000000603895,-42493.24696430046,6682.990442482771,-35810.25652181769,302.5706754170648,26.741518996059536,0.9911528999695985
2405000,4810.000000062427,-42610.83502935263,6795.785946337566,-35815.04908301507,307.6774628768228,26.238211144026852,1.0101654399015836
2410000,4820.000000064464,-42571.30367223255,6576.542041403778,-35994.76163082877,297.7512514049048,26.44942347544203,1.002098746203146
2415000,4830.000000066501,-42402.46018738317,6500.3764551923905,-35902.08373219078,294.3028740561928,26.834604102205034,0.987714743306333
2420000,4840.000000068539,-42174.30070973351,6482.381760065281,-35691.91894966822,293.4881688571665,26.868988691777382,0.986450752076416
2425000,4850.000000070576,-42404.860904680216,6539.065754310883,-35865.79515036933,296.0545221344663,26.586607714751256,0.9969280168011271
2430000,4860.000000072613,-42434.129775379435,6526.146327824652,-35907.98344755478,295.46959841931465,26.88298089874858,0.985937318572076
2435000,4870.00000007465,-42458.44607619487,6425.309035386685,-36033.137040808186,290.9042159093781,27.09291987444241,0.9782974380527897
2440000,4880.000000076688,-42727.7199594187,6612.2375705737,-36115.482388845,299.36735731785905,26.611135559859346,0.9960091347066367
2445000,4890.000000078725,-42348.89457291784,6533.107336981486,-35815.787235936354,295.7847563206007,26.479225432458023,1.000970899626353
2450000,4900.000000080762,-42604.71461836924,6607.053876451084,-35997.66074191815,299.1326668981533,26.63498901941786,0.9951171402103254
2455000,4910.0000000827995,-42133.6118776644,6485.954501531954,-35647.65737613245,293.6499238092296,26.44817971735232,1.0021458711257532
2460000,4920.000000084837,-42432.752903239976,6473.9853022884645,-35958.76760095151,293.1080213883788,26.396915130572996,1.0040921058930259
2465000,4930.000000086874,-42391.59882645245,6522.138197300235,-35869.460629152214,295.2881313395141,26.500621701813962,1.0001627282850598
2470000,4940.000000088911,-42214.98330526828,6234.458322379587,-35980.524982888695,282.2634989077041,27.17736347998458,0.9752577405846122
2475000,4950.000000090949,-42279.47028925369,6503.003958145488,-35776.4663311082,294.4218335773864,26.469926798147696,1.0013225312127145
2480000,4960.000000092986,-42059.75079306186,6503.056142552925,-35556.694650508936,294.4241962130269,26.789070562845595,0.9893935678118241
2485000,4970.000000095023,-42378.95068225125,6579.828068758448,-35799.1226134928,297.90002544920407,26.674543242989607,0.9936415353429655
2490000,4980.00000009706,-42524.46813963959,6393.294568389767,-36131.17357124982,289.45476914063846,26.59589083252429,0.9965800457461443
2495000,4990.000000099098,-42356.331455483276,6311.483067870449,-36044.84838761283,285.7507744720755,26.74920012807895,0.9908682867385621
2500000,5000.000000101135,-42560.67703280575,6494.183289309154,-36066.49374349659,294.02248006185926,26.975258100027702,0.9825646154803351
2505000,5010.000000103172,-42771.34595637844,6414.176794151086,-36357.16916222736,290.4002065473193,26.788340849191474,0.9894205188648886
2510000,5020.000000105209,-42763.83851923683,6474.00012402255,-36289.838395214276,293.10869243858184,26.63526834437117,0.9951067043834684
2515000,5030.000000107247,-42488.27377188922,6535.493970826611,-35952.77980106261,295.8928105548103,26.52912952784878,0.9990879676136052
2520000,5040.000000109284,-42629.649066560785,6614.636591463366,-36015.01247509742,299.475972372328,26.563177530909545,0.9978073621536709
2525000,5050.000000111321,-42288.30462142534,6722.223862689132,-35566.08075873621,304.34695843780634,26.655682295453445,0.99434461323308
2530000,5060.0000001133585,-42746.91006966692,6599.90431480547,-36147.00575486145,298.80897233137705,26.86761416707146,0.9865012180731909
2535000,5070.000000115396,-42727.655895601085,6425.2067145109595,-36302.44918109012,290.89958335801595,26.634548797756032,0.995133587724586
2540000,5080.000000117433,-42525.46038072003,6716.773053668789,-35808.687327051244,304.1001744597281,26.597820374085195,0.9965077487462403
2545000,5090.00000011947,-42385.51008594112,6519.541144872108,-35865.96894106901,295.1705504580158,26.623140025902078,0.9955600307382767
2550000,5100.000000121508,-42840.11042396439,6560.363699357087,-36279.74672460731,297.0187811249717,27.052746749706056,0.9797502023643683
2555000,5110.000000123545,-42281.07292955642,6343.69365705976,-35937.37927249666,287.2091006226918,26.679533421615606,0.9934556831890609
2560000,5120.000000125582,-42359.697260933404,6577.374533497815,-35782.32272743559,297.7889422705943,26.947614090092994,0.9835725720994637
2565000,5130.000000127619,-42620.36695267429,6464.258141774702,-36156.10881089959,292.66762669503464,26.659211266329063,0.9942129884394817
2570000,5140.000000129657,-42574.11683087604,6502.193961153709,-36071.92286972233,294.38516117167256,26.497643159455148,1.0002751543991097
2575000,5150.000000131694,-42264.70853485068,6722.377154531276,-35542.3313803194,304.3538986865786,26.79486841763783,0.9891794835271346
2580000,5160.000000133731,-42012.768122528214,6523.177373993303,-35489.59074853491,295.33517979732727,26.67753056094931,0.9935302685524634
2585000,5170.0000001357685,-42443.32269407436,6807.608523396075,-35635.714170678286,308.21272701591596,26.76690179617096,0.9902129990377923
2590000,5180.000000137806,-42441.34790831915,6510.306968198572,-35931.040940120576,294.7524754813898,26.74912227004714,0.9908711708352368
2595000,5190.000000139843,-42612.31133510801,6856.563061119735,-35755.748273988276,310.42913113488925,27.225403653429346,0.9735368643174525
2600000,5200.00000014188,-42499.79567178915,6522.691377113137,-35977.10429467601,295.3131764134308,26.64463035668209,0.9947570579033932
2605000,5210.0000001439175,-42259.259539307386,6688.511139683561,-35570.74839962382,302.82062356455845,26.59749024788348,0.9965201173312085
2610000,5220.000000145955,-42664.18947817513,6633.226800238021,-36030.96267793711,300.3176392987588,26.394641065885878,1.0041786147565077
2615000,5230.000000147992,-42113.420394923305,6227.289569123338,-35886.13082579997,281.93893544568664,26.644999026353133,0.9947432940913944
2620000,5240.000000150029,-42298.99380248593,6515.408448725406,-35783.58535376052,294.9834437016672,26.619674575603256,0.9956896365227583
2625000,5250.000000152067,-42015.39768236183,6674.076022165267,-35341.32166019656,302.1670773273126,26.687508125519024,0.9931588208938875
2630000,5260.000000154104,-42296.54236705223,6267.226812710893,-36029.31555434134,283.7470838891989,26.97827991350059,0.9824545592794742
2635000,5270.000000156141,-42137.64646066277,6486.987291951136,-35650.65916871163,293.69668313013324,26.649457628829236,0.994576868005885
2640000,5280.000000158178,-42650.56797479745,6521.527970303526,-36129.04000449392,295.2605034690059,27.33118767744368,0.9697688375397948
2645000,5290.000000160216,-42632.66616296937,6520.825795975201,-36111.84036699417,295.2287127066802,27.088193404027017,0.978468135811383
2650000,5300.000000162253,-42398.40571879386,6757.844777907832,-35640.560940886025,305.9596862232874,26.88637277131869,0.9858129368350841
2655000,5310.00000016429,-42323.204262106854,6723.865492008282,-35599.33877009857,304.4212827834948,26.824732213988614,0.9880782365728398
2660000,5320.0000001663275,-42558.15505715652,6391.819027131174,-36166.33603002534,289.38796438922355,26.83332074276607,0.9877619828206287
2665000,5330.000000168365,-42235.23993827222,6433.37025123551,-35801.86968703671,291.269185386,26.70695006341636,0.9924358281121523
2670000,5340.000000170402,-41912.88311915018,6656.5735960440325,-35256.309523106145,301.3746594810629,26.71540106653652,0.9921218864176579
2675000,5350.000000172439,-42275.62927388697,6499.545396151634,-35776.083877735335,294.2652480716224,26.955719794467438,0.9832768074691354
2680000,5360.000000174477,-42416.29696593218,6607.493836536734,-35808.80312939545,299.152585978005,26.879406158029468,0.9860684401548399
2685000,5370.000000176514,-42313.015591362084,6580.852588505069,-35732.163002857014,297.9464103175323,27.06214485000771,0.9794099562115441
2690000,5380.000000178551,-42334.610918619204,6451.347991215381,-35883.262927403826,292.0831229450908,26.595052235936244,0.9966114699606433
2695000,5390.000000180588,-42476.39828533237,6534.389118200652,-35942.00916713172,295.84278863600764,26.703770307101816,0.9925540025891993
2700000,5400.000000182626,-42498.4484764011,6515.216064903134,-35983.232411497964,294.97473357353743,26.759991206768564,0.990468714946082
2705000,5410.000000184663,-42306.483259210945,6631.118710508406,-35675.364548702535,300.22219607782074,26.677638484951682,0.9935262492400673
2710000,5420.0000001867,-42377.07308529579,6524.332472266564,-35852.74061302923,295.38747657490336,26.546664419662765,0.9984280391514897
2715000,5430.000000188737,-42357.97901133442,6252.176839250649,-36105.80217208377,283.06570020713826,26.933123644524706,0.984101749665593
2720000,5440.000000190775,-42370.72761788219,6787.941581329934,-35582.78603655226,307.32231126632684,26.588018101765257,0.9968751337948267
2725000,5450.000000192812,-42283.33154931042,6662.297646117124,-35621.033903193296,301.6338143776084,26.68240478604514,0.9933487747850435
2730000,5460.000000194849,-42374.33306131681,6628.831546138177,-35745.50151517863,300.11864529853324,26.540621567959334,0.9986553643692392
2735000,5470.0000001968865,-42344.71169758588,6553.646659950862,-35791.06503763502,296.7146688914684,26.41915573388744,1.0032468247476602
2740000,5480.000000198924,-42388.84806724766,6399.081689180199,-35989.76637806746,289.71677954770865,26.60295570204441,0.996315386883858
2745000,5490.000000200961,-42139.46662367135,6439.833042636489,-35699.63358103486,291.5617866063823,26.57446528576727,0.997383534062377
2750000,5500.000000202998,-42127.574377876415,6410.9198404541785,-35716.65453742223,290.2527488054062,26.704244640678564,0.9925363723698651
2755000,5510.000000205036,-42348.813958239334,6313.6242371025,-36035.189721136834,285.84771535898824,26.655736586800284,0.9943425879914178
2760000,5520.000000207073,-42303.03286352032,6500.277966410534,-35802.754897109786,294.29841500189605,26.417221260624483,1.0033202902397147
2765000,5530.00000020911,-42799.521590471384,6484.780996390848,-36314.74059408053,293.59679366544054,26.7152427652427,0.9921277652404566
2770000,5540.000000211147,-42506.90388678649,6498.729177529856,-36008.17470925663,294.2282939832087,26.9081007135888,0.9850169056767102
2775000,5550.000000213185,-42715.40096683148,6708.2237684431675,-36007.177198388315,303.7131077674573,26.40391059026541,1.003826081440692
2780000,5560.000000215222,-42364.16502939968,6492.084759937292,-35872.080269462385,293.9274696836623,26.176329156578905,1.0125535152003933
2785000,5570.000000217259,-42306.4218159421,6586.169290813577,-35720.252525128526,298.1871226486843,26.505929359355328,0.9999624515403585
2790000,5580.000000219296,-42507.34665797523,6550.363969320863,-35956.98268865437,296.56604591652143,26.701354167018412,0.9926438163677662
2795000,5590.000000221334,-42540.35520662897,6704.180689508152,-35836.17451712082,303.53005840734517,26.509487965455584,0.9998282176206119
2800000,5600.000000223371,-42610.3744764335,6647.493291012162,-35962.881185421335,300.9635510034836,26.46606012190171,1.0014688238617973
2805000,5610.000000225408,-42562.61757314211,6661.766831918407,-35900.8507412237,301.60978190112814,26.674556263815226,0.9936410503102237
2810000,5620.0000002274455,-42530.21047473204,6547.760755804638,-35982.449718927404,296.44818609334226,26.429798545804434,1.0028428350144958
2815000,5630.000000229483,-42459.12589771964,6715.653209713029,-35743.472688006615,304.04947381232006,26.756796835767684,0.9905869624537984
2820000,5640.00000023152,-42562.10981852806,6586.671204223943,-35975.43861430411,298.2098466493966,26.488470721905763,1.0006215300537202
2825000,5650.000000233557,-42971.572893506906,6542.10814387996,-36429.464749626946,296.1922655406136,26.60416276462345,0.9962701828670631
2830000,5660.000000235595,-42456.87962256366,6728.795126832333,-35728.08449573133,304.64447073372605,26.621939241452722,0.9956049355437633
2835000,5670.000000237632,-42449.19968766277,6335.214062214029,-36113.98562544874,286.82518914446695,26.52703065721754,0.9991670174107853
2840000,5680.000000239669,-42169.58900284825,6543.8827772476125,-35625.70622560064,296.2726116104292,26.416740093324055,1.0033385652014932
2845000,5690.000000241706,-42699.38416369149,6391.51384111438,-36307.87032257711,289.37414717071573,26.95051265916278,0.9834667873572056
2850000,5700.000000243744,-41918.295653071895,6384.366150939464,-35533.92950213243,289.0505373342946,26.723385714562266,0.9918254515217843
2855000,5710.000000245781,-42474.246151786996,6524.394204651454,-35949.85194713554,295.3902714927701,26.750419722147903,0.9908231114815692
2860000,5720.000000247818,-42328.96440811647,6743.811866197693,-35585.15254191878,305.32434975067866,26.60322939825683,0.9963051367092015
2865000,5730.0000002498555,-42244.41230899183,6314.641439061219,-35929.77086993061,285.89376891634913,26.713790741460254,0.9921816921849437
2870000,5740.000000251893,-42467.340323393175,6466.987188263227,-36000.353135129946,292.7911835737081,26.56193400026293,0.9978540757715215
2875000,5750.00000025393,-42124.92192306742,6288.943007675623,-35835.978915391795,284.7302790373168,26.68246281090183,0.9933466146051263
2880000,5760.000000255967,-42562.58593277901,6600.196631207749,-35962.38930157126,298.82220688139387,26.99120288328731,0.9819841752568986
2885000,5770.000000258005,-42534.07621575252,6402.857416775436,-36131.21879897708,289.88772464459515,26.378539641955964,1.0047915639870948
2890000,5780.000000260042,-42459.74300709716,6582.166966374175,-35877.57604072298,298.0059184378911,26.61573975159333,0.9958368375220463
2895000,5790.000000262079,-42460.99597626744,6556.174055238191,-35904.82192102925,296.829096063812,26.395856224754972,1.0041323864190188
2900000,5800.000000264116,-42370.248395850474,6414.9897592565285,-35955.25863659395,290.4370133336168,26.562212642636204,0.9978436081033496
2905000,5810.000000266154,-42214.90850340511,6533.675790488313,-35681.2327129168,295.8104929070861,27.06313259183434,0.9793742100104756
2910000,5820.000000268191,-42000.145383194555,6516.192926081145,-35483.95245711341,295.0189607124153,26.98951643007809,0.9820455350210892
2915000,5830.000000270228,-42227.65353184886,6443.242544075815,-35784.410987773044,291.71615090814373,26.85375182826071,0.9870104658762393
2920000,5840.000000272265,-42446.23866739473,6729.00014039378,-35717.238527000954,304.6537526700524,26.786176680056307,0.9895004583565973
2925000,5850.000000274303,-42301.684142537706,6546.106419920325,-35755.57772261738,296.3732864611804,26.361247061490815,1.0054506920977804
2930000,5860.00000027634,-42378.80475992715,6530.613457741903,-35848.19130218525,295.6718465787085,26.224606184377105,1.0106894996320828
2935000,5870.000000278377,-42477.07369489642,6433.566657394879,-36043.50703750154,291.27807762440847,26.815663549387594,0.9884123901585059
2940000,5880.0000002804145,-42247.85216417466,6383.60528986351,-35864.24687431115,289.0160895445467,26.545912090963427,0.9984563352622244
2945000,5890.000000282452,-42378.52629306214,6586.699111854114,-35791.82718120803,298.211110160183,26.398628747183544,1.0040269271700073
2950000,5900.000000284489,-41965.732544112136,6504.936122585657,-35460.79642152648,294.50931182604023,26.80240322262482,0.9889014012057994
2955000,5910.000000286526,-42443.42885173333,6319.698746200811,-36123.73010553252,286.12273719786737,26.85366212898832,0.9870137627867391
2960000,5920.000000288564,-42874.553710208274,6602.614962693611,-36271.938747514665,298.9316962181447,27.066594257452206,0.979248953541281
2965000,5930.000000290601,-42569.89452581352,6516.716311201083,-36053.17821461244,295.04265683926246,27.064162718513742,0.9793369326886778
2970000,5940.000000292638,-42223.128529242764,6465.331201253895,-35757.79732798887,292.71620918728513,26.69179926197026,0.9929991546242452
2975000,5950.000000294675,-42479.830929906515,6415.008980519115,-36064.8219493874,290.43788357134235,26.411821146206744,1.0035254273385514
2980000,5960.000000296713,-42316.12291977077,6421.92907084269,-35894.19384892808,290.75118888296475,26.742990189548426,0.9910983743655957
2985000,5970.00000029875,-42277.20522589685,6522.053800670701,-35755.15142522615,295.28431030379346,26.933400396569436,0.9840916376051985
2990000,5980.000000300787,-42393.83769516589,6472.182657250125,-35921.65503791576,293.02640709736914,26.545967611810035,0.9984542469924788
2995000,5990.000000302824,-42655.70659977809,6474.730665483987,-36180.9759342941,293.1417675155716,26.965060981353666,0.9829361825239213
3000000,6000.000000304862,-42182.143386601994,6512.392428348193,-35669.750958253804,294.84689415390733,26.36800042533313,1.0051931763878397
3005000,6010.000000306899,-42293.467290327535,6367.921571962075,-35925.54571836546,288.30601324572064,26.886495109344768,0.9858084512222035
3010000,6020.000000308936,-42471.07018386939,6500.555345565779,-35970.514838303614,294.3109732718909,26.0558492298284,1.0172354724939845
3015000,6030.0000003109735,-42861.099179470795,6473.338066218395,-36387.7611132524,293.07871794158194,26.333404008555192,1.0065137835551226
3020000,6040.000000313011,-42330.65337536397,6657.780966244527,-35672.87240911944,301.42932285671577,26.49415849117099,1.0004067164982469
3025000,6050.000000315048,-42029.48823638627,6702.501100153173,-35326.987136233096,303.4540154307865,26.696722130058333,0.992816045858084
3030000,6060.000000317085,-42581.50561966351,6460.2228817348005,-36121.28273792871,292.4849313333901,26.510651789610222,0.999784324915167
3035000,6070.000000319123,-42200.84657217935,6543.765818138799,-35657.08075404055,296.2673163168245,26.712226600376813,0.9922397896311134
3040000,6080.00000032116,-42680.33223349805,6399.5239159768535,-36280.808317521194,289.7368012523187,26.67214529633052,0.9937308682171504
3045000,6090.000000323197,-42480.62328751868,6603.675657337531,-35876.94763018115,298.9797188956548,26.296521701565894,1.0079254740735621
3050000,6100.000000325234,-42177.79135452432,6453.326607484842,-35724.46474703948,292.1727042883823,26.483765464411118,1.0007993062071874
3055000,6110.000000327272,-42323.04537816078,6550.59046163686,-35772.45491652392,296.57630029794205,26.66230142986404,0.9940977590497397
3060000,6120.000000329309,-42317.16776392568,6559.1779920620265,-35757.98977186366,296.9650985317971,27.09416732555731,0.9782523959514717
3065000,6130.000000331346,-42501.90291722218,6758.254387415433,-35743.64852980674,305.978231188515,26.44261374409785,1.0023568153678672
3070000,6140.0000003333835,-42502.85986513324,6603.948983114138,-35898.9108820191,298.99209364997296,26.423928318140252,1.0030656223185654
3075000,6150.000000335421,-42062.546071135206,6314.729875836951,-35747.816195298255,285.8977728686509,26.93755477166749,0.98393986860359
3080000,6160.000000337458,-42739.93167447852,6575.297251220604,-36164.634423257914,297.6948938491493,26.297300826665225,1.0078956116918567
3085000,6170.000000339495,-42552.24240400974,6273.521288505822,-36278.72111550392,284.03206466375775,26.55500013812935,0.9981146286826432
3090000,6180.0000003415325,-42470.65820253611,6418.0491025045485,-36052.609100031565,290.5755243132228,26.600989582152344,0.9963890260804329
3095000,6190.00000034357,-42714.30571518978,6411.6506770851665,-36302.65503810461,290.2858372461216,26.497251148028482,1.0002899528885134
3100000,6200.000000345607,-42261.34838479274,6472.819710737756,-35788.528674054985,293.05524953036206,26.41863373448163,1.0032666476594605
3105000,6210.000000347644,-42617.72194281948,6769.416109260863,-35848.30583355862,306.48357527761027,26.581164122144955,0.9971321790400846
3110000,6220.000000349682,-42469.90551863273,6648.023750818243,-35821.88176781449,300.9875674349283,27.008360712672747,0.9813603418773945
3115000,6230.000000351719,-42422.60681934317,6458.0663189360685,-35964.5405004071,292.3872935067005,26.71230796975568,0.9922367671316923
3120000,6240.000000353756,-42356.46229773905,6761.158442340666,-35595.303855398386,306.1097115292005,26.506699061226364,0.9999334146177247
3125000,6250.000000355793,-42427.20127553056,6613.218922513382,-35813.98235301718,299.41178777481787,26.58023863430618,0.9971668978294096
3130000,6260.000000357831,-42528.93861857377,6694.254200258332,-35834.68441831543,303.08063915668373,26.407259850413716,1.0036987651379234
3135000,6270.000000359868,-42244.99191248999,6327.229722031772,-35917.76219045822,286.46370019389957,26.4933488991533,1.0004372872386693
3140000,6280.000000361905,-42282.14326004754,6480.412079083137,-35801.7311809644,293.39899205671276,26.587953816508247,0.9968775440733546
3145000,6290.0000003639425,-42623.520100009046,6534.114026238149,-36089.40607377089,295.83033391807675,26.858577098432416,0.9868331447864922
3150000,6300.00000036598,-42451.59082432196,6455.844653793272,-35995.746170528684,292.28670818810815,26.830371539164755,0.9878705579550701
3155000,6310.000000368017,-42517.46624212962,6683.0992892164395,-35834.36695291319,302.57560342496885,27.07180131266864,0.979060602448096
3160000,6320.000000370054,-42462.67234273016,6440.69737634496,-36021.974966385205,291.6009190929852,26.40971119524479,1.0036056019919246
3165000,6330.000000372092,-42706.32749226701,6363.618250402802,-36342.709241864206,288.1111814676518,26.32871262420003,1.0066931293167185
3170000,6340.000000374129,-42593.423250982305,6610.647027642921,-35982.77622333939,299.2953458952799,26.64665827919763,0.9946813527168714
3175000,6350.000000376166,-42404.64271693549,6452.16455528521,-35952.47816165027,292.12009267357627,26.54044473100956,0.9986620183334173
3180000,6360.000000378203,-42495.6542168266,6730.22738300838,-35765.42683381822,304.70931576414864,26.64832316757217,0.9946192087159113
3185000,6370.000000380241,-42167.17354478652,6407.74492940967,-35759.42861537685,290.1090055235036,26.769167783176904,0.9901291783599472
3190000,6380.000000382278,-42669.465667053766,6643.879292476657,-36025.586374577106,300.79992814822816,26.345214103041567,1.0060625811910373
3195000,6390.000000384315,-42705.87113968562,6630.660927061259,-36075.21021262436,300.20147004985614,26.788757761284145,0.9894051205630066
3200000,6400.000000386352,-42544.736859374796,6773.203922026098,-35771.5329373487,306.65506752746376,26.824191250694245,0.9880981631403531
3205000,6410.00000038839,-42657.2308888234,6376.230486381164,-36281.00040244223,288.6821972114772,26.44938611118144,1.002100161838221
3210000,6420.000000390427,-42080.25346288353,6460.324031057598,-35619.92943182593,292.4895108429944,26.502218692121264,1.0001024597391939
3215000,6430.000000392464,-42524.213927878474,6557.654240678403,-35966.559687200075,296.8961110793567,26.791684170174538,0.989297049568939
3220000,6440.0000003945015,-42377.306425233604,6428.020116007388,-35949.28630922621,291.0269593880014,26.651797725395458,0.994489541592198
3225000,6450.000000396539,-42580.70599733648,6536.222781532741,-36044.48321580374,295.92580727229824,26.5052519218718,0.9999880091939432
3230000,6460.000000398576,-42556.263257062004,6264.437579570915,-36291.82567749109,283.6208020753429,26.995072441231613,0.9818434145801189
3235000,6470.000000400613,-42142.738962524105,6480.323972173765,-35662.41499035034,293.3950030390257,26.828062744857885,0.9879555730358017
3240000,6480.000000402651,-42423.35299872846,6530.833822797884,-35892.519175930574,295.681823550006,26.657849865546606,0.9942637623146149
3245000,6490.000000404688,-42466.70360696112,6397.593307584292,-36069.11029937683,289.64939345332056,26.777944600260938,0.9898046507377657
3250000,6500.000000406725,-42607.546290126396,6467.754943625125,-36139.79134650127,292.8259435004809,26.393880336634023,1.0042075573764102
3255000,6510.000000408762,-42322.107862472534,6433.482738359506,-35888.62512411303,291.2742782116408,26.758665873734373,0.9905177719847792
3260000,6520.0000004108,-42348.14777400764,6689.426408081174,-35658.72136592647,302.86206210612704,26.538562143654712,0.9987328612252553
3265000,6530.000000412837,-42464.968593565456,6349.866557052189,-36115.102036513264,287.48857708402534,26.75236792911795,0.9907509560560388
3270000,6540.000000414874,-41937.537354450265,6386.810367328682,-35550.72698712158,289.161198603395,26.44382682266206,1.002310833461596
3275000,6550.0000004169115,-42839.007866799075,6628.150199465801,-36210.85766733327,300.08779750298,26.38612613156,1.0045026681970723
3280000,6560.000000418949,-42255.24432288634,6583.707078203558,-35671.53724468278,298.07564660531034,26.718426357787354,0.9920095497993799
3285000,6570.000000420986,-42320.73447824526,6550.0502345670175,-35770.68424367824,296.5518416561398,26.619293139707587,0.9957039040604544
3290000,6580.000000423023,-42273.961395560356,6475.094347490866,-35798.86704806949,293.1582331250028,26.601723496523068,0.9963615367252726
3295000,6590.0000004250605,-42164.1466086717,6695.387989835721,-35468.75861883598,303.13197118852844,26.66363224089178,0.994048142544065
3300000,6600.000000427098,-42065.22268157074,6626.54306129241,-35438.67962027833,300.015034735055,26.821734669772326,0.988188662249618
3305000,6610.000000429135,-42194.85468796757,6660.374645404697,-35534.48004256287,301.5467510143739,26.768352559902976,0.9901593324887301
3310000,6620.000000431172,-42444.1793470477,6376.308684115136,-36067.87066293256,288.68573759379376,26.655964331114927,0.9943340924866816
3315000,6630.00000043321,-42439.78487023519,6496.161093787257,-35943.62377644793,294.1120246515056,26.37815584927826,1.0048061833428634
3320000,6640.000000435247,-42307.29773871892,6517.764524369655,-35789.53321434926,295.0901144211826,26.341040615947275,1.0062219822283718
3325000,6650.000000437284,-42635.44738133706,6515.950982589942,-36119.49639874711,295.00800678300664,26.37324647123496,1.0049932279457967
3330000,6660.000000439321,-42389.13886055094,6428.104763020189,-35961.034097530755,291.03079175976006,26.676114684753486,0.9935830017137088
3335000,6670.000000441359,-42634.60801912501,6532.357432185266,-36102.25058693974,295.7508045736031,26.641720752292752,0.9948656976391265
3340000,6680.000000443396,-42550.15885524225,6500.436721686064,-36049.722133556184,294.3056026062114,26.442564865993717,1.0023586681874044
3345000,6690.000000445433,-42461.6489840814,6446.739124704772,-36014.90985937663,291.87445769784506,26.6038549929582,0.9962817084047457
3350000,6700.0000004474705,-42547.162230145535,6398.074062131795,-36149.08816801374,289.67115949195244,26.382139969943434,1.0046544417068888
3355000,6710.000000449508,-42142.948269591434,6465.781431070069,-35677.16683852136,292.73659322654794,26.881025156993772,0.9860090509100466
3360000,6720.000000451545,-42506.139522962796,6437.762877883864,-36068.37664507893,291.46806042903444,26.649788228776668,0.9945645299318462
3365000,6730.000000453582,-42266.442005118995,6325.43249401178,-35941.009511107215,286.38233115700393,26.944511095961026,0.9836858426616469
3370000,6740.00000045562,-42457.98556638352,6577.43945248927,-35880.54611389425,297.79188146125466,27.191671743002182,0.9747445597697612
3375000,6750.000000457657,-42550.36819023214,6505.141168141641,-36045.2270220905,294.51859521091103,27.340897646402475,0.9694244294873781
3380000,6760.000000459694,-42564.08046108001,6511.425625614802,-36052.65483546521,294.8031224085255,26.39438433435335,1.0041883821491258
3385000,6770.000000461731,-42279.324049857154,6457.220862828817,-35822.10318702833,292.3490156986431,26.774834260689616,0.9899196329088257
3390000,6780.000000463769,-42717.50896288472,6502.315535794458,-36215.193427090264,294.39066543229984,26.197324104686874,1.0117420388670386
3395000,6790.000000465806,-42271.9185199347,6390.829409139924,-35881.089110794775,289.3431596889034,26.756803527041892,0.9905867147302994
3400000,6800.000000467843,-42552.89465463342,6514.07542061996,-36038.819234013456,294.9230911966493,26.763959077899884,0.9903218737329018
3405000,6810.00000046988,-42386.97904618789,6355.129924113063,-36031.849122074826,287.7268746755426,26.694832036961394,0.992886340915652
3410000,6820.000000471918,-42353.8978578535,6506.535608479705,-35847.3622493738,294.58172813898386,26.543506207061505,0.9985468346109178
3415000,6830.000000473955,-42243.83570413513,6667.172668028263,-35576.66303610687,301.8545297422376,26.57558380313726,0.997341556026611
3420000,6840.000000475992,-42265.540905400354,6450.557136739877,-35814.98376866047,292.04731721188364,26.645522317118512,0.9947237583520111
3425000,6850.0000004780295,-42416.04607928143,6604.50314068737,-35811.54293859406,299.0171829917375,26.189503528518216,1.0120441601221963
3430000,6860.000000480067,-42255.94238458329,6353.842730784436,-35902.099653798854,287.66859732827015,26.513913836642736,0.999661319933317
3435000,6870.000000482104,-42562.84042250813,6613.71474973227,-35949.12567277586,299.4342362247746,26.143681619419297,1.013817965211483
3440000,6880.000000484141,-42274.455788846244,6417.778979411623,-35856.67680943462,290.5632945595855,26.942086580344984,0.9837743644500282
3445000,6890.000000486179,-42392.50070677785,6221.184815125374,-36171.31589165248,281.66254427674573,26.82856442615435,0.98793709874009
3450000,6900.000000488216,-42313.83564200724,6286.346250847543,-36027.489391159696,284.6127115390346,27.05126690282534,0.9798037998644803
3455000,6910.000000490253,-42571.27480310347,6394.35094070437,-36176.923862399104,289.5025961257991,26.41350001446489,1.0034616422670812
3460000,6920.00000049229,-42475.87928025966,6306.351690876918,-36169.52758938274,285.51845269694877,26.77156610840515,0.9900404778417157
3465000,6930.000000494328,-42408.66815759824,6528.65647805023,-35880.011679548006,295.58324482591786,26.705723777069405,0.9924813992607348
3470000,6940.000000496365,-42476.765884757624,6484.350122174483,-35992.41576258314,293.5772859459866,26.485769336312796,1.000723587296271
3475000,6950.000000498402,-42791.7357578674,6540.592179881834,-36251.14357798557,296.12363066005105,26.46406960337955,1.0015441502297042
3480000,6960.0000005004395,-42574.39392928447,6507.191053696394,-36067.20287558808,294.611403252785,26.67863750362371,0.9934890452683875
3485000,6970.000000502477,-42193.55618440395,6631.053493089189,-35562.50269131476,300.2192433759201,26.65840730217356,0.994242971911359
3490000,6980.000000504514,-42640.92776228167,6680.672099420014,-35960.25566286166,302.46571303048296,26.19238572370788,1.0119327953599024
3495000,6990.000000506551,-42372.92665202991,6550.388376945286,-35822.538275084626,296.56715096544684,26.855024390761425,0.9869636950191956
3500000,7000.0000005085885,-42345.88730474387,6460.703907097333,-35885.183397646535,292.5067096331029,26.48198247041156,1.0008666885929178
3505000,7010.000000510626,-42436.109507545305,6848.323967266413,-35587.78554027889,310.05610827731084,26.614195752349467,0.9958946101234976
3510000,7020.000000512663,-42528.022941948555,6366.159284128105,-36161.863657820446,288.226226116771,26.520265420075347,0.9994219018061854
3515000,7030.0000005147,-42363.60418182681,6503.033820576351,-35860.57036125046,294.423185591272,26.626457027123145,0.9954360084609515
3520000,7040.000000516738,-42308.14330338244,6388.775957407675,-35919.367345974766,289.25019018925957,26.617847907152782,0.9957579664212477
3525000,7050.000000518775,-42404.979886633984,6508.90230265573,-35896.07758397826,294.6888796097975,26.8764161804092,0.9861781394000191
3530000,7060.000000520812,-42709.7043461955,6536.456870396005,-36173.2474757995,295.93640558544485,26.39525483342878,1.004155264641311
3535000,7070.000000522849,-42243.885052382015,6458.505790986236,-35785.37926139578,292.407190490871,26.450464987094197,1.0020592876332761
3540000,7080.000000524887,-42813.41590012051,6374.819511320231,-36438.59638880028,288.6183156780742,26.521825514585444,0.9993631127676472
3545000,7090.000000526924,-41832.42692054383,6507.400083634106,-35325.026836909725,294.6208670295149,26.70379550913872,0.9925530658540975
3550000,7100.000000528961,-42344.56704370241,6698.887699385785,-35645.679344316624,303.29041963932895,26.686674522618414,0.9931898438702857
3555000,7110.0000005309985,-42657.83889799134,6555.425701763123,-36102.41319622822,296.795214552481,26.684745501322197,0.9932616408585658
3560000,7120.000000533036,-42063.39701137558,6753.917034747632,-35309.47997662795,305.7818586607501,27.02045895875941,0.9809209437556289
3565000,7130.000000535073,-42392.74062398955,6393.490079906072,-35999.25054408348,289.4636208743121,27.00191260014246,0.9815946927550858
3570000,7140.00000053711,-42460.65477948758,6495.219052246125,-35965.435727241456,294.0693739627422,26.752342210212298,0.9907519085345231
3575000,7150.000000539148,-42323.16337826551,6344.416154234477,-35978.74722403103,287.2418114966669,27.156260754978877,0.976015598821979
3580000,7160.000000541185,-42396.916913645866,6596.036857012724,-35800.88005663314,298.6338741733639,26.763764902353877,0.9903290586820767
3585000,7170.000000543222,-42457.801093238406,6449.451903556939,-36008.34918968147,291.9972780634615,26.451814953746005,1.0020081476028544
3590000,7180.000000545259,-42743.817625316035,6577.01505062322,-36166.80257469282,297.77266677579854,26.810599227506295,0.98859909387418
3595000,7190.000000547297,-42551.781171828625,6577.543334317397,-35974.23783751123,297.79658468433587,26.690567549178933,0.9930449794182766
3600000,7200.000000549334,-42573.435082727636,6574.653506535686,-35998.78157619195,297.66574847391826,26.796987496745462,0.9891012601978333
3605000,7210.000000551371,-42226.909807800956,6515.564595855445,-35711.34521194551,294.9905132228654,27.093854807010523,0.9782636797654345
3610000,7220.000000553408,-42579.94577229908,6586.140100751114,-35993.80567154796,298.1858010761052,26.831699941987704,0.9878216497591399
3615000,7230.000000555446,-42475.28125344816,6586.035459962493,-35889.24579348567,298.1810634912827,26.290256306939334,1.0081656790672107
3620000,7240.000000557483,-41932.06418226386,6631.1639037506775,-35300.90027851318,300.2242421902544,26.81530797686017,0.9884254965636984
3625000,7250.00000055952,-42129.226740959624,6528.63364135799,-35600.59309960163,295.58221090054343,26.561638881164207,0.9978651626550085
3630000,7260.0000005615575,-42440.06161513337,6435.796281398936,-36004.26533373443,291.37902327839976,26.265746953986092,1.0091064285729032
3635000,7270.000000563595,-42266.40065461572,6766.919993487571,-35499.480661128146,306.37056427722894,26.836470928355624,0.9876460348790197
3640000,7280.000000565632,-42314.78463035013,6541.73507234777,-35773.049558002356,296.17537482283615,26.719175184695523,0.9919817479140703
3645000,7290.000000567669,-42773.26561854599,6657.794470968445,-36115.47114757755,301.42993427962176,26.52024794871028,0.9994225602187665
3650000,7300.000000569707,-42095.034300787374,6483.185263624226,-35611.84903716315,293.5245472743769,27.070827120608076,0.9790958356924099
3655000,7310.000000571744,-41886.672620656725,6534.671866468339,-35352.00075418838,295.85558999118894,26.33772509442671,1.0063486503678782
3660000,7320.000000573781,-42624.046441181854,6603.966522835268,-36020.079918346586,298.9928877563412,26.332169282427298,1.0065609793958188
3665000,7330.000000575818,-42589.07306983706,6631.417106584713,-35957.65596325235,300.23570588351726,26.73660941986863,0.9913349028781507
3670000,7340.000000577856,-42460.832179885125,6493.189965288011,-35967.642214597116,293.9775075719878,26.315218524439583,1.00720934838222
3675000,7350.000000579893,-42826.755314371025,6620.652302620696,-36206.103011750325,299.7483321495344,26.656375723849383,0.9943187467463038
3680000,7360.00000058193,-42394.338768862886,6718.413873283138,-35675.92489557975,304.1744621462397,26.85521461365317,0.9869567040831402
3685000,7370.000000583967,-42378.32655959262,6284.865461913068,-36093.46109767955,284.5456692004423,26.90011044424059,0.9853094899917528
3690000,7380.000000586005,-42552.40066343383,6617.0888648770715,-35935.31179855676,299.5869984211422,26.700660400162874,0.992669608365748
3695000,7390.000000588042,-42474.25480433408,6493.460716910498,-35980.79408742358,293.98976578213967,26.779868511697707,0.9897335414831818
3700000,7400.000000590079,-42463.61335751298,6402.679567230053,-36060.93379028293,289.87967255211765,26.72375180239829,0.9918118645360965
3705000,7410.0000005921165,-42307.66530145309,6418.448542619733,-35889.216758833354,290.5936088618212,26.464382513319475,1.001532308157828
3710000,7420.000000594154,-42255.95830586413,6525.27249078834,-35730.68581507579,295.4300356719852,26.709781767656384,0.9923306125485486
3715000,7430.000000596191,-42296.68612939207,6400.100268015873,-35896.585861376196,289.76289544281997,26.79022960114327,0.989350763212773
3720000,7440.000000598228,-42367.14447625249,6419.197445776785,-35947.947030475705,290.62751525986283,26.65253298141569,0.9944621068855973
3725000,7450.000000600266,-42384.106736154994,6613.662746874602,-35770.44398928039,299.43188180875325,26.37814323619053,1.0048066638053594
3730000,7460.000000602303,-41994.19509141252,6472.014980653286,-35522.18011075923,293.0188155825236,26.43654614197589,1.002586871983706
3735000,7470.00000060434,-42760.69594601146,6330.138315738384,-36430.55763027308,286.59538602674604,26.606297514913848,0.9961902473532622
3740000,7480.000000606377,-42555.77637014317,6298.424052816696,-36257.35231732647,285.15953092038967,26.679291437161325,0.9934646939542798
3745000,7490.000000608415,-42338.84814072173,6576.739213302621,-35762.10892741911,297.76017831197123,26.417841879367035,1.0032967198292417
3750000,7500.000000610452,-42780.77365062147,6520.866784838886,-36259.906865782585,295.2305684669535,26.37927429674214,1.0047635808468733
3755000,7510.000000612489,-42462.82877186354,6499.097603111457,-35963.731168752085,294.2449743567668,26.167686052308685,1.0128879584367407
3760000,7520.0000006145265,-42659.41138645512,6474.417216254481,-36184.99417020064,293.1275761822311,26.610386603451598,0.9960371676486127
3765000,7530.000000616564,-42754.78435498936,6462.975578568852,-36291.808776420505,292.60955897538145,26.9772765491487,0.9824910996574601
3770000,7540.000000618601,-42248.77354412852,6634.1112522478015,-35614.66229188072,300.3576826362852,27.045330909323212,0.9800188502555757
3775000,7550.000000620638,-42558.52636916906,6450.804338174884,-36107.72203099418,292.0585091933473,26.73094848987668,0.9915448422106774
3780000,7560.0000006226755,-42422.249327452446,6366.959467552659,-36055.289859899785,288.2624542157498,26.74923477685564,0.9908670032486125
3785000,7570.000000624713,-42243.896369259455,6457.703717430573,-35786.19265182888,292.3708768166918,26.8825706536651,0.985952364601073
3790000,7580.00000062675,-42478.363600456214,6501.841132683228,-35976.522467772986,294.3691869533135,26.63117852384238,0.9952595255522455
3795000,7590.000000628787,-42116.786286420655,6620.5971987922885,-35496.189087628365,299.7458373378595,26.655326139670912,0.9943578991925909
3800000,7600.000000630825,-42839.57830636157,6435.898871373005,-36403.67943498856,291.38366801312026,26.969845154886237,0.9827618197405374
3805000,7610.000000632862,-42329.9505697047,6533.099890716929,-35796.85067898777,295.7844191928858,27.13788249542952,0.9766765740473817
3810000,7620.000000634899,-42273.8416139661,6679.342087527956,-35594.49952643814,302.4054970837513,26.831421912289258,0.9878318856592835
3815000,7630.000000636936,-42597.05617806956,6564.318483671737,-36032.737694397816,297.1978329688298,26.239129603514403,1.0101300806481976
3820000,7640.000000638974,-42416.67286868702,6458.857883073239,-35957.81498561378,292.42313136965726,26.575238358043098,0.9973545202282145
3825000,7650.000000641011,-42009.58033911942,6615.107316186928,-35394.47302293249,299.49728431325764,26.53658399858046,0.9988073108413037
3830000,7660.000000643048,-42419.29641618818,6584.760082455085,-35834.5363337331,298.12332110228044,26.710399438817998,0.9923076651567073
3835000,7670.0000006450855,-42431.97298962978,6546.688035097053,-35885.284954532726,296.39961893888926,26.6678711751011,0.9938901357556911
3840000,7680.000000647123,-42575.17109292565,6495.57861901982,-36079.59247390583,294.08565325604815,26.856379854893447,0.9869138821294675
3845000,7690.00000064916,-42661.297269835835,6596.090631431954,-36065.206638403884,298.6363087963798,26.273858741610507,1.0087948771894724
3850000,7700.000000651197,-42402.592135431245,6613.752055183111,-35788.840080248134,299.4359252194776,26.709576702257824,0.9923382312642938
3855000,7710.000000653235,-42557.394231216924,6410.757870653064,-36146.63636056386,290.2454156642709,26.526251748875,0.999196356630394
3860000,7720.000000655272,-42095.87603764917,6573.118475643941,-35522.75756200523,297.59625034464534,26.859651004672354,0.9867936890887326
3865000,7730.000000657309,-42362.88026119518,6530.9111385923925,-35831.96912260279,295.6853240027399,26.74572375222141,0.9909970785641987
3870000,7740.000000659346,-42637.50264808867,6504.806415558159,-36132.696232530514,294.5034393736921,26.759501119279513,0.990486854907785
3875000,7750.000000661384,-42159.056298323674,6630.311422365281,-35528.74487595839,300.1856463145338,26.717629501316946,0.9920391366019226
3880000,7760.000000663421,-42308.30359036912,6420.322948604613,-35887.98064176451,290.6784721112501,26.788673138427825,0.9894082459991537
3885000,7770.000000665458,-42035.21534465434,6464.629911946327,-35570.58543270801,292.6844584940469,26.697492514257654,0.9927873971078632
3890000,7780.000000667495,-42255.78354532836,6478.630689067733,-35777.152856260625,293.3183400814061,26.517152897101198,0.9995392116713249
3895000,7790.000000669533,-42213.45722362306,6812.256457593952,-35401.200766029106,308.4231610426663,26.498935777670976,1.0002263609722244
3900000,7800.00000067157,-42216.57778537163,6498.007740873193,-35718.57004449843,294.195631123916,26.627667367318963,0.9953907616807216
3905000,7810.000000673607,-42350.78952454915,6433.570169994893,-35917.21935455426,291.27823665647173,26.81133573854843,0.9885719369225092
3910000,7820.0000006756445,-42480.92992497765,6544.275873673636,-35936.654051304016,296.29040895013054,26.46849742210037,1.0013766055494229
3915000,7830.000000677682,-42221.0142769267,6447.199224240096,-35773.8150526866,291.8952885861068,26.705377259385177,0.9924942772797483
3920000,7840.000000679719,-42323.40732721699,6614.152209996615,-35709.255117220375,299.45404212585885,26.865127709023945,0.9865925220833236
3925000,7850.000000681756,-42633.63261701912,6554.71601645501,-36078.91660056411,296.763083732475,26.568498743498115,0.9976075185287933
3930000,7860.000000683794,-42471.51406090055,6460.874137107176,-36010.63992379337,292.51441675306626,26.423673343160576,1.0030753013905604
3935000,7870.000000685831,-42167.51155896968,6251.050989903413,-35916.460569066265,283.0147276671739,26.80164715161582,0.9889292979867688
3940000,7880.000000687868,-42374.671658795385,6290.847045066488,-36083.824613728895,284.81648384103926,26.767704633046357,0.9901832998341803
3945000,7890.000000689905,-42444.696153496974,6671.431945451473,-35773.2642080455,302.0473674333613,26.558653379353217,0.9979773343155094
3950000,7900.000000691943,-42134.70957751974,6594.783409226682,-35539.92616829305,298.5771246468627,26.95104768329349,0.9834472638689474
3955000,7910.00000069398,-42469.78774143016,6646.711247112049,-35823.07649431811,300.9281441668138,26.822343841181592,0.9881662191595
3960000,7920.000000696017,-42441.959947367024,6522.405187099118,-35919.55476026791,295.30021923406855,26.843048890438368,0.9874040095340181
3965000,7930.0000006980545,-42592.58432025649,6560.218791985743,-36032.36552827074,297.01222048096093,26.305400697864137,1.0075852638385614
3970000,7940.000000700092,-42496.61880325689,6494.089177229733,-36002.52962602716,294.01821916164096,26.43850012944126,1.0025127739005617
3975000,7950.000000702129,-42287.45909522637,6496.64599637457,-35790.813098851795,294.1339784915742,26.70345502969385,0.9925657212919984
3980000,7960.000000704166,-42625.88323198067,6384.0860338173225,-36241.797198163345,289.037855103552,26.677123672441102,0.9935454222119732
3985000,7970.0000007062035,-42363.052917444205,6411.301207131321,-35951.751710312885,290.2700150837404,26.63054612835907,0.9952831599766259
3990000,7980.000000708241,-42002.19093713409,6800.073754614075,-35202.117182520014,307.87159229499986,26.514580011614992,0.9996362035878281
3995000,7990.000000710278,-42337.3061522576,6718.173807552686,-35619.132344704914,304.1635932319667,26.837573961122402,0.9876054423150261
4000000,8000.000000712315,-42539.71246491041,6632.2424946767005,-35907.46997023371,300.2730751173391,26.64493832863445,0.9947455601371209
4005000,8010.000000714353,-42887.38068483578,6489.217388166346,-36398.16329666943,293.79765016336313,26.938525532344773,0.9839044112014352
4010000,8020.00000071639,-42672.65438695828,6519.2800096767905,-36153.37437728149,295.15872762913364,26.614253791538445,0.9958924383205255
4015000,8030.000000718427,-42289.074601593136,6575.754611374725,-35713.31999021841,297.7156007126309,26.8055785315441,0.988784258893954
4020000,8040.000000720464,-42553.529333962244,6574.331824819492,-35979.19750914275,297.6511844168579,26.907818749091113,0.9850272275760663
4025000,8050.000000722502,-42345.20549602492,6540.475411665587,-35804.73008435933,296.11834400905826,26.638844800657143,0.9949731041596322
4030000,8060.000000724539,-42539.78727993142,6536.058288936352,-36003.72899099507,295.918359912255,27.055002541509932,0.9796685127591669
4035000,8070.000000726576,-42439.94935714209,6560.42517140798,-35879.52418573411,297.0215642562836,26.90518829778346,0.9851235311636932
4040000,8080.0000007286135,-42643.90885475866,6483.740667728006,-36160.16818703065,293.54969305249176,26.63327398144687,0.9951812203411508
4045000,8090.000000730651,-41866.75549318589,6445.047724858949,-35421.707768326945,291.7978800043475,26.731001389660396,0.991542879975633
4050000,8100.000000732688,-42322.061289142934,6736.252856083142,-35585.80843305979,304.98211750965896,26.88438137005588,0.9858859587544018
4055000,8110.000000734725,-42294.00676141592,6412.34211906953,-35881.66464234639,290.3171421043316,27.08176884233988,0.9787002561331394
4060000,8120.000000736763,-41788.60694634204,6477.663837310734,-35310.94310903131,293.27456611649313,26.920183578296875,0.9845747903407637
4065000,8130.0000007388,-42288.971795005724,6365.765632020084,-35923.20616298564,288.2084036187099,26.809185873801184,0.9886512118384769
4070000,8140.000000740837,-42591.00040287111,6267.314536495025,-36323.68586637609,283.7510555609892,27.05611249701624,0.9796283226372411
4075000,8150.000000742874,-42552.386229951575,6632.9006001276975,-35919.485629823874,300.30287067256506,26.80421639059704,0.9888345070902533
4080000,8160.000000744912,-42445.848773120204,6503.1898516154815,-35942.65892150472,294.4302498564841,26.329867598698808,1.0066489701545769
4085000,8170.000000746949,-42440.211030151695,6354.502074514137,-36085.70895563756,287.6984489462464,26.533822862128982,0.9989112477405697
4090000,8180.000000748986,-42543.77907381317,6685.052058394143,-35858.727015419034,302.66401454782124,26.89775074043341,0.9853959298795048
4095000,8190.000000751023,-42486.080834863824,6720.006351827589,-35766.07448303624,304.24656120323056,26.47026754049146,1.0013096415437444
4100000,8200.00000075306,-42858.91862501565,6410.460487530236,-36448.45813748542,290.2319517197829,26.42562450047614,1.0030012385160074
4105000,8210.000000755097,-42694.0868969055,6539.538032428959,-36154.54886447654,296.0759044049335,26.47821723962704,1.0010090129055025
4110000,8220.000000757134,-42296.11378806445,6612.7546605440475,-35683.35912752041,299.3907684334256,26.683997019539063,0.9932895016862943
4115000,8230.000000759172,-42228.71089948702,6636.974699900483,-35591.736199586536,300.487324493138,26.743915540846483,0.9910640819237945
4120000,8240.000000761209,-42381.864241794916,6668.922537228749,-35712.94170456617,301.9337546207467,26.68175676615014,0.9933729002492838
4125000,8250.000000763246,-42399.64371040091,6620.211019771467,-35779.432690629445,299.7283531819015,26.525592934932003,0.9992211735871028
4130000,8260.000000765283,-42648.01234685257,6495.5772319167045,-36152.43511493587,294.085590455311,26.5869100125743,0.9969166815549829
4135000,8270.00000076732,-42567.44003141363,6499.327397561164,-36068.11263385246,294.2553782414429,26.94619514033701,0.9836243656849366
4140000,8280.000000769358,-42710.61884981359,6470.256267276513,-36240.36258253708,292.93919028620525,26.298748953869033,1.0078401124338332
4145000,8290.000000771395,-42709.63533246302,6592.311938433614,-36117.3233940294,298.4652294416297,26.950414510053097,0.983470368986332
4150000,8300.000000773432,-42401.23863645125,6503.589830520924,-35897.64880593032,294.4483587986731,26.368916811431323,1.0051582433999044
4155000,8310.00000077547,-42546.69168572151,6439.533801034246,-36107.157884687265,291.54823851971616,27.12616587785591,0.9770984304189289
4160000,8320.000000777507,-42557.35437742743,6565.228707969196,-35992.12566945823,297.2390431400598,26.260983918691476,1.009289453304581
4165000,8330.000000779544,-42018.538131024165,6205.561363004146,-35812.97676802002,280.95519649563624,26.521436759149992,0.9993777615909973
4170000,8340.000000781582,-42011.910098956025,6498.862848562056,-35513.04725039397,294.2343459048513,26.750914151170683,0.9908047983988838
4175000,8350.000000783619,-42342.07767641585,6651.733767870777,-35690.343908545074,301.15553750387505,26.90177161193031,0.9852486477426711
4180000,8360.000000785656,-42627.278885802254,6296.716834387969,-36330.56205141429,285.08223704461506,26.55064052387663,0.9982785190700385
4185000,8370.000000787693,-42555.416958130954,6457.607461617637,-36097.80949651332,292.3665188594893,26.299898685990513,1.0077960534751118
4190000,8380.00000078973,-42488.72141818819,6507.918289024912,-35980.80312916327,294.64432864545626,27.044575311933286,0.9800462309660061
4195000,8390.000000791768,-42622.82318471972,6365.541370116685,-36257.28181460303,288.19825021864665,26.594396953080416,0.9966360263516507
4200000,8400.000000793805,-42233.21931877808,6422.288288243717,-35810.93103053436,290.76745235851297,26.69535741859178,0.9928668002803123
4205000,8410.000000795842,-42341.55260870105,6386.376050911985,-35955.17655778907,289.14153503920534,26.76529423222004,0.9902724727243946
4210000,8420.00000079788,-42662.65844700055,6626.111480523599,-36036.54696647695,299.9954950266205,26.70729436023214,0.9924230341356876
4215000,8430.000000799917,-42416.308310144464,6416.935773702091,-35999.37253644237,290.52511863770667,26.91432808224617,0.9847889949747732
4220000,8440.000000801954,-42614.024195013975,6639.237789438405,-35974.78640557557,300.58978529057765,26.8701371317873,0.9864085907913454
4225000,8450.000000803991,-42489.86857836135,6549.705610149969,-35940.16296821138,296.5362388741923,26.722641610396497,0.9918530693546672
4230000,8460.000000806029,-42323.022047371545,6492.332094457659,-35830.68995291389,293.9386676905315,26.315463697999107,1.0071999645042096
4235000,8470.000000808066,-42482.346235529636,6478.817758901521,-36003.52847662811,293.3268096200725,26.598049603756955,0.9964991605547164
4240000,8480.000000810103,-42492.80321071233,6561.64004200653,-35931.163168705796,297.0765672105316,26.668352036001576,0.9938722147793592
4245000,8490.00000081214,-42447.39335982571,6507.432560022326,-35939.96079980339,294.62233738964835,27.021543128095054,0.9808815868468517
4250000,8500.000000814178,-42488.8115049816,6692.997746030696,-35795.8137589509,303.0237535143117,26.738483700966867,0.9912654135125133
4255000,8510.000000816215,-42499.21896551247,6585.173789559861,-35914.045175952604,298.14205158516745,26.6852638925709,0.9932423456346413
4260000,8520.000000818252,-42436.192675823404,6601.999753124501,-35834.1929226989,298.9038427629511,26.84777853964867,0.9872300631277243
4265000,8530.00000082029,-42597.51736903988,6342.926848191739,-36254.59052084814,287.17438354818603,27.068202936868627,0.9791907561929462
4270000,8540.000000822327,-42199.06737899652,6439.639157692685,-35759.42822130384,291.55300851536083,26.467018618011352,1.0014325559320596
4275000,8550.000000824364,-42629.85431130283,6302.062758622649,-36327.79155268018,285.32427239096734,26.592784477919725,0.9966964581893953
4280000,8560.000000826401,-42430.6974917429,6586.0051629184545,-35844.69232882445,298.1796918003972,26.65657315790226,0.9943113822445409
4285000,8570.000000828439,-42860.948147458956,6265.577746498677,-36595.37040096028,283.67242284008745,26.377870915574363,1.0048170372570568
4290000,8580.000000830476,-42331.86924038263,6457.127162375639,-35874.74207800699,292.3447734346972,26.320091545558885,1.007022869075424
4295000,8590.000000832513,-42318.6659433567,6320.369124904646,-35998.29681845205,286.1530884214626,26.415478762281353,1.0033864743115275
4300000,8600.00000083455,-42300.647382359486,6458.864323074057,-35841.78305928543,292.4234229390399,26.476523704254326,1.0010730411061337
4305000,8610.000000836588,-42375.60478233773,6549.1557179899755,-35826.449064347755,296.51134264791636,26.572528043585177,0.9974562472589065
4310000,8620.000000838625,-42154.39308323624,6415.401286859354,-35738.99179637688,290.45564514011284,26.728306837161327,0.9916428400801561
4315000,8630.000000840662,-42060.657632291026,6446.44796871573,-35614.2096635753,291.8612756852394,26.593280625399462,0.9966778629493888
4320000,8640.0000008427,-42135.52417803666,6512.085890635921,-35623.43828740074,294.833015737734,26.915003788573905,0.9847642716583426
4325000,8650.000000844737,-42216.84169880464,6418.658627444676,-35798.18307135996,290.60312039829955,26.47993282916983,1.0009441592442088
4330000,8660.000000846774,-42700.30128887674,6821.105597110041,-35879.1956917667,308.8238035609052,26.646855434635945,0.994673993242934
4335000,8670.000000848811,-42430.557197480404,6536.774447543477,-35893.78274993693,295.9507838092108,26.431609406532075,1.0027741290693528
4340000,8680.000000850849,-42248.36200560827,6599.879973422003,-35648.48203218627,298.8078702814939,26.527991952547126,0.9991308105773005
4345000,8690.000000852886,-42413.634580229584,6410.788653137661,-36002.84592709193,290.246809333353,26.56950280325503,0.9975698190065264
4350000,8700.000000854923,-42299.79274124291,6643.122776813128,-35656.669964429784,300.7656770959114,27.16620653147356,0.97565827130958
4355000,8710.00000085696,-42477.89128013578,6674.218906458391,-35803.672373677386,302.1735463769766,26.730162226036352,0.9915740083582264
4360000,8720.000000858998,-42118.26341201196,6473.624095320557,-35644.639316691406,293.09166783570123,26.79880051623118,0.989034344521626
4365000,8730.000000861035,-42318.82318849553,6621.945412178698,-35696.87777631683,299.80687735257186,26.363095167917425,1.005380207965554
4370000,8740.000000863072,-42192.27827793569,6530.525248003251,-35661.75302993244,295.66785290545215,26.609476784155962,0.9960712237047181
4375000,8750.00000086511,-42140.63241721975,6498.112274388984,-35642.52014283076,294.20036385198864,27.353906495827445,0.9689633949205598
4380000,8760.000000867147,-42544.019973932474,6681.381099190847,-35862.63887474163,302.49781281296475,26.541595738269553,0.9986187101900518
4385000,8770.000000869184,-42396.27252381621,6515.416887990542,-35880.85563582567,294.9838257872282,26.56207258530918,0.9978488695643327
4390000,8780.000000871221,-42367.36684626056,6497.929150862702,-35869.43769539786,294.1920729813809,27.140100779389382,0.9765967458258216
4395000,8790.000000873259,-42234.68893824739,6325.732059810161,-35908.956878437224,286.3958939215669,26.93382979753001,0.9840759484181183
4400000,8800.000000875296,-42073.79585435259,6583.29425246018,-35490.50160189241,298.0569560258342,26.756327895066207,0.990604323825167
4405000,8810.000000877333,-42658.65030911297,6513.495732367001,-36145.15457674597,294.89684595991906,26.419496986186523,1.0032338661252584
4410000,8820.00000087937,-41689.469078461465,6580.967511958606,-35108.50156650286,297.9516134473672,26.809165767920693,0.9886519532902357
4415000,8830.000000881408,-42531.5048887243,6619.065397369945,-35912.43949135436,299.67648542198407,26.651408049250517,0.9945040822442357
4420000,8840.000000883445,-42273.42149330169,6540.966838283624,-35732.45465501807,296.14059322294196,26.650882844143055,0.9945236807928629
4425000,8850.000000885482,-42674.886857589474,6477.2350828314975,-36197.65177475798,293.25515436759304,26.095070957844598,1.0157065349756678
4430000,8860.00000088752,-42326.576746396604,6693.299116501537,-35633.27762989506,303.0373979849567,26.829703006907884,0.9878951733350253
4435000,8870.000000889557,-42056.39026755281,6446.863912626204,-35609.5263549266,291.8801074389297,26.61164547549608,0.9959900498051569
4440000,8880.000000891594,-42314.38902503782,6313.645723753736,-36000.74330128408,285.84868816160304,26.93039727478335,0.9842013777997541
4445000,8890.000000893631,-42287.601932109974,6722.110992016378,-35565.490940093594,304.34184824709405,26.990521239932256,0.9820089751850618
4450000,8900.000000895669,-42827.52805350057,6400.8604967622805,-36426.66755673829,289.79731460401007,26.451732064812116,1.0020112874874902
4455000,8910.000000897706,-42367.81205583934,6541.043759873067,-35826.76829596628,296.1440758281427,26.43993712740544,1.002458287809758
4460000,8920.000000899743,-42373.97318982368,6558.322211353889,-35815.65097846979,296.92635328008697,26.9734592060192,0.9826301439535746
4465000,8930.00000090178,-42397.99298262113,6580.422767678441,-35817.57021494269,297.926950290028,26.803710410893526,0.9888531735428846
4470000,8940.000000903818,-42435.82151286997,6716.243969221396,-35719.57754364857,304.0762202972947,27.098215936669774,0.9781062400742618
4475000,8950.000000905855,-42431.701771622524,6485.633946772466,-35946.067824850055,293.63541077484456,27.187261255458594,0.9749026889280699
4480000,8960.000000907892,-42463.001639241294,6749.770023239742,-35713.231616001554,305.5941037801014,26.65020741492103,0.9945488862385672
4485000,8970.00000090993,-42225.32000563474,6604.0622489698235,-35621.25775666492,298.997221732491,26.697076478368256,0.9928028682845693
4490000,8980.000000911967,-42590.43846611667,6604.9694171985475,-35985.46904891812,299.03829354099423,26.87492142048719,0.9862329897765346
4495000,8990.000000914004,-42336.82202653692,6458.18388963603,-35878.63813690089,292.39261648993715,26.737161867209284,0.9913144197642916
4500000,9000.000000916041,-42270.59754846571,6525.326377254767,-35745.271171210945,295.43247536790915,26.282012599641845,1.0084819038134738
4505000,9010.000000918079,-42581.11812516139,6670.948967567919,-35910.16915759347,302.0255007337608,26.632373783653925,0.9952148583467378
4510000,9020.000000920116,-42485.33563872299,6355.741118712424,-36129.59452001056,287.7545463540123,26.74968832461201,0.9908502028470255
4515000,9030.000000922153,-42658.25532024453,6586.276393290988,-36071.97892695354,298.19197168583435,26.383718323507747,1.0045943402496367
4520000,9040.00000092419,-42006.66980811115,6356.226717585492,-35650.44309052566,287.77653171823965,26.66030598077036,0.9941721644775604
4525000,9050.000000926228,-42684.6175400053,6649.151204936899,-36035.466335068406,301.03861263050646,26.261289633815636,1.0092777038796734
4530000,9060.000000928265,-42713.02326732513,6514.563456559186,-36198.45981076594,294.9451868984209,26.810382609037255,0.9886070814074179
4535000,9070.000000930302,-42326.83407167153,6618.817789051677,-35708.01628261986,299.66527501898526,27.37155017175299,0.9683388020123608
4540000,9080.00000093234,-42282.136249869305,6317.527312064487,-35964.60893780482,286.02442607518867,27.070392553336543,0.9791115533442705
4545000,9090.000000934377,-42608.47257417871,6715.9194510972375,-35892.553123081474,304.06152782259244,26.799720517150718,0.989000392208361
4550000,9100.000000936414,-42278.32773789443,6584.143282958192,-35694.18445493624,298.095395663515,26.665429968266412,0.9939811259026802
4555000,9110.000000938451,-42577.96353464603,6382.908051367548,-36195.05548327848,288.98452225076323,26.7540171189006,0.9906898834946132
4560000,9120.000000940488,-42218.72275746078,6597.729672934195,-35620.993084526584,298.7105159793225,26.899129412924452,0.9853454249638827
4565000,9130.000000942526,-42792.13721617125,6630.133603208568,-36162.00361296268,300.1775955978955,27.11496606508784,0.9775020200620212
4570000,9140.000000944563,-42245.37390613562,6627.152042826889,-35618.22186330873,300.04260621758056,26.912924793740345,0.9848403436515855
4575000,9150.0000009466,-42341.244375955954,6678.99866749794,-35662.24570845802,302.3899488301172,26.78426945116428,0.9895709177680925
4580000,9160.000000948638,-42285.029463226616,6393.356616164544,-35891.67284706207,289.45757833770136,27.059704255723126,0.9794982920750408
4585000,9170.000000950675,-42235.13465688983,6611.606572996225,-35623.5280838936,299.33878906464264,26.903831805443097,0.9851732011339042
4590000,9180.000000952712,-42475.41153861006,6630.871537917072,-35844.540000692985,300.21100540224694,27.021596611887848,0.9808796453898646
4595000,9190.00000095475,-42176.99792367889,6538.91608206283,-35638.08184161606,296.04774576188663,26.695671364786755,0.9928551239770717
4600000,9200.000000956787,-42357.00335663598,6687.116406873818,-35669.88694976216,302.75747739490544,26.602230007430244,0.9963425658350239
4605000,9210.000000958824,-42426.142972867994,6609.7433200516725,-35816.39965281632,299.2544307662494,26.271732037319502,1.0088765394259407
4610000,9220.000000960861,-42558.10219438677,6549.149280753657,-36008.95291363311,296.51105120369573,26.66290698582376,0.9940751815482373
4615000,9230.000000962898,-42357.02369127347,6607.012994040771,-35750.0106972327,299.1308159575291,27.008984407866997,0.9813376801689861
4620000,9240.000000964936,-42162.59605120146,6545.271101949633,-35617.32494925182,296.33546765465127,26.65027528143087,0.994546353560722
4625000,9250.000000966973,-42633.65469710389,6662.512056452338,-35971.14264065155,301.643521750453,26.886075827018956,0.9858238246840242
4630000,9260.00000096901,-42417.394810053986,6646.748924292178,-35770.645885761805,300.92984999146483,26.820100334943913,0.9882488794422306
4635000,9270.000000971047,-42432.1942933636,6540.274103036471,-35891.92019032713,296.1092298125914,26.62222010494738,0.9955944319463775
4640000,9280.000000973085,-42426.319684034854,6591.536002560149,-35834.783681474706,298.4300991442972,26.885531136124133,0.9858437971092848
4645000,9290.000000975122,-42389.52707635646,6530.133617235134,-35859.393459121326,295.6501219230359,26.540777619342002,0.998649492591379
4650000,9300.00000097716,-42065.62421668478,6540.868319466909,-35524.755897217874,296.13613280882475,26.36740476886329,1.005215884342005
4655000,9310.000000979197,-42714.28346288885,6597.455930890987,-36116.827531997864,298.69812237864085,26.870928459344963,0.9863795418397177
4660000,9320.000000981234,-42171.05937213107,6466.060194476977,-35704.9991776541,292.7492141681812,26.883933729655666,0.9859023745955349
4665000,9330.000000983271,-42378.57812511915,6555.317983451878,-35823.26014166727,296.79033763361235,26.675977980858168,0.99358809343581
4670000,9340.000000985308,-42192.83419759513,6585.318694522612,-35607.51550307252,298.14861212012977,26.426698569409087,1.0029604732093926
4675000,9350.000000987346,-42444.441046551045,6663.082494427912,-35781.35855212313,301.6693481832511,26.56077794889965,0.9978975071260874
4680000,9360.000000989383,-42573.39739696577,6507.387657618207,-36066.00973934756,294.6203044448374,26.57370864131067,0.9974119329860025
4685000,9370.00000099142,-43094.63553968072,6611.605964809313,-36483.029574871405,299.3387615291365,26.6033310991997,0.9963013279691827
4690000,9380.000000993457,-42293.59256821126,6548.931392626525,-35744.66117558473,296.50118637471553,26.875659533688435,0.9862059038704812
4695000,9390.000000995495,-42605.5824845286,6648.178053118518,-35957.404431410076,300.99455343193284,26.42434237996634,1.0030499045694805
4700000,9400.000000997532,-42800.26107202511,6517.751931148723,-36282.509140876384,295.08954426634017,26.64474270130102,0.9947528636199712
4705000,9410.00000099957,-42569.594738201005,6555.2174424053355,-36014.37729579567,296.78578566355924,26.76277238938082,0.9903657856109627
4710000,9420.000001001607,-42493.79857137118,6571.0668714623525,-35922.73169990883,297.5033644923829,26.52823300937702,0.9991217316723556
4715000,9430.000001003644,-42324.815785019426,6406.097366682505,-35918.718418336925,290.03441254429157,26.334449726078116,1.0064738157900288
4720000,9440.000001005681,-42475.392573247605,6215.503780437273,-36259.888792810336,281.405336890705,26.447485105349088,1.0021721913050934
4725000,9450.000001007718,-42605.83548083558,6412.0833272188465,-36193.75215361673,290.3054253697758,26.466916134911923,1.001436433600001
4730000,9460.000001009756,-42643.21491427667,6460.111827834801,-36183.10308644187,292.4799033965975,26.864032746018328,0.9866327350447771
4735000,9470.000001011793,-42364.3802126958,6467.100975859146,-35897.27923683666,292.79633527788116,26.42195773689571,1.003140432153706
4740000,9480.00000101383,-42125.63498609909,6507.274446669813,-35618.360539429275,294.6151788482328,26.696731706676424,0.9928156897163579
4745000,9490.000001015867,-42433.99136329652,6517.985382366913,-35916.00598092961,295.10011371026985,26.964683526903706,0.9829499417670347
4750000,9500.000001017905,-42340.4974709386,6582.290373970982,-35758.20709696762,298.01150568513305,26.701393669168784,0.9926423478464679
4755000,9510.000001019942,-42532.86303399998,6386.13629939925,-36146.72673460073,289.1306803510586,27.006189059797062,0.9814392561589987
4760000,9520.00000102198,-42414.30727319664,6511.0557334407085,-35903.25153975593,294.7863756353691,26.52320286830921,0.9993112156980664
4765000,9530.000001024016,-42590.80725893949,6494.760316314574,-36096.04694262491,294.0486048112909,26.733338459185678,0.9914561977735078
4770000,9540.000001026054,-41879.10981055949,6672.900803926037,-35206.20900663345,302.1138696234461,27.00273945167235,0.981564635320547
4775000,9550.000001028091,-42394.1048261883,6289.4544917982585,-36104.65033439004,284.75343634956835,26.844249482648824,0.9873598485093937
4780000,9560.000001030128,-42571.336332299456,6714.943269165256,-35856.3930631342,304.01733143640405,26.472178246910065,1.0012373691095964
4785000,9570.000001032166,-42387.187531242205,6600.612512052964,-35786.575019189244,298.8410357798208,27.107682062150243,0.9777646809405615
4790000,9580.000001034203,-42377.87896619114,6392.170260877263,-35985.70870531388,289.40386640684545,26.259943562359833,1.009329438945476
4795000,9590.00000103624,-42256.070773347805,6780.441062174363,-35475.629711173446,306.98272718844856,26.760045322473538,0.9904667119631978
4800000,9600.000001038277,-42198.01538021612,6676.522619835328,-35521.492760380796,302.2778464082914,26.755244483370646,0.9906444367948233
4805000,9610.000001040315,-42299.01981286792,6523.142079149657,-35775.87773371826,295.3335818323485,26.615643362556934,0.9958404439632611
4810000,9620.000001042352,-42163.618406402995,6303.598400541443,-35860.02000586155,285.393798184333,26.406321854596396,1.0037344181625567
4815000,9630.00000104439,-42345.69351799571,6668.047778544261,-35677.645739451444,301.89415014603276,26.694740709755948,0.9928897377471035
4820000,9640.000001046426,-42794.64426946925,6779.420061411093,-36015.22420805816,306.93650164118753,26.17374447674989,1.0126535057328472
4825000,9650.000001048464,-42539.8311290064,6490.066998605133,-36049.764130401265,293.8361160577135,26.675007362380082,0.9936242469389748
4830000,9660.000001050501,-42412.355958932836,6517.977475745622,-35894.37848318722,295.09975574002215,26.351490904894117,1.0058229417908913
4835000,9670.000001052538,-42533.239207502804,6437.335135736112,-36095.904071766694,291.44869451318226,26.780510009299398,0.9897098335070099
4840000,9680.000001054575,-42559.19696383161,6531.034162336713,-36028.162801494895,295.6908938711591,26.573727312880038,0.9974112321717783
4845000,9690.000001056613,-42295.51020269259,6457.274650635002,-35838.23555205759,292.35145092775,26.381377426553993,1.0046834808503273
4850000,9700.00000105865,-42412.9249825888,6402.913058285542,-36010.01192430325,289.8902437996709,26.783142038626224,0.9896125728755618
4855000,9710.000001060687,-42555.59854182927,6635.1174448142965,-35920.48109701497,300.4032377462415,27.015658862838073,0.9810952321061436
4860000,9720.000001062725,-42085.618886001874,6571.328739923533,-35514.29014607834,297.51522051968857,26.65193282210321,0.9944845005970905
4865000,9730.000001064762,-42289.98106819979,6412.876258189372,-35877.10481001042,290.34132511576155,26.86553449594468,0.9865775835034069
4870000,9740.000001066799,-42645.34847195778,6425.979216258375,-36219.36925569941,290.9345581761739,26.361486821808374,1.0054415474247633
4875000,9750.000001068836,-42761.13988074154,6529.000108973827,-36232.13977176771,295.5988026277046,26.6477052328833,0.9946422729800161
4880000,9760.000001070874,-42709.11258929031,6655.5854768241725,-36053.52711246614,301.32992263723247,26.35785873748402,1.0055799435954689
4885000,9770.00000107291,-42502.56519729429,6530.669678135573,-35971.895519158716,295.6743919425888,26.824992253315237,0.9880686582215448
4890000,9780.000001074948,-42507.54036193411,6251.193944462824,-36256.346417471286,283.0211998981261,26.707948903176526,0.9923987124067075
4895000,9790.000001076985,-42227.44466043613,6670.988913418348,-35556.45574701778,302.02730927187685,26.725449766181814,0.9917488511671622
4900000,9800.000001079023,-42259.05589305912,6374.0225844460165,-35885.03330861311,288.58223501857543,26.50707204942168,0.9999193442836246
4905000,9810.00000108106,-42428.41494156892,6578.490475647502,-35849.92446592142,297.8394662647348,26.86242106822829,0.986691930530618
4910000,9820.000001083097,-42222.33394454041,6656.6776675565825,-35565.65627698383,301.37937129205756,26.451306057014083,1.0020274252396777
4915000,9830.000001085134,-42124.68096402654,6440.685935543802,-35683.99502848274,291.6004011136519,26.830944893025357,0.9878494480239649
4920000,9840.000001087172,-42651.518842845166,6526.270958787338,-36125.247884057826,295.4752410541324,26.44534769313458,1.002253190621404
4925000,9850.000001089209,-42850.38153943233,6558.832918580529,-36291.548620851805,296.949475418572,26.67233682944021,0.993723732270848
4930000,9860.000001091246,-42325.20632895589,6556.88386348287,-35768.322465473015,296.8612324497395,26.581588928984072,0.9971162436281612
4935000,9870.000001093284,-42724.90783694782,6589.425359030285,-36135.48247791754,298.33454030070885,26.64157307833025,0.9948712121693417
4940000,9880.00000109532,-41992.2491449471,6325.371936335298,-35666.8772086118,286.37958942375855,26.92179044030667,0.9845160247163187
4945000,9890.000001097358,-42370.568394008966,6517.968410504702,-35852.59998350426,295.09934531356834,26.595114515070527,0.996609136144802
4950000,9900.000001099395,-42337.51070066582,6621.868655109184,-35715.64204555664,299.8034021959686,26.77472297872948,0.9899237472444704
4955000,9910.000001101433,-42568.579107634374,6552.055488303957,-36016.523619330415,296.64262900392816,26.761997605562804,0.9903944575881416
4960000,9920.00000110347,-42454.02283348743,6496.849436408365,-35957.17339707906,294.1431891868404,26.24331392237505,1.0099690222406863
4965000,9930.000001105507,-42469.193163333344,6621.3542807485555,-35847.83888258479,299.7801140289344,26.295146144503317,1.0079782008770866
4970000,9940.000001107544,-42356.9990212603,6439.743027467426,-35917.255993792875,291.55771119272794,26.319994374868084,1.0070265868994646
4975000,9950.000001109582,-42530.32035714557,6317.50742674707,-36212.8129303985,286.0235257725512,26.647620618953997,0.9946454312579042
4980000,9960.000001111619,-42430.44119208539,6527.548739006513,-35902.89245307888,295.53309222529265,26.942547163996643,0.9837575467977688
4985000,9970.000001113656,-42529.96776362852,6567.4088728252445,-35962.55889080327,297.337749543831,26.460939414664907,1.0016626275878635
4990000,9980.000001115694,-42201.82598928001,6584.093250492388,-35617.73273878763,298.09313045647906,27.148649484655646,0.976289230059751
4995000,9990.00000111773,-42441.929544252984,6601.702918816605,-35840.22662543638,298.8904036659182,26.549236664186044,0.998331305633759
5000000,10000.000001119768,-42559.773966166074,6574.051475410344,-35985.72249075573,297.6384916693807,26.71699578354673,0.9920626674223303
5005000,10010.000001121805,-42375.361025151564,6518.939433337714,-35856.42159181385,295.1433081228763,26.61493218808054,0.9958670536987771
5010000,10020.000001123843,-42238.70342040574,6364.370928622074,-35874.332491783665,288.1452587806656,26.66965901543473,0.9938235088494053
5015000,10030.00000112588,-42680.61459992948,6536.703946948486,-36143.910652980994,295.94759191288426,27.164737942075227,0.9757110176823482
5020000,10040.000001127917,-42196.16807857284,6552.651338500489,-35643.51674007235,296.6696059685018,26.722324551917595,0.9918648376207421
5025000,10050.000001129954,-42573.49801673036,6670.765947822366,-35902.73206890799,302.0172145617988,26.917422499806552,0.9846757839732612
5030000,10060.000001131992,-42528.777162585175,6398.53255546969,-36130.244607115485,289.6919176600383,26.36255466642417,1.0054008208959233
5035000,10070.000001134029,-42666.0100792367,6276.225277715459,-36389.784801521244,284.15448708056675,26.752001623270157,0.9907645220640713
5040000,10080.000001136066,-42016.44071029156,6548.289271344283,-35468.15143894727,296.47211449862357,26.710009798254834,0.9923221407529503
5045000,10090.000001138103,-42571.78376113053,6367.734000635907,-36204.04976049462,288.2975210021156,26.437849788094063,1.0025374345864038
5050000,10100.00000114014,-42599.065673594014,6532.166474087021,-36066.899199506996,295.74215899476235,26.990555304322466,0.9820077358057107
5055000,10110.000001142178,-42649.78686842101,6499.236507702604,-36150.55036071841,294.25126322644627,26.833025010992795,0.9877728691296688
5060000,10120.000001144215,-42070.32998044754,6710.7304689411885,-35359.59951150635,303.82659798853155,26.115018879218006,1.0149306889312188
5065000,10130.000001146253,-42548.46037063503,6768.264871178175,-35780.19549945686,306.43145326917073,26.55617201167727,0.9980705837754694
5070000,10140.00000114829,-42623.99724522978,6436.237498274942,-36187.75974695484,291.3989992591119,26.567993176059062,0.9976265021936481
5075000,10150.000001150327,-42319.85725924745,6273.93375816443,-36045.92350108302,284.0507391215874,26.966861792850462,0.982870543340849
5080000,10160.000001152364,-42280.91190783598,6482.656821047404,-35798.25508678857,293.50062217246875,26.919786850666693,0.9845893004119421
5085000,10170.000001154402,-42367.118768775894,6542.944020600754,-35824.17474817514,296.23010964441005,26.648873181311448,0.9945986804847015
5090000,10180.000001156439,-41886.458454794716,6457.803449929617,-35428.6550048651,292.37539217996465,26.635473723841027,0.9950990313647898
5095000,10190.000001158476,-42170.78979717725,6581.3221488155905,-35589.46764836166,297.96766953996064,26.910987997014235,0.98491122308394
5100000,10200.000001160513,-42209.994267899485,6496.682609395268,-35713.311658504215,294.13563613668043,27.087153854748415,0.97850568740688
5105000,10210.00000116255,-42153.262549269595,6585.997793177472,-35567.264756092125,298.1793581372675,26.907321056282374,0.9850454471887342
5110000,10220.000001164588,-42727.555541495734,6563.98261639607,-36163.57292509967,297.1826266642085,26.450424972601404,1.0020608035595486
5115000,10230.000001166625,-42378.116456375516,6422.699457419524,-35955.41699895599,290.78606793731785,26.668737929981386,0.993857833547469
5120000,10240.000001168662,-42807.97549858701,6554.534771966872,-36253.44072662014,296.7548779348365,26.720469504269914,0.9919336970595163
5125000,10250.0000011707,-42420.09837058565,6743.754974447055,-35676.343396138596,305.3217739912841,26.607687848099676,0.9961381933616416
5130000,10260.000001172737,-42372.67545694031,6605.277351645085,-35767.39810529523,299.0522351939525,26.928019492720438,0.9842882841681583
5135000,10270.000001174774,-42155.798771008325,6428.026568508396,-35727.77220249993,291.02725152332687,26.761405985985252,0.9904163524299489
5140000,10280.000001176812,-42410.7757802445,6462.395295736582,-35948.380484507914,292.5832868192256,26.33775749555439,1.0063474123417815
5145000,10290.000001178849,-42193.47617787786,6504.4912311714,-35688.98494670646,294.4891694815527,26.874852174861545,0.9862355309001087
5150000,10300.000001180886,-42560.503566464875,6486.160494061568,-36074.34307240331,293.65925006808817,26.20887625850857,1.01129609072544
5155000,10310.000001182923,-42505.393450118776,6532.96083907289,-35972.432611045886,295.7781236654245,26.660371515644975,0.9941697206650987
5160000,10320.00000118496,-42748.17543033941,6590.648612486088,-36157.52681785332,298.38992278666535,26.559293137627062,0.9979532951118516
5165000,10330.000001186998,-42245.57833258982,6513.6445390035915,-35731.93379358623,294.90358314216206,26.705642877287595,0.9924844057986795
5170000,10340.000001189035,-42098.37422795035,6560.937619663319,-35537.43660828703,297.0447652193957,26.71374169022901,0.9921835140088644
5175000,10350.000001191072,-42379.83657096169,6512.628529308376,-35867.20804165331,294.857583564225,27.141906043185305,0.9765317903748062
5180000,10360.00000119311,-42347.27789635188,6506.91522562194,-35840.36267072994,294.5989152075746,26.962947969279547,0.9830132125291021
5185000,10370.000001195147,-42277.971796585305,6694.301644293646,-35583.670152291656,303.08278717319416,26.80254824220794,0.9888960505925795
5190000,10380.000001197184,-42165.58072774456,6743.584222654503,-35421.99650509005,305.3140432477426,26.576172506316823,0.9973194633740666
5195000,10390.000001199222,-42258.688080444,6747.671047313481,-35511.01703313052,305.4990731842688,26.651089303243257,0.9945159764749669
5200000,10400.000001201259,-42231.10317118111,6418.595530117345,-35812.50764106376,290.6002636830144,26.930951076472528,0.9841811389161005
5205000,10410.000001203296,-42032.88650046103,6569.01318373291,-35463.87331672812,297.4103843080266,27.323689023816407,0.9700349787846644
5210000,10420.000001205333,-42740.968690330745,6472.26733041218,-36268.70135991857,293.03024065302856,26.835838595862803,0.9876693067688482
5215000,10430.00000120737,-42317.10593862872,6624.859768637577,-35692.246169991144,299.9388240925468,26.834662423027975,0.9877125966671932
5220000,10440.000001209408,-42470.51832238695,6483.178547886799,-35987.33977450016,293.5242432210902,26.755038504806485,0.9906520634524583
5225000,10450.000001211445,-42301.761933553265,6204.968319306328,-36096.79361424694,280.928346594571,26.90041077478883,0.9852984894705415
5230000,10460.000001213482,-42503.96414762904,6515.565730779132,-35988.39841684991,294.9905646062437,26.68567857977101,0.99322691095547
5235000,10470.00000121552,-42144.815586922225,6628.203324675456,-35516.61226224677,300.0902027331992,26.719366026675363,0.9919746627249775
5240000,10480.000001217557,-42201.3529447132,6584.143470930531,-35617.20947378267,298.09540417391435,26.567028371017436,0.9976627318790137
5245000,10490.000001219594,-42674.58346311079,6597.979490749838,-36076.60397236095,298.7218264167473,26.792061941461654,0.9892831003618727
5250000,10500.000001221631,-42429.466237928835,6537.601050177029,-35891.865187751806,295.98820803108987,26.777455924703773,0.9898227141916108
5255000,10510.000001223669,-42496.68619554199,6497.040166148,-35999.64602939399,294.1518244268037,26.787266886249345,0.9894601870018417
5260000,10520.000001225706,-42452.47198342852,6619.176075815841,-35833.29590761268,299.6814963601886,26.27905122199658,1.0085955493077643
5265000,10530.000001227743,-42229.31609381025,6597.583017290115,-35631.73307652013,298.70387618271275,26.834938428496013,0.987702437744032
5270000,10540.00000122978,-42103.216440109245,6357.470813292373,-35745.745626816875,287.8328578317593,26.652203022056284,0.9944744185162521
5275000,10550.000001231818,-42529.02611704904,6833.233672501683,-35695.79244454736,309.3728990585482,26.725435265405963,0.9917493892735634
5280000,10560.000001233855,-42550.456773930055,6516.192043172728,-36034.26473075733,295.0189207389636,26.25985885300295,1.0093326948520724
5285000,10570.000001235892,-42064.2430632817,6633.654573396667,-35430.588489885035,300.3370066186212,26.742753772103182,0.9911071361014906
5290000,10580.00000123793,-42432.513902158535,6672.657097824995,-35759.85680433354,302.10283589232967,26.697578758635448,0.9927841899881419
5295000,10590.000001239967,-42363.00215522683,6477.481868158676,-35885.52028706815,293.2663275098817,26.40418721934871,1.0038155646432463
5300000,10600.000001242004,-42297.37202104472,6432.145921539092,-35865.22609950563,291.21375417352607,26.66767309706755,0.9938975180197134
5305000,10610.000001244041,-42450.24157023209,6582.813816932883,-35867.427753299206,298.03520443076013,26.812069216138642,0.9885448933043461
5310000,10620.000001246079,-42311.252995466115,6827.303424051463,-35483.949571414654,309.10440858345066,26.50295853471939,1.0000745414069354
5315000,10630.000001248116,-42171.25136465265,6737.311653145861,-35433.93971150679,305.03005427466763,26.826962808534457,0.9879960803503446
5320000,10640.000001250153,-42434.30312319932,6386.422650479896,-36047.88047271943,289.14364482267104,26.675172578996037,0.9936180927806418
5325000,10650.00000125219,-43053.12930315861,6549.427812953376,-36503.70149020523,296.52366167748283,26.93416086418177,0.9840638524508089
5330000,10660.000001254228,-42618.04303362215,6521.531779064022,-36096.51125455812,295.2606759096589,26.692556902701906,0.9929709693661307
5335000,10670.000001256265,-42614.88663610071,6407.783546046926,-36207.10309005378,290.1107538818348,26.52634089959412,0.9991929984938883
5340000,10680.000001258302,-42676.93481664959,6448.66156404932,-36228.27325260027,291.961495645293,26.82518198511193,0.9880616697119463
5345000,10690.00000126034,-42649.67738542706,6652.938238803734,-35996.739146623324,301.2100696159349,26.711920527430237,0.9922511590029189
5350000,10700.000001262377,-42349.66477466625,6431.075408419804,-35918.589366246444,291.1652869670661,26.648196147792916,0.9946239496113787
5355000,10710.000001264414,-42283.968192392495,6642.310946827749,-35641.65724556475,300.7289217018833,26.731946013007253,0.9915078419520871
5360000,10720.000001266451,-42734.08189269062,6686.914447055671,-36047.16744563495,302.7483337160225,26.741760312771422,0.9911439558404164
5365000,10730.000001268489,-42409.77375079272,6496.779436332057,-35912.994314460666,294.14001995136863,26.763735133228806,0.99033016021852
5370000,10740.000001270526,-42547.326030969154,6795.371988003524,-35751.95404296563,307.65872101959536,26.690966257412036,0.9930301453652373
5375000,10750.000001272563,-42317.91296265874,6712.590941485369,-35605.32202117337,303.91083040501223,26.548648405457882,0.9983534264248127
5380000,10760.0000012746,-42300.17199209583,6551.512963559588,-35748.65902853624,296.61806633550196,26.96559623833372,0.9829166716090506
5385000,10770.000001276638,-42702.43981623516,6640.3753292875745,-36062.06448694758,300.64128711501377,26.58553875769125,0.9969681014972316
5390000,10780.000001278675,-42636.78566628118,6480.939492283977,-36155.846173997204,293.42287055388795,26.21045010244105,1.0112353660064783
5395000,10790.000001280712,-42328.302131088334,6357.431917879256,-35970.87021320908,287.8310968519227,27.453016886884416,0.9654652605848633
5400000,10800.00000128275,-42228.27345317276,6482.5536667430415,-35745.71978642972,293.49595188783917,26.492492435785167,1.0004696299067182
5405000,10810.000001284787,-42249.44596521772,6540.910378476479,-35708.535586741236,296.13803701967805,26.18235093504775,1.0123206341664666
5410000,10820.000001286824,-42284.92535883642,6499.505707612227,-35785.4196512242,294.26345118319676,26.864641718651498,0.9866103698727073
5415000,10830.000001288861,-42509.22418428643,6481.265494481522,-36027.95868980491,293.4376302196315,26.53451115929175,0.998885336286104
5420000,10840.000001290899,-42541.258881868154,6344.263237283238,-36196.99564458492,287.23488822098403,26.76698380890428,0.9902099650734429
5425000,10850.000001292936,-42250.52674580057,6360.055618299564,-35890.471127501005,287.94988421442116,26.495459236606287,1.0003576033857582
5430000,10860.000001294973,-42405.234375278,6517.423437794805,-35887.8109374832,295.0746718141317,26.40983581511884,1.0036008662864626
5435000,10870.00000129701,-42216.93557791109,6639.055468339385,-35577.880109571706,300.58153074965793,26.25451262810384,1.0095382259796595
5440000,10880.000001299048,-42724.26369083667,6521.132772765743,-36203.13091807093,295.24261100200937,26.594588458781363,0.9966288496479725
5445000,10890.000001301085,-42404.73104266357,6580.025737680534,-35824.705304983036,297.9089748588701,26.733537585419697,0.991448812857156
5450000,10900.000001303122,-42379.37621588021,6679.496329310797,-35699.87988656942,302.4124803408446,26.4427091483037,1.0023531989057486
5455000,10910.00000130516,-42454.21922892763,6306.766641455188,-36147.45258747244,285.53723947777877,26.94605280380337,0.983629561461982
5460000,10920.000001307197,-42175.83806525258,6607.019679608056,-35568.818385644525,299.1311186448704,26.922933675405783,0.9844742189722396
5465000,10930.000001309234,-42475.71035074844,6647.956072347728,-35827.75427840072,300.9845033095624,26.70087287562548,0.992661709075892
5470000,10940.000001311271,-42929.283149776864,6456.648683477236,-36472.63446629963,292.3231104254936,26.703734126073492,0.9925553474057821
5475000,10950.000001313309,-42004.7344494678,6328.143984027079,-35676.59046544072,286.5050931708623,26.878558279407308,0.9860995454820567
5480000,10960.000001315346,-42504.56025629537,6510.117432314202,-35994.44282398117,294.74389429291693,27.050421966627383,0.9798344046254123
5485000,10970.000001317383,-42471.69550287939,6464.164624259923,-36007.530878619466,292.6633927135777,26.855982064857262,0.9869285002695877
5490000,10980.00000131942,-42608.908875361085,6400.3461696483755,-36208.56270571271,289.77402857605915,26.24466123464625,1.0099171738420716
5495000,10990.000001321458,-42214.79264661082,6578.927577170023,-35635.8650694408,297.8592559238752,26.46698230345847,1.0014339299676445
5500000,11000.000001323495,-42259.08146493696,6543.387700803386,-35715.69376413357,296.2501971516024,26.695894893171356,0.9928468106651226
