#"Step","Time (ps)","Potential Energy (kJ/mole)","Kinetic Energy (kJ/mole)","Total Energy (kJ/mole)","Temperature (K)"
505000,1009.9999999899404,-42408.34779310523,6407.638554031284,-36000.70923907395,290.10418940557514
510000,1019.999999989704,-42588.26256594312,6347.118056915769,-36241.144509027356,287.36413944644113
515000,1029.9999999894676,-42244.830752714304,6486.5320650047415,-35758.29868770956,293.67607284708345
520000,1039.9999999892311,-42330.0980825678,6710.156073765807,-35619.94200880199,303.80059239452885
525000,1049.9999999889947,-42477.297517425905,6618.2058109087575,-35859.091706517145,299.63756786578233
530000,1059.9999999887582,-42323.62825705088,6755.857878049931,-35567.77037900095,305.8697298426573
535000,1069.9999999885217,-42093.1568258474,6516.650125723441,-35576.50670012396,295.03966030876535
540000,1079.9999999882853,-42457.15915386012,6485.8416330493965,-35971.31752081073,293.64481371767783
545000,1089.9999999880488,-42187.808763759385,6546.771782449963,-35641.03698130942,296.4034105787775
550000,1099.9999999878123,-42282.973951662774,6451.116032958669,-35831.8579187041,292.0726210946085
555000,1109.9999999875758,-42233.02953248308,6611.218607423468,-35621.81092505961,299.3212240230048
560000,1119.9999999873394,-42485.38718666992,6495.410644220134,-35989.97654244979,294.0780482401453
565000,1129.999999987103,-42650.06638336583,6651.206250040992,-35998.86013332484,301.13165426965134
570000,1139.9999999868664,-42527.34704985801,6440.430365169615,-36086.916684688396,291.5888302306169
575000,1149.99999998663,-42035.69377895811,6467.916222942914,-35567.7775560152,292.83324538016103
580000,1159.9999999863935,-42379.85139857966,6525.705611137799,-35854.14578744186,295.4496450845379
585000,1169.999999986157,-42425.15440289688,6545.657708909187,-35879.49669398769,296.35297118542536
590000,1179.9999999859206,-42297.69637377851,6445.361637687628,-35852.33473609088,291.8120923270215
595000,1189.999999985684,-43015.2928547202,6414.319504255248,-36600.973350464956,290.4066677106229
600000,1199.9999999854476,-42173.80518877733,6573.895314406354,-35599.90987437098,297.63142152004303
605000,1209.9999999852112,-42818.462800301844,6566.380270363494,-36252.08252993835,297.29117983162416
610000,1219.9999999849747,-42406.558587087085,6526.944204658089,-35879.614382429,295.5057220879732
615000,1229.9999999847382,-42345.99449457519,6600.239062823118,-35745.75543175208,298.82412796187896
620000,1239.9999999845018,-42417.406524939,6768.43328630792,-35648.97323863108,306.43907822090387
625000,1249.9999999842653,-42235.12182777113,6431.490511220864,-35803.631316550265,291.1840806397438
630000,1259.9999999840288,-42204.85334274848,6315.566935033444,-35889.28640771504,285.9356705087309
635000,1269.9999999837923,-42379.449332743185,6749.831658571105,-35629.61767417208,305.59689430389477
640000,1279.9999999835559,-42195.64259927935,6588.909717793344,-35606.73288148601,298.311194776175
645000,1289.9999999833194,-42401.67243152432,6550.083797871687,-35851.58863365263,296.5533612261363
650000,1299.999999983083,-41956.255457119725,6336.2033505014,-35620.05210661833,286.86997891752856
655000,1309.9999999828465,-42498.43512895418,6490.399894879094,-36008.03523407508,293.8511878509958
660000,1319.99999998261,-42636.78119944112,6610.701325503711,-36026.07987393741,299.29780421697797
665000,1329.9999999823735,-42699.46708419244,6444.076680623883,-36255.390403568555,291.7539162260671
670000,1339.999999982137,-42408.60997993854,6698.4725656537485,-35710.13741428479,303.2716245662593
675000,1349.9999999819006,-42521.16379725578,6466.387399427511,-36054.77639782827,292.7640282882573
680000,1359.9999999816641,-42517.37751882034,6454.143849705128,-36063.233669115216,292.2097047199555
685000,1369.9999999814277,-42097.777309318364,6566.265426906544,-35531.51188241182,297.2859803236141
690000,1379.9999999811912,-42611.355929923244,6374.049841230653,-36237.30608869259,288.58346906249756
695000,1389.9999999809547,-42246.579739370034,6695.202050610518,-35551.377688759516,303.1235528378753
700000,1399.9999999807183,-42375.56275376782,6700.61868103823,-35674.944072729595,303.3687893889526
705000,1409.9999999804818,-42416.387498000404,6372.383965692165,-36044.00353230824,288.5080469754574
710000,1419.9999999802453,-42057.8259746253,6821.709814266656,-35236.116160358644,308.85115933744703
715000,1429.9999999800089,-42061.076760703,6297.515689782612,-35763.56107092039,285.11840501738084
720000,1439.9999999797724,-42333.27096585516,6470.982769197233,-35862.28819665793,292.9720824740268
725000,1449.999999979536,-42287.472325719194,6403.541847870615,-35883.93047784858,289.9187120865984
730000,1459.9999999792994,-42351.36346670013,6564.65626144636,-35786.70720525377,297.2131257708004
735000,1469.999999979063,-42408.43377258384,6727.5570719794805,-35680.87670060436,304.58841811832053
740000,1479.9999999788265,-42743.32412906055,6369.882807255537,-36373.44132180502,288.394807669789
745000,1489.99999997859,-42376.62478718051,6675.918213981534,-35700.70657319898,302.25048208853326
750000,1499.9999999783536,-42504.00158040592,6330.555421359653,-36173.44615904627,286.6142703765942
755000,1509.999999978117,-42031.50658838579,6538.71608470596,-35492.79050367983,296.0386909329339
760000,1519.9999999778806,-42468.816654013935,6467.126592746808,-36001.69006126713,292.79749507588906
765000,1529.9999999776442,-42513.77322761313,6593.4746505398325,-35920.29857707329,298.5178709335369
770000,1539.9999999774077,-42095.83012324682,6604.702845119469,-35491.12727812735,299.0262245585965
775000,1549.9999999771712,-42057.453024141025,6660.320773577557,-35397.13225056347,301.5443119812399
780000,1559.9999999769348,-42420.477947785635,6701.281483307416,-35719.19646447822,303.3987975914156
785000,1569.9999999766983,-42081.60072498105,6614.416913164692,-35467.18381181636,299.46602649379105
790000,1579.9999999764618,-42348.035830786044,6540.3397463500005,-35807.696084436044,296.1122017967476
795000,1589.9999999762254,-42650.29142986087,6483.564008370655,-36166.72742149021,293.5416948454717
800000,1599.9999999759889,-42257.584843992896,6695.259979648362,-35562.32486434453,303.12617556018165
805000,1609.9999999757524,-42357.11446680542,6617.978484834566,-35739.13598197085,299.6272757361736
810000,1619.999999975516,-42168.742885044776,6521.5757832020645,-35647.167101842715,295.26266818570406
815000,1629.9999999752795,-42373.87260316388,6438.26937662874,-35935.60322653514,291.49099202958865
820000,1639.999999975043,-42128.05940920062,6354.410321505928,-35773.64908769469,287.6942948523711
825000,1649.9999999748065,-42445.59681975155,6513.339056081659,-35932.257763669884,294.8897524813504
830000,1659.99999997457,-42279.0369549453,6408.633354510545,-35870.40360043476,290.14922874170855
835000,1669.9999999743336,-42657.46282623819,6466.860732055591,-36190.6020941826,292.7854583013941
840000,1679.9999999740971,-42286.336725544184,6519.616741871934,-35766.71998367225,295.17397309276197
845000,1689.9999999738607,-42526.94135247386,6594.473743227029,-35932.467609246836,298.56310459828194
850000,1699.9999999736242,-42348.716984532715,6593.698611640391,-35755.01837289232,298.52801071482895
855000,1709.9999999733877,-42266.96989061328,6594.318722696204,-35672.65116791708,298.5560860835737
860000,1719.9999999731513,-42380.95704693062,6599.26660164898,-35781.69044528164,298.78010003204605
865000,1729.9999999729148,-42430.82531052554,6642.441732089046,-35788.38357843649,300.73484297098963
870000,1739.9999999726783,-42629.35260837554,6407.65311829928,-36221.699490076266,290.1048487990671
875000,1749.9999999724419,-42474.75591922511,6608.007217197667,-35866.74870202744,299.1758291555407
880000,1759.9999999722054,-42258.28543710947,6680.069217069583,-35578.21622003989,302.4384176869482
885000,1769.999999971969,-42429.222091300995,6540.181095895838,-35889.04099540516,296.10501893819287
890000,1779.9999999717324,-42540.479577867605,6558.916906810148,-35981.56267105746,296.9532779640914
895000,1789.999999971496,-42242.15482474759,6488.484005657589,-35753.670819089995,293.76444645868577
900000,1799.9999999712595,-42253.292311747326,6447.857455194977,-35805.43485655235,291.9250898234889
905000,1809.999999971023,-42375.15554855042,6450.484950246842,-35924.67059830358,292.0440489869562
910000,1819.9999999707866,-42561.0147765103,6689.862024207385,-35871.15275230292,302.8817845143311
915000,1829.99999997055,-42409.25018299924,6556.09449210621,-35853.15569089303,296.82549386345147
920000,1839.9999999703136,-42154.52380068565,6210.00829614308,-35944.51550454257,281.15653025108026
925000,1849.9999999700772,-42531.56684110151,6471.302174634206,-36060.2646664673,292.9865434731302
930000,1859.9999999698407,-42362.92712232168,6662.280388523393,-35700.64673379828,301.6330330444857
935000,1869.9999999696042,-42622.06194189063,6656.94121131877,-35965.120730571856,301.3913031681859
940000,1879.9999999693678,-42369.743033150444,6646.749738353707,-35722.99329479674,300.9298868478914
945000,1889.9999999691313,-42260.30895212176,6497.237241501365,-35763.071710620396,294.1607469627985
950000,1899.9999999688948,-42247.871310290066,6406.587811870582,-35841.283498419485,290.056617324186
955000,1909.9999999686584,-42396.65846577153,6366.060902551003,-36030.59756322052,288.221771916142
960000,1919.999999968422,-42263.25143472868,6501.876877365852,-35761.374557362826,294.37080528463645
965000,1929.9999999681854,-42765.22596710443,6486.752833084114,-36278.473134020314,293.6860680651616
970000,1939.999999967949,-42662.06549834262,6669.473801469909,-35992.59169687271,301.9587129676449
975000,1949.9999999677125,-42151.50213694171,6577.587809129336,-35573.914327812374,297.79859827002076
980000,1959.999999967476,-42104.32672750676,6480.044213679061,-35624.282513827704,293.3823370450482
985000,1969.9999999672395,-42492.42919951858,6589.6531386415645,-35902.77606087701,298.34485296409275
990000,1979.999999967003,-42436.99269232561,6494.592021534937,-35942.400670790674,294.0409853083779
995000,1989.9999999667666,-42159.88611909555,6524.55063362627,-35635.33548546928,295.39735377441815
1000000,1999.9999999665301,-42526.779880103364,6589.535752936277,-35937.24412716708,298.33953835644235
1005000,2009.9999999662937,-42375.11567669554,6442.099738824453,-35933.01593787109,291.6644106939761
1010000,2019.9999999660572,-42470.84800427646,6521.267541195225,-35949.580463081234,295.24871260803206
1015000,2029.9999999658207,-42524.14604120946,6533.224621001937,-35990.92142020752,295.79006632449625
1020000,2039.9999999655843,-42129.29736053181,6549.607127988855,-35579.690232542955,296.531780119648
1025000,2049.999999965348,-42388.86053297517,6362.016828649022,-36026.84370432615,288.03867750915606
1030000,2059.9999999651113,-42473.32947108999,6445.776768045133,-36027.55270304486,291.8308872473102
1035000,2069.999999964875,-42653.37843933416,6424.824270469064,-36228.5541688651,290.8822683022694
1040000,2079.9999999646384,-42507.8222939414,6598.212719571631,-35909.609574369766,298.73238579173733
1045000,2089.999999964402,-41998.907001047744,6543.936159847706,-35454.97084120004,296.2750284939343
1050000,2099.9999999641655,-42515.06015708862,6523.6839753788945,-35991.376181709726,295.3581160449136
1055000,2109.999999963929,-42367.75588382693,6607.641328457808,-35760.114555369124,299.1592636368408
1060000,2119.9999999636925,-42334.63759950554,6539.467713793327,-35795.16988571222,296.0727207467702
1065000,2129.999999963456,-42016.60546064499,6384.964664010491,-35631.6407966345,289.0776348598268
1070000,2139.9999999632196,-42461.74432491488,6519.534171418087,-35942.210153496795,295.17023473667643
1075000,2149.999999962983,-42357.90613774798,6514.419926990713,-35843.48621075727,294.93868863408113
1080000,2159.9999999627466,-42324.534570151474,6277.783836500134,-36046.75073365134,284.22505042914776
1085000,2169.99999996251,-42394.26399956271,6603.095364558749,-35791.16863500396,298.95344628917314
1090000,2179.9999999622737,-42348.8226067886,6495.9166795757255,-35852.90592721287,294.10095886086873
1095000,2189.9999999620372,-42240.68305941025,6681.468657925443,-35559.21440148481,302.5017770121796
1100000,2199.9999999618008,-42110.712906952016,6437.809541984766,-35672.90336496725,291.4701731342147
1105000,2209.9999999615643,-42198.28265204013,6557.221585012252,-35641.06106702788,296.8765227052213
1110000,2219.999999961328,-41974.7446141183,6818.817277047518,-35155.92733707078,308.720200457946
1115000,2229.9999999610914,-42001.93230663566,6598.451323627827,-35403.48098300783,298.74318852908397
1120000,2239.999999960855,-42459.592770595686,6416.523422339236,-36043.06934825645,290.5064495356869
1125000,2249.9999999606184,-42785.269221430935,6504.803360564941,-36280.465860865996,294.503301059659
1130000,2259.999999960382,-42184.64602129732,6592.164272602287,-35592.481748695034,298.45854390905185
1135000,2269.9999999601455,-42763.45802580577,6553.028824172245,-36210.429201633524,296.68669653531407
1140000,2279.999999959909,-42733.272167800926,6569.5751160502405,-36163.697051750685,297.43582564933286
1145000,2289.9999999596726,-42499.33970327664,6444.804233852615,-36054.53546942402,291.78685601158884
1150000,2299.999999959436,-42324.79813168512,6568.5585970698585,-35756.23953461526,297.3898030136407
1155000,2309.9999999591996,-42588.83895797748,6648.816382095022,-35940.02257588246,301.0234536123568
1160000,2319.999999958963,-42553.49819894851,6606.578606517269,-35946.91959243124,299.1111491739971
1165000,2329.9999999587267,-41993.516066957905,6494.035569530204,-35499.4804974277,294.0157920868166
1170000,2339.99999995849,-42096.55583396129,6363.0149162166545,-35733.540917744634,288.083865667371
1175000,2349.9999999582537,-42470.6846645085,6641.818490182986,-35828.866174325514,300.7066258538042
1180000,2359.9999999580173,-41929.28962462774,6489.703531384642,-35439.586093243095,293.81966017268087
1185000,2369.999999957781,-42694.206018212135,6694.306814274821,-35999.89920393731,303.08302124276366
1190000,2379.9999999575443,-42344.83313148358,6404.198894410588,-35940.63423707299,289.9484596998998
1195000,2389.999999957308,-42172.551778726745,6548.1089202597705,-35624.44285846697,296.4639491496046
1200000,2399.9999999570714,-42595.97090618202,6425.801690453927,-36170.16921572809,290.926520740984
1205000,2409.999999956835,-42758.653226402355,6415.194893120316,-36343.45833328204,290.44630071660066
1210000,2419.9999999565985,-42507.631865411415,6465.2641850526,-36042.36768035882,292.71317504598807
1215000,2429.999999956362,-41971.10883641953,6426.075204939007,-35545.033631480524,290.9389040390298
1220000,2439.9999999561255,-42459.630244293425,6454.341128991735,-36005.28911530169,292.21863648897545
1225000,2449.999999955889,-42527.433139159926,6458.538239541464,-36068.89489961846,292.40865959087284
1230000,2459.9999999556526,-42092.64315914491,6580.114660318373,-35512.528498826534,297.913000808454
1235000,2469.999999955416,-42142.75218660623,6590.737432461409,-35552.014754144824,298.3939440882301
1240000,2479.9999999551796,-42286.338430488424,6607.3849833944005,-35678.95344709403,299.14765767995027
1245000,2489.999999954943,-42622.486154973914,6787.771332888746,-35834.71482208517,307.31460331188896
1250000,2499.9999999547067,-42472.678069238784,6587.560182790582,-35885.1178864482,298.2500949256218
1255000,2509.9999999544702,-42499.10801823443,6609.6468418072745,-35889.461176427154,299.25006273851966
1260000,2519.9999999542338,-41941.184895349375,6519.736573782542,-35421.44832156683,295.1793984517298
1265000,2529.9999999539973,-42688.14269677311,6370.7578757501515,-36317.384821022955,288.4344261710768
1270000,2539.999999953761,-41980.87209370034,6304.417302043989,-35676.454791656346,285.4308737394842
1275000,2549.9999999535244,-42478.96633612289,6386.00075613658,-36092.96557998631,289.12454366466244
1280000,2559.999999953288,-41972.91813419713,6583.199783400174,-35389.71835079695,298.05267896341167
1285000,2569.9999999530514,-42332.53389491921,6572.111073862871,-35760.42282105634,297.5506404878098
1290000,2579.999999952815,-42491.53536704939,6615.553752129241,-35875.98161492015,299.517496585856
1295000,2589.9999999525785,-42385.07459509943,6409.290145862475,-35975.784449236955,290.17896480143685
1300000,2599.999999952342,-42344.3909274551,6585.4263055806305,-35758.96462187447,298.1534841831362
1305000,2609.9999999521056,-42564.451648742775,6331.324612449182,-36233.12703629359,286.6490953055667
1310000,2619.999999951869,-42264.46033182519,6193.7661060319115,-36070.69422579328,280.4211692664306
1315000,2629.9999999516326,-42440.624433329445,6639.5920014126905,-35801.032431916756,300.60582214671604
1320000,2639.999999951396,-42190.94522707694,6762.81013750143,-35428.13508957551,306.18449160328214
1325000,2649.9999999511597,-42459.58034313191,6461.324252906782,-35998.25609022513,292.5347956302583
1330000,2659.999999950923,-42526.82745771861,6460.670783640236,-36066.156674078375,292.50520997709225
1335000,2669.9999999506867,-42229.305719767,6535.761972898257,-35693.543746868745,295.9049442797541
1340000,2679.9999999504503,-42323.5736545361,6584.144799059857,-35739.428855476246,298.0954643046284
1345000,2689.999999950214,-42153.1475802646,6831.5802578922085,-35321.56732237239,309.29804113686794
1350000,2699.9999999499773,-42739.4605501591,6426.826243422845,-36312.634306736254,290.97290711344317
1355000,2709.999999949741,-42184.58326215448,6433.881825199367,-35750.70143695512,291.2923467657898
1360000,2719.9999999495044,-42605.021064667555,6547.294163252756,-36057.7269014148,296.4270612354238
1365000,2729.999999949268,-42577.66311322921,6324.3694070984275,-36253.29370613078,286.3342001701099
1370000,2739.9999999490315,-42709.116489798645,6772.943512793649,-35936.172977005,306.64327756636396
1375000,2749.999999948795,-41979.22328515549,6615.063774385306,-35364.15951077018,299.4953129693751
1380000,2759.9999999485585,-42632.74732906016,6684.169859919927,-35948.57746914023,302.62407323853864
1385000,2769.999999948322,-42262.185348936706,6506.599494291102,-35755.5858546456,294.5846205526825
1390000,2779.9999999480856,-42338.82127744437,6547.363588508408,-35791.45768893596,296.4302044460381
1395000,2789.999999947849,-42254.35488921695,6438.866287754196,-35815.488601462755,291.51801702744666
1400000,2799.9999999476127,-42049.84931996884,6163.218428093587,-35886.63089187525,279.0381309954993
1405000,2809.999999947376,-42373.372157988546,6501.6708715211425,-35871.7012864674,294.3614784229403
1410000,2819.9999999471397,-42288.52972814615,6569.071477820815,-35719.45825032534,297.41302355788076
1415000,2829.9999999469032,-42234.11131588521,6457.680648098982,-35776.430667786226,292.3698323586305
1420000,2839.999999946667,-42392.54668678116,6546.477778637508,-35846.06890814366,296.39009963169843
1425000,2849.9999999464303,-42441.55885892082,6442.630835166576,-35998.92802375424,291.6884559444265
1430000,2859.999999946194,-42382.79140911059,6413.319500741848,-35969.471908368745,290.36139280845555
1435000,2869.9999999459574,-42738.42306647921,6623.2224195477875,-36115.20064693142,299.86469353314305
1440000,2879.999999945721,-41948.53440530575,6392.138779755062,-35556.395625550686,289.40244110712536
1445000,2889.9999999454844,-42730.470594123995,6426.053973092014,-36304.41662103198,290.9379427726117
1450000,2899.999999945248,-42515.12711100106,6532.769978817047,-35982.35713218401,295.7694825163734
1455000,2909.9999999450115,-42180.27789301053,6462.864111061996,-35717.41378194853,292.6045123126446
1460000,2919.999999944775,-42386.97272413899,6526.469456333474,-35860.503267805514,295.4842279795395
1465000,2929.9999999445386,-42313.510620646935,6352.594169006357,-35960.91645164058,287.6120690145243
1470000,2939.999999944302,-42262.06745136157,6480.208261832064,-35781.8591895295,293.3897642830313
1475000,2949.9999999440656,-42249.90116801858,6613.890627102233,-35636.010540916344,299.4421990275166
1480000,2959.999999943829,-42158.902422251354,6566.726154576455,-35592.1762676749,297.30683965050804
1485000,2969.9999999435927,-42379.23884020775,6668.920825735746,-35710.318014472,301.9336771333406
1490000,2979.999999943356,-42468.71317487868,6545.627729870914,-35923.08544500776,296.3516138921692
1495000,2989.9999999431197,-42345.03954080556,6662.071858490384,-35682.96768231518,301.6235919008128
1500000,2999.9999999428833,-42136.090498913545,6539.462316297654,-35596.62818261589,296.07247637654024
1505000,3009.999999942647,-42395.64221067645,6427.964722791929,-35967.677487884524,291.02445147440204
1510000,3019.9999999424103,-42339.59369297192,6600.003196030828,-35739.59049694109,298.81344915345244
1515000,3029.999999942174,-42035.963651664264,6563.434561505543,-35472.52909015872,297.15781361983574
1520000,3039.9999999419374,-42371.861069767154,6490.502729712307,-35881.358340054845,293.85584367165114
1525000,3049.999999941701,-42277.69957931823,6366.352199151046,-35911.34738016718,288.2349602948746
1530000,3059.9999999414645,-42535.926479445654,6688.914192468046,-35847.01228697761,302.8388716758314
1535000,3069.999999941228,-42121.31920656015,6556.942063272418,-35564.377143287726,296.86386743025975
1540000,3079.9999999409915,-42261.28253521683,6608.898611883127,-35652.383923333706,299.2161868209248
1545000,3089.999999940755,-42371.02247953246,6693.797395472027,-35677.22508406043,303.05995743733735
1550000,3099.9999999405186,-42456.58662719879,6382.817154925213,-36073.769472273576,288.98040693768786
1555000,3109.999999940282,-42330.35791700304,6660.438287894908,-35669.91962910813,301.5496324117684
1560000,3119.9999999400457,-42212.66052846995,6628.7497798402,-35583.91074862974,300.1149433503981
1565000,3129.999999939809,-42614.319735289086,6720.913284700884,-35893.4064505882,304.2876223560771
1570000,3139.9999999395727,-42076.06247447658,6889.607487335112,-35186.45498714147,311.9252090426472
1575000,3149.9999999393362,-42819.68585750641,6694.138260677432,-36125.547596828976,303.07539002194346
1580000,3159.9999999391,-42608.0025208412,6562.467536102107,-36045.53498473909,297.1140317931249
1585000,3169.9999999388633,-42565.955823506985,6343.109976950933,-36222.845846556054,287.18267465571256
1590000,3179.999999938627,-42183.411939821846,6563.600955596993,-35619.81098422485,297.16534706957935
1595000,3189.9999999383904,-42333.995017047215,6520.190774362147,-35813.804242685066,295.1999622662869
1600000,3199.999999938154,-42257.60951927822,6453.547973985071,-35804.06154529315,292.18272659981096
1605000,3209.9999999379174,-42345.457357079315,6416.468133316297,-35928.98922376302,290.50394633937714
1610000,3219.999999937681,-42565.237047541596,6483.096436129469,-36082.14061141213,293.5205256323717
1615000,3229.9999999374445,-42316.762753950374,6377.384070802785,-35939.37868314759,288.7344254498092
1620000,3239.999999937208,-42382.20296971139,6542.662947194935,-35839.540022516456,296.21738411816966
1625000,3249.9999999369716,-42229.179794478405,6886.955563251594,-35342.22423122681,311.8051438610476
1630000,3259.999999936735,-42231.07926644891,6599.14572175146,-35631.93354469745,298.77462722574
1635000,3269.9999999364986,-42502.45273795747,6648.536206450879,-35853.91653150659,301.01076873204556
1640000,3279.999999936262,-42537.36514049553,6440.9559622386305,-36096.4091782569,291.6126265028902
1645000,3289.9999999360257,-42330.669530960906,6454.526784319987,-35876.14274664092,292.227041986267
1650000,3299.999999935789,-42387.115655061905,6461.972172999009,-35925.14348206289,292.5641300459826
1655000,3309.9999999355528,-42564.70788224402,6461.378159215208,-36103.329723028815,292.5372362245237
1660000,3319.9999999353163,-42198.26755163254,6514.07113153473,-35684.19642009781,294.9228970094174
1665000,3329.99999993508,-42300.97336031735,6545.336232209177,-35755.637128108174,296.33841641042005
1670000,3339.9999999348433,-42398.055423504265,6491.383495583214,-35906.67192792105,293.89572012018687
1675000,3349.999999934607,-42788.71023133671,6356.193763488419,-36432.51646784829,287.77503972996055
1680000,3359.9999999343704,-42560.5124845354,6627.558001019114,-35932.95448351629,300.06098587044255
1685000,3369.999999934134,-42167.14627167024,6346.960288302086,-35820.18598336815,287.3569965129875
1690000,3379.9999999338975,-42345.98674891179,6665.122377570122,-35680.86437134167,301.7617033684668
1695000,3389.999999933661,-42296.15858759143,6368.3786607699885,-35927.779926821444,288.3267078240724
1700000,3399.9999999334245,-42435.455515703885,6388.46878240449,-36046.986733299396,289.2362829199039
1705000,3409.999999933188,-42437.88823428232,6425.395299186257,-36012.49293509606,290.9081214807425
1710000,3419.9999999329516,-42240.80649256444,6533.83868881929,-35706.96780374515,295.8178680871723
1715000,3429.999999932715,-42482.76706434594,6662.150632486133,-35820.61643185981,301.6271583732332
1720000,3439.9999999324787,-42347.51652244211,6453.824293865187,-35893.69222857692,292.1952369113964
1725000,3449.999999932242,-42298.47160868399,6426.802331618832,-35871.66927706516,290.9718245126594
1730000,3459.9999999320057,-42397.84541502141,6625.80914075038,-35772.03627427103,299.9818066710594
1735000,3469.9999999317693,-42492.653462934366,6821.991631632065,-35670.6618313023,308.86391854626675
1740000,3479.999999931533,-42166.69305276644,6620.337651755766,-35546.355401010675,299.7340864124588
1745000,3489.9999999312963,-42453.3336621169,6521.488454095392,-35931.84520802151,295.2587143828344
1750000,3499.99999993106,-42710.529146169254,6309.978030814487,-36400.55111535477,285.68263430601223
1755000,3509.9999999308234,-41830.14452347235,6625.694141462662,-35204.45038200969,299.97660010785137
1760000,3519.999999930587,-42032.96907896508,6468.996322860928,-35563.97275610415,292.88214662647044
1765000,3529.9999999303504,-42433.33197975473,6556.138927878977,-35877.19305187575,296.8275056816479
1770000,3539.999999930114,-42208.76749251847,6455.697725328948,-35753.06976718952,292.2800560396319
1775000,3549.9999999298775,-42327.9523917248,6358.70694554319,-35969.24544618161,287.8888234018516
1780000,3559.999999929641,-42534.80519743753,6623.3494028822115,-35911.45579455532,299.870442670987
1785000,3569.9999999294046,-42632.037584852136,6520.886700570683,-36111.15088428145,295.2314701465943
1790000,3579.999999929168,-42442.52249519096,6600.818260872647,-35841.70423431831,298.8503510047749
1795000,3589.9999999289316,-42312.123232455226,6651.895754260935,-35660.22747819429,301.162871396075
1800000,3599.999999928695,-42443.10934150987,6357.5901221773665,-36085.519219332506,287.8382595108768
1805000,3609.9999999284587,-42584.74475374777,6551.81090053148,-36032.933853216295,296.6315553553642
1810000,3619.999999928222,-42508.48572567757,6421.272289340228,-36087.21343633735,290.72145326916853
1815000,3629.9999999279858,-42362.671817223076,6519.4054634159575,-35843.26635380712,295.1644075149452
1820000,3639.9999999277493,-42284.875088419765,6659.2363090526915,-35625.63877936707,301.49521312847656
1825000,3649.999999927513,-42209.87445483677,6524.786260537727,-35685.08819429904,295.4080217223016
1830000,3659.9999999272763,-42644.48771970824,6457.571150382109,-36186.91656932613,292.3648748776292
1835000,3669.99999992704,-42414.495729740534,6543.388953441467,-35871.10677629907,296.2502538644697
1840000,3679.9999999268034,-42886.055883594905,6689.836111560209,-36196.219772034696,302.88061132588723
1845000,3689.999999926567,-42480.12367317517,6822.8604852090475,-35657.26318796612,308.9032556687554
1850000,3699.9999999263305,-42014.13073930121,6466.836448253625,-35547.29429104758,292.78435885849865
1855000,3709.999999926094,-42484.2906773634,6246.686010508675,-36237.60466685473,282.8171043464443
1860000,3719.9999999258575,-42175.90963128471,6431.64465042633,-35744.26498085838,291.1910592526728
1865000,3729.999999925621,-42621.656548922474,6399.170979073386,-36222.48556984909,289.72082212468405
1870000,3739.9999999253846,-41930.870514071605,6443.561355374169,-35487.30915869743,291.7305850077738
1875000,3749.999999925148,-42298.7260099164,6636.393187354535,-35662.33282256186,300.4609966620113
1880000,3759.9999999249117,-42104.78679816553,6717.348654538974,-35387.438143626554,304.1262346412534
1885000,3769.999999924675,-42226.722178608354,6581.944058910522,-35644.77811969783,297.9958263597394
1890000,3779.9999999244387,-42463.30698975484,6537.419442988747,-35925.8875467661,295.97998581229547
1895000,3789.9999999242023,-42285.56309000327,6675.7438391147625,-35609.81925088851,302.2425873112373
1900000,3799.999999923966,-42296.3151358153,6698.465376357422,-35597.84975945787,303.27129907271507
1905000,3809.9999999237293,-42398.025014905084,6301.466516114513,-36096.558498790575,285.2972776645867
1910000,3819.999999923493,-42493.87627712946,6659.717561691248,-35834.15871543821,301.51700171805294
1915000,3829.9999999232564,-42093.41326208005,6608.76293178449,-35484.65033029556,299.21004393931537
1920000,3839.99999992302,-42559.57321439579,6268.972865205778,-36290.600349190005,283.82613596734234
1925000,3849.9999999227834,-42273.93227783777,6689.114221604914,-35584.818056232856,302.8479279436154
1930000,3859.999999922547,-42229.62030831841,6607.777841099253,-35621.842467219154,299.16544421161194
1935000,3869.9999999223105,-42297.94945548766,6560.110456308117,-35737.83899917954,297.0073156109879
1940000,3879.999999922074,-42592.15814373654,6642.692801326539,-35949.465342409996,300.7462100662172
1945000,3889.9999999218376,-42109.51928936236,6405.994285978253,-35703.52500338411,290.0297455918882
1950000,3899.999999921601,-42539.02582677273,6564.835348994307,-35974.19047777842,297.22123391352596
1955000,3909.9999999213646,-42332.64848663402,6581.189158765845,-35751.45932786817,297.9616484496236
1960000,3919.999999921128,-42542.4997874003,6659.462014331803,-35883.0377730685,301.5054318770044
1965000,3929.9999999208917,-42157.086958260625,6619.279780126395,-35537.80717813423,299.68619154620717
1970000,3939.9999999206552,-42337.17971148965,6569.5408700982225,-35767.638841391425,297.43427517265303
1975000,3949.9999999204188,-42171.408461674466,6373.4277027548915,-35797.98075891958,288.5553019028354
1980000,3959.9999999201823,-42503.814433461695,6689.025551408111,-35814.78888205359,302.8439134232346
1985000,3969.999999919946,-42206.624830021465,6482.81566911573,-35723.80916090574,293.507813977954
1990000,3979.9999999197094,-42591.10421736463,6797.839734064445,-35793.26448330018,307.7704475885373
1995000,3989.999999919473,-42406.039151232806,6447.763995027931,-35958.27515620487,291.9208584384359
2000000,3999.9999999192364,-42609.31414061703,6307.368508824993,-36301.94563179204,285.5644888683264
2005000,4009.999999919,-42254.38194927183,6661.405342165911,-35592.97660710592,301.59341554545097
2010000,4019.9999999187635,-42527.37807835144,6561.995092853696,-35965.38298549774,297.0926420464242
2015000,4029.999999918527,-42394.882434312836,6504.4224009935315,-35890.46003331931,294.4860532129323
2020000,4039.9999999182905,-42207.1380121354,6466.888328325682,-35740.24968380972,292.7867077154329
2025000,4049.999999918054,-42513.041407880606,6594.820000920074,-35918.22140696053,298.5787813263806
2030000,4059.9999999178176,-42414.961359496985,6442.963067279114,-35971.998292217875,291.7034976679709
2035000,4069.999999917581,-41881.289362778945,6455.668568355484,-35425.62079442346,292.2787359651488
2040000,4079.9999999173447,-42408.287693434744,6583.199318640004,-35825.08837479474,298.0526579215143
2045000,4089.999999917108,-42274.53625249618,6433.104535030568,-35841.43171746562,291.25715515308394
2050000,4099.999999917781,-41983.41665851977,6412.96157829846,-35570.455080221305,290.3451879617818
2055000,4109.999999919818,-42688.38351537072,6478.534147615829,-36209.84936775489,293.3139691919727
2060000,4119.999999921855,-42428.95996348414,6558.105118751086,-35870.854844733054,296.9165244682664
2065000,4129.999999923893,-42500.264148227754,6323.284327569907,-36176.97982065785,286.285073473214
2070000,4139.99999992593,-42178.43231254112,6553.49054175095,-35624.94177079017,296.7076006800743
2075000,4149.999999927967,-42422.578629600175,6694.054584267815,-35728.524045332364,303.07160159399456
2080000,4159.999999930004,-42619.64252906607,6272.000943839206,-36347.64158522686,283.96323144955466
2085000,4169.999999932042,-42427.64814355271,6403.535031766283,-36024.11311178643,289.91840348922585
2090000,4179.999999934079,-42362.57283384842,6278.578317600025,-36083.99451624839,284.2610203568424
2095000,4189.999999936116,-42488.26902165916,6595.55944708565,-35892.709574573506,298.61225956156267
2100000,4199.999999938153,-42463.96360167692,6565.5893352595,-35898.37426641742,297.25537044798284
2105000,4209.999999940191,-41999.1862798871,6711.055436205394,-35288.130843681705,303.84131079793406
2110000,4219.999999942228,-42323.595327402116,6511.741214923637,-35811.85411247848,294.8174106334078
2115000,4229.999999944265,-42011.79099112266,6359.741580988615,-35652.049410134045,287.93566625584435
2120000,4239.9999999463025,-42437.67415248806,6614.296056727016,-35823.37809576105,299.4605547496233
2125000,4249.99999994834,-42892.39074544248,6605.567086493155,-36286.823658949324,299.06535286476577
2130000,4259.999999950377,-42975.15011976892,6399.324189820212,-36575.82592994871,289.7277587018866
2135000,4269.999999952414,-42365.80551335763,6488.685103246329,-35877.120410111296,293.77355110035387
2140000,4279.999999954452,-42317.36185740144,6479.467325192814,-35837.89453220862,293.3562185670366
2145000,4289.999999956489,-42727.23666531319,6361.426023026856,-36365.810642286335,288.01192893639103
2150000,4299.999999958526,-42396.95153899514,6420.44506273367,-35976.50647626147,290.6840007970719
2155000,4309.999999960563,-42274.473489210766,6611.06676626132,-35663.40672294945,299.31434945339663
2160000,4319.999999962601,-42209.07340609719,6741.894385456849,-35467.17902064034,305.2375363027395
2165000,4329.999999964638,-42249.536374283896,6526.626777831736,-35722.90959645216,295.49135066995734
2170000,4339.999999966675,-42321.00783622742,6541.409413824964,-35779.59842240246,296.160630716878
2175000,4349.9999999687125,-42835.19255562802,6376.596576405398,-36458.59597922262,288.69877184327555
2180000,4359.99999997075,-42374.43652644975,6725.009931654775,-35649.426594794975,304.47309699448215
2185000,4369.999999972787,-42591.68475369312,6591.98162144953,-35999.70313224359,298.450274425034
2190000,4379.999999974824,-42291.46701791242,6486.635594899294,-35804.83142301313,293.6807601364624
2195000,4389.999999976862,-42341.817699106585,6800.16911030207,-35541.64858880451,307.8759094992769
2200000,4399.999999978899,-42329.573575953546,6607.740364301879,-35721.83321165167,299.16374745923866
2205000,4409.999999980936,-42515.21960588888,6383.598427128004,-36131.62117876088,289.0157788359597
2210000,4419.999999982973,-42130.912167215254,6365.478154115342,-35765.43401309991,288.19538813042607
2215000,4429.999999985011,-42226.31896214961,6568.214980923901,-35658.103981225715,297.3742458809078
2220000,4439.999999987048,-42804.413731727924,6599.891036826561,-36204.52269490136,298.80837117429303
2225000,4449.999999989085,-42618.00836415595,6604.713017570086,-36013.29534658586,299.0266851136849
2230000,4459.999999991122,-42315.558979721915,6397.712267054143,-35917.84671266777,289.6547793127572
2235000,4469.99999999316,-42538.86456694495,6478.117463324889,-36060.74710362006,293.295103917747
2240000,4479.999999995197,-42303.28285022138,6572.726461808733,-35730.556388412646,297.578502018965
2245000,4489.999999997234,-42602.13652056159,6468.7112880376835,-36133.42523252391,292.86924174807376
2250000,4499.9999999992715,-42089.79395192041,6417.971318101606,-35671.8226338188,290.57200264436244
2255000,4510.000000001309,-42805.851446943474,6555.638779967899,-36250.212666975574,296.80486161346226
2260000,4520.000000003346,-42582.25989475212,6510.810676768631,-36071.449217983485,294.7752807574961
2265000,4530.000000005383,-42244.0114000286,6444.075012018972,-35799.93638800963,291.7538406804084
2270000,4540.000000007421,-42076.84692579461,6444.343953343868,-35632.50297245075,291.7660169298018
2275000,4550.000000009458,-42248.438052028476,6533.9617228064735,-35714.476329222,295.8234384193345
2280000,4560.000000011495,-42399.4234186096,6576.464201803033,-35822.959216806565,297.7477272369781
2285000,4570.000000013532,-42460.96958267607,6337.968923973593,-36123.00065870248,286.94991480290474
2290000,4580.00000001557,-42483.81423976546,6491.08421259171,-35992.73002717375,293.8821701596326
2295000,4590.000000017607,-42388.192513799644,6539.008995509673,-35849.183518289974,296.05195239432294
2300000,4600.000000019644,-42057.806975914515,6383.605799110053,-35674.20117680446,289.0161126005531
2305000,4610.000000021681,-42104.29900886078,6680.890061327271,-35423.408947533506,302.4755811998394
2310000,4620.000000023719,-42317.45417169429,6453.123122087229,-35864.33104960706,292.163491539281
2315000,4630.000000025756,-42301.47990842996,6558.963915384298,-35742.51599304566,296.95540626520943
2320000,4640.000000027793,-42094.53125971975,6520.377084943284,-35574.154174776464,295.20839742998453
2325000,4650.0000000298305,-42366.364551851875,6604.531724698367,-35761.83282715351,299.0184771254921
2330000,4660.000000031868,-42236.45515012974,6178.752982877128,-36057.70216725261,279.7414539724828
2335000,4670.000000033905,-42267.20056763606,6555.571817063419,-35711.628750572636,296.8018298851648
2340000,4680.000000035942,-42268.664359635906,6640.643137559829,-35628.02122207608,300.6534120657399
2345000,4690.00000003798,-42398.341162541416,6664.31378905229,-35734.02737348912,301.7250947310491
2350000,4700.000000040017,-42657.029531070846,6593.589907310879,-36063.439623759965,298.52308915423646
2355000,4710.000000042054,-42493.20844752347,6495.276847174412,-35997.93160034906,294.07199061327276
2360000,4720.000000044091,-42037.414355476736,6635.248501617289,-35402.16585385945,300.40917130932826
2365000,4730.000000046129,-42361.20462876011,6683.264982494393,-35677.93964626572,302.58310514556143
2370000,4740.000000048166,-42439.41372233676,6405.7400124887745,-36033.673709847986,290.01823342497505
2375000,4750.000000050203,-42482.2723901936,6365.285546709288,-36116.98684348431,288.18666787959796
2380000,4760.0000000522405,-42481.34639510687,6437.051509439274,-36044.294885667594,291.4358534054568
2385000,4770.000000054278,-42132.84284965752,6666.956347910288,-35465.886501747234,301.8447359044692
2390000,4780.000000056315,-42611.308920250915,6675.509404156239,-35935.799516094674,302.23197332871666
2395000,4790.000000058352,-42472.205985920096,6434.295883837088,-36037.910102083006,291.3110931642405
2400000,4800.0000000603895,-42405.737057602964,6492.368360550678,-35913.36869705228,293.9403096285761
2405000,4810.000000062427,-42415.32344916521,6557.816122778719,-35857.50732638649,296.9034402498608
2410000,4820.000000064464,-42524.011953483685,6539.163961722588,-35984.8479917611,296.0589684498017
2415000,4830.000000066501,-42489.091856283776,6577.887090370074,-35911.2047659137,297.81214815130954
2420000,4840.000000068539,-42413.54929146159,6573.565957056919,-35839.98333440467,297.6165099506595
2425000,4850.000000070576,-42037.91371091717,6485.280491456554,-35552.633219460615,293.6194081762197
2430000,4860.000000072613,-42590.655213138554,6503.304584591523,-36087.35062854703,294.4354443624994
2435000,4870.00000007465,-42558.53465081169,6370.627594126424,-36187.90705668527,288.428527704032
2440000,4880.000000076688,-42276.88496851857,6490.928766601002,-35785.956201917565,293.87513238233754
2445000,4890.000000078725,-42536.135797788214,6455.81188596388,-36080.32391182434,292.2852246330505
2450000,4900.000000080762,-42693.69042258803,6309.251878274648,-36384.43854431338,285.64975793632027
2455000,4910.0000000827995,-42292.9315229042,6507.704539619438,-35785.22698328476,294.6346511960358
2460000,4920.000000084837,-42183.84403457306,6515.179056052628,-35668.664978520435,294.97305800733835
2465000,4930.000000086874,-42481.77868621057,6667.29428326085,-35814.48440294972,301.86003584064997
2470000,4940.000000088911,-42290.09233249439,6509.458748134817,-35780.63358435957,294.7140725359118
2475000,4950.000000090949,-42189.96339902328,6491.159829379094,-35698.80356964419,293.8855936902554
2480000,4960.000000092986,-42608.57643833413,6549.927337196659,-36058.649101137475,296.54627750926926
2485000,4970.000000095023,-42458.050013701664,6365.614759288964,-36092.4352544127,288.20157289456785
2490000,4980.00000009706,-42549.55694634025,6272.64943747747,-36276.90750886278,283.99259183242845
2495000,4990.000000099098,-42700.476810617605,6426.945738500943,-36273.53107211666,290.9783172224056
2500000,5000.000000101135,-42374.22980225197,6629.817448194737,-35744.41235405723,300.16328176086483
2505000,5010.000000103172,-42260.08588469942,6722.4426662850365,-35537.643218414385,304.3568647144001
2510000,5020.000000105209,-42442.942707946524,6768.296588936304,-35674.64611901022,306.43288928252167
2515000,5030.000000107247,-42410.872683089925,6364.026737697575,-36046.84594539235,288.12967562498187
2520000,5040.000000109284,-42151.54537754069,6545.6854102355155,-35605.85996730518,296.35422535585843
2525000,5050.000000111321,-42383.34159034438,6299.833189276209,-36083.508401068175,285.2233292115857
2530000,5060.0000001133585,-42035.55258379923,6463.50823491644,-35572.04434888279,292.6336748546786
2535000,5070.000000115396,-42208.491649644915,6600.1038916023645,-35608.38775804255,298.818008119585
2540000,5080.000000117433,-42567.78538015875,6502.860584127857,-36064.92479603089,294.41534235557106
2545000,5090.00000011947,-42257.02559904865,6777.074081705967,-35479.95151734268,306.8302880127223
2550000,5100.000000121508,-42474.04422559461,6302.142929210626,-36171.901296383985,285.3279020937421
2555000,5110.000000123545,-42312.91589859367,6570.958710756837,-35741.95718783683,297.49846754422725
2560000,5120.000000125582,-42393.4224583155,6585.9948357631965,-35807.427622552306,298.17922424109594
2565000,5130.000000127619,-42434.05918509577,6318.548239296848,-36115.510945798924,286.0706482933567
2570000,5140.000000129657,-41987.46951863018,6446.471054085679,-35540.99846454451,291.8623208694331
2575000,5150.000000131694,-42695.91196380195,6798.556723491294,-35897.35524031065,307.8029091006427
2580000,5160.000000133731,-42392.5346239169,6470.033897202103,-35922.500726714796,292.92912253821333
2585000,5170.0000001357685,-42223.123031764,6612.146804974923,-35610.97622678908,299.36324792869215
2590000,5180.000000137806,-42450.80870518176,6700.664470763051,-35750.14423441871,303.37086250698053
2595000,5190.000000139843,-42783.727369360975,6576.63905784039,-36207.08831152059,297.75564379914874
2600000,5200.00000014188,-42119.81877805694,6518.68511517707,-35601.133662879874,295.1317939334877
2605000,5210.0000001439175,-42590.86213715281,6537.2290607461455,-36053.633076406666,295.97136630517105
2610000,5220.000000145955,-42393.9743721346,6428.562891520731,-35965.41148061387,291.0515334099285
2615000,5230.000000147992,-42530.42642015737,6592.77209429229,-35937.65432586508,298.48606287991674
2620000,5240.000000150029,-42150.136784331116,6579.585075087991,-35570.551709243126,297.88902397319936
2625000,5250.000000152067,-42242.800474257674,6535.1619330980375,-35707.638541159635,295.8777776319499
2630000,5260.000000154104,-42420.49456084345,6686.508961235664,-35733.98559960778,302.7299754496914
2635000,5270.000000156141,-42517.083539215964,6326.6926591515785,-36190.390880064384,286.4393848099707
2640000,5280.000000158178,-42553.62962272257,6630.913614041261,-35922.71600868131,300.2129103879602
2645000,5290.000000160216,-41928.73637475155,6596.07898832663,-35332.65738642492,298.6357816577774
2650000,5300.000000162253,-42611.315707836126,6503.84727972227,-36107.468428113854,294.46001474512514
2655000,5310.00000016429,-42044.25582296844,6569.463255870403,-35474.79256709803,297.4307612084277
2660000,5320.0000001663275,-42397.27149086795,6637.315466090343,-35759.9560247776,300.5027525948408
2665000,5330.000000168365,-42329.95801964059,6428.870799803499,-35901.08721983709,291.0654738783289
2670000,5340.000000170402,-42444.618188513676,6370.831470426052,-36073.78671808762,288.4377581511216
2675000,5350.000000172439,-42311.53838375921,6413.036219157097,-35898.50216460211,290.34856730748123
2680000,5360.000000174477,-42336.17086499359,6649.592167281981,-35686.57869771161,301.05857708739643
2685000,5370.000000176514,-42661.319185823784,6479.710240301765,-36181.60894552202,293.3672164861892
2690000,5380.000000178551,-42294.557942747546,6431.0394231391865,-35863.51851960836,291.1636577427308
2695000,5390.000000180588,-42424.742492490215,6737.063386491891,-35687.67910599832,305.01881406568907
2700000,5400.000000182626,-42567.08923200582,6673.149638082229,-35893.93959392359,302.12513552594197
2705000,5410.000000184663,-42563.850483170536,6601.835497860473,-35962.01498531006,298.8964061480696
2710000,5420.0000001867,-42757.080179221,6665.1635255618585,-36091.91665365914,301.7635663332217
2715000,5430.000000188737,-42156.8110865067,6228.132254345018,-35928.678832161684,281.9770878026116
2720000,5440.000000190775,-42342.24843421974,6413.817135161545,-35928.4312990582,290.38392307896453
2725000,5450.000000192812,-42212.77096910158,6515.774302490464,-35696.996666611114,295.00000763689206
2730000,5460.000000194849,-42305.03069826483,6753.070835062044,-35551.95986320279,305.74354718737465
2735000,5470.0000001968865,-42107.21944187826,6436.731659535628,-35670.487782342636,291.42137228323895
2740000,5480.000000198924,-42252.22325073014,6795.379464703145,-35456.84378602699,307.65905952524986
2745000,5490.000000200961,-42341.339208418445,6619.173467855811,-35722.16574056263,299.68137828546827
2750000,5500.000000202998,-42585.42055491061,6656.368353784006,-35929.05220112661,301.3653671904671
2755000,5510.000000205036,-42152.22491478361,6605.674314780682,-35546.55060000293,299.07020759793653
2760000,5520.000000207073,-42480.110156498034,6580.1782486959655,-35899.93190780207,297.9158797559136
2765000,5530.00000020911,-42294.670383026474,6449.58860313536,-35845.081779891116,292.0034671017563
2770000,5540.000000211147,-42728.26524391008,6584.702027532143,-36143.56321637794,298.12069268055865
2775000,5550.000000213185,-42321.55892526533,6313.972619799837,-36007.58630546549,285.86348829611035
2780000,5560.000000215222,-42474.15383931034,6519.258043975744,-35954.895795334596,295.15773313766175
2785000,5570.000000217259,-42229.79121911089,6624.386435598403,-35605.40478351249,299.9173940607979
2790000,5580.000000219296,-42584.04293637548,6470.638080015591,-36113.40485635989,292.95647675987897
2795000,5590.000000221334,-42555.6164777088,6519.957319939198,-36035.6591577696,295.1893926772625
2800000,5600.000000223371,-42073.541750689794,6757.735991487419,-35315.805759202376,305.9547609460505
2805000,5610.000000225408,-42132.27011626022,6627.109546890762,-35505.16056936946,300.0406822249897
2810000,5620.0000002274455,-42416.59447563172,6261.835212799258,-36154.759262832464,283.50298058830657
2815000,5630.000000229483,-42590.32314785948,6728.411110782557,-35861.91203707692,304.6270845057265
2820000,5640.00000023152,-42327.89657176082,6676.273839533216,-35651.62273222761,302.2665829440251
2825000,5650.000000233557,-42901.63098578516,6422.9769608099205,-36478.654024975236,290.7986318320272
2830000,5660.000000235595,-42141.41424168099,6489.180333871288,-35652.23390780971,293.79597253967364
2835000,5670.000000237632,-42210.35752699012,6426.607201163672,-35783.75032582645,290.9629900314312
2840000,5680.000000239669,-42473.89687322406,6449.496075368848,-36024.40079785521,291.9992779308979
2845000,5690.000000241706,-42435.68689493474,6594.3070787085235,-35841.37981622622,298.55555890502285
2850000,5700.000000243744,-42256.231137898634,6402.750499688376,-35853.480638210254,289.88288400094564
2855000,5710.000000245781,-42092.29597741633,6507.689805108463,-35584.60617230787,294.6339840948367
2860000,5720.000000247818,-42389.523091171635,6564.4748916602575,-35825.04819951138,297.2049143003287
2865000,5730.0000002498555,-42433.87281925307,6575.953008106099,-35857.91981114697,297.72458307367555
2870000,5740.000000251893,-42191.794552978885,6511.160480374669,-35680.63407260422,294.79111802589455
2875000,5750.00000025393,-42537.74417431478,6429.307720156877,-36108.436454157905,291.08525533508276
2880000,5760.000000255967,-42326.30487700971,6660.733687603517,-35665.57118940619,301.56300655768723
2885000,5770.000000258005,-42239.273631692224,6716.752491501842,-35522.52114019038,304.0992435129021
2890000,5780.000000260042,-42414.07528986054,6521.674498387316,-35892.40079147323,295.26713749035633
2895000,5790.000000262079,-42390.10996219271,6215.940710786735,-36174.169251405976,281.425118800029
2900000,5800.000000264116,-42316.22990399314,6586.006128464194,-35730.223775528946,298.17973551523255
2905000,5810.000000266154,-41842.123826922034,6514.463072129602,-35327.660754792436,294.9406420191603
2910000,5820.000000268191,-42146.09576416481,6415.428973964279,-35730.666790200536,290.4568986666755
2915000,5830.000000270228,-42216.102274061646,6399.00284935444,-35817.09942470721,289.7132100948514
2920000,5840.000000272265,-42080.03835361847,6490.680782040031,-35589.35757157844,293.863904945047
2925000,5850.000000274303,-42265.72127609013,6738.734808624012,-35526.98646746612,305.09448727333097
2930000,5860.00000027634,-42380.57975356013,6473.632217949461,-35906.94753561067,293.09203558563814
2935000,5870.000000278377,-42658.06920079666,6300.211253163364,-36357.857947633296,285.2404459569517
2940000,5880.0000002804145,-42614.12960141763,6619.963699389815,-35994.16590202782,299.71715581515906
2945000,5890.000000282452,-42778.21622367471,6389.283136353806,-36388.933087320904,289.2731525857509
2950000,5900.000000284489,-42318.35251694103,6390.765000022356,-35927.58751691867,289.3402435826523
2955000,5910.000000286526,-42239.54630728683,6437.84753118354,-35801.69877610329,291.47189308542977
2960000,5920.000000288564,-42175.09247546346,6568.2750756304295,-35606.81739983303,297.3769666533075
2965000,5930.000000290601,-41690.52417611366,6580.332628156281,-35110.19154795737,297.9228692463192
2970000,5940.000000292638,-42560.47814463824,6793.291933943526,-35767.186210694716,307.5645471063967
2975000,5950.000000294675,-42593.25106326718,6492.520266976019,-36100.73079629116,293.9471871529585
2980000,5960.000000296713,-42660.73611208022,6477.045753603801,-36183.69035847642,293.24658253544794
2985000,5970.00000029875,-42244.07030282036,6428.630422855523,-35815.43987996483,291.05459087376227
2990000,5980.000000300787,-42602.61817014101,6445.521579331465,-36157.096590809546,291.819333643857
2995000,5990.000000302824,-42282.4540621076,6408.975254691384,-35873.47880741622,290.16470818456156
3000000,6000.000000304862,-42673.02179483941,6608.302992187851,-36064.718802651565,299.1892202922364
3005000,6010.000000306899,-42242.55667652417,6687.463998243929,-35555.09267828024,302.7732145048907
3010000,6020.000000308936,-42484.61094884074,6567.721747368338,-35916.8892014724,297.3519148583918
3015000,6030.0000003109735,-42028.886154723645,6571.686904428359,-35457.199250295285,297.53143632563183
3020000,6040.000000313011,-42444.299652624526,6782.828762056905,-35661.47089056762,307.09082968722834
3025000,6050.000000315048,-42712.11535471887,6539.602662518613,-36172.51269220026,296.0788305156391
3030000,6060.000000317085,-42664.21847238607,6598.662326522244,-36065.556145863826,298.7527416309219
3035000,6070.000000319123,-42525.10629452317,6383.978777347305,-36141.12751717586,289.0329990944262
3040000,6080.00000032116,-42688.287584408245,6621.846617493105,-36066.440966915136,299.80240444856213
3045000,6090.000000323197,-42559.687319075456,6531.113204915129,-36028.57411416033,295.69447250359076
3050000,6100.000000325234,-42322.951772705244,6419.323591452587,-35903.62818125266,290.63322647292784
3055000,6110.000000327272,-42509.15836313972,6603.7514211396965,-35905.40694200002,298.983149082334
3060000,6120.000000329309,-42556.56401231093,6518.220738978121,-36038.343273332815,295.110769420379
3065000,6130.000000331346,-42609.856261280365,6503.050864199609,-36106.80539708075,294.42395723693653
3070000,6140.0000003333835,-42408.59847557673,6401.70966646464,-36006.88880911209,289.835760544132
3075000,6150.000000335421,-42456.581891864014,6765.712474057566,-35690.86941780645,306.3158941452483
3080000,6160.000000337458,-42441.9383567929,6414.006105993291,-36027.93225079961,290.3924786848251
3085000,6170.000000339495,-42348.31588882912,6463.848304597386,-35884.46758423174,292.6490714221192
3090000,6180.0000003415325,-42346.94463180099,6401.406382678709,-35945.53824912228,289.82202944863775
3095000,6190.00000034357,-42348.24019818031,6837.805019371648,-35510.435178808664,309.5798656137027
3100000,6200.000000345607,-41982.47808480478,6729.497848234651,-35252.98023657013,304.6762862646862
3105000,6210.000000347644,-42078.51653290732,6680.346828794456,-35398.169704112865,302.45098648647314
3110000,6220.000000349682,-42495.290172879584,6432.6951771896165,-36062.59499568997,291.2386215819993
3115000,6230.000000351719,-42605.43504101806,6713.285955483079,-35892.149085534984,303.9422969852089
3120000,6240.000000353756,-42441.79198651004,6400.325424393686,-36041.46656211636,289.77308933998256
3125000,6250.000000355793,-42295.99066730915,6598.950667291065,-35697.04000001808,298.76579618515524
3130000,6260.000000357831,-42287.77788395237,6366.885557561279,-35920.89232639109,288.2591079598776
3135000,6270.000000359868,-42296.1406725109,6753.009343934585,-35543.13132857631,305.74076319237605
3140000,6280.000000361905,-42361.24241393199,6700.110723360953,-35661.13169057104,303.3457917356087
3145000,6290.0000003639425,-42565.292191903805,6594.870015707724,-35970.42217619608,298.58104573304263
3150000,6300.00000036598,-42334.58936170867,6614.438088497962,-35720.15127321071,299.4669852015649
3155000,6310.000000368017,-42395.64937550953,6608.7154708299495,-35786.93390467958,299.2078951567913
3160000,6320.000000370054,-42544.590503557294,6626.221118982954,-35918.36938457434,300.0004588797016
3165000,6330.000000372092,-42430.63514584454,6636.078908488891,-35794.55623735565,300.4467677671078
3170000,6340.000000374129,-42372.589197579364,6469.950882657764,-35902.6383149216,292.9253640760449
3175000,6350.000000376166,-42086.2776253355,6496.085884204409,-35590.191741131086,294.10861955696356
3180000,6360.000000378203,-42318.35728867818,6389.016531928838,-35929.34075674934,289.2610821389014
3185000,6370.000000380241,-42253.157267828006,6569.499519813719,-35683.65774801429,297.4324030491451
3190000,6380.000000382278,-42620.5421176714,6473.512147345196,-36147.029970326206,293.0865994198763
3195000,6390.000000384315,-42469.13762488548,6338.323234158519,-36130.81439072696,286.96595610550463
3200000,6400.000000386352,-42214.112064228335,6322.875288166402,-35891.23677606193,286.266554319303
3205000,6410.00000038839,-42542.58988791902,6621.287626039847,-35921.30226187917,299.7770962541213
3210000,6420.000000390427,-42552.958961013996,6516.886477978967,-36036.07248303503,295.05036109641514
3215000,6430.000000392464,-42043.04175484169,6382.085091367615,-35660.95666347408,288.9472629481854
3220000,6440.0000003945015,-42582.123510230216,6317.769293285952,-36264.354216944266,286.0353817128253
3225000,6450.000000396539,-42478.90528263943,6559.49347879743,-35919.411803842006,296.97938211269366
3230000,6460.000000398576,-42536.63891079859,6366.524077656206,-36170.11483314238,288.24274205003996
3235000,6470.000000400613,-42233.31658874499,6714.223308947023,-35519.09327979796,303.98473542248195
3240000,6480.000000402651,-42301.923946544295,6744.015892990804,-35557.90805355349,305.3335870113221
3245000,6490.000000404688,-42745.48542727245,6546.023334984546,-36199.462092287904,296.3695248120576
3250000,6500.000000406725,-42225.46261049289,6348.2278539656345,-35877.23475652726,287.41438522276593
3255000,6510.000000408762,-42363.18639205,6292.2091577618785,-36070.977234288126,284.878153143395
3260000,6520.0000004108,-42201.0642181132,6370.648793035492,-35830.41542507771,288.429487479194
3265000,6530.000000412837,-42417.714797093126,6377.639843584115,-36040.074953509014,288.74600549677564
3270000,6540.000000414874,-42631.14013887814,6583.864569596404,-36047.27556928173,298.08277698766176
3275000,6550.0000004169115,-42437.973182641435,6717.432004731314,-35720.54117791012,304.1300082997989
3280000,6560.000000418949,-42626.988978830166,6394.0664921284515,-36232.92248670172,289.48971778959947
3285000,6570.000000420986,-42422.07259723736,6373.702349283081,-36048.370247954284,288.5677364538422
3290000,6580.000000423023,-42192.4665577939,6635.188665441869,-35557.27789235203,300.40646224185815
3295000,6590.0000004250605,-42394.735531731334,6529.636254252704,-35865.09927747863,295.62760394177945
3300000,6600.000000427098,-42486.57122258318,6448.919834860611,-36037.651387722566,291.9731887899242
3305000,6610.000000429135,-42376.85190964403,6324.07179801821,-36052.78011162582,286.3207259954591
3310000,6620.000000431172,-42356.9096846311,6507.492998595231,-35849.41668603587,294.62507373050994
3315000,6630.00000043321,-42400.78299738956,6664.344189720541,-35736.438807669016,301.7264711134942
3320000,6640.000000435247,-42665.95111503627,6653.798520608332,-36012.152594427935,301.24901865363097
3325000,6650.000000437284,-42333.91084279033,6635.9032548776995,-35698.00758791262,300.43881509498664
3330000,6660.000000439321,-42058.14309223875,6696.328804969413,-35361.81428726934,303.17456635201006
3335000,6670.000000441359,-42669.25438190438,6388.940196633364,-36280.31418527101,289.2576260780094
3340000,6680.000000443396,-42006.920872736315,6614.349175122031,-35392.57169761429,299.4629596713115
3345000,6690.000000445433,-42064.353011564934,6502.131667252048,-35562.221344312886,294.3823408312782
3350000,6700.0000004474705,-42173.14909283479,6693.887268150733,-35479.26182468406,303.06402639977733
3355000,6710.000000449508,-42523.09351031837,6513.0615069824,-36010.032003335975,294.8771865171841
3360000,6720.000000451545,-42416.67543138459,6496.598213326156,-35920.07721805843,294.1318151263328
3365000,6730.000000453582,-42697.87671667815,6558.4242994034885,-36139.45241727466,296.9309752903061
3370000,6740.00000045562,-42382.35211174365,6604.778099716536,-35777.57401202711,299.02963169114577
3375000,6750.000000457657,-42511.40289994149,6274.91965413246,-36236.483245809024,284.09537530826236
3380000,6760.000000459694,-42461.185890299326,6507.597987897356,-35953.58790240197,294.6298270941918
3385000,6770.000000461731,-42572.05766468431,6382.644328038352,-36189.41333664596,288.97258224478463
3390000,6780.000000463769,-42421.220741501194,6649.344954061895,-35771.8757874393,301.04738457236635
3395000,6790.000000465806,-42616.889726111665,6435.958107778057,-36180.931618333605,291.3863499261411
3400000,6800.000000467843,-42622.40519610484,6646.724733577387,-35975.68046252745,300.9287547630673
3405000,6810.00000046988,-42313.07184034743,6519.981747093365,-35793.09009325407,295.190498610392
3410000,6820.000000471918,-42662.474704275024,6472.95326332305,-36189.521440951976,293.06129608935146
3415000,6830.000000473955,-42434.797246273956,6543.991538226441,-35890.80570804751,296.2775357358048
3420000,6840.000000475992,-42587.193867661874,6403.176992102878,-36184.016875559,289.9021933354459
3425000,6850.0000004780295,-42290.52194450714,6485.782010470826,-35804.73993403632,293.6421143207502
3430000,6860.000000480067,-42463.078889194585,6410.461386487279,-36052.617502707304,290.2319924198321
3435000,6870.000000482104,-42554.31839938578,6451.146285488243,-36103.17211389754,292.073990770113
3440000,6880.000000484141,-42430.78314986988,6465.679464516668,-35965.10368535321,292.73197671703804
3445000,6890.000000486179,-42748.419014701736,6467.387755660147,-36281.031259041585,292.8093191596975
3450000,6900.000000488216,-42639.52074705309,6538.428414213107,-36101.09233283998,296.02566672527274
3455000,6910.000000490253,-42245.241705584165,6443.836826021992,-35801.40487956217,291.74305687058535
3460000,6920.00000049229,-42641.88880754978,6581.632680354609,-36060.25612719517,297.9817287756139
3465000,6930.000000494328,-42725.78274166683,6382.662043539225,-36343.120698127605,288.9733843095355
3470000,6940.000000496365,-42588.15982181678,6562.343611865523,-36025.816209951256,297.1084211551498
3475000,6950.000000498402,-42377.683459105145,6465.4621782768045,-35912.22128082834,292.7221391383493
3480000,6960.0000005004395,-42352.10764913255,6298.946148395962,-36053.16150073659,285.18316866361414
3485000,6970.000000502477,-42586.6670865551,6469.882015100398,-36116.7850714547,292.9222461150773
3490000,6980.000000504514,-42335.260819974996,6798.549306569248,-35536.711513405746,307.80257330140245
3495000,6990.000000506551,-42089.37774931989,6642.849582717692,-35446.52816660219,300.7533083034244
3500000,7000.0000005085885,-42205.58755017357,6501.878870114823,-35703.70868005875,294.3708955058342
3505000,7010.000000510626,-42738.90115288587,6581.653351674224,-36157.24780121165,297.98266466429897
3510000,7020.000000512663,-42403.95819811034,6642.262844160523,-35761.69535394982,300.7267438659822
3515000,7030.0000005147,-41820.19572443818,6497.448150732168,-35322.74757370601,294.1702958240403
3520000,7040.000000516738,-42464.0645391813,6669.037647398829,-35795.02689178247,301.9389662041251
3525000,7050.000000518775,-42102.018180413404,6629.134584235691,-35472.883596177715,300.13236527054744
3530000,7060.000000520812,-42349.85585298698,6447.459659861348,-35902.39619312563,291.9070797419528
3535000,7070.000000522849,-42298.61389196612,6609.984134720378,-35688.62975724574,299.2653335885096
3540000,7080.000000524887,-42084.66712469107,6533.797389916081,-35550.86973477499,295.8159982899393
3545000,7090.000000526924,-42215.93445842952,6533.808456663027,-35682.12600176649,295.8164993340642
3550000,7100.000000528961,-42313.999189510185,6668.5097953741215,-35645.489394136064,301.91506783931214
3555000,7110.0000005309985,-42331.01665698434,6660.665207519551,-35670.35144946479,301.55990613947824
3560000,7120.000000533036,-42541.274501664855,6445.70583665159,-36095.56866501326,291.8276758466899
3565000,7130.000000535073,-42696.93410138803,6536.558499234572,-36160.375602153465,295.9410068050025
3570000,7140.00000053711,-42678.92452023254,6421.667810854296,-36257.25670937824,290.7393604041081
3575000,7150.000000539148,-42483.65630165109,6381.75485142477,-36101.90145022632,288.93231141961206
3580000,7160.000000541185,-42601.346543498745,6419.588058282501,-36181.75848521624,290.6452001407104
3585000,7170.000000543222,-42771.968439344375,6551.688792493065,-36220.27964685131,296.6260269452946
3590000,7180.000000545259,-42425.10614293779,6537.394664410347,-35887.71147852744,295.9788639685241
3595000,7190.000000547297,-42652.69295419578,6545.331449733909,-36107.36150446187,296.33819988508094
3600000,7200.000000549334,-42352.44406073057,6552.917178215846,-35799.52688251473,296.68164179332007
3605000,7210.000000551371,-42588.58336326614,6670.927826685975,-35917.65553658016,302.0245435857619
3610000,7220.000000553408,-42777.56989875779,6522.263323463125,-36255.30657529467,295.29379639439384
3615000,7230.000000555446,-42364.14124948741,6703.778182693985,-35660.36306679343,303.5118350147381
3620000,7240.000000557483,-42376.785034645814,6525.364646816828,-35851.420387828985,295.4342080125
3625000,7250.00000055952,-42706.27895409253,6358.206571079155,-36348.07238301337,287.866169076539
3630000,7260.0000005615575,-42580.51333129633,6347.67800429942,-36232.83532699691,287.3894909203849
3635000,7270.000000563595,-42624.64010781038,6507.293713261058,-36117.34639454932,294.61605113820184
3640000,7280.000000565632,-42248.12818373117,6540.628618938506,-35707.49956479266,296.1252804289806
3645000,7290.000000567669,-42184.55071839137,6697.838491064133,-35486.71222732724,303.24291700210875
3650000,7300.000000569707,-42542.648993398354,6535.939601402077,-36006.70939199628,295.91298636463165
3655000,7310.000000571744,-42242.44438915356,6296.428144745939,-35946.01624440763,285.06916669523673
3660000,7320.000000573781,-41916.37635332119,6624.220626919123,-35292.15572640207,299.9098871154399
3665000,7330.000000575818,-42548.84063284454,6569.051793454076,-35979.788839390465,297.4121323532336
3670000,7340.000000577856,-42644.44436562632,6645.124352288006,-35999.320013338314,300.85629791132993
3675000,7350.000000579893,-42446.527620377194,6452.229588661465,-35994.29803171573,292.1230370429791
3680000,7360.00000058193,-42099.79469434632,6694.117736204029,-35405.676958142285,303.0744607816829
3685000,7370.000000583967,-42365.58928960061,6722.6746991579985,-35642.91459044261,304.367369943114
3690000,7380.000000586005,-42247.7395595003,6475.282526482915,-35772.45703301739,293.16675288052454
3695000,7390.000000588042,-42159.1792024257,6521.889480253385,-35637.28972217232,295.2768707391136
3700000,7400.000000590079,-42140.52096446615,6598.012805482949,-35542.508158983204,298.7233347327304
3705000,7410.0000005921165,-42436.82144204964,6388.729118427165,-36048.09232362247,289.24806956644994
3710000,7420.000000594154,-42454.62186856783,6522.146317203309,-35932.47555136452,295.28849896603975
3715000,7430.000000596191,-42366.22046320734,6548.657765153171,-35817.56269805417,296.48879796115455
3720000,7440.000000598228,-42067.92008139123,6346.469853448202,-35721.45022794303,287.3347922009711
3725000,7450.000000600266,-42458.45838203264,6601.025566386238,-35857.432815646396,298.85973670864576
3730000,7460.000000602303,-42110.734628455655,6488.817375837999,-35621.917252617655,293.7795397079608
3735000,7470.00000060434,-42727.98825804365,6563.534837033689,-36164.45342100997,297.16235356861165
3740000,7480.000000606377,-42386.346333842026,6470.384054337368,-35915.96227950466,292.9449758125568
3745000,7490.000000608415,-42726.02644919709,6233.5536299585165,-36492.472819238574,282.2225391907564
3750000,7500.000000610452,-42003.22448794427,6460.831050734026,-35542.393437210245,292.51246602859084
3755000,7510.000000612489,-42241.234340140305,6526.252627852312,-35714.98171228799,295.4744111257584
3760000,7520.0000006145265,-42319.79644019756,6543.43445197626,-35776.3619882213,296.2523137989438
3765000,7530.000000616564,-42623.213841848425,6380.767718183717,-36242.446123664704,288.8876192157188
3770000,7540.000000618601,-42620.52469875506,6451.174418226651,-36169.350280528415,292.07526447261716
3775000,7550.000000620638,-42086.875831006735,6726.832617255503,-35360.04321375123,304.55561861680553
3780000,7560.0000006226755,-42216.67902990477,6395.907262589866,-35820.7717673149,289.5730581993444
3785000,7570.000000624713,-42697.90372335131,6629.281475819751,-36068.62224753156,300.13901574927917
3790000,7580.00000062675,-42469.51825171616,6479.833180065828,-35989.68507165033,293.3727825524238
3795000,7590.000000628787,-42452.851015362015,6608.042674558228,-35844.808340803786,299.1774344784311
3800000,7600.000000630825,-42001.60516275774,6418.817845449779,-35582.78731730796,290.61032895257733
3805000,7610.000000632862,-42308.511754519015,6554.336183371101,-35754.17557114791,296.7458868871805
3810000,7620.000000634899,-42254.49980772787,6340.8112222252485,-35913.68858550263,287.0785991260594
3815000,7630.000000636936,-42421.294752860034,6395.323802917336,-36025.9709499427,289.54664221256195
3820000,7640.000000638974,-42245.28873887804,6768.978444034964,-35476.310294843075,306.4637600969443
3825000,7650.000000641011,-42336.70294865983,6589.724835299336,-35746.9781133605,298.3480990118544
3830000,7660.000000643048,-42840.08876363572,6449.900642106696,-36390.18812152903,292.01759458602044
3835000,7670.0000006450855,-42124.67036952678,6521.706614357332,-35602.96375516945,295.26859153264814
3840000,7680.000000647123,-42478.858171748,6463.707251233922,-36015.150920514076,292.64268526732513
3845000,7690.00000064916,-42301.120843504206,6214.373753817197,-36086.74708968701,281.35417522578587
3850000,7700.000000651197,-42548.55079027702,6715.968761315973,-35832.58202896104,304.06376033007786
3855000,7710.000000653235,-42341.8485115075,6375.865757947013,-35965.982753560485,288.6656842253201
3860000,7720.000000655272,-41978.94640057866,6704.838127266017,-35274.10827331264,303.55982373293614
3865000,7730.000000657309,-42079.35501741088,6293.795977723859,-35785.559039687025,284.9499960095182
3870000,7740.000000659346,-42373.670338513795,6609.7122655457315,-35763.95807296806,299.25302478147086
3875000,7750.000000661384,-42047.91456517298,6467.182900491806,-35580.731664681174,292.8000443945784
3880000,7760.000000663421,-42378.71479323151,6338.053395180967,-36040.66139805055,286.9537392151178
3885000,7770.000000665458,-42326.21379311482,6419.513971610551,-35906.69982150427,290.6418458856709
3890000,7780.000000667495,-42511.58043379232,6506.855673742592,-36004.72476004973,294.59621901153605
3895000,7790.000000669533,-42280.19085756666,6644.284923799163,-35635.9059337675,300.8182930021475
3900000,7800.00000067157,-42592.63501016196,6530.361505050749,-36062.27350511121,295.6604394853433
3905000,7810.000000673607,-42492.97771162586,6445.1100825390895,-36047.86762908677,291.8007032322962
3910000,7820.0000006756445,-42472.05593782046,6874.065811417776,-35597.990126402685,311.22156365816056
3915000,7830.000000677682,-42424.122089146986,6421.601779205569,-36002.520309941414,290.7363708381756
3920000,7840.000000679719,-42266.546592446044,6687.833570507097,-35578.71302193895,302.7899467941622
3925000,7850.000000681756,-42502.06270247174,6673.832200659121,-35828.23050181262,302.15603837125974
3930000,7860.000000683794,-42713.23033420852,6436.400472128245,-36276.829862080274,291.40637785845206
3935000,7870.000000685831,-42459.50309545535,6643.46856304346,-35816.03453241189,300.7813324786569
3940000,7880.000000687868,-42512.92235662346,6545.308847753888,-35967.613508869574,296.3371765862419
3945000,7890.000000689905,-42305.55467950128,6319.158870482574,-35986.39580901871,286.0982944634187
3950000,7900.000000691943,-42325.38380198425,6546.3583758874765,-35779.02542609678,296.3846937028655
3955000,7910.00000069398,-42202.364402379084,6561.429335271989,-35640.93506710709,297.067027517256
3960000,7920.000000696017,-42275.30107978312,6399.68987332924,-35875.61120645388,289.7443149288134
3965000,7930.0000006980545,-42500.60394054226,6543.198891906294,-35957.40504863597,296.2416488772917
3970000,7940.000000700092,-42078.08772601874,6554.869062551246,-35523.218663467494,296.77001285516445
3975000,7950.000000702129,-42161.24349159468,6636.866637796919,-35524.37685379776,300.4824320091604
3980000,7960.000000704166,-41977.77396997734,6262.132710520902,-35715.64125945643,283.5164497212266
3985000,7970.0000007062035,-41865.229431690415,6484.940866272751,-35380.288565417664,293.60403173327296
3990000,7980.000000708241,-42295.31011887413,6584.815946434177,-35710.494172439954,298.1258503295823
3995000,7990.000000710278,-42162.77955776488,6655.275690485809,-35507.50386727907,301.31589714034743
4000000,8000.000000712315,-42027.9660965348,6266.003586178955,-35761.96251035585,283.69170262221337
4005000,8010.000000714353,-42153.04259431496,6228.174996512965,-35924.867597802,281.9790229432849
4010000,8020.00000071639,-42185.463500220096,6696.0526468644575,-35489.410853355635,303.1620633647534
4015000,8030.000000718427,-42316.07296724431,6490.192147806512,-35825.8808194378,293.84178215565504
4020000,8040.000000720464,-42431.15386161505,6336.346946442177,-36094.80691517287,286.87648018685735
4025000,8050.000000722502,-42255.85682167334,6521.3075802786725,-35734.54924139467,295.2505253672491
4030000,8060.000000724539,-42259.38808471145,6353.1521709968765,-35906.23591371457,287.63733241129387
4035000,8070.000000726576,-42261.53166891012,6557.896935794894,-35703.63473311522,296.9070990384072
4040000,8080.0000007286135,-42186.752250107646,6576.724017620927,-35610.028232486715,297.7594903313863
4045000,8090.000000730651,-42288.440358077874,6428.884392304368,-35859.55596577351,291.06608927531374
4050000,8100.000000732688,-42261.27470521559,6339.032651928278,-35922.242053287315,286.9980748127804
4055000,8110.000000734725,-42551.39101205708,6446.367554326727,-36105.02345773035,291.85763494443586
4060000,8120.000000736763,-42214.68045526015,6435.048647336095,-35779.63180792406,291.3451743382725
4065000,8130.0000007388,-42367.58819138922,6668.437052786323,-35699.1511386029,301.9117744373373
4070000,8140.000000740837,-42387.144233015424,6303.5111505219265,-36083.6330824935,285.38984796211395
4075000,8150.000000742874,-42623.79205853504,6295.212614998674,-36328.579443536364,285.0141338982001
4080000,8160.000000744912,-42369.99013596284,6532.18571775409,-35837.804418208754,295.7430302468452
4085000,8170.000000746949,-42567.46448978927,6654.225450468693,-35913.23903932058,301.26834779338014
4090000,8180.000000748986,-42166.374670774385,6454.247769867365,-35712.126900907024,292.2144096786036
4095000,8190.000000751023,-42380.13862484862,6595.709422857752,-35784.429201990875,298.61904967611565
4100000,8200.00000075306,-42315.142864359426,6803.611002614431,-35511.531861744996,308.03174028949377
4105000,8210.000000755097,-42562.903880259546,6682.648381227216,-35880.255499032326,302.55518868159544
4110000,8220.000000757134,-42723.62745711143,6548.987003419179,-36174.64045369226,296.5037041390665
4115000,8230.000000759172,-42512.484261576494,6357.49691984042,-36154.98734173607,287.83403979901533
4120000,8240.000000761209,-42475.99829404347,6479.6234764558285,-35996.37481758764,293.36328827535414
4125000,8250.000000763246,-42298.17710957525,6445.758085628468,-35852.41902394678,291.83004140569517
4130000,8260.000000765283,-42072.06802985794,6643.474053752564,-35428.593976105374,300.78158106910104
4135000,8270.00000076732,-42095.99553628103,6587.734525486206,-35508.26101079482,298.25798824637735
4140000,8280.000000769358,-42208.86866907275,6382.803695382418,-35826.06497369033,288.97979756034556
4145000,8290.000000771395,-42033.25306108617,6636.980707356197,-35396.272353729975,300.4875964791521
4150000,8300.000000773432,-42264.728677923966,6679.914470507854,-35584.814207416115,302.43141157612047
4155000,8310.00000077547,-42394.05960355268,6307.905242214487,-36086.154361338195,285.5887893346485
4160000,8320.000000777507,-42389.6947629982,6641.389347137498,-35748.305415860705,300.68719651266696
4165000,8330.000000779544,-42562.09541243379,6707.233243733794,-35854.8621687,303.6682620157071
4170000,8340.000000781582,-42539.64790153678,6684.296199343564,-35855.35170219322,302.62979322348707
4175000,8350.000000783619,-42320.752896452555,6462.830023457472,-35857.922872995085,292.6029690051069
4180000,8360.000000785656,-42285.62580162793,6452.608310907655,-35833.017490720275,292.1401835953813
4185000,8370.000000787693,-42274.439877398254,6608.3690142255,-35666.070863172754,299.19220942302985
4190000,8380.00000078973,-42655.74501585349,6558.41901409103,-36097.32600176246,296.9307359991423
4195000,8390.000000791768,-42313.505080999224,6439.766284893233,-35873.738796105994,291.5587641667065
4200000,8400.000000793805,-42257.46846498491,6322.611368565022,-35934.85709641989,286.25460542715166
4205000,8410.000000795842,-41963.992530994175,6474.175793886741,-35489.81673710744,293.11664584655335
4210000,8420.00000079788,-42914.83716184611,6359.508929271136,-36555.328232574975,287.925133009104
4215000,8430.000000799917,-42837.258326314855,6510.989241568195,-36326.26908474666,294.78336523292285
4220000,8440.000000801954,-42322.36024812743,6510.5570578538045,-35811.803190273626,294.76379822628223
4225000,8450.000000803991,-42698.07785811025,6607.595760239076,-36090.48209787117,299.15720054744423
4230000,8460.000000806029,-42036.13016029674,6464.988805248435,-35571.14135504831,292.7007072960998
4235000,8470.000000808066,-41945.196176168974,6723.767620383202,-35221.42855578577,304.4168516708126
4240000,8480.000000810103,-42408.24317348807,6487.361721524415,-35920.88145196365,293.7136353328722
4245000,8490.00000081214,-42343.85788809962,6563.896082485064,-35779.961805614555,297.17870886361834
4250000,8500.000000814178,-42659.94062216405,6568.162516451085,-36091.77810571297,297.37187056537925
4255000,8510.000000816215,-42419.24581317813,6573.748607597681,-35845.497205580454,297.6247794069695
4260000,8520.000000818252,-42396.32256548136,6409.944754314547,-35986.37781116681,290.2086020309349
4265000,8530.00000082029,-42370.52450239175,6694.327225674162,-35676.19727671759,303.0839453636251
4270000,8540.000000822327,-42677.772070610255,6615.262017682813,-36062.51005292744,299.50428838374086
4275000,8550.000000824364,-42330.94039818697,6702.610026662449,-35628.33037152452,303.4589470505107
4280000,8560.000000826401,-42689.73946613213,6342.597087916705,-36347.14237821542,287.15945373644956
4285000,8570.000000828439,-42523.03764167271,6449.811911953027,-36073.22572971968,292.0135773511079
4290000,8580.000000830476,-42155.39123698993,6470.943124833728,-35684.448112156206,292.9702875856538
4295000,8590.000000832513,-42481.85708775732,6352.62970135324,-36129.22738640408,287.61367773240113
4300000,8600.00000083455,-42584.271372673975,6434.302931754817,-36149.968440919154,291.31141225690516
4305000,8610.000000836588,-42229.939442746225,6615.337534453595,-35614.60190829263,299.50770738613767
4310000,8620.000000838625,-42246.710077837924,6386.293399456261,-35860.41667838166,289.13779301578063
4315000,8630.000000840662,-42285.87440004066,6402.171249397739,-35883.70315064292,289.85665859284694
4320000,8640.0000008427,-42293.07864093961,6629.727806319695,-35663.350834619916,300.1592232480014
4325000,8650.000000844737,-42183.557629917865,6396.741279813803,-35786.81635010406,289.61081811489834
4330000,8660.000000846774,-42318.62728604104,6460.017193160631,-35858.61009288041,292.4756188360361
4335000,8670.000000848811,-42245.816870991315,6508.789375771552,-35737.027495219765,294.6837668741274
4340000,8680.000000850849,-42114.68114403443,6353.969326582486,-35760.71181745194,287.6743289205043
4345000,8690.000000852886,-42156.42164608836,6612.567754102876,-35543.853891985484,299.382306292318
4350000,8700.000000854923,-42444.256388890266,6559.990553017551,-35884.26583587271,297.00188702031085
4355000,8710.00000085696,-42637.09355824551,6517.547952067258,-36119.54560617825,295.08030916582925
4360000,8720.000000858998,-42417.943243353686,6640.885274760962,-35777.05796859272,300.6643747653159
4365000,8730.000000861035,-42219.15178375575,6529.919602282278,-35689.23218147347,295.640432451026
4370000,8740.000000863072,-42259.70401561615,6404.423187156303,-35855.28082845985,289.95861449634106
4375000,8750.00000086511,-42567.81852489617,6517.539270137063,-36050.2792547591,295.07991609367
4380000,8760.000000867147,-42204.10677018488,6576.170150791477,-35627.936619393404,297.73441415297185
4385000,8770.000000869184,-42257.86071754922,6429.651256255561,-35828.20946129366,291.100808843696
4390000,8780.000000871221,-42581.47710164462,6518.929232114449,-36062.54786953017,295.14284626511375
4395000,8790.000000873259,-41819.898959608574,6820.34499372601,-34999.553965882566,308.78936743809294
4400000,8800.000000875296,-42419.72524980368,6366.676659228375,-36053.04859057531,288.2496501415216
4405000,8810.000000877333,-42583.23579039477,6623.554196900966,-35959.681593493806,299.8797146675744
4410000,8820.00000087937,-42290.25965897704,6471.470671146733,-35818.78898783031,292.994172109448
4415000,8830.000000881408,-42113.35541523853,6828.681219177905,-35284.67419606063,309.16678790384356
4420000,8840.000000883445,-42702.60029188811,6672.884891491686,-36029.715400396424,302.1131491920687
4425000,8850.000000885482,-42161.76087830361,6671.853819015736,-35489.90705928788,302.0664676506035
4430000,8860.00000088752,-42255.93841418752,6363.725893804756,-35892.21252038276,288.11605499502156
4435000,8870.000000889557,-42360.81535357912,6680.939996015931,-35679.87535756319,302.4778419800402
4440000,8880.000000891594,-42594.968240184186,6294.575606395671,-36300.39263378851,284.98529349734713
4445000,8890.000000893631,-42170.20313887135,6655.559934193549,-35514.6432046778,301.32876620119293
4450000,8900.000000895669,-42568.15090818668,6750.511688802306,-35817.63921938438,305.62768249791196
4455000,8910.000000897706,-42660.062557811325,6594.37202001333,-36065.69053779799,298.55849910591445
4460000,8920.000000899743,-42333.33422913402,6497.821363385241,-35835.51286574878,294.18719293102953
4465000,8930.00000090178,-42487.871915241296,6369.792068977641,-36118.07984626365,288.390699517568
4470000,8940.000000903818,-42066.94158344937,6591.184517675801,-35475.75706577357,298.41418575645514
4475000,8950.000000905855,-42509.23424255359,6569.110173505024,-35940.124069048565,297.41477549504236
4480000,8960.000000907892,-42292.01395555207,6607.68246144741,-35684.33149410466,299.1611259223779
4485000,8970.00000090993,-42660.28491848038,6496.490499033509,-36163.79441944687,294.1269383894051
4490000,8980.000000911967,-42346.411252956954,6544.038154913922,-35802.373098043034,296.2796462943547
4495000,8990.000000914004,-42358.35030309582,6582.398383815596,-35775.951919280225,298.0163958031001
4500000,9000.000000916041,-42606.624250125955,6593.842914317478,-36012.781335808475,298.5345439814625
4505000,9010.000000918079,-42302.43545540399,6576.517391853203,-35725.91806355079,297.750135402835
4510000,9020.000000920116,-42422.27092338662,6329.064775267006,-36093.206148119614,286.5467817576979
4515000,9030.000000922153,-42402.62833239662,6505.019435109725,-35897.6088972869,294.51308377916433
4520000,9040.00000092419,-42204.02383331797,6406.326943303483,-35797.69689001449,290.04480656682796
4525000,9050.000000926228,-42394.33599500719,6753.775260157321,-35640.56073484987,305.7754398525958
4530000,9060.000000928265,-42359.11824231659,6572.392509126494,-35786.72573319009,297.56338239706935
4535000,9070.000000930302,-42433.042975210934,6445.707933771832,-35987.3350414391,291.82777079327
4540000,9080.00000093234,-42262.23930532823,6523.205103349446,-35739.03420197878,295.33643523680297
4545000,9090.000000934377,-42484.091644664586,6458.96693356229,-36025.1247111023,292.42806860253387
4550000,9100.000000936414,-42268.229258148465,6526.507506765593,-35741.72175138287,295.4859507030785
4555000,9110.000000938451,-42594.6075785624,6471.906680308115,-36122.70089825428,293.0139123122184
4560000,9120.000000940488,-42110.14109691017,6198.944656465307,-35911.196440444866,280.65562680692824
4565000,9130.000000942526,-42553.19317291671,6763.039502186136,-35790.15367073058,306.1948760304582
4570000,9140.000000944563,-42205.09310174716,6933.536730512069,-35271.55637123509,313.9140942420213
4575000,9150.0000009466,-42129.3088498619,6400.144602675562,-35729.164247186345,289.76490268314774
4580000,9160.000000948638,-42014.36150822387,6499.244226766416,-35515.11728145745,294.2516127050773
4585000,9170.000000950675,-42585.97429971403,6745.908494570546,-35840.06580514348,305.41927406163387
4590000,9180.000000952712,-42199.708884718595,6553.729097097399,-35645.979787621196,296.7184012120997
4595000,9190.00000095475,-42097.92905112135,6592.222405735435,-35505.706645385915,298.4611758717207
4600000,9200.000000956787,-42275.135617048596,6490.574862587499,-35784.5607544611,293.8591094690444
4605000,9210.000000958824,-42487.686458491255,6655.776950697915,-35831.90950779334,301.33859156767636
4610000,9220.000000960861,-42522.156791191315,6727.837418866262,-35794.31937232505,304.60111075159824
4615000,9230.000000962898,-42172.87082176149,6459.334851667854,-35713.53597009364,292.4447260002448
4620000,9240.000000964936,-42360.65289773361,6687.761779679904,-35672.89111805371,302.7866964829041
4625000,9250.000000966973,-42535.53901518276,6482.507989250495,-36053.031025932265,293.4938838510987
4630000,9260.00000096901,-42300.0898648072,6618.031832786708,-35682.0580320205,299.62969105100166
4635000,9270.000000971047,-42228.60837862798,6616.723300727522,-35611.88507790046,299.57044759818507
4640000,9280.000000973085,-42413.4569168032,6320.6080472402155,-36092.848869562986,286.16390556882607
4645000,9290.000000975122,-42341.040796605346,6414.640279811612,-35926.400516793736,290.42119074152976
4650000,9300.00000097716,-42405.263130786014,6404.612796813413,-36000.650333972604,289.96719902485586
4655000,9310.000000979197,-42516.772984777635,6518.932917184173,-35997.84006759346,295.14301310569874
4660000,9320.000000981234,-42025.96235578932,6244.536701580047,-35781.42565420928,282.71979493686007
4665000,9330.000000983271,-42393.63321133994,6505.962807240142,-35887.6704040998,294.5557947100158
4670000,9340.000000985308,-42365.59013985866,6665.890468763725,-35699.69967109493,301.79647849993387
4675000,9350.000000987346,-42577.579876565374,6380.5929222195045,-36196.98695434587,288.87970537334434
4680000,9360.000000989383,-42406.18933497748,6350.625287266362,-36055.564047711116,287.5229283995535
4685000,9370.00000099142,-42316.16221927927,6567.8535171785825,-35748.30870210069,297.3578807026989
4690000,9380.000000993457,-42221.371090581,6345.421338207218,-35875.94975237378,287.2873209428001
4695000,9390.000000995495,-42351.495123298664,6464.622496650541,-35886.872626648124,292.68412276843515
4700000,9400.000000997532,-42374.20534913713,6398.7390758159145,-35975.46627332122,289.70126781565835
4705000,9410.00000099957,-42476.33902655635,6498.532135112602,-35977.806891443746,294.2193729383879
4710000,9420.000001001607,-42644.37445088354,6366.016841492612,-36278.35760939092,288.21977706304267
4715000,9430.000001003644,-42557.30197749863,6478.668092055283,-36078.63388544335,293.32003349205854
4720000,9440.000001005681,-42410.723774570506,6550.504799128398,-35860.218975442105,296.5724219498783
4725000,9450.000001007718,-42617.31157555041,6359.819358936204,-36257.492216614206,287.9391876324403
4730000,9460.000001009756,-42191.335670857516,6333.086230132123,-35858.24944072539,286.72885209360066
4735000,9470.000001011793,-42350.61247404234,6478.385965950869,-35872.22650809147,293.3072603051597
4740000,9480.00000101383,-42280.880867680884,6570.545506193121,-35710.33536148776,297.47975981375765
4745000,9490.000001015867,-42400.08374929597,6705.577397736803,-35694.50635155917,303.5932940135817
4750000,9500.000001017905,-42317.54047971539,6249.66994080058,-36067.87053891481,282.95220102383587
4755000,9510.000001019942,-42461.90492687392,6723.17615119161,-35738.728775682306,304.3900730551123
4760000,9520.00000102198,-42543.92817822716,6405.964668829178,-36137.96350939798,290.0284046830724
4765000,9530.000001024016,-42313.36176669219,6479.199126100832,-35834.16264059136,293.34407592204764
4770000,9540.000001026054,-42277.29346201796,6534.130741697524,-35743.16272032043,295.8310907062057
4775000,9550.000001028091,-42360.29509432393,6562.151828397319,-35798.14326592661,297.0997382078962
4780000,9560.000001030128,-42467.316699318995,6434.284280307464,-36033.032419011535,291.3105678174178
4785000,9570.000001032166,-42237.91054903163,6535.5213515968135,-35702.389197434815,295.8940502121471
4790000,9580.000001034203,-42371.16122690478,6618.016031277486,-35753.145195627294,299.6289756417311
4795000,9590.00000103624,-42596.781878331385,6600.852659215094,-35995.92921911629,298.8519083808922
4800000,9600.000001038277,-42428.77579245443,6419.180741931774,-36009.59505052265,290.62675899757124
4805000,9610.000001040315,-42465.104976161325,6512.9640608020345,-35952.14091535929,294.87277466640205
4810000,9620.000001042352,-42291.220007108466,6450.2776519042545,-35840.94235520421,292.0346636077507
4815000,9630.00000104439,-42375.647349671286,6813.4040405236465,-35562.24330914764,308.4751175649931
4820000,9640.000001046426,-42653.607599026174,6575.147018239655,-36078.460580786515,297.68809208953184
4825000,9650.000001048464,-42223.197266389965,6666.202517746148,-35556.99474864382,301.8106064374474
4830000,9660.000001050501,-42445.27857601683,6321.6065786164745,-36123.67199740036,286.20911382036263
4835000,9670.000001052538,-42003.89757137443,6523.470787453153,-35480.42678392128,295.34846401634377
4840000,9680.000001054575,-42374.083968548104,6490.935088817245,-35883.148879730856,293.87541861905373
4845000,9690.000001056613,-42511.230098599975,6744.907579918233,-35766.32251868174,305.3739579078862
4850000,9700.00000105865,-42548.89319961652,6529.519568097119,-36019.3736315194,295.6223210060621
4855000,9710.000001060687,-42174.397689523175,6703.225455813208,-35471.17223370996,303.486810447207
4860000,9720.000001062725,-42319.10590185801,6443.965539439949,-35875.14036241807,291.7488843375167
4865000,9730.000001064762,-42239.37665153027,6343.2529003531035,-35896.12375117717,287.18914547602867
4870000,9740.000001066799,-42442.982545578736,6550.996412591401,-35891.98613298734,296.59467962311976
4875000,9750.000001068836,-42546.029937610496,6759.941066485636,-35786.08887112486,306.05459515010904
4880000,9760.000001070874,-42102.04379057174,6466.067376712292,-35635.97641385945,292.7495393420399
4885000,9770.00000107291,-42750.23093289242,6614.923790443208,-36135.30714244921,299.4889752323586
4890000,9780.000001074948,-42502.21594570554,6409.056641214688,-36093.15930449085,290.1683929384959
4895000,9790.000001076985,-42412.62680878054,6472.891843586363,-35939.73496519418,293.05851532655174
4900000,9800.000001079023,-42397.754980610975,6458.854895734094,-35938.90008487688,292.4229961186449
4905000,9810.00000108106,-42301.49806791503,6379.458909277338,-35922.03915863769,288.8283632287167
4910000,9820.000001083097,-42393.36437670101,6329.197082016804,-36064.1672946842,286.55277191180534
4915000,9830.000001085134,-42494.490787655,6532.389117356552,-35962.10167029845,295.7522391115931
4920000,9840.000001087172,-42275.24826957268,6359.281869466688,-35915.966400105994,287.9148529347894
4925000,9850.000001089209,-42288.83868407714,6846.499069877933,-35442.33961419921,309.9734865168652
4930000,9860.000001091246,-42481.64315346017,6581.737123220428,-35899.90603023974,297.98645739953236
4935000,9870.000001093284,-42320.69596565864,6567.388702702615,-35753.30726295603,297.3368363467107
4940000,9880.00000109532,-42301.801369702735,6559.889717472372,-35741.91165223037,296.99732171690755
4945000,9890.000001097358,-42332.24619200005,6459.181843237964,-35873.064348762084,292.4377985828895
4950000,9900.000001099395,-42499.03647152148,6285.9433353079785,-36213.0931362135,284.5944696414902
4955000,9910.000001101433,-42229.34439188067,6519.200739617471,-35710.1436522632,295.1551386975625
4960000,9920.00000110347,-42498.9050739223,6542.373705165313,-35956.53136875699,296.20428875958504
4965000,9930.000001105507,-42451.87120503938,6698.2868966678325,-35753.584308371544,303.26321845062046
4970000,9940.000001107544,-42394.963426638395,6363.637520774704,-36031.32590586369,288.11205392878907
4975000,9950.000001109582,-42579.532942658174,6429.034683251974,-36150.4982594062,291.07289365935674
4980000,9960.000001111619,-42660.66921948263,6599.257688353323,-36061.411531129306,298.779696484875
4985000,9970.000001113656,-42317.73497176415,6394.02230461963,-35923.712667144515,289.48771721148944
4990000,9980.000001115694,-41975.735262588714,6392.645186619109,-35583.09007596961,289.4253685477987
4995000,9990.00000111773,-42600.44966754608,6647.958891222567,-35952.49077632352,300.98463093339655
5000000,10000.000001119768,-42478.01338053227,6448.614577514414,-36029.39880301786,291.959368341996
5005000,10010.000001121805,-42373.25847287162,6402.04194255504,-35971.216530316575,289.8508042587628
5010000,10020.000001123843,-42218.632620716584,6737.1499992916015,-35481.482621424984,305.0227354379451
5015000,10030.00000112588,-42488.41846971924,6589.870106815989,-35898.54836290325,298.3546761424505
5020000,10040.000001127917,-42841.645073779975,6437.448268836935,-36404.19680494304,291.4538165852581
5025000,10050.000001129954,-42057.86745739664,6733.280045440273,-35324.58741195637,304.84752427152085
5030000,10060.000001131992,-42240.86797314859,6394.012244543438,-35846.85572860515,289.4872617441243
5035000,10070.000001134029,-42388.88134009164,6526.168946156032,-35862.71239393561,295.47062245845717
5040000,10080.000001136066,-42190.109513997915,6599.113788305949,-35590.995725691966,298.7731814471982
5045000,10090.000001138103,-42658.9503308463,6627.426504537492,-36031.52382630881,300.05503240101865
5050000,10100.00000114014,-41838.11946243432,6733.9605805606925,-35104.15888187363,304.8783353242677
5055000,10110.000001142178,-42309.76135740266,6504.555641328575,-35805.20571607409,294.49208563487184
5060000,10120.000001144215,-42431.15662939299,6595.284040715685,-35835.87258867731,298.59979060891465
5065000,10130.000001146253,-42453.300833828165,6448.070498502758,-36005.23033532541,291.9347353045177
5070000,10140.00000114829,-42537.35865531553,6543.506633945828,-35993.852021369705,296.2555818190724
5075000,10150.000001150327,-42295.363912404864,6474.716537679934,-35820.64737472493,293.1411278828726
5080000,10160.000001152364,-42440.76109338552,6481.61834298909,-35959.14275039643,293.45360534516453
5085000,10170.000001154402,-42465.935877610056,6551.407822421293,-35914.52805518876,296.61330609747654
5090000,10180.000001156439,-42332.03216583142,6273.431991994327,-36058.60017383709,284.0280217871402
5095000,10190.000001158476,-42404.62112847628,6513.497110132439,-35891.12401834384,294.8969083378953
5100000,10200.000001160513,-42235.05940031848,6508.439446136978,-35726.6199541815,294.6679238998193
5105000,10210.00000116255,-42704.925960258464,6539.0274231192925,-36165.898537139175,296.0527866996144
5110000,10220.000001164588,-42156.71014265,6558.8255693518295,-35597.88457329817,296.94914268413066
5115000,10230.000001166625,-42263.27061406756,6521.537684738169,-35741.73292932939,295.2609432875388
5120000,10240.000001168662,-42539.4189601104,6583.992934055268,-35955.42602605513,298.0885886555599
5125000,10250.0000011707,-42733.94759998511,6525.969024611628,-36207.97857537348,295.46157106189435
5130000,10260.000001172737,-42050.39900677168,6648.31353257397,-35402.08547419771,301.00068722947367
5135000,10270.000001174774,-42833.934648799535,6591.010985135988,-36242.92366366355,298.40632911529576
5140000,10280.000001176812,-42279.55340367515,6632.587630704787,-35646.96577297036,300.28870106234496
5145000,10290.000001178849,-42234.20911419386,6378.1995827607825,-35856.009531433076,288.7713475442018
5150000,10300.000001180886,-42457.86335993878,6492.219294944449,-35965.64406499433,293.93356072154916
5155000,10310.000001182923,-42180.18983020238,6294.332880029098,-35885.85695017328,284.9743041234572
5160000,10320.00000118496,-41956.184845378215,6530.050573629344,-35426.13427174887,295.6463621451178
5165000,10330.000001186998,-42453.91916853946,6674.107787811392,-35779.81138072807,302.1685155087802
5170000,10340.000001189035,-42589.29004292964,6468.818872263166,-36120.471170666475,292.874112596244
5175000,10350.000001191072,-41968.81406704773,6363.395177899324,-35605.41888914841,288.10108191736435
5180000,10360.00000119311,-42467.50689404039,6579.875791745195,-35887.63110229519,297.90218609516893
5185000,10370.000001195147,-41829.676778293506,6362.149149854213,-35467.52762843929,288.04466831772766
5190000,10380.000001197184,-42267.55602622335,6782.103614227115,-35485.45241199623,307.05799880552576
5195000,10390.000001199222,-42693.838463248336,6664.3261234295205,-36029.512339818815,301.7256531668095
5200000,10400.000001201259,-42752.10415645817,6449.976902361127,-36302.12725409704,292.02104724944843
5205000,10410.000001203296,-42273.40879010805,6365.3006586802285,-35908.10813142782,288.18735207020006
5210000,10420.000001205333,-42163.026840283535,6484.6749448141545,-35678.35189546938,293.5919922075505
5215000,10430.00000120737,-42065.255046744016,6432.8960564268145,-35632.3589903172,291.2477163378574
5220000,10440.000001209408,-42418.64755664737,6656.073827705145,-35762.573728942225,301.3520325979107
5225000,10450.000001211445,-42203.76449972548,6283.552140222985,-35920.2123595025,284.48620889831733
5230000,10460.000001213482,-42292.03924445814,6479.066139187118,-35812.97310527102,293.3380549736938
5235000,10470.00000121552,-42195.03787034331,6707.166706309218,-35487.87116403409,303.66524955090296
5240000,10480.000001217557,-42251.52347380604,6450.875931846393,-35800.647541959646,292.06175057843234
5245000,10490.000001219594,-42300.47449760436,6712.89792116727,-35587.57657643709,303.92472883124697
5250000,10500.000001221631,-42060.021009879885,6376.454701587443,-35683.566308292444,288.6923484973404
5255000,10510.000001223669,-42301.48278359935,6301.530225911591,-35999.95255768776,285.3001621092823
5260000,10520.000001225706,-42226.710645326355,6560.327757454388,-35666.382887871965,297.0171538645605
5265000,10530.000001227743,-42401.11329737841,6515.532558068235,-35885.58073931018,294.98906272027995
5270000,10540.00000122978,-42170.42021533137,6488.811739738216,-35681.60847559315,293.77928453499095
5275000,10550.000001231818,-42239.274661822536,6615.49548033264,-35623.779181489896,299.514858345235
5280000,10560.000001233855,-42235.99751450517,6575.12640590034,-35660.871108604835,297.6871588711646
5285000,10570.000001235892,-42336.93698518671,6717.259076279553,-35619.67790890716,304.1221790085708
5290000,10580.00000123793,-42275.17158028809,6538.807019086426,-35736.36456120167,296.04280796364833
5295000,10590.000001239967,-42281.39683509676,6632.662670273699,-35648.734164823065,300.29209845954966
5300000,10600.000001242004,-42293.1284302249,6413.910290374297,-35879.2181398506,290.38814065729025
5305000,10610.000001244041,-42793.821142438566,6385.832206073325,-36407.98893636524,289.11691260384924
5310000,10620.000001246079,-42469.28795525228,6542.108788237692,-35927.17916701459,296.19229471374445
5315000,10630.000001248116,-42424.99974850839,6724.861126816149,-35700.13862169224,304.46635989364154
5320000,10640.000001250153,-42236.226046088326,6559.769017858649,-35676.45702822968,296.9918570729041
5325000,10650.00000125219,-42097.574001266854,6478.935126186743,-35618.63887508011,293.33212339375916
5330000,10660.000001254228,-42212.309265659715,6444.990720723898,-35767.31854493581,291.79529915677756
5335000,10670.000001256265,-42442.6684162725,6469.068993914782,-35973.599422357715,292.88543678976447
5340000,10680.000001258302,-42381.21450612298,6343.8256059129335,-36037.38890021005,287.2150745731214
5345000,10690.00000126034,-42157.21600204421,6660.792264579162,-35496.42373746505,301.56565861521113
5350000,10700.000001262377,-42303.22527640202,6480.29562054099,-35822.92965586104,293.3937194261354
5355000,10710.000001264414,-42515.0169730527,6409.130317829477,-36105.88665522322,290.17172862830284
5360000,10720.000001266451,-42099.32793733064,6531.2403579298625,-35568.08757940078,295.7002293236671
5365000,10730.000001268489,-42582.82623252133,6326.087308406175,-36256.738924115154,286.41197771048775
5370000,10740.000001270526,-42478.008977982856,6662.656475940079,-35815.35250204278,301.650060305659
5375000,10750.000001272563,-42213.12369260355,6756.371231973302,-35456.75246063025,305.89297180965684
5380000,10760.0000012746,-42509.64125426061,6634.066003366651,-35875.57525089396,300.3556340048155
5385000,10770.000001276638,-42278.75391420949,6539.789911987855,-35738.96400222163,296.08730818725445
5390000,10780.000001278675,-42746.449852337595,6596.152732368446,-36150.29711996915,298.6391204003257
5395000,10790.000001280712,-42457.36401800375,6695.3133724095305,-35762.050645594216,303.1285929037269
5400000,10800.00000128275,-42651.941380219534,6512.734132564186,-36139.207247655344,294.8623647245023
5405000,10810.000001284787,-42673.60823965771,6589.673357444962,-36083.93488221275,298.3457683652223
5410000,10820.000001286824,-42428.90787177597,6450.523220602476,-35978.384651173496,292.04578166747586
5415000,10830.000001288861,-41961.875057967845,6369.8168607710195,-35592.05819719683,288.3918219596442
5420000,10840.000001290899,-42224.48996351223,6607.89582849608,-35616.594135016145,299.17078606069225
5425000,10850.000001292936,-42583.12113117287,6508.802786769694,-36074.318344403175,294.68437405362295
5430000,10860.000001294973,-42414.69728981587,6616.578492678855,-35798.11879713702,299.563891450983
5435000,10870.00000129701,-42201.72727884067,6497.660964336085,-35704.066314504584,294.17993090528563
5440000,10880.000001299048,-42513.14094895177,6700.156033819219,-35812.98491513255,303.3478431549664
5445000,10890.000001301085,-42450.973535389,6722.144360056722,-35728.82917533228,304.3433589765483
5450000,10900.000001303122,-41924.35596583615,6442.244858494592,-35482.11110734155,291.67098094976024
5455000,10910.00000130516,-42416.71576983051,6479.897220227667,-35936.818549602845,293.3756819542991
5460000,10920.000001307197,-42805.85795086471,6566.683485508409,-36239.1744653563,297.3049078194139
5465000,10930.000001309234,-42552.24057883152,6615.294714876858,-35936.945863954665,299.50576874080133
5470000,10940.000001311271,-42099.71292075759,6615.002018155385,-35484.71090260221,299.4925169719306
5475000,10950.000001313309,-42379.98880504549,6628.432535958108,-35751.556269087385,300.1005802151367
5480000,10960.000001315346,-42293.966386179265,6492.448623987968,-35801.517762191295,293.94394353507965
5485000,10970.000001317383,-41981.45644049562,6433.270080924442,-35548.18635957118,291.2646502009002
5490000,10980.00000131942,-42427.64565746725,6477.196145404985,-35950.44951206226,293.25339148561073
5495000,10990.000001321458,-42418.03077468427,6652.515997965361,-35765.51477671891,301.19095277045164
5500000,11000.000001323495,-42543.06991476868,6612.556542528857,-35930.513372239824,299.38179869118454
