#"Step","Time (ps)","Potential Energy (kJ/mole)","Kinetic Energy (kJ/mole)","Total Energy (kJ/mole)","Temperature (K)"
505000,1009.9999999899404,-43549.485701299156,5940.555662761295,-37608.93003853786,268.95713149734735
510000,1019.999999989704,-43415.76652812271,6129.5488440510435,-37286.217684071664,277.51374922772
515000,1029.9999999894676,-43790.227348790504,6133.19150784036,-37657.03584095014,277.67866989497765
520000,1039.9999999892311,-43620.122625546355,6318.391191007346,-37301.73143453901,286.0635379723953
525000,1049.9999999889947,-43330.78510658856,6135.302096450405,-37195.48301013816,277.7742262520853
530000,1059.9999999887582,-43226.06501880108,6095.209854162686,-37130.85516463839,275.95906028224243
535000,1069.9999999885217,-43610.94639384735,6138.923987291118,-37472.02240655623,277.9382064294315
540000,1079.9999999882853,-43580.5528738976,6149.051915343779,-37431.50095855382,278.39674577014176
545000,1089.9999999880488,-43840.73703980417,6230.859939305775,-37609.877100498394,282.1005830384651
550000,1099.9999999878123,-43536.45918288012,6212.947690295953,-37323.51149258417,281.2896105662186
555000,1109.9999999875758,-43096.70352611353,6230.304053752794,-36866.39947236074,282.0754154628615
560000,1119.9999999873394,-43603.22332888347,6135.151814237934,-37468.07151464553,277.7674222635233
565000,1129.999999987103,-43452.50048669282,6175.621795310299,-37276.878691382524,279.5996902597995
570000,1139.9999999868664,-43411.18012851325,6081.697131560488,-37329.482996952764,275.3472752378587
575000,1149.99999998663,-43385.454718830704,6140.418542797972,-37245.036176032736,278.00587204605165
580000,1159.9999999863935,-43275.077660126204,6069.757481640738,-37205.32017848547,274.80671065504896
585000,1169.999999986157,-43587.06966854812,6197.550012204325,-37389.5196563438,280.59248464629763
590000,1179.9999999859206,-43306.826817036315,5905.448898006762,-37401.37791902955,267.36768174204576
595000,1189.999999985684,-43473.995732015406,6133.196758962902,-37340.7989730525,277.67890763820174
600000,1199.9999999854476,-43333.32734587381,6001.303746109165,-37332.023599764645,271.70748536468415
605000,1209.9999999852112,-43560.603263184836,6102.563938029518,-37458.03932515532,276.2920145400424
610000,1219.9999999849747,-43432.41322599031,6067.616041940095,-37364.797184050214,274.7097575227402
615000,1229.9999999847382,-43682.09629375453,5970.034156646287,-37712.06213710824,270.2917627349384
620000,1239.9999999845018,-43898.461930353544,6232.638792510254,-37665.82313784329,282.18112016030886
625000,1249.9999999842653,-43468.00657944282,6292.6392453067265,-37175.3673341361,284.89762524649814
630000,1259.9999999840288,-43660.59870920202,6299.514009044552,-37361.08470015747,285.2088784085951
635000,1269.9999999837923,-43522.950419171655,6049.580308357919,-37473.37011081373,273.8931943182036
640000,1279.9999999835559,-43706.8159049495,6198.620805400178,-37508.195099549324,280.64096453315216
645000,1289.9999999833194,-43685.06076562987,6156.659815678575,-37528.40094995129,278.7411915033231
650000,1299.999999983083,-43656.24048148835,6168.024305875653,-37488.216175612695,279.255715877448
655000,1309.9999999828465,-43580.42503221892,6158.394856323192,-37422.03017589573,278.8197450227746
660000,1319.99999998261,-43782.460704318015,6134.517022360305,-37647.94368195771,277.73868222434226
665000,1329.9999999823735,-43800.71384569554,6088.564793402217,-37712.14905229332,275.6582068634344
670000,1339.999999982137,-43113.8341615118,6137.657556774276,-36976.17660473752,277.88086911312865
675000,1349.9999999819006,-43756.93283378676,6102.647027723082,-37654.28580606368,276.2957764045727
680000,1359.9999999816641,-43238.17700240988,6143.929927146239,-37094.24707526364,278.1648490703416
685000,1369.9999999814277,-43694.325128238765,5989.87469384838,-37704.45043439038,271.19003795971105
690000,1379.9999999811912,-43959.312742214475,6259.058188956258,-37700.254553258215,283.3772515472347
695000,1389.9999999809547,-43643.52044774016,6255.1264082696125,-37388.39403947054,283.19924118672486
700000,1399.9999999807183,-43615.6236991426,6232.287900494414,-37383.335798648186,282.16523361443626
705000,1409.9999999804818,-43780.26270635659,6124.946907506028,-37655.31579885056,277.3053977328861
710000,1419.9999999802453,-43349.793298958044,6180.845919036537,-37168.947379921505,279.83621111942284
715000,1429.9999999800089,-43504.46274933609,6198.932015507722,-37305.53073382837,280.65505449082104
720000,1439.9999999797724,-43660.65852735477,5979.638136156305,-37681.020391198464,270.72658043998337
725000,1449.999999979536,-43582.150765812374,6211.303266072016,-37370.847499740354,281.2151596819339
730000,1459.9999999792994,-43451.13020964211,5902.794210503933,-37548.33599913818,267.2474914473468
735000,1469.999999979063,-43423.23820759007,5995.5605408299425,-37427.67766676012,271.447463221102
740000,1479.9999999788265,-43368.134137094545,6002.758388341474,-37365.37574875307,271.77334391805294
745000,1489.99999997859,-43340.74290776951,6055.0164719286,-37285.726435840916,274.13931522731076
750000,1499.9999999783536,-43532.72179801273,6153.194654946705,-37379.52714306603,278.58430724139066
755000,1509.999999978117,-43569.85198660917,6340.268926818322,-37229.58305979084,287.05404684082697
760000,1519.9999999778806,-43329.9036829524,6236.853152356868,-37093.05053059553,282.3719242196915
765000,1529.9999999776442,-43586.59651019756,6079.96680965905,-37506.62970053851,275.26893535829237
770000,1539.9999999774077,-43299.2608080128,6190.748753155725,-37108.51205485707,280.28455939012196
775000,1549.9999999771712,-43303.29719343438,6056.976813055391,-37246.32038037899,274.2280691682128
780000,1559.9999999769348,-43725.556906054146,6153.547213588017,-37572.00969246613,278.60026924330344
785000,1569.9999999766983,-43385.63199509849,6221.706990660479,-37163.92500443801,281.6861856399502
790000,1579.9999999764618,-43507.51949057501,6112.151240424408,-37395.368250150605,276.7260771929843
795000,1589.9999999762254,-43516.805069272,6166.032777762355,-37350.772291509646,279.1655499537438
800000,1599.9999999759889,-43566.190101379936,6083.076599862083,-37483.11350151785,275.4097303108267
805000,1609.9999999757524,-43314.01219547691,5924.5809672514,-37389.43122822551,268.23388126205066
810000,1619.999999975516,-43648.5388213211,5871.479599741273,-37777.059221579824,265.82973048981944
815000,1629.9999999752795,-43447.88244417822,5973.158865707321,-37474.7235784709,270.4332331349361
820000,1639.999999975043,-43687.232285933394,6039.471569849954,-37647.76071608344,273.4355237791996
825000,1649.9999999748065,-43337.991037935775,6362.196837353198,-36975.794200582575,288.0468273569933
830000,1659.99999997457,-43418.767593960394,6031.061402714309,-37387.706191246085,273.05475562271295
835000,1669.9999999743336,-43242.2850421787,6321.942501863791,-36920.34254031491,286.2243226590859
840000,1679.9999999740971,-43414.133951075026,6107.826889172802,-37306.307061902226,276.53029330099764
845000,1689.9999999738607,-43400.6000097965,6087.838580043295,-37312.761429753205,275.62532774017404
850000,1699.9999999736242,-43177.254753338464,6182.697703732398,-36994.55704960607,279.92005019580273
855000,1709.9999999733877,-43346.358207437035,6103.226210502637,-37243.1319969344,276.32199875612446
860000,1719.9999999731513,-43714.01919729437,5998.742994140928,-37715.276203153444,271.59154797718173
865000,1729.9999999729148,-43633.58723755891,6206.063374614138,-37427.52386294477,280.9779249423114
870000,1739.9999999726783,-43365.39263743762,6206.471572497441,-37158.92106494018,280.99640599661154
875000,1749.9999999724419,-43526.59025373071,6034.0719103388,-37492.518343391916,273.19105558200954
880000,1759.9999999722054,-43428.97481446556,6173.281914922443,-37255.692899543115,279.4937527763568
885000,1769.999999971969,-43280.26553041855,6064.683424849405,-37215.58210556914,274.5769840373512
890000,1779.9999999717324,-43479.11661913118,6157.717760368889,-37321.39885876229,278.7890896773901
895000,1789.999999971496,-43137.66872413654,6167.631230875912,-36970.037493260636,279.23791950781595
900000,1799.9999999712595,-43683.40945507854,6061.994132694126,-37621.41532238441,274.4552270259025
905000,1809.999999971023,-43630.23958195135,5887.752838387485,-37742.48674356386,266.5664971889169
910000,1819.9999999707866,-43448.2588874636,6095.772403257439,-37352.48648420616,275.984529547988
915000,1829.99999997055,-43324.10939078854,6005.837288864651,-37318.27210192389,271.91274034826745
920000,1839.9999999703136,-43313.11239848449,6177.895596369923,-37135.21680211456,279.70263601863246
925000,1849.9999999700772,-43567.14211843262,6121.388606571334,-37445.75351186129,277.1442965721986
930000,1859.9999999698407,-43407.68680312153,5913.102658588733,-37494.5841445328,267.7142037861364
935000,1869.9999999696042,-43758.8978330649,6124.612019615299,-37634.2858134496,277.2902357696663
940000,1879.9999999693678,-43355.44308916066,6154.483119529674,-37200.95996963099,278.64264214437685
945000,1889.9999999691313,-43374.249562682526,6203.950873676182,-37170.29868900635,280.8822820050488
950000,1899.9999999688948,-43360.79721461353,6028.240497045781,-37332.55671756775,272.9270398432635
955000,1909.9999999686584,-43344.909848764306,6209.54567979769,-37135.36416896662,281.1355854148893
960000,1919.999999968422,-43306.65149310941,6259.547584781194,-37047.10390832822,283.3994088174824
965000,1929.9999999681854,-43459.943985460966,6131.497748545472,-37328.44623691549,277.6019853780299
970000,1939.999999967949,-43425.12652793905,6445.443250976856,-36979.6832769622,291.8157873477248
975000,1949.9999999677125,-43519.82554529264,6036.810471141842,-37483.0150741508,273.31504321882846
980000,1959.999999967476,-43643.18459873111,6047.065828263729,-37596.11877046738,273.7793518779113
985000,1969.9999999672395,-43873.20362301561,6066.658595892454,-37806.54502712315,274.66640939890203
990000,1979.999999967003,-43826.2910621544,6191.202726234542,-37635.088335919856,280.30511290463926
995000,1989.9999999667666,-43203.754371292365,6106.868615612932,-37096.88575567943,276.48690771175586
1000000,1999.9999999665301,-43252.69187961746,6048.931262548778,-37203.76061706868,273.8638089359352
1005000,2009.9999999662937,-43703.701222556934,6191.536066462841,-37512.165156094095,280.32020479784006
1010000,2019.9999999660572,-43236.788315853395,6207.2223005059,-37029.5660153475,281.0303950143318
1015000,2029.9999999658207,-43729.2396093469,6291.751607280548,-37437.488002066355,284.85743766289795
1020000,2039.9999999655843,-43458.83818750124,6357.285952256516,-37101.55223524473,287.82448829585184
1025000,2049.999999965348,-43229.3099925752,6350.002816366211,-36879.30717620899,287.4947461894626
1030000,2059.9999999651113,-43528.08243273647,5939.31100790203,-37588.77142483444,268.9007800683471
1035000,2069.999999964875,-43565.991771222325,6154.309157836026,-37411.6826133863,278.6347660733879
1040000,2079.9999999646384,-43349.12280752603,6288.117595666072,-37061.005211859956,284.6929087206334
1045000,2089.999999964402,-43029.562954250025,6011.835581989417,-37017.727372260604,272.1843115285243
1050000,2099.9999999641655,-43915.56910149334,6201.5569553396135,-37714.01214615373,280.77389796736054
1055000,2109.999999963929,-43795.66403307172,6097.999683422819,-37697.6643496489,276.08536908528527
1060000,2119.9999999636925,-42891.359673112456,6171.3165239154905,-36720.043149196965,279.40477020342774
1065000,2129.999999963456,-43205.22540710395,6072.227114932666,-37132.99829217128,274.91852266789
1070000,2139.9999999632196,-43305.12507476588,6167.497534364418,-37137.62754040146,279.2318664326048
1075000,2149.999999962983,-43679.4095108193,6244.1022699445175,-37435.30724087478,282.7001261561674
1080000,2159.9999999627466,-44012.11059273733,6016.67270985252,-37995.437882884806,272.40331124986375
1085000,2169.99999996251,-43215.01344066125,6324.856441358921,-36890.15699930233,286.35625052113414
1090000,2179.9999999622737,-43101.272841492144,6030.840727365448,-37070.4321141267,273.0447646029849
1095000,2189.9999999620372,-43784.06057043915,6201.217197179622,-37582.84337325953,280.7585155039511
1100000,2199.9999999618008,-43356.19782442035,5908.584533451107,-37447.61329096924,267.5096468312409
1105000,2209.9999999615643,-43420.1977672404,6224.853354296893,-37195.34441294351,281.82863644528516
1110000,2219.999999961328,-43550.36216855311,6157.839360537484,-37392.52280801562,278.7945950937841
1115000,2229.9999999610914,-43426.42684765102,6098.170673539562,-37328.256174111455,276.0931106188933
1120000,2239.999999960855,-43577.375882968365,6080.549673270023,-37496.82620969834,275.295324358541
1125000,2249.9999999606184,-43092.92187371844,6167.323610796113,-36925.59826292233,279.22399208773095
1130000,2259.999999960382,-43166.361895717564,6211.342307369829,-36955.019588347735,281.21692726666265
1135000,2269.9999999601455,-43520.736291217036,6182.477377497384,-37338.25891371965,279.9100749821145
1140000,2279.999999959909,-43401.60983919073,6104.642324853858,-37296.96751433687,276.38611296957487
1145000,2289.9999999596726,-43523.828786027676,6152.858418646698,-37370.97036738098,278.5690842292873
1150000,2299.999999959436,-43285.64473300695,6031.862451602645,-37253.7822814043,273.0910229053421
1155000,2309.9999999591996,-43836.67620083038,6177.969472561226,-37658.70672826915,279.70598074421486
1160000,2319.999999958963,-43696.945875032805,6266.575334538542,-37430.37054049426,283.717588382311
1165000,2329.9999999587267,-43738.1067764092,5951.933924334679,-37786.172852074524,269.47227936699653
1170000,2339.99999995849,-43489.096322476864,6137.7714437555405,-37351.32487872132,277.8860253169477
1175000,2349.9999999582537,-43304.48263517703,6206.493847353586,-37097.988787823444,280.99741448500106
1180000,2359.9999999580173,-43750.00512941985,6110.952831526065,-37639.05229789378,276.6718195379842
1185000,2369.999999957781,-43533.74515868805,6172.4350807277415,-37361.310077960305,279.4554125757441
1190000,2379.9999999575443,-43670.64390456944,6165.830632296009,-37504.81327227343,279.15639786968626
1195000,2389.999999957308,-43454.343536645756,6133.919148161131,-37320.42438848462,277.71161362356906
1200000,2399.9999999570714,-43660.70337872027,6032.25299318472,-37628.45038553554,273.1087045751401
1205000,2409.999999956835,-43689.463191583636,6268.439123890052,-37421.02406769359,283.8019709663915
1210000,2419.9999999565985,-43226.43012165342,6088.89168452957,-37137.538437123854,275.6730067752466
1215000,2429.999999956362,-43679.457547457016,5964.283225488138,-37715.17432196888,270.03139080417264
1220000,2439.9999999561255,-43426.24261196371,6081.869633703359,-37344.37297826035,275.3550852280612
1225000,2449.999999955889,-43452.24612937018,6106.038037486875,-37346.2080918833,276.4493035004749
1230000,2459.9999999556526,-43381.92964132823,6197.373015664234,-37184.556625663994,280.58447117341564
1235000,2469.999999955416,-43428.779197020165,6096.808501929372,-37331.97069509079,276.03143864918513
1240000,2479.9999999551796,-43206.09191015025,6001.009602470821,-37205.08230767943,271.69416808702385
1245000,2489.999999954943,-43308.857601737895,6208.744558940872,-37100.11304279702,281.09931487390554
1250000,2499.9999999547067,-43306.30011947092,6215.761484042555,-37090.53863542837,281.41700435522984
1255000,2509.9999999544702,-43672.24098010501,6114.357096131659,-37557.88388397335,276.82594674344375
1260000,2519.9999999542338,-43419.33504746703,6094.5222320707135,-37324.81281539632,275.92792836867915
1265000,2529.9999999539973,-43235.36015353486,6223.037721023854,-37012.322432511006,281.74643411528615
1270000,2539.999999953761,-43153.382940288575,6039.10844067626,-37114.274499612315,273.4190831991488
1275000,2549.9999999535244,-43624.47591124277,5901.967322155122,-37722.50858908765,267.21005428978276
1280000,2559.999999953288,-43463.90192279575,6202.578695919101,-37261.323226876644,280.82015700961074
1285000,2569.9999999530514,-43438.09908919083,6026.436520667701,-37411.66256852313,272.8453652761891
1290000,2579.999999952815,-43499.88968963554,5990.868630344177,-37509.021059291365,271.23503817921505
1295000,2589.9999999525785,-43661.57841538527,6128.839167507525,-37532.73924787775,277.48161880452875
1300000,2599.999999952342,-43631.98898678459,6351.326902463685,-37280.66208432091,287.55469384736676
1305000,2609.9999999521056,-43490.47258563753,6075.2049851428965,-37415.26760049463,275.0533449766406
1310000,2619.999999951869,-43776.417588416545,6121.037599529859,-37655.379988886685,277.1284048185699
1315000,2629.9999999516326,-43572.80549205525,6044.842645035675,-37527.962847019575,273.678697828399
1320000,2639.999999951396,-43917.8953609544,6147.581290854188,-37770.31407010021,278.33016362418033
1325000,2649.9999999511597,-43270.665212703636,6070.948837781897,-37199.716374921736,274.86064899827943
1330000,2659.999999950923,-43538.87043849757,6013.431027080151,-37525.43941141742,272.25654489513596
1335000,2669.9999999506867,-43218.778200959845,6200.972200605507,-37017.806000354336,280.7474233469979
1340000,2679.9999999504503,-43617.07977005618,6095.91631243828,-37521.1634576179,275.9910449991802
1345000,2689.999999950214,-43443.81802935555,6003.104226770811,-37440.71380258474,271.78900166409505
1350000,2699.9999999499773,-43528.74352199305,6266.570779716254,-37262.172742276794,283.7173821639021
1355000,2709.999999949741,-43732.82214973762,6359.665378512993,-37373.15677122463,287.9322162083371
1360000,2719.9999999495044,-43369.48684920336,6139.861188974471,-37229.625660228885,277.9806379948773
1365000,2729.999999949268,-43714.766486278444,6254.37831532195,-37460.388170956496,283.16537147070517
1370000,2739.9999999490315,-43276.575019540265,6031.326067908921,-37245.24895163134,273.0667382714062
1375000,2749.999999948795,-43529.372376846324,6275.5832258717355,-37253.78915097459,284.12541834828585
1380000,2759.9999999485585,-42758.99421791942,5945.166506692905,-36813.82771122651,269.16588627182097
1385000,2769.999999948322,-43476.46765787969,6144.033544877338,-37332.43411300235,278.1695403364976
1390000,2779.9999999480856,-43357.75037242076,6047.393716722449,-37310.35665569831,273.79419694364503
1395000,2789.999999947849,-43201.29269503162,6230.56454871839,-36970.728146313224,282.08720930550743
1400000,2799.9999999476127,-43469.63657333347,6102.081020012968,-37367.5555533205,276.2701505509052
1405000,2809.999999947376,-43459.72089563217,6060.2425908203095,-37399.47830481186,274.3759264175382
1410000,2819.9999999471397,-43491.1052123339,6015.910152552091,-37475.195059781814,272.36878666398843
1415000,2829.9999999469032,-43626.5028583862,5947.244615078909,-37679.25824330729,269.25997209512934
1420000,2839.999999946667,-43111.37063675758,6157.3016168026725,-36954.069019954906,278.7702488843373
1425000,2849.9999999464303,-43538.70710025239,6109.548864659488,-37429.1582355929,276.60825529878025
1430000,2859.999999946194,-43418.315248751314,6246.656509137161,-37171.658739614155,282.815768679428
1435000,2869.9999999459574,-43655.75164874998,6159.039763512541,-37496.71188523744,278.84894303009514
1440000,2879.999999945721,-43176.61669382005,6298.813145533563,-36877.80354828649,285.1771469931876
1445000,2889.9999999454844,-43533.120369362354,6197.651259586509,-37335.46910977585,280.59706859551545
1450000,2899.999999945248,-43693.31219681731,6163.958073193035,-37529.354123624275,279.07161823736124
1455000,2909.9999999450115,-43605.5111894079,6174.463761563868,-37431.04742784404,279.5472605794298
1460000,2919.999999944775,-43469.44875960582,5940.406104092746,-37529.04265551307,268.95036026705054
1465000,2929.9999999445386,-43452.14955391543,6249.827606117093,-37202.32194779834,282.95933928053665
1470000,2939.999999944302,-43439.41264203447,6192.540368185206,-37246.872273849265,280.3656743003142
1475000,2949.9999999440656,-43253.66866554739,6307.995752065852,-36945.67291348154,285.5928871449169
1480000,2959.999999943829,-43847.20194973133,6026.490125819362,-37820.711823911966,272.84779223565937
1485000,2969.9999999435927,-43288.86183156533,5913.633959991377,-37375.22787157395,267.7382583206493
1490000,2979.999999943356,-43284.10300026508,6229.814595391451,-37054.28840487363,282.05325536129396
1495000,2989.9999999431197,-42942.14459115884,6305.329233425364,-36636.815357733474,285.4721611984999
1500000,2999.9999999428833,-43446.949529856734,6413.162677267266,-37033.78685258947,290.35429266593195
1505000,3009.999999942647,-43623.026593259594,6124.48042295128,-37498.54617030831,277.2842777645102
1510000,3019.9999999424103,-43445.61965962208,5957.163981095671,-37488.455678526414,269.7090688432441
1515000,3029.999999942174,-43254.98052774614,6176.555949143495,-37078.424578602644,279.6419838346125
1520000,3039.9999999419374,-43351.06074246799,6316.264650160717,-37034.796092307275,285.9672593818745
1525000,3049.999999941701,-42991.55028498027,6102.076268472625,-36889.47401650765,276.26993542613684
1530000,3059.9999999414645,-43505.09506635164,6109.959223475641,-37395.135842876,276.62683418876003
1535000,3069.999999941228,-43593.59542898042,6263.287038178566,-37330.30839080185,283.5687116093795
1540000,3079.9999999409915,-43441.73893521866,6134.3475174481555,-37307.3914177705,277.7310079329907
1545000,3089.999999940755,-43140.83135569055,6105.204646123304,-37035.626709567245,276.41157192058824
1550000,3099.9999999405186,-43158.17881095584,6457.218330528312,-36700.96048042753,292.34890104938825
1555000,3109.999999940282,-43598.77124292002,6206.319161329209,-37392.45208159081,280.98950562012436
1560000,3119.9999999400457,-43443.27895018528,5941.27489935759,-37502.004050827694,268.98969474947205
1565000,3129.999999939809,-43673.623699214484,6288.612162888167,-37385.01153632632,284.715300124559
1570000,3139.9999999395727,-43228.955762164784,6192.739849181148,-37036.21591298364,280.37470575115856
1575000,3149.9999999393362,-43476.4913915472,6141.900109054661,-37334.59128249254,278.0729495777075
1580000,3159.9999999391,-43707.82107762236,6176.449713192427,-37531.37136442993,279.63717402922003
1585000,3169.9999999388633,-43227.19054031221,5915.107763159354,-37312.08277715286,267.8049843804581
1590000,3179.999999938627,-43485.58593221719,6135.120470867359,-37350.46546134983,277.7660032004726
1595000,3189.9999999383904,-43608.62839229597,5989.369610030284,-37619.258782265686,271.1671704196033
1600000,3199.999999938154,-43596.435864109255,6054.897546179574,-37541.53831792968,274.13393089457577
1605000,3209.9999999379174,-43570.72152776318,6169.930084580807,-37400.791443182374,279.34199951872745
1610000,3219.999999937681,-43705.7951377196,6280.293578460597,-37425.501559259006,284.33867835165273
1615000,3229.9999999374445,-43171.21220522217,6087.516877737428,-37083.69532748474,275.61076275092154
1620000,3239.999999937208,-43348.56382921821,6134.4636413949975,-37214.10018782321,277.7362654148516
1625000,3249.9999999369716,-43194.737361849344,6134.670099109499,-37060.067262739845,277.74561273483647
1630000,3259.999999936735,-43529.490918266994,6048.156489037869,-37481.33442922913,273.82873126426875
1635000,3269.9999999364986,-43294.25174097117,6092.635904193288,-37201.615836777884,275.84252535862805
1640000,3279.999999936262,-43707.44194039132,6107.093153136465,-37600.34878725486,276.49707359044993
1645000,3289.9999999360257,-43499.41604888515,6160.898034806985,-37338.51801407816,278.93307578555954
1650000,3299.999999935789,-43358.10275376594,6074.694034823107,-37283.40871894283,275.0302118321757
1655000,3309.9999999355528,-43341.87942899292,6118.328232694935,-37223.55119629799,277.0057389311575
1660000,3319.9999999353163,-43524.333328410285,6169.66173146393,-37354.671596946355,279.32984990030104
1665000,3329.99999993508,-43641.90583795088,6267.621360857461,-37374.28447709342,283.76494695517493
1670000,3339.9999999348433,-43375.769716307404,6045.07808955339,-37330.691626754015,273.68935751845265
1675000,3349.999999934607,-43452.240459406865,6052.959746089746,-37399.280713317115,274.04619749333136
1680000,3359.9999999343704,-43650.18914827617,5930.495678170698,-37719.69347010547,268.5016682794273
1685000,3369.999999934134,-43299.37232024578,6006.005686093271,-37293.36663415251,271.92036448953183
1690000,3379.9999999338975,-43310.53740031342,6016.6956788812995,-37293.84172143212,272.4043511667409
1695000,3389.999999933661,-43200.746088924236,6071.438020175108,-37129.30806874913,274.8827966054607
1700000,3399.9999999334245,-43660.82256199734,5960.388494654629,-37700.43406734271,269.85505786624543
1705000,3409.999999933188,-43530.63872598886,6034.767216820708,-37495.87150916815,273.2225354043531
1710000,3419.9999999329516,-43630.4084210663,6308.74538737806,-37321.66303368824,285.6268266910952
1715000,3429.999999932715,-43378.86571517284,5931.356485863153,-37447.50922930969,268.5406411265609
1720000,3439.9999999324787,-43544.84491892409,6053.239619573333,-37491.60529935076,274.058868693401
1725000,3449.999999932242,-43633.91374437115,6109.664945075867,-37524.24879929528,276.6135108098107
1730000,3459.9999999320057,-43171.10979172221,6159.171862250338,-37011.93792947187,278.8549237665126
1735000,3469.9999999317693,-43522.20539809007,5988.23935444709,-37533.96604364298,271.1159983884378
1740000,3479.999999931533,-43252.760873346415,6013.450315277552,-37239.310558068864,272.25741816331816
1745000,3489.9999999312963,-43135.14811547386,6178.6071099501005,-36956.54100552376,279.7348496131865
1750000,3499.99999993106,-43397.96475067042,6192.314054450205,-37205.65069622022,280.3554280041022
1755000,3509.9999999308234,-43455.563439333404,6132.688052905587,-37322.87538642782,277.6558761021438
1760000,3519.999999930587,-43379.79647472175,6233.2355099995675,-37146.56096472218,282.20813639134036
1765000,3529.9999999303504,-43101.75827231782,5869.782366933645,-37231.97590538418,265.75288871047474
1770000,3539.999999930114,-43527.07629828376,6065.556716387036,-37461.519581896726,274.616522087368
1775000,3549.9999999298775,-43348.98541951907,5938.659839703931,-37410.32557981514,268.8712985954638
1780000,3559.999999929641,-42963.182925363246,6061.581904264634,-36901.60102109861,274.4365634896592
1785000,3569.9999999294046,-43270.931572894915,6173.664635338584,-37097.26693755633,279.51108034487635
1790000,3579.999999929168,-43443.54102984903,6082.104767498722,-37361.43626235031,275.3657308502402
1795000,3589.9999999289316,-43443.4857067822,6240.83298077686,-37202.65272600534,282.55210992898503
1800000,3599.999999928695,-43215.45569219423,6148.181640809432,-37067.2740513848,278.35734431417353
1805000,3609.9999999284587,-43583.45383301878,6262.453429148549,-37321.00040387023,283.53097017470037
1810000,3619.999999928222,-43657.18922129186,6222.5048493595195,-37434.684371932344,281.7223084875787
1815000,3629.9999999279858,-43648.12523892656,6197.291140663048,-37450.83409826351,280.5807643037707
1820000,3639.9999999277493,-43550.63297248562,5983.374480126717,-37567.2584923589,270.89574245337354
1825000,3649.999999927513,-43458.28910830215,6190.656855072402,-37267.63225322975,280.2803987280082
1830000,3659.9999999272763,-43394.35259408201,6083.718875977352,-37310.63371810466,275.4388091969442
1835000,3669.99999992704,-43137.60703152907,6152.399046652549,-36985.20798487652,278.5482862802653
1840000,3679.9999999268034,-43167.988782144384,6019.390193043042,-37148.59858910134,272.5263446031907
1845000,3689.999999926567,-43522.31689890777,6230.701889582727,-37291.61500932504,282.09342737785727
1850000,3699.9999999263305,-43749.925000232644,6047.662192412646,-37702.26280782,273.8063521115471
1855000,3709.999999926094,-43603.6034007016,6359.838656048533,-37243.76474465307,287.9400613042435
1860000,3719.9999999258575,-43494.37411237456,6014.321231703053,-37480.0528806715,272.2968486807435
1865000,3729.999999925621,-43462.71924657008,6099.331104649913,-37363.388141920164,276.14564883929864
1870000,3739.9999999253846,-43938.72243379807,6241.2284699994125,-37697.49396379866,282.5700156019346
1875000,3749.999999925148,-43589.1261876598,6221.762070327017,-37367.364117332785,281.6886793577027
1880000,3759.9999999249117,-43461.75076777174,6146.280448030571,-37315.470319741165,278.2712682995288
1885000,3769.999999924675,-43629.521254562016,6108.149970078231,-37521.37128448379,276.5449207059911
1890000,3779.9999999244387,-43806.73184413242,6066.126245080117,-37740.6055990523,274.6423073526348
1895000,3789.9999999242023,-43338.149461378576,6026.712079612822,-37311.437381765754,272.8578411366381
1900000,3799.999999923966,-43761.10164747166,6038.799584184956,-37722.302063286705,273.40509980085056
1905000,3809.9999999237293,-43485.97794079641,6122.114913465608,-37363.8630273308,277.1771799302479
1910000,3819.999999923493,-43511.04714595998,6006.927154713103,-37504.11999124687,271.9620837445686
1915000,3829.9999999232564,-43433.54862434702,6026.448400752051,-37407.10022359497,272.8459031439561
1920000,3839.99999992302,-43673.9702147115,5996.635346770972,-37677.33486794053,271.4961247839635
1925000,3849.9999999227834,-43617.6514776675,6164.07416362352,-37453.577314043985,279.07687420177774
1930000,3859.999999922547,-43457.81841341191,6047.7383155583075,-37410.0800978536,273.8097985674108
1935000,3869.9999999223105,-43401.88529346761,6118.965076737231,-37282.92021673038,277.0345718815666
1940000,3879.999999922074,-43642.40242286911,6113.7031914220615,-37528.69923144705,276.7963413757055
1945000,3889.9999999218376,-43315.64359596593,6222.137743321732,-37093.50585264419,281.70568785602774
1950000,3899.999999921601,-43579.80546333501,5966.776434067362,-37613.02902926765,270.1442701820895
1955000,3909.9999999213646,-43569.01684172911,6114.8679112695445,-37454.14893045957,276.84907376758264
1960000,3919.999999921128,-43565.52021567372,6392.718615571478,-37172.80160010224,289.4286930247532
1965000,3929.9999999208917,-43556.7913245699,6034.772969599735,-37522.01835497017,273.2227958599456
1970000,3939.9999999206552,-43378.054485525005,6194.524209583584,-37183.53027594142,280.4554922099751
1975000,3949.9999999204188,-43667.31788570731,6003.960561199988,-37663.35732450732,271.82777198538287
1980000,3959.9999999201823,-43807.085173665604,6263.838055317202,-37543.2471183484,283.5936587687744
1985000,3969.999999919946,-43783.147936054156,5936.213105751534,-37846.93483030262,268.7605233443373
1990000,3979.9999999197094,-43642.426099053235,6107.769601553624,-37534.656497499614,276.5276996187566
1995000,3989.999999919473,-43636.85598904622,6261.743432610168,-37375.112556436055,283.49882526382396
2000000,3999.9999999192364,-43377.73909980676,6299.438362745259,-37078.300737061494,285.20545354182826
2005000,4009.999999919,-43471.95191652654,5942.593716494194,-37529.358200032344,269.04940385652645
2010000,4019.9999999187635,-43409.53225864499,6129.088785355138,-37280.44347328985,277.49292018845233
2015000,4029.999999918527,-43557.05209424422,6116.788163070312,-37440.26393117391,276.936012674548
2020000,4039.9999999182905,-43694.2959117869,5982.2536504480495,-37712.04226133885,270.84499717761406
2025000,4049.999999918054,-43419.1660829247,6164.481261811206,-37254.68482111349,279.09530546764137
2030000,4059.9999999178176,-43557.37645245902,6087.310369729438,-37470.06608272959,275.6014131539119
2035000,4069.999999917581,-43762.17686766223,6112.4640256839,-37649.71284197833,276.740238465253
2040000,4079.9999999173447,-43788.87453296868,6076.468090855498,-37712.40644211318,275.1105317632856
2045000,4089.999999917108,-43177.054226020875,5913.141044192853,-37263.91318182802,267.7159416845016
2050000,4099.999999917781,-43409.403375277354,6066.226059452516,-37343.17731582484,274.6468264227028
2055000,4109.999999919818,-43607.113992423925,6224.119280491555,-37382.99471193237,281.7954014423327
2060000,4119.999999921855,-43288.87446763349,6253.192456895327,-37035.682010738165,283.11168203508794
2065000,4129.999999923893,-43551.877625614405,6005.656008150752,-37546.221617463656,271.90453291051693
2070000,4139.99999992593,-43605.82399990258,6208.4706542059885,-37397.353345696596,281.0869139074001
2075000,4149.999999927967,-43428.62080827961,5842.0869165353715,-37586.533891744235,264.4989843086794
2080000,4159.999999930004,-43433.488889866625,6118.706528529601,-37314.78236133703,277.02286617788747
2085000,4169.999999932042,-43517.0572981704,6124.286544767481,-37392.77075340292,277.2754999795462
2090000,4179.999999934079,-43993.281171972805,6152.890882403068,-37840.39028956974,278.57055401751694
2095000,4189.999999936116,-43921.91230530705,6151.978977826642,-37769.93332748041,278.52926777208836
2100000,4199.999999938153,-43495.0266755675,6119.675206634937,-37375.35146893256,277.0667228302522
2105000,4209.999999940191,-43531.414437605825,6196.110975269457,-37335.303462336364,280.5273326187615
2110000,4219.999999942228,-43327.08816592151,6141.018211634317,-37186.06995428719,278.0330218985617
2115000,4229.999999944265,-43581.849136145145,6154.690040439762,-37427.159095705385,278.65201043542294
2120000,4239.9999999463025,-43791.04766653385,6079.517199123608,-37711.530467410244,275.2485793568056
2125000,4249.99999994834,-43604.916526725516,6100.585609757305,-37504.33091696821,276.2024462357523
2130000,4259.999999950377,-43366.84457860503,6142.695208513149,-37224.14937009188,278.10894750142876
2135000,4269.999999952414,-43469.40002386237,6154.636143966653,-37314.76387989572,278.649570286449
2140000,4279.999999954452,-43323.900876305415,6230.886079498792,-37093.01479680662,282.10176652898855
2145000,4289.999999956489,-43579.338682643254,6181.854625527926,-37397.484057115325,279.88188004668285
2150000,4299.999999958526,-43050.98200102581,6246.361743122664,-36804.620257903145,282.80242322384726
2155000,4309.999999960563,-43242.520711745485,6265.324438213859,-36977.19627353163,283.66095437256746
2160000,4319.999999962601,-43386.518597575545,6052.8062846823905,-37333.712312893156,274.03924956753775
2165000,4329.999999964638,-43616.34187412349,6172.622274826097,-37443.719599297394,279.46388774045687
2170000,4339.999999966675,-43264.17619687988,6190.21327005766,-37073.96292682222,280.2603155304232
2175000,4349.9999999687125,-43532.25609825633,5962.188468925694,-37570.06762933064,269.93655123895286
2180000,4359.99999997075,-43514.53101983573,6121.633750511183,-37392.89726932455,277.15539540109756
2185000,4369.999999972787,-43777.71047446085,5964.299847098901,-37813.41062736195,270.0321433433299
2190000,4379.999999974824,-43820.012938276224,6016.3484234903035,-37803.66451478592,272.3886292681238
2195000,4389.999999976862,-43492.18732648948,6244.962236143974,-37247.225090345506,282.7390609049217
2200000,4399.999999978899,-43382.949659250095,6243.3060436347,-37139.643615615394,282.66407721454163
2205000,4409.999999980936,-43120.34924483416,6138.534906301635,-36981.814338532524,277.92059088758793
2210000,4419.999999982973,-43214.70040005696,6175.743109557911,-37038.95729049905,279.6051827311944
2215000,4429.999999985011,-43235.266320221825,6139.102532063651,-37096.16378815817,277.94628999813966
2220000,4439.999999987048,-43308.006949333765,6088.033515690887,-37219.97343364288,275.6341534015396
2225000,4449.999999989085,-43797.94010667846,5985.768954826719,-37812.17115185174,271.0041516802734
2230000,4459.999999991122,-43747.76301862777,6235.081975736118,-37512.68104289165,282.2917346532039
2235000,4469.99999999316,-43651.83752029046,6280.076872656674,-37371.76064763378,284.32886705205203
2240000,4479.999999995197,-43346.62983386038,6092.726889175,-37253.90294468538,275.8466446803009
2245000,4489.999999997234,-43218.259321878955,6087.548258313058,-37130.7110635659,275.6121834984215
2250000,4499.9999999992715,-43162.588795727235,5994.888281996789,-37167.700513730444,271.4170268751349
2255000,4510.000000001309,-43179.546222416626,6360.635777269406,-36818.91044514722,287.97615076273735
2260000,4520.000000003346,-43413.068760121416,5925.634056920089,-37487.434703201325,268.28155962626096
2265000,4530.000000005383,-43583.978268768115,6163.261659289197,-37420.71660947891,279.0400882767744
2270000,4540.000000007421,-43774.54841998767,6134.977282472997,-37639.57113751467,277.7595203827031
2275000,4550.000000009458,-43463.9894170324,6137.910288946558,-37326.07912808584,277.8923114973016
2280000,4560.000000011495,-43585.055409468536,6197.539395911168,-37387.51601355737,280.59200399635233
2285000,4570.000000013532,-43621.145634287386,6043.954029475131,-37577.19160481225,273.6384659871816
2290000,4580.00000001557,-43597.84710656933,6313.5612608489355,-37284.2858457204,285.84486412528673
2295000,4590.000000017607,-43710.66827476153,6198.373644594626,-37512.2946301669,280.6297743911766
2300000,4600.000000019644,-43413.36731786397,6083.451000158513,-37329.91631770546,275.42668118806387
2305000,4610.000000021681,-43736.33765705605,6133.33253692343,-37603.00512013262,277.6850549504831
2310000,4620.000000023719,-43557.19601873105,6265.570109552178,-37291.62590917887,283.6720770792966
2315000,4630.000000025756,-43572.39309056749,6102.517517342632,-37469.87557322486,276.2899128553692
2320000,4640.000000027793,-43583.0767399515,6169.323451030517,-37413.75328892098,279.31453434058284
2325000,4650.0000000298305,-43384.6971653034,6221.73540386807,-37162.96176143533,281.68747204062447
2330000,4660.000000031868,-43243.710278053884,6101.139421014782,-37142.5708570391,276.22751989816
2335000,4670.000000033905,-43500.18989857624,6389.017583939429,-37111.17231463681,289.2611297684106
2340000,4680.000000035942,-43250.74986491661,6276.264363679891,-36974.48550123672,284.15625668756525
2345000,4690.00000003798,-43121.26511692087,6167.137308869536,-36954.12780805133,279.21555731586636
2350000,4700.000000040017,-43723.206631743116,6193.2600815044025,-37529.94655023872,280.3982591359458
2355000,4710.000000042054,-43432.941869252536,6033.168215176336,-37399.7736540762,273.15014101568914
2360000,4720.000000044091,-43060.59737587161,6202.8597116571655,-36857.73766421445,280.8328799249584
2365000,4730.000000046129,-43310.28672036843,6254.471224375523,-37055.81549599291,283.1695779042373
2370000,4740.000000048166,-43265.39265896671,6426.334751045539,-36839.057907921175,290.95065492232544
2375000,4750.000000050203,-43553.26953298121,6160.2005412706585,-37393.068991710556,278.90149694488906
2380000,4760.0000000522405,-43382.94320419809,6110.684692776896,-37272.2585114212,276.6596796250006
2385000,4770.000000054278,-43737.5435528275,6333.185943305514,-37404.35760952198,286.7333665819096
2390000,4780.000000056315,-43561.07626082562,6306.098271154213,-37254.9779896714,285.5069791841071
2395000,4790.000000058352,-43194.94020794792,6169.778925949421,-37025.161281998495,279.33515585052425
2400000,4800.0000000603895,-43643.59679344925,6159.256155055583,-37484.34063839367,278.8587401016152
2405000,4810.000000062427,-44074.726952563564,6207.451695490799,-37867.27525707277,281.04078081334126
2410000,4820.000000064464,-43485.33249996783,6003.425782401743,-37481.90671756609,271.8035600126775
2415000,4830.000000066501,-43680.378553067974,6120.6831486171795,-37559.695404450795,277.11235714455705
2420000,4840.000000068539,-43276.418842301064,6117.999276557555,-37158.419565743505,276.99084552654676
2425000,4850.000000070576,-43138.01472004212,5970.581978506862,-37167.43274153526,270.31656522893996
2430000,4860.000000072613,-43636.67271094554,6160.8384507507635,-37475.83426019477,278.93037813272133
2435000,4870.00000007465,-43361.86984703783,6117.09222678869,-37244.77762024914,276.9497790812833
2440000,4880.000000076688,-43377.268562368234,5946.726362856423,-37430.54219951181,269.2365083588958
2445000,4890.000000078725,-43632.5770122672,6054.031956222321,-37578.54505604487,274.094741531632
2450000,4900.000000080762,-43618.43836668896,6023.501357565943,-37594.93700912302,272.7124765208031
2455000,4910.0000000827995,-43707.67721006449,6169.555163178069,-37538.12204688642,279.3250250485362
2460000,4920.000000084837,-43601.52611118794,6102.232157358635,-37499.2939538293,276.27699325540294
2465000,4930.000000086874,-43491.548966520466,6120.380517284388,-37371.16844923608,277.09865558871115
2470000,4940.000000088911,-43487.246808751544,5982.38713360011,-37504.859675151434,270.85104059303166
2475000,4950.000000090949,-43649.46264549921,6026.640647547669,-37622.82199795154,272.85460706823926
2480000,4960.000000092986,-43924.624611900246,6147.98097382251,-37776.64363807774,278.3482591678922
2485000,4970.000000095023,-43638.75724590308,6176.469837759607,-37462.28740814347,279.6380851638291
2490000,4980.00000009706,-43264.86192621669,6119.289677180985,-37145.57224903571,277.0492680832674
2495000,4990.000000099098,-43610.59759254777,6078.479373539112,-37532.118219008655,275.2015920700859
2500000,5000.000000101135,-43348.25940127182,6126.092123344441,-37222.16727792738,277.3572470857633
2505000,5010.000000103172,-43293.330813641136,6171.187734162268,-37122.14307947887,279.3989392804368
2510000,5020.000000105209,-43561.040387755434,6092.396972189373,-37468.64341556606,275.8317077735326
2515000,5030.000000107247,-43370.09116812027,6166.642750380619,-37203.44841773965,279.1931663073332
2520000,5040.000000109284,-42996.51897224202,5961.144333581411,-37035.37463866061,269.8892782794798
2525000,5050.000000111321,-43158.427527877095,6116.773677839471,-37041.65385003763,276.93535685944295
2530000,5060.0000001133585,-43680.71329062199,6091.320485069282,-37589.39280555271,275.78297009572105
2535000,5070.000000115396,-43262.76655731298,6049.68764480678,-37213.0789125062,273.89805394835093
2540000,5080.000000117433,-43611.02405535837,6132.374462665619,-37478.64959269275,277.64167838459093
2545000,5090.00000011947,-43423.59745836613,6117.785930911537,-37305.81152745459,276.98118635723193
2550000,5100.000000121508,-43518.6602302207,6118.998118274809,-37399.662111945894,277.03606782869207
2555000,5110.000000123545,-43605.05736887705,5995.247126866739,-37609.81024201032,271.4332734844343
2560000,5120.000000125582,-43452.09417908656,6201.588324987552,-37250.50585409901,280.775318220112
2565000,5130.000000127619,-43462.54547179188,6278.5944907945395,-37183.95098099734,284.2617525940691
2570000,5140.000000129657,-43453.63951666118,6163.439197053252,-37290.200319607924,279.0481262534324
2575000,5150.000000131694,-43439.65388938575,5977.474708354206,-37462.17918103155,270.6286318020299
2580000,5160.000000133731,-43556.009142047726,6110.594287364595,-37445.41485468313,276.655586543184
2585000,5170.0000001357685,-43500.6687457902,6115.662727813735,-37385.00601797647,276.88505888243174
2590000,5180.000000137806,-43364.28412498644,6002.194299134409,-37362.08982585203,271.74780492411816
2595000,5190.000000139843,-43661.730209381145,6154.316282897542,-37507.413926483605,278.63508865871756
2600000,5200.00000014188,-43040.429768046015,6003.116291791279,-37037.313476254734,271.7895479047972
2605000,5210.0000001439175,-43500.50209328858,6199.94720044591,-37300.55489284267,280.7010167280956
2610000,5220.000000145955,-43416.71884114877,6014.3713174930635,-37402.34752365571,272.2991163020191
2615000,5230.000000147992,-43414.69857770082,6059.043526877107,-37355.65505082371,274.32163910555033
2620000,5240.000000150029,-43292.705073810415,5762.098369568532,-37530.60670424189,260.8775233938864
2625000,5250.000000152067,-43771.480582207034,6136.963452079085,-37634.51713012795,277.84944370137
2630000,5260.000000154104,-43573.60209371796,6211.99982106409,-37361.602272653865,281.24669603025444
2635000,5270.000000156141,-43573.019985995896,6184.287148995054,-37388.73283700084,279.99201192173956
2640000,5280.000000158178,-43524.52055874636,6007.658125440781,-37516.86243330558,271.9951782564772
2645000,5290.000000160216,-43411.72377289442,6030.688919791761,-37381.034853102654,273.0378915540857
2650000,5300.000000162253,-43279.240005093976,6014.701673231808,-37264.53833186217,272.31407307322206
2655000,5310.00000016429,-43333.68032442505,6096.7594633649405,-37236.920861060105,276.0292184407785
2660000,5320.0000001663275,-43363.37766476709,6062.053020776251,-37301.32464399084,274.45789316869235
2665000,5330.000000168365,-43625.369785155344,6209.281978858395,-37416.08780629695,281.12364642260775
2670000,5340.000000170402,-43551.37267678912,6143.059430066283,-37408.313246722835,278.12543753867806
2675000,5350.000000172439,-43152.59482533316,6144.85871004553,-37007.736115287626,278.20689947750185
2680000,5360.000000174477,-43372.549360117526,6105.779239535854,-37266.77012058167,276.4375864897279
2685000,5370.000000176514,-43606.173508112435,5960.565794090877,-37645.60771402156,269.86308505267317
2690000,5380.000000178551,-43578.149510960444,6144.711902506162,-37433.43760845428,278.20025280387193
2695000,5390.000000180588,-43524.86726043583,6229.5660693031205,-37295.301191132705,282.04200340649135
2700000,5400.000000182626,-43506.597024970804,6214.826580799639,-37291.77044417117,281.37467685108425
2705000,5410.000000184663,-43267.96826247993,6097.686820312132,-37170.2814421678,276.07120428832377
2710000,5420.0000001867,-43151.86138520442,6106.462153189579,-37045.39923201484,276.46850522995913
2715000,5430.000000188737,-43391.41039906815,5955.207643628984,-37436.20275543916,269.6204961670247
2720000,5440.000000190775,-43100.937067930005,6029.39830698729,-37071.53876094271,272.97945939092295
2725000,5450.000000192812,-43374.57016678614,6157.806205073593,-37216.76396171255,278.7930939886741
2730000,5460.000000194849,-43473.40535379795,5976.620448365301,-37496.78490543265,270.5899554004924
2735000,5470.0000001968865,-43315.99236324482,6239.144779993218,-37076.8475832516,282.475677072206
2740000,5480.000000198924,-43625.17936977802,6166.662207083822,-37458.5171626942,279.1940472045722
2745000,5490.000000200961,-43670.61876038008,6168.45396030185,-37502.16480007823,279.2751683712154
2750000,5500.000000202998,-43468.806366829376,6193.98568437155,-37274.82068245782,280.43111061934786
2755000,5510.000000205036,-43535.10009161808,6014.700530106735,-37520.399561511345,272.31402131852803
2760000,5520.000000207073,-43480.23521125951,6151.619357685819,-37328.61585357369,278.51298606259934
2765000,5530.00000020911,-43757.90841497888,6032.075358634596,-37725.83305634429,273.10066221651766
2770000,5540.000000211147,-43293.320328234055,6202.279465481301,-37091.04086275275,280.80660942841183
2775000,5550.000000213185,-43237.22376591124,6126.740409961386,-37110.48335594986,277.3865980958
2780000,5560.000000215222,-43459.40963669453,6023.356193174199,-37436.05344352033,272.70590424025977
2785000,5570.000000217259,-43688.866591701226,6156.043935658552,-37532.82265604267,278.71330769363675
2790000,5580.000000219296,-43824.587794572464,6002.047966089071,-37822.539828483394,271.7411797330836
2795000,5590.000000221334,-43320.83961036976,6208.044168486677,-37112.795441883085,281.0676048760228
2800000,5600.000000223371,-43283.55575080193,5968.794343307254,-37314.761407494676,270.2356305045229
2805000,5610.000000225408,-43725.61966243782,6384.691489286238,-37340.92817315158,289.065266944365
2810000,5620.0000002274455,-43067.01784183498,6000.435493509141,-37066.58234832584,271.66817545127293
2815000,5630.000000229483,-43670.14904273563,6185.8314747537115,-37484.317567981925,280.0619308737241
2820000,5640.00000023152,-43199.09243775578,6049.502200162645,-37149.59023759314,273.88965798972856
2825000,5650.000000233557,-43581.82114973845,6159.797579524129,-37422.02357021432,278.8832529553362
2830000,5660.000000235595,-43430.827638615796,5823.580189937351,-37607.24744867845,263.661097016349
2835000,5670.000000237632,-43627.14471931342,6013.936326520549,-37613.208392792876,272.27942219748815
2840000,5680.000000239669,-43326.782632366056,5984.273086278588,-37342.509546087465,270.93642661604684
2845000,5690.000000241706,-43262.42710226576,5870.833068803668,-37391.5940334621,265.8004589677138
2850000,5700.000000243744,-43540.576312636025,6135.421415982824,-37405.1548966532,277.77962841326223
2855000,5710.000000245781,-43380.79539838922,6254.275864210155,-37126.51953417907,283.1607330229385
2860000,5720.000000247818,-43441.1695870469,6146.774875032255,-37294.39471201464,278.29365335501126
2865000,5730.0000002498555,-43383.207032703154,5959.405866590534,-37423.80116611262,269.81056963308157
2870000,5740.000000251893,-43493.66207479272,6001.007297595146,-37492.654777197575,271.6940637343698
2875000,5750.00000025393,-43464.01567587216,6238.831793164069,-37225.18388270809,282.4615066739228
2880000,5760.000000255967,-43102.7269044586,6164.601840563512,-36938.12506389509,279.1007646396752
2885000,5770.000000258005,-43607.64862250525,6151.432491650276,-37456.21613085498,278.50452575084614
2890000,5780.000000260042,-43238.39813016524,6207.6771033017985,-37030.72102686344,281.05098609407685
2895000,5790.000000262079,-43680.91540806176,5929.102102978468,-37751.81330508329,268.4385745206098
2900000,5800.000000264116,-43542.571117670275,6359.265129963006,-37183.30598770727,287.91409505806064
2905000,5810.000000266154,-43089.91581087635,6151.012875878783,-36938.90293499757,278.48552775459154
2910000,5820.000000268191,-43367.89194945118,6178.990541098096,-37188.901408353086,279.75220935990825
2915000,5830.000000270228,-43056.172015200485,6209.325292848935,-36846.84672235155,281.125607452402
2920000,5840.000000272265,-43325.28027916077,6029.810188355232,-37295.47009080554,272.9981072140438
2925000,5850.000000274303,-43170.41679773404,6212.265478866495,-36958.151318867545,281.2587236190106
2930000,5860.00000027634,-43383.19367748621,5914.118598661263,-37469.07507882495,267.76020021192426
2935000,5870.000000278377,-43152.604522966314,6082.270598553017,-37070.333924413295,275.37323880862124
2940000,5880.0000002804145,-43692.25402373442,6235.266676603257,-37456.987347131166,282.3000969375138
2945000,5890.000000282452,-43156.569586272,6086.620280441401,-37069.9493058306,275.5701695386806
2950000,5900.000000284489,-43610.32390343299,5856.778529287914,-37753.54537414508,265.16414330176207
2955000,5910.000000286526,-43365.41667513078,6257.12674196848,-37108.2899331623,283.2898057810536
2960000,5920.000000288564,-43472.255577718664,6029.567249798241,-37442.68832792042,272.98710823328713
2965000,5930.000000290601,-43657.98829205334,6164.08975776035,-37493.898534292995,279.0775802223166
2970000,5940.000000292638,-43452.38840552181,5956.97547247264,-37495.41293304917,269.70053416376436
2975000,5950.000000294675,-43545.4040730336,6144.213205227537,-37401.19086780606,278.17767441269797
2980000,5960.000000296713,-43605.72779360402,5966.378084896249,-37639.34970870777,270.1262350257036
2985000,5970.00000029875,-43547.39740720572,6166.0988184456855,-37381.29858876003,279.16853992871563
2990000,5980.000000300787,-43344.78780834726,6310.152857523681,-37034.63495082358,285.6905495403578
2995000,5990.000000302824,-43514.03372465691,6248.613922630925,-37265.41980202599,282.90439007249677
3000000,6000.000000304862,-43438.48024601949,6175.948716326777,-37262.531529692715,279.6144915248343
3005000,6010.000000306899,-43382.09619059332,6255.241573085068,-37126.85461750825,283.2044552441587
3010000,6020.000000308936,-43468.40690711886,6184.186556855604,-37284.220350263255,279.98745763846824
3015000,6030.0000003109735,-43632.14545558678,6110.96165386031,-37521.183801726474,276.6722189669007
3020000,6040.000000313011,-43615.10098514892,5964.233682623855,-37650.86730252507,270.02914776371983
3025000,6050.000000315048,-43356.575696430635,6164.572666925542,-37192.0030295051,279.09944381071085
3030000,6060.000000317085,-43691.22637913772,6028.283233873271,-37662.94314526445,272.928974742149
3035000,6070.000000319123,-43823.89899042109,6352.714025678615,-37471.184964742475,287.6174954945695
3040000,6080.00000032116,-43530.241115390265,6171.265493919229,-37358.975621471036,279.4024598334567
3045000,6090.000000323197,-43321.675587359234,6224.673806549956,-37097.00178080928,281.82050746716857
3050000,6100.000000325234,-43038.222963578824,6082.422652313721,-36955.800311265106,275.3801230035744
3055000,6110.000000327272,-43361.14691237564,6281.636275443274,-37079.51063693236,284.39946861260336
3060000,6120.000000329309,-42993.290630110074,6029.488534235632,-36963.802095874446,272.98354440641214
3065000,6130.000000331346,-43159.21024054458,6435.890414602114,-36723.31982594246,291.38328513499073
3070000,6140.0000003333835,-43179.61718820792,6148.991294718107,-37030.625893489814,278.39400118688803
3075000,6150.000000335421,-43419.06869750627,6033.554939219911,-37385.51375828636,273.16764984741224
3080000,6160.000000337458,-43377.052997380495,6153.320605464885,-37223.73239191561,278.5900096187445
3085000,6170.000000339495,-42977.54230605473,6171.236746651794,-36806.305559402936,279.40115830830877
3090000,6180.0000003415325,-43424.100656948984,6044.237898583563,-37379.86275836542,273.65131808813953
3095000,6190.00000034357,-43317.300437191094,6348.827127561775,-36968.47330962932,287.4415171808772
3100000,6200.000000345607,-43289.536233441904,6231.551848776067,-37057.98438466583,282.1319090619804
3105000,6210.000000347644,-43438.535790742084,6147.9977063779215,-37290.53808436416,278.3490167300398
3110000,6220.000000349682,-43590.182593603386,6149.427764103742,-37440.754829499645,278.4137622261932
3115000,6230.000000351719,-43397.97210598469,6173.585168059715,-37224.38693792498,279.50748248424077
3120000,6240.000000353756,-43291.60895213258,5883.031047846416,-37408.57790428616,266.35271933520227
3125000,6250.000000355793,-43395.07327699865,6209.911462757509,-37185.16181424114,281.1521461444251
3130000,6260.000000357831,-43550.97721138131,6216.221582060611,-37334.7556293207,281.43783517479767
3135000,6270.000000359868,-43468.47489026515,6251.280951993958,-37217.193938271186,283.02513914174585
3140000,6280.000000361905,-43557.173821872275,6204.761356078099,-37352.41246579417,280.91897638758195
3145000,6290.0000003639425,-43562.19442500273,6222.948578111757,-37339.245846890975,281.7423981928419
3150000,6300.00000036598,-43487.2767680136,6035.443857365803,-37451.8329106478,273.25317013120264
3155000,6310.000000368017,-43046.55776630499,5926.984914825065,-37119.57285147993,268.3427193708721
3160000,6320.000000370054,-43331.481993285706,6177.100717535608,-37154.3812757501,279.66664808361395
3165000,6330.000000372092,-43313.83745143487,5860.325282807844,-37453.51216862703,265.32472165621266
3170000,6340.000000374129,-43334.537191134295,6185.125029246315,-37149.41216188798,280.0299467348632
3175000,6350.000000376166,-43254.66630242654,6132.727715584641,-37121.938586841905,277.65767181974866
3180000,6360.000000378203,-43322.66914029006,6168.732990499844,-37153.936149790214,279.2878013917465
3185000,6370.000000380241,-43597.26476442197,6247.28471740241,-37349.98004701956,282.8442106472498
3190000,6380.000000382278,-42865.1498937945,6465.903043331158,-36399.24685046334,292.7420991904265
3195000,6390.000000384315,-43320.24329232698,5998.643689621724,-37321.59960270526,271.58705199058613
3200000,6400.000000386352,-43216.107321557414,6226.941374126244,-36989.16594743117,281.9231710066449
3205000,6410.00000038839,-43552.49915270606,6035.600249474616,-37516.89890323145,273.26025074375195
3210000,6420.000000390427,-43394.775627170224,6091.204335409363,-37303.57129176086,275.77771144970717
3215000,6430.000000392464,-43510.948729067866,6009.706064661397,-37501.24266440647,272.08789817857314
3220000,6440.0000003945015,-43479.90244716132,6095.813984470356,-37384.08846269097,275.9864121267206
3225000,6450.000000396539,-43802.92305058398,6087.115739307829,-37715.80731127615,275.5926013115743
3230000,6460.000000398576,-43821.66660653555,6199.351815738715,-37622.31479079684,280.67406083843224
3235000,6470.000000400613,-43446.16101381433,6037.690340953839,-37408.470672860494,273.35487909852736
3240000,6480.000000402651,-43518.51039740216,6264.810245700832,-37253.70015170133,283.6376744386366
3245000,6490.000000404688,-43661.95486471668,6003.648336475856,-37658.30652824083,271.81363609120865
3250000,6500.000000406725,-43768.699759290495,6049.928075319578,-37718.77168397092,273.90893937805106
3255000,6510.000000408762,-43487.18101455679,6106.209227593947,-37380.97178696284,276.45705408859374
3260000,6520.0000004108,-43681.55778117542,6134.116044092698,-37547.44173708272,277.72052803628804
3265000,6530.000000412837,-43541.513208350865,6175.59599525824,-37365.91721309262,279.59852216907063
3270000,6540.000000414874,-43620.010081435554,6125.944881485272,-37494.06519995028,277.35058074841595
3275000,6550.0000004169115,-43300.48211801413,6033.810386204831,-37266.6717318093,273.17921514402985
3280000,6560.000000418949,-43110.21648895525,6107.948554575694,-37002.26793437956,276.5358016708576
3285000,6570.000000420986,-43821.02871303569,6102.257264439809,-37718.77144859588,276.278129972053
3290000,6580.000000423023,-43580.72753148811,6068.318393364158,-37512.409138123956,274.7415563030299
3295000,6590.0000004250605,-43106.67428183893,6200.305617249128,-36906.368664589805,280.71724395678365
3300000,6600.000000427098,-42873.41648692562,6187.48888963897,-36685.92759728665,280.1369699068628
3305000,6610.000000429135,-43510.66720372258,6119.104167659215,-37391.563036063366,277.04086918732685
3310000,6620.000000431172,-43443.64288606064,6151.273548632956,-37292.369337427685,278.49732964656965
3315000,6630.00000043321,-43415.811199608084,6049.122239960054,-37366.68895964803,273.8724553891684
3320000,6640.000000435247,-43292.55468477757,6058.570972016123,-37233.983712761445,274.30024430561906
3325000,6650.000000437284,-43629.15958194941,6203.485253499377,-37425.67432845003,280.86120117116224
3330000,6660.000000439321,-43404.01313461666,6180.140329798689,-37223.87280481797,279.8042657479458
3335000,6670.000000441359,-43500.14172074752,6096.021364450901,-37404.12035629662,275.9958012020636
3340000,6680.000000443396,-43279.317070667166,6159.608590035726,-37119.70848063144,278.8746965048003
3345000,6690.000000445433,-43278.08099680953,5974.147100622944,-37303.93389618659,270.47797521686243
3350000,6700.0000004474705,-43449.3068946423,6147.105115981965,-37302.20177866034,278.3086049291702
3355000,6710.000000449508,-43831.3717423139,6248.007149217663,-37583.36459309624,282.87691856209204
3360000,6720.000000451545,-43439.494432613195,5979.190680408447,-37460.303752204745,270.70632199595093
3365000,6730.000000453582,-43406.21411718044,6210.085442192255,-37196.128674988184,281.1600230186378
3370000,6740.00000045562,-43239.51745259721,6274.301673743615,-36965.2157788536,284.06739640491713
3375000,6750.000000457657,-43428.86158955033,6028.653397702513,-37400.20819184782,272.9457338144225
3380000,6760.000000459694,-43426.74440996937,6239.5266631890245,-37187.21774678034,282.49296673579
3385000,6770.000000461731,-43309.139091986755,6292.399293544639,-37016.73979844212,284.88676149211346
3390000,6780.000000463769,-43634.31078316725,6193.459907468234,-37440.85087569902,280.4073062051228
3395000,6790.000000465806,-43469.37755150092,5987.852486805858,-37481.52506469506,271.09848305536764
3400000,6800.000000467843,-42849.761137022695,6251.601193877691,-36598.159943145,283.03963801076145
3405000,6810.00000046988,-43429.43899392482,6360.550666932916,-37068.8883269919,287.9722974141177
3410000,6820.000000471918,-43054.67602243216,6011.0777097976525,-37043.59831263451,272.1499990597402
3415000,6830.000000473955,-43437.25624185614,6193.113984997139,-37244.142256859006,280.39164465411176
3420000,6840.000000475992,-43488.07506149565,6221.872270791968,-37266.20279070368,281.69366865544276
3425000,6850.0000004780295,-43514.02229514008,6054.235734256563,-37459.78656088351,274.1039675297815
3430000,6860.000000480067,-43526.90420713875,6108.577229119758,-37418.326978018995,276.56426474933306
3435000,6870.000000482104,-43564.16600079945,6050.936110699107,-37513.229890100345,273.954577920894
3440000,6880.000000484141,-43589.05652247742,6144.68802431892,-37444.368498158496,278.1991717250788
3445000,6890.000000486179,-43289.44771427015,6087.550107258413,-37201.897607011735,275.61226720894746
3450000,6900.000000488216,-43543.927248056396,6496.201495423107,-37047.72575263329,294.1138538251895
3455000,6910.000000490253,-43154.75760172162,6133.478660921637,-37021.27894079998,277.6916706769626
3460000,6920.00000049229,-43287.9794163772,6208.32160419038,-37079.65781218682,281.0801657062345
3465000,6930.000000494328,-43126.71904446336,6034.0590562810785,-37092.659988182284,273.19047361784845
3470000,6940.000000496365,-43886.84697330627,6007.812772052284,-37879.034201253984,272.00217984208416
3475000,6950.000000498402,-43363.30193838681,6062.495402722885,-37300.80653566393,274.4779218976779
3480000,6960.0000005004395,-43729.21228944429,6038.6620646614665,-37690.55022478282,273.39887363975345
3485000,6970.000000502477,-43570.03018244298,6181.296475309866,-37388.73370713311,279.85660993894953
3490000,6980.000000504514,-43589.72915990843,6235.303906030553,-37354.425253877875,282.30178249027034
3495000,6990.000000506551,-43496.9519666867,6162.204848382953,-37334.74711830374,278.99224143448987
3500000,7000.0000005085885,-43423.709904262505,5839.283309925157,-37584.42659433735,264.37205173965106
3505000,7010.000000510626,-43318.39284703537,6175.419443915645,-37142.97340311973,279.5905288523909
3510000,7020.000000512663,-43388.69309076958,6130.127694489489,-37258.565396280086,277.53995653261336
3515000,7030.0000005147,-43603.30811568344,6134.35246890911,-37468.955646774324,277.7312321091133
3520000,7040.000000516738,-43345.26278149377,6198.115053285957,-37147.14772820781,280.61806673610903
3525000,7050.000000518775,-43374.49545038282,6151.409089224567,-37223.08636115825,278.5034662120343
3530000,7060.000000520812,-43684.96289592795,6042.527942829382,-37642.43495309857,273.5739002806582
3535000,7070.000000522849,-43483.29386297078,6049.008982085999,-37434.28488088478,273.8673276680166
3540000,7080.000000524887,-43100.85727904388,6058.8799478602195,-37041.97733118366,274.31423310758436
3545000,7090.000000526924,-43747.69365832396,6278.308852976659,-37469.3848053473,284.2488204152452
3550000,7100.000000528961,-43501.23133257538,6045.852751701958,-37455.37858087342,273.72443014821766
3555000,7110.0000005309985,-43395.11142832477,6228.232388790326,-37166.87903953445,281.98162136389834
3560000,7120.000000533036,-43201.17594662658,6204.795573382452,-36996.38037324413,280.92052556724605
3565000,7130.000000535073,-43195.86698356073,6224.175273819047,-36971.69170974168,281.7979365258502
3570000,7140.00000053711,-43300.817235173425,6124.502012015495,-37176.31522315793,277.2852552038463
3575000,7150.000000539148,-43372.112601253844,6101.366135048416,-37270.746466205426,276.2377843177897
3580000,7160.000000541185,-43361.98845558084,6039.812385358717,-37322.17607022212,273.450954113803
3585000,7170.000000543222,-43565.715149559954,6186.912908802891,-37378.80224075706,280.11089252247933
3590000,7180.000000545259,-43488.69186804275,5961.290782448367,-37527.40108559438,269.89590871430835
3595000,7190.000000547297,-43542.20390809054,6256.312053395241,-37285.8918546953,283.2529209651944
3600000,7200.000000549334,-43817.61679975863,6224.678656900976,-37592.93814285765,281.820727065565
3605000,7210.000000551371,-43521.50686437258,6127.810298718029,-37393.69656565455,277.43503703440166
3610000,7220.000000553408,-43226.817696218845,6141.24078063418,-37085.576915584665,278.04309865285234
3615000,7230.000000555446,-43487.335206086165,6197.183676299431,-37290.15152978674,280.5758988823156
3620000,7240.000000557483,-43395.99524434726,6236.943729759188,-37159.05151458807,282.3760250883121
3625000,7250.00000055952,-43526.408111859695,6083.165323486277,-37443.24278837342,275.41374725011894
3630000,7260.0000005615575,-43455.64790641301,6149.240207122697,-37306.407699290314,278.40527063205997
3635000,7270.000000563595,-43766.906555404305,6168.937472942832,-37597.96908246147,279.297059281821
3640000,7280.000000565632,-43395.30232608906,6186.552877871679,-37208.749448217386,280.094592214561
3645000,7290.000000567669,-43124.633480466204,5931.011566663818,-37193.62191380239,268.5250249984211
3650000,7300.000000569707,-43592.30439335684,6132.432604947579,-37459.87178840926,277.64431076146985
3655000,7310.000000571744,-43466.56570475589,5964.4127930757,-37502.15291168019,270.0372569434135
3660000,7320.000000573781,-43442.97032008262,6191.29484524263,-37251.67547483999,280.30928356906503
3665000,7330.000000575818,-43767.42886861146,6130.243483267448,-37637.18538534401,277.54519883978924
3670000,7340.000000577856,-43584.173819863936,6053.910181596327,-37530.26363826761,274.0892282167241
3675000,7350.000000579893,-43348.390224624716,5963.408003008135,-37384.98222161658,269.99176533123597
3680000,7360.00000058193,-43254.27767386119,6156.82257945645,-37097.45509440474,278.74856059155223
3685000,7370.000000583967,-43716.54283217527,6160.205265613144,-37556.33756656213,278.9017108382814
3690000,7380.000000586005,-43624.86041618162,6203.707455653288,-37421.15296052833,280.87126131659664
3695000,7390.000000588042,-43403.056194006116,6158.817068993083,-37244.23912501303,278.8388605929371
3700000,7400.000000590079,-43674.055748115235,6045.480517452739,-37628.57523066249,273.70757733821154
3705000,7410.0000005921165,-43839.17625535326,6374.74076450688,-37464.43549084638,288.61475043632987
3710000,7420.000000594154,-43275.92222966254,5968.711344740359,-37307.21088492218,270.23187276572907
3715000,7430.000000596191,-43475.29353607597,6118.851056005196,-37356.44248007078,277.0294096222158
3720000,7440.000000598228,-43844.319129955606,5981.782998543974,-37862.53613141163,270.823688533568
3725000,7450.000000600266,-43770.34359827911,6244.8472449406945,-37525.496353338414,282.73385470773457
3730000,7460.000000602303,-43626.659067032975,6059.094823306911,-37567.56424372606,274.32396153823163
3735000,7470.00000060434,-43359.46761039132,6178.109778407296,-37181.35783198402,279.712333055351
3740000,7480.000000606377,-43572.328700608865,6209.718347756443,-37362.610352852425,281.1434029123633
3745000,7490.000000608415,-43531.321027570055,6015.796189647813,-37515.52483792224,272.36362702277444
3750000,7500.000000610452,-43565.540651202726,6136.058593857232,-37429.48205734549,277.8084764778345
3755000,7510.000000612489,-43692.11065941345,6087.71799742825,-37604.3926619852,275.6198683932557
3760000,7520.0000006145265,-43113.60871574952,6108.704750472719,-37004.903965276804,276.57003824582796
3765000,7530.000000616564,-43803.28490727226,5947.804064091442,-37855.48084318082,269.28530100544884
3770000,7540.000000618601,-43438.06127840874,6219.505657587111,-37218.55562082163,281.586520850578
3775000,7550.000000620638,-43232.72428378282,6236.360374940634,-36996.36390884219,282.34961384876647
3780000,7560.0000006226755,-43241.458658418735,5965.612807561165,-37275.84585085757,270.0915872909581
3785000,7570.000000624713,-43847.968556612206,6081.511116773801,-37766.45743983841,275.3388534661788
3790000,7580.00000062675,-43771.27388258494,5912.174443123737,-37859.0994394612,267.6721790694181
3795000,7590.000000628787,-43436.34127271769,6168.520456586939,-37267.820816130756,279.2781789734398
3800000,7600.000000630825,-43261.05927039473,6013.086872543475,-37247.972397851256,272.24096338690157
3805000,7610.000000632862,-43288.887786334846,5887.161872008195,-37401.72591432665,266.5397413379143
3810000,7620.000000634899,-43574.56945883151,6099.549596873131,-37475.019861958375,276.15554101857396
3815000,7630.000000636936,-43653.08394522354,6125.445376609812,-37527.63856861372,277.32796579350276
3820000,7640.000000638974,-43038.68460431107,6331.960578260416,-36706.72402605065,286.6778884942901
3825000,7650.000000641011,-43529.73780785123,6189.141001745656,-37340.59680610557,280.21176885806386
3830000,7660.000000643048,-43584.02701123501,6343.303851188924,-37240.72316004609,287.1914522620312
3835000,7670.0000006450855,-43693.2769320191,5875.316330663411,-37817.96060135569,266.00343749665956
3840000,7680.000000647123,-43879.12275056576,6005.463845556735,-37873.658905009026,271.89583279843947
3845000,7690.00000064916,-43237.62447915261,6122.568900496357,-37115.055578656255,277.19773407643544
3850000,7700.000000651197,-43477.992564930406,6198.3796827213155,-37279.61288220909,280.6300477658113
3855000,7710.000000653235,-43176.0821299589,6088.0809483869725,-37088.001181571926,275.6363009046694
3860000,7720.000000655272,-43440.63640958414,6175.774498379429,-37264.861911204716,279.6066038520249
3865000,7730.000000657309,-43570.57902498823,6155.257462152339,-37415.32156283589,278.67770030768867
3870000,7740.000000659346,-43570.137131320895,6171.380200719981,-37398.75693060091,279.40765315439245
3875000,7750.000000661384,-43322.44625683734,6138.70700059483,-37183.73925624251,277.92838241250115
3880000,7760.000000663421,-43689.185574569856,6149.047214745494,-37540.13835982436,278.396532951762
3885000,7770.000000665458,-43701.95431609359,6002.405678651806,-37699.54863744178,271.7573750774647
3890000,7780.000000667495,-43666.95227553428,6115.869641927595,-37551.08263360668,276.89442686578036
3895000,7790.000000669533,-43331.17159158189,6129.223431488806,-37201.94816009309,277.49901625756354
3900000,7800.00000067157,-43657.17098104686,6053.7078991564085,-37603.463081890455,274.08006993122336
3905000,7810.000000673607,-43541.249869483756,5984.50424461808,-37556.745624865674,270.9468922504825
3910000,7820.0000006756445,-43584.56970486941,6017.762454418026,-37566.807250451384,272.45264915511063
3915000,7830.000000677682,-43493.92734711134,6038.862418879538,-37455.064928231805,273.4079446255055
3920000,7840.000000679719,-43513.21230512578,5997.136253355485,-37516.076051770295,271.51880320089396
3925000,7850.000000681756,-43373.49339519814,6080.799733302284,-37292.69366189585,275.3066457622609
3930000,7860.000000683794,-42855.528047999134,6241.4711807827125,-36614.05686721642,282.58100427029586
3935000,7870.000000685831,-43366.79321651376,6209.270083008489,-37157.523133505274,281.1231078410593
3940000,7880.000000687868,-43463.6458643676,6162.280681323631,-37301.36518304397,278.99567475139753
3945000,7890.000000689905,-43505.17130774353,6195.288964664049,-37309.88234307948,280.49011629977684
3950000,7900.000000691943,-43379.97034470504,6191.196647226745,-37188.7736974783,280.304837679123
3955000,7910.00000069398,-43519.63495476259,5986.390388527776,-37533.24456623481,271.0322869314419
3960000,7920.000000696017,-43421.77424207976,6078.329247439047,-37343.44499464071,275.194795149473
3965000,7930.0000006980545,-43442.032831809134,6110.286459157833,-37331.7463726513,276.6416497002041
3970000,7940.000000700092,-43607.40269237489,6249.53804890343,-37357.86464347146,282.94622965207554
3975000,7950.000000702129,-43394.994089053245,6197.897207760938,-37197.09688129231,280.60820383592846
3980000,7960.000000704166,-43168.56236593955,6218.690287849791,-36949.87207808976,281.54960519519005
3985000,7970.0000007062035,-43411.738043228455,6006.9215140560555,-37404.8165291724,271.96182836526987
3990000,7980.000000708241,-43346.141514858115,6037.10033658556,-37309.04117827256,273.32816680232617
3995000,7990.000000710278,-43227.32091066666,5969.5301293723405,-37257.79078129432,270.2689430295955
4000000,8000.000000712315,-43299.61758402194,6055.18235059285,-37244.43523342909,274.14682534122034
4005000,8010.000000714353,-43345.556257185875,6110.24854976778,-37235.3077074181,276.63993336230845
4010000,8020.00000071639,-43332.75240815879,6024.262739014256,-37308.48966914453,272.74694787027585
4015000,8030.000000718427,-43272.93944942567,6094.205880656709,-37178.73356876896,275.913605639681
4020000,8040.000000720464,-43601.317457864,6258.652438093139,-37342.665019770866,283.3588812811447
4025000,8050.000000722502,-43491.84256146441,6101.7896580774595,-37390.052903386946,276.2569592141262
4030000,8060.000000724539,-43627.25178167189,6123.844444758975,-37503.40733691292,277.25548401523696
4035000,8070.000000726576,-43287.24824172043,6297.369585091859,-36989.87865662857,285.1117901650414
4040000,8080.0000007286135,-43840.281073688704,6002.7612234576245,-37837.51985023108,271.7734722772084
4045000,8090.000000730651,-43216.64841427264,6058.072809173042,-37158.5756050996,274.2776901108771
4050000,8100.000000732688,-42935.16312390065,6194.2327147520145,-36740.93040914864,280.44229485636106
4055000,8110.000000734725,-43367.73669286078,6063.213229364265,-37304.523463496516,274.5104213144561
4060000,8120.000000736763,-43581.20085768087,6118.0919408787,-37463.10891680217,276.995040879881
4065000,8130.0000007388,-43546.16673954448,6151.186224477255,-37394.980515067225,278.4933760678539
4070000,8140.000000740837,-43684.497138580366,6337.315197557189,-37347.18194102318,286.9203175073449
4075000,8150.000000742874,-43329.38453928841,6036.646368447258,-37292.738170841156,273.30761351148936
4080000,8160.000000744912,-43577.06640018645,6185.822210031095,-37391.244190155354,280.0615114157878
4085000,8170.000000746949,-43412.97670428775,6149.591577800846,-37263.3851264869,278.42117884924573
4090000,8180.000000748986,-43536.252052102005,6321.461907089188,-37214.79014501282,286.202563854131
4095000,8190.000000751023,-43106.33423846372,6085.9432707431715,-37020.39096772055,275.5395180985177
4100000,8200.00000075306,-43622.786004565365,5978.767609085595,-37644.01839547977,270.68716755049616
4105000,8210.000000755097,-43338.76018579933,6085.283859363507,-37253.47632643582,275.5096634177067
4110000,8220.000000757134,-43582.263164951466,6041.4969686903505,-37540.76619626112,273.5272231913717
4115000,8230.000000759172,-43807.79126951145,5832.501190809704,-37975.29007870174,264.06499303903155
4120000,8240.000000761209,-43585.28594048659,6147.65976148814,-37437.62617899845,278.33371636197336
4125000,8250.000000763246,-43509.28580395697,6239.385538834723,-37269.90026512225,282.486577366904
4130000,8260.000000765283,-43423.768200565944,6270.1708210032975,-37153.59737956265,283.8803731083191
4135000,8270.00000076732,-43662.41973004851,6186.91509032336,-37475.50463972515,280.11099129025814
4140000,8280.000000769358,-43178.98122365738,6157.891548960175,-37021.0896746972,278.7969579112142
4145000,8290.000000771395,-43629.301929300826,6146.037367028499,-37483.26456227233,278.2602628696077
4150000,8300.000000773432,-43302.41031343816,6155.329938521145,-37147.080374917015,278.68098165666714
4155000,8310.00000077547,-43512.85997215891,6110.206757358904,-37402.65321480001,276.6380412217331
4160000,8320.000000777507,-43477.39464197698,6147.315719231332,-37330.07892274565,278.3181399371811
4165000,8330.000000779544,-43610.81272100989,6062.031195223368,-37548.78152578652,274.45690502239256
4170000,8340.000000781582,-43430.846103723045,6267.034717275006,-37163.81138644804,283.7383868176886
4175000,8350.000000783619,-43499.86618069938,6074.715367144693,-37425.15081355468,275.03117764755524
4180000,8360.000000785656,-43444.52820802259,6125.254759815161,-37319.27344820743,277.3193356670946
4185000,8370.000000787693,-43626.22125196271,6023.061245864614,-37603.16000609809,272.6925505765905
4190000,8380.00000078973,-43736.25204500102,5923.816517232017,-37812.435527769005,268.199270983811
4195000,8390.000000791768,-43193.221462916,6005.769503458914,-37187.45195945709,271.9096713814369
4200000,8400.000000793805,-43344.54602734529,6399.3372078305565,-36945.20881951474,289.7283480889606
4205000,8410.000000795842,-43458.5714784257,5937.538191145987,-37521.033287279715,268.8205162451555
4210000,8420.00000079788,-43396.38131566765,5997.015325850941,-37399.36598981671,271.5133282391921
4215000,8430.000000799917,-43511.41400260356,6247.112171852232,-37264.30183075133,282.8363986917926
4220000,8440.000000801954,-43294.82049060735,6139.606349404901,-37155.21414120245,277.9691001988336
4225000,8450.000000803991,-43469.78326087538,5901.5208135138055,-37568.26244736157,267.18983872575564
4230000,8460.000000806029,-43817.22198046179,6154.578783088535,-37662.643197373254,278.64697328742824
4235000,8470.000000808066,-43325.1212829483,6181.80326934784,-37143.31801360046,279.87955490882285
4240000,8480.000000810103,-43337.746958217875,6026.62655965496,-37311.12039856291,272.8539692425161
4245000,8490.00000081214,-43732.718288587464,6186.046246116559,-37546.672042470906,280.07165459200206
4250000,8500.000000814178,-43743.85227684793,6137.926504302901,-37605.92577254503,277.89304564339426
4255000,8510.000000816215,-43353.556517880876,5945.309201859851,-37408.24731602102,269.17234675884595
4260000,8520.000000818252,-43337.55094128236,5996.424213033535,-37341.126728248826,271.48656575824145
4265000,8530.00000082029,-43712.94057271985,6204.921169607003,-37508.01940311284,280.92621190404685
4270000,8540.000000822327,-43397.78810798522,6241.179743191153,-37156.60836479407,282.5678095082086
4275000,8550.000000824364,-43655.593506827776,6146.005173157468,-37509.58833367031,278.2588053003674
4280000,8560.000000826401,-43499.2201632004,5991.988723875762,-37507.231439324634,271.2857501261045
4285000,8570.000000828439,-43643.73543039168,6123.554700265089,-37520.180730126594,277.24236590771187
4290000,8580.000000830476,-43411.731755702116,6243.000046193979,-37168.73170950814,282.6502232590241
4295000,8590.000000832513,-43376.798499297816,6172.713355885954,-37204.08514341186,279.4680114120431
4300000,8600.00000083455,-43784.86366506643,6183.265951199923,-37601.597713866504,279.94577745391166
4305000,8610.000000836588,-43416.55430172873,6267.482090015548,-37149.07221171318,283.7586415035862
4310000,8620.000000838625,-43425.94184377644,6150.574057772441,-37275.367786004,278.46566037755963
4315000,8630.000000840662,-43429.84764460998,6020.853871716403,-37408.99377289358,272.5926122791067
4320000,8640.0000008427,-43221.38666272891,6271.287160659439,-36950.09950206947,283.9309150994622
4325000,8650.000000844737,-43604.13345831336,6030.252487279154,-37573.8809710342,273.0181321841973
4330000,8660.000000846774,-43308.66851605766,6194.69379382334,-37113.97472223432,280.46317009286366
4335000,8670.000000848811,-43558.05517898442,6250.058445368214,-37307.9967336162,282.96979046832837
4340000,8680.000000850849,-43536.53259912459,5963.631325033005,-37572.901274091586,270.00187617854033
4345000,8690.000000852886,-43246.17835199204,5937.502839593664,-37308.675512398375,268.8189157127059
4350000,8700.000000854923,-43598.88605996093,6122.082364416259,-37476.80369554467,277.17570628040056
4355000,8710.00000085696,-43292.44585791591,6099.5964340632945,-37192.84942385262,276.1576615603261
4360000,8720.000000858998,-43367.534403432044,6104.025201803537,-37263.509201628505,276.35817288201116
4365000,8730.000000861035,-43647.41007495596,5965.402552442384,-37682.00752251357,270.08206804447
4370000,8740.000000863072,-43351.979073936236,5991.614900360687,-37360.36417357555,271.2688253624951
4375000,8750.00000086511,-43178.27415109082,6073.533529476075,-37104.74062161475,274.97767025072375
4380000,8760.000000867147,-43330.42304389854,6094.044060590912,-37236.37898330763,275.90627927777376
4385000,8770.000000869184,-43314.404873881955,6254.410004295948,-37059.99486958601,283.16680618086207
4390000,8780.000000871221,-43377.657996049675,6158.541777899039,-37219.11621815064,278.8263968593768
4395000,8790.000000873259,-43725.68792557344,6158.9396935861205,-37566.748231987316,278.84441238988455
4400000,8800.000000875296,-43308.66498587164,6071.236470495166,-37237.42851537647,274.8736714954796
4405000,8810.000000877333,-43390.431393358216,6127.471208392647,-37262.96018496557,277.4196848070326
4410000,8820.00000087937,-43594.891135952086,6057.7288108138655,-37537.16232513822,274.2621156735388
4415000,8830.000000881408,-43694.668820953404,6219.02862517317,-37475.64019578023,281.56492333058685
4420000,8840.000000883445,-43755.95531855844,6000.89852064807,-37755.056797910365,271.68913888603583
4425000,8850.000000885482,-43391.2873457651,5982.239998018952,-37409.04734774615,270.844379067394
4430000,8860.00000088752,-43183.87752236455,6145.910930844183,-37037.966591520366,278.25453850384434
4435000,8870.000000889557,-43781.350623406994,6050.405463515146,-37730.945159891846,273.93055300596393
4440000,8880.000000891594,-43694.90977097978,6065.984860581984,-37628.92491039779,274.6359062058037
4445000,8890.000000893631,-43778.488856109965,6149.221215377284,-37629.26764073268,278.4044107856654
4450000,8900.000000895669,-43220.08957795636,6119.145762121859,-37100.9438158345,277.0427523659374
4455000,8910.000000897706,-43278.68677978474,5989.111196673021,-37289.57558311171,271.1554708212398
4460000,8920.000000899743,-43621.40453891095,6181.563732911688,-37439.840805999265,279.8687099582133
4465000,8930.00000090178,-43618.07990428456,6057.68509573153,-37560.39480855303,274.26013648441653
4470000,8940.000000903818,-43461.06538703933,5996.870339107416,-37464.19504793191,271.5067640016262
4475000,8950.000000905855,-43575.8584956635,6313.239775064241,-37262.61872059926,285.8303089389747
4480000,8960.000000907892,-43574.11905174545,6198.530649757267,-37375.588401988185,280.63688275958043
4485000,8970.00000090993,-43360.247706365655,5958.229142860895,-37402.01856350476,269.7572937685236
4490000,8980.000000911967,-43464.4723236704,6046.383545913068,-37418.08877775734,273.7484617197641
4495000,8990.000000914004,-43514.376177979575,6262.722541987503,-37251.65363599207,283.5431541893487
4500000,9000.000000916041,-43594.81583973789,6174.751743808412,-37420.064095929476,279.5602989015687
4505000,9010.000000918079,-43353.230188541405,6063.747799000578,-37289.482389540826,274.53462381740866
4510000,9020.000000920116,-43305.76571105869,6070.548375100372,-37235.21733595832,274.8425181532527
4515000,9030.000000922153,-42999.48322244041,6103.237193112842,-36896.246029327565,276.32249599098003
4520000,9040.00000092419,-43583.60775545961,6174.9618716569275,-37408.64588380269,279.5698123859282
4525000,9050.000000926228,-43642.37413182983,5990.211003358805,-37652.163128471024,271.2052642863973
4530000,9060.000000928265,-43760.50176165032,6172.558217045071,-37587.943544605245,279.4609875408774
4535000,9070.000000930302,-43165.22334759956,6172.821000585222,-36992.40234701434,279.4728849981484
4540000,9080.00000093234,-43534.73716839228,6150.648135732926,-37384.08903265936,278.4690142381899
4545000,9090.000000934377,-43591.42447098793,5965.702878485981,-37625.72159250195,270.0956652289399
4550000,9100.000000936414,-43504.926970948465,5958.013754412826,-37546.91321653564,269.74754211187076
4555000,9110.000000938451,-43448.23619204934,6062.477420781793,-37385.75877126755,274.47710776991454
4560000,9120.000000940488,-43317.1792338423,6209.0714004231095,-37108.107833419184,281.11411253804795
4565000,9130.000000942526,-43525.995108773815,6130.742063460681,-37395.25304531313,277.56777192995213
4570000,9140.000000944563,-43485.53056496178,5913.2408545010785,-37572.289710460704,267.7204605705652
4575000,9150.0000009466,-43046.02892473253,6030.905191054889,-37015.12373367764,273.04768317996354
4580000,9160.000000948638,-43268.29910256027,6025.359197925382,-37242.939904634884,272.79658976579583
4585000,9170.000000950675,-43628.41723528027,5994.153855914169,-37634.2633793661,271.383775922919
4590000,9180.000000952712,-43363.384643250494,6261.666383561716,-37101.71825968878,283.49533688794924
4595000,9190.00000095475,-43381.55979962787,5990.878435683451,-37390.681363944415,271.23548211343166
4600000,9200.000000956787,-43159.37993694941,6191.663960831482,-36967.71597611793,280.32599518252414
4605000,9210.000000958824,-43566.22612978524,6193.3145974587005,-37372.911532326536,280.4007273317714
4610000,9220.000000960861,-43569.685746712144,5998.5761144931585,-37571.109632218984,271.58399254400047
4615000,9230.000000962898,-43416.26080634841,6150.177411002851,-37266.08339534556,278.4477022969654
4620000,9240.000000964936,-43533.188945350295,5911.327659678962,-37621.86128567133,267.63384116649536
4625000,9250.000000966973,-43479.17345368565,6103.078809801071,-37376.094643884586,276.3153252272284
4630000,9260.00000096901,-43282.697213550855,5984.338648036239,-37298.358565514616,270.93939490778155
4635000,9270.000000971047,-43450.627092007315,6267.761834630431,-37182.865257376885,283.77130686915837
4640000,9280.000000973085,-43822.790862562775,6188.399078608572,-37634.391783954205,280.17817847863313
4645000,9290.000000975122,-43462.50200118666,6217.393742499758,-37245.1082586869,281.49090443755097
4650000,9300.00000097716,-43536.193433848035,6090.831267140748,-37445.36216670729,275.76082087968723
4655000,9310.000000979197,-43801.91755445325,6042.873517611132,-37759.04403684212,273.58954609012346
4660000,9320.000000981234,-43089.15981824364,6016.58075717821,-37072.57906106544,272.39914811615705
4665000,9330.000000983271,-43327.386505623,6102.869772899821,-37224.516732723176,276.30586113522617
4670000,9340.000000985308,-42918.67387724179,6302.88613376089,-36615.7877434809,285.3615504888254
4675000,9350.000000987346,-43356.21923033398,6281.0699857041245,-37075.14924462986,284.3738299901437
4680000,9360.000000989383,-43446.14123943844,6005.606111081424,-37440.53512835701,271.9022738335217
4685000,9370.00000099142,-43501.40754322178,6104.031932837566,-37397.37561038422,276.3584776278476
4690000,9380.000000993457,-43563.96938951663,6238.111649823821,-37325.85773969281,282.4289023691986
4695000,9390.000000995495,-43406.82862424705,6188.354720812747,-37218.4739034343,280.1761701908227
4700000,9400.000000997532,-43571.043172747595,5963.776520222085,-37607.26665252551,270.00844985342513
4705000,9410.00000099957,-43591.32580888335,6205.148166821977,-37386.177642061375,280.936489144639
4710000,9420.000001001607,-43358.98027781589,6054.936005043857,-37304.04427277204,274.13567210977607
4715000,9430.000001003644,-43472.16125150141,6109.132311405373,-37363.02894009604,276.5893959572131
4720000,9440.000001005681,-43475.26139146957,6424.500216192067,-37050.761175277505,290.86759682812817
4725000,9450.000001007718,-43493.015848611016,6190.768572345949,-37302.247276265065,280.2854566988678
4730000,9460.000001009756,-43587.35199370695,6144.537267040543,-37442.81472666641,278.19234622803003
4735000,9470.000001011793,-43567.229387181986,6144.190791279878,-37423.03859590211,278.17665962697583
4740000,9480.00000101383,-43266.44287100062,6084.953136108204,-37181.48973489241,275.494690007286
4745000,9490.000001015867,-43511.90232982999,6008.785479354647,-37503.116850475344,272.0462189153092
4750000,9500.000001017905,-43389.796920843655,6174.590484190989,-37215.20643665267,279.55299791381753
4755000,9510.000001019942,-43623.709522628924,6065.427717181263,-37558.28180544766,274.6106816814667
4760000,9520.00000102198,-43766.41013389523,6059.071263527638,-37707.338870367596,274.32289487527754
4765000,9530.000001024016,-43580.33445944922,6242.198111968657,-37338.13634748057,282.61391589299024
4770000,9540.000001026054,-43576.995717172744,6117.8637610286105,-37459.131956144134,276.9847100957878
4775000,9550.000001028091,-43248.33628311433,6122.954199705693,-37125.38208340864,277.2151783991544
4780000,9560.000001030128,-43490.92236847244,6047.41159864518,-37443.51076982726,273.7950065431028
4785000,9570.000001032166,-43475.60555961152,5873.262406464166,-37602.343153147354,265.9104466061938
4790000,9580.000001034203,-43587.10553697409,6191.453161709085,-37395.65237526501,280.31645130641215
4795000,9590.00000103624,-43582.431009382475,6126.505207636512,-37455.925801745965,277.37594937096503
4800000,9600.000001038277,-43569.33759885788,5983.2845455253755,-37586.0530533325,270.8916706874021
4805000,9610.000001040315,-43506.45786102745,6050.922499579376,-37455.53536144807,273.9539616809449
4810000,9620.000001042352,-43640.88083118631,6203.589764476086,-37437.291066710226,280.8659328787838
4815000,9630.00000104439,-43611.64512451767,6199.504627669251,-37412.14049684842,280.6809793593297
4820000,9640.000001046426,-43553.518674993364,6021.6368726275105,-37531.88180236585,272.62806244420347
4825000,9650.000001048464,-43475.37919447728,5995.819962273899,-37479.559232203384,271.4592084603316
4830000,9660.000001050501,-43329.70195228874,6154.316823065925,-37175.38512922282,278.63511311470234
4835000,9670.000001052538,-43450.983325483685,6229.238645795989,-37221.7446796877,282.0271793913214
4840000,9680.000001054575,-43435.21042828972,6226.73011793405,-37208.48031035567,281.9136064368152
4845000,9690.000001056613,-43309.760361391876,6016.623504208963,-37293.136857182915,272.40108347699265
4850000,9700.00000105865,-43356.9057117686,6336.189510502107,-37020.71620126649,286.86935231511615
4855000,9710.000001060687,-43512.895889023726,6268.7445208837,-37244.151368140025,283.81579773682216
4860000,9720.000001062725,-43172.51254998706,6179.872685490304,-36992.639864496756,279.79214822064176
4865000,9730.000001064762,-43660.23437567032,6058.759278057622,-37601.475097612696,274.30876981327197
4870000,9740.000001066799,-43274.14167036605,5940.7702232696265,-37333.371447096426,268.9668456692413
4875000,9750.000001068836,-43268.1767820064,6275.495969746975,-36992.68081225942,284.1214678496535
4880000,9760.000001070874,-43632.650168172375,6132.060604657053,-37500.58956351532,277.6274685438835
4885000,9770.00000107291,-43353.47171282623,6097.904549110046,-37255.56716371618,276.08106190371456
4890000,9780.000001074948,-43634.26641293132,6049.76950093935,-37584.49691199197,273.90175996372415
4895000,9790.000001076985,-43653.69200165564,5936.665884807239,-37717.0261168484,268.78102279976497
4900000,9800.000001079023,-43292.35657179775,6040.818544575321,-37251.53802722243,273.49650771385154
4905000,9810.00000108106,-43875.34475955326,6011.478869047396,-37863.86589050587,272.1681614417142
4910000,9820.000001083097,-43282.94235718064,6057.934953950717,-37225.00740322992,274.2714487511014
4915000,9830.000001085134,-43545.633074820216,6015.4210140062605,-37530.21206081395,272.3466410419861
4920000,9840.000001087172,-43173.39190310793,6202.62588094825,-36970.766022159674,280.82229329968357
4925000,9850.000001089209,-43908.74137625215,5994.806596187721,-37913.934780064425,271.4133285711145
4930000,9860.000001091246,-43196.51972679136,6200.183718438551,-36996.33600835281,280.71172501945074
4935000,9870.000001093284,-43342.315454337455,5929.723163800786,-37412.59229053667,268.4666928897892
4940000,9880.00000109532,-43336.74014075752,6254.886354201331,-37081.853786556196,283.1883728004536
4945000,9890.000001097358,-43561.06131665158,6185.788535968393,-37375.27278068319,280.05998683124983
4950000,9900.000001099395,-43584.11392760958,6064.253526535967,-37519.86040107361,274.55752050165154
4955000,9910.000001101433,-43547.93722916843,6389.175056288012,-37158.762172880415,289.2682592885379
4960000,9920.00000110347,-43510.54531084129,6063.394115073406,-37447.15119576789,274.5186108684677
4965000,9930.000001105507,-43592.855628010875,6138.385336077401,-37454.470291933474,277.91381913411044
4970000,9940.000001107544,-43243.001525771804,5955.00978391022,-37287.99174186158,269.611538119088
4975000,9950.000001109582,-43403.84815996664,6245.916180090042,-37157.9319798766,282.78225047201084
4980000,9960.000001111619,-43356.819754770375,6047.195208037683,-37309.624546732695,273.7852095139394
4985000,9970.000001113656,-43291.910715419624,6214.87557597856,-37077.03513944107,281.376895095223
4990000,9980.000001115694,-43163.194728653645,6167.43822960364,-36995.75649905,279.2291814247961
4995000,9990.00000111773,-43517.46647544496,6152.102255933403,-37365.36421951156,278.53484915670174
5000000,10000.000001119768,-43551.24905885523,6263.092777371118,-37288.156281484116,283.55991650122803
5005000,10010.000001121805,-43610.8153683836,5992.390034663449,-37618.42533372015,271.30391936891994
5010000,10020.000001123843,-43585.01333542622,6055.807996984362,-37529.20533844186,274.1751513208669
5015000,10030.00000112588,-43851.806022515,6033.121236320971,-37818.684786194026,273.1480140600814
5020000,10040.000001127917,-43365.15351721202,6169.889054761972,-37195.264462450046,279.34014190422033
5025000,10050.000001129954,-43299.92733219126,6285.528580244835,-37014.39875194643,284.5756917125574
5030000,10060.000001131992,-43863.32788027346,6180.205931246166,-37683.12194902729,279.8072358366272
5035000,10070.000001134029,-43455.844722663576,6482.83031528659,-36973.014407376984,293.50847707957706
5040000,10080.000001136066,-43554.88720355474,6237.123298636181,-37317.76390491856,282.3841550230866
5045000,10090.000001138103,-43416.26839183137,6263.239637446107,-37153.02875438526,283.56656555339464
5050000,10100.00000114014,-43226.28347362176,6115.919789536985,-37110.363684084776,276.8966972859125
5055000,10110.000001142178,-43376.19138789037,6263.69028069349,-37112.501107196884,283.5869683106493
5060000,10120.000001144215,-43534.60235437332,6172.108667346038,-37362.49368702728,279.4406342937434
5065000,10130.000001146253,-43834.89655568614,6017.65413649493,-37817.24241919121,272.4477450889694
5070000,10140.00000114829,-43670.64891250804,6234.085820761082,-37436.56309174696,282.24663399262226
5075000,10150.000001150327,-43027.37796931621,6245.160834951281,-36782.217134364924,282.7480524149023
5080000,10160.000001152364,-43667.82316295884,6182.1311556347855,-37485.692007324054,279.8943998762301
5085000,10170.000001154402,-43416.36991344392,6390.620347634258,-37025.74956580967,289.3336944829426
5090000,10180.000001156439,-43194.440021598304,6229.372885309975,-36965.06713628833,282.0332570508308
5095000,10190.000001158476,-43381.804288909596,6268.0243825073285,-37113.77990640227,283.78319365683615
5100000,10200.000001160513,-43281.74054674676,6175.93546840841,-37105.80507833835,279.6138917287336
5105000,10210.00000116255,-43334.98739993392,5996.8972738656485,-37338.09012606827,271.5079834658857
5110000,10220.000001164588,-43474.53809375875,6199.592477811783,-37274.94561594696,280.684956751964
5115000,10230.000001166625,-43511.54116169101,5969.759711602326,-37541.78145008869,270.2793373060782
5120000,10240.000001168662,-43779.09409456194,6193.909752388654,-37585.184342173285,280.4276728183292
5125000,10250.0000011707,-43574.75032037019,6225.639561754481,-37349.11075861571,281.8642317859501
5130000,10260.000001172737,-43301.26832361566,6066.6105078056835,-37234.65781580997,274.6642322231273
5135000,10270.000001174774,-43562.962117413175,6100.279415454243,-37462.68270195893,276.18858336734274
5140000,10280.000001176812,-43655.63448600704,6155.886199649284,-37499.74828635775,278.70616623633964
5145000,10290.000001178849,-43355.447477055306,5909.151257207894,-37446.29621984741,267.5353051037375
5150000,10300.000001180886,-43224.27457937715,6410.2212304141285,-36814.05334896302,290.22111941531654
5155000,10310.000001182923,-43390.75758215209,5965.0344556014725,-37425.72312655061,270.0654025545622
5160000,10320.00000118496,-43798.305041198735,6000.478919766762,-37797.82612143197,271.6701415639305
5165000,10330.000001186998,-43583.41474694939,5874.9970194345315,-37708.41772751486,265.9889807628034
5170000,10340.000001189035,-43529.82693196344,6252.457145564455,-37277.36978639899,283.07839100348485
5175000,10350.000001191072,-43489.75320732943,6047.669624649723,-37442.083582679705,273.8066886041714
5180000,10360.00000119311,-43533.54099362646,5973.911122548954,-37559.62987107751,270.46729137018554
5185000,10370.000001195147,-43756.72618975217,6011.001287461411,-37745.724902290756,272.14653905809985
5190000,10380.000001197184,-43540.72795444884,6176.418320264255,-37364.30963418459,279.6357527224619
5195000,10390.000001199222,-43508.50818310666,6006.065595495973,-37502.44258761069,271.9230768723484
5200000,10400.000001201259,-43473.11552188551,6090.754921235228,-37382.36060065028,275.75736433842815
5205000,10410.000001203296,-43575.44661265885,5959.874986469527,-37615.571626189325,269.8318089150857
5210000,10420.000001205333,-43594.19817581703,6254.812830981378,-37339.38534483565,283.1850440555583
5215000,10430.00000120737,-43646.71748800471,6134.795710937207,-37511.9217770675,277.7512997780662
5220000,10440.000001209408,-43313.003056658024,6301.117345119003,-37011.88571153902,285.28146903746745
5225000,10450.000001211445,-43823.884754876315,6092.162029689993,-37731.72272518632,275.8210708122301
5230000,10460.000001213482,-43573.98667972634,6040.7460766516515,-37533.240603074686,273.49322674722447
5235000,10470.00000121552,-43136.694259033306,6176.930366271723,-36959.763892761584,279.658935473905
5240000,10480.000001217557,-43648.61326232605,5787.590028387209,-37861.02323393884,262.03165169807164
5245000,10490.000001219594,-43444.676745932025,5974.293207094917,-37470.38353883711,270.48459014984616
5250000,10500.000001221631,-43496.86943080305,6276.893926246134,-37219.97550455692,284.1847599710166
5255000,10510.000001223669,-43427.42148971069,6193.123214044419,-37234.29827566627,280.3920624968564
5260000,10520.000001225706,-43679.52541039599,6093.651439724887,-37585.873970671106,275.8885034689292
5265000,10530.000001227743,-43447.77465682739,6132.736565457153,-37315.03809137023,277.65807249545304
5270000,10540.00000122978,-43404.78097890131,6058.692866740918,-37346.088112160396,274.3057630579693
5275000,10550.000001231818,-43530.6264424097,6239.776665634612,-37290.84977677509,282.5042855322881
5280000,10560.000001233855,-43959.28089498915,6188.952323306858,-37770.32857168229,280.2032264902189
5285000,10570.000001235892,-43988.121765402786,6254.39483330346,-37733.72693209933,283.16611931807455
5290000,10580.00000123793,-43507.19545924099,6326.268043616652,-37180.927415624334,286.4201604507111
5295000,10590.000001239967,-43328.56318651495,6096.187839224797,-37232.37534729015,276.0033383046843
5300000,10600.000001242004,-43320.5208514792,6174.4160874132685,-37146.10476406594,279.545102144509
5305000,10610.000001244041,-43580.10161074123,6023.264581066525,-37556.8370296747,272.70175652562006
5310000,10620.000001246079,-43035.755477052764,6039.516472059213,-36996.23900499355,273.4375567151884
5315000,10630.000001248116,-43473.97666603769,6180.183075540173,-37293.79359049752,279.8062010504101
5320000,10640.000001250153,-43366.42946796102,6293.930331011693,-37072.49913694932,284.95607882010944
5325000,10650.00000125219,-43597.77714132314,6208.178445300024,-37389.59869602312,281.0736842242513
5330000,10660.000001254228,-43807.89716278098,6167.978754624027,-37639.918408156955,279.25365355623273
5335000,10670.000001256265,-43436.577542858024,6056.667860918149,-37379.90968193988,274.21408143956927
5340000,10680.000001258302,-43443.49569732562,6028.346061663978,-37415.14963566164,272.9318192542327
5345000,10690.00000126034,-43246.58460174658,6023.621561569893,-37222.96304017669,272.71791872620145
5350000,10700.000001262377,-43348.51977572433,6226.513613773881,-37122.00616195045,281.9038042665836
5355000,10710.000001264414,-43586.94662994001,6167.124328514421,-37419.822301425585,279.2149696336232
5360000,10720.000001266451,-43809.368573707296,6086.3931312777295,-37722.97544242957,275.5598854186502
5365000,10730.000001268489,-43479.02285388147,6144.199206193307,-37334.823647688165,278.17704061001956
5370000,10740.000001270526,-43568.64696889196,6174.134349999079,-37394.512618892884,279.5323465554601
5375000,10750.000001272563,-43195.52182690689,6364.472964723143,-36831.04886218374,288.14987843892834
5380000,10760.0000012746,-43553.99589488143,6033.314242210948,-37520.681652670486,273.1567523521667
5385000,10770.000001276638,-43796.65199649631,6055.825261228833,-37740.826735267474,274.1759329551001
5390000,10780.000001278675,-43693.88020726381,6014.633411544113,-37679.24679571969,272.3109825428482
5395000,10790.000001280712,-43720.54215550923,6196.489893648002,-37524.05226186123,280.54448805100554
5400000,10800.00000128275,-43623.91879886761,6146.167366731419,-37477.751432136196,278.26614857276036
5405000,10810.000001284787,-43404.27931974101,5957.349923818202,-37446.9293959228,269.7174873522378
5410000,10820.000001286824,-43745.210349922825,5970.306360518068,-37774.90398940476,270.3040866953038
5415000,10830.000001288861,-42796.71301189775,6112.843694934091,-36683.86931696366,276.7574278930181
5420000,10840.000001290899,-43426.1124741743,6204.1726219835655,-37221.93985219073,280.8923216026983
5425000,10850.000001292936,-43641.615966730635,5884.417251792571,-37757.198714938066,266.41547936274736
5430000,10860.000001294973,-43266.645256694756,6220.7574086100585,-37045.8878480847,281.6431935565659
5435000,10870.00000129701,-43799.77616051311,6127.058098106528,-37672.71806240658,277.40098134495696
5440000,10880.000001299048,-43476.56531016133,6285.573507837487,-37190.99180232384,284.57772579777276
5445000,10890.000001301085,-43303.47871867358,6012.406543703364,-37291.07217497021,272.21016167344266
5450000,10900.000001303122,-43552.527473133465,5897.556884016138,-37654.97058911733,267.0103728360859
5455000,10910.00000130516,-43768.46032771148,6373.872089680299,-37394.58823803118,288.5754214067198
5460000,10920.000001307197,-43655.655403065495,6124.690666102956,-37530.96473696254,277.2937964691907
5465000,10930.000001309234,-43459.048482742335,6154.817675295295,-37304.23080744704,278.6577890707177
5470000,10940.000001311271,-43564.16124662722,5965.2173795523995,-37598.94386707482,270.07368438944707
5475000,10950.000001313309,-43642.35179342562,6177.432704911087,-37464.919088514536,279.68167872675093
5480000,10960.000001315346,-43230.727240191016,6303.68758976784,-36927.039650423176,285.3978362036453
5485000,10970.000001317383,-43476.587633956806,6090.256638419768,-37386.330995537035,275.7348047119675
5490000,10980.00000131942,-43503.91640843963,6117.467465558139,-37386.44894288149,276.96676792017087
5495000,10990.000001321458,-43432.34890450508,5986.25797181024,-37446.09093269484,271.0262917985734
5500000,11000.000001323495,-43477.62490551628,6091.244876701648,-37386.38002881463,275.77954694630023
