#"Step","Time (ps)","Potential Energy (kJ/mole)","Kinetic Energy (kJ/mole)","Total Energy (kJ/mole)","Temperature (K)"
505000,1009.9999999899404,-44792.99374479195,5573.361023912034,-39219.63272087992,252.33248855608485
510000,1019.999999989704,-44388.04103539203,5923.212744637815,-38464.828290754216,268.1719353347183
515000,1029.9999999894676,-44394.72246133373,5807.097307207472,-38587.62515412626,262.91483873522134
520000,1039.9999999892311,-44444.94632684084,5710.409412562004,-38734.53691427884,258.5373191443561
525000,1049.9999999889947,-44508.60849391349,5932.117930918532,-38576.49056299496,268.5751153558272
530000,1059.9999999887582,-44475.46228534519,5710.956203023921,-38764.50608232127,258.56207494204847
535000,1069.9999999885217,-44480.019565485185,5813.795629810105,-38666.22393567508,263.2181035702504
540000,1079.9999999882853,-44465.593803013675,5592.3724304791685,-38873.22137253451,253.19322510436416
545000,1089.9999999880488,-44406.11198474612,5714.933199943406,-38691.178784802716,258.742132455884
550000,1099.9999999878123,-44648.98008185072,5854.161801752748,-38794.81828009797,265.0456716348471
555000,1109.9999999875758,-44891.20597061806,5731.649285630906,-39159.556684987154,259.4989489410079
560000,1119.9999999873394,-44590.084270415595,5797.042248480486,-38793.04202193511,262.4595985345108
565000,1129.999999987103,-44684.100062462676,5699.337377408637,-38984.76268505404,258.03603559720335
570000,1139.9999999868664,-44297.06429324491,5692.219138912092,-38604.84515433282,257.7137591779543
575000,1149.99999998663,-44650.75704638974,5692.425515445597,-38958.331530944146,257.7231028224904
580000,1159.9999999863935,-44562.7922518088,5850.38377367639,-38712.40847813241,264.87462238426883
585000,1169.999999986157,-44491.875746416335,5836.91733195833,-38654.95841445801,264.2649326950248
590000,1179.9999999859206,-44610.12886472355,5675.7241923374495,-38934.404672386096,256.9669547093542
595000,1189.999999985684,-44619.186455748975,5761.979648257669,-38857.206807491304,260.87214831703676
600000,1199.9999999854476,-44537.602309702954,5733.101563703365,-38804.50074599959,259.5647004576469
605000,1209.9999999852112,-44441.721021702455,5845.43578611867,-38596.28523558378,264.6506035187356
610000,1219.9999999849747,-44362.22118077328,5855.533686275975,-38506.68749449731,265.1077833541978
615000,1229.9999999847382,-44433.370627875905,5738.983291068573,-38694.38733680733,259.83099415308556
620000,1239.9999999845018,-44872.43268382648,5686.633791866163,-39185.79889196032,257.4608840253306
625000,1249.9999999842653,-44597.99845958542,5674.593858329139,-38923.404601256276,256.9157791275117
630000,1259.9999999840288,-44749.03839003621,5866.035025061735,-38883.00336497447,265.5832287699196
635000,1269.9999999837923,-44207.656703872955,5831.097853122079,-38376.55885075088,264.001457285743
640000,1279.9999999835559,-44600.1178029594,5770.095707829019,-38830.02209513038,261.2396008291065
645000,1289.9999999833194,-44524.363463753194,5825.284505405897,-38699.078958347294,263.73825946134724
650000,1299.999999983083,-44372.56865514227,6012.367870513819,-38360.200784628454,272.20841075472117
655000,1309.9999999828465,-44565.82992969279,5765.973296537528,-38799.85663315526,261.0529597169355
660000,1319.99999998261,-44411.420075932576,5595.416894890813,-38816.003181041764,253.33106244847565
665000,1329.9999999823735,-44469.37084058067,5726.731271541299,-38742.63956903937,259.27628711654324
670000,1339.999999982137,-44617.944191701186,5804.879274062743,-38813.06491763845,262.8144178544085
675000,1349.9999999819006,-44477.88097400038,5625.290752710101,-38852.59022129028,254.68359368662257
680000,1359.9999999816641,-44345.262684247864,5718.134771877625,-38627.12791237024,258.88708280271896
685000,1369.9999999814277,-44428.95960998908,5676.254983141763,-38752.70462684731,256.99098612665875
690000,1379.9999999811912,-44511.56828741473,5607.0097102203,-38904.55857719443,253.85592418431335
695000,1389.9999999809547,-44239.455290779646,5782.804695734159,-38456.65059504549,261.81499699156115
700000,1399.9999999807183,-44628.58187244076,5787.022571989988,-38841.55930045077,262.0059602554675
705000,1409.9999999804818,-44458.4465564774,5715.546805734443,-38742.89975074296,258.7699133004373
710000,1419.9999999802453,-44880.489261805604,5603.331125196445,-39277.158136609156,253.68937719239014
715000,1429.9999999800089,-44719.200108508114,5661.75451768299,-39057.445590825126,256.33448127819565
720000,1439.9999999797724,-44663.696276338946,5685.021573056021,-38978.67470328292,257.38789123288194
725000,1449.999999979536,-44729.455291707185,5633.159768878897,-39096.29552282829,255.03986137210737
730000,1459.9999999792994,-44236.53931036161,5742.2705300809075,-38494.2687802807,259.9798230548743
735000,1469.999999979063,-44759.21098364901,5739.4763518499385,-39019.734631799074,259.85331735329413
740000,1479.9999999788265,-44794.36068478116,5927.960922041085,-38866.399762740075,268.38690784684024
745000,1489.99999997859,-44664.92215061904,5749.197885582431,-38915.72426503661,260.29345729556184
750000,1499.9999999783536,-44391.32274937938,5500.354173087609,-38890.96857629177,249.02712214053557
755000,1509.999999978117,-44596.4375834525,5620.597038823855,-38975.84054462864,254.47108699624215
760000,1519.9999999778806,-44399.7220523358,5671.058357023328,-38728.66369531247,256.75571021416465
765000,1529.9999999776442,-44762.89705746365,5733.884657620442,-39029.0123998432,259.600154833565
770000,1539.9999999774077,-44337.11758521502,5885.134868388963,-38451.98271682605,266.4479692697926
775000,1549.9999999771712,-44555.74324551318,5859.284368666749,-38696.45887684643,265.2775945358864
780000,1559.9999999769348,-44516.16912422067,5664.123095882469,-38852.046028338205,256.4417180476872
785000,1569.9999999766983,-44588.60233774356,5845.544978496404,-38743.05735924716,264.65554717558587
790000,1579.9999999764618,-44369.08837933751,5676.556431173978,-38692.53194816353,257.0046341088751
795000,1589.9999999762254,-44431.291796136764,5855.362120528413,-38575.92967560835,265.1000157590523
800000,1599.9999999759889,-44500.1811554007,5643.554901224443,-38856.626254176255,255.510498318533
805000,1609.9999999757524,-44613.387271301704,5719.847541716117,-38893.53972958559,258.9646280171446
810000,1619.999999975516,-44605.07496716268,5613.625342516732,-38991.44962464595,254.15544523697235
815000,1629.9999999752795,-44638.105429215066,5830.022329055967,-38808.0831001591,263.95276320995293
820000,1639.999999975043,-44552.206197182764,5782.352104183146,-38769.854092999616,261.7945060253602
825000,1649.9999999748065,-44705.95989517268,5801.262073071313,-38904.69782210137,262.6506500087837
830000,1659.99999997457,-44596.30431744509,5786.418932197499,-38809.88538524759,261.9786306189382
835000,1669.9999999743336,-44764.80762458226,5706.976896123594,-39057.83072845866,258.38191284442377
840000,1679.9999999740971,-44898.54963685898,5593.238640868902,-39305.310995990076,253.2324425572291
845000,1689.9999999738607,-44792.05142687686,5759.543727325794,-39032.50769955107,260.7618626226364
850000,1699.9999999736242,-44781.347675928904,5765.9852062666105,-39015.362469662294,261.0534989268601
855000,1709.9999999733877,-44518.199313155725,5587.017767841626,-38931.1815453141,252.95079412906713
860000,1719.9999999731513,-44508.57720280136,5781.75852275758,-38726.81868004378,261.7676317788093
865000,1729.9999999729148,-44527.82397386915,5693.832702210976,-38833.991271658175,257.7868128417853
870000,1739.9999999726783,-44604.76895015169,5824.780285933974,-38779.988664217715,263.7154310542903
875000,1749.9999999724419,-44759.48741340928,5745.766712995163,-39013.72070041412,260.13811183814465
880000,1759.9999999722054,-44363.075123858056,5947.78247637422,-38415.29264748384,269.28432362709754
885000,1769.999999971969,-44476.73602773546,5837.718796351748,-38639.01723138371,264.3012187895399
890000,1779.9999999717324,-44261.13958408998,5678.657455553928,-38582.48212853605,257.09975744792223
895000,1789.999999971496,-44299.838981522014,6040.609094874249,-38259.229886647765,273.4870249324434
900000,1799.9999999712595,-44230.358640807855,5661.012073449507,-38569.34656735835,256.3008673062593
905000,1809.999999971023,-44338.39572957583,5610.07682182725,-38728.31890774858,253.9947868743742
910000,1819.9999999707866,-44790.90130109753,5744.852980250158,-39046.048320847374,260.09674282285334
915000,1829.99999997055,-44701.78579820413,5837.488486586736,-38864.297311617396,264.2907915740958
920000,1839.9999999703136,-44785.27895256417,5805.404149393699,-38979.874803170474,262.8381814501766
925000,1849.9999999700772,-44734.71288569935,5718.715070564456,-39015.99781513489,258.913355676686
930000,1859.9999999698407,-44748.04660653783,5916.78089940044,-38831.26570713739,267.880735193943
935000,1869.9999999696042,-44685.30016494071,5833.523799087172,-38851.77636585354,264.11129136608486
940000,1879.9999999693678,-44741.54965376633,5720.590363460318,-39020.95929030601,258.99825908078174
945000,1889.9999999691313,-44725.88435976085,5954.034574755822,-38771.849785005026,269.5673857751548
950000,1899.9999999688948,-44461.50715509395,5934.43060922988,-38527.07654586407,268.6798212722444
955000,1909.9999999686584,-44587.964611438685,5724.998804104764,-38862.96580733392,259.19785009842656
960000,1919.999999968422,-44621.106588041,5827.300477554856,-38793.80611048615,263.82953208248625
965000,1929.9999999681854,-44752.359716047766,5670.134560716364,-39082.2251553314,256.71388557369096
970000,1939.999999967949,-44335.86474128446,5976.680342465887,-38359.18439881857,270.5926670905096
975000,1949.9999999677125,-44361.71523198817,5654.7994452773655,-38706.91578671081,256.0195921617954
980000,1959.999999967476,-44451.61307273398,5683.104515668534,-38768.50855706544,257.3010969521572
985000,1969.9999999672395,-44623.90140056156,5619.5534214901145,-39004.34797907145,254.4238374895633
990000,1979.999999967003,-45100.99627117958,5866.836248614692,-39234.16002256489,265.61950396044466
995000,1989.9999999667666,-44568.5474574212,5674.49883231449,-38894.048625106705,256.9114768491107
1000000,1999.9999999665301,-44568.45994459436,5687.6609257563,-38880.799018838065,257.5073872483349
1005000,2009.9999999662937,-44730.23933912977,5751.261227753874,-38978.978111375895,260.3868745822994
1010000,2019.9999999660572,-44577.713348876336,5685.912243097883,-38891.80110577845,257.42821609021325
1015000,2029.9999999658207,-44735.66815799277,5685.723825904628,-39049.94433208814,257.41968555019315
1020000,2039.9999999655843,-44881.95173146523,5874.011810213582,-39007.93992125165,265.9443756684261
1025000,2049.999999965348,-44528.474848124606,5578.944754321787,-38949.53009380282,252.58529051592095
1030000,2059.9999999651113,-44779.013641293976,5671.36486011729,-39107.648781176686,256.76958706300286
1035000,2069.999999964875,-44587.31304384547,5703.71188942844,-38883.601154417025,258.2340905050838
1040000,2079.9999999646384,-44746.123108230764,5743.721634599298,-39002.401473631464,260.04552143915436
1045000,2089.999999964402,-44546.436058545194,5694.062098389832,-38852.37396015536,257.797198694851
1050000,2099.9999999641655,-44345.71850771265,5562.035843529213,-38783.682664183434,251.81974392370176
1055000,2109.999999963929,-44537.77493713779,5947.3679466611065,-38590.40699047668,269.2655559008293
1060000,2119.9999999636925,-44770.00890158751,5766.192191617565,-39003.81670996995,261.0628701354498
1065000,2129.999999963456,-44386.209816832095,5884.733447870752,-38501.47636896135,266.4297950589559
1070000,2139.9999999632196,-44669.255047558516,5661.6982711060555,-39007.55677645246,256.3319347288747
1075000,2149.999999962983,-44394.7769580966,5879.891575884559,-38514.885382212036,266.2105805486624
1080000,2159.9999999627466,-44518.87101372046,5880.226053456494,-38638.64496026397,266.22572393480414
1085000,2169.99999996251,-44597.080476333154,5795.060131991118,-38802.02034434203,262.3698587196622
1090000,2179.9999999622737,-44158.96441563708,5723.814053580306,-38435.150362056775,259.14421082279523
1095000,2189.9999999620372,-44567.381418933684,5983.918834705339,-38583.46258422834,270.92038796707544
1100000,2199.9999999618008,-44493.57414352783,5569.147019266987,-38924.427124260845,252.14170057836193
1105000,2209.9999999615643,-44472.23275441915,5821.788615105243,-38650.444139313906,263.5799839260825
1110000,2219.999999961328,-44591.07106175559,5634.382234657878,-38956.68882709771,255.0952081961982
1115000,2229.9999999610914,-45061.64910261071,5874.010901742504,-39187.638200868205,265.9443345376314
1120000,2239.999999960855,-44838.164182743,5677.601972761186,-39160.562209981814,257.0519707356353
1125000,2249.9999999606184,-44553.18618020427,5551.48394007477,-39001.702240129496,251.34200920559547
1130000,2259.999999960382,-44941.32265228318,5749.198134900375,-39192.12451738281,260.2934685833677
1135000,2269.9999999601455,-44673.733016350656,5848.4996577541415,-38825.23335859652,264.7893195199201
1140000,2279.999999959909,-44479.59945680108,5911.3915531719895,-38568.20790362909,267.63673392797796
1145000,2289.9999999596726,-44980.73234211258,5749.213526287642,-39231.51881582494,260.29416542447217
1150000,2299.999999959436,-44774.46372122277,5740.628265306168,-39033.835455916604,259.9054699390973
1155000,2309.9999999591996,-44560.03077630524,5683.789411883649,-38876.24136442159,257.33210545234607
1160000,2319.999999958963,-44454.28080620151,5628.419295536396,-38825.86151066511,254.8252376593576
1165000,2329.9999999587267,-44637.7045359363,5671.903736276428,-38965.80079965987,256.79398454267005
1170000,2339.99999995849,-44742.644280985,5650.847077423958,-39091.797203561044,255.84064972259935
1175000,2349.9999999582537,-44748.582257025584,5722.265411709543,-39026.31684531604,259.074096459944
1180000,2359.9999999580173,-44677.91921971337,5872.009701495862,-38805.90951821751,265.8537307105749
1185000,2369.999999957781,-44524.44475437503,5836.451535385475,-38687.993218989555,264.2438438748524
1190000,2379.9999999575443,-44694.78126778733,5809.479807590725,-38885.301460196606,263.02270582800656
1195000,2389.999999957308,-44567.74976025394,5827.656168990464,-38740.093591263474,263.8456359208559
1200000,2399.9999999570714,-44539.54016013985,5711.2409119544345,-38828.299248185416,258.57496506573546
1205000,2409.999999956835,-44740.9378664032,5972.5808256713335,-38768.35704073186,270.40706252080577
1210000,2419.9999999565985,-44579.24432760198,5593.142369797224,-38986.101957804756,253.22808390919099
1215000,2429.999999956362,-44547.25762671803,5840.103796248929,-38707.1538304691,264.4091990471761
1220000,2439.9999999561255,-44842.74202075915,5750.910559803097,-39091.831460956055,260.37099818091497
1225000,2449.999999955889,-44352.2663447769,5616.500213668847,-38735.76613110805,254.28560428982732
1230000,2459.9999999556526,-44581.65400974656,5654.515151178895,-38927.13885856767,256.0067208195226
1235000,2469.999999955416,-44491.52217495808,5838.672877861901,-38652.84929709618,264.3444145848077
1240000,2479.9999999551796,-44497.99201359734,5818.736424689985,-38679.255588907356,263.4417967891422
1245000,2489.999999954943,-44355.06193545525,5911.609629790678,-38443.45230566457,267.64660729086495
1250000,2499.9999999547067,-44498.079721405345,5716.870262834479,-38781.20945857087,258.82983248064414
1255000,2509.9999999544702,-44391.12604943605,5798.0066516816605,-38593.11939775439,262.5032616416879
1260000,2519.9999999542338,-44261.06860554038,5674.359369675662,-38586.70923586472,256.9051627139659
1265000,2529.9999999539973,-44617.041345476406,5805.363118406785,-38811.67822706962,262.8363237827849
1270000,2539.999999953761,-44549.516551053675,5663.4529679929365,-38886.063583060735,256.41137817964506
1275000,2549.9999999535244,-44714.52985359542,5896.301688688057,-38818.22816490736,266.9535441900678
1280000,2559.999999953288,-44613.2905612195,5801.419808579727,-38811.87075263978,262.65779144340473
1285000,2569.9999999530514,-44385.04232904647,5691.00374439103,-38694.03858465544,257.6587325032491
1290000,2579.999999952815,-44371.66552683135,5637.886555431182,-38733.77897140016,255.25386541894633
1295000,2589.9999999525785,-44580.62740982702,5622.045953391495,-38958.581456435524,254.53668623106464
1300000,2599.999999952342,-44351.00752425066,5731.639086613482,-38619.368437637175,259.49848718311415
1305000,2609.9999999521056,-44575.53187286743,5499.764150001437,-39075.767722865996,249.00040899688662
1310000,2619.999999951869,-44941.43574861594,5726.296117595277,-39215.13963102066,259.25658563342853
1315000,2629.9999999516326,-44557.353732233576,5707.476752708273,-38849.8769795253,258.40454372288144
1320000,2639.999999951396,-44463.66055568546,5811.979819923783,-38651.68073576168,263.13589324413033
1325000,2649.9999999511597,-44714.73170604376,5973.967913184006,-38740.763792859754,270.46986255159794
1330000,2659.999999950923,-44417.08793728158,5699.839203916466,-38717.248733365115,258.0587556634257
1335000,2669.9999999506867,-44524.77830586844,5820.499087058664,-38704.27921880978,263.5216008750546
1340000,2679.9999999504503,-44605.19211928523,5639.558865149822,-38965.633254135406,255.32957881183987
1345000,2689.999999950214,-44353.935006381595,5740.463191748714,-38613.47181463288,259.8979962761911
1350000,2699.9999999499773,-44338.275051359495,5882.545370071748,-38455.72968128775,266.3307303987252
1355000,2709.999999949741,-44290.38427569246,5764.28364678232,-38526.100628910135,260.97646125834103
1360000,2719.9999999495044,-44444.949081072235,5688.793935540123,-38756.15514553211,257.55868397522624
1365000,2729.999999949268,-44457.046446308785,5713.692940734931,-38743.353505573854,258.68598003884404
1370000,2739.9999999490315,-44229.65617639705,5625.666987452947,-38603.989188944106,254.70062761794992
1375000,2749.999999948795,-44677.404535873444,5760.835034774449,-38916.569501098995,260.82032623563623
1380000,2759.9999999485585,-44805.864820258226,5800.5046110157555,-39005.36020924247,262.61635610881103
1385000,2769.999999948322,-44782.122366371565,5735.869487291684,-39046.25287907988,259.69001748702595
1390000,2779.9999999480856,-44465.1571207894,5560.392362153842,-38904.76475863556,251.74533572664376
1395000,2789.999999947849,-44681.60730237473,5724.715089858704,-38956.892212516024,259.1850050088227
1400000,2799.9999999476127,-44668.3344952272,5836.404078598285,-38831.930416628915,264.2416952810041
1405000,2809.999999947376,-44472.64755691704,5768.678888084422,-38703.96866883262,261.1754546791522
1410000,2819.9999999471397,-44543.79314243607,5873.06758156699,-38670.72556086908,265.90162595902484
1415000,2829.9999999469032,-44847.30629578052,5714.37631795944,-39132.929977821084,258.7169197671234
1420000,2839.999999946667,-44620.85978085047,5753.237302230497,-38867.622478619975,260.47634084657324
1425000,2849.9999999464303,-44386.27620461251,5694.586990748907,-38691.6892138636,257.8209630615628
1430000,2859.999999946194,-44665.06502599316,5811.746416354805,-38853.31860963835,263.12532595750645
1435000,2869.9999999459574,-44694.196383393486,5745.949977898622,-38948.246405494865,260.1464091095678
1440000,2879.999999945721,-44688.407012694865,5760.6379137546555,-38927.76909894021,260.8114016321056
1445000,2889.9999999454844,-44859.81963952625,5855.76469991982,-39004.05493960643,265.11824243757525
1450000,2899.999999945248,-44719.55987673247,5474.697089358532,-39244.86278737394,247.86550426602986
1455000,2909.9999999450115,-44581.11221829179,5876.32250417013,-38704.78971412166,266.0489917436894
1460000,2919.999999944775,-44412.12037231604,5670.90681301875,-38741.21355929729,256.74884909828916
1465000,2929.9999999445386,-44580.80569271807,5733.887679806327,-38846.918012911745,259.60029166225456
1470000,2939.999999944302,-44531.04970919812,5852.519709398997,-38678.529999799124,264.97132632538603
1475000,2949.9999999440656,-44435.96222880832,5842.20901319259,-38593.75321561573,264.5045122034682
1480000,2959.999999943829,-44537.042170151835,5624.939227164892,-38912.102942986945,254.66767845787052
1485000,2969.9999999435927,-44374.79063032905,5749.168214639843,-38625.622415689206,260.29211395125867
1490000,2979.999999943356,-44401.53105623246,5673.922726351101,-38727.60832988136,256.8853937996205
1495000,2989.9999999431197,-44758.54607843229,5820.9044383012115,-38937.641640131085,263.5399530484258
1500000,2999.9999999428833,-44599.58353832323,5760.171635061044,-38839.41190326219,260.79029098403976
1505000,3009.999999942647,-44787.20362081373,5774.962380792844,-39012.241240020885,261.45993819729097
1510000,3019.9999999424103,-44773.26887728367,5721.371905036545,-39051.89697224712,259.03364317486665
1515000,3029.999999942174,-44501.150184484664,5600.745064634477,-38900.405119850184,253.5722939648084
1520000,3039.9999999419374,-44663.85407736176,5674.9498856216205,-38988.904191740134,256.9318981717151
1525000,3049.999999941701,-44685.20484133059,5908.181157242327,-38777.023684088264,267.49138407701605
1530000,3059.9999999414645,-44490.1581136359,5605.404390849259,-38884.75372278664,253.78324376219746
1535000,3069.999999941228,-44330.7391541322,5825.594412561057,-38505.144741571145,263.75229042818165
1540000,3079.9999999409915,-44595.28278100991,5845.757186808603,-38749.52559420131,264.6651548524042
1545000,3089.999999940755,-44662.90336700424,5836.469657141008,-38826.43370986323,264.24466433267867
1550000,3099.9999999405186,-44448.44429795351,5785.5359481904625,-38662.90834976305,261.93865374485904
1555000,3109.999999940282,-44889.81866155425,5726.688485406193,-39163.13017614806,259.2743499852681
1560000,3119.9999999400457,-44623.998802317015,5589.050367315301,-39034.948435001716,253.04281954806106
1565000,3129.999999939809,-44616.70885453164,5674.0870077346735,-38942.62184679696,256.8928315970577
1570000,3139.9999999395727,-44515.97717596742,5682.221911258197,-38833.75526470922,257.2611372642211
1575000,3149.9999999393362,-44181.66676002642,5697.692685246844,-38483.97407477957,257.9615725821011
1580000,3159.9999999391,-44430.82996079628,5863.733632553911,-38567.096328242376,265.4790338153577
1585000,3169.9999999388633,-44041.788328880095,5725.687470379962,-38316.10085850013,259.22902928711716
1590000,3179.999999938627,-44329.20505764219,5761.8843606593955,-38567.320696982795,260.86783419550443
1595000,3189.9999999383904,-44931.62092683086,5657.828254933004,-39273.792671897856,256.1567207408506
1600000,3199.999999938154,-44817.69909244613,5993.794589940511,-38823.90450250562,271.3675102482574
1605000,3209.9999999379174,-45095.46782091301,5603.093664994898,-39492.37415591811,253.67862624276887
1610000,3219.999999937681,-44536.61152387987,5664.761173628896,-38871.85035025097,256.4706068537339
1615000,3229.9999999374445,-44384.38535759953,5687.372205121628,-38697.0131524779,257.49431549577275
1620000,3239.999999937208,-44630.07074919145,5796.362267068922,-38833.70848212253,262.4288125507901
1625000,3249.9999999369716,-44687.25674889417,5723.6457181876585,-38963.61103070651,259.1365894811387
1630000,3259.999999936735,-44706.04292746156,5667.42081978163,-39038.62210767993,256.5910216500334
1635000,3269.9999999364986,-44754.497754839715,5925.390812145123,-38829.10694269459,268.2705467815641
1640000,3279.999999936262,-45009.371042835875,5587.37542212025,-39421.99562071563,252.96698683465013
1645000,3289.9999999360257,-44764.82857247151,5534.300992816821,-39230.52757965469,250.5640556828067
1650000,3299.999999935789,-44425.29985424585,5885.142126874975,-38540.157727370875,266.44829789588215
1655000,3309.9999999355528,-44618.19280593051,5768.373838987077,-38849.81896694343,261.1616436596372
1660000,3319.9999999353163,-44179.11643716402,5768.211980787146,-38410.90445637687,261.1543155712169
1665000,3329.99999993508,-44520.06103994622,5799.941687266273,-38720.11935267995,262.59086988066883
1670000,3339.9999999348433,-44441.861591495865,5730.663565541936,-38711.19802595393,259.4543207172121
1675000,3349.999999934607,-44313.249198929465,5654.583909023657,-38658.66528990581,256.00983381328024
1680000,3359.9999999343704,-44312.838135972735,5768.007444420333,-38544.8306915524,261.145055239755
1685000,3369.999999934134,-44405.230492184404,5885.234747976437,-38519.99574420797,266.45249129245633
1690000,3379.9999999338975,-44552.63559910271,5814.328174366481,-38738.307424736224,263.2422143882291
1695000,3389.999999933661,-44468.58845851623,5667.763482376517,-38800.82497613971,256.60653561098655
1700000,3399.9999999334245,-44693.662822775485,5788.787561053539,-38904.87526172194,262.0858696818925
1705000,3409.999999933188,-44242.005535408156,5752.410921764299,-38489.59461364386,260.438926683264
1710000,3419.9999999329516,-44465.649061420234,5652.559426743235,-38813.089634677,255.9181758981255
1715000,3429.999999932715,-44269.08769036876,5862.719849263405,-38406.367841105355,265.4331350373219
1720000,3439.9999999324787,-44436.4064604342,5631.533178551048,-38804.87328188315,254.9662179128866
1725000,3449.999999932242,-44648.84200451709,5638.826165533545,-39010.01583898355,255.29640602494408
1730000,3459.9999999320057,-44541.182724965736,5759.949405015796,-38781.23331994994,260.7802295758323
1735000,3469.9999999317693,-44504.55148514843,5669.668157910643,-38834.88332723779,256.69276930648124
1740000,3479.999999931533,-44493.2425787829,5812.045996019655,-38681.196582763245,263.1388893498702
1745000,3489.9999999312963,-44690.05424905551,5545.36055922685,-39144.69368982866,251.06477471080802
1750000,3499.99999993106,-44712.252383944986,5863.449774134111,-38848.802609810875,265.46618219832476
1755000,3509.9999999308234,-44671.17938964191,5699.158057450643,-38972.02133219127,258.0279169321726
1760000,3519.999999930587,-44699.47966289794,5726.777872024271,-38972.70179087367,259.27839694143813
1765000,3529.9999999303504,-44267.35380119749,5678.8980474039345,-38588.455753793554,257.110650182123
1770000,3539.999999930114,-44525.71336429409,5604.683356754456,-38921.03000753964,253.75059912878962
1775000,3549.9999999298775,-44628.45594631572,5800.419458958415,-38828.036487357305,262.6125008712906
1780000,3559.999999929641,-44614.94800037326,5809.794241393656,-38805.153758979606,263.036941737656
1785000,3569.9999999294046,-44664.5990987097,5710.200794709256,-38954.398304000446,258.5278740246671
1790000,3579.999999929168,-44270.13820693747,5693.961461719128,-38576.17674521834,257.7926423954385
1795000,3589.9999999289316,-44639.397729598684,5774.591790535795,-38864.80593906289,261.443159818608
1800000,3599.999999928695,-44638.02715457755,5726.666023944626,-38911.36113063292,259.2733330483661
1805000,3609.9999999284587,-44541.19596210931,5790.483377630062,-38750.712584479246,262.1626473417378
1810000,3619.999999928222,-44747.41455750482,5985.3280735701355,-38762.08648393468,270.9841908946444
1815000,3629.9999999279858,-44739.092570748704,5572.83013417118,-39166.26243657753,252.30845265945374
1820000,3639.9999999277493,-44612.85959621827,5952.890746364686,-38659.96884985359,269.5155992385966
1825000,3649.999999927513,-44350.84366751666,5560.913598407643,-38789.93006910902,251.76893456412847
1830000,3659.9999999272763,-44511.94162833667,5598.188441676816,-38913.75318665986,253.45654351719904
1835000,3669.99999992704,-44572.81268655771,5785.578852985684,-38787.23383357203,261.9405962484404
1840000,3679.9999999268034,-44764.64821364486,5579.621248597881,-39185.02696504698,252.6159186204791
1845000,3689.999999926567,-44666.50711153622,5622.0005454192,-39044.50656611702,254.5346303967843
1850000,3699.9999999263305,-44740.474572373496,5501.609374202531,-39238.86519817096,249.08395104855137
1855000,3709.999999926094,-44707.42157109204,5981.095764239838,-38726.325806852205,270.7925741769993
1860000,3719.9999999258575,-44584.63821039302,5775.375871324666,-38809.26233906836,261.47865887489314
1865000,3729.999999925621,-44473.68264726171,5811.604428988571,-38662.07821827314,263.11889751597687
1870000,3739.9999999253846,-44346.14575088385,5804.635579871189,-38541.51017101266,262.80338466249117
1875000,3749.999999925148,-44771.35891348164,5682.251022629644,-39089.107890852,257.2624552740846
1880000,3759.9999999249117,-44461.22362640139,5673.718545271004,-38787.50508113039,256.8761495536734
1885000,3769.999999924675,-44533.25709854497,5768.820011313859,-38764.43708723111,261.18184399711026
1890000,3779.9999999244387,-44536.190596414206,5772.672410901867,-38763.51818551234,261.35626039877235
1895000,3789.9999999242023,-44157.64230979042,5637.945816769568,-38519.69649302085,255.25654846081747
1900000,3799.999999923966,-44649.0518840868,5814.39246132353,-38834.659422763274,263.24512496369414
1905000,3809.9999999237293,-44549.58818007744,5690.423266399755,-38859.16491367768,257.6324515113195
1910000,3819.999999923493,-44793.37175333133,5816.5398284558705,-38976.83192487546,263.34234645895026
1915000,3829.9999999232564,-44317.640223751834,5702.184331777201,-38615.455891974634,258.1649307248549
1920000,3839.99999992302,-44535.0904040311,5838.658991696881,-38696.43141233422,264.3437858922538
1925000,3849.9999999227834,-44708.33148242667,5640.256723078006,-39068.07475934867,255.36117415025805
1930000,3859.999999922547,-44742.224101856176,5662.029482888063,-39080.19461896811,256.34693025721657
1935000,3869.9999999223105,-44504.89590267214,5757.25058971023,-38747.64531296191,260.65804140620094
1940000,3879.999999922074,-44633.970198203984,5739.6131603904405,-38894.35703781354,259.8595113248191
1945000,3889.9999999218376,-44891.06331700797,5732.461910049094,-39158.60140695887,259.53574030277736
1950000,3899.999999921601,-44599.98167206609,5856.773215923092,-38743.208456142995,265.16390274053475
1955000,3909.9999999213646,-44532.909154550114,5605.459148113483,-38927.45000643663,253.78572288326805
1960000,3919.999999921128,-44682.559362996486,5678.185014024239,-39004.37434897225,257.07836777903617
1965000,3929.9999999208917,-44640.19721009763,5721.543270028226,-38918.6539400694,259.0414016808412
1970000,3939.9999999206552,-44615.40492271015,5860.579303131994,-38754.82561957816,265.33622236113047
1975000,3949.9999999204188,-44700.56967677019,5959.801829567943,-38740.767847202245,269.82849675516053
1980000,3959.9999999201823,-44460.81702735566,5915.500717844256,-38545.31630951141,267.8227753028666
1985000,3969.999999919946,-44730.70075169497,5695.885852067024,-39034.81489962794,257.87976867406184
1990000,3979.9999999197094,-44651.316187773074,5781.910608155078,-38869.405579618,261.7745174061102
1995000,3989.999999919473,-44775.410206464876,5764.15114242523,-39011.259064039645,260.9704621576143
2000000,3999.9999999192364,-44531.25975957932,5717.515249122979,-38813.74451045634,258.8590340691584
2005000,4009.999999919,-44950.30903504131,6011.322198029173,-38938.98683701214,272.16106820161303
2010000,4019.9999999187635,-44633.80090817547,5668.25763637147,-38965.543271804,256.6289083061595
2015000,4029.999999918527,-44706.210328035,5789.234021685434,-38916.97630634956,262.10608307230535
2020000,4039.9999999182905,-44632.68515249749,5629.6065885250955,-39003.0785639724,254.87899204440433
2025000,4049.999999918054,-44824.959858079324,5691.4661308023615,-39133.49372727696,257.67966692923466
2030000,4059.9999999178176,-44597.77250034397,5804.2141835524,-38793.55831679157,262.78430605241505
2035000,4069.999999917581,-44454.60454021528,5715.949754394322,-38738.65478582096,258.7881566974954
2040000,4079.9999999173447,-44607.032478509005,5809.4333061343505,-38797.599172374656,263.0206004865155
2045000,4089.999999917108,-44589.191520133,5625.210271468609,-38963.981248664386,254.67994991908978
2050000,4099.999999917781,-44998.68341885181,5789.211873518813,-39209.471545333,262.10508031975155
2055000,4109.999999919818,-44570.51414511545,5628.18411754126,-38942.330027574186,254.81459003604527
2060000,4119.999999921855,-44422.09747627709,5601.87369094641,-38820.22378533069,253.623392231136
2065000,4129.999999923893,-44643.16445245297,5719.413838951223,-38923.75061350175,258.94499223588264
2070000,4139.99999992593,-44568.43937913841,5592.333387978833,-38976.10599115957,253.19145746519152
2075000,4149.999999927967,-44630.32093715377,5616.700044882669,-39013.620892271094,254.2946515966963
2080000,4159.999999930004,-44686.513063844526,6027.892738598381,-38658.62032524614,272.91129516889697
2085000,4169.999999932042,-44704.075586584164,5618.641583588674,-39085.43400299549,254.38255426282757
2090000,4179.999999934079,-44092.42691984051,5856.880372527659,-38235.54654731285,265.1687542282779
2095000,4189.999999936116,-44433.091216521454,5688.460161203212,-38744.63105531824,257.5435724278695
2100000,4199.999999938153,-44336.81102626264,5697.692382436637,-38639.118643826005,257.96155887244674
2105000,4209.999999940191,-44484.554839585326,5705.918725333251,-38778.63611425208,258.33400443373597
2110000,4219.999999942228,-44781.87975804723,5820.183304073682,-38961.69645397355,263.5073038815344
2115000,4229.999999944265,-44839.941641042766,5898.419238627963,-38941.522402414805,267.04941571959654
2120000,4239.9999999463025,-44187.57746067527,5790.52320577696,-38397.05425489831,262.1644505508567
2125000,4249.99999994834,-44625.36881554371,5626.198811916101,-38999.17000362761,254.724705833893
2130000,4259.999999950377,-44337.23272473569,5770.9743362892405,-38566.25838844645,261.27938050692256
2135000,4269.999999952414,-44388.80464323121,5731.996426736416,-38656.8082164948,259.51466566537897
2140000,4279.999999954452,-44549.344668696634,5673.5455454638695,-38875.79912323276,256.8683170318492
2145000,4289.999999956489,-44464.26408340159,5624.185128165434,-38840.07895523615,254.63353681939876
2150000,4299.999999958526,-44604.10830710904,5825.715469086231,-38778.39283802281,263.75777123125937
2155000,4309.999999960563,-44767.48930404236,5872.060668315646,-38895.42863572672,265.85603822024717
2160000,4319.999999962601,-44568.31570847018,5668.256382760337,-38900.059325709844,256.6288515492375
2165000,4329.999999964638,-44496.22717972001,5581.794692789041,-38914.432486930964,252.7143207478741
2170000,4339.999999966675,-44323.5666066017,5610.338517645216,-38713.228088956486,254.00663508530275
2175000,4349.9999999687125,-44674.600970665575,5669.655847434267,-39004.94512323131,256.6922119528259
2180000,4359.99999997075,-44513.245607511315,5647.782053408354,-38865.463554102964,255.70188154770034
2185000,4369.999999972787,-44762.05748301209,5725.499793942319,-39036.55768906977,259.22053228461715
2190000,4379.999999974824,-44562.10662051977,5627.799151415522,-38934.30746910425,254.7971607936006
2195000,4389.999999976862,-44735.29837505077,5744.733015264979,-38990.56535978579,260.0913114389685
2200000,4399.999999978899,-44291.830162314756,5599.4083302533245,-38692.42183206143,253.51177365911
2205000,4409.999999980936,-44427.58339692443,5673.865751654219,-38753.71764527021,256.882814284856
2210000,4419.999999982973,-44768.40902958764,5732.376681947266,-39036.03234764037,259.5318816223623
2215000,4429.999999985011,-44610.184013452264,5667.471618676102,-38942.712394776165,256.59332155693033
2220000,4439.999999987048,-44571.7250903956,5596.118978107266,-38975.60611228833,253.36284908573475
2225000,4449.999999989085,-44425.630786780384,5578.49409471072,-38847.13669206967,252.56488701780478
2230000,4459.999999991122,-44970.75557155552,5795.915609428237,-39174.839962127284,262.40859024085483
2235000,4469.99999999316,-44730.08579107595,5854.331301159593,-38875.75448991636,265.05334567694746
2240000,4479.999999995197,-44504.842478720995,5693.940149315206,-38810.90232940579,257.7916774818261
2245000,4489.999999997234,-44262.257853643794,5716.981518263171,-38545.27633538062,258.8348695415965
2250000,4499.9999999992715,-44704.495404673624,5747.581603264029,-38956.913801409595,260.2202805288206
2255000,4510.000000001309,-44565.00875272404,5769.85532512222,-38795.15342760182,261.22871756381073
2260000,4520.000000003346,-44596.254378490325,5759.141433358273,-38837.11294513205,260.74364886660663
2265000,4530.000000005383,-44816.09437422006,5909.432417127797,-38906.66195709226,267.5480345468809
2270000,4540.000000007421,-44746.85577537416,5670.579035100809,-39076.27674027335,256.7340090372608
2275000,4550.000000009458,-44132.46419664001,5760.258914384894,-38372.20528225511,260.79424253300493
2280000,4560.000000011495,-44342.99729717517,5886.763885132421,-38456.23341204275,266.52172258435684
2285000,4570.000000013532,-44548.410206103756,5563.604560561833,-38984.80564554192,251.89076718434882
2290000,4580.00000001557,-44418.74151736364,5785.932686375789,-38632.80883098785,261.95661596427726
2295000,4590.000000017607,-44252.83041511383,5893.4990260209415,-38359.331389092884,266.82665435782076
2300000,4600.000000019644,-44159.36859184457,5600.821280557684,-38558.547311286886,253.5757446211516
2305000,4610.000000021681,-44429.57596179168,5787.888672780157,-38641.68728901152,262.0451727462404
2310000,4620.000000023719,-44477.44205018581,5808.200495488895,-38669.24155469691,262.9647853012527
2315000,4630.000000025756,-44914.51784638851,5737.501968941112,-39177.0158774474,259.76392767431776
2320000,4640.000000027793,-44824.60303858778,5734.374874966038,-39090.228163621745,259.6223492979496
2325000,4650.0000000298305,-44568.798283018055,5795.324981332342,-38773.47330168571,262.3818497055461
2330000,4660.000000031868,-44645.1789562038,5692.013807684848,-38953.16514851896,257.70446285939056
2335000,4670.000000033905,-44210.811690954084,5756.565423984156,-38454.24626696993,260.62702070397256
2340000,4680.000000035942,-44629.29294584028,5855.716272555672,-38773.57667328461,265.1160499011045
2345000,4690.00000003798,-44709.24181542755,5537.897762475743,-39171.34405295181,250.72689850510093
2350000,4700.000000040017,-44411.728064643336,5911.835807180682,-38499.892257462656,267.6568474140922
2355000,4710.000000042054,-44430.743202685844,5650.968664553383,-38779.774538132464,255.84615454864823
2360000,4720.000000044091,-44401.576910093136,5624.509149165071,-38777.06776092807,254.64820678691603
2365000,4730.000000046129,-44706.84809798334,5654.912852245165,-39051.935245738176,256.0247266331282
2370000,4740.000000048166,-44719.61952905782,5787.065384748729,-38932.55414430909,262.0078985921209
2375000,4750.000000050203,-44535.048706218775,5567.26122984869,-38967.78747637008,252.05632194690958
2380000,4760.0000000522405,-44333.69203498645,5589.36057141488,-38744.33146357157,253.0568639589778
2385000,4770.000000054278,-44905.82360002503,5999.065083589272,-38906.75851643576,271.6061304942104
2390000,4780.000000056315,-44876.00890830124,5630.901940618378,-39245.10696768286,254.93763877765053
2395000,4790.000000058352,-44183.25048332085,5615.805940194376,-38567.444543126476,254.25417123663013
2400000,4800.0000000603895,-44650.55722563446,5713.523053095254,-38937.034172539206,258.6782884196019
2405000,4810.000000062427,-44669.41339626175,5640.116073128911,-39029.297323132836,255.3548062599459
2410000,4820.000000064464,-44777.27835838805,5825.591730405315,-38951.68662798274,263.7521689942695
2415000,4830.000000066501,-44514.9153982955,5659.942599080727,-38854.972799214775,256.2524471289617
2420000,4840.000000068539,-44603.87937202607,5885.412070362035,-38718.46730166404,266.46051951791003
2425000,4850.000000070576,-44820.482042401854,5737.122356708824,-39083.35968569303,259.7467408280237
2430000,4860.000000072613,-44668.00235950691,5850.687339599364,-38817.315019907546,264.88836625344516
2435000,4870.00000007465,-44684.278237588005,5864.010981205463,-38820.26725638254,265.4915907043056
2440000,4880.000000076688,-44551.19832533924,5984.96593538447,-38566.23238995477,270.967795181322
2445000,4890.000000078725,-44458.455985793786,5620.068132487195,-38838.38785330659,254.4471408977264
2450000,4900.000000080762,-44202.06792966102,5785.39081707512,-38416.677112585894,261.9320829708962
2455000,4910.0000000827995,-44597.704523603024,5696.446277457115,-38901.25824614591,257.90514178962445
2460000,4920.000000084837,-44473.91888280667,5838.2742534255185,-38635.64462938115,264.3263669658574
2465000,4930.000000086874,-44710.57942856115,5754.644154913336,-38955.93527364781,260.540035740367
2470000,4940.000000088911,-44584.6285098691,5850.5783752324605,-38734.050134636636,264.88343291972666
2475000,4950.000000090949,-44429.83020658785,5863.409328744752,-38566.4208778431,265.464351043712
2480000,4960.000000092986,-44954.17916684697,5896.0018869627875,-39058.17727988418,266.93997074397555
2485000,4970.000000095023,-45314.14940448728,5765.723718322929,-39548.42568616435,261.04166012738636
2490000,4980.00000009706,-44524.38902047201,5637.851642386371,-38886.53737808564,255.2522847398117
2495000,4990.000000099098,-44437.800000031246,5721.781828896819,-38716.01817113443,259.0522023723307
2500000,5000.000000101135,-44752.90519138164,5877.472499167922,-38875.43269221371,266.1010574717797
2505000,5010.000000103172,-44536.505294764065,5609.92436541948,-38926.580929344585,253.98788444967863
2510000,5020.000000105209,-44309.91351125704,5774.710660579224,-38535.202850677815,261.44854162928647
2515000,5030.000000107247,-44377.19827981002,5945.49553367735,-38431.70274613267,269.1807828840144
2520000,5040.000000109284,-44327.06876746606,5942.171870417417,-38384.89689704864,269.03030488377306
2525000,5050.000000111321,-44779.58169347339,5769.182946568648,-39010.39874690474,261.1982757975324
2530000,5060.0000001133585,-44619.59820792015,5845.64763243003,-38773.95057549012,264.6601948060589
2535000,5070.000000115396,-44819.48022585455,5581.766423794668,-39237.71380205989,252.71304087641622
2540000,5080.000000117433,-44417.72410435055,5695.827085896355,-38721.8970184542,257.8771080507819
2545000,5090.00000011947,-44524.46465115796,5747.252742633196,-38777.21190852477,260.2053914482442
2550000,5100.000000121508,-44821.99682793161,5898.21101575103,-38923.78581218058,267.03998848233607
2555000,5110.000000123545,-44408.7067406266,5671.0028896933245,-38737.70385093328,256.7531989450483
2560000,5120.000000125582,-44769.72675303655,5738.121262214743,-39031.60549082181,259.79196601818444
2565000,5130.000000127619,-44574.36341442831,5714.437228151971,-38859.926186276345,258.71967746044237
2570000,5140.000000129657,-44305.27887896955,5657.958064996107,-38647.32081397344,256.16259785810917
2575000,5150.000000131694,-44678.40179930191,5741.805388172354,-38936.596411129554,259.9587638744599
2580000,5160.000000133731,-44505.650911420526,5691.494816172604,-38814.15609524792,257.6809656520031
2585000,5170.0000001357685,-44420.71335360152,5803.784274515247,-38616.92907908627,262.7648420312019
2590000,5180.000000137806,-44386.22070892365,5556.110791747617,-38830.10991717603,251.55148872644122
2595000,5190.000000139843,-44351.53576865775,5687.680781206515,-38663.85498745123,257.5082861987425
2600000,5200.00000014188,-44478.093096406665,5598.950922892609,-38879.142173514054,253.49106465836198
2605000,5210.0000001439175,-44246.27355158137,5805.7321427150955,-38440.54140886627,262.85303126354097
2610000,5220.000000145955,-44605.45966984355,5627.785660576711,-38977.67400926684,254.79654999933925
2615000,5230.000000147992,-44210.91273806803,5710.938873661362,-38499.97386440667,258.5612903596105
2620000,5240.000000150029,-44566.8502849607,5814.469302451388,-38752.38098250931,263.2486039260173
2625000,5250.000000152067,-44256.85306219151,5772.657622879895,-38484.19543931162,261.3555908748766
2630000,5260.000000154104,-44462.669977292884,5956.58471877309,-38506.08525851979,269.68284289040224
2635000,5270.000000156141,-44246.51986184978,5696.964119654545,-38549.55574219524,257.92858696207895
2640000,5280.000000158178,-44645.83978112938,5777.825447344488,-38868.01433378489,261.5895627998922
2645000,5290.000000160216,-44697.975244012196,5938.17072524723,-38759.80451876497,268.84915406409067
2650000,5300.000000162253,-44744.590269567736,5822.556627056114,-38922.033642511626,263.61475546985525
2655000,5310.00000016429,-44752.55271396751,5665.350821151721,-39087.20189281579,256.4973029938488
2660000,5320.0000001663275,-44734.6711822871,5908.011702568957,-38826.659479718146,267.4837120602123
2665000,5330.000000168365,-44568.47730306798,5673.868473675811,-38894.608829392164,256.8829375236843
2670000,5340.000000170402,-44995.22559211828,5617.294006394765,-39377.93158572351,254.32154305156718
2675000,5350.000000172439,-44616.24373013165,5815.053732892457,-38801.1899972392,263.27506386409607
2680000,5360.000000174477,-44602.913716902374,5762.021426631387,-38840.89229027099,260.8740398221739
2685000,5370.000000176514,-44587.023767124396,5748.420191452753,-38838.603575671645,260.258247393631
2690000,5380.000000178551,-44795.38411018002,5636.423491200753,-39158.96061897927,255.1876255617762
2695000,5390.000000180588,-44435.40348544507,5712.6430714364205,-38722.760414008655,258.63844747606635
2700000,5400.000000182626,-44536.38804509345,5662.386833457461,-38874.001211635994,256.36310921244234
2705000,5410.000000184663,-44518.864578796434,5642.866139693857,-38875.99843910258,255.47931481717916
2710000,5420.0000001867,-44565.76435882429,5746.2686171430105,-38819.49574168128,260.1608354194988
2715000,5430.000000188737,-44529.64018492674,5753.223308202926,-38776.416876723815,260.47570727057
2720000,5440.000000190775,-44478.54753838712,5863.138174450789,-38615.409363936335,265.45207460271257
2725000,5450.000000192812,-44541.255602625664,5632.5905195741525,-38908.665083051514,255.01408875607578
2730000,5460.000000194849,-44449.10795252782,5789.321219716681,-38659.78673281114,262.1100309407689
2735000,5470.0000001968865,-44494.9523719147,5900.408490142059,-38594.54388177264,267.13947857085674
2740000,5480.000000198924,-44466.00374000252,5651.555615619035,-38814.44812438348,255.87272860735732
2745000,5490.000000200961,-44338.802255860355,5596.052587296701,-38742.74966856366,253.35984325884232
2750000,5500.000000202998,-44693.44447632064,5808.219949903614,-38885.22452641703,262.96566609488127
2755000,5510.000000205036,-44437.52406542766,5735.398959352494,-38702.12510607516,259.6687144554582
2760000,5520.000000207073,-44559.89198105619,5638.04943268364,-38921.84254837255,255.26123964470804
2765000,5530.00000020911,-44758.46072219976,5738.838211923663,-39019.622510276095,259.8244257320708
2770000,5540.000000211147,-44403.9147543782,5720.0618702844085,-38683.852884093794,258.9743316880128
2775000,5550.000000213185,-44674.662046168814,5744.142272259403,-38930.519773909415,260.0645657011534
2780000,5560.000000215222,-44560.198846568994,5626.282488123139,-38933.91635844586,254.7284942526702
2785000,5570.000000217259,-44491.87706544279,5845.30924050742,-38646.56782493537,264.64487419869596
2790000,5580.000000219296,-44767.2842328088,5678.286280502841,-39088.99795230596,257.08295259283943
2795000,5590.000000221334,-44426.141689228534,5558.938830735817,-38867.20285849272,251.6795274651062
2800000,5600.000000223371,-44527.81563040108,5609.08451804411,-38918.73111235697,253.94986057551634
2805000,5610.000000225408,-44221.49009894638,5711.941425421195,-38509.54867352518,258.6066806329805
2810000,5620.0000002274455,-44508.60312055948,5664.050891106284,-38844.55222945319,256.4384489949949
2815000,5630.000000229483,-44292.96850302804,5802.450820339669,-38490.51768268837,262.70447023596824
2820000,5640.00000023152,-44480.36125992198,5871.841964733841,-38608.51929518813,265.84613647176616
2825000,5650.000000233557,-44549.2234874983,5830.971536682764,-38718.25195081553,263.9957383414038
2830000,5660.000000235595,-44687.32197462645,5726.288254750478,-38961.03371987597,259.2562296451502
2835000,5670.000000237632,-43995.453328909236,5567.863256457091,-38427.59007245215,252.08357854694376
2840000,5680.000000239669,-44261.79433747433,5751.961668250111,-38509.832669224226,260.41858684582274
2845000,5690.000000241706,-44952.818861592445,5781.69330275758,-39171.125558834865,261.7646789600644
2850000,5700.000000243744,-44851.30852109793,5669.630579947495,-39181.67794115044,256.69106797385354
2855000,5710.000000245781,-44389.88333018223,5821.595196173284,-38568.288134008944,263.57122693362754
2860000,5720.000000247818,-44537.633890137135,5644.351455460277,-38893.28243467686,255.54656210692488
2865000,5730.0000002498555,-43951.082251177984,5792.697920473282,-38158.38433070471,262.26291020004646
2870000,5740.000000251893,-44433.414795290795,5636.623832897823,-38796.79096239297,255.19669598064309
2875000,5750.00000025393,-44772.29690479924,5752.251830964333,-39020.0450738349,260.4317238881661
2880000,5760.000000255967,-44752.93511182291,5906.714234991405,-38846.2208768315,267.4249695489592
2885000,5770.000000258005,-44455.527516080765,5798.277793267496,-38657.24972281327,262.51553750733007
2890000,5780.000000260042,-44305.262201757054,5765.63536823798,-38539.626833519076,261.0376600999876
2895000,5790.000000262079,-44652.90866270551,5724.664983309548,-38928.24367939596,259.18273644768203
2900000,5800.000000264116,-44165.956134778506,5773.392821051084,-38392.56331372742,261.3888767832041
2905000,5810.000000266154,-44375.51926941058,5646.823456261397,-38728.695813149185,255.65848130813634
2910000,5820.000000268191,-45007.268887241546,5895.107275636165,-39112.16161160538,266.8994674459892
2915000,5830.000000270228,-44494.71888358123,5571.410757278264,-38923.30812630296,252.24419073526616
2920000,5840.000000272265,-44372.16329196113,5707.95979163534,-38664.20350032579,258.4264131862112
2925000,5850.000000274303,-44937.599470525514,5702.071335907247,-39235.52813461827,258.1598148658715
2930000,5860.00000027634,-44778.40523379319,5819.165785961307,-38959.23944783189,263.461236010398
2935000,5870.000000278377,-44785.81580535043,5713.810004141524,-39072.00580120891,258.6912800545038
2940000,5880.0000002804145,-44648.54662669526,5848.880260683203,-38799.666366012054,264.8065512197562
2945000,5890.000000282452,-44797.147991904756,5888.99282345173,-38908.15516845303,266.6226371941473
2950000,5900.000000284489,-44623.0861836159,5746.460186720345,-38876.62599689556,260.16950868289825
2955000,5910.000000286526,-44738.2739451041,5584.844928562667,-39153.42901654143,252.85241938891662
2960000,5920.000000288564,-44718.89039271342,5814.236345954403,-38904.654046759024,263.2380568804631
2965000,5930.000000290601,-44481.6932839168,5942.5818844782425,-38539.11139943856,269.0488681650439
2970000,5940.000000292638,-44540.902674648794,5879.299649827559,-38661.603024821234,266.18378124849806
2975000,5950.000000294675,-44295.16842572886,5692.775305837205,-38602.393119891654,257.73893949260895
2980000,5960.000000296713,-44537.757636820024,5628.8205292256,-38908.93710759442,254.84340341155897
2985000,5970.00000029875,-44674.58937014727,5667.85614675215,-39006.73322339512,256.6107309667878
2990000,5980.000000300787,-44870.38606724038,5890.0410795139505,-38980.344987726436,266.67009671806636
2995000,5990.000000302824,-44790.645386957156,5482.899143694811,-39307.74624326234,248.2368501689896
3000000,6000.000000304862,-44339.875353849726,5851.8953989067795,-38487.979954942944,264.9430608282368
3005000,6010.000000306899,-44225.863685749064,5580.628113786127,-38645.235571962934,252.66150418321237
3010000,6020.000000308936,-44403.60066163924,5632.893624801517,-38770.707036837724,255.02781176737665
3015000,6030.0000003109735,-44839.330731525784,5783.182424067794,-39056.14830745799,261.8320985448277
3020000,6040.000000313011,-44460.168312989816,5746.48678073847,-38713.68153225134,260.1707127202368
3025000,6050.000000315048,-44756.392704076075,5753.7605794350575,-39002.632124641015,260.50003208757926
3030000,6060.000000317085,-44702.75019072188,5843.645597724479,-38859.104592997406,264.5695531990896
3035000,6070.000000319123,-44508.837543427246,5694.39874495878,-38814.438798468465,257.8124402817753
3040000,6080.00000032116,-44355.1515721379,5817.479941172865,-38537.67163096503,263.3849098206964
3045000,6090.000000323197,-44664.63446634292,5985.277696220006,-38679.35677012291,270.9819100730593
3050000,6100.000000325234,-44415.91382070689,5789.829420011808,-38626.08440069508,262.13303957857363
3055000,6110.000000327272,-45041.28092412173,5567.310105914313,-39473.97081820742,252.05853479822437
3060000,6120.000000329309,-44559.050651713624,5741.357887694044,-38817.69276401958,259.9385034052677
3065000,6130.000000331346,-44413.42142173578,5901.030656901855,-38512.39076483392,267.16764701107127
3070000,6140.0000003333835,-44737.51329411531,5766.315173581897,-38971.198120533416,261.0684381122908
3075000,6150.000000335421,-44366.7516796033,5553.033414199608,-38813.718265403695,251.41216124853622
3080000,6160.000000337458,-44534.39500896906,5801.7924101579365,-38732.60259881113,262.6746608841365
3085000,6170.000000339495,-44251.883782021876,5613.879071901469,-38638.00471012041,254.166932769683
3090000,6180.0000003415325,-44399.244163413416,5586.896897631158,-38812.34726578226,252.94532176133987
3095000,6190.00000034357,-44114.55699363828,5695.922564414666,-38418.63442922362,257.88143081616994
3100000,6200.000000345607,-44668.04591718991,5644.61543803659,-39023.43047915332,255.55851385025008
3105000,6210.000000347644,-44783.829889633635,5783.652500143364,-39000.17738949027,261.8533811183862
3110000,6220.000000349682,-44545.689193594386,5781.156783954613,-38764.532409639774,261.74038820909226
3115000,6230.000000351719,-44914.53317604476,5782.279567572404,-39132.253608472354,261.79122194894353
3120000,6240.000000353756,-44503.53039700008,5828.442202579501,-38675.08819442058,263.88122338966684
3125000,6250.000000355793,-44475.09814676823,5817.361271048267,-38657.73687571996,263.3795370612916
3130000,6260.000000357831,-44197.98280054942,5766.716072067467,-38431.266728481954,261.08658868823375
3135000,6270.000000359868,-44534.749366987904,5576.018619703448,-38958.730747284455,252.45281052280234
3140000,6280.000000361905,-44555.01796830259,5758.729377910086,-38796.288590392505,260.7249931620474
3145000,6290.0000003639425,-44578.71457110497,5732.50895395934,-38846.20561714563,259.5378702037282
3150000,6300.00000036598,-44345.991499322816,5564.949561056212,-38781.0419382666,251.95166173619992
3155000,6310.000000368017,-44479.596399534435,5635.540088397305,-38844.05631113713,255.14762972679705
3160000,6320.000000370054,-44727.233400275465,5877.478188899866,-38849.755211375596,266.1013150729317
3165000,6330.000000372092,-44839.22971317405,5665.080436685782,-39174.149276488264,256.48506140661544
3170000,6340.000000374129,-44656.43598222558,5941.695158611311,-38714.740823614266,269.0087218792193
3175000,6350.000000376166,-44525.30355140427,5705.190347389532,-38820.11320401474,258.30102730945504
3180000,6360.000000378203,-44796.65888947976,5762.125716058849,-39034.53317342091,260.87876149921027
3185000,6370.000000380241,-44524.31141705962,5827.572697419152,-38696.738719640474,263.8418567669087
3190000,6380.000000382278,-44588.03289854567,5756.075756193766,-38831.95714235191,260.6048511205588
3195000,6390.000000384315,-44252.6744047082,5773.563845083172,-38479.11055962503,261.39661985232067
3200000,6400.000000386352,-44120.50823780784,5671.0957998913545,-38449.412437916486,256.7574054303954
3205000,6410.00000038839,-44704.21816804423,5749.588043387737,-38954.63012465649,260.3111215899652
3210000,6420.000000390427,-44594.13038268156,5695.333629282743,-38898.79675339881,257.85476692937004
3215000,6430.000000392464,-44467.585496496875,5722.726785130801,-38744.858711366076,259.09498502306417
3220000,6440.0000003945015,-44568.43518160394,5679.394226160997,-38889.04095544294,257.1331145478802
3225000,6450.000000396539,-44606.03799026285,5700.422950090896,-38905.61504017195,258.08518462150806
3230000,6460.000000398576,-44585.17240003758,5700.381558402853,-38884.79084163473,258.0833106234655
3235000,6470.000000400613,-44969.905465901305,5835.149205497594,-39134.75626040371,264.18488122374833
3240000,6480.000000402651,-44250.72117742966,5652.12554227251,-38598.59563515715,255.89853189017876
3245000,6490.000000404688,-44308.86828521622,5665.3333410353325,-38643.53494418089,256.49651158606997
3250000,6500.000000406725,-44300.29570691782,5740.748863424809,-38559.546843493015,259.91092998793704
3255000,6510.000000408762,-44691.397846979264,5666.258280324666,-39025.1395666546,256.5383879747768
3260000,6520.0000004108,-44594.579922683886,5752.765322216277,-38841.81460046761,260.45497207268147
3265000,6530.000000412837,-44446.18854046549,5590.116025228703,-38856.07251523679,253.09106693632188
3270000,6540.000000414874,-44641.86834206659,5853.824228590758,-38788.04411347583,265.03038809666083
3275000,6550.0000004169115,-44659.61323611904,5829.976997529187,-38829.636238589854,263.95071083672366
3280000,6560.000000418949,-44844.20757174934,5794.077200711638,-39050.1303710377,262.3253567584997
3285000,6570.000000420986,-44512.11041836027,5667.259806221158,-38844.85061213911,256.5837318024476
3290000,6580.000000423023,-44718.79326423578,5691.849491294978,-39026.9437729408,257.69702347705226
3295000,6590.0000004250605,-44652.53783208149,5766.79827192417,-38885.73956015732,261.0903102656288
3300000,6600.000000427098,-44365.11290201335,5839.8380385711025,-38525.274863442246,264.39716693658596
3305000,6610.000000429135,-44562.52181114629,5654.821984527334,-38907.699826618955,256.0206126205474
3310000,6620.000000431172,-44695.620412774675,5831.787359926941,-38863.83305284774,264.03267452919823
3315000,6630.00000043321,-44469.16464228585,5810.494897040404,-38658.66974524544,263.0686637420634
3320000,6640.000000435247,-44517.51471119886,5703.764085514731,-38813.75062568413,258.2364536694814
3325000,6650.000000437284,-44382.98148070666,5643.860601566901,-38739.12087913976,255.52433882300312
3330000,6660.000000439321,-44858.968511625484,5746.418461620589,-39112.550050004895,260.16761958972603
3335000,6670.000000441359,-44549.32092159276,5866.898698206142,-38682.422223386624,265.62233134965425
3340000,6680.000000443396,-44584.918445040414,5482.132009418607,-39102.786435621805,248.20211836171197
3345000,6690.000000445433,-44542.69861532934,5604.710849449194,-38937.98776588015,253.75184385348098
3350000,6700.0000004474705,-44365.582445570966,5837.808572804248,-38527.77387276672,264.3052833953632
3355000,6710.000000449508,-44415.15237208165,5831.0996325213655,-38584.052739560284,264.00153784758857
3360000,6720.000000451545,-44639.910804898595,5627.936750943956,-39011.97405395464,254.80339057690105
3365000,6730.000000453582,-44411.78107935621,5564.828376159059,-38846.95270319715,251.9461751211139
3370000,6740.00000045562,-44465.86937506887,5649.012188806944,-38816.85718626193,255.75757561184858
3375000,6750.000000457657,-44638.33316389646,5676.011171530881,-38962.32199236558,256.97994761861156
3380000,6760.000000459694,-44461.59958079347,5686.781236467275,-38774.818344326195,257.4675595417673
3385000,6770.000000461731,-44836.2709160244,5606.067874772345,-39230.203041252054,253.81328282636557
3390000,6780.000000463769,-44701.79491109616,5748.999895067525,-38952.79501602864,260.2844933258635
3395000,6790.000000465806,-44475.37292333279,5768.66731452503,-38706.70560880776,261.1749306892239
3400000,6800.000000467843,-44577.776967705984,5636.530930821229,-38941.24603688475,255.19248986299192
3405000,6810.00000046988,-45334.3446053738,5704.594061271118,-39629.75054410268,258.27403060863037
3410000,6820.000000471918,-45015.367573434836,5745.480454148373,-39269.88711928646,260.1251515423964
3415000,6830.000000473955,-44535.54539237736,5736.722311175248,-38798.823081202114,259.72862886926305
3420000,6840.000000475992,-44731.55449539318,5695.796483812871,-39035.758011580314,257.8757225493138
3425000,6850.0000004780295,-44635.70305531082,5714.214281531754,-38921.48877377906,258.70958360948725
3430000,6860.000000480067,-44346.430245710886,5680.502298851445,-38665.92794685944,257.18328225427535
3435000,6870.000000482104,-44707.46304115775,5814.7907110595215,-38892.672330098234,263.2631556181804
3440000,6880.000000484141,-44435.506544374104,5667.578669775208,-38767.9278745989,256.5981682679409
3445000,6890.000000486179,-44736.11942960159,5666.449908409393,-39069.6695211922,256.54706388708337
3450000,6900.000000488216,-44735.558622988116,5686.704379644005,-39048.85424334411,257.46407986883827
3455000,6910.000000490253,-44542.35205554712,5699.746893475983,-38842.60516207114,258.0545763319474
3460000,6920.00000049229,-44276.315190613735,5677.389584369861,-38598.92560624387,257.0423549057809
3465000,6930.000000494328,-44641.84659956739,5548.335198719847,-39093.51140084754,251.19945074966589
3470000,6940.000000496365,-44749.52643473394,5716.817769086331,-39032.70866564761,258.82745583968244
3475000,6950.000000498402,-44477.08006738755,5809.326095450266,-38667.75397193729,263.01574655033613
3480000,6960.0000005004395,-44157.6987632151,5569.203311452933,-38588.495451762166,252.14424919261918
3485000,6970.000000502477,-44523.19045120053,5722.544763195499,-38800.645688005025,259.08674402670493
3490000,6980.000000504514,-44553.83677542658,5807.011634915661,-38746.82514051092,262.91095994421886
3495000,6990.000000506551,-44329.54545037745,5828.843824094932,-38500.70162628252,263.89940670060105
3500000,7000.0000005085885,-44610.015480218746,5527.786676668864,-39082.22880354988,250.2691216927417
3505000,7010.000000510626,-44330.955438307894,5818.121113540434,-38512.834324767464,263.41393873492024
3510000,7020.000000512663,-44393.87004906387,5767.276423519204,-38626.59362554467,261.11195845625633
3515000,7030.0000005147,-44414.743649665616,5819.891486933273,-38594.85216273234,263.4940919354705
3520000,7040.000000516738,-44604.1466173947,5619.463854246365,-38984.68276314833,254.4197823556125
3525000,7050.000000518775,-44777.41091676935,5807.383791891013,-38970.02712487834,262.9278092556705
3530000,7060.000000520812,-44752.013455043314,5678.4647532384915,-39073.54870180482,257.0910329000962
3535000,7070.000000522849,-44516.53363916458,5906.519319820094,-38610.01431934449,267.41614481465206
3540000,7080.000000524887,-44425.89890857675,5696.601780779952,-38729.2971277968,257.9121821626169
3545000,7090.000000526924,-44583.29297682113,5716.669671021556,-38866.62330579958,258.8207507378462
3550000,7100.000000528961,-44540.62217179476,5962.976197383273,-38577.64597441149,269.9722154425016
3555000,7110.0000005309985,-44524.67431771662,5758.293781432718,-38766.380536283905,260.70527164343963
3560000,7120.000000533036,-44342.675634111685,5795.088844405793,-38547.58678970589,262.3711586668603
3565000,7130.000000535073,-44498.775744985905,5904.013490696241,-38594.762254289664,267.30269404481936
3570000,7140.00000053711,-44422.229782877665,5884.688581847149,-38537.541201030515,266.42776376126346
3575000,7150.000000539148,-44425.2939627131,5839.280074940255,-38586.013887772846,264.3719052765407
3580000,7160.000000541185,-44344.509498224535,5867.00249549026,-38477.50700273427,265.627030745027
3585000,7170.000000543222,-44323.29738572228,5751.840207463984,-38571.4571782583,260.41308773993427
3590000,7180.000000545259,-44532.2069717542,5720.399902360722,-38811.80706939348,258.9896360034271
3595000,7190.000000547297,-44515.0806587353,5561.19405133538,-38953.88660739992,251.78163199838315
3600000,7200.000000549334,-44303.72917241306,5544.594869383905,-38759.13430302916,251.0301082998751
3605000,7210.000000551371,-44495.452784459165,5695.5445726659345,-38799.90821179323,257.8643173368525
3610000,7220.000000553408,-44876.842344690114,5655.233699792093,-39221.60864489802,256.03925292338937
3615000,7230.000000555446,-44575.353507930355,5588.238801619676,-38987.11470631068,253.00607611968368
3620000,7240.000000557483,-44816.79352956405,5737.518277214607,-39079.27525234944,259.76466602721064
3625000,7250.00000055952,-44520.63249853597,5594.200987993694,-38926.43151054227,253.27601257607617
3630000,7260.0000005615575,-44601.71599583444,5741.9638430676905,-38859.75215276675,259.96593787913906
3635000,7270.000000563595,-44713.49775644386,5616.442523615562,-39097.055232828294,254.28299238748548
3640000,7280.000000565632,-44547.28961998189,5771.21273464904,-38776.076885332855,261.2901739314177
3645000,7290.000000567669,-44698.95375118934,5800.437205865063,-38898.51654532428,262.6133043579299
3650000,7300.000000569707,-44541.24949592701,5690.684470329874,-38850.56502559714,257.6442774521521
3655000,7310.000000571744,-44619.830415730656,5578.341354079163,-39041.48906165149,252.5579717249502
3660000,7320.000000573781,-44933.32858299033,5588.86004823581,-39344.468534754524,253.03420290063028
3665000,7330.000000575818,-45017.63278230507,5615.941029023801,-39401.691753281266,254.2602873486779
3670000,7340.000000577856,-44615.037995403225,5613.808725814413,-39001.22926958881,254.16374786866353
3675000,7350.000000579893,-44339.7787344933,5754.85567091417,-38584.92306357913,260.5496120729661
3680000,7360.00000058193,-44389.70209536207,5790.187617072241,-38599.51447828983,262.14925685846356
3685000,7370.000000583967,-44600.19337840931,5752.85631255658,-38847.337065852735,260.4590916369632
3690000,7380.000000586005,-44782.01366708503,5790.9661849521935,-38991.04748213284,262.18450631921365
3695000,7390.000000588042,-44799.88157449587,5889.333905634538,-38910.547668861334,266.63807960234953
3700000,7400.000000590079,-44599.10474084265,5359.64965717718,-39239.455083665474,242.65676132980946
3705000,7410.0000005921165,-44526.75748653128,5812.267272259978,-38714.490214271296,263.1489075748048
3710000,7420.000000594154,-44846.560834067524,5777.649352381521,-39068.911481686,261.5815901456828
3715000,7430.000000596191,-44269.50959998241,5656.447492461035,-38613.06210752138,256.09420707465125
3720000,7440.000000598228,-44557.36115465965,5642.632320194193,-38914.72883446546,255.46872869940034
3725000,7450.000000600266,-44369.666339693766,5675.112587492905,-38694.55375220086,256.9392644571392
3730000,7460.000000602303,-44251.45844172314,5569.254834326294,-38682.20360739684,252.1465818774743
3735000,7470.00000060434,-44147.113684787124,5664.371956414082,-38482.74172837304,256.45298514432346
3740000,7480.000000606377,-44804.75728617422,5779.744125518432,-39025.01316065579,261.6764304613074
3745000,7490.000000608415,-44395.58276946127,5562.276890123177,-38833.30587933809,251.83065724631837
3750000,7500.000000610452,-44696.90584715927,5746.36493949049,-38950.54090766878,260.1651963890356
3755000,7510.000000612489,-44689.723524978675,5567.781172177184,-39121.94235280149,252.07986220225848
3760000,7520.0000006145265,-44677.13744787936,5687.698996915229,-38989.43845096413,257.5091109102749
3765000,7530.000000616564,-44483.10420100443,5828.829968301379,-38654.27423270306,263.8987793831075
3770000,7540.000000618601,-44603.73941930593,5588.278487401137,-39015.460931904796,253.007872883244
3775000,7550.000000620638,-44508.47827335878,5608.885668260699,-38899.59260509808,253.94085770265713
3780000,7560.0000006226755,-44559.864094332734,5767.01759124771,-38792.84650308502,261.1002398916587
3785000,7570.000000624713,-44556.78281330364,5972.973140292916,-38583.80967301072,270.4248244645119
3790000,7580.00000062675,-44607.66268624249,5820.2295098423365,-38787.433176400154,263.50939583584
3795000,7590.000000628787,-44251.51438639796,5702.535470744109,-38548.97891565385,258.1808284513738
3800000,7600.000000630825,-44429.63341685699,5806.254813741116,-38623.378603115874,262.8766950599694
3805000,7610.000000632862,-44858.82347418193,5825.707428687506,-39033.116045494426,263.7574072042727
3810000,7620.000000634899,-44031.161753905064,5547.677216537211,-38483.484537367855,251.16966077538328
3815000,7630.000000636936,-44458.762801664416,5811.789716559379,-38646.97308510504,263.12728636314466
3820000,7640.000000638974,-44668.493439633516,5655.142610876401,-39013.35082875712,256.0351288961322
3825000,7650.000000641011,-44551.49830583244,5709.990571500071,-38841.50773433237,258.5183562228778
3830000,7660.000000643048,-44562.739792987355,5776.062611295173,-38786.67718169218,261.50975085063374
3835000,7670.0000006450855,-44550.742661682365,5820.799437848563,-38729.943223833805,263.53519917990684
3840000,7680.000000647123,-44422.92733958847,5812.962422788365,-38609.964916800105,263.1803803363927
3845000,7690.00000064916,-44417.32022456848,5688.196310096335,-38729.12391447215,257.53162663678927
3850000,7700.000000651197,-44663.204481566674,5664.091684321216,-38999.112797245456,256.4402958973211
3855000,7710.000000653235,-44370.12929227762,5976.696197010382,-38393.43309526724,270.59338490093853
3860000,7720.000000655272,-44255.25629438431,5769.284114598615,-38485.97217978569,261.202856154099
3865000,7730.000000657309,-44410.35486395442,5743.124224300168,-38667.23063965425,260.0184738413365
3870000,7740.000000659346,-44316.208699423296,5669.39122615308,-38646.81747327022,256.6802312923016
3875000,7750.000000661384,-44841.14626067411,5763.85748814854,-39077.28877252557,260.9571670356772
3880000,7760.000000663421,-44535.73674780544,5700.29688413847,-38835.439863666965,258.0794770178984
3885000,7770.000000665458,-44435.57819252473,5896.006484944582,-38539.571707580144,266.94017891642005
3890000,7780.000000667495,-44458.24780166155,5660.062401232206,-38798.18540042934,256.25787114059267
3895000,7790.000000669533,-44648.17901141115,5685.841985973995,-38962.337025437155,257.42503521697836
3900000,7800.00000067157,-44587.06276340649,5603.906162569121,-38983.15660083736,253.71541186171044
3905000,7810.000000673607,-44570.70862930815,5716.064966326552,-38854.6436629816,258.79337288812917
3910000,7820.0000006756445,-44581.56086508732,5800.3849661989825,-38781.17589888834,262.61093922046854
3915000,7830.000000677682,-44543.63126234233,5863.892179719232,-38679.7390826231,265.4862119975367
3920000,7840.000000679719,-44798.46434737055,5637.327907082266,-39161.13644028828,255.22857275846644
3925000,7850.000000681756,-44823.287952209066,5840.085752165726,-38983.20220004334,264.40838210594467
3930000,7860.000000683794,-44544.085209629266,5740.210543837949,-38803.874665791314,259.88655770693674
3935000,7870.000000685831,-44757.16339382663,5732.039043146062,-39025.12435068057,259.5165951123775
3940000,7880.000000687868,-44808.63742612873,5646.187639623339,-39162.449786505385,255.62969487319015
3945000,7890.000000689905,-44599.46207395563,5715.261359462519,-38884.200714493105,258.75698979380735
3950000,7900.000000691943,-44668.29994904436,5660.43516775428,-39007.86478129008,256.2747480491155
3955000,7910.00000069398,-44480.599479758355,5584.73192154299,-38895.86755821537,252.84730302513236
3960000,7920.000000696017,-44683.39095602598,5663.222846493488,-39020.16810953249,256.4009594878759
3965000,7930.0000006980545,-44479.43966538424,5548.254678949284,-38931.18498643496,251.19580523773928
3970000,7940.000000700092,-44406.97893683228,5553.237855260927,-38853.74108157135,251.42141726506634
3975000,7950.000000702129,-44618.61473691097,5659.687281825825,-38958.92745508514,256.2408877058373
3980000,7960.000000704166,-44576.6285258049,5868.75909554723,-38707.86943025768,265.70656036133414
3985000,7970.0000007062035,-44538.892769128666,5766.332132589288,-38772.560636539376,261.0692059269936
3990000,7980.000000708241,-44267.435928535764,5981.625691069314,-38285.81023746645,270.8165664780651
3995000,7990.000000710278,-44276.1383106414,5694.814451465816,-38581.32385917558,257.83126128708597
4000000,8000.000000712315,-44532.585125040496,5728.917341701561,-38803.66778333893,259.3752608814457
4005000,8010.000000714353,-44903.79255033523,5921.510281071276,-38982.28226926395,268.0948567341077
4010000,8020.00000071639,-44713.679112651385,5676.685186776478,-39036.99392587491,257.0104634857008
4015000,8030.000000718427,-44603.718601859524,5863.401639218018,-38740.316962641504,265.46400290236454
4020000,8040.000000720464,-44779.9112317664,5647.033990808039,-39132.87724095836,255.66801320564903
4025000,8050.000000722502,-44549.60151581594,5807.847159971499,-38741.754355844445,262.9487881264748
4030000,8060.000000724539,-44512.32664942747,5579.354333121217,-38932.97231630626,252.60383409084397
4035000,8070.000000726576,-44319.00109037873,5800.134211324163,-38518.86687905457,262.5995863579302
4040000,8080.0000007286135,-44787.64689250372,5825.661058745979,-38961.98583375774,263.7553078170825
4045000,8090.000000730651,-44747.968408951885,5601.678464376999,-39146.289944574884,253.61455339835982
4050000,8100.000000732688,-44468.37190214556,5590.907754627304,-38877.46414751826,253.12691228144752
4055000,8110.000000734725,-44406.47382102802,5735.781446145493,-38670.69237488253,259.68603144675
4060000,8120.000000736763,-44347.47853215737,5723.016557844605,-38624.46197431277,259.1081044082387
4065000,8130.0000007388,-44369.589900768886,5843.509150628846,-38526.08075014004,264.56337559188825
4070000,8140.000000740837,-44513.56715835625,5679.735240661897,-38833.831917694355,257.1485538918015
4075000,8150.000000742874,-44606.51051887084,5525.009257902584,-39081.50126096826,250.1433747716198
4080000,8160.000000744912,-44086.78565418726,5935.779483395823,-38151.006170791436,268.7408912035805
4085000,8170.000000746949,-44688.21020115481,5675.158067981192,-39013.05213317362,256.94132357456243
4090000,8180.000000748986,-44867.85809248919,5515.022856884101,-39352.83523560509,249.69124303102353
4095000,8190.000000751023,-44551.181968696066,5779.754595426549,-38771.427373269515,261.67690448370763
4100000,8200.00000075306,-44607.02919335145,5773.9438324530165,-38833.08536089843,261.4138236828712
4105000,8210.000000755097,-44250.16465058358,5845.59966262584,-38404.56498795774,264.6580229854977
4110000,8220.000000757134,-44703.72840218805,5662.143805575746,-39041.5845966123,256.3521061875318
4115000,8230.000000759172,-44322.44468703476,5816.730260323053,-38505.71442671171,263.3509682128148
4120000,8240.000000761209,-44346.3248677986,5789.9906585763265,-38556.334209222274,262.1403396131599
4125000,8250.000000763246,-44567.35232643591,5778.353676031631,-38788.998650404275,261.6134782180002
4130000,8260.000000765283,-44490.34850144322,5977.628903910981,-38512.71959753224,270.6356129662499
4135000,8270.00000076732,-44506.98016123951,5831.882576200428,-38675.09758503908,264.0369854215192
4140000,8280.000000769358,-44723.18927901826,5881.472765276296,-38841.716513741965,266.2821684921643
4145000,8290.000000771395,-44392.620494982926,5966.335168807395,-38426.28532617553,270.1242920108059
4150000,8300.000000773432,-44829.93563688634,5571.786709484639,-39258.1489274017,252.2612118748273
4155000,8310.00000077547,-44669.5601641293,5718.928363933792,-38950.63180019551,258.92301247918743
4160000,8320.000000777507,-44490.627534064755,5712.613672912127,-38778.01386115263,258.63711646543146
4165000,8330.000000779544,-44633.98656806955,5609.62469487536,-39024.36187319419,253.9743169427792
4170000,8340.000000781582,-44430.04632368189,5712.908838145002,-38717.13748553689,258.65047999552166
4175000,8350.000000783619,-44681.73626746156,5710.532767498822,-38971.203499962736,258.5429040074306
4180000,8360.000000785656,-44716.32806935802,5825.19594578026,-38891.13212357776,263.7342499470476
4185000,8370.000000787693,-44369.3719213641,5631.551425648579,-38737.820495715525,254.9670440455396
4190000,8380.00000078973,-44308.929553230235,5657.781088147882,-38651.148465082355,256.15458527677134
4195000,8390.000000791768,-44467.58426623378,5936.681204811545,-38530.903061422236,268.7817164090242
4200000,8400.000000793805,-44619.31248725398,5642.286584528618,-38977.02590272536,255.45307560596126
4205000,8410.000000795842,-44355.71330046916,5808.151716099579,-38547.56158436958,262.96257682693283
4210000,8420.00000079788,-44688.21568867349,5800.429603836843,-38887.78608483665,262.6129601780552
4215000,8430.000000799917,-44671.57390829909,5840.923734969153,-38830.65017332994,264.4463215620913
4220000,8440.000000801954,-44537.10267078952,5823.7019897276605,-38713.40068106186,263.66661147056476
4225000,8450.000000803991,-44612.876139294705,5846.119614422658,-38766.75652487205,264.6815636695226
4230000,8460.000000806029,-44479.67244373879,5761.205200118935,-38718.46724361985,260.837085376512
4235000,8470.000000808066,-44683.01545555086,5856.123196486719,-38826.892259064145,265.1344732775436
4240000,8480.000000810103,-44889.53156832745,5711.012427067431,-39178.519141260025,258.5646204711744
4245000,8490.00000081214,-44489.778582474275,5636.4504100064205,-38853.32817246785,255.1888443037873
4250000,8500.000000814178,-44790.08596972813,5818.242871294984,-38971.84309843314,263.41945128597786
4255000,8510.000000816215,-44509.398666295165,5696.803769246774,-38812.59489704839,257.92132713856125
4260000,8520.000000818252,-44497.061327930074,5770.301119810165,-38726.76020811991,261.24890080378236
4265000,8530.00000082029,-44848.97508899664,5663.636037710079,-39185.33905128656,256.4196666140579
4270000,8540.000000822327,-44642.1961887895,5817.436135109956,-38824.76005367954,263.382926512452
4275000,8550.000000824364,-44346.68112944608,5774.006291479294,-38572.674837966784,261.41665149924023
4280000,8560.000000826401,-44550.88037718192,5782.895691561001,-38767.98468562092,261.81911680424446
4285000,8570.000000828439,-44600.427329108585,5880.956989348574,-38719.47033976001,266.25881686954
4290000,8580.000000830476,-45070.34926444426,5574.635695488233,-39495.713568956024,252.39019898423294
4295000,8590.000000832513,-44256.804811341746,5625.000544038885,-38631.80426730286,254.67045456358818
4300000,8600.00000083455,-44456.76215117157,5830.770907236083,-38625.99124393549,263.9866548947473
4305000,8610.000000836588,-44871.17847369221,5764.585054376995,-39106.59341931522,260.990107409758
4310000,8620.000000838625,-44498.51671660412,5807.689310558795,-38690.827406045326,262.9416415348663
4315000,8630.000000840662,-44449.74564962607,5626.051383388554,-38823.694266237515,254.71803104518287
4320000,8640.0000008427,-44778.75880243513,5655.269957671196,-39123.48884476393,256.040894489551
4325000,8650.000000844737,-44698.582366091665,5767.046278746053,-38931.53608734561,261.10153871077637
4330000,8660.000000846774,-44794.717731071054,5747.757427255,-39046.96030381606,260.2282409148425
4335000,8670.000000848811,-44723.514721669315,5664.591275382352,-39058.923446286964,256.46291475426864
4340000,8680.000000850849,-44523.73732262931,5655.226515549148,-38868.510807080165,256.03892765863566
4345000,8690.000000852886,-44676.424879778875,5575.235400461212,-39101.18947931766,252.41735047281983
4350000,8700.000000854923,-44886.50093520363,5780.700306422907,-39105.80062878072,261.7197213061137
4355000,8710.00000085696,-44441.51652774791,5731.56331158952,-38709.95321615839,259.49505648837095
4360000,8720.000000858998,-44901.88997052045,5961.578917529633,-38940.31105299082,269.90895395609056
4365000,8730.000000861035,-44570.9690842171,5505.0761291403005,-39065.89295507679,249.24090748774634
4370000,8740.000000863072,-44707.59615823667,5682.743727952298,-39024.85243028437,257.2847623809913
4375000,8750.00000086511,-44566.835186315875,5777.767963531589,-38789.06722278429,261.58696023503086
4380000,8760.000000867147,-44717.61571455508,5610.821916003126,-39106.79379855195,254.02852082177162
4385000,8770.000000869184,-44565.34037142433,5642.058929030882,-38923.28144239345,255.44276856178615
4390000,8780.000000871221,-44255.513067637745,5794.4456237756385,-38461.067443862106,262.34203701807405
4395000,8790.000000873259,-44469.07529860892,5902.813944339987,-38566.261354268936,267.2483848917046
4400000,8800.000000875296,-44799.68171769619,5793.196056072773,-39006.48566162342,262.2854631613419
4405000,8810.000000877333,-44775.6815475045,5674.89653095715,-39100.78501654735,256.9294825529881
4410000,8820.00000087937,-44616.07997647225,5792.323477058555,-38823.75649941369,262.24595737063953
4415000,8830.000000881408,-44396.11133837636,5547.5985814628775,-38848.51275691348,251.16610059259426
4420000,8840.000000883445,-44735.27115862392,5661.7751334702025,-39073.49602515371,256.33541465266546
4425000,8850.000000885482,-44588.67250803142,5718.910465625913,-38869.762042405506,258.92220213789636
4430000,8860.00000088752,-44392.655544323614,5914.234234301803,-38478.42131002181,267.7654355858428
4435000,8870.000000889557,-44393.28983636695,5666.964598407337,-38726.325237959616,256.57036634451595
4440000,8880.000000891594,-44246.66350603261,5746.963905454612,-38499.699600577995,260.1923144191864
4445000,8890.000000893631,-44778.15125169151,5719.319073725839,-39058.83217796567,258.9407017646487
4450000,8900.000000895669,-44442.91711602919,5509.004487788427,-38933.91262824076,249.41876291634136
4455000,8910.000000897706,-44331.91007814952,5810.472689238177,-38521.43738891135,263.0676582895228
4460000,8920.000000899743,-44084.105126175564,5780.715121549849,-38303.39000462572,261.72039205718
4465000,8930.00000090178,-44541.810962273914,5633.814673914529,-38907.99628835938,255.0695120293499
4470000,8940.000000903818,-44332.122077475186,5674.770210061653,-38657.351867413534,256.9237634068964
4475000,8950.000000905855,-44617.92177242675,5768.050559548556,-38849.87121287819,261.14700726610903
4480000,8960.000000907892,-44271.906848880404,5509.8172052534555,-38762.08964362695,249.4555584907827
4485000,8970.00000090993,-44655.973606046406,5568.751406311888,-39087.22219973452,252.1237893034532
4490000,8980.000000911967,-44416.71924222127,5793.265990536501,-38623.45325168477,262.288629426221
4495000,8990.000000914004,-44506.07229872717,5687.832804102894,-38818.23949462428,257.5151689963213
4500000,9000.000000916041,-44317.84659713402,5619.199572906913,-38698.6470242271,254.40781708586292
4505000,9010.000000918079,-44601.82241984457,5832.53860719652,-38769.28381264805,264.0666870563323
4510000,9020.000000920116,-44800.31667888473,5809.413332437089,-38990.90334644764,263.0196961825032
4515000,9030.000000922153,-44533.89215824602,5655.267227827601,-38878.62493041842,256.04077089658364
4520000,9040.00000092419,-44343.94637627504,5783.867506927643,-38560.078869347395,261.863115495309
4525000,9050.000000926228,-44323.20619619731,5783.580997939596,-38539.62519825771,261.85014387447956
4530000,9060.000000928265,-44571.86734035291,5711.125477891691,-38860.74186246122,258.5697388181999
4535000,9070.000000930302,-44428.08206080599,5631.698619820107,-38796.38344098588,254.9737082238412
4540000,9080.00000093234,-44377.76739398221,5778.222923385654,-38599.54447059656,261.6075584255441
4545000,9090.000000934377,-44519.15981436556,5561.665619062651,-38957.494195302905,251.8029821060892
4550000,9100.000000936414,-44582.57279275998,5778.354083077265,-38804.21870968271,261.6134966468867
4555000,9110.000000938451,-44642.23635351658,5861.290934976461,-38780.94541854012,265.3684413100699
4560000,9120.000000940488,-44612.29633893841,5893.81764601666,-38718.47869292175,266.84107979627316
4565000,9130.000000942526,-44503.74195110134,5623.216865933649,-38880.5250851677,254.58969899560213
4570000,9140.000000944563,-44626.88198512944,5755.800798010412,-38871.08118711902,260.5924024594445
4575000,9150.0000009466,-44304.37599323917,5843.302132946019,-38461.07386029315,264.55400291948126
4580000,9160.000000948638,-44615.494123622775,5718.627048983326,-38896.86707463945,258.9093705222132
4585000,9170.000000950675,-44679.13558357331,5756.311533793909,-38922.8240497794,260.6155258908338
4590000,9180.000000952712,-44499.217552552174,5827.788408838485,-38671.429143713685,263.85162304600254
4595000,9190.00000095475,-44409.17215480888,5592.5436482425175,-38816.62850656637,253.20097694461379
4600000,9200.000000956787,-44238.76923697622,5735.201291021705,-38503.56794595452,259.6597650725629
4605000,9210.000000958824,-44541.74138749711,5884.359765742216,-38657.381621754896,266.4128766965857
4610000,9220.000000960861,-44604.93442330818,5659.34814544883,-38945.58627785935,256.2255333934933
4615000,9230.000000962898,-44564.29395472049,5862.8900638312825,-38701.4038908892,265.4408414581543
4620000,9240.000000964936,-44518.19222300913,5593.162488257187,-38925.029734751944,253.22899476729737
4625000,9250.000000966973,-44511.71387497673,5720.159741868076,-38791.55413310866,258.97876279882
4630000,9260.00000096901,-44334.65487638209,5864.528160957269,-38470.12671542482,265.5150058847047
4635000,9270.000000971047,-44264.52280415129,5669.902254032064,-38594.62055011922,256.7033679482391
4640000,9280.000000973085,-44408.21591597906,5835.5478042276845,-38572.66811175138,264.2029276788528
4645000,9290.000000975122,-44609.534404507605,5852.155888710589,-38757.37851579701,264.9548544371842
4650000,9300.00000097716,-44636.65484410187,5648.741685871859,-38987.91315823001,255.74532866095507
4655000,9310.000000979197,-44466.74214352731,5678.0032746709685,-38788.738868856344,257.0701395765059
4660000,9320.000000981234,-44351.83380935766,5795.350114664865,-38556.4836946928,262.3829876107193
4665000,9330.000000983271,-44596.72941831191,5819.35020975511,-38777.3792085568,263.4695857502838
4670000,9340.000000985308,-44623.314782299625,5783.361142083282,-38839.95364021634,261.8401899570661
4675000,9350.000000987346,-44738.20995917107,5844.967282016072,-38893.242677155,264.6293921158496
4680000,9360.000000989383,-44495.85981131572,5811.480722643026,-38684.37908867269,263.1132967429626
4685000,9370.00000099142,-44630.81539526011,5845.1452162608175,-38785.670178999295,264.637448043069
4690000,9380.000000993457,-45066.23414477857,5714.025116976505,-39352.20902780207,258.7010192328449
4695000,9390.000000995495,-44539.55836309586,5919.29088991336,-38620.267473182495,267.9943743695966
4700000,9400.000000997532,-44424.99703005084,5810.736917227867,-38614.26011282297,263.07962114387556
4705000,9410.00000099957,-44654.281459835765,5754.694979929257,-38899.58647990651,260.5423368299059
4710000,9420.000001001607,-44507.82483073691,5882.131584680814,-38625.69324605609,266.31199637145255
4715000,9430.000001003644,-44792.278372545086,5717.363480708966,-39074.91489183612,258.8521627932034
4720000,9440.000001005681,-44504.10256308038,5842.826896443261,-38661.27566663711,264.5324867089076
4725000,9450.000001007718,-44719.40161496017,5821.4460270611235,-38897.95558789904,263.5644733403962
4730000,9460.000001009756,-44613.114753844915,5848.075274567765,-38765.03947927715,264.7701056801814
4735000,9470.000001011793,-44923.221767814946,5802.223259984079,-39120.99850783087,262.6941674993294
4740000,9480.00000101383,-44598.23473270645,5711.42683778312,-38886.80789492333,258.5833828098647
4745000,9490.000001015867,-44598.181355180626,5911.417926684936,-38686.76342849569,267.6379279820012
4750000,9500.000001017905,-44519.316905612126,5648.438742523636,-38870.87816308849,255.73161297869075
4755000,9510.000001019942,-44652.89963721385,5697.81014830153,-38955.08948891232,257.9668906917256
4760000,9520.00000102198,-44507.98237558809,5764.801697887039,-38743.18067770106,260.9999158890194
4765000,9530.000001024016,-44493.180248590885,5789.682058495973,-38703.49819009491,262.1263678238015
4770000,9540.000001026054,-44404.42705844034,5646.29454813504,-38758.1325103053,255.63453512859252
4775000,9550.000001028091,-44460.93285516248,5773.3120020863425,-38687.620853076136,261.3852177253379
4780000,9560.000001030128,-44431.54555684369,5813.706321569594,-38617.83923527409,263.2140601626046
4785000,9570.000001032166,-44647.878206962894,5781.0789869129985,-38866.7992200499,261.7368659680193
4790000,9580.000001034203,-44239.51785571594,5594.778777723533,-38644.7390779924,253.3021718576599
4795000,9590.00000103624,-44804.413462918834,5613.073796921311,-39191.339665997526,254.13047415183226
4800000,9600.000001038277,-44591.418807253474,5603.216602015554,-38988.20220523792,253.68419218479644
4805000,9610.000001040315,-44692.76658801106,5833.972536763347,-38858.79405124771,264.1316078490926
4810000,9620.000001042352,-44973.26909834542,5805.3402971390715,-39167.92880120635,262.835290555752
4815000,9630.00000104439,-44567.57483498036,5835.024026520849,-38732.55080845951,264.1792137777348
4820000,9640.000001046426,-44858.61157882871,5641.279817067842,-39217.33176176087,255.40749446781408
4825000,9650.000001048464,-44679.845054888516,5793.950252036428,-38885.89480285209,262.31960918984277
4830000,9660.000001050501,-44429.67592660902,5744.071674279969,-38685.60425232905,260.06136939577124
4835000,9670.000001052538,-44489.257248397975,5776.423913085982,-38712.833335311996,261.5261086963938
4840000,9680.000001054575,-44397.83410283149,5731.157733467847,-38666.676369363646,259.47669404310557
4845000,9690.000001056613,-44488.5230331425,5943.412224409627,-38545.11080873287,269.0864615921223
4850000,9700.00000105865,-44673.54487101862,5739.525926855009,-38934.01894416361,259.8555618489128
4855000,9710.000001060687,-44618.909587676,5700.57893448035,-38918.33065319565,258.092246774668
4860000,9720.000001062725,-44711.04612559953,5653.935329070637,-39057.1107965289,255.98046952252807
4865000,9730.000001064762,-44520.429416976986,5740.443119094252,-38779.98629788273,259.89708749191703
4870000,9740.000001066799,-44316.45401712367,5764.312675038791,-38552.141342084884,260.9777755051953
4875000,9750.000001068836,-44719.14743762347,5881.755393136826,-38837.392044486645,266.29496439594243
4880000,9760.000001070874,-44703.11038565013,5552.801467776408,-39150.30891787372,251.40165993381308
4885000,9770.00000107291,-44364.40280287946,5848.029432278694,-38516.37337060076,264.7680301823207
4890000,9780.000001074948,-44615.28131703497,5738.543603079059,-38876.73771395591,259.81108739231655
4895000,9790.000001076985,-45034.88200155081,5929.791108635058,-39105.09089291575,268.4697690747057
4900000,9800.000001079023,-44701.335531195335,5634.950431674267,-39066.38509952107,255.1209331701449
4905000,9810.00000108106,-44647.102555209014,5891.443120494551,-38755.659434714464,266.73357376327743
4910000,9820.000001083097,-44678.83977021108,5841.272823806465,-38837.566946404615,264.4621264695193
4915000,9830.000001085134,-44486.30654639582,5722.54483632081,-38763.76171007501,259.08674733743464
4920000,9840.000001087172,-44557.89174189663,5815.043673971597,-38742.848067925035,263.2746084490382
4925000,9850.000001089209,-44337.81040913513,5775.253949432801,-38562.556459702326,261.47313889256077
4930000,9860.000001091246,-44634.29091548349,5693.702738419623,-38940.588177063866,257.7809287645196
4935000,9870.000001093284,-44528.96465772757,5778.98334926424,-38749.98130846333,261.64198651184296
4940000,9880.00000109532,-44562.68097834813,5838.294244273777,-38724.38673407435,264.32727204637666
4945000,9890.000001097358,-44759.92487173219,5712.54395350033,-39047.38091823186,258.6339599369733
4950000,9900.000001099395,-44642.655776142376,5840.013654553484,-38802.64212158889,264.40511790507236
4955000,9910.000001101433,-44100.72557506792,5718.051873487179,-38382.67370158074,258.8833295993883
4960000,9920.00000110347,-44933.77572497638,5704.9478969956135,-39228.82782798077,258.2900504301561
4965000,9930.000001105507,-44460.45363809855,5658.219073303693,-38802.23456479486,256.1744149421819
4970000,9940.000001107544,-44601.18330720888,5669.3447639988135,-38931.83854321006,256.67812773020336
4975000,9950.000001109582,-44206.18955995445,5714.543383168908,-38491.64617678554,258.72448360156284
4980000,9960.000001111619,-44374.351584247604,5553.253093035722,-38821.09849121188,251.42210715140556
4985000,9970.000001113656,-44549.36069429992,5748.04204872586,-38801.31864557406,260.24112707881613
4990000,9980.000001115694,-44647.242255464196,5749.425398992092,-38897.816856472105,260.3037579067358
4995000,9990.00000111773,-44385.25591979094,5787.975219981781,-38597.28069980916,262.04909114855985
5000000,10000.000001119768,-44393.604626429034,5785.946044635388,-38607.65858179364,261.95722075604886
5005000,10010.000001121805,-44600.3053361855,5666.43961725899,-38933.86571892651,256.5465979578927
5010000,10020.000001123843,-44513.49072649522,5733.037484634675,-38780.453241860545,259.5617992942739
5015000,10030.00000112588,-44512.108734034235,5659.807128760816,-38852.30160527342,256.2463137450302
5020000,10040.000001127917,-44725.45022214734,5712.309707934197,-39013.14051421314,258.62335452914454
5025000,10050.000001129954,-44586.99384416395,5680.11315690444,-38906.880687259516,257.16566395259565
5030000,10060.000001131992,-44522.55844169174,5744.725888903522,-38777.83255278822,260.09098879478427
5035000,10070.000001134029,-44737.093664621585,5817.734727871238,-38919.358936750345,263.39644522301023
5040000,10080.000001136066,-44267.9625448946,5652.557274678624,-38615.40527021598,255.9180784639531
5045000,10090.000001138103,-44284.32074452413,5750.514427806317,-38533.80631671781,260.35306340652744
5050000,10100.00000114014,-44599.285078703484,5944.2916390773435,-38654.99343962614,269.1262768652807
5055000,10110.000001142178,-44541.55919109791,5711.355222485094,-38830.20396861282,258.5801404456446
5060000,10120.000001144215,-44386.19332611625,5802.168547914209,-38584.02477820204,262.6916904244216
5065000,10130.000001146253,-44776.22637368017,5681.841391419754,-39094.38498226042,257.24390932629143
5070000,10140.00000114829,-44816.0670991994,5716.610554203986,-39099.45654499541,258.8180742391179
5075000,10150.000001150327,-44659.31398355204,5858.412039284333,-38800.90194426771,265.23810004719974
5080000,10160.000001152364,-44446.62198148394,5681.338423092446,-38765.2835583915,257.2211375644856
5085000,10170.000001154402,-44414.81243838422,5861.962595772266,-38552.849842611955,265.3988505800496
5090000,10180.000001156439,-44461.551063105,5739.989153183791,-38721.561909921205,259.8765343019452
5095000,10190.000001158476,-44580.307022280525,5682.853672822899,-38897.453349457624,257.2897401067628
5100000,10200.000001160513,-44742.20286774938,5691.477044086527,-39050.725823662855,257.6801610253716
5105000,10210.00000116255,-44845.71271878964,5644.10219252615,-39201.61052626349,255.5352767916182
5110000,10220.000001164588,-44784.47162721446,5768.113300943379,-39016.35832627108,261.1498478666413
5115000,10230.000001166625,-44715.71577823558,5764.3330004345535,-38951.38277780102,260.9786957322669
5120000,10240.000001168662,-44461.799344969215,5637.0303066335455,-38824.76903833567,255.21509897460442
5125000,10250.0000011707,-44419.940994968,5889.995080128472,-38529.945914839525,266.66801410770614
5130000,10260.000001172737,-44494.9542093224,5725.213963041484,-38769.74024628092,259.20759136401205
5135000,10270.000001174774,-44284.94106681959,5400.255028603463,-38884.68603821613,244.4951590895774
5140000,10280.000001176812,-44369.151174779516,5813.302712092507,-38555.848462687005,263.1957868472171
5145000,10290.000001178849,-44564.682977552235,5464.049373649462,-39100.633603902774,247.38343167270958
5150000,10300.000001180886,-44700.39624623285,5603.430859331659,-39096.96538690119,253.6938926297402
5155000,10310.000001182923,-44791.47549831431,5774.14424040396,-39017.331257910344,261.42289710136527
5160000,10320.00000118496,-44756.363696534885,5657.391787926774,-39098.97190860811,256.1369598092722
5165000,10330.000001186998,-44261.57089677977,5759.03112578241,-38502.53977099736,260.73865471944754
5170000,10340.000001189035,-44520.72263531637,5367.653201084553,-39153.06943423182,243.019119724098
5175000,10350.000001191072,-44517.61857244157,5828.79235883675,-38688.82621360482,263.8970766242583
5180000,10360.00000119311,-44551.07483347581,5881.925613846757,-38669.14921962905,266.3026710948547
5185000,10370.000001195147,-44708.12457035144,5670.079756512215,-39038.04481383923,256.7114043274273
5190000,10380.000001197184,-44444.07164275454,5787.935953134197,-38656.13568962034,262.0473133521232
5195000,10390.000001199222,-44638.48774884967,5811.4726164871845,-38827.01513236249,263.1129297388394
5200000,10400.000001201259,-44264.05596015899,5791.633714522464,-38472.422245636524,262.2147285490187
5205000,10410.000001203296,-44750.91756221035,5604.157257491339,-39146.76030471901,253.72678011980736
5210000,10420.000001205333,-44655.39376250142,5657.687944800919,-38997.7058177005,256.1503682356662
5215000,10430.00000120737,-44623.816954679496,5875.452726995916,-38748.36422768358,266.00961280557345
5220000,10440.000001209408,-44556.62437838677,6018.8445136558275,-38537.77986473094,272.50163910912005
5225000,10450.000001211445,-44735.51439779939,5803.036740499175,-38932.47765730021,262.73099762066647
5230000,10460.000001213482,-44721.68676493806,5745.760300674577,-38975.92646426348,260.13782152197746
5235000,10470.00000121552,-44774.31398924155,5824.577247407038,-38949.73674183451,263.7062385371441
5240000,10480.000001217557,-44665.63585258828,5786.8992022301445,-38878.736650358136,262.0003747212844
5245000,10490.000001219594,-44736.99083860364,5807.833193142496,-38929.15764546114,262.9481557818798
5250000,10500.000001221631,-44356.63600433356,5757.717878542708,-38598.91812579085,260.6791977880444
5255000,10510.000001223669,-44311.780561404186,5792.505735674033,-38519.27482573016,262.25420908263294
5260000,10520.000001225706,-44577.45601048344,5701.557240253736,-38875.8987702297,258.1365393172305
5265000,10530.000001227743,-44616.33059369103,6013.113274477191,-38603.21731921384,272.24215872766786
5270000,10540.00000122978,-44747.99128131202,5880.189577788163,-38867.80170352385,266.2240725082911
5275000,10550.000001231818,-44615.66448959301,5797.41473405179,-38818.24975554122,262.4764627230597
5280000,10560.000001233855,-44584.34191181528,5545.834666630382,-39038.5072451849,251.08623980170435
5285000,10570.000001235892,-44613.53314774303,5661.704154807893,-38951.82899293514,256.3322011119639
5290000,10580.00000123793,-44464.40460914723,5725.78403295098,-38738.62057619625,259.23340113271297
5295000,10590.000001239967,-44500.15836500388,5775.0576678355765,-38725.1006971683,261.4642522936714
5300000,10600.000001242004,-44455.07016223384,5912.9063269130065,-38542.16383532083,267.7053149199557
5305000,10610.000001244041,-44457.20120153006,5917.916846004665,-38539.28435552539,267.9321648846236
5310000,10620.000001246079,-44513.4202441909,5593.311720076081,-38920.10852411482,253.23575119955999
5315000,10630.000001248116,-44617.25378054404,5828.500475726147,-38788.75330481789,263.8838616914108
5320000,10640.000001250153,-44902.00330457784,5844.526435609694,-39057.476868968144,264.6094329080547
5325000,10650.00000125219,-44444.70576405834,5814.814962611364,-38629.89080144697,263.26425360095976
5330000,10660.000001254228,-44275.6823292505,5831.519755632215,-38444.16257361828,264.0205588135023
5335000,10670.000001256265,-44554.319453387114,5840.957207993153,-38713.36224539396,264.4478370446536
5340000,10680.000001258302,-44536.97331270919,5743.000901346277,-38793.97241136291,260.0128904262809
5345000,10690.00000126034,-44669.62656225992,5586.171723695252,-39083.45483856466,252.91248969768952
5350000,10700.000001262377,-44732.52543315652,5971.140773889867,-38761.38465926665,270.3418645463505
5355000,10710.000001264414,-44385.42836575571,5604.501804801113,-38780.9265609546,253.74237941074284
5360000,10720.000001266451,-44212.81967097282,5762.147260737106,-38450.67241023572,260.87973692898345
5365000,10730.000001268489,-44633.587124027545,5877.190787839398,-38756.39633618815,266.0883030637526
5370000,10740.000001270526,-44448.35857862787,5769.858506374121,-38678.50007225375,261.2288615941733
5375000,10750.000001272563,-44154.79248092824,5666.933994996174,-38487.85848593207,256.5689807829376
5380000,10760.0000012746,-43973.610743158264,5628.87838723755,-38344.732355920714,254.84602291818626
5385000,10770.000001276638,-44414.91900621203,5701.107670991609,-38713.811335220424,258.1161851843824
5390000,10780.000001278675,-44738.71054909279,5801.6089417913745,-38937.10160730142,262.6663544009736
5395000,10790.000001280712,-44506.18682905438,5835.623580071204,-38670.56324898318,264.2063584107013
5400000,10800.00000128275,-44408.20820779586,5682.278609686182,-38725.92959810968,257.2637042709822
5405000,10810.000001284787,-44731.8332353399,5724.5269646508095,-39007.30627068909,259.1764876883648
5410000,10820.000001286824,-44788.291994212836,5768.183660362072,-39020.10833385076,261.15303337124726
5415000,10830.000001288861,-44604.92998249974,5765.17203363797,-38839.75794886177,261.01668274500315
5420000,10840.000001290899,-44572.54494808015,5706.192195740998,-38866.35275233915,258.3463857361919
5425000,10850.000001292936,-44717.26185766823,5744.315224829848,-38972.94663283838,260.07239608434867
5430000,10860.000001294973,-44822.87485073641,5769.034410884342,-39053.840439852065,261.1915508825844
5435000,10870.00000129701,-44675.03203019523,5826.735711106053,-38848.296319089175,263.8039624266057
5440000,10880.000001299048,-44561.431986066746,5670.142264288032,-38891.28972177871,256.7142343509192
5445000,10890.000001301085,-44629.602037484525,5682.018009233944,-38947.58402825058,257.25190565245566
5450000,10900.000001303122,-44460.93617799372,5738.218809360591,-38722.71736863312,259.79638244015274
5455000,10910.00000130516,-44129.431346602854,5777.4038299298745,-38352.02751667298,261.5704741797595
5460000,10920.000001307197,-44449.41531128634,5737.4043805067995,-38712.01093077954,259.7595093830248
5465000,10930.000001309234,-44308.16195417667,5684.8296944034755,-38623.3322597732,257.3792039761817
5470000,10940.000001311271,-44494.88109508646,5622.588585689737,-38872.29250939672,254.56125376896478
5475000,10950.000001313309,-44816.176014075,5731.207170416625,-39084.968843658375,259.4789322882611
5480000,10960.000001315346,-44637.94532732852,5830.253986012718,-38807.6913413158,263.96325141915696
5485000,10970.000001317383,-44682.290077298065,5941.635868392885,-38740.65420890518,269.0060375298118
5490000,10980.00000131942,-44692.01562016003,5761.938415372551,-38930.07720478748,260.8702815087558
5495000,10990.000001321458,-44568.996561373235,5689.553037329781,-38879.443524043454,257.5930521137391
5500000,11000.000001323495,-44276.29266258917,5741.943297897202,-38534.34936469197,259.9650077018233
