#"Step","Time (ps)","Potential Energy (kJ/mole)","Kinetic Energy (kJ/mole)","Total Energy (kJ/mole)","Temperature (K)","Box Volume (nm^3)","Density (g/mL)"
505000,1009.9999999899404,-44841.80506368773,5670.092463237253,-39171.712600450475,256.71197962113905,26.70204274870463,0.9926182184627924
510000,1019.999999989704,-44884.8656450414,5931.422875142619,-38953.44276989878,268.5436468841333,26.41415322619497,1.0034368270511704
515000,1029.9999999894676,-44704.6731757918,5817.228794760918,-38887.44438103089,263.37353923141524,26.602391459732353,0.996336518942541
520000,1039.9999999892311,-44349.46851208975,5697.999750040721,-38651.46876204903,257.97547486175864,26.809874386084232,0.9886258219954213
525000,1049.9999999889947,-44554.29088402464,5806.74439847408,-38747.546485550556,262.8988608829796,26.585705713005698,0.9969618406469584
530000,1059.9999999887582,-44320.809626709204,5821.391941043563,-38499.41768566564,263.5620246098458,26.5678707954101,0.997631097600623
535000,1069.9999999885217,-44587.641068291734,5722.403746181723,-38865.23732211001,259.08035951763367,26.469695655643033,1.001331275106141
540000,1079.9999999882853,-44947.92213833309,5741.592649549226,-39206.329488783864,259.94913218795057,26.97011708976723,0.9827519107283665
545000,1089.9999999880488,-44471.64877801231,5776.580146594775,-38695.06863141754,261.5331821283679,26.538043605680752,0.9987523758858717
550000,1099.9999999878123,-44531.71961185982,5797.409752183923,-38734.3098596759,262.4762371702719,26.232323864051345,1.0103921497728516
555000,1109.9999999875758,-44611.868272480846,5567.403339852148,-39044.464932628696,252.06275594080796,26.64786054083155,0.9946364760474472
560000,1119.9999999873394,-44253.71002108464,5921.25279812008,-38332.45722296456,268.08319925963985,26.20938111973001,1.0112766105180568
565000,1129.999999987103,-44604.71984976326,5599.80966850677,-39004.91018125649,253.52994414543056,26.699820101209934,0.9927008497460031
570000,1139.9999999868664,-44378.8777916141,5702.655843598528,-38676.22194801557,258.18627830143373,26.830487490179948,0.9878662887596588
575000,1149.99999998663,-44483.88076426508,5730.374047626941,-38753.506716638134,259.4412128679882,26.733715599691525,0.9914422110049809
580000,1159.9999999863935,-44537.251233426214,5766.301202220364,-38770.95003120585,261.0678055624866,26.408509766436246,1.0036512600276604
585000,1169.999999986157,-44514.559109400085,5734.654707522602,-38779.90440187748,259.6350186450588,26.99929234026473,0.9816899557403969
590000,1179.9999999859206,-44689.94178690348,5605.368526213915,-39084.57326068956,253.78162000004596,27.06127139668922,0.9794415685058772
595000,1189.999999985684,-44470.215563284,5636.045475401459,-38834.17008788254,255.17051099357573,26.449553667856488,1.0020938135809576
600000,1199.9999999854476,-44411.43339616421,5870.684841197602,-38540.74855496661,265.79374800092893,26.672922697565628,0.9937019052267396
605000,1209.9999999852112,-44335.69500104204,5939.5462728669345,-38396.1487281751,268.9114316291933,26.642854456789806,0.99482336419782
610000,1219.9999999849747,-44335.77043411217,5884.109056873005,-38451.661377239165,266.4015259169396,26.649885565429027,0.9945608973615803
615000,1229.9999999847382,-44950.45436047012,5685.767989867942,-39264.686370602176,257.42168506228643,27.194829263091098,0.9746313847430214
620000,1239.9999999845018,-44591.35817178083,5833.4145166960225,-38757.943655084804,264.10634363390034,27.00944621460504,0.9813209012854283
625000,1249.9999999842653,-44554.27158323751,5796.125456990594,-38758.14612624692,262.4180910353305,26.826207220950153,0.9880239082712097
630000,1259.9999999840288,-44701.10912023444,5733.8470025014685,-38967.26211773297,259.59845000772714,26.849567924430573,0.987164269351967
635000,1269.9999999837923,-44848.09715600783,5718.0607708466505,-39130.036385161184,258.8837324250526,26.821624929620814,0.9881927054041176
640000,1279.9999999835559,-44510.174152587075,5616.614008487191,-38893.56014409989,254.29075632099384,26.608473821380052,0.996108768975681
645000,1289.9999999833194,-44196.97659915284,5676.630574701357,-38520.346024451486,257.00799093802954,27.16208786692924,0.9758062131448727
650000,1299.999999983083,-44538.53171446477,5791.7739862006165,-38746.75772826416,262.2210793132111,26.649745209244877,0.9945661354143781
655000,1309.9999999828465,-44483.55006684421,5844.649719734725,-38638.900347109484,264.61501456514367,26.538912669941766,0.9987196699492615
660000,1319.99999998261,-44414.95359747688,5700.432204266275,-38714.521393210605,258.0856036019209,26.9568607225734,0.9832351910451337
665000,1329.9999999823735,-44255.49450110475,5786.892870343869,-38468.60163076088,262.00008804675997,26.76276233775992,0.9903661575748619
670000,1339.999999982137,-44548.21793431224,5739.290854373707,-38808.927079938534,259.84491900271223,26.248735582642105,1.0097604137573708
675000,1349.9999999819006,-44477.87902060832,6028.234781810506,-38449.64423879782,272.92678108745474,26.492771451948077,1.0004590931760575
680000,1359.9999999816641,-44227.22982949886,5750.949771549726,-38476.28005794913,260.37277348267,26.411421636831797,1.0035406070521518
685000,1369.9999999814277,-44667.26494651183,5807.152259909106,-38860.112686602726,262.91732670467036,26.75053452765086,0.9908188591573571
690000,1379.9999999811912,-44253.979981818295,5883.009513233794,-38370.9704685845,266.35174436114806,26.563178594950447,0.9978073221845143
695000,1389.9999999809547,-44605.033754791715,5921.541426146296,-38683.49232864542,268.096266819378,26.321613218807467,1.0069646522880316
700000,1399.9999999807183,-44257.124581090466,5727.082691220932,-38530.041889869535,259.2921975522586,26.469910553642336,1.0013231457213732
705000,1409.9999999804818,-44359.20722312515,5952.386424426177,-38406.82079869897,269.49276619239146,26.881340006925065,0.9859975021970042
710000,1419.9999999802453,-44306.81419713836,5862.415719141209,-38444.39847799715,265.4193656241707,26.930879062302353,0.9841837706529948
715000,1429.9999999800089,-44418.92314989754,5717.179590699888,-38701.743559197654,258.8438372202839,26.656288013854017,0.9943220184581276
720000,1439.9999999797724,-44836.448028049665,5797.500583967357,-39038.94744408231,262.4803495559321,26.806088100168765,0.9887654626625526
725000,1449.999999979536,-44455.45739881572,5853.42130667803,-38602.03609213769,265.01214591057317,26.514368661800297,0.999644171830598
730000,1459.9999999792994,-44299.745063990646,5529.358903205214,-38770.386160785434,250.34030384526852,26.69629247122892,0.9928320245630127
735000,1469.999999979063,-44566.786915983364,5838.376514454289,-38728.41040152908,264.33099680766406,26.859103145920454,0.9868138172201878
740000,1479.9999999788265,-44420.17770755675,5616.546844321189,-38803.630863235565,254.28771548063267,26.783113242136114,0.9896136368806463
745000,1489.99999997859,-44542.08309686935,5788.248995795648,-38753.8341010737,262.06148627819937,27.066314753964367,0.9792590658709597
750000,1499.9999999783536,-44357.178116601135,5641.037149878849,-38716.14096672228,255.39650777317385,26.595266008414193,0.9966034592077742
755000,1509.999999978117,-44294.11651794944,5637.319980545556,-38656.79653740388,255.2282138865532,26.777836989196818,0.9898086284276657
760000,1519.9999999778806,-44338.95457799587,5962.434627916551,-38376.519950079324,269.94769602402545,26.79153881376595,0.9893024169600079
765000,1529.9999999776442,-44401.84887211985,5663.598390657736,-38738.25048146211,256.4179621534346,26.817934171752846,0.9883287032024259
770000,1539.9999999774077,-44553.7566424706,5805.068648501953,-38748.68799396865,262.8229917334932,26.55180635754933,0.9982346867711512
775000,1549.9999999771712,-44381.12513249385,5729.048610652811,-38652.07652184104,259.3812040494904,26.620093833035554,0.9956739547493209
780000,1559.9999999769348,-44188.393276929215,5545.380742245227,-38643.012534683985,251.06568849178007,26.6939265524082,0.9929200206084093
785000,1569.9999999766983,-44322.862757491705,5850.499303538299,-38472.3634539534,264.87985296908704,26.834524879390187,0.9877176593088551
790000,1579.9999999764618,-44464.18218218337,5890.0208569811075,-38574.161325202265,266.6691811480871,26.66227464641417,0.9940987576654938
795000,1589.9999999762254,-44564.04784361849,5589.8762524788435,-38974.171591139646,253.08021128666985,26.691111930152093,0.9930247256801147
800000,1599.9999999759889,-44378.27563931799,5802.71044829809,-38575.565191019894,262.7162248250871,27.13252299095473,0.9768694975904956
805000,1609.9999999757524,-44343.094797983416,5753.713296735626,-38589.38150124779,260.4978913755095,27.050294179273322,0.9798390334270496
810000,1619.999999975516,-44330.83196813526,5636.746724932148,-38694.08524320311,255.20225988592605,26.632839937456392,0.9951974391307782
815000,1629.9999999752795,-44582.9348683171,5712.019892541211,-38870.914975775886,258.61023321168096,26.80423524924976,0.9888338113760728
820000,1639.999999975043,-44458.151100567076,5917.236296822282,-38540.914803744796,267.90135319522494,26.60019344208258,0.9964188478646414
825000,1649.9999999748065,-44363.10622397211,5738.935674987228,-38624.17054898488,259.8288383472353,26.59061790020163,0.9967776680486818
830000,1659.99999997457,-44556.73505096795,5865.0553447149905,-38691.679706252966,265.5388739939015,26.432870277156617,1.0027262958817673
835000,1669.9999999743336,-44520.12799763674,5606.1956011939765,-38913.93239644276,253.8190656072919,26.62889486757527,0.9953448775979925
840000,1679.9999999740971,-44899.48604500049,5724.181090474037,-39175.30495452646,259.1608283238668,26.906193960955793,0.9850867105543968
845000,1689.9999999738607,-44588.27134440467,5887.29064680918,-38700.980697595485,266.5455715839465,26.634862671656958,0.9951218607461152
850000,1699.9999999736242,-44448.112517287664,5769.39997538893,-38678.712541898734,261.2081017216158,26.60732167979645,0.9961519021533957
855000,1709.9999999733877,-44706.49231750879,5675.4478423726505,-39031.044475136136,256.9544430356924,26.81360162899306,0.9884883973914648
860000,1719.9999999731513,-44337.38240360655,5867.780531763988,-38469.60187184256,265.66225613744183,27.011828944715123,0.9812343383627943
865000,1729.9999999729148,-44775.35286485235,5625.768105631696,-39149.584759220656,254.7052057175154,26.758740916326072,0.9905149941627222
870000,1739.9999999726783,-44733.32343593746,5671.051526954855,-39062.271908982606,256.7554009845692,26.6961564556969,0.9928370829906648
875000,1749.9999999724419,-44532.88752100273,5803.6049350631765,-38729.28258593955,262.75672248358194,26.923532414738435,0.9844523257292652
880000,1759.9999999722054,-44335.49604477221,6016.850624787476,-38318.645419984736,272.4113663028373,27.031879592849275,0.9805065168146077
885000,1769.999999971969,-44581.3661018362,5669.369312447816,-38911.99678938839,256.6792391549254,26.608942535267545,0.9960912226183669
890000,1779.9999999717324,-44310.735811646446,5757.861570631403,-38552.874241015044,260.68570341044546,26.58521320285208,0.9969803100805318
895000,1789.999999971496,-44615.836132504395,5768.824658037609,-38847.01147446679,261.1820543763343,26.744900699578505,0.9910275756961112
900000,1799.9999999712595,-44732.32681452192,5936.439377641114,-38795.8874368808,268.7707677460086,26.95208951027056,0.9834092489354619
905000,1809.999999971023,-44686.641491241404,5635.815233935573,-39050.82625730583,255.16008687035702,26.511420976244104,0.9997553177661281
910000,1819.9999999707866,-44724.07724437775,5781.281145721523,-38942.79609865623,261.74601865614045,26.870881259338145,0.9863812744632463
915000,1829.99999997055,-44540.77884444967,5738.8826959958815,-38801.89614845379,259.82643973701244,26.65225206134296,0.9944725887153034
920000,1839.9999999703136,-44598.61077051371,5736.683872540516,-38861.92689797319,259.7268885699505,26.927885124608068,0.9842931956923333
925000,1849.9999999700772,-44612.68399061728,5686.810406996612,-38925.87358362067,257.4688802299891,26.691823585791614,0.9929982497203907
930000,1859.9999999698407,-44247.281458019395,5560.301247302601,-38686.98021071679,251.7412105251613,26.73282567794351,0.9914752155962689
935000,1869.9999999696042,-44532.643531087146,5726.184162364121,-38806.45936872302,259.2515168890994,26.905222459108746,0.9851222803609746
940000,1879.9999999693678,-44715.67707930191,5908.721124736263,-38806.955954565645,267.5158309665859,26.86794379576498,0.9864891152077786
945000,1889.9999999691313,-44838.57899508957,5784.086110328724,-39054.492884760846,261.8730127081335,26.907145075666797,0.9850518896746867
950000,1899.9999999688948,-44902.4393686133,5754.852880411913,-39147.586488201385,260.5494857336933,26.706161955263575,0.9924651152395413
955000,1909.9999999686584,-44564.55414011475,5791.3216079292,-38773.232532185546,262.20059800318904,26.42207567945047,1.0031359543470875
960000,1919.999999968422,-44993.894566314295,5771.674985723512,-39222.21958059078,261.31110223006175,26.674973541902453,0.9936255067282886
965000,1929.9999999681854,-44674.31349555479,5764.351459194418,-38909.96203636037,260.97953144787766,26.63077805880371,0.9952744919435205
970000,1939.999999967949,-44576.34636129509,5748.289494254905,-38828.056867040184,260.2523301115747,26.616546295321577,0.9958066613321399
975000,1949.9999999677125,-44360.71804459067,5772.460993863979,-38588.257050726694,261.3466885466952,27.053975779450486,0.9797056934851326
980000,1959.999999967476,-44576.22271328274,5594.858820009075,-38981.363893273665,253.30579575157492,26.832478621880544,0.9877929831246774
985000,1969.9999999672395,-44545.18966285838,5534.00517475805,-39011.18448810033,250.55066259619173,26.919149506002732,0.9846126117998696
990000,1979.999999967003,-44242.96522316383,5761.004913390189,-38481.96030977364,260.8280174463219,27.19539746761244,0.9746110213723401
995000,1989.9999999667666,-44508.41361790855,5672.202158214195,-38836.21145969435,256.8074955192376,27.02538103563635,0.9807422906484257
1000000,1999.9999999665301,-44397.639372725214,5661.368306564731,-38736.27106616048,256.3169956690345,26.398033168915855,1.0040495794871014
1005000,2009.9999999662937,-44413.20034290117,5782.139105329731,-38631.06123757143,261.78486255699147,26.72115349497579,0.9919083061859614
1010000,2019.9999999660572,-44670.45186293725,5668.402613123142,-39002.0492498141,256.63547209134674,26.865465898070724,0.9865801026156745
1015000,2029.9999999658207,-44463.720929465606,5789.385978282442,-38674.33495118316,262.1129628681972,26.463724385978832,1.0015572153018462
1020000,2039.9999999655843,-44693.2353246499,5790.6391843401225,-38902.596140309775,262.1697014505089,26.835813934331846,0.9876702144155195
1025000,2049.999999965348,-44811.75496221607,5843.637296257548,-38968.117665958525,264.569177352307,26.3864031321686,1.0044921230746835
1030000,2059.9999999651113,-44508.6016617163,5666.105316844323,-38842.49634487197,256.53146259250076,26.55259186475447,0.9982051559237345
1035000,2069.999999964875,-44353.55766565498,5644.846677262618,-38708.71098839236,255.56898314680294,26.79535860558416,0.9891613877118586
1040000,2079.9999999646384,-44392.9487301007,5798.742482511488,-38594.206247589216,262.5365761934727,27.281139963463826,0.9715478949205626
1045000,2089.999999964402,-44476.3438696544,5654.040485594838,-38822.30338405957,255.98523045714643,26.744007486760562,0.9910606746448752
1050000,2099.9999999641655,-44567.218982574996,5780.041786320253,-38787.17719625474,261.6899069776405,27.0682186789615,0.9791901867239313
1055000,2109.999999963929,-44586.66460115387,5596.695414832115,-38989.96918632175,253.38894711036514,26.639149031680148,0.9949617411207835
1060000,2119.9999999636925,-44787.00668845506,5889.885359906089,-38897.12132854897,266.663046552825,26.696479695242896,0.9928250617724511
1065000,2129.999999963456,-44725.09522008285,5677.80724532171,-39047.28797476114,257.0612643980783,26.85836894451083,0.9868407928007652
1070000,2139.9999999632196,-44482.20369278069,5824.164732383868,-38658.03896039682,263.6875620254456,26.48725057173892,1.0006676242500028
1075000,2149.999999962983,-44465.52844137099,5704.972192189633,-38760.556249181354,258.2911503888239,26.65710057407051,0.9942917095911772
1080000,2159.9999999627466,-44686.61067789758,5722.152961764619,-38964.457716132965,259.06900531757606,26.5263661208646,0.9991920484611261
1085000,2169.99999996251,-44736.657703932724,5733.16062620266,-39003.49707773006,259.5673744971293,26.949346106447233,0.983509358551583
1090000,2179.9999999622737,-44607.51711712923,5772.144088331123,-38835.37302879811,261.33234073010846,26.615815686102906,0.9958339964149856
1095000,2189.9999999620372,-44388.84154168877,5846.618315155141,-38542.223226533635,264.70414221706903,26.9388599060327,0.983892198667286
1100000,2199.9999999618008,-44621.45317499107,5759.665266565871,-38861.7879084252,260.76736528050736,26.520999351291927,0.9993942442159659
1105000,2209.9999999615643,-44898.67456324102,5692.3981830519415,-39206.276380189076,257.7218653553893,26.58241884841497,0.9970851130470743
1110000,2219.999999961328,-44622.40191028814,5789.711267189845,-38832.6906430983,262.1276902399128,26.91984193422749,0.9845872857387236
1115000,2229.9999999610914,-44432.04810906947,5733.101503038555,-38698.94660603091,259.5646977110632,26.39010594639843,1.004351182082077
1120000,2239.999999960855,-44144.305936829536,5901.838585484584,-38242.46735134495,267.20422577009674,26.438104867301025,1.0025277619394781
1125000,2249.9999999606184,-44283.74189347972,5818.196928249288,-38465.54496523043,263.4173712263868,26.81098493276539,0.9885848717980199
1130000,2259.999999960382,-44645.05467453011,5763.295618675438,-38881.75905585467,260.9317285396273,26.49331647011367,1.0004385118199888
1135000,2269.9999999601455,-43859.16751514096,5600.316501993451,-38258.851013147505,253.55289090133408,26.8454723916753,0.9873148706727775
1140000,2279.999999959909,-44450.46875929815,5788.131933308623,-38662.33682598953,262.0561863041728,26.57075134808113,0.9975229437556207
1145000,2289.9999999596726,-44806.81312131358,5593.064745306104,-39213.748376007476,253.2245694802973,26.44801690416324,1.00215204030531
1150000,2299.999999959436,-44362.19209532597,5728.067331887444,-38634.12476343852,259.33677690547984,27.061733974268684,0.9794248264999726
1155000,2309.9999999591996,-44731.02753208665,5897.517437466595,-38833.510094620055,267.00858690368915,26.739384222760805,0.9912320299423828
1160000,2319.999999958963,-44684.44904207421,5795.639274185365,-38888.809767888844,262.3960792337246,26.97202182483302,0.9826825098492817
1165000,2329.9999999587267,-44472.61644603324,5928.587924385101,-38544.028521648135,268.4152952168881,26.85588208299975,0.9869321745091595
1170000,2339.99999995849,-44475.472375870566,5767.289061451563,-38708.183314419,261.1125306353972,26.787343870842868,0.989457343375737
1175000,2349.9999999582537,-44676.466128669155,5729.356969280807,-38947.10915938835,259.39516490715533,26.57089597815566,0.9975175140622516
1180000,2359.9999999580173,-44719.49661937822,5660.056119433391,-39059.44049994482,256.25758673376515,26.74322968306869,0.9910894987869383
1185000,2369.999999957781,-44515.525253504165,5901.008003486902,-38614.51725001726,267.166621383529,26.83026938836468,0.9878743190715316
1190000,2379.9999999575443,-44705.989536658046,5896.105940140622,-38809.88359651742,266.9446817248707,26.749382889358387,0.9908615167746871
1195000,2389.999999957308,-44518.811023480375,5863.127522613067,-38655.68350086731,265.4515923434962,26.87350641546217,0.9862849191606202
1200000,2399.9999999570714,-44431.428967712156,5607.282457282183,-38824.14651042997,253.86827273747116,26.841432761102006,0.9874634613747917
1205000,2409.999999956835,-44567.612384831824,5642.702519801856,-38924.90986502997,255.47190696860295,26.549717749509927,0.998313215703612
1210000,2419.9999999565985,-44651.28796154703,5587.479450066354,-39063.808511480674,252.97169667318508,27.066467669549354,0.979253533417492
1215000,2429.999999956362,-44614.1418055041,5742.6854678016225,-38871.456337702475,259.99860925358183,26.869916088552213,0.9864167054034383
1220000,2439.9999999561255,-44733.353581661766,5713.992118642606,-39019.36146301916,258.69952524175494,26.877601167568073,0.9861346605038088
1225000,2449.999999955889,-44630.29923847644,5625.819721267009,-39004.47951720943,254.70754260214412,26.875964733826923,0.9861947046379542
1230000,2459.9999999556526,-44790.455281172704,5964.104789167266,-38826.35049200544,270.02331214558563,26.532122728143836,0.9989752563002251
1235000,2469.999999955416,-44616.37283049594,5606.450097138814,-39009.922733357125,253.8305878458142,26.784357893526572,0.9895676501896806
1240000,2479.9999999551796,-44392.35489409254,5522.168418067713,-38870.18647602483,250.01475647791034,26.399827203768343,1.0039813479822008
1245000,2489.999999954943,-44372.190754044044,5581.41001011762,-38790.78074392642,252.69690433875087,26.90103387981101,0.9852756671344234
1250000,2499.9999999547067,-44615.053030027775,5771.787969730523,-38843.26506029725,261.3162175519535,26.615405902065458,0.9958493287708844
1255000,2509.9999999544702,-44805.97213727521,5793.992122627546,-39011.98001464766,262.3215048700991,27.184754833852963,0.9749925744973108
1260000,2519.9999999542338,-44986.6175087475,5556.150398788022,-39430.46710995948,251.5532819250205,26.887243110215405,0.9857810261129513
1265000,2529.9999999539973,-44639.70305714704,5788.415258279945,-38851.287798867095,262.06901376946297,26.90679465650035,0.9850647184440178
1270000,2539.999999953761,-44578.90625710046,5733.226230406315,-38845.68002669414,259.570344710596,26.38343781205276,1.0046050212011512
1275000,2549.9999999535244,-44333.2035563034,5511.657788464003,-38821.5457678394,249.5388904227927,26.685792937678414,0.9932226546325876
1280000,2559.999999953288,-44627.78125480132,5762.534699491889,-38865.24655530943,260.8972781190729,26.435802996739795,1.0026150560210048
1285000,2569.9999999530514,-44397.8414196822,5752.732418586873,-38645.10900109533,260.4534823693132,26.712051850016216,0.9922462808681777
1290000,2579.999999952815,-44808.33087318571,5731.863985387028,-39076.466887798684,259.50866941730976,26.45648060121483,1.0018314416816068
1295000,2589.9999999525785,-44722.773197948234,5753.702520198367,-38969.07067774987,260.4974034705536,27.082621402339072,0.9786694466824152
1300000,2599.999999952342,-44676.70668047783,5864.348792543757,-38812.35788793407,265.5068850258628,26.7952845483264,0.9891641215727259
1305000,2609.9999999521056,-44785.6995034329,5688.715693823677,-39096.98380960923,257.5551416016145,26.725623889154786,0.9917423897180627
1310000,2619.999999951869,-44458.54891548457,5787.29047568585,-38671.25843979872,262.018089526473,26.90612439912185,0.9850892573514443
1315000,2629.9999999516326,-44651.863468215626,5793.096967411317,-38858.76650080431,262.28097694765046,26.918044881889564,0.9846530169198511
1320000,2639.999999951396,-44416.79849874851,5839.082852322937,-38577.715646425575,264.36297607320824,26.758820117012558,0.9905120624390076
1325000,2649.9999999511597,-44477.33748661209,5847.316088165918,-38630.021398446166,264.73573371087343,26.81810681301542,0.9883223408474565
1330000,2659.999999950923,-44552.4859977946,5683.164805662395,-38869.32119213221,257.3038265661407,26.550066119175455,0.9983001166009774
1335000,2669.9999999506867,-44352.3203619314,5758.887127847173,-38593.43323408423,260.7321352499229,26.872564112184676,0.9863195038585295
1340000,2679.9999999504503,-44294.051975557464,5916.755727840261,-38377.296247717204,267.8795955580225,26.661145002822476,0.9941408780354548
1345000,2689.999999950214,-44581.600543137,5623.236172565788,-38958.36437057121,254.59057309841236,27.214393114553882,0.9739307428598156
1350000,2699.9999999499773,-44396.688484061044,5722.263761689839,-38674.4247223712,259.07402175572577,26.82135865591853,0.988202515859047
1355000,2709.999999949741,-44676.194726244255,5900.24916023504,-38775.94556600921,267.13226495024844,26.68023762444415,0.9934294617471089
1360000,2719.9999999495044,-44579.3804394186,5720.190474705609,-38859.18996471299,258.980154220144,26.67633978235454,0.9935746177617891
1365000,2729.999999949268,-44544.27054488473,5834.162349602255,-38710.108195282475,264.14020157661105,26.607902906778424,0.9961301420633312
1370000,2739.9999999490315,-44498.55664109206,5971.567139809118,-38526.98950128294,270.3611681538108,26.879492582198342,0.986065269702677
1375000,2749.999999948795,-44539.30187339394,5703.81878837409,-38835.48308501985,258.23893032738573,26.837551439869358,0.9876062710833331
1380000,2759.9999999485585,-44797.16206913593,5776.87203923904,-39020.29002989689,261.54639749284945,26.905879211606578,0.9850982342588864
1385000,2769.999999948322,-44661.46543656493,5667.105897709517,-38994.35953885542,256.57676363412224,27.008240839428446,0.9813646975423453
1390000,2779.9999999480856,-44613.534796115884,5779.7516220780235,-38833.78317403786,261.676769866117,26.656567549653577,0.9943115914367215
1395000,2789.999999947849,-44465.52378963953,5648.618666327691,-38816.90512331184,255.73975898269669,27.36460458015019,0.9685845824997866
1400000,2799.9999999476127,-44608.0064146716,5747.466995713339,-38860.539418958266,260.21509170140587,26.861956363696788,0.9867090000323738
1405000,2809.999999947376,-44943.57977898896,5696.984350514755,-39246.595428474204,257.9295029090776,26.724468613536324,0.9917852618821161
1410000,2819.9999999471397,-44403.256311428384,5697.394506859507,-38705.86180456888,257.9480726322167,26.750750500126035,0.9908108597705189
1415000,2829.9999999469032,-44616.453846105316,5761.621131227685,-38854.83271487763,260.85591655060756,26.662304504303478,0.9940976444199878
1420000,2839.999999946667,-44701.32872649381,5453.806532704039,-39247.52219378977,246.9196896803007,26.688137306877607,0.9931354068575675
1425000,2849.9999999464303,-44568.60579412844,5898.23326031428,-38670.37253381416,267.0409955992226,26.493103453641968,1.000446555795747
1430000,2859.999999946194,-44523.97919979342,5619.271479613768,-38904.70772017966,254.41107264354284,26.976778638576366,0.9825092335018417
1435000,2869.9999999459574,-44844.79615083587,5966.9805342073705,-38877.815616628504,270.1535107634948,26.38784155765472,1.0044373672862164
1440000,2879.999999945721,-44459.38583206659,5624.7640749852135,-38834.621757081375,254.65974848793232,26.871678317854368,0.98635201675981
1445000,2889.9999999454844,-44522.251509141,5717.639165228147,-38804.61234391286,258.8646443389857,26.506485652731904,0.9999414652619092
1450000,2899.999999945248,-44642.01674333197,5586.936305121362,-39055.080438210614,252.94710592533502,27.00554716966975,0.9814625838170212
1455000,2909.9999999450115,-44426.23148207826,5734.574580704419,-38691.65690137385,259.6313909239502,26.97601759864872,0.9825369517798728
1460000,2919.999999944775,-44591.735859986686,5789.632893144138,-38802.10296684255,262.1241418751278,26.721177730159102,0.9919074065594601
1465000,2929.9999999445386,-44390.79575634468,5851.921659134427,-38538.87409721025,264.9442497532973,27.349691748771985,0.9691127178326097
1470000,2939.999999944302,-44508.42134866014,5731.207914546812,-38777.21343411332,259.4789659785642,26.560631521911432,0.9979030084684181
1475000,2949.9999999440656,-44712.45251691103,5677.9745261397475,-39034.47799077128,257.0688379941404,26.87657700658221,0.986172238229791
1480000,2959.999999943829,-44658.01245597395,5518.673530118441,-39139.33892585551,249.85652632384694,27.108266377401637,0.9777436053465934
1485000,2969.9999999435927,-44727.30142216437,5770.070121973071,-38957.2313001913,261.2384424360515,26.65221639366262,0.9944739195813701
1490000,2979.999999943356,-44712.70096203749,5770.052338129908,-38942.64862390758,261.23763727712094,26.43757496334054,1.0025478561966965
1495000,2989.9999999431197,-44271.1638621859,5736.402140845581,-38534.76172134032,259.71413323983944,26.832821308489887,0.9877803678493685
1500000,2999.9999999428833,-44811.173285026336,5694.434698145234,-39116.7385868811,257.81406805305556,26.42221058605611,1.0031308325323869
1505000,3009.999999942647,-44749.194377559295,5537.8955062601735,-39211.29887129912,250.7267963555207,26.651536796664796,0.9944992780248746
1510000,3019.9999999424103,-44561.93612347561,5755.297717939316,-38806.638405536294,260.5696256384673,27.2987125411527,0.9709224954319892
1515000,3029.999999942174,-44412.868535288435,5612.543379654006,-38800.32515563443,254.10645964631968,26.399982563894202,1.003975439695398
1520000,3039.9999999419374,-44686.81531708699,5858.629767982937,-38828.185549104055,265.24795765809426,26.402898015416167,1.0038645790723721
1525000,3049.999999941701,-44592.50419028953,5688.042198951511,-38904.46199133802,257.5246492942986,26.946417985636696,0.9836162311689998
1530000,3059.9999999414645,-44751.12200160674,5878.723336225561,-38872.39866538117,266.1576887982231,26.204518773592063,1.0114642566627556
1535000,3069.999999941228,-44339.21298689116,5632.805696653392,-38706.40729023777,255.02383084305913,26.9001719605774,0.9853072367485194
1540000,3079.9999999409915,-44325.156774471456,5727.995250131785,-38597.16152433967,259.33351342251024,26.14316486628638,1.013838004621876
1545000,3089.999999940755,-44188.15320548328,5393.352314628084,-38794.80089085519,244.18264048765568,27.225591220431166,0.9735301572678489
1550000,3099.9999999405186,-44702.72815169854,5810.155516331406,-38892.572635367134,263.0532983676507,26.977010665330106,0.9825007830315208
1555000,3109.999999940282,-44699.77837817615,5708.016248970845,-38991.76212920531,258.4289692775723,26.918400080249675,0.9846400240549019
1560000,3119.9999999400457,-44765.04793355212,5604.57054973503,-39160.477383817095,253.7454918199653,26.72969635122367,0.991591290610495
1565000,3129.999999939809,-44435.53008474113,5698.545178854148,-38736.98490588698,258.0001690111654,26.633048824750833,0.9951896336368647
1570000,3139.9999999395727,-44891.09003777668,5618.253032884006,-39272.83700489267,254.36496272949276,26.636369346747184,0.995065572094317
1575000,3149.9999999393362,-44761.64933112153,5706.739722985199,-39054.90960813633,258.37117489151285,26.6566037900271,0.9943102396432315
1580000,3159.9999999391,-44453.074380858976,5827.832176588434,-38625.242204270544,263.8536046196375,26.853638109177464,0.9870146456423059
1585000,3169.9999999388633,-44410.67351461557,5699.527464907744,-38711.14604970782,258.04464175989176,26.59848621185319,0.996482803247841
1590000,3179.999999938627,-44535.32024564815,5878.214949053994,-38657.105296594156,266.13467169963553,26.841245788167285,0.9874703399281478
1595000,3189.9999999383904,-44763.26910501765,5981.565609551675,-38781.703495465976,270.81384630278905,26.52219047576571,0.9993493609343858
1600000,3199.999999938154,-44558.88359318039,5607.458464090634,-38951.42512908976,253.87624140050747,26.776797635298355,0.989847048311578
1605000,3209.9999999379174,-44595.22700569505,5638.540515739217,-38956.686489955835,255.28347330388962,26.967591816297897,0.9828439366439173
1610000,3219.999999937681,-44562.53766270552,5796.041755769747,-38766.49590693577,262.4143014840596,26.7647192481618,0.9902937466589294
1615000,3229.9999999374445,-44918.369756930566,5749.376142866128,-39168.993614064435,260.3015278482868,27.361832077712013,0.9686827266265737
1620000,3239.999999937208,-44723.72028982971,5760.975797238699,-38962.74449259101,260.8266992200431,26.82484392254541,0.9880741218501548
1625000,3249.9999999369716,-44437.06071762106,5568.421719711578,-38868.63899790948,252.10886282732093,26.996463012294107,0.981792840434921
1630000,3259.999999936735,-44465.755601635785,5726.187122119643,-38739.56847951614,259.2516508912703,26.703276760819573,0.9925723475789281
1635000,3269.9999999364986,-44353.03899775125,5739.917907029645,-38613.12109072161,259.87330865061944,27.05357540921232,0.9797201923081494
1640000,3279.999999936262,-44712.763606275665,5809.559233309791,-38903.204372965876,263.0263018070328,26.830858543537737,0.9878526272101077
1645000,3289.9999999360257,-44559.90050432703,5933.281735623669,-38626.61876870336,268.6278063148699,26.801746242683546,0.9889256417302266
1650000,3299.999999935789,-44754.970294282946,5552.880394288153,-39202.0898999948,251.40523331135606,26.478639950569868,1.000993032573264
1655000,3309.9999999355528,-44606.532089650456,5831.415230080426,-38775.11685957003,264.01582644599773,26.898640687576712,0.9853633278494243
1660000,3319.9999999353163,-44395.44103175972,5760.541714355881,-38634.89931740384,260.8070462290398,26.578682929355747,0.9972252640578448
1665000,3329.99999993508,-44512.27219939843,5771.731222865824,-38740.540976532604,261.3136483522325,26.862258223732148,0.9866979120586391
1670000,3339.9999999348433,-44538.5823362199,5700.913375757512,-38837.66896046239,258.10738851757327,26.3097480568515,1.0074187728922088
1675000,3349.999999934607,-44612.95664041792,5612.358373325793,-39000.59826709213,254.09808353233808,26.451836631734988,1.0020073264303255
1680000,3359.9999999343704,-44433.40192544309,5624.474805561611,-38808.92711988148,254.6466518890923,26.769231342854138,0.990126827441081
1685000,3369.999999934134,-44331.67314106168,5642.840455678978,-38688.8326853827,255.4781519800038,26.385709719489558,1.004518520984065
1690000,3379.9999999338975,-44523.79603643378,5774.829357487857,-38748.96667894592,261.45391560133146,27.124669205727326,0.9771523442925544
1695000,3389.999999933661,-44451.01004662941,5563.961218369046,-38887.04882826036,251.90691477494465,26.646600908757417,0.994683494277338
1700000,3399.9999999334245,-44565.19202616293,5862.16728680372,-38703.02473935921,265.40811791391343,26.537501948111945,0.99877276144382
1705000,3409.999999933188,-44326.74147862202,5771.699475587447,-38555.04200303457,261.3122110023599,26.49373781966901,1.0004226011045974
1710000,3419.9999999329516,-44868.491276173445,5621.8701023745,-39246.62117379894,254.52872462144643,26.873004039264387,0.9863033572208719
1715000,3429.999999932715,-44861.21563275147,5734.0631811493695,-39127.1524516021,259.60823744047434,26.941861144405912,0.9837825961789535
1720000,3439.9999999324787,-44917.2723729483,6046.669495455044,-38870.60287749325,273.76140801181634,26.546086321183637,0.9984497820827819
1725000,3449.999999932242,-44869.20503699704,5660.804067202457,-39208.40096979458,256.2914498768611,26.56510994423577,0.9977347791209759
1730000,3459.9999999320057,-44492.11919512885,5844.173544600477,-38647.945650528374,264.59345585827043,26.76032447203461,0.9904563799379569
1735000,3469.9999999317693,-44726.231033423566,5829.792539890745,-38896.43849353282,263.9423595645305,26.743143474524224,0.9910926936388526
1740000,3479.999999931533,-44613.86014914961,6021.421378494375,-38592.43877065524,272.6183060026864,26.85371768352982,0.9870117208684582
1745000,3489.9999999312963,-44430.22272518638,5642.780016396635,-38787.44270878975,255.47541560702263,26.457787883653673,1.001781941071195
1750000,3499.99999993106,-44207.26129692537,5733.406217339949,-38473.85507958542,259.57849357277746,26.838334666233813,0.9875774496501544
1755000,3509.9999999308234,-44227.85823339166,5748.093880994018,-38479.76435239764,260.24347377144124,26.47553876617398,1.0011102828396485
1760000,3519.999999930587,-44473.40613104345,5691.211269431553,-38782.1948616119,257.6681281461454,26.366674427696708,1.0052437282228726
1765000,3529.9999999303504,-44423.93067044526,5621.970165645291,-38801.96050479997,254.53325496032514,26.52929443265701,0.9990817573312274
1770000,3539.999999930114,-44517.29014399869,5824.221740625897,-38693.06840337279,263.6901430589579,26.637276247380434,0.9950316937957598
1775000,3549.9999999298775,-44423.841842614114,5929.729020540901,-38494.11282207321,268.46695805219326,26.401380879459197,1.0039222654129385
1780000,3559.999999929641,-44255.219361949305,5854.82167518116,-38400.39768676815,265.0755472347964,26.415039863534453,1.0034031460662742
1785000,3569.9999999294046,-44288.5361066825,5796.53618346898,-38491.999923213516,262.43668657112346,26.897314053000223,0.9854119281319118
1790000,3579.999999929168,-44403.75774559012,5671.843709280906,-38731.914036309216,256.7912668358688,26.818713488587466,0.9882999836593774
1795000,3589.9999999289316,-44848.44780313427,5693.185797008562,-39155.26200612571,257.7575243749366,27.014549828669313,0.9811355092213322
1800000,3599.999999928695,-44576.35956991458,5578.145555268052,-38998.21401464653,252.54910698407807,26.70137318597568,0.9926431093235931
1805000,3609.9999999284587,-44537.5663762521,5787.18786435174,-38750.37851190036,262.0134438246821,26.821559552409894,0.9881951141112921
1810000,3619.999999928222,-44338.856991256645,5742.507787665633,-38596.34920359101,259.9905648310711,26.715726512367098,0.9921098005800814
1815000,3629.9999999279858,-44490.282190732774,5787.494041307945,-38702.78814942483,262.0273059077171,26.515552430021764,0.9995995434184045
1820000,3639.9999999277493,-44355.88479000912,5801.8576079766135,-38554.02718203251,262.67761269862774,26.638141583538772,0.9949993703357832
1825000,3649.999999927513,-44445.766438798804,5716.019540920121,-38729.746897878686,258.7913162645227,26.519992090234755,0.9994322024061318
1830000,3659.9999999272763,-44529.46734981623,5999.887633964858,-38529.579715851374,271.6433712511511,26.53972526385381,0.9986890911276811
1835000,3669.99999992704,-44682.71648718527,5914.568976780779,-38768.147510404495,267.7805909655828,26.93104765145965,0.9841776096333913
1840000,3679.9999999268034,-44754.38881373766,5775.366374967757,-38979.022438769905,261.4782289297737,26.927147746667487,0.9843201497572939
1845000,3689.999999926567,-44517.000674994255,5773.914286717807,-38743.086388276446,261.4124860073,27.163695286041282,0.9757484695448162
1850000,3699.9999999263305,-44825.503934204346,5712.003953147336,-39113.49998105701,258.60951155971804,27.035420522772778,0.9803780962167976
1855000,3709.999999926094,-44843.56610971037,5894.452428305563,-38949.11368140481,266.8698194013271,27.109910742350902,0.9776842998280589
1860000,3719.9999999258575,-44583.31566019752,5606.957660406699,-38976.357999790824,253.8535676423742,26.95639919922597,0.9832520251183097
1865000,3729.999999925621,-44621.4473340105,5615.038823418381,-39006.408510592126,254.21944022166997,26.807107307574732,0.9887278697559123
1870000,3739.9999999253846,-44723.790972788935,5743.3955277470795,-38980.39544504185,260.0307570351973,26.90314592842845,0.9851983174402239
1875000,3749.999999925148,-44189.54289730388,5788.909679800494,-38400.63321750339,262.0913985767885,26.416338815199246,1.003353806443696
1880000,3759.9999999249117,-44699.463600077725,5880.358919376697,-38819.10468070103,266.2317394052079,26.72372422509741,0.9918128880272079
1885000,3769.999999924675,-44533.92377090681,5700.194747695821,-38833.72902321099,258.0748528166964,26.89722447518171,0.9854152099222295
1890000,3779.9999999244387,-44513.616659744235,5768.18998260615,-38745.426677138086,261.1533196092237,26.64880882438651,0.9946010824424417
1895000,3789.9999999242023,-44539.50277327909,5938.9975700188215,-38600.50520326027,268.8865892487073,26.62002459256363,0.9956765445641524
1900000,3799.999999923966,-44805.528550971125,5867.706664278915,-38937.82188669221,265.65891180603177,26.397244714255425,1.0040795692674296
1905000,3809.9999999237293,-44651.88306856598,5807.829140790295,-38844.05392777568,262.9479723126749,26.513885435819677,0.9996623907384365
1910000,3819.999999923493,-44670.268897368514,5810.494628633953,-38859.77426873456,263.0686515900303,26.57563344164669,0.9973396931717389
1915000,3829.9999999232564,-44594.74468058493,5702.78240080201,-38891.96227978292,258.19200814630864,26.756025042276896,0.990615536525189
1920000,3839.99999992302,-44660.11060899962,5580.757382417294,-39079.35322658232,252.66735678727926,26.321382959544717,1.006973461207335
1925000,3849.9999999227834,-44578.46617496619,5635.293969887859,-38943.17220507833,255.13648677450996,26.69839720973665,0.9927537557524395
1930000,3859.999999922547,-44791.92214907042,5747.5377503004565,-39044.384398769966,260.2182950971607,26.73628271071627,0.9913470166857928
1935000,3869.9999999223105,-44947.23125584214,5931.013176080346,-39016.21807976179,268.5250978643409,26.829234599293358,0.9879124208498523
1940000,3879.999999922074,-44364.14517765405,5675.7838713864185,-38688.36130626763,256.9696566629646,26.724128497069746,0.9917978842768527
1945000,3889.9999999218376,-44465.367722896044,5671.306074008809,-38794.06164888723,256.7669255370436,26.90685319483188,0.9850625753452075
1950000,3899.999999921601,-44679.49689830933,5645.867503317542,-39033.62939499179,255.6152007841885,26.741302988379253,0.9911609061852575
1955000,3909.9999999213646,-44213.54433136794,5894.471359660143,-38319.0729717078,266.87067651354226,26.750897858132543,0.9908054018635023
1960000,3919.999999921128,-44417.87924768537,5699.500001318271,-38718.3792463671,258.0433983529338,26.653756869238702,0.994416443151624
1965000,3929.9999999208917,-44419.81363590795,5789.520043478851,-38630.2935924291,262.1190326355231,26.588183807967184,0.9968689209450358
1970000,3939.9999999206552,-44670.94150346465,5800.555721421104,-38870.38578204355,262.61867011928285,26.903799523253912,0.9851743832549511
1975000,3949.9999999204188,-44639.82078606071,5738.522582774822,-38901.298203285885,259.81013570344237,27.155168064389365,0.9760548724901633
1980000,3959.9999999201823,-44498.30779057904,5694.607304647729,-38803.70048593132,257.82188276811326,26.89411028454454,0.9855293156051468
1985000,3969.999999919946,-44766.48641587101,5612.952453520176,-39153.53396235083,254.12498036051906,27.112569721717392,0.9775884165382466
1990000,3979.9999999197094,-45007.52889430779,5821.119161543063,-39186.409732764725,263.54967458803804,26.935783165529372,0.9840045837781977
1995000,3989.999999919473,-44784.66544262692,6014.16267033782,-38770.5027722891,272.2896698556671,26.920082023324365,0.9845785046112359
2000000,3999.9999999192364,-44824.23054532084,5808.721657585573,-39015.50888773527,262.9883807812928,27.065104552822934,0.9793028528970531
2005000,4009.999999919,-44678.25089163968,5641.908578497511,-39036.342313142166,255.43596148001302,27.102079062591148,0.9779668209706144
2010000,4019.9999999187635,-44427.44677638868,5768.354823864415,-38659.091952524264,261.16078275484375,26.881682543790763,0.9859849382329207
2015000,4029.999999918527,-44318.59880255937,5809.718087950852,-38508.88071460852,263.0334939100969,26.52012792547129,0.9994270833467519
2020000,4039.9999999182905,-44408.96382643626,5751.301193562199,-38657.66263287406,260.38868402400414,26.200922952344584,1.011603070271413
2025000,4049.999999918054,-44426.3836386748,5687.456718419901,-38738.9269202549,257.49814181364053,26.428464147112212,1.0028934695182679
2030000,4059.9999999178176,-44322.849471061665,5786.144279998613,-38536.705191063054,261.966195811192,26.296523534938533,1.0079254038018022
2035000,4069.999999917581,-44468.515713100845,5765.170344649338,-38703.345368451504,261.01660627647675,26.563837503314804,0.9977825718602993
2040000,4079.9999999173447,-44581.817965191614,5843.574269023733,-38738.24369616788,264.5663238104878,26.397857206909666,1.0040562722492046
2045000,4089.999999917108,-44511.85045713314,5671.592553296919,-38840.257903836224,256.77989581321594,26.42539581810004,1.003009918374884
2050000,4099.999999917781,-44516.17023673694,5709.561118739263,-38806.60911799768,258.498912859459,26.889677845550487,0.9856917682233356
2055000,4109.999999919818,-44655.96822492569,5542.431594316514,-39113.536630609175,250.93216657694634,26.67670260979674,0.9935611042424283
2060000,4119.999999921855,-44776.83367753931,5773.240754689456,-39003.59292284986,261.3819920177474,26.331680135260044,1.0065796776501348
2065000,4129.999999923893,-44198.890632117516,5650.507433736083,-38548.38319838143,255.82527244188557,26.911006551150845,0.9849105440243386
2070000,4139.99999992593,-44507.63579694083,5732.464620163342,-38775.17117677748,259.53586300250373,26.68808092604737,0.9931375049401884
2075000,4149.999999927967,-44192.8012601161,5990.018533494047,-38202.782726622056,271.1965502627161,26.790909802013687,0.9893256443476333
2080000,4159.999999930004,-44553.9970754183,5709.028154866802,-38844.9689205515,258.4747830570522,26.702640095719698,0.9925960132603192
2085000,4169.999999932042,-44606.5288280744,5699.95786291687,-38906.57096515753,258.0641279191853,26.621514303226558,0.9956208275997317
2090000,4179.999999934079,-44700.16338254366,5623.565737185292,-39076.597645358364,254.6054940518949,26.66970582932564,0.9938217643702714
2095000,4189.999999936116,-44684.866812605,5740.78028148553,-38944.08653111947,259.91235243256483,26.68239377574394,0.9933491846833943
2100000,4199.999999938153,-44314.705586656,5771.605522164589,-38543.10006449141,261.30795728527676,26.871482745337765,0.986359195498252
2105000,4209.999999940191,-44599.03035026789,5735.359118958155,-38863.67123130973,259.6669106918395,26.811479128812028,0.9885666499486001
2110000,4219.999999942228,-44337.77095103421,5694.332987036356,-38643.43796399786,257.8094631087308,26.436171726508466,1.0026010716203322
2115000,4229.999999944265,-44574.50310385629,5594.858063269872,-38979.645040586416,253.3057614904019,26.31300232455455,1.007294180102088
2120000,4239.9999999463025,-44622.324729795626,5581.315473572439,-39041.00925622319,252.6926242209543,26.568682715039174,0.9976006107195308
2125000,4249.99999994834,-44516.46233813994,5675.157932521616,-38841.30440561833,256.9413174416649,26.646722142382924,0.9946789688019118
2130000,4259.999999950377,-44433.89827903261,5644.602637514241,-38789.29564151837,255.55793430988922,26.713501267319838,0.9921924437124058
2135000,4269.999999952414,-44642.82968275895,5902.10460773378,-38740.72507502517,267.2162698590877,26.3361900172553,1.0064073081630507
2140000,4279.999999954452,-44523.40994057851,5671.105490750133,-38852.30444982838,256.757844181537,26.075727853773387,1.0164599911139593
2145000,4289.999999956489,-44291.036998081254,5634.223239986976,-38656.81375809428,255.08800975331903,26.653676247441435,0.9944194510534285
2150000,4299.999999958526,-44613.922361125355,5897.460610764382,-38716.46175036097,267.00601408934534,26.797688201175298,0.9890753972342309
2155000,4309.999999960563,-44666.85925500316,5760.827458205423,-38906.03179679774,260.81998320841996,26.45710830664563,1.0018076728316856
2160000,4319.999999962601,-44365.46265240898,5638.1775127168285,-38727.285139692154,255.2670384353068,26.921482847927397,0.9845272733398877
2165000,4329.999999964638,-44742.6832111681,5744.028875713622,-38998.65433545448,260.0594317016749,26.688938920663894,0.9931055776074742
2170000,4339.999999966675,-44740.979471626924,5850.4529999591205,-38890.52647166781,264.8777565864352,27.08581364274334,0.9785541040831002
2175000,4349.9999999687125,-44765.85574650508,5755.206752031927,-39010.64899447316,260.56550718037954,26.998005292451268,0.9817367548241568
2180000,4359.99999997075,-44317.39713947865,5750.811640457881,-38566.585499020766,260.36651963297277,26.463207106295258,1.00157679286844
2185000,4369.999999972787,-44181.33025949396,5725.189407994078,-38456.140851499884,259.20647964054893,26.735148534107257,0.9913890722814932
2190000,4379.999999974824,-44644.03637706314,5629.942098189441,-39014.094278873694,254.8941821582648,26.90412516094593,0.9851624590644977
2195000,4389.999999976862,-44389.007108483755,5735.468868764705,-38653.53823971905,259.67187958613624,26.78959487050156,0.98937420407658
2200000,4399.999999978899,-44459.947145818966,5634.51524244699,-38825.43190337197,255.1012300896804,27.044121959054284,0.9800626599253579
2205000,4409.999999980936,-44647.899504092056,5508.86806865761,-39139.031435434445,249.41258657523983,26.59972601728834,0.9964363574763809
2210000,4419.999999982973,-44704.93708669866,5724.018866502483,-38980.918220196174,259.15348367523023,26.638847683485142,0.9949729964846923
2215000,4429.999999985011,-44402.08843184641,5846.455652773462,-38555.63277907295,264.69677771952666,26.717343730259273,0.9920497475397531
2220000,4439.999999987048,-44546.15165621939,5638.396825599465,-38907.754830619924,255.27696776972647,26.705595614163745,0.992486162281256
2225000,4449.999999989085,-44647.02849266201,5600.856213222525,-39046.17227943948,253.5773261885781,26.832868790755622,0.987778619916627
2230000,4459.999999991122,-44994.63156766881,5668.102427961181,-39326.52913970763,256.6218812852568,26.414835165388514,1.0034109218014755
2235000,4469.99999999316,-44950.603782818944,5754.268099843913,-39196.335682975034,260.52300994370773,27.173363789095184,0.9754012903317141
2240000,4479.999999995197,-44847.43129252712,5933.318867792504,-38914.112424734616,268.6294874642746,26.85392140011173,0.9870042332970497
2245000,4489.999999997234,-44524.799652855494,5722.909689335238,-38801.889963520254,259.1032659639318,26.596247133522873,0.9965666948976699
2250000,4499.9999999992715,-44420.84068463958,5630.082831221329,-38790.757853418254,254.9005538101291,26.810969426537543,0.9885854435499033
2255000,4510.000000001309,-44316.10337710893,5798.534746827439,-38517.56863028149,262.527171013745,26.47010447320412,1.0013158100440311
2260000,4520.000000003346,-44760.59621051885,5874.492705273666,-38886.103505245184,265.96614806872896,26.805985704826867,0.9887692396166525
2265000,4530.000000005383,-44039.12044716824,5894.455894199375,-38144.66455296887,266.86997631877904,26.528603382542517,0.9991077826576586
2270000,4540.000000007421,-44534.25965412572,5801.673701523998,-38732.58595260172,262.66928638123125,26.781572807169283,0.9896705579383032
2275000,4550.000000009458,-44629.77182194544,5763.644287037874,-38866.127534907566,260.94751441016336,26.96917372445912,0.9827862867929997
2280000,4560.000000011495,-44626.91564936325,5849.9113865748095,-38777.00426278844,264.8532351796015,26.595728588382347,0.9965861252665403
2285000,4570.000000013532,-44644.08741868951,5687.918590734515,-38956.16882795499,257.51905296402924,26.448832240592317,1.0021211470296256
2290000,4580.00000001557,-44653.94602071738,5771.705208004487,-38882.240812712895,261.31247053606876,26.721169171690544,0.9919077242554523
2295000,4590.000000017607,-44443.98047694325,5784.587666303668,-38659.39281063958,261.8957205260489,26.880551565087934,0.9860264227970953
2300000,4600.000000019644,-44400.547999499075,5828.669913761474,-38571.8780857376,263.89153295493145,26.95494003707868,0.9833052518787597
2305000,4610.000000021681,-44397.89745780389,5801.674318218038,-38596.223139585854,262.66931430189555,26.901951865929654,0.985242046176733
2310000,4620.000000023719,-44461.22687137406,5630.291034439868,-38830.93583693419,254.90998015736088,26.770564541969048,0.9900775182004065
2315000,4630.000000025756,-44360.6629178407,5686.039682468411,-38674.62323537229,257.4339858749746,26.943770850527685,0.9837128681643842
2320000,4640.000000027793,-44535.241722284176,5695.434819370286,-38839.806902913886,257.8593482845878,26.607382306730077,0.9961496323459205
2325000,4650.0000000298305,-44415.67901084648,5564.2420447781205,-38851.43696606836,251.91962911847094,26.46040292805865,1.0016829363709594
2330000,4660.000000031868,-44407.56352366984,5874.705666196171,-38532.857857473675,265.9757898197855,27.096291386404616,0.9781757113755868
2335000,4670.000000033905,-44641.99633959326,5714.604631897351,-38927.391707695904,258.72725662200827,26.53271516030523,0.9989529508155925
2340000,4680.000000035942,-44666.80435802357,5844.330646764905,-38822.47371125866,264.6005686184052,26.361264022899455,1.0054500451690123
2345000,4690.00000003798,-44649.46107084048,5635.41461960769,-39014.04645123279,255.14194915958026,27.042209256569524,0.9801319800118592
2350000,4700.000000040017,-44627.4406740581,5680.617044195071,-38946.823629863036,257.1884773202298,27.208590680853252,0.9741384408119343
2355000,4710.000000042054,-44940.25607026846,5717.071672615077,-39223.18439765338,258.8389512567183,27.03943249369388,0.9802326327935315
2360000,4720.000000044091,-44531.71420443914,5722.352201674324,-38809.362002764814,259.07802585330296,26.725442440983702,0.991749122996406
2365000,4730.000000046129,-44562.26851932693,5659.389200854879,-38902.87931847205,256.227392166455,26.715355122307155,0.9921235926377433
2370000,4740.000000048166,-44771.91301352874,5890.6470906968425,-38881.265922831895,266.697533718687,27.03404621595407,0.980427934864397
2375000,4750.000000050203,-44413.59976977034,5565.057838469367,-38848.54193130098,251.956563968264,26.450647275004407,1.002052381817643
2380000,4760.0000000522405,-44483.156119530904,5585.207877085739,-38897.94824244516,252.8688517900569,26.924658376494378,0.9844111569369332
2385000,4770.000000054278,-44252.75400176563,5790.319159328479,-38462.43484243715,262.15521240032143,26.716365939596564,0.9920860555085196
2390000,4780.000000056315,-44785.333341916616,5703.16593490219,-39082.16740701442,258.2093725541641,26.795646199703963,0.9891507711737642
2395000,4790.000000058352,-44482.68944980297,5684.866481280253,-38797.82296852272,257.3808694925772,26.70056096195597,0.992673305265077
2400000,4800.0000000603895,-44683.51314678637,5654.969249650129,-39028.54389713624,256.02728001114946,26.695310016161553,0.9928685632978309
2405000,4810.000000062427,-44520.75068630895,5879.561162596705,-38641.189523712244,266.1956211719383,26.886216942601635,0.9858186504676688
2410000,4820.000000064464,-44668.54808263364,5748.288838259773,-38920.25924437387,260.2523004115636,27.010465309860926,0.9812838763966109
2415000,4830.000000066501,-44685.00707818073,5613.026261349243,-39071.980816831485,254.12832199101877,26.57925276922888,0.9972038842725328
2420000,4840.000000068539,-44695.12966009928,5854.0527885580195,-38841.076871541256,265.04073609046134,26.506383354201763,0.9999453244282376
2425000,4850.000000070576,-44689.5786292532,5758.232620226303,-38931.34600902689,260.7025025855316,26.860607334853967,0.9867585558329527
2430000,4860.000000072613,-44384.29516197636,5658.22374810413,-38726.07141387223,256.17462659257075,26.64274587950092,0.9948274184054566
2435000,4870.00000007465,-44659.65959815966,5795.859892253691,-38863.79970590597,262.4060676600911,26.95212296952844,0.9834080280986583
2440000,4880.000000076688,-44751.98179118591,5856.845712887652,-38895.13607829826,265.1671850219807,26.562425189762155,0.9978356235616693
2445000,4890.000000078725,-44581.89303717995,5745.83469424556,-38836.05834293439,260.14118967179195,26.481606502573655,1.0008808982174324
2450000,4900.000000080762,-44487.35665732401,5706.823505890137,-38780.533151433876,258.3749681410101,26.76425595568839,0.9903108887621903
2455000,4910.0000000827995,-44362.509065015765,5745.795691351754,-38616.71337366401,260.1394238257947,26.495821366001646,1.0003439310829052
2460000,4920.000000084837,-44745.87865719403,5898.353375474837,-38847.525281719194,267.04643378225904,26.704230204777563,0.9925369089199436
2465000,4930.000000086874,-44357.250140745426,5685.1145191445485,-38672.13562160088,257.39209934316204,26.732179513674936,0.9914991813135862
2470000,4940.000000088911,-44810.01955230796,5760.163428683174,-39049.856123624784,260.78991944238993,26.946352120725265,0.9836186354200709
2475000,4950.000000090949,-44857.667091378185,5741.121779355106,-39116.54531202308,259.92781366087877,27.04350768973009,0.9800849211806165
2480000,4960.000000092986,-44310.139250688546,5830.359498822659,-38479.779751865884,263.9680284845207,27.112442233095685,0.9775930133723771
2485000,4970.000000095023,-44513.061501575925,5648.846117576005,-38864.21538399992,255.75005677953166,26.458505864444845,1.0017547566113347
2490000,4980.00000009706,-44370.45110082539,5785.6974982107695,-38584.75360261462,261.9459678805261,26.840130329396327,0.9875113785683562
2495000,4990.000000099098,-44506.96608979051,5746.6736201144795,-38760.29246967603,260.17917182498644,26.7234407507244,0.9918234088856257
2500000,5000.000000101135,-44573.71183651214,5782.072444438365,-38791.639392073776,261.7818445022601,27.139346187197386,0.9766238994747727
2505000,5010.000000103172,-44360.44044676988,5680.432193923807,-38680.00825284607,257.1801082716866,26.518981578968265,0.9994702859764837
2510000,5020.000000105209,-44471.04976346082,5736.106420107684,-38734.94334335314,259.7007445594021,27.02609766547459,0.9807162850741913
2515000,5030.000000107247,-44105.635146123124,5754.071571184584,-38351.56357493854,260.51411215914504,26.81409230438881,0.9884703088830014
2520000,5040.000000109284,-44682.8694252104,5934.992257118038,-38747.87716809237,268.70524973609287,26.546784556935307,0.9984235207729572
2525000,5050.000000111321,-44450.17877772753,5661.964146397257,-38788.21463133027,256.34397216438026,26.6512119506847,0.9945113997660274
2530000,5060.0000001133585,-44377.224647089024,5673.009019141241,-38704.215627947786,256.84402594042626,26.66195240075121,0.9941107726900649
2535000,5070.000000115396,-44540.05163764459,5775.5198109145385,-38764.531826730046,261.48517570284633,26.572545806387247,0.99745558049487
2540000,5080.000000117433,-44267.626851514506,5822.72536123299,-38444.90149028152,263.6223948663653,26.78904874089531,0.9893943737567257
2545000,5090.00000011947,-44626.374620939896,5799.285697597284,-38827.08892334261,262.5611701169297,26.71420899708658,0.9921661579209444
2550000,5100.000000121508,-44482.13331082236,5471.526241297815,-39010.60706952454,247.72194493467464,27.207204578056945,0.9741880694319172
2555000,5110.000000123545,-44547.440811147215,5790.814150256991,-38756.62666089022,262.17762298744617,26.950617547700112,0.983462959823656
2560000,5120.000000125582,-44438.83927955985,5745.5111720856075,-38693.32810747424,260.1265422891133,26.740202001844526,0.9912017157053719
2565000,5130.000000127619,-44206.518437756575,5718.682518553601,-38487.835919202975,258.9118818927572,26.735738766145875,0.9913671858620338
2570000,5140.000000129657,-44617.928350828995,5733.945786392877,-38883.98256443612,259.602922423033,26.654934892546322,0.9943724946012998
2575000,5150.000000131694,-44576.14705945231,5751.321020956248,-38824.82603849607,260.38958170417595,27.36706527314985,0.9684974928071963
2580000,5160.000000133731,-44686.6954187908,5730.272336636999,-38956.4230821538,259.4366079290482,27.149799770609423,0.9762478665212478
2585000,5170.0000001357685,-44384.23409598111,5779.732081555953,-38604.50201442516,261.67588517400026,26.830848430310343,0.9878529995568217
2590000,5180.000000137806,-44791.186428256624,5667.688191309018,-39123.498236947606,256.6031268272479,26.79724199835575,0.9890918664003866
2595000,5190.000000139843,-44568.10489529354,5810.13945117456,-38757.96544411898,263.05257102180167,26.60764016416303,0.9961399785553006
2600000,5200.00000014188,-44276.74033263291,5735.596568323519,-38541.14376430939,259.67766115085544,26.821833458965774,0.9881850225893739
2605000,5210.0000001439175,-44433.61354433291,5866.764271576648,-38566.84927275626,265.61624521853815,26.536790540031248,0.9987995369128504
2610000,5220.000000145955,-44276.9690761207,5757.5560861717095,-38519.41298994899,260.6718726800121,26.395069683807975,1.004162308341847
2615000,5230.000000147992,-44083.583180155954,5590.352423131164,-38493.230757024794,253.10176979062499,26.75961570425336,0.9904826136319902
2620000,5240.000000150029,-44457.42406210699,5923.527726295737,-38533.89633581125,268.18619604836164,26.87351821496062,0.9862844861072598
2625000,5250.000000152067,-44500.18938579847,5592.193856714403,-38907.995529084066,253.18514022304018,26.86959458908906,0.9864285080542069
2630000,5260.000000154104,-44137.57330570731,5702.86152882492,-38434.71177688239,258.19559064721784,26.371437311739598,1.0050621734878855
2635000,5270.000000156141,-44610.23238674749,5580.575070412599,-39029.657316334895,252.65910265810282,26.571090746637424,0.9975102021692774
2640000,5280.000000158178,-44617.10715444962,5700.158113704539,-38916.94904074509,258.07319422215244,26.986076826424366,0.9821707050275378
2645000,5290.000000160216,-44892.033427885326,5878.9046226771225,-39013.1288052082,266.1658964957449,26.772165955406642,0.9900182953700779
2650000,5300.000000162253,-44262.75087454234,5550.450836288597,-38712.30003825374,251.29523569708184,26.44187243160697,1.002384916994538
2655000,5310.00000016429,-44532.62289093039,5593.913713408479,-38938.70917752191,253.26300629303174,26.434446877687254,1.0026664913843444
2660000,5320.0000001663275,-44340.499615099165,5842.288993387846,-38498.21062171132,264.5081332862615,26.911810145288655,0.9848811343214916
2665000,5330.000000168365,-44952.72895644762,6061.426495160279,-38891.30246128734,274.42952738238426,26.38462063114986,1.0045599848892506
2670000,5340.000000170402,-44347.48546741187,5745.561194343241,-38601.924273068624,260.12880703397684,26.82344575483718,0.9881256250516127
2675000,5350.000000172439,-44408.9924439037,5825.735827966329,-38583.25661593737,263.75869297432564,27.00102700559308,0.9816268876382442
2680000,5360.000000174477,-44917.513389256084,5727.074468738582,-39190.4389205175,259.2918252814826,26.938139527597325,0.9839185098652783
2685000,5370.000000176514,-44701.04353856109,5734.88226535453,-38966.16127320656,259.64532126743956,26.56506726140518,0.9977363822091267
2690000,5380.000000178551,-44606.963622455834,5878.568101627832,-38728.395520828,266.15066059169084,26.974009557966113,0.9826100953059437
2695000,5390.000000180588,-44568.81902794039,5658.773761436293,-38910.0452665041,256.19952830488546,26.4532374599845,1.0019542652437237
2700000,5400.000000182626,-44335.070964949264,5954.25157498124,-38380.81938996803,269.577210404613,26.59600659469512,0.9965757080171287
2705000,5410.000000184663,-44521.67779702664,5715.473962199718,-38806.20383482693,258.7666153281162,26.63332598252117,0.9951792772683022
2710000,5420.0000001867,-44690.19839455915,5747.066566752392,-38943.131827806756,260.19696238306955,27.009692965805343,0.9813119362775482
2715000,5430.000000188737,-44556.6379430698,5721.757408122947,-38834.88053494685,259.0510967280674,27.071075641814375,0.9790868472768259
2720000,5440.000000190775,-44514.555452419445,5646.304512237615,-38868.25094018183,255.6349862507768,26.859617207077108,0.9867949307763353
2725000,5450.000000192812,-44446.83990726975,5557.8773204422005,-38888.96258682755,251.63146785926565,26.876169009901425,0.9861872089274278
2730000,5460.000000194849,-44503.028918943426,5788.002754541517,-38715.02616440191,262.0503377686782,26.878284384290478,0.9861095940344998
2735000,5470.0000001968865,-44883.64148546918,5790.046884548158,-39093.594600921024,262.14288522959004,26.17617967061585,1.0125592976537257
2740000,5480.000000198924,-44475.662737400446,5893.344687160632,-38582.31805023982,266.81966670557006,26.531220131198697,0.9990092416205439
2745000,5490.000000200961,-44520.99187490594,5788.230704892345,-38732.7611700136,262.06065816225134,26.463360367383665,1.0015709922918212
2750000,5500.000000202998,-44939.762093163445,5743.67756072866,-39196.08453243478,260.04352600598384,26.82939906857803,0.9879063647600843
2755000,5510.000000205036,-44501.68992789154,5842.86941310441,-38658.82051478713,264.53441163981853,26.604013635100603,0.9962757674867012
2760000,5520.000000207073,-44556.92475725955,5641.216491444116,-38915.70826581543,255.40462741646834,26.577732697132824,0.9972609177981475
2765000,5530.00000020911,-44691.00668157084,5770.8186197436335,-38920.18806182721,261.27233048032394,26.91245553770926,0.9848575157104585
2770000,5540.000000211147,-44489.01391881687,5878.467762272191,-38610.546156544675,266.1461177531414,26.755099791059052,0.9906497942270379
2775000,5550.000000213185,-44736.401006010536,5716.771612139869,-39019.629393870666,258.8253660957891,26.646784224751084,0.9946766513730835
2780000,5560.000000215222,-44383.06589687744,5679.212375809782,-38703.85352106766,257.1248813199465,26.500458722537044,1.0001688793407815
2785000,5570.000000217259,-44707.21914060676,5744.155160121737,-38963.06398048502,260.0651491958097,26.354191971890334,1.0057198540105865
2790000,5580.000000219296,-44402.582051825244,5674.8679588418845,-38727.71409298336,256.9281889578096,26.76564571995162,0.9902594684192219
2795000,5590.000000221334,-44474.29845477984,5790.273915880556,-38684.024538899284,262.1531640148398,26.585662552657105,0.9969634591592105
2800000,5600.000000223371,-44499.31622209493,5905.406691991343,-38593.909530103585,267.3657708755404,26.853162784859062,0.9870321166593125
2805000,5610.000000225408,-44755.057432021014,5569.3026491455275,-39185.75478287549,252.1487466811314,26.64897407708555,0.9945949148311533
2810000,5620.0000002274455,-44611.506664829154,5594.202956369915,-39017.303708459236,253.27610169380392,26.83551309320017,0.9876812867517925
2815000,5630.000000229483,-44553.65907412564,5865.592977088216,-38688.06609703742,265.563215161481,26.47254065894397,1.0012236620583526
2820000,5640.00000023152,-44250.174681856006,5676.629884702264,-38573.54479715374,257.00795969849787,26.464378866309943,1.001532446177235
2825000,5650.000000233557,-44417.41139642475,5787.495431512756,-38629.915964912,262.0273688488828,26.867152638191918,0.9865181643721894
2830000,5660.000000235595,-44591.69098623918,5588.930419532824,-39002.760566706354,253.03738894302413,26.70081318260043,0.9926639282959532
2835000,5670.000000237632,-44733.20425752184,5668.34295698161,-39064.86130054023,256.6327711748646,26.55556264639244,0.9980934863052957
2840000,5680.000000239669,-44428.50481486687,5613.58253958065,-38814.922275286226,254.15350734503733,26.901326250358146,0.9852649589045317
2845000,5690.000000241706,-44644.28382223827,5636.549031178797,-39007.734791059476,255.19330935203084,26.882567833446608,0.9859524680361729
2850000,5700.000000243744,-44263.34694824938,5660.639498456558,-38602.707449792826,256.2839990691684,26.76807441729938,0.9901696210694632
2855000,5710.000000245781,-44336.35234945995,5650.444763635647,-38685.9075858243,255.82243506918834,26.23215433217929,1.0103986796853586
2860000,5720.000000247818,-44580.40400899638,5721.508014284708,-38858.895994711675,259.03980548611065,26.81031842938982,0.9886094479758757
2865000,5730.0000002498555,-44127.39009031013,5671.6587667900785,-38455.731323520056,256.7828936121084,27.031693316701567,0.9805132735121853
2870000,5740.000000251893,-44598.88573888678,5679.791884203143,-38919.09385468363,257.1511184135797,26.803140703033513,0.9888741918791911
2875000,5750.00000025393,-44516.150639398256,5852.122237121891,-38664.028402276366,264.95333087015104,26.985193268301828,0.9822028635855855
2880000,5760.000000255967,-44512.708241710556,5681.464973715811,-38831.243267994745,257.22686711144746,26.830771164208635,0.9878558443334355
2885000,5770.000000258005,-44231.74435919657,5575.710312987407,-38656.03404620916,252.43885201543782,26.380597698207946,1.0047131761664754
2890000,5780.000000260042,-44552.57567417534,5892.066920259333,-38660.50875391601,266.7618161373732,26.47704012797583,1.0010535155903326
2895000,5790.000000262079,-44239.56009036605,5852.610102356837,-38386.94998800922,264.97541884333026,26.28570026395747,1.0083404222211139
2900000,5800.000000264116,-44600.756367917405,5891.803096311034,-38708.95327160637,266.7498715758906,26.52179738533585,0.9993641727008798
2905000,5810.000000266154,-44248.73183307325,5749.086406212888,-38499.64542686036,260.28841009574495,27.282674512070578,0.9714932489778461
2910000,5820.000000268191,-44156.89782996848,5650.0114155117135,-38506.88641445677,255.8028153442048,26.82374178106799,0.9881147201187089
2915000,5830.000000270228,-44459.221840178245,5705.787787439502,-38753.43405273874,258.32807625423453,26.828725557219173,0.9879311652731292
2920000,5840.000000272265,-44697.68448132236,5681.521521314013,-39016.16296000835,257.22942728942894,26.901983183025273,0.9852408992382654
2925000,5850.000000274303,-44742.829481901834,5690.323852251669,-39052.505629650164,257.6279505613045,26.548500889408327,0.9983589737494674
2930000,5860.00000027634,-44368.477661065466,5803.8092807133435,-38564.66838035212,262.76597418039665,26.96990313347321,0.9827597070469413
2935000,5870.000000278377,-44705.81490647403,5782.598992280384,-38923.21591419364,261.8056838205369,26.834725927634942,0.9877102592369389
2940000,5880.0000002804145,-44214.445651271904,5585.309670196357,-38629.135981075546,252.87346044698938,26.90442535193526,0.9851514669362746
2945000,5890.000000282452,-44719.97354371415,5935.199033882771,-38784.774509831375,268.71461150099503,27.017969216176954,0.9810113369537315
2950000,5900.000000284489,-44612.57202867966,5781.436969159008,-38831.135059520646,261.7530735222414,26.905543804553986,0.9851105145866013
2955000,5910.000000286526,-44841.430807533965,5718.559310687787,-39122.87149684618,258.90630368828465,27.061834892047354,0.9794211740729194
2960000,5920.000000288564,-44770.47000826709,5784.7910570193735,-38985.67895124772,261.9049289884512,26.99135271437351,0.9819787241868035
2965000,5930.000000290601,-44585.627579796186,5822.405493476688,-38763.222086319496,263.60791293587306,26.823803650954527,0.988112441003248
2970000,5940.000000292638,-44419.45665261039,5812.989811960753,-38606.466840649635,263.1816203741363,26.788591145308477,0.9894112743281896
2975000,5950.000000294675,-44447.53063412011,5843.538887319028,-38603.99174680108,264.5647219128968,26.57519521743413,0.9973561392748861
2980000,5960.000000296713,-44766.41309733543,5675.487464476424,-39090.92563285901,256.95623691626184,26.594110226485746,0.9966467716652383
2985000,5970.00000029875,-44552.9999954208,5701.599801308112,-38851.40019411269,258.1384662580333,26.48105983095139,1.000901560275062
2990000,5980.000000300787,-44355.66315572715,5582.013971797385,-38773.64918392976,252.72424854864389,26.454109322963053,1.001921243272755
2995000,5990.000000302824,-44300.880707739096,5719.688365934404,-38581.19234180469,258.9574213745199,26.42626604057266,1.002976889048308
3000000,6000.000000304862,-44428.05261466338,5886.279569631234,-38541.77304503215,266.49979532446173,26.88965793769217,0.9856924979839043
3005000,6010.000000306899,-44676.27280636906,5583.4995618926905,-39092.77324447637,252.7915082585594,26.75032591670639,0.990826586003701
3010000,6020.000000308936,-44670.92187096324,5674.652145694119,-38996.26972526912,256.9184180729871,26.5242146653998,0.9992730958067372
3015000,6030.0000003109735,-44931.834652664955,5813.640977382337,-39118.193675282615,263.2111017213135,26.94340901684385,0.9837260788331121
3020000,6040.000000313011,-44547.449450789834,5809.492826091149,-38737.95662469869,263.0232952372688,26.76441049505862,0.9903051706455479
3025000,6050.000000315048,-44533.49643716938,5899.9702420679205,-38633.526195101455,267.1196370018864,26.313691474030716,1.0072677993011563
3030000,6060.000000317085,-44506.08416708658,5694.133963291246,-38811.950203795335,257.8004523598003,26.88560312313397,0.9858411574829095
3035000,6070.000000319123,-44462.72414787486,5584.864909226698,-38877.85923864816,252.85332400834758,26.65785349658583,0.9942636268869548
3040000,6080.00000032116,-44679.923295428336,5837.191544774304,-38842.731750654035,264.2773476098226,26.72227180967001,0.9918667952829204
3045000,6090.000000323197,-44523.0290418652,5635.39391204795,-38887.63512981725,255.14101163013285,26.63626127501382,0.9950696093899449
3050000,6100.000000325234,-44700.71197561099,5655.83517639349,-39044.8767992175,256.0664846219977,26.763824335871146,0.9903268594919136
3055000,6110.000000327272,-44862.31508257531,5823.526731543479,-39038.788351031835,263.65867670129995,26.46328262703394,1.001573934575298
3060000,6120.000000329309,-44744.12059282517,5713.800792163001,-39030.319800662175,258.6908629845427,27.02254853478065,0.9808450919580027
3065000,6130.000000331346,-44685.86164641689,5870.794450707708,-38815.06719570918,265.79871054334023,26.98473961367631,0.9822193759136137
3070000,6140.0000003333835,-44627.454065258265,5925.292956309584,-38702.16110894868,268.26611638374936,26.597094961352564,0.9965349276321358
3075000,6150.000000335421,-44310.57576681231,5876.096759760288,-38434.479007052025,266.03877122352776,26.532832970469162,0.9989485152993764
3080000,6160.000000337458,-44638.51453039481,5793.664798476244,-38844.84973191856,262.3066853532388,27.1589892700258,0.975917543875201
3085000,6170.000000339495,-44795.50628255395,5877.966521160515,-38917.53976139343,266.1234241905796,26.961398993068325,0.9830696882365353
3090000,6180.0000003415325,-44569.62130670063,5703.63211859271,-38865.989188107924,258.23047890098934,26.906965257692057,0.9850584727298219
3095000,6190.00000034357,-44689.85918878636,5714.8751399349085,-38974.98404885145,258.73950380391494,26.972959459809523,0.9826483498049083
3100000,6200.000000345607,-44548.74920469342,5876.7869639998935,-38671.96224069352,266.0700200431618,26.42845141709681,1.0028939525904357
3105000,6210.000000347644,-44147.12242238858,5667.095593326142,-38480.02682906244,256.57629710581216,26.692254683961043,0.9929822121194922
3110000,6220.000000349682,-44347.026566385466,5625.230057940681,-38721.796508444786,254.68084574652966,26.535057503011945,0.9988647697306852
3115000,6230.000000351719,-44488.48462999647,5631.2784013603905,-38857.20622863608,254.95468294103208,26.919588535128987,0.984596553842145
3120000,6240.000000353756,-44715.26769698365,5864.477995870109,-38850.789701113536,265.512734673271,26.503883282517826,1.000039647775667
3125000,6250.000000355793,-44414.87117148127,5844.085418945186,-38570.78575253608,264.5894659918667,26.56092625074908,0.9978919354060182
3130000,6260.000000357831,-44522.390239988745,5736.573324355007,-38785.81691563374,259.7218835292515,26.645143242905686,0.9947379100539644
3135000,6270.000000359868,-44387.81568565429,5870.629775731584,-38517.18590992271,265.7912549261014,26.533988883908744,0.9989049976051716
3140000,6280.000000361905,-44625.34724058944,5740.152641926022,-38885.194598663424,259.88393621274923,26.63837122522194,0.9949907927343891
3145000,6290.0000003639425,-44598.30751384556,5787.208196137455,-38811.0993177081,262.0143643410571,26.673251940648925,0.99368963940029
3150000,6300.00000036598,-44472.31336719054,5796.770977490349,-38675.54238970019,262.4473168101221,26.94855418733679,0.9835382602823001
3155000,6310.000000368017,-44588.1520803537,5677.138347683829,-38911.01373266987,257.03098022936365,26.468488885130615,1.00137692852675
3160000,6320.000000370054,-44448.12187379273,5927.858258998646,-38520.26361479408,268.382259803968,26.34035814454209,1.006248053162046
3165000,6330.000000372092,-44446.59652450762,5873.629742214462,-38572.96678229316,265.9270776379195,26.809824486434376,0.9886276620702186
3170000,6340.000000374129,-44399.5663591132,5956.828773018431,-38442.73758609477,269.69389238366233,27.212220056409894,0.9740085170409765
3175000,6350.000000376166,-44716.6350969621,5651.368116290348,-39065.26698067175,255.86423962341976,26.44770934812159,1.0021636941657857
3180000,6360.000000378203,-44321.180693075294,5684.285572412789,-38636.895120662506,257.35456899283884,26.855791116132437,0.9869355174800581
3185000,6370.000000380241,-44566.48589592968,5824.108196866484,-38742.3776990632,263.68500239442,26.94925877602683,0.9835125456628303
3190000,6380.000000382278,-44419.015804526396,5827.260099116633,-38591.75570540976,263.82770395906897,26.659059709114032,0.9942186405574979
3195000,6390.000000384315,-44634.937842894404,5755.168724089405,-38879.769118805,260.56378547505125,26.49127195520233,1.000515722588077
3200000,6400.000000386352,-44353.192476668104,5731.080740226074,-38622.11173644203,259.47320819386397,26.160770748084357,1.0131557039265504
3205000,6410.00000038839,-44306.953845510725,5674.114696325014,-38632.83914918571,256.89408519087215,26.74588125312592,0.9909912427895327
3210000,6420.000000390427,-44693.13862700685,5833.9000608170245,-38859.23856618982,264.12832651924197,26.985690199698997,0.9821847766870219
3215000,6430.000000392464,-44718.822495128436,5850.537896339355,-38868.28459878908,264.8816002482404,26.816162802235855,0.988393988282567
3220000,6440.0000003945015,-44303.27967317379,5661.553445566833,-38641.72622760696,256.32537778979224,27.05521345152394,0.9796608757135337
3225000,6450.000000396539,-44386.966487980564,5778.1758062356075,-38608.790681744955,261.6054252086801,27.20959977390115,0.9741023139913828
3230000,6460.000000398576,-44483.92918743269,5592.129753933506,-38891.79943349918,253.18223798610313,26.610233015090756,0.9960429165541496
3235000,6470.000000400613,-44725.90737840271,5622.758456410081,-39103.14892199263,254.56894462218844,26.89296504495522,0.9855712844690031
3240000,6480.000000402651,-44617.25974225759,5830.523797452204,-38786.73594480539,263.9754670627649,26.5087564659524,0.999855807517007
3245000,6490.000000404688,-44530.9614291201,5863.599088553479,-38667.36234056662,265.47294237030263,26.588702270252206,0.9968494826537884
3250000,6500.000000406725,-44602.74595729797,5743.275001033585,-38859.470956264384,260.0253002192073,27.043477672039195,0.9800860090542463
3255000,6510.000000408762,-44617.381557449175,5698.130532488789,-38919.25102496039,257.9813960034968,26.915072841582433,0.9847617451581898
3260000,6520.0000004108,-44426.340062796546,5795.868029020348,-38630.4720337762,262.4064360501111,27.008953084106256,0.9813388182799896
3265000,6530.000000412837,-44337.78063531377,5836.482068976909,-38501.29856633686,264.2452262753605,26.45823600986842,1.0017649737741654
3270000,6540.000000414874,-44628.965420046414,5726.628848209843,-38902.33657183657,259.2716499265242,27.09239575914916,0.9783163636824457
3275000,6550.0000004169115,-44399.51881393662,5588.4295343733065,-38811.08927956331,253.01471149610484,26.506375969661086,0.9999456030078869
3280000,6560.000000418949,-44400.371293461474,5826.28321042414,-38574.088083037335,263.7834755744799,26.428910304292707,1.0028765392658456
3285000,6570.000000420986,-44395.31823167839,5766.841039237434,-38628.47719244096,261.09224654474986,26.458525619039968,1.001754008676249
3290000,6580.000000423023,-44396.235368329275,5951.509600448035,-38444.72576788124,269.4530682120379,26.338640967299018,1.0063136566326243
3295000,6590.0000004250605,-44282.44813853322,5882.799269942701,-38399.64886859052,266.3422256501555,26.4565143178392,1.0018301649308603
3300000,6600.000000427098,-44344.73141989979,5620.1215754078,-38724.60984449199,254.4495605122273,26.94298594820201,0.9837415256606061
3305000,6610.000000429135,-44423.730743379856,5874.4179253988605,-38549.312817980994,265.96276242910824,26.66288113075195,0.9940761455057735
3310000,6620.000000431172,-44530.51657403895,5809.3828480812335,-38721.13372595771,263.0183160111234,26.412435590921643,1.003502081862025
3315000,6630.00000043321,-44676.66054106428,5828.672667174847,-38847.98787388943,263.8916576150146,26.504038552370712,1.0000337891964666
3320000,6640.000000435247,-44299.170333580114,5853.10144343861,-38446.068890141505,264.99766418458154,26.81837869458723,0.9883123213517012
3325000,6650.000000437284,-44764.3328338915,5740.63471377571,-39023.69812011579,259.90576189189926,26.565238462699398,0.9977299522363574
3330000,6660.000000439321,-44869.4720931772,5772.927833145612,-39096.54426003159,261.36782457523964,26.97851612273961,0.9824459574407829
3335000,6670.000000441359,-44272.534812365426,5736.308336532912,-38536.22647583251,259.7098862736818,26.862631744513124,0.9866841921752634
3340000,6680.000000443396,-44584.00313816598,5734.188244761726,-38849.814893404255,259.6138996633949,26.360390234011078,1.005483373623921
3345000,6690.000000445433,-44434.58964675572,5800.176129462542,-38634.41351729318,262.60148419087653,26.764654143027876,0.990296155552639
3350000,6700.0000004474705,-44341.04149474687,5784.382269853629,-38556.659224893236,261.8864212545399,26.878076763207936,0.9861172112886366
3355000,6710.000000449508,-44659.609047621314,5646.573107033414,-39013.0359405879,255.64714681115436,27.12464811312862,0.9771531041432328
3360000,6720.000000451545,-44467.83393151645,5780.783988679761,-38687.04994283669,261.7235099987947,26.374471579756424,1.0049465454648283
3365000,6730.000000453582,-44492.42595895409,5856.87076670936,-38635.55519224473,265.16831932732214,26.457501952041635,1.001792767532659
3370000,6740.00000045562,-44751.294064958114,5649.916113449615,-39101.3779515085,255.7985005678265,26.52541281948214,0.9992279585963472
3375000,6750.000000457657,-44362.93000399141,5457.961018095213,-38904.968985896194,247.10778293909505,26.662767366784383,0.9940803870027202
3380000,6760.000000459694,-44412.39993820543,5584.840710899969,-38827.559227305464,252.8522284353215,26.638159359669043,0.9949987063545301
3385000,6770.000000461731,-44600.70382049034,5708.690098810928,-38892.01372167941,258.45947765596947,26.553992947730038,0.9981524870745393
3390000,6780.000000463769,-44181.27794425399,5821.601837181653,-38359.67610707234,263.57152760357536,26.540389812024156,0.998664084825477
3395000,6790.000000465806,-44343.896851869125,5647.214737266271,-38696.68211460285,255.67619645511158,27.063390602277487,0.9793648730882237
3400000,6800.000000467843,-44584.31944827363,5635.581813969413,-38948.73763430421,255.1495188413549,26.949989479918855,0.9834858793650381
3405000,6810.00000046988,-44766.372151670395,5894.756112703588,-38871.61603896681,266.88356863443084,26.395073148886635,1.0041621765179507
3410000,6820.000000471918,-44650.21034810442,5717.778961600001,-38932.43138650442,258.87097358380754,27.0497759267026,0.9798578063773076
3415000,6830.000000473955,-44771.70767915016,5975.479806804545,-38796.22787234562,270.538313146861,26.61944771830369,0.9956981220279625
3420000,6840.000000475992,-44610.09516139561,5509.132560446338,-39100.96260094928,249.4245613730263,26.47220213571012,1.001236465582221
3425000,6850.0000004780295,-44387.797401295276,5745.987526773228,-38641.80987452205,260.1481091252193,26.110252359229204,1.015115968159833
3430000,6860.000000480067,-44721.05470689619,5828.9805280241835,-38892.074178872004,263.9055959358785,26.783243584166353,0.989608820875065
3435000,6870.000000482104,-44639.650428638095,5828.215322238653,-38811.43510639944,263.87095144052074,26.2199356439282,1.0108695331094115
3440000,6880.000000484141,-44508.48260716634,5524.475487430103,-38984.00711973624,250.11920845060436,26.42146172985351,1.0031592639929034
3445000,6890.000000486179,-44442.17315676191,5668.968275675649,-38773.20488108626,256.6610823180923,26.535434148650765,0.9988505917806587
3450000,6900.000000488216,-44412.663655401906,5870.699109004256,-38541.96454639765,265.7943939722098,26.405909090539613,1.003750108040491
3455000,6910.000000490253,-44412.00162904739,5845.232956597289,-38566.768672450096,264.6414204642621,26.787959187989344,0.9894346156246302
3460000,6920.00000049229,-44594.60664286942,5764.353634819256,-38830.25300805016,260.97962994873325,26.561131356506895,0.9978842296581386
3465000,6930.000000494328,-44566.39694791054,5769.934327821224,-38796.46262008932,261.2322943907123,26.457585098593828,1.0017896192629163
3470000,6940.000000496365,-44802.20568073535,5709.243100085987,-39092.962580649364,258.48451464663117,26.573217762987458,0.99743035784902
3475000,6950.000000498402,-44587.41458618757,5675.41351399205,-38912.001072195526,256.95288882707973,26.969232268826445,0.9827841533766385
3480000,6960.0000005004395,-44177.37879833771,5755.354776384875,-38422.024021952835,260.5722089449316,26.884373215175568,0.9858862578047807
3485000,6970.000000502477,-44452.45511477807,5628.555182585567,-38823.89993219251,254.83138991059934,26.328054996881974,1.006718274695016
3490000,6980.000000504514,-44261.356971429486,5729.335377261064,-38532.02159416842,259.3941873340085,26.64663990547825,0.9946820385818103
3495000,6990.000000506551,-44096.36382671865,5785.686000810658,-38310.67782590799,261.94544733868975,26.42890225640904,1.0028768446524878
3500000,7000.0000005085885,-44356.8668389364,5575.257724382449,-38781.609114553954,252.41836118261878,26.289240922307844,1.0082046180361808
3505000,7010.000000510626,-44219.29008550261,5736.463945998924,-38482.82613950368,259.71693145227925,26.788006999790003,0.9894328496608311
3510000,7020.000000512663,-44390.847172437585,5671.375278156847,-38719.47189428074,256.7700587370674,26.771144724021948,0.9900560613216305
3515000,7030.0000005147,-44257.80258852447,5811.436893964402,-38446.36569456007,263.11131241079755,26.514842492713807,0.9996263077866666
3520000,7040.000000516738,-44275.94900847034,5705.55710358823,-38570.39190488211,258.3176321021311,26.95689866103614,0.9832338072645983
3525000,7050.000000518775,-44569.48869115551,5854.058932767628,-38715.42975838788,265.04101426797297,26.762884704073993,0.9903616293837633
3530000,7060.000000520812,-44635.57133666705,5867.209568281998,-38768.36176838505,265.63640591247577,26.5898210688765,0.9968075390157722
3535000,7070.000000522849,-44560.47642907745,5730.079158247485,-38830.39727082996,259.4278618270907,26.56911204622043,0.9975844904574807
3540000,7080.000000524887,-44342.85568884481,5696.539895236787,-38646.315793608024,257.90938031054856,26.906352091635572,0.9850809211247985
3545000,7090.000000526924,-44293.83459398773,5746.975947974464,-38546.858646013265,260.1928596411789,26.582183812851188,0.9970939291196488
3550000,7100.000000528961,-44597.10381333978,5772.152805305295,-38824.951008034484,261.3327353888747,26.8102564160472,0.988611734674498
3555000,7110.0000005309985,-44511.359334878915,5616.191297722917,-38895.168037156,254.27161819973608,26.621340238088067,0.9956273375228117
3560000,7120.000000533036,-44726.57864529337,5693.411079498884,-39033.16756579449,257.76772398181066,26.79529025275667,0.98916391099028
3565000,7130.000000535073,-44343.39278325421,5717.805727246073,-38625.58705600814,258.87218539155737,26.725914879077543,0.9917315916951445
3570000,7140.00000053711,-44443.42567591724,5792.503370484392,-38650.92230543285,262.2541019992795,26.284977741976622,1.0083681395023072
3575000,7150.000000539148,-43877.69184472173,5710.562461358641,-38167.12938336309,258.54424838930544,26.797645331639266,0.9890769795077049
3580000,7160.000000541185,-44478.73460833769,5481.073128489824,-38997.66147984787,248.15417779968882,26.559441374600308,0.9979477252064526
3585000,7170.000000543222,-44679.77233867755,5952.400882646249,-38727.371456031295,269.4934207845908,26.721455928962126,0.9918970797474053
3590000,7180.000000545259,-44512.824639072816,5783.781200693121,-38729.0434383797,261.8592080027131,26.864524055211167,0.9866146911095229
3595000,7190.000000547297,-44461.77513859951,5776.530810725602,-38685.24432787391,261.53094845956554,26.970433581461457,0.982740378365852
3600000,7200.000000549334,-44974.246501883084,5699.252928620329,-39274.99357326276,258.03221220000773,26.638038914989917,0.9950032052705465
3605000,7210.000000551371,-44775.97686282679,5688.791797880632,-39087.18506494616,257.5585871932419,26.72993785401272,0.9915823316647769
3610000,7220.000000553408,-44527.12247047381,5861.612514758537,-38665.50995571527,265.3830007520893,26.737982560050956,0.9912839924631174
3615000,7230.000000555446,-44609.56706725538,5841.993655251241,-38767.573412004145,264.4947619279993,26.368257064832655,1.0051833929473535
3620000,7240.000000557483,-44636.431393629115,5778.244221808332,-38858.187171820784,261.60852270615925,26.65101224861505,0.9945188518651435
3625000,7250.00000055952,-44601.3682252189,5844.091387608767,-38757.27683761014,264.58973622157697,27.027175982398287,0.9806771569400412
3630000,7260.0000005615575,-44719.932116781245,5715.869617551871,-39004.062499229374,258.7845285225407,26.847951502650407,0.9872237030791705
3635000,7270.000000563595,-44680.16835746018,5802.008260137449,-38878.16009732273,262.6844334365069,26.587760122878727,0.9968848063936406
3640000,7280.000000565632,-44450.185360983305,5682.220816709816,-38767.96454427349,257.26108770882433,26.52439723557252,0.9992662177065461
3645000,7290.000000567669,-44308.46653188969,5766.155376371087,-38542.311155518604,261.0612033346234,26.507490434548146,0.9999035619000621
3650000,7300.000000569707,-44392.098275688884,5821.783010298739,-38570.31526539015,263.5797301699079,26.397932658623233,1.004053402412114
3655000,7310.000000571744,-44679.325607272855,5785.726238748852,-38893.599368524,261.9472691010043,26.751629422008296,0.9907783067872186
3660000,7320.000000573781,-44595.99392878119,5586.640636617871,-39009.353292163316,252.93371960979698,26.40002065436383,1.0039739911398646
3665000,7330.000000575818,-44616.83633954794,5833.406395196083,-38783.429944351854,264.105975935077,26.66659762927721,0.9939376020522693
3670000,7340.000000577856,-44384.74545539229,5760.004507542515,-38624.74094784977,260.78272432857364,27.012296240259115,0.9812173636328472
3675000,7350.000000579893,-44773.15280846931,5712.461268259025,-39060.69154021029,258.6302163839151,26.61445075850852,0.9958850679668076
3680000,7360.00000058193,-44136.5124514777,5760.05673994033,-38376.45571153737,260.7850891369661,26.783772141322558,0.9895892917056353
3685000,7370.000000583967,-44520.24326850084,5840.218295405048,-38680.02497309579,264.4143829670545,26.590020505156374,0.9968000625421346
3690000,7380.000000586005,-44413.60707840911,5715.672097428107,-38697.93498098101,258.7755858496804,26.203058318201393,1.0115206317014314
3695000,7390.000000588042,-44825.50913026882,5762.22759354298,-39063.281536725844,260.8833739761318,26.123485553771282,1.014601747840275
3700000,7400.000000590079,-44444.47437253804,5527.6715710567305,-38916.80280148131,250.26391031572308,26.6584871115108,0.9942399953781329
3705000,7410.0000005921165,-44558.52433015499,5911.3401431954135,-38647.18418695958,267.6344063544957,27.249182682315876,0.9726873063146089
3710000,7420.000000594154,-44566.24796204665,5851.451625891934,-38714.796336154715,264.92296911899535,26.66886611337696,0.9938530565887758
3715000,7430.000000596191,-44609.75695170078,5780.938003805335,-38828.818947895445,261.7304829940385,26.98512089693827,0.982205497754274
3720000,7440.000000598228,-44507.59015954408,5943.465544947998,-38564.12461459608,269.0888756657989,26.794666606219483,0.9891869338051136
3725000,7450.000000600266,-44490.58870180865,5749.37514148656,-38741.21356032209,260.3014825110841,26.706934231677153,0.9924364164232283
3730000,7460.000000602303,-44534.6176725573,5792.9628499711835,-38741.65482258612,262.2749048150033,26.77128467800006,0.9900508855414615
3735000,7470.00000060434,-44487.51393976231,5900.113943064573,-38587.39999669774,267.1261430275929,26.538265030499694,0.9987440426898716
3740000,7480.000000606377,-44505.47754553455,5907.744600491613,-38597.73294504294,267.47161908227935,27.022066575641915,0.9808625860772784
3745000,7490.000000608415,-44537.73214235774,5852.545781024375,-38685.18636133336,264.9725067115272,26.634864838965385,0.9951217797719482
3750000,7500.000000610452,-44373.597947535454,5599.498547116436,-38774.099400419014,253.5158582044106,26.439160995398804,1.0024877153684701
3755000,7510.000000612489,-44371.820299499435,5651.642083377432,-38720.178216122,255.8766434129051,26.97238315233428,0.9826693456355816
3760000,7520.0000006145265,-44296.22837464907,5615.722233422821,-38680.50614122625,254.25038143405231,26.769001313926964,0.9901353357081327
3765000,7530.000000616564,-44879.46386219392,5788.78761379893,-39090.67624839499,262.0858720699265,26.570128342634394,0.9975463332635369
3770000,7540.000000618601,-44242.447332523414,5813.9507164334655,-38428.49661608995,263.22512507728106,26.61974457031987,0.9956870184279918
3775000,7550.000000620638,-44180.16185325867,5736.1473564394255,-38444.01449681925,259.7025979413051,27.07516044250632,0.9789391334843364
3780000,7560.0000006226755,-44463.06844632636,5692.106140278876,-38770.962306047484,257.7086431938649,26.57657438139834,0.9973043825049187
3785000,7570.000000624713,-43993.87172957434,5630.945921686593,-38362.92580788775,254.93963000921516,26.413791539361096,1.0034505672174934
3790000,7580.00000062675,-44410.297281183186,5709.777340016119,-38700.51994116707,258.5087022222212,26.512602531392503,0.9997107628778839
3795000,7590.000000628787,-44489.99603262497,5755.827750985016,-38734.168281639955,260.5936227484454,26.797408213633553,0.9890857313974031
3800000,7600.000000630825,-44529.9473895923,5794.319742354296,-38735.627647238005,262.33633776906186,26.447633940036912,1.0021665515572968
3805000,7610.000000632862,-43980.27532795025,5636.6442344351935,-38343.631093515054,255.19761965500638,26.767818816820725,0.9901790759985639
3810000,7620.000000634899,-44414.21719117096,5743.6108907908365,-38670.606300380125,260.04050754167645,26.992770157651606,0.9819271585589076
3815000,7630.000000636936,-44557.62554223603,5686.691049967903,-38870.93449226812,257.46347637117725,26.99493274399043,0.9818484955639316
3820000,7640.000000638974,-44440.18000073143,5826.788223773776,-38613.39177695765,263.8063399241463,26.652759087863014,0.9944536704496827
3825000,7650.000000641011,-44337.93380603433,5618.096026995342,-38719.837779038986,254.3578543282185,26.678687954842708,0.993487166512825
3830000,7660.000000643048,-44484.20665603201,5941.578370776332,-38542.628285255676,269.00343433999353,26.961566170798328,0.983063592620358
3835000,7670.0000006450855,-44683.97502859129,5999.063919425782,-38684.91110916551,271.60607778700745,26.686528404797187,0.9931952819225439
3840000,7680.000000647123,-44357.33090804523,5569.869515734388,-38787.46139231084,252.17441142031356,26.757267503477483,0.9905695377561192
3845000,7690.00000064916,-44303.49853301706,5746.5778581149,-38556.92067490216,260.1748362250568,26.5844440223787,0.997009156190167
3850000,7700.000000651197,-44396.79781530937,5880.473243549117,-38516.324571760255,266.2369154027443,26.70084938475376,0.9926625823997529
3855000,7710.000000653235,-44594.21099750808,5472.420776708021,-39121.79022080006,247.76244479556473,26.732482366086604,0.9914879486149493
3860000,7720.000000655272,-44486.26798049087,5709.206181605818,-38777.06179888505,258.48284317192594,26.66580631316154,0.9939670974604798
3865000,7730.000000657309,-44487.012398659426,5934.650444121959,-38552.36195453747,268.68977424050746,26.91039257703788,0.9849330152527269
3870000,7740.000000659346,-44733.93797702744,5801.598373178806,-38932.33960384863,262.6658759097547,26.85071371282419,0.9871221445364216
3875000,7750.000000661384,-44194.49467791064,5743.3506221403195,-38451.14405577032,260.0287239453876,26.53586876709452,0.9988342320792464
3880000,7760.000000663421,-44383.812365632504,5759.8909822537435,-38623.92138337876,260.7775845002892,26.71106531204158,0.9922829281761316
3885000,7770.000000665458,-44400.992436502595,5754.336367271946,-38646.65606923065,260.52610073397403,26.646306841629176,0.9946944715478622
3890000,7780.000000667495,-44476.43949087849,5822.532973766223,-38653.906517112264,263.613684573232,26.468535388977816,1.0013751691592976
3895000,7790.000000669533,-44288.13785814674,5657.9972519815,-38630.140606165245,256.1643720388057,26.805760874650044,0.9887775328027337
3900000,7800.00000067157,-44815.67162968387,5728.63709163288,-39087.03453805099,259.3625726315826,26.983542110994065,0.9822629658297326
3905000,7810.000000673607,-44530.47107344825,5701.388837328217,-38829.08223612003,258.12891491804044,26.28293952254541,1.0084463375871897
3910000,7820.0000006756445,-44330.96249177947,5881.270142129013,-38449.69234965046,266.2729947812251,26.50148645371156,1.0001300926584242
3915000,7830.000000677682,-44830.013994996785,5688.852383895786,-39141.161611101,257.5613302095134,26.421838808124544,1.0031449474434921
3920000,7840.000000679719,-44202.278037126,5845.2611387787365,-38357.01689834727,264.6426964052872,26.55391256871598,0.9981555084941732
3925000,7850.000000681756,-44575.95977622998,5828.669837838846,-38747.289938391135,263.89152951755403,27.017284543267117,0.9810361977751654
3930000,7860.000000683794,-44222.524016570766,5821.814160731324,-38400.70985583944,263.5811404977406,26.993384306528213,0.9819048179196425
3935000,7870.000000685831,-44398.00386174442,5901.380221105809,-38496.623640638616,267.183473440602,26.731131188920397,0.9915380653072535
3940000,7880.000000687868,-44516.74761209794,5728.695760126578,-38788.051851971366,259.3652288325628,26.87525373247879,0.9862207950247279
3945000,7890.000000689905,-44341.313634190534,5693.886101993465,-38647.42753219707,257.7892305032191,26.84646448220083,0.9872783852081994
3950000,7900.000000691943,-44471.71109327907,5622.597303140386,-38849.11379013868,254.5616484493034,26.96919100119684,0.982785657210121
3955000,7910.00000069398,-44541.46275040315,5624.3200556550355,-38917.142694748116,254.63964562682744,26.677125961328304,0.9935453369661559
3960000,7920.000000696017,-44661.963272669294,5671.12549693805,-38990.83777573124,256.75874995655533,26.48474374277472,1.000762339253039
3965000,7930.0000006980545,-44651.498895682336,5736.38854614607,-38915.11034953626,259.71351774331157,26.497498017413992,1.000280633481608
3970000,7940.000000700092,-44415.00368254632,5519.072075777867,-38895.93160676845,249.87457037619075,26.543104775296126,0.9985619364018359
3975000,7950.000000702129,-44301.896663573396,5731.745351961793,-38570.151311611604,259.5032983194593,26.712768705412312,0.9922196532614125
3980000,7960.000000704166,-44678.53131908126,5779.852239329052,-38898.679079752204,261.68132528630866,26.35330104595017,1.005753854377558
3985000,7970.0000007062035,-44652.117665879545,5867.262289290107,-38784.85537658944,265.6387928425739,27.009901104764722,0.9813043742637353
3990000,7980.000000708241,-44553.176806201576,5871.1066474347035,-38682.070158766874,265.81284516995134,26.74497595880163,0.9910247869867269
3995000,7990.000000710278,-44430.889409681375,5757.593580871552,-38673.29582880982,260.67357024291505,26.588016388965595,0.9968751980135094
4000000,8000.000000712315,-44479.438935387414,5913.650679370851,-38565.78825601656,267.7390152862598,26.292007480552268,1.0080985304047911
4005000,8010.000000714353,-44425.94109266449,5909.098761608562,-38516.84233105593,267.53292837896396,26.95292119442934,0.9833789039540021
4010000,8020.00000071639,-44577.84549390315,5737.940108449372,-38839.90538545378,259.7837643279958,26.60127707795224,0.9963782575124721
4015000,8030.000000718427,-44410.36701933452,5871.9339245467545,-38538.43309478776,265.85029992867123,26.899714425718084,0.9853239957520097
4020000,8040.000000720464,-44178.51854446507,5722.983479301709,-38455.53506516336,259.1066067857071,26.49881271205351,1.0002310062171285
4025000,8050.000000722502,-44587.521712159156,5649.540381556778,-38937.98133060238,255.78148940290413,26.507194703779806,0.9999147174467706
4030000,8060.000000724539,-45078.28583783918,5802.449537035477,-39275.836300803705,262.70441213470065,26.436976472572056,1.0025705522730621
4035000,8070.000000726576,-44346.23040384048,5711.738647709819,-38634.491756130665,258.5974999241917,27.033738615279635,0.9804390905649936
4040000,8080.0000007286135,-44173.44928148325,5618.96043841268,-38554.48884307057,254.3969903330704,27.055111649119777,0.979664561960839
4045000,8090.000000730651,-44528.449613739154,5748.199493022455,-38780.2501207167,260.2482553288969,27.032430049906996,0.980486550916931
4050000,8100.000000732688,-44574.046482583566,6008.440858997099,-38565.60562358647,272.0306163171545,27.15908802363968,0.9759139953251089
4055000,8110.000000734725,-44451.22289200232,5808.368756474645,-38642.854135527676,262.97240327415614,26.755224725757117,0.9906451683442731
4060000,8120.000000736763,-44565.60730178701,5696.636674171863,-38868.97062761514,257.9137619519716,26.473177753658362,1.0011995669418179
4065000,8130.0000007388,-44557.951435619965,5615.748111989847,-38942.20332363012,254.2515530795262,26.82521288000913,0.9880605317502889
4070000,8140.000000740837,-44917.85999225202,5791.942829689085,-39125.91716256294,262.22872365877544,26.785739327519458,0.9895166147348248
4075000,8150.000000742874,-44301.50080316019,5699.150523838767,-38602.35027932142,258.0275758498304,27.19256637189934,0.9747124909080513
4080000,8160.000000744912,-44523.70075785433,5774.436702852362,-38749.264055001964,261.4361382635828,26.8266092484158,0.9880091016013035
4085000,8170.000000746949,-44449.938913660124,5611.8401819830415,-38838.098731677084,254.07462255241887,26.602418719315164,0.9963354979933511
4090000,8180.000000748986,-44412.51330045273,5574.644508244277,-38837.86879220845,252.3905979794988,26.3840619465422,1.0045812565267327
4095000,8190.000000751023,-44231.346513367724,5618.427340086315,-38612.91917328141,254.37285444329765,26.545995029936762,0.998453215735408
4100000,8200.00000075306,-44501.94022997038,5906.948869794141,-38594.99136017624,267.4355925793752,27.060918694165828,0.9794543342037692
4105000,8210.000000755097,-44496.1073729691,5818.5263561804695,-38677.58101678863,263.4322859913407,26.447778417099546,1.002161076992388
4110000,8220.000000757134,-44385.496430254774,5817.207066527989,-38568.289363726784,263.3725554912513,26.623519813371242,0.9955458289637884
4115000,8230.000000759172,-44553.72007333103,5720.364964283528,-38833.3551090475,258.9880541909578,26.542920427824708,0.9985688716736547
4120000,8240.000000761209,-44442.93849987979,5736.176799704695,-38706.76170017509,259.7039309775762,26.618607993553695,0.9957295328499255
4125000,8250.000000763246,-44289.06481327524,5817.214751295426,-38471.850061979814,263.3729034171228,26.919383506066442,0.9846040529332134
4130000,8260.000000765283,-44547.004975561926,5779.198523859532,-38767.806451702396,261.65172848636627,27.08285259086114,0.9786610924242287
4135000,8270.00000076732,-44503.90837853972,5812.469913276007,-38691.438465263716,263.1580820947468,27.019539621183103,0.9809543195087179
4140000,8280.000000769358,-44569.387178051984,5936.627694649576,-38632.759483402406,268.7792937501879,26.410162774091148,1.0035884416637653
4145000,8290.000000771395,-44298.74807544617,5818.336653637196,-38480.411421808974,263.4236972574287,26.643917250386014,0.9947836818984459
4150000,8300.000000773432,-44759.88664115104,5535.887582664704,-39223.99905848633,250.6358881305732,26.355663812756163,1.0056636892487643
4155000,8310.00000077547,-44551.8108021791,5904.551066885186,-38647.25973529391,267.32703266867003,26.638881381754402,0.9949717378407028
4160000,8320.000000777507,-44845.5952996515,5864.0903549937775,-38981.50494465772,265.4951843321803,26.489367129862824,1.0005876687275077
4165000,8330.000000779544,-44490.40887196688,5735.274592724437,-38755.13427924244,259.6630837883228,26.388214877270652,1.0044231572999052
4170000,8340.000000781582,-44709.185956145,5837.897826540658,-38871.28812960434,264.3093243353498,26.718968930909867,0.9919894053948414
4175000,8350.000000783619,-44459.775925375754,5801.523530872702,-38658.252394503055,262.66248744357284,26.435594558547677,1.0026229613952988
4180000,8360.000000785656,-44820.24412519357,5722.0341542129945,-39098.20997098057,259.063626336198,26.58496353374288,0.9969896730870146
4185000,8370.000000787693,-44308.16203531553,5837.230776409006,-38470.93125890652,264.279123812005,26.640953995612872,0.9948943309951005
4190000,8380.00000078973,-44887.79962979833,5486.361054193412,-39401.43857560492,248.39358727744585,26.80211680972437,0.9889119688083731
4195000,8390.000000791768,-44356.623514995445,5927.8223772747715,-38428.80113772067,268.38063526813767,26.856764132254288,0.9868997609695194
4200000,8400.000000793805,-44678.12126382318,5862.219988862786,-38815.90127496039,265.41050398609843,26.24441177147855,1.0099267734909223
4205000,8410.000000795842,-44366.57084613561,5776.521025401211,-38590.0498207344,261.53050543151755,26.848920448561618,0.9871880753386667
4210000,8420.00000079788,-44534.58050274121,5682.791555406766,-38851.78894733445,257.28692775670544,26.924162861303948,0.9844292741457914
4215000,8430.000000799917,-44606.276120761526,5866.11879058962,-38740.1573301719,265.5870212326751,26.833771795690545,0.9877453793802168
4220000,8440.000000801954,-44687.54369813751,5945.012512738487,-38742.53118539902,269.1589142350959,26.683262826678778,0.9933168321542761
4225000,8450.000000803991,-44689.22157014045,5954.625789850505,-38734.59578028994,269.5941528866828,26.76524653219088,0.9902742375512483
4230000,8460.000000806029,-44629.89133458998,5738.207032926216,-38891.684301663765,259.79584926511177,26.893682268233345,0.9855450004272559
4235000,8470.000000808066,-44674.78925134364,5811.59887177905,-38863.19037956459,263.11864591474347,26.9604409937135,0.9831046201624373
4240000,8480.000000810103,-44360.289880428754,5758.10375001268,-38602.18613041607,260.6966680197167,26.73821066231412,0.9912755358717256
4245000,8490.00000081214,-44592.29330281925,5517.835056060006,-39074.45824675924,249.81856462625603,26.44529416810205,1.0022552191726575
4250000,8500.000000814178,-44235.67049199768,5879.142176763886,-38356.528315233794,266.17665169599525,26.3016683415738,1.0077282459166828
4255000,8510.000000816215,-44203.4881557778,5701.744990709233,-38501.74316506857,258.14503967086983,26.449895948236318,1.0020808457775376
4260000,8520.000000818252,-44377.44030705164,5753.6006838132525,-38623.83962323839,260.49279285437945,26.68336010851374,0.9933132107331456
4265000,8530.00000082029,-44433.022356592,5710.822740979886,-38722.19961561212,258.55603248229124,26.721558458455235,0.9918932738801327
4270000,8540.000000822327,-44474.74127270776,5811.116680426892,-38663.62459228087,263.09681482515,26.556504841418327,0.9980580750671157
4275000,8550.000000824364,-44426.220470009896,5922.407236321047,-38503.81323368885,268.1354661526124,26.35971154980295,1.0055092618316097
4280000,8560.000000826401,-44516.66982589668,5800.964709405212,-38715.70511649147,262.63718694519395,26.531433692578457,0.9990012002235161
4285000,8570.000000828439,-44274.30897690193,5628.586576924681,-38645.72239997725,254.83281128123747,26.94935873877196,0.9835088975384021
4290000,8580.000000830476,-44716.46650167799,5629.017835392506,-39087.44866628548,254.85233639757755,26.668519240007175,0.9938659834841804
4295000,8590.000000832513,-44626.54264136846,5567.679106982337,-39058.863534386124,252.07524122678242,26.74583055950186,0.9909931210986543
4300000,8600.00000083455,-44449.97109279741,5756.172141370691,-38693.79895142672,260.60921493468265,26.386538136591675,1.0044869836782664
4305000,8610.000000836588,-44658.03911844181,5885.799593803713,-38772.2395246381,266.47806454217687,26.844019628860615,0.9873683028468828
4310000,8620.000000838625,-44403.32823716401,5661.831683471688,-38741.49655369232,256.33797493945497,26.90392793384355,0.9851696810856706
4315000,8630.000000840662,-44530.75484830554,5836.93045697912,-38693.82439132642,264.2655269269693,26.686916740424756,0.9931808294057225
4320000,8640.0000008427,-44864.38200843282,5914.30063197725,-38950.081376455564,267.76844172354106,26.95869947944748,0.9831681280746907
4325000,8650.000000844737,-44538.61105592933,5758.024374495133,-38780.5866814342,260.6930743135514,26.856412136326348,0.9869126958580435
4330000,8660.000000846774,-44319.80116892513,5787.587289058816,-38532.213879866315,262.0315276756824,26.454713680227098,1.0018983544073266
4335000,8670.000000848811,-44281.8029284784,5762.151751563295,-38519.651176915104,260.87994024998545,26.553355638775773,0.9981764438025097
4340000,8680.000000850849,-44575.37430126965,5949.390990503507,-38625.98331076614,269.35714869107227,26.34949738334375,1.005899039246609
4345000,8690.000000852886,-44698.117567237176,5721.483527997516,-38976.63403923966,259.03869687574854,26.586974716759073,0.9969142553789379
4350000,8700.000000854923,-44439.52402520727,5788.352660926665,-38651.171364280606,262.0661796903745,26.92271250920812,0.9844823062858651
4355000,8710.00000085696,-44283.4688816485,5837.53707133295,-38445.93181031555,264.2929912359992,26.697373472833803,0.9927918238663775
4360000,8720.000000858998,-44757.96690885199,5594.061631150416,-39163.905277701575,253.26970323079772,26.96607005793132,0.9828994008246608
4365000,8730.000000861035,-44360.33525133744,5702.430326874941,-38657.9049244625,258.17606808970874,26.77836317259816,0.9897891791107889
4370000,8740.000000863072,-44249.85720797704,5736.217747787154,-38513.63946018989,259.70578489148994,26.709596647331583,0.9923374902475169
4375000,8750.00000086511,-44273.87744838762,5826.304089213731,-38447.57335917389,263.78442085631485,26.841748293866537,0.9874518534470058
4380000,8760.000000867147,-44331.66146952385,5717.9686865259955,-38613.69278299786,258.87956333109145,26.80559374897294,0.9887836975650673
4385000,8770.000000869184,-44512.05642392085,5837.430847050942,-38674.625576869905,264.2881819589204,26.57206652350742,0.9974735716956183
4390000,8780.000000871221,-44471.76007707638,5717.425888582244,-38754.33418849414,258.8549882936334,26.643241006066315,0.9948089309593263
4395000,8790.000000873259,-44539.01580193383,5791.643931075577,-38747.37187085825,262.2151911008362,26.409103323240096,1.0036287025016897
4400000,8800.000000875296,-44468.62810299336,5574.784871695992,-38893.84323129737,252.3969528987157,26.551306663519043,0.9982534734892637
4405000,8810.000000877333,-44166.68130409869,5867.707052625321,-38298.974251473366,265.6589293883155,26.48690006368352,1.0006808663456137
4410000,8820.00000087937,-44593.922655793605,5725.645282164464,-38868.27737362914,259.2271192264987,26.58217411641523,0.9970942928317132
4415000,8830.000000881408,-44486.27404213807,5629.902437654542,-38856.37160448353,254.89238653773612,26.98936609368804,0.9820510052192438
4420000,8840.000000883445,-44657.53218068392,5706.320130674692,-38951.21205000923,258.35217795744836,26.425607700376155,1.0030018761747996
4425000,8850.000000885482,-44605.462786577176,5677.019233959194,-38928.44355261798,257.02558738608127,27.03017286628982,0.980568427499465
4430000,8860.00000088752,-44627.60702965618,5863.528762667325,-38764.07826698886,265.46975838387374,26.845680048843217,0.9873072335777395
4435000,8870.000000889557,-44419.640668520355,5591.955480134609,-38827.685188385745,253.17434778462916,26.642646992239417,0.9948311108223213
4440000,8880.000000891594,-44236.121030257316,6081.416633280772,-38154.704396976544,275.3345757503048,26.385596009209166,1.0045228500158077
4445000,8890.000000893631,-44327.603903549665,5705.610048818233,-38621.99385473143,258.3200291838178,27.02756624972014,0.9806629963513998
4450000,8900.000000895669,-44412.46891367494,5654.709519074639,-38757.759394600296,256.0155207760691,26.963937393227038,0.9829771415058316
4455000,8910.000000897706,-44873.254357876955,5603.10260746185,-39270.151750415105,253.6790311106628,26.61230446935669,0.995965386351873
4460000,8920.000000899743,-44552.87572897825,5815.263429110311,-38737.61229986794,263.28455780648824,26.584385383464795,0.9970113553583339
4465000,8930.00000090178,-44395.35608008283,5800.453469755663,-38594.90261032716,262.6140407013986,26.695902316938508,0.9928465345679355
4470000,8940.000000903818,-44489.74980532174,5793.563763565946,-38696.1860417558,262.3021110236309,26.945416071815785,0.9836528050594845
4475000,8950.000000905855,-44404.6229246321,5905.942512099699,-38498.680412532405,267.3900299932936,26.519856871697513,0.9994372982767895
4480000,8960.000000907892,-44515.851655279694,5764.554249266896,-38751.297406012796,260.98871271631214,26.92828901662995,0.9842784324755285
4485000,8970.00000090993,-44452.16190704674,5630.569007394779,-38821.592899651965,254.92256531148294,26.628780320822575,0.9953491591881429
4490000,8980.000000911967,-44300.08536369761,5861.243882999631,-38438.84148069798,265.3663110439066,26.90450817222272,0.9851484343393894
4495000,8990.000000914004,-44383.1614064679,5905.126883255806,-38478.034523212096,267.3531026069221,26.66017338832407,0.9941771089209966
4500000,9000.000000916041,-44746.46282645565,6120.546375692139,-38625.916450763514,277.10616478551293,26.507429697350933,0.9999058530063869
4505000,9010.000000918079,-44437.843495523965,5861.992534112953,-38575.85096141101,265.4002060307331,26.871862428076923,0.986345258854964
4510000,9020.000000920116,-44541.61093286442,5906.146066063393,-38635.464866801034,267.3992458467066,26.47765532857306,1.0010302564039355
4515000,9030.000000922153,-44622.41570467601,5746.116958848581,-38876.29874582743,260.15396912917964,26.654493746403976,0.9943889519984735
4520000,9040.00000092419,-44530.68523469346,5612.927807701601,-38917.75742699186,254.12386452741458,26.305558226933186,1.0075792299818676
4525000,9050.000000926228,-44245.19009257393,5725.2787800608385,-38519.9113125131,259.21052593791177,26.475008443664212,1.0011303361408168
4530000,9060.000000928265,-44497.12198683235,5742.3313940995795,-38754.790592732774,259.98257865768363,26.759817384286254,0.9904751486869486
4535000,9070.000000930302,-44655.00884090888,5656.561568387204,-38998.44727252168,256.0993718329023,26.58491096362046,0.9969916445763769
4540000,9080.00000093234,-44614.23034728243,5789.172477827366,-38825.057869455064,262.10329668994206,26.73815346399835,0.9912776564104977
4545000,9090.000000934377,-44001.25706973567,5719.110267058375,-38282.14680267729,258.9312480964219,26.580214925297053,0.9971677872819272
4550000,9100.000000936414,-44662.73824286298,5854.765513631474,-38807.97272923151,265.07300453506235,26.528022991908177,0.9991296415349645
4555000,9110.000000938451,-44683.39184198517,5787.389194119748,-38896.00264786542,262.02255897820686,26.84516988828814,0.9873259961785507
4560000,9120.000000940488,-44944.92510041449,5657.6557853346385,-39287.26931507985,256.14891222409216,26.99146049869284,0.981974802875899
4565000,9130.000000942526,-44739.096123809344,5826.831740911035,-38912.26438289831,263.8083101513561,26.830562059530504,0.9878635432134631
4570000,9140.000000944563,-44591.92548785539,6082.548162781928,-38509.37732507347,275.3858054577787,27.03064355751081,0.9805513526211173
4575000,9150.0000009466,-44453.236724743445,5924.472571402217,-38528.764153341224,268.2289736678259,27.207054090667967,0.9741934578513488
4580000,9160.000000948638,-44740.81568357098,5809.621361142028,-38931.19432242896,263.0291146286766,27.109838678269174,0.9776868987340179
4585000,9170.000000950675,-44617.49278817407,5702.564140550128,-38914.92864762394,258.182126469476,26.807196417809944,0.9887245831096082
4590000,9180.000000952712,-44361.92911200889,5579.2081122668815,-38782.72099974201,252.59721397922823,26.20297768911399,1.0115237442478904
4595000,9190.00000095475,-44290.1685118489,5809.870804345008,-38480.29770750389,263.0404081056093,26.59804851004439,0.9964992015307925
4600000,9200.000000956787,-44495.19249534811,5761.17694789851,-38734.0155474496,260.83580626449026,26.97979604551612,0.9823993501589675
4605000,9210.000000958824,-44823.02367198322,5864.637883272819,-38958.385788710395,265.5199735343534,26.98092397115241,0.9823582813870713
4610000,9220.000000960861,-44775.370680952794,5701.8740245024765,-39073.49665645032,258.15088164271,26.90635782674474,0.9850807111541046
4615000,9230.000000962898,-44581.3459381063,5699.083993571054,-38882.26194453525,258.0245637090513,26.61055008765363,0.9960310484086493
4620000,9240.000000964936,-44644.269932419236,5740.306374329506,-38903.96355808973,259.89089640782305,27.08476166482133,0.9785921113332922
4625000,9250.000000966973,-44523.05312217522,5663.695694048405,-38859.35742812681,256.42236753944985,26.58081939232119,0.9971451109664966
4630000,9260.00000096901,-44411.16647495859,5598.94972175126,-38812.21675320733,253.49101027699595,26.72521085692153,0.9917577168777336
4635000,9270.000000971047,-44264.7428344441,5683.820746241877,-38580.92208820222,257.333524107365,26.380154949278186,1.0047300386786298
4640000,9280.000000973085,-44245.49455078924,5666.3145603952635,-38579.179990393975,256.5409360405147,26.634748867960177,0.9951261126557938
4645000,9290.000000975122,-44586.324781684845,5673.362352288428,-38912.962429396415,256.8600230078936,26.631817835905114,0.9952356337764698
4650000,9300.00000097716,-44534.936444347724,5646.737807552741,-38888.19863679499,255.6546035848552,26.640245907647095,0.9949207749215356
4655000,9310.000000979197,-44391.589495861845,5843.522394484027,-38548.06710137782,264.5639752040292,26.796977101383227,0.9891016439002877
4660000,9320.000000981234,-44402.363161258516,5789.806857519686,-38612.55630373883,262.1320180675391,26.717751105591166,0.9920346213940847
4665000,9330.000000983271,-44652.871986343234,5693.21858158824,-38959.653404754994,257.75900868835913,26.948755083829596,0.9835309282409341
4670000,9340.000000985308,-44515.945082996564,5753.5300066145555,-38762.41507638201,260.48959296236546,26.652964073173152,0.9944460222048762
4675000,9350.000000987346,-44403.658751205134,5677.370067349366,-38726.28868385577,257.04147127769187,26.573472280065072,0.997420804597675
4680000,9360.000000989383,-44825.31328784843,5678.169616269006,-39147.143671579426,257.0776706496237,26.72853832592301,0.9916342517252569
4685000,9370.00000099142,-44648.17776577873,5601.939507103963,-39046.23825867477,253.626372040761,26.774073519744366,0.9899477598352984
4690000,9380.000000993457,-44643.83879963221,5833.026244725677,-38810.81255490654,264.0887647201904,26.776330445618765,0.9898643190248403
4695000,9390.000000995495,-44343.6063150987,5735.301307445857,-38608.305007652845,259.664293290472,26.616818457269584,0.9957964790227393
4700000,9400.000000997532,-44442.35152656393,5703.794285430853,-38738.55724113308,258.23782096292547,26.79969205409331,0.9890014425926297
4705000,9410.00000099957,-44730.8107549306,5722.526805133621,-39008.28394979698,259.0859309800669,26.75300395941415,0.9907274017806011
4710000,9420.000001001607,-44810.25384967908,5660.798493568884,-39149.45535611019,256.2911975320329,26.519568776172168,0.9994481556710378
4715000,9430.000001003644,-44495.603937752196,6057.616780122338,-38437.98715762986,274.2570435127607,26.650935393143975,0.9945217198400843
4720000,9440.000001005681,-44377.88924177439,5794.862420667603,-38583.02682110679,262.3609073902823,27.056211737325032,0.9796247294284732
4725000,9450.000001007718,-44448.68508159008,5629.697675182217,-38818.98740640787,254.88311596940522,26.648849645429884,0.9945995588999825
4730000,9460.000001009756,-44537.19779983262,5922.412731425982,-38614.785068406636,268.1357149420767,26.364603248905055,1.0053226992383164
4735000,9470.000001011793,-44384.70669541927,5927.9077428535,-38456.79895256577,268.3845001727841,26.703543790025304,0.9925624220871023
4740000,9480.00000101383,-44708.55373423459,5770.181914982837,-38938.371819251755,261.2435038358489,26.873438316733182,0.986287418459319
4745000,9490.000001015867,-44345.18773414544,5666.477149744558,-38678.71058440088,256.54829723153466,27.05803592339217,0.979558685544597
4750000,9500.000001017905,-44658.51817064616,5619.634175241238,-39038.88399540492,254.42749359489974,26.84204143751938,0.9874410694221023
4755000,9510.000001019942,-44451.863871839945,5998.0264232661775,-38453.837448573766,271.55910541491505,26.872160840635708,0.9863343055931745
4760000,9520.00000102198,-44744.24581962812,5793.728014744569,-38950.51780488355,262.3095474535468,26.790820831843213,0.9893289298188694
4765000,9530.000001024016,-44618.17764671671,5729.793946072061,-38888.38370064465,259.4149489191196,26.768813213082506,0.9901422932557566
4770000,9540.000001026054,-44868.28083364718,5771.731945436997,-39096.54888821018,261.3136810664568,26.478539069127663,1.0009968462889869
4775000,9550.000001028091,-44640.631028605625,5863.570220317859,-38777.060808287766,265.47163536835114,26.93175552568908,0.9841517415102986
4780000,9560.000001030128,-44616.723166799464,5752.565553351099,-38864.15761344836,260.4459275886314,27.221182350512063,0.9736878347621786
4785000,9570.000001032166,-44482.23253794364,5693.950383198272,-38788.282154745364,257.7921408182528,26.760436829477918,0.9904522213680774
4790000,9580.000001034203,-44804.300610415,5639.192824851518,-39165.10778556348,255.31300643137024,26.786200635745697,0.9894995734171484
4795000,9590.00000103624,-44345.59228122438,5509.751029691765,-38835.84125153261,249.4525624092277,26.8159166950179,0.9884030594210802
4800000,9600.000001038277,-44738.51286145783,5886.128468639657,-38852.384392818174,266.492954265886,26.77687146247428,0.9898443191797494
4805000,9610.000001040315,-44777.55113699561,5776.627091569075,-39000.92404542653,261.53530755001907,26.7512628331461,0.9907918840263358
4810000,9620.000001042352,-44499.46211172303,5849.36350121747,-38650.098610505556,264.8284298108002,26.573482578742095,0.9974204180425936
4815000,9630.00000104439,-44150.375107679865,5696.1390228719865,-38454.23608480788,257.8912309172167,27.06543600231947,0.9792908601311682
4820000,9640.000001046426,-44351.39573858649,5643.127716320694,-38708.268022265795,255.49115763176,26.67062507675568,0.9937875106510508
4825000,9650.000001048464,-44504.55294605845,5940.2538333936955,-38564.299112664754,268.9434662502695,26.563221011991388,0.9978057288523646
4830000,9660.000001050501,-44610.705759605684,5995.757602369935,-38614.94815723575,271.45638513169985,26.7804980741402,0.9897102745870968
4835000,9670.000001052538,-44611.843957628764,5729.977718534752,-38881.866239094015,259.42326917015663,26.56339913828832,0.9977990378623067
4840000,9680.000001054575,-44471.571238742035,5862.496807868823,-38609.07443087321,265.42303689548174,26.30659693999283,1.0075394458278322
4845000,9690.000001056613,-44495.55045296793,5627.770124524101,-38867.78032844383,254.7958466085486,26.674442419885345,0.9936452910737334
4850000,9700.00000105865,-44543.072166875296,5803.723196865444,-38739.34897000985,262.76207675629803,26.868116047145485,0.9864827908301538
4855000,9710.000001060687,-44303.77196048666,5678.177393386524,-38625.59456710013,257.0780227566214,26.32171308851397,1.0069608316680003
4860000,9720.000001062725,-44305.49519047653,5898.721898673342,-38406.77329180319,267.0631185753974,26.693757403884696,0.9929263123774138
4865000,9730.000001064762,-45019.96103308292,5827.305636564284,-39192.65539651863,263.82976565531277,26.7744772044389,0.9899328341747156
4870000,9740.000001066799,-44115.12635948369,5654.243076678269,-38460.88328280542,255.99440271640296,26.365219975342686,1.005299183064829
4875000,9750.000001068836,-44144.66693613294,5757.247009851244,-38387.4199262817,260.65787932900497,27.03086610923584,0.9805432795022566
4880000,9760.000001070874,-44556.92527676758,5656.215571276982,-38900.7097054906,256.083706902624,26.582134168684195,0.9970957912687602
4885000,9770.00000107291,-44788.87598293059,5627.819737904085,-39161.056245026506,254.79809284158162,26.594102102914597,0.9966470761060848
4890000,9780.000001074948,-44677.6574649479,5732.877388684039,-38944.780076263865,259.5545509912377,26.828958192375293,0.9879225988756113
4895000,9790.000001076985,-44380.11704467854,5668.891942734319,-38711.22510194422,256.6576263637836,26.748015263253627,0.9909121795271647
4900000,9800.000001079023,-44676.739029422926,5946.324920799669,-38730.414108623256,269.2183331729071,26.683516360433572,0.9933073941423306
4905000,9810.00000108106,-44663.881137477816,5881.0337523255885,-38782.84738515223,266.2622922936038,26.367195593147326,1.0052238589008302
4910000,9820.000001083097,-44447.447346745525,5820.676329868849,-38626.77101687668,263.5296254977519,27.13188800169226,0.9768923600481972
4915000,9830.000001085134,-44802.47643635393,5710.83950864408,-39091.63692770985,258.55679163398,26.76957461724596,0.9901141307438275
4920000,9840.000001087172,-44833.01720743347,5830.975965930031,-39002.04124150344,263.995938874436,26.75516861411354,0.9906472459513852
4925000,9850.000001089209,-44625.21331109118,5839.308547789009,-38785.90476330217,264.37319437745333,26.74244765339026,0.9911184812275912
4930000,9860.000001091246,-44789.256543691445,5648.9430075777655,-39140.31353611368,255.75444344947024,26.746341027087375,0.9909742074885544
4935000,9870.000001093284,-44760.597514589375,5641.423022896647,-39119.17449169273,255.41397807492356,26.582970281756413,0.9970644296557991
4940000,9880.00000109532,-44656.66742649919,5735.308129998561,-38921.359296500625,259.664602179793,26.871309001060148,0.9863655730910178
4945000,9890.000001097358,-44541.607596111135,5868.44528125067,-38673.16231486046,265.6923524996766,26.706423604796484,0.99245539180979
4950000,9900.000001099395,-44965.79025717237,5711.220954267107,-39254.56930290526,258.57406148656884,27.01267070249727,0.9812037615401792
4955000,9910.000001101433,-44574.38063264778,5666.751758834454,-38907.62887381332,256.56073008753236,26.764294273728243,0.9903094709489009
4960000,9920.00000110347,-44399.67093341157,5739.424550220023,-38660.24638319155,259.8509720478076,26.740766273327857,0.9911807998177462
4965000,9930.000001105507,-44509.27006938466,5872.935255385431,-38636.33481399922,265.8956349251495,26.839196716477847,0.9875457295733404
4970000,9940.000001107544,-44753.339131454064,5682.185112504798,-39071.154018949266,257.25947121011455,26.767915467373754,0.9901755007722668
4975000,9950.000001109582,-44537.29697277682,5822.792286927233,-38714.50468584959,263.6254249099789,26.916065453380064,0.9847254290729954
4980000,9960.000001111619,-44424.98093664326,5723.800935042493,-38701.18000160077,259.1436168843659,26.78385003141664,0.9895864138817623
4985000,9970.000001113656,-44581.192604983924,5590.6514237453675,-38990.54118123856,253.1153069666195,26.673073490602754,0.9936962874516326
4990000,9980.000001115694,-44500.320273609716,5609.6915781051675,-38890.62869550455,253.97734506382642,26.703561643730794,0.9925617584708627
4995000,9990.00000111773,-44558.57739376207,5873.2455564311,-38685.33183733097,265.9096837252755,26.796370747677006,0.9891240254926779
5000000,10000.000001119768,-44499.86656471994,5772.385223765289,-38727.48134095465,261.3432580749424,26.489036906599953,1.0006001424662065
5005000,10010.000001121805,-44596.557976081094,5858.184302276295,-38738.3736738048,265.2277893126667,26.73324461652985,0.9914596781173296
5010000,10020.000001123843,-44516.29283843952,5606.775728328042,-38909.517110111476,253.84533071425153,26.504161208491748,1.000029161233917
5015000,10030.00000112588,-44530.53044764127,5731.722101428718,-38798.80834621255,259.50224565754735,26.410165558351213,1.003588335861656
5020000,10040.000001127917,-44643.87063234765,5791.156015092595,-38852.71461725506,262.19310083005274,26.796607895983414,0.9891152718068238
5025000,10050.000001129954,-44643.04099808377,5674.413075952012,-38968.62792213176,256.90759425183046,26.84077141800532,0.9874877919774123
5030000,10060.000001131992,-44345.75575682428,5641.697073258694,-38704.058683565585,255.42638563466141,27.008630015301588,0.9813505567487243
5035000,10070.000001134029,-44443.7482738517,5567.843739819838,-38875.90453403186,252.082694936206,26.915644411734394,0.9847408331409363
5040000,10080.000001136066,-44468.80931280833,5796.679027279444,-38672.13028552888,262.44315378794545,26.949015850244187,0.9835214113132948
5045000,10090.000001138103,-44573.17825355037,5868.332290049921,-38704.845963500455,265.6872368520902,26.70878115235936,0.9923677891304734
5050000,10100.00000114014,-44484.49547274801,5645.957712733538,-38838.53776001447,255.61928499232283,26.72940783048624,0.9916019939770719
5055000,10110.000001142178,-44121.66647132824,5565.971302565589,-38555.69516876265,251.99792082055072,26.51315624268373,0.9996898845210297
5060000,10120.000001144215,-44278.03831735131,5740.37113024893,-38537.66718710238,259.8938282154391,26.614792609276403,0.995872276430905
5065000,10130.000001146253,-44525.93010340113,5712.353288766366,-38813.57681463476,258.625327640125,26.892504122719306,0.985588176600655
5070000,10140.00000114829,-44364.99444454169,5924.714745847987,-38440.2796986937,268.2399380536433,26.662358070952997,0.9940956472042891
5075000,10150.000001150327,-44724.2294860573,5720.563409026248,-39003.666077031055,258.9970387257038,26.54091406536863,0.9986443585649124
5080000,10160.000001152364,-44566.622331921186,5823.369352195363,-38743.252979725825,263.6515513917449,26.471386974422412,1.0012672977107895
5085000,10170.000001154402,-44620.574882320885,5696.480106857344,-38924.09477546354,257.906673407029,26.7240026504651,0.9918025547746767
5090000,10180.000001156439,-44772.74019627436,5578.217047078813,-39194.52314919555,252.55234375744396,26.601230080999652,0.9963800178348927
5095000,10190.000001158476,-44127.143866390456,5864.087320902561,-38263.056545487896,265.49504696447997,26.994276407278345,0.98187236815098
5100000,10200.000001160513,-44151.90690839797,5781.591757465083,-38370.31515093289,261.76008152303365,26.771092779525773,0.9900579823475563
5105000,10210.00000116255,-44259.9100066963,5598.343974223625,-38661.56603247268,253.46358521329938,26.58501731840542,0.9969876560579307
5110000,10220.000001164588,-44598.60507132206,5830.0214070761585,-38768.5836642459,263.95272146755394,27.061918475507987,0.9794181490319854
5115000,10230.000001166625,-44496.3962224173,5972.901165426109,-38523.49505699119,270.42156582090763,26.614864419262233,0.9958695894521952
5120000,10240.000001168662,-44709.60323259566,5684.447099744503,-39025.15613285116,257.36188210128563,26.77056912603436,0.990077348664227
5125000,10250.0000011707,-44503.69780727115,5863.209225061308,-38640.488582209844,265.45529140085085,26.84335891440622,0.9873926056366934
5130000,10260.000001172737,-44513.711998572864,5770.097511507738,-38743.614487065126,261.23968249019714,26.83189333914897,0.9878145298030309
5135000,10270.000001174774,-44599.38048658852,5882.740560167413,-38716.63992642111,266.33956758016194,26.55717633772761,0.9980328392398828
5140000,10280.000001176812,-44490.38287752343,5698.630727542499,-38791.75214998093,258.00404220605293,26.35564769435793,1.00566430428536
5145000,10290.000001178849,-44780.30550648342,5763.905241656191,-39016.40026482723,260.95932906346815,26.822188530970603,0.9881719410007216
5150000,10300.000001180886,-44364.43845615222,5919.852354848996,-38444.58610130322,268.0197945503167,26.767960739206792,0.9901738261187366
5155000,10310.000001182923,-44635.726504954626,5768.726787444571,-38866.99971751006,261.1776233103775,26.90334537300863,0.9851910137959338
5160000,10320.00000118496,-44729.733677688404,5686.370162995767,-39043.36351469264,257.4489482959499,26.729488622393717,0.9915989967848068
5165000,10330.000001186998,-44499.63721248729,5681.844964140961,-38817.792248346326,257.24407108032625,26.792101473786165,0.9892816406532867
5170000,10340.000001189035,-44293.82687675976,5877.743212964919,-38416.083663794845,266.1133139693921,26.654225420436067,0.994398962432985
5175000,10350.000001191072,-44544.18625572667,5585.229853051952,-38958.95640267472,252.8698467462816,26.71373725691451,0.9921836786680251
5180000,10360.00000119311,-44441.096710522834,5745.498027627311,-38695.59868289552,260.1259471771407,26.653878894076783,0.9944118905870257
5185000,10370.000001195147,-44204.312969023245,5699.614701427976,-38504.69826759527,258.04859137093416,26.287725460930844,1.0082627400354014
5190000,10380.000001197184,-44424.603177527664,5684.625053003361,-38739.97812452431,257.36993888936405,26.636130079539573,0.9950745105760003
5195000,10390.000001199222,-44191.22142826987,5658.124887303795,-38533.09654096607,256.17015069523296,26.756324095424308,0.9906044645000102
5200000,10400.000001201259,-44558.596474428545,5609.297108992922,-38949.299365435625,253.959485576109,26.503247522666243,1.0000636367248517
5205000,10410.000001203296,-44206.11472454667,6053.051477358667,-38153.063247188,274.050350602966,26.321053723754396,1.006986056892402
5210000,10420.000001205333,-44598.01108838187,5634.809874797101,-38963.20121358477,255.11456949364037,26.471112620524107,1.001277675120697
5215000,10430.00000120737,-44486.11219410511,5762.838072112319,-38723.27412199279,260.9110132365262,26.7001830893346,0.99268735401009
5220000,10440.000001209408,-44796.85541641194,5965.966633570735,-38830.888782841204,270.10760667264316,26.679121158086794,0.9934710347271885
5225000,10450.000001211445,-44394.26498410234,5705.921419566184,-38688.34356453615,258.3341264144399,26.632941903058605,0.9951936289656612
5230000,10460.000001213482,-44657.92127095343,5785.666795144131,-38872.2544758093,261.9445778070717,26.42188110937006,1.0031433414154984
5235000,10470.00000121552,-44301.63703758607,5702.683893604464,-38598.953143981606,258.18754825824635,26.27875064275809,1.008607085734525
5240000,10480.000001217557,-44478.72918494878,5648.109844329429,-38830.61934061935,255.71672219744218,26.77157999675849,0.9900399642361691
5245000,10490.000001219594,-44796.13737803971,5846.354600387751,-38949.78277765196,264.692202598724,27.055575688044843,0.9796477594172339
5250000,10500.000001221631,-44548.739126041415,5921.951541495345,-38626.78758454607,268.1148346864472,26.993253197931956,0.9819095871173893
5255000,10510.000001223669,-44516.983719061594,5757.013637939972,-38759.970081121624,260.6473134756756,26.541189936936163,0.9986339785636666
5260000,10520.000001225706,-44444.32897794311,5522.544053254056,-38921.784924689055,250.031763264471,26.551789505776288,0.9982353203263541
5265000,10530.000001227743,-44262.284570307704,5756.545762878428,-38505.738807429276,260.6261305524617,26.652811959107733,0.9944516977496372
5270000,10540.00000122978,-44568.7903248333,5656.408114561838,-38912.38221027146,256.0924242503814,26.702120191833224,0.9926153396104845
5275000,10550.000001231818,-44585.54671129014,5779.397466239005,-38806.149245051136,261.6607355514884,26.77806306132227,0.9898002720301208
5280000,10560.000001233855,-44139.136965871614,5742.164840230611,-38396.972125641005,259.975037974054,26.601612918769202,0.996365678407249
5285000,10570.000001235892,-44379.86037560599,5558.5076572695725,-38821.35271833642,251.66000619719082,26.84996102152501,0.9871498167646541
5290000,10580.00000123793,-44774.40615727712,5679.30547378958,-39095.10068348754,257.12909630706486,26.443395385780505,1.0023271866512689
5295000,10590.000001239967,-44650.70520270418,5822.365861782813,-38828.33934092137,263.6061186211143,26.64829810232959,0.9946201442492666
5300000,10600.000001242004,-44522.829714767984,5883.92361278103,-38638.906101986955,266.39312998331616,27.128760936075015,0.9770049640302978
5305000,10610.000001244041,-44461.140499459056,5392.638420227844,-39068.50207923121,244.15031910208492,26.975880449424608,0.982541947137887
5310000,10620.000001246079,-44193.65830209083,5694.206950905971,-38499.451351184856,257.80375685530646,26.7466116155415,0.990964182062428
5315000,10630.000001248116,-44790.92383351008,5737.648729738636,-39053.27510377145,259.77057223172267,26.835000834615155,0.9877001407932554
5320000,10640.000001250153,-44343.93234925211,5631.952394427769,-38711.97995482434,254.98519780400818,26.64469292624967,0.9947547219215476
5325000,10650.00000125219,-44573.98027310596,5818.16229488112,-38755.81797822484,263.41580320954034,26.999423171883585,0.9816851987466897
5330000,10660.000001254228,-44399.2998340404,5500.611965322565,-38898.68786871784,249.03879361774617,26.75686994302187,0.9905842558930905
5335000,10670.000001256265,-44572.05058891018,5534.48689635797,-39037.563692552205,250.57247241787346,26.91709328224516,0.9846878273449938
5340000,10680.000001258302,-44527.379048996605,5847.165174532574,-38680.21387446403,264.72890113489365,26.564456446474473,0.9977593238522349
5345000,10690.00000126034,-44274.84294097166,5903.698448067422,-38371.14449290424,267.2884305707343,26.686718688920198,0.9931882001491943
5350000,10700.000001262377,-44554.14983204799,5815.786703364813,-38738.36312868317,263.3082489139311,26.638603331815528,0.9949821232136684
5355000,10710.000001264414,-44540.25414468389,5684.831192378505,-38855.42295230538,257.3792717966163,26.847623889889633,0.9872357498466683
5360000,10720.000001266451,-44397.265363299404,5633.503445975383,-38763.761917324024,255.05542126435986,26.77836370279641,0.989789159513457
5365000,10730.000001268489,-44480.46665341611,5934.415647392376,-38546.05100602373,268.6791438788951,26.542527159364894,0.998583667010957
5370000,10740.000001270526,-44497.380358844704,5709.053393302062,-38788.32696554264,258.4759257207249,26.828231284982476,0.9879493665082972
5375000,10750.000001272563,-44571.81962347432,5855.622434280034,-38716.19718919429,265.1118013972822,26.45376101478092,1.0019344352482433
5380000,10760.0000012746,-44486.83698649192,5730.118436584603,-38756.71854990732,259.4296401437131,26.89874284592089,0.985359585552375
5385000,10770.000001276638,-44570.28138133342,5780.441718503909,-38789.839662829516,261.7080138045126,26.605971530462707,0.9962024529790048
5390000,10780.000001278675,-44615.932148361346,5762.623326098375,-38853.308822262974,260.90129066591334,26.86599323591321,0.9865607375760803
5395000,10790.000001280712,-44391.09154197987,5683.882395719684,-38707.20914626018,257.33631527163493,26.541094746343823,0.9986375602004025
5400000,10800.00000128275,-44723.89928483992,5882.805789713935,-38841.093495125984,266.3425208311232,26.550630905140277,0.998278880725395
5405000,10810.000001284787,-44640.52669931261,5667.972723140953,-38972.55397617166,256.6160089328423,26.229368549414044,1.0105059926472622
5410000,10820.000001286824,-44160.42678734759,5791.968186524593,-38368.458600822996,262.2298716829889,26.846377189123157,0.9872815954204436
5415000,10830.000001288861,-44371.58818203816,5841.31699222484,-38530.27118981332,264.4641261833143,26.562866543360162,0.9978190440881417
5420000,10840.000001290899,-44512.68785632163,5794.37317081786,-38718.31468550377,262.3387567290239,26.70269914312851,0.9925938183427842
5425000,10850.000001292936,-44631.41032659402,5732.608695218501,-38898.80163137552,259.54238596361307,26.63386620439686,0.9951590917792079
5430000,10860.000001294973,-44200.128258034296,5672.662077804527,-38527.46618022977,256.8283182605361,26.35093850445097,1.0058440270755267
5435000,10870.00000129701,-44810.71151227574,5718.309070833062,-39092.402441442675,258.8949741431489,26.609825410559854,0.9960581737608201
5440000,10880.000001299048,-44304.52859210753,5721.208031223247,-38583.320560884276,259.02622383006894,26.769986462351913,0.9900988982497935
5445000,10890.000001301085,-44166.96782689204,5878.253428323247,-38288.714398568794,266.1364138386656,26.439864655459427,1.0024610355584271
5450000,10900.000001303122,-44366.23419621622,5747.086960266644,-38619.147235949575,260.19788569418824,26.607256438248864,0.9961543447386308
5455000,10910.00000130516,-44645.41043168056,5764.092811768125,-38881.317619912435,260.967821252099,26.464745795522923,1.0015185600996928
5460000,10920.000001307197,-44418.88914363063,5791.442063637221,-38627.447079993406,262.20605160442454,26.46555911765532,1.0014877820909112
5465000,10930.000001309234,-44734.88348873542,5811.00895134525,-38923.87453739017,263.09193741865425,26.316486197482803,1.0071608308054338
5470000,10940.000001311271,-44828.35572929791,5708.468479034571,-39119.88725026334,258.4494438775292,26.401857761303905,1.0039041321320836
5475000,10950.000001313309,-44405.4118361054,5781.533716615002,-38623.8781194904,261.757453738457,26.77787758443132,0.9898071278788169
5480000,10960.000001315346,-44421.14767745964,5635.915019470816,-38785.23265798882,255.16460463483014,26.34326251284319,1.0061371134123767
5485000,10970.000001317383,-44357.7933638852,5642.750060266033,-38715.04330361917,255.47405935090538,26.566170998379604,0.9976949295460447
5490000,10980.00000131942,-44665.212926512584,5597.857658072042,-39067.355268440544,253.44156737447153,26.60101210353053,0.9963881825014748
5495000,10990.000001321458,-44128.63215941063,5677.999371362916,-38450.63278804771,257.06996285523655,26.365354496213573,1.0052940538441457
5500000,11000.000001323495,-44326.63189010584,5797.924835903071,-38528.70705420277,262.4995574533308,26.899040986654335,0.9853486641284591
