#"Step","Time (ps)","Potential Energy (kJ/mole)","Kinetic Energy (kJ/mole)","Total Energy (kJ/mole)","Temperature (K)","Box Volume (nm^3)","Density (g/mL)"
505000,1009.9999999899404,-43313.83298471302,6052.0482622180725,-37261.78472249495,274.00493029520237,26.68131108284003,0.9933894935014288
510000,1019.999999989704,-43332.9966639792,6154.720367828939,-37178.27629615026,278.65338350017674,26.49885349462286,1.0002294668301364
515000,1029.9999999894676,-43258.60349803988,6175.56283627089,-37083.040661768995,279.59702090443693,26.54250559302064,0.9985844783811969
520000,1039.9999999892311,-43393.88942411239,6196.319472876914,-37197.56995123548,280.5367722943758,26.341758553991315,1.006194557899798
525000,1049.9999999889947,-43640.69613906252,6387.891099466437,-37252.80503959609,289.21012847329075,26.61131927755672,0.996002258515987
530000,1059.9999999887582,-43169.77315116057,6089.7304556650615,-37080.042695495504,275.710981922925,26.259560113549394,1.009344177431994
535000,1069.9999999885217,-43160.269786203105,6074.693489733545,-37085.57629646956,275.03018715338584,27.1023276459102,0.9779578510311518
540000,1079.9999999882853,-43549.5094712266,5961.242955693007,-37588.26651553359,269.89374337024617,26.547110445331978,0.9984112642736651
545000,1089.9999999880488,-43529.17825688695,6093.042434749084,-37436.13582213787,275.8609309251037,26.46099094714981,1.0016606768610623
550000,1099.9999999878123,-43426.77646713145,6114.9670503802945,-37311.80941675116,276.8535622653529,26.428622438223197,1.0028874628063456
555000,1109.9999999875758,-43648.47851894284,6160.912673725283,-37487.565845217556,278.9337385588247,26.847491255952185,0.987240627060835
560000,1119.9999999873394,-43536.170376189635,6053.223776432762,-37482.94659975688,274.0581513992818,26.95660629614736,0.9832444711827321
565000,1129.999999987103,-43228.57312399725,6085.711417433734,-37142.86170656352,275.5290209994962,26.685947754406584,0.9932168925182664
570000,1139.9999999868664,-43621.6202167602,6192.426788019113,-37429.19342874109,280.3605319874731,26.635129982242468,0.9951118736873914
575000,1149.99999998663,-43533.715062941075,6019.809208788212,-37513.905854152865,272.5453154334078,26.7121093883041,0.9922441435546719
580000,1159.9999999863935,-43328.29306526645,6170.910571082684,-37157.38249418377,279.3863907932121,26.794323956198223,0.989199583682918
585000,1169.999999986157,-43031.181013564696,6087.940774952385,-36943.240238612314,275.62995458842914,26.44557777449043,1.0022444708356246
590000,1179.9999999859206,-43639.82472000166,6044.107313855504,-37595.717406146156,273.645405898124,26.724701876831475,0.9917766052056326
595000,1189.999999985684,-43247.639992219454,6122.399149739593,-37125.24084247986,277.19004865453206,27.073382625882747,0.9790034170756784
600000,1199.9999999854476,-43586.58915787883,6347.722027990247,-37238.86712988858,287.3914840816774,26.36187794068846,1.0054266301577572
605000,1209.9999999852112,-43895.635291088896,6103.7838604063845,-37791.85143068251,276.34724621225587,26.754260298530724,0.990680878738109
610000,1219.9999999849747,-43571.66618359106,6253.333733784159,-37318.332449806905,283.1180783099357,26.564264520085473,0.9977665326474937
615000,1229.9999999847382,-43476.03133931017,6152.497983589465,-37323.533355720705,278.55276562466713,27.010553553951976,0.9812806705199315
620000,1239.9999999845018,-43271.03474537213,6124.582363255641,-37146.45238211649,277.2888930856016,26.614411868280733,0.9958865232008116
625000,1249.9999999842653,-43424.12291892554,6270.142569809977,-37153.98034911556,283.8790940427993,26.83256819492207,0.9877896856534382
630000,1259.9999999840288,-43567.29254762066,6130.216307489764,-37437.0762401309,277.5439684634361,26.22243351951252,1.010773240508505
635000,1269.9999999837923,-43393.26270863495,6306.514996877125,-37086.74771175783,285.52584633415466,26.449903992852267,1.002080540999284
640000,1279.9999999835559,-43777.13643941458,6144.484219494113,-37632.65221992046,278.1899445139934,26.746925266902075,0.9909525613897382
645000,1289.9999999833194,-43637.45180170343,6140.944293852806,-37496.50750785062,278.02967528999335,26.596416630065118,0.9965603438688356
650000,1299.999999983083,-43143.90093389555,6315.719851269496,-36828.181082626055,285.9425937520338,26.632476118016083,0.9952110342682975
655000,1309.9999999828465,-43103.520841754624,5918.603676484451,-37184.91716527017,267.96326095814857,26.78195335756058,0.9896564955018166
660000,1319.99999998261,-43027.63030984305,6326.579423739858,-36701.05088610319,286.4342581057954,26.852581223063176,0.9870534933815572
665000,1329.9999999823735,-43433.986576189054,6050.408149435327,-37383.578426753724,273.93067461031006,26.346130339773502,1.0060275934535736
670000,1339.999999982137,-43515.44779329334,6045.050154265824,-37470.39763902751,273.68809275548466,26.881170059898956,0.986003735829799
675000,1349.9999999819006,-43100.55055558105,6103.986310423762,-36996.56424515729,276.356412084783,26.961547000464126,0.9830642916031581
680000,1359.9999999816641,-43528.32745495299,6296.221932623319,-37232.10552232967,285.0598304943612,26.371313813240306,1.0050668802564218
685000,1369.9999999814277,-43544.05523603567,6082.136794984788,-37461.918441050875,275.367180886444,26.42309110808659,1.0030974042406748
690000,1379.9999999811912,-43400.012703966524,6272.778130720802,-37127.23457324572,283.9984183859589,26.444495957787268,1.0022854716098852
695000,1389.9999999809547,-43435.71260342299,6257.230112332651,-37178.48249109034,283.2944858477354,26.413863275293313,1.003447842002286
700000,1399.9999999807183,-43314.72231163498,6058.783454808705,-37255.93885682627,274.3098644094662,26.41786982567983,1.003295658485381
705000,1409.9999999804818,-43341.46281835233,6114.961424866549,-37226.501393485785,276.8533075716633,26.704106014771376,0.9925415248080318
710000,1419.9999999802453,-43596.40006512217,6025.311555926426,-37571.088509195746,272.79443278653235,26.766818099431767,0.9902160953191217
715000,1429.9999999800089,-43773.622159717546,6119.113644468668,-37654.508515248875,277.04129824744024,26.28784300354315,1.0082582317219448
720000,1439.9999999797724,-43196.72346590995,6097.2170834194685,-37099.50638249048,276.0499370711843,27.04396290540243,0.9800684239676192
725000,1449.999999979536,-43391.34632377204,6116.460279671979,-37274.886044100065,276.921167837922,26.79086765466268,0.9893272007531865
730000,1459.9999999792994,-43465.317450358416,6117.986293031947,-37347.331157326465,276.9902577007603,26.59159520341546,0.9967410341419529
735000,1469.999999979063,-43812.63782391767,6003.394729051183,-37809.243094866484,271.8021540802086,26.54623677249058,0.9984441233494585
740000,1479.9999999788265,-43496.10797317792,6149.111419850665,-37346.996553327255,278.39943982140426,26.409007360674373,1.003632349393222
745000,1489.99999997859,-43725.47915175755,6312.774756263455,-37412.7043954941,285.8092553322329,27.25307059600008,0.9725485430778076
750000,1499.9999999783536,-43144.23134627979,6134.858844597955,-37009.372501681835,277.7541581383374,26.512636397760264,0.9997094858803104
755000,1509.999999978117,-43846.50208054687,6057.354188547695,-37789.14789199917,274.2451547466788,26.601862308508608,0.9963563375808809
760000,1519.9999999778806,-43577.86392219248,6223.4657469041,-37354.398175288385,281.7658128770541,26.42854728234921,1.002890314755905
765000,1529.9999999776442,-43699.79390392202,5947.245876176203,-37752.54802774582,269.26002919098534,26.646575833079368,0.994684430321174
770000,1539.9999999774077,-43313.9439513635,6095.442353814476,-37218.501597549024,275.96958664424784,26.476548785213385,1.0010720928000625
775000,1549.9999999771712,-43362.05204211618,6039.999976238985,-37322.05206587719,273.45944724271493,26.753592437286834,0.9907056095239098
780000,1559.9999999769348,-43574.113833748386,6072.434332134951,-37501.679501613435,274.9279043734891,26.449797029164486,1.0020845934398377
785000,1569.9999999766983,-43653.4938128331,5996.78901995541,-37656.70479287769,271.50308229791017,26.329863367681206,1.0066491319157471
790000,1579.9999999764618,-43616.57924293424,6094.3890778303885,-37522.19016510385,275.92189984465585,26.445100094145015,1.0022625744723406
795000,1589.9999999762254,-43446.994404506346,6112.418299686193,-37334.57610482015,276.73816823245386,26.791314320540792,0.9893107066500016
800000,1599.9999999759889,-43148.45983475237,6058.833692366021,-37089.62614238635,274.3121389019676,26.593401545081093,0.9966733310744544
805000,1609.9999999757524,-43720.134331498935,6059.724139845197,-37660.41019165374,274.3524536828305,26.81200282844689,0.9885473409847407
810000,1619.999999975516,-43711.4859582347,6250.311506379301,-37461.1744518554,282.9812477405937,26.474065701719123,1.001165986409688
815000,1629.9999999752795,-43342.5523518839,6378.8954259120155,-36963.65692597189,288.80285166411113,26.40957539106239,1.003610762765478
820000,1639.999999975043,-43713.41560581897,6166.018329959408,-37547.39727585956,279.164895833177,26.304066441370992,1.0076363729392654
825000,1649.9999999748065,-43274.28284651396,6093.595404387583,-37180.68744212638,275.88596648342826,26.426626534871637,1.0029632071108867
830000,1659.99999997457,-43326.04587738676,6049.184004851927,-37276.86187253483,273.8752517787805,26.286501487986953,1.0083096875652848
835000,1669.9999999743336,-43337.72880163306,6098.671322767703,-37239.057478865354,276.1157773840801,26.534068004884496,0.9989020190065611
840000,1679.9999999740971,-43657.07434417441,6277.981496815656,-37379.092847358756,284.2339994491539,26.43826238379787,1.0025217889803342
845000,1689.9999999738607,-43407.122438636085,6073.614986772564,-37333.50745186352,274.9813582088958,26.503949038171893,1.000037166701581
850000,1699.9999999736242,-43602.4120156212,6068.618621023546,-37533.793394597655,274.7551490331799,26.513999533722895,0.9996580888833897
855000,1709.9999999733877,-43341.48198430787,6344.184532079278,-36997.297452228595,287.23132486309424,26.73029580268511,0.9915690532640512
860000,1719.9999999731513,-43452.18789094844,5890.101001801886,-37562.08688914655,266.67280968425854,26.755720374220683,0.9906268166890472
865000,1729.9999999729148,-43706.3907972225,6092.226860223542,-37614.16393699896,275.82400599798154,27.082731579146042,0.9786654653013496
870000,1739.9999999726783,-43432.33557188918,6137.984360542079,-37294.35121134711,277.8956650697598,26.836820348985274,0.9876331755352191
875000,1749.9999999724419,-43469.37416614918,6183.970252118345,-37285.40391403084,279.9776644970577,26.702014566901827,0.9926192660905219
880000,1759.9999999722054,-43089.43063648016,6048.029621419017,-37041.40101506114,273.82298736541765,27.06976663262091,0.9791341928524889
885000,1769.999999971969,-43352.00683759828,6206.504049992724,-37145.502787605554,280.9978764068669,26.38109250529644,1.004694331639799
890000,1779.9999999717324,-43652.168589373236,5984.938507172213,-37667.23008220102,270.9665533760584,26.91174744534287,0.9848834289325664
895000,1789.999999971496,-43822.80359100632,6267.752160782869,-37555.05143022345,283.77086888819525,26.631084076682807,0.9952630552408964
900000,1799.9999999712595,-43247.134353134315,6189.618266549128,-37057.51608658519,280.2333768994313,26.52901813914519,0.9990921625337829
905000,1809.999999971023,-43432.12625471287,6327.300448640887,-37104.82580607198,286.46690232295754,26.766186103513313,0.990239476032691
910000,1819.9999999707866,-43130.668354304566,6173.799303131024,-36956.86905117354,279.5171773945828,26.68966559520917,0.993078538507211
915000,1829.99999997055,-43625.92062337429,6118.715883843677,-37507.204739530614,277.0232897373288,26.21933621811673,1.0108926435834957
920000,1839.9999999703136,-43588.42215418833,6269.230853413248,-37319.191300775085,283.8378163171582,26.465133712850513,1.001503880166178
925000,1849.9999999700772,-43346.97653833014,6308.976120652547,-37038.0004176776,285.637273080822,26.55460634676268,0.9981294302172091
930000,1859.9999999698407,-43471.12276951951,6024.827947170448,-37446.29482234907,272.772537524345,26.304781278697636,1.0076089902333067
935000,1869.9999999696042,-43500.878747496754,6080.432745155385,-37420.44600234137,275.2900304681897,26.686595410192197,0.9931927881821034
940000,1879.9999999693678,-43357.56335134152,6145.7122213268885,-37211.851130014635,278.24554198149747,26.888991543576008,0.9857169265564649
945000,1889.9999999691313,-43666.5834145376,6306.053572067116,-37360.52984247048,285.504955444422,26.72189930037591,0.9918806221294179
950000,1899.9999999688948,-43257.89625882666,5996.037531979508,-37261.85872684715,271.4690588728591,27.29735373440187,0.9709708259791243
955000,1909.9999999686584,-43476.23640468903,5904.861473449742,-37571.37493123929,267.3410862461366,26.794147328459538,0.9892061045131364
960000,1919.999999968422,-43337.549864210596,6095.942014801579,-37241.60784940902,275.9922086670756,26.593969263411097,0.9966520544566817
965000,1929.9999999681854,-42951.9675254937,5938.463193709753,-37013.50433178395,268.86239549859596,26.56460453169421,0.9977537618116429
970000,1939.999999967949,-43304.36636615521,6011.699338949575,-37292.667027205636,272.17814315989636,26.367991988696158,1.0051934980069421
975000,1949.9999999677125,-43338.323662955605,6042.286610887975,-37296.03705206763,273.5629740390094,26.93871792971151,0.983897384118026
980000,1959.999999967476,-43807.58641895256,6288.2663203463,-37519.32009860626,284.69964219232327,26.669491500374853,0.9938297512033171
985000,1969.9999999672395,-43513.86305406212,6067.617890188239,-37446.245163873886,274.70984120170004,26.679547473289947,0.9934551599524601
990000,1979.999999967003,-43551.785314767156,6056.70444261782,-37495.08087214934,274.21573766662397,27.016218133214768,0.981074922176111
995000,1989.9999999667666,-43549.28343287954,6167.50959866792,-37381.77383421162,279.2324126408466,26.74959503314928,0.9908536585204535
1000000,1999.9999999665301,-43306.406093037396,6071.9283973105685,-37234.477695726826,274.9049983042903,26.966413248335098,0.9828868918699422
1005000,2009.9999999662937,-43153.997159106715,6081.064513553748,-37072.932645552966,275.31863362012365,26.539088879004222,0.9987130388453266
1010000,2019.9999999660572,-43626.53679455869,5975.426083216376,-37651.11071134231,270.5358808252084,27.011963983713716,0.981229432947456
1015000,2029.9999999658207,-43649.85718509217,6108.7321594444675,-37541.12502564771,276.5712791799825,26.33549916038755,1.00643370915877
1020000,2039.9999999655843,-43210.13786343741,6202.781957409265,-37007.35590602815,280.8293596213598,26.639139102646237,0.994962111966434
1025000,2049.999999965348,-43656.76898291963,6315.676921344506,-37341.092061575124,285.94065011070865,26.754327551610807,0.9906783884366671
1030000,2059.9999999651113,-43440.60155352566,6308.990932969122,-37131.61062055654,285.6379437046496,26.75953321677166,0.9904856668398245
1035000,2069.999999964875,-43630.60074557364,6043.012221927952,-37587.58852364569,273.5958258924342,26.55799665790983,0.9980020121224953
1040000,2079.9999999646384,-43211.05481813941,5877.044930088299,-37334.009888051114,266.08169939154266,27.060135933877866,0.9794826665801681
1045000,2089.999999964402,-43620.97294027364,6139.031885028242,-37481.9410552454,277.9430914717608,26.823644202640168,0.9881183146594122
1050000,2099.9999999641655,-43267.72319291078,6011.921793410227,-37255.80139950055,272.18821472845366,26.62128980484788,0.9956292237091316
1055000,2109.999999963929,-43473.92601561081,6316.104886961099,-37157.82112864971,285.96002614405506,26.265906659164393,1.0091002928805706
1060000,2119.9999999636925,-43460.91458145686,6093.584987005244,-37367.329594451614,275.88549483911913,26.78619400947348,0.9894998181959896
1065000,2129.999999963456,-43352.42993621662,5872.78650465403,-37479.64343156259,265.88890027399947,26.51660300934212,0.9995599396045756
1070000,2139.9999999632196,-43738.1131524042,6299.356119767857,-37438.75703263634,285.20173001215466,26.860330373598224,0.9867687304616685
1075000,2149.999999962983,-43352.47321702266,5939.289269778303,-37413.18394724436,268.8997958803799,26.572256243987873,0.997466449938116
1080000,2159.9999999627466,-43549.50948720315,6185.500930572476,-37364.00855663067,280.04696557083577,26.41314260152163,1.00347522074142
1085000,2169.99999996251,-43889.45451009541,6012.542819550397,-37876.911690545014,272.2163315274077,26.27522701798465,1.0087423444293986
1090000,2179.9999999622737,-43366.313139132166,5978.117573706611,-37388.19556542556,270.65773736570736,26.672537256586274,0.9937162650692943
1095000,2189.9999999620372,-43401.74079933675,5930.6359470817315,-37471.10485225502,268.50801891833913,26.525325464922883,0.999231249304996
1100000,2199.9999999618008,-43397.73218036606,6174.290424908761,-37223.4417554573,279.5394128069002,26.43734478618011,1.0025565848954596
1105000,2209.9999999615643,-43265.5448739712,6344.622203000005,-36920.922670971195,287.2511403015921,26.957205026051867,0.9832226329443922
1110000,2219.999999961328,-43494.52140327933,6313.4945588547325,-37181.026844424596,285.84184420963504,26.953488463782634,0.9833582075341067
1115000,2229.9999999610914,-43270.93506194913,6251.501637336149,-37019.43342461298,283.03513061391925,26.508304143547868,0.999872868479511
1120000,2239.999999960855,-43540.45268944849,6113.295506663515,-37427.15718278497,276.7778835529968,26.829151317961443,0.9879154874642689
1125000,2249.9999999606184,-43359.41522160068,6007.886041211595,-37351.52918038908,272.00549708444896,26.71252511967899,0.9922287010976159
1130000,2259.999999960382,-43716.76898100827,6288.952316747529,-37427.81666426074,284.7307005031558,26.695235519483663,0.9928713340323124
1135000,2269.9999999601455,-43554.43661729776,6130.728708701379,-37423.70790859638,277.56716729665567,26.652027506511615,0.9944809675759504
1140000,2279.999999959909,-43414.515750214574,6190.450537844627,-37224.06521236995,280.2710577685238,26.597360386764592,0.9965249828222026
1145000,2289.9999999596726,-43358.63246063434,6232.748722027641,-37125.8837386067,282.1860971909676,26.661435489957196,0.9941300464680669
1150000,2299.999999959436,-43495.336820568016,6064.510014004051,-37430.826806563964,274.5691329058772,26.43582807568834,1.0026141048674668
1155000,2309.9999999591996,-43066.868555411114,5977.658992866767,-37089.20956254435,270.63697523599325,26.741636485867172,0.9911485453234788
1160000,2319.999999958963,-43388.82210042671,6140.612543626401,-37248.20955680031,278.0146553837198,26.656085226153902,0.9943295828200205
1165000,2329.9999999587267,-43815.21939855523,6206.713819571791,-37608.50557898344,281.0073736706692,26.647353493315013,0.9946554020528071
1170000,2339.99999995849,-43344.9521603263,6440.400952804719,-36904.55120752158,291.5874985933523,27.048318912000237,0.9799105884830925
1175000,2349.9999999582537,-43537.65475835634,6144.346360069387,-37393.30839828695,278.1837029639551,26.64665558848051,0.994681453157474
1180000,2359.9999999580173,-43769.35005096352,5855.6973083504745,-37913.65274261305,265.1151913015861,26.72030470406622,0.9919398149117317
1185000,2369.999999957781,-43133.71578990528,6046.822141614752,-37086.893648290534,273.7683190274822,26.947181389638953,0.9835883656732843
1190000,2379.9999999575443,-43396.132811421645,6217.571280685017,-37178.561530736624,281.49894243327884,26.824010930433648,0.988104805477278
1195000,2389.999999957308,-43203.7386370874,6131.483985065814,-37072.254652021584,277.60136224002423,26.519170157834694,0.9994631787038039
1200000,2399.9999999570714,-43167.129750407476,6139.738624406689,-37027.39112600079,277.975088915558,26.269570306939833,1.0089595601620673
1205000,2409.999999956835,-43499.448802232975,6148.5892644915875,-37350.85953774139,278.37579937166424,26.66066378259082,0.9941588221011965
1210000,2419.9999999565985,-43397.768908239144,6118.037162995788,-37279.731745243356,276.9925608253047,26.643491361904704,0.994799583227058
1215000,2429.999999956362,-43245.82022641972,6102.314215351575,-37143.506011068144,276.2807084099525,26.552091709426406,0.9982239588727714
1220000,2439.9999999561255,-43499.85626149172,6135.013424879677,-37364.84283661204,277.76115672088054,26.555568740456202,0.9980932572593504
1225000,2449.999999955889,-43670.94827371463,6153.416792636987,-37517.53148107765,278.59436446825083,26.5891618357551,0.9968322531662009
1230000,2459.9999999556526,-43177.41132467915,6258.861490165986,-36918.549834513164,283.36834606003725,26.573794758324365,0.9974087006987861
1235000,2469.999999955416,-43420.39639744529,6042.137810866848,-37378.25858657844,273.5562371562797,26.589623451512086,0.9968149474124745
1240000,2479.9999999551796,-43183.715551333444,5941.830357845891,-37241.88519348756,269.01484298983206,26.64443727698628,0.9947642664395747
1245000,2489.999999954943,-43573.17854378739,6392.897133299124,-37180.28141048827,289.436775369011,26.683926915689174,0.9932921112504091
1250000,2499.9999999547067,-43813.00957013818,6375.494987288104,-37437.514582850075,288.64889767898933,27.051998737142267,0.9797772933556058
1255000,2509.9999999544702,-43818.357390517485,6228.1638694173425,-37590.19352110014,281.9785191668892,26.375455039520652,1.004909074092631
1260000,2519.9999999542338,-43769.70756575413,6110.590340798951,-37659.117224955175,276.6554078634383,26.832467414061462,0.9877933957220312
1265000,2529.9999999539973,-43113.96777313168,5878.160324829794,-37235.807448301886,266.1321986019179,26.781138367638835,0.989686612222725
1270000,2539.999999953761,-43346.27222847578,6270.213280942955,-37076.05894753282,283.8822954711791,26.38652239085161,1.004487583089993
1275000,2549.9999999535244,-43075.89416535548,5998.142359953206,-37077.75180540227,271.56435441863607,26.615826923469896,0.9958335759677038
1280000,2559.999999953288,-43274.29227733024,6062.285726920508,-37212.00655040974,274.46842887959116,26.30982316205729,1.007415897069221
1285000,2569.9999999530514,-43233.078292000515,6179.649818837146,-37053.42847316337,279.7820579901746,26.607772023738264,0.9961350420053959
1290000,2579.999999952815,-43444.89686598355,6008.374391273539,-37436.522474710015,272.02760700804595,26.81361046192694,0.988488071763826
1295000,2589.9999999525785,-43486.42851532204,6111.063081790041,-37375.365433532,276.6768110903623,26.86136435410927,0.986730746552037
1300000,2599.999999952342,-43675.204874920135,5914.6283303076725,-37760.576544612464,267.78327818126496,26.92976470239914,0.9842244964054669
1305000,2609.9999999521056,-43783.202124903444,5935.54773965259,-37847.654385250855,268.7303990651407,26.757419821852675,0.9905638988737636
1310000,2619.999999951869,-43553.68489057792,5980.769854552973,-37572.91503602495,270.777818699653,26.734404595401013,0.9914166596811373
1315000,2629.9999999516326,-43707.82904126402,5970.529359711964,-37737.29968155205,270.3141829265188,26.915279068965337,0.9847541998216928
1320000,2639.999999951396,-43735.037238900666,6301.100246559763,-37433.9369923409,285.2806949045904,26.87061749995673,0.9863909566863954
1325000,2649.9999999511597,-43361.42771377269,6025.795480043094,-37335.63223372959,272.81634232659394,26.558279899433177,0.9979913685261748
1330000,2659.999999950923,-43482.37149251817,6103.856261081385,-37378.51523143679,276.35052413421676,26.702801119666493,0.9925900276812439
1335000,2669.9999999506867,-43683.157928058004,6246.252841599503,-37436.9050864585,282.79749273536305,26.501337066572084,1.0001357303578833
1340000,2679.9999999504503,-43561.42982639413,6109.294657859821,-37452.13516853431,276.5967461512313,26.922204982414737,0.9845008653581393
1345000,2689.999999950214,-43408.07376647083,6059.017961007218,-37349.05580546361,274.320481617359,26.750096171297972,0.990835095799599
1350000,2699.9999999499773,-43284.324772510736,6296.352468207002,-36987.97230430374,285.06574045937776,26.594641377800006,0.9966268665183666
1355000,2709.999999949741,-43742.62645448343,6268.578823638867,-37474.04763084456,283.80829583663007,26.481328547056556,1.0008914037465308
1360000,2719.9999999495044,-43402.45944379934,6112.027176807915,-37290.432266991425,276.7204602446197,26.79148413567773,0.989304436003244
1365000,2729.999999949268,-43755.515112194524,6180.97029942401,-37574.54481277052,279.8418424095122,26.49321183328493,1.0004424631232087
1370000,2739.9999999490315,-43338.1078648328,6294.807111734319,-37043.300753098476,284.9957748420805,26.218087254739036,1.0109407999527362
1375000,2749.999999948795,-43638.47875473369,6319.315256817481,-37319.163497916205,286.10537481455583,26.81718668976291,0.988356251129594
1380000,2759.9999999485585,-43597.29667317466,6183.165363997648,-37414.131309177006,279.9412233941696,26.347704980447503,1.0059674693566554
1385000,2769.999999948322,-43362.28703508922,6029.299126904933,-37332.98790818429,272.97496903817364,26.566676492015414,0.9976759460485222
1390000,2779.9999999480856,-43525.65185319603,6197.785095326585,-37327.866757869444,280.6031279742649,26.598565701464697,0.9964798252665547
1395000,2789.999999947849,-43718.89545960765,6110.445112075064,-37608.45034753259,276.6488326702737,26.674191083865868,0.9936546536388978
1400000,2799.9999999476127,-43174.10608215985,6169.402511984085,-37004.70357017576,279.3181138049448,26.810958887342984,0.988585832155711
1405000,2809.999999947376,-42974.833820109954,6195.576666756981,-36779.25715335297,280.50314193812335,26.762486238623598,0.9903763748333898
1410000,2819.9999999471397,-43517.165624025685,6142.594019143593,-37374.57160488209,278.1043661787178,26.621596430497824,0.9956177561227073
1415000,2829.9999999469032,-43310.79799003649,6019.163036163729,-37291.63495387276,272.5160601338366,26.686607905723783,0.993192323137168
1420000,2839.999999946667,-43331.8268367846,6096.022427624667,-37235.80440915994,275.9958493369828,26.674550772872465,0.9936412548507303
1425000,2849.9999999464303,-43371.329816657235,6252.219117323766,-37119.11069933347,283.06761433603737,26.416620744620158,1.0033430982247926
1430000,2859.999999946194,-43724.97098233417,6264.748998902621,-37460.22198343155,283.63490150558204,26.77621367372082,0.9898686358538232
1435000,2869.9999999459574,-43604.304280253535,6163.71344400654,-37440.59083624699,279.0605427137882,26.698237683470055,0.9927596876158901
1440000,2879.999999945721,-43256.80935738527,6062.584283892718,-37194.22507349255,274.4819459698084,26.683431708281525,0.9933105453715082
1445000,2889.9999999454844,-43321.7368650877,6334.777096059378,-36986.959769028326,286.80540561407213,26.811943190493306,0.9885495398160606
1450000,2899.999999945248,-43441.13694052672,6102.584697562198,-37338.55224296452,276.29295442255136,26.196895776190424,1.0117585812066352
1455000,2909.9999999450115,-43561.29246695683,6079.302378648459,-37481.990088308376,275.2388534149808,26.9198925564387,0.9845854342459873
1460000,2919.999999944775,-43630.953280976915,6057.367634356679,-37573.58564662024,274.2457635022263,26.46264250678897,1.0015981622295163
1465000,2929.9999999445386,-43647.059100265906,6133.654453150957,-37513.40464711495,277.69962962498386,26.37155651811932,1.0050576303422043
1470000,2939.999999944302,-43354.769917563244,6091.1975920439545,-37263.572325519286,275.7774061455707,26.78965101559138,0.9893721305705265
1475000,2949.9999999440656,-43745.175429805124,6187.232138609039,-37557.94329119608,280.1253455699422,26.748569757830936,0.9908916380389612
1480000,2959.999999943829,-43461.19911141979,6347.130271292496,-37114.06884012729,287.3646924492096,26.421244619660673,1.003167507211737
1485000,2969.9999999435927,-43526.19274528569,6299.011118947434,-37227.18162633826,285.186110188641,27.050792052000407,0.979820999384618
1490000,2979.999999943356,-43471.866927982715,6254.562356337007,-37217.304571645705,283.1737038803816,26.817851133076104,0.9883317634590922
1495000,2989.9999999431197,-43230.79993607884,6077.999970054046,-37152.799966024795,275.17988720045867,26.68489497659692,0.9932560771096071
1500000,2999.9999999428833,-42981.413694488816,6131.11674175143,-36850.296952737386,277.5847353933106,26.695543021587298,0.9928598972908456
1505000,3009.999999942647,-43365.75340008462,6116.536583978943,-37249.216816105676,276.9246224958171,26.589340178933536,0.9968255670945947
1510000,3019.9999999424103,-43448.6714155518,6066.529944129959,-37382.14147142184,274.6605847234058,27.356869281758232,0.9688584548748129
1515000,3029.999999942174,-43964.035609859915,6155.601125319763,-37808.43448454015,278.69325956930646,26.838822780288414,0.9875594887121084
1520000,3039.9999999419374,-43629.803784397955,6364.685565649278,-37265.11821874868,288.15950389124174,26.94343985541697,0.983724952892669
1525000,3049.999999941701,-43516.01815475011,6051.547452402915,-37464.4707023472,273.98225625947964,26.480831874911498,1.000910176377346
1530000,3059.9999999414645,-43331.01308504486,6054.670470612788,-37276.34261443208,274.1236501066254,26.438350168978562,1.0025184602341823
1535000,3069.999999941228,-43491.12677034014,6076.357591709006,-37414.76917863113,275.10552894281545,26.33391673145781,1.0064941866727488
1540000,3079.9999999409915,-43491.64809903159,6248.778951643588,-37242.869147388,282.911861718649,26.38406431086786,1.0045811665043156
1545000,3089.999999940755,-43528.43772414845,6067.217176134962,-37461.22054801349,274.69169897588176,26.692379813538505,0.9929775571788126
1550000,3099.9999999405186,-43304.782610430266,6059.094489407564,-37245.6881210227,274.3239464210244,26.51706722114197,0.9995424411566987
1555000,3109.999999940282,-43332.86548988597,6263.722035999755,-37069.143453886216,283.58840602398243,26.267106556347294,1.0090541965739181
1560000,3119.9999999400457,-43332.794951709686,6062.654268838613,-37270.140682871075,274.48511452025457,26.685469174976213,0.9932347049528741
1565000,3129.999999939809,-43528.64651298971,6049.540154950373,-37479.10635803934,273.8913763829924,26.672017011469986,0.9937356477816576
1570000,3139.9999999395727,-43525.420020620804,6272.438985421029,-37252.98103519977,283.9830636696384,26.481564282928474,1.0008824939251457
1575000,3149.9999999393362,-43530.944498250785,5961.098343315951,-37569.846154934836,269.887196082026,26.35638806111632,1.0056360545715044
1580000,3159.9999999391,-43658.48596026655,6053.233430618637,-37605.252529647914,274.05858849006717,26.48584310112505,1.000720800215367
1585000,3169.9999999388633,-43597.43782080739,6082.624002410669,-37514.813818396724,275.3892390774867,26.810475708008592,0.9886036484842824
1590000,3179.999999938627,-43384.5276204283,6043.803495102441,-37340.72412532586,273.6316505821304,26.55989642808209,0.9979306272637622
1595000,3189.9999999383904,-43408.3016997308,6139.460799124976,-37268.84090060582,277.96251044730195,26.964208702859345,0.9829672509442441
1600000,3199.999999938154,-43806.82130520133,6101.165980246068,-37705.65532495526,276.22872236053337,26.294503701045063,1.008002828419351
1605000,3209.9999999379174,-43485.950184459856,6072.206548820464,-37413.74363563939,274.9175915424435,26.612341187875526,0.9959640121633513
1610000,3219.999999937681,-43738.20206311619,6130.109349375021,-37608.09271374116,277.53912596226877,26.442067782212767,1.0023775115033189
1615000,3229.9999999374445,-43488.306785448745,6227.059511500378,-37261.247273948364,281.92851964590915,26.64935255760775,0.994580789354674
1620000,3239.999999937208,-43651.5031947238,6240.440546777546,-37411.06264794626,282.53434258048276,27.04633388731141,0.9799825075357483
1625000,3249.9999999369716,-43525.19057373126,6120.905449059406,-37404.28512467186,277.12242173996964,26.16842037102195,1.0128595355295964
1630000,3259.999999936735,-43537.99041718355,6042.193299751091,-37495.79711743246,273.5587494012587,26.82052901484983,0.9882330839880684
1635000,3269.9999999364986,-43376.487926814065,6411.000535216898,-36965.48739159717,290.25640224005775,26.416204990236846,1.0033588894518521
1640000,3279.999999936262,-43509.72087135579,6028.395017210887,-37481.3258541449,272.93403570404234,27.139695404651423,0.9766113328594647
1645000,3289.9999999360257,-43592.73899466504,6035.900394886083,-37556.83859977895,273.2738397501484,26.69453191864297,0.9928975036279233
1650000,3299.999999935789,-43805.962474688655,6050.483605156994,-37755.47886953166,273.9340908487239,26.581937898625497,0.9971031534125674
1655000,3309.9999999355528,-43709.61198592262,6282.8614908324735,-37426.75049509014,284.45493992459035,26.87342168963496,0.986288028694144
1660000,3319.9999999353163,-43489.24573819159,6241.066637177704,-37248.179101013884,282.56268866250673,26.303321226644094,1.0076649208727375
1665000,3329.99999993508,-43581.79713236913,5997.539476245407,-37584.25765612372,271.53705901364685,26.455108298761477,1.0018834095560052
1670000,3339.9999999348433,-43430.910878229945,5999.75519876896,-37431.155679460986,271.63737528167957,26.587442320589656,0.9968967222548804
1675000,3349.999999934607,-43762.359454220335,6178.67906917322,-37583.68038504712,279.7381075485269,26.81051010620758,0.9886023800942038
1680000,3359.9999999343704,-43734.54768018972,6225.500868581463,-37509.046811608256,281.8579524881721,26.929857991472588,0.9842210869039627
1685000,3369.999999934134,-43385.90018066316,5897.085211028956,-37488.8149696342,266.9890179627644,26.326116261672922,1.0067924124882761
1690000,3379.9999999338975,-43555.93887660699,5968.154239724965,-37587.784636882025,270.2066499792779,26.238349113757437,1.0101601281248027
1695000,3389.999999933661,-43613.924106918625,6088.392873657939,-37525.531233260685,275.65042324117854,26.968170059616497,0.9828228628024839
1700000,3399.9999999334245,-43360.05077048665,6140.213643931949,-37219.837126554696,277.9965953025312,26.540493657015897,0.9986601773524292
1705000,3409.999999933188,-43406.46016566944,6129.863258582911,-37276.59690708653,277.5279842648769,26.710340983592697,0.9923098368088092
1710000,3419.9999999329516,-43200.509594773815,6182.059328645542,-37018.450266128275,279.8911479277445,26.656223644609472,0.9943244195393164
1715000,3429.999999932715,-43308.84953237191,6012.8566350138335,-37295.992897358075,272.2305394418953,26.41708469088176,1.003325477155512
1720000,3439.9999999324787,-43235.917354595615,6163.919326986381,-37071.99802760923,279.069864012809,26.659408732065746,0.9942056243226645
1725000,3449.999999932242,-43793.76396816707,5997.261106445131,-37796.502861721936,271.5244558924528,26.537203036285764,0.9987840114986828
1730000,3459.9999999320057,-43491.23878120445,5876.030466697579,-37615.20831450687,266.03576982214435,26.98413316152492,0.9822414507029016
1735000,3469.9999999317693,-43512.42238456727,6184.779243942083,-37327.64314062519,280.01429139404667,26.88353427132555,0.985917023968353
1740000,3479.999999931533,-43433.37622915965,6208.774863462981,-37224.60136569667,281.1006869033588,26.520101357521195,0.9994280845770456
1745000,3489.9999999312963,-43433.37925613683,6221.750265777941,-37211.62899035889,281.6881449097759,26.580851748059306,0.9971438971842453
1750000,3499.99999993106,-43741.37735672307,6182.37314977518,-37559.00420694789,279.9053560987679,26.544309656484774,0.9985166103598916
1755000,3509.9999999308234,-44052.69744972361,6187.502251950171,-37865.195197773435,280.1375748820696,26.268959282794757,1.0089830288745514
1760000,3519.999999930587,-43493.63293137675,6225.0958450935805,-37268.53708628317,281.8396151538091,26.536899094437093,0.9987954511268697
1765000,3529.9999999303504,-43511.384218375664,6142.5576833433515,-37368.82653503231,278.1027210846965,26.539353978149418,0.9987030627934183
1770000,3539.999999930114,-43182.44227873825,5992.714066890403,-37189.72821184785,271.3185898447511,26.59908919490395,0.9964602136683134
1775000,3549.9999999298775,-43365.01166770904,6182.0921870824095,-37182.91948062663,279.8926355850323,26.866073508183256,0.9865577898632363
1780000,3559.999999929641,-43636.159029803646,6125.8105576675935,-37510.34847213605,277.3444992720785,26.438163896603204,1.0025255235648907
1785000,3569.9999999294046,-43550.00281197502,5896.27324744659,-37653.72956452843,266.95225652016694,26.841560489362724,0.9874587624307607
1790000,3579.999999929168,-43672.8103973894,6043.142068456547,-37629.66832893286,273.6017046606587,26.747729162662026,0.9909227785787351
1795000,3589.9999999289316,-43566.20870568603,6138.993023588232,-37427.2156820978,277.9413320300478,26.72569556674905,0.9917397298917378
1800000,3599.999999928695,-43624.5356540677,6146.920191351788,-37477.61546271591,278.30023251404623,26.87119014797713,0.9863699358523506
1805000,3609.9999999284587,-43472.94294188608,6151.180610381491,-37321.76233150459,278.4931218911105,27.047217704057505,0.9799504848352798
1810000,3619.999999928222,-43489.557054603996,6163.193726483005,-37326.36332812099,279.037012636426,26.699285150756904,0.9927207396331779
1815000,3629.9999999279858,-43493.5792983243,5998.273466108266,-37495.305832216036,271.5702902161251,26.579854525169154,0.9971813080255315
1820000,3639.9999999277493,-43686.1747144151,6022.323548085185,-37663.851166329914,272.6591514991422,26.92930109195853,0.9842414406533286
1825000,3649.999999927513,-43301.219888210006,6244.225258900669,-37056.99462930934,282.7056944495612,26.863595280954407,0.9866488020435533
1830000,3659.9999999272763,-43287.87634640047,6039.218116982153,-37248.65822941832,273.4240487657222,26.588999286973632,0.9968383471852473
1835000,3669.99999992704,-43497.49453862832,6000.1001525699585,-37497.39438605836,271.6529929764008,26.30463971929122,1.0076144127189246
1840000,3679.9999999268034,-43392.38503109809,6013.637390680931,-37378.74764041716,272.2658879541463,26.57355208864862,0.9974178090349686
1845000,3689.999999926567,-43400.18900851562,5992.219535366196,-37407.969473149424,271.2962000570383,26.424625654932647,1.003039151761413
1850000,3699.9999999263305,-43378.24396493711,5996.308528534596,-37381.93543640251,271.48132817227145,26.38727018816819,1.0044591165940722
1855000,3709.999999926094,-43387.03984346514,6043.874600170808,-37343.16524329434,273.63486984583375,26.712841571769268,0.9922169467192711
1860000,3719.9999999258575,-43304.59110957687,6087.837329095839,-37216.75378048103,275.6252711038494,26.492033780556724,1.0004869509863477
1865000,3729.999999925621,-43333.824158317526,6132.38713784533,-37201.43702047219,277.642252250096,26.363499823612653,1.0053647762956415
1870000,3739.9999999253846,-43340.5813946774,5862.477299026577,-37478.10409565082,265.4221536376609,26.648550912513855,0.9946107084603276
1875000,3749.999999925148,-43258.55271865218,6151.629727425176,-37106.922991227,278.5134555498847,26.678949038972654,0.9934774441008926
1880000,3759.9999999249117,-43404.85828043823,6067.817914812458,-37337.04036562577,274.7188972651751,26.574782287291725,0.997371636613986
1885000,3769.999999924675,-43284.23763360258,6216.7181991697635,-37067.51943443281,281.4603193868332,26.497212614994034,1.0002914075399052
1890000,3779.9999999244387,-43342.73611083714,6186.8633366740905,-37155.87277416305,280.108648157083,26.799637369215073,0.989003460658125
1895000,3789.9999999242023,-43419.20707192953,6079.460712741399,-37339.74635918813,275.2460219503625,26.857844977578697,0.9868600449761775
1900000,3799.999999923966,-43585.08139441692,5975.028104529742,-37610.053289887175,270.517862442412,26.347277652751227,1.0059837851888591
1905000,3809.9999999237293,-43443.55153699312,6058.10489343625,-37385.446643556876,274.2791427176513,26.47714021292932,1.0010497315564928
1910000,3819.999999923493,-43211.14193036244,5844.366585160436,-37366.775345202004,264.6021957200303,26.400143280056685,1.003969327793724
1915000,3829.9999999232564,-43401.68278941052,6394.4650262024825,-37007.21776320804,289.5077613174175,26.833116989596256,0.9877694832401699
1920000,3839.99999992302,-43705.852115051995,6194.119475452115,-37511.73263959988,280.4371679761494,26.194079929086882,1.011867344617226
1925000,3849.9999999227834,-43246.009868314664,6046.093987878559,-37199.91588043611,273.73535205413947,26.511917568929118,0.9997365914263107
1930000,3859.999999922547,-43486.29803846864,6269.273289799436,-37217.0247486692,283.83973761364086,26.543696657395547,0.9985396700633169
1935000,3869.9999999223105,-43560.8308834043,6113.536340168455,-37447.29454323584,276.7887872280627,26.89417564063301,0.98552692065012
1940000,3879.999999922074,-43693.16131286271,6066.169957381976,-37626.99135548073,274.6442864158718,26.714037523087764,0.9921725265089364
1945000,3889.9999999218376,-43717.87321196019,5824.666186261017,-37893.20702569917,263.7102652209095,26.564601019215463,0.9977538937386718
1950000,3899.999999921601,-43447.91224380548,6122.887379734877,-37325.0248640706,277.2121531421418,26.53745435570802,0.9987745526479064
1955000,3909.9999999213646,-43453.28066039155,6273.966685047437,-37179.313975344114,284.0522298777566,26.820004042465833,0.9882524275749381
1960000,3919.999999921128,-43049.230727377755,6047.583905532048,-37001.64682184571,273.80280769314,26.922208911808838,0.9845007216666649
1965000,3929.9999999208917,-43737.28529153403,6131.703361292613,-37605.58193024142,277.6112944423346,26.450736645999918,1.0020489961115997
1970000,3939.9999999206552,-43449.47091360064,6065.828289920851,-37383.64262367979,274.62881750934406,26.47188569556419,1.0012484341823018
1975000,3949.9999999204188,-43577.26694289717,6027.619651429856,-37549.647291467314,272.89893121749833,27.019259857814447,0.9809644765258371
1980000,3959.9999999201823,-43437.711636899156,6139.524139343561,-37298.1874975556,277.9653781594262,26.51128937252767,0.9997602806147278
1985000,3969.999999919946,-43411.008394247445,6142.766712316802,-37268.241681930645,278.1121848177698,26.882406517686018,0.9859583845329783
1990000,3979.9999999197094,-43485.81343648402,6171.720384966229,-37314.09305151779,279.4230549087477,26.84609554246507,0.987291953148684
1995000,3989.999999919473,-43564.896459290525,6040.857740694073,-37524.03871859645,273.49828230805855,26.812319225594155,0.9885356756917835
2000000,3999.9999999192364,-43455.09125738591,6089.688790510971,-37365.40246687494,275.7090955437773,26.323756975033227,1.006882647020147
2005000,4009.999999919,-43267.348065255384,6188.4551562125,-37078.89290904289,280.1807173777446,26.93269879933907,0.9841172732079471
2010000,4019.9999999187635,-43521.45553565683,6304.0953024204755,-37217.36023323635,285.4162952892516,26.423666684827744,1.0030755541491687
2015000,4029.999999918527,-43352.10470897361,6269.644007135636,-37082.460701837976,283.8565217457997,26.707094799103142,0.9924304497330269
2020000,4039.9999999182905,-43068.72208989551,6012.174199426825,-37056.54789046869,272.1996423460118,26.30255157707713,1.0076944065622806
2025000,4049.999999918054,-43304.76134652167,6116.700449556058,-37188.06089696562,276.93204146772376,26.93506187770032,0.9840309342107021
2030000,4059.9999999178176,-43533.2105451409,6088.612790305152,-37444.59775483575,275.66037991088433,26.525534610841184,0.9992233706650252
2035000,4069.999999917581,-43868.150446596905,6153.056675378176,-37715.09377121873,278.5780602518726,26.13770613935745,1.01404973953036
2040000,4079.9999999173447,-43494.377245019015,6295.143654585153,-37199.23359043386,285.01101173319387,26.855377731355567,0.9869507093765475
2045000,4089.999999917108,-43142.82919080305,6013.863946173837,-37128.96524462922,272.2761451958853,26.7063773647275,0.9924571101711069
2050000,4099.999999917781,-43318.84243726521,5977.325012306312,-37341.517424958896,270.62185435191856,26.60712152661282,0.9961593957477101
2055000,4109.999999919818,-43591.686912763515,6063.690484898832,-37527.99642786468,274.5320289361762,26.804574280176205,0.9888213043599319
2060000,4119.999999921855,-43505.32352058182,6071.434619332481,-37433.88890124934,274.8826426331844,26.59680878872044,0.9965456500096024
2065000,4129.999999923893,-43512.51410751103,6130.159405783992,-37382.35470172704,277.54139225332534,26.60712336853602,0.9961593267868879
2070000,4139.99999992593,-43498.343371308525,6250.231151260273,-37248.11222004825,282.977609683223,27.119056693296777,0.9773545740286734
2075000,4149.999999927967,-43434.161026689166,6128.89571307961,-37305.265313609554,277.48417889077825,27.166225035823828,0.9756576067372159
2080000,4159.999999930004,-43499.23050079978,6206.655493274946,-37292.575007524836,281.0047329625636,26.488190949735998,1.0006320987655324
2085000,4169.999999932042,-43738.52624955209,6080.165585013361,-37658.360664538726,275.27793486139325,26.633696677176964,0.9951654261065912
2090000,4179.999999934079,-43572.916392248415,5904.1877502771595,-37668.728641971255,267.31058360257805,26.792447343840863,0.9892688697820492
2095000,4189.999999936116,-43411.65066498786,6121.49002163699,-37290.16064335087,277.1488881132425,26.65865380480856,0.9942337785171915
2100000,4199.999999938153,-43717.32462444558,6227.178393107037,-37490.14623133854,281.93390198010985,26.87746104083931,0.986139801756693
2105000,4209.999999940191,-43752.83613283455,6119.782129208717,-37633.05400362583,277.0715637223116,26.839654990494985,0.9875288677117122
2110000,4219.999999942228,-43247.14682922093,6183.016278998867,-37064.130550222064,279.93447360914985,26.859904676726828,0.9867843695477488
2115000,4229.999999944265,-43165.526364327816,6118.2969051982545,-37047.229459129565,277.0043205867933,26.720926826647286,0.9919167203476127
2120000,4239.9999999463025,-43728.27497588127,6166.342150236775,-37561.9328256445,279.1795567130451,26.189558571092597,1.0120420331097912
2125000,4249.99999994834,-43742.69184941717,6150.046891868758,-37592.644957548415,278.44179307669987,26.870925991418638,0.9863796324325035
2130000,4259.999999950377,-43645.215060689196,6392.76779301024,-37252.44726767896,289.4309195206595,26.608062524325106,0.996124166436609
2135000,4269.999999952414,-43515.67626474041,5997.1798670629005,-37518.49639767751,271.52077780029276,26.877149171931567,0.9861512444264825
2140000,4279.999999954452,-43626.0768172493,6049.29597382158,-37576.78084342772,273.8803211451166,26.38009736157944,1.0047322320022554
2145000,4289.999999956489,-43140.84613157465,6016.4216873200785,-37124.424444254575,272.39194626919533,26.58524733413003,0.996979030114555
2150000,4299.999999958526,-43753.11258721637,6300.113258905865,-37452.9993283105,285.23600929211824,26.377633054386784,1.0048260982282702
2155000,4309.999999960563,-43326.13488777878,6257.701268442609,-37068.433619336174,283.31581731957334,26.73506017170848,0.9913923489345469
2160000,4319.999999962601,-43351.091406213935,6181.485664375995,-37169.60574183794,279.8651754253156,26.421608692444828,1.0031536842083169
2165000,4329.999999964638,-43078.137314338936,6104.999960603549,-36973.13735373539,276.4023048362652,26.633333763987707,0.9951789865065706
2170000,4339.999999966675,-43449.49981208093,6078.981397965299,-37370.518414115635,275.22432109701094,26.243335198033453,1.0099682034516202
2175000,4349.9999999687125,-43663.51908809488,6015.958897415326,-37647.56019067956,272.3709935751488,26.78617754934342,0.9895004262445128
2180000,4359.99999997075,-43559.59211352776,5965.938712965448,-37593.65340056231,270.10634257441166,26.696520501701016,0.9928235442086062
2185000,4369.999999972787,-43663.82306643907,5815.691384011707,-37848.13168242737,263.3039333547069,26.69970465461708,0.9927051420755367
2190000,4379.999999974824,-43588.67400864058,6112.658151670805,-37476.015856969774,276.74902746943894,26.82111020046732,0.9882116700029333
2195000,4389.999999976862,-43406.60056926933,6034.075312918372,-37372.52525635096,273.19120963292556,26.77351525217744,0.9899684017167272
2200000,4399.999999978899,-43165.05068211007,6120.996937173935,-37044.053744936136,277.1265638408516,26.704675809633773,0.9925203470537844
2205000,4409.999999980936,-43445.14387295634,6269.570794527394,-37175.57307842894,283.85320706376996,26.120005967561053,1.0147369083856073
2210000,4419.999999982973,-43765.950571898895,6134.340409888037,-37631.61016201086,277.7306861400323,26.610192018784378,0.996044451081993
2215000,4429.999999985011,-43008.19314322021,5961.905110000183,-37046.28803322003,269.9237222363955,27.018990214085,0.9809742663409934
2220000,4439.999999987048,-43346.90241883107,6417.4833230922795,-36929.41909573879,290.5499087956815,26.557513140616766,0.9980201821683432
2225000,4449.999999989085,-43612.79889650765,6135.75309014546,-37477.04580636219,277.7946448757682,26.62846940204481,0.9953607810631876
2230000,4459.999999991122,-43465.64124676894,6037.557715965235,-37428.083530803706,273.34887453623975,26.751738364412212,0.9907742719925813
2235000,4469.99999999316,-43420.89855556679,6179.81589170484,-37241.08266386195,279.78957689659524,26.485930115463965,1.0007175125430636
2240000,4479.999999995197,-43662.39807623549,6135.088436123857,-37527.309640111635,277.7645528356903,26.655000378386788,0.9943700516330903
2245000,4489.999999997234,-43559.93771013501,6130.10075909489,-37429.836951040124,277.5387370395427,26.490853363880635,1.0005315320900565
2250000,4499.9999999992715,-43422.130434043705,6009.624010472722,-37412.50642357099,272.08418319626065,26.604314276198583,0.9962645091081721
2255000,4510.000000001309,-43847.5257668721,6095.186340837208,-37752.339426034894,275.95799572247205,26.40541419167053,1.0037689206517872
2260000,4520.000000003346,-43476.98904488323,5903.91802096209,-37573.07102392114,267.29837167713197,26.36663100055388,1.0052453839089162
2265000,4530.000000005383,-43080.62556832668,6218.358240889316,-36862.26732743737,281.5345718543577,26.425939511214107,1.0029892822273694
2270000,4540.000000007421,-43158.59488265653,6269.204529648747,-36889.39035300778,283.836624515483,26.484139147884797,1.0007851852210714
2275000,4550.000000009458,-43450.23364029592,5987.739514736911,-37462.49412555901,271.09336827396874,26.69237746970696,0.9929776443712004
2280000,4560.000000011495,-43484.37842368579,6118.174564584388,-37366.2038591014,276.9987816469299,26.412106116874828,1.0035145999054722
2285000,4570.000000013532,-43422.156128766015,6139.536349303022,-37282.61977946299,277.96593096220414,26.756691528805284,0.9905908611310282
2290000,4580.00000001557,-43818.58541600214,6424.868573207338,-37393.716842794805,290.88427409736335,26.912605780181245,0.9848520176390744
2295000,4590.000000017607,-43700.29869525053,6137.943744419736,-37562.35495083079,277.8938261852549,26.433972950842904,1.0026844678938567
2300000,4600.000000019644,-43381.170507156814,6050.898119391299,-37330.272387765515,273.952857874193,26.50941603615391,0.999830930503664
2305000,4610.000000021681,-43577.68425687996,6040.604936997712,-37537.07931988225,273.48683668565127,26.498258634516688,1.0002519210077876
2310000,4620.000000023719,-43330.88267903478,6152.191031573975,-37178.69164746081,278.5388684510221,26.713915093782965,0.9921770736145267
2315000,4630.000000025756,-43684.6675482241,5958.105704240246,-37726.56184398385,269.75170511668523,26.40813020992995,1.00366568522031
2320000,4640.000000027793,-43441.74675953941,6017.620941766711,-37424.1258177727,272.4462422061771,26.809920654315203,0.9886241158371502
2325000,4650.0000000298305,-43504.59720660414,6178.994021166744,-37325.6031854374,279.7523669191222,26.684698789268513,0.9932633795812494
2330000,4660.000000031868,-43665.687455890176,6216.4861718936245,-37449.201283996554,281.449814411514,26.514661331078763,0.9996331377413881
2335000,4670.000000033905,-43343.71453858726,6207.097987449482,-37136.61655113778,281.0247667726386,26.850634325053264,0.9871250631053365
2340000,4680.000000035942,-43311.57343631721,6129.895476643405,-37181.677959673805,277.52944292928896,26.72834602561751,0.9916413861573453
2345000,4690.00000003798,-43322.91731932678,5850.369183426907,-37472.54813589987,264.8739618144718,26.703156659882207,0.9925768118027974
2350000,4700.000000040017,-43662.58622641361,6337.533512807357,-37325.05271360625,286.9302016742109,26.710690026408678,0.9922968697675449
2355000,4710.000000042054,-43630.25448438531,5897.339775133591,-37732.91470925172,267.00054328720404,26.630587603062942,0.9952816099141585
2360000,4720.000000044091,-43427.95709863212,5884.716802509311,-37543.24029612281,266.4290414444929,26.736217886334803,0.9913494202964102
2365000,4730.000000046129,-43447.74870774447,6262.788264375974,-37184.960443368494,283.54612975360254,26.593708319845224,0.9966618338352436
2370000,4740.000000048166,-43392.886122238124,6113.39968091946,-37279.486441318666,276.7826000156723,26.291058096494098,1.0081349333776315
2375000,4750.000000050203,-43171.02525765041,5887.887093281977,-37283.138164368436,266.5725755447748,26.53109910716261,0.9990137986926056
2380000,4760.0000000522405,-43459.77841753891,6145.588147264829,-37314.19027027408,278.2399245602125,26.41770767935515,1.0033018165027818
2385000,4770.000000054278,-43543.15459315322,6332.660366986254,-37210.494226166964,286.7095712490761,26.327734420769392,1.0067305328645118
2390000,4780.000000056315,-43689.626395027444,6377.407953714215,-37312.21844131323,288.73550674248867,26.490317612788136,1.000551767251795
2395000,4790.000000058352,-43214.92904928833,6099.0299060056595,-37115.89914328267,276.13201214805827,26.680680617163407,0.9934129673396025
2400000,4800.0000000603895,-43475.784374672454,6022.439254781852,-37453.345119890604,272.66439009010855,26.513634749189574,0.9996718425543927
2405000,4810.000000062427,-43512.59266860096,6183.7859677543165,-37328.806700846646,279.9693210698191,26.298628468578382,1.0078447297814268
2410000,4820.000000064464,-43372.832516954746,6202.098557242907,-37170.73395971184,280.79841885439413,26.397484813537066,1.004070436625248
2415000,4830.000000066501,-43567.590595824644,6156.721381599689,-37410.86921422496,278.74397888458526,26.10886386771655,1.0151699528875213
2420000,4840.000000068539,-43805.36035239289,6195.099878804381,-37610.26047358851,280.48155548605666,26.474852486075456,1.0011362335815426
2425000,4850.000000070576,-43251.79504165886,6097.071921404133,-37154.72312025473,276.04336489823214,27.032764826053405,0.9804744084849145
2430000,4860.000000072613,-43533.98345336912,6159.296045665411,-37374.68740770371,278.8605461387272,26.540409646332012,0.9986633384989823
2435000,4870.00000007465,-43371.19852019119,6197.365841903382,-37173.83267828781,280.584146383236,26.433406334649586,1.002705961047221
2440000,4880.000000076688,-43644.15048428957,6092.09325528147,-37552.057229008096,275.8179570685525,26.280129495668113,1.0085541666339757
2445000,4890.000000078725,-43326.9085814291,5991.332008084006,-37335.5765733451,271.2560174873436,26.87587275559997,0.9861980797261303
2450000,4900.000000080762,-43409.67592672992,5865.194782633376,-37544.48114409654,265.5451870098347,26.81229478974812,0.9885365766107748
2455000,4910.0000000827995,-43621.00152913504,6098.940735065907,-37522.06079406913,276.127974956669,26.937570611829685,0.9839392900151442
2460000,4920.000000084837,-43419.30149945035,6011.078150378238,-37408.22334907211,272.15001900691306,26.21841720366372,1.0109280776427938
2465000,4930.000000086874,-43558.89558735007,6114.005663514025,-37444.88992383604,276.8100357219638,26.398720025857834,1.004023455552945
2470000,4940.000000088911,-43536.911087123386,6099.889391732022,-37437.02169539136,276.1709251435166,26.30115172523529,1.0077480400641812
2475000,4950.000000090949,-43414.31310959172,6145.857786932971,-37268.455322658745,278.25213242691694,26.356290275109846,1.0056397856403578
2480000,4960.000000092986,-43889.88593586651,6279.164359599055,-37610.72157626745,284.2875532577938,27.01731077715749,0.9810352451860539
2485000,4970.000000095023,-43568.755722112895,6135.583751579563,-37433.17197053333,277.7869781157005,26.786467832042778,0.9894897031116031
2490000,4980.00000009706,-43348.59116510418,6177.246539468039,-37171.34462563614,279.673250134143,26.486182077988015,1.0007079927372426
2495000,4990.000000099098,-43530.22555187298,6176.3535977043175,-37353.87195416866,279.63282242518807,26.81120956177821,0.988576589260698
2500000,5000.000000101135,-43561.22684528516,6394.84843498466,-37166.378410300495,289.52512005153255,26.51938009986654,0.9994552664023207
2505000,5010.000000103172,-43456.58080944506,6065.369071303972,-37391.21173814109,274.6080265044385,27.21017501708585,0.974081720749444
2510000,5020.000000105209,-43372.413425751205,6074.6059640520625,-37297.80746169914,275.02622445064213,26.699767345511347,0.9927028112097921
2515000,5030.000000107247,-43422.82117615588,6231.913654028753,-37190.90752212713,282.1482897018477,26.769754130453766,0.9901074912146473
2520000,5040.000000109284,-43780.288161120145,6052.3025740321145,-37727.98558708803,274.0164441972502,26.497155241537815,1.000293573439405
2525000,5050.000000111321,-43653.91353133519,5909.598265894125,-37744.315265441066,267.5555433071697,26.517263669357583,0.9995350362324408
2530000,5060.0000001133585,-43272.10825311573,5985.15014410787,-37286.95810900786,270.9761351839506,26.85972118659874,0.9867911106895912
2535000,5070.000000115396,-43710.971169577155,5961.837386943778,-37749.13378263338,269.9206560924149,26.852777931662178,0.9870462627735985
2540000,5080.000000117433,-43533.72979959234,6119.752160047798,-37413.977639544544,277.0702068762501,26.429374081198965,1.0028589410065258
2545000,5090.00000011947,-43241.6998086184,6027.680819816453,-37214.01898880195,272.90170060048723,26.73709313442926,0.9913169681264344
2550000,5100.000000121508,-43732.72997134167,6150.966468795678,-37581.763502546,278.483426685826,27.083921286156322,0.9786224757669876
2555000,5110.000000123545,-43358.36173611425,6143.120784124527,-37215.24095198973,278.12821532790315,26.648926230585115,0.9945967005648678
2560000,5120.000000125582,-43635.8637190524,6133.365039735061,-37502.498679317345,277.6865265069297,26.681593895754744,0.99337896401885
2565000,5130.000000127619,-43693.91400180751,5967.535624462669,-37726.378377344845,270.1786423322003,26.873359368005676,0.9862903159808226
2570000,5140.000000129657,-43497.0684157855,6145.007471374087,-37352.06094441141,278.2136346084353,26.76761073821219,0.9901867731773053
2575000,5150.000000131694,-43220.27047390514,6304.660456426565,-36915.610017478575,285.4418824916887,26.724720851909428,0.991775901024717
2580000,5160.000000133731,-43486.86414708092,5993.1520374083075,-37493.71210967262,271.3384188474342,26.50344813978773,1.0000560667706688
2585000,5170.0000001357685,-43453.040530792496,6027.024600156516,-37426.01593063598,272.871990423967,26.539260284733118,0.99870658858505
2590000,5180.000000137806,-43433.9498226202,6014.641454099516,-37419.30836852068,272.3113466674779,26.787809911994373,0.9894401292831633
2595000,5190.000000139843,-43449.177702239715,6133.311902701847,-37315.86579953787,277.6841207414019,26.418370239632296,1.0032766541659848
2600000,5200.00000014188,-43448.93254820519,6218.639391173127,-37230.293157032065,281.5473008612295,26.49856433480525,1.000240381616558
2605000,5210.0000001439175,-43545.246063678176,6093.146359086626,-37452.09970459155,275.8656360727876,26.46540895439225,1.0014934644770606
2610000,5220.000000145955,-43333.168504528236,6083.316573693666,-37249.85193083457,275.4205950644022,26.501568579222177,1.0001269933628372
2615000,5230.000000147992,-43492.06324338436,6132.862876170762,-37359.20036721359,277.6637911805624,26.90212880673364,0.9852355660382645
2620000,5240.000000150029,-43598.54872658936,6079.4329652965625,-37519.1157612928,275.24476569192586,26.77007129957453,0.9900957605203604
2625000,5250.000000152067,-43573.43238294666,6111.719891686986,-37461.71249125968,276.7065479897114,26.539900027918875,0.9986825148042919
2630000,5260.000000154104,-43400.17975269433,6188.081865795062,-37212.09788689927,280.16381674999377,26.61494793947814,0.9958664643195324
2635000,5270.000000156141,-43737.282857889135,6078.2409752264975,-37659.04188266264,275.190798647727,26.243795073204907,1.0099505055805833
2640000,5280.000000158178,-43268.37301970768,6304.6527795474785,-36963.720240160204,285.4415349229603,26.55271230528618,0.9982006281618111
2645000,5290.000000160216,-43489.02436103654,5766.743512113147,-37722.280848923394,261.0878310292525,26.598416001261473,0.9964854336167793
2650000,5300.000000162253,-43567.22915072017,6138.824133591195,-37428.40501712898,277.93368557882,26.393966086269682,1.0042042948719465
2655000,5310.00000016429,-43520.68400687596,6063.506761935552,-37457.17724494041,274.5237109262123,26.766119832750665,0.99024192778609
2660000,5320.0000001663275,-43316.578352739045,6050.139013612305,-37266.43933912674,273.91848955506396,26.649413269912156,0.9945785235152341
2665000,5330.000000168365,-43713.7469212758,6173.349915959565,-37540.397005316234,279.496831505843,26.12504724000602,1.014541097630965
2670000,5340.000000170402,-43419.0149662093,6089.662452581128,-37329.352513628175,275.7079031007699,26.627269724258472,0.9954056265254074
2675000,5350.000000172439,-43069.40254386503,6047.383633545089,-37022.01891031994,273.79374043038047,26.86035604598497,0.9867677873353587
2680000,5360.000000174477,-43683.5904163798,6006.243337004398,-37677.347079375395,271.9311240734804,26.45367031760076,1.0019378704096742
2685000,5370.000000176514,-43193.36792897788,6132.7826408300825,-37060.5852881478,277.6601585461256,26.571920364448133,0.9974790583069321
2690000,5380.000000178551,-43554.99390546704,6019.321430714108,-37535.67247475293,272.5232314064133,26.79806152670199,0.9890616183609625
2695000,5390.000000180588,-43087.26924722438,6127.233128794096,-36960.03611843028,277.40890581437105,26.733136097579408,0.9914637027915495
2700000,5400.000000182626,-43366.412613089255,6139.215514038928,-37227.197099050325,277.95140522804513,26.535803351914765,0.9988366943721709
2705000,5410.000000184663,-43512.7377908394,6128.918001493985,-37383.81978934541,277.4851879930132,26.851518420414298,0.9870925616774698
2710000,5420.0000001867,-43585.93742343149,6114.6949329053605,-37471.24249052613,276.84124221658254,26.642197844479455,0.9948478821925955
2715000,5430.000000188737,-43577.43654570065,6266.328636987957,-37311.10790871269,283.70641921408514,26.831181992674583,0.9878407186747444
2720000,5440.000000190775,-43490.20224299253,6140.403499207697,-37349.79874378483,278.00519095136667,26.82862054496566,0.987935032221033
2725000,5450.000000192812,-43419.74188894569,6167.050967110654,-37252.690921835034,279.21164821491425,26.616967161200254,0.9957909156972982
2730000,5460.000000194849,-43307.85899360082,5969.943401354443,-37337.915592246376,270.2876538124153,26.343888172670493,1.006113217943018
2735000,5470.0000001968865,-43326.85982655466,6178.442311397439,-37148.41751515722,279.72738840105166,26.682198561304396,0.9933564523043107
2740000,5480.000000198924,-43488.41533608211,6185.0353710183335,-37303.379965063774,280.02588748162464,26.601236339011436,0.9963797834338364
2745000,5490.000000200961,-43560.99583632912,6072.213846096769,-37488.78199023235,274.9179219247535,26.690301242787633,0.9930548876700593
2750000,5500.000000202998,-43585.83022015274,6160.148409210209,-37425.68181094253,278.899136679245,26.39903196366531,1.0040115917514312
2755000,5510.000000205036,-43508.467690963706,5877.776186164691,-37630.69150479901,266.11480682254097,26.748494931366487,0.9908944099675544
2760000,5520.000000207073,-43895.60053740366,6117.1609455446005,-37778.43959185906,276.95289030530324,26.79178633203754,0.9892932772027223
2765000,5530.00000020911,-43444.16252057621,6177.194751991246,-37266.96776858496,279.67090546943547,26.373496770998607,1.0049836899778282
2770000,5540.000000211147,-43485.27632118447,6288.687072398958,-37196.589248785516,284.71869163341574,26.806848532953442,0.9887374142452523
2775000,5550.000000213185,-43501.09253227641,6244.945557140633,-37256.14697513577,282.7383057673303,26.577501694816412,0.9972695856400209
2780000,5560.000000215222,-43386.600885878725,5961.654341430947,-37424.946544447776,269.91236875384607,26.595958502898295,0.9965775100622203
2785000,5570.000000217259,-43101.834658098174,6031.912870102124,-37069.92178799605,273.09330558995345,26.47945856411498,1.0009620868326992
2790000,5580.000000219296,-43045.265745790326,6168.052819930872,-36877.21292585945,279.2570068439727,26.939841041830565,0.983856365795969
2795000,5590.000000221334,-43413.31787876773,6167.549803754378,-37245.76807501335,279.23423291580724,27.04136894152518,0.9801624377764061
2800000,5600.000000223371,-43344.39450024831,6286.140098159675,-37058.254402088634,284.60337802905224,26.7310721450348,0.991540255427417
2805000,5610.000000225408,-43484.2389473411,6110.467066949991,-37373.77188039111,276.64982667159575,26.79652899302103,0.9891181842782527
2810000,5620.0000002274455,-43551.70316151314,5935.309497308281,-37616.393664204865,268.7196127042068,26.317877642107444,1.0071075815068686
2815000,5630.000000229483,-43448.67013081856,5866.947966020623,-37581.72216479793,265.62456193729787,26.127967468835664,1.0144277060261377
2820000,5640.00000023152,-43649.49127145938,6028.936282961273,-37620.55498849811,272.9585413718394,26.332744322056207,1.0065389986844662
2825000,5650.000000233557,-43502.05635142897,6235.4643282034895,-37266.59202322548,282.30904556293746,26.54032046481055,0.9986666942352505
2830000,5660.000000235595,-43261.45736836956,6169.973596426064,-37091.4837719435,279.3439695063433,26.642322419216196,0.9948432304617487
2835000,5670.000000237632,-43614.74092932575,6276.980337014638,-37337.76059231111,284.18867219636167,26.77016698792604,0.9900922214826247
2840000,5680.000000239669,-43519.18440164573,5998.002610754691,-37521.181790891045,271.55802730957504,26.561188386096926,0.9978820870985633
2845000,5690.000000241706,-43601.04485181603,6197.762585343802,-37403.282266472226,280.6021088405772,26.706421562084298,0.9924554677203988
2850000,5700.000000243744,-43748.3761613933,5917.807764411762,-37830.56839698154,267.9272262435281,26.728807703988043,0.9916242578445381
2855000,5710.000000245781,-43367.8337405636,6059.084321101311,-37308.749419462285,274.3234860535711,26.293433943973287,1.0080438393484052
2860000,5720.000000247818,-43337.459925959876,6362.438253703867,-36975.02167225601,288.05775742024974,26.85381293686138,0.9870082198328727
2865000,5730.0000002498555,-43531.125809241494,6269.256167499624,-37261.86964174187,283.8389624059156,26.823584221699573,0.9881205242174429
2870000,5740.000000251893,-43772.26656195533,6045.237333024499,-37727.02922893083,273.6965672256973,26.41040160954958,1.003579365978015
2875000,5750.00000025393,-43429.953251100786,6021.064827778635,-37408.88842332215,272.6021632606295,26.371070944159626,1.0050761365990917
2880000,5760.000000255967,-43324.22080861585,6161.661311160379,-37162.55949745547,278.967632926373,26.3055217719407,1.0075806263158225
2885000,5770.000000258005,-43230.214080799546,6303.866997313045,-36926.3470834865,285.4059588341645,26.80215580305117,0.988910530082031
2890000,5780.000000260042,-43451.394707833766,6207.149191905977,-37244.24551592779,281.02708504125195,26.833074224791815,0.9877710574827792
2895000,5790.000000262079,-43125.80060347618,5998.800982971581,-37126.9996205046,271.5941734065921,26.554032633821755,0.9981509952946769
2900000,5800.000000264116,-43202.307816566434,6115.507670812471,-37086.800145753965,276.8780387165338,26.32182016145932,1.0069567355127405
2905000,5810.000000266154,-43121.391583355144,6211.768218272022,-36909.62336508312,281.2362102733425,26.691557809473316,0.9930081373193376
2910000,5820.000000268191,-43418.29019616678,6195.4554749321505,-37222.83472123463,280.4976550093885,26.679470716640633,0.9934580181159571
2915000,5830.000000270228,-43658.217042651435,6247.473550849191,-37410.74349180224,282.8527600330413,26.40916288198473,1.0036264390878182
2920000,5840.000000272265,-43529.26677729731,6178.982501076996,-37350.28427622031,279.7518453500184,26.34603127246755,1.0060313763551563
2925000,5850.000000274303,-43167.46059828339,6236.790872189267,-36930.66972609412,282.3691045011032,26.43408783882422,1.0026801100209801
2930000,5860.00000027634,-43435.98006908648,6283.6289057561535,-37152.35116333033,284.48968443811043,26.61512817713456,0.9958597203115216
2935000,5870.000000278377,-43002.7284469147,6070.955182049728,-36931.77326486497,274.86093623337564,26.728228498720814,0.991645746511222
2940000,5880.0000002804145,-43214.36479712988,6198.214857495099,-37016.14993963478,280.6225853460381,26.386895139785707,1.004473393407049
2945000,5890.000000282452,-43729.903335720766,6362.542351929867,-37367.3609837909,288.062470440689,26.625564122214314,0.9954693910287087
2950000,5900.000000284489,-43506.23365518649,5974.211148952702,-37532.022506233785,270.48087498853823,26.77749586237621,0.9898212379066164
2955000,5910.000000286526,-43593.57400738285,6047.204485227054,-37546.369522155794,273.7856295363047,26.60786289077747,0.996131640159773
2960000,5920.000000288564,-43587.408550248714,6019.0038914176985,-37568.404658831016,272.50885489634453,26.65467297596878,0.9943822655949572
2965000,5930.000000290601,-43532.04275614116,5966.299985558684,-37565.74277058248,270.12269909825915,26.8567419048308,0.9869005777565669
2970000,5940.000000292638,-43420.167191414745,6262.275181900062,-37157.89200951468,283.52290007631706,26.503248465126674,1.0000636011624031
2975000,5950.000000294675,-43864.9178493502,6062.713134207097,-37802.2047151431,274.4877796346902,26.81460234235997,0.9884515072843628
2980000,5960.000000296713,-43383.3801188409,6102.018875301697,-37281.3612435392,276.26733696506744,26.624693479053988,0.9955019434641872
2985000,5970.00000029875,-43566.341203016986,6273.992574453039,-37292.348628563945,284.0534020139442,26.610562102021927,0.9960305987118782
2990000,5980.000000300787,-43156.96538581216,6167.639384664876,-36989.32600114728,279.23828866851665,26.548108275994046,0.9983737382336741
2995000,5990.000000302824,-43526.633223498124,6132.816679588227,-37393.816543909896,277.661699642156,26.65102055047206,0.9945185420701289
3000000,6000.000000304862,-43341.549524233444,6008.676940261566,-37332.872583971875,272.0413048357538,26.536131740799565,0.9988243336079357
3005000,6010.000000306899,-43311.4030910728,6126.04883972638,-37185.35425134642,277.3552874310751,26.715011470606925,0.9921363549365665
3010000,6020.000000308936,-43540.768833960465,6145.599752758542,-37395.16908120192,278.24044999595895,26.169539730269907,1.0128162121200268
3015000,6030.0000003109735,-43388.4514427291,6376.11214886731,-37012.33929386179,288.67683951093846,26.573095705463064,0.9974349393205048
3020000,6040.000000313011,-43307.52011996141,6112.820554270492,-37194.69956569092,276.75638020541845,26.849633186725402,0.9871618698925352
3025000,6050.000000315048,-43488.385390335985,6177.206339772952,-37311.179050563034,279.6714301032752,27.140198298222824,0.9765932367661475
3030000,6060.000000317085,-43435.760416844976,6167.639286016126,-37268.12113082885,279.2382842022198,26.300127367107653,1.0077872906305771
3035000,6070.000000319123,-43833.41812160803,6101.795567093935,-37731.6225545141,276.25722674332906,26.5925790589727,0.9967041573424744
3040000,6080.00000032116,-43195.30055135314,6205.217910658332,-36990.0826406948,280.9396467789127,26.8003137104731,0.9889785018515974
3045000,6090.000000323197,-43577.54347400647,5986.055033193903,-37591.488440812565,271.0171038048539,26.935745911156417,0.9840059447382349
3050000,6100.000000325234,-44068.62802373833,6233.956431934275,-37834.67159180406,282.2407759467287,26.51604751823985,0.9995808796278671
3055000,6110.000000327272,-43264.89404841425,6070.201802214441,-37194.69224619981,274.826827154877,26.855199550996062,0.9869572576515614
3060000,6120.000000329309,-43737.39558823913,5968.067408565347,-37769.32817967379,270.2027187208332,26.831032684240867,0.9878462157777519
3065000,6130.000000331346,-43545.188449889654,6275.752891605672,-37269.435558283985,284.1330999208025,26.90860362539099,0.9849984960767874
3070000,6140.0000003333835,-43191.26857151266,6222.870490953894,-36968.39808055876,281.7388628168303,26.93191664493671,0.9841458538569899
3075000,6150.000000335421,-43292.44464244117,5873.92246281812,-37418.522179623054,265.94033048805,26.621287394254736,0.9956293138646881
3080000,6160.000000337458,-43721.0272579547,6147.973635336301,-37573.0536226184,278.34792691981437,26.670965455365643,0.993774827795155
3085000,6170.000000339495,-43702.445370425354,6274.443581313683,-37428.00178911167,284.0738212336958,26.262035370064165,1.009249044449511
3090000,6180.0000003415325,-43602.98884072463,6000.238718726947,-37602.750121997684,271.6592665235607,26.55745849081802,0.998022235889038
3095000,6190.00000034357,-43580.89039328997,6070.607297077356,-37510.28309621262,274.84518583062345,26.589687885507278,0.9968125318606332
3100000,6200.000000345607,-43321.12908347108,6264.709936217948,-37056.41914725313,283.6331329525687,26.554581235251668,0.9981303741047424
3105000,6210.000000347644,-43184.030985915335,6210.840415069795,-36973.19057084554,281.1942042217152,26.422372034965317,1.0031247030910755
3110000,6220.000000349682,-43522.829452056554,6015.2976671306105,-37507.531784925945,272.34105654387895,26.63462560784081,0.9951307179153246
3115000,6230.000000351719,-43344.27318656875,6150.298977265224,-37193.97420930353,278.4532061782639,26.772081933156855,0.9900214024711512
3120000,6240.000000353756,-43427.575180528045,6068.838584419038,-37358.73659610901,274.76510781940203,26.688492094609238,0.9931222044534395
3125000,6250.000000355793,-43354.41703266511,5970.704603356418,-37383.71242930869,270.3221170375012,26.7997183332455,0.9890004728018615
3130000,6260.000000357831,-43753.91491737391,6112.077090027926,-37641.83782734599,276.72272005283287,26.721891485844164,0.9918809121943116
3135000,6270.000000359868,-43517.44047491904,6179.389060192987,-37338.051414726055,279.7702522095495,26.67216368765142,0.9937301830075254
3140000,6280.000000361905,-43456.97065721039,6052.079104484273,-37404.89155272612,274.0063266708812,26.576625325600965,0.9973024707920539
3145000,6290.0000003639425,-43651.06167589099,6212.905893657642,-37438.15578223335,281.28771823415667,26.79978577592455,0.9889979839445988
3150000,6300.00000036598,-43438.69940511731,6194.218550597452,-37244.48085451986,280.441653577902,26.91266096344722,0.9848499982419249
3155000,6310.000000368017,-43740.61558879231,6120.884936203993,-37619.73065258832,277.1214930257106,26.070704834601184,1.016655831543113
3160000,6320.000000370054,-43654.735859786335,6049.582510729339,-37605.15334905699,273.89329403000386,26.925082064350434,0.9843956664343763
3165000,6330.000000372092,-43480.12533173675,6265.710680542944,-37214.41465119381,283.67844139479075,26.381534086461432,1.0046775147976863
3170000,6340.000000374129,-43217.82485177211,6011.81499917265,-37206.009852599454,272.1833796467829,26.144154097242474,1.0137996434672214
3175000,6350.000000376166,-43466.793214873236,6176.978187536502,-37289.815027336736,279.66110056938254,26.215513084810503,1.0110400668790918
3180000,6360.000000378203,-43467.75977570022,6159.085305142837,-37308.67447055739,278.8510049157071,26.26410373304074,1.009169563596903
3185000,6370.000000380241,-43840.27187254769,6038.033118291623,-37802.23875425606,273.3703982544357,26.366612260086004,1.0052460984022549
3190000,6380.000000382278,-43739.478224782855,6146.087791231428,-37593.39043355142,278.2625458124413,26.699433134515367,0.9927152373985269
3195000,6390.000000384315,-43532.17024240497,6109.411306663909,-37422.75893574106,276.6020273958692,26.662457232429233,0.9940919500209784
3200000,6400.000000386352,-43894.51250716287,6086.989107376498,-37807.523399786376,275.58686808341514,26.6818731921684,0.9933685656791212
3205000,6410.00000038839,-43514.62210619106,6072.967426193234,-37441.654679997824,274.95204007002553,26.663062107191045,0.9940693981801932
3210000,6420.000000390427,-43581.1711628522,6408.862846549479,-37172.308316302726,290.15961893481455,26.772062242180628,0.9900221306364946
3215000,6430.000000392464,-43449.472787091974,5943.88657941481,-37505.58620767717,269.1079378931197,26.64145983953081,0.9948754408423327
3220000,6440.0000003945015,-43301.0442650551,6161.758688860013,-37139.285576195085,278.97204167670753,26.491295480398126,1.0005148340951648
3225000,6450.000000396539,-43562.26030570787,6009.3212672968075,-37552.93903841106,272.0704765767461,26.57486590042304,0.997368498559934
3230000,6460.000000398576,-43491.958607757755,5955.616780206351,-37536.341827551405,269.63901972045744,26.648759712805568,0.994602915414486
3235000,6470.000000400613,-43389.30280147033,6227.7276636488195,-37161.57513782151,281.95877006278096,26.534135535574052,0.9988994767514328
3240000,6480.000000402651,-43474.45646349102,6109.107351003362,-37365.34911248766,276.58826588142443,26.366387770129837,1.0052546573165262
3245000,6490.000000404688,-43793.53207488661,6085.23685245815,-37708.29522242846,275.5075351921428,26.799249998680793,0.9890177562372542
3250000,6500.000000406725,-43691.08947231533,5959.638299108046,-37731.451173207286,269.8210929555998,26.848755976385863,0.9871941227313568
3255000,6510.000000408762,-43141.3701506083,6066.593004196825,-37074.77714641148,274.66343975173294,26.722223381423856,0.9918685928268084
3260000,6520.0000004108,-43240.91642224247,6028.609343586372,-37212.3070786561,272.94373927563174,27.017572003738426,0.9810257597858544
3265000,6530.000000412837,-43763.184240694274,6194.685515678179,-37568.49872501609,280.46279530196824,26.50404722864782,1.0000334618287179
3270000,6540.000000414874,-43688.44400053052,6182.932736741654,-37505.51126378887,279.9306912549166,26.923321534521293,0.984460036572816
3275000,6550.0000004169115,-43335.05211359321,6266.3829997823,-37068.66911381091,283.7088804756332,26.718411840037817,0.9920100888189244
3280000,6560.000000418949,-43556.195351211936,6184.744870742456,-37371.45048046948,280.01273515626406,26.53227971368969,0.9989693455877798
3285000,6570.000000420986,-43625.72711190616,6192.816878859138,-37432.91023304703,280.3781932500406,26.72088590238289,0.9919182395136414
3290000,6580.000000423023,-43778.21376169834,6193.8883200562295,-37584.32544164211,280.42670247498467,26.73135530320041,0.9915297523041496
3295000,6590.0000004250605,-43543.4529550547,6149.293146313708,-37394.159808740995,278.40766744033283,26.90875243153942,0.9849930490077424
3300000,6600.000000427098,-43186.002946446475,6232.543565322693,-36953.45938112378,282.176808773856,27.055985637791988,0.9796329158866142
3305000,6610.000000429135,-43190.58334876649,6150.706924772643,-37039.87642399385,278.4716758968602,26.750010697134382,0.990838261809588
3310000,6620.000000431172,-43202.52677606442,6087.159644037413,-37115.36713202701,275.59458908692704,26.58498490860272,0.9969888714873674
3315000,6630.00000043321,-43371.04993473523,6075.6255829233505,-37295.42435181188,275.0723874330987,26.663660882986633,0.9940470747379107
3320000,6640.000000435247,-43916.43273336708,6163.350524960096,-37753.08220840699,279.04411164719465,26.651005893918317,0.9945190889993712
3325000,6650.000000437284,-43456.21840950096,6074.41123335357,-37381.807176147384,275.0174080682944,26.591825000374154,0.9967324206655085
3330000,6660.000000439321,-43621.264245218365,6238.632519159502,-37382.63172605886,282.4524845945598,26.39173177041163,1.004289310497305
3335000,6670.000000441359,-43654.46656926052,6064.432487196251,-37590.03408206427,274.56562289957077,26.835863465346026,0.9876683914703602
3340000,6680.000000443396,-43692.89924325235,6314.344028352278,-37378.55521490007,285.8803037229069,26.60272991620526,0.996323842929775
3345000,6690.000000445433,-43570.963987494295,6348.12674358583,-37222.83724390846,287.4098074762956,26.968157947054753,0.9828233042305796
3350000,6700.0000004474705,-43988.690708726295,6284.600675066341,-37704.09003365995,284.53368104398066,26.753231220427566,0.9907189858359442
3355000,6710.000000449508,-43328.0085822097,6213.139235938072,-37114.86934627163,281.29828274595724,26.888494819505716,0.9857351361783571
3360000,6720.000000451545,-43157.93783054507,5962.55793548964,-37195.37989505543,269.95327874271925,26.53112494727191,0.9990128256985918
3365000,6730.000000453582,-43535.164297795156,6140.6807469803625,-37394.483550814795,278.0177432730489,26.59454994925825,0.9966302927895858
3370000,6740.00000045562,-43593.42994468246,5949.643602881872,-37643.78634180059,269.3685856516064,26.723776265024906,0.9918109566433243
3375000,6750.000000457657,-43472.742725908174,6000.832098251281,-37471.91062765689,271.68613162908525,26.9235620209209,0.9844512431876923
3380000,6760.000000459694,-43730.76275783195,5957.3600718572525,-37773.402685974695,269.7179468020988,26.571838611975124,0.997482127209351
3385000,6770.000000461731,-43440.346661985735,6214.144471954139,-37226.202190031596,281.3437945483386,26.583055342022142,0.997061239256342
3390000,6780.000000463769,-43317.16860730079,6013.18860779886,-37303.97999950193,272.24556942445327,27.04516672229941,0.9800247997984254
3395000,6790.000000465806,-43712.69630522787,6027.034179658606,-37685.662125569266,272.87242413346326,27.000627634395812,0.9816414070601885
3400000,6800.000000467843,-43794.9154673235,6083.315489853931,-37711.599977469574,275.4205459938366,26.706915530940524,0.9924371113478079
3405000,6810.00000046988,-43306.48509857012,6363.275750838693,-36943.20934773143,288.0956748878752,27.064046669179547,0.9793411320384786
3410000,6820.000000471918,-43654.62974771735,6202.0149305759915,-37452.61481714136,280.7946326785333,26.73310145647358,0.9914649875433061
3415000,6830.000000473955,-43546.879700168734,6164.798344054609,-37382.081356114126,279.1096612847527,26.346541723582,1.006011884998658
3420000,6840.000000475992,-43501.20808423293,6085.041621681186,-37416.166462551744,275.49869616887077,26.601153599192486,0.9963828825581876
3425000,6850.0000004780295,-43587.34312881128,6082.910070104207,-37504.43305870707,275.4021907188206,26.537855820163177,0.9987594431950435
3430000,6860.000000480067,-43509.07732237381,5949.998195673058,-37559.07912670075,269.38463974913213,26.475156261083757,1.0011247465797408
3435000,6870.000000482104,-43263.72904542292,6206.277144142604,-37057.45190128032,280.9876033027951,26.46070837576045,1.0016713735002112
3440000,6880.000000484141,-43248.07460922981,6233.339418634618,-37014.73519059519,282.212840828098,26.98871332967757,0.9820747576502998
3445000,6890.000000486179,-43661.278603969666,5963.288189184058,-37697.99041478561,269.98634079113117,26.91008325664895,0.9849443366544646
3450000,6900.000000488216,-43476.12282840576,6126.6779995488805,-37349.444828856875,277.3837724804071,27.13285995591068,0.9768573657773449
3455000,6910.000000490253,-43425.411961014266,6045.053179900158,-37380.358781114104,273.6882297403019,26.819526258521762,0.9882700330739331
3460000,6920.00000049229,-43503.80666157004,6014.678636316743,-37489.128025253296,272.3130300828107,27.009534831606743,0.981317681618132
3465000,6930.000000494328,-43602.04269059538,5948.332693894548,-37653.70999670083,269.309234583979,26.557503058697048,0.998020561042793
3470000,6940.000000496365,-43609.637721233186,6232.245348642431,-37377.39237259075,282.1633070902693,26.63054467141725,0.9952832144279964
3475000,6950.000000498402,-43441.21963256493,5971.137794642492,-37470.08183792244,270.341729661691,26.767684960552607,0.9901840275539964
3480000,6960.0000005004395,-43158.160619141534,6116.656370329767,-37041.50424881177,276.93004579207746,26.339823593405175,1.006268474370978
3485000,6970.000000502477,-43353.227266440925,5909.389437305885,-37443.83782913504,267.5460886464854,26.843928967263654,0.9873716375445434
3490000,6980.000000504514,-43651.357143371075,6073.007438547722,-37578.349704823355,274.95385161909576,26.810413376447883,0.9886059468900349
3495000,6990.000000506551,-43861.63564980531,6165.550753781622,-37696.08489602368,279.14372644184846,26.43143996807846,1.0027805573418176
3500000,7000.0000005085885,-43673.116496280185,5954.863526152429,-37718.25297012775,269.6049163366778,26.70607257861277,0.9924684367016463
3505000,7010.000000510626,-43299.57481051958,6214.750783543794,-37084.82402697579,281.37124514979826,26.275713759210028,1.0087236581060008
3510000,7020.000000512663,-43613.24201995082,6003.7308009231365,-37609.511219027685,271.81736964787405,26.233133331598776,1.0103609724199567
3515000,7030.0000005147,-43258.977721344505,6203.374909361489,-37055.602811983015,280.85620536866685,26.316206324730167,1.0071715419569802
3520000,7040.000000516738,-43516.25093656528,6088.295357334291,-37427.95557923099,275.6460082146774,26.62768162141655,0.9953902288368468
3525000,7050.000000518775,-43444.959314245556,6178.830095024857,-37266.1292192207,279.744945205161,26.322387863067895,1.0069350182216843
3530000,7060.000000520812,-43318.71657979814,6071.957044014092,-37246.75953578405,274.906295276433,26.958594405209517,0.9831719600861187
3535000,7070.000000522849,-43183.58418383333,6267.52647778182,-36916.057706051506,283.7606511483009,26.630645063273366,0.9952794624224023
3540000,7080.000000524887,-43488.33868249785,6151.879624272928,-37336.45905822492,278.524769565468,26.60866688850411,0.9961015414112153
3545000,7090.000000526924,-43563.48933551833,6089.854514831046,-37473.634820687286,275.716598669794,27.11307331484354,0.9775702589947968
3550000,7100.000000528961,-43518.892529220204,5839.720592531031,-37679.17193668917,264.3918495972937,26.559345035102076,0.9979513450917691
3555000,7110.0000005309985,-43716.090955442574,6104.151104676961,-37611.939850765615,276.36387310226087,26.423315489036778,1.0030888861594074
3560000,7120.000000533036,-43825.005227826885,6310.426598422304,-37514.57862940458,285.70294308921865,26.70812545849545,0.9923921521083653
3565000,7130.000000535073,-43175.50814078224,6195.926616538425,-36979.58152424382,280.51898582457585,27.003808731227934,0.9815257679515962
3570000,7140.00000053711,-43279.71730430395,5889.870184935105,-37389.847119368846,266.66235950991205,26.344692935203913,1.0060824837748812
3575000,7150.000000539148,-43257.710801760084,6197.864215337731,-37059.846586422354,280.6067101124436,26.638443938191788,0.9949880767823732
3580000,7160.000000541185,-43548.18576503574,6178.557333885334,-37369.628431150406,279.73259601464173,26.868910214910994,0.9864536332339788
3585000,7170.000000543222,-43381.21558954666,5979.191154831353,-37402.024434715306,270.7063434753261,26.56578036933741,0.9977095998703985
3590000,7180.000000545259,-43327.275267524295,6011.687979697102,-37315.58728782719,272.17762887265883,26.559222633834626,0.9979559442666464
3595000,7190.000000547297,-43092.34912611829,6116.048102961392,-36976.3010231569,276.9025066432387,26.495535979299486,1.0003547059113798
3600000,7200.000000549334,-43615.647179055726,6180.901629812533,-37434.74554924319,279.83873341049394,26.971741264975314,0.982692731705647
3605000,7210.000000551371,-43392.90490759193,6062.672611361062,-37330.23229623087,274.4859449732463,26.835990590612166,0.9876637127682009
3610000,7220.000000553408,-43214.67362908251,6180.598789535762,-37034.074839546745,279.82502239476304,26.83397013624727,0.9877380785608652
3615000,7230.000000555446,-43173.510163492465,6133.472695963152,-37040.03746752931,277.6914006149995,26.86768595593578,0.9864985822004101
3620000,7240.000000557483,-43617.116198026284,6228.164029969376,-37388.95216805691,281.9785264358413,26.65649426713655,0.9943143249415628
3625000,7250.00000055952,-43373.443078751385,6083.2772192981465,-37290.165859453235,275.4188133042552,26.41291468093698,1.0034838798637378
3630000,7260.0000005615575,-43637.703049592266,6062.613685577897,-37575.08936401437,274.4832771235516,26.738829255821614,0.9912526030572497
3635000,7270.000000563595,-43452.02605549077,6082.018044690552,-37370.00801080022,275.36180449737947,26.71382349236442,0.9921804757792305
3640000,7280.000000565632,-43508.653318612836,6114.438266220835,-37394.215052392,276.82962169837856,26.836554275569924,0.9876429675125882
3645000,7290.000000567669,-43458.27381550212,6191.958087364748,-37266.31572813737,280.33931168575646,26.361046465617086,1.0054583431316775
3650000,7300.000000569707,-43491.20694759872,6219.633212067762,-37271.57373553096,281.5922958469206,26.13025194963016,1.014339017994492
3655000,7310.000000571744,-43367.8714037679,6193.692248477382,-37174.17915529052,280.41782538462337,26.583019530759604,0.9970625824454316
3660000,7320.000000573781,-43818.702835868695,6200.762351026363,-37617.94048484233,280.73792246121263,26.623739597686043,0.9955376105331255
3665000,7330.000000575818,-43468.13216215838,6087.241059331296,-37380.89110282708,275.5982751434419,26.89617569591891,0.9854536348287701
3670000,7340.000000577856,-43328.037273687776,6076.546252149932,-37251.49102153785,275.1140704958114,26.487040717215745,1.000675552452681
3675000,7350.000000579893,-43221.586761427985,5989.859637432234,-37231.72712399575,271.18935628433803,26.937214267454504,0.9839523062546126
3680000,7360.00000058193,-43199.64333189919,6095.816021039871,-37103.82731085932,275.98650433188214,26.495593816065593,1.0003525222546723
3685000,7370.000000583967,-43469.97998109367,6186.044109860875,-37283.935871232796,280.0715578735748,26.659893876412365,0.9941875322312159
3690000,7380.000000586005,-43545.836939728004,6319.391246775023,-37226.445692952984,286.1088152403617,26.58070495985489,0.9971494037711636
3695000,7390.000000588042,-43769.66144374077,6020.153957751106,-37749.50748598966,272.56092385413643,26.75163707259151,0.9907780234388813
3700000,7400.000000590079,-43340.7105826842,6167.338466458295,-37173.3721162259,279.22466467401983,26.372188972947647,1.0050335271647355
3705000,7410.0000005921165,-43393.48915992235,6100.831660891701,-37292.65749903065,276.21358613765136,26.953758972525197,0.9833483385213103
3710000,7420.000000594154,-43329.77325836243,6233.3511254237055,-37096.42213293872,282.21337084996645,26.70075527165597,0.9926660812727148
3715000,7430.000000596191,-43225.44188398711,6240.1714813046165,-36985.270402682494,282.52216071031904,26.447349867825782,1.0021773158746914
3720000,7440.000000598228,-43294.89919056569,6384.516075469133,-36910.383115096556,289.05732512885965,26.391772748614102,1.0042877511488255
3725000,7450.000000600266,-43583.975747779536,6152.777467359738,-37431.1982804198,278.5654191805666,26.515758960158866,0.9995917575793846
3730000,7460.000000602303,-43326.08947589941,6144.156450612711,-37181.9330252867,278.17510486209204,26.56884173235886,0.9975946399746698
3735000,7470.00000060434,-43316.30846444692,6108.201738633991,-37208.106725812926,276.54726451405384,26.673673110665113,0.9936739493121728
3740000,7480.000000606377,-43289.81407262606,6088.428398315095,-37201.385674310965,275.65203161090494,26.632369894115577,0.995215003693411
3745000,7490.000000608415,-43352.22817021626,6252.049438171999,-37100.17873204426,283.0599321560319,26.97380635146549,0.9826174977747069
3750000,7500.000000610452,-43210.48359617725,6204.573224451323,-37005.91037172593,280.91045877651084,26.832524952348617,0.9877912775486517
3755000,7510.000000612489,-43496.75302798429,6397.19844571356,-37099.55458227073,289.6315161835635,26.525689280214973,0.9992175442658926
3760000,7520.0000006145265,-43269.91094373533,5979.739816090592,-37290.17112764474,270.7311839728865,26.74140980823454,0.9911569469450633
3765000,7530.000000616564,-43679.903706638725,6296.635574569393,-37383.26813206933,285.07855802720474,26.67817720763876,0.9935061865826185
3770000,7540.000000618601,-43435.11500883044,5984.779856638587,-37450.33515219185,270.959370513906,26.491505585499347,1.0005068989753652
3775000,7550.000000620638,-43842.703307701624,5901.430992530262,-37941.27231517136,267.18577210380084,26.697703211163496,0.992779562080592
3780000,7560.0000006226755,-43607.930331252166,6198.134227391,-37409.79610386117,280.61893483878896,26.584534931411334,0.9970057467967677
3785000,7570.000000624713,-43813.27628734399,6231.399843442258,-37581.87644390173,282.12502705954256,26.981384289516456,0.9823415217741417
3790000,7580.00000062675,-43324.68993275089,6171.760724127138,-37152.92920862375,279.4248812538946,26.839143804875537,0.98754767645463
3795000,7590.000000628787,-43421.938813200046,6252.959421746527,-37168.97939145352,283.101131428593,26.757156500509346,0.9905736471673279
3800000,7600.000000630825,-43092.29817563784,6163.951961145791,-36928.34621449205,279.0713415159925,26.682527417145202,0.9933442094209348
3805000,7610.000000632862,-43531.51408326434,5953.73852576338,-37577.77555750096,269.5539822330772,26.387071428308687,1.0044666826535886
3810000,7620.000000634899,-43406.79660297668,6067.0353328119345,-37339.761270164745,274.6834660661474,26.52147905787964,0.9993761676976229
3815000,7630.000000636936,-43202.66052415635,6177.03649323575,-37025.624030920604,279.6637403449372,26.787417036309325,0.9894546408341681
3820000,7640.000000638974,-43239.71859942493,6021.65079205937,-37218.06780736556,272.62869264290504,26.289881228381233,1.0081800625984998
3825000,7650.000000641011,-43594.107944017334,6256.485447712288,-37337.62249630505,283.26077134835356,26.59452449815389,0.9966312465701879
3830000,7660.000000643048,-43507.15864924673,5858.295931081271,-37648.86271816546,265.2328432781344,26.73328050121702,0.9914583472585751
3835000,7670.0000006450855,-43598.439372980094,6121.180524877364,-37477.25884810273,277.1348757269605,26.81635562733335,0.9883868811584745
3840000,7680.000000647123,-43416.0902854781,6117.398280972174,-37298.69200450593,276.9636356058149,26.88049992510641,0.9860283170470683
3845000,7690.00000064916,-43804.86710613285,6132.881861115,-37671.98524501785,277.66465071903554,26.87068634953872,0.9863884293000771
3850000,7700.000000651197,-43614.88536102034,6150.492964078003,-37464.392396942334,278.461988881377,26.927124730800895,0.9843209911015322
3855000,7710.000000653235,-43479.20045702119,6179.785484684497,-37299.414972336686,279.7882002265608,26.43981958567225,1.0024627443713552
3860000,7720.000000655272,-43947.31694133318,6037.801784533021,-37909.51515680016,273.35992467794483,26.706769791688426,0.9924425270923357
3865000,7730.000000657309,-43430.717731456214,6088.814152227223,-37341.903579228994,275.669496520176,26.606546827206074,0.9961809127156006
3870000,7740.000000659346,-43537.84857278387,6039.138796821069,-37498.7097759628,273.42045756580654,26.694179229573948,0.992910621997032
3875000,7750.000000661384,-43449.57982875663,5898.503345491282,-37551.076483265344,267.05322363622616,26.45029218615552,1.0020658341312991
3880000,7760.000000663421,-43527.692914607935,6013.606432581075,-37514.08648202686,272.2644863341285,26.364240586041056,1.0053365283189668
3885000,7770.000000665458,-43282.24730576534,6206.692430672808,-37075.55487509253,281.0064052937626,27.02522987220493,0.9807477763508858
3890000,7780.000000667495,-43296.044837026624,6112.7312299370315,-37183.31360708959,276.7523360691685,26.694482167731632,0.9928993541060616
3895000,7790.000000669533,-43705.98831424868,6282.96200701043,-37423.02630723825,284.45949076872466,26.90530943359305,0.9851190958407401
3900000,7800.00000067157,-43398.7724830918,6065.798417891485,-37332.97406520032,274.62746506088865,27.040154625792578,0.9802064547831568
3905000,7810.000000673607,-43265.375303398876,6067.648906378916,-37197.72639701996,274.7112454517649,26.308189254077732,1.0074784640842693
3910000,7820.0000006756445,-43243.56029742473,6119.725361826077,-37123.83493559866,277.06899359364616,26.763142814725402,0.9903520780807994
3915000,7830.000000677682,-43554.208522326546,6227.719892965567,-37326.48862936098,281.958418247093,27.00614231870118,0.9814409547928069
3920000,7840.000000679719,-43332.13062102039,6223.485945852292,-37108.6446751681,281.76672737924434,26.682440712350253,0.9933474373005323
3925000,7850.000000681756,-43570.57449856552,6217.930294787081,-37352.644203778436,281.51519670451876,27.04756892084697,0.979937760029434
3930000,7860.000000683794,-43222.1135395607,6228.133998283722,-36993.979541276974,281.9771667589884,27.02735480271842,0.9806706685136142
3935000,7870.000000685831,-43470.89242464997,6236.42394102937,-37234.4684836206,282.3524917871038,26.852790603340605,0.987045796992108
3940000,7880.000000687868,-43554.46289623529,6159.064009815222,-37395.398886420066,278.8500407752201,26.756099782871093,0.9906127693358593
3945000,7890.000000689905,-43328.58739408798,6145.477281705604,-37183.110112382376,278.2349051505,26.846590038250152,0.9872737679076986
3950000,7900.000000691943,-43578.32372591592,6173.706050050596,-37404.617675865324,279.5129553853232,26.7751564238741,0.9899077220293422
3955000,7910.00000069398,-43443.68990817061,6045.452756778213,-37398.23715139239,273.70632048080415,26.191381314174176,1.0119716018258516
3960000,7920.000000696017,-43637.61012017878,6414.743496175934,-37222.86662400285,290.425863835908,26.65322439953771,0.994436309289327
3965000,7930.0000006980545,-43896.63655412407,5931.520814942693,-37965.115739181376,268.54808108342075,26.33238571230414,1.006552706318279
3970000,7940.000000700092,-43513.06896624307,6152.6587555535725,-37360.41021068949,278.56004453403966,26.5305575617458,0.99903419070068
3975000,7950.000000702129,-43717.05855980661,6196.468156772709,-37520.5904030339,280.5435039195609,26.440722288732406,1.0024285196562681
3980000,7960.000000704166,-43519.45771966351,6046.751330080924,-37472.706389582585,273.76511305347975,26.629446415455075,0.9953242620602772
3985000,7970.0000007062035,-43526.60379365197,6085.165752256067,-37441.4380413959,275.5043161487592,26.45847423793374,1.001755954035179
3990000,7980.000000708241,-43631.14404820488,6163.766163551743,-37467.377884653135,279.06292957765356,26.7749596827114,0.9899149958254002
3995000,7990.000000710278,-43482.14985363686,6067.727042925977,-37414.42281071088,274.7147830638597,26.77497459562586,0.989914444470343
4000000,8000.000000712315,-43623.74786655593,6363.064504886257,-37260.683361669675,288.0861107816479,26.65954883679367,0.9942003994439783
4005000,8010.000000714353,-43430.27708664158,6150.111969137044,-37280.16511750454,278.4447394333031,26.72695325958634,0.9916930614988749
4010000,8020.00000071639,-43511.05243173026,5961.09913494889,-37549.95329678137,269.887231923004,26.40632729726005,1.003734211280745
4015000,8030.000000718427,-43399.43024127162,6167.4062902218475,-37232.02395104977,279.22773537749066,26.638207987450016,0.9949968899943912
4020000,8040.000000720464,-43909.553452182794,6123.7199381186665,-37785.83351406413,277.2498470090829,26.36646714922604,1.0052516308888404
4025000,8050.000000722502,-43686.33670274919,6194.179111975693,-37492.157590773495,280.43986800443366,26.947930050963443,0.9835610398427954
4030000,8060.000000724539,-43166.889171326475,6216.419828945315,-36950.46934238116,281.44681075157285,26.379792220910062,1.004743853953757
4035000,8070.000000726576,-43504.04633885488,6236.937686208012,-37267.10865264687,282.3757514680852,27.028831042573767,0.9806171069991135
4040000,8080.0000007286135,-43366.13713571965,6017.669620569901,-37348.46751514975,272.4484461264858,26.684124939661515,0.9932847399894063
4045000,8090.000000730651,-43540.43347097625,5972.648796849793,-37567.78467412645,270.4101398984487,26.931984330272368,0.9841433805062839
4050000,8100.000000732688,-43631.12607445801,6083.853858614797,-37547.27221584321,275.44492050117736,26.89832687893063,0.9853748235656153
4055000,8110.000000734725,-43400.173236413626,6198.33013428887,-37201.84310212475,280.62780447326134,26.449241675232685,1.002105634179901
4060000,8120.000000736763,-43254.65962352534,6365.919478120713,-36888.74014540463,288.2153689613927,26.833232567828286,0.9877652286409433
4065000,8130.0000007388,-43431.663405082654,6025.86856783662,-37405.79483724604,272.81965135766956,26.740610311842733,0.9911865807639463
4070000,8140.000000740837,-43286.92701571382,6040.2259631753,-37246.70105253853,273.46967874320035,26.27290888582006,1.0088313485851461
4075000,8150.000000742874,-43454.959098498104,5930.218902771258,-37524.740195726845,268.4891373443215,26.828943284993233,0.9879231478103744
4080000,8160.000000744912,-43363.693881796265,6000.974233253716,-37362.71964854255,271.69256675480585,26.810294485521656,0.9886103308880086
4085000,8170.000000746949,-43518.72947368765,5891.303278300928,-37627.426195386724,266.7272424438867,26.603152304404656,0.9963080239234704
4090000,8180.000000748986,-43422.20815057523,6269.772350438205,-37152.43580013703,283.86233245585197,26.32536553701965,1.0068211233482913
4095000,8190.000000751023,-43582.126899699564,6309.497817194175,-37272.62908250539,285.66089275771986,26.593958263295843,0.9966524667039808
4100000,8200.00000075306,-43601.31806588784,6027.346011108208,-37573.97205477963,272.88654222223414,26.7519978436187,0.9907646620440679
4105000,8210.000000755097,-43743.91598598962,5793.184688545471,-37950.731297444145,262.28494849946367,26.287570194975732,1.0082686952787414
4110000,8220.000000757134,-43482.33877832652,6282.096721125685,-37200.242057200834,284.42031517258556,26.260322858985727,1.009314860478461
4115000,8230.000000759172,-43242.10472519917,6380.6341774520315,-36861.470547747136,288.8815731933985,26.309018182769567,1.007446721059901
4120000,8240.000000761209,-43236.57888976822,6089.760106383915,-37146.818783384304,275.71232435160374,26.94581959105195,0.9836380746547475
4125000,8250.000000763246,-44132.06971024629,5973.069743513193,-38158.99996673309,270.42919815049254,26.39001294662812,1.00435472146758
4130000,8260.000000765283,-43323.91424966848,6211.855332501529,-37112.05891716695,281.2401543477037,26.49078880365579,1.0005339704674545
4135000,8270.00000076732,-43435.868457974284,5998.659693024152,-37437.20876495013,271.5877765405198,26.64223913071779,0.9948463405231219
4140000,8280.000000769358,-43181.69797673094,5976.667065541088,-37205.03091118985,270.59206598115014,26.76851036595284,0.990153495289317
4145000,8290.000000771395,-43553.23216638219,6301.214076612847,-37252.01808976935,285.28584853100074,26.262198318160213,1.0092427823990826
4150000,8300.000000773432,-43798.54492401809,6237.728915786864,-37560.816008231224,282.4115741840001,26.820429372085332,0.988236755453394
4155000,8310.00000077547,-43528.82112683385,5939.591103952813,-37589.230022881035,268.9134613450894,26.523475931855884,0.9993009276247576
4160000,8320.000000777507,-43420.14582672191,6147.688485424747,-37272.457341297166,278.33501683082403,26.964611840761297,0.9829525549657678
4165000,8330.000000779544,-43489.81800863374,6081.123436185138,-37408.6945724486,275.3213013271226,26.652716869600997,0.994455245677673
4170000,8340.000000781582,-43474.1899235649,6142.514199803094,-37331.67572376181,278.10075237858234,26.75786746263125,0.9905473274188249
4175000,8350.000000783619,-43626.034407869505,6205.383137425914,-37420.65127044359,280.94712737836807,27.550351349130228,0.9620543043772575
4180000,8360.000000785656,-43350.01734033652,6140.355153474669,-37209.66218686185,278.00300211072386,26.768793647080653,0.9901430169763026
4185000,8370.000000787693,-43169.68341697537,6018.172990161682,-37151.51042681369,272.4712360554376,26.547630085065926,0.9983917215061157
4190000,8380.00000078973,-43628.106755447865,6188.468374370301,-37439.638381077566,280.18131582644327,27.066574686924877,0.9792496615887021
4195000,8390.000000791768,-43356.9606615153,6242.591457277251,-37114.36920423805,282.63172450078605,27.083515103865317,0.9786371525590404
4200000,8400.000000793805,-43465.66876180173,6207.654580624583,-37258.01418117715,281.049966385652,26.978150725784605,0.9824592638665997
4205000,8410.000000795842,-43368.738238186226,6308.730973314987,-37060.00726487124,285.6261740980925,26.680011517746177,0.9934378808235069
4210000,8420.00000079788,-43561.04220620886,6240.271637276637,-37320.770568932225,282.5266952462222,26.7201995890921,0.9919437171179117
4215000,8430.000000799917,-43601.28594317724,6227.441290060187,-37373.84465311705,281.94580457212527,26.81165352927124,0.9885602196671731
4220000,8440.000000801954,-43176.5588015457,6230.78519917803,-36945.77360236767,282.09719919838227,26.69683967958741,0.9928116743646768
4225000,8450.000000803991,-43690.2941280583,6110.115384674821,-37580.17874338348,276.63390434693497,26.490491927122488,1.0005451833606473
4230000,8460.000000806029,-43583.62623750005,6106.653894287138,-37476.97234321291,276.4771862588927,26.489945955556657,1.0005658051173456
4235000,8470.000000808066,-43579.412804432795,6203.713918239267,-37375.69888619353,280.87155390851655,26.667597627500797,0.9939003307595833
4240000,8480.000000810103,-43291.36829592247,6048.2390569601475,-37243.12923896232,273.8324695057382,26.591202354762622,0.9967557596277457
4245000,8490.00000081214,-43353.37498413358,6099.10742285778,-37254.2675612758,276.13552170362385,26.97116239427209,0.98271382282602
4250000,8500.000000814178,-43718.78568702086,6067.446409805659,-37651.33927721521,274.70207747143223,26.73320882488121,0.9914610055291144
4255000,8510.000000816215,-43424.11009619356,6148.089945162004,-37276.02015103155,278.35319281729295,26.485744203804945,1.0007245368898796
4260000,8520.000000818252,-43461.851791216875,6114.777298675195,-37347.07449254168,276.84497130565194,26.748859853573062,0.9908808916577443
4265000,8530.00000082029,-43250.612965763896,6115.671169316728,-37134.941796447165,276.8854410693112,26.590118498113863,0.996796389020102
4270000,8540.000000822327,-43573.83822586638,6056.008561830493,-37517.82966403588,274.18423184275014,26.959139113958003,0.983152095120637
4275000,8550.000000824364,-43428.75432660576,6288.847086330266,-37139.9072402755,284.72593622304805,26.7135695228362,0.9921899085735687
4280000,8560.000000826401,-43282.52456915978,6169.080209487364,-37113.444359672416,279.30352164220557,26.701388777951653,0.9926425296808025
4285000,8570.000000828439,-43233.85697396542,6112.785743796105,-37121.07123016931,276.75480417013335,26.39707931835289,1.0040858605182368
4290000,8580.000000830476,-43262.682995048235,6116.446024168708,-37146.23697087953,276.9205224236737,26.947024574583253,0.9835940895506615
4295000,8590.000000832513,-43529.59893898049,6245.343709247926,-37284.25522973256,282.7563320017023,26.3691491229606,1.005149387981491
4300000,8600.00000083455,-43670.66622108285,6178.34063935469,-37492.32558172816,279.72278522543587,26.56020959903544,0.9979188606816969
4305000,8610.000000836588,-43483.1583327339,6176.2139558078925,-37306.94437692601,279.62650017420157,26.661967908237653,0.9941101944822079
4310000,8620.000000838625,-43486.928226278105,5949.016205305201,-37537.9120209729,269.34018038750156,26.44665701086672,1.0022035711978965
4315000,8630.000000840662,-43594.09799769189,6222.79507141847,-37371.30292627342,281.73544821673937,26.492320695240483,1.0004761156050137
4320000,8640.0000008427,-43580.109997191175,6264.17723984498,-37315.93275734619,283.60901526113275,26.973183772489847,0.9826401779670185
4325000,8650.000000844737,-43108.60375327262,6336.97253129495,-36771.63122197767,286.90480338035337,26.763861309998106,0.9903254913608126
4330000,8660.000000846774,-43501.7747279522,6152.547892418592,-37349.22683553361,278.5550252340842,26.424591807676862,1.0030404365541161
4335000,8670.000000848811,-43295.318557033024,6043.222175666542,-37252.096381366486,273.6053314940116,26.311916152867834,1.007335761810249
4340000,8680.000000850849,-43451.75429082464,6048.274065477506,-37403.480225347135,273.83405450736785,26.622691002739916,0.995576822035335
4345000,8690.000000852886,-43399.196543755475,6314.207542729789,-37084.989001025686,285.874124371412,26.472162791602514,1.0012379536644582
4350000,8700.000000854923,-43258.50913824723,6194.257603924883,-37064.25153432235,280.44342170726867,26.214663927778854,1.0110728169377778
4355000,8710.00000085696,-43675.16181950085,6384.393022628175,-37290.768796872675,289.0517539430976,26.695981654795194,0.9928435839247602
4360000,8720.000000858998,-43303.71613229951,5952.46202131196,-37351.254110987546,269.4961888219743,26.344718286730632,1.0060815156215424
4365000,8730.000000861035,-43511.73005848494,6183.04161102631,-37328.68844745863,279.93562051018455,26.399079996119585,1.004009764977889
4370000,8740.000000863072,-43456.006487883744,6048.705362711298,-37407.301125172446,273.85358137882713,27.01837243907183,0.9809966963149556
4375000,8750.00000086511,-43668.86642679601,6025.272121532715,-37643.594305263294,272.7926474044878,26.735087051717905,0.9913913521681763
4380000,8760.000000867147,-43685.96463232866,6321.77196528388,-37364.19266704478,286.2166016592414,26.33495585728476,1.0064544723816098
4385000,8770.000000869184,-43569.29029537714,6226.352076362125,-37342.93821901501,281.8964907017655,26.71736065282064,0.9920491191834213
4390000,8780.000000871221,-43569.829589959525,6179.475364353364,-37390.35422560616,279.7741596082389,26.72870974435045,0.9916278921072414
4395000,8790.000000873259,-43514.70783736295,6291.228960583981,-37223.478876778965,284.83377496797925,26.39514400849163,1.0041594807745535
4400000,8800.000000875296,-43535.58789100032,6219.44104869077,-37316.14684230955,281.5835956993942,26.155773833175537,1.0133492616807274
4405000,8810.000000877333,-43007.79101435945,6041.642351550349,-36966.1486628091,273.5338053630092,26.376629967517566,1.0048643111412243
4410000,8820.00000087937,-43313.63505571883,6091.417521251729,-37222.2175344671,275.78736338395265,26.96293380910097,0.9830137287801425
4415000,8830.000000881408,-43444.31444084854,6094.246351489141,-37350.068089359396,275.91543794622237,26.773058891119778,0.9899852762557441
4420000,8840.000000883445,-43365.51371974393,6090.565484091065,-37274.94823565287,275.7487876203927,26.85795747005421,0.9868559115892822
4425000,8850.000000885482,-43540.2904871612,6205.485492005073,-37334.804995156126,280.95176145564454,26.531751075061397,0.9989892498068066
4430000,8860.00000088752,-43141.854980030505,6021.958135081832,-37119.89684494867,272.6426075192902,26.61447843526058,0.9958840323326068
4435000,8870.000000889557,-43699.65119351249,5912.693655553556,-37786.95753795893,267.69568627879204,26.988254736936977,0.9820914453671962
4440000,8880.000000891594,-43576.143633543805,6231.035061173368,-37345.10857237044,282.10851163603144,26.793381319614497,0.9892343854014866
4445000,8890.000000893631,-43498.620457564015,6140.039479132554,-37358.58097843146,277.9887100359817,26.45335971088185,1.0019496348372512
4450000,8900.000000895669,-43121.909843703674,6053.597069510357,-37068.31277419331,274.07505214747056,26.361778073874678,1.005430439034145
4455000,8910.000000897706,-42986.12785541627,6248.661109706756,-36737.46674570951,282.90652645523267,26.563784327181423,0.9977845692496198
4460000,8920.000000899743,-43066.299004907254,6093.695215038826,-36972.60378986843,275.89048538502186,26.143714558664104,1.0138166878720265
4465000,8930.00000090178,-43127.8773382706,6038.893433415444,-37088.98390485515,273.40934880065095,26.571306615262696,0.9975020982713717
4470000,8940.000000903818,-43576.93352059758,5942.94948963375,-37633.98403096383,269.0655113940215,26.512599758701736,0.9997108674277518
4475000,8950.000000905855,-43490.90652015887,6297.685655756788,-37193.22086440208,285.12610018319725,27.051878742194162,0.9797816393874134
4480000,8960.000000907892,-43633.421386635106,6141.6171890149635,-37491.80419762014,278.06014044559265,26.817725724759804,0.9883363852164953
4485000,8970.00000090993,-43379.88328023814,6179.505837432752,-37200.37744280539,279.7755392690797,26.77504334034898,0.9899119028724254
4490000,8980.000000911967,-43516.6251478896,6074.920438169758,-37441.704709719845,275.04046218553214,26.715208008215164,0.9921290560188044
4495000,8990.000000914004,-43767.510621228896,6216.711270285485,-37550.79935094341,281.46000568337746,26.615839156983753,0.9958331182498849
4500000,9000.000000916041,-43578.09793437144,5892.018918160882,-37686.07901621056,266.75964285469763,26.71757366049136,0.9920412100044368
4505000,9010.000000918079,-43399.95596908021,6119.0426784858055,-37280.913290594406,277.03808528079736,27.018749530166748,0.9809830048923416
4510000,9020.000000920116,-43598.8803441592,6072.315739268455,-37526.56460489075,274.9225351119252,26.74772212865333,0.9909230391676335
4515000,9030.000000922153,-43709.060241941595,6175.836521350589,-37533.223720591006,279.6094119261104,27.055865679933188,0.9796372592947455
4520000,9040.00000092419,-43232.200413311715,6127.256101544229,-37104.94431176749,277.4099458997316,26.764634142257705,0.9902968955846418
4525000,9050.000000926228,-43707.84966107522,6420.267179572722,-37287.5824815025,290.6759471826583,26.78607867465398,0.9895040787592588
4530000,9060.000000928265,-43324.46487902844,5970.188273611075,-37354.27660541737,270.2987403409264,26.768151251525104,0.9901667789263708
4535000,9070.000000930302,-43230.27209902229,5905.741387514044,-37324.53071150825,267.38092412934714,26.7598515468701,0.9904738842109385
4540000,9080.00000093234,-43170.093590884586,6049.245840997321,-37120.84774988727,273.87805139437745,26.615249915561314,0.9958551652389218
4545000,9090.000000934377,-43453.528842906875,6088.2809568145185,-37365.24788609236,275.6453562348442,26.549621610674702,0.9983168306956125
4550000,9100.000000936414,-43550.13644635922,6221.588339831316,-37328.5481065279,281.6808137541414,26.69540640482284,0.9928649783637715
4555000,9110.000000938451,-43539.000812487095,6106.484754950699,-37432.5160575364,276.46952851888744,26.663955773888816,0.9940360810413577
4560000,9120.000000940488,-43424.78868938447,6307.787300627886,-37117.00138875659,285.5834495596144,26.481684413036106,1.0008779535749233
4565000,9130.000000942526,-43103.56722330226,5931.691343661112,-37171.87587964115,268.55580172733823,26.5435928977754,0.9985435733818039
4570000,9140.000000944563,-43616.88167844701,6116.650895034805,-37500.230783412204,276.92979789950465,26.72082165849011,0.9919206243463325
4575000,9150.0000009466,-43588.03417322837,6054.761318843761,-37533.27285438461,274.12776323694374,26.754856813979252,0.9906587909185839
4580000,9160.000000948638,-43443.80528060306,6187.714329337237,-37256.090951265825,280.1471766312862,26.769778351556358,0.9901065953725222
4585000,9170.000000950675,-43683.84237158479,5950.263991996042,-37733.57837958875,269.3966736093719,26.73102811640672,0.9915418885915791
4590000,9180.000000952712,-43589.86989481107,6154.024725603555,-37435.84516920751,278.62188847713367,26.710900561628776,0.992289048487263
4595000,9190.00000095475,-43433.248448199534,6227.594844318881,-37205.65360388065,281.9527567017394,26.78041319064884,0.9897134115836377
4600000,9200.000000956787,-43568.993859883514,6042.462558590507,-37526.531301293006,273.5709400260404,26.576520274245063,0.9973064129174986
4605000,9210.000000958824,-43064.634371858265,5983.202865534182,-37081.43150632408,270.8879726467845,26.55692977599883,0.9980421052470717
4610000,9220.000000960861,-43625.87984738132,6216.167181463032,-37409.71266591829,281.4353722017178,26.44479598746723,1.002274100170702
4615000,9230.000000962898,-43403.018440137384,6142.913357879683,-37260.1050822577,278.1188241579559,26.497875060984683,1.0002664002881585
4620000,9240.000000964936,-43227.93030428409,6260.320187240218,-36967.61011704387,283.4343881953325,26.76254145797416,0.9903743313824597
4625000,9250.000000966973,-43404.408264731,6193.400232214423,-37211.008032516576,280.40460442333716,26.651360884323417,0.9945058422186227
4630000,9260.00000096901,-43327.38571535103,6181.167941785345,-37146.21777356569,279.8507906166472,26.876479742476445,0.9861758071183435
4635000,9270.000000971047,-43519.228192170034,6078.076819001077,-37441.151373168956,275.18336651679294,26.591222784394127,0.9967549938354752
4640000,9280.000000973085,-43528.57181918732,6033.031391385615,-37495.5404278017,273.14394635371434,26.816565168919713,0.9883791580159424
4645000,9290.000000975122,-43596.582831287116,6181.034408196836,-37415.54842309028,279.8447449177323,26.826536009903766,0.9880117989423411
4650000,9300.00000097716,-43504.24289499718,6190.018475175479,-37314.2244198217,280.2514962421754,26.545025702189392,0.9984896756137037
4655000,9310.000000979197,-43206.08185499627,5951.5760130841045,-37254.50584191216,269.45607502707446,26.606323341444025,0.9961892803599218
4660000,9320.000000981234,-43550.62623424223,6073.118361968308,-37477.50787227392,274.9588736484665,26.891013704581006,0.9856428022280648
4665000,9330.000000983271,-43561.13724892243,5911.404399767981,-37649.73284915445,267.63731555431116,26.378118878170717,1.0048075916615398
4670000,9340.000000985308,-43317.140100496064,6126.6363087924,-37190.50379170367,277.38188494211784,26.207236876935603,1.011359351884323
4675000,9350.000000987346,-43525.77832194179,6023.287528726536,-37502.49079321526,272.7027954750318,26.539840126061684,0.9986847688848401
4680000,9360.000000989383,-43326.604121380835,6071.760292597128,-37254.843828783705,274.89738740657555,26.625877672113404,0.9954576682479256
4685000,9370.00000099142,-43851.39426112705,6345.118436229523,-37506.27582489752,287.2736071335757,26.767629494272054,0.9901860793541036
4690000,9380.000000993457,-43427.98744581529,6117.914486069007,-37310.072959746285,276.98700665896047,26.624442369347424,0.9955113325885654
4695000,9390.000000995495,-43773.84788113553,6100.466854810322,-37673.38102632521,276.1970696360359,26.414581923075865,1.003420541719107
4700000,9400.000000997532,-43493.40475517372,6070.347750631921,-37423.0570045418,274.83343493198413,26.137921613823508,1.0140413799587993
4705000,9410.00000099957,-43265.61482854455,5979.4651273614545,-37286.149701183094,270.7187475112426,26.623690189133256,0.9955394580633602
4710000,9420.000001001607,-43226.4732152996,6267.699378689604,-36958.773836609995,283.7684791924824,26.5235130451627,0.9992995293423406
4715000,9430.000001003644,-43372.1263003113,6151.2753735717,-37220.8509267396,278.4974122702024,26.419082148113112,1.0032496191178064
4720000,9440.000001005681,-43364.02827412466,6122.371300762037,-37241.656973362624,277.18878779922767,26.189238110525313,1.0120544168058225
4725000,9450.000001007718,-43980.684658022656,6257.1967280852605,-37723.48792993739,283.2929743845113,26.584854701730244,0.996993754523378
4730000,9460.000001009756,-43463.43075617234,6170.444001881139,-37292.9867542912,279.36526699247423,26.717741799792996,0.9920349669200662
4735000,9470.000001011793,-43307.76504364953,6004.618774972909,-37303.146268676624,271.8575724448562,26.507353457697455,0.9999087289055545
4740000,9480.00000101383,-43168.72362101154,6080.637028424648,-37088.086592586886,275.29927934072504,26.79357472469634,0.9892272447732112
4745000,9490.000001015867,-43599.300648795965,5816.351216025343,-37782.94943277062,263.3338070796128,26.743240922950854,0.9910890822432137
4750000,9500.000001017905,-43466.27646841132,6154.154329686432,-37312.12213872489,278.6277562686905,26.622303285319987,0.9955913212494958
4755000,9510.000001019942,-43486.97987282986,6018.122940859319,-37468.85693197054,272.46897008613087,26.558582729967895,0.9979799890688126
4760000,9520.00000102198,-43076.69912790146,6249.417415799972,-36827.28171210149,282.9407680193073,26.521274506836814,0.9993838756016011
4765000,9530.000001024016,-43491.55014753493,6090.584754083051,-37400.96539345188,275.74966006432936,26.674629867319595,0.9936383085490913
4770000,9540.000001026054,-43717.56461101031,5970.348100471892,-37747.21651053842,270.30597646099017,26.351365586724647,1.005827725144128
4775000,9550.000001028091,-43141.13329035434,6255.409686416309,-36885.72360393803,283.2120665320422,27.047676007999577,0.9799338802600807
4780000,9560.000001030128,-43342.73905449937,5932.451515499873,-37410.287538999495,268.5902183120493,26.838237728644696,0.9875810167016875
4785000,9570.000001032166,-43415.747885830526,5997.868536576015,-37417.87934925451,271.55195713557924,26.691034595780522,0.9930276028613209
4790000,9580.000001034203,-43446.39364512829,5974.827844566704,-37471.56580056159,270.5087957240325,27.051925076307235,0.9797799612327854
4795000,9590.00000103624,-43668.73851189617,6220.120643179985,-37448.61786871618,281.61436416530495,26.798829009714947,0.9890332929445577
4800000,9600.000001038277,-43887.46235787519,6058.489719572592,-37828.9726383026,274.29656562211204,26.514823578237905,0.9996270208748624
4805000,9610.000001040315,-43685.34564766439,6177.389527850106,-37507.956119814284,279.6797238964072,26.496767182262015,1.0003082232718554
4810000,9620.000001042352,-43475.614106455934,6279.912278181519,-37195.70182827442,284.32141507947387,26.712513095504033,0.9922291477321745
4815000,9630.00000104439,-43473.82621971611,5800.932841285659,-37672.89337843045,262.63574412426823,26.241553530218425,1.0100367751480412
4820000,9640.000001046426,-43741.97208739328,6004.824946092011,-37737.14714130127,271.86690678930796,26.269110763189733,1.0089772105905177
4825000,9650.000001048464,-43294.16867469478,5900.342462505569,-37393.82621218921,267.1364891865772,26.38570405541952,1.0045187366183814
4830000,9660.000001050501,-43967.37273644551,6119.372640456875,-37848.00009598864,277.05302422427,26.655463904212628,0.9943527600113414
4835000,9670.000001052538,-43430.00580676383,6003.673972751555,-37426.33183401228,271.8147967670049,26.53741771740408,0.9987759315840947
4840000,9680.000001054575,-43510.9261611462,6301.718920550678,-37209.20724059552,285.3087052105912,26.400519709694606,1.0039550127796752
4845000,9690.000001056613,-43714.3081546512,6034.850615783152,-37679.457538868046,273.2263112709524,26.413829690055355,1.00344911788825
4850000,9700.00000105865,-43247.91249884205,6167.131722657981,-37080.78077618407,279.2153044015733,26.298587506846868,1.0078462995640325
4855000,9710.000001060687,-43685.43808034668,6228.580459326147,-37456.85762102053,281.99738016798796,26.55146715072949,0.9982474396639247
4860000,9720.000001062725,-43622.82329688617,5973.180825950487,-37649.64247093568,270.4342273793038,26.37439412468619,1.0049494967441979
4865000,9730.000001064762,-43517.63403051108,5924.110991577969,-37593.52303893311,268.2126032341733,27.123989104936307,0.9771768451902553
4870000,9740.000001066799,-43545.340482470056,6050.901934674339,-37494.43854779572,273.9530306101525,26.500609321450323,1.0001631955338737
4875000,9750.000001068836,-43507.48697812826,5971.009591007716,-37536.47738712055,270.3359252750621,26.58045488325916,0.9971587852407219
4880000,9760.000001070874,-43659.253077350615,6282.653273576652,-37376.59980377396,284.4455129418243,26.635741946711594,0.9950890106820836
4885000,9770.00000107291,-43224.2943068567,5875.311929623278,-37348.98237723342,266.00323824069824,26.716016072379915,0.9920990476547278
4890000,9780.000001074948,-43391.545253961696,6042.553736865286,-37348.99151709641,273.57506809900724,26.521118300431876,0.9993897618602645
4895000,9790.000001076985,-43384.87237883458,6224.817361821038,-37160.05501701355,281.8270068951873,26.603059321856648,0.9963115062018633
4900000,9800.000001079023,-43381.5449734655,6120.375163057735,-37261.169810407766,277.098413177475,26.918470950415845,0.9846374317233298
4905000,9810.00000108106,-43251.16061975487,6262.803167644472,-36988.357452110395,283.5468044952551,26.761558758742655,0.9904106984753903
4910000,9820.000001083097,-43303.79069101758,5993.994678301571,-37309.79601271601,271.3765691974015,26.38898509073118,1.0043938412715259
4915000,9830.000001085134,-43500.58251286298,5972.8574342454995,-37527.725078617485,270.4195859029401,26.468976374944212,1.0013584857639732
4920000,9840.000001087172,-43752.67094398709,6080.758516855209,-37671.91242713188,275.30477969820816,26.743742752732256,0.9910704850699574
4925000,9850.000001089209,-43626.47813698085,6084.559211655409,-37541.91892532544,275.4768551788853,26.747294298923148,0.9909388892320076
4930000,9860.000001091246,-43483.9585076347,6208.396880177965,-37275.56162745674,281.0835738072339,26.70169449735008,0.9926311644815989
4935000,9870.000001093284,-43501.8550993331,6030.5302229556955,-37471.3248763774,273.0307065956022,26.178053731942043,1.0124868095215047
4940000,9880.00000109532,-43451.747477946745,6029.986636797215,-37421.76084114953,273.0060958719248,26.91058258531189,0.9849260609097039
4945000,9890.000001097358,-43660.768574973976,6347.105568021625,-37313.66300695235,287.3635740149671,26.74943466424979,0.9908595989118214
4950000,9900.000001099395,-43529.98562464764,6035.325356202851,-37494.660268444786,273.2478050214931,26.53371924961016,0.9989151484266923
4955000,9910.000001101433,-43734.81426213897,6389.0470441031275,-37345.76721803584,289.2624635697537,26.431031166483006,1.0027960670769147
4960000,9920.00000110347,-43249.85164555325,6111.393004658329,-37138.458640894925,276.69174826346654,27.027873350750074,0.9806518536835217
4965000,9930.000001105507,-43407.029860936746,6294.902188175769,-37112.12767276098,285.0000794035419,26.76876789070705,0.9901439696721296
4970000,9940.000001107544,-43853.0703832382,6243.2900891114805,-37609.780294126715,282.66335487760165,26.292513064588885,1.0080791454748281
4975000,9950.000001109582,-43282.30359722162,6129.182758435154,-37153.12083878646,277.49717479550833,26.822248549880932,0.9881697298138777
4980000,9960.000001111619,-43465.58988829737,6281.50128590364,-37184.088602393735,284.3933569958753,26.739314129348436,0.9912346283200036
4985000,9970.000001113656,-43570.67364536208,6226.247883128102,-37344.42576223398,281.89177337986246,27.015394335380392,0.9811048387261422
4990000,9980.000001115694,-43910.744050083274,5929.534378330379,-37981.2096717529,268.45814567611563,26.55548991708147,0.9980962198512319
4995000,9990.00000111773,-43525.39683857554,6027.616476987296,-37497.780361588244,272.8987874954269,26.740984963551796,0.9911726938503942
5000000,10000.000001119768,-43419.41649814398,6138.971991864921,-37280.44450627906,277.940379824178,26.84415727546979,0.9873632399984761
5005000,10010.000001121805,-43737.537606908765,6128.947409045649,-37608.590197863115,277.48651941235994,26.670419412260596,0.9937951740778396
5010000,10020.000001123843,-43596.08147461229,6122.255523280769,-37473.82595133152,277.1835460035066,26.727414768976818,0.9916759376706146
5015000,10030.00000112588,-43148.115902540856,6327.875995668984,-36820.23990687187,286.49296006679606,26.782683419986377,0.9896295187045152
5020000,10040.000001127917,-43293.26314587542,6207.127267086518,-37086.135878788904,281.0260924006834,26.37535522890808,1.0049128769073947
5025000,10050.000001129954,-43682.173209454515,5882.38344794421,-37799.78976151031,266.3233994159989,26.719084628080644,0.991985109949498
5030000,10060.000001131992,-43765.84463964647,6249.752734523614,-37516.091905122856,282.9559494883765,26.62887257175585,0.9953457109802393
5035000,10070.000001134029,-43074.938317437714,5926.309695339611,-37148.628622098106,268.3121489821326,27.209842291572645,0.974093631948229
5040000,10080.000001136066,-43621.41902942024,6049.9821565578,-37571.43687286244,273.91138789221804,26.946142876111576,0.9836262735040198
5045000,10090.000001138103,-43749.69384774775,6098.283792383521,-37651.410055364235,276.0982320454932,26.997857536767267,0.9817421277388602
5050000,10100.00000114014,-43392.25058645435,6244.4170167348675,-37147.833569719485,282.7143762362417,27.161727482770395,0.9758191602264435
5055000,10110.000001142178,-43360.97436162445,6344.18161193233,-37016.79274969212,287.2311926541913,26.433431351488252,1.0027050120772247
5060000,10120.000001144215,-43775.96408349392,5985.525011953683,-37790.43907154024,270.9931072293659,26.846093295822715,0.9872920357712053
5065000,10130.000001146253,-43396.17917457293,6048.076119744522,-37348.1030548284,273.8250925651594,27.14558382699812,0.9763994862462883
5070000,10140.00000114829,-43753.133588197525,6201.985153046013,-37551.14843515151,280.79328450851335,26.576930985907847,0.9972910008529764
5075000,10150.000001150327,-43418.98354263656,5964.693377227887,-37454.290165408675,270.04996031882143,26.656185002318388,0.9943258609673997
5080000,10160.000001152364,-43454.41679065261,6145.464469115244,-37308.95232153737,278.2343250637631,26.67193547147866,0.9937386857762638
5085000,10170.000001154402,-43461.727822867746,6414.184399236727,-37047.54342363102,290.40055086561796,26.749376288611323,0.9908617612823039
5090000,10180.000001156439,-43497.77374564012,6122.2340257496335,-37375.53971989049,277.18257270830713,26.34762484082111,1.0059705291336807
5095000,10190.000001158476,-43263.21649366873,5898.169551969555,-37365.04694169918,267.03811122028185,26.97780871182313,0.9824717190955776
5100000,10200.000001160513,-43504.63046337053,6185.641078848292,-37318.98938452224,280.0533107480191,26.72335778258371,0.9918264882046542
5105000,10210.00000116255,-43364.89344481734,6070.1871341248625,-37294.706310692476,274.8261630608896,26.821826262013992,0.9881852877435766
5110000,10220.000001164588,-43376.19333614013,6258.2938371287655,-37117.899499011364,283.34264571460767,26.50836974707052,0.9998703939711576
5115000,10230.000001166625,-43675.38013298443,6161.34466513655,-37514.035467847876,278.9532968589908,27.10662929804618,0.977802655251089
5120000,10240.000001168662,-43274.155294842436,6122.5958191450545,-37151.55947569738,277.1989528113398,26.601067087641802,0.9963861229781287
5125000,10250.0000011707,-43414.83823662263,6159.981241905365,-37254.856994717265,278.89156822246366,26.810592345000064,0.9885993476559444
5130000,10260.000001172737,-43257.45709448331,5938.093548278057,-37319.363546205255,268.8456598966382,26.61100424029012,0.9960140497970005
5135000,10270.000001174774,-43363.554152286495,6165.569407674386,-37197.98474461211,279.1445709920512,26.569102643864014,0.9975848434857729
5140000,10280.000001176812,-43124.58807723608,5996.73016263878,-37127.857914597305,271.50041754802015,27.25762982054201,0.9723858705631754
5145000,10290.000001178849,-43266.41198834975,5881.445093264632,-37384.96689508512,266.2809156489452,26.89579703170858,0.9854675089676185
5150000,10300.000001180886,-43926.22449739039,6124.768842254294,-37801.455655136095,277.297335874359,26.24166247853133,1.0100325817474625
5155000,10310.000001182923,-43305.36565163941,6051.587167808197,-37253.778483831215,273.9840543642509,26.802876053872094,0.9888839559330599
5160000,10320.00000118496,-43405.12092592666,6176.001432457244,-37229.11949346942,279.61687823409835,26.503829568014975,1.0000416745255136
5165000,10330.000001186998,-43074.50385548145,6183.733400775665,-36890.77045470579,279.9669411133652,26.560578110288446,0.997905015187513
5170000,10340.000001189035,-43388.4981711022,6264.352638437569,-37124.145532664625,283.61695638735216,26.746969351731867,0.9909509280841315
5175000,10350.000001191072,-43265.82198277465,6079.784350777849,-37186.037631996805,275.26067457931987,26.279314345066112,1.0085854506897654
5180000,10360.00000119311,-43471.029326420045,6099.650881889722,-37371.378444530324,276.16012667167996,26.502718729768503,1.0000835903965402
5185000,10370.000001195147,-43316.619803147216,6049.7388476828455,-37266.88095546437,273.90037214541076,26.78503288446041,0.9895427127854529
5190000,10380.000001197184,-43463.55823091103,6072.23067422894,-37391.327556682096,274.9186838141144,26.55459977694365,0.9981296771623629
5195000,10390.000001199222,-43580.84789992275,6178.390116375735,-37402.45778354702,279.72502528485296,26.565127726276867,0.9977341112619305
5200000,10400.000001201259,-43684.264267437335,5967.512713040471,-37716.75155439686,270.17760502344623,26.72309910527469,0.9918360890000548
5205000,10410.000001203296,-43596.708311916445,6210.10992538828,-37386.59838652817,281.1611314890481,26.535775861242293,0.9988377291522565
5210000,10420.000001205333,-43260.357692833815,6227.393262141609,-37032.964430692205,281.94363012045005,26.723953284156035,0.9918043868999963
5215000,10430.00000120737,-43644.623685600876,6121.774843949145,-37522.84884165173,277.1617833702543,27.011225047619575,0.9812562760781678
5220000,10440.000001209408,-43373.24142176687,6191.497002011914,-37181.744419754956,280.31843616486015,26.55693131843619,0.9980420472803807
5225000,10450.000001211445,-43397.631232315034,5985.066386399059,-37412.56484591597,270.97234307520165,26.672069453099137,0.9937336939356537
5230000,10460.000001213482,-43682.836627550656,6258.3766814929695,-37424.45994605769,283.34639647191415,26.701123491595915,0.9926523919818898
5235000,10470.00000121552,-43377.960532796744,6198.391717379292,-37179.56881541745,280.6305926318595,26.25155415491233,1.0096519979780616
5240000,10480.000001217557,-43055.20008278085,6144.885518186791,-36910.31456459406,278.2081132092104,26.33036640382876,1.0066299000944543
5245000,10490.000001219594,-43355.57093384268,6143.9114808711565,-37211.65945297152,278.16401391997607,26.66577415972048,0.9939682959804363
5250000,10500.000001221631,-43284.02676852775,6072.420765578522,-37211.60600294923,274.92729015113207,26.21860293201205,1.0109209163915773
5255000,10510.000001223669,-43556.93779393076,6219.3565793254265,-37337.581214605336,281.57977137057856,26.495953893824858,1.0003389275490002
5260000,10520.000001225706,-43655.09014422877,6068.287864054191,-37586.80228017458,274.7401740963641,26.61144192009725,0.9959976683007057
5265000,10530.000001227743,-43397.29937346466,6125.719925386972,-37271.57944807769,277.3403959188568,26.600753906253146,0.996397853833229
5270000,10540.00000122978,-43602.533699214575,6096.197649241224,-37506.33604997335,276.0037824506578,26.764098958955444,0.9903166978714146
5275000,10550.000001231818,-43847.034274810285,6129.593870732291,-37717.44040407799,277.5157877991461,26.992700958797084,0.9819296758406979
5280000,10560.000001233855,-43503.73167776188,5967.4394412191305,-37536.29223654275,270.1742876605586,26.621330241538015,0.9956277113898734
5285000,10570.000001235892,-43421.82950298861,6102.225136014296,-37319.60436697431,276.27667536584175,26.619356690207837,0.9957015269375983
5290000,10580.00000123793,-43443.88205450488,6118.29046263293,-37325.59159187195,277.0040289013034,26.772154186838552,0.9900187305647072
5295000,10590.000001239967,-43561.425680926535,6390.267036037837,-37171.158644888696,289.31769839118067,26.864229660057603,0.9866255030548933
5300000,10600.000001242004,-43587.15641625895,6337.087741220985,-37250.06867503797,286.910019480157,26.558314065160356,0.9979900846682935
5305000,10610.000001244041,-43070.30287312536,6148.718787025777,-36921.58408609958,278.3816634711252,26.750186826735828,0.9908317378944737
5310000,10620.000001246079,-43440.00587638345,6280.757845857703,-37159.24803052575,284.359697938786,26.532582871872087,0.9989579314811118
5315000,10630.000001248116,-43597.280714386725,6127.942254360791,-37469.33846002593,277.44101129222815,26.76432489793297,0.9903083378196291
5320000,10640.000001250153,-43455.69861665729,6189.987088435429,-37265.71152822186,280.25007521558285,26.322429512660204,1.0069334249632442
5325000,10650.00000125219,-43520.762167148234,6159.357965548816,-37361.40420159942,278.8633495455411,26.575567481811323,0.99734216854172
5330000,10660.000001254228,-43278.979563427856,6285.255140920023,-36993.72442250783,284.56331181737335,26.60267707375362,0.9963258219860311
5335000,10670.000001256265,-43446.96408699395,6263.158697814293,-37183.80538917965,283.5629010323578,26.67675815717339,0.993559035411105
5340000,10680.000001258302,-43188.84025775449,6158.158809143388,-37030.6814486111,278.8090580473497,26.78188992373668,0.9896588395371344
5345000,10690.00000126034,-43372.49321539182,6075.3195884988845,-37297.17362689294,275.05853361414125,26.76692626294702,0.9902120939163203
5350000,10700.000001262377,-43521.820470590086,6163.311700028367,-37358.50877056172,279.04235385838484,26.813526237504767,0.9884911767204786
5355000,10710.000001264414,-43487.85772163863,6043.186870323369,-37444.67085131526,273.6037330536694,26.456724201156977,1.001822217331707
5360000,10720.000001266451,-43584.1459095811,6017.727973373987,-37566.417936207115,272.4510880347,26.556436218652173,0.9980606540843201
5365000,10730.000001268489,-43492.29476629192,6240.9748954906045,-37251.319870801315,282.55853508119185,27.011585803809787,0.981243170802589
5370000,10740.000001270526,-43547.48316144757,6014.727546029804,-37532.755615417766,272.3152444575046,26.86321096612624,0.9866629173987616
5375000,10750.000001272563,-43416.4550050628,6091.276967784463,-37325.17803727834,275.7809998618305,26.743363739373336,0.9910845307583434
5380000,10760.0000012746,-43591.608361464925,6370.542058105375,-37221.06630335955,288.42465508265326,26.91040361034701,0.984932611428593
5385000,10770.000001276638,-43314.45077135338,5898.761420967133,-37415.68935038625,267.06490793709554,26.478587476755642,1.0009950162864238
5390000,10780.000001278675,-43238.591024011315,6427.420770834753,-36811.17025317656,290.99982418928266,26.672881688685337,0.9937034330182605
5395000,10790.000001280712,-43551.61844612594,5974.71317968407,-37576.90526644187,270.5036043009287,26.788665947760755,0.9894085115780857
5400000,10800.00000128275,-43258.84030475846,6324.801362454005,-36934.038942304454,286.35375683786395,26.395837739515393,1.004133089621846
5405000,10810.000001284787,-43144.04385653208,6167.466089477848,-36976.57776705423,279.2304427734436,26.73102197620115,0.9915421163520826
5410000,10820.000001286824,-43448.114534660126,6022.227730981113,-37425.886803679015,272.65481340437077,26.737917215279676,0.9912864150611543
5415000,10830.000001288861,-43423.821189635666,5992.977115390165,-37430.8440742455,271.3304992980004,27.01090317185074,0.9812679692309766
5420000,10840.000001290899,-43668.54574178415,5945.707303374601,-37722.838438409555,269.19037070265364,26.422779168016692,1.003109246532979
5425000,10850.000001292936,-43919.187892341,5954.544222821641,-37964.643669519355,269.59045996040567,27.082268449492204,0.9786822013070137
5430000,10860.000001294973,-43498.25491115614,6147.560675365799,-37350.69423579034,278.3292302632397,27.037894497737604,0.9802883913447593
5435000,10870.00000129701,-43231.86596799997,5919.905837283743,-37311.96013071622,268.02221595381013,26.9113231160217,0.984898958266261
5440000,10880.000001299048,-43377.22890276369,6124.879361801408,-37252.34954096228,277.302339618462,26.337476549707837,1.006358147201864
5445000,10890.000001301085,-43345.1374071039,5984.628885396067,-37360.50852170784,270.95253532968553,26.618444129778606,0.9957356625846098
5450000,10900.000001303122,-43580.60705266532,6078.923646814164,-37501.68340585116,275.22170642847965,26.397206655974106,1.00408101690328
5455000,10910.00000130516,-43625.416691441205,6081.208467247729,-37544.20822419348,275.3251510866368,26.721540494487247,0.9918939406956939
5460000,10920.000001307197,-43519.57199481502,5935.101949959703,-37584.47004485532,268.71021605131904,26.664118997078,0.9940299960947921
5465000,10930.000001309234,-43613.84174686426,5853.333690714002,-37760.508056150255,265.0081791203104,26.52258039431706,0.9993346691189849
5470000,10940.000001311271,-43474.14043100091,6136.860781319065,-37337.27964968185,277.8447953090863,26.789226114834296,0.9893878228852473
5475000,10950.000001313309,-43591.8680575192,6219.901524926296,-37371.9665325929,281.60444364266084,26.893253629943832,0.9855607085423481
5480000,10960.000001315346,-43501.27071067976,6072.455285044782,-37428.81542563498,274.92885301109885,26.612123194062654,0.9959721706252266
5485000,10970.000001317383,-43398.48057469318,6252.403597506802,-37146.07697718638,283.0759666289312,26.93229227305447,0.9841321278491576
5490000,10980.00000131942,-42957.178981648816,6129.529346263518,-36827.6496353853,277.5128664703988,26.59955847570261,0.9964426336906106
5495000,10990.000001321458,-43135.2718935922,6212.498880881909,-36922.77301271029,281.2692908352973,26.81159121631709,0.9885625171849574
5500000,11000.000001323495,-43654.539175868675,6288.1852122713535,-37366.35396359732,284.6959700450668,26.792667938601962,0.9892607247354083
