# Total matched probability. Interfaces: 0.109 , 0.1095 , 0.11 , 0.1105 , 0.1108 , 0.111 , 0.1112 , 0.1115 , 0.1117 , 0.112
1.084999999999999992e-01 1.000000000000000000e+00
1.085032552771000025e-01 1.000000000000000000e+00
1.085065105542000058e-01 1.000000000000000000e+00
1.085097658312999952e-01 1.000000000000000000e+00
1.085130211083999985e-01 1.000000000000000000e+00
1.085162763855000018e-01 1.000000000000000000e+00
1.085195316626000051e-01 1.000000000000000000e+00
1.085227869396999945e-01 1.000000000000000000e+00
1.085260422167999977e-01 1.000000000000000000e+00
1.085292974939000010e-01 1.000000000000000000e+00
1.085325527710000043e-01 1.000000000000000000e+00
1.085358080480999937e-01 1.000000000000000000e+00
1.085390633251999970e-01 1.000000000000000000e+00
1.085423186023000003e-01 1.000000000000000000e+00
1.085455738794000036e-01 1.000000000000000000e+00
1.085488291564999930e-01 1.000000000000000000e+00
1.085520844335999963e-01 1.000000000000000000e+00
1.085553397106999995e-01 1.000000000000000000e+00
1.085585949878000028e-01 1.000000000000000000e+00
1.085618502648999922e-01 1.000000000000000000e+00
1.085651055419999955e-01 1.000000000000000000e+00
1.085683608190999988e-01 9.919999999999999929e-01
1.085716160962000021e-01 9.919999999999999929e-01
1.085748713733000054e-01 9.919999999999999929e-01
1.085781266503999948e-01 9.919999999999999929e-01
1.085813819274999981e-01 9.919999999999999929e-01
1.085846372046000013e-01 9.919999999999999929e-01
1.085878924817000046e-01 9.919999999999999929e-01
1.085911477587999940e-01 9.919999999999999929e-01
1.085944030358999973e-01 9.919999999999999929e-01
1.085976583130000006e-01 9.919999999999999929e-01
1.086009135901000039e-01 9.919999999999999929e-01
1.086041688671999933e-01 9.919999999999999929e-01
1.086074241442999966e-01 9.919999999999999929e-01
1.086106794213999999e-01 9.919999999999999929e-01
1.086139346985000032e-01 9.919999999999999929e-01
1.086171899755999926e-01 9.919999999999999929e-01
1.086204452526999958e-01 9.919999999999999929e-01
1.086237005297999991e-01 9.829999999999999849e-01
1.086269558069000024e-01 9.829999999999999849e-01
1.086302110840000057e-01 9.829999999999999849e-01
1.086334663610999951e-01 9.829999999999999849e-01
1.086367216381999984e-01 9.829999999999999849e-01
1.086399769153000017e-01 9.829999999999999849e-01
1.086432321924000050e-01 9.829999999999999849e-01
1.086464874694999944e-01 9.375000000000000000e-01
1.086497427465999976e-01 9.375000000000000000e-01
1.086529980237000009e-01 9.375000000000000000e-01
1.086562533008000042e-01 9.375000000000000000e-01
1.086595085778999936e-01 9.375000000000000000e-01
1.086627638549999969e-01 9.375000000000000000e-01
1.086660191321000002e-01 9.375000000000000000e-01
1.086692744092000035e-01 9.375000000000000000e-01
1.086725296862999929e-01 9.375000000000000000e-01
1.086757849633999962e-01 9.375000000000000000e-01
1.086790402404999994e-01 9.375000000000000000e-01
1.086822955176000027e-01 9.270000000000000462e-01
1.086855507946999921e-01 9.270000000000000462e-01
1.086888060717999954e-01 9.270000000000000462e-01
1.086920613488999987e-01 9.270000000000000462e-01
1.086953166260000020e-01 9.270000000000000462e-01
1.086985719031000053e-01 9.190000000000000391e-01
1.087018271801999947e-01 9.190000000000000391e-01
1.087050824572999980e-01 9.190000000000000391e-01
1.087083377344000013e-01 9.190000000000000391e-01
1.087115930115000045e-01 9.190000000000000391e-01
1.087148482885999939e-01 9.190000000000000391e-01
1.087181035656999972e-01 9.190000000000000391e-01
1.087213588428000005e-01 9.190000000000000391e-01
1.087246141199000038e-01 9.190000000000000391e-01
1.087278693969999932e-01 9.190000000000000391e-01
1.087311246740999965e-01 9.190000000000000391e-01
1.087343799511999998e-01 9.190000000000000391e-01
1.087376352283000031e-01 9.190000000000000391e-01
1.087408905053999925e-01 9.190000000000000391e-01
1.087441457824999957e-01 9.190000000000000391e-01
1.087474010595999990e-01 9.190000000000000391e-01
1.087506563367000023e-01 9.190000000000000391e-01
1.087539116138000056e-01 9.190000000000000391e-01
1.087571668908999950e-01 9.190000000000000391e-01
1.087604221679999983e-01 9.190000000000000391e-01
1.087636774451000016e-01 9.190000000000000391e-01
1.087669327222000049e-01 9.190000000000000391e-01
1.087701879992999943e-01 9.190000000000000391e-01
1.087734432763999975e-01 9.190000000000000391e-01
1.087766985535000008e-01 9.114999999999999769e-01
1.087799538306000041e-01 9.114999999999999769e-01
1.087832091076999935e-01 9.114999999999999769e-01
1.087864643847999968e-01 9.114999999999999769e-01
1.087897196619000001e-01 9.114999999999999769e-01
1.087929749390000034e-01 9.114999999999999769e-01
1.087962302160999928e-01 9.114999999999999769e-01
1.087994854931999961e-01 9.114999999999999769e-01
1.088027407702999994e-01 9.114999999999999769e-01
1.088059960474000026e-01 9.114999999999999769e-01
1.088092513244999920e-01 9.114999999999999769e-01
1.088125066015999953e-01 9.114999999999999769e-01
1.088157618786999986e-01 9.110000000000000320e-01
1.088190171558000019e-01 9.110000000000000320e-01
1.088222724329000052e-01 9.110000000000000320e-01
1.088255277099999946e-01 9.110000000000000320e-01
1.088287829870999979e-01 9.110000000000000320e-01
1.088320382642000012e-01 9.110000000000000320e-01
1.088352935413000044e-01 9.110000000000000320e-01
1.088385488183999938e-01 9.110000000000000320e-01
1.088418040954999971e-01 9.110000000000000320e-01
1.088450593726000004e-01 9.110000000000000320e-01
1.088483146497000037e-01 9.110000000000000320e-01
1.088515699267999931e-01 9.110000000000000320e-01
1.088548252038999964e-01 9.110000000000000320e-01
1.088580804809999997e-01 9.110000000000000320e-01
1.088613357581000030e-01 9.110000000000000320e-01
1.088645910351999924e-01 9.110000000000000320e-01
1.088678463122999956e-01 9.110000000000000320e-01
1.088711015893999989e-01 9.110000000000000320e-01
1.088743568665000022e-01 9.110000000000000320e-01
1.088776121436000055e-01 9.110000000000000320e-01
1.088808674206999949e-01 9.110000000000000320e-01
1.088841226977999982e-01 9.110000000000000320e-01
1.088873779749000015e-01 9.110000000000000320e-01
1.088906332520000048e-01 9.110000000000000320e-01
1.088938885290999942e-01 9.110000000000000320e-01
1.088971438061999975e-01 9.110000000000000320e-01
1.089003990833000007e-01 8.790000000000000036e-01
1.089036543604000040e-01 8.790000000000000036e-01
1.089069096374999934e-01 8.790000000000000036e-01
1.089101649145999967e-01 8.790000000000000036e-01
1.089134201917000000e-01 8.715000000000000524e-01
1.089166754688000033e-01 8.715000000000000524e-01
1.089199307458999927e-01 8.715000000000000524e-01
1.089231860229999960e-01 8.715000000000000524e-01
1.089264413000999993e-01 8.655000000000000471e-01
1.089296965772000025e-01 8.655000000000000471e-01
1.089329518542999919e-01 8.655000000000000471e-01
1.089362071313999952e-01 8.655000000000000471e-01
1.089394624084999985e-01 8.655000000000000471e-01
1.089427176856000018e-01 8.655000000000000471e-01
1.089459729627000051e-01 8.655000000000000471e-01
1.089492282397999945e-01 8.635000000000000453e-01
1.089524835168999978e-01 8.635000000000000453e-01
1.089557387940000011e-01 8.635000000000000453e-01
1.089589940711000043e-01 8.635000000000000453e-01
1.089622493481999937e-01 8.635000000000000453e-01
1.089655046252999970e-01 8.635000000000000453e-01
1.089687599024000003e-01 8.635000000000000453e-01
1.089720151795000036e-01 8.635000000000000453e-01
1.089752704565999930e-01 8.629999999999999893e-01
1.089785257336999963e-01 8.629999999999999893e-01
1.089817810107999996e-01 8.629999999999999893e-01
1.089850362879000029e-01 8.629999999999999893e-01
1.089882915649999923e-01 8.629999999999999893e-01
1.089915468420999956e-01 8.629999999999999893e-01
1.089948021191999988e-01 8.629999999999999893e-01
1.089980573963000021e-01 8.629999999999999893e-01
1.089999999999999997e-01 8.629999999999999893e-01
1.090028302496000023e-01 8.629999999999999893e-01
1.090056604992000050e-01 8.461715000000000764e-01
1.090084907487999938e-01 8.461715000000000764e-01
1.090113209983999965e-01 8.461715000000000764e-01
1.090141512479999991e-01 8.379729999999999679e-01
1.090169814976000018e-01 8.349524999999999864e-01
1.090198117472000044e-01 8.349524999999999864e-01
1.090226419967999932e-01 8.332264999999999810e-01
1.090254722463999959e-01 8.332264999999999810e-01
1.090283024959999986e-01 8.245964999999999545e-01
1.090311327456000012e-01 8.245964999999999545e-01
1.090339629952000039e-01 8.245964999999999545e-01
1.090367932448000066e-01 8.245964999999999545e-01
1.090396234943999954e-01 8.207129999999999148e-01
1.090424537439999980e-01 8.207129999999999148e-01
1.090452839936000007e-01 8.151034999999999808e-01
1.090481142432000033e-01 8.151034999999999808e-01
1.090509444928000060e-01 8.151034999999999808e-01
1.090537747423999948e-01 8.151034999999999808e-01
1.090566049919999975e-01 8.151034999999999808e-01
1.090594352416000001e-01 8.094939999999999358e-01
1.090622654912000028e-01 8.094939999999999358e-01
1.090650957408000055e-01 8.056105000000000071e-01
1.090679259903999943e-01 8.056105000000000071e-01
1.090707562399999969e-01 8.056105000000000071e-01
1.090735864895999996e-01 8.021584999999999965e-01
1.090764167392000022e-01 7.969804999999999806e-01
1.090792469888000049e-01 7.969804999999999806e-01
1.090820772383999937e-01 7.732480000000000464e-01
1.090849074879999964e-01 7.732480000000000464e-01
1.090877377375999990e-01 7.732480000000000464e-01
1.090905679872000017e-01 7.732480000000000464e-01
1.090933982368000044e-01 7.732480000000000464e-01
1.090962284863999932e-01 7.659124999999999961e-01
1.090990587359999958e-01 7.525359999999999827e-01
1.091018889855999985e-01 7.525359999999999827e-01
1.091047192352000011e-01 7.525359999999999827e-01
1.091075494848000038e-01 7.525359999999999827e-01
1.091103797344000065e-01 7.525359999999999827e-01
1.091132099839999953e-01 7.525359999999999827e-01
1.091160402335999979e-01 7.525359999999999827e-01
1.091188704832000006e-01 7.490839999999999721e-01
1.091217007328000033e-01 7.490839999999999721e-01
1.091245309824000059e-01 7.490839999999999721e-01
1.091273612319999947e-01 7.490839999999999721e-01
1.091301914815999974e-01 7.490839999999999721e-01
1.091330217312000000e-01 7.469265000000000487e-01
1.091358519808000027e-01 7.469265000000000487e-01
1.091386822304000054e-01 7.469265000000000487e-01
1.091415124799999942e-01 7.469265000000000487e-01
1.091443427295999968e-01 7.469265000000000487e-01
1.091471729791999995e-01 7.469265000000000487e-01
1.091500032288000022e-01 7.469265000000000487e-01
1.091528334784000048e-01 7.469265000000000487e-01
1.091556637279999936e-01 7.469265000000000487e-01
1.091584939775999963e-01 7.469265000000000487e-01
1.091613242271999989e-01 7.413170000000000037e-01
1.091641544768000016e-01 7.413170000000000037e-01
1.091669847264000043e-01 7.413170000000000037e-01
1.091698149759999931e-01 7.413170000000000037e-01
1.091726452255999957e-01 7.305295000000000538e-01
1.091754754751999984e-01 7.305295000000000538e-01
1.091783057248000011e-01 7.305295000000000538e-01
1.091811359744000037e-01 7.305295000000000538e-01
1.091839662240000064e-01 7.305295000000000538e-01
1.091867964735999952e-01 7.292349999999999666e-01
1.091896267231999978e-01 7.292349999999999666e-01
1.091924569728000005e-01 7.270775000000000432e-01
1.091952872224000032e-01 7.270775000000000432e-01
1.091981174720000058e-01 7.244884999999999797e-01
1.092009477215999946e-01 7.244884999999999797e-01
1.092037779711999973e-01 7.244884999999999797e-01
1.092066082208000000e-01 7.244884999999999797e-01
1.092094384704000026e-01 6.955780000000000296e-01
1.092122687200000053e-01 6.955780000000000296e-01
1.092150989695999941e-01 6.951465000000000005e-01
1.092179292191999967e-01 6.951465000000000005e-01
1.092207594687999994e-01 6.951465000000000005e-01
1.092235897184000021e-01 6.951465000000000005e-01
1.092264199680000047e-01 6.951465000000000005e-01
1.092292502175999935e-01 6.938520000000000243e-01
1.092320804671999962e-01 6.925574999999999370e-01
1.092349107167999989e-01 6.925574999999999370e-01
1.092377409664000015e-01 6.925574999999999370e-01
1.092405712160000042e-01 6.925574999999999370e-01
1.092434014655999930e-01 6.783179999999999765e-01
1.092462317151999956e-01 6.752974999999999950e-01
1.092490619647999983e-01 6.662360000000000504e-01
1.092518922144000010e-01 6.662360000000000504e-01
1.092547224640000036e-01 6.645100000000000451e-01
1.092575527136000063e-01 6.645100000000000451e-01
1.092603829631999951e-01 6.601949999999999763e-01
1.092632132127999978e-01 6.601949999999999763e-01
1.092660434624000004e-01 6.601949999999999763e-01
1.092688737120000031e-01 6.601949999999999763e-01
1.092717039616000058e-01 6.580374999999999419e-01
1.092745342111999945e-01 6.558800000000000185e-01
1.092773644607999972e-01 6.558800000000000185e-01
1.092801947103999999e-01 6.550169999999999604e-01
1.092830249600000025e-01 6.541540000000000132e-01
1.092858552096000052e-01 6.541540000000000132e-01
1.092886854591999940e-01 6.541540000000000132e-01
1.092915157087999967e-01 6.541540000000000132e-01
1.092943459583999993e-01 6.519964999999999788e-01
1.092971762080000020e-01 6.519964999999999788e-01
1.093000064576000047e-01 6.519964999999999788e-01
1.093028367071999934e-01 6.519964999999999788e-01
1.093056669567999961e-01 6.502704999999999735e-01
1.093084972063999988e-01 6.502704999999999735e-01
1.093113274560000014e-01 6.502704999999999735e-01
1.093141577056000041e-01 6.481129999999999391e-01
1.093169879551999929e-01 6.446610000000000396e-01
1.093198182047999956e-01 6.407774999999999999e-01
1.093226484543999982e-01 6.407774999999999999e-01
1.093254787040000009e-01 6.338734999999999786e-01
1.093283089536000036e-01 6.338734999999999786e-01
1.093311392032000062e-01 6.338734999999999786e-01
1.093339694527999950e-01 6.317159999999999442e-01
1.093367997023999977e-01 6.286955000000000737e-01
1.093396299520000003e-01 6.282639999999999336e-01
1.093424602016000030e-01 6.239489999999999759e-01
1.093452904512000057e-01 6.239489999999999759e-01
1.093481207007999945e-01 6.217915000000000525e-01
1.093509509503999971e-01 6.217915000000000525e-01
1.093537811999999998e-01 6.217915000000000525e-01
1.093566114496000025e-01 6.213600000000000234e-01
1.093594416992000051e-01 6.213600000000000234e-01
1.093622719487999939e-01 6.213600000000000234e-01
1.093651021983999966e-01 6.006479999999999597e-01
1.093679324479999992e-01 6.006479999999999597e-01
1.093707626976000019e-01 6.006479999999999597e-01
1.093735929472000046e-01 6.006479999999999597e-01
1.093764231967999934e-01 5.989219999999999544e-01
1.093792534463999960e-01 5.989219999999999544e-01
1.093820836959999987e-01 5.989219999999999544e-01
1.093849139456000014e-01 5.989219999999999544e-01
1.093877441952000040e-01 5.989219999999999544e-01
1.093905744448000067e-01 5.933125000000000204e-01
1.093934046943999955e-01 5.898605000000000098e-01
1.093962349439999981e-01 5.898605000000000098e-01
1.093990651936000008e-01 5.898605000000000098e-01
1.094018954432000035e-01 5.894290000000000918e-01
1.094047256928000061e-01 5.894290000000000918e-01
1.094075559423999949e-01 5.885660000000000336e-01
1.094103861919999976e-01 5.803675000000000361e-01
1.094132164416000003e-01 5.803675000000000361e-01
1.094160466912000029e-01 5.790730000000000599e-01
1.094188769408000056e-01 5.790730000000000599e-01
1.094217071903999944e-01 5.786415000000000308e-01
1.094245374399999970e-01 5.777784999999999727e-01
1.094273676895999997e-01 5.777784999999999727e-01
1.094301979392000024e-01 5.751895000000000202e-01
1.094330281888000050e-01 5.751895000000000202e-01
1.094358584383999938e-01 5.751895000000000202e-01
1.094386886879999965e-01 5.751895000000000202e-01
1.094415189375999992e-01 5.751895000000000202e-01
1.094443491872000018e-01 5.751895000000000202e-01
1.094471794368000045e-01 5.682854999999999990e-01
1.094500096863999933e-01 5.613814999999999777e-01
1.094528399359999959e-01 5.587924999999999143e-01
1.094556701855999986e-01 5.587924999999999143e-01
1.094585004352000013e-01 5.587924999999999143e-01
1.094613306848000039e-01 5.557720000000000438e-01
1.094641609344000066e-01 5.557720000000000438e-01
1.094669911839999954e-01 5.518885000000000041e-01
1.094698214335999981e-01 5.505940000000000278e-01
1.094726516832000007e-01 5.492994999999999406e-01
1.094754819328000034e-01 5.492994999999999406e-01
1.094783121824000061e-01 5.492994999999999406e-01
1.094811424319999948e-01 5.475734999999999353e-01
1.094839726815999975e-01 5.475734999999999353e-01
1.094868029312000002e-01 5.475734999999999353e-01
1.094896331808000028e-01 5.268614999999999826e-01
1.094924634304000055e-01 5.268614999999999826e-01
1.094952936799999943e-01 5.268614999999999826e-01
1.094981239295999970e-01 5.186629999999999852e-01
1.095000000000000001e-01 5.130535000000000512e-01
1.095025000000000026e-01 5.130535000000000512e-01
1.095050000000000051e-01 5.130535000000000512e-01
1.095074999999999937e-01 5.130535000000000512e-01
1.095099999999999962e-01 5.130535000000000512e-01
1.095124999999999987e-01 5.127969732500000655e-01
1.095150000000000012e-01 5.104882325000000831e-01
1.095175000000000037e-01 5.063838045000000898e-01
1.095200000000000062e-01 5.063838045000000898e-01
1.095224999999999949e-01 5.040750637500001075e-01
1.095249999999999974e-01 5.040750637500001075e-01
1.095274999999999999e-01 5.033054835000000393e-01
1.095300000000000024e-01 5.033054835000000393e-01
1.095325000000000049e-01 5.033054835000000393e-01
1.095349999999999935e-01 4.909921995000000039e-01
1.095374999999999960e-01 4.904791460000000325e-01
1.095399999999999985e-01 4.891965122500000485e-01
1.095425000000000010e-01 4.891965122500000485e-01
1.095450000000000035e-01 4.881704052500000501e-01
1.095475000000000060e-01 4.881704052500000501e-01
1.095499999999999946e-01 4.881704052500000501e-01
1.095524999999999971e-01 4.881704052500000501e-01
1.095549999999999996e-01 4.881704052500000501e-01
1.095575000000000021e-01 4.853486110000000409e-01
1.095600000000000046e-01 4.853486110000000409e-01
1.095625000000000071e-01 4.840659772500000568e-01
1.095649999999999957e-01 4.840659772500000568e-01
1.095674999999999982e-01 4.840659772500000568e-01
1.095700000000000007e-01 4.794484957500000366e-01
1.095725000000000032e-01 4.794484957500000366e-01
1.095750000000000057e-01 4.791919690000000509e-01
1.095774999999999944e-01 4.791919690000000509e-01
1.095799999999999969e-01 4.791919690000000509e-01
1.095824999999999994e-01 4.786789155000000795e-01
1.095850000000000019e-01 4.745744875000000862e-01
1.095875000000000044e-01 4.745744875000000862e-01
1.095900000000000069e-01 4.720092200000000626e-01
1.095924999999999955e-01 4.720092200000000626e-01
1.095949999999999980e-01 4.720092200000000626e-01
1.095975000000000005e-01 4.632873105000000491e-01
1.096000000000000030e-01 4.594394092500000415e-01
1.096025000000000055e-01 4.535392940000000372e-01
1.096049999999999941e-01 4.504609730000000423e-01
1.096074999999999966e-01 4.504609730000000423e-01
1.096099999999999991e-01 4.504609730000000423e-01
1.096125000000000016e-01 4.489218125000000725e-01
1.096150000000000041e-01 4.478957055000000187e-01
1.096175000000000066e-01 4.461000182500000633e-01
1.096199999999999952e-01 4.461000182500000633e-01
1.096224999999999977e-01 4.461000182500000633e-01
1.096250000000000002e-01 4.461000182500000633e-01
1.096275000000000027e-01 4.394303227500000464e-01
1.096300000000000052e-01 4.394303227500000464e-01
1.096324999999999938e-01 4.394303227500000464e-01
1.096349999999999963e-01 4.394303227500000464e-01
1.096374999999999988e-01 4.394303227500000464e-01
1.096400000000000013e-01 4.394303227500000464e-01
1.096425000000000038e-01 4.394303227500000464e-01
1.096450000000000063e-01 4.373781087500000497e-01
1.096474999999999950e-01 4.360954750000000102e-01
1.096499999999999975e-01 4.360954750000000102e-01
1.096525000000000000e-01 4.353258947500000531e-01
1.096550000000000025e-01 4.353258947500000531e-01
1.096575000000000050e-01 4.353258947500000531e-01
1.096599999999999936e-01 4.353258947500000531e-01
1.096624999999999961e-01 4.353258947500000531e-01
1.096649999999999986e-01 4.353258947500000531e-01
1.096675000000000011e-01 4.273735654999999967e-01
1.096700000000000036e-01 4.273735654999999967e-01
1.096725000000000061e-01 4.140341745000000739e-01
1.096749999999999947e-01 4.140341745000000739e-01
1.096774999999999972e-01 4.099297465000000806e-01
1.096799999999999997e-01 4.065948987500000444e-01
1.096825000000000022e-01 4.063383720000000587e-01
1.096850000000000047e-01 4.001817300000000688e-01
1.096874999999999933e-01 4.001817300000000688e-01
1.096899999999999958e-01 4.001817300000000688e-01
1.096924999999999983e-01 4.001817300000000688e-01
1.096950000000000008e-01 4.001817300000000688e-01
1.096975000000000033e-01 4.001817300000000688e-01
1.097000000000000058e-01 3.999252032500000276e-01
1.097024999999999945e-01 3.929989810000000250e-01
1.097049999999999970e-01 3.929989810000000250e-01
1.097074999999999995e-01 3.919728740000000267e-01
1.097100000000000020e-01 3.888945530000000317e-01
1.097125000000000045e-01 3.853031785000000653e-01
1.097150000000000070e-01 3.837640180000000401e-01
1.097174999999999956e-01 3.837640180000000401e-01
1.097199999999999981e-01 3.837640180000000401e-01
1.097225000000000006e-01 3.837640180000000401e-01
1.097250000000000031e-01 3.824813842500000560e-01
1.097275000000000056e-01 3.824813842500000560e-01
1.097299999999999942e-01 3.824813842500000560e-01
1.097324999999999967e-01 3.822248575000000148e-01
1.097349999999999992e-01 3.627288244999999911e-01
1.097375000000000017e-01 3.627288244999999911e-01
1.097400000000000042e-01 3.614461907500000626e-01
1.097425000000000067e-01 3.614461907500000626e-01
1.097449999999999953e-01 3.614461907500000626e-01
1.097474999999999978e-01 3.614461907500000626e-01
1.097500000000000003e-01 3.606766104999999945e-01
1.097525000000000028e-01 3.604200837500000643e-01
1.097550000000000053e-01 3.599070302500000373e-01
1.097574999999999940e-01 3.599070302500000373e-01
1.097599999999999965e-01 3.599070302500000373e-01
1.097624999999999990e-01 3.599070302500000373e-01
1.097650000000000015e-01 3.591374500000000247e-01
1.097675000000000040e-01 3.591374500000000247e-01
1.097700000000000065e-01 3.591374500000000247e-01
1.097724999999999951e-01 3.463111125000000734e-01
1.097749999999999976e-01 3.463111125000000734e-01
1.097775000000000001e-01 3.455415322500000053e-01
1.097800000000000026e-01 3.455415322500000053e-01
1.097825000000000051e-01 3.429762647500000372e-01
1.097849999999999937e-01 3.429762647500000372e-01
1.097874999999999962e-01 3.429762647500000372e-01
1.097899999999999987e-01 3.419501577500000389e-01
1.097925000000000012e-01 3.393848902500000153e-01
1.097950000000000037e-01 3.342543552500000237e-01
1.097975000000000062e-01 3.324586680000000682e-01
1.097999999999999948e-01 3.324586680000000682e-01
1.098024999999999973e-01 3.311760342500000287e-01
1.098049999999999998e-01 3.250193922499999832e-01
1.098075000000000023e-01 3.250193922499999832e-01
1.098100000000000048e-01 3.224541247500000152e-01
1.098125000000000073e-01 3.224541247500000152e-01
1.098149999999999959e-01 3.186062235000000076e-01
1.098174999999999985e-01 3.093712605000000226e-01
1.098200000000000010e-01 3.093712605000000226e-01
1.098225000000000035e-01 3.093712605000000226e-01
1.098250000000000060e-01 3.093712605000000226e-01
1.098274999999999946e-01 3.083451535000000243e-01
1.098299999999999971e-01 3.070625197500000403e-01
1.098324999999999996e-01 3.070625197500000403e-01
1.098350000000000021e-01 3.065494662500000689e-01
1.098375000000000046e-01 3.065494662500000689e-01
1.098400000000000071e-01 3.062929395000000277e-01
1.098424999999999957e-01 3.062929395000000277e-01
1.098449999999999982e-01 3.052668325000000293e-01
1.098475000000000007e-01 3.037276720000000041e-01
1.098500000000000032e-01 3.009058777500000503e-01
1.098525000000000057e-01 3.009058777500000503e-01
1.098549999999999943e-01 3.009058777500000503e-01
1.098574999999999968e-01 2.942361822500000335e-01
1.098599999999999993e-01 2.942361822500000335e-01
1.098625000000000018e-01 2.898752274999999989e-01
1.098650000000000043e-01 2.896187007500000132e-01
1.098675000000000068e-01 2.896187007500000132e-01
1.098699999999999954e-01 2.875664867500000166e-01
1.098724999999999979e-01 2.857707995000000611e-01
1.098750000000000004e-01 2.857707995000000611e-01
1.098775000000000029e-01 2.832055320000000376e-01
1.098800000000000054e-01 2.808967912499999997e-01
1.098824999999999941e-01 2.803837377500000283e-01
1.098849999999999966e-01 2.732009887500000400e-01
1.098874999999999991e-01 2.732009887500000400e-01
1.098900000000000016e-01 2.732009887500000400e-01
1.098925000000000041e-01 2.732009887500000400e-01
1.098950000000000066e-01 2.729444620000000543e-01
1.098974999999999952e-01 2.729444620000000543e-01
1.098999999999999977e-01 2.724314085000000274e-01
1.099025000000000002e-01 2.721748817499999862e-01
1.099050000000000027e-01 2.714053015000000291e-01
1.099075000000000052e-01 2.693530875000000324e-01
1.099099999999999938e-01 2.693530875000000324e-01
1.099124999999999963e-01 2.675574002500000215e-01
1.099149999999999988e-01 2.675574002500000215e-01
1.099175000000000013e-01 2.660182397499999962e-01
1.099200000000000038e-01 2.642225525000000408e-01
1.099225000000000063e-01 2.624268652500000298e-01
1.099249999999999949e-01 2.624268652500000298e-01
1.099274999999999974e-01 2.601181245000000475e-01
1.099299999999999999e-01 2.434438857500000053e-01
1.099325000000000024e-01 2.434438857500000053e-01
1.099350000000000049e-01 2.431873590000000196e-01
1.099374999999999936e-01 2.395959845000000255e-01
1.099399999999999961e-01 2.390829310000000263e-01
1.099424999999999986e-01 2.390829310000000263e-01
1.099450000000000011e-01 2.390829310000000263e-01
1.099475000000000036e-01 2.390829310000000263e-01
1.099500000000000061e-01 2.390829310000000263e-01
1.099524999999999947e-01 2.347219762500000195e-01
1.099549999999999972e-01 2.347219762500000195e-01
1.099574999999999997e-01 2.347219762500000195e-01
1.099600000000000022e-01 2.347219762500000195e-01
1.099625000000000047e-01 2.347219762500000195e-01
1.099650000000000072e-01 2.347219762500000195e-01
1.099674999999999958e-01 2.344654495000000338e-01
1.099699999999999983e-01 2.344654495000000338e-01
1.099725000000000008e-01 2.344654495000000338e-01
1.099750000000000033e-01 2.344654495000000338e-01
1.099775000000000058e-01 2.344654495000000338e-01
1.099799999999999944e-01 2.344654495000000338e-01
1.099824999999999969e-01 2.339523960000000347e-01
1.099849999999999994e-01 2.339523960000000347e-01
1.099875000000000019e-01 2.339523960000000347e-01
1.099900000000000044e-01 2.339523960000000347e-01
1.099925000000000069e-01 2.339523960000000347e-01
1.099949999999999956e-01 2.334393425000000355e-01
1.099974999999999981e-01 2.334393425000000355e-01
1.100000000000000006e-01 2.334393425000000355e-01
1.100000000000000006e-01 2.334393425000000355e-01
1.100020000000000026e-01 2.334393425000000355e-01
1.100040000000000046e-01 2.334393425000000355e-01
1.100060000000000066e-01 2.334393425000000355e-01
1.100079999999999947e-01 2.325032448859649381e-01
1.100099999999999967e-01 2.325032448859649381e-01
1.100119999999999987e-01 2.301630008508772085e-01
1.100140000000000007e-01 2.295779398421053108e-01
1.100160000000000027e-01 2.295779398421053108e-01
1.100180000000000047e-01 2.278227568157895067e-01
1.100200000000000067e-01 2.278227568157895067e-01
1.100219999999999948e-01 2.253655005789474142e-01
1.100239999999999968e-01 2.253655005789474142e-01
1.100259999999999988e-01 2.253655005789474142e-01
1.100280000000000008e-01 2.251314761754386329e-01
1.100300000000000028e-01 2.223231833333333685e-01
1.100320000000000048e-01 2.222061711315789778e-01
1.100340000000000068e-01 2.222061711315789778e-01
1.100359999999999949e-01 2.219721467280701965e-01
1.100379999999999969e-01 2.219721467280701965e-01
1.100399999999999989e-01 2.219721467280701965e-01
1.100420000000000009e-01 2.219721467280701965e-01
1.100440000000000029e-01 2.219721467280701965e-01
1.100460000000000049e-01 2.219721467280701965e-01
1.100480000000000069e-01 2.195148904912281040e-01
1.100499999999999950e-01 2.195148904912281040e-01
1.100519999999999970e-01 2.195148904912281040e-01
1.100539999999999990e-01 2.195148904912281040e-01
1.100560000000000010e-01 2.195148904912281040e-01
1.100580000000000030e-01 2.195148904912281040e-01
1.100600000000000050e-01 2.192808660877193228e-01
1.100620000000000070e-01 2.167065976491228396e-01
1.100639999999999952e-01 2.167065976491228396e-01
1.100659999999999972e-01 2.167065976491228396e-01
1.100679999999999992e-01 2.149514146228070355e-01
1.100700000000000012e-01 2.149514146228070355e-01
1.100720000000000032e-01 2.146003780175438913e-01
1.100740000000000052e-01 2.143663536140351378e-01
1.100760000000000072e-01 2.136642804035088217e-01
1.100779999999999953e-01 2.130792193947368685e-01
1.100799999999999973e-01 2.130792193947368685e-01
1.100819999999999993e-01 2.130792193947368685e-01
1.100840000000000013e-01 2.130792193947368685e-01
1.100860000000000033e-01 2.130792193947368685e-01
1.100880000000000053e-01 2.051223896754386378e-01
1.100900000000000073e-01 2.051223896754386378e-01
1.100919999999999954e-01 2.051223896754386378e-01
1.100939999999999974e-01 2.048883652719298565e-01
1.100959999999999994e-01 2.048883652719298565e-01
1.100980000000000014e-01 1.993887917894737183e-01
1.101000000000000034e-01 1.993887917894737183e-01
1.101020000000000054e-01 1.878045838157895164e-01
1.101040000000000074e-01 1.860494007894737123e-01
1.101059999999999955e-01 1.859323885877193216e-01
1.101079999999999975e-01 1.821879981315789598e-01
1.101099999999999995e-01 1.821879981315789598e-01
1.101120000000000015e-01 1.821879981315789598e-01
1.101140000000000035e-01 1.814859249210526437e-01
1.101160000000000055e-01 1.812519005175438902e-01
1.101180000000000075e-01 1.812519005175438902e-01
1.101199999999999957e-01 1.809008639122807460e-01
1.101219999999999977e-01 1.809008639122807460e-01
1.101239999999999997e-01 1.809008639122807460e-01
1.101260000000000017e-01 1.809008639122807460e-01
1.101280000000000037e-01 1.809008639122807460e-01
1.101300000000000057e-01 1.809008639122807460e-01
1.101319999999999938e-01 1.809008639122807460e-01
1.101339999999999958e-01 1.798477540964912580e-01
1.101359999999999978e-01 1.798477540964912580e-01
1.101379999999999998e-01 1.798477540964912580e-01
1.101400000000000018e-01 1.798477540964912580e-01
1.101420000000000038e-01 1.776245222631579190e-01
1.101440000000000058e-01 1.776245222631579190e-01
1.101459999999999939e-01 1.776245222631579190e-01
1.101479999999999959e-01 1.776245222631579190e-01
1.101499999999999979e-01 1.776245222631579190e-01
1.101519999999999999e-01 1.776245222631579190e-01
1.101540000000000019e-01 1.756353148333333614e-01
1.101560000000000039e-01 1.756353148333333614e-01
1.101580000000000059e-01 1.756353148333333614e-01
1.101599999999999940e-01 1.755183026315789707e-01
1.101619999999999960e-01 1.751672660263157988e-01
1.101639999999999980e-01 1.751672660263157988e-01
1.101660000000000000e-01 1.751672660263157988e-01
1.101680000000000020e-01 1.751672660263157988e-01
1.101700000000000040e-01 1.751672660263157988e-01
1.101720000000000060e-01 1.702527535526316138e-01
1.101739999999999942e-01 1.690826315350877351e-01
1.101759999999999962e-01 1.690826315350877351e-01
1.101779999999999982e-01 1.690826315350877351e-01
1.101800000000000002e-01 1.690826315350877351e-01
1.101820000000000022e-01 1.690826315350877351e-01
1.101840000000000042e-01 1.690826315350877351e-01
1.101860000000000062e-01 1.690826315350877351e-01
1.101879999999999943e-01 1.690826315350877351e-01
1.101899999999999963e-01 1.683805583245614468e-01
1.101919999999999983e-01 1.683805583245614468e-01
1.101940000000000003e-01 1.668593997017544239e-01
1.101960000000000023e-01 1.668593997017544239e-01
1.101980000000000043e-01 1.666253752982456426e-01
1.102000000000000063e-01 1.666253752982456426e-01
1.102019999999999944e-01 1.666253752982456426e-01
1.102039999999999964e-01 1.666253752982456426e-01
1.102059999999999984e-01 1.666253752982456426e-01
1.102080000000000004e-01 1.634660458508772063e-01
1.102100000000000024e-01 1.631150092456140621e-01
1.102120000000000044e-01 1.608917774122807232e-01
1.102140000000000064e-01 1.571473869561403613e-01
1.102159999999999945e-01 1.571473869561403613e-01
1.102179999999999965e-01 1.571473869561403613e-01
1.102199999999999985e-01 1.566793381491228265e-01
1.102220000000000005e-01 1.566793381491228265e-01
1.102240000000000025e-01 1.566793381491228265e-01
1.102260000000000045e-01 1.552751917280701943e-01
1.102280000000000065e-01 1.549241551228070501e-01
1.102299999999999947e-01 1.545731185175438782e-01
1.102319999999999967e-01 1.545731185175438782e-01
1.102339999999999987e-01 1.534029965000000273e-01
1.102360000000000007e-01 1.534029965000000273e-01
1.102380000000000027e-01 1.534029965000000273e-01
1.102400000000000047e-01 1.534029965000000273e-01
1.102420000000000067e-01 1.534029965000000273e-01
1.102439999999999948e-01 1.523498866842105670e-01
1.102459999999999968e-01 1.514137890701754696e-01
1.102479999999999988e-01 1.514137890701754696e-01
1.102500000000000008e-01 1.514137890701754696e-01
1.102520000000000028e-01 1.436909837543859925e-01
1.102540000000000048e-01 1.436909837543859925e-01
1.102560000000000068e-01 1.436909837543859925e-01
1.102579999999999949e-01 1.436909837543859925e-01
1.102599999999999969e-01 1.436909837543859925e-01
1.102619999999999989e-01 1.436909837543859925e-01
1.102640000000000009e-01 1.436909837543859925e-01
1.102660000000000029e-01 1.409997031140351187e-01
1.102680000000000049e-01 1.409997031140351187e-01
1.102700000000000069e-01 1.408826909122807280e-01
1.102719999999999950e-01 1.408826909122807280e-01
1.102739999999999970e-01 1.408826909122807280e-01
1.102759999999999990e-01 1.400636055000000213e-01
1.102780000000000010e-01 1.400636055000000213e-01
1.102800000000000030e-01 1.400636055000000213e-01
1.102820000000000050e-01 1.390104956842105610e-01
1.102840000000000070e-01 1.390104956842105610e-01
1.102859999999999951e-01 1.390104956842105610e-01
1.102879999999999971e-01 1.390104956842105610e-01
1.102899999999999991e-01 1.380743980701754636e-01
1.102920000000000011e-01 1.373723248596491475e-01
1.102940000000000031e-01 1.373723248596491475e-01
1.102960000000000051e-01 1.373723248596491475e-01
1.102980000000000071e-01 1.373723248596491475e-01
1.102999999999999953e-01 1.371383004561403662e-01
1.103019999999999973e-01 1.371383004561403662e-01
1.103039999999999993e-01 1.371383004561403662e-01
1.103060000000000013e-01 1.371383004561403662e-01
1.103080000000000033e-01 1.371383004561403662e-01
1.103100000000000053e-01 1.371383004561403662e-01
1.103120000000000073e-01 1.371383004561403662e-01
1.103139999999999954e-01 1.371383004561403662e-01
1.103159999999999974e-01 1.371383004561403662e-01
1.103179999999999994e-01 1.371383004561403662e-01
1.103200000000000014e-01 1.371383004561403662e-01
1.103220000000000034e-01 1.371383004561403662e-01
1.103240000000000054e-01 1.371383004561403662e-01
1.103260000000000074e-01 1.370212882543859756e-01
1.103279999999999955e-01 1.370212882543859756e-01
1.103299999999999975e-01 1.370212882543859756e-01
1.103319999999999995e-01 1.370212882543859756e-01
1.103340000000000015e-01 1.347980564210526644e-01
1.103360000000000035e-01 1.342129954122807112e-01
1.103380000000000055e-01 1.324578123859649348e-01
1.103400000000000075e-01 1.321067757807017906e-01
1.103419999999999956e-01 1.321067757807017906e-01
1.103439999999999976e-01 1.321067757807017906e-01
1.103459999999999996e-01 1.321067757807017906e-01
1.103480000000000016e-01 1.297665317456140610e-01
1.103500000000000036e-01 1.297665317456140610e-01
1.103520000000000056e-01 1.297665317456140610e-01
1.103540000000000076e-01 1.297665317456140610e-01
1.103559999999999958e-01 1.297665317456140610e-01
1.103579999999999978e-01 1.297665317456140610e-01
1.103599999999999998e-01 1.297665317456140610e-01
1.103620000000000018e-01 1.297665317456140610e-01
1.103640000000000038e-01 1.297665317456140610e-01
1.103660000000000058e-01 1.297665317456140610e-01
1.103679999999999939e-01 1.297665317456140610e-01
1.103699999999999959e-01 1.297665317456140610e-01
1.103719999999999979e-01 1.297665317456140610e-01
1.103739999999999999e-01 1.297665317456140610e-01
1.103760000000000019e-01 1.297665317456140610e-01
1.103780000000000039e-01 1.297665317456140610e-01
1.103800000000000059e-01 1.297665317456140610e-01
1.103819999999999940e-01 1.297665317456140610e-01
1.103839999999999960e-01 1.297665317456140610e-01
1.103859999999999980e-01 1.297665317456140610e-01
1.103880000000000000e-01 1.295325073421052797e-01
1.103900000000000020e-01 1.294154951403508891e-01
1.103920000000000040e-01 1.294154951403508891e-01
1.103940000000000060e-01 1.294154951403508891e-01
1.103959999999999941e-01 1.294154951403508891e-01
1.103979999999999961e-01 1.294154951403508891e-01
1.103999999999999981e-01 1.294154951403508891e-01
1.104020000000000001e-01 1.294154951403508891e-01
1.104040000000000021e-01 1.294154951403508891e-01
1.104060000000000041e-01 1.294154951403508891e-01
1.104080000000000061e-01 1.294154951403508891e-01
1.104099999999999943e-01 1.281283609210526475e-01
1.104119999999999963e-01 1.276603121140351127e-01
1.104139999999999983e-01 1.276603121140351127e-01
1.104160000000000003e-01 1.276603121140351127e-01
1.104180000000000023e-01 1.276603121140351127e-01
1.104200000000000043e-01 1.252030558771929925e-01
1.104220000000000063e-01 1.252030558771929925e-01
1.104239999999999944e-01 1.200545190000000123e-01
1.104259999999999964e-01 1.199375067982456355e-01
1.104279999999999984e-01 1.199375067982456355e-01
1.104300000000000004e-01 1.199375067982456355e-01
1.104320000000000024e-01 1.199375067982456355e-01
1.104340000000000044e-01 1.184163481754386266e-01
1.104360000000000064e-01 1.184163481754386266e-01
1.104379999999999945e-01 1.184163481754386266e-01
1.104399999999999965e-01 1.184163481754386266e-01
1.104419999999999985e-01 1.184163481754386266e-01
1.104440000000000005e-01 1.184163481754386266e-01
1.104460000000000025e-01 1.184163481754386266e-01
1.104480000000000045e-01 1.165441529473684457e-01
1.104500000000000065e-01 1.165441529473684457e-01
1.104519999999999946e-01 1.165441529473684457e-01
1.104539999999999966e-01 1.165441529473684457e-01
1.104559999999999986e-01 1.158420797368421157e-01
1.104580000000000006e-01 1.158420797368421157e-01
1.104600000000000026e-01 1.158420797368421157e-01
1.104620000000000046e-01 1.156080553333333483e-01
1.104640000000000066e-01 1.154910431315789576e-01
1.104659999999999948e-01 1.146719577192982509e-01
1.104679999999999968e-01 1.142039089122807161e-01
1.104699999999999988e-01 1.142039089122807161e-01
1.104720000000000008e-01 1.142039089122807161e-01
1.104740000000000028e-01 1.142039089122807161e-01
1.104760000000000048e-01 1.142039089122807161e-01
1.104780000000000068e-01 1.120976892807017816e-01
1.104799999999999949e-01 1.120976892807017816e-01
1.104819999999999969e-01 1.120976892807017816e-01
1.104839999999999989e-01 1.116296404736842329e-01
1.104860000000000009e-01 1.116296404736842329e-01
1.104880000000000029e-01 1.116296404736842329e-01
1.104900000000000049e-01 1.111615916666666842e-01
1.104920000000000069e-01 1.111615916666666842e-01
1.104939999999999950e-01 1.111615916666666842e-01
1.104959999999999970e-01 1.098744574473684427e-01
1.104979999999999990e-01 1.095234208421052846e-01
1.105000000000000010e-01 1.095234208421052846e-01
1.105000000000000010e-01 1.095234208421052846e-01
1.105015000000000025e-01 1.095234208421052846e-01
1.105030000000000040e-01 1.095234208421052846e-01
1.105045000000000055e-01 1.095234208421052846e-01
1.105060000000000070e-01 1.080960479388999029e-01
1.105074999999999946e-01 1.080960479388999029e-01
1.105089999999999961e-01 1.080960479388999029e-01
1.105104999999999976e-01 1.080960479388999029e-01
1.105119999999999991e-01 1.080960479388999029e-01
1.105135000000000006e-01 1.080960479388999029e-01
1.105150000000000021e-01 1.060098875419074188e-01
1.105165000000000036e-01 1.060098875419074188e-01
1.105180000000000051e-01 1.060098875419074188e-01
1.105195000000000066e-01 1.056255948371982722e-01
1.105209999999999942e-01 1.056255948371982722e-01
1.105224999999999957e-01 1.056255948371982722e-01
1.105239999999999972e-01 1.056255948371982722e-01
1.105254999999999987e-01 1.056255948371982722e-01
1.105270000000000002e-01 1.056255948371982722e-01
1.105285000000000017e-01 1.056255948371982722e-01
1.105300000000000032e-01 1.056255948371982722e-01
1.105315000000000047e-01 1.056255948371982722e-01
1.105330000000000062e-01 1.056255948371982722e-01
1.105345000000000077e-01 1.056255948371982722e-01
1.105359999999999954e-01 1.056255948371982722e-01
1.105374999999999969e-01 1.054059990059359048e-01
1.105389999999999984e-01 1.054059990059359048e-01
1.105404999999999999e-01 1.054059990059359048e-01
1.105420000000000014e-01 1.001356990556391130e-01
1.105435000000000029e-01 1.001356990556391130e-01
1.105450000000000044e-01 1.001356990556391130e-01
1.105465000000000059e-01 1.001356990556391130e-01
1.105480000000000074e-01 9.991610322437674552e-02
1.105494999999999950e-01 9.991610322437674552e-02
1.105509999999999965e-01 9.991610322437674552e-02
1.105524999999999980e-01 9.991610322437674552e-02
1.105539999999999995e-01 9.991610322437674552e-02
1.105555000000000010e-01 9.991610322437674552e-02
1.105570000000000025e-01 9.991610322437674552e-02
1.105585000000000040e-01 9.991610322437674552e-02
1.105600000000000055e-01 9.991610322437674552e-02
1.105615000000000070e-01 9.991610322437674552e-02
1.105629999999999946e-01 9.991610322437674552e-02
1.105644999999999961e-01 9.881812406806490812e-02
1.105659999999999976e-01 9.881812406806490812e-02
1.105674999999999991e-01 9.881812406806490812e-02
1.105690000000000006e-01 9.881812406806490812e-02
1.105705000000000021e-01 9.837893240554018703e-02
1.105720000000000036e-01 9.837893240554018703e-02
1.105735000000000051e-01 9.837893240554018703e-02
1.105750000000000066e-01 9.837893240554018703e-02
1.105764999999999942e-01 9.837893240554018703e-02
1.105779999999999957e-01 9.629277200854770291e-02
1.105794999999999972e-01 9.629277200854770291e-02
1.105809999999999987e-01 9.629277200854770291e-02
1.105825000000000002e-01 9.629277200854770291e-02
1.105840000000000017e-01 9.629277200854770291e-02
1.105855000000000032e-01 9.629277200854770291e-02
1.105870000000000047e-01 9.299883453961220459e-02
1.105885000000000062e-01 9.299883453961220459e-02
1.105900000000000077e-01 9.288903662398102778e-02
1.105914999999999954e-01 9.140676476296004382e-02
1.105929999999999969e-01 9.140676476296004382e-02
1.105944999999999984e-01 9.140676476296004382e-02
1.105959999999999999e-01 9.140676476296004382e-02
1.105975000000000014e-01 9.140676476296004382e-02
1.105990000000000029e-01 9.140676476296004382e-02
1.106005000000000044e-01 9.140676476296004382e-02
1.106020000000000059e-01 9.047348248009498550e-02
1.106035000000000074e-01 9.047348248009498550e-02
1.106049999999999950e-01 9.047348248009498550e-02
1.106064999999999965e-01 9.047348248009498550e-02
1.106079999999999980e-01 9.047348248009498550e-02
1.106094999999999995e-01 8.932060436596755970e-02
1.106110000000000010e-01 8.932060436596755970e-02
1.106125000000000025e-01 8.932060436596755970e-02
1.106140000000000040e-01 8.932060436596755970e-02
1.106155000000000055e-01 8.932060436596755970e-02
1.106170000000000070e-01 8.932060436596755970e-02
1.106184999999999946e-01 8.805792833620895710e-02
1.106199999999999961e-01 8.805792833620895710e-02
1.106214999999999976e-01 8.717954501115950106e-02
1.106229999999999991e-01 8.717954501115950106e-02
1.106245000000000006e-01 8.717954501115950106e-02
1.106260000000000021e-01 8.717954501115950106e-02
1.106275000000000036e-01 8.717954501115950106e-02
1.106290000000000051e-01 8.717954501115950106e-02
1.106305000000000066e-01 8.717954501115950106e-02
1.106319999999999942e-01 8.717954501115950106e-02
1.106334999999999957e-01 8.717954501115950106e-02
1.106349999999999972e-01 8.717954501115950106e-02
1.106364999999999987e-01 8.717954501115950106e-02
1.106380000000000002e-01 8.657565647518798702e-02
1.106395000000000017e-01 8.657565647518798702e-02
1.106410000000000032e-01 8.108576069362882777e-02
1.106425000000000047e-01 8.108576069362882777e-02
1.106440000000000062e-01 7.927409508571429952e-02
1.106455000000000077e-01 7.861530759192721096e-02
1.106469999999999954e-01 7.861530759192721096e-02
1.106484999999999969e-01 7.861530759192721096e-02
1.106499999999999984e-01 7.625465240585677096e-02
1.106514999999999999e-01 7.625465240585677096e-02
1.106530000000000014e-01 7.625465240585677096e-02
1.106545000000000029e-01 7.625465240585677096e-02
1.106560000000000044e-01 7.625465240585677096e-02
1.106575000000000059e-01 7.625465240585677096e-02
1.106590000000000074e-01 7.526647116517611036e-02
1.106604999999999950e-01 7.526647116517611036e-02
1.106619999999999965e-01 7.526647116517611036e-02
1.106634999999999980e-01 7.032556496177286287e-02
1.106649999999999995e-01 7.032556496177286287e-02
1.106665000000000010e-01 7.032556496177286287e-02
1.106680000000000025e-01 6.999617121487931859e-02
1.106695000000000040e-01 6.999617121487931859e-02
1.106710000000000055e-01 6.999617121487931859e-02
1.106725000000000070e-01 6.999617121487931859e-02
1.106739999999999946e-01 6.774531394444005539e-02
1.106754999999999961e-01 6.774531394444005539e-02
1.106769999999999976e-01 6.752571811317768791e-02
1.106784999999999991e-01 6.708652645065296682e-02
1.106800000000000006e-01 6.708652645065296682e-02
1.106815000000000021e-01 6.582385042089436422e-02
1.106830000000000036e-01 6.582385042089436422e-02
1.106845000000000051e-01 6.582385042089436422e-02
1.106860000000000066e-01 6.582385042089436422e-02
1.106874999999999942e-01 6.582385042089436422e-02
1.106889999999999957e-01 6.582385042089436422e-02
1.106904999999999972e-01 6.582385042089436422e-02
1.106919999999999987e-01 6.582385042089436422e-02
1.106935000000000002e-01 6.582385042089436422e-02
1.106950000000000017e-01 6.582385042089436422e-02
1.106965000000000032e-01 6.582385042089436422e-02
1.106980000000000047e-01 6.582385042089436422e-02
1.106995000000000062e-01 6.368279106608627782e-02
1.107010000000000077e-01 6.368279106608627782e-02
1.107024999999999954e-01 6.368279106608627782e-02
1.107039999999999969e-01 6.368279106608627782e-02
1.107054999999999984e-01 6.368279106608627782e-02
1.107069999999999999e-01 6.368279106608627782e-02
1.107085000000000014e-01 6.368279106608627782e-02
1.107100000000000029e-01 6.368279106608627782e-02
1.107115000000000044e-01 6.368279106608627782e-02
1.107130000000000059e-01 6.368279106608627782e-02
1.107145000000000074e-01 6.368279106608627782e-02
1.107159999999999950e-01 6.296910461448358698e-02
1.107174999999999965e-01 6.296910461448358698e-02
1.107189999999999980e-01 6.296910461448358698e-02
1.107204999999999995e-01 6.296910461448358698e-02
1.107220000000000010e-01 6.296910461448358698e-02
1.107235000000000025e-01 6.296910461448358698e-02
1.107250000000000040e-01 6.296910461448358698e-02
1.107265000000000055e-01 6.296910461448358698e-02
1.107280000000000070e-01 6.296910461448358698e-02
1.107294999999999946e-01 6.296910461448358698e-02
1.107309999999999961e-01 6.296910461448358698e-02
1.107324999999999976e-01 6.296910461448358698e-02
1.107339999999999991e-01 6.296910461448358698e-02
1.107355000000000006e-01 6.296910461448358698e-02
1.107370000000000021e-01 6.296910461448358698e-02
1.107385000000000036e-01 6.296910461448358698e-02
1.107400000000000051e-01 6.296910461448358698e-02
1.107415000000000066e-01 5.983986401899486079e-02
1.107430000000000081e-01 5.983986401899486079e-02
1.107444999999999957e-01 5.945557131428572117e-02
1.107459999999999972e-01 5.945557131428572117e-02
1.107474999999999987e-01 5.945557131428572117e-02
1.107490000000000002e-01 5.945557131428572117e-02
1.107505000000000017e-01 5.945557131428572117e-02
1.107520000000000032e-01 5.945557131428572117e-02
1.107535000000000047e-01 5.945557131428572117e-02
1.107550000000000062e-01 5.945557131428572117e-02
1.107565000000000077e-01 5.945557131428572117e-02
1.107579999999999953e-01 5.945557131428572117e-02
1.107594999999999968e-01 5.945557131428572117e-02
1.107609999999999983e-01 5.945557131428572117e-02
1.107624999999999998e-01 5.945557131428572117e-02
1.107640000000000013e-01 5.945557131428572117e-02
1.107655000000000028e-01 5.945557131428572117e-02
1.107670000000000043e-01 5.863208694705185353e-02
1.107685000000000058e-01 5.319709012330828268e-02
1.107700000000000073e-01 5.319709012330828268e-02
1.107714999999999950e-01 5.319709012330828268e-02
1.107729999999999965e-01 5.319709012330828268e-02
1.107744999999999980e-01 5.319709012330828268e-02
1.107759999999999995e-01 5.319709012330828268e-02
1.107775000000000010e-01 5.319709012330828268e-02
1.107790000000000025e-01 5.319709012330828268e-02
1.107805000000000040e-01 5.281279741859913612e-02
1.107820000000000055e-01 5.281279741859913612e-02
1.107835000000000070e-01 5.281279741859913612e-02
1.107849999999999946e-01 5.281279741859913612e-02
1.107864999999999961e-01 5.259320158733677558e-02
1.107879999999999976e-01 5.215400992481204062e-02
1.107894999999999991e-01 5.215400992481204062e-02
1.107910000000000006e-01 5.215400992481204062e-02
1.107925000000000021e-01 5.215400992481204062e-02
1.107940000000000036e-01 5.215400992481204062e-02
1.107955000000000051e-01 5.215400992481204062e-02
1.107970000000000066e-01 5.215400992481204062e-02
1.107985000000000081e-01 5.215400992481204062e-02
1.107999999999999957e-01 5.215400992481204062e-02
1.107999999999999957e-01 5.215400992481204062e-02
1.108012000000000025e-01 5.215400992481204062e-02
1.108023999999999953e-01 5.215400992481204062e-02
1.108036000000000021e-01 5.215400992481204062e-02
1.108047999999999950e-01 5.215400992481204062e-02
1.108060000000000017e-01 5.168321144003439754e-02
1.108071999999999946e-01 5.168321144003439754e-02
1.108084000000000013e-01 5.095085824149140491e-02
1.108095999999999942e-01 5.095085824149140491e-02
1.108108000000000010e-01 5.095085824149140491e-02
1.108119999999999938e-01 5.095085824149140491e-02
1.108132000000000006e-01 5.095085824149140491e-02
1.108143999999999935e-01 5.095085824149140491e-02
1.108156000000000002e-01 5.095085824149140491e-02
1.108167999999999931e-01 5.095085824149140491e-02
1.108179999999999998e-01 5.095085824149140491e-02
1.108191999999999927e-01 5.095085824149140491e-02
1.108203999999999995e-01 5.095085824149140491e-02
1.108215999999999923e-01 5.095085824149140491e-02
1.108227999999999991e-01 5.095085824149140491e-02
1.108239999999999920e-01 5.095085824149140491e-02
1.108251999999999987e-01 5.066314805634950652e-02
1.108263999999999916e-01 5.053237069946683174e-02
1.108275999999999983e-01 5.032312692845454516e-02
1.108287999999999912e-01 5.032312692845454516e-02
1.108299999999999980e-01 5.032312692845454516e-02
1.108311999999999908e-01 5.032312692845454516e-02
1.108323999999999976e-01 5.032312692845454516e-02
1.108335999999999905e-01 5.032312692845454516e-02
1.108347999999999972e-01 5.032312692845454516e-02
1.108359999999999901e-01 4.904150883100429764e-02
1.108371999999999968e-01 4.904150883100429764e-02
1.108383999999999897e-01 4.904150883100429764e-02
1.108395999999999965e-01 4.877995411723894115e-02
1.108407999999999893e-01 4.877995411723894115e-02
1.108419999999999961e-01 4.877995411723894115e-02
1.108432000000000028e-01 4.877995411723894115e-02
1.108443999999999957e-01 4.877995411723894115e-02
1.108456000000000025e-01 4.877995411723894115e-02
1.108467999999999953e-01 4.877995411723894115e-02
1.108480000000000021e-01 4.877995411723894115e-02
1.108491999999999950e-01 4.877995411723894115e-02
1.108504000000000017e-01 4.877995411723894115e-02
1.108515999999999946e-01 4.564129755205467015e-02
1.108528000000000013e-01 4.564129755205467015e-02
1.108539999999999942e-01 4.564129755205467015e-02
1.108552000000000010e-01 4.564129755205467015e-02
1.108563999999999938e-01 4.564129755205467015e-02
1.108576000000000006e-01 4.564129755205467015e-02
1.108587999999999935e-01 4.564129755205467015e-02
1.108600000000000002e-01 4.564129755205467015e-02
1.108611999999999931e-01 4.564129755205467015e-02
1.108623999999999998e-01 4.564129755205467015e-02
1.108635999999999927e-01 4.564129755205467015e-02
1.108647999999999995e-01 4.564129755205467015e-02
1.108659999999999923e-01 4.564129755205467015e-02
1.108671999999999991e-01 4.561514208067813519e-02
1.108683999999999920e-01 4.561514208067813519e-02
1.108695999999999987e-01 4.561514208067813519e-02
1.108707999999999916e-01 4.561514208067813519e-02
1.108719999999999983e-01 4.561514208067813519e-02
1.108731999999999912e-01 4.561514208067813519e-02
1.108743999999999980e-01 4.561514208067813519e-02
1.108755999999999908e-01 4.441199039735749254e-02
1.108767999999999976e-01 4.441199039735749254e-02
1.108779999999999905e-01 4.441199039735749254e-02
1.108791999999999972e-01 4.441199039735749254e-02
1.108803999999999901e-01 4.161335496006818291e-02
1.108815999999999968e-01 4.161335496006818291e-02
1.108827999999999897e-01 4.056713610500675693e-02
1.108839999999999965e-01 4.056713610500675693e-02
1.108851999999999893e-01 4.056713610500675693e-02
1.108863999999999961e-01 4.056713610500675693e-02
1.108876000000000028e-01 4.056713610500675693e-02
1.108887999999999957e-01 4.056713610500675693e-02
1.108900000000000025e-01 4.056713610500675693e-02
1.108911999999999953e-01 4.056713610500675693e-02
1.108924000000000021e-01 4.056713610500675693e-02
1.108935999999999950e-01 4.056713610500675693e-02
1.108948000000000017e-01 4.056713610500675693e-02
1.108959999999999946e-01 4.056713610500675693e-02
1.108972000000000013e-01 4.056713610500675693e-02
1.108983999999999942e-01 4.056713610500675693e-02
1.108996000000000010e-01 4.056713610500675693e-02
1.109007999999999938e-01 4.056713610500675693e-02
1.109020000000000006e-01 4.056713610500675693e-02
1.109031999999999935e-01 4.056713610500675693e-02
1.109044000000000002e-01 4.056713610500675693e-02
1.109055999999999931e-01 4.056713610500675693e-02
1.109067999999999998e-01 4.056713610500675693e-02
1.109079999999999927e-01 4.056713610500675693e-02
1.109091999999999995e-01 4.056713610500675693e-02
1.109103999999999923e-01 4.056713610500675693e-02
1.109115999999999991e-01 4.056713610500675693e-02
1.109127999999999920e-01 4.056713610500675693e-02
1.109139999999999987e-01 4.056713610500675693e-02
1.109151999999999916e-01 3.999171573472297403e-02
1.109163999999999983e-01 3.648688257026719978e-02
1.109175999999999912e-01 3.648688257026719978e-02
1.109187999999999980e-01 3.648688257026719978e-02
1.109199999999999908e-01 3.648688257026719978e-02
1.109211999999999976e-01 3.536219730107616893e-02
1.109223999999999904e-01 3.536219730107616893e-02
1.109235999999999972e-01 3.536219730107616893e-02
1.109247999999999901e-01 3.536219730107616893e-02
1.109259999999999968e-01 3.536219730107616893e-02
1.109271999999999897e-01 3.536219730107616893e-02
1.109283999999999965e-01 3.536219730107616893e-02
1.109296000000000032e-01 3.536219730107616893e-02
1.109307999999999961e-01 3.536219730107616893e-02
1.109320000000000028e-01 3.536219730107616893e-02
1.109331999999999957e-01 3.536219730107616893e-02
1.109344000000000025e-01 3.536219730107616893e-02
1.109355999999999953e-01 3.536219730107616893e-02
1.109368000000000021e-01 3.536219730107616893e-02
1.109379999999999949e-01 3.536219730107616893e-02
1.109392000000000017e-01 3.387133543261363483e-02
1.109403999999999946e-01 3.387133543261363483e-02
1.109416000000000013e-01 3.387133543261363483e-02
1.109427999999999942e-01 3.387133543261363483e-02
1.109440000000000009e-01 3.387133543261363483e-02
1.109451999999999938e-01 3.366209166160135519e-02
1.109464000000000006e-01 3.366209166160135519e-02
1.109475999999999934e-01 3.366209166160135519e-02
1.109488000000000002e-01 3.324360411957678202e-02
1.109499999999999931e-01 3.324360411957678202e-02
1.109511999999999998e-01 3.324360411957678202e-02
1.109523999999999927e-01 3.028803585402825918e-02
1.109535999999999994e-01 3.028803585402825918e-02
1.109547999999999923e-01 3.028803585402825918e-02
1.109559999999999991e-01 3.028803585402825918e-02
1.109571999999999919e-01 3.028803585402825918e-02
1.109583999999999987e-01 3.028803585402825918e-02
1.109595999999999916e-01 3.028803585402825918e-02
1.109607999999999983e-01 3.028803585402825918e-02
1.109619999999999912e-01 3.028803585402825918e-02
1.109631999999999979e-01 3.028803585402825918e-02
1.109643999999999908e-01 3.028803585402825918e-02
1.109655999999999976e-01 2.884948492831879499e-02
1.109667999999999904e-01 2.884948492831879499e-02
1.109679999999999972e-01 2.884948492831879499e-02
1.109691999999999901e-01 2.884948492831879499e-02
1.109703999999999968e-01 2.884948492831879499e-02
1.109716000000000036e-01 2.884948492831879499e-02
1.109727999999999964e-01 2.884948492831879499e-02
1.109740000000000032e-01 2.884948492831879499e-02
1.109751999999999961e-01 2.884948492831879499e-02
1.109764000000000028e-01 2.884948492831879499e-02
1.109775999999999957e-01 2.874486304281265517e-02
1.109788000000000024e-01 2.874486304281265517e-02
1.109799999999999953e-01 2.874486304281265517e-02
1.109812000000000021e-01 2.874486304281265517e-02
1.109823999999999949e-01 2.874486304281265517e-02
1.109836000000000017e-01 2.874486304281265517e-02
1.109847999999999946e-01 2.874486304281265517e-02
1.109860000000000013e-01 2.874486304281265517e-02
1.109871999999999942e-01 2.874486304281265517e-02
1.109884000000000009e-01 2.832637550078808547e-02
1.109895999999999938e-01 2.832637550078808547e-02
1.109908000000000006e-01 2.832637550078808547e-02
1.109919999999999934e-01 2.832637550078808547e-02
1.109932000000000002e-01 2.832637550078808547e-02
1.109943999999999931e-01 2.832637550078808547e-02
1.109955999999999998e-01 2.639087061892444672e-02
1.109967999999999927e-01 2.639087061892444672e-02
1.109979999999999994e-01 2.639087061892444672e-02
1.109991999999999923e-01 2.639087061892444672e-02
1.110000000000000014e-01 2.639087061892444672e-02
1.110010000000000024e-01 2.639087061892444672e-02
1.110020000000000034e-01 2.639087061892444672e-02
1.110030000000000044e-01 2.639087061892444672e-02
1.110040000000000054e-01 2.639087061892444672e-02
1.110050000000000064e-01 2.639087061892444672e-02
1.110060000000000074e-01 2.639087061892444672e-02
1.110069999999999946e-01 2.639087061892444672e-02
1.110079999999999956e-01 2.639087061892444672e-02
1.110089999999999966e-01 2.639087061892444672e-02
1.110099999999999976e-01 2.639087061892444672e-02
1.110109999999999986e-01 2.639087061892444672e-02
1.110119999999999996e-01 2.639087061892444672e-02
1.110130000000000006e-01 2.639087061892444672e-02
1.110140000000000016e-01 2.639087061892444672e-02
1.110150000000000026e-01 2.639087061892444672e-02
1.110160000000000036e-01 2.639087061892444672e-02
1.110170000000000046e-01 2.639087061892444672e-02
1.110180000000000056e-01 2.639087061892444672e-02
1.110190000000000066e-01 2.639087061892444672e-02
1.110200000000000076e-01 2.639087061892444672e-02
1.110209999999999947e-01 2.639087061892444672e-02
1.110219999999999957e-01 2.639087061892444672e-02
1.110229999999999967e-01 2.639087061892444672e-02
1.110239999999999977e-01 2.535123026120924064e-02
1.110249999999999987e-01 2.535123026120924064e-02
1.110259999999999997e-01 2.535123026120924064e-02
1.110270000000000007e-01 2.532457281613962122e-02
1.110280000000000017e-01 2.532457281613962122e-02
1.110290000000000027e-01 2.532457281613962122e-02
1.110300000000000037e-01 2.532457281613962122e-02
1.110310000000000047e-01 2.532457281613962122e-02
1.110320000000000057e-01 2.532457281613962122e-02
1.110330000000000067e-01 2.532457281613962122e-02
1.110340000000000077e-01 2.532457281613962122e-02
1.110349999999999948e-01 2.532457281613962122e-02
1.110359999999999958e-01 2.532457281613962122e-02
1.110369999999999968e-01 2.532457281613962122e-02
1.110379999999999978e-01 2.532457281613962122e-02
1.110389999999999988e-01 2.525792920346556919e-02
1.110399999999999998e-01 2.525792920346556919e-02
1.110410000000000008e-01 2.525792920346556919e-02
1.110420000000000018e-01 2.525792920346556919e-02
1.110430000000000028e-01 2.525792920346556919e-02
1.110440000000000038e-01 2.525792920346556919e-02
1.110450000000000048e-01 2.525792920346556919e-02
1.110460000000000058e-01 2.525792920346556919e-02
1.110470000000000068e-01 2.525792920346556919e-02
1.110480000000000078e-01 2.525792920346556919e-02
1.110489999999999949e-01 2.525792920346556919e-02
1.110499999999999959e-01 2.525792920346556919e-02
1.110509999999999969e-01 2.525792920346556919e-02
1.110519999999999979e-01 2.525792920346556919e-02
1.110529999999999989e-01 2.525792920346556919e-02
1.110539999999999999e-01 2.525792920346556919e-02
1.110550000000000009e-01 2.525792920346556919e-02
1.110560000000000019e-01 2.525792920346556919e-02
1.110570000000000029e-01 2.525792920346556919e-02
1.110580000000000039e-01 2.525792920346556919e-02
1.110590000000000049e-01 2.525792920346556919e-02
1.110600000000000059e-01 2.525792920346556919e-02
1.110610000000000069e-01 2.525792920346556919e-02
1.110620000000000079e-01 2.525792920346556919e-02
1.110629999999999951e-01 2.525792920346556919e-02
1.110639999999999961e-01 2.525792920346556919e-02
1.110649999999999971e-01 2.525792920346556919e-02
1.110659999999999981e-01 2.319197721056996675e-02
1.110669999999999991e-01 2.319197721056996675e-02
1.110680000000000001e-01 2.319197721056996675e-02
1.110690000000000011e-01 2.319197721056996675e-02
1.110700000000000021e-01 2.319197721056996675e-02
1.110710000000000031e-01 2.312533359789591819e-02
1.110720000000000041e-01 2.312533359789591819e-02
1.110730000000000051e-01 2.312533359789591819e-02
1.110740000000000061e-01 2.312533359789591819e-02
1.110750000000000071e-01 2.312533359789591819e-02
1.110760000000000081e-01 2.312533359789591819e-02
1.110769999999999952e-01 2.312533359789591819e-02
1.110779999999999962e-01 2.312533359789591819e-02
1.110789999999999972e-01 2.312533359789591819e-02
1.110799999999999982e-01 2.312533359789591819e-02
1.110809999999999992e-01 2.312533359789591819e-02
1.110820000000000002e-01 2.312533359789591819e-02
1.110830000000000012e-01 2.312533359789591819e-02
1.110840000000000022e-01 2.312533359789591819e-02
1.110850000000000032e-01 2.312533359789591819e-02
1.110860000000000042e-01 2.312533359789591819e-02
1.110870000000000052e-01 2.312533359789591819e-02
1.110880000000000062e-01 2.312533359789591819e-02
1.110890000000000072e-01 2.312533359789591819e-02
1.110900000000000082e-01 2.225896663313324531e-02
1.110909999999999953e-01 2.225896663313324531e-02
1.110919999999999963e-01 2.225896663313324531e-02
1.110929999999999973e-01 2.225896663313324531e-02
1.110939999999999983e-01 2.225896663313324531e-02
1.110949999999999993e-01 2.221898046552881617e-02
1.110960000000000003e-01 2.221898046552881617e-02
1.110970000000000013e-01 2.221898046552881617e-02
1.110980000000000023e-01 2.221898046552881617e-02
1.110990000000000033e-01 2.221898046552881617e-02
1.111000000000000043e-01 2.221898046552881617e-02
1.111010000000000053e-01 2.221898046552881617e-02
1.111020000000000063e-01 2.221898046552881617e-02
1.111030000000000073e-01 2.221898046552881617e-02
1.111040000000000083e-01 2.221898046552881617e-02
1.111049999999999954e-01 1.768721480369330606e-02
1.111059999999999964e-01 1.768721480369330606e-02
1.111069999999999974e-01 1.768721480369330606e-02
1.111079999999999984e-01 1.768721480369330606e-02
1.111089999999999994e-01 1.768721480369330606e-02
1.111100000000000004e-01 1.768721480369330606e-02
1.111110000000000014e-01 1.768721480369330606e-02
1.111120000000000024e-01 1.768721480369330606e-02
1.111130000000000034e-01 1.768721480369330606e-02
1.111140000000000044e-01 1.768721480369330606e-02
1.111150000000000054e-01 1.768721480369330606e-02
1.111160000000000064e-01 1.768721480369330606e-02
1.111170000000000074e-01 1.768721480369330606e-02
1.111180000000000084e-01 1.734066801778823275e-02
1.111189999999999956e-01 1.734066801778823275e-02
1.111199999999999966e-01 1.734066801778823275e-02
1.111209999999999976e-01 1.734066801778823275e-02
1.111219999999999986e-01 1.724736696004456130e-02
1.111229999999999996e-01 1.724736696004456130e-02
1.111240000000000006e-01 1.724736696004456130e-02
1.111250000000000016e-01 1.724736696004456130e-02
1.111260000000000026e-01 1.724736696004456130e-02
1.111270000000000036e-01 1.724736696004456130e-02
1.111280000000000046e-01 1.675420422625658115e-02
1.111290000000000056e-01 1.675420422625658115e-02
1.111300000000000066e-01 1.675420422625658115e-02
1.111310000000000076e-01 1.675420422625658115e-02
1.111319999999999947e-01 1.672754678118696173e-02
1.111329999999999957e-01 1.672754678118696173e-02
1.111339999999999967e-01 1.672754678118696173e-02
1.111349999999999977e-01 1.672754678118696173e-02
1.111359999999999987e-01 1.672754678118696173e-02
1.111369999999999997e-01 1.672754678118696173e-02
1.111380000000000007e-01 1.672754678118696173e-02
1.111390000000000017e-01 1.672754678118696173e-02
1.111400000000000027e-01 1.672754678118696173e-02
1.111410000000000037e-01 1.672754678118696173e-02
1.111420000000000047e-01 1.672754678118696173e-02
1.111430000000000057e-01 1.666090316851290623e-02
1.111440000000000067e-01 1.666090316851290623e-02
1.111450000000000077e-01 1.666090316851290623e-02
1.111459999999999948e-01 1.666090316851290623e-02
1.111469999999999958e-01 1.656760211076923478e-02
1.111479999999999968e-01 1.656760211076923478e-02
1.111489999999999978e-01 1.656760211076923478e-02
1.111499999999999988e-01 1.656760211076923478e-02
1.111509999999999998e-01 1.656760211076923478e-02
1.111520000000000008e-01 1.656760211076923478e-02
1.111530000000000018e-01 1.656760211076923478e-02
1.111540000000000028e-01 1.656760211076923478e-02
1.111550000000000038e-01 1.656760211076923478e-02
1.111560000000000048e-01 1.656760211076923478e-02
1.111570000000000058e-01 1.656760211076923478e-02
1.111580000000000068e-01 1.656760211076923478e-02
1.111590000000000078e-01 1.656760211076923478e-02
1.111599999999999949e-01 1.656760211076923478e-02
1.111609999999999959e-01 1.656760211076923478e-02
1.111619999999999969e-01 1.656760211076923478e-02
1.111629999999999979e-01 1.656760211076923478e-02
1.111639999999999989e-01 1.656760211076923478e-02
1.111649999999999999e-01 1.656760211076923478e-02
1.111660000000000009e-01 1.656760211076923478e-02
1.111670000000000019e-01 1.656760211076923478e-02
1.111680000000000029e-01 1.416843205450337567e-02
1.111690000000000039e-01 1.416843205450337567e-02
1.111700000000000049e-01 1.416843205450337567e-02
1.111710000000000059e-01 1.390185760380717103e-02
1.111720000000000069e-01 1.390185760380717103e-02
1.111730000000000079e-01 1.390185760380717103e-02
1.111739999999999950e-01 1.390185760380717103e-02
1.111749999999999960e-01 1.390185760380717103e-02
1.111759999999999970e-01 1.390185760380717103e-02
1.111769999999999980e-01 1.390185760380717103e-02
1.111779999999999990e-01 1.390185760380717103e-02
1.111790000000000000e-01 1.390185760380717103e-02
1.111800000000000010e-01 1.390185760380717103e-02
1.111810000000000020e-01 1.390185760380717103e-02
1.111820000000000030e-01 1.390185760380717103e-02
1.111830000000000040e-01 1.390185760380717103e-02
1.111840000000000050e-01 1.390185760380717103e-02
1.111850000000000060e-01 1.390185760380717103e-02
1.111860000000000070e-01 1.390185760380717103e-02
1.111870000000000080e-01 1.390185760380717103e-02
1.111879999999999952e-01 1.390185760380717103e-02
1.111889999999999962e-01 1.390185760380717103e-02
1.111899999999999972e-01 1.390185760380717103e-02
1.111909999999999982e-01 1.346200976015842800e-02
1.111919999999999992e-01 1.346200976015842800e-02
1.111930000000000002e-01 1.346200976015842800e-02
1.111940000000000012e-01 1.346200976015842800e-02
1.111950000000000022e-01 1.346200976015842800e-02
1.111960000000000032e-01 1.346200976015842800e-02
1.111970000000000042e-01 1.346200976015842800e-02
1.111980000000000052e-01 1.346200976015842800e-02
1.111990000000000062e-01 1.346200976015842800e-02
1.111999999999999933e-01 1.346200976015842800e-02
1.112007999999999885e-01 1.346200976015842800e-02
1.112015999999999977e-01 1.346200976015842800e-02
1.112023999999999929e-01 1.346200976015842800e-02
1.112031999999999882e-01 1.346200976015842800e-02
1.112039999999999973e-01 1.228408390614456509e-02
1.112047999999999925e-01 1.228408390614456509e-02
1.112055999999999878e-01 1.228408390614456509e-02
1.112063999999999969e-01 1.228408390614456509e-02
1.112071999999999922e-01 1.228408390614456509e-02
1.112079999999999874e-01 1.228408390614456509e-02
1.112087999999999965e-01 1.228408390614456509e-02
1.112095999999999918e-01 1.228408390614456509e-02
1.112103999999999870e-01 1.228408390614456509e-02
1.112111999999999962e-01 1.228408390614456509e-02
1.112119999999999914e-01 1.228408390614456509e-02
1.112127999999999867e-01 1.228408390614456509e-02
1.112135999999999958e-01 1.228408390614456509e-02
1.112143999999999910e-01 1.228408390614456509e-02
1.112152000000000002e-01 1.228408390614456509e-02
1.112159999999999954e-01 1.194080265726052588e-02
1.112167999999999907e-01 1.194080265726052588e-02
1.112175999999999998e-01 1.175906552549838696e-02
1.112183999999999950e-01 1.175906552549838696e-02
1.112191999999999903e-01 1.175906552549838696e-02
1.112199999999999994e-01 1.175906552549838696e-02
1.112207999999999947e-01 1.175906552549838696e-02
1.112215999999999899e-01 1.175906552549838696e-02
1.112223999999999990e-01 1.175906552549838696e-02
1.112231999999999943e-01 1.175906552549838696e-02
1.112239999999999895e-01 1.175906552549838696e-02
1.112247999999999987e-01 1.175906552549838696e-02
1.112255999999999939e-01 1.175906552549838696e-02
1.112263999999999892e-01 1.175906552549838696e-02
1.112271999999999983e-01 1.175906552549838696e-02
1.112279999999999935e-01 1.175906552549838696e-02
1.112287999999999888e-01 1.175906552549838696e-02
1.112295999999999979e-01 1.175906552549838696e-02
1.112303999999999932e-01 1.175906552549838696e-02
1.112311999999999884e-01 1.175906552549838696e-02
1.112319999999999975e-01 1.175906552549838696e-02
1.112327999999999928e-01 1.175906552549838696e-02
1.112335999999999880e-01 1.175906552549838696e-02
1.112343999999999972e-01 1.175906552549838696e-02
1.112351999999999924e-01 1.175906552549838696e-02
1.112359999999999877e-01 1.175906552549838696e-02
1.112367999999999968e-01 1.175906552549838696e-02
1.112375999999999920e-01 1.175906552549838696e-02
1.112383999999999873e-01 1.175906552549838696e-02
1.112391999999999964e-01 1.175906552549838696e-02
1.112399999999999917e-01 1.163117643277688205e-02
1.112407999999999869e-01 1.163117643277688205e-02
1.112415999999999960e-01 1.163117643277688205e-02
1.112423999999999913e-01 1.163117643277688205e-02
1.112432000000000004e-01 1.163117643277688205e-02
1.112439999999999957e-01 1.163117643277688205e-02
1.112447999999999909e-01 1.163117643277688205e-02
1.112456000000000000e-01 1.163117643277688205e-02
1.112463999999999953e-01 1.163117643277688205e-02
1.112471999999999905e-01 1.135520523269363362e-02
1.112479999999999997e-01 1.135520523269363362e-02
1.112487999999999949e-01 1.135520523269363362e-02
1.112495999999999902e-01 1.135520523269363362e-02
1.112503999999999993e-01 1.135520523269363362e-02
1.112511999999999945e-01 1.135520523269363362e-02
1.112519999999999898e-01 1.135520523269363362e-02
1.112527999999999989e-01 1.135520523269363362e-02
1.112535999999999942e-01 1.135520523269363362e-02
1.112543999999999894e-01 1.135520523269363362e-02
1.112551999999999985e-01 1.135520523269363362e-02
1.112559999999999938e-01 1.129462618877292122e-02
1.112567999999999890e-01 1.129462618877292122e-02
1.112575999999999982e-01 8.810885388023690507e-03
1.112583999999999934e-01 8.810885388023690507e-03
1.112591999999999887e-01 8.810885388023690507e-03
1.112599999999999978e-01 8.810885388023690507e-03
1.112607999999999930e-01 8.810885388023690507e-03
1.112615999999999883e-01 8.810885388023690507e-03
1.112623999999999974e-01 8.810885388023690507e-03
1.112631999999999927e-01 8.810885388023690507e-03
1.112639999999999879e-01 8.810885388023690507e-03
1.112647999999999970e-01 8.810885388023690507e-03
1.112655999999999923e-01 8.810885388023690507e-03
1.112663999999999875e-01 8.810885388023690507e-03
1.112671999999999967e-01 8.810885388023690507e-03
1.112679999999999919e-01 8.810885388023690507e-03
1.112687999999999872e-01 8.810885388023690507e-03
1.112695999999999963e-01 8.810885388023690507e-03
1.112703999999999915e-01 8.810885388023690507e-03
1.112712000000000007e-01 8.810885388023690507e-03
1.112719999999999959e-01 8.810885388023690507e-03
1.112727999999999912e-01 8.810885388023690507e-03
1.112736000000000003e-01 8.810885388023690507e-03
1.112743999999999955e-01 8.810885388023690507e-03
1.112751999999999908e-01 8.810885388023690507e-03
1.112759999999999999e-01 8.810885388023690507e-03
1.112767999999999952e-01 8.810885388023690507e-03
1.112775999999999904e-01 8.810885388023690507e-03
1.112783999999999995e-01 8.810885388023690507e-03
1.112791999999999948e-01 8.810885388023690507e-03
1.112799999999999900e-01 8.810885388023690507e-03
1.112807999999999992e-01 8.810885388023690507e-03
1.112815999999999944e-01 8.810885388023690507e-03
1.112823999999999897e-01 8.810885388023690507e-03
1.112831999999999988e-01 8.810885388023690507e-03
1.112839999999999940e-01 8.810885388023690507e-03
1.112847999999999893e-01 8.810885388023690507e-03
1.112855999999999984e-01 8.810885388023690507e-03
1.112863999999999937e-01 8.810885388023690507e-03
1.112871999999999889e-01 8.810885388023690507e-03
1.112879999999999980e-01 8.810885388023690507e-03
1.112887999999999933e-01 8.810885388023690507e-03
1.112895999999999885e-01 8.810885388023690507e-03
1.112903999999999977e-01 8.810885388023690507e-03
1.112911999999999929e-01 8.810885388023690507e-03
1.112919999999999882e-01 8.810885388023690507e-03
1.112927999999999973e-01 8.810885388023690507e-03
1.112935999999999925e-01 8.810885388023690507e-03
1.112943999999999878e-01 8.810885388023690507e-03
1.112951999999999969e-01 8.810885388023690507e-03
1.112959999999999922e-01 8.810885388023690507e-03
1.112968000000000013e-01 8.810885388023690507e-03
1.112975999999999965e-01 8.810885388023690507e-03
1.112983999999999918e-01 8.810885388023690507e-03
1.112992000000000009e-01 8.810885388023690507e-03
1.112999999999999962e-01 8.810885388023690507e-03
1.113007999999999914e-01 8.810885388023690507e-03
1.113016000000000005e-01 8.810885388023690507e-03
1.113023999999999958e-01 8.810885388023690507e-03
1.113031999999999910e-01 8.810885388023690507e-03
1.113040000000000002e-01 8.810885388023690507e-03
1.113047999999999954e-01 8.810885388023690507e-03
1.113055999999999907e-01 8.810885388023690507e-03
1.113063999999999998e-01 8.810885388023690507e-03
1.113071999999999950e-01 8.810885388023690507e-03
1.113079999999999903e-01 8.810885388023690507e-03
1.113087999999999994e-01 8.810885388023690507e-03
1.113095999999999947e-01 8.810885388023690507e-03
1.113103999999999899e-01 8.810885388023690507e-03
1.113111999999999990e-01 8.810885388023690507e-03
1.113119999999999943e-01 6.327144587274460656e-03
1.113127999999999895e-01 6.327144587274460656e-03
1.113135999999999987e-01 6.327144587274460656e-03
1.113143999999999939e-01 6.327144587274460656e-03
1.113151999999999892e-01 6.327144587274460656e-03
1.113159999999999983e-01 6.327144587274460656e-03
1.113167999999999935e-01 6.327144587274460656e-03
1.113175999999999888e-01 6.327144587274460656e-03
1.113183999999999979e-01 6.327144587274460656e-03
1.113191999999999932e-01 6.327144587274460656e-03
1.113199999999999884e-01 6.327144587274460656e-03
1.113207999999999975e-01 6.327144587274460656e-03
1.113215999999999928e-01 6.327144587274460656e-03
1.113223999999999880e-01 6.327144587274460656e-03
1.113231999999999972e-01 6.327144587274460656e-03
1.113239999999999924e-01 6.327144587274460656e-03
1.113248000000000015e-01 6.327144587274460656e-03
1.113255999999999968e-01 6.327144587274460656e-03
1.113263999999999920e-01 6.327144587274460656e-03
1.113272000000000012e-01 6.327144587274460656e-03
1.113279999999999964e-01 6.327144587274460656e-03
1.113287999999999917e-01 6.327144587274460656e-03
1.113296000000000008e-01 6.327144587274460656e-03
1.113303999999999960e-01 6.327144587274460656e-03
1.113311999999999913e-01 6.327144587274460656e-03
1.113320000000000004e-01 6.327144587274460656e-03
1.113327999999999957e-01 6.327144587274460656e-03
1.113335999999999909e-01 6.327144587274460656e-03
1.113344000000000000e-01 6.327144587274460656e-03
1.113351999999999953e-01 6.327144587274460656e-03
1.113359999999999905e-01 6.327144587274460656e-03
1.113367999999999997e-01 6.327144587274460656e-03
1.113375999999999949e-01 6.327144587274460656e-03
1.113383999999999902e-01 6.327144587274460656e-03
1.113391999999999993e-01 6.327144587274460656e-03
1.113399999999999945e-01 6.327144587274460656e-03
1.113407999999999898e-01 6.327144587274460656e-03
1.113415999999999989e-01 6.327144587274460656e-03
1.113423999999999942e-01 6.327144587274460656e-03
1.113431999999999894e-01 6.327144587274460656e-03
1.113439999999999985e-01 6.327144587274460656e-03
1.113447999999999938e-01 6.327144587274460656e-03
1.113455999999999890e-01 6.327144587274460656e-03
1.113463999999999982e-01 6.327144587274460656e-03
1.113471999999999934e-01 6.327144587274460656e-03
1.113479999999999887e-01 6.327144587274460656e-03
1.113487999999999978e-01 6.327144587274460656e-03
1.113495999999999930e-01 6.327144587274460656e-03
1.113503999999999883e-01 6.327144587274460656e-03
1.113511999999999974e-01 6.327144587274460656e-03
1.113519999999999927e-01 6.327144587274460656e-03
1.113528000000000018e-01 6.327144587274460656e-03
1.113535999999999970e-01 6.327144587274460656e-03
1.113543999999999923e-01 6.327144587274460656e-03
1.113552000000000014e-01 6.327144587274460656e-03
1.113559999999999967e-01 6.327144587274460656e-03
1.113567999999999919e-01 6.327144587274460656e-03
1.113576000000000010e-01 6.327144587274460656e-03
1.113583999999999963e-01 6.327144587274460656e-03
1.113591999999999915e-01 6.158869465272481108e-03
1.113600000000000007e-01 6.158869465272481108e-03
1.113607999999999959e-01 6.158869465272481108e-03
1.113615999999999912e-01 6.158869465272481108e-03
1.113624000000000003e-01 6.158869465272481108e-03
1.113631999999999955e-01 6.158869465272481108e-03
1.113639999999999908e-01 6.158869465272481108e-03
1.113647999999999999e-01 6.158869465272481108e-03
1.113655999999999952e-01 6.158869465272481108e-03
1.113663999999999904e-01 6.158869465272481108e-03
1.113671999999999995e-01 6.158869465272481108e-03
1.113679999999999948e-01 6.158869465272481108e-03
1.113687999999999900e-01 6.158869465272481108e-03
1.113695999999999992e-01 6.158869465272481108e-03
1.113703999999999944e-01 6.158869465272481108e-03
1.113711999999999896e-01 6.158869465272481108e-03
1.113719999999999988e-01 6.158869465272481108e-03
1.113727999999999940e-01 6.158869465272481108e-03
1.113735999999999893e-01 6.158869465272481108e-03
1.113743999999999984e-01 6.158869465272481108e-03
1.113751999999999936e-01 6.158869465272481108e-03
1.113759999999999889e-01 6.158869465272481108e-03
1.113767999999999980e-01 6.158869465272481108e-03
1.113775999999999933e-01 6.158869465272481108e-03
1.113783999999999885e-01 6.158869465272481108e-03
1.113791999999999977e-01 6.158869465272481108e-03
1.113799999999999929e-01 6.158869465272481108e-03
1.113808000000000020e-01 6.158869465272481108e-03
1.113815999999999973e-01 6.158869465272481108e-03
1.113823999999999925e-01 6.158869465272481108e-03
1.113832000000000017e-01 6.158869465272481108e-03
1.113839999999999969e-01 6.158869465272481108e-03
1.113847999999999921e-01 6.158869465272481108e-03
1.113856000000000013e-01 6.158869465272481108e-03
1.113863999999999965e-01 6.158869465272481108e-03
1.113871999999999918e-01 6.158869465272481108e-03
1.113880000000000009e-01 6.158869465272481108e-03
1.113887999999999961e-01 6.158869465272481108e-03
1.113895999999999914e-01 6.158869465272481108e-03
1.113904000000000005e-01 6.158869465272481108e-03
1.113911999999999958e-01 6.158869465272481108e-03
1.113919999999999910e-01 6.158869465272481108e-03
1.113928000000000001e-01 6.158869465272481108e-03
1.113935999999999954e-01 6.158869465272481108e-03
1.113943999999999906e-01 6.158869465272481108e-03
1.113951999999999998e-01 6.158869465272481108e-03
1.113959999999999950e-01 6.158869465272481108e-03
1.113967999999999903e-01 6.158869465272481108e-03
1.113975999999999994e-01 6.158869465272481108e-03
1.113983999999999946e-01 6.158869465272481108e-03
1.113991999999999899e-01 6.158869465272481108e-03
1.113999999999999990e-01 6.158869465272481108e-03
1.114007999999999943e-01 6.158869465272481108e-03
1.114015999999999895e-01 6.158869465272481108e-03
1.114023999999999986e-01 6.158869465272481108e-03
1.114031999999999939e-01 6.158869465272481108e-03
1.114039999999999891e-01 6.158869465272481108e-03
1.114047999999999983e-01 6.158869465272481108e-03
1.114055999999999935e-01 6.158869465272481108e-03
1.114063999999999888e-01 6.158869465272481108e-03
1.114071999999999979e-01 6.158869465272481108e-03
1.114079999999999931e-01 6.158869465272481108e-03
1.114088000000000023e-01 6.158869465272481108e-03
1.114095999999999975e-01 6.158869465272481108e-03
1.114103999999999928e-01 6.158869465272481108e-03
1.114112000000000019e-01 6.158869465272481108e-03
1.114119999999999971e-01 6.158869465272481108e-03
1.114127999999999924e-01 6.158869465272481108e-03
1.114136000000000015e-01 6.158869465272481108e-03
1.114143999999999968e-01 6.158869465272481108e-03
1.114151999999999920e-01 5.108832703980123111e-03
1.114160000000000011e-01 5.108832703980123111e-03
1.114167999999999964e-01 5.108832703980123111e-03
1.114175999999999916e-01 5.108832703980123111e-03
1.114184000000000008e-01 5.108832703980123111e-03
1.114191999999999960e-01 5.108832703980123111e-03
1.114199999999999913e-01 5.108832703980123111e-03
1.114208000000000004e-01 5.108832703980123111e-03
1.114215999999999956e-01 5.108832703980123111e-03
1.114223999999999909e-01 5.108832703980123111e-03
1.114232000000000000e-01 5.108832703980123111e-03
1.114239999999999953e-01 5.108832703980123111e-03
1.114247999999999905e-01 5.108832703980123111e-03
1.114255999999999996e-01 5.108832703980123111e-03
1.114263999999999949e-01 5.108832703980123111e-03
1.114271999999999901e-01 5.108832703980123111e-03
1.114279999999999993e-01 5.108832703980123111e-03
1.114287999999999945e-01 5.108832703980123111e-03
1.114295999999999898e-01 5.108832703980123111e-03
1.114303999999999989e-01 5.108832703980123111e-03
1.114311999999999941e-01 5.108832703980123111e-03
1.114319999999999894e-01 5.108832703980123111e-03
1.114327999999999985e-01 3.870327806045547811e-03
1.114335999999999938e-01 3.870327806045547811e-03
1.114343999999999890e-01 3.870327806045547811e-03
1.114351999999999981e-01 3.870327806045547811e-03
1.114359999999999934e-01 3.870327806045547811e-03
1.114368000000000025e-01 3.870327806045547811e-03
1.114375999999999978e-01 3.870327806045547811e-03
1.114383999999999930e-01 3.870327806045547811e-03
1.114392000000000021e-01 3.870327806045547811e-03
1.114399999999999974e-01 3.870327806045547811e-03
1.114407999999999926e-01 3.870327806045547811e-03
1.114416000000000018e-01 3.870327806045547811e-03
1.114423999999999970e-01 3.870327806045547811e-03
1.114431999999999923e-01 3.870327806045547811e-03
1.114440000000000014e-01 3.870327806045547811e-03
1.114447999999999966e-01 3.870327806045547811e-03
1.114455999999999919e-01 3.870327806045547811e-03
1.114464000000000010e-01 3.870327806045547811e-03
1.114471999999999963e-01 3.870327806045547811e-03
1.114479999999999915e-01 3.870327806045547811e-03
1.114488000000000006e-01 3.870327806045547811e-03
1.114495999999999959e-01 3.870327806045547811e-03
1.114503999999999911e-01 3.870327806045547811e-03
1.114512000000000003e-01 3.870327806045547811e-03
1.114519999999999955e-01 3.870327806045547811e-03
1.114527999999999908e-01 3.870327806045547811e-03
1.114535999999999999e-01 3.870327806045547811e-03
1.114543999999999951e-01 3.870327806045547811e-03
1.114551999999999904e-01 3.870327806045547811e-03
1.114559999999999995e-01 3.870327806045547811e-03
1.114567999999999948e-01 3.870327806045547811e-03
1.114575999999999900e-01 3.870327806045547811e-03
1.114583999999999991e-01 3.762631727964281091e-03
1.114591999999999944e-01 3.762631727964281091e-03
1.114599999999999896e-01 3.762631727964281091e-03
1.114607999999999988e-01 3.762631727964281091e-03
1.114615999999999940e-01 3.762631727964281091e-03
1.114624000000000031e-01 3.762631727964281091e-03
1.114631999999999984e-01 3.762631727964281091e-03
1.114639999999999936e-01 3.762631727964281091e-03
1.114648000000000028e-01 3.762631727964281091e-03
1.114655999999999980e-01 3.762631727964281091e-03
1.114663999999999933e-01 3.762631727964281091e-03
1.114672000000000024e-01 3.762631727964281091e-03
1.114679999999999976e-01 3.762631727964281091e-03
1.114687999999999929e-01 3.762631727964281091e-03
1.114696000000000020e-01 3.762631727964281091e-03
1.114703999999999973e-01 3.762631727964281091e-03
1.114711999999999925e-01 3.762631727964281091e-03
1.114720000000000016e-01 3.762631727964281091e-03
1.114727999999999969e-01 3.762631727964281091e-03
1.114735999999999921e-01 3.762631727964281091e-03
1.114744000000000013e-01 3.762631727964281091e-03
1.114751999999999965e-01 3.762631727964281091e-03
1.114759999999999918e-01 3.762631727964281091e-03
1.114768000000000009e-01 3.702052684043567830e-03
1.114775999999999961e-01 3.702052684043567830e-03
1.114783999999999914e-01 3.702052684043567830e-03
1.114792000000000005e-01 3.702052684043567830e-03
1.114799999999999958e-01 3.702052684043567830e-03
1.114807999999999910e-01 3.702052684043567830e-03
1.114816000000000001e-01 3.702052684043567830e-03
1.114823999999999954e-01 3.702052684043567830e-03
1.114831999999999906e-01 3.702052684043567830e-03
1.114839999999999998e-01 3.702052684043567830e-03
1.114847999999999950e-01 3.702052684043567830e-03
1.114855999999999903e-01 3.702052684043567830e-03
1.114863999999999994e-01 3.702052684043567830e-03
1.114871999999999946e-01 3.702052684043567830e-03
1.114879999999999899e-01 3.702052684043567830e-03
1.114887999999999990e-01 3.702052684043567830e-03
1.114895999999999943e-01 3.702052684043567830e-03
1.114904000000000034e-01 3.702052684043567830e-03
1.114911999999999986e-01 3.702052684043567830e-03
1.114919999999999939e-01 3.702052684043567830e-03
1.114928000000000030e-01 3.702052684043567830e-03
1.114935999999999983e-01 3.702052684043567830e-03
1.114943999999999935e-01 3.702052684043567830e-03
1.114952000000000026e-01 3.702052684043567830e-03
1.114959999999999979e-01 3.702052684043567830e-03
1.114967999999999931e-01 3.702052684043567830e-03
1.114976000000000023e-01 3.702052684043567830e-03
1.114983999999999975e-01 3.702052684043567830e-03
1.114991999999999928e-01 3.702052684043567830e-03
1.115000000000000019e-01 3.702052684043567830e-03
1.115000000000000019e-01 3.702052684043567830e-03
1.115005000000000024e-01 3.702052684043567830e-03
1.115010000000000029e-01 3.702052684043567830e-03
1.115015000000000034e-01 3.702052684043567830e-03
1.115020000000000039e-01 3.702052684043567830e-03
1.115025000000000044e-01 3.702052684043567830e-03
1.115030000000000049e-01 3.702052684043567830e-03
1.115035000000000054e-01 3.702052684043567830e-03
1.115040000000000059e-01 3.702052684043567830e-03
1.115045000000000064e-01 3.702052684043567830e-03
1.115050000000000069e-01 3.702052684043567830e-03
1.115055000000000074e-01 3.702052684043567830e-03
1.115060000000000079e-01 3.702052684043567830e-03
1.115065000000000084e-01 3.702052684043567830e-03
1.115069999999999950e-01 3.702052684043567830e-03
1.115074999999999955e-01 3.702052684043567830e-03
1.115079999999999960e-01 3.702052684043567830e-03
1.115084999999999965e-01 3.702052684043567830e-03
1.115089999999999970e-01 3.702052684043567830e-03
1.115094999999999975e-01 3.702052684043567830e-03
1.115099999999999980e-01 3.702052684043567830e-03
1.115104999999999985e-01 3.702052684043567830e-03
1.115109999999999990e-01 3.702052684043567830e-03
1.115114999999999995e-01 3.702052684043567830e-03
1.115120000000000000e-01 3.702052684043567830e-03
1.115125000000000005e-01 3.702052684043567830e-03
1.115130000000000010e-01 3.702052684043567830e-03
1.115135000000000015e-01 3.702052684043567830e-03
1.115140000000000020e-01 3.702052684043567830e-03
1.115145000000000025e-01 3.702052684043567830e-03
1.115150000000000030e-01 3.702052684043567830e-03
1.115155000000000035e-01 3.702052684043567830e-03
1.115160000000000040e-01 3.702052684043567830e-03
1.115165000000000045e-01 3.702052684043567830e-03
1.115170000000000050e-01 3.702052684043567830e-03
1.115175000000000055e-01 3.702052684043567830e-03
1.115180000000000060e-01 3.702052684043567830e-03
1.115185000000000065e-01 3.702052684043567830e-03
1.115190000000000070e-01 3.702052684043567830e-03
1.115195000000000075e-01 3.702052684043567830e-03
1.115200000000000080e-01 3.702052684043567830e-03
1.115205000000000085e-01 3.702052684043567830e-03
1.115209999999999951e-01 3.702052684043567830e-03
1.115214999999999956e-01 3.702052684043567830e-03
1.115219999999999961e-01 3.702052684043567830e-03
1.115224999999999966e-01 3.702052684043567830e-03
1.115229999999999971e-01 3.702052684043567830e-03
1.115234999999999976e-01 3.702052684043567830e-03
1.115239999999999981e-01 3.702052684043567830e-03
1.115244999999999986e-01 3.702052684043567830e-03
1.115249999999999991e-01 3.702052684043567830e-03
1.115254999999999996e-01 3.702052684043567830e-03
1.115260000000000001e-01 3.702052684043567830e-03
1.115265000000000006e-01 3.702052684043567830e-03
1.115270000000000011e-01 3.702052684043567830e-03
1.115275000000000016e-01 3.702052684043567830e-03
1.115280000000000021e-01 3.702052684043567830e-03
1.115285000000000026e-01 3.702052684043567830e-03
1.115290000000000031e-01 3.497004448774286567e-03
1.115295000000000036e-01 3.497004448774286567e-03
1.115300000000000041e-01 3.497004448774286567e-03
1.115305000000000046e-01 3.497004448774286567e-03
1.115310000000000051e-01 3.497004448774286567e-03
1.115315000000000056e-01 3.497004448774286567e-03
1.115320000000000061e-01 3.497004448774286567e-03
1.115325000000000066e-01 3.497004448774286567e-03
1.115330000000000071e-01 3.497004448774286567e-03
1.115335000000000076e-01 3.497004448774286567e-03
1.115340000000000081e-01 3.497004448774286567e-03
1.115345000000000086e-01 3.497004448774286567e-03
1.115349999999999953e-01 3.497004448774286567e-03
1.115354999999999958e-01 3.497004448774286567e-03
1.115359999999999963e-01 3.497004448774286567e-03
1.115364999999999968e-01 3.497004448774286567e-03
1.115369999999999973e-01 3.497004448774286567e-03
1.115374999999999978e-01 3.497004448774286567e-03
1.115379999999999983e-01 3.497004448774286567e-03
1.115384999999999988e-01 3.497004448774286567e-03
1.115389999999999993e-01 3.497004448774286567e-03
1.115394999999999998e-01 3.497004448774286567e-03
1.115400000000000003e-01 3.497004448774286567e-03
1.115405000000000008e-01 3.497004448774286567e-03
1.115410000000000013e-01 3.497004448774286567e-03
1.115415000000000018e-01 3.497004448774286567e-03
1.115420000000000023e-01 3.497004448774286567e-03
1.115425000000000028e-01 3.497004448774286567e-03
1.115430000000000033e-01 3.497004448774286567e-03
1.115435000000000038e-01 3.497004448774286567e-03
1.115440000000000043e-01 3.497004448774286567e-03
1.115445000000000048e-01 3.497004448774286567e-03
1.115450000000000053e-01 3.497004448774286567e-03
1.115455000000000058e-01 3.497004448774286567e-03
1.115460000000000063e-01 3.497004448774286567e-03
1.115465000000000068e-01 3.497004448774286567e-03
1.115470000000000073e-01 3.497004448774286567e-03
1.115475000000000078e-01 3.497004448774286567e-03
1.115480000000000083e-01 3.497004448774286567e-03
1.115485000000000088e-01 2.969471261672408571e-03
1.115489999999999954e-01 2.969471261672408571e-03
1.115494999999999959e-01 2.969471261672408571e-03
1.115499999999999964e-01 2.969471261672408571e-03
1.115504999999999969e-01 2.969471261672408571e-03
1.115509999999999974e-01 2.969471261672408571e-03
1.115514999999999979e-01 2.969471261672408571e-03
1.115519999999999984e-01 2.969471261672408571e-03
1.115524999999999989e-01 2.969471261672408571e-03
1.115529999999999994e-01 2.969471261672408571e-03
1.115534999999999999e-01 2.969471261672408571e-03
1.115540000000000004e-01 2.969471261672408571e-03
1.115545000000000009e-01 2.969471261672408571e-03
1.115550000000000014e-01 2.969471261672408571e-03
1.115555000000000019e-01 2.969471261672408571e-03
1.115560000000000024e-01 2.969471261672408571e-03
1.115565000000000029e-01 2.969471261672408571e-03
1.115570000000000034e-01 2.969471261672408571e-03
1.115575000000000039e-01 2.969471261672408571e-03
1.115580000000000044e-01 2.969471261672408571e-03
1.115585000000000049e-01 2.969471261672408571e-03
1.115590000000000054e-01 2.969471261672408571e-03
1.115595000000000059e-01 2.969471261672408571e-03
1.115600000000000064e-01 2.969471261672408571e-03
1.115605000000000069e-01 2.969471261672408571e-03
1.115610000000000074e-01 2.969471261672408571e-03
1.115615000000000079e-01 2.969471261672408571e-03
1.115620000000000084e-01 2.969471261672408571e-03
1.115625000000000089e-01 2.939646063815058892e-03
1.115629999999999955e-01 2.939646063815058892e-03
1.115634999999999960e-01 2.939646063815058892e-03
1.115639999999999965e-01 2.939646063815058892e-03
1.115644999999999970e-01 2.939646063815058892e-03
1.115649999999999975e-01 2.939646063815058892e-03
1.115654999999999980e-01 2.939646063815058892e-03
1.115659999999999985e-01 2.939646063815058892e-03
1.115664999999999990e-01 2.939646063815058892e-03
1.115669999999999995e-01 2.939646063815058892e-03
1.115675000000000000e-01 2.939646063815058892e-03
1.115680000000000005e-01 2.939646063815058892e-03
1.115685000000000010e-01 2.939646063815058892e-03
1.115690000000000015e-01 2.939646063815058892e-03
1.115695000000000020e-01 2.939646063815058892e-03
1.115700000000000025e-01 2.939646063815058892e-03
1.115705000000000030e-01 2.939646063815058892e-03
1.115710000000000035e-01 2.939646063815058892e-03
1.115715000000000040e-01 2.939646063815058892e-03
1.115720000000000045e-01 2.939646063815058892e-03
1.115725000000000050e-01 2.939646063815058892e-03
1.115730000000000055e-01 2.939646063815058892e-03
1.115735000000000060e-01 2.939646063815058892e-03
1.115740000000000065e-01 2.939646063815058892e-03
1.115745000000000070e-01 2.939646063815058892e-03
1.115750000000000075e-01 2.939646063815058892e-03
1.115755000000000080e-01 2.939646063815058892e-03
1.115760000000000085e-01 2.939646063815058892e-03
1.115764999999999951e-01 2.939646063815058892e-03
1.115769999999999956e-01 2.939646063815058892e-03
1.115774999999999961e-01 2.939646063815058892e-03
1.115779999999999966e-01 2.939646063815058892e-03
1.115784999999999971e-01 2.939646063815058892e-03
1.115789999999999976e-01 2.939646063815058892e-03
1.115794999999999981e-01 2.939646063815058892e-03
1.115799999999999986e-01 2.939646063815058892e-03
1.115804999999999991e-01 2.939646063815058892e-03
1.115809999999999996e-01 2.939646063815058892e-03
1.115815000000000001e-01 2.939646063815058892e-03
1.115820000000000006e-01 2.939646063815058892e-03
1.115825000000000011e-01 2.939646063815058892e-03
1.115830000000000016e-01 2.939646063815058892e-03
1.115835000000000021e-01 2.939646063815058892e-03
1.115840000000000026e-01 2.939646063815058892e-03
1.115845000000000031e-01 2.939646063815058892e-03
1.115850000000000036e-01 2.939646063815058892e-03
1.115855000000000041e-01 2.939646063815058892e-03
1.115860000000000046e-01 2.939646063815058892e-03
1.115865000000000051e-01 2.939646063815058892e-03
1.115870000000000056e-01 2.939646063815058892e-03
1.115875000000000061e-01 2.939646063815058892e-03
1.115880000000000066e-01 2.939646063815058892e-03
1.115885000000000071e-01 2.939646063815058892e-03
1.115890000000000076e-01 2.939646063815058892e-03
1.115895000000000081e-01 2.939646063815058892e-03
1.115900000000000086e-01 2.939646063815058892e-03
1.115904999999999953e-01 2.939646063815058892e-03
1.115909999999999958e-01 2.939646063815058892e-03
1.115914999999999963e-01 2.939646063815058892e-03
1.115919999999999968e-01 2.939646063815058892e-03
1.115924999999999973e-01 2.939646063815058892e-03
1.115929999999999978e-01 2.939646063815058892e-03
1.115934999999999983e-01 2.939646063815058892e-03
1.115939999999999988e-01 2.939646063815058892e-03
1.115944999999999993e-01 2.939646063815058892e-03
1.115949999999999998e-01 2.939646063815058892e-03
1.115955000000000003e-01 2.939646063815058892e-03
1.115960000000000008e-01 2.939646063815058892e-03
1.115965000000000013e-01 2.939646063815058892e-03
1.115970000000000018e-01 2.939646063815058892e-03
1.115975000000000023e-01 2.939646063815058892e-03
1.115980000000000028e-01 2.939646063815058892e-03
1.115985000000000033e-01 2.939646063815058892e-03
1.115990000000000038e-01 2.939646063815058892e-03
1.115995000000000043e-01 2.939646063815058892e-03
1.116000000000000048e-01 2.939646063815058892e-03
1.116005000000000053e-01 2.939646063815058892e-03
1.116010000000000058e-01 2.939646063815058892e-03
1.116015000000000063e-01 2.939646063815058892e-03
1.116020000000000068e-01 2.939646063815058892e-03
1.116025000000000073e-01 2.939646063815058892e-03
1.116030000000000078e-01 2.939646063815058892e-03
1.116035000000000083e-01 2.939646063815058892e-03
1.116040000000000088e-01 2.939646063815058892e-03
1.116044999999999954e-01 2.939646063815058892e-03
1.116049999999999959e-01 2.939646063815058892e-03
1.116054999999999964e-01 2.939646063815058892e-03
1.116059999999999969e-01 2.939646063815058892e-03
1.116064999999999974e-01 2.939646063815058892e-03
1.116069999999999979e-01 2.939646063815058892e-03
1.116074999999999984e-01 2.939646063815058892e-03
1.116079999999999989e-01 2.939646063815058892e-03
1.116084999999999994e-01 2.939646063815058892e-03
1.116089999999999999e-01 2.939646063815058892e-03
1.116095000000000004e-01 2.939646063815058892e-03
1.116100000000000009e-01 2.939646063815058892e-03
1.116105000000000014e-01 2.939646063815058892e-03
1.116110000000000019e-01 2.939646063815058892e-03
1.116115000000000024e-01 2.939646063815058892e-03
1.116120000000000029e-01 2.939646063815058892e-03
1.116125000000000034e-01 2.939646063815058892e-03
1.116130000000000039e-01 2.939646063815058892e-03
1.116135000000000044e-01 2.939646063815058892e-03
1.116140000000000049e-01 2.939646063815058892e-03
1.116145000000000054e-01 2.939646063815058892e-03
1.116150000000000059e-01 2.939646063815058892e-03
1.116155000000000064e-01 2.939646063815058892e-03
1.116160000000000069e-01 2.755102652072705452e-03
1.116165000000000074e-01 2.755102652072705452e-03
1.116170000000000079e-01 2.755102652072705452e-03
1.116175000000000084e-01 2.755102652072705452e-03
1.116180000000000089e-01 2.755102652072705452e-03
1.116184999999999955e-01 2.755102652072705452e-03
1.116189999999999960e-01 2.755102652072705452e-03
1.116194999999999965e-01 2.708500780420596173e-03
1.116199999999999970e-01 2.708500780420596173e-03
1.116204999999999975e-01 2.704772630688427517e-03
1.116209999999999980e-01 2.704772630688427517e-03
1.116214999999999985e-01 2.704772630688427517e-03
1.116219999999999990e-01 2.704772630688427517e-03
1.116224999999999995e-01 2.704772630688427517e-03
1.116230000000000000e-01 2.704772630688427517e-03
1.116235000000000005e-01 2.704772630688427517e-03
1.116240000000000010e-01 2.704772630688427517e-03
1.116245000000000015e-01 2.704772630688427517e-03
1.116250000000000020e-01 2.704772630688427517e-03
1.116255000000000025e-01 2.704772630688427517e-03
1.116260000000000030e-01 2.704772630688427517e-03
1.116265000000000035e-01 2.704772630688427517e-03
1.116270000000000040e-01 2.704772630688427517e-03
1.116275000000000045e-01 2.704772630688427517e-03
1.116280000000000050e-01 2.704772630688427517e-03
1.116285000000000055e-01 2.704772630688427517e-03
1.116290000000000060e-01 2.704772630688427517e-03
1.116295000000000065e-01 2.704772630688427517e-03
1.116300000000000070e-01 2.704772630688427517e-03
1.116305000000000075e-01 2.704772630688427517e-03
1.116310000000000080e-01 2.704772630688427517e-03
1.116315000000000085e-01 2.704772630688427517e-03
1.116319999999999951e-01 2.704772630688427517e-03
1.116324999999999956e-01 2.704772630688427517e-03
1.116329999999999961e-01 2.704772630688427517e-03
1.116334999999999966e-01 2.704772630688427517e-03
1.116339999999999971e-01 2.704772630688427517e-03
1.116344999999999976e-01 2.704772630688427517e-03
1.116349999999999981e-01 2.704772630688427517e-03
1.116354999999999986e-01 2.704772630688427517e-03
1.116359999999999991e-01 2.704772630688427517e-03
1.116364999999999996e-01 2.704772630688427517e-03
1.116370000000000001e-01 2.704772630688427517e-03
1.116375000000000006e-01 2.704772630688427517e-03
1.116380000000000011e-01 2.704772630688427517e-03
1.116385000000000016e-01 2.704772630688427517e-03
1.116390000000000021e-01 2.704772630688427517e-03
1.116395000000000026e-01 2.704772630688427517e-03
1.116400000000000031e-01 2.704772630688427517e-03
1.116405000000000036e-01 2.704772630688427517e-03
1.116410000000000041e-01 2.704772630688427517e-03
1.116415000000000046e-01 2.704772630688427517e-03
1.116420000000000051e-01 2.704772630688427517e-03
1.116425000000000056e-01 2.704772630688427517e-03
1.116430000000000061e-01 2.704772630688427517e-03
1.116435000000000066e-01 2.704772630688427517e-03
1.116440000000000071e-01 2.704772630688427517e-03
1.116445000000000076e-01 2.704772630688427517e-03
1.116450000000000081e-01 2.704772630688427517e-03
1.116455000000000086e-01 2.704772630688427517e-03
1.116459999999999952e-01 2.704772630688427517e-03
1.116464999999999957e-01 2.704772630688427517e-03
1.116469999999999962e-01 2.704772630688427517e-03
1.116474999999999967e-01 2.704772630688427517e-03
1.116479999999999972e-01 2.704772630688427517e-03
1.116484999999999977e-01 2.704772630688427517e-03
1.116489999999999982e-01 2.704772630688427517e-03
1.116494999999999987e-01 2.704772630688427517e-03
1.116499999999999992e-01 2.704772630688427517e-03
1.116504999999999997e-01 2.704772630688427517e-03
1.116510000000000002e-01 2.704772630688427517e-03
1.116515000000000007e-01 2.704772630688427517e-03
1.116520000000000012e-01 2.704772630688427517e-03
1.116525000000000017e-01 2.704772630688427517e-03
1.116530000000000022e-01 2.704772630688427517e-03
1.116535000000000027e-01 2.704772630688427517e-03
1.116540000000000032e-01 2.704772630688427517e-03
1.116545000000000037e-01 2.704772630688427517e-03
1.116550000000000042e-01 2.704772630688427517e-03
1.116555000000000047e-01 2.704772630688427517e-03
1.116560000000000052e-01 2.704772630688427517e-03
1.116565000000000057e-01 2.704772630688427517e-03
1.116570000000000062e-01 2.704772630688427517e-03
1.116575000000000067e-01 2.704772630688427517e-03
1.116580000000000072e-01 2.704772630688427517e-03
1.116585000000000077e-01 2.704772630688427517e-03
1.116590000000000082e-01 2.704772630688427517e-03
1.116595000000000087e-01 2.704772630688427517e-03
1.116599999999999954e-01 2.704772630688427517e-03
1.116604999999999959e-01 2.704772630688427517e-03
1.116609999999999964e-01 2.704772630688427517e-03
1.116614999999999969e-01 2.704772630688427517e-03
1.116619999999999974e-01 2.704772630688427517e-03
1.116624999999999979e-01 2.704772630688427517e-03
1.116629999999999984e-01 2.704772630688427517e-03
1.116634999999999989e-01 2.704772630688427517e-03
1.116639999999999994e-01 2.704772630688427517e-03
1.116644999999999999e-01 2.704772630688427517e-03
1.116650000000000004e-01 2.704772630688427517e-03
1.116655000000000009e-01 2.704772630688427517e-03
1.116660000000000014e-01 2.704772630688427517e-03
1.116665000000000019e-01 2.704772630688427517e-03
1.116670000000000024e-01 2.704772630688427517e-03
1.116675000000000029e-01 2.704772630688427517e-03
1.116680000000000034e-01 2.704772630688427517e-03
1.116685000000000039e-01 2.704772630688427517e-03
1.116690000000000044e-01 2.704772630688427517e-03
1.116695000000000049e-01 2.704772630688427517e-03
1.116700000000000054e-01 2.704772630688427517e-03
1.116705000000000059e-01 2.704772630688427517e-03
1.116710000000000064e-01 2.704772630688427517e-03
1.116715000000000069e-01 2.704772630688427517e-03
1.116720000000000074e-01 2.704772630688427517e-03
1.116725000000000079e-01 2.704772630688427517e-03
1.116730000000000084e-01 2.704772630688427517e-03
1.116735000000000089e-01 2.704772630688427517e-03
1.116739999999999955e-01 2.704772630688427517e-03
1.116744999999999960e-01 2.704772630688427517e-03
1.116749999999999965e-01 2.704772630688427517e-03
1.116754999999999970e-01 2.704772630688427517e-03
1.116759999999999975e-01 2.704772630688427517e-03
1.116764999999999980e-01 2.704772630688427517e-03
1.116769999999999985e-01 2.704772630688427517e-03
1.116774999999999990e-01 2.704772630688427517e-03
1.116779999999999995e-01 2.704772630688427517e-03
1.116785000000000000e-01 2.704772630688427517e-03
1.116790000000000005e-01 2.704772630688427517e-03
1.116795000000000010e-01 2.704772630688427517e-03
1.116800000000000015e-01 2.704772630688427517e-03
1.116805000000000020e-01 2.704772630688427517e-03
1.116810000000000025e-01 2.704772630688427517e-03
1.116815000000000030e-01 2.704772630688427517e-03
1.116820000000000035e-01 2.704772630688427517e-03
1.116825000000000040e-01 2.704772630688427517e-03
1.116830000000000045e-01 2.661898908768486893e-03
1.116835000000000050e-01 2.661898908768486893e-03
1.116840000000000055e-01 2.661898908768486893e-03
1.116845000000000060e-01 2.661898908768486893e-03
1.116850000000000065e-01 2.661898908768486893e-03
1.116855000000000070e-01 2.661898908768486893e-03
1.116860000000000075e-01 2.661898908768486893e-03
1.116865000000000080e-01 2.661898908768486893e-03
1.116870000000000085e-01 2.661898908768486893e-03
1.116874999999999951e-01 2.661898908768486893e-03
1.116879999999999956e-01 2.661898908768486893e-03
1.116884999999999961e-01 2.661898908768486893e-03
1.116889999999999966e-01 2.661898908768486893e-03
1.116894999999999971e-01 2.661898908768486893e-03
1.116899999999999976e-01 2.661898908768486893e-03
1.116904999999999981e-01 2.661898908768486893e-03
1.116909999999999986e-01 2.661898908768486893e-03
1.116914999999999991e-01 2.661898908768486893e-03
1.116919999999999996e-01 2.661898908768486893e-03
1.116925000000000001e-01 2.661898908768486893e-03
1.116930000000000006e-01 2.661898908768486893e-03
1.116935000000000011e-01 2.661898908768486893e-03
1.116940000000000016e-01 2.661898908768486893e-03
1.116945000000000021e-01 2.661898908768486893e-03
1.116950000000000026e-01 2.661898908768486893e-03
1.116955000000000031e-01 2.661898908768486893e-03
1.116960000000000036e-01 2.661898908768486893e-03
1.116965000000000041e-01 2.661898908768486893e-03
1.116970000000000046e-01 2.661898908768486893e-03
1.116975000000000051e-01 2.661898908768486893e-03
1.116980000000000056e-01 2.661898908768486893e-03
1.116985000000000061e-01 2.661898908768486893e-03
1.116990000000000066e-01 2.661898908768486893e-03
1.116995000000000071e-01 2.661898908768486893e-03
1.116999999999999937e-01 2.661898908768486893e-03
1.117002999999999885e-01 2.661898908768486893e-03
1.117005999999999971e-01 2.661898908768486893e-03
1.117008999999999919e-01 2.661898908768486893e-03
1.117012000000000005e-01 2.661898908768486893e-03
1.117014999999999952e-01 2.661898908768486893e-03
1.117017999999999900e-01 2.661898908768486893e-03
1.117020999999999986e-01 2.661898908768486893e-03
1.117023999999999934e-01 2.661898908768486893e-03
1.117026999999999881e-01 2.661898908768486893e-03
1.117029999999999967e-01 2.661898908768486893e-03
1.117032999999999915e-01 2.661898908768486893e-03
1.117036000000000001e-01 2.661898908768486893e-03
1.117038999999999949e-01 2.661898908768486893e-03
1.117041999999999896e-01 2.661898908768486893e-03
1.117044999999999982e-01 2.661898908768486893e-03
1.117047999999999930e-01 2.661898908768486893e-03
1.117050999999999877e-01 2.661898908768486893e-03
1.117053999999999964e-01 2.661898908768486893e-03
1.117056999999999911e-01 2.661898908768486893e-03
1.117059999999999997e-01 2.661898908768486893e-03
1.117062999999999945e-01 2.661898908768486893e-03
1.117065999999999892e-01 2.661898908768486893e-03
1.117068999999999979e-01 2.661898908768486893e-03
1.117071999999999926e-01 2.661898908768486893e-03
1.117074999999999874e-01 2.661898908768486893e-03
1.117077999999999960e-01 2.661898908768486893e-03
1.117080999999999907e-01 2.661898908768486893e-03
1.117083999999999994e-01 2.661898908768486893e-03
1.117086999999999941e-01 2.661898908768486893e-03
1.117089999999999889e-01 2.661898908768486893e-03
1.117092999999999975e-01 2.661898908768486893e-03
1.117095999999999922e-01 2.661898908768486893e-03
1.117099000000000009e-01 2.661898908768486893e-03
1.117101999999999956e-01 2.661898908768486893e-03
1.117104999999999904e-01 2.661898908768486893e-03
1.117107999999999990e-01 2.661898908768486893e-03
1.117110999999999937e-01 2.661898908768486893e-03
1.117113999999999885e-01 2.661898908768486893e-03
1.117116999999999971e-01 2.661898908768486893e-03
1.117119999999999919e-01 2.661898908768486893e-03
1.117123000000000005e-01 2.661898908768486893e-03
1.117125999999999952e-01 2.661898908768486893e-03
1.117128999999999900e-01 2.661898908768486893e-03
1.117131999999999986e-01 2.661898908768486893e-03
1.117134999999999934e-01 2.661898908768486893e-03
1.117137999999999881e-01 2.661898908768486893e-03
1.117140999999999967e-01 2.661898908768486893e-03
1.117143999999999915e-01 2.661898908768486893e-03
1.117147000000000001e-01 2.661898908768486893e-03
1.117149999999999949e-01 2.661898908768486893e-03
1.117152999999999896e-01 2.661898908768486893e-03
1.117155999999999982e-01 2.661898908768486893e-03
1.117158999999999930e-01 2.661898908768486893e-03
1.117161999999999877e-01 2.661898908768486893e-03
1.117164999999999964e-01 2.661898908768486893e-03
1.117167999999999911e-01 2.661898908768486893e-03
1.117170999999999997e-01 2.661898908768486893e-03
1.117173999999999945e-01 2.661898908768486893e-03
1.117176999999999892e-01 2.661898908768486893e-03
1.117179999999999979e-01 2.661898908768486893e-03
1.117182999999999926e-01 2.661898908768486893e-03
1.117185999999999874e-01 2.661898908768486893e-03
1.117188999999999960e-01 2.661898908768486893e-03
1.117191999999999907e-01 2.661898908768486893e-03
1.117194999999999994e-01 2.661898908768486893e-03
1.117197999999999941e-01 2.661898908768486893e-03
1.117200999999999889e-01 2.661898908768486893e-03
1.117203999999999975e-01 2.501348493085035068e-03
1.117206999999999922e-01 2.501348493085035068e-03
1.117210000000000009e-01 2.501348493085035068e-03
1.117212999999999956e-01 2.501348493085035068e-03
1.117215999999999904e-01 2.501348493085035068e-03
1.117218999999999990e-01 2.501348493085035068e-03
1.117221999999999937e-01 2.501348493085035068e-03
1.117224999999999885e-01 2.501348493085035068e-03
1.117227999999999971e-01 2.501348493085035068e-03
1.117230999999999919e-01 2.501348493085035068e-03
1.117234000000000005e-01 2.389367951053720466e-03
1.117236999999999952e-01 2.389367951053720466e-03
1.117239999999999900e-01 2.389367951053720466e-03
1.117242999999999986e-01 2.389367951053720466e-03
1.117245999999999934e-01 2.389367951053720466e-03
1.117248999999999881e-01 2.389367951053720466e-03
1.117251999999999967e-01 2.389367951053720466e-03
1.117254999999999915e-01 2.389367951053720466e-03
1.117258000000000001e-01 2.389367951053720466e-03
1.117260999999999949e-01 2.389367951053720466e-03
1.117263999999999896e-01 2.389367951053720466e-03
1.117266999999999982e-01 2.389367951053720466e-03
1.117269999999999930e-01 2.389367951053720466e-03
1.117272999999999877e-01 2.389367951053720466e-03
1.117275999999999964e-01 2.389367951053720466e-03
1.117278999999999911e-01 2.389367951053720466e-03
1.117281999999999997e-01 2.389367951053720466e-03
1.117284999999999945e-01 2.389367951053720466e-03
1.117287999999999892e-01 2.389367951053720466e-03
1.117290999999999979e-01 2.389367951053720466e-03
1.117293999999999926e-01 2.389367951053720466e-03
1.117297000000000012e-01 2.389367951053720466e-03
1.117299999999999960e-01 2.389367951053720466e-03
1.117302999999999907e-01 2.389367951053720466e-03
1.117305999999999994e-01 2.389367951053720466e-03
1.117308999999999941e-01 2.389367951053720466e-03
1.117311999999999889e-01 2.389367951053720466e-03
1.117314999999999975e-01 2.389367951053720466e-03
1.117317999999999922e-01 2.389367951053720466e-03
1.117321000000000009e-01 2.389367951053720466e-03
1.117323999999999956e-01 2.389367951053720466e-03
1.117326999999999904e-01 2.389367951053720466e-03
1.117329999999999990e-01 2.389367951053720466e-03
1.117332999999999937e-01 2.389367951053720466e-03
1.117335999999999885e-01 2.389367951053720466e-03
1.117338999999999971e-01 2.389367951053720466e-03
1.117341999999999919e-01 2.389367951053720466e-03
1.117345000000000005e-01 2.389367951053720466e-03
1.117347999999999952e-01 2.389367951053720466e-03
1.117350999999999900e-01 2.389367951053720466e-03
1.117353999999999986e-01 2.389367951053720466e-03
1.117356999999999934e-01 2.389367951053720466e-03
1.117359999999999881e-01 2.389367951053720466e-03
1.117362999999999967e-01 2.389367951053720466e-03
1.117365999999999915e-01 2.389367951053720466e-03
1.117369000000000001e-01 2.389367951053720466e-03
1.117371999999999949e-01 2.389367951053720466e-03
1.117374999999999896e-01 2.389367951053720466e-03
1.117377999999999982e-01 2.389367951053720466e-03
1.117380999999999930e-01 2.389367951053720466e-03
1.117384000000000016e-01 2.389367951053720466e-03
1.117386999999999964e-01 2.389367951053720466e-03
1.117389999999999911e-01 2.389367951053720466e-03
1.117392999999999997e-01 2.389367951053720466e-03
1.117395999999999945e-01 2.389367951053720466e-03
1.117398999999999892e-01 2.389367951053720466e-03
1.117401999999999979e-01 2.389367951053720466e-03
1.117404999999999926e-01 2.389367951053720466e-03
1.117408000000000012e-01 2.389367951053720466e-03
1.117410999999999960e-01 2.389367951053720466e-03
1.117413999999999907e-01 2.389367951053720466e-03
1.117416999999999994e-01 2.389367951053720466e-03
1.117419999999999941e-01 2.389367951053720466e-03
1.117422999999999889e-01 2.389367951053720466e-03
1.117425999999999975e-01 2.389367951053720466e-03
1.117428999999999922e-01 2.389367951053720466e-03
1.117432000000000009e-01 2.389367951053720466e-03
1.117434999999999956e-01 2.389367951053720466e-03
1.117437999999999904e-01 2.389367951053720466e-03
1.117440999999999990e-01 2.389367951053720466e-03
1.117443999999999937e-01 2.389367951053720466e-03
1.117446999999999885e-01 2.389367951053720466e-03
1.117449999999999971e-01 2.389367951053720466e-03
1.117452999999999919e-01 2.389367951053720466e-03
1.117456000000000005e-01 2.389367951053720466e-03
1.117458999999999952e-01 2.389367951053720466e-03
1.117461999999999900e-01 2.389367951053720466e-03
1.117464999999999986e-01 2.389367951053720466e-03
1.117467999999999934e-01 2.389367951053720466e-03
1.117471000000000020e-01 2.389367951053720466e-03
1.117473999999999967e-01 2.389367951053720466e-03
1.117476999999999915e-01 2.389367951053720466e-03
1.117480000000000001e-01 2.389367951053720466e-03
1.117482999999999949e-01 2.389367951053720466e-03
1.117485999999999896e-01 2.389367951053720466e-03
1.117488999999999982e-01 2.389367951053720466e-03
1.117491999999999930e-01 2.389367951053720466e-03
1.117495000000000016e-01 2.389367951053720466e-03
1.117497999999999964e-01 2.389367951053720466e-03
1.117500999999999911e-01 2.209929251172215638e-03
1.117503999999999997e-01 2.209929251172215638e-03
1.117506999999999945e-01 2.209929251172215638e-03
1.117509999999999892e-01 2.209929251172215638e-03
1.117512999999999979e-01 2.209929251172215638e-03
1.117515999999999926e-01 2.209929251172215638e-03
1.117519000000000012e-01 2.209929251172215638e-03
1.117521999999999960e-01 2.209929251172215638e-03
1.117524999999999907e-01 2.209929251172215638e-03
1.117527999999999994e-01 2.209929251172215638e-03
1.117530999999999941e-01 2.209929251172215638e-03
1.117533999999999889e-01 2.209929251172215638e-03
1.117536999999999975e-01 2.209929251172215638e-03
1.117539999999999922e-01 2.209929251172215638e-03
1.117543000000000009e-01 2.209929251172215638e-03
1.117545999999999956e-01 1.961683230283517605e-03
1.117548999999999904e-01 1.961683230283517605e-03
1.117551999999999990e-01 1.961683230283517605e-03
1.117554999999999937e-01 1.961683230283517605e-03
1.117557999999999885e-01 1.961683230283517605e-03
1.117560999999999971e-01 1.961683230283517605e-03
1.117563999999999919e-01 1.961683230283517605e-03
1.117567000000000005e-01 1.961683230283517605e-03
1.117569999999999952e-01 1.961683230283517605e-03
1.117572999999999900e-01 1.961683230283517605e-03
1.117575999999999986e-01 1.961683230283517605e-03
1.117578999999999934e-01 1.961683230283517605e-03
1.117582000000000020e-01 1.961683230283517605e-03
1.117584999999999967e-01 1.961683230283517605e-03
1.117587999999999915e-01 1.961683230283517605e-03
1.117591000000000001e-01 1.961683230283517605e-03
1.117593999999999949e-01 1.961683230283517605e-03
1.117596999999999896e-01 1.961683230283517605e-03
1.117599999999999982e-01 1.961683230283517605e-03
1.117602999999999930e-01 1.961683230283517605e-03
1.117606000000000016e-01 1.961683230283517605e-03
1.117608999999999964e-01 1.961683230283517605e-03
1.117611999999999911e-01 1.961683230283517605e-03
1.117614999999999997e-01 1.961683230283517605e-03
1.117617999999999945e-01 1.961683230283517605e-03
1.117620999999999892e-01 1.961683230283517605e-03
1.117623999999999979e-01 1.961683230283517605e-03
1.117626999999999926e-01 1.961683230283517605e-03
1.117630000000000012e-01 1.961683230283517605e-03
1.117632999999999960e-01 1.961683230283517605e-03
1.117635999999999907e-01 1.961683230283517605e-03
1.117638999999999994e-01 1.961683230283517605e-03
1.117641999999999941e-01 1.961683230283517605e-03
1.117644999999999889e-01 1.961683230283517605e-03
1.117647999999999975e-01 1.961683230283517605e-03
1.117650999999999922e-01 1.961683230283517605e-03
1.117654000000000009e-01 1.961683230283517605e-03
1.117656999999999956e-01 1.961683230283517605e-03
1.117659999999999904e-01 1.961683230283517605e-03
1.117662999999999990e-01 1.961683230283517605e-03
1.117665999999999937e-01 1.961683230283517605e-03
1.117669000000000024e-01 1.961683230283517605e-03
1.117671999999999971e-01 1.961683230283517605e-03
1.117674999999999919e-01 1.961683230283517605e-03
1.117678000000000005e-01 1.961683230283517605e-03
1.117680999999999952e-01 1.961683230283517605e-03
1.117683999999999900e-01 1.961683230283517605e-03
1.117686999999999986e-01 1.961683230283517605e-03
1.117689999999999934e-01 1.961683230283517605e-03
1.117693000000000020e-01 1.961683230283517605e-03
1.117695999999999967e-01 1.961683230283517605e-03
1.117698999999999915e-01 1.961683230283517605e-03
1.117702000000000001e-01 1.961683230283517605e-03
1.117704999999999949e-01 1.961683230283517605e-03
1.117707999999999896e-01 1.961683230283517605e-03
1.117710999999999982e-01 1.961683230283517605e-03
1.117713999999999930e-01 1.961683230283517605e-03
1.117717000000000016e-01 1.961683230283517605e-03
1.117719999999999964e-01 1.961683230283517605e-03
1.117722999999999911e-01 1.961683230283517605e-03
1.117725999999999997e-01 1.961683230283517605e-03
1.117728999999999945e-01 1.961683230283517605e-03
1.117731999999999892e-01 1.961683230283517605e-03
1.117734999999999979e-01 1.961683230283517605e-03
1.117737999999999926e-01 1.961683230283517605e-03
1.117741000000000012e-01 1.961683230283517605e-03
1.117743999999999960e-01 1.961683230283517605e-03
1.117746999999999907e-01 1.961683230283517605e-03
1.117749999999999994e-01 1.961683230283517605e-03
1.117752999999999941e-01 1.961683230283517605e-03
1.117756000000000027e-01 1.961683230283517605e-03
1.117758999999999975e-01 1.961683230283517605e-03
1.117761999999999922e-01 1.961683230283517605e-03
1.117765000000000009e-01 1.961683230283517605e-03
1.117767999999999956e-01 1.961683230283517605e-03
1.117770999999999904e-01 1.961683230283517605e-03
1.117773999999999990e-01 1.961683230283517605e-03
1.117776999999999937e-01 1.961683230283517605e-03
1.117780000000000024e-01 1.961683230283517605e-03
1.117782999999999971e-01 1.961683230283517605e-03
1.117785999999999919e-01 1.961683230283517605e-03
1.117789000000000005e-01 1.961683230283517605e-03
1.117791999999999952e-01 1.961683230283517605e-03
1.117794999999999900e-01 1.961683230283517605e-03
1.117797999999999986e-01 1.961683230283517605e-03
1.117800999999999934e-01 1.961683230283517605e-03
1.117804000000000020e-01 1.961683230283517605e-03
1.117806999999999967e-01 1.961683230283517605e-03
1.117809999999999915e-01 1.961683230283517605e-03
1.117813000000000001e-01 1.961683230283517605e-03
1.117815999999999949e-01 1.961683230283517605e-03
1.117818999999999896e-01 1.961683230283517605e-03
1.117821999999999982e-01 1.961683230283517605e-03
1.117824999999999930e-01 1.961683230283517605e-03
1.117828000000000016e-01 1.961683230283517605e-03
1.117830999999999964e-01 1.961683230283517605e-03
1.117833999999999911e-01 1.961683230283517605e-03
1.117836999999999997e-01 1.961683230283517605e-03
1.117839999999999945e-01 1.961683230283517605e-03
1.117842999999999892e-01 1.961683230283517605e-03
1.117845999999999979e-01 1.961683230283517605e-03
1.117848999999999926e-01 1.961683230283517605e-03
1.117852000000000012e-01 1.961683230283517605e-03
1.117854999999999960e-01 1.961683230283517605e-03
1.117857999999999907e-01 1.961683230283517605e-03
1.117860999999999994e-01 1.961683230283517605e-03
1.117863999999999941e-01 1.961683230283517605e-03
1.117867000000000027e-01 1.961683230283517605e-03
1.117869999999999975e-01 1.961683230283517605e-03
1.117872999999999922e-01 1.961683230283517605e-03
1.117876000000000009e-01 1.961683230283517605e-03
1.117878999999999956e-01 1.961683230283517605e-03
1.117881999999999904e-01 1.961683230283517605e-03
1.117884999999999990e-01 1.961683230283517605e-03
1.117887999999999937e-01 1.961683230283517605e-03
1.117891000000000024e-01 1.961683230283517605e-03
1.117893999999999971e-01 1.961683230283517605e-03
1.117896999999999919e-01 1.961683230283517605e-03
1.117900000000000005e-01 1.961683230283517605e-03
1.117902999999999952e-01 1.961683230283517605e-03
1.117905999999999900e-01 1.961683230283517605e-03
1.117908999999999986e-01 1.961683230283517605e-03
1.117911999999999934e-01 1.961683230283517605e-03
1.117915000000000020e-01 1.961683230283517605e-03
1.117917999999999967e-01 1.961683230283517605e-03
1.117920999999999915e-01 1.961683230283517605e-03
1.117924000000000001e-01 1.961683230283517605e-03
1.117926999999999949e-01 1.961683230283517605e-03
1.117929999999999896e-01 1.961683230283517605e-03
1.117932999999999982e-01 1.961683230283517605e-03
1.117935999999999930e-01 1.961683230283517605e-03
1.117939000000000016e-01 1.961683230283517605e-03
1.117941999999999964e-01 1.961683230283517605e-03
1.117944999999999911e-01 1.961683230283517605e-03
1.117947999999999997e-01 1.961683230283517605e-03
1.117950999999999945e-01 1.961683230283517605e-03
1.117954000000000031e-01 1.961683230283517605e-03
1.117956999999999979e-01 1.961683230283517605e-03
1.117959999999999926e-01 1.961683230283517605e-03
1.117963000000000012e-01 1.961683230283517605e-03
1.117965999999999960e-01 1.961683230283517605e-03
1.117968999999999907e-01 1.961683230283517605e-03
1.117971999999999994e-01 1.961683230283517605e-03
1.117974999999999941e-01 1.961683230283517605e-03
1.117978000000000027e-01 1.961683230283517605e-03
1.117980999999999975e-01 1.961683230283517605e-03
1.117983999999999922e-01 1.961683230283517605e-03
1.117987000000000009e-01 1.961683230283517605e-03
1.117989999999999956e-01 1.961683230283517605e-03
1.117992999999999904e-01 1.961683230283517605e-03
1.117995999999999990e-01 1.961683230283517605e-03
1.117998999999999937e-01 1.961683230283517605e-03
1.118002000000000024e-01 1.961683230283517605e-03
1.118004999999999971e-01 1.961683230283517605e-03
1.118007999999999919e-01 1.961683230283517605e-03
1.118011000000000005e-01 1.961683230283517605e-03
1.118013999999999952e-01 1.961683230283517605e-03
1.118016999999999900e-01 1.961683230283517605e-03
1.118019999999999986e-01 1.961683230283517605e-03
1.118022999999999934e-01 1.961683230283517605e-03
1.118026000000000020e-01 1.961683230283517605e-03
1.118028999999999967e-01 1.961683230283517605e-03
1.118031999999999915e-01 1.961683230283517605e-03
1.118035000000000001e-01 1.961683230283517605e-03
1.118037999999999949e-01 1.961683230283517605e-03
1.118041000000000035e-01 1.961683230283517605e-03
1.118043999999999982e-01 1.961683230283517605e-03
1.118046999999999930e-01 1.961683230283517605e-03
1.118050000000000016e-01 1.961683230283517605e-03
1.118052999999999964e-01 1.961683230283517605e-03
1.118055999999999911e-01 1.961683230283517605e-03
1.118058999999999997e-01 1.961683230283517605e-03
1.118061999999999945e-01 1.961683230283517605e-03
1.118065000000000031e-01 1.961683230283517605e-03
1.118067999999999979e-01 1.961683230283517605e-03
1.118070999999999926e-01 1.961683230283517605e-03
1.118074000000000012e-01 1.961683230283517605e-03
1.118076999999999960e-01 1.961683230283517605e-03
1.118079999999999907e-01 1.961683230283517605e-03
1.118082999999999994e-01 6.502966416758290853e-04
1.118085999999999941e-01 6.502966416758290853e-04
1.118089000000000027e-01 6.502966416758290853e-04
1.118091999999999975e-01 6.502966416758290853e-04
1.118094999999999922e-01 6.502966416758290853e-04
1.118098000000000009e-01 6.502966416758290853e-04
1.118100999999999956e-01 6.502966416758290853e-04
1.118103999999999904e-01 6.502966416758290853e-04
1.118106999999999990e-01 6.502966416758290853e-04
1.118109999999999937e-01 6.502966416758290853e-04
1.118113000000000024e-01 6.502966416758290853e-04
1.118115999999999971e-01 6.502966416758290853e-04
1.118118999999999919e-01 6.502966416758290853e-04
1.118122000000000005e-01 6.502966416758290853e-04
1.118124999999999952e-01 6.502966416758290853e-04
1.118128000000000039e-01 6.502966416758290853e-04
1.118130999999999986e-01 6.502966416758290853e-04
1.118133999999999934e-01 6.502966416758290853e-04
1.118137000000000020e-01 6.502966416758290853e-04
1.118139999999999967e-01 6.502966416758290853e-04
1.118142999999999915e-01 6.502966416758290853e-04
1.118146000000000001e-01 6.502966416758290853e-04
1.118148999999999949e-01 6.502966416758290853e-04
1.118152000000000035e-01 6.502966416758290853e-04
1.118154999999999982e-01 6.502966416758290853e-04
1.118157999999999930e-01 6.502966416758290853e-04
1.118161000000000016e-01 6.502966416758290853e-04
1.118163999999999964e-01 6.502966416758290853e-04
1.118166999999999911e-01 6.502966416758290853e-04
1.118169999999999997e-01 6.502966416758290853e-04
1.118172999999999945e-01 6.502966416758290853e-04
1.118176000000000031e-01 6.502966416758290853e-04
1.118178999999999979e-01 6.502966416758290853e-04
1.118181999999999926e-01 6.502966416758290853e-04
1.118185000000000012e-01 6.502966416758290853e-04
1.118187999999999960e-01 6.502966416758290853e-04
1.118190999999999907e-01 6.502966416758290853e-04
1.118193999999999994e-01 6.502966416758290853e-04
1.118196999999999941e-01 6.502966416758290853e-04
1.118200000000000027e-01 6.502966416758290853e-04
1.118202999999999975e-01 6.502966416758290853e-04
1.118205999999999922e-01 6.502966416758290853e-04
1.118209000000000009e-01 6.502966416758290853e-04
1.118211999999999956e-01 6.502966416758290853e-04
1.118214999999999903e-01 6.502966416758290853e-04
1.118217999999999990e-01 6.502966416758290853e-04
1.118220999999999937e-01 6.502966416758290853e-04
1.118224000000000024e-01 6.502966416758290853e-04
1.118226999999999971e-01 6.502966416758290853e-04
1.118229999999999918e-01 6.502966416758290853e-04
1.118233000000000005e-01 6.502966416758290853e-04
1.118235999999999952e-01 6.502966416758290853e-04
1.118239000000000039e-01 6.502966416758290853e-04
1.118241999999999986e-01 6.502966416758290853e-04
1.118244999999999933e-01 6.502966416758290853e-04
1.118248000000000020e-01 6.502966416758290853e-04
1.118250999999999967e-01 6.502966416758290853e-04
1.118253999999999915e-01 6.502966416758290853e-04
1.118257000000000001e-01 6.502966416758290853e-04
1.118259999999999948e-01 6.502966416758290853e-04
1.118263000000000035e-01 6.502966416758290853e-04
1.118265999999999982e-01 6.502966416758290853e-04
1.118268999999999930e-01 6.502966416758290853e-04
1.118272000000000016e-01 6.502966416758290853e-04
1.118274999999999963e-01 6.502966416758290853e-04
1.118277999999999911e-01 6.502966416758290853e-04
1.118280999999999997e-01 6.502966416758290853e-04
1.118283999999999945e-01 6.502966416758290853e-04
1.118287000000000031e-01 6.502966416758290853e-04
1.118289999999999978e-01 6.502966416758290853e-04
1.118292999999999926e-01 6.502966416758290853e-04
1.118296000000000012e-01 6.502966416758290853e-04
1.118298999999999960e-01 6.502966416758290853e-04
1.118301999999999907e-01 6.502966416758290853e-04
1.118304999999999993e-01 6.502966416758290853e-04
1.118307999999999941e-01 6.502966416758290853e-04
1.118311000000000027e-01 6.502966416758290853e-04
1.118313999999999975e-01 6.502966416758290853e-04
1.118316999999999922e-01 6.502966416758290853e-04
1.118320000000000008e-01 6.502966416758290853e-04
1.118322999999999956e-01 6.502966416758290853e-04
1.118326000000000042e-01 6.502966416758290853e-04
1.118328999999999990e-01 6.502966416758290853e-04
1.118331999999999937e-01 6.502966416758290853e-04
1.118335000000000024e-01 6.502966416758290853e-04
1.118337999999999971e-01 6.502966416758290853e-04
1.118340999999999918e-01 6.502966416758290853e-04
1.118344000000000005e-01 6.502966416758290853e-04
1.118346999999999952e-01 6.502966416758290853e-04
1.118350000000000039e-01 6.502966416758290853e-04
1.118352999999999986e-01 6.502966416758290853e-04
1.118355999999999933e-01 6.502966416758290853e-04
1.118359000000000020e-01 6.502966416758290853e-04
1.118361999999999967e-01 6.502966416758290853e-04
1.118364999999999915e-01 6.502966416758290853e-04
1.118368000000000001e-01 6.502966416758290853e-04
1.118370999999999948e-01 6.502966416758290853e-04
1.118374000000000035e-01 6.502966416758290853e-04
1.118376999999999982e-01 6.502966416758290853e-04
1.118379999999999930e-01 6.502966416758290853e-04
1.118383000000000016e-01 6.502966416758290853e-04
1.118385999999999963e-01 6.502966416758290853e-04
1.118388999999999911e-01 6.502966416758290853e-04
1.118391999999999997e-01 6.502966416758290853e-04
1.118394999999999945e-01 6.502966416758290853e-04
1.118398000000000031e-01 6.502966416758290853e-04
1.118400999999999978e-01 6.502966416758290853e-04
1.118403999999999926e-01 6.502966416758290853e-04
1.118407000000000012e-01 6.502966416758290853e-04
1.118409999999999960e-01 6.502966416758290853e-04
1.118413000000000046e-01 6.502966416758290853e-04
1.118415999999999993e-01 6.502966416758290853e-04
1.118418999999999941e-01 6.502966416758290853e-04
1.118422000000000027e-01 6.502966416758290853e-04
1.118424999999999975e-01 6.502966416758290853e-04
1.118427999999999922e-01 6.502966416758290853e-04
1.118431000000000008e-01 6.502966416758290853e-04
1.118433999999999956e-01 6.502966416758290853e-04
1.118437000000000042e-01 6.502966416758290853e-04
1.118439999999999990e-01 6.502966416758290853e-04
1.118442999999999937e-01 6.502966416758290853e-04
1.118446000000000023e-01 6.502966416758290853e-04
1.118448999999999971e-01 6.502966416758290853e-04
1.118451999999999918e-01 6.502966416758290853e-04
1.118455000000000005e-01 6.502966416758290853e-04
1.118457999999999952e-01 6.502966416758290853e-04
1.118461000000000038e-01 6.502966416758290853e-04
1.118463999999999986e-01 6.502966416758290853e-04
1.118466999999999933e-01 6.502966416758290853e-04
1.118470000000000020e-01 6.502966416758290853e-04
1.118472999999999967e-01 6.502966416758290853e-04
1.118475999999999915e-01 6.502966416758290853e-04
1.118479000000000001e-01 6.502966416758290853e-04
1.118481999999999948e-01 6.502966416758290853e-04
1.118485000000000035e-01 6.502966416758290853e-04
1.118487999999999982e-01 6.502966416758290853e-04
1.118490999999999930e-01 6.502966416758290853e-04
1.118494000000000016e-01 6.502966416758290853e-04
1.118496999999999963e-01 6.502966416758290853e-04
1.118500000000000050e-01 6.502966416758290853e-04
1.118502999999999997e-01 6.502966416758290853e-04
1.118505999999999945e-01 6.502966416758290853e-04
1.118509000000000031e-01 6.502966416758290853e-04
1.118511999999999978e-01 6.502966416758290853e-04
1.118514999999999926e-01 6.502966416758290853e-04
1.118518000000000012e-01 6.502966416758290853e-04
1.118520999999999960e-01 6.502966416758290853e-04
1.118524000000000046e-01 6.502966416758290853e-04
1.118526999999999993e-01 6.502966416758290853e-04
1.118529999999999941e-01 6.502966416758290853e-04
1.118533000000000027e-01 6.502966416758290853e-04
1.118535999999999975e-01 6.502966416758290853e-04
1.118538999999999922e-01 6.502966416758290853e-04
1.118542000000000008e-01 6.502966416758290853e-04
1.118544999999999956e-01 6.502966416758290853e-04
1.118548000000000042e-01 6.502966416758290853e-04
1.118550999999999990e-01 6.502966416758290853e-04
1.118553999999999937e-01 6.502966416758290853e-04
1.118557000000000023e-01 6.502966416758290853e-04
1.118559999999999971e-01 6.502966416758290853e-04
1.118562999999999918e-01 6.502966416758290853e-04
1.118566000000000005e-01 6.502966416758290853e-04
1.118568999999999952e-01 6.502966416758290853e-04
1.118572000000000038e-01 6.502966416758290853e-04
1.118574999999999986e-01 6.502966416758290853e-04
1.118577999999999933e-01 6.502966416758290853e-04
1.118581000000000020e-01 6.502966416758290853e-04
1.118583999999999967e-01 6.502966416758290853e-04
1.118586999999999915e-01 6.502966416758290853e-04
1.118590000000000001e-01 6.502966416758290853e-04
1.118592999999999948e-01 6.502966416758290853e-04
1.118596000000000035e-01 6.502966416758290853e-04
1.118598999999999982e-01 6.502966416758290853e-04
1.118601999999999930e-01 6.502966416758290853e-04
1.118605000000000016e-01 6.502966416758290853e-04
1.118607999999999963e-01 6.502966416758290853e-04
1.118611000000000050e-01 6.502966416758290853e-04
1.118613999999999997e-01 6.502966416758290853e-04
1.118616999999999945e-01 6.502966416758290853e-04
1.118620000000000031e-01 6.502966416758290853e-04
1.118622999999999978e-01 6.502966416758290853e-04
1.118625999999999926e-01 6.502966416758290853e-04
1.118629000000000012e-01 6.502966416758290853e-04
1.118631999999999960e-01 6.502966416758290853e-04
1.118635000000000046e-01 6.502966416758290853e-04
1.118637999999999993e-01 6.502966416758290853e-04
1.118640999999999941e-01 6.502966416758290853e-04
1.118644000000000027e-01 6.502966416758290853e-04
1.118646999999999975e-01 6.502966416758290853e-04
1.118649999999999922e-01 6.502966416758290853e-04
1.118653000000000008e-01 6.502966416758290853e-04
1.118655999999999956e-01 6.502966416758290853e-04
1.118659000000000042e-01 6.502966416758290853e-04
1.118661999999999990e-01 6.502966416758290853e-04
1.118664999999999937e-01 6.502966416758290853e-04
1.118668000000000023e-01 6.502966416758290853e-04
1.118670999999999971e-01 6.502966416758290853e-04
1.118673999999999918e-01 6.502966416758290853e-04
1.118677000000000005e-01 6.502966416758290853e-04
1.118679999999999952e-01 6.502966416758290853e-04
1.118683000000000038e-01 6.502966416758290853e-04
1.118685999999999986e-01 6.502966416758290853e-04
1.118688999999999933e-01 6.502966416758290853e-04
1.118692000000000020e-01 6.502966416758290853e-04
1.118694999999999967e-01 6.502966416758290853e-04
1.118698000000000053e-01 6.502966416758290853e-04
1.118701000000000001e-01 6.502966416758290853e-04
1.118703999999999948e-01 6.502966416758290853e-04
1.118707000000000035e-01 6.502966416758290853e-04
1.118709999999999982e-01 6.502966416758290853e-04
1.118712999999999930e-01 6.502966416758290853e-04
1.118716000000000016e-01 6.502966416758290853e-04
1.118718999999999963e-01 6.502966416758290853e-04
1.118722000000000050e-01 6.502966416758290853e-04
1.118724999999999997e-01 6.502966416758290853e-04
1.118727999999999945e-01 6.502966416758290853e-04
1.118731000000000031e-01 6.502966416758290853e-04
1.118733999999999978e-01 6.502966416758290853e-04
1.118736999999999926e-01 6.502966416758290853e-04
1.118740000000000012e-01 6.502966416758290853e-04
1.118742999999999960e-01 6.502966416758290853e-04
1.118746000000000046e-01 6.502966416758290853e-04
1.118748999999999993e-01 6.502966416758290853e-04
1.118751999999999941e-01 6.502966416758290853e-04
1.118755000000000027e-01 6.502966416758290853e-04
1.118757999999999975e-01 6.502966416758290853e-04
1.118760999999999922e-01 6.502966416758290853e-04
1.118764000000000008e-01 6.502966416758290853e-04
1.118766999999999956e-01 6.502966416758290853e-04
1.118770000000000042e-01 6.502966416758290853e-04
1.118772999999999990e-01 6.502966416758290853e-04
1.118775999999999937e-01 6.502966416758290853e-04
1.118779000000000023e-01 6.502966416758290853e-04
1.118781999999999971e-01 6.502966416758290853e-04
1.118785000000000057e-01 6.502966416758290853e-04
1.118788000000000005e-01 6.502966416758290853e-04
1.118790999999999952e-01 6.502966416758290853e-04
1.118794000000000038e-01 6.502966416758290853e-04
1.118796999999999986e-01 6.502966416758290853e-04
1.118799999999999933e-01 6.502966416758290853e-04
1.118803000000000020e-01 6.502966416758290853e-04
1.118805999999999967e-01 6.502966416758290853e-04
1.118809000000000053e-01 6.502966416758290853e-04
1.118812000000000001e-01 6.502966416758290853e-04
1.118814999999999948e-01 6.502966416758290853e-04
1.118818000000000035e-01 6.502966416758290853e-04
1.118820999999999982e-01 6.502966416758290853e-04
1.118823999999999930e-01 6.502966416758290853e-04
1.118827000000000016e-01 6.502966416758290853e-04
1.118829999999999963e-01 6.502966416758290853e-04
1.118833000000000050e-01 6.502966416758290853e-04
1.118835999999999997e-01 6.502966416758290853e-04
1.118838999999999945e-01 6.502966416758290853e-04
1.118842000000000031e-01 6.502966416758290853e-04
1.118844999999999978e-01 6.502966416758290853e-04
1.118847999999999926e-01 6.502966416758290853e-04
1.118851000000000012e-01 6.502966416758290853e-04
1.118853999999999960e-01 6.502966416758290853e-04
1.118857000000000046e-01 6.502966416758290853e-04
1.118859999999999993e-01 6.502966416758290853e-04
1.118862999999999941e-01 6.502966416758290853e-04
1.118866000000000027e-01 6.502966416758290853e-04
1.118868999999999975e-01 6.502966416758290853e-04
1.118871999999999922e-01 6.502966416758290853e-04
1.118875000000000008e-01 6.502966416758290853e-04
1.118877999999999956e-01 6.502966416758290853e-04
1.118881000000000042e-01 6.502966416758290853e-04
1.118883999999999990e-01 6.502966416758290853e-04
1.118886999999999937e-01 6.502966416758290853e-04
1.118890000000000023e-01 6.502966416758290853e-04
1.118892999999999971e-01 6.502966416758290853e-04
1.118896000000000057e-01 6.502966416758290853e-04
1.118899000000000005e-01 6.502966416758290853e-04
1.118901999999999952e-01 6.502966416758290853e-04
1.118905000000000038e-01 6.502966416758290853e-04
1.118907999999999986e-01 6.502966416758290853e-04
1.118910999999999933e-01 6.502966416758290853e-04
1.118914000000000020e-01 6.502966416758290853e-04
1.118916999999999967e-01 6.502966416758290853e-04
1.118920000000000053e-01 6.502966416758290853e-04
1.118923000000000001e-01 6.502966416758290853e-04
1.118925999999999948e-01 6.502966416758290853e-04
1.118929000000000035e-01 6.502966416758290853e-04
1.118931999999999982e-01 6.502966416758290853e-04
1.118934999999999930e-01 6.502966416758290853e-04
1.118938000000000016e-01 6.502966416758290853e-04
1.118940999999999963e-01 6.502966416758290853e-04
1.118944000000000050e-01 6.502966416758290853e-04
1.118946999999999997e-01 6.502966416758290853e-04
1.118949999999999945e-01 6.502966416758290853e-04
1.118953000000000031e-01 6.502966416758290853e-04
1.118955999999999978e-01 6.502966416758290853e-04
1.118958999999999926e-01 6.502966416758290853e-04
1.118962000000000012e-01 6.502966416758290853e-04
1.118964999999999960e-01 6.502966416758290853e-04
1.118968000000000046e-01 6.502966416758290853e-04
1.118970999999999993e-01 6.502966416758290853e-04
1.118973999999999941e-01 6.502966416758290853e-04
1.118977000000000027e-01 6.502966416758290853e-04
1.118979999999999975e-01 6.502966416758290853e-04
1.118983000000000061e-01 6.502966416758290853e-04
1.118986000000000008e-01 6.502966416758290853e-04
1.118988999999999956e-01 6.502966416758290853e-04
1.118992000000000042e-01 6.502966416758290853e-04
1.118994999999999990e-01 6.502966416758290853e-04
1.118997999999999937e-01 6.502966416758290853e-04
1.119001000000000023e-01 6.502966416758290853e-04
1.119003999999999971e-01 6.502966416758290853e-04
1.119007000000000057e-01 6.502966416758290853e-04
1.119010000000000005e-01 6.502966416758290853e-04
1.119012999999999952e-01 6.502966416758290853e-04
1.119016000000000038e-01 6.502966416758290853e-04
1.119018999999999986e-01 6.502966416758290853e-04
1.119021999999999933e-01 6.502966416758290853e-04
1.119025000000000020e-01 6.502966416758290853e-04
1.119027999999999967e-01 6.502966416758290853e-04
1.119031000000000053e-01 6.502966416758290853e-04
1.119034000000000001e-01 6.502966416758290853e-04
1.119036999999999948e-01 6.502966416758290853e-04
1.119040000000000035e-01 6.502966416758290853e-04
1.119042999999999982e-01 6.502966416758290853e-04
1.119045999999999930e-01 6.502966416758290853e-04
1.119049000000000016e-01 6.502966416758290853e-04
1.119051999999999963e-01 6.502966416758290853e-04
1.119055000000000050e-01 6.502966416758290853e-04
1.119057999999999997e-01 6.502966416758290853e-04
1.119060999999999945e-01 6.502966416758290853e-04
1.119064000000000031e-01 6.502966416758290853e-04
1.119066999999999978e-01 6.502966416758290853e-04
1.119070000000000065e-01 6.502966416758290853e-04
1.119073000000000012e-01 6.502966416758290853e-04
1.119075999999999960e-01 6.502966416758290853e-04
1.119079000000000046e-01 6.502966416758290853e-04
1.119081999999999993e-01 6.502966416758290853e-04
1.119084999999999941e-01 6.502966416758290853e-04
1.119088000000000027e-01 6.502966416758290853e-04
1.119090999999999975e-01 6.502966416758290853e-04
1.119094000000000061e-01 6.502966416758290853e-04
1.119097000000000008e-01 6.502966416758290853e-04
1.119099999999999956e-01 6.502966416758290853e-04
1.119103000000000042e-01 6.502966416758290853e-04
1.119105999999999990e-01 6.502966416758290853e-04
1.119108999999999937e-01 6.502966416758290853e-04
1.119112000000000023e-01 6.502966416758290853e-04
1.119114999999999971e-01 6.502966416758290853e-04
1.119118000000000057e-01 6.502966416758290853e-04
1.119121000000000005e-01 6.502966416758290853e-04
1.119123999999999952e-01 6.502966416758290853e-04
1.119127000000000038e-01 6.502966416758290853e-04
1.119129999999999986e-01 6.502966416758290853e-04
1.119132999999999933e-01 6.502966416758290853e-04
1.119136000000000020e-01 6.502966416758290853e-04
1.119138999999999967e-01 6.502966416758290853e-04
1.119142000000000053e-01 6.502966416758290853e-04
1.119145000000000001e-01 6.502966416758290853e-04
1.119147999999999948e-01 6.502966416758290853e-04
1.119151000000000035e-01 6.502966416758290853e-04
1.119153999999999982e-01 6.502966416758290853e-04
1.119157000000000068e-01 6.502966416758290853e-04
1.119160000000000016e-01 6.502966416758290853e-04
1.119162999999999963e-01 6.502966416758290853e-04
1.119166000000000050e-01 6.502966416758290853e-04
1.119168999999999997e-01 6.502966416758290853e-04
1.119171999999999945e-01 6.502966416758290853e-04
1.119175000000000031e-01 6.502966416758290853e-04
1.119177999999999978e-01 6.502966416758290853e-04
1.119181000000000065e-01 6.502966416758290853e-04
1.119184000000000012e-01 6.502966416758290853e-04
1.119186999999999960e-01 6.502966416758290853e-04
1.119190000000000046e-01 6.502966416758290853e-04
1.119192999999999993e-01 6.502966416758290853e-04
1.119195999999999941e-01 6.502966416758290853e-04
1.119199000000000027e-01 6.502966416758290853e-04
1.119201999999999975e-01 6.502966416758290853e-04
1.119205000000000061e-01 6.502966416758290853e-04
1.119208000000000008e-01 6.502966416758290853e-04
1.119210999999999956e-01 6.502966416758290853e-04
1.119214000000000042e-01 6.502966416758290853e-04
1.119216999999999990e-01 6.502966416758290853e-04
1.119219999999999937e-01 6.502966416758290853e-04
1.119223000000000023e-01 6.502966416758290853e-04
1.119225999999999971e-01 6.502966416758290853e-04
1.119229000000000057e-01 6.502966416758290853e-04
1.119232000000000005e-01 6.502966416758290853e-04
1.119234999999999952e-01 6.502966416758290853e-04
1.119238000000000038e-01 6.502966416758290853e-04
1.119240999999999986e-01 6.502966416758290853e-04
1.119243999999999933e-01 6.502966416758290853e-04
1.119247000000000020e-01 6.502966416758290853e-04
1.119249999999999967e-01 6.502966416758290853e-04
1.119253000000000053e-01 6.502966416758290853e-04
1.119256000000000001e-01 6.502966416758290853e-04
1.119258999999999948e-01 6.502966416758290853e-04
1.119262000000000035e-01 6.502966416758290853e-04
1.119264999999999982e-01 6.502966416758290853e-04
1.119268000000000068e-01 6.502966416758290853e-04
1.119271000000000016e-01 6.502966416758290853e-04
1.119273999999999963e-01 6.502966416758290853e-04
1.119277000000000050e-01 6.502966416758290853e-04
1.119279999999999997e-01 6.502966416758290853e-04
1.119282999999999945e-01 6.502966416758290853e-04
1.119286000000000031e-01 6.502966416758290853e-04
1.119288999999999978e-01 6.502966416758290853e-04
1.119292000000000065e-01 6.502966416758290853e-04
1.119295000000000012e-01 6.502966416758290853e-04
1.119297999999999960e-01 6.502966416758290853e-04
1.119301000000000046e-01 6.502966416758290853e-04
1.119303999999999993e-01 6.502966416758290853e-04
1.119306999999999941e-01 6.502966416758290853e-04
1.119310000000000027e-01 6.502966416758290853e-04
1.119312999999999975e-01 6.502966416758290853e-04
1.119316000000000061e-01 6.502966416758290853e-04
1.119319000000000008e-01 6.502966416758290853e-04
1.119321999999999956e-01 6.502966416758290853e-04
1.119325000000000042e-01 6.502966416758290853e-04
1.119327999999999990e-01 6.502966416758290853e-04
1.119330999999999937e-01 6.502966416758290853e-04
1.119334000000000023e-01 6.502966416758290853e-04
1.119336999999999971e-01 6.502966416758290853e-04
1.119340000000000057e-01 6.502966416758290853e-04
1.119343000000000005e-01 6.502966416758290853e-04
1.119345999999999952e-01 6.502966416758290853e-04
1.119349000000000038e-01 6.502966416758290853e-04
1.119351999999999986e-01 6.502966416758290853e-04
1.119355000000000072e-01 6.502966416758290853e-04
1.119358000000000020e-01 6.502966416758290853e-04
1.119360999999999967e-01 6.502966416758290853e-04
1.119364000000000053e-01 6.502966416758290853e-04
1.119367000000000001e-01 6.502966416758290853e-04
1.119369999999999948e-01 6.502966416758290853e-04
1.119373000000000035e-01 6.502966416758290853e-04
1.119375999999999982e-01 6.502966416758290853e-04
1.119379000000000068e-01 6.502966416758290853e-04
1.119382000000000016e-01 6.502966416758290853e-04
1.119384999999999963e-01 6.502966416758290853e-04
1.119388000000000050e-01 6.502966416758290853e-04
1.119390999999999997e-01 6.502966416758290853e-04
1.119393999999999945e-01 6.502966416758290853e-04
1.119397000000000031e-01 6.502966416758290853e-04
1.119399999999999978e-01 6.502966416758290853e-04
1.119403000000000065e-01 6.502966416758290853e-04
1.119406000000000012e-01 6.502966416758290853e-04
1.119408999999999960e-01 6.502966416758290853e-04
1.119412000000000046e-01 6.502966416758290853e-04
1.119414999999999993e-01 6.502966416758290853e-04
1.119417999999999941e-01 6.502966416758290853e-04
1.119421000000000027e-01 6.502966416758290853e-04
1.119423999999999975e-01 5.990284417096848179e-04
1.119427000000000061e-01 5.990284417096848179e-04
1.119430000000000008e-01 5.990284417096848179e-04
1.119432999999999956e-01 5.990284417096848179e-04
1.119436000000000042e-01 5.990284417096848179e-04
1.119438999999999990e-01 5.990284417096848179e-04
1.119442000000000076e-01 5.990284417096848179e-04
1.119445000000000023e-01 5.990284417096848179e-04
1.119447999999999971e-01 5.990284417096848179e-04
1.119451000000000057e-01 5.990284417096848179e-04
1.119454000000000005e-01 5.990284417096848179e-04
1.119456999999999952e-01 5.990284417096848179e-04
1.119460000000000038e-01 5.990284417096848179e-04
1.119462999999999986e-01 5.990284417096848179e-04
1.119466000000000072e-01 5.990284417096848179e-04
1.119469000000000020e-01 5.990284417096848179e-04
1.119471999999999967e-01 5.990284417096848179e-04
1.119475000000000053e-01 5.990284417096848179e-04
1.119478000000000001e-01 5.990284417096848179e-04
1.119480999999999948e-01 5.990284417096848179e-04
1.119484000000000035e-01 5.990284417096848179e-04
1.119486999999999982e-01 5.990284417096848179e-04
1.119490000000000068e-01 5.990284417096848179e-04
1.119493000000000016e-01 5.990284417096848179e-04
1.119495999999999963e-01 5.990284417096848179e-04
1.119499000000000050e-01 5.990284417096848179e-04
1.119501999999999997e-01 5.990284417096848179e-04
1.119504999999999945e-01 5.990284417096848179e-04
1.119508000000000031e-01 5.990284417096848179e-04
1.119510999999999978e-01 5.990284417096848179e-04
1.119514000000000065e-01 5.990284417096848179e-04
1.119517000000000012e-01 5.990284417096848179e-04
1.119519999999999960e-01 5.990284417096848179e-04
1.119523000000000046e-01 5.990284417096848179e-04
1.119525999999999993e-01 5.990284417096848179e-04
1.119528999999999941e-01 5.990284417096848179e-04
1.119532000000000027e-01 5.990284417096848179e-04
1.119534999999999975e-01 5.990284417096848179e-04
1.119538000000000061e-01 5.990284417096848179e-04
1.119541000000000008e-01 5.990284417096848179e-04
1.119543999999999956e-01 5.990284417096848179e-04
1.119547000000000042e-01 5.990284417096848179e-04
1.119549999999999990e-01 5.990284417096848179e-04
1.119553000000000076e-01 5.990284417096848179e-04
1.119556000000000023e-01 5.990284417096848179e-04
1.119558999999999971e-01 5.990284417096848179e-04
1.119562000000000057e-01 5.990284417096848179e-04
1.119565000000000005e-01 5.990284417096848179e-04
1.119567999999999952e-01 5.990284417096848179e-04
1.119571000000000038e-01 5.990284417096848179e-04
1.119573999999999986e-01 5.990284417096848179e-04
1.119577000000000072e-01 5.990284417096848179e-04
1.119580000000000020e-01 5.990284417096848179e-04
1.119582999999999967e-01 5.990284417096848179e-04
1.119586000000000053e-01 5.990284417096848179e-04
1.119589000000000001e-01 5.990284417096848179e-04
1.119591999999999948e-01 5.990284417096848179e-04
1.119595000000000035e-01 5.990284417096848179e-04
1.119597999999999982e-01 5.990284417096848179e-04
1.119601000000000068e-01 5.990284417096848179e-04
1.119604000000000016e-01 5.990284417096848179e-04
1.119606999999999963e-01 5.990284417096848179e-04
1.119610000000000050e-01 5.990284417096848179e-04
1.119612999999999997e-01 5.990284417096848179e-04
1.119615999999999945e-01 5.990284417096848179e-04
1.119619000000000031e-01 5.990284417096848179e-04
1.119621999999999978e-01 5.990284417096848179e-04
1.119625000000000065e-01 5.990284417096848179e-04
1.119628000000000012e-01 5.990284417096848179e-04
1.119630999999999960e-01 5.990284417096848179e-04
1.119634000000000046e-01 5.990284417096848179e-04
1.119636999999999993e-01 5.990284417096848179e-04
1.119640000000000080e-01 5.990284417096848179e-04
1.119643000000000027e-01 5.990284417096848179e-04
1.119645999999999975e-01 5.990284417096848179e-04
1.119649000000000061e-01 5.990284417096848179e-04
1.119652000000000008e-01 5.990284417096848179e-04
1.119654999999999956e-01 5.990284417096848179e-04
1.119658000000000042e-01 5.990284417096848179e-04
1.119660999999999990e-01 5.990284417096848179e-04
1.119664000000000076e-01 5.990284417096848179e-04
1.119667000000000023e-01 5.990284417096848179e-04
1.119669999999999971e-01 5.990284417096848179e-04
1.119673000000000057e-01 5.990284417096848179e-04
1.119676000000000005e-01 5.990284417096848179e-04
1.119678999999999952e-01 5.990284417096848179e-04
1.119682000000000038e-01 5.990284417096848179e-04
1.119684999999999986e-01 5.990284417096848179e-04
1.119688000000000072e-01 5.990284417096848179e-04
1.119691000000000020e-01 5.990284417096848179e-04
1.119693999999999967e-01 5.990284417096848179e-04
1.119697000000000053e-01 5.990284417096848179e-04
1.119700000000000001e-01 5.990284417096848179e-04
1.119702999999999948e-01 5.990284417096848179e-04
1.119706000000000035e-01 5.990284417096848179e-04
1.119708999999999982e-01 5.990284417096848179e-04
1.119712000000000068e-01 5.990284417096848179e-04
1.119715000000000016e-01 5.990284417096848179e-04
1.119717999999999963e-01 5.990284417096848179e-04
1.119721000000000050e-01 5.990284417096848179e-04
1.119723999999999997e-01 5.990284417096848179e-04
1.119727000000000083e-01 5.990284417096848179e-04
1.119730000000000031e-01 5.990284417096848179e-04
1.119732999999999978e-01 5.990284417096848179e-04
1.119736000000000065e-01 5.990284417096848179e-04
1.119739000000000012e-01 5.990284417096848179e-04
1.119741999999999960e-01 5.990284417096848179e-04
1.119745000000000046e-01 5.990284417096848179e-04
1.119747999999999993e-01 5.990284417096848179e-04
1.119751000000000080e-01 5.990284417096848179e-04
1.119754000000000027e-01 5.990284417096848179e-04
1.119756999999999975e-01 5.990284417096848179e-04
1.119760000000000061e-01 5.990284417096848179e-04
1.119763000000000008e-01 5.990284417096848179e-04
1.119765999999999956e-01 5.990284417096848179e-04
1.119769000000000042e-01 5.990284417096848179e-04
1.119771999999999990e-01 5.990284417096848179e-04
1.119775000000000076e-01 5.990284417096848179e-04
1.119778000000000023e-01 5.990284417096848179e-04
1.119780999999999971e-01 5.990284417096848179e-04
1.119784000000000057e-01 5.990284417096848179e-04
1.119787000000000005e-01 5.990284417096848179e-04
1.119789999999999952e-01 5.990284417096848179e-04
1.119793000000000038e-01 5.990284417096848179e-04
1.119795999999999986e-01 5.990284417096848179e-04
1.119799000000000072e-01 5.990284417096848179e-04
1.119802000000000020e-01 5.990284417096848179e-04
1.119804999999999967e-01 5.990284417096848179e-04
1.119808000000000053e-01 5.990284417096848179e-04
1.119811000000000001e-01 5.990284417096848179e-04
1.119814000000000087e-01 5.990284417096848179e-04
1.119817000000000035e-01 5.990284417096848179e-04
1.119819999999999982e-01 5.990284417096848179e-04
1.119823000000000068e-01 5.990284417096848179e-04
1.119826000000000016e-01 5.990284417096848179e-04
1.119828999999999963e-01 5.990284417096848179e-04
1.119832000000000050e-01 5.990284417096848179e-04
1.119834999999999997e-01 5.990284417096848179e-04
1.119838000000000083e-01 5.990284417096848179e-04
1.119841000000000031e-01 5.990284417096848179e-04
1.119843999999999978e-01 5.990284417096848179e-04
1.119847000000000065e-01 5.990284417096848179e-04
1.119850000000000012e-01 5.990284417096848179e-04
1.119852999999999960e-01 5.990284417096848179e-04
1.119856000000000046e-01 5.990284417096848179e-04
1.119858999999999993e-01 5.990284417096848179e-04
1.119862000000000080e-01 5.990284417096848179e-04
1.119865000000000027e-01 5.990284417096848179e-04
1.119867999999999975e-01 5.990284417096848179e-04
1.119871000000000061e-01 5.990284417096848179e-04
1.119874000000000008e-01 5.990284417096848179e-04
1.119876999999999956e-01 5.990284417096848179e-04
1.119880000000000042e-01 5.990284417096848179e-04
1.119882999999999990e-01 5.990284417096848179e-04
1.119886000000000076e-01 5.990284417096848179e-04
1.119889000000000023e-01 5.990284417096848179e-04
1.119891999999999971e-01 5.990284417096848179e-04
1.119895000000000057e-01 5.990284417096848179e-04
1.119898000000000005e-01 5.990284417096848179e-04
1.119900999999999952e-01 5.990284417096848179e-04
1.119904000000000038e-01 5.990284417096848179e-04
1.119906999999999986e-01 5.990284417096848179e-04
1.119910000000000072e-01 5.990284417096848179e-04
1.119913000000000020e-01 5.990284417096848179e-04
1.119915999999999967e-01 5.990284417096848179e-04
1.119919000000000053e-01 5.990284417096848179e-04
1.119922000000000001e-01 5.990284417096848179e-04
1.119925000000000087e-01 5.990284417096848179e-04
1.119928000000000035e-01 5.990284417096848179e-04
1.119930999999999982e-01 5.990284417096848179e-04
1.119934000000000068e-01 5.990284417096848179e-04
1.119937000000000016e-01 5.990284417096848179e-04
1.119939999999999963e-01 5.990284417096848179e-04
1.119943000000000050e-01 5.990284417096848179e-04
1.119945999999999997e-01 5.990284417096848179e-04
1.119949000000000083e-01 5.990284417096848179e-04
1.119952000000000031e-01 5.990284417096848179e-04
1.119954999999999978e-01 5.990284417096848179e-04
1.119958000000000065e-01 5.990284417096848179e-04
1.119961000000000012e-01 5.990284417096848179e-04
1.119963999999999960e-01 5.990284417096848179e-04
1.119967000000000046e-01 5.990284417096848179e-04
1.119969999999999993e-01 5.990284417096848179e-04
1.119973000000000080e-01 5.990284417096848179e-04
1.119976000000000027e-01 5.990284417096848179e-04
1.119978999999999975e-01 5.990284417096848179e-04
1.119982000000000061e-01 5.990284417096848179e-04
1.119985000000000008e-01 5.990284417096848179e-04
1.119987999999999956e-01 5.990284417096848179e-04
1.119991000000000042e-01 5.990284417096848179e-04
1.119993999999999990e-01 5.990284417096848179e-04
1.119997000000000076e-01 5.990284417096848179e-04
1.120000000000000023e-01 5.990284417096848179e-04
