#"Step","Time (ps)","Potential Energy (kJ/mole)","Kinetic Energy (kJ/mole)","Total Energy (kJ/mole)","Temperature (K)","Box Volume (nm^3)","Density (g/mL)"
505000,252.4999999974851,-35842.88728725305,8736.435254377724,-27106.452032875324,269.9167154082942,25.65111541187463,1.0344477038025484
510000,254.999999997426,-36013.77502825786,8792.27169673669,-27221.503331521173,269.3660217576359,26.013196992861,1.0200490714413148
515000,257.4999999973669,-36021.90243170387,8827.294916992652,-27194.60751471122,266.26799465848404,25.66973331380716,1.0336974332146818
520000,259.9999999973078,-36237.102751408005,8747.209729477396,-27489.89302193061,261.95121009254467,25.86693849440742,1.0258166981579528
525000,262.49999999724866,-35966.3345519735,8629.195819760302,-27337.1387322132,260.1224534771387,26.117521986617568,1.015974541971634
530000,264.99999999718955,-36236.56020204676,8495.812770122455,-27740.74743192431,249.71482508802708,25.797997521786808,1.0285580272414117
535000,267.49999999713043,-36373.18050190271,8671.253610005042,-27701.926891897667,263.22497657303995,25.733892868487885,1.0311202262865036
540000,269.9999999970713,-36349.33345703641,8549.672315062358,-27799.66114197405,259.7268665448869,26.316750553949525,1.0082831990747287
545000,272.4999999970122,-36319.84470000886,8540.983079185047,-27778.861620823816,256.98694090809425,25.98155379042569,1.0212913997301434
550000,274.9999999969531,-36297.843781514326,8489.799110925247,-27808.04467058908,255.53098182040415,26.133623681870084,1.0153485701332745
555000,277.49999999689396,-35992.44758477225,8417.644886448998,-27574.802698323252,260.08776585794726,25.878063337631325,1.025375704958633
560000,279.99999999683484,-36335.0833749976,8535.170478022264,-27799.912896975336,258.77837042149554,25.92985731703297,1.0233275529965051
565000,282.4999999967757,-36250.372488850495,8538.720373448472,-27711.652115402023,256.33840120752365,26.087897261339847,1.0171282557567491
570000,284.9999999967166,-36051.817343628034,8517.716711845575,-27534.100631782458,263.82539839626264,26.138214950846244,1.0151702206018007
575000,287.4999999966575,-36038.38113216404,8788.35541684982,-27250.02571531422,261.91755583969854,25.94039262500659,1.0229119435998177
580000,289.9999999965984,-36303.625459234,8493.542040919388,-27810.083418314607,256.8699348699884,25.627988317819085,1.0353812054510076
585000,292.49999999653926,-35824.727796730585,8272.067225831015,-27552.66057089957,253.52936016349253,25.67096993504163,1.0336476379712936
590000,294.99999999648014,-36186.336035697954,8649.785342366686,-27536.550693331268,262.53503081838664,25.757408326836984,1.0301788557717966
595000,297.499999996421,-36010.64422678761,8678.6775949136,-27331.966631874013,265.1272458238874,25.587608701042605,1.0370151329032427
600000,299.9999999963619,-36090.40141991875,8745.964261811485,-27344.437158107266,263.46279740577717,25.814649517187572,1.027894545696654
605000,302.4999999963028,-36285.62742206757,8579.296134780107,-27706.331287287463,257.7450239472712,26.197764375508534,1.0128626648232
610000,304.9999999962437,-36265.13618533895,8656.022539732705,-27609.11364560625,262.2884671419274,25.792259869343383,1.0287868365240453
615000,307.49999999618456,-36306.8324708594,8746.752556567026,-27560.079914292375,261.0362666431158,26.022845192515078,1.0196708792403693
620000,309.99999999612544,-35903.65945943701,8669.541325757094,-27234.118133679916,264.0823408913865,25.971946303309675,1.0216691936717301
625000,312.4999999960663,-36094.6238007755,8666.416878294458,-27428.206922481044,263.5070395069997,25.88763330697159,1.024996650838762
630000,314.9999999960072,-35933.97529769456,8467.775211472868,-27466.200086221692,253.12456489046468,25.922727977308355,1.0236089913459434
635000,317.4999999959481,-35991.82470678468,8831.20845662729,-27160.616250157393,268.02192293448746,26.12769774765799,1.015578857887177
640000,319.99999999588897,-36117.824501811294,8746.812448742634,-27371.01205306866,265.72731168125904,26.143475039118,1.0149659675343246
645000,322.49999999582985,-36426.5165587652,8662.871807281996,-27763.644751483203,258.2138432778016,26.06307101762958,1.0180971160244028
650000,324.99999999577074,-36007.985799312126,8485.117250118674,-27522.868549193452,260.8973941590497,25.98086894149523,1.0213183207051257
655000,327.4999999957116,-35930.66060500941,8509.186998619398,-27421.473606390013,261.24940092066106,26.23356997628329,1.011480231694613
660000,329.9999999956525,-35817.89401002391,8726.229590756499,-27091.664419267414,263.59189248985797,25.947852697950854,1.0226178538420394
665000,332.4999999955934,-36140.43188180006,8478.261002407271,-27662.17087939279,255.99131200945538,25.936935402886974,1.0230482910033525
670000,334.99999999553427,-36133.82590571139,8512.412390590634,-27621.413515120756,251.95331222714606,26.069839375481056,1.0178327935055884
675000,337.49999999547515,-36395.13921727403,8689.235505717463,-27705.903711556566,259.672140560299,26.14792803108321,1.0147931188369816
680000,339.99999999541603,-36554.00261932728,8583.14331162109,-27970.85930770619,256.6622153620217,25.879514287566728,1.0253182166767298
685000,342.4999999953569,-35959.468975690426,8580.896929489143,-27378.572046201283,254.61042741568923,25.994819333037203,1.0207702195515733
690000,344.9999999952978,-36389.17724225763,8539.570268659307,-27849.606973598326,258.2566090462104,26.111649978008003,1.0162030151344783
695000,347.4999999952387,-36283.72958528227,8483.28682540636,-27800.442759875914,254.2250665478725,25.973366985605967,1.0216133107614813
700000,349.99999999517956,-36364.99320419412,8555.909899913955,-27809.083304280168,254.83146189266762,25.977407137701213,1.0214544237279861
705000,352.49999999512045,-36078.286175889894,8482.17280225038,-27596.113373639513,255.16062457175087,25.86084608818025,1.0260583643439114
710000,354.99999999506133,-35947.49874896207,8419.056740309054,-27528.442008653015,253.68003323337558,26.011704264460985,1.0201076087906122
715000,357.4999999950022,-35911.660018885974,8670.445385820254,-27241.21463306572,255.38003607944574,26.10675202780955,1.0163936674130285
720000,359.9999999949431,-35908.451146100415,8594.516922321796,-27313.93422377862,257.78259910939835,25.87805381444835,1.0253760822992366
725000,362.499999994884,-36255.00159556535,8795.804512356797,-27459.197083208554,266.00667229004625,26.16358047623271,1.0141860156293334
730000,364.99999999482486,-35966.94934416283,8689.027757466818,-27277.92158669601,259.0663083572767,25.860743400394774,1.0260624386143056
735000,367.49999999476574,-35962.41877306672,8570.005935869809,-27392.41283719691,259.03904867481026,26.028310099505656,1.019456789024956
740000,369.9999999947066,-35770.492242651526,8703.998881780437,-27066.49336087109,266.0124954820933,25.982089265166675,1.0212703515479837
745000,372.4999999946475,-36000.07966822758,8731.671270381585,-27268.408397845997,266.1438471427695,25.96492326543747,1.021945536542713
750000,374.9999999945884,-36283.21595789143,8830.189861111856,-27453.026096779573,268.60000332136957,25.760040012296173,1.0300736111093736
755000,377.4999999945293,-36096.25254684896,8675.473690929408,-27420.778855919554,261.15655569324514,26.436743663787766,1.0037067263368873
760000,379.99999999447016,-36248.679857498035,8981.047191260433,-27267.6326662376,272.31255995981195,25.96169181608208,1.0220727380081913
765000,382.49999999441104,-36277.54500390473,8578.390316135281,-27699.15468776945,257.8111232253707,26.200335117071752,1.0127632841038823
770000,384.9999999943519,-36249.23032198381,8726.443552608633,-27522.786769375176,263.67885875751614,25.73106933547265,1.0312333736245967
775000,387.4999999942928,-35732.861330547836,8677.182351918596,-27055.67897862924,260.3624479619791,25.958662980544243,1.0221919926182403
780000,389.9999999942337,-36079.59039556491,8643.24343309893,-27436.34696246598,258.13213063965645,25.845243595862712,1.026677784613163
785000,392.4999999941746,-35821.401339431526,8648.830894112136,-27172.57044531939,261.5023278694636,26.1536713467174,1.0145702714551508
790000,394.99999999411546,-36007.25534554222,8539.985480361811,-27467.269865180406,260.60498665213623,26.01519431518477,1.0199707569472138
795000,397.49999999405634,-36208.594322689576,8607.832384732279,-27600.761937957297,260.59789407267687,25.919019739526266,1.0237554392276125
800000,399.9999999939972,-35975.23676766595,8494.393392897162,-27480.84337476879,255.55216309033565,26.166609347603206,1.0140686202516485
805000,402.4999999939381,-36173.393938067136,8678.797725118862,-27494.596212948272,255.8899984414796,26.140342009943826,1.015087615444894
810000,404.999999993879,-36214.20412797085,8670.344511401488,-27543.85961656936,264.0760181614425,25.69164473828476,1.0328158320765957
815000,407.49999999381987,-36230.1289522904,8909.47403072448,-27320.654921565918,276.2420683885164,25.764619982802195,1.0298905031589725
820000,409.99999999376075,-36065.297601792496,8614.785193799737,-27450.51240799276,264.43122130826396,26.39698059403414,1.0052186591289483
825000,412.49999999370164,-36191.768003742676,8537.15227132461,-27654.615732418068,255.3464425463106,26.119662961476305,1.0158912646355258
830000,414.9999999936425,-36393.03710534377,8721.139490024856,-27671.897615318914,263.34301779037764,26.376683678250604,1.0059921770858402
835000,417.4999999935834,-36507.73921103543,8662.94720033555,-27844.79201069988,260.47897745996414,25.76174373922473,1.0300054882304486
840000,419.9999999935243,-35891.422194654355,8520.724831361696,-27370.69736329266,257.414699824188,26.09209377121713,1.016964666402473
845000,422.49999999346517,-35848.3339572011,8378.350845001158,-27469.983112199945,250.66057907189614,26.163822080484387,1.0141766503442227
850000,424.99999999340605,-35805.94915470062,8478.5456953735,-27327.40345932712,255.29067004704063,26.103917370709397,1.0165040388750957
855000,427.49999999334693,-35800.142145946855,8606.863124946049,-27193.279021000806,261.4777915734253,26.052887674403223,1.018495061637949
860000,429.9999999932878,-36171.92209732253,8829.077588024225,-27342.844509298306,270.943444396703,26.1967520506082,1.0129018050224976
865000,432.4999999932287,-36145.923453879775,8385.588708798927,-27760.33474508085,254.62424189899505,26.3031783542557,1.0088034639925827
870000,434.9999999931696,-36329.03372942563,8655.533568897536,-27673.500160528096,262.7463674769061,25.938601270812352,1.022982587254862
875000,437.49999999311046,-36328.61308929534,8637.595404668928,-27691.017684626408,259.2856644640592,25.961962398626632,1.0220620856916247
880000,439.99999999305135,-36409.71050813631,8304.726210250705,-28104.984297885607,254.6787046054172,25.941616689982574,1.0228636771136292
885000,442.49999999299223,-36402.42175288848,8652.6802451309,-27749.74150775758,263.4358151111774,26.046832879493728,1.0187318189720584
890000,444.9999999929331,-36239.304729725,8715.966326122263,-27523.33840360274,269.2444868192821,25.944784610840284,1.022738782988435
895000,447.499999992874,-36110.40255432576,8687.763958828737,-27422.638595497025,264.4832265269317,25.672398851928982,1.0335901054993968
900000,449.9999999928149,-36303.50881243148,8737.728770284706,-27565.780042146773,264.70495910613914,25.798053237889643,1.0285558058627562
905000,452.49999999275576,-36355.31778724701,8751.92089635847,-27603.396890888544,261.75491758415666,25.985234915475047,1.021146721363122
910000,454.99999999269664,-36171.81892768666,8754.634834505789,-27417.184093180873,264.78353216474216,26.052656213679033,1.018504110297042
915000,457.4999999926375,-36323.782657867996,8829.06953924705,-27494.713118620944,269.178421886383,25.951606481904808,1.0224699367374293
920000,459.9999999925784,-36509.33186724549,8266.92163188705,-28242.410235358442,248.61048197102082,25.912023371947505,1.024031857987382
925000,462.4999999925193,-36357.66797840851,8463.149161840487,-27894.518816568027,248.53188881229823,25.985993788471003,1.0211169006574734
930000,464.9999999924602,-36324.1484414076,8790.110014707183,-27534.038426700412,261.08287954664047,26.01937897099689,1.0198067166539768
935000,467.49999999240106,-36085.702453210484,8281.755863183684,-27803.9465900268,246.8011030396189,25.850744121121622,1.0264593279582765
940000,469.99999999234194,-35994.49414757546,8472.580147888844,-27521.913999686614,256.41912892031723,25.791176160425305,1.028830064698775
945000,472.4999999922828,-36159.191835582955,8663.55799337778,-27495.633842205174,263.4921213754607,25.840254017212818,1.0268760291641266
950000,474.9999999922237,-36113.15317344759,8387.265098610274,-27725.888074837312,257.3396675242095,26.02165118357682,1.0197176670531527
955000,477.4999999921646,-36253.0830136491,8784.737891059034,-27468.345122590064,264.4190696794105,26.314836220136534,1.0083565489753292
960000,479.9999999921055,-36098.2042788635,8494.187509732506,-27604.016769130994,255.06772583576782,25.9466147124354,1.0226666457983284
965000,482.49999999204636,-36248.375533919316,8847.345023877946,-27401.030510041368,270.06569668183664,25.81458143404757,1.0278972566562892
970000,484.99999999198724,-36172.940891320584,8551.69341657762,-27621.247474742966,256.38216378984083,25.840244351956787,1.0268764132556856
975000,487.4999999919281,-36078.800234785536,8470.645085726366,-27608.15514905917,257.6843030877959,26.132220344832845,1.0154030957815114
980000,489.999999991869,-35892.414839665405,8652.20698703859,-27240.207852626816,259.16410589732124,25.999997785259637,1.0205669114645615
985000,492.4999999918099,-36141.72076839744,8740.454373748016,-27401.266394649425,262.9614927639111,25.66567637808214,1.033860828247951
990000,494.99999999175077,-36111.81866353913,8529.36487889065,-27582.45378464848,251.97264269991388,25.92088388225135,1.0236818141821484
995000,497.49999999169165,-36192.48081548023,8522.801137013183,-27669.679678467048,256.69238038419167,25.995707324222522,1.02073535091169
1000000,499.99999999163254,-36101.005650056526,8552.334718303087,-27548.67093175344,260.4476787641746,26.176468248312272,1.0136866893607275
1005000,502.4999999915734,-36116.92374931695,8580.6273063675,-27536.29644294945,260.5410496601405,26.075362730404198,1.0176171933688205
1010000,504.9999999915143,-35691.46656880295,8743.100218487703,-26948.366350315246,260.64648707198,26.24312284742084,1.011112038459085
1015000,507.4999999914552,-36086.294605811825,8621.754060984009,-27464.540544827818,258.09864983607974,25.90895441768759,1.0241531560869577
1020000,509.99999999139607,-35889.555364463944,8617.109287408559,-27272.446077055385,258.41107754079,25.828589101480976,1.0273397951987395
1025000,512.499999991337,-36081.456812254386,8729.538835702802,-27351.917976551584,264.82366346842616,25.642754469621725,1.0347849904043207
1030000,514.9999999912778,-36006.753655125154,8678.889028354499,-27327.864626770657,264.7939595327152,25.69521567470945,1.0326722987542276
1035000,517.4999999912187,-36399.897656181594,8525.070964282357,-27874.826691899238,257.8024489888893,25.712263161326685,1.0319876267328443
1040000,519.9999999911596,-36009.14639142994,8680.759804251822,-27328.386587178116,256.9097780603705,25.980422561900607,1.0213358683665192
1045000,522.4999999911005,-36427.857912360225,8510.66494823956,-27917.192964120666,257.27852108283065,25.853229272347797,1.0263606591757186
1050000,524.9999999910414,-35984.22980323038,8924.993150572216,-27059.236652658165,274.06650709345763,25.691079561180356,1.032838552953699
1055000,527.4999999909822,-36256.85398939648,8608.19916257905,-27648.654826817427,262.471141715528,25.76868703414304,1.0297279563615263
1060000,529.9999999909231,-36222.56222514226,8704.155595411816,-27518.406629730445,263.8764798988219,25.823735375670683,1.0275328898694898
1065000,532.499999990864,-36187.37121315906,8595.216504542273,-27592.154708616785,260.2655456146411,25.936138278991873,1.0230797334729225
1070000,534.9999999908049,-35871.97572954791,8665.233848916214,-27206.741880631693,260.18800797193234,25.93502361796888,1.0231237044027013
1075000,537.4999999907458,-36396.09423614619,8819.741531145713,-27576.352705000478,268.08941300631705,25.733800406456947,1.0311239311209532
1080000,539.9999999906867,-36529.49587416742,8814.834081730522,-27714.6617924369,267.5461801617199,25.931829374708283,1.0232497312228812
1085000,542.4999999906275,-36285.29641016689,8627.147454757538,-27658.148955409353,256.7210984499659,25.502629732909654,1.0404706383493598
1090000,544.9999999905684,-36186.56562090246,8662.57347129666,-27523.9921496058,265.248789799646,25.94236439162041,1.0228341964990209
1095000,547.4999999905093,-36046.2766075274,8636.833195769652,-27409.443411757748,261.41663712501463,26.182114830539692,1.0134680719846536
1100000,549.9999999904502,-36056.62282851315,8518.159261574527,-27538.463566938626,251.70434629630233,26.15653216717402,1.0144593047807955
1105000,552.4999999903911,-36085.370826046914,8692.427044646363,-27392.94378140055,261.92542713852436,26.033359113182957,1.0192590715022642
1110000,554.999999990332,-36249.466990418034,8801.65028270978,-27447.816707708254,261.87422889514625,25.953791914881247,1.0223838398956078
1115000,557.4999999902728,-36047.11270481348,8595.492093764287,-27451.62061104919,257.4838524275097,26.097618382671868,1.0167493848943028
1120000,559.9999999902137,-35830.50956386444,8524.040371024395,-27306.469192840046,257.69252463651895,26.09445146299055,1.016872781381198
1125000,562.4999999901546,-35744.42314471537,8355.74504670869,-27388.678098006683,254.95427560933706,25.698232410760532,1.032551072527349
1130000,564.9999999900955,-36191.964163717115,8850.429588338666,-27341.53457537845,269.10110703902836,25.58372372513268,1.037172607196385
1135000,567.4999999900364,-36039.26097980398,8388.56515619961,-27650.69582360437,250.4615315248119,26.100691567320325,1.0166296693460413
1140000,569.9999999899773,-35896.037725062575,8536.71015294424,-27359.327572118335,253.11088236497707,25.97152561156627,1.0216857428649002
1145000,572.4999999899181,-36345.81666562543,8652.686772567162,-27693.12989305827,261.9487266061415,25.74937299084468,1.0305003328516942
1150000,574.999999989859,-36361.65930012334,8715.308051731266,-27646.351248392075,266.3328449967169,25.98589010705329,1.0211209748241645
1155000,577.4999999897999,-36294.87309793616,8752.085939880659,-27542.7871580555,263.7824492357092,26.021624433571475,1.019718715314114
1160000,579.9999999897408,-36218.620807289844,8686.135877256158,-27532.484930033686,268.74993269448765,25.82994528503247,1.0272858554278006
1165000,582.4999999896817,-36393.09909489984,8652.35812677817,-27740.740968121667,267.5604208684543,25.637663873742337,1.034990456558887
1170000,584.9999999896226,-36537.751161725726,8807.338053705138,-27730.413108020588,258.9563022318748,25.5262226778884,1.0395089697612439
1175000,587.4999999895634,-36336.62753976113,8473.76650459195,-27862.861035169182,255.93954237033702,25.612706763838496,1.0359989548332764
1180000,589.9999999895043,-36153.872409847565,8686.180250156001,-27467.692159691564,263.21254504913674,25.77779738743888,1.029364031339537
1185000,592.4999999894452,-36365.30279315938,8803.663000860177,-27561.639792299204,267.99596148447984,26.011374956500912,1.0201205235079722
1190000,594.9999999893861,-36225.47566012619,8737.548690556541,-27487.92696956965,271.93067628287145,25.785708019823073,1.029048239334323
1195000,597.499999989327,-36361.60538120568,8618.811264497188,-27742.79411670849,264.8896827305336,26.063221028886066,1.0180912561950504
1200000,599.9999999892678,-36608.423219236545,8675.255132759481,-27933.168086477064,267.0437568608263,25.73392972983542,1.0311187493072231
1205000,602.4999999892087,-36306.87309131073,8343.773455666415,-27963.099635644314,254.40496259890824,26.056724205092834,1.0183451008243625
1210000,604.9999999891496,-36108.38354011602,8509.73164025026,-27598.651899865756,258.10015524333215,25.78440377737529,1.029100291280381
1215000,607.4999999890905,-36323.95364779816,8818.295172200698,-27505.65847559746,264.79813383983316,25.687960357495033,1.0329639671078739
1220000,609.9999999890314,-36087.405393911526,8703.23711769277,-27384.168276218756,264.06607790725457,25.422938910630926,1.043732100803343
1225000,612.4999999889723,-36046.16638014675,8495.871626945736,-27550.294753201015,261.3663367935288,25.9906245257766,1.0209349687411948
1230000,614.9999999889131,-36212.00779342069,8725.060427552371,-27486.94736586832,259.97380116989797,26.097572393935728,1.0167511765942538
1235000,617.499999988854,-36051.493315904634,8714.687173522003,-27336.80614238263,264.34252998464194,26.215107365955216,1.0121925906070386
1240000,619.9999999887949,-36354.59591055056,8646.391175572986,-27708.204734977575,259.33346980007747,26.03435075234307,1.0192202482867665
1245000,622.4999999887358,-36133.494814897655,8644.129410648993,-27489.36540424866,259.64857186205967,25.97403075752924,1.0215872032143525
1250000,624.9999999886767,-36137.702700897586,8810.46406694411,-27327.238633953475,264.15506788344294,26.381453537211364,1.0058102901858799
1255000,627.4999999886176,-36028.058597649215,8848.795992082898,-27179.262605566317,260.0153430058999,26.219689024367028,1.0120157189174919
1260000,629.9999999885584,-35938.76715617906,8536.871616930637,-27401.895539248428,253.48909297733252,26.167527129414125,1.0140330535077948
1265000,632.4999999884993,-35961.28129859641,8344.72631367889,-27616.554984917522,248.59266095590456,25.92506980528283,1.023516528097479
1270000,634.9999999884402,-36343.09669640544,8595.85936920365,-27747.237327201787,259.4116266847787,25.744137272161105,1.030709911047658
1275000,637.4999999883811,-36615.45590591221,8714.610107492832,-27900.84579841938,261.9316286034283,25.62847884095895,1.0353613884949173
1280000,639.999999988322,-36247.90804382181,8531.5740825091,-27716.33396131271,258.11754427483663,25.839116056805167,1.0269212530124263
1285000,642.4999999882629,-36275.73943991028,8765.216462339948,-27510.52297757033,264.48252352068164,25.732575736098653,1.0311730045960348
1290000,644.9999999882037,-36348.96858225297,8610.435225483892,-27738.53335676908,258.7470189060902,25.950548097106267,1.0225116378465526
1295000,647.4999999881446,-36440.56357855559,8685.723027507789,-27754.840551047804,262.08890359616635,25.764828244346763,1.0298821783766416
1300000,649.9999999880855,-36341.47902623634,8503.721692381823,-27837.757333854515,257.97755221393527,25.90425336669347,1.024339017309993
1305000,652.4999999880264,-36257.99103868613,8537.455057081477,-27720.535981604655,256.8913471893936,26.091165420163033,1.0170008510728328
1310000,654.9999999879673,-36166.899073945824,9042.895120210133,-27124.003953735693,271.6791453732859,26.19750967851512,1.0128725120597746
1315000,657.4999999879082,-35874.88804780459,8856.166442258016,-27018.721605546576,273.32445437977043,26.22113819624904,1.0119597875268318
1320000,659.999999987849,-36000.57196320128,8715.894536613909,-27284.67742658737,264.24130209618784,26.068196725218087,1.017896930788406
1325000,662.4999999877899,-36031.246185996104,8597.674586962052,-27433.571599034054,263.522982695534,26.101013747352653,1.01661712049323
1330000,664.9999999877308,-36243.02670852281,8708.82511868405,-27534.20158983876,263.86967017217876,25.853373043193972,1.0263549515746173
1335000,667.4999999876717,-36389.71376758837,8631.207007311737,-27758.506760276636,262.2869903680149,26.07001621557543,1.0178258892656458
1340000,669.9999999876126,-35764.43921439559,8780.363520380233,-26984.07569401536,263.03559787998364,26.014693605896618,1.019990388500035
1345000,672.4999999875535,-36322.30419812165,8738.5882027169,-27583.715995404753,268.20372274632984,25.843092228157037,1.0267632527688484
1350000,674.9999999874943,-36380.19209656841,8712.530439550832,-27667.66165701758,264.28066413477916,25.80471793620058,1.0282901562184164
1355000,677.4999999874352,-36079.08090141928,8643.63758358924,-27435.44331783004,261.8909653579563,26.08670457582145,1.0171747589146112
1360000,679.9999999873761,-36192.37277866551,8858.391041229715,-27333.98173743579,269.41002396782784,25.666053948580974,1.0338456192349321
1365000,682.499999987317,-36102.278843828244,8801.864432170914,-27300.41441165733,262.6973040326702,26.003542174353946,1.0204278040227077
1370000,684.9999999872579,-36048.15964638558,8679.293858662459,-27368.865787723124,264.56376401614455,26.041800020427257,1.018928699896856
1375000,687.4999999871987,-36077.2003602148,8855.82317686011,-27221.377183354693,269.44728105454095,25.65673136750865,1.0342212754112206
1380000,689.9999999871396,-36030.18039408256,8765.977678100347,-27264.202715982217,262.4968570054101,25.822270626148004,1.0275911759254204
1385000,692.4999999870805,-36272.13196860021,8577.805444368814,-27694.326524231394,262.67023994163316,25.855813676329998,1.0262580698467596
1390000,694.9999999870214,-36053.47660439089,8598.445226018459,-27455.03137837243,258.313088569668,26.298193555177924,1.0089946817873112
1395000,697.4999999869623,-36168.73098527477,8372.994324459149,-27795.736660815623,247.76298105473623,25.74832685552705,1.0305422013116945
1400000,699.9999999869032,-36432.46086579235,8440.119890509395,-27992.340975282958,252.09143782013103,26.01758227874687,1.0198771412923886
1405000,702.499999986844,-36554.19312634459,8526.833820257933,-28027.359306086655,255.2851319624745,25.907882730054464,1.0241955205010336
1410000,704.9999999867849,-36508.05229856749,8661.38226941048,-27846.67002915701,262.4703002542826,26.13478190293244,1.015303572700201
1415000,707.4999999867258,-36370.26108452282,8490.008503803274,-27880.252580719545,253.35707195087718,25.764906433296254,1.0298790529856827
1420000,709.9999999866667,-36218.70692557818,8692.521583799284,-27526.1853417789,261.1531426814614,26.145188435327135,1.0148994528543684
1425000,712.4999999866076,-36002.6538046035,8353.30756268464,-27649.346241918858,251.51571862569776,26.094944233150976,1.0168535790192714
1430000,714.9999999865485,-35819.97991889855,8722.458846075588,-27097.52107282296,264.95634557771456,25.95446772405581,1.02235721879953
1435000,717.4999999864893,-36094.75516256015,8580.210326744416,-27514.54483581573,254.33067955879756,26.24858868895271,1.010901490827794
1440000,719.9999999864302,-36044.77865083283,8793.257059431851,-27251.521591400975,262.27209332354715,26.266219041800966,1.010222955788177
1445000,722.4999999863711,-36073.40409805626,8781.017634122654,-27292.386463933602,262.53905629102496,26.359044889017934,1.0066653609609024
1450000,724.999999986312,-35915.808997141896,8935.71705763814,-26980.091939503756,270.0472229483535,26.368221122186647,1.0063150378946537
1455000,727.4999999862529,-36097.153575463686,8770.760700714356,-27326.39287474933,267.59682851569664,25.69854784558247,1.0325383985597123
1460000,729.9999999861938,-36188.845723832725,8668.79020390477,-27520.055519927955,257.370173237509,25.911811240103113,1.0240402414139491
1465000,732.4999999861346,-35879.52259600931,8789.663259466472,-27089.85933654284,265.06263646322486,25.85349799209923,1.0263499912428415
1470000,734.9999999860755,-36281.92408092017,8623.185528111055,-27658.738552809118,258.71470841665246,26.046651359532934,1.018738918547251
1475000,737.4999999860164,-36455.06435027532,8573.581925587427,-27881.482424687896,257.1224168397051,25.99018982309573,1.020952044536752
1480000,739.9999999859573,-36103.43024944654,8465.145209818464,-27638.285039628074,249.01971943975218,25.95918960449941,1.022171255807951
1485000,742.4999999858982,-36111.54250680911,8535.710253290039,-27575.832253519075,261.12142074101797,26.081931701011076,1.0173608972666406
1490000,744.999999985839,-35972.5111303234,8662.18912863376,-27310.32200168964,262.7613744456839,25.95467253711736,1.0223491511919853
1495000,747.4999999857799,-36113.65212437906,8683.09869606797,-27430.553428311094,261.3230798097252,25.99817283224966,1.0206385506012414
1500000,749.9999999857208,-36034.7500629914,8547.86517476823,-27486.88488822317,260.401612473613,26.03693620150627,1.0191190404442747
1505000,752.4999999856617,-36439.86647602287,8657.889225091714,-27781.97725093116,261.9027691146572,25.93711295623985,1.023041287692902
1510000,754.9999999856026,-35929.85923498194,8459.962405461809,-27469.896829520127,255.23596762684136,25.67253309619795,1.0335847007523231
1515000,757.4999999855435,-36359.39769473486,8831.87495477157,-27527.522739963286,275.60913709101897,26.304630776976158,1.008747762428702
1520000,759.9999999854844,-36193.54609643156,8618.850360428743,-27574.695736002814,258.04711109133535,25.94241139146687,1.0228323434311055
1525000,762.4999999854252,-36191.49675622699,8493.876241790816,-27697.620514436174,256.1100265044233,26.20009985808943,1.0127723780256936
1530000,764.9999999853661,-36351.45448724483,8650.100833027358,-27701.353654217473,262.1101568186809,25.818251919571384,1.0277511242995254
1535000,767.499999985307,-36047.61663921946,8680.663164482205,-27366.953474737253,262.13509119052054,25.88870123167718,1.0249543691021548
1540000,769.9999999852479,-36404.14994547097,8493.22015785972,-27910.92978761125,254.79902487938546,25.750660364671674,1.030448814205631
1545000,772.4999999851888,-36213.013067718595,8507.17607271311,-27705.836995005484,257.42604540043754,25.984233459180217,1.0211860772984687
1550000,774.9999999851296,-36133.0178103724,8632.439683786004,-27500.5781265864,261.8105532566054,25.78623854538605,1.029027067716154
1555000,777.4999999850705,-36203.03804909694,8689.947246319542,-27513.0908027774,267.0817910379866,25.774807862818182,1.0294834234658228
1560000,779.9999999850114,-36109.48393786489,8820.427035108714,-27289.056902756176,266.17734912895185,26.079136019006256,1.0174699583011328
1565000,782.4999999849523,-36236.79646464903,8808.281665461593,-27428.514799187436,264.30841101655477,26.02131646652422,1.0197307838719134
1570000,784.9999999848932,-36154.183417444816,8653.161464736702,-27501.021952708114,259.6312971862004,26.063435344385827,1.018082884591941
1575000,787.4999999848341,-36347.87027957989,8546.058144787208,-27801.81213479268,256.686760529966,25.893612699957508,1.0247599570310797
1580000,789.999999984775,-36118.67874604347,8666.00636031837,-27452.6723857251,267.06102700534547,25.920723646373464,1.023688142344757
1585000,792.4999999847158,-36312.37958949641,8697.105722783921,-27615.273866712494,263.2966617448126,26.025361809825473,1.0195722784445627
1590000,794.9999999846567,-36377.0508905882,8496.998634210373,-27880.05225637783,259.3767323816374,25.70451549451515,1.0322986808854604
1595000,797.4999999845976,-36204.59505091794,8651.460783075607,-27553.13426784233,261.5479051410029,26.117993271152496,1.0159562092810426
1600000,799.9999999845385,-36259.14364877576,8526.534859484644,-27732.608789291116,254.92841530102436,26.11762062556765,1.0159707049198763
1605000,802.4999999844794,-36372.3046346358,8575.113023655602,-27797.1916109802,256.75929273406757,26.054899476759164,1.0184164195857566
1610000,804.9999999844202,-36178.34062141017,8838.516869493618,-27339.823751916552,267.48145756786977,25.51383464837174,1.0400136946674645
1615000,807.4999999843611,-36130.88502460765,8559.620221301184,-27571.26480330646,257.7327020733284,25.544636248049358,1.0387596511504098
1620000,809.999999984302,-35912.222527073696,8590.243187397045,-27321.97933967665,263.6844783390295,25.680763706981175,1.0332534398334325
1625000,812.4999999842429,-36027.49231214984,8678.874983462487,-27348.617328687356,260.6879501016222,25.582299310082483,1.037230356668136
1630000,814.9999999841838,-36272.2965470003,8558.888239268716,-27713.40830773158,255.34513814141806,26.04315761779615,1.0188755844128443
1635000,817.4999999841247,-35999.864854286425,8562.384555064093,-27437.480299222334,263.8446124294351,25.811117407876914,1.0280352074060197
1640000,819.9999999840655,-36020.68202297273,8572.68829050192,-27447.99373247081,261.63374002009766,25.818637977123256,1.0277357566769834
1645000,822.4999999840064,-36308.73596544936,8571.086404593962,-27737.649560855403,266.89512301554606,25.631994121002037,1.0352193946567019
1650000,824.9999999839473,-35938.32651760266,8660.16474100064,-27278.16177660202,256.0626962178965,26.028629213019308,1.019444290386042
1655000,827.4999999838882,-36431.8090028835,8618.645345373643,-27813.163657509856,258.90194860070005,25.9678234824324,1.0218314005306988
1660000,829.9999999838291,-35985.262824376114,8487.592948766174,-27497.66987560994,258.3684875867498,26.28824791145229,1.0093764151633777
1665000,832.49999998377,-36333.980445939116,8904.433771045004,-27429.54667489411,269.984187317416,25.706018173449724,1.032238336515069
1670000,834.9999999837108,-36051.00086730649,8624.144643868705,-27426.856223437782,256.27928050902875,25.372992677695215,1.0457866667464069
1675000,837.4999999836517,-36133.570676117204,8666.39569357981,-27467.17498253739,262.30967494839723,25.821319190829183,1.0276290394648802
1680000,839.9999999835926,-36364.68194223149,8696.551814486244,-27668.130127745244,258.90446535047124,25.99129955996022,1.0209084534835966
1685000,842.4999999835335,-35976.61361370189,8423.559732996684,-27553.053880705207,257.28416205111444,25.7708065344413,1.0296432671723184
1690000,844.9999999834744,-36254.72098843055,8607.90968639354,-27646.811302037007,259.99139581192657,25.960042942382515,1.0221376558074602
1695000,847.4999999834153,-36241.96999826701,8819.537265967221,-27422.432732299792,267.3312697060335,25.854153809805513,1.026323956799709
1700000,849.9999999833561,-36426.86731529096,8542.523520615168,-27884.34379467579,259.5730131023229,26.007291057032752,1.0202807120356538
1705000,852.499999983297,-36411.16712943441,8956.197216671844,-27454.969912762568,266.5868234058826,25.900273892201618,1.0244964029425683
1710000,854.9999999832379,-36227.36232788977,8567.316708512542,-27660.04561937723,264.0223384360361,26.290836077232054,1.0092770484681175
1715000,857.4999999831788,-36377.81744808727,8745.289716671004,-27632.527731416267,262.5870292607274,26.19415494791899,1.0130022323890977
1720000,859.9999999831197,-36265.11386412056,8414.546674182979,-27850.56718993758,256.0113896018047,26.19486242182758,1.0129748731063035
1725000,862.4999999830605,-35969.19646429899,8682.80375867481,-27286.39270562418,253.79639032701724,26.30275465697258,1.0088197142786255
1730000,864.9999999830014,-36443.188310124446,8641.669644138226,-27801.51866598622,261.8657514307403,26.32057445596178,1.0081367138161976
1735000,867.4999999829423,-35891.14775891439,8459.895029879528,-27431.252729034863,253.36974323221457,26.37713051160069,1.0059751353968491
1740000,869.9999999828832,-36088.777648286195,8422.661668664332,-27666.115979621864,252.52438856846896,26.06576032247129,1.017992075025422
1745000,872.4999999828241,-36296.23160032695,8716.831756584063,-27579.39984374289,259.2235834233358,25.982882725961662,1.0212391641699865
1750000,874.999999982765,-36066.40593627747,8683.206103903523,-27383.199832373946,264.216099488897,25.864660770517983,1.0259070348231156
1755000,877.4999999827058,-36016.93446730543,8664.468934203607,-27352.465533101822,265.21411502074756,26.206157483148722,1.0125382729173642
1760000,879.9999999826467,-36157.48919083201,8560.905697130047,-27596.583493701968,263.40502926964166,26.212858870432086,1.0122794148073202
1765000,882.4999999825876,-36082.14807815477,8782.062486472387,-27300.085591682386,264.2880949228959,25.918889388821363,1.0237605878758107
1770000,884.9999999825285,-35684.08265606826,8670.970310556248,-27013.112345512014,257.13158521970274,26.102080407228645,1.0165755764984696
1775000,887.4999999824694,-35770.402156432625,8506.336753541285,-27264.06540289134,258.8485270643486,26.00073359863586,1.0205380297108242
1780000,889.9999999824103,-36190.25537252263,8685.65037941703,-27504.604993105604,263.05459420995055,25.779179984547543,1.0293088241632673
1785000,892.4999999823511,-36086.46585408272,8531.58468821941,-27554.881165863313,262.3074611290227,25.63974851429222,1.0349063066276474
1790000,894.999999982292,-36090.35182916722,8743.721196275656,-27346.630632891567,264.4635316547504,25.677112501428844,1.0334003652595787
1795000,897.4999999822329,-36104.152701865416,8875.920448930765,-27228.23225293465,265.47451374764233,25.568142744467977,1.0378046502235296
1800000,899.9999999821738,-36144.76886370289,8464.279831935684,-27680.489031767207,255.21694042352874,25.851957624650012,1.0264111454556468
1805000,902.4999999821147,-36249.677570763975,8689.365052516216,-27560.31251824776,256.81489054923173,25.818825202772732,1.0277283040336884
1810000,904.9999999820556,-36635.76495287521,8704.342931012921,-27931.422021862287,262.47027064194003,26.01524818634843,1.0199686448393002
1815000,907.4999999819964,-36296.95770918066,8583.662393902181,-27713.295315278476,260.14351226736096,25.811872945295097,1.0280051158637264
1820000,909.9999999819373,-35945.59064125642,8585.282576764374,-27360.30806449205,258.6097734193324,25.846478090903187,1.02662874781098
1825000,912.4999999818782,-36261.67138643842,8703.080609567762,-27558.59077687066,261.32419868602847,25.84273858040792,1.0267773036215506
1830000,914.9999999818191,-36013.796390070114,8427.345339084379,-27586.451050985735,256.1536313016613,26.025629681914552,1.0195617843677802
1835000,917.49999998176,-36241.30894260388,8741.602782923781,-27499.7061596801,262.7795260283495,25.884766290991095,1.025110180230717
1840000,919.9999999817009,-36223.19141149148,8689.703867240076,-27533.48754425141,263.98383805148353,26.071305247258866,1.0177755653632925
1845000,922.4999999816417,-36242.21466912143,8781.513488631661,-27460.70118048977,267.52306344607115,26.129826264579382,1.015496129561235
1850000,924.9999999815826,-36333.756924736546,8930.501101311853,-27403.255823424694,270.4896174564379,25.89760450892391,1.0246020024224407
1855000,927.4999999815235,-36303.991457723314,8691.458620328116,-27612.5328373952,260.6862562516296,25.792907781491607,1.028760993625875
1860000,929.9999999814644,-36352.896663162624,8649.465375701142,-27703.431287461484,263.0449438946446,25.893558226178918,1.0247621128779707
1865000,932.4999999814053,-36291.58648768603,8695.693783407514,-27595.892704278514,260.5347767954942,25.994079720650486,1.0207992636380148
1870000,934.9999999813461,-36444.193786696065,8637.835124824396,-27806.35866187167,259.1038293803342,25.79971620362499,1.0284895085031829
1875000,937.499999981287,-36244.16962096188,8416.038080440989,-27828.131540520895,257.65334491799115,26.12794260161711,1.0155693405475248
1880000,939.9999999812279,-36175.14094223827,8513.867042928188,-27661.273899310083,262.47171649209514,26.183488028559534,1.0134149204584664
1885000,942.4999999811688,-36029.542234358145,8570.96186764307,-27458.580366715076,259.0780758353624,25.927542700742062,1.0234189079950267
1890000,944.9999999811097,-36342.25376304542,8515.314940982404,-27826.938822063014,258.66437445891864,25.665324399506343,1.033875006789248
1895000,947.4999999810506,-36303.654867136385,8890.447178159024,-27413.20768897736,272.5813458377143,26.001796090861482,1.0204963282176376
1900000,949.9999999809914,-36016.96875031828,8726.922972197255,-27290.045778121024,261.7432758159872,25.907867828204857,1.0241961096042247
1905000,952.4999999809323,-36048.95209751814,8932.543676537276,-27116.40842098086,268.7449819956075,25.815297400921125,1.0278687487381444
1910000,954.9999999808732,-36015.0071372136,8669.369015791966,-27345.638121421634,266.009071222372,25.904877878369273,1.0243143226683393
1915000,957.4999999808141,-35848.026846732246,8617.534913762081,-27230.491932970166,256.8758080542006,25.741760432433768,1.030805080617368
1920000,959.999999980755,-36266.134885796346,8624.268522477994,-27641.866363318353,261.60402221289417,25.842162039454458,1.0268002111153092
1925000,962.4999999806959,-35997.486496706726,8505.797326434778,-27491.689170271948,255.23123131941472,25.912631920121964,1.0240078089938376
1930000,964.9999999806367,-36030.08492505131,8520.832764815039,-27509.252160236276,263.22474809610725,26.19636194233534,1.0129168888488171
1935000,967.4999999805776,-36062.58044966217,8650.03762551925,-27412.54282414292,260.0784571258389,26.40399048824544,1.0049517874807836
1940000,969.9999999805185,-35782.94991477928,8605.041898803238,-27177.90801597604,259.86651753925236,26.23255570900373,1.0115193400191815
1945000,972.4999999804594,-36002.54818054801,8708.099303543764,-27294.448877004244,258.8288459652177,26.154256372211783,1.0145475772723682
1950000,974.9999999804003,-36107.06309548742,8588.867880337264,-27518.195215150157,255.17999202565886,26.286854324287017,1.0094299268540408
1955000,977.4999999803412,-36265.95543506928,8660.714502343199,-27605.24093272608,260.5801388218623,25.828465279105334,1.0273447202940817
1960000,979.999999980282,-35810.38593513612,8469.464157328988,-27340.92177780713,254.715618786589,25.89216713434761,1.0248171696137343
1965000,982.4999999802229,-36258.310979324626,8539.28994209999,-27719.021037224637,256.6783929126929,25.564266329791582,1.0379620168041097
1970000,984.9999999801638,-35929.35754050058,8728.848091050719,-27200.509449449863,263.5698089675494,25.900796085607393,1.0244757477756734
1975000,987.4999999801047,-36367.30478315428,8829.014896936715,-27538.289886217564,266.36634888327325,26.103755110476303,1.0165103574366048
1980000,989.9999999800456,-36346.94872142747,8716.0180458241,-27630.93067560337,268.9835037799632,25.637525029948097,1.0349960617022003
1985000,992.4999999799865,-36265.788215313805,8852.736923529039,-27413.051291784766,264.4252743817461,25.718074031036423,1.0317544543096773
1990000,994.9999999799273,-36124.654526655795,8439.085268875377,-27685.56925778042,252.55516008248202,26.04194924223436,1.0189228613791441
1995000,997.4999999798682,-36259.0464159518,8662.691584460328,-27596.354831491473,267.15867844513747,25.976494300041423,1.0214903185664108
2000000,999.9999999798091,-36691.900384637294,8772.705207776933,-27919.19517686036,270.63905253887157,25.797373800065483,1.028582895431027
2005000,1002.49999997975,-36449.95328893,8478.29311633078,-27971.660172599222,258.9454686967312,25.942039997886937,1.0228469865881484
2010000,1004.9999999796909,-36160.876254186034,8417.091769568242,-27743.78448461779,253.195691528114,25.992728289009065,1.0208523377289327
2015000,1007.4999999796318,-36321.122211906826,8709.26801856915,-27611.854193337676,269.69381900961963,25.956659301134813,1.0222708989607063
2020000,1009.9999999795726,-36069.5432880593,8709.625758751175,-27359.917529308124,268.31200519965455,26.275616026764876,1.0098616683528578
2025000,1012.4999999795135,-36107.30031277449,8732.803228262146,-27374.497084512343,263.3252758552658,26.553868892129657,0.999279522904195
2030000,1014.9999999794544,-36006.12008213741,8834.520979836245,-27171.599102301163,265.090180717094,26.341575455006353,1.0073329700082463
2035000,1017.4999999793953,-36170.247355078114,8739.720595369425,-27430.52675970869,260.3411890852257,25.929641971943997,1.0233360517086423
2040000,1019.9999999793362,-35996.90837455797,8539.733834259157,-27457.174540298813,256.28204636134603,25.930630990669233,1.0232970207063612
2045000,1022.499999979277,-36490.93845781055,8596.139920007692,-27894.79853780286,260.5095721345535,26.02969183059606,1.0194026733193269
2050000,1024.9999999794452,-36290.18424111814,8636.629547637893,-27653.554693480248,260.7008499234531,25.787920416670033,1.028959955244591
2055000,1027.4999999799545,-36018.45047209575,8567.11340753556,-27451.33706456019,257.8944603245303,25.77639780201676,1.0294199228920875
2060000,1029.9999999804638,-36063.104584478075,8357.872618875488,-27705.231965602587,254.16351867715687,25.951263976471573,1.0224834313213143
2065000,1032.4999999809731,-35925.151227729395,8707.570147788938,-27217.581079940457,257.2026480747857,26.218884467903614,1.0120467737775387
2070000,1034.9999999814825,-35970.268281782744,8612.324355927647,-27357.9439258551,259.57456737169593,26.07713276619289,1.0175481206349584
2075000,1037.4999999819918,-36849.04398798407,8494.728892527555,-28354.315095456514,261.441184970141,25.847336813236772,1.0265946402725354
2080000,1039.999999982501,-36399.837223147275,8472.448664255855,-27927.38855889142,256.84649207287544,25.89906994681074,1.0245440277308262
2085000,1042.4999999830104,-36262.86783644091,8785.658081359668,-27477.209755081247,264.89901468361495,26.22227801153174,1.0119158002260031
2090000,1044.9999999835197,-36583.27779420349,8585.910590349074,-27997.367203854414,257.1031485607303,25.793759690469297,1.0287270159996242
2095000,1047.499999984029,-36245.72314804001,8455.782724780176,-27789.94042325983,254.30563304850554,26.053768513018486,1.0184606278561603
2100000,1049.9999999845384,-36447.91789453919,8904.64650085187,-27543.27139368732,268.2316209147326,25.784460299524774,1.029098035388273
2105000,1052.4999999850477,-36311.5650777875,8759.565009501566,-27552.00006828593,265.1224279436302,25.91047563353768,1.024093027587736
2110000,1054.999999985557,-36346.446672808146,8792.538858619275,-27553.90781418887,266.295405150716,25.665897113785494,1.0338519366827708
2115000,1057.4999999860663,-35894.205285221804,8755.613230539164,-27138.59205468264,268.28602487841636,25.86809333312086,1.0257709022494308
2120000,1059.9999999865756,-36243.27311118413,8635.140142804328,-27608.1329683798,262.89252970721077,25.79602106990054,1.0286368337925293
2125000,1062.499999987085,-36111.667476729956,8617.668089391776,-27493.99938733818,259.6567985090888,26.054765141087007,1.0184216704354006
2130000,1064.9999999875943,-35938.46176498616,8558.250094263349,-27380.211670722812,259.9360149159712,26.185037220518375,1.0133549635360255
2135000,1067.4999999881036,-35974.23009056621,9034.265375828678,-26939.964714737536,270.0149804081618,26.032846160323707,1.0192791550479443
2140000,1069.999999988613,-36095.80479420116,8976.6531925255,-27119.15160167566,273.86983966066913,26.07605089504956,1.0175903377618192
2145000,1072.4999999891222,-36185.807008750504,8859.717535254136,-27326.089473496366,268.19089635432863,25.872784387564604,1.0255849173520506
2150000,1074.9999999896315,-36079.96111346455,8605.907841029582,-27474.05327243497,255.99283862648096,25.84260209942926,1.0267827262787093
2155000,1077.4999999901409,-36098.54752644594,8800.083941143235,-27298.463585302703,267.8458777207299,25.98364150051252,1.0212093419340196
2160000,1079.9999999906502,-36143.735896692844,8350.082828049222,-27793.653068643624,256.214580164901,25.847659770397062,1.0265818133438025
2165000,1082.4999999911595,-36113.60651057912,8648.923231903493,-27464.683278675628,258.2066131660434,25.880903477000633,1.0252631814560984
2170000,1084.9999999916688,-36034.13244030345,8605.742685332189,-27428.389754971264,259.86142756268134,25.898895496062508,1.0245509288927797
2175000,1087.4999999921781,-36100.838478612946,8458.038971914055,-27642.79950669889,253.3378798033282,25.75638073384066,1.0302199564446004
2180000,1089.9999999926874,-36193.3112515572,8507.095568082577,-27686.21568347462,258.6757695767818,26.188010906486372,1.0132398956354345
2185000,1092.4999999931968,-36207.89345999318,8314.599546687343,-27893.29391330584,248.2661225507243,26.19675329230504,1.012901757012084
2190000,1094.999999993706,-36008.51830464136,8432.727797383972,-27575.790507257385,252.64071208234805,26.08443872950759,1.0172631166401478
2195000,1097.4999999942154,-35996.54394628317,8462.863631459632,-27533.68031482354,260.8887859893056,25.964283462406748,1.0219707189765923
2200000,1099.9999999947247,-36169.70244858484,8528.577993766547,-27641.12445481829,257.97823483639445,25.66098262412259,1.0340499359071271
2205000,1102.499999995234,-35990.22257812368,8457.75178485018,-27532.470793273496,252.15360286442478,25.736352512159122,1.0310216813066868
2210000,1104.9999999957433,-36113.163472507615,8779.850054494602,-27333.313418013015,266.0813621934245,25.811220293685526,1.0280311095666927
2215000,1107.4999999962527,-35860.567134976154,8524.150748982895,-27336.41638599326,257.4504010294259,25.751513100944187,1.03041469189688
2220000,1109.999999996762,-36119.86819579662,8405.999734959642,-27713.868460836977,250.37016273254287,25.859208306882213,1.026123349287761
2225000,1112.4999999972713,-36062.80282950844,8693.837764617918,-27368.96506489052,264.76967075556536,25.9175130110026,1.0238149557993175
2230000,1114.9999999977806,-36206.034323093016,8644.775358664278,-27561.258964428736,260.75641794357676,26.147464163403587,1.0148111217196472
2235000,1117.49999999829,-36212.716160020325,8630.92643661273,-27581.789723407594,260.3030448959797,26.112350220892264,1.0161757640856723
2240000,1119.9999999987992,-36638.62494087964,8568.18406113966,-28070.44087973998,259.28737922193284,25.654233312385795,1.0343219816659641
2245000,1122.4999999993086,-36219.74533024011,8420.821873995063,-27798.92345624505,253.93392300148776,25.7255734834193,1.03145367993021
2250000,1124.9999999998179,-36394.272004742175,8607.521997304666,-27786.75000743751,258.96960118418076,25.75774872845754,1.030165241439439
2255000,1127.5000000003272,-36374.1764215366,8666.078265255968,-27708.09815628063,260.7662355385882,25.85332440573499,1.0263568824402993
2260000,1130.0000000008365,-36384.70655944571,8688.672185158151,-27696.034374287556,261.71139277404205,25.8957412871603,1.024675723453586
2265000,1132.5000000013458,-36500.25975672784,8746.395113925711,-27753.86464280213,264.5264345962122,26.070074417332783,1.017823616957002
2270000,1135.0000000018551,-36366.992589847185,8725.69832385904,-27641.294265988145,261.35306149958546,26.002547219859096,1.0204668493985973
2275000,1137.5000000023645,-36109.16015380039,8575.566521640118,-27533.59363216027,254.5645062021294,26.182177078745003,1.0134656624612428
2280000,1140.0000000028738,-36477.606919478625,8860.286825843083,-27617.320093635542,268.5019076769484,26.327110005531164,1.0078864498311089
2285000,1142.500000003383,-36401.49953434244,8638.04239076555,-27763.45714357689,265.041174210766,26.000930574911333,1.020530298380613
2290000,1145.0000000038924,-36338.2414383553,8476.96677796049,-27861.274660394807,259.4990666222458,25.89520932866969,1.0246967730981085
2295000,1147.5000000044017,-36528.75448738248,8667.951997333776,-27860.802490048707,261.1436586553298,25.876049592897886,1.0254555024918013
2300000,1150.000000004911,-36371.764550441876,8591.956133772852,-27779.808416669024,259.14543773212347,25.909018850426744,1.0241506091362784
2305000,1152.5000000054204,-36509.928726043785,8831.702174485428,-27678.226551558357,263.68135565056986,25.804068149819596,1.0283160501563542
2310000,1155.0000000059297,-36433.39448131528,8643.681775747664,-27789.712705567614,260.0948698976265,26.12700677247963,1.0156057166769565
2315000,1157.500000006439,-36162.078566093696,8462.418919220234,-27699.659646873464,254.4100259320152,26.01509963517785,1.019974469054401
2320000,1160.0000000069483,-36333.57605059259,8846.88472948314,-27486.691321109447,266.8483367427343,25.969024926454416,1.0217841260091813
2325000,1162.5000000074576,-35901.29357438139,8810.98356775861,-27090.310006622778,261.25318203979634,25.850168453229184,1.026482186597634
2330000,1165.000000007967,-35935.60910517047,8568.728694131849,-27366.880411038623,263.92405545482757,25.871499127109942,1.0256358669986363
2335000,1167.5000000084763,-35975.55011215713,8577.080635589253,-27398.469476567876,257.05647416878173,26.036986135102303,1.0191170859831011
2340000,1170.0000000089856,-36201.32297399547,8800.825479339008,-27400.49749465646,268.2917520904865,25.800833205839105,1.0284449818381318
2345000,1172.500000009495,-36181.028969384264,8777.956357552015,-27403.07261183225,265.9398080356303,25.958942268409263,1.0221809950276488
2350000,1175.0000000100042,-36393.28539962787,8576.123516231979,-27817.161883395893,262.26388659053345,25.883993262720814,1.025140795257596
2355000,1177.5000000105135,-36420.01862792298,8678.39269381809,-27741.625934104894,264.7955217040691,25.668317655122408,1.0337544436805952
2360000,1180.0000000110228,-36348.96496728435,8503.108853872061,-27845.85611341229,254.97255053949462,25.381744595624067,1.0454260674564735
2365000,1182.5000000115322,-36209.025496308226,8753.510907994492,-27455.514588313734,264.5764040251329,26.038394961950942,1.0190619458903751
2370000,1185.0000000120415,-36024.300765223335,8541.85930954435,-27482.441455678985,254.09294700823767,26.025778658550813,1.019555948197148
2375000,1187.5000000125508,-35977.23029335751,8597.36762666283,-27379.86266669468,258.38124157437835,25.9205938748993,1.0236932674402683
2380000,1190.0000000130601,-36470.09348157467,8909.103436059071,-27560.990045515602,267.11129031809185,25.99963248964173,1.020581250460341
2385000,1192.5000000135694,-36173.57867321768,8807.620401763568,-27365.95827145411,270.2590539878706,26.099294600573014,1.0166840845271463
2390000,1195.0000000140788,-36207.72372726165,8690.785453127102,-27516.938274134547,260.0796540904765,25.833619147876824,1.0271397625666658
2395000,1197.500000014588,-36332.70174246235,8835.08000243501,-27497.621740027338,264.8361287757292,25.78551198814771,1.029056062566628
2400000,1200.0000000150974,-36395.17716592201,8777.753968277066,-27617.423197644945,263.74649504671675,26.192081743890913,1.0130824154126992
2405000,1202.5000000156067,-36533.47330430639,8467.54863458731,-28065.92466971908,251.09285929417948,25.84293764968634,1.0267693943110963
2410000,1205.000000016116,-36450.64373571379,8553.891722318447,-27896.752013395344,250.42260036652215,26.012662057622798,1.0200700481561085
2415000,1207.5000000166253,-36348.14465819206,8271.194493431809,-28076.950164760252,249.04798267275365,25.936059620699346,1.0230828362459008
2420000,1210.0000000171347,-36347.4575644359,8539.88424379217,-27807.57332064373,254.70931732657428,25.935788373805106,1.0230935360572146
2425000,1212.500000017644,-36346.156791693764,8615.487448627342,-27730.669343066424,258.2130261711581,26.084888640691034,1.0172455709239676
2430000,1215.0000000181533,-36434.2395710526,8611.205141153252,-27823.03442989935,265.2115277020579,26.013730460347077,1.0200281531414714
2435000,1217.5000000186626,-36368.96756206639,8714.431195614941,-27654.53636645145,261.370230864138,25.83837777085372,1.0269505954711933
2440000,1220.000000019172,-36414.51805690862,8451.676123686433,-27962.84193322219,258.93288951422477,25.604500836713814,1.0363309797369769
2445000,1222.5000000196812,-36263.176497952314,8504.609313899213,-27758.5671840531,249.8324780950626,26.166672072571327,1.0140661893952636
2450000,1225.0000000201906,-36305.38091174443,8613.332038263901,-27692.048873480533,260.48822136561785,26.09764801299442,1.016748230513946
2455000,1227.5000000206999,-36162.486371602165,8560.608997539843,-27601.877374062322,261.1290594954755,25.91854704306242,1.0237741102424327
2460000,1230.0000000212092,-36255.825830509886,8554.595407837756,-27701.23042267213,263.46554630160904,26.240080927943474,1.0112292530900928
2465000,1232.5000000217185,-36267.03413176909,8713.887225746616,-27553.146906022477,261.5894782895796,25.741438229142382,1.030817983112823
2470000,1235.0000000222278,-36002.78570441436,8390.061025450414,-27612.724678963947,257.8022658050299,25.904565857078566,1.02432666056579
2475000,1237.5000000227371,-36330.01801607176,8909.647415229603,-27420.370600842154,265.9425054628435,25.79528819002454,1.02866605879012
2480000,1240.0000000232465,-35875.65994938859,8663.305320015636,-27212.354629372952,261.9463174728448,25.887477367490153,1.0250028251540086
2485000,1242.5000000237558,-35889.290190751664,8756.080143395895,-27133.21004735577,264.967363620049,26.152696065974972,1.0146081065924955
2490000,1245.000000024265,-36058.66277637589,8790.63249136207,-27268.030285013818,265.66609813157703,25.650029283564137,1.0344915065960811
2495000,1247.5000000247744,-36076.44415013748,8522.834071439944,-27553.610078697537,257.04327909953224,26.068987931699915,1.017866037120743
2500000,1250.0000000252837,-36135.63799954555,8424.210613294617,-27711.427386250933,253.64007145666858,26.180405044879286,1.0135342593936638
2505000,1252.500000025793,-36536.52495602961,8499.269347942489,-28037.255608087118,258.5813210775151,25.614246005893204,1.035936698338998
2510000,1255.0000000263024,-36439.895558884135,8765.289338944389,-27674.606219939746,264.8461667440926,26.1846263192572,1.0133708655705804
2515000,1257.5000000268117,-36196.98316142219,8521.629616767143,-27675.35354465505,258.39213296400766,25.720902584267414,1.0316409912464835
2520000,1260.000000027321,-36219.02498224424,8433.537614024139,-27785.487368220103,255.960577074422,25.69301279865921,1.0327608383541764
2525000,1262.5000000278303,-36326.48776441137,8691.473913973776,-27635.013850437597,264.1262883342859,25.72357104620681,1.0315339728735164
2530000,1265.0000000283396,-35981.51783663337,8551.082351484483,-27430.43548514889,257.68667054169305,26.14741178262765,1.014813154677801
2535000,1267.500000028849,-35945.06553118816,8651.340176499196,-27293.725354688962,258.1264674780817,25.93218037763403,1.0232358811090767
2540000,1270.0000000293583,-36066.64296027622,8520.145083325559,-27546.497876950663,256.20288642814825,25.76917218854906,1.02970856974517
2545000,1272.5000000298676,-35965.107458888786,8750.307236127523,-27214.800222761263,264.72618460145605,26.14099734611132,1.015062167922033
2550000,1275.000000030377,-36032.95222842391,8794.078118171106,-27238.8741102528,262.4697660711932,26.34424101286818,1.0072310462399214
2555000,1277.5000000308862,-36073.65674752416,8664.51773048052,-27409.139017043643,263.75204212685514,25.8907484261158,1.0248733254471116
2560000,1280.0000000313955,-36326.472176607465,8792.660806305612,-27533.811370301853,263.8629806926223,26.079317727687563,1.0174628690388168
2565000,1282.5000000319048,-36044.5164276897,8700.753468015937,-27343.76295967376,254.42588378931154,26.14230878312406,1.0150112470141557
2570000,1285.0000000324142,-36263.65093599819,8447.029444266644,-27816.621491731545,253.16550478341543,25.861045941755002,1.0260504349882127
2575000,1287.5000000329235,-36428.01187702152,8756.67260230783,-27671.33927471369,261.2486510698735,25.920323298892797,1.0237039535275132
2580000,1290.0000000334328,-36357.61983668106,8957.125301938597,-27400.49453474246,274.70261793983667,25.942808323533104,1.0228166938163674
2585000,1292.5000000339421,-36175.69413933251,8622.906077659876,-27552.788061672632,258.3096741572514,25.997512997517106,1.0206644551085355
2590000,1295.0000000344514,-36081.93030949938,8680.046769826531,-27401.88353967285,264.4380790150554,25.824969431415784,1.0274837888291422
2595000,1297.5000000349607,-36064.95117196557,8317.823417331869,-27747.1277546337,253.92222211175817,25.773986288241645,1.0295162393988424
2600000,1300.00000003547,-36347.58622007072,8795.944015753857,-27551.642204316864,267.417525064951,25.95679380905585,1.0222656015601737
2605000,1302.5000000359794,-36143.95385879045,8583.0201364481,-27560.933722342354,262.95730249859105,25.845755079712227,1.0266574668045376
2610000,1305.0000000364887,-36219.678232191596,8730.95343084162,-27488.724801349977,262.7929115756407,26.052062540829667,1.0185273199080394
2615000,1307.500000036998,-36015.47493477748,8653.641231343598,-27361.83370343388,260.6887636488994,26.200713402966468,1.012748661827795
2620000,1310.0000000375073,-36280.121167722624,8628.579242695268,-27651.541925027355,258.09528105187474,25.89595722154008,1.0246671791578514
2625000,1312.5000000380167,-36273.553036859026,8571.41762822228,-27702.135408636746,259.5970700115729,25.86876617258644,1.0257442222314865
2630000,1315.000000038526,-36189.470558745554,8702.24509378538,-27487.225464960175,261.6600772480758,26.194115689180354,1.013003750638095
2635000,1317.5000000390353,-36372.20652943081,8578.85217322759,-27793.35435620322,256.2689169089145,25.693695825280166,1.0327333840264505
2640000,1320.0000000395446,-36575.375598910265,8688.961303836884,-27886.41429507338,264.3124641507522,26.052208358284545,1.0185216190837763
2645000,1322.500000040054,-36072.89957590285,8709.618895208685,-27363.280680694163,263.7271337000599,26.112858484454947,1.0161559851283255
2650000,1325.0000000405632,-35943.67733561108,8475.095424220932,-27468.581911390145,254.9701710979486,25.956281383500915,1.0222857829956584
2655000,1327.5000000410726,-36114.461671029916,8541.840406467054,-27572.621264562862,258.30018749339644,25.991434294821282,1.0209031612801314
2660000,1330.0000000415819,-36117.797639936674,8588.551527805765,-27529.24611213091,256.1197541941642,26.041788239537393,1.0189291608439572
2665000,1332.5000000420912,-36474.96801857045,8623.683198473778,-27851.28482009667,256.11671639660375,25.66242180951184,1.033991944904931
2670000,1335.0000000426005,-36609.478668029886,8717.096280913294,-27892.38238711659,264.3095435902809,25.83927197893863,1.026915056252982
2675000,1337.5000000431098,-36342.88142829854,8662.19211763379,-27680.68931066475,261.648025838169,25.93258670866265,1.0232198482893369
2680000,1340.0000000436191,-36258.23391594784,8908.30769726699,-27349.926218680856,267.4760014433088,25.37890940694372,1.0455428565629346
2685000,1342.5000000441285,-35941.35814326652,8507.94655502545,-27433.411588241073,257.1990346627275,26.309787410644464,1.0085500511133887
2690000,1345.0000000446378,-36046.13826058828,8644.910753015713,-27401.22750757257,261.1632523465945,25.973640089638245,1.0216025688433814
2695000,1347.500000045147,-35978.275163322454,8565.670129072692,-27412.605034249762,259.3861880316148,26.156847465329527,1.014447076351966
2700000,1350.0000000456564,-35855.989814387634,8664.774151259338,-27191.215663128296,263.7767393153411,25.94821514758069,1.0226035697203577
2705000,1352.5000000461657,-36017.83382406761,8546.534154914254,-27471.299669153355,259.0978906145276,26.296528167033284,1.0090585825338425
2710000,1355.000000046675,-36183.502408377826,8659.189641648349,-27524.312766729476,261.82299755814154,25.924566013382464,1.0235364180866298
2715000,1357.5000000471844,-36326.85553885251,8615.202624766474,-27711.652914086037,261.58250042620506,26.33614011572452,1.007540866702208
2720000,1360.0000000476937,-36184.81169535802,8715.91410558245,-27468.897589775566,266.66547556334274,26.14735555216909,1.0148153370556297
2725000,1362.500000048203,-36173.76912857103,8590.304868195892,-27583.46426037514,261.9833673202256,25.97334926278568,1.0216140078556037
2730000,1365.0000000487123,-36259.59121500887,8682.538305481667,-27577.052909527203,263.2443631018683,25.926225025833165,1.0234709222552985
2735000,1367.5000000492216,-35941.53689328767,8740.40871728674,-27201.128176000933,259.8755447940761,25.794983241718793,1.02867821968082
2740000,1370.000000049731,-36214.09952383442,8513.409057123683,-27700.690466710737,257.72496880572,26.104940728165698,1.0164641902120253
2745000,1372.5000000502403,-36155.01673476235,8660.26294286846,-27494.75379189389,261.6268463304236,25.657755845331177,1.034179980421642
2750000,1375.0000000507496,-35856.66287204949,8701.63328774365,-27155.02958430584,263.729734595916,26.034741595753022,1.0192049473660385
2755000,1377.500000051259,-36035.17869520094,8390.694000160856,-27644.484695040086,251.62658579625685,26.054064304011366,1.0184490653038918
2760000,1380.0000000517682,-36286.177214090014,8672.36473945013,-27613.812474639883,264.44133973856077,25.709874927701918,1.0320834898032576
2765000,1382.5000000522775,-36079.020147168776,8633.396724888396,-27445.62342228038,256.53380338461136,25.754733461795947,1.0302858492847136
2770000,1385.0000000527868,-36350.29734798474,8790.047156111803,-27560.25019187294,263.9580793134448,25.969533800429254,1.0217641041114596
2775000,1387.5000000532962,-36199.52656651451,8545.25529243239,-27654.271274082123,259.6713147695646,26.345053910163703,1.0071999673362213
2780000,1390.0000000538055,-36532.38013326819,8774.3388357914,-27758.04129747679,268.03633304694944,25.99243274431911,1.0208639452414197
2785000,1392.5000000543148,-36077.50412431988,8443.161976890593,-27634.342147429285,253.75505917781058,26.261993248236898,1.0103855098496488
2790000,1395.000000054824,-36480.8314588971,8440.5370496411,-28040.294409256,255.0576061977113,25.87315668928208,1.025570159700685
2795000,1397.5000000553334,-36457.76916589914,8534.455112265105,-27923.314053634036,258.25235136054425,26.225679502210177,1.0117845539732018
2800000,1400.0000000558427,-36476.46166528086,8384.74190112307,-28091.71976415779,255.84398129857962,26.13569286535267,1.015268184183638
2805000,1402.500000056352,-36491.39094439056,8609.105390780616,-27882.28555360994,255.50798391673766,25.951070428562915,1.022491057192868
2810000,1405.0000000568614,-36116.48549678712,8427.503252084272,-27688.98224470285,253.322680860484,26.182836996459077,1.013440118860167
2815000,1407.5000000573707,-36145.58001670567,8550.218912080294,-27595.36110462538,258.63832923838544,26.180757759346378,1.0135206047775724
2820000,1410.00000005788,-36196.67912214855,8639.72783484454,-27556.951287304008,256.8273524879944,25.800265444133213,1.0284676138408362
2825000,1412.5000000583893,-36074.21294658142,8571.570201310089,-27502.642745271332,260.6018111768584,26.123230001826528,1.01575254805522
2830000,1415.0000000588986,-36356.92546131718,8864.665840798956,-27492.259620518224,264.49085428245536,25.751022238715308,1.0304343335114008
2835000,1417.500000059408,-36195.15077983891,8739.72352449805,-27455.42725534086,262.07335846847377,26.136855888364597,1.0152230073549282
2840000,1420.0000000599173,-36454.757980620256,8723.836211234022,-27730.921769386234,263.8246622907995,26.151263758063052,1.0146636768024866
2845000,1422.5000000604266,-36301.3005946381,8776.158384285414,-27525.142210352686,263.9853068762338,25.811646510444362,1.028014134125497
2850000,1425.000000060936,-36239.97659021942,8508.432156482084,-27731.544433737334,255.48238835337048,26.10372783555439,1.0165114195546594
2855000,1427.5000000614452,-36493.48564416799,8572.761511531357,-27920.72413263663,258.01359181655647,25.865763236626748,1.0258633079967976
2860000,1430.0000000619546,-36190.42543220217,8553.635657269613,-27636.78977493256,256.37112686006276,25.964931112032186,1.0219452277110657
2865000,1432.5000000624639,-36364.03334287461,8764.947332146274,-27599.086010728337,260.10792808942364,25.77592994509528,1.0294386078139142
2870000,1435.0000000629732,-36455.7267746625,8350.297005441578,-28105.429769220922,251.0461104629436,25.327425034970833,1.0476681858163646
2875000,1437.5000000634825,-36640.06184287206,8427.604947807047,-28212.456895065014,255.57441293749275,25.68032299950513,1.0332711717955885
2880000,1440.0000000639918,-36264.87342469604,8458.856545744879,-27806.01687895116,256.6006757106012,25.664384114046385,1.0339128856501616
2885000,1442.5000000645011,-35890.10453414894,8445.524136738153,-27444.580397410784,256.1029739021786,25.978831964640662,1.021398401356298
2890000,1445.0000000650105,-36175.42594656837,8776.65962327135,-27398.766323297023,268.787473911723,26.229749220002184,1.0116275689572019
2895000,1447.5000000655198,-36374.90705782478,8911.45731546537,-27463.449742359408,270.10737056103034,26.151710069386898,1.0146463603100793
2900000,1450.000000066029,-36251.22445850028,8667.947546592019,-27583.27691190826,264.47619192721845,26.183377784236903,1.0134191874114304
2905000,1452.5000000665384,-36172.33513841219,8888.759334901346,-27283.575803510845,271.17549964477604,25.807269081838932,1.0281885058679405
2910000,1455.0000000670477,-35906.19726076559,8650.543544819586,-27255.653715946006,261.8255317438168,25.968770634180398,1.0217941315582546
2915000,1457.500000067557,-35980.64195690979,8649.546680304462,-27331.09527660533,256.99531116972094,26.153253921780216,1.0145864647339333
2920000,1460.0000000680664,-36115.322037504986,8524.15009836567,-27591.171939139316,261.2991220899541,25.911349226289815,1.0240585006227911
2925000,1462.5000000685757,-36229.69559116708,8779.73823654637,-27449.95735462071,265.527943077892,26.230390319672882,1.0116028436636235
2930000,1465.000000069085,-36004.21041802922,8765.881841862283,-27238.32857616694,265.15422917908415,25.880820134186667,1.025266483063936
2935000,1467.5000000695943,-36155.70323407184,8719.429790505019,-27436.273443566824,262.69460957313925,25.824745240693513,1.0274927086589642
2940000,1470.0000000701036,-36275.80903366604,8526.806974428793,-27749.002059237246,257.41756815044545,25.827082060647687,1.0273997416927878
2945000,1472.500000070613,-36380.08257786045,8787.866993119169,-27592.21558474128,259.96658256053854,25.865277718489548,1.0258825645169765
2950000,1475.0000000711223,-35971.170827147085,8480.99009876484,-27490.180728382245,251.8463221660677,26.26703682415414,1.0101915041055396
2955000,1477.5000000716316,-35958.85290888115,8507.627904549965,-27451.225004331183,255.33070783227194,25.846532496663283,1.026626586804765
2960000,1480.000000072141,-36286.99259539903,8491.872851478376,-27795.119743920655,254.78527861897933,26.097797973330607,1.0167423881855386
2965000,1482.5000000726502,-36182.36993121239,8744.45038313459,-27437.919548077803,263.7244603547204,26.045046748944998,1.0188016820842414
2970000,1485.0000000731595,-36312.349931490375,8668.378646191442,-27643.971285298932,264.1209427177231,25.850909448631526,1.026452763316323
2975000,1487.5000000736688,-36111.51689583273,8853.590976942476,-27257.92591889025,273.06727204768407,25.820690826203204,1.0276540475384974
2980000,1490.0000000741782,-35877.01528071053,8537.21650424692,-27339.798776463613,257.47217061036645,26.074918190345663,1.017634542286405
2985000,1492.5000000746875,-35780.98246534797,8764.762850717421,-27016.21961463055,261.4508303414692,25.974031687418563,1.0215871666407839
2990000,1495.0000000751968,-36291.10755687021,8634.121698727125,-27656.98585814308,256.5776458061809,25.8267199323817,1.0274141473350031
2995000,1497.500000075706,-36213.09532826906,8496.40854276519,-27716.686785503873,249.4275224379291,25.834272204081213,1.027113797833097
3000000,1500.0000000762154,-35933.58731058752,8521.33830964557,-27412.249000941953,260.758113488167,26.248152749983262,1.0109182802513517
3005000,1502.5000000767247,-36408.02722627227,8533.28413620464,-27874.743090067634,259.8182769886009,25.559322474340654,1.0381627863737954
3010000,1505.000000077234,-36173.96318836487,8533.173593105157,-27640.78959525971,252.72074052180363,25.81377107257274,1.0279295250270952
3015000,1507.5000000777434,-36374.958866680274,8771.987056741327,-27602.971809938947,264.6572461202912,25.685176361457085,1.0330759292587777
3020000,1510.0000000782527,-36187.84335350944,8400.436906981231,-27787.406446528206,254.32949441196814,25.86062178380103,1.0260672639514452
3025000,1512.500000078762,-36666.232643950265,8659.580277906367,-28006.652366043898,260.2022592492187,25.663012716083443,1.0339681366076752
3030000,1515.0000000792713,-36381.89034178411,8646.213973321112,-27735.676368462995,255.54469754230533,26.0445745059826,1.0188201551034237
3035000,1517.5000000797806,-36147.3984438288,8705.179743272465,-27442.21870055634,266.8041766571798,25.922447578131802,1.023620063568866
3040000,1520.00000008029,-36402.51071407343,8511.117092613054,-27891.39362146038,254.78352288413075,25.585295780829757,1.037108879455265
3045000,1522.5000000807993,-36300.14155658521,8329.99471788474,-27970.146838700468,253.60881156929545,25.910475222028484,1.0240930438523432
3050000,1525.0000000813086,-36150.69248078717,8922.749001844371,-27227.943478942798,267.00560675667276,26.298352844196057,1.008988570310554
3055000,1527.500000081818,-36224.074954817304,8555.714739344065,-27668.36021547324,259.641121708736,26.171978948207236,1.0138605678347254
3060000,1530.0000000823272,-36095.65631023096,8523.037399639004,-27572.618910591955,254.14002186406515,26.14717164965121,1.0148224746190408
3065000,1532.5000000828366,-36023.10441973666,8505.278307322715,-27517.826112413943,257.3300994685526,26.167114478766493,1.014049044625065
3070000,1535.0000000833459,-36078.423819204094,8884.385688292921,-27194.038130911173,267.21988746919425,25.909688930150637,1.0241241224208553
3075000,1537.5000000838552,-36084.6279793377,8491.071374776277,-27593.556604561425,254.97432922429255,26.26007496855931,1.010459317787836
3080000,1540.0000000843645,-36090.081500371685,8486.113757702093,-27603.967742669593,250.32339613001528,26.088115477820526,1.0171197478923708
3085000,1542.5000000848738,-36120.50919549959,8590.51600218464,-27529.99319331495,256.769021047578,25.98766140779721,1.0210513759359092
3090000,1545.0000000853831,-36132.70874541858,8586.872051271863,-27545.836694146717,261.94956835049834,25.98388195786863,1.021199891564025
3095000,1547.5000000858925,-35922.5500124183,8658.735378970463,-27263.814633447837,258.9716424878052,26.214724847914226,1.0122073602423907
3100000,1550.0000000864018,-36134.94931760896,8552.878329481435,-27582.070988127525,261.9589131331999,25.9379943344812,1.0230065245450908
3105000,1552.500000086911,-36144.53978553414,8845.294030944568,-27299.245754589574,266.69980837477544,26.05771986568125,1.018306190049071
3110000,1555.0000000874204,-36218.81565631693,8696.217042540176,-27522.598613776754,269.06853859308023,26.19612804197486,1.0129259329955345
3115000,1557.5000000879297,-35866.43799459655,8520.968551254602,-27345.469443341946,260.97608632355576,26.207384656386118,1.0124908603316882
3120000,1560.000000088439,-36279.034226079006,8492.966625288811,-27786.067600790193,254.69878818519905,26.145629652759567,1.0148823260405677
3125000,1562.5000000889484,-36224.661722371355,8824.785386611311,-27399.876335760044,270.9241527020755,26.041187865103172,1.0189526520541747
3130000,1565.0000000894577,-36440.12046018569,8520.700446548108,-27919.42001363758,258.35814156903166,26.058059147938557,1.01829293145522
3135000,1567.500000089967,-36232.4288668877,8766.509127694335,-27465.919739193363,262.99898391924955,25.545979729245886,1.0387050220434497
3140000,1570.0000000904763,-36291.30530408025,8749.934376093353,-27541.370927986893,258.925446274216,25.838493157473877,1.026946009431382
3145000,1572.5000000909856,-36395.21168067679,8746.799105519956,-27648.41257515683,264.2366339805054,25.94363917448793,1.0227839378787384
3150000,1575.000000091495,-36062.86013243557,8691.010236620987,-27371.849895814583,264.82454257276436,26.07813857860626,1.0175088746386287
3155000,1577.5000000920043,-36071.80471677473,8450.381521928692,-27621.423194846036,254.5213131295258,26.038760223498052,1.0190476508878572
3160000,1580.0000000925136,-35952.450445216615,8712.589562693753,-27239.860882522862,265.91016662504495,25.921286943962375,1.02366589649471
3165000,1582.500000093023,-36070.61961946986,8636.832243211455,-27433.787376258402,266.09707641796024,25.684207332313576,1.0331149057656233
3170000,1585.0000000935322,-36013.98637932469,8636.246194842573,-27377.740184482118,260.66792192005863,26.07847158914668,1.0174958815006274
3175000,1587.5000000940415,-36093.53820731165,8426.57093747301,-27666.96726983864,250.64329109828753,25.800821629508892,1.0284454432815264
3180000,1590.0000000945508,-35987.121358227916,8395.6349473398,-27591.486410888116,254.85655293918552,25.661759961864465,1.034018612800553
3185000,1592.5000000950602,-36323.59103228641,8973.104579914707,-27350.4864523717,273.70930490411183,25.850772400491394,1.0264582050663782
3190000,1595.0000000955695,-36141.52060664096,8801.442374145683,-27340.078232495274,267.33752285912936,25.704870301608388,1.0322844319555877
3195000,1597.5000000960788,-36185.76807980798,8555.920397076443,-27629.84768273154,259.4053273774114,25.74233900314883,1.0307819128068396
3200000,1600.000000096588,-36109.038094832795,8565.714287013645,-27543.32380781915,261.08165208589105,25.85438925285578,1.0263146105784318
3205000,1602.5000000970974,-35865.84579174244,8547.448791943714,-27318.396999798722,259.02303762918706,26.07560226742863,1.0176078452819763
3210000,1605.0000000976067,-36165.41699667438,8672.050349316269,-27493.36664735811,258.02660976129573,25.82734836741568,1.0273891481351078
3215000,1607.500000098116,-35933.13892669417,8675.319826206205,-27257.819100487963,263.9063362957409,26.131427833542592,1.015433890823508
3220000,1610.0000000986254,-35700.31523555773,8643.962104107637,-27056.353131450094,262.377929677774,26.17315833742952,1.0138148822429758
3225000,1612.5000000991347,-35898.24111883971,8803.663966816322,-27094.577152023387,264.3055314729136,26.009857906543118,1.0201800230178384
3230000,1615.000000099644,-35935.83585349168,8560.813382203032,-27375.022471288645,261.29519113745187,26.094644942504697,1.0168652417479846
3235000,1617.5000001001533,-35891.34748997702,8614.265329022173,-27277.08216095485,255.5294829255538,25.89255388793296,1.0248018620578867
3240000,1620.0000001006626,-35942.30858606822,8632.123222979943,-27310.185363088276,256.814424846762,25.932590721414876,1.0232196899585408
3245000,1622.500000101172,-35916.83567464142,8884.13815848983,-27032.69751615159,269.770525728508,25.929571077639658,1.0233388496221627
3250000,1625.0000001016813,-36131.35179069056,8656.395333502922,-27474.95645718764,265.3300243474995,26.22827362689416,1.011684482755261
3255000,1627.5000001021906,-36043.31102242693,8937.492229044643,-27105.818793382292,269.72382377646653,26.159363644474553,1.0143495001795506
3260000,1630.0000001027,-35783.596300604055,8282.580693546535,-27501.015607057518,255.02932989107302,26.153998719591108,1.0145575719521451
3265000,1632.5000001032092,-36150.58694302314,8544.358238815017,-27606.228704208123,259.7121324474239,26.24813251623649,1.0109190595321056
3270000,1635.0000001037185,-35933.66027865629,8668.937717148492,-27264.722561507795,260.5431508143465,25.873118223512947,1.0255716844239384
3275000,1637.5000001042279,-36018.04128559376,8454.513032130213,-27563.528253463548,254.7867220504839,25.790033447227827,1.0288756504361996
3280000,1640.0000001047372,-36171.88104343531,8465.973745027428,-27705.90729840788,252.11615431845672,26.006898880021105,1.020296097593253
3285000,1642.5000001052465,-36247.52483449364,8549.897945885354,-27697.626888608287,258.52319495658656,26.055646778705935,1.0183872103867126
3290000,1645.0000001057558,-36170.9158429713,8690.88097417843,-27480.03486879287,266.02921237247625,26.235099231845233,1.0114212720636073
3295000,1647.5000001062651,-36445.887480305275,8829.915793045559,-27615.971687259716,263.36665513083335,25.714205647271612,1.0319096689888736
3300000,1650.0000001067745,-36324.81633170694,8727.863151702746,-27596.953180004195,262.1753358568411,26.197630626361278,1.012867835883119
3305000,1652.5000001072838,-36391.71350779594,8507.941319457597,-27883.772188338342,256.63670580165825,26.21868047874179,1.0120546478035894
3310000,1655.000000107793,-36065.07691798825,8814.763975196973,-27250.312942791275,264.815926318776,26.234387826279246,1.0114486990699956
3315000,1657.5000001083024,-35985.38139277231,8352.703319860575,-27632.678072911734,247.09393859901567,25.808127774877832,1.0281542957803136
3320000,1660.0000001088117,-36231.90166251757,8505.468832436434,-27726.43283008114,257.7700121990701,25.8906095870979,1.0248788213550197
3325000,1662.500000109321,-36034.35323742661,8806.76113606082,-27227.592101365786,268.29422222188674,26.077164485368314,1.0175468829318577
3330000,1665.0000001098304,-35832.39423171431,8558.502812895258,-27273.89141881905,255.7343388535789,25.994536650881486,1.0207813200966622
3335000,1667.5000001103397,-35883.08482720819,8708.312696640947,-27174.772130567246,261.62569248181666,26.014587932813175,1.0199945317726369
3340000,1670.000000110849,-35854.60388180148,8718.662869666765,-27135.941012134714,260.4506725219697,25.796125286293314,1.0286326780978619
3345000,1672.5000001113583,-36211.18521300936,8749.35867915253,-27461.82653385683,270.42539553065734,26.30853934471697,1.0085978962992608
3350000,1675.0000001118676,-36386.540922851535,8831.04827620025,-27555.492646651284,265.9686499218273,25.99534199176561,1.0207496960875961
3355000,1677.500000112377,-36110.826787662925,8443.690126230405,-27667.13666143252,254.20775375397403,25.78083955246703,1.029242565347283
3360000,1680.0000001128863,-35701.87796750176,8755.062461956411,-26946.815505545346,266.4223357684819,26.32449963684404,1.0079863930499777
3365000,1682.5000001133956,-35841.58119785483,8695.20057297893,-27146.3806248759,262.19251039807773,26.247877826408686,1.0109288687366018
3370000,1685.000000113905,-36106.28449998633,8541.62812445319,-27564.65637553314,258.9743279095425,25.94559682279103,1.0227067667404486
3375000,1687.5000001144142,-36299.395307603525,8693.905644430055,-27605.48966317347,262.99310843241625,25.717367516688235,1.0317827989419692
3380000,1690.0000001149235,-36416.86676211306,8614.210864318888,-27802.65589779417,261.78647189699416,26.0800286180173,1.0174351350004438
3385000,1692.5000001154328,-35966.414250588976,8634.440709365577,-27331.9735412234,261.56377904198166,26.11420119242013,1.0161037376663011
3390000,1695.0000001159422,-36236.788664603606,8635.517962563577,-27601.270702040027,261.42684239960664,25.60751605886699,1.0362089543081556
3395000,1697.5000001164515,-36288.57093244139,8622.975917564194,-27665.595014877195,264.7891642233674,26.075674326608027,1.0176050331596374
3400000,1700.0000001169608,-36314.04866928514,8781.05061098524,-27532.9980582999,266.8809759162471,26.135556238402785,1.015273491627415
3405000,1702.50000011747,-36221.17112863879,8415.16012783007,-27806.011000808718,258.00765678103085,26.076172880406716,1.0175855774343985
3410000,1705.0000001179794,-36258.87384672323,8532.20464198749,-27726.669204735743,253.71619201759592,26.26942195039918,1.0100997839956145
3415000,1707.5000001184887,-36192.68817682378,8545.51362708618,-27647.1745497376,261.7800128839602,26.052210825707117,1.0185215226189024
3420000,1710.000000118998,-36117.737916927086,8836.996587961079,-27280.741328966007,267.97559568594386,26.064813843874504,1.0180290408643682
3425000,1712.5000001195074,-36344.152464466635,8731.250686731913,-27612.90177773472,261.75493236226833,25.736480380731866,1.0310165588008542
3430000,1715.0000001200167,-35972.59585880302,8570.242869812973,-27402.352988990046,259.42000488003436,25.91252798070871,1.0240119164576447
3435000,1717.500000120526,-36295.92932910239,8493.691661577679,-27802.237667524714,258.15961573500925,26.007623091290906,1.0202676863105369
3440000,1720.0000001210353,-36407.02884598309,8576.486519976526,-27830.542326006565,257.8492480858455,26.009700996812622,1.0201861774973726
3445000,1722.5000001215446,-36342.70868382789,8405.537711322158,-27937.170972505734,257.08742782612535,25.974455549909916,1.0215704959359542
3450000,1725.000000122054,-36819.56269306922,8624.32332668169,-28195.239366387534,255.2215953889825,25.887884355198768,1.0249867109151853
3455000,1727.5000001225633,-35982.22188907745,8769.301441732501,-27212.92044734495,262.0571682316946,25.607214389687574,1.0362211615049322
3460000,1730.0000001230726,-36184.65746237873,8738.773563935963,-27445.883898442768,265.1329136208065,25.973652066539152,1.0216020977647398
3465000,1732.500000123582,-36184.085856224876,8428.003354819903,-27756.082501404973,249.05130698752336,26.347963108073095,1.0070887578272625
3470000,1735.0000001240912,-36287.33391462546,8416.628200269468,-27870.70571435599,257.2453803095515,25.999880026646036,1.0205715338145285
3475000,1737.5000001246005,-36324.501764293294,8544.730543092879,-27779.771221200415,259.93000133062526,26.0773217260158,1.0175407473427662
3480000,1740.0000001251099,-35819.735891198274,8649.270131343272,-27170.465759855004,262.05441217706004,26.048223015914726,1.0186774514935584
3485000,1742.5000001256192,-36089.839167212835,8541.923501187503,-27547.915666025332,256.37055135832435,25.879808228590623,1.0253065711852423
3490000,1745.0000001261285,-35941.32293871627,8674.917248262213,-27266.40569045406,265.569657534647,25.813980583732178,1.027921182156227
3495000,1747.5000001266378,-36009.31920175231,8630.022886168801,-27379.29631558351,259.8681194734473,25.706632882698656,1.032213653140336
3500000,1750.0000001271471,-35791.094179485226,8727.29090798421,-27063.803271501016,264.16681849941745,25.338314861363994,1.04721792206664
3505000,1752.5000001276564,-36111.169281536946,8683.25796416637,-27427.911317370577,265.44353520194386,25.93179498631721,1.023251088163731
3510000,1755.0000001281658,-35568.19327390706,8654.549048482137,-26913.644225424927,262.4583575832462,25.79955828919757,1.0284958037013416
3515000,1757.500000128675,-36157.861341763055,8738.344383495169,-27419.516958267886,264.6100614904992,25.816414880778055,1.027824256788833
3520000,1760.0000001291844,-36079.36843363335,8609.887461696668,-27469.480971936686,264.9910245874082,25.635341591655642,1.035084215395241
3525000,1762.5000001296937,-36167.5124521025,8568.369248608578,-27599.14320349392,260.2921752546878,25.919233613342435,1.0237469916598378
3530000,1765.000000130203,-36245.608016063925,8590.688587242483,-27654.919428821442,259.4785998361587,26.11100496390598,1.0162281181619637
3535000,1767.5000001307124,-36432.34725188976,8831.619217558822,-27600.72803433094,269.8548220476856,25.810915743687705,1.028043239584678
3540000,1770.0000001312217,-36196.271198630566,8490.434183241758,-27705.83701538881,254.0423765532232,25.949714030141557,1.0225445030710854
3545000,1772.500000131731,-36117.80865313602,8698.266401845587,-27419.54225129043,259.0196206091151,25.77488716333417,1.0294802560972844
3550000,1775.0000001322403,-36229.07902203989,8473.18079207525,-27755.89822996464,261.08370318384107,25.858989752948006,1.0261320218344114
3555000,1777.5000001327496,-36210.053677650634,8688.867733924799,-27521.185943725835,261.029168197024,26.05624705846666,1.0183637489408026
3560000,1780.000000133259,-36539.12960771285,8473.192582027144,-28065.937025685707,254.10853057282188,25.87072032085866,1.0256667425063475
3565000,1782.5000001337683,-36201.17866077018,8626.159134016274,-27575.019526753906,256.25743514510873,26.206302518572375,1.0125326691540224
3570000,1785.0000001342776,-36497.59070113907,8601.2710308987,-27896.319670240366,258.98776006488924,26.03970633408774,1.0190106254405833
3575000,1787.500000134787,-36476.99474617769,8794.430785222576,-27682.563960955114,260.7840410127581,25.72485761838743,1.031482382970375
3580000,1790.0000001352962,-36161.446678857086,8281.478155001327,-27879.968523855758,250.33421807972806,25.94799279727292,1.0226123324874905
3585000,1792.5000001358055,-36176.65973224561,8693.393596167893,-27483.266136077713,257.18248742748034,25.704484981203148,1.0322999063078626
3590000,1795.0000001363148,-36184.940162834246,8531.54058375122,-27653.399579083023,265.18502831464303,26.135767961631238,1.0152652669989395
3595000,1797.5000001368242,-35981.43668015371,8402.757048945277,-27578.679631208433,249.85242797636087,26.315198114046527,1.0083426817761312
3600000,1800.0000001373335,-36696.018627990736,8791.88945679818,-27904.129171192555,264.2172478573394,25.93379967457403,1.0231719906359502
3605000,1802.5000001378428,-36286.582158134785,8688.226130233397,-27598.356027901387,267.67743010523037,25.54506424851969,1.0387422470204015
3610000,1805.000000138352,-36040.07562867273,8563.004069475288,-27477.071559197437,258.6574773400895,25.922934737529324,1.0236008270843202
3615000,1807.5000001388614,-36585.005441271234,8386.941552904524,-28198.063888366712,254.21640573267052,25.982094199133773,1.0212701576100252
3620000,1810.0000001393707,-36053.838300330564,8598.287999339685,-27455.55030099088,255.72902153460717,26.11908670454546,1.0159136779147058
3625000,1812.50000013988,-36373.714566463605,8595.155483778544,-27778.55908268506,260.7837387855531,26.000473625066483,1.020548233867798
3630000,1815.0000001403894,-36070.90909701516,8570.77587468594,-27500.13322232922,261.09659017827397,25.831557718075715,1.027221731162581
3635000,1817.5000001408987,-35869.35033760825,8482.442371669065,-27386.907965939186,254.91424802820168,26.494394556328494,1.001522694975105
3640000,1820.000000141408,-36484.589372891234,8581.524848096893,-27903.06452479434,260.2711100869908,25.936770550383017,1.0230547934347989
3645000,1822.5000001419173,-36040.86885533715,8980.905651864476,-27059.96320347267,271.26014921043287,26.322607325895447,1.0080588563764248
3650000,1825.0000001424266,-36162.82479579956,8816.129746892544,-27346.69504890702,263.11555392398094,25.7963553062945,1.0286235060234727
3655000,1827.500000142936,-36300.11529752007,8573.086573041888,-27727.02872447818,256.7137658762522,25.931497849652196,1.0232628131098784
3660000,1830.0000001434453,-36103.91979198088,8749.071344623695,-27354.848447357184,264.1239364576768,25.88326613329138,1.0251695941749237
3665000,1832.5000001439546,-36031.27584981383,8379.357636532979,-27651.91821328085,252.94373300849708,25.922763432383256,1.0236075913357339
3670000,1835.000000144464,-36283.66863700282,8481.195139372425,-27802.473497630395,259.37097524209025,26.035409767923685,1.0191787905131946
3675000,1837.5000001449732,-36522.62123326841,8745.63766983919,-27776.983563429218,263.44697030184545,25.79922067648988,1.028509262761113
3680000,1840.0000001454825,-36021.50596800051,8789.53944638832,-27231.966521612187,269.3449337846091,25.30511398821396,1.0485918953041118
3685000,1842.5000001459919,-36340.206365798134,8768.99314829149,-27571.213217506644,266.1949613798869,26.041278814620178,1.0189490933483134
3690000,1845.0000001465012,-36160.2104792383,8642.2071877601,-27518.003291478206,254.31896720606872,26.045134955568056,1.01879823172562
3695000,1847.5000001470105,-36140.48330466775,8805.405339897286,-27335.077964770466,261.404144332133,25.941588453867286,1.0228647904493355
3700000,1850.0000001475198,-36208.19983618893,8683.2258500403,-27524.973986148627,259.1741267584673,25.786360215291275,1.029022212373067
3705000,1852.5000001480291,-36352.88970710011,8682.755623104142,-27670.13408399597,257.9410723887367,25.7889107990478,1.0289204396630665
3710000,1855.0000001485384,-35758.84772503143,8479.63552101496,-27279.212204016472,255.66306277626407,26.07642821295911,1.01757561354208
3715000,1857.5000001490478,-35780.95477753831,8683.121578932132,-27097.83319860618,261.4688017873723,25.95946206090307,1.0221605276540457
3720000,1860.000000149557,-35883.982974057086,8448.822986355124,-27435.15998770196,255.89488797901367,25.782465086800794,1.0291776736031417
3725000,1862.5000001500664,-36088.790301721776,8688.371606871515,-27400.41869485026,258.264318447857,25.796088070895294,1.028634162081574
3730000,1865.0000001505757,-35930.507662849035,8875.071500466756,-27055.436162382277,268.8037802072548,25.84653848121666,1.0266263490978236
3735000,1867.500000151085,-36445.34712093393,8640.380927359889,-27804.966193574044,263.2351732718891,25.682655319886077,1.033177337284203
3740000,1870.0000001515943,-35865.765340569196,8567.115318218199,-27298.650022350997,261.6346021351901,25.990648472917023,1.0209340280769754
3745000,1872.5000001521037,-36029.60665206751,8882.061629746437,-27147.545022321072,265.9767853764724,26.288925240433432,1.0093504087788407
3750000,1875.000000152613,-35893.88448913745,8721.942452711693,-27171.942036425753,269.4858872614397,26.123734881656695,1.0157329171342866
3755000,1877.5000001531223,-36163.53103719908,8519.560748664197,-27643.97028853488,261.8059239446291,26.154701889560084,1.0145302955404543
3760000,1880.0000001536316,-36261.673186402535,8524.634214702437,-27737.038971700098,255.38888438113295,25.9962615467259,1.0207135895326374
3765000,1882.500000154141,-36246.75678515271,8721.650850843936,-27525.105934308776,263.93118227688154,26.268571246278082,1.0101324959402769
3770000,1885.0000001546503,-36192.849555482855,8764.287658521205,-27428.561896961648,264.4874967072655,26.05370517110225,1.0184631039434329
3775000,1887.5000001551596,-36154.55952548981,8596.70353810649,-27557.855987383315,255.34499309054328,26.285493877155268,1.0094821714896223
3780000,1890.0000001556689,-36096.210974407615,8830.634744965111,-27265.576229442504,271.29321610004246,26.005865288765705,1.0203366487963248
3785000,1892.5000001561782,-35973.9401889767,8804.951669958944,-27168.98851901776,263.9228916685335,26.339800267366318,1.007400859856294
3790000,1895.0000001566875,-36003.95322130644,8651.059295544748,-27352.893925761688,260.9075116487583,26.161976125401036,1.0142482093325094
3795000,1897.5000001571968,-36015.45783482585,8768.372968795547,-27247.0848660303,265.62378315370904,26.15218545329988,1.0146279164764684
3800000,1900.0000001577062,-35878.008259632625,8859.810380702642,-27018.197878929983,265.9555670407691,26.189102718986117,1.0131976540972203
3805000,1902.5000001582155,-36085.252991275396,8547.556384974614,-27537.696606300782,257.5405281641409,25.852543589461092,1.0263878811756408
3810000,1905.0000001587248,-36406.01862134272,8637.186959580646,-27768.831661762077,265.7260092336608,26.04260166049227,1.0188973353627027
3815000,1907.500000159234,-36398.354336270364,8613.795255700856,-27784.55908056951,257.3730246875392,26.065621433036718,1.0179974993481862
3820000,1910.0000001597434,-36055.859626318095,8669.462069650901,-27386.397556667194,262.7377773629382,26.095965725423223,1.0168137756226887
3825000,1912.5000001602527,-36228.64559748536,8390.164287462503,-27838.481310022857,253.5596280010892,26.16809417899455,1.0140110799160769
3830000,1915.000000160762,-36077.24129865202,8553.377393496094,-27523.86390515593,259.23106533398675,25.93616348316651,1.0230787392672727
3835000,1917.5000001612714,-36092.19628459797,8605.059992473389,-27487.13629212458,256.1074709004925,26.128915119350367,1.015531541075617
3840000,1920.0000001617807,-36215.37707681814,8267.664853702745,-27947.7122231154,251.8806495499036,25.963520638767992,1.0220007450825814
3845000,1922.50000016229,-36276.81303061498,8503.621405531798,-27773.191625083185,251.19393229989942,26.146991442672327,1.014829468849817
3850000,1925.0000001627993,-36076.248374337796,8779.383070539767,-27296.86530379803,266.07458960638144,26.033713005350354,1.019245216090941
3855000,1927.5000001633086,-36047.67843053839,8679.785909758484,-27367.892520779907,261.1364563411022,26.66884671484811,0.9949713132144714
3860000,1930.000000163818,-35845.936963090906,8479.961566335041,-27365.975396755864,251.24093120899576,26.139671893257155,1.0151136382332566
3865000,1932.5000001643273,-35869.786200024886,8653.326943213935,-27216.45925681095,261.07690514862765,25.974194991199692,1.0215807437642666
3870000,1935.0000001648366,-35841.750938551966,8608.49532666682,-27233.255611885146,254.91836421689155,25.650552299863225,1.0344704132522464
3875000,1937.500000165346,-35930.75306625548,8706.12221017187,-27224.630856083608,254.5545965229538,25.7665274021751,1.0298142634287581
3880000,1940.0000001658552,-36204.59594355733,9029.504657002759,-27175.091286554572,272.3960573358901,25.61880408052121,1.0357523854114281
3885000,1942.5000001663645,-36617.99517846806,8761.613198922092,-27856.381979545968,262.4281570319488,25.63254698073251,1.0351970663599492
3890000,1945.0000001668739,-36019.720111018745,8515.144141957417,-27504.575969061327,260.99001115611844,26.005478699507567,1.020351816799678
3895000,1947.5000001673832,-36043.023286510725,8532.86290648946,-27510.160380021265,259.1075668103369,26.251936391324186,1.0107725785347075
3900000,1950.0000001678925,-36246.86642428883,8748.870171993112,-27497.99625229572,260.3172065945127,26.121730768231142,1.0158108462728288
3905000,1952.5000001684018,-36040.10290662642,8661.095811796571,-27379.007094829845,263.7442964723727,26.046284378522493,1.0187532721430372
3910000,1955.0000001689111,-36031.33531823335,8615.696891101146,-27415.638427132206,260.1804665104414,26.250546497057613,1.0108260961638307
3915000,1957.5000001694204,-36363.27047582087,8702.475230111984,-27660.795245708887,262.07558513081773,26.06833915340939,1.017891369359351
3920000,1960.0000001699298,-36210.12747477158,8683.156248978885,-27526.971225792695,265.1002475000557,25.771186139855846,1.0296281006930903
3925000,1962.500000170439,-35984.48026320804,8792.282074890729,-27192.19818831731,266.855551449477,25.864048711627103,1.0259313123648448
3930000,1965.0000001709484,-36204.17454812699,8516.541765915257,-27687.63278221173,254.12918481396653,26.08495343213189,1.0172430442257157
3935000,1967.5000001714577,-35970.33667673753,8767.169836089572,-27203.166840647955,261.03291603373845,26.40345902009628,1.0049720158859363
3940000,1970.000000171967,-35816.37521540071,8427.78809853,-27388.58711687071,255.63846812712484,26.18241607626657,1.013456411375292
3945000,1972.5000001724763,-35803.281447470654,8759.85181635396,-27043.429631116695,265.5112097485296,25.83739626893534,1.0269896069090736
3950000,1975.0000001729857,-36356.32871440449,8547.463472944555,-27808.865241459935,261.6712632819116,25.743447433819483,1.0307375306280409
3955000,1977.500000173495,-36049.19856592547,8472.354865658148,-27576.843700267324,252.28127230531166,25.824270501390494,1.027511597524473
3960000,1980.0000001740043,-35824.480421641376,8294.500135225515,-27529.980286415863,245.59540872771004,26.07134715358952,1.0177739294202353
3965000,1982.5000001745136,-36279.47008709307,8698.946579546773,-27580.523507546295,266.8882388747719,25.586356049671195,1.0370659028693092
3970000,1985.000000175023,-36084.77910496923,8719.86541596119,-27364.91368900804,267.13917195416417,26.10544952003973,1.016444379454895
3975000,1987.5000001755323,-36243.57985976897,8415.835868867991,-27827.74399090098,253.4312907676674,25.601169888300287,1.0364658159592237
3980000,1990.0000001760416,-36141.52651895932,8525.929330497132,-27615.597188462187,256.5531178403786,25.64010354694215,1.0348919765167024
3985000,1992.5000001765509,-35974.30520642805,8475.17160668811,-27499.133599739936,258.5582865314938,25.75355403334599,1.0303330330031495
3990000,1995.0000001770602,-36097.56126864068,8393.981334559321,-27703.57993408136,253.26190434565677,25.572830665882215,1.0376144035235402
3995000,1997.5000001775695,-35921.30796865048,8758.988999582392,-27162.31896906809,264.8058819616062,25.934447169930248,1.0231464454948407
4000000,2000.0000001780788,-35972.36574793025,8631.686693607258,-27340.67905432299,258.74551581379006,25.709655116733625,1.0320923138528304
4005000,2002.5000001785882,-36127.45904209954,8751.629376524023,-27375.829665575515,265.26015849230197,25.879590472404416,1.0253151983251836
4010000,2005.0000001790975,-35897.5134327088,8557.766705355018,-27339.746727353784,261.10849346917297,25.93213702114995,1.0232375918786194
4015000,2007.5000001796068,-36239.28027228499,8878.667732712522,-27360.612539572467,269.40129834329394,25.88605275114771,1.0250592352907648
4020000,2010.000000180116,-36071.47098216647,8760.88977751349,-27310.581204652983,267.26029826340715,25.984984012215946,1.021156581251444
4025000,2012.5000001806254,-36176.27838889067,8814.167760142916,-27362.110628747752,270.0940659860429,26.054707963515625,1.0184239053818769
4030000,2015.0000001811347,-36128.60178502207,8536.61123438097,-27591.990550641098,261.98346213226,25.909296687634214,1.0241396267021081
4035000,2017.500000181644,-36620.47608613735,8577.053657610471,-28043.42242852688,256.12136325307796,25.612189106845786,1.0360198937737617
4040000,2020.0000001821534,-35992.539822536986,8434.424479983694,-27558.11534255329,257.5682057877498,25.81882535905348,1.0277282978128728
4045000,2022.5000001826627,-35982.92620477895,8581.571817521071,-27401.35438725788,262.33931713911676,25.90593374168273,1.024272574089595
4050000,2025.000000183172,-35827.53127783025,8752.142375244774,-27075.388902585473,264.6217646135499,25.866105942095224,1.0258497161184397
4055000,2027.5000001836813,-36146.142579113366,8845.317371923873,-27300.825207189493,272.3795834263156,26.17555616942473,1.013722010949387
4060000,2030.0000001841906,-36194.518769854214,8772.99826834686,-27421.52050150735,270.2310348920723,25.892933888763707,1.024786822218809
4065000,2032.5000001847,-35917.11910982756,8499.674293228745,-27417.444816598814,260.33659565502376,25.61236168675366,1.0360129129174076
4070000,2035.0000001852093,-35922.25083338702,8851.970334223373,-27070.280499163648,266.69942944063007,25.847022679078012,1.0266071170845734
4075000,2037.5000001857186,-35595.10147828492,8711.733826581261,-26883.367651703662,266.04443443952135,25.811662786759005,1.0280134858804908
4080000,2040.000000186228,-36274.05565322889,8738.786618780887,-27535.269034448003,261.96356156498695,25.840621745430408,1.0268614160756488
4085000,2042.5000001867372,-35985.7020323379,8468.603401025026,-27517.09863131287,255.07310426439196,26.16919509839034,1.01396842119229
4090000,2045.0000001872465,-36225.794926679926,8751.275344461039,-27474.519582218887,263.06880517240825,25.708514042405938,1.0321381233477394
4095000,2047.5000001877559,-36202.078667589696,8748.110653587846,-27453.96801400185,270.16850487685105,25.78415077620887,1.029110389094977
4100000,2050.000000188265,-35866.33019846096,8517.750976881467,-27348.57922157949,258.33585254969125,26.217437846299752,1.012102616333003
4105000,2052.5000001887743,-36138.09317020001,8726.641558916866,-27411.45161128314,265.3626956409863,25.8658560046809,1.0258596287316346
4110000,2055.0000001892836,-36079.689940261655,8683.171380718348,-27396.518559543307,259.2276152957778,26.168358353909483,1.0140008432674052
4115000,2057.500000189793,-35973.53155825054,8632.767951446818,-27340.763606803725,260.6170871281834,26.194823471878145,1.0129763793321471
4120000,2060.000000190302,-36676.53598729707,8726.963692326553,-27949.57229497052,262.15876065271414,25.678413047583174,1.0333480261657093
4125000,2062.5000001908115,-36648.368758699624,8718.20923967295,-27930.159519026674,264.154415766665,26.02490622099236,1.0195901269524754
4130000,2065.000000191321,-36344.8954024273,8601.439177178789,-27743.45622524851,256.6052979387772,26.083572270467176,1.0172969086688912
4135000,2067.50000019183,-36275.443914170144,8952.78753458221,-27322.656379587934,269.97387972879255,26.059507059014585,1.018236353346864
4140000,2070.0000001923395,-35945.2425036286,8514.8159809393,-27430.4265226893,253.21845545379284,25.86831726496778,1.0257620225542305
4145000,2072.500000192849,-35874.42242244608,8717.892421136348,-27156.53000130973,259.1560444187033,25.97286216046864,1.0216331674902746
4150000,2075.000000193358,-36100.695077206474,8756.150327855783,-27344.54474935069,260.9595402218197,25.771950671265007,1.0295975565160984
4155000,2077.5000001938674,-36316.66443604091,8702.800313416148,-27613.864122624764,263.8628721290451,26.012001412191626,1.0200959556057552
4160000,2080.0000001943768,-36089.06019967748,8537.367891903696,-27551.69230777378,255.37960416207522,26.12120174701067,1.0158314190435178
4165000,2082.500000194886,-36007.037604544545,8674.64220926967,-27332.395395274874,254.67911944358613,25.919782336225943,1.0237253188929156
4170000,2085.0000001953954,-36037.07502728631,8541.761764419723,-27495.313262866584,251.65341799764172,25.894267886003785,1.0247340281873836
4175000,2087.5000001959047,-36311.37835077429,8715.780067077738,-27595.598283696556,263.35093709372546,25.860787216417883,1.0260607001530921
4180000,2090.000000196414,-36176.38430879521,8668.892513776367,-27507.491795018846,263.81290370615767,25.97493491803514,1.0215516428248697
4185000,2092.5000001969233,-36227.15181562444,8838.533312477535,-27388.618503146907,271.1089523413494,26.00891981781212,1.0202168188321163
4190000,2095.0000001974327,-36101.90632424317,8578.753092208477,-27523.153232034696,263.0570606011414,25.620111780252703,1.035699518619592
4195000,2097.500000197942,-36182.05276674568,8799.258866612498,-27382.79390013318,265.71923634787566,25.961007464283515,1.0220996806188543
4200000,2100.0000001984513,-36235.004720369354,8962.368160155831,-27272.636560213523,273.51763721505245,26.091499045391082,1.0169878469468423
4205000,2102.5000001989606,-36283.65095832478,8749.879915157355,-27533.771043167428,268.85017611140836,25.91790315284625,1.023799544326713
4210000,2105.00000019947,-36082.79839410819,8401.426249217016,-27681.372144891175,253.7778270269315,26.11233076603391,1.0161765211822227
4215000,2107.5000001999792,-36112.0394926446,8551.415175883301,-27560.6243167613,259.00992775894366,26.048717198383503,1.018658125684382
4220000,2110.0000002004886,-36077.42739461921,8632.532323447005,-27444.895071172206,259.97178149966066,25.75347759051477,1.0303360912920296
4225000,2112.500000200998,-35912.881444013445,8989.848006601558,-26923.033437411887,269.160895438495,25.985564194770983,1.0211337817759367
4230000,2115.000000201507,-36074.0682751548,8930.655911992113,-27143.412363162686,265.05792430217684,26.052812982846497,1.0184979815906512
4235000,2117.5000002020165,-36213.81477586576,8619.061633161624,-27594.753142704132,258.08946732791793,25.985621804471627,1.0211315179389606
4240000,2120.000000202526,-36351.94036032073,8508.943357138547,-27842.997003182187,261.34208141501233,26.235358276029622,1.0114112854342752
4245000,2122.500000203035,-35655.983175439294,8634.146868118058,-27021.83630732124,262.8005070256314,26.079193512534328,1.0174677152126883
4250000,2125.0000002035445,-36093.54824621696,8609.176103708865,-27484.372142508095,263.38146564450165,26.311717540740652,1.008476067618995
4255000,2127.500000204054,-36118.722381565254,8531.125700115483,-27587.596681449773,261.1322355484912,25.688617586630997,1.0329375392935591
4260000,2130.000000204563,-35795.969300240045,8619.080636201026,-27176.88866403902,257.8394729121057,26.477129576422676,1.0021757593170708
4265000,2132.5000002050724,-35782.29604162928,8693.791564332976,-27088.5044772963,264.3234186728158,26.19897776135464,1.0128157548546988
4270000,2135.0000002055817,-36076.168645903235,8791.31139254546,-27284.857253357775,268.1840822852646,25.893110452757586,1.0247798342420444
4275000,2137.500000206091,-36417.93446614174,8461.908641306858,-27956.025824834884,256.38956333078346,25.98334549301524,1.0212209757562147
4280000,2140.0000002066004,-36259.54948917567,8682.869476392569,-27576.6800127831,258.93251192912595,26.22134182947443,1.0119519287133185
4285000,2142.5000002071097,-35911.32481198921,8429.335199350991,-27481.989612638215,251.58329249839736,25.935922673519016,1.023088238340572
4290000,2145.000000207619,-35878.35802263371,8602.206984647279,-27276.151037986427,256.1882320671703,26.055226782366855,1.0184036262446017
4295000,2147.5000002081283,-36091.72999133915,8758.846349338051,-27332.883642001096,262.3002623386763,25.960340132608284,1.0221259545231496
4300000,2150.0000002086376,-36139.43146204902,8283.367454939022,-27856.06400711,250.3416897407689,25.808141083495922,1.0281537655866506
4305000,2152.500000209147,-36078.07282424369,8675.867702033544,-27402.205122210144,259.903011568178,26.031057697508675,1.0193491845829759
4310000,2155.0000002096563,-36136.94333892525,8513.12119426253,-27623.82214466272,254.7337991539848,26.327547800505656,1.007869689910058
4315000,2157.5000002101656,-36194.7100756336,8742.67862864612,-27452.03144698748,261.7709702113055,26.29158534871616,1.0092482855577813
4320000,2160.000000210675,-36191.295623633545,8477.742812475848,-27713.552811157697,251.9279534179749,26.317471556125376,1.0082555758139284
4325000,2162.500000211184,-36286.52925461996,8458.545185418878,-27827.984069201084,256.2111129410556,26.316837471227434,1.0082798689925667
4330000,2165.0000002116935,-36094.723295498174,8454.021327112761,-27640.701968385412,254.87567503570713,25.95560080317988,1.0223125882925828
4335000,2167.500000212203,-36053.27477941662,8489.851781464156,-27563.422997952464,255.87075199979043,25.754631871117454,1.0302899133085752
4340000,2170.000000212712,-36144.672563742846,8735.463266406863,-27409.209297335983,264.9419491806639,25.767208865990188,1.0297870279931922
4345000,2172.5000002132215,-36356.63701535063,8678.089560644868,-27678.54745470576,265.94272312206994,25.848800360669657,1.0265365149464307
4350000,2175.000000213731,-36176.4488283752,8812.341751590502,-27364.107076784698,267.84866085728686,25.780073167567345,1.0292731624660372
4355000,2177.50000021424,-35871.8311422097,8668.672478332926,-27203.158663876777,258.61171081493336,25.558351100862158,1.0382022429018425
4360000,2180.0000002147494,-36510.29373394302,8484.320183658581,-28025.97355028444,257.7539492352551,25.594014215736788,1.0367555950434952
4365000,2182.5000002152588,-36160.17546180333,8600.937443684426,-27559.238018118904,253.48731333298875,26.009796979368705,1.0201824127591443
4370000,2185.000000215768,-35561.853408179246,8820.89318848103,-26740.960219698216,262.8596333243002,25.893999833368753,1.0247446361528671
4375000,2187.5000002162774,-35871.41928006499,8605.37739741457,-27266.04188265042,263.244581230002,25.82715259310514,1.0273969359236148
4380000,2190.0000002167867,-35974.6313954154,8796.674899628779,-27177.956495786624,266.0752938575698,26.441625098788187,1.0035214302695772
4385000,2192.500000217296,-36137.64831471117,8832.66242627,-27304.985888441173,271.9411144512298,25.866431296772294,1.0258368127148243
4390000,2195.0000002178053,-35973.47602667124,8277.754753498426,-27695.721273172814,250.6594877484084,26.054251750690785,1.0184417380969055
4395000,2197.5000002183147,-36062.18957029702,8628.150838541242,-27434.03873175578,256.18245699658695,25.84461975759067,1.0267025665949103
4400000,2200.000000218824,-36114.27560189413,8656.298665887758,-27457.976936006373,262.96441032403635,25.842696531249096,1.0267789743110576
4405000,2202.5000002193333,-35912.05019670888,8705.369241383853,-27206.680955325028,264.52670593884795,25.94126066256951,1.0228777152713584
4410000,2205.0000002198426,-36018.644643853884,8650.209051361164,-27368.435592492722,264.4832865038572,25.746738297331103,1.0306057851428292
4415000,2207.500000220352,-36000.135473851115,8627.381633072258,-27372.753840778856,263.6575408929438,25.961822787008213,1.0220675819059344
4420000,2210.0000002208612,-36277.20955835818,8708.45070434626,-27568.758854011925,265.3583577918702,25.80666469025143,1.028212586022845
4425000,2212.5000002213706,-36432.436577280285,8734.16623183177,-27698.270345448516,263.209091818715,25.905698922497148,1.0242818584888458
4430000,2215.00000022188,-36599.74346757727,8594.80823996794,-28004.935227609327,257.27427700218624,25.541505070228112,1.0388869945145673
4435000,2217.500000222389,-36209.8538565184,8692.081255041005,-27517.772601477394,258.85698405500295,26.0116582515854,1.020109413292426
4440000,2220.0000002228985,-36227.796765825944,8690.976460612197,-27536.820305213747,262.6461232332505,25.762370148144605,1.0299804437713542
4445000,2222.500000223408,-36401.17377681495,8435.373113374895,-27965.80066344005,257.17087300812244,25.529440834593895,1.0393779327055115
4450000,2225.000000223917,-36450.63925977773,8702.444004605355,-27748.195255172373,260.89312311361203,25.628076319882567,1.0353776501438738
4455000,2227.5000002244265,-36064.53690786008,8247.087442520695,-27817.449465339385,244.65515300988307,26.160145541636155,1.014319182420278
4460000,2230.000000224936,-36109.0595888847,8591.241242905842,-27517.81834597886,260.5718966969723,25.992426785288234,1.020864179284967
4465000,2232.500000225445,-36191.88183874264,8843.83776867266,-27348.044070069984,266.5891745515972,26.66435709275004,0.9951388419187719
4470000,2235.0000002259544,-36175.539665858494,8623.576889505694,-27551.9627763528,267.89627627780106,26.072670475343937,1.017722272173113
4475000,2237.5000002264637,-36153.882758731954,8580.24277651274,-27573.639982219214,257.96129908394016,25.93527513855762,1.0231137821375582
4480000,2240.000000226973,-36254.38056956115,8653.442316197386,-27600.938253363765,255.70205444231493,25.649333770211438,1.0345195581105002
4485000,2242.5000002274824,-36357.50487510348,8661.724305596761,-27695.780569506715,255.34689370554406,25.718064276638117,1.031754845635548
4490000,2245.0000002279917,-36125.77181850956,8468.480336771014,-27657.291481738546,256.39024591184756,25.849134141171053,1.0265232596524316
4495000,2247.500000228501,-36281.85648127273,8634.971004135052,-27646.885477137675,253.60719630559285,26.326879601680375,1.0078952705087854
4500000,2250.0000002290103,-36463.536485847086,8692.698000771254,-27770.83848507583,261.5567151685208,25.788570160178246,1.0289340305792458
4505000,2252.5000002295196,-36142.223556392826,8584.27851741814,-27557.945038974685,259.730525441771,25.860491774824247,1.0260724223202906
4510000,2255.000000230029,-36126.83476757584,8632.879578811371,-27493.95518876447,259.65417694115536,25.962051316245308,1.022058585223742
4515000,2257.5000002305383,-36390.402621492976,8733.324810688855,-27657.07781080412,268.2760609741051,26.13255271038689,1.0153901814284343
4520000,2260.0000002310476,-36177.40426755976,8479.557978198747,-27697.846289361012,257.88275537385573,25.867279033448604,1.0258031934273484
4525000,2262.500000231557,-36274.30597997806,8631.33438481416,-27642.9715951639,258.5984782822955,26.019030019209758,1.0198203936963586
4530000,2265.000000232066,-35814.34063803009,8524.017403840922,-27290.323234189163,260.65957113618293,26.02002565666286,1.0197813710069579
4535000,2267.5000002325755,-36139.628348568454,8858.70956836269,-27280.918780205764,265.2850195970276,25.731585983496196,1.0312126681506069
4540000,2270.000000233085,-36331.26644256129,8696.892671531086,-27634.3737710302,262.3302577585115,25.64243694330761,1.0347978039861434
4545000,2272.500000233594,-36126.30003277399,8589.646745816837,-27536.65328695715,261.0839532860439,25.758362695781575,1.0301406867810523
4550000,2275.0000002341035,-35825.14658941934,8374.187788207073,-27450.958801212266,252.6290960378175,25.98792432278587,1.0210410461493673
4555000,2277.500000234613,-36253.55497907661,8842.36195709964,-27411.19302197697,267.66000816207327,26.09115144556113,1.017001395785551
4560000,2280.000000235122,-36254.509278618265,8659.765817172873,-27594.743461445392,261.0659118087082,25.891861763970983,1.0248292563770545
4565000,2282.5000002356314,-36224.10421961476,8675.405250841788,-27548.698968772973,265.03965090417466,26.167354858547487,1.0140397293202288
4570000,2285.0000002361407,-36279.66519499733,8440.700037623461,-27838.96515737387,254.78886914244362,26.237641591571304,1.0113232679537782
4575000,2287.50000023665,-36347.21560613066,8691.858551494919,-27655.35705463574,261.1482757079827,25.96295217863941,1.0220231218396991
4580000,2290.0000002371594,-36141.738805132685,8502.457884613978,-27639.280920518708,257.5031861159464,25.886227685573548,1.0250523081266003
4585000,2292.5000002376687,-36023.22378992196,8800.826436389738,-27222.397353532222,263.0536842202634,26.16150436863031,1.0142664987417578
4590000,2295.000000238178,-36188.4292788005,8617.59661264759,-27570.832666152906,261.8548217055793,25.85246997552187,1.0263908037766603
4595000,2297.5000002386873,-35880.61626532534,8728.268171971238,-27152.348093354103,262.4621323643098,26.115132462388964,1.0160675032379491
4600000,2300.0000002391967,-35872.986934281886,8641.959950331757,-27231.026983950127,259.1453924255969,26.383375074138936,1.005737035660661
4605000,2302.500000239706,-36296.94953106623,8622.080977719648,-27674.868553346583,258.6702568849731,26.342098458983987,1.0073129701152634
4610000,2305.0000002402153,-36337.79624154931,8601.397703820268,-27736.39853772904,256.8346586363033,26.302069546149166,1.0088459918041988
4615000,2307.5000002407246,-36039.35493098246,8656.520008192347,-27382.834922790113,266.475670430581,26.276957441109257,1.0098101158498405
4620000,2310.000000241234,-35951.1343707412,8536.077609332417,-27415.056761408785,252.76109143550897,25.88353472882135,1.0251589559072627
4625000,2312.5000002417432,-36320.086313090986,8812.151973621028,-27507.934339469957,264.6563478791202,25.524566005498126,1.0395764391085884
4630000,2315.0000002422526,-36329.63456582953,8779.068857308632,-27550.565708520902,257.9286250684013,25.9953282349249,1.0207502362727725
4635000,2317.500000242762,-36083.02091029333,8592.159376673799,-27490.86153361953,260.4275204198059,26.262772962876543,1.0103555125460575
4640000,2320.000000243271,-36120.950363658834,8586.154076109357,-27534.796287549478,265.6203261630448,26.167970121504563,1.0140158871544225
4645000,2322.5000002437805,-36022.75263769622,8565.97431875142,-27456.778318944802,255.2643035057616,26.21391277175106,1.0122387172350151
4650000,2325.00000024429,-35898.433225108776,8484.448223053425,-27413.98500205535,253.08573305074447,26.395211235924435,1.0052860422527528
4655000,2327.500000244799,-35969.859977265354,8728.75591486005,-27241.104062405306,267.11177851414624,26.513482616140255,1.000801660874029
4660000,2330.0000002453085,-36203.67743497994,8551.274751550569,-27652.40268342937,257.72551075148544,25.906777120732524,1.0242392295316733
4665000,2332.500000245818,-35953.567262830446,8614.904698381419,-27338.662564449027,262.2088424186253,25.782674880471948,1.0291692991825896
4670000,2335.000000246327,-36159.34994660271,8676.207608969948,-27483.142337632766,259.615331794668,25.819427480359465,1.027704330701079
4675000,2337.5000002468364,-36013.20086062257,8697.533253178452,-27315.66760744412,261.03304191014865,25.73930851704614,1.030903274663146
4680000,2340.0000002473457,-36241.62262567808,8635.448561072188,-27606.17406460589,256.64350382822084,26.11964828216638,1.0158918355690454
4685000,2342.500000247855,-36037.9168937176,8692.351397995033,-27345.565495722567,267.97482433930446,26.25340215887115,1.0107161455576017
4690000,2345.0000002483644,-35698.083373664645,8447.270063261256,-27250.81331040339,252.11486888043007,26.100959750588014,1.0166192236356397
4695000,2347.5000002488737,-36218.48559292103,8648.46203933425,-27570.023553586783,258.47014162953235,25.96190547703946,1.0220643265670548
4700000,2350.000000249383,-36144.96816092683,8519.242617893538,-27625.72554303329,257.2621005418732,25.807079917580733,1.0281960424244445
4705000,2352.5000002498923,-35957.06044451194,8713.428261460063,-27243.632183051875,261.8787794122516,26.125412742073625,1.015667683406779
4710000,2355.0000002504016,-36264.3875682049,8716.658780572156,-27547.72878763274,263.46074362322076,25.652742107563636,1.0343821072431931
4715000,2357.500000250911,-36420.44562166068,8651.720492348635,-27768.725129312043,262.81750747879937,25.801674968774535,1.0284114294866706
4720000,2360.0000002514203,-35962.6678475677,8581.839376012435,-27380.82847155527,255.55554081212196,26.062080808758726,1.0181357978473575
4725000,2362.5000002519296,-36197.10558468406,8536.216464300414,-27660.889120383647,257.9481820674223,25.81386419166072,1.0279258169476242
4730000,2365.000000252439,-36472.30157372565,8294.262068505735,-28178.039505219916,249.01775427849404,25.918847654612744,1.0237622363224745
4735000,2367.500000252948,-36115.26421126677,8630.75216758958,-27484.512043677187,257.7886141470906,25.928443383972187,1.0233833572203745
4740000,2370.0000002534575,-36067.26079777675,8538.338753806438,-27528.92204397031,262.97127166209134,25.37991185385464,1.045501560075664
4745000,2372.500000253967,-35780.911147475475,8713.610962548286,-27067.30018492719,261.538694623864,26.14553644239174,1.0148859441554654
4750000,2375.000000254476,-36297.935545348795,8488.634271255933,-27809.30127409286,253.14715691276382,25.832153438415634,1.0271980422014453
4755000,2377.5000002549855,-36293.3728084676,8492.465009652988,-27800.90779881461,254.5033237568967,25.76362587119205,1.0299302423677115
4760000,2380.000000255495,-36242.95862907986,8499.574578803706,-27743.384050276156,255.72292026786383,25.923452868771083,1.0235803684066012
4765000,2382.500000256004,-36251.858965328895,8616.003072053016,-27635.85589327588,258.72218439341947,25.946735443651917,1.0226618872887845
4770000,2385.0000002565134,-36096.348348990316,8595.30402716019,-27501.044321830126,256.2299377331651,26.03822857253928,1.0190684578970255
4775000,2387.5000002570227,-36082.58362987009,8624.53342647953,-27458.050203390558,256.68589803767304,25.983409927261278,1.0212184433094036
4780000,2390.000000257532,-36467.98602557252,8461.186616387087,-28006.799409185434,258.5967937451325,26.152872434209318,1.0146012643368019
4785000,2392.5000002580414,-36246.90672445414,8813.930876896608,-27432.97584755753,266.6256873926093,25.752631070136275,1.0303699596954408
4790000,2395.0000002585507,-36017.1228339884,8494.321696051107,-27522.80113793729,260.5071250732091,25.59226763762728,1.0368263497985193
4795000,2397.50000025906,-36331.290876880055,8454.357764170953,-27876.933112709103,254.76228643146197,25.552626704356737,1.0384348249122928
4800000,2400.0000002595693,-36041.738850077614,8493.260000877615,-27548.4788492,253.28333565856957,25.78172329792478,1.0292072849887308
4805000,2402.5000002600787,-36178.18357015541,8749.521965104992,-27428.661605050416,266.6552864755807,25.78474068047207,1.0290868450689443
4810000,2405.000000260588,-35826.931451504584,8645.706222702891,-27181.225228801693,261.70491682043513,26.115993339835768,1.0160340099839655
4815000,2407.5000002610973,-36360.27939091716,8760.020540347168,-27600.25885056999,263.55534561259947,25.750954101259907,1.0304370600578876
4820000,2410.0000002616066,-35651.27460895968,8443.626826057909,-27207.647782901768,250.41069630113864,25.792699327331178,1.0287693079750821
4825000,2412.500000262116,-36096.06300075725,8927.066209027285,-27168.996791729962,271.17193817152815,25.92318625698531,1.023590895607509
4830000,2415.0000002626252,-36046.96067634784,8712.547114608915,-27334.413561738922,255.9032443107299,26.151143638642615,1.0146683374328007
4835000,2417.5000002631346,-36073.94171604444,8498.632093053506,-27575.309622990935,257.9213303036461,26.27155272816971,1.0100178589496143
4840000,2420.000000263644,-36041.36975588254,8583.505570523615,-27457.86418535892,261.09797440560686,25.927038348593783,1.0234388163053356
4845000,2422.500000264153,-36146.38565585669,8585.146773723114,-27561.238882133577,259.814058903544,25.984395405218955,1.0211797128232731
4850000,2425.0000002646625,-36418.87285657204,8667.690465253669,-27751.18239131837,259.1827285566626,25.985830852069867,1.0211233032664138
4855000,2427.500000265172,-36156.432686568936,8729.621994053825,-27426.81069251511,261.8575626625317,25.894611121292225,1.0247204452500656
4860000,2430.000000265681,-36143.79635400558,8564.73927805806,-27579.05707594752,254.41526654133662,26.11958385747578,1.015894341294923
4865000,2432.5000002661905,-36170.42915943358,8807.39103197916,-27363.03812745442,265.73099333367753,25.911203416629636,1.024064263289217
4870000,2435.0000002666998,-36285.97637208761,8518.510030233672,-27767.466341853935,256.25867826758866,26.27517942633657,1.0098784486773527
4875000,2437.500000267209,-35644.948840338504,8613.74153008611,-27031.207310252394,259.49723588705837,26.566024080423517,0.9988223061704327
4880000,2440.0000002677184,-35746.04717998486,8664.100179986463,-27081.9469999984,259.9410155753719,26.24066234804401,1.0112068470621427
4885000,2442.5000002682277,-36275.10277952277,8618.502909104558,-27656.599870418213,262.26116991766133,25.81285689062157,1.0279659299327142
4890000,2445.000000268737,-35890.73534179712,8679.42138043971,-27211.31396135741,261.8869087146717,26.235489177174784,1.0114062390295904
4895000,2447.5000002692464,-35655.005173394224,8739.573347658576,-26915.43182573565,259.67040350796213,26.14550246563455,1.0148872630260184
4900000,2450.0000002697557,-36261.83330193651,8692.877988417826,-27568.955313518683,262.2192425822188,25.67741584908396,1.0333881568824028
4905000,2452.500000270265,-35981.59868484549,8241.847997273791,-27739.7506875717,248.86579721682952,26.168342058734897,1.014001474691465
4910000,2455.0000002707743,-36601.527195027564,8477.565591532148,-28123.961603495416,255.36283506967447,25.873573484697328,1.0255536388694657
4915000,2457.5000002712836,-35891.47825906426,8673.676039503738,-27217.80221956052,270.17631705485,26.076103313543843,1.01758829218957
4920000,2460.000000271793,-35947.35137845343,8805.578331995413,-27141.773046458016,267.0296800088191,25.66093168960141,1.0340519883984005
4925000,2462.5000002723023,-35975.944472929,8540.982805492627,-27434.96166743637,260.7592676522109,26.108664680004125,1.016319209082725
4930000,2465.0000002728116,-36262.25644250098,8548.48636340268,-27713.770079098296,256.3391298263722,25.988166210304005,1.0210315427052779
4935000,2467.500000273321,-36175.756465062965,8722.582660592305,-27453.173804470658,267.8623481786119,25.78933710079822,1.0289034314482854
4940000,2470.00000027383,-36078.69472534419,8451.485228561734,-27627.209496782456,254.76489387625614,26.11610658693309,1.0160296041625223
4945000,2472.5000002743395,-36153.33454437507,8768.348083089104,-27384.986461285967,267.8812044762752,26.27770120618571,1.0097815341450667
4950000,2475.000000274849,-35901.90484769968,8528.256048149864,-27373.648799549817,259.21641932230506,25.72960996851498,1.0312918645194433
4955000,2477.500000275358,-35828.66815151111,8728.23833816518,-27100.42981334593,263.35487467874805,25.98781119852498,1.021045490714275
4960000,2480.0000002758675,-36275.43455062341,8693.378251862376,-27582.056298761032,265.0203882309966,25.855693308219127,1.0262628474693767
4965000,2482.500000276377,-36186.64562290558,8615.720421070926,-27570.925201834652,266.79823029328753,25.909905023325003,1.0241155810451783
4970000,2485.000000276886,-36134.70140013751,8770.973802402119,-27363.727597735386,268.5234325688246,26.041857353524964,1.0189264566490757
4975000,2487.5000002773954,-36235.0184895359,8432.281820088156,-27802.736669447742,252.97672438285767,25.688593099361,1.0329385239259332
4980000,2490.0000002779047,-36383.72630284424,8455.533445775427,-27928.19285706881,254.09182991216596,25.933057629337313,1.0232012675501054
4985000,2492.500000278414,-35846.28504014551,8536.958266421003,-27309.326773724504,256.75876352386433,26.28260908416172,1.009592972783592
4990000,2495.0000002789234,-36095.31761143985,8573.558238610403,-27521.75937282945,255.95043208833664,25.887011824223872,1.025021258458185
4995000,2497.5000002794327,-36284.0169106205,8826.528330625946,-27457.488579994555,263.40739437722914,25.61317007869181,1.0359802147201893
5000000,2500.000000279942,-36124.36954918597,8449.289749395104,-27675.079799790867,257.6865632909059,26.175786842207227,1.0137130775760235
5005000,2502.5000002804513,-36451.70712142135,8711.62091925873,-27740.08620216262,263.5596880474544,26.094605230388083,1.0168667892659757
5010000,2505.0000002809606,-36321.2113652979,8582.333756997705,-27738.877608300198,259.21002574104193,26.255767612747686,1.0106250873771725
5015000,2507.50000028147,-36092.68310034019,8296.232977804488,-27796.4501225357,252.65433923137712,25.986744573602277,1.0210873994868233
5020000,2510.0000002819793,-36335.63117442466,8537.833224091733,-27797.79795033293,256.3115358375522,26.210568705826834,1.012367863345482
5025000,2512.5000002824886,-36320.70359553653,8521.840528671273,-27798.863066865255,260.9537803664887,25.968730735733967,1.021795701446242
5030000,2515.000000282998,-36377.080855057575,8609.08904275748,-27767.991812300097,264.91949847824833,25.724401052768215,1.031500690078553
5035000,2517.5000002835072,-36329.838273952715,8288.215011397944,-28041.62326255477,254.0657968669757,26.018322071304375,1.0198481425922947
5040000,2520.0000002840166,-36104.92596840067,8535.600622316408,-27569.32534608426,258.09275747852485,25.950505126860747,1.0225133309764516
5045000,2522.500000284526,-36234.17215562845,8461.259851339331,-27772.912304289115,259.44534885930943,25.95484629170682,1.0223423070806756
5050000,2525.000000285035,-36383.50624319073,8609.783364975976,-27773.72287821475,262.3691861714281,26.001432030272557,1.020510616757354
5055000,2527.5000002855445,-36453.77106876881,8830.15479884263,-27623.616269926177,275.139734597465,25.843371047430544,1.0267521752130733
5060000,2530.000000286054,-36103.12524400186,8311.538292621639,-27791.586951380217,249.60335624422385,26.064961782369675,1.018023262774778
5065000,2532.500000286563,-36310.96476374217,8981.965212563307,-27328.999551178866,269.4119986008275,26.25233969531199,1.0107570504478238
5070000,2535.0000002870725,-35930.03865295299,8798.291015622935,-27131.74763733006,264.7002905699466,26.178063877105686,1.0136249022218224
5075000,2537.5000002875818,-36301.2845743855,8959.108783222371,-27342.17579116313,276.39240756213513,25.871521199258872,1.025634991982922
5080000,2540.000000288091,-36283.88816841645,8674.565370095715,-27609.322798320736,264.7784662158139,26.022717046711513,1.0196759004894556
5085000,2542.5000002886004,-36217.36132876016,8467.392944473362,-27749.9683842868,251.18061268183797,25.69800972601582,1.0325600200440805
5090000,2545.0000002891097,-36097.791156228865,8534.465125692917,-27563.326030535947,254.90744977054604,25.824132039558112,1.027517106756627
5095000,2547.500000289619,-36092.897739132866,8862.992101997163,-27229.905637135704,270.36254471706695,26.051056971323664,1.0185666350120315
5100000,2550.0000002901284,-36134.18837193772,8808.538330374562,-27325.65004156316,263.9831193772867,25.507910495732872,1.0402552354190975
5105000,2552.5000002906377,-35900.15360122919,8723.815933997055,-27176.337667232136,262.572786686739,25.882530256046028,1.0251987412084445
5110000,2555.000000291147,-36253.02576161362,8732.89664857589,-27520.129113037732,257.6523694711168,25.578410217065464,1.0373880633161618
5115000,2557.5000002916563,-36088.64670618926,8586.189743528812,-27502.45696266045,259.0092960005242,25.5579501036155,1.0382185320110704
5120000,2560.0000002921656,-35916.79421830294,8596.632629491258,-27320.16158881168,259.75336500468825,25.526560161474244,1.0394952265380124
5125000,2562.500000292675,-36295.37983545172,8528.758297655255,-27766.621537796465,259.0836532524216,25.74099759182158,1.0308356287721527
5130000,2565.0000002931843,-36243.41079793894,8741.471932312135,-27501.938865626802,266.63941429820596,25.71913091124231,1.0317120562650521
5135000,2567.5000002936936,-36439.703486433486,8526.459826037348,-27913.24366039614,255.54398671664424,25.94953694085321,1.0225514812949652
5140000,2570.000000294203,-36493.568725456484,8733.084126377493,-27760.48459907899,259.42043815322654,25.933155209903695,1.0231974174763907
5145000,2572.500000294712,-36556.93532968941,8687.108149563066,-27869.827180126347,268.2675511327734,25.922995677401385,1.023598420799791
5150000,2575.0000002952215,-36482.24286278174,8491.90467684334,-27990.338185938403,257.810651745518,25.849032208888875,1.026527307612824
5155000,2577.500000295731,-36272.67202805937,8331.762000825038,-27940.910027234335,251.11145387118518,26.10957625648209,1.0162837258302968
5160000,2580.00000029624,-36136.21626962279,8457.15979934595,-27679.05647027684,253.4255374398912,26.022208192350547,1.0196958398629667
5165000,2582.5000002967495,-35738.99729574309,8737.355156580594,-27001.642139162494,262.7471166814673,26.312320252593832,1.0084529673954585
5170000,2585.000000297259,-35687.88792526256,8592.461020334182,-27095.426904928383,258.73374966100965,26.162261122471858,1.0142371606785956
5175000,2587.500000297768,-35877.150832768064,8669.296954956077,-27207.853877811987,263.2288125977483,25.77401979024722,1.0295149011963007
5180000,2590.0000002982774,-35772.52740085218,8508.773120194335,-27263.754280657846,259.4457622169927,26.2080258369,1.0124660896979072
5185000,2592.5000002987867,-36005.02641485492,8709.871760123504,-27295.154654731414,255.49711653900377,26.359896441430006,1.0066328407907954
5190000,2595.000000299296,-35862.58456890052,8568.746442557947,-27293.838126342576,256.01471992372575,25.708763509595006,1.032128107907041
5195000,2597.5000002998054,-36146.35580372857,8548.582324330771,-27597.773479397798,254.92460040142885,25.737992054789547,1.0309560039222274
5200000,2600.0000003003147,-36116.780058510136,8622.351308455467,-27494.42875005467,259.79164110447067,25.727280184079202,1.0313852551817098
5205000,2602.500000300824,-35906.694946137024,8491.514768929721,-27415.1801772073,255.4419401379637,25.781624255387396,1.0292112387854346
5210000,2605.0000003013333,-36594.85811589635,8469.077671184357,-28125.780444711992,259.29435299293226,26.072130214872093,1.017743361171612
5215000,2607.5000003018426,-36239.856856296305,8561.307133509466,-27678.54972278684,254.84720357173182,25.669021651630477,1.0337260920149796
5220000,2610.000000302352,-35989.30921054492,8640.384307309643,-27348.924903235275,258.4858539089793,25.63859672990362,1.034952798599895
5225000,2612.5000003028613,-35843.44610186014,8538.008805210357,-27305.437296649787,258.49469665486487,26.041860852047954,1.0189263197641711
5230000,2615.0000003033706,-36512.20139255142,8511.925887655714,-28000.275504895704,257.8751141730831,25.929211619973273,1.0233530362083263
5235000,2617.50000030388,-36091.42473803833,8540.47332486833,-27550.95141317,252.3348672175658,25.72573911468694,1.0314470390722055
5240000,2620.0000003043892,-36009.55245477706,8476.89315600534,-27532.659298771723,255.23710047401843,26.25493646834246,1.0106570804230581
5245000,2622.5000003048985,-36001.45347572048,8503.447306435555,-27498.006169284927,252.44078019660745,25.973829454055245,1.0215951207627971
5250000,2625.000000305408,-35969.22712628567,8550.310178356965,-27418.9169479287,258.59730492706836,26.270446322105986,1.010060396859702
5255000,2627.500000305917,-36244.818778109504,8615.643005513884,-27629.17577259562,260.4891868387489,26.0892194848574,1.0170767068439537
5260000,2630.0000003064265,-36088.52041973383,8735.543713044726,-27352.976706689107,266.83464127423787,26.000096489965994,1.020563037065197
5265000,2632.500000306936,-36113.20029715728,8560.1457110734,-27553.05458608388,255.81091201534295,25.772484232794564,1.0295762410060325
5270000,2635.000000307445,-36203.77704762155,8759.184141269987,-27444.592906351565,266.5275397088685,25.908097444364834,1.0241870324429914
5275000,2637.5000003079545,-36234.76050922903,8847.263558067827,-27387.496951161207,268.964903687148,25.532061384024193,1.039271253451986
5280000,2640.0000003084638,-36077.63554979768,8713.949524658554,-27363.686025139123,259.8445038233672,26.162949023462943,1.0142104933962721
5285000,2642.500000308973,-36446.014285074314,8747.564045931269,-27698.450239143043,266.60674094442527,25.732563748384973,1.0311734849759477
5290000,2645.0000003094824,-36407.598631141474,8293.069317152329,-28114.529313989144,250.68192680958222,26.12674453944161,1.0156159102688949
5295000,2647.5000003099917,-36544.5443259913,8509.813811391805,-28034.730514599498,258.11171465578127,26.14033754695877,1.015087788752559
5300000,2650.000000310501,-36520.39003062737,8533.428981683322,-27986.96104894405,256.4118295754088,26.389666860948484,1.0054972492681997
5305000,2652.5000003110104,-36562.42796909879,8271.62661277235,-28290.80135632644,250.96625186906422,25.94530194358175,1.0227183902306418
5310000,2655.0000003115197,-36391.35223289323,8512.08263167169,-27879.26960122154,258.8021288184619,26.261368443865543,1.0104095487067501
5315000,2657.500000312029,-36086.80076560425,8454.586837857896,-27632.21392774635,253.05440800976334,25.836653562618668,1.0270191289857757
5320000,2660.0000003125383,-36284.24500302551,8751.628788798,-27532.616214227513,268.14011414268504,26.054307027750006,1.0184395773614767
5325000,2662.5000003130476,-36169.2760942569,8580.20048854658,-27589.07560571032,259.48518895029156,25.98439362276557,1.0211797828732139
5330000,2665.000000313557,-36103.58001907007,8499.739777016383,-27603.840242053688,257.3120983643679,26.145978933328156,1.0148687683659137
5335000,2667.5000003140663,-35777.5035451774,8785.4989468226,-26992.004598354804,266.1681757753216,25.74173462928952,1.0308061138815428
5340000,2670.0000003145756,-36008.07431027759,8417.463671104677,-27590.61063917291,260.4833149998756,26.17596485824071,1.0137061835729893
5345000,2672.500000315085,-35865.25919885631,8634.599832256728,-27230.65936659958,260.47949158587625,25.70957775080322,1.0320954196518792
5350000,2675.000000315594,-35730.137845647056,8823.51676050055,-26906.621085146508,262.0305483875095,25.893572254718578,1.024761557685516
5355000,2677.5000003161035,-36141.30750876386,8720.817681202234,-27420.48982756162,262.26678978036904,25.876623922537444,1.0254327425873062
5360000,2680.000000316613,-36209.165575747145,8679.872946980766,-27529.29262876638,262.4911957743808,25.88751819356101,1.0250012086669569
5365000,2682.500000317122,-36405.111918756505,8793.520515901444,-27611.59140285506,265.21155922380154,25.916203424839676,1.0238666907651817
5370000,2685.0000003176315,-35934.567438971484,8514.502858713922,-27420.06458025756,260.3524314719986,26.267524605153394,1.0101727451159233
5375000,2687.500000318141,-36259.153326124186,8479.469646064594,-27779.683680059592,256.6002112476138,26.467061243636774,1.002556996922632
5380000,2690.00000031865,-36235.82123007206,8507.833556575866,-27727.987673496194,255.935701034254,26.102960242654415,1.0165413114497217
5385000,2692.5000003191594,-36387.78785383748,8573.133305376632,-27814.654548460847,260.4723185954852,25.894645015948665,1.0247191039477455
5390000,2695.0000003196687,-35912.7853645999,8518.07127290041,-27394.71409169949,257.7983129715898,26.009310355323503,1.0202014999739053
5395000,2697.500000320178,-36038.898024665425,8697.258184608389,-27341.639840057036,263.04120632235384,25.856358128592596,1.026236460131835
5400000,2700.0000003206874,-36074.056566254,8645.367209662816,-27428.68935659119,261.28604831108834,26.216572746385054,1.0121360139054287
5405000,2702.5000003211967,-36451.43826923682,8735.317935410172,-27716.12033382665,267.71948598778624,26.10231598505951,1.016566401731397
5410000,2705.000000321706,-36116.370782596525,8413.653887757388,-27702.716894839137,251.90770811635784,25.870006948646317,1.0256950255352109
5415000,2707.5000003222153,-36307.989712917246,8510.84747996882,-27797.142232948427,253.6507976311753,25.811794962288918,1.0280082216891608
5420000,2710.0000003227246,-36313.519529804355,8464.775433449868,-27848.744096354487,256.19281575892035,26.192355497937736,1.013071827002237
5425000,2712.500000323234,-36128.63406401896,8864.145188354914,-27264.488875664043,270.23705014405243,25.94926853542422,1.022562058023501
5430000,2715.0000003237433,-36230.48217123654,8811.614875364026,-27418.86729587251,266.6718639394067,25.671999600173105,1.033606179925655
5435000,2717.5000003242526,-35922.33838275587,8484.210831785178,-27438.127550970694,254.18689736850345,26.230415105295354,1.0116018877806887
5440000,2720.000000324762,-36360.6757865753,8492.861994252744,-27867.81379232256,255.99086569952095,25.96760462687539,1.021840012548771
5445000,2722.5000003252712,-36275.76589867985,8542.610987034623,-27733.154911645226,256.2214213409646,25.668700605795824,1.03373902112507
5450000,2725.0000003257805,-36098.97394543467,8517.381086003576,-27581.592859431097,256.82282564738017,25.98780422247677,1.0210457647990923
5455000,2727.50000032629,-35632.63634221163,8437.212318805028,-27195.4240234066,252.98748925896484,25.923552544477463,1.0235764327540289
5460000,2730.000000326799,-35839.19879338937,8939.300946932897,-26899.89784645647,265.88629381251957,25.916042133972066,1.0238730628935344
5465000,2732.5000003273085,-35987.27009950369,8571.320408044048,-27415.94969145964,260.6638520547009,25.72926084309548,1.0313058583223367
5470000,2735.000000327818,-36156.202885199804,8643.862957633824,-27512.33992756598,257.98961260190094,25.977895550990556,1.0214352192503167
5475000,2737.500000328327,-35897.66944354866,8503.372178851545,-27394.29726469711,255.44022317554567,26.25167030495782,1.0107828237038536
5480000,2740.0000003288364,-36285.52265591244,8679.051651106707,-27606.471004805735,266.73027786668194,25.946656391827478,1.0226650030385271
5485000,2742.5000003293458,-36515.29838917265,8647.059381824716,-27868.239007347933,261.35060140949815,25.800466350933593,1.0284596052205741
5490000,2745.000000329855,-36169.07992227003,8561.735633437198,-27607.34428883283,256.7913235136763,26.110667892207427,1.0162412370043972
5495000,2747.5000003303644,-36350.07869661832,8789.640534846487,-27560.438161771835,266.5497359071965,25.92073623544728,1.023687645164219
5500000,2750.0000003308737,-36216.123796226224,8821.981576988803,-27394.142219237423,264.9337284914904,25.841066160641613,1.0268437560909458
