#"Step","Time (ps)","Potential Energy (kJ/mole)","Kinetic Energy (kJ/mole)","Total Energy (kJ/mole)","Temperature (K)"
505000,252.4999999974851,-36046.88614055398,8655.983240658294,-27390.902899895686,261.00863057861017
510000,254.999999997426,-35700.46479855804,8736.018957130438,-26964.4458414276,267.3219743469813
515000,257.4999999973669,-36062.429473938886,8668.522584346527,-27393.90688959236,262.26257044393765
520000,259.9999999973078,-36271.328893794445,8761.854365171443,-27509.474528623003,263.78709082133975
525000,262.49999999724866,-35895.40792269097,8719.539126889804,-27175.868795801165,262.8567420826665
530000,264.99999999718955,-36089.92171259737,8535.787553658047,-27554.13415893932,253.2857912700321
535000,267.49999999713043,-36150.767557465006,8528.010790828324,-27622.75676663668,258.8220105561643
540000,269.9999999970713,-35948.904064967996,8526.36719425889,-27422.536870709104,258.79994722333095
545000,272.4999999970122,-36178.47111426294,8625.741508698871,-27552.72960556407,254.719922507441
550000,274.9999999969531,-36080.174145829864,8665.275075723894,-27414.89907010597,263.2712957280745
555000,277.49999999689396,-36047.42396424548,8495.572708455538,-27551.851255789938,256.9213178963317
560000,279.99999999683484,-36359.26884931582,8436.225461942066,-27923.043387373757,255.65363621199864
565000,282.4999999967757,-36139.01408650959,8618.897147433963,-27520.116939075626,258.32947276393486
570000,284.9999999967166,-35455.05545238801,8829.032862184895,-26626.022590203116,261.2041236724946
575000,287.4999999966575,-36075.78467394132,8812.33403117654,-27263.45064276478,263.25999763542563
580000,289.9999999965984,-36008.665071301395,8764.33335287621,-27244.331718425186,265.5815534757454
585000,292.49999999653926,-35948.93763091322,8521.295101184685,-27427.642529728535,255.10745524339444
590000,294.99999999648014,-35810.91510113911,8651.215938035115,-27159.699163103993,263.2396059347931
595000,297.499999996421,-36085.862778064096,8656.381958763963,-27429.480819300134,259.69792289926767
600000,299.9999999963619,-36118.57665073336,8552.226983529528,-27566.34966720383,263.06946768380794
605000,302.4999999963028,-36010.24369329261,8710.824901045504,-27299.418792247103,265.90565335162165
610000,304.9999999962437,-36142.91796082258,8878.717578301981,-27264.2003825206,268.7176028077085
615000,307.49999999618456,-35918.789118167944,8639.964160670326,-27278.824957497618,257.44847799777585
620000,309.99999999612544,-35892.80694273277,8659.643920697503,-27233.163022035267,264.36744919464564
625000,312.4999999960663,-35703.365892511094,8497.708985562975,-27205.65690694812,258.0458566903871
630000,314.9999999960072,-36017.12283550133,8552.246325783199,-27464.87650971813,259.9015465133527
635000,317.4999999959481,-36175.625960168894,8592.512326364184,-27583.11363380471,259.8827152179637
640000,319.99999999588897,-35873.07618153235,8402.140027675377,-27470.936153856972,256.1262059648752
645000,322.49999999582985,-36049.255667610094,8606.982958824781,-27442.272708785313,260.536256349727
650000,324.99999999577074,-35778.587974266615,8762.134384006706,-27016.45359025991,262.1662047194591
655000,327.4999999957116,-35814.01000894257,8775.637585048598,-27038.37242389397,265.5807598965685
660000,329.9999999956525,-35902.560348004336,8607.933042544599,-27294.627305459737,262.30619042155524
665000,332.4999999955934,-35980.49832913885,8642.771135886649,-27337.727193252198,257.01029320088617
670000,334.99999999553427,-35849.21134318411,8807.631671226518,-27041.579671957596,265.9551612987523
675000,337.49999999547515,-35655.83927373355,8367.746896084565,-27288.092377648987,254.60945366965478
680000,339.99999999541603,-35743.4169603202,8766.661157740038,-26976.755802580163,259.32509200994497
685000,342.4999999953569,-35789.19646340585,8543.069564359133,-27246.12689904672,259.4763876483358
690000,344.9999999952978,-35784.95033330447,8699.539076918096,-27085.411256386375,258.16171936662715
695000,347.4999999952387,-35904.012414668454,8729.689953850753,-27174.3224608177,260.619915566053
700000,349.99999999517956,-36019.89909558394,8404.749097546559,-27615.14999803738,255.46404916229767
705000,352.49999999512045,-35772.6347332506,8536.243579780512,-27236.391153470086,260.68900915589296
710000,354.99999999506133,-35846.206479290035,8715.96399620831,-27130.242483081725,269.7860664359705
715000,357.4999999950022,-35846.487749379594,8519.008106665045,-27327.47964271455,262.4121050053845
720000,359.9999999949431,-35881.02497712895,8695.460472652518,-27185.564504476435,263.9970984215834
725000,362.499999994884,-36085.650976060424,8836.818684525615,-27248.83229153481,265.7707026083771
730000,364.99999999482486,-35741.412372622406,8535.221843384601,-27206.190529237807,259.77756708511197
735000,367.49999999476574,-35720.189084078185,8565.931006660132,-27154.258077418053,257.44979239443205
740000,369.9999999947066,-36156.358610462165,8780.003901773982,-27376.35470868818,265.9802392643882
745000,372.4999999946475,-35863.909020659514,8652.01319087168,-27211.895829787834,253.7290513705943
750000,374.9999999945884,-35932.10040094773,8616.820939407367,-27315.279461540365,259.8295671176063
755000,377.4999999945293,-36051.73775084433,8860.624582407454,-27191.113168436877,265.92360713324996
760000,379.99999999447016,-35933.09533371916,8475.0946737196,-27458.00065999956,259.7470299382259
765000,382.49999999441104,-35530.54999314109,8693.810460544037,-26836.73953259705,262.1292165074881
770000,384.9999999943519,-35612.845392107265,8648.83103699626,-26964.014355111005,256.6710610754283
775000,387.4999999942928,-36048.05252634501,8728.45758100684,-27319.59494533817,265.4712970293319
780000,389.9999999942337,-35702.14556709374,8486.451894367136,-27215.693672726607,252.77860899496585
785000,392.4999999941746,-36018.340122287394,8536.659574633026,-27481.680547654367,256.0094196267741
790000,394.99999999411546,-35979.61204391136,8293.998229015033,-27685.613814896325,254.90860643826178
795000,397.49999999405634,-35723.14574111509,8430.151189461674,-27292.994551653417,255.95982988093505
800000,399.9999999939972,-35978.188911528094,8902.817792979415,-27075.37111854868,273.387463348415
805000,402.4999999939381,-36098.1075444466,8642.157902908411,-27455.949641538187,262.5202532198542
810000,404.999999993879,-36116.74966101465,9036.724921686216,-27080.02473932843,273.3227281977747
815000,407.49999999381987,-36020.7631264634,8843.621025974455,-27177.14210048894,267.4577995587768
820000,409.99999999376075,-35732.70510846609,8467.641502165301,-27265.06360630079,254.53441816367396
825000,412.49999999370164,-36111.11323459749,8732.349718428954,-27378.76351616854,261.8774123076318
830000,414.9999999936425,-35545.927617938025,8574.57520806673,-26971.352409871295,257.5294815533623
835000,417.4999999935834,-35872.95964441099,8483.367068510883,-27389.59257590011,261.4721051744458
840000,419.9999999935243,-36035.50833851518,8527.970250363884,-27507.538088151297,258.0165959731474
845000,422.49999999346517,-35989.91856234451,8526.149739488194,-27463.768822856313,257.7507192797321
850000,424.99999999340605,-36045.81222135457,8480.175014321636,-27565.637207032938,248.5873088666031
855000,427.49999999334693,-35477.01375068305,8771.260658325562,-26705.75309235749,257.6886202598127
860000,429.9999999932878,-35790.41770937224,8879.240675921028,-26911.17703345121,265.1634599230837
865000,432.4999999932287,-35862.69478790322,8611.435780028802,-27251.25900787442,262.377569945157
870000,434.9999999931696,-35617.22295810771,8626.79796523532,-26990.42499287239,255.30023549772815
875000,437.49999999311046,-35701.52317251032,8766.162107548418,-26935.361064961904,269.2644717102897
880000,439.99999999305135,-35843.01706970832,8767.624834702798,-27075.392235005525,268.7962103156314
885000,442.49999999299223,-35608.52649765788,8565.21932518232,-27043.307172475557,259.6443309067973
890000,444.9999999929331,-35778.76592876017,8903.178122537598,-26875.587806222575,264.1030150713959
895000,447.499999992874,-35625.257909440435,8623.648869294992,-27001.609040145442,259.83396712494175
900000,449.9999999928149,-35818.241526913596,8933.233306404649,-26885.00822050895,262.17133846473433
905000,452.49999999275576,-35641.595830773,8752.011371771787,-26889.584459001217,263.8759250655667
910000,454.99999999269664,-35915.7365520685,8482.784688274023,-27432.951863794475,255.69197835993631
915000,457.4999999926375,-36066.40795094031,8660.28663192493,-27406.12131901538,261.21295715722437
920000,459.9999999925784,-35992.26793194702,8774.889096434548,-27217.37883551247,266.7450631651451
925000,462.4999999925193,-36204.95877679577,8669.608619514693,-27535.35015728108,260.97535090214507
930000,464.9999999924602,-36592.7911309849,8752.367307177068,-27840.423823807832,263.14452377726695
935000,467.49999999240106,-36458.02558849752,8752.955887235272,-27705.069701262248,262.4676660753607
940000,469.99999999234194,-36089.794380963314,8534.266473475214,-27555.5279074881,256.97707510907867
945000,472.4999999922828,-35934.81071497849,8526.655924762876,-27408.154790215616,257.2289876041505
950000,474.9999999922237,-36006.37626308552,8479.854730731884,-27526.521532353636,255.0607846218705
955000,477.4999999921646,-36043.7296173838,8491.753525287,-27551.976092096796,252.84972462268536
960000,479.9999999921055,-36171.88935649372,8549.428047941568,-27622.46130855215,259.36405997525605
965000,482.49999999204636,-36177.75347695849,8477.195506231841,-27700.557970726648,251.06869576972602
970000,484.99999999198724,-36067.91197896516,8378.845175498067,-27689.066803467093,253.95424305493736
975000,487.4999999919281,-36198.36377200694,8658.51476530348,-27539.849006703458,264.7489732940735
980000,489.999999991869,-36182.918932813685,8458.777549759714,-27724.14138305397,253.1324466566867
985000,492.4999999918099,-35945.37827282166,8442.536154535861,-27502.8421182858,253.54092130505305
990000,494.99999999175077,-35691.78929396672,8480.119574067689,-27211.669719899033,255.04833873414236
995000,497.49999999169165,-35687.70129459491,8648.928550764756,-27038.77274383015,262.62913880198687
1000000,499.99999999163254,-36143.29906235356,8476.32247301064,-27666.97658934292,257.76197158064815
1005000,502.4999999915734,-36354.07107345783,8716.236190368785,-27637.834883089046,260.2708175320836
1010000,504.9999999915143,-35742.73827906535,8570.447672380278,-27172.29060668507,261.5286874456201
1015000,507.4999999914552,-35767.68997155223,8749.421934749165,-27018.268036803063,267.1964374809086
1020000,509.99999999139607,-36027.42891247687,8867.734265652889,-27159.69464682398,264.48689722171355
1025000,512.499999991337,-35790.03122393461,8433.469244611038,-27356.56197932357,257.8888098632461
1030000,514.9999999912778,-35611.10932404129,8716.922504240392,-26894.186819800896,264.0304238836501
1035000,517.4999999912187,-35806.176701445365,8409.821981400417,-27396.354720044947,257.2018723130669
1040000,519.9999999911596,-35731.23182168952,8481.680588778363,-27249.55123291116,257.94082049299345
1045000,522.4999999911005,-35928.71629084344,8653.533354970159,-27275.18293587328,260.9424637025721
1050000,524.9999999910414,-35851.002378374105,8675.374567288998,-27175.627811085105,263.9264282708777
1055000,527.4999999909822,-35976.6935237241,8547.713938188863,-27428.979585535235,258.61387184681956
1060000,529.9999999909231,-36018.8465141505,8647.565195622774,-27371.281318527726,256.30627584792444
1065000,532.499999990864,-35662.71619090694,8538.237684408403,-27124.478506498537,259.74707406041773
1070000,534.9999999908049,-35690.7299151402,8457.158753970378,-27233.57116116982,255.23041914528278
1075000,537.4999999907458,-35754.54965800792,8311.312407540492,-27443.237250467428,252.79986362636902
1080000,539.9999999906867,-35721.43494897266,8617.258802553666,-27104.17614641899,264.49419082622876
1085000,542.4999999906275,-35983.898083281005,8595.304552527192,-27388.593530753813,259.675408436878
1090000,544.9999999905684,-35819.385323233204,8476.528782115536,-27342.856541117668,257.0589429998435
1095000,547.4999999905093,-35741.54676550371,8403.94315880632,-27337.603606697387,253.59763286010894
1100000,549.9999999904502,-35871.607805937994,8913.399960930583,-26958.20784500741,268.0649353666328
1105000,552.4999999903911,-35749.47018142999,8702.367629543001,-27047.10255188699,258.7142335167495
1110000,554.999999990332,-35970.51011378621,8785.1963688265,-27185.313744959705,263.74602817953894
1115000,557.4999999902728,-35787.02645948669,8584.84912836011,-27202.17733112658,257.07399193267366
1120000,559.9999999902137,-35662.817559432006,8425.684455832326,-27237.133103599677,250.52695668464614
1125000,562.4999999901546,-35912.70240675239,8683.450448697873,-27229.251958054516,268.4097053734376
1130000,564.9999999900955,-35868.1275233652,8724.44233417382,-27143.685189191376,268.00873146167254
1135000,567.4999999900364,-35874.19505433692,8652.707566456247,-27221.48748788067,267.2928839531588
1140000,569.9999999899773,-35855.078424726846,8697.36361194363,-27157.714812783215,266.11763629502997
1145000,572.4999999899181,-35596.48666772782,8564.319586274556,-27032.167081453263,256.6933816441491
1150000,574.999999989859,-35792.768233748386,8657.528029663612,-27135.240204084774,259.58193464658166
1155000,577.4999999897999,-35783.58435838856,8700.421688073042,-27083.162670315516,258.71285074632016
1160000,579.9999999897408,-36175.67565303459,8528.293097018515,-27647.382556016073,257.18924179004233
1165000,582.4999999896817,-35889.00929882261,8723.856841621353,-27165.152457201257,267.12002524820576
1170000,584.9999999896226,-35548.18446619203,8673.65593943809,-26874.528526753944,259.26312192241517
1175000,587.4999999895634,-35739.5311054308,8583.654897053135,-27155.87620837766,259.03775709071806
1180000,589.9999999895043,-35682.381939285435,8132.840525617121,-27549.541413668314,251.44633190377866
1185000,592.4999999894452,-35504.3239361248,8723.224009025591,-26781.099927099207,267.29848246744797
1190000,594.9999999893861,-35867.044613134814,8630.699083915759,-27236.345529219056,260.8827050782252
1195000,597.499999989327,-36060.499106736854,8698.03256379229,-27362.466542944563,263.8288514381637
1200000,599.9999999892678,-36264.80837360816,8474.386094696363,-27790.4222789118,256.12427327896387
1205000,602.4999999892087,-36119.31402405794,8747.755481004217,-27371.55854305372,261.6532831508722
1210000,604.9999999891496,-36100.843404959654,8546.851267981994,-27553.99213697766,259.74556384724633
1215000,607.4999999890905,-36100.4454910839,8329.271323850753,-27771.174167233145,250.02049183864506
1220000,609.9999999890314,-36096.7789591765,8514.598228441602,-27582.1807307349,254.9744334254058
1225000,612.4999999889723,-35900.93994943565,8670.671386339887,-27230.26856309576,262.5809734937923
1230000,614.9999999889131,-35995.79080580454,8723.524632839282,-27272.26617296526,267.0544812069082
1235000,617.499999988854,-35982.59963120683,8694.521017267316,-27288.078613939513,260.58191380242187
1240000,619.9999999887949,-35912.34711414017,8634.024298811464,-27278.322815328705,257.5302715814094
1245000,622.4999999887358,-36408.928509609075,8550.753072052383,-27858.175437556692,262.05726996906407
1250000,624.9999999886767,-36420.633648194605,8736.14000245303,-27684.493645741575,259.15668952485663
1255000,627.4999999886176,-35918.55854821927,8693.011700618968,-27225.5468476003,267.6286063509872
1260000,629.9999999885584,-35834.54276650492,8545.17207541476,-27289.37069109016,256.4555174997456
1265000,632.4999999884993,-35621.778417103225,8784.478840571479,-26837.299576531746,264.63427667227535
1270000,634.9999999884402,-35668.06722821202,8572.316515643455,-27095.750712568566,256.90610941826526
1275000,637.4999999883811,-36224.78043572372,8795.207943803223,-27429.572491920495,264.4278396559095
1280000,639.999999988322,-35915.056490561925,8570.993077362726,-27344.063413199197,258.73268423362356
1285000,642.4999999882629,-36118.55632329383,8568.48017798086,-27550.076145312967,254.4026139191843
1290000,644.9999999882037,-36219.0923550108,8590.8134827826,-27628.2788722282,259.90210143038536
1295000,647.4999999881446,-35702.53689405881,8831.297875116736,-26871.239018942073,267.1987788803801
1300000,649.9999999880855,-35716.057143958285,8487.959327332821,-27228.097816625464,255.95394981395037
1305000,652.4999999880264,-35444.80672473903,8494.444065947104,-26950.362658791924,252.0318687859597
1310000,654.9999999879673,-35498.75036059809,8792.751556448777,-26705.998804149312,265.63792353161665
1315000,657.4999999879082,-35774.208417913644,8480.437540563331,-27293.77087735031,255.0914173577914
1320000,659.999999987849,-36063.48374383431,8632.357434210486,-27431.126309623825,262.12420638617976
1325000,662.4999999877899,-36221.6417086937,8658.843790710542,-27562.79791798316,260.77514317434003
1330000,664.9999999877308,-35896.553238245426,8394.912474978504,-27501.64076326692,249.88182796446506
1335000,667.4999999876717,-35953.77037391905,8755.878786282967,-27197.89158763608,264.5911506931643
1340000,669.9999999876126,-36113.16831552284,8663.418174138127,-27449.750141384713,257.07976933501783
1345000,672.4999999875535,-36023.35508047021,8624.54900173252,-27398.80607873769,256.2425429422304
1350000,674.9999999874943,-36194.44358576764,8496.530788580169,-27697.912797187477,260.97322895000883
1355000,677.4999999874352,-36153.599825659534,8515.978783057013,-27637.62104260252,257.9510603353792
1360000,679.9999999873761,-36249.85286317626,8429.747028997876,-27820.105834178386,255.05350228069923
1365000,682.499999987317,-35948.04222501139,8480.019558380322,-27468.02266663107,255.46277901917682
1370000,684.9999999872579,-35931.19654926378,8736.038448304542,-27195.15810095924,262.7693980804812
1375000,687.4999999871987,-36121.32190666441,8790.218089843314,-27331.103816821094,266.1789455364105
1380000,689.9999999871396,-35960.66972634941,8659.242223469726,-27301.427502879687,258.23125823256345
1385000,692.4999999870805,-35706.04357523844,8445.216085917033,-27260.827489321404,257.41010901500823
1390000,694.9999999870214,-35663.5253752314,8757.228838594197,-26906.296536637205,262.7107511248848
1395000,697.4999999869623,-35924.154519505566,8627.200230931856,-27296.95428857371,260.8793471195462
1400000,699.9999999869032,-36279.04989630869,8595.1973859004,-27683.852510408287,258.87330308037184
1405000,702.499999986844,-35971.04195258976,8451.951232641877,-27519.090719947882,257.5078499306193
1410000,704.9999999867849,-35951.26984770247,8442.560449594315,-27508.709398108153,254.6062645139337
1415000,707.4999999867258,-36396.90852532745,8638.060630103555,-27758.8478952239,256.18557628189666
1420000,709.9999999866667,-36379.529132462805,8790.365959895862,-27589.163172566943,267.8938612969054
1425000,712.4999999866076,-35799.10575491958,8531.374162801454,-27267.73159211813,258.04485864858094
1430000,714.9999999865485,-35996.297359938035,8531.402728644152,-27464.894631293882,257.8941901564459
1435000,717.4999999864893,-36193.67609619163,8694.265470046219,-27499.41062614541,256.44299509057845
1440000,719.9999999864302,-36229.22251915862,8514.370562336899,-27714.85195682172,258.8450996310023
1445000,722.4999999863711,-36135.398510293104,8779.177616793288,-27356.220893499816,264.3547255034643
1450000,724.999999986312,-35865.62393378909,8583.64356717557,-27281.98036661352,259.59596312363055
1455000,727.4999999862529,-35776.7372484894,8637.40432625046,-27139.33292223894,262.3995377821508
1460000,729.9999999861938,-35653.841144460486,8448.029598082236,-27205.811546378252,255.38245413051234
1465000,732.4999999861346,-35928.26202963991,8436.908099078502,-27491.35393056141,253.70146875944414
1470000,734.9999999860755,-35778.76987079391,8617.908689723941,-27160.861181069973,261.06876477879075
1475000,737.4999999860164,-35931.01370251109,8729.682694825013,-27201.331007686076,264.6246666014862
1480000,739.9999999859573,-36196.391908015124,8673.008086371452,-27523.38382164367,262.1417574367978
1485000,742.4999999858982,-36141.95531868981,8613.162746192509,-27528.792572497303,257.06103010432196
1490000,744.999999985839,-35557.63711026078,8591.548348925975,-26966.088761334806,259.38006750299377
1495000,747.4999999857799,-35883.89868037822,8575.12944665657,-27308.769233721647,261.92971600231084
1500000,749.9999999857208,-36155.05246783467,8668.015091075344,-27487.037376759326,257.4120978203202
1505000,752.4999999856617,-36059.527189319255,8796.593639996741,-27262.933549322515,266.82885163106766
1510000,754.9999999856026,-35801.13718050113,8555.391470520273,-27245.745709980856,258.3925456822485
1515000,757.4999999855435,-36073.88440031279,8653.107959681915,-27420.776440630874,258.24365506837336
1520000,759.9999999854844,-36234.84019121132,8445.674344174078,-27789.165847037242,256.14882078930833
1525000,762.4999999854252,-36297.19887578464,8882.38041616481,-27414.818459619833,265.5450150814996
1530000,764.9999999853661,-36025.83936248394,8631.988017618522,-27393.851344865416,255.32201816574096
1535000,767.499999985307,-35848.498736273265,8771.383292610502,-27077.115443662762,264.61307694292793
1540000,769.9999999852479,-35967.72756374697,8664.008717086437,-27303.718846660537,263.25648432890745
1545000,772.4999999851888,-36213.77285929234,8673.485718788965,-27540.287140503373,260.93070357378105
1550000,774.9999999851296,-35921.51213519112,8636.81340984889,-27284.698725342234,257.0304593351921
1555000,777.4999999850705,-35987.59128148807,8734.317546401946,-27253.273735086128,265.32507829733004
1560000,779.9999999850114,-35787.31505129184,8583.381216482321,-27203.933834809515,258.0291640507281
1565000,782.4999999849523,-35725.472531624604,8437.908999476393,-27287.56353214821,254.1348977574291
1570000,784.9999999848932,-36017.35931615811,8599.777284862303,-27417.582031295806,261.60764731384324
1575000,787.4999999848341,-36088.89524253295,8803.984144352473,-27284.911098180477,265.817687059196
1580000,789.999999984775,-36155.157622901024,8655.821851190407,-27499.33577171062,260.9317746722049
1585000,792.4999999847158,-36280.82624915079,8780.289127376784,-27500.53712177401,270.5889494145896
1590000,794.9999999846567,-36119.623479440575,8604.991409222832,-27514.632070217744,261.456636397097
1595000,797.4999999845976,-35927.89577778615,8710.325239133588,-27217.570538652562,268.63642865439726
1600000,799.9999999845385,-36335.92080945382,8605.620607022116,-27730.300202431703,256.021462897244
1605000,802.4999999844794,-35791.469729797216,8437.356139374577,-27354.11359042264,251.34237974204672
1610000,804.9999999844202,-35662.92335126409,8409.04977871066,-27253.873572553435,256.7542745680252
1615000,807.4999999843611,-35875.79476821399,8621.013021718261,-27254.781746495733,262.3387721220625
1620000,809.999999984302,-35791.621922307415,8784.550379692617,-27007.071542614798,271.11512644359686
1625000,812.4999999842429,-36178.253413172206,8762.14962649044,-27416.103786681764,259.59572405696196
1630000,814.9999999841838,-36137.47947070049,8798.166132343085,-27339.313338357406,264.1378060782047
1635000,817.4999999841247,-36281.932767656166,8599.867058924412,-27682.065708731752,261.4519311180379
1640000,819.9999999840655,-35657.314664860256,8414.884877504657,-27242.4297873556,251.7452877012975
1645000,822.4999999840064,-35988.48508528527,8751.517928547342,-27236.967156737926,270.0355259866561
1650000,824.9999999839473,-35640.0287353585,8815.344886028557,-26824.683849329944,266.0736879090844
1655000,827.4999999838882,-35754.58000397752,8835.492405440611,-26919.08759853691,270.18673607445993
1660000,829.9999999838291,-35580.033085006755,8683.596425502776,-26896.43665950398,259.15485515669053
1665000,832.49999998377,-35857.6797762271,8794.867971777163,-27062.81180444994,263.4413173023005
1670000,834.9999999837108,-35975.18464644626,8814.875949753146,-27160.30869669311,266.57928698960853
1675000,837.4999999836517,-35811.81853957521,8806.050273199888,-27005.768266375322,265.51375846193196
1680000,839.9999999835926,-35804.636824445566,8483.936744193263,-27320.700080252303,257.3729095391165
1685000,842.4999999835335,-35764.37447564048,8574.810089839677,-27189.5643858008,259.825754219438
1690000,844.9999999834744,-35698.982940332266,8563.43984081507,-27135.543099517196,261.11656154361316
1695000,847.4999999834153,-35935.06872143713,8620.560381033263,-27314.508340403867,262.89350086078383
1700000,849.9999999833561,-36059.18499387824,8677.194358052915,-27381.990635825325,265.5615215286523
1705000,852.499999983297,-35869.60870502028,8532.047454414838,-27337.56125060544,253.22036281520496
1710000,854.9999999832379,-35692.262230760185,8734.808697093256,-26957.45353366693,267.6589307196326
1715000,857.4999999831788,-35874.81284898147,8627.550944936393,-27247.261904045077,263.18593557622063
1720000,859.9999999831197,-35727.54624522338,8835.460754720962,-26892.085490502417,266.1462367997077
1725000,862.4999999830605,-35934.81048385124,8756.927793215043,-27177.882690636194,262.1592484578574
1730000,864.9999999830014,-35829.72239734675,8525.377111212372,-27304.345286134376,263.1593269110069
1735000,867.4999999829423,-35494.308767802315,8747.614200657012,-26746.694567145303,264.3254443120053
1740000,869.9999999828832,-35754.967670360114,8809.317737103725,-26945.64993325639,265.2079744056997
1745000,872.4999999828241,-35584.65497416444,8581.100509152606,-27003.554465011835,257.9015453614018
1750000,874.999999982765,-35553.026109417435,8429.567099773923,-27123.459009643513,255.1199815841175
1755000,877.4999999827058,-35488.34516977565,8805.994761952687,-26682.350407822967,265.15939347717136
1760000,879.9999999826467,-35938.13867009105,8500.813969255201,-27437.324700835852,256.13399849221366
1765000,882.4999999825876,-35780.4101249096,8533.789540137153,-27246.620584772445,255.1613670522701
1770000,884.9999999825285,-36081.853017246816,8820.624999213927,-27261.22801803289,268.5202292930508
1775000,887.4999999824694,-35920.839564505965,8710.206417331572,-27210.63314717439,261.99302590629895
1780000,889.9999999824103,-35958.58082331065,8777.327674532546,-27181.253148778105,262.97476747139274
1785000,892.4999999823511,-35899.04341202229,8736.66556639723,-27162.377845625062,259.5179308852849
1790000,894.999999982292,-35800.74087329372,8395.670456292055,-27405.07041700166,252.48895436196995
1795000,897.4999999822329,-35750.271841987036,8853.98386435764,-26896.287977629396,267.0494168495753
1800000,899.9999999821738,-35749.84285424743,8610.580731663535,-27139.262122583896,263.35853588522644
1805000,902.4999999821147,-36054.36083788867,8855.10002575775,-27199.26081213092,270.0548927256587
1810000,904.9999999820556,-36125.90176091157,8681.066900241138,-27444.83486067043,262.4023846619187
1815000,907.4999999819964,-36584.69504417316,8555.248106193767,-28029.446937979395,264.03241803596825
1820000,909.9999999819373,-36515.10593876452,8600.169406985751,-27914.93653177877,261.8897157039902
1825000,912.4999999818782,-36158.142226404045,8389.610939059168,-27768.53128734488,252.50140571907613
1830000,914.9999999818191,-36107.127457671566,8506.315588271415,-27600.811869400153,253.8859683866439
1835000,917.49999998176,-36002.756905628135,8743.793940520158,-27258.962965107978,260.6552459498285
1840000,919.9999999817009,-36331.19696934009,8663.339832132908,-27667.857137207182,259.3035718110611
1845000,922.4999999816417,-35691.2726396129,8638.323457888542,-27052.949181724358,258.0447946315796
1850000,924.9999999815826,-36261.51266802731,8535.630916517985,-27725.881751509325,259.62737257232664
1855000,927.4999999815235,-35708.29955241177,8439.259104440918,-27269.040447970852,255.8199013916549
1860000,929.9999999814644,-35873.702102690004,8566.359245542832,-27307.342857147174,259.67714307985693
1865000,932.4999999814053,-35815.53158019693,8427.465857732434,-27388.065722464493,252.7568609793654
1870000,934.9999999813461,-35730.64546443662,8419.32490454119,-27311.320559895426,251.90615503055557
1875000,937.499999981287,-36055.263134103036,8598.337889431592,-27456.925244671445,256.4323911306596
1880000,939.9999999812279,-36065.80819350458,8639.297169817997,-27426.51102368658,263.7590087341326
1885000,942.4999999811688,-35869.66311824275,8550.236461832857,-27319.426656409894,255.7483002023178
1890000,944.9999999811097,-36291.92394742067,8482.42621771044,-27809.49772971023,253.93998959206525
1895000,947.4999999810506,-36237.65317849442,8537.087255195795,-27700.56592329863,259.0689785704624
1900000,949.9999999809914,-36028.08545097872,8662.373600908766,-27365.71185006995,261.4795772700795
1905000,952.4999999809323,-35748.13586227619,8492.632594349601,-27255.50326792659,257.8326220825353
1910000,954.9999999808732,-36115.09172382625,8646.464275672399,-27468.62744815385,260.9045348426478
1915000,957.4999999808141,-36139.14809238352,8691.513526177268,-27447.634566206252,261.38683691945494
1920000,959.999999980755,-35660.44377534604,8511.17607747114,-27149.267697874897,258.81043810468947
1925000,962.4999999806959,-35805.983341255225,8876.20501397413,-26929.778327281096,267.3397036747631
1930000,964.9999999806367,-35369.31593047804,8744.232694741724,-26625.083235736318,263.1071005369205
1935000,967.4999999805776,-36059.60845824098,8701.219668760134,-27358.38878948085,264.1722008884951
1940000,969.9999999805185,-35855.212353189476,8679.31204333433,-27175.900309855147,260.9218749640589
1945000,972.4999999804594,-35907.8429793152,8549.994273852373,-27357.848705462828,255.4659189357498
1950000,974.9999999804003,-36427.65109525947,8733.807808262209,-27693.84328699726,258.5340652591077
1955000,977.4999999803412,-35942.471210030606,8670.400097196483,-27272.07111283412,259.7494544867029
1960000,979.999999980282,-35659.4837272414,8630.692713179233,-27028.791014062168,260.11015176541105
1965000,982.4999999802229,-35961.61917588208,8819.165718413773,-27142.453457468306,265.4559412898674
1970000,984.9999999801638,-35799.68566863681,8904.633347611018,-26895.052321025796,271.80300182942625
1975000,987.4999999801047,-35869.036842293805,8692.101619832789,-27176.935222461016,260.31500984823936
1980000,989.9999999800456,-35836.78707552119,8618.762395576501,-27218.02467994469,253.64212787514336
1985000,992.4999999799865,-35986.8240645621,8644.4841860409,-27342.339878521198,262.7241346756965
1990000,994.9999999799273,-36283.251631721854,8422.73883858186,-27860.512793139995,259.2825285186605
1995000,997.4999999798682,-35986.58042654744,8726.563137307716,-27260.017289239728,262.25768034734364
2000000,999.9999999798091,-36008.81046774215,8575.404595917022,-27433.40587182513,258.74231176997495
2005000,1002.49999997975,-35608.23889455455,8939.697088692254,-26668.5418058623,270.0396677974768
2010000,1004.9999999796909,-36049.51433180459,8382.794006936676,-27666.720324867914,257.75285783296863
2015000,1007.4999999796318,-36195.44331385847,8708.335883531914,-27487.107430326556,267.44215985873825
2020000,1009.9999999795726,-35999.494000109844,8664.466105281834,-27335.02789482801,254.3749425679234
2025000,1012.4999999795135,-35772.09668601467,8529.039005924846,-27243.057680089827,258.9036514197238
2030000,1014.9999999794544,-36026.265997828916,8611.198686870455,-27415.06731095846,250.4316149512086
2035000,1017.4999999793953,-35974.41401930968,8790.943229204315,-27183.47079010537,265.16507773546834
2040000,1019.9999999793362,-35902.56211578916,8716.617700453226,-27185.944415335933,259.68843150702423
2045000,1022.499999979277,-35571.65798114333,8469.302564477282,-27102.35541666605,254.39232482018576
2050000,1024.9999999794452,-35887.18332048366,8636.5355235223,-27250.64779696136,259.34109177288764
2055000,1027.4999999799545,-35935.270420624176,8765.597177602649,-27169.673243021527,263.1810764238322
2060000,1029.9999999804638,-35772.81960941758,8415.314959644307,-27357.504649773273,250.0962230223194
2065000,1032.4999999809731,-35640.874512281036,8755.473338440512,-26885.401173840524,263.2658342151216
2070000,1034.9999999814825,-36187.40402437025,8856.948886327895,-27330.45513804235,269.22884157294567
2075000,1037.4999999819918,-35906.77072425932,8735.022794515788,-27171.747929743527,263.26725371862716
2080000,1039.999999982501,-35848.2286093412,8721.02185792564,-27127.206751415557,264.6505022196647
2085000,1042.4999999830104,-36220.34539381694,8669.584504746046,-27550.760889070894,264.82073711781464
2090000,1044.9999999835197,-35752.72216297081,8508.200316911987,-27244.521846058822,256.58835199257874
2095000,1047.499999984029,-35727.998330587754,8923.658476867478,-26804.339853720274,274.450381384661
2100000,1049.9999999845384,-35743.62787208683,8765.015243340778,-26978.61262874605,269.1169929629967
2105000,1052.4999999850477,-35801.703695161035,8461.375132969377,-27340.32856219166,256.9407589938567
2110000,1054.999999985557,-35873.8758428141,8826.154846218602,-27047.720996595497,265.63921417476706
2115000,1057.4999999860663,-35787.04822770436,8583.226276752905,-27203.82195095146,257.89592584714444
2120000,1059.9999999865756,-35787.596919406904,8517.46768434158,-27270.129235065324,256.33351250479257
2125000,1062.499999987085,-35981.54820182407,8680.45869083411,-27301.089510989965,260.9325280911671
2130000,1064.9999999875943,-35999.49024843518,8629.780807059078,-27369.7094413761,257.4814315429827
2135000,1067.4999999881036,-35708.62693176209,8536.29423944214,-27172.33269231995,252.56630125426096
2140000,1069.999999988613,-36013.38645921298,8485.2969972928,-27528.089461920183,250.5278394573818
2145000,1072.4999999891222,-35648.53573852219,8627.298742285939,-27021.23699623625,261.43186240395903
2150000,1074.9999999896315,-36019.92974518216,8938.71048747831,-27081.21925770385,276.6004907674607
2155000,1077.4999999901409,-35789.061639436986,8456.315946016775,-27332.745693420213,256.772839429114
2160000,1079.9999999906502,-35998.55105253053,8559.870750412967,-27438.680302117562,258.3661470182861
2165000,1082.4999999911595,-35953.88090890809,8725.98298320984,-27227.89792569825,264.5333381719943
2170000,1084.9999999916688,-35749.5199154641,8634.764051158278,-27114.755864305822,258.30146125842674
2175000,1087.4999999921781,-36001.45381489885,8606.11104067359,-27395.34277422526,257.55488956799337
2180000,1089.9999999926874,-35751.814145977376,8566.289730889164,-27185.524415088214,258.3119331584893
2185000,1092.4999999931968,-36078.95434441022,8779.148578211729,-27299.805766198486,264.6018391096968
2190000,1094.999999993706,-36022.690297134686,8655.416513795024,-27367.27378333966,259.757211479784
2195000,1097.4999999942154,-36165.29170056386,8738.17165462633,-27427.12004593753,265.5784822127517
2200000,1099.9999999947247,-36071.94121537893,8722.392306037425,-27349.548909341505,260.162203548492
2205000,1102.499999995234,-36258.52210332989,8815.268152136652,-27443.253951193234,265.6380907023056
2210000,1104.9999999957433,-35957.95697154058,8506.66979810342,-27451.287173437162,256.2439218446798
2215000,1107.4999999962527,-35990.986449068645,8894.861936941885,-27096.12451212676,269.19524593253004
2220000,1109.999999996762,-36274.419040835,8757.731529240922,-27516.687511594075,267.8242990280292
2225000,1112.4999999972713,-36153.5856689394,8590.765441290145,-27562.820227649252,253.12753839232383
2230000,1114.9999999977806,-36091.41850575176,8869.602545348615,-27221.815960403146,266.8472372614058
2235000,1117.49999999829,-35966.15255448851,8511.876410701043,-27454.276143787465,257.41251770903784
2240000,1119.9999999987992,-35602.31607337226,8271.0261400624,-27331.28993330986,243.6545729097272
2245000,1122.4999999993086,-35944.79532133741,8453.060753539228,-27491.734567798187,255.70841301498933
2250000,1124.9999999998179,-35484.87095320597,8617.611678201072,-26867.2592750049,259.8979241827082
2255000,1127.5000000003272,-35962.94305527583,8750.444799350918,-27212.49825592491,263.4588346989302
2260000,1130.0000000008365,-35735.63967560744,8729.713783370578,-27005.92589223686,266.7845507512745
2265000,1132.5000000013458,-35649.979795753025,8610.854167107083,-27039.12562864594,259.81531801854373
2270000,1135.0000000018551,-35983.56108216965,8560.301174101607,-27423.259908068037,259.2871885151874
2275000,1137.5000000023645,-36003.78034915496,8539.807183414727,-27463.97316574023,258.5919886094092
2280000,1140.0000000028738,-36228.52142677992,8787.404991929174,-27441.116434850745,266.14375231600104
2285000,1142.500000003383,-36157.49268185184,8409.969448722082,-27747.52323312976,255.51430739087868
2290000,1145.0000000038924,-36210.3854163934,8443.892260514414,-27766.493155878987,255.8031789808492
2295000,1147.5000000044017,-36335.196174231125,8560.651204911037,-27774.544969320086,259.1175255505067
2300000,1150.000000004911,-36196.29263456259,8649.407366042633,-27546.885268519956,261.0394484521775
2305000,1152.5000000054204,-35840.68159021437,8542.198942824913,-27298.482647389457,255.29319316875709
2310000,1155.0000000059297,-35771.43326661945,8530.427068323219,-27241.006198296236,260.4278904286275
2315000,1157.500000006439,-35850.19220189052,8661.17617644508,-27189.01602544544,259.5472469753169
2320000,1160.0000000069483,-35863.273052691016,8456.118953390487,-27407.15409930053,253.65606201211773
2325000,1162.5000000074576,-36015.95389392646,8596.320806814838,-27419.633087111622,260.9332537646374
2330000,1165.000000007967,-36100.75662766537,8630.240838946565,-27470.515788718803,260.8255409420607
2335000,1167.5000000084763,-35891.054356561275,8659.996625757456,-27231.05773080382,258.64519120823905
2340000,1170.0000000089856,-35879.40455356566,8663.157142640903,-27216.24741092476,260.9846155924396
2345000,1172.500000009495,-36042.19553904049,8658.477921630172,-27383.71761741032,262.0242007837616
2350000,1175.0000000100042,-35739.47688798653,8585.046771182682,-27154.430116803847,258.67842938177756
2355000,1177.5000000105135,-35840.32633479382,8701.016933615412,-27139.309401178405,262.7808077322445
2360000,1180.0000000110228,-35808.106903462205,8605.257200211,-27202.849703251206,259.9701133358069
2365000,1182.5000000115322,-36133.92826842354,8535.53850536035,-27598.389763063187,259.9843428503088
2370000,1185.0000000120415,-35974.77346389252,8683.808653583714,-27290.964810308804,266.63167867169756
2375000,1187.5000000125508,-36205.33683400112,8686.91324674501,-27518.42358725611,264.90756108985624
2380000,1190.0000000130601,-36234.275311715435,8525.556217740994,-27708.71909397444,262.26507382830613
2385000,1192.5000000135694,-36129.01773156552,8489.018683902066,-27639.99904766345,255.00580355991121
2390000,1195.0000000140788,-35783.032781431684,8747.609546701391,-27035.423234730293,262.57920867638455
2395000,1197.500000014588,-35693.499282768695,8635.353142111711,-27058.146140656983,257.0739576910595
2400000,1200.0000000150974,-36225.35649765981,8814.834704613393,-27410.52179304642,269.57011871790326
2405000,1202.5000000156067,-35780.623253318714,8491.472187528107,-27289.151065790607,258.84042822464977
2410000,1205.000000016116,-36058.601313336985,8839.13898395508,-27219.462329381906,267.6492943465045
2415000,1207.5000000166253,-36147.729620022,8768.025698383779,-27379.70392163822,261.7028179305141
2420000,1210.0000000171347,-36119.327830293914,8746.248266010065,-27373.07956428385,263.0859809399106
2425000,1212.500000017644,-35636.288697453914,8585.389251258166,-27050.899446195748,256.66041415867386
2430000,1215.0000000181533,-35717.70629945956,8687.549721317162,-27030.1565781424,259.4349956107679
2435000,1217.5000000186626,-35908.36629383871,8703.252254593986,-27205.114039244727,264.0836054808042
2440000,1220.000000019172,-35935.18066740502,8695.13601506315,-27240.044652341865,259.80297988882495
2445000,1222.5000000196812,-36472.16699590371,8553.67842934266,-27918.48856656105,255.52534479865014
2450000,1225.0000000201906,-36384.57351014903,8485.90315507698,-27898.67035507205,261.3813891787118
2455000,1227.5000000206999,-36003.83267660695,8819.33416041735,-27184.498516189604,267.8298555333824
2460000,1230.0000000212092,-35992.62037175079,8509.322167090948,-27483.29820465984,257.5282221436288
2465000,1232.5000000217185,-35815.550773341674,8657.611270568585,-27157.93950277309,255.36586607198535
2470000,1235.0000000222278,-35904.23572710133,8584.353730897024,-27319.881996204305,263.52927078507497
2475000,1237.5000000227371,-36044.153776719235,8706.121758416924,-27338.03201830231,266.8329990854729
2480000,1240.0000000232465,-35917.955286257435,8583.029725815175,-27334.925560442258,264.7159719152701
2485000,1242.5000000237558,-35684.60967137804,8823.243982235417,-26861.365689142625,267.59878445556103
2490000,1245.000000024265,-35803.337562862085,8598.603198515986,-27204.7343643461,263.3861614254335
2495000,1247.5000000247744,-35988.04533741879,9125.624931285967,-26862.420406132827,271.2045534563337
2500000,1250.0000000252837,-35933.44601124874,8733.654650913133,-27199.79136033561,261.40388077613665
2505000,1252.500000025793,-35695.46509214025,8585.538613479659,-27109.926478660593,263.86011773792467
2510000,1255.0000000263024,-35935.34090321371,8525.601123905988,-27409.739779307725,255.90954982859958
2515000,1257.5000000268117,-36248.09311577049,8556.112414904375,-27691.980700866116,261.92022149806974
2520000,1260.000000027321,-36201.085740911076,8710.62295358433,-27490.462787326745,262.38622681932156
2525000,1262.5000000278303,-36011.50120188645,8466.656588213438,-27544.844613673013,253.26290823128548
2530000,1265.0000000283396,-36148.670086108614,8672.521367157276,-27476.148718951335,260.2415145239294
2535000,1267.500000028849,-36114.13171062479,8545.73562183074,-27568.39608879405,259.39305439577123
2540000,1270.0000000293583,-36191.179995616665,8799.223350487697,-27391.95664512897,269.06086199024224
2545000,1272.5000000298676,-36041.88770777569,8592.678007971997,-27449.209699803694,257.24284158334154
2550000,1275.000000030377,-35947.643345859135,8620.32683824507,-27327.316507614065,258.36557831080034
2555000,1277.5000000308862,-35925.99285380775,8788.225847725984,-27137.76700608177,260.62737630557405
2560000,1280.0000000313955,-35570.07882092777,8521.557198990551,-27048.521621937216,258.13478027628753
2565000,1282.5000000319048,-35821.938838473754,8536.760856440937,-27285.177982032816,262.58343561302706
2570000,1285.0000000324142,-35871.21163271251,8899.619152215157,-26971.592480497355,267.5816701589015
2575000,1287.5000000329235,-35732.924407305196,8648.554452170007,-27084.36995513519,261.4509564518465
2580000,1290.0000000334328,-35725.15922905016,8647.946564104288,-27077.21266494587,263.0485940819032
2585000,1292.5000000339421,-35674.737486707745,8680.565742521849,-26994.171744185896,261.7803451851643
2590000,1295.0000000344514,-35761.49968062737,8388.65269946611,-27372.84698116126,257.51964975803133
2595000,1297.5000000349607,-35888.46077294927,8513.19585807729,-27375.26491487198,257.1853421194359
2600000,1300.00000003547,-35855.0002707243,8673.915419959882,-27181.084850764415,262.99426862156406
2605000,1302.5000000359794,-35652.8500181064,8616.376757277805,-27036.473260828596,256.70090178065414
2610000,1305.0000000364887,-35804.2603513971,8866.18674036695,-26938.073611030148,267.4481383456594
2615000,1307.500000036998,-35676.82505146158,8321.074049585692,-27355.751001875888,252.73542441772207
2620000,1310.0000000375073,-36028.10646441113,8411.119156038541,-27616.98730837259,257.74715518001307
2625000,1312.5000000380167,-35918.03643329232,8644.144047766524,-27273.892385525796,260.0391852446576
2630000,1315.000000038526,-36226.122931480175,8756.46572342559,-27469.657208054585,265.4314197963562
2635000,1317.5000000390353,-36529.81396549777,8480.76625978247,-28049.047705715304,257.2000905247774
2640000,1320.0000000395446,-36081.72150276555,8382.21255915131,-27699.508943614237,253.53619847231423
2645000,1322.500000040054,-35728.873889367795,8546.795102889977,-27182.078786477818,259.4625151791773
2650000,1325.0000000405632,-35872.44191624923,8520.350152485944,-27352.09176376328,255.9218816640886
2655000,1327.5000000410726,-36029.09681245731,8492.143554121238,-27536.953258336074,253.5930860566566
2660000,1330.0000000415819,-36123.38625918422,8598.293118636939,-27525.09314054728,261.0775940939664
2665000,1332.5000000420912,-36034.632615294075,8518.42938958718,-27516.203225706893,259.4932161930356
2670000,1335.0000000426005,-35773.469756716164,8777.07194771547,-26996.397809000693,263.5870800823876
2675000,1337.5000000431098,-36273.624098464614,8887.186276680317,-27386.437821784297,267.1002370090719
2680000,1340.0000000436191,-36043.265323374886,8690.606955601623,-27352.658367773263,262.9086370216656
2685000,1342.5000000441285,-35913.69143863954,8642.827550689635,-27270.8638879499,259.54813656985107
2690000,1345.0000000446378,-36123.91359903733,8734.900705740536,-27389.012893296796,261.79443153297996
2695000,1347.500000045147,-36103.32039704453,8858.169665633064,-27245.150731411468,269.34706751787326
2700000,1350.0000000456564,-35849.03641748824,8795.849825739253,-27053.18659174899,268.1646083242472
2705000,1352.5000000461657,-35901.67610613094,8975.231304375722,-26926.444801755213,269.8738129932072
2710000,1355.000000046675,-35871.70750856842,8631.59060855213,-27240.11690001629,258.1411011941706
2715000,1357.5000000471844,-35847.348381275544,8662.559148144886,-27184.789233130658,262.3865629267008
2720000,1360.0000000476937,-35890.30055791885,8518.172752691104,-27372.12780522774,258.3983566196405
2725000,1362.500000048203,-36088.706974569475,8823.929258344404,-27264.77771622507,265.6232399798067
2730000,1365.0000000487123,-36409.58655320667,8495.981007899489,-27913.60554530718,256.2008746105235
2735000,1367.5000000492216,-36043.93186704139,8876.171529386844,-27167.76033765455,266.5003878871629
2740000,1370.000000049731,-36019.63208700484,8949.898570856209,-27069.733516148626,267.9093923859168
2745000,1372.5000000502403,-35965.94073016709,8428.10633853429,-27537.834391632798,255.07911065574672
2750000,1375.0000000507496,-36102.00427269493,8600.508383666032,-27501.495889028898,260.22252016242754
2755000,1377.500000051259,-36091.56342997751,8601.059266800592,-27490.50416317692,257.7217061375684
2760000,1380.0000000517682,-35663.3511586613,8462.732373879047,-27200.618784782255,251.64007666276981
2765000,1382.5000000522775,-35890.81235940149,8503.45980250344,-27387.35255689805,250.1025786131827
2770000,1385.0000000527868,-36311.396700397134,8620.861653538868,-27690.535046858266,260.46919343420836
2775000,1387.5000000532962,-36131.477526275674,8778.492820044758,-27352.984706230916,262.7039617996273
2780000,1390.0000000538055,-36003.0660421981,8403.336410576532,-27599.72963162157,257.21996497328263
2785000,1392.5000000543148,-36085.75809108163,8619.671857636404,-27466.08623344523,264.0631970149405
2790000,1395.000000054824,-36373.97829175019,8471.095954992183,-27902.882336758004,253.76746579140692
2795000,1397.5000000553334,-35917.332095834194,8667.148027807147,-27250.184068027047,264.9913206502429
2800000,1400.0000000558427,-36124.14031545026,8727.821188824237,-27396.319126626026,264.5780992738707
2805000,1402.500000056352,-36001.932200951735,8631.774822651128,-27370.157378300606,263.1332047338078
2810000,1405.0000000568614,-35744.68814826175,8695.796464737647,-27048.8916835241,260.98021568019686
2815000,1407.5000000573707,-35758.31904117903,8646.143272960971,-27112.175768218054,257.61460480305294
2820000,1410.00000005788,-36087.9463445493,8413.588484342872,-27674.35786020643,255.01220196274227
2825000,1412.5000000583893,-36093.97783259419,8748.588545042276,-27345.389287551912,256.636471493319
2830000,1415.0000000588986,-35723.19454500568,8690.662601874732,-27032.531943130947,263.89146249904366
2835000,1417.500000059408,-36091.01865451643,8464.57199231264,-27626.446662203794,260.0275984034927
2840000,1420.0000000599173,-35752.36530325911,8512.378357708707,-27239.9869455504,256.4195717679694
2845000,1422.5000000604266,-35554.83488250547,8706.450869777487,-26848.384012727984,264.42446369583723
2850000,1425.000000060936,-35579.88794119563,8317.314310377973,-27262.573630817657,255.11967618508677
2855000,1427.5000000614452,-35747.779336974956,8522.067233735163,-27225.71210323979,254.45890173856606
2860000,1430.0000000619546,-36042.45370336273,8723.1341420524,-27319.319561310327,265.45874665505744
2865000,1432.5000000624639,-35802.74192764261,8600.720119671645,-27202.021807970963,259.92537346661203
2870000,1435.0000000629732,-35669.37913903571,8625.426548283496,-27043.95259075221,259.12634284294546
2875000,1437.5000000634825,-35936.61610467965,8757.189569707822,-27179.426534971826,261.09499799673654
2880000,1440.0000000639918,-35716.79827962257,8457.38912495991,-27259.40915466266,258.5920038773125
2885000,1442.5000000645011,-35849.64861214766,8782.591506120578,-27067.057106027085,261.8561007411286
2890000,1445.0000000650105,-36284.88531904691,8664.024621633052,-27620.860697413857,259.8962040092409
2895000,1447.5000000655198,-36385.89175206213,8717.268813999282,-27668.62293806285,262.83227465393753
2900000,1450.000000066029,-36150.97302833549,8600.060519486942,-27550.912508848545,256.96647252287124
2905000,1452.5000000665384,-36193.069678250235,8704.81858497546,-27488.251093274775,264.6944732718379
2910000,1455.0000000670477,-35981.676851417404,8785.238617766172,-27196.43823365123,264.7110288552157
2915000,1457.500000067557,-35922.24455983215,8818.559119739737,-27103.685440092413,261.15816737690307
2920000,1460.0000000680664,-35833.87557898718,8375.717350102403,-27458.15822888478,254.3855276840587
2925000,1462.5000000685757,-36293.74689984508,8755.89511961456,-27537.851780230518,268.2145418894517
2930000,1465.000000069085,-36258.95594366337,8621.869368522228,-27637.086575141144,262.2263473343248
2935000,1467.5000000695943,-35744.061831007944,8781.45791234342,-26962.603918664525,267.51347108738725
2940000,1470.0000000701036,-35779.86616220279,8913.485279867846,-26866.38088233494,272.57434274917335
2945000,1472.500000070613,-36240.90354631725,8649.5352117316,-27591.368334585648,259.01440775858754
2950000,1475.0000000711223,-35997.37264174805,8584.47713281665,-27412.8955089314,261.84647843477757
2955000,1477.5000000716316,-35783.38065800583,8695.151961886859,-27088.22869611897,262.22815785994374
2960000,1480.000000072141,-36014.666306103114,8463.752401407599,-27550.913904695517,253.29597985904425
2965000,1482.5000000726502,-36030.60671544215,8558.94012349685,-27471.666591945297,262.7428229521144
2970000,1485.0000000731595,-36311.26737093227,8903.813168639736,-27407.454202292534,267.813248016869
2975000,1487.5000000736688,-36350.11354184104,8717.630602277299,-27632.482939563743,265.1044353597912
2980000,1490.0000000741782,-36399.448201687774,8479.528534359353,-27919.91966732842,257.2733987609766
2985000,1492.5000000746875,-36041.791642543394,8682.007989078858,-27359.783653464536,263.42960776485245
2990000,1495.0000000751968,-35639.78929142468,8836.34267743201,-26803.446613992666,267.26536457857395
2995000,1497.500000075706,-35897.32638085005,8842.750334207813,-27054.576046642236,267.9838694780813
3000000,1500.0000000762154,-36086.851566768484,8680.691625033132,-27406.15994173535,255.94610810019526
3005000,1502.5000000767247,-35979.95968983346,8497.971727129181,-27481.987962704276,252.32903980069275
3010000,1505.000000077234,-35953.22394352709,8859.38550123868,-27093.838442288412,265.2701018924927
3015000,1507.5000000777434,-35917.16889201384,8770.735616807608,-27146.433275206233,263.0880063864735
3020000,1510.0000000782527,-35954.72968859109,8826.449797948135,-27128.279890642956,268.7071007676305
3025000,1512.500000078762,-36038.393790438306,8648.905559518545,-27389.48823091976,257.5617071771238
3030000,1515.0000000792713,-35710.97963412758,8458.81831630821,-27252.16131781937,249.5322148279069
3035000,1517.5000000797806,-35887.27791178133,8597.582918739503,-27289.69499304183,254.7151054580993
3040000,1520.00000008029,-35924.57073763176,8708.692751438957,-27215.8779861928,258.4354552921771
3045000,1522.5000000807993,-35639.95300183771,8697.994348462391,-26941.95865337532,259.3075894694751
3050000,1525.0000000813086,-35801.32236976223,8726.681891918168,-27074.640477844063,260.8469931968728
3055000,1527.500000081818,-35511.75186739513,8564.86143927065,-26946.890428124476,261.54547642651363
3060000,1530.0000000823272,-35993.15419687121,8484.987363462506,-27508.166833408708,260.766298768154
3065000,1532.5000000828366,-36024.55306337541,8796.468402838582,-27228.084660536828,262.6767879505687
3070000,1535.0000000833459,-35920.303337733494,8624.286622267868,-27296.016715465626,254.22260674387573
3075000,1537.5000000838552,-36068.495138073806,8503.907963938454,-27564.58717413535,249.57281537795734
3080000,1540.0000000843645,-35864.77016284806,8437.36947888173,-27427.400683966327,254.60291570509457
3085000,1542.5000000848738,-35880.15039125248,8615.857317747092,-27264.29307350539,258.6707371760209
3090000,1545.0000000853831,-35948.864066392416,8381.714299541793,-27567.149766850624,255.6275454510371
3095000,1547.5000000858925,-36140.792447333224,8571.883770954933,-27568.90867637829,259.7337908985981
3100000,1550.0000000864018,-36034.30985820945,8415.460765973477,-27618.849092235978,255.52118875196825
3105000,1552.500000086911,-35932.80085173482,8526.226178695142,-27406.57467303968,251.86606996987544
3110000,1555.0000000874204,-35760.26419434161,8733.675894393822,-27026.588299947787,261.6718900477531
3115000,1557.5000000879297,-35922.417010291014,8771.019761278701,-27151.397249012312,268.8728229884136
3120000,1560.000000088439,-36159.94047502964,8684.8911148234,-27475.049360206238,260.599625438
3125000,1562.5000000889484,-36233.95604107785,8593.826852679296,-27640.129188398554,255.67135422322858
3130000,1565.0000000894577,-35726.30257444922,8553.8473435601,-27172.455230889118,264.15878581246494
3135000,1567.500000089967,-36212.26665211795,8722.82593327433,-27489.44071884362,265.3946054363419
3140000,1570.0000000904763,-35761.75202956307,8730.18700393485,-27031.565025628217,256.38526536997415
3145000,1572.5000000909856,-36166.47067139251,8575.626209646753,-27590.844461745757,261.4926835065464
3150000,1575.000000091495,-35719.31557967048,8656.950409106274,-27062.365170564208,259.77749665543485
3155000,1577.5000000920043,-35836.80733043444,8619.672533822568,-27217.134796611877,259.2038460329583
3160000,1580.0000000925136,-35872.22673301841,8562.539476895596,-27309.687256122816,258.57191798556795
3165000,1582.500000093023,-35867.35100800404,8575.083334187,-27292.26767381704,265.3758849823641
3170000,1585.0000000935322,-35573.384005993605,8735.603713838038,-26837.780292155567,266.13394247382604
3175000,1587.5000000940415,-35637.907820344204,8711.858758845114,-26926.049061499092,268.54420846595383
3180000,1590.0000000945508,-35804.0939537182,8610.738184294938,-27193.35576942326,260.577787123479
3185000,1592.5000000950602,-36093.507447891636,8642.010933984584,-27451.496513907052,259.4719014477817
3190000,1595.0000000955695,-35907.27440798003,8870.285555992188,-27036.988851987844,267.84553404174585
3195000,1597.5000000960788,-35945.44083995861,8328.369252461061,-27617.07158749755,256.7073523079315
3200000,1600.000000096588,-36227.81724783685,8518.363514531648,-27709.453733305203,262.42460146501975
3205000,1602.5000000970974,-36283.641110216035,8720.412896519865,-27563.22821369617,263.71479138779216
3210000,1605.0000000976067,-35985.814340769546,8744.780493764221,-27241.033847005325,262.5207350132826
3215000,1607.500000098116,-35973.47288780892,8723.02195352934,-27250.450934279583,264.68194056034474
3220000,1610.0000000986254,-36218.13729871949,8509.909866209844,-27708.227432509648,252.84322005916403
3225000,1612.5000000991347,-35977.623291005846,8498.450384903808,-27479.172906102038,256.9362000724679
3230000,1615.000000099644,-35993.60480120941,8546.809523900694,-27446.795277308716,257.9819531325512
3235000,1617.5000001001533,-36283.05348190083,8516.006351217684,-27767.047130683146,258.2210627686359
3240000,1620.0000001006626,-36314.96149133751,8580.719174969117,-27734.242316368392,253.66856910082686
3245000,1622.500000101172,-36231.11052958993,8541.814638310025,-27689.295891279908,255.15955137935381
3250000,1625.0000001016813,-36466.076239932794,8585.420111055746,-27880.656128877046,257.77095482416223
3255000,1627.5000001021906,-36377.43506347854,8385.331130166858,-27992.10393331168,249.0470933651111
3260000,1630.0000001027,-36074.274541541934,8949.751843918864,-27124.52269762307,270.26413631277364
3265000,1632.5000001032092,-36124.33218436851,8528.396139552744,-27595.936044815768,261.45551391224274
3270000,1635.0000001037185,-36079.86719868984,8602.172125485116,-27477.695073204726,260.6757114669452
3275000,1637.5000001042279,-35871.6325652902,8529.113421938024,-27342.519143352176,257.8381127313659
3280000,1640.0000001047372,-35908.011824389454,8476.835526604917,-27431.176297784536,256.73328398978606
3285000,1642.5000001052465,-36113.61359238997,8577.76625990264,-27535.84733248733,258.856351894737
3290000,1645.0000001057558,-36173.07779013016,8678.748424893289,-27494.329365236874,257.1145691332652
3295000,1647.5000001062651,-36234.71907396498,8525.904439018832,-27708.81463494615,258.73755991132134
3300000,1650.0000001067745,-36075.58250225801,8327.843652845426,-27747.738849412584,250.73157484178694
3305000,1652.5000001072838,-35736.611634511966,8520.579350109077,-27216.03228440289,252.77273723090303
3310000,1655.000000107793,-36172.64638276468,8540.49677573533,-27632.14960702935,261.61740459951176
3315000,1657.5000001083024,-35954.71938369074,8741.88417673688,-27212.83520695386,262.9592849543502
3320000,1660.0000001088117,-35708.070785729215,8720.872269396803,-26987.198516332413,265.839199324544
3325000,1662.500000109321,-36036.519957853016,8619.159012173524,-27417.36094567949,259.72636262997474
3330000,1665.0000001098304,-36136.04984696675,8716.761781391164,-27419.288065575587,261.93736046215923
3335000,1667.5000001103397,-35784.72833734425,8368.515140417552,-27416.213196926696,250.3186597712398
3340000,1670.000000110849,-35743.67579895188,8614.806607339151,-27128.869191612728,261.9364048218911
3345000,1672.5000001113583,-35792.26968331309,8532.888669882059,-27259.381013431033,259.8761842863662
3350000,1675.0000001118676,-35847.92006136337,8638.183355962314,-27209.73670540106,264.6039827093344
3355000,1677.500000112377,-35627.95183747541,8731.4495707528,-26896.50226672261,264.5803120065055
3360000,1680.0000001128863,-36153.393413513666,8498.009529289324,-27655.383884224342,253.1761699303339
3365000,1682.5000001133956,-36141.30364161404,8768.751029686118,-27372.55261192792,261.1639474824221
3370000,1685.000000113905,-35826.14580344409,8548.729364832241,-27277.416438611846,259.6207925042726
3375000,1687.5000001144142,-36164.51639803196,8655.638090920906,-27508.87830711106,262.54254725451847
3380000,1690.0000001149235,-36059.6779291681,8617.385045088453,-27442.29288407965,259.10748513358925
3385000,1692.5000001154328,-36450.13943485124,8859.387989158678,-27590.751445692564,267.97767992965225
3390000,1695.0000001159422,-35900.72453131806,8856.500880523712,-27044.22365079435,273.16324450445615
3395000,1697.5000001164515,-36150.23090551258,8496.643114457627,-27653.587791054953,254.89937491113173
3400000,1700.0000001169608,-36047.12124136672,8649.091097272998,-27398.030144093726,264.6140417186834
3405000,1702.50000011747,-35959.19044956355,8424.79993307471,-27534.390516488842,255.35750728460795
3410000,1705.0000001179794,-35564.519621284446,8847.627335457619,-26716.892285826827,268.5054619935495
3415000,1707.5000001184887,-36003.11242169165,8531.96547462471,-27471.14694706694,259.2522730507893
3420000,1710.000000118998,-36029.13795120595,8587.49510460837,-27441.64284659758,257.73692614930087
3425000,1712.5000001195074,-35636.29212934221,8570.85327038878,-27065.438858953432,256.33332001785476
3430000,1715.0000001200167,-35707.36678493023,8562.539013025144,-27144.827771905086,256.5546248193863
3435000,1717.500000120526,-35951.47312115901,8499.746068674278,-27451.727052484734,255.33791457768757
3440000,1720.0000001210353,-35952.06613509543,8602.039674542142,-27350.02646055329,259.40422237258605
3445000,1722.5000001215446,-36155.56510088523,8800.419293457155,-27355.145807428074,266.4356905084391
3450000,1725.000000122054,-36105.89668922825,8539.154455567059,-27566.74223366119,260.6936844830234
3455000,1727.5000001225633,-36035.42048063339,8630.011994984525,-27405.408485648863,261.66988080628374
3460000,1730.0000001230726,-35742.45392291411,8602.088165815705,-27140.365757098403,257.0922318553541
3465000,1732.500000123582,-35849.73209082964,8787.904335074647,-27061.82775575499,265.0144583144541
3470000,1735.0000001240912,-35550.81824219017,8620.29515666359,-26930.523085526584,259.0040469397249
3475000,1737.5000001246005,-35858.30385546433,8982.399819004655,-26875.904036459673,268.2523274090357
3480000,1740.0000001251099,-35741.16243968601,8592.397628227889,-27148.764811458124,257.40235214281535
3485000,1742.5000001256192,-35402.8888111033,8487.869228459665,-26915.019582643636,252.20811833621434
3490000,1745.0000001261285,-35634.53817238193,8680.131195466816,-26954.406976915114,267.28626932809993
3495000,1747.5000001266378,-35732.40260977787,8557.295118661645,-27175.107491116225,260.1159715774351
3500000,1750.0000001271471,-35715.27330800984,8719.910276951989,-26995.363031057852,263.6128192824453
3505000,1752.5000001276564,-35840.36093352595,8598.030355340863,-27242.33057818509,261.2440985366758
3510000,1755.0000001281658,-35906.03051024978,8516.077437207408,-27389.953073042372,255.21730815169954
3515000,1757.500000128675,-35870.349902114365,8725.84287317661,-27144.507028937755,264.1960025202823
3520000,1760.0000001291844,-35831.78109753947,8556.310420958223,-27275.470676581244,257.5925253842852
3525000,1762.5000001296937,-35750.22595720412,8852.085107726412,-26898.14084947771,268.24640824868186
3530000,1765.000000130203,-35866.13535190537,8838.163618439878,-27027.97173346549,268.02572352459737
3535000,1767.5000001307124,-35780.01732353121,8450.257598506567,-27329.759725024644,257.1233845514211
3540000,1770.0000001312217,-35914.55458697537,8681.712292746202,-27232.842294229165,259.1664661686077
3545000,1772.500000131731,-35827.08030639775,8526.0329803518,-27301.04732604595,258.6888472927795
3550000,1775.0000001322403,-35866.636807044735,8538.441081626726,-27328.19572541801,258.53981880284937
3555000,1777.5000001327496,-35996.72477272828,8548.004476811153,-27448.720295917126,258.20924323612945
3560000,1780.000000133259,-36144.08207776467,8598.334764884794,-27545.74731287988,258.4843136637806
3565000,1782.5000001337683,-35862.156304093776,8411.032027391493,-27451.124276702285,253.48790798929707
3570000,1785.0000001342776,-36341.724764369894,8484.20727513214,-27857.517489237754,258.62211124700184
3575000,1787.500000134787,-35830.20652636583,8571.97568579323,-27258.2308405726,254.2287003053402
3580000,1790.0000001352962,-36175.631500633666,8442.080416190038,-27733.55108444363,251.79630383216798
3585000,1792.5000001358055,-36343.675896330504,8420.567129122202,-27923.1087672083,257.5839911271882
3590000,1795.0000001363148,-36333.77083753864,8358.547067622112,-27975.22376991653,252.231064140034
3595000,1797.5000001368242,-35899.30049184081,8590.95526487543,-27308.34522696538,257.55120211123835
3600000,1800.0000001373335,-36031.54217076651,8784.944299176279,-27246.59787159023,266.695665254757
3605000,1802.5000001378428,-35772.99964066036,8603.65715782237,-27169.34248283799,261.12305851121346
3610000,1805.000000138352,-35990.50648973929,8504.436427678089,-27486.070062061197,257.7968863609621
3615000,1807.5000001388614,-36112.438144463114,8602.798826297229,-27509.639318165886,263.01578619906877
3620000,1810.0000001393707,-35933.3207876489,8795.899181020108,-27137.421606628795,261.1135513063486
3625000,1812.50000013988,-35900.55797122535,8554.701266075574,-27345.85670514978,255.7809965659795
3630000,1815.0000001403894,-36104.18114822428,8459.327789532894,-27644.853358691384,251.0920063672383
3635000,1817.5000001408987,-36167.44111388596,8403.792446265414,-27763.648667620546,254.6581269320592
3640000,1820.000000141408,-35833.20962381316,8644.442107432073,-27188.767516381093,265.2033437704499
3645000,1822.5000001419173,-36095.51254176302,8606.60883247143,-27488.90370929159,258.97911455322696
3650000,1825.0000001424266,-35884.521800162736,8529.006665050221,-27355.515135112517,260.13763209453896
3655000,1827.500000142936,-35905.681024229154,8692.52467675991,-27213.156347469245,261.3246397419342
3660000,1830.0000001434453,-36070.352374591166,8796.733215917186,-27273.61915867398,269.2587671557439
3665000,1832.5000001439546,-36125.17048448627,8865.790864412953,-27259.379620073316,268.162922881655
3670000,1835.000000144464,-36226.53227755474,8644.08276205178,-27582.449515502958,259.4599997267663
3675000,1837.5000001449732,-36282.90304127219,8688.35517359279,-27594.5478676794,254.69728436698867
3680000,1840.0000001454825,-36222.64860520838,8517.318507142529,-27705.33009806585,259.7375603674867
3685000,1842.5000001459919,-36399.6404749651,8614.950573476515,-27784.689901488582,254.03894944793856
3690000,1845.0000001465012,-36196.693875087425,8415.797944936403,-27780.895930151022,256.82266181460085
3695000,1847.5000001470105,-35972.29083594121,8506.529690081063,-27465.761145860146,253.6226331202198
3700000,1850.0000001475198,-35766.5247182122,8374.330020115149,-27392.194698097046,253.5027092122701
3705000,1852.5000001480291,-36057.546454302035,8914.882159529998,-27142.66429477204,264.8298350708461
3710000,1855.0000001485384,-35895.23957548174,8549.060525737012,-27346.17904974473,252.3857992492598
3715000,1857.5000001490478,-35905.35616378323,8545.651350370377,-27359.704813412856,255.55962996202933
3720000,1860.000000149557,-36375.75034087035,8584.217833518736,-27791.532507351614,256.9638450715551
3725000,1862.5000001500664,-36070.804794375785,8798.46856902419,-27272.336225351595,268.0210120893089
3730000,1865.0000001505757,-35960.40428379667,8867.472939566547,-27092.93134423012,272.78418432745934
3735000,1867.500000151085,-35884.43075507786,8379.883555111852,-27504.547199966008,249.63179435638457
3740000,1870.0000001515943,-35959.73961238051,8776.337864485487,-27183.40174789502,269.702392468996
3745000,1872.5000001521037,-35936.78759231069,8804.961865901701,-27131.82572640899,266.40698535495096
3750000,1875.000000152613,-36154.41079580411,8905.970725346186,-27248.440070457928,269.6287772366383
3755000,1877.5000001531223,-36214.01643982972,8793.52887974355,-27420.48756008617,266.3332276458394
3760000,1880.0000001536316,-35856.74902419001,8752.926792397724,-27103.822231792285,266.0481983726899
3765000,1882.500000154141,-36122.49080607807,8724.484240022413,-27398.006566055657,262.45243559343385
3770000,1885.0000001546503,-35820.08883947064,8445.658144606412,-27374.43069486423,254.85195002407872
3775000,1887.5000001551596,-36107.168494590325,8437.42631100932,-27669.742183581006,255.96599113744898
3780000,1890.0000001556689,-35795.572613764554,8690.550441251682,-27105.022172512872,263.28318269501915
3785000,1892.5000001561782,-36090.32371080015,8522.60214203969,-27567.72156876046,259.12962515822426
3790000,1895.0000001566875,-36138.32057995768,8389.270157646119,-27749.050422311564,250.50125557685897
3795000,1897.5000001571968,-36093.517074588686,8541.593245754302,-27551.923828834384,254.16738743845013
3800000,1900.0000001577062,-36186.442135901656,8650.129604257669,-27536.312531643987,264.1610779327681
3805000,1902.5000001582155,-36078.25834620162,8604.922178334215,-27473.336167867405,263.56662048916473
3810000,1905.0000001587248,-35624.61301894835,8914.305509536873,-26710.30750941148,266.7443298978552
3815000,1907.500000159234,-35890.20361040137,8416.373071581405,-27473.830538819962,257.97812386310915
3820000,1910.0000001597434,-36165.99674691283,8638.407405900707,-27527.589341012124,258.44174197480356
3825000,1912.5000001602527,-35997.94722624216,8609.020856135761,-27388.9263701064,254.67095042763253
3830000,1915.000000160762,-36009.671331558144,8628.932581838573,-27380.73874971957,258.82659518469495
3835000,1917.5000001612714,-35851.79201504099,8560.4503815148,-27291.341633526194,259.40282038873255
3840000,1920.0000001617807,-35964.12724025012,8361.811690683235,-27602.315549566883,249.28880993051783
3845000,1922.50000016229,-36333.34151835996,8686.114620341712,-27647.226898018245,252.58074119274374
3850000,1925.0000001627993,-36343.18568370445,8584.236829643793,-27758.948854060654,256.6816179987453
3855000,1927.5000001633086,-36198.09115731949,8665.149321867058,-27532.94183545243,258.67139962280794
3860000,1930.000000163818,-36025.25960859447,8740.479047319992,-27284.780561274478,264.31860020520406
3865000,1932.5000001643273,-36401.2170513235,8708.528014013576,-27692.689037309927,257.7865441071055
3870000,1935.0000001648366,-36077.56460486003,8629.542070811207,-27448.022534048825,259.394879404029
3875000,1937.500000165346,-35680.759906506864,8652.542180372538,-27028.217726134324,265.46868496651007
3880000,1940.0000001658552,-35913.58075508755,8641.602682960134,-27271.978072127415,259.94008018359773
3885000,1942.5000001663645,-36050.96968011558,8430.346923907367,-27620.622756208213,251.35092871080826
3890000,1945.0000001668739,-36166.06645077886,8735.549629253095,-27430.516821525765,264.0166154819845
3895000,1947.5000001673832,-36279.34024421265,8795.85939221407,-27483.48085199858,267.53315186738547
3900000,1950.0000001678925,-36020.5069001012,8541.223838624923,-27479.28306147628,254.46185459422543
3905000,1952.5000001684018,-36093.676169567276,8495.52609819418,-27598.150071373097,254.68502811591236
3910000,1955.0000001689111,-36209.43002142082,8698.583159603553,-27510.846861817266,267.0304433131606
3915000,1957.5000001694204,-36125.596092291875,8416.836753149524,-27708.75933914235,249.00483425614746
3920000,1960.0000001699298,-36283.48508400074,8720.652468515877,-27562.832615484866,265.4940155319765
3925000,1962.500000170439,-36084.42972570821,8613.984716993455,-27470.445008714752,260.15066300020334
3930000,1965.0000001709484,-35729.71307754191,8517.721824959908,-27211.991252581996,256.33515965117834
3935000,1967.5000001714577,-35830.48517578258,8760.357783402013,-27070.12739238057,259.3391927200227
3940000,1970.000000171967,-35736.63257482322,8703.02870989609,-27033.60386492713,264.7202052245824
3945000,1972.5000001724763,-35975.86205993523,8775.507547340376,-27200.35451259485,269.0524937028814
3950000,1975.0000001729857,-35910.5792840037,8645.050384569528,-27265.528899434175,260.63492511374733
3955000,1977.500000173495,-36136.55967654451,8693.620910586997,-27442.93876595751,261.1006444181817
3960000,1980.0000001740043,-35850.72670168243,8436.786412938385,-27413.94028874405,258.8769805226234
3965000,1982.5000001745136,-36108.14008067129,8505.894046405583,-27602.246034265707,253.17286105214518
3970000,1985.000000175023,-35756.87476733932,8868.721018686427,-26888.153748652898,265.75284389625335
3975000,1987.5000001755323,-36022.97546865954,8717.793690858127,-27305.181777801416,268.97032134587437
3980000,1990.0000001760416,-36299.326771402964,8641.262027518565,-27658.0647438844,262.5126824680001
3985000,1992.5000001765509,-35858.461555674905,8639.611937023472,-27218.84961865143,258.81758651405806
3990000,1995.0000001770602,-36057.885110678384,8669.671573731377,-27388.213536947005,262.1592796666304
3995000,1997.5000001775695,-36236.59262516652,8745.607552524129,-27490.985072642394,265.03559474181935
4000000,2000.0000001780788,-36454.57549058227,8691.24617624496,-27763.32931433731,263.9097827304101
4005000,2002.5000001785882,-36134.7283279933,8392.954163250848,-27741.774164742455,255.17373642328263
4010000,2005.0000001790975,-35948.28966811788,8879.390502996359,-27068.899165121526,262.77163327338457
4015000,2007.5000001796068,-36135.8480685344,8697.649726694915,-27438.19834183948,258.4968605590966
4020000,2010.000000180116,-36054.8255739382,8438.08348660003,-27616.74208733817,252.26851863942412
4025000,2012.5000001806254,-36199.487562817754,8599.909276784641,-27599.578286033113,262.6842158088349
4030000,2015.0000001811347,-36063.89104806096,8769.228581383379,-27294.662466677582,268.15708548723853
4035000,2017.500000181644,-36254.76738971006,8617.285403427271,-27637.48198628279,261.74224149250153
4040000,2020.0000001821534,-36356.40691456548,8808.34880544929,-27548.058109116188,267.7161720366325
4045000,2022.5000001826627,-35914.870454085525,8948.805573382378,-26966.064880703147,269.1611367475899
4050000,2025.000000183172,-35953.44980759686,8663.653380839765,-27289.796426757093,261.50002314472124
4055000,2027.5000001836813,-36362.76665727375,8332.574848839598,-28030.191808434152,254.62961380014875
4060000,2030.0000001841906,-35752.59714110126,8572.831027791024,-27179.766113310234,256.00365036664215
4065000,2032.5000001847,-35871.92625511694,8715.48082857354,-27156.445426543396,261.3490601067363
4070000,2035.0000001852093,-35789.571361703565,8535.418557786761,-27254.152803916804,256.07728278689575
4075000,2037.5000001857186,-36077.57718436583,8797.428337312514,-27280.148847053315,265.9708642889036
4080000,2040.000000186228,-35791.39597045723,8737.928366159724,-27053.46760429751,264.44184944042314
4085000,2042.5000001867372,-36061.480035685934,8521.630668357302,-27539.849367328632,255.52452123911078
4090000,2045.0000001872465,-35925.893770613475,8667.575684084539,-27258.318086528936,265.44118738490766
4095000,2047.5000001877559,-35584.75209565763,8550.822650045324,-27033.92944561231,260.2264899743507
4100000,2050.000000188265,-35527.03957815026,8628.486819561203,-26898.552758589056,265.2693437045916
4105000,2052.5000001887743,-35878.09281882085,8526.852250455964,-27351.240568364883,265.5931277556685
4110000,2055.0000001892836,-36079.95482281293,8468.710443555397,-27611.24437925753,256.49871138011827
4115000,2057.500000189793,-35844.16023359867,8429.104184175198,-27415.05604942347,254.03956746111507
4120000,2060.000000190302,-36129.54012630321,9052.861527214827,-27076.678599088384,275.5182666306481
4125000,2062.5000001908115,-35910.717243994586,8753.060073543438,-27157.657170451148,263.5230855704585
4130000,2065.000000191321,-35897.902135599405,8804.479179056976,-27093.42295654243,271.4581140466803
4135000,2067.50000019183,-35805.378969459096,8692.895327825758,-27112.48364163334,261.79976784470085
4140000,2070.0000001923395,-35898.51910057408,8712.819897571397,-27185.69920300268,264.7660259196805
4145000,2072.500000192849,-35882.379428531276,8629.42495049506,-27252.954478036216,258.5230240366542
4150000,2075.000000193358,-36287.31033056509,8715.720326723495,-27571.590003841593,261.7433859462161
4155000,2077.5000001938674,-35688.85450954805,8580.850225063128,-27108.004284484923,255.18411023823225
4160000,2080.0000001943768,-35722.169055443956,8637.34726855598,-27084.821786887976,266.59063955079336
4165000,2082.500000194886,-35894.21443239204,8551.124410646835,-27343.0900217452,258.15068121056674
4170000,2085.0000001953954,-35943.1373757713,8570.429379489131,-27372.70799628217,262.57865629931393
4175000,2087.5000001959047,-36155.69787732721,8721.87151799409,-27433.82635933312,264.02076621773256
4180000,2090.000000196414,-35779.755169849144,8943.607996837643,-26836.1471730115,268.9585085993276
4185000,2092.5000001969233,-36304.30983789149,8522.141689030585,-27782.168148860903,254.88367567360694
4190000,2095.0000001974327,-35880.48111294792,8447.103252150991,-27433.37786079693,253.17739761220614
4195000,2097.500000197942,-35801.83150463994,8763.774588422792,-27038.056916217145,264.09373347904454
4200000,2100.0000001984513,-35797.93900022679,8584.990304451472,-27212.948695775318,255.95651493417154
4205000,2102.5000001989606,-35573.86463386449,8261.695312693037,-27312.169321171452,254.1523531282794
4210000,2105.00000019947,-35918.22763908841,8793.840575355078,-27124.38706373333,266.97910424762836
4215000,2107.5000001999792,-36008.20904545509,8483.366398573178,-27524.842646881916,252.72802208748777
4220000,2110.0000002004886,-36326.94248792459,8534.854352967586,-27792.088134957005,253.83020852876587
4225000,2112.500000200998,-36295.61170536536,8770.24240164493,-27525.36930372043,260.433350203073
4230000,2115.000000201507,-36341.19803276565,8672.559825328033,-27668.638207437616,260.8096612813527
4235000,2117.5000002020165,-36430.364954000106,8678.540334795201,-27751.824619204905,257.8918702781311
4240000,2120.000000202526,-35976.436076871585,8488.968687240305,-27487.46738963128,254.3336703257321
4245000,2122.500000203035,-36048.713379390305,8476.220175060716,-27572.49320432959,259.06395357078435
4250000,2125.0000002035445,-36137.23524528439,8755.260942874062,-27381.97430241033,264.5229536629345
4255000,2127.500000204054,-35800.187104063574,8668.223313321476,-27131.9637907421,265.0857061728885
4260000,2130.000000204563,-35920.80672315229,8624.90635962461,-27295.900363527675,258.8952493995892
4265000,2132.5000002050724,-35993.48382303445,8746.480394421216,-27247.00342861323,267.3238819281403
4270000,2135.0000002055817,-36062.74302707892,8398.778822637398,-27663.964204441523,251.63856835251605
4275000,2137.500000206091,-35700.883148823865,8488.157046632921,-27212.726102190943,260.2905758758813
4280000,2140.0000002066004,-35792.86296159355,8643.976298686848,-27148.8866629067,257.6220842765325
4285000,2142.5000002071097,-35539.99577690498,8636.332040678895,-26903.663736226084,267.57508073242815
4290000,2145.000000207619,-35745.53135802294,8469.544068399535,-27275.98728962341,262.7482604976933
4295000,2147.5000002081283,-35971.048664127244,8610.37716253904,-27360.671501588204,261.03289682244235
4300000,2150.0000002086376,-35890.77593364031,8707.8778029579,-27182.89813068241,261.05948777449265
4305000,2152.500000209147,-35742.416662395,8687.95346760625,-27054.46319478875,259.6425379694782
4310000,2155.0000002096563,-36056.57370008854,8645.493962128687,-27411.079737959855,258.16017682418686
4315000,2157.5000002101656,-36020.083977182396,8669.378408831442,-27350.705568350953,262.32580131340217
4320000,2160.000000210675,-36008.57691875077,8424.285253633852,-27584.291665116914,254.23063806538468
4325000,2162.500000211184,-35909.08652914176,8362.784870231208,-27546.30165891055,247.5513012060095
4330000,2165.0000002116935,-35828.79844209668,8807.380229158684,-27021.418212938,263.8675557674067
4335000,2167.500000212203,-35893.33254526509,8714.053083784906,-27179.279461480182,264.93650284496
4340000,2170.000000212712,-35702.02560622175,8736.210427769982,-26965.81517845177,269.9935242148011
4345000,2172.5000002132215,-35777.19188864832,8503.998817089383,-27273.193071558933,256.0231865455383
4350000,2175.000000213731,-35948.60910372785,8555.565777446616,-27393.043326281237,263.1722731901074
4355000,2177.50000021424,-36176.342327450635,8631.017703203772,-27545.324624246863,257.1757242143099
4360000,2180.0000002147494,-35971.3500187234,8413.309726172356,-27558.040292551046,257.402514511481
4365000,2182.5000002152588,-35779.870328877354,8567.460285421515,-27212.41004345584,255.48003243520895
4370000,2185.000000215768,-36074.53687122045,8852.566996886364,-27221.969874334085,272.002418177975
4375000,2187.5000002162774,-35803.610550976824,8736.002131555093,-27067.608419421733,263.008527864916
4380000,2190.0000002167867,-35825.25109819719,8648.336327377936,-27176.91477081925,255.98843464103388
4385000,2192.500000217296,-35995.012924847426,8408.113282661963,-27586.89964218546,254.4161263683034
4390000,2195.0000002178053,-35719.653041550424,8569.967120717589,-27149.685920832835,257.8607520534314
4395000,2197.5000002183147,-36212.14348159707,8797.969286954904,-27414.174194642168,265.44662828626116
4400000,2200.000000218824,-35796.88960420247,8654.27419145685,-27142.61541274562,265.1153848101229
4405000,2202.5000002193333,-35732.369642572245,8761.245942593596,-26971.12369997865,264.77845272297884
4410000,2205.0000002198426,-36109.84858255391,8622.148637386605,-27487.699945167304,259.9148697677227
4415000,2207.500000220352,-36071.48152474407,8693.343527971856,-27378.137996772217,260.3652989785652
4420000,2210.0000002208612,-35780.206422227435,8644.012313681136,-27136.194108546297,260.58485021959893
4425000,2212.5000002213706,-35713.38912311173,8449.738787646831,-27263.6503354649,257.80293622295244
4430000,2215.00000022188,-35813.298476273194,8804.947625444742,-27008.35085082845,267.3467822390255
4435000,2217.500000222389,-35895.33497904823,8711.650734267314,-27183.684244780918,263.43395874762996
4440000,2220.0000002228985,-36047.45771491877,8514.17413975084,-27533.28357516793,259.8206104212227
4445000,2222.500000223408,-35998.72735565319,8682.405536932136,-27316.32181872105,266.4151543836611
4450000,2225.000000223917,-36196.37740916712,8561.173441261402,-27635.20396790572,255.99990307731494
4455000,2227.5000002244265,-36252.529782986734,8426.093350891866,-27826.436432094866,258.63527919408403
4460000,2230.000000224936,-36357.898069241084,8588.667286990389,-27769.230782250695,263.31943537599244
4465000,2232.500000225445,-36149.17566688545,8515.148624378377,-27634.027042507074,253.89774550397476
4470000,2235.0000002259544,-35705.55496485601,8505.960142931617,-27199.594821924395,258.4006940861041
4475000,2237.5000002264637,-35910.831233317964,8710.28422620309,-27200.547007114874,262.8346481329363
4480000,2240.000000226973,-36091.18768435414,8579.924109285686,-27511.263575068453,256.8311743201112
4485000,2242.5000002274824,-36159.46894720779,8537.345156932613,-27622.123790275175,257.6817846528446
4490000,2245.0000002279917,-36027.92264989391,8651.531826017006,-27376.390823876904,261.43057688862467
4495000,2247.500000228501,-36174.841106308624,8426.549424973058,-27748.291681335566,251.61951740453404
4500000,2250.0000002290103,-36507.13072776655,8777.3373678418,-27729.793359924748,264.5178272459951
4505000,2252.5000002295196,-36032.122642734554,8656.011910210756,-27376.110732523797,260.0826106546328
4510000,2255.000000230029,-36034.15574173955,8620.043052356012,-27414.11268938354,259.38075716885714
4515000,2257.5000002305383,-35882.2088806855,8604.673996361578,-27277.534884323926,262.2623352304712
4520000,2260.0000002310476,-36079.181551124435,8646.52916268718,-27432.652388437255,260.56151718059033
4525000,2262.500000231557,-35497.27502912539,8416.422674075913,-27080.85235504948,256.95682684726654
4530000,2265.000000232066,-35882.856039182516,8586.667995191465,-27296.188043991053,259.1214495998487
4535000,2267.5000002325755,-35845.316317960154,8768.844997330518,-27076.471320629636,261.7971624254697
4540000,2270.000000233085,-35919.909217694774,8748.26719166571,-27171.642026029065,270.44850185151046
4545000,2272.500000233594,-36175.31405913085,8866.053415285536,-27309.26064384531,269.1326818186995
4550000,2275.0000002341035,-36120.55450096284,8811.333286088238,-27309.221214874604,265.49164938762846
4555000,2277.500000234613,-35731.02864952455,8842.111873869857,-26888.916775654696,263.35927299071017
4560000,2280.000000235122,-36216.84745672438,8811.02004001569,-27405.827416708693,268.3118430025068
4565000,2282.5000002356314,-36011.211782393744,8744.980044756576,-27266.23173763717,266.7220726123026
4570000,2285.0000002361407,-36041.2721052072,8510.429473112275,-27530.842632094926,258.15506450333595
4575000,2287.50000023665,-35543.4410242117,8828.040318772095,-26715.400705439606,262.8716133569348
4580000,2290.0000002371594,-35777.24356107507,8714.88892127191,-27062.35463980316,261.8961599373353
4585000,2292.5000002376687,-36068.36484321044,8812.410860646389,-27255.95398256405,267.1991046745744
4590000,2295.000000238178,-36330.066445021424,8564.298344574589,-27765.768100446836,259.6297235780284
4595000,2297.5000002386873,-35875.41293149628,8676.984330244428,-27198.42860125185,263.41283078167186
4600000,2300.0000002391967,-35828.99276745529,8859.51701073783,-26969.47575671746,265.78277340407817
4605000,2302.500000239706,-35671.18868930009,8983.37489671321,-26687.81379258688,271.8184884362782
4610000,2305.0000002402153,-35984.32972133858,8715.545070742455,-27268.784650596128,267.3041751320492
4615000,2307.5000002407246,-35525.07680051285,8550.147135068699,-26974.92966544415,260.20058982024256
4620000,2310.000000241234,-35666.30841479986,8600.161110430085,-27066.147304369777,254.57610939864867
4625000,2312.5000002417432,-35997.9409933961,8601.038827154287,-27396.902166241813,257.9764704807312
4630000,2315.0000002422526,-36008.86037130747,8434.823216258123,-27574.037155049347,256.56730363219435
4635000,2317.500000242762,-35953.11077187117,8613.3511242819,-27339.75964758927,261.66650044899416
4640000,2320.000000243271,-36133.52738427906,8544.430622605185,-27589.096761673878,257.7066928233905
4645000,2322.5000002437805,-36126.652773290174,8697.598210999882,-27429.054562290294,263.4143408382516
4650000,2325.00000024429,-35956.29516276019,8789.766719305058,-27166.52844345513,266.71670459894574
4655000,2327.500000244799,-35709.42674366408,8503.446822737116,-27205.979920926962,261.21735009703826
4660000,2330.0000002453085,-35613.31204173132,8805.684515655728,-26807.62752607559,264.03999825165505
4665000,2332.500000245818,-35915.34313765005,8401.107798086221,-27514.23533956383,248.89938623861934
4670000,2335.000000246327,-35811.08356069517,8498.896714004695,-27312.186846690478,252.03136486111123
4675000,2337.5000002468364,-36159.72080556955,8811.10351870247,-27348.617286867084,264.94372779053685
4680000,2340.0000002473457,-36342.32699994347,8533.008919011743,-27809.318080931727,258.2421567302725
4685000,2342.500000247855,-36146.43496999098,8787.056918547663,-27359.378051443317,268.05004746980745
4690000,2345.0000002483644,-36277.50298590446,8467.875371561982,-27809.627614342477,257.20583059426195
4695000,2347.5000002488737,-35920.9683628357,8543.451891899877,-27377.516470935825,253.82082514468945
4700000,2350.000000249383,-35953.835236185,8696.47309542217,-27257.362140762827,263.79869997246715
4705000,2352.5000002498923,-35597.890776937595,8353.35525226259,-27244.535524675004,250.02325828784535
4710000,2355.0000002504016,-35773.66179202753,8550.89711367968,-27222.76467834785,257.0440181193344
4715000,2357.500000250911,-36246.65241564764,8575.025738579767,-27671.62667706787,261.62367379144195
4720000,2360.0000002514203,-36021.05280827312,8885.498637532488,-27135.55417074063,263.8007507104107
4725000,2362.5000002519296,-35882.29547701357,8426.66022510051,-27455.63525191306,254.2780392667477
4730000,2365.000000252439,-35789.238212326774,8513.219275957601,-27276.018936369175,255.97325049519583
4735000,2367.500000252948,-35648.968101904495,8955.923448402467,-26693.044653502027,269.9251787293849
4740000,2370.0000002534575,-36178.01055970229,8640.107872443488,-27537.902687258804,258.657076247133
4745000,2372.500000253967,-35864.533915157896,8589.435627174475,-27275.09828798342,256.8116649987508
4750000,2375.000000254476,-35907.336209781235,8584.672242166816,-27322.66396761442,256.2220332984255
4755000,2377.5000002549855,-35700.431066910736,8535.069854546147,-27165.361212364587,258.30799111946175
4760000,2380.000000255495,-35810.71541296528,8600.994491448324,-27209.720921516953,256.226391770203
4765000,2382.500000256004,-36019.532651384594,8482.273467188372,-27537.25918419622,250.47518398236684
4770000,2385.0000002565134,-36389.028679848416,8796.907707620801,-27592.120972227614,266.982371742479
4775000,2387.5000002570227,-35745.11253132182,8476.234713714432,-27268.87781760739,259.64843097749224
4780000,2390.000000257532,-35791.870639526984,8818.721299946192,-26973.149339580792,264.6823917200889
4785000,2392.5000002580414,-36150.04362714104,8532.87296234856,-27617.170664792484,258.3644988134576
4790000,2395.0000002585507,-36417.90831583622,8644.769611822969,-27773.13870401325,259.03528998046494
4795000,2397.50000025906,-36050.16869873088,8617.877859207618,-27432.29083952326,258.09946205698446
4800000,2400.0000002595693,-35998.175661586225,8697.452840717617,-27300.722820868607,260.72553001349723
4805000,2402.5000002600787,-36375.1466437655,8547.480120563092,-27827.66652320241,257.2513894315668
4810000,2405.000000260588,-35961.14486599178,8712.388635791438,-27248.756230200343,263.4918442687018
4815000,2407.5000002610973,-35885.707091938006,8645.985826814567,-27239.721265123437,256.23776443442745
4820000,2410.0000002616066,-35980.962838903535,8463.09850690516,-27517.864331998375,257.0810033305376
4825000,2412.500000262116,-35912.829699114896,8671.91640527227,-27240.913293842626,258.3987321898016
4830000,2415.0000002626252,-36107.65501994477,8562.696010554066,-27544.959009390703,259.00029522752186
4835000,2417.5000002631346,-36230.71414394048,8435.936026205763,-27794.778117734717,255.80798284553077
4840000,2420.000000263644,-35918.36358803115,8718.770741834182,-27199.592846196967,273.13043989591284
4845000,2422.500000264153,-35785.414403382456,8454.769427566147,-27330.644975816307,255.51982587125113
4850000,2425.0000002646625,-36193.42323275702,8639.811778901292,-27553.61145385573,261.45684919792325
4855000,2427.500000265172,-36061.231269745855,8685.56439585761,-27375.666873888244,263.9810833529127
4860000,2430.000000265681,-35943.408301137155,8757.754408436485,-27185.65389270067,263.9493029396494
4865000,2432.5000002661905,-36128.254861754365,8570.829477849253,-27557.425383905113,257.3835716043764
4870000,2435.0000002666998,-35981.62845260929,8490.640611146724,-27490.98784146257,257.9276260627368
4875000,2437.500000267209,-36082.40100609022,8463.451985631067,-27618.949020459157,255.0645798064938
4880000,2440.0000002677184,-35800.59777062712,8657.447146176795,-27143.150624450325,263.6453022271556
4885000,2442.5000002682277,-35847.003506969195,8682.356884848812,-27164.64662212038,264.9180348818782
4890000,2445.000000268737,-36352.65176735632,8638.896691546692,-27713.75507580963,261.00130318317565
4895000,2447.5000002692464,-36294.54606801644,8632.052076852335,-27662.493991164105,255.06963667012946
4900000,2450.0000002697557,-36004.968497836264,8616.686038299482,-27388.282459536782,259.84708894613595
4905000,2452.500000270265,-36136.242260722676,8541.123391379308,-27595.11886934337,259.2190646802674
4910000,2455.0000002707743,-36083.402311402606,8906.062068284515,-27177.34024311809,269.6761552533698
4915000,2457.5000002712836,-36046.57834918145,8637.07936564959,-27409.498983531863,260.7382954795732
4920000,2460.000000271793,-35874.39596120012,8546.92241992849,-27327.47354127163,264.1620801377771
4925000,2462.5000002723023,-35920.48410659307,8629.044849252707,-27291.43925734036,262.99477991295197
4930000,2465.0000002728116,-35825.93915692135,8515.852899914276,-27310.08625700707,259.76165878198316
4935000,2467.500000273321,-35714.29908426013,8786.77687364091,-26927.522210619216,262.72387872065406
4940000,2470.00000027383,-35810.49636846059,8688.577764673344,-27121.918603787246,261.3338519864897
4945000,2472.5000002743395,-35673.294266120065,8576.152944512269,-27097.141321607796,258.7576966592332
4950000,2475.000000274849,-35703.775615950115,8856.973858271675,-26846.80175767844,264.4481164122912
4955000,2477.500000275358,-35954.28819784708,8273.751044623712,-27680.53715322337,246.42483787278059
4960000,2480.0000002758675,-35767.958556252066,8563.237166638002,-27204.721389614064,254.23758830423907
4965000,2482.500000276377,-36011.15002815332,8464.649999865647,-27546.500028287675,256.94222524979534
4970000,2485.000000276886,-35557.59458236117,8414.62922684444,-27142.96535551673,251.24917860166565
4975000,2487.5000002773954,-35618.87347785942,8974.32330772714,-26644.550170132283,269.3265449601749
4980000,2490.0000002779047,-35787.46494846698,8652.364997201195,-27135.099951265784,260.5827712753595
4985000,2492.500000278414,-35722.0672700624,8393.165735136143,-27328.901534926255,252.9115842779534
4990000,2495.0000002789234,-35979.361562960315,8640.717759076111,-27338.643803884202,263.99147435899965
4995000,2497.5000002794327,-35879.08417157759,8426.260429528174,-27452.823742049415,255.17564664109457
5000000,2500.000000279942,-36126.915038154926,8308.511045745336,-27818.403992409592,248.7187995169458
5005000,2502.5000002804513,-36049.22368596168,8322.500456683549,-27726.723229278134,248.42815207470375
5010000,2505.0000002809606,-35791.63145327405,8528.34846028265,-27263.2829929914,254.7762317694685
5015000,2507.50000028147,-35992.79491273989,8766.014564854118,-27226.78034788577,261.61010651299495
5020000,2510.0000002819793,-36132.541542927735,8754.507571913327,-27378.033971014407,268.37370884744416
5025000,2512.5000002824886,-36088.22405910306,8633.678196356623,-27454.545862746432,261.0896471493425
5030000,2515.000000282998,-35673.08049461222,8341.459527830597,-27331.620966781626,247.12749676699417
5035000,2517.5000002835072,-35982.82296323404,8898.272037740326,-27084.550925493713,269.66782758931055
5040000,2520.0000002840166,-35803.86708072387,8592.670882396862,-27211.196198327005,259.9797942053519
5045000,2522.500000284526,-35819.337587140966,8570.29786655393,-27249.039720587036,259.3395670956276
5050000,2525.000000285035,-35972.41579751787,8585.30284225654,-27387.112955261327,263.7790501479924
5055000,2527.5000002855445,-36136.76551743271,8888.995843090914,-27247.769674341795,271.98023385637003
5060000,2530.000000286054,-35941.43456938863,8679.503758323932,-27261.930811064696,266.2652578148274
5065000,2532.500000286563,-35735.80270162155,8528.563003553285,-27207.239698068264,259.17353227827294
5070000,2535.0000002870725,-35956.55783278728,8559.955489864155,-27396.602342923125,258.40467447251626
5075000,2537.5000002875818,-36138.351176732685,8607.90801332711,-27530.443163405573,259.2063907539305
5080000,2540.000000288091,-35859.711847803555,8775.611685397136,-27084.10016240642,264.3275881943905
5085000,2542.5000002886004,-35845.23024735018,8684.30212444113,-27160.92812290905,261.57198339378107
5090000,2545.0000002891097,-35925.98393972544,8636.393056180626,-27289.590883544814,259.40090737584546
5095000,2547.500000289619,-35822.461816007504,8832.419161450794,-26990.04265455671,264.5278075722991
5100000,2550.0000002901284,-35512.287874118425,8631.498820633944,-26880.78905348448,258.9023794065794
5105000,2552.5000002906377,-35388.169840492075,8786.614955654575,-26601.5548848375,267.52741772880546
5110000,2555.000000291147,-35666.36237020232,8656.962804685447,-27009.39956551687,267.67503760137294
5115000,2557.5000002916563,-35819.00119212922,8682.99515152168,-27136.006040607535,261.5791546794195
5120000,2560.0000002921656,-35810.52615421149,8489.715353967813,-27320.81080024368,261.6469225096402
5125000,2562.500000292675,-36112.89799077087,8660.389856798864,-27452.508133972005,262.6191959407442
5130000,2565.0000002931843,-35837.472037930274,8758.185128832341,-27079.286909097933,261.90311808784617
5135000,2567.5000002936936,-35853.967972558225,8750.786818822726,-27103.1811537355,258.28786945864994
5140000,2570.000000294203,-36005.06901364634,8499.706741844473,-27505.362271801867,261.5018459513021
5145000,2572.500000294712,-35720.98695038236,8437.771051404958,-27283.2158989774,254.27143937810064
5150000,2575.0000002952215,-35787.58330164966,8597.44138211758,-27190.14191953208,261.51781461253756
5155000,2577.500000295731,-35664.796271842206,8543.647031801756,-27121.14924004045,260.7321626966926
5160000,2580.00000029624,-35804.43320025038,8788.526720077845,-27015.906480172533,267.74418842324536
5165000,2582.5000002967495,-36272.42017682502,8496.978149469802,-27775.442027355217,253.91079675247173
5170000,2585.000000297259,-35919.35023452807,8578.165727759337,-27341.184506768735,259.07247769255764
5175000,2587.500000297768,-35807.414661904564,8613.449603970059,-27193.965057934503,260.3118408902127
5180000,2590.0000002982774,-35653.147394547705,8740.558865830475,-26912.588528717228,262.73235655735874
5185000,2592.5000002987867,-35565.0303843196,8606.424594475153,-26958.60578984445,258.6732235081902
5190000,2595.000000299296,-35902.203377721366,8913.300565827507,-26988.90281189386,272.6062112402855
5195000,2597.5000002998054,-35874.26749870158,8533.721688039268,-27340.545810662312,255.5926617682133
5200000,2600.0000003003147,-36267.57138074795,8848.63871884912,-27418.932661898827,258.6921320060916
5205000,2602.500000300824,-35563.733346945606,8618.66423092493,-26945.069116020677,259.1547015533265
5210000,2605.0000003013333,-35931.752622070955,8452.561740848188,-27479.190881222767,254.66966155815155
5215000,2607.5000003018426,-36356.20427316567,8715.997256505665,-27640.207016660002,263.4248307607017
5220000,2610.000000302352,-36397.907154002925,8443.621078219787,-27954.286075783137,254.59663626246223
5225000,2612.5000003028613,-36082.736888482235,8684.852935611165,-27397.88395287107,256.92641942292795
5230000,2615.0000003033706,-36009.56284305989,8382.243128328702,-27627.319714731188,253.09463404604344
5235000,2617.50000030388,-36161.176993708126,8710.677243052447,-27450.49975065568,262.1715837425576
5240000,2620.0000003043892,-36012.54688307736,8664.30484263451,-27348.24204044285,253.6473553299943
5245000,2622.5000003048985,-35673.406767222565,8590.210015254914,-27083.19675196765,258.85303676541383
5250000,2625.000000305408,-36086.685356402304,8481.363160446563,-27605.32219595574,249.38285113807478
5255000,2627.500000305917,-35689.17500374024,8832.156926612643,-26857.018077127595,270.5586534525127
5260000,2630.0000003064265,-36087.075377144385,8838.188661759985,-27248.8867153844,262.9066552056641
5265000,2632.500000306936,-35726.183976211585,8650.517538165692,-27075.666438045893,267.11352952585554
5270000,2635.000000307445,-35882.99985040445,8660.000603519751,-27222.999246884698,259.10347806052636
5275000,2637.5000003079545,-35835.35939601925,8713.522790710023,-27121.83660530923,257.77606903201774
5280000,2640.0000003084638,-35858.81677944516,8595.114694837901,-27263.702084607256,259.5036767896178
5285000,2642.500000308973,-36185.5543954859,8411.973254229466,-27773.581141256436,254.8849086992599
5290000,2645.0000003094824,-35844.751037606504,8843.084615610553,-27001.66642199595,261.7070963664231
5295000,2647.5000003099917,-35926.11154181161,8769.791809692248,-27156.319732119362,261.53737389175495
5300000,2650.000000310501,-35977.336408674484,8603.164333924278,-27374.172074750204,259.8602907235374
5305000,2652.5000003110104,-35976.25835494697,8580.564423714754,-27395.693931232217,255.5721340032546
5310000,2655.0000003115197,-36220.709931794554,8659.686099164828,-27561.023832629726,260.1281414359772
5315000,2657.500000312029,-36111.898602838395,8607.786294713886,-27504.11230812451,259.4329232924554
5320000,2660.0000003125383,-36017.94457588834,8632.72376845768,-27385.220807430658,262.96601994288875
5325000,2662.5000003130476,-35991.58823235589,8504.758963063263,-27486.829269292626,256.5175319658758
5330000,2665.000000313557,-35852.487109535374,8508.556797826463,-27343.93031170891,256.4609161914852
5335000,2667.5000003140663,-35976.06044939556,8409.446888485314,-27566.61356091025,250.89870493422217
5340000,2670.0000003145756,-35826.068014255725,8516.338679055145,-27309.72933520058,260.28091367899054
5345000,2672.500000315085,-35900.40921844519,8723.073816717948,-27177.33540172724,263.5763222024127
5350000,2675.000000315594,-36053.63734514243,8538.239266832086,-27515.398078310343,252.03871604824997
5355000,2677.5000003161035,-36004.30819373671,8552.685527445761,-27451.622666290947,256.30650665661284
5360000,2680.000000316613,-35808.01825087401,8550.76429980754,-27257.253951066472,259.74882492042417
5365000,2682.500000317122,-35919.20585810323,8345.829291160428,-27573.376566942803,252.20513331846624
5370000,2685.0000003176315,-35939.30223995657,8538.927996776565,-27400.374243180002,258.7034688361321
5375000,2687.500000318141,-35600.86296619801,8599.209857140035,-27001.653109057974,262.01668069422357
5380000,2690.00000031865,-35515.13251863886,8527.453666458176,-26987.67885218068,255.98257251645225
5385000,2692.5000003191594,-36184.54387056315,8668.911591817012,-27515.63227874614,261.55778942328806
5390000,2695.0000003196687,-35756.20430150279,8593.808885950119,-27162.39541555267,255.65539200051245
5395000,2697.500000320178,-35730.45640530577,8742.480596247115,-26987.975809058655,265.23209852163035
5400000,2700.0000003206874,-35976.13930343371,8499.52815134721,-27476.6111520865,251.45544614159056
5405000,2702.5000003211967,-35793.90987548791,8620.946894221484,-27172.962981266424,255.26231605627692
5410000,2705.000000321706,-36249.66041362099,8753.057857009102,-27496.60255661189,266.54670167235753
5415000,2707.5000003222153,-36079.23861550563,8572.576357218542,-27506.662258287088,260.6454610064799
5420000,2710.0000003227246,-35997.62649730174,8432.118369796008,-27565.50812750573,251.45295508704314
5425000,2712.500000323234,-36029.5635845894,8438.675357077103,-27590.888227512296,252.98888275425043
5430000,2715.0000003237433,-35819.03509735479,8407.613197596287,-27411.421899758505,258.45395390307544
5435000,2717.5000003242526,-35997.09845488146,8668.714178181708,-27328.38427669975,260.1187112527871
5440000,2720.000000324762,-36028.17758397269,8601.57403740938,-27426.60354656331,260.98957109059376
5445000,2722.5000003252712,-35832.84541909816,8680.766847626433,-27152.078571471724,252.42175910507493
5450000,2725.0000003257805,-35833.39597075828,8762.763721367595,-27070.63224939069,266.25871993814553
5455000,2727.50000032629,-35549.03324695886,8581.837402996074,-26967.195843962785,257.64336504069854
5460000,2730.000000326799,-35851.364945938345,8758.461620524773,-27092.903325413572,265.41959744529225
5465000,2732.5000003273085,-35822.10982463462,8733.059875846924,-27089.0499487877,259.69280319299423
5470000,2735.000000327818,-35779.50993264606,8601.776067214461,-27177.7338654316,257.88911066871003
5475000,2737.500000328327,-35734.315967247356,8665.434068090795,-27068.88189915656,257.8008130797163
5480000,2740.0000003288364,-35843.08238805225,8568.52607972646,-27274.55630832579,255.58528385041785
5485000,2742.5000003293458,-35764.04832081986,8781.544004358911,-26982.504316460945,260.58119277286
5490000,2745.000000329855,-35878.38519342919,8527.473796494272,-27350.911396934916,256.4745229351748
5495000,2747.5000003303644,-36081.9172450921,8334.148438457793,-27747.76880663431,253.1648816021888
5500000,2750.0000003308737,-35864.40362526686,8481.39058881599,-27383.01303645087,257.4711685746136
