#"Step","Time (ps)","Potential Energy (kJ/mole)","Kinetic Energy (kJ/mole)","Total Energy (kJ/mole)","Temperature (K)"
505000,252.4999999974851,-34736.21031890763,9210.499667544178,-25525.71065136345,282.26126592563855
510000,254.999999997426,-34848.61100621312,9114.657393397501,-25733.953612815618,279.4378655351302
515000,257.4999999973669,-34960.028768425575,9228.009120284652,-25732.019648140922,278.95920799815786
520000,259.9999999973078,-34562.13506218698,9193.465114233135,-25368.669947953844,272.96498612712793
525000,262.49999999724866,-34572.25346269226,9290.190620000745,-25282.062842691514,277.2415693757764
530000,264.99999999718955,-34242.60307909828,9320.46522681422,-24922.137852284057,279.0882581132002
535000,267.49999999713043,-34526.909828143194,9230.683281732237,-25296.22654641096,276.5171306043396
540000,269.9999999970713,-34693.955636842176,9223.174646824547,-25470.78099001763,278.51260525239536
545000,272.4999999970122,-34612.18358382932,9033.421819821833,-25578.761764007486,273.28624927042426
550000,274.9999999969531,-34647.28631989821,9040.63229438441,-25606.6540255138,270.5044918726931
555000,277.49999999689396,-34703.34646183555,8912.407558882387,-25790.938902953163,269.0893275692982
560000,279.99999999683484,-34686.67652866244,9204.201446802603,-25482.47508185984,274.643922639748
565000,282.4999999967757,-34746.07380560413,9513.599840883951,-25232.47396472018,287.5303350392461
570000,284.9999999967166,-34542.321671369486,9139.688801065784,-25402.6328703037,269.99413575616427
575000,287.4999999966575,-34440.35858480167,9164.706487847841,-25275.652096953825,272.3492746917518
580000,289.9999999965984,-34701.65089785424,9210.282430920435,-25491.368466933804,278.12090012153016
585000,292.49999999653926,-34501.322634919314,9071.086876751833,-25430.23575816748,268.400764201305
590000,294.99999999648014,-35183.45042224927,9376.128308085137,-25807.322114164133,288.5444241844067
595000,297.499999996421,-34559.308622006094,9305.206806006732,-25254.101815999362,280.2482609432816
600000,299.9999999963619,-34254.073922359385,9045.351229071523,-25208.722693287862,262.3027047814483
605000,302.4999999963028,-34788.81021416583,9170.70679939272,-25618.10341477311,276.55396147465086
610000,304.9999999962437,-34223.3174003202,9130.53525466183,-25092.78214565837,279.8233334242199
615000,307.49999999618456,-34492.90577893425,9218.130706534459,-25274.77507239979,277.22497714479385
620000,309.99999999612544,-34447.77914888249,9061.341654022664,-25386.437494859823,274.79201992139275
625000,312.4999999960663,-34617.180641447194,9191.996654335391,-25425.183987111803,277.4184438025319
630000,314.9999999960072,-34419.535191654926,9197.042254483362,-25222.492937171563,278.6353481275641
635000,317.4999999959481,-34048.55014719092,9350.890101534882,-24697.66004565604,292.0460574136899
640000,319.99999999588897,-34195.22078812332,9176.106731941354,-25019.114056181963,279.91696032161
645000,322.49999999582985,-34502.000077207806,9001.32501947617,-25500.675057731634,268.71968704311604
650000,324.99999999577074,-34632.86534230644,9491.955340066848,-25140.91000223959,292.5116391879072
655000,327.4999999957116,-34503.167295674095,8964.100210727456,-25539.06708494664,269.348144654535
660000,329.9999999956525,-34429.5182197846,9163.727565873784,-25265.790653910815,280.4539466890378
665000,332.4999999955934,-34666.47839601361,9000.008905151624,-25666.469490861986,273.0196913473484
670000,334.99999999553427,-34773.04021438002,9097.305720833803,-25675.734493546213,275.6053929875338
675000,337.49999999547515,-34671.482011545915,9200.45662586381,-25471.025385682107,277.3504561455155
680000,339.99999999541603,-34726.57132010348,9130.982743846344,-25595.588576257138,275.11630735095605
685000,342.4999999953569,-34881.52065875847,9247.349867650933,-25634.170791107535,275.1181867322033
690000,344.9999999952978,-34610.474224109435,9306.603579871346,-25303.87064423809,276.69400864102374
695000,347.4999999952387,-34742.1526872355,9115.412073591971,-25626.74061364353,270.5196289417573
700000,349.99999999517956,-34879.76146348915,9028.531051958922,-25851.23041153023,270.98954461249053
705000,352.49999999512045,-34695.65472837328,9386.14878309814,-25309.505945275137,279.1399056730325
710000,354.99999999506133,-34873.16173098399,9456.172766614847,-25416.988964369146,287.7879719263676
715000,357.4999999950022,-34804.6956455966,8973.869026602013,-25830.826618994586,267.49655149330636
720000,359.9999999949431,-34709.739294161554,9251.479603297565,-25458.25969086399,279.7248992658723
725000,362.499999994884,-34683.64474941045,9365.48141596637,-25318.16333344408,276.7657117422615
730000,364.99999999482486,-34701.78989214939,9136.400665573656,-25565.389226575735,273.2185299666444
735000,367.49999999476574,-34679.628557917895,9511.255192854976,-25168.37336506292,288.2845401609498
740000,369.9999999947066,-34437.87421548925,9088.294637740815,-25349.579577748438,280.1127449196277
745000,372.4999999946475,-34366.23409169377,9144.676336756354,-25221.557754937414,271.72649219497043
750000,374.9999999945884,-34471.233186834026,9133.217775503452,-25338.015411330576,280.62224262102075
755000,377.4999999945293,-34507.74129240587,9346.908191898206,-25160.83310050767,284.56357083782734
760000,379.99999999447016,-34585.159837987274,9491.932319087005,-25093.22751890027,285.0197356770298
765000,382.49999999441104,-34370.462436027825,9035.72893346121,-25334.733502566614,271.6141058557617
770000,384.9999999943519,-34773.5495596081,9221.277228190651,-25552.27233141745,277.61429960397305
775000,387.4999999942928,-34894.66776933824,9183.900994804255,-25710.766774533982,280.9753076611373
780000,389.9999999942337,-34636.42751056794,9203.329061081047,-25433.098449486894,275.2947502052124
785000,392.4999999941746,-34673.39457440772,9185.693618954865,-25487.700955452856,284.663046811038
790000,394.99999999411546,-34346.129500143,8999.85973028885,-25346.269769854145,268.99409815502725
795000,397.49999999405634,-34315.2705196389,9358.840541228328,-24956.42997841057,283.43073406974355
800000,399.9999999939972,-34508.77471578773,9213.59378645218,-25295.18092933555,274.7157047511872
805000,402.4999999939381,-34581.76728588529,9248.216543035442,-25333.550742849846,277.0951922967146
810000,404.999999993879,-34450.510898253415,9485.907237011206,-24964.60366124221,287.2847654311202
815000,407.49999999381987,-34706.952572382754,9095.215366312357,-25611.737206070396,277.70893615709355
820000,409.99999999376075,-34541.07328182133,9123.787449548297,-25417.28583227303,274.29542504727056
825000,412.49999999370164,-35003.00692904787,8986.461734015538,-26016.545195032333,275.2029983334123
830000,414.9999999936425,-34822.17863197485,9164.57395907994,-25657.604672894908,280.2986289504052
835000,417.4999999935834,-34675.62319840677,9173.816975357255,-25501.806223049516,270.05356752223696
840000,419.9999999935243,-35010.28564110794,9069.788214825912,-25940.49742628203,270.64376021578187
845000,422.49999999346517,-34656.58105688752,9185.180414752362,-25471.400642135155,276.2052341596585
850000,424.99999999340605,-34386.37597955484,9097.844281404832,-25288.531698150007,281.942589586466
855000,427.49999999334693,-34392.06205024058,9352.192926313113,-25039.869123927467,285.3398274138219
860000,429.9999999932878,-34855.27200657665,9258.180123916667,-25597.09188265998,281.13161232631893
865000,432.4999999932287,-34937.8345803821,9073.999867160626,-25863.834713221473,272.51283127341236
870000,434.9999999931696,-34545.99550233409,8996.318943536797,-25549.67655879729,275.8099084618406
875000,437.49999999311046,-34571.076978018275,9474.965443362886,-25096.11153465539,279.73784845503036
880000,439.99999999305135,-34334.94097377639,9408.606404239148,-24926.334569537245,278.8358722144873
885000,442.49999999299223,-34699.999392388156,8950.605225020709,-25749.39416736745,268.0411243222897
890000,444.9999999929331,-34506.92917486187,9442.520291699018,-25064.408883162854,285.32339082733574
895000,447.499999992874,-34594.272692967905,9406.889493779068,-25187.383199188836,282.56821540109325
900000,449.9999999928149,-34299.42591748084,9401.520601471047,-24897.90531600979,282.328497461759
905000,452.49999999275576,-34636.50035886094,9327.975875359918,-25308.524483501023,283.50549005578847
910000,454.99999999269664,-34792.72858133656,9191.988567376045,-25600.740013960516,280.5507503760678
915000,457.4999999926375,-34912.874021358555,9188.652276879186,-25724.22174447937,275.9491206601451
920000,459.9999999925784,-34601.53280566144,9196.630059987307,-25404.90274567413,274.16498410230366
925000,462.4999999925193,-35039.06393746496,9188.56743824787,-25850.496499217094,279.8728045855806
930000,464.9999999924602,-34391.10611512,9211.594301395851,-25179.511813724144,272.84859293599
935000,467.49999999240106,-34865.842293646885,9391.10337161494,-25474.738922031946,284.86613569198704
940000,469.99999999234194,-34491.89941245713,9397.922791113157,-25093.976621343976,287.73336374841125
945000,472.4999999922828,-34487.29051051685,9040.08208020902,-25447.208430307826,279.19041177181714
950000,474.9999999922237,-34700.82029526518,9120.094792409313,-25580.725502855865,271.4015064286471
955000,477.4999999921646,-34649.97075566044,9115.670748534449,-25534.300007125992,276.989901009268
960000,479.9999999921055,-34955.051690082066,9164.532981625065,-25790.518708457,281.63024212160224
965000,482.49999999204636,-34596.836341779446,9097.470919064996,-25499.36542271445,274.7602154773404
970000,484.99999999198724,-34704.84914340614,9249.542469873915,-25455.306673532228,281.0375132480827
975000,487.4999999919281,-34866.95080466312,9267.647683289386,-25599.303121373738,280.82460854909607
980000,489.999999991869,-34794.939786497736,9149.8894243174,-25645.050362180336,273.4671727988679
985000,492.4999999918099,-35011.78275198047,9560.085733274567,-25451.697018705905,282.4215276416425
990000,494.99999999175077,-34751.669550801395,9241.43513170466,-25510.234419096734,279.8082969745981
995000,497.49999999169165,-34355.014987734845,9359.764568095272,-24995.250419639575,282.30621174695574
1000000,499.99999999163254,-34683.943328979425,9026.365605376139,-25657.577723603288,272.05207103075054
1005000,502.4999999915734,-34737.318996833405,9143.948680464307,-25593.370316369095,276.03375198890745
1010000,504.9999999915143,-34611.65398231498,9164.667667691863,-25446.986314623115,280.41926966474483
1015000,507.4999999914552,-34303.72906417656,9299.39428631163,-25004.334777864926,281.2193425564715
1020000,509.99999999139607,-34575.70533657051,9175.578823020296,-25400.12651355021,280.3987545429606
1025000,512.499999991337,-34724.85896227951,9411.377713445254,-25313.481248834258,287.0321904788852
1030000,514.9999999912778,-34839.582681031665,9325.648326556646,-25513.93435447502,287.4887287851881
1035000,517.4999999912187,-34483.487966980785,9071.134152801347,-25412.353814179438,273.78812481846444
1040000,519.9999999911596,-34671.355579168536,9484.86251865766,-25186.493060510875,284.45752254488565
1045000,522.4999999911005,-34662.0152690704,9396.358988663269,-25265.65628040713,282.03400508813087
1050000,524.9999999910414,-34594.68185704644,8992.657086769235,-25602.024770277203,270.8131471885906
1055000,527.4999999909822,-34572.216261082096,9128.241687785528,-25443.974573296568,275.14020639817187
1060000,529.9999999909231,-34436.57498686644,9394.631316415986,-25041.943670450455,286.5180679085008
1065000,532.499999990864,-34362.0225551629,9358.109272431157,-25003.91328273174,278.0771249133074
1070000,534.9999999908049,-34335.24331820174,9388.308839596422,-24946.93447860532,281.8323844404533
1075000,537.4999999907458,-34851.16141255037,9158.385703837645,-25692.775708712725,275.89268020271686
1080000,539.9999999906867,-34366.326340937056,9133.79252248053,-25232.533818456526,273.6305091116134
1085000,542.4999999906275,-34861.14381266385,9321.885406911078,-25539.258405752775,284.1444958852384
1090000,544.9999999905684,-34662.46716507431,9330.484968403363,-25331.98219667095,279.99524497457156
1095000,547.4999999905093,-34525.26765648974,9140.374039852879,-25384.893616636862,280.6509869276799
1100000,549.9999999904502,-34876.985347857466,9156.413675889164,-25720.571671968304,273.4390263630635
1105000,552.4999999903911,-34281.34062645142,9013.577228448115,-25267.763398003306,271.01205927008374
1110000,554.999999990332,-34506.55160028883,9151.279702475142,-25355.27189781369,282.5797710023149
1115000,557.4999999902728,-34601.12793803378,9234.938656775543,-25366.189281258237,282.2809889315124
1120000,559.9999999902137,-34441.92021962628,9446.587824500493,-24995.332395125784,282.81673757695756
1125000,562.4999999901546,-34638.454568067566,9248.111538073656,-25390.34302999391,278.9999185711574
1130000,564.9999999900955,-34269.6686691104,9020.70440261788,-25248.96426649252,270.06504992926193
1135000,567.4999999900364,-34816.1059935505,9075.458451775314,-25740.64754177519,270.60748772921494
1140000,569.9999999899773,-34433.48125075502,9220.115225559533,-25213.36602519549,282.32742836158417
1145000,572.4999999899181,-34689.13109512604,9124.500079525853,-25564.631015600185,277.12261231630646
1150000,574.999999989859,-34504.2844255676,9186.988812464357,-25317.295613103248,275.31441552662466
1155000,577.4999999897999,-34990.824053733144,9078.275235343197,-25912.548818389947,277.207554280526
1160000,579.9999999897408,-34688.231294035446,9215.918579884601,-25472.312714150845,274.33613760151405
1165000,582.4999999896817,-34592.78783969022,9323.664638417966,-25269.123201272258,278.3246538438421
1170000,584.9999999896226,-34655.10585997859,9082.627664674257,-25572.478195304335,272.9436326794693
1175000,587.4999999895634,-35166.36936039664,9333.959318614066,-25832.410041782572,280.4621784452188
1180000,589.9999999895043,-34775.843280865345,9138.43145088671,-25637.411829978635,273.5192487565509
1185000,592.4999999894452,-34664.60310311429,9198.871073968412,-25465.732029145882,280.49773024971046
1190000,594.9999999893861,-34815.234608969884,9037.969528582886,-25777.265080387,274.13714646648236
1195000,597.499999989327,-35083.688182616606,8934.733056703702,-26148.955125912904,270.5207900185028
1200000,599.9999999892678,-34764.00841026893,9233.011307668863,-25530.997102600064,281.99927373752433
1205000,602.4999999892087,-34775.10791579494,9207.974310085065,-25567.133605709878,279.1273213624166
1210000,604.9999999891496,-34778.63464929513,9262.760348107911,-25515.874301187214,279.11821239525557
1215000,607.4999999890905,-34856.225227642106,9231.6614955114,-25624.563732130708,280.63068055261624
1220000,609.9999999890314,-34427.130295868265,9009.511343990194,-25417.61895187807,275.0601390893787
1225000,612.4999999889723,-35136.908336465014,9229.8893797533,-25907.018956711712,283.2935609960141
1230000,614.9999999889131,-35211.283004265046,9110.897311828365,-26100.38569243668,273.99549797114946
1235000,617.499999988854,-34582.76509581739,9065.191070356843,-25517.574025460548,278.37066608786404
1240000,619.9999999887949,-34633.34705043188,9227.877211331017,-25405.469839100864,280.27674227617604
1245000,622.4999999887358,-34648.71660828404,9127.552029710967,-25521.164578573073,277.3739297995584
1250000,624.9999999886767,-34827.690904987045,9112.720012322587,-25714.97089266446,272.19090015208906
1255000,627.4999999886176,-35089.73852038593,9033.16121348149,-26056.57730690444,272.1111490404636
1260000,629.9999999885584,-34755.16880240524,9027.17743096478,-25727.99137144046,272.2764950854843
1265000,632.4999999884993,-34881.761138996575,8996.0648200087,-25885.696318987873,272.8473914306937
1270000,634.9999999884402,-34993.957366863266,9242.001268021178,-25751.956098842085,282.5684043417375
1275000,637.4999999883811,-34774.780205778545,9142.995445838702,-25631.784759939845,273.3982557778991
1280000,639.999999988322,-34482.02488514851,9090.251934607744,-25391.772950540762,273.4284093393517
1285000,642.4999999882629,-34460.98611889873,9188.543394947545,-25272.442723951182,277.4384386303733
1290000,644.9999999882037,-34255.25730368169,9073.854517757183,-25181.402785924507,275.9366316358888
1295000,647.4999999881446,-34632.77261788212,9168.896486900952,-25463.876130981167,282.1813240026983
1300000,649.9999999880855,-34468.44362454768,9323.769266265572,-25144.67435828211,285.2451854340705
1305000,652.4999999880264,-34479.53615179472,9300.247543602502,-25179.288608192215,279.0311307455756
1310000,654.9999999879673,-34449.29081071005,9298.952122803476,-25150.338687906577,281.05078720224714
1315000,657.4999999879082,-34215.99814186781,9036.496234520713,-25179.501907347094,271.7763476555923
1320000,659.999999987849,-34348.79260784644,9271.7734837858,-25077.019124060636,283.49489885538696
1325000,662.4999999877899,-34456.32055207179,8958.757920263946,-25497.562631807843,274.2511868441518
1330000,664.9999999877308,-35110.87056979118,9263.26173673952,-25847.608833051658,280.95241424110395
1335000,667.4999999876717,-34870.53149032546,9325.846453747205,-25544.68503657826,282.19205081195105
1340000,669.9999999876126,-34703.95037944126,9179.673798893396,-25524.276580547863,276.5067108144263
1345000,672.4999999875535,-34822.92521840916,9334.669146342778,-25488.256072066382,281.4955517543734
1350000,674.9999999874943,-34751.06838377472,9168.731025762638,-25582.337358012082,275.1610589092886
1355000,677.4999999874352,-34897.035459530074,9027.945161230717,-25869.090298299358,274.9403963099119
1360000,679.9999999873761,-35092.85747833387,9177.49564618647,-25915.3618321474,274.1328772957788
1365000,682.499999987317,-34688.951241806615,9285.137980177078,-25403.813261629537,277.55656664989044
1370000,684.9999999872579,-34593.853569942294,9141.333627758664,-25452.51994218363,277.63176457462293
1375000,687.4999999871987,-34191.5521998622,9296.217214871052,-24895.334984991146,279.8951571884112
1380000,689.9999999871396,-34764.46302008885,9326.486730936504,-25437.976289152346,277.721995658062
1385000,692.4999999870805,-34817.39507860737,9311.60017640781,-25505.79490219956,286.1144013285041
1390000,694.9999999870214,-34548.985674955184,9157.78987160125,-25391.195803353934,270.07752207963364
1395000,697.4999999869623,-34733.362033968326,8976.273204237521,-25757.088829730805,275.77530562686024
1400000,699.9999999869032,-34344.628346392186,9113.293369954443,-25231.33497643774,276.31288029006316
1405000,702.499999986844,-34648.89478815906,9309.869652865771,-25339.025135293286,282.337996995642
1410000,704.9999999867849,-34992.33827200835,9090.859479994504,-25901.47879201384,278.95682803032753
1415000,707.4999999867258,-34564.15808843332,9228.449584367652,-25335.70850406567,281.80819952055657
1420000,709.9999999866667,-34569.19676909223,9147.16136857432,-25422.03540051791,273.38900587675664
1425000,712.4999999866076,-34753.67558024521,9397.0313344337,-25356.644245811513,286.87926032770736
1430000,714.9999999865485,-34297.072705190396,9126.308825476603,-25170.76387971379,268.89442875959475
1435000,717.4999999864893,-34430.048835718306,8940.233550328327,-25489.81528538998,268.8593466442539
1440000,719.9999999864302,-34479.66913445364,9369.42569363875,-25110.243440814887,287.34855811473426
1445000,722.4999999863711,-34466.92858394142,9148.287399844361,-25318.64118409706,274.4676705426574
1450000,724.999999986312,-34672.22189200111,9078.166566581862,-25594.055325419245,276.97255114705945
1455000,727.4999999862529,-34889.90809926973,9008.952814236012,-25880.955285033713,276.8670650891311
1460000,729.9999999861938,-34569.922840670915,9582.212467638565,-24987.71037303235,295.45777785212016
1465000,732.4999999861346,-34599.61868375447,9277.356671454858,-25322.26201229961,280.78129469594063
1470000,734.9999999860755,-34528.52082653553,9019.954882858878,-25508.565943676655,274.9716768840208
1475000,737.4999999860164,-34203.660776694305,9298.805375820595,-24904.855400873712,279.96307211535117
1480000,739.9999999859573,-34812.172244128305,9443.492612892805,-25368.6796312355,288.7975823275856
1485000,742.4999999858982,-34385.2826543476,8994.675266596321,-25390.607387751275,277.52912014737825
1490000,744.999999985839,-34609.58181267069,9167.45878847421,-25442.123024196477,276.9976445734203
1495000,747.4999999857799,-34682.6696631955,8952.296271417788,-25730.37339177771,272.8318755419357
1500000,749.9999999857208,-34916.95222037542,9129.390181274697,-25787.562039100718,268.458824371343
1505000,752.4999999856617,-35145.943494590465,9275.978810676357,-25869.964683914106,275.9123646416493
1510000,754.9999999856026,-34866.74327326729,9155.129627152226,-25711.613646115064,282.6938533950313
1515000,757.4999999855435,-34707.554152568104,9362.421145054854,-25345.13300751325,285.87400905859556
1520000,759.9999999854844,-34463.816538944375,9187.578077188868,-25276.238461755507,278.153644973689
1525000,762.4999999854252,-34450.72497225623,9375.0130647729,-25075.711907483324,281.78649083666295
1530000,764.9999999853661,-34720.964903480606,9066.100844637145,-25654.86405884346,273.45563901730304
1535000,767.499999985307,-34722.709031138336,9395.097373686924,-25327.611657451413,282.37569389083205
1540000,769.9999999852479,-34497.11042101798,9216.119070774981,-25280.991350242995,280.18458837527993
1545000,772.4999999851888,-34294.27655685181,9464.702306805397,-24829.57425004641,290.2154607361219
1550000,774.9999999851296,-34395.39967771922,9044.667595682227,-25350.732082036993,272.6227298642267
1555000,777.4999999850705,-34476.45900004497,8878.70792822227,-25597.7510718227,274.4278117316056
1560000,779.9999999850114,-34784.93128770124,9430.05980255497,-25354.871485146272,280.61147930284073
1565000,782.4999999849523,-34671.221794502344,9243.431964141786,-25427.789830360558,282.33419769047913
1570000,784.9999999848932,-34538.28658346599,9104.796064293234,-25433.490519172756,273.3755399852222
1575000,787.4999999848341,-34683.660119817825,9331.771315523758,-25351.888804294067,286.78297056857775
1580000,789.999999984775,-34528.68561007921,9075.528896438149,-25453.15671364106,273.31314451182755
1585000,792.4999999847158,-34903.907281989,9390.280719821847,-25513.626562167152,286.5426374254781
1590000,794.9999999846567,-34568.368478238815,9242.553087356577,-25325.81539088224,279.8917686888804
1595000,797.4999999845976,-34256.10595245962,8902.781453480515,-25353.324498979106,264.4766391221016
1600000,799.9999999845385,-34388.27092755493,9178.074176948565,-25210.196750606363,276.38005941513427
1605000,802.4999999844794,-34551.305254453095,9313.129449191307,-25238.175805261788,286.9458696528943
1610000,804.9999999844202,-34694.80028654402,9214.947090178768,-25479.853196365253,281.10315492845666
1615000,807.4999999843611,-34850.25777018373,9401.00678220528,-25449.25098797845,286.4986367886815
1620000,809.999999984302,-34386.930722715566,9232.230449400116,-25154.70027331545,277.182862348901
1625000,812.4999999842429,-34916.266816788586,9169.396725425639,-25746.870091362947,278.62862423506385
1630000,814.9999999841838,-35144.07981584221,9046.844661914252,-26097.23515392796,280.3080716246316
1635000,817.4999999841247,-34972.56312678242,9185.21978334527,-25787.34334343715,283.47897699583507
1640000,819.9999999840655,-34685.3222812349,9101.643087672033,-25583.679193562864,273.87916778801156
1645000,822.4999999840064,-34744.31659467681,9203.34773060717,-25540.96886406964,280.8453000900305
1650000,824.9999999839473,-34540.931479897816,9326.425468181505,-25214.50601171631,272.8980270966759
1655000,827.4999999838882,-34603.15329447482,9026.531880454304,-25576.621414020512,272.9025351467996
1660000,829.9999999838291,-34335.78498975793,9315.282518809086,-25020.502470948843,284.15147794311173
1665000,832.49999998377,-34766.54085659445,9233.34112545211,-25533.19973114234,286.1333776892738
1670000,834.9999999837108,-34719.95365283755,9130.396583755326,-25589.55706908222,270.02319365515933
1675000,837.4999999836517,-35085.573840293335,8918.115830288487,-26167.458010004848,266.0811499194632
1680000,839.9999999835926,-34665.691892599454,8947.00907957165,-25718.682813027805,262.997951168776
1685000,842.4999999835335,-34838.36383292754,9089.35645681879,-25749.00737610875,275.90002113923555
1690000,844.9999999834744,-34372.84072466474,9233.354155692068,-25139.486568972672,277.1555248205338
1695000,847.4999999834153,-34729.92259337893,9428.002769760049,-25301.91982361888,287.5569453140722
1700000,849.9999999833561,-34968.58047364419,9468.961336750595,-25499.619136893598,289.2344143038053
1705000,852.499999983297,-34550.860551108606,9209.601926553949,-25341.258624554655,276.2558405447574
1710000,854.9999999832379,-34586.689882240025,8974.383246618861,-25612.306635621164,272.2798343997864
1715000,857.4999999831788,-34716.726679242216,9170.555244626066,-25546.17143461615,280.877867508274
1720000,859.9999999831197,-34210.9921612083,9314.309131409744,-24896.683029798554,273.77008359241194
1725000,862.4999999830605,-34674.73857061751,9147.834234541595,-25526.904336075917,282.30906552150566
1730000,864.9999999830014,-34448.56626825244,9181.587227965327,-25266.979040287115,277.1723384730355
1735000,867.4999999829423,-34602.50973918615,9052.929841675535,-25549.579897510615,272.9652366016704
1740000,869.9999999828832,-34442.49589294521,9117.89207971212,-25324.60381323309,270.4846091050039
1745000,872.4999999828241,-34490.816743158735,9275.599677116756,-25215.21706604198,280.1572448751935
1750000,874.999999982765,-34571.2583779362,9326.251656978022,-25245.006720958183,280.71128918477154
1755000,877.4999999827058,-34479.77727569663,9452.25590081645,-25027.52137488018,285.67620429566045
1760000,879.9999999826467,-34677.66661618138,9164.959886781342,-25512.706729400037,277.7322493849243
1765000,882.4999999825876,-34555.11171442177,9346.799354005489,-25208.312360416283,286.5202368094736
1770000,884.9999999825285,-34506.10601015901,9316.587804523704,-25189.518205635308,279.71317625074204
1775000,887.4999999824694,-34795.959202558035,9270.380885606475,-25525.57831695156,280.5898643944592
1780000,889.9999999824103,-34642.60011093714,9097.62995367727,-25544.97015725987,275.3257069703774
1785000,892.4999999823511,-34616.89399687736,9049.666652148175,-25567.22734472919,278.2437212267489
1790000,894.999999982292,-34522.54482889781,9135.623378526505,-25386.9214503713,279.44798282600453
1795000,897.4999999822329,-34798.463165020104,9075.465912189504,-25722.997252830603,275.58741157337164
1800000,899.9999999821738,-35239.28666319279,9355.853462340729,-25883.43320085206,284.3510734212439
1805000,902.4999999821147,-34907.824404086685,9383.088497837081,-25524.735906249603,278.31956003748144
1810000,904.9999999820556,-34710.50048662559,9124.236325439695,-25586.264161185896,274.397745495562
1815000,907.4999999819964,-34408.621750454186,9081.107839904043,-25327.513910550144,270.2815692334731
1820000,909.9999999819373,-34982.59959876328,9229.682263780176,-25752.917334983104,285.1592214253349
1825000,912.4999999818782,-34696.50093011442,9257.737009481662,-25438.763920632755,283.4360483994906
1830000,914.9999999818191,-34495.06462461152,9185.192655464594,-25309.871969146927,275.18791926110316
1835000,917.49999998176,-34749.28091777512,9153.136144374112,-25596.144773401007,274.3239388613622
1840000,919.9999999817009,-34869.47507389821,9502.370156184326,-25367.104917713885,288.00992578218677
1845000,922.4999999816417,-34484.509433798026,8993.038932443782,-25491.470501354244,272.27947038395945
1850000,924.9999999815826,-34932.745769903064,9172.801223492022,-25759.94454641104,276.55306349213004
1855000,927.4999999815235,-34847.78345872508,9151.368105810549,-25696.415352914533,273.8779432464151
1860000,929.9999999814644,-34474.41809932934,9276.639504005496,-25197.778595323845,277.6010521073709
1865000,932.4999999814053,-34440.78564656363,9238.059414589578,-25202.72623197405,284.7681847230718
1870000,934.9999999813461,-34736.92823437555,9186.102465647351,-25550.825768728195,274.6569776685202
1875000,937.499999981287,-34816.87822924461,9236.732415805847,-25580.145813438765,280.2511649128712
1880000,939.9999999812279,-34529.72444658866,9044.323445624459,-25485.4010009642,272.13539026402725
1885000,942.4999999811688,-34423.336720537394,9291.54334613245,-25131.793374404944,282.15435702288784
1890000,944.9999999811097,-34395.173061030684,9147.934497051174,-25247.23856397951,279.3682015672888
1895000,947.4999999810506,-34273.714464182034,9179.159017239948,-25094.555446942086,276.16621473056597
1900000,949.9999999809914,-34366.302588228835,9296.904493712242,-25069.398094516593,282.0848668603714
1905000,952.4999999809323,-34602.39677410107,9350.136583256217,-25252.260190844856,285.8444058977182
1910000,954.9999999808732,-34776.93031141511,9381.30369425102,-25395.62661716409,290.50583826399276
1915000,957.4999999808141,-34511.047103565186,9255.103021311043,-25255.944082254144,276.782962116713
1920000,959.999999980755,-34494.94494076446,9363.95704939152,-25130.987891372937,279.546922805628
1925000,962.4999999806959,-34959.91737831896,9303.293618659985,-25656.623759658978,283.17920235714774
1930000,964.9999999806367,-34706.52248627157,9271.574427880943,-25434.948058390626,275.74038291435886
1935000,967.4999999805776,-34707.74364264589,9373.77612338585,-25333.96751926004,280.95463171986427
1940000,969.9999999805185,-34716.30278652231,9397.428873172486,-25318.873913349824,283.9184534821683
1945000,972.4999999804594,-34398.76403235621,9211.957283995107,-25186.8067483611,274.7921249105774
1950000,974.9999999804003,-34650.807261002716,9280.33250302043,-25370.474757982287,280.0617467933756
1955000,977.4999999803412,-34963.794758206466,9155.950400256403,-25807.844357950064,279.8488306808076
1960000,979.999999980282,-34993.72056531673,9514.54046852665,-25479.180096790085,287.84292793769794
1965000,982.4999999802229,-34451.244856731035,9007.87162147366,-25443.373235257375,274.86502875029606
1970000,984.9999999801638,-34813.37349821208,9107.421493721733,-25705.952004490347,271.66819639970026
1975000,987.4999999801047,-34732.12778623332,9147.95523204939,-25584.172554183933,272.12397452617574
1980000,989.9999999800456,-34143.365852802526,8993.461088068461,-25149.904764734063,268.317460821603
1985000,992.4999999799865,-34620.22635215195,9144.385665652531,-25475.840686499418,278.1223702484771
1990000,994.9999999799273,-34257.846009438625,9241.140296799125,-25016.7057126395,273.7423355397203
1995000,997.4999999798682,-34463.06272730115,9256.936701589242,-25206.126025711907,274.98501760002506
2000000,999.9999999798091,-34569.14309626608,9187.15813768969,-25381.98495857639,274.7462859870031
2005000,1002.49999997975,-34406.843837962486,9156.475093801899,-25250.368744160587,270.12957129889065
2010000,1004.9999999796909,-34391.31314628851,9153.582863599826,-25237.73028268868,276.658485860209
2015000,1007.4999999796318,-34861.07403652673,9178.26005136365,-25682.813985163077,276.59645962510194
2020000,1009.9999999795726,-34703.701015898725,9375.759399328454,-25327.94161657027,282.1725944860629
2025000,1012.4999999795135,-35010.86658899486,9346.355859641742,-25664.51072935312,287.21541739478505
2030000,1014.9999999794544,-35023.596722612856,9220.210664171675,-25803.38605844118,278.1492403867422
2035000,1017.4999999793953,-34822.69007261866,9037.858528957382,-25784.831543661276,271.5082074974744
2040000,1019.9999999793362,-34332.40401751688,9003.28299693812,-25329.121020578757,270.33575238888983
2045000,1022.499999979277,-34315.198561846046,9120.17709094793,-25195.021470898115,273.80323644748876
2050000,1024.9999999794452,-34730.283012885135,9359.140218034663,-25371.14279485047,276.0468635892936
2055000,1027.4999999799545,-34681.25112141832,9044.117337955327,-25637.13378346299,269.6801355634106
2060000,1029.9999999804638,-34808.78161604889,9158.628681558444,-25650.15293449044,278.7506938455059
2065000,1032.4999999809731,-34891.10137143708,9285.305158386234,-25605.796213050846,280.632425734458
2070000,1034.9999999814825,-34645.328617097344,9144.175827184667,-25501.152789912678,270.45631149248084
2075000,1037.4999999819918,-34891.33256104193,9133.25285306845,-25758.079707973477,271.46753018899057
2080000,1039.999999982501,-35461.47815304389,8878.559952764488,-26582.918200279404,269.1551486620701
2085000,1042.4999999830104,-35100.695264172275,9261.01428760299,-25839.680976569285,280.2304108603126
2090000,1044.9999999835197,-34691.290800157,9452.09080581795,-25239.199994339055,285.52629340843447
2095000,1047.499999984029,-34482.893224969506,9065.61340720953,-25417.279817759976,278.1330936233963
2100000,1049.9999999845384,-34748.40785764251,9546.543782922698,-25201.86407471981,284.21076367320205
2105000,1052.4999999850477,-34538.29089957615,9022.027628585081,-25516.263270991072,270.69080595860953
2110000,1054.999999985557,-34438.78980957344,9273.16979658416,-25165.620012989282,279.74995117005443
2115000,1057.4999999860663,-34511.67065389757,9102.469533407319,-25409.201120490252,278.0099961888499
2120000,1059.9999999865756,-34419.078222756274,9339.176985846123,-25079.90123691015,280.0519379058767
2125000,1062.499999987085,-34639.377789095975,9194.84057973354,-25444.537209362436,273.6178809237966
2130000,1064.9999999875943,-34573.5255665991,9007.344546065347,-25566.181020533753,266.4339471637093
2135000,1067.4999999881036,-34229.52330999239,9289.658337620815,-24939.86497237158,277.6992554321248
2140000,1069.999999988613,-34809.113836576464,9353.344051947355,-25455.76978462911,285.55667676605094
2145000,1072.4999999891222,-34675.08789471723,9413.250921096707,-25261.836973620524,283.242993966703
2150000,1074.9999999896315,-34729.75264661922,9269.344321298566,-25460.408325320655,273.7202992965604
2155000,1077.4999999901409,-34475.62407320272,9219.88748585765,-25255.736587345073,278.7837343158606
2160000,1079.9999999906502,-34441.199331304524,8900.028731196715,-25541.17060010781,274.21582166311265
2165000,1082.4999999911595,-34621.765202943934,9116.921889091322,-25504.843313852612,275.8740846995027
2170000,1084.9999999916688,-34892.28510591015,9162.529170055084,-25729.755935855068,271.0020675833894
2175000,1087.4999999921781,-34818.523128536996,9213.108170515443,-25605.414958021553,277.80949919674214
2180000,1089.9999999926874,-34622.965854230104,9305.42281701264,-25317.543037217463,280.43805099844326
2185000,1092.4999999931968,-34671.68498673197,9098.579792498194,-25573.105194233773,272.842147262528
2190000,1094.999999993706,-34718.67252469901,9039.274728571067,-25679.397796127945,269.51111976487357
2195000,1097.4999999942154,-34960.980305149686,9313.572198539281,-25647.408106610405,279.78392398305886
2200000,1099.9999999947247,-34763.06329208403,9086.549043917747,-25676.514248166284,279.5529538012722
2205000,1102.499999995234,-34790.91026102984,9152.341404196992,-25638.56885683285,280.1657657740916
2210000,1104.9999999957433,-34651.661421553,9099.689881645649,-25551.97153990735,277.83406153228935
2215000,1107.4999999962527,-34729.77276049415,9075.656454034326,-25654.116306459822,276.58521596648956
2220000,1109.999999996762,-34591.69208257552,9240.185666896388,-25351.506415679134,273.7264500133632
2225000,1112.4999999972713,-34724.89266706281,9135.099514913732,-25589.793152149083,277.51167324687486
2230000,1114.9999999977806,-34430.69276427105,9214.136054841492,-25216.55670942956,280.5579262249556
2235000,1117.49999999829,-34620.57148307073,9375.75096216144,-25244.82052090929,286.07710311137106
2240000,1119.9999999987992,-34460.14713251707,9196.972676757898,-25263.174455759174,273.08655209865697
2245000,1122.4999999993086,-34772.48394929292,9232.321367786779,-25540.162581506138,272.9495036100493
2250000,1124.9999999998179,-34602.79918592679,9324.596133771687,-25278.203052155106,277.8985301776845
2255000,1127.5000000003272,-34592.74966939958,9065.042297336673,-25527.707372062905,273.57942618787735
2260000,1130.0000000008365,-34722.786620718194,8948.696118754746,-25774.09050196345,270.70064579633674
2265000,1132.5000000013458,-34736.862465553684,9138.856776331642,-25598.005689222042,277.55193636484705
2270000,1135.0000000018551,-34794.345239867456,9345.400678674905,-25448.94456119255,279.95261470243105
2275000,1137.5000000023645,-34592.69714055327,9375.107612926773,-25217.589527626493,285.3827727926092
2280000,1140.0000000028738,-34396.56946006557,9210.072885411324,-25186.496574654244,284.2412446533119
2285000,1142.500000003383,-34544.9883711671,9405.282168474503,-25139.706202692596,285.1445985123581
2290000,1145.0000000038924,-34072.708660464734,8956.151716425464,-25116.556944039272,265.9144551774399
2295000,1147.5000000044017,-34368.93985580723,9224.3412976508,-25144.598558156427,279.7036400178012
2300000,1150.000000004911,-34589.66335411393,9305.483567970858,-25284.179786143075,287.18791225905176
2305000,1152.5000000054204,-34741.29076614231,9328.666037807116,-25412.62472833519,277.4569242056066
2310000,1155.0000000059297,-34902.322296445025,9252.469665480468,-25649.852630964557,280.8310132818027
2315000,1157.500000006439,-34739.76177951181,9223.579164870385,-25516.182614641428,282.3787627729369
2320000,1160.0000000069483,-35112.54511299939,9375.323083259118,-25737.22202974027,284.24536323576325
2325000,1162.5000000074576,-34607.695571275195,9254.68198014364,-25353.013591131556,279.77277513933075
2330000,1165.000000007967,-34662.52063702373,9094.553998938296,-25567.966638085432,276.4636898050677
2335000,1167.5000000084763,-34362.412590859225,9241.259944860682,-25121.152645998543,280.1662528046217
2340000,1170.0000000089856,-34695.62755995663,9219.382887393374,-25476.244672563254,277.3997481895439
2345000,1172.500000009495,-34981.6238855687,9253.921342928286,-25727.70254264041,279.2245324729471
2350000,1175.0000000100042,-34683.658503002254,9088.512807629068,-25595.145695373187,265.5340436604028
2355000,1177.5000000105135,-34737.44555423618,9326.704384798923,-25410.74116943726,280.17945484976735
2360000,1180.0000000110228,-34677.31020652829,9238.08494404727,-25439.225262481017,279.88117961550756
2365000,1182.5000000115322,-34934.1719907308,9359.203537478996,-25574.968453251804,281.9988830934707
2370000,1185.0000000120415,-34885.48719680775,9163.88663319727,-25721.600563610482,275.1678508924094
2375000,1187.5000000125508,-34579.13644513185,9125.539665510434,-25453.596779621417,277.5018996330422
2380000,1190.0000000130601,-34384.73757075844,9260.036398006217,-25124.701172752226,280.66381291772666
2385000,1192.5000000135694,-34128.7888313157,8918.569517302094,-25210.219314013608,270.56519756602347
2390000,1195.0000000140788,-34574.470885690534,9391.213662608223,-25183.257223082313,282.8407718841902
2395000,1197.500000014588,-34854.0279624206,9209.942386327133,-25644.08557609347,281.2139913516972
2400000,1200.0000000150974,-34547.680898321094,9218.792672008149,-25328.888226312945,277.8105716530965
2405000,1202.5000000156067,-34448.941227969946,9068.139303101892,-25380.801924868054,272.63422751507807
2410000,1205.000000016116,-34911.37101072632,9115.528965101737,-25795.84204562458,275.2868840912814
2415000,1207.5000000166253,-34068.86042554327,9070.104233718015,-24998.756191825258,271.90402141368077
2420000,1210.0000000171347,-34560.05854643998,9034.509460131649,-25525.54908630833,270.60656139474077
2425000,1212.500000017644,-34583.71115673776,9194.905197593425,-25388.80595914433,278.2602481475001
2430000,1215.0000000181533,-34468.164455030346,9007.234938172563,-25460.92951685778,268.8087161065452
2435000,1217.5000000186626,-34803.201339314226,8987.78640861826,-25815.414930695966,271.5152844905397
2440000,1220.000000019172,-34788.795407836325,9297.094747603427,-25491.7006602329,282.6580151638292
2445000,1222.5000000196812,-34422.81342932233,9118.339517863109,-25304.473911459216,275.747900681823
2450000,1225.0000000201906,-34821.69525853754,8769.558585167626,-26052.136673369914,262.6528464162584
2455000,1227.5000000206999,-34757.820698781405,9186.59471380799,-25571.225984973415,278.38178862197617
2460000,1230.0000000212092,-34474.00478252326,9052.46214833613,-25421.54263418713,267.37459769935697
2465000,1232.5000000217185,-34649.89233892434,9079.28725720481,-25570.605081719532,268.3261278414109
2470000,1235.0000000222278,-34635.63131686859,9079.636655765851,-25555.994661102737,271.2611413033533
2475000,1237.5000000227371,-34874.17999908724,9393.427823702663,-25480.752175384576,285.1712053930664
2480000,1240.0000000232465,-34667.38236920722,9133.542501649856,-25533.839867557363,269.1971768638174
2485000,1242.5000000237558,-34565.93010633625,9217.86000955382,-25348.07009678243,272.8588783886167
2490000,1245.000000024265,-34744.48700451595,9033.258879980698,-25711.22812453525,271.2275074401178
2495000,1247.5000000247744,-34813.078023438575,8903.659803373466,-25909.41822006511,270.12463250199596
2500000,1250.0000000252837,-34575.08947326988,9044.596876199083,-25530.4925970708,274.81898845656855
2505000,1252.500000025793,-34659.54176144488,9117.328340320599,-25542.21342112428,274.6849873352617
2510000,1255.0000000263024,-34373.62449537194,9412.58409209808,-24961.040403273862,288.5519342774877
2515000,1257.5000000268117,-34670.89262204128,9228.551266985494,-25442.34135505579,276.7637545642106
2520000,1260.000000027321,-34552.4682034743,9064.893946257227,-25487.574257217075,269.66646481698064
2525000,1262.5000000278303,-34687.716839881614,9039.255918635325,-25648.46092124629,271.4823338448927
2530000,1265.0000000283396,-34629.379529073834,8888.355580328669,-25741.023948745165,270.90243870650846
2535000,1267.500000028849,-34620.62472947128,9232.571255331757,-25388.053474139524,280.4003686818101
2540000,1270.0000000293583,-34632.731457841815,9194.73422217455,-25437.997235667266,275.72912708452895
2545000,1272.5000000298676,-34683.94284025137,9296.082688868362,-25387.86015138301,286.93736800986676
2550000,1275.000000030377,-34426.4033572902,9122.27846085457,-25304.124896435627,274.173589737231
2555000,1277.5000000308862,-34647.96451702784,9161.005674097574,-25486.958842930264,275.73627796807267
2560000,1280.0000000313955,-34592.160141510656,8898.757126816388,-25693.403014694268,271.224129255313
2565000,1282.5000000319048,-34976.33083186229,9272.404006769713,-25703.926825092574,286.25578593787026
2570000,1285.0000000324142,-34846.967146403855,9144.399607383628,-25702.567539020227,277.778199116951
2575000,1287.5000000329235,-34456.70698059187,9185.975274178838,-25270.731706413033,280.1225204281934
2580000,1290.0000000334328,-34730.46551033622,9173.75812392435,-25556.707386411865,275.5685408346252
2585000,1292.5000000339421,-34589.40992712998,9186.450436112093,-25402.959491017886,275.82515132433286
2590000,1295.0000000344514,-34828.26043101703,9103.379632175418,-25724.88079884161,274.3999444849063
2595000,1297.5000000349607,-35129.39378217887,9169.41273475708,-25959.981047421792,273.71932369176415
2600000,1300.00000003547,-35197.83778774459,8958.433212001222,-26239.404575743367,270.39523373927864
2605000,1302.5000000359794,-34653.59127441398,8704.09710516797,-25949.49416924601,266.6489474854616
2610000,1305.0000000364887,-34176.240189806325,9236.313776858198,-24939.926412948127,279.65766440990626
2615000,1307.500000036998,-34686.4625772289,9229.03974497152,-25457.42283225738,278.13289179714326
2620000,1310.0000000375073,-34728.27361535723,9504.945350629725,-25223.32826472751,291.0281011637124
2625000,1312.5000000380167,-35038.72370501119,9267.608680966929,-25771.11502404426,283.6750922598583
2630000,1315.000000038526,-35221.2133105353,9116.046531290624,-26105.166779244675,273.10049931949123
2635000,1317.5000000390353,-34870.93868973851,9113.614080035672,-25757.32460970284,276.36986631960735
2640000,1320.0000000395446,-34783.75114782737,9231.875235921334,-25551.875911906034,273.8866525033826
2645000,1322.500000040054,-34919.19082657038,8894.389299347262,-26024.80152722312,269.3381484861451
2650000,1325.0000000405632,-34775.60401418782,9167.645813146959,-25607.95820104086,278.9773786326819
2655000,1327.5000000410726,-34983.59518635692,9089.747351150963,-25893.847835205957,275.2252386480243
2660000,1330.0000000415819,-34881.76575977192,9180.910329710694,-25700.85543006123,273.7456520607312
2665000,1332.5000000420912,-34927.60327803297,9195.347102567863,-25732.256175465107,271.3749575669439
2670000,1335.0000000426005,-35006.725182897644,9064.898720697442,-25941.826462200203,271.69499569170995
2675000,1337.5000000431098,-34694.2038539818,9131.583579897188,-25562.620274084613,281.15414445902775
2680000,1340.0000000436191,-34615.6589959471,9190.398046370068,-25425.260949577034,278.78018422668805
2685000,1342.5000000441285,-34485.2173699257,9316.829049611273,-25168.38832031442,281.4123698161643
2690000,1345.0000000446378,-34620.15572359576,9141.21963120648,-25478.93609238928,281.3676532654046
2695000,1347.500000045147,-34365.33141536778,9252.1694681472,-25113.16194722058,279.0630144499997
2700000,1350.0000000456564,-34594.351641296176,9078.80599247101,-25515.545648825166,275.4261197427489
2705000,1352.5000000461657,-34933.6206720341,9076.10771409503,-25857.51295793907,275.0736942274241
2710000,1355.000000046675,-34530.325509460876,9055.782038263873,-25474.543471197,275.56195299959643
2715000,1357.5000000471844,-35217.64454627363,9288.108124356288,-25929.536421917343,278.02110981710985
2720000,1360.0000000476937,-34417.59106552065,9093.152121178537,-25324.438944342117,272.94657024162564
2725000,1362.500000048203,-34476.14072025474,9165.808124148538,-25310.332596106204,278.1607915505077
2730000,1365.0000000487123,-34365.90162855829,9209.001176321251,-25156.900452237038,280.80930347837705
2735000,1367.5000000492216,-34666.537300127326,9404.82091565464,-25261.716384472686,285.70348148969106
2740000,1370.000000049731,-34491.9949121715,9387.840308026545,-25104.15460414496,283.3079942669733
2745000,1372.5000000502403,-34665.56202771026,8981.870706062953,-25683.691321647304,271.6359619439588
2750000,1375.0000000507496,-34629.24194771983,8985.518626126515,-25643.723321593312,272.16804906456974
2755000,1377.500000051259,-35059.24978855904,9321.703530619112,-25737.546257939932,281.29232176005956
2760000,1380.0000000517682,-34638.55749346479,9172.581262465781,-25465.976230999007,277.21932214024065
2765000,1382.5000000522775,-34457.602880665334,9394.777853283213,-25062.82502738212,278.70453224656427
2770000,1385.0000000527868,-34681.626401210204,9282.808429316741,-25398.817971893463,279.44316449655906
2775000,1387.5000000532962,-34719.11722278828,9170.081505193555,-25549.03571759472,278.87151632216063
2780000,1390.0000000538055,-34662.155668980675,9221.582774031245,-25440.57289494943,280.1907700181738
2785000,1392.5000000543148,-34569.5021901615,9212.014744212229,-25357.487445949268,281.5679751005341
2790000,1395.000000054824,-34732.508487573825,9442.340378560697,-25290.168109013128,285.0334639065032
2795000,1397.5000000553334,-34614.40352407959,9291.251076100463,-25323.15244797913,281.59409960973636
2800000,1400.0000000558427,-34599.706107726786,9153.690816123804,-25446.015291602984,271.72103629800745
2805000,1402.500000056352,-34705.518999095075,9106.739817501213,-25598.77918159386,282.0473035187467
2810000,1405.0000000568614,-34635.26593521051,9152.924571622189,-25482.341363588323,276.4080076606509
2815000,1407.5000000573707,-34887.80184606975,9044.654281700121,-25843.14756436963,273.6914873003481
2820000,1410.00000005788,-34832.698668943485,9494.810782151013,-25337.887886792472,280.40486194461624
2825000,1412.5000000583893,-34648.69835230429,9417.961565356201,-25230.736786948088,278.0259721915893
2830000,1415.0000000588986,-34737.94422702724,9205.511472599568,-25532.432754427675,276.6291397111202
2835000,1417.500000059408,-34477.76882246719,9029.833485530138,-25447.93533693705,266.32185562073806
2840000,1420.0000000599173,-34782.35859006457,9185.68257363524,-25596.67601642933,274.6697205728402
2845000,1422.5000000604266,-34916.79975232063,9127.728039219744,-25789.071713100886,276.0925744777771
2850000,1425.000000060936,-34636.168396557914,9060.54591064165,-25575.622485916265,277.3474422432307
2855000,1427.5000000614452,-34715.11397474585,8949.603383268732,-25765.51059147712,266.53606670543354
2860000,1430.0000000619546,-35096.62770211836,9010.695798626433,-26085.93190349193,271.9655267255945
2865000,1432.5000000624639,-34559.132292737486,9348.807627310827,-25210.32466542666,285.2498841877038
2870000,1435.0000000629732,-34346.26665318012,9144.544494311365,-25201.722158868757,279.03198889752593
2875000,1437.5000000634825,-34385.94058358483,9138.876178254994,-25247.06440532984,273.84455044104175
2880000,1440.0000000639918,-34630.147886362625,9106.853142389442,-25523.294743973183,276.56012163036337
2885000,1442.5000000645011,-34368.613715769956,9129.557688111909,-25239.056027658047,272.24900765357
2890000,1445.0000000650105,-35007.42097270861,9077.43129372929,-25929.98967897932,276.4692556333358
2895000,1447.5000000655198,-34483.14744908549,9192.597345692431,-25290.550103393056,270.9402566082745
2900000,1450.000000066029,-34598.23041717708,9120.070693128779,-25478.159724048302,280.3956232555401
2905000,1452.5000000665384,-34665.93373926962,9150.287639178794,-25515.646100090824,277.37235746361006
2910000,1455.0000000670477,-34649.31590071716,9243.041212658802,-25406.27468805836,279.4035938245306
2915000,1457.500000067557,-34839.133582009,9378.857657646062,-25460.27592436294,286.40932275489473
2920000,1460.0000000680664,-34823.68935442972,9212.094591298206,-25611.594763131514,273.84509191764414
2925000,1462.5000000685757,-35065.3757690622,9074.758481374167,-25990.617287688034,273.3860705849159
2930000,1465.000000069085,-35207.821386580355,9113.040332974942,-26094.781053605413,272.8183898388245
2935000,1467.5000000695943,-34644.162569044856,8885.813350577948,-25758.34921846691,271.65465871622285
2940000,1470.0000000701036,-34647.34953019768,9163.737300239522,-25483.61222995816,276.16472855210185
2945000,1472.500000070613,-34227.344823379535,9286.694455726138,-24940.650367653398,277.83370174347283
2950000,1475.0000000711223,-34237.37135578389,9239.174004970127,-24998.197350813767,280.00440867472474
2955000,1477.5000000716316,-34933.650529537816,9589.566996307502,-25344.083533230314,286.5353441648427
2960000,1480.000000072141,-34777.68860544544,9280.128717665897,-25497.559887779542,278.3797026006731
2965000,1482.5000000726502,-34471.375468220795,9195.64494229287,-25275.730525927924,284.32201438401313
2970000,1485.0000000731595,-34821.7798459765,9249.998416814375,-25571.78142916213,278.4577760042266
2975000,1487.5000000736688,-34721.52586503769,9195.630165909528,-25525.895699128167,273.058384273437
2980000,1490.0000000741782,-34440.090746445116,9216.293452314425,-25223.79729413069,276.23683166583584
2985000,1492.5000000746875,-34742.02812703606,9137.832453627883,-25604.195673408176,278.4656165977995
2990000,1495.0000000751968,-34667.95711910934,9240.48520298657,-25427.47191612277,279.67913896520787
2995000,1497.500000075706,-34703.20003965055,9082.566278313405,-25620.633761337143,276.9719694242387
3000000,1500.0000000762154,-34661.18596356036,8929.63949533055,-25731.54646822981,264.8012714849806
3005000,1502.5000000767247,-35014.835731361294,9062.672425464229,-25952.163305897066,274.51867138228806
3010000,1505.000000077234,-34763.50931106554,8972.460734013632,-25791.04857705191,266.7667587137883
3015000,1507.5000000777434,-34808.926269343356,9302.707274513283,-25506.218994830073,281.86024376315214
3020000,1510.0000000782527,-34536.81849621725,9380.011749628959,-25156.806746588292,282.5592731780356
3025000,1512.500000078762,-34525.26467847894,9036.20380244862,-25489.060876030322,272.60411869875026
3030000,1515.0000000792713,-34457.470619831234,9049.82930470581,-25407.641315125424,270.85498011908385
3035000,1517.5000000797806,-34318.387377465144,9236.698275842922,-25081.68910162222,280.37064142084193
3040000,1520.00000008029,-34725.95796154789,9180.806977808968,-25545.150983738917,276.43073861492445
3045000,1522.5000000807993,-34790.63304007659,9369.995395851718,-25420.63764422487,281.0202588255622
3050000,1525.0000000813086,-34800.58635888877,9013.265109983142,-25787.32124890563,269.3103171511872
3055000,1527.500000081818,-34814.64117642981,9037.609205803794,-25777.031970626016,278.1938381501539
3060000,1530.0000000823272,-34782.049022081075,9143.141044635704,-25638.90797744537,271.60976050982487
3065000,1532.5000000828366,-34703.28378472361,9261.203620088774,-25442.080164634834,284.21254892234373
3070000,1535.0000000833459,-34542.317342776805,9006.453745735424,-25535.86359704138,267.5990593643557
3075000,1537.5000000838552,-34516.2398993948,9057.805401544741,-25458.43449785006,277.42226270434315
3080000,1540.0000000843645,-34766.522397697205,9085.041135736588,-25681.481261960616,270.5323791506867
3085000,1542.5000000848738,-35095.199413035996,9367.707149055263,-25727.492263980734,286.23641712957357
3090000,1545.0000000853831,-34685.62954624626,9197.012810771339,-25488.61673547492,275.22193528720027
3095000,1547.5000000858925,-34350.26532941498,9160.906354681883,-25189.358974733095,273.7753571223914
3100000,1550.0000000864018,-34528.74228810356,9103.153045019382,-25425.589243084178,271.4570201435383
3105000,1552.500000086911,-34515.78742650221,9213.499772109426,-25302.287654392785,278.0878904361007
3110000,1555.0000000874204,-34595.894242064096,9307.540265699918,-25288.35397636418,281.71904547798766
3115000,1557.5000000879297,-34573.13143989607,9429.897467280773,-25143.233972615293,284.857569821486
3120000,1560.000000088439,-34790.07428095536,9456.901089170155,-25333.17319178521,288.0558469990708
3125000,1562.5000000889484,-34653.60976425139,9413.191119631869,-25240.418644619524,290.1185316947712
3130000,1565.0000000894577,-34853.836508929264,9327.800209569683,-25526.03629935958,279.84382746931794
3135000,1567.500000089967,-34969.19233598793,9072.877129959012,-25896.315206028918,272.77830209304216
3140000,1570.0000000904763,-35079.56606924976,9049.409801633565,-26030.1562676162,276.30634883296455
3145000,1572.5000000909856,-35386.43378892308,9021.372230879206,-26365.061558043875,276.51306325446217
3150000,1575.000000091495,-34997.39326542732,9262.843479038795,-25734.54978638853,281.7723702744265
3155000,1577.5000000920043,-34646.14329009713,9150.756628136802,-25495.386661960325,268.18622499800216
3160000,1580.0000000925136,-34501.521875313716,9377.55547205422,-25123.966403259496,288.20643629043883
3165000,1582.500000093023,-34770.67597809853,8894.11451610019,-25876.56146199834,273.04406687467394
3170000,1585.0000000935322,-34748.764942696784,8915.673526637533,-25833.09141605925,269.04700435549927
3175000,1587.5000000940415,-35000.26116235019,9122.955243316195,-25877.30591903399,268.71684072527944
3180000,1590.0000000945508,-34809.033616508124,9205.540495899266,-25603.49312060886,276.88069003049503
3185000,1592.5000000950602,-34958.57618385926,9208.38385942051,-25750.19232443875,277.65724052546864
3190000,1595.0000000955695,-34935.38911460107,9392.236511898494,-25543.152602702576,275.20636653324766
3195000,1597.5000000960788,-35011.89637033269,9580.288128199776,-25431.608242132912,289.37580516111694
3200000,1600.000000096588,-34956.001854703296,9139.315720718989,-25816.68613398431,279.8899199575513
3205000,1602.5000000970974,-34986.16574745951,9060.27096921657,-25925.894778242942,272.64213591623843
3210000,1605.0000000976067,-34662.04385188222,8928.551074330859,-25733.49277755136,268.7167226650243
3215000,1607.500000098116,-34859.890202167444,9429.922024434065,-25429.96817773338,282.5254405206058
3220000,1610.0000000986254,-34431.965289674234,9191.947194837983,-25240.01809483625,279.3607535837501
3225000,1612.5000000991347,-34986.94223549683,9146.934600099088,-25840.00763539774,281.8854206125973
3230000,1615.000000099644,-34617.376731517725,9070.423037903125,-25546.9536936146,277.6531993139562
3235000,1617.5000001001533,-34645.60784463631,9241.403173763072,-25404.204670873238,279.3986173120306
3240000,1620.0000001006626,-34528.47559102997,9163.611386143742,-25364.86420488623,275.0731526828618
3245000,1622.500000101172,-34929.194598728325,9275.814210560577,-25653.38038816775,280.73799303410135
3250000,1625.0000001016813,-34938.01035083714,9077.308574777406,-25860.701776059734,270.5655661407781
3255000,1627.5000001021906,-34563.66239872738,9169.102208582555,-25394.560190144824,275.0187374632399
3260000,1630.0000001027,-34750.39640965033,9114.178742326752,-25636.21766732358,274.2154509185893
3265000,1632.5000001032092,-34762.1882246458,9235.323336446123,-25526.864888199674,270.8188453275996
3270000,1635.0000001037185,-35074.711891214596,9032.290497886312,-26042.421393328284,275.46969052577674
3275000,1637.5000001042279,-34882.493289819686,9043.063001664781,-25839.430288154905,272.6505996383003
3280000,1640.0000001047372,-34765.058538825484,9194.770154259799,-25570.288384565683,278.2575950731732
3285000,1642.5000001052465,-34674.90046272869,8961.97977477069,-25712.920687958,274.1536560555959
3290000,1645.0000001057558,-34404.09353421233,9129.383094513509,-25274.710439698818,269.3014723919069
3295000,1647.5000001062651,-34703.29569618078,9144.983119338614,-25558.312576842167,273.6663254386901
3300000,1650.0000001067745,-34651.53109309869,9006.8129749681,-25644.71811813059,270.63921789305067
3305000,1652.5000001072838,-34472.897759229876,9158.91377818081,-25313.983981049067,275.87027039432195
3310000,1655.000000107793,-34684.87794657098,9226.10105283877,-25458.77689373221,277.8725526313127
3315000,1657.5000001083024,-34533.72460089787,9240.317441212523,-25293.407159685346,280.05156644341344
3320000,1660.0000001088117,-34613.539031103486,9078.78905246934,-25534.749978634147,276.66044815220226
3325000,1662.500000109321,-34594.77053813683,9067.471799110315,-25527.29873902651,276.0920668850333
3330000,1665.0000001098304,-34484.75975512201,9301.786215840286,-25182.973539281724,281.2798362960889
3335000,1667.5000001103397,-34402.448647880694,9466.931659700735,-24935.51698817996,284.33958840959394
3340000,1670.000000110849,-34644.123525783885,9209.637976445862,-25434.485549338024,278.64179315849344
3345000,1672.5000001113583,-34661.030669006985,9316.429731211252,-25344.60093779573,286.8826113949874
3350000,1675.0000001118676,-34906.49456272856,9118.841776245794,-25787.65278648277,276.2414393152064
3355000,1677.500000112377,-34769.62440793007,9194.162338251812,-25575.462069678255,273.74681749267734
3360000,1680.0000001128863,-34342.22296558344,9054.313490791323,-25287.909474792115,270.30753232211543
3365000,1682.5000001133956,-34577.987503656885,9230.340205399534,-25347.64729825735,279.6037748730523
3370000,1685.000000113905,-34431.74619836337,9144.773508907383,-25286.972689455986,273.5714219591217
3375000,1687.5000001144142,-34259.19955571764,9039.808421179114,-25219.391134538528,267.2179443262682
3380000,1690.0000001149235,-34429.63349908264,9430.133984704218,-24999.499514378425,280.919875011743
3385000,1692.5000001154328,-35023.728718261,9216.003884415724,-25807.724833845277,279.1452205254288
3390000,1695.0000001159422,-34454.681035653455,9107.0530158925,-25347.628019760956,274.51731385772746
3395000,1697.5000001164515,-34840.86542526679,9249.865722161474,-25590.999703105317,276.5839767480061
3400000,1700.0000001169608,-35060.148003350245,9122.570487173354,-25937.57751617689,275.9897791898742
3405000,1702.50000011747,-34915.167270941194,9030.99594791391,-25884.171323027284,272.5070665135798
3410000,1705.0000001179794,-34541.30418830039,9319.754499316514,-25221.549688983876,282.0632161993082
3415000,1707.5000001184887,-34534.58426673943,9193.78262552536,-25340.80164121407,280.9289844162702
3420000,1710.000000118998,-34788.00013166736,9336.980016079877,-25451.020115587482,284.62558182414256
3425000,1712.5000001195074,-34799.791479178006,9572.004517404108,-25227.786961773898,287.7848170688491
3430000,1715.0000001200167,-34594.95036508818,8870.32607816149,-25724.624286926693,270.75634798346414
3435000,1717.500000120526,-34872.99071820523,9053.378056789712,-25819.612661415515,271.421882421267
3440000,1720.0000001210353,-34942.301089408575,9214.219543090938,-25728.081546317637,275.3273629772668
3445000,1722.5000001215446,-34556.015492215985,9057.652161166825,-25498.36333104916,273.9691213399105
3450000,1725.000000122054,-34981.10198851139,9105.293324464783,-25875.80866404661,271.34530874896984
3455000,1727.5000001225633,-34808.12041108427,9535.695514201161,-25272.424896883105,288.3088650502664
3460000,1730.0000001230726,-34555.18032873189,9151.256997296185,-25403.923331435704,273.11718686132224
3465000,1732.500000123582,-34542.413318420295,9112.86779916681,-25429.545519253486,274.5291320649712
3470000,1735.0000001240912,-34462.493430640316,9343.844070245998,-25118.649360394316,281.62078291658736
3475000,1737.5000001246005,-34474.63854447589,8949.708837879922,-25524.92970659597,271.4835040006189
3480000,1740.0000001251099,-34879.18311683531,9404.728200776082,-25474.45491605923,283.4875903241702
3485000,1742.5000001256192,-34657.440103234025,9340.866023437462,-25316.574079796563,280.60404240391154
3490000,1745.0000001261285,-34782.308079733746,9234.895586919105,-25547.41249281464,275.02405744523384
3495000,1747.5000001266378,-34887.512063522125,9013.309837202898,-25874.202226319227,275.330911932834
3500000,1750.0000001271471,-34523.4238065877,9232.245559796582,-25291.178246791118,276.3212572863251
3505000,1752.5000001276564,-34705.07561729918,9059.390367842525,-25645.685249456656,272.8393085042397
3510000,1755.0000001281658,-34645.98864381411,9352.862190470292,-25293.12645334382,282.7839351491641
3515000,1757.500000128675,-34890.39269727841,9166.843595498973,-25723.549101779437,272.77560101825634
3520000,1760.0000001291844,-34994.029525906546,9276.532097450197,-25717.49742845635,276.64452615105745
3525000,1762.5000001296937,-34933.23878074088,8945.439910654954,-25987.798870085928,268.4708015652339
3530000,1765.000000130203,-34964.36686284817,9138.383345948576,-25825.983516899592,279.495795810516
3535000,1767.5000001307124,-34831.71255654027,8976.827765407721,-25854.884791132547,272.5717971701096
3540000,1770.0000001312217,-34591.87016929127,9453.372094218748,-25138.498075072523,284.28291584860466
3545000,1772.500000131731,-34777.12382884091,9338.530562681655,-25438.593266159252,284.8610398960906
3550000,1775.0000001322403,-34625.17894250108,9167.51693136913,-25457.66201113195,277.13920062892026
3555000,1777.5000001327496,-34666.842996726045,9105.63678410052,-25561.206212625526,273.7070831240005
3560000,1780.000000133259,-34556.95926143997,9257.810504399924,-25299.14875704005,281.6136794739944
3565000,1782.5000001337683,-34529.49992638221,9263.233707144478,-25266.266219237732,285.5464523026842
3570000,1785.0000001342776,-34504.981238866225,9248.590982716782,-25256.390256149443,278.87842640731515
3575000,1787.500000134787,-34917.819753958145,9101.319003211654,-25816.50075074649,272.96363813642137
3580000,1790.0000001352962,-34939.95958424662,9141.937623695732,-25798.02196055089,267.0893987514754
3585000,1792.5000001358055,-34919.51885362039,9252.955666877444,-25666.563186742947,277.5294149246434
3590000,1795.0000001363148,-35140.352591471514,9237.84447789624,-25902.508113575273,281.5108871080545
3595000,1797.5000001368242,-34684.10120558203,9322.994478591598,-25361.106726990434,280.55572383023747
3600000,1800.0000001373335,-34361.98601858388,9005.478854085855,-25356.50716449802,275.0537461386847
3605000,1802.5000001378428,-34612.76115109958,9045.978612191233,-25566.782538908345,277.03148139234736
3610000,1805.000000138352,-34765.837518424494,9158.885482433696,-25606.9520359908,278.42042123360744
3615000,1807.5000001388614,-34914.25821596384,9240.818109739823,-25673.440106224018,280.557187105237
3620000,1810.0000001393707,-34362.6273809711,9107.87156999145,-25254.75581097965,267.45639223777505
3625000,1812.50000013988,-34321.3442861042,9206.478217590355,-25114.866068513846,270.2078682484668
3630000,1815.0000001403894,-34676.47473758203,9263.548429660554,-25412.926307921476,279.8073825423819
3635000,1817.5000001408987,-34631.407374484465,9295.215136759838,-25336.192237724626,280.0075686359582
3640000,1820.000000141408,-34853.58188998187,9012.672295254988,-25840.90959472688,274.4659338178583
3645000,1822.5000001419173,-34760.50425323681,9005.246490846635,-25755.257762390174,275.93373752833804
3650000,1825.0000001424266,-34411.88169310661,9077.757614957081,-25334.12407814953,278.65806771005333
3655000,1827.500000142936,-34641.80853058398,9101.477707945076,-25540.3308226389,275.01735745015145
3660000,1830.0000001434453,-34617.594859200064,9458.418409175794,-25159.17645002427,284.60338329717797
3665000,1832.5000001439546,-34372.767391687725,9434.54689635456,-24938.220495333164,285.0051471483489
3670000,1835.000000144464,-34407.02672780864,9293.330453098548,-25113.69627471009,284.6908842774447
3675000,1837.5000001449732,-34871.2710254651,9430.594483814482,-25440.67654165062,287.46561469577847
3680000,1840.0000001454825,-34719.10697847721,8960.877910424253,-25758.22906805296,269.24709053569154
3685000,1842.5000001459919,-34973.77462915541,9002.808725512432,-25970.965903642973,273.07784898867334
3690000,1845.0000001465012,-34730.33783918875,8998.041097513398,-25732.296741675353,268.9470872513931
3695000,1847.5000001470105,-34784.24558105925,9364.473251376956,-25419.772329682295,281.60323494982157
3700000,1850.0000001475198,-34737.254761961754,9198.962959302833,-25538.29180265892,278.1012992075006
3705000,1852.5000001480291,-34967.882487690775,9287.133271994931,-25680.749215695843,281.21029271703986
3710000,1855.0000001485384,-34947.23269801098,9210.221313907488,-25737.01138410349,282.8743100902039
3715000,1857.5000001490478,-34797.62012850377,9182.780433826232,-25614.839694677536,280.716677820425
3720000,1860.000000149557,-34607.87235753215,8923.884552376274,-25683.987805155877,270.8935118969787
3725000,1862.5000001500664,-34540.802287100116,9274.656826575163,-25266.145460524953,283.6028695961313
3730000,1865.0000001505757,-34381.237488815095,9461.477393109833,-24919.760095705264,285.4213921368645
3735000,1867.500000151085,-34841.239197497256,9265.270932265292,-25575.968265231964,277.7916513856748
3740000,1870.0000001515943,-34817.765780802816,9173.066295646542,-25644.699485156274,269.5666331662634
3745000,1872.5000001521037,-34950.94030165905,8972.338929670688,-25978.601371988363,267.5408825789587
3750000,1875.000000152613,-34648.72501505469,9124.282569097755,-25524.442445956935,274.0960356859646
3755000,1877.5000001531223,-34456.64515302796,9331.841819306639,-25124.80333372132,275.85386982538876
3760000,1880.0000001536316,-34604.84759633639,9221.424925937361,-25383.422670399028,281.7149764540204
3765000,1882.500000154141,-34626.920809051255,9178.556362858904,-25448.36444619235,281.40297336571166
3770000,1885.0000001546503,-34617.43410810782,9530.006586640473,-25087.427521467343,284.0646514118087
3775000,1887.5000001551596,-34795.498836648185,8905.291302553118,-25890.20753409507,263.69883416103085
3780000,1890.0000001556689,-34889.88427430624,9125.843848534405,-25764.040425771836,279.71524756389243
3785000,1892.5000001561782,-34815.462835453916,9350.203190216234,-25465.259645237682,280.9740075116725
3790000,1895.0000001566875,-34516.964369706344,9088.06203313847,-25428.902336567873,275.0071759875602
3795000,1897.5000001571968,-34947.417295803316,8972.113445228577,-25975.30385057474,270.4890255378795
3800000,1900.0000001577062,-34952.188762456644,9177.039584652484,-25775.14917780416,276.610008955149
3805000,1902.5000001582155,-34895.7151184883,9162.730392172216,-25732.98472631608,270.3544867851209
3810000,1905.0000001587248,-34744.48618252948,9292.169901025842,-25452.316281503638,282.0203953657791
3815000,1907.500000159234,-34840.58674753364,9301.719249928607,-25538.867497605035,282.71069610085027
3820000,1910.0000001597434,-34549.919826645404,9305.486056196081,-25244.433770449323,277.033429520987
3825000,1912.5000001602527,-34991.2110428263,9220.6113378894,-25770.599704936896,277.3160851340765
3830000,1915.000000160762,-34325.18525529746,9221.33002490074,-25103.85523039672,279.4025153002152
3835000,1917.5000001612714,-34706.50049214554,8938.783704609541,-25767.716787536,268.1771694883535
3840000,1920.0000001617807,-34608.59350273805,9222.570800368354,-25386.022702369693,275.6993977467097
3845000,1922.50000016229,-34330.78275910043,8862.819775720509,-25467.962983379923,268.9270870107203
3850000,1925.0000001627993,-34837.041691102786,9431.782753404828,-25405.25893769796,281.9610395374534
3855000,1927.5000001633086,-34786.35547181009,9070.261926457722,-25716.09354535237,277.3121641727052
3860000,1930.000000163818,-34693.43230835581,9403.09164380639,-25290.34066454942,280.6177270189074
3865000,1932.5000001643273,-34634.19424230675,9302.193590113486,-25332.000652193266,273.05213686911645
3870000,1935.0000001648366,-34428.792129001115,9074.829931268565,-25353.96219773255,272.7962464514879
3875000,1937.500000165346,-34594.116184633924,9478.010624960698,-25116.105559673226,284.4060922929668
3880000,1940.0000001658552,-34488.60946079157,9269.725671978777,-25218.883788812796,278.4706749245508
3885000,1942.5000001663645,-34310.36549108103,9189.951661894615,-25120.413829186415,280.43093591370115
3890000,1945.0000001668739,-34641.01210389077,9295.561694119855,-25345.450409770914,285.62845522025265
3895000,1947.5000001673832,-34557.27631215216,9299.647058659142,-25257.629253493014,274.5182613001888
3900000,1950.0000001678925,-34708.51937244646,9230.505092035974,-25478.01428041049,278.88371562473174
3905000,1952.5000001684018,-34813.39198746625,9082.443095940165,-25730.948891526088,279.1853116718947
3910000,1955.0000001689111,-34524.80023037852,9182.457757415648,-25342.342472962868,276.5307784665453
3915000,1957.5000001694204,-34753.999846387655,9309.152974562212,-25444.846871825444,278.9931261601524
3920000,1960.0000001699298,-34874.46613476728,9160.409341380688,-25714.056793386593,274.84602797231304
3925000,1962.500000170439,-34589.10876197205,9260.116331314606,-25328.992430657443,280.3927985140212
3930000,1965.0000001709484,-35118.46578655811,9450.153052135902,-25668.31273442221,284.87160553533477
3935000,1967.5000001714577,-34632.412201405736,9446.09931132823,-25186.312890077505,287.1651814480887
3940000,1970.000000171967,-34528.436915606726,9191.907865385709,-25336.52905022102,273.31278686093657
3945000,1972.5000001724763,-34670.11542399577,9067.294429622962,-25602.820994372807,272.77554961098696
3950000,1975.0000001729857,-35162.571113828104,9186.023305265328,-25976.547808562776,275.59568749079057
3955000,1977.500000173495,-34724.75104522752,9326.854409126096,-25397.89663610142,280.04381743962557
3960000,1980.0000001740043,-34843.07122516702,9262.449026490205,-25580.622198676814,277.83269441703277
3965000,1982.5000001745136,-34712.029680094216,9416.565517254487,-25295.46416283973,285.5667826542828
3970000,1985.000000175023,-34794.416709554614,9031.348946984539,-25763.067762570077,274.0058418109549
3975000,1987.5000001755323,-34269.3748487914,8988.493070091201,-25280.881778700197,267.6947518909522
3980000,1990.0000001760416,-34899.09258611826,9140.011429685364,-25759.081156432898,272.18200282398294
3985000,1992.5000001765509,-34966.31692389981,9045.961502455522,-25920.355421444285,275.22677716830873
3990000,1995.0000001770602,-34677.69787606085,9127.731617352885,-25549.966258707962,269.8576087217394
3995000,1997.5000001775695,-34716.11320027476,9023.177567295035,-25692.935632979727,272.26515590226535
4000000,2000.0000001780788,-34649.055760897696,9164.620584148912,-25484.435176748782,275.38744074106205
4005000,2002.5000001785882,-34434.3449560937,9280.555968462872,-25153.78898763083,277.7093021671278
4010000,2005.0000001790975,-34906.521592293866,9156.023175510567,-25750.4984167833,276.09724327245993
4015000,2007.5000001796068,-34636.42906931997,9110.06573984896,-25526.363329471013,276.3459949633267
4020000,2010.000000180116,-35002.04163895524,9134.968689400279,-25867.07294955496,273.4017139804628
4025000,2012.5000001806254,-34991.65762253781,9252.069489222209,-25739.5881333156,276.94611354311445
4030000,2015.0000001811347,-34512.6721555111,9006.20885094129,-25506.46330456981,273.4304690501242
4035000,2017.500000181644,-34610.86318712705,9211.106648152629,-25399.75653897442,279.83418804987843
4040000,2020.0000001821534,-34706.496805791045,9098.491615579222,-25608.00519021182,280.6825623695872
4045000,2022.5000001826627,-34712.39964011847,9280.85132063863,-25431.54831947984,273.67439767675205
4050000,2025.000000183172,-34328.17206587503,9260.43229812126,-25067.739767753767,272.9492980852095
4055000,2027.5000001836813,-34612.71882489184,9250.453784003184,-25362.265040888655,277.6409513214119
4060000,2030.0000001841906,-34726.92545915069,9404.56817762964,-25322.35728152105,284.3521105454847
4065000,2032.5000001847,-34730.603410020936,9382.413871397623,-25348.189538623315,283.97607891083
4070000,2035.0000001852093,-34661.59178178292,9350.065450457265,-25311.52633132565,282.38743353345075
4075000,2037.5000001857186,-34578.19675142132,9443.56308198117,-25134.633669440147,285.6815592683468
4080000,2040.000000186228,-34704.813893699786,9247.595141776364,-25457.21875192342,277.9318317146558
4085000,2042.5000001867372,-34697.068407900166,9408.23930287387,-25288.829105026296,280.87996357412516
4090000,2045.0000001872465,-34706.52986583905,9092.648519887442,-25613.88134595161,271.1381068654295
4095000,2047.5000001877559,-35000.5629529173,9151.563746791504,-25848.999206125798,278.12063783488264
4100000,2050.000000188265,-34576.35751813417,9345.779335241046,-25230.57818289313,279.56770761099045
4105000,2052.5000001887743,-34777.893646804616,8975.812745699652,-25802.080901104964,271.3155632712499
4110000,2055.0000001892836,-34872.12889254303,9236.900753979566,-25635.228138563463,279.722030919274
4115000,2057.500000189793,-34734.24391594343,9264.388072369273,-25469.855843574158,280.7968692498736
4120000,2060.000000190302,-34486.46018945798,9238.705738803426,-25247.754450654556,276.96973327774833
4125000,2062.5000001908115,-34981.06535621383,9373.992284353766,-25607.073071860068,280.9256727109463
4130000,2065.000000191321,-34532.44087217073,9121.299671355519,-25411.14120081521,269.93282842595846
4135000,2067.50000019183,-34590.56899138726,9198.301769617094,-25392.26722177017,274.4208996642013
4140000,2070.0000001923395,-34679.56257821107,8905.926730502704,-25773.63584770837,266.81425613317833
4145000,2072.500000192849,-34713.77895805938,9299.413385722899,-25414.365572336483,281.8488970488119
4150000,2075.000000193358,-34121.50082399673,9253.088728686553,-24868.412095310174,281.3309040335729
4155000,2077.5000001938674,-34421.00063195941,9156.87052838352,-25264.130103575888,276.3019146236875
4160000,2080.0000001943768,-34218.752461386845,9097.649301878613,-25121.10315950823,273.2753976190606
4165000,2082.500000194886,-34534.534033708274,9246.871817912983,-25287.66221579529,272.8061199845659
4170000,2085.0000001953954,-34479.94014932797,9114.051532293197,-25365.888617034776,279.31199807096044
4175000,2087.5000001959047,-34691.609868781175,9246.284486740467,-25445.325382040708,279.56193531488304
4180000,2090.000000196414,-34759.4270125234,9275.2712817071,-25484.155730816303,280.2283840239839
4185000,2092.5000001969233,-34710.617721989285,9017.951693563795,-25692.66602842549,272.4593773962712
4190000,2095.0000001974327,-34372.02915006387,9033.959146262208,-25338.070003801662,275.1193131979696
4195000,2097.500000197942,-34882.36773924157,9228.919320666937,-25653.448418574633,275.43053065438255
4200000,2100.0000001984513,-34544.519153402885,9009.753300666862,-25534.765852736025,273.0866193681956
4205000,2102.5000001989606,-34751.40663483692,9214.660720931955,-25536.745913904968,281.76394362937157
4210000,2105.00000019947,-34174.74385618628,9126.969664147697,-25047.77419203858,277.6382052597012
4215000,2107.5000001999792,-34520.95825974783,9203.459074079634,-25317.499185668195,281.2575788639308
4220000,2110.0000002004886,-34298.23359280266,9305.503355099874,-24992.730237702785,279.083728166355
4225000,2112.500000200998,-34626.93121396634,9330.118262727534,-25296.812951238804,283.27935150417994
4230000,2115.000000201507,-34693.261605036445,9352.658894702063,-25340.60271033438,280.3486938446819
4235000,2117.5000002020165,-34793.39830948715,9167.409259850961,-25625.98904963619,278.15028502397945
4240000,2120.000000202526,-35139.89128008555,9252.91171619288,-25886.979563892666,278.0208916941573
4245000,2122.500000203035,-35098.36172585236,9421.428922903018,-25676.93280294934,281.8569725963237
4250000,2125.0000002035445,-34496.875618757214,9064.030897438055,-25432.84472131916,274.3230605219463
4255000,2127.500000204054,-34816.51193007198,9176.27640295399,-25640.23552711799,275.60391261667206
4260000,2130.000000204563,-34857.66900725849,9017.588666482981,-25840.08034077551,275.3289948850386
4265000,2132.5000002050724,-35167.23235197808,9090.33025795125,-26076.902094026827,275.8896487874031
4270000,2135.0000002055817,-34602.29509328096,9341.47429803004,-25260.820795250922,282.989033350246
4275000,2137.500000206091,-34493.914568787906,9132.921639695047,-25360.99292909286,274.3751617064547
4280000,2140.0000002066004,-34599.119288359536,9123.994623654637,-25475.124664704897,279.97762598359066
4285000,2142.5000002071097,-34566.09848607471,9362.953591217423,-25203.144894857287,281.5765930885935
4290000,2145.000000207619,-34701.468130879104,8871.926925583008,-25829.541205296096,268.9424850787116
4295000,2147.5000002081283,-34976.1149617217,9379.90714856546,-25596.20781315624,283.0429000836801
4300000,2150.0000002086376,-35114.645853095455,9262.78315288143,-25851.862700214027,281.6755738635464
4305000,2152.500000209147,-35130.776351607405,9342.701200338457,-25788.075151268946,279.2181684837776
4310000,2155.0000002096563,-34759.82081303769,9335.84777363349,-25423.973039404198,282.8354455578769
4315000,2157.5000002101656,-34945.00392281078,9530.023102631636,-25414.980820179142,282.9531131663095
4320000,2160.000000210675,-34967.521567560965,9344.29459503609,-25623.226972524877,285.90340197588364
4325000,2162.500000211184,-34871.97619228088,9019.535525841027,-25852.440666439856,273.6284854725517
4330000,2165.0000002116935,-34762.71514839912,9170.450862829128,-25592.26428556999,278.74507128085475
4335000,2167.500000212203,-34647.78762240568,9067.088106578545,-25580.69951582714,274.32575305574716
4340000,2170.000000212712,-34717.66528051975,9268.560982472995,-25449.104298046757,281.88748764148335
4345000,2172.5000002132215,-34725.52311392804,9151.102311291645,-25574.420802636392,277.36019164389285
4350000,2175.000000213731,-34306.3025486127,9325.627030682894,-24980.675517929805,285.93577837230936
4355000,2177.50000021424,-34733.300585791,9155.95198940527,-25577.34859638573,273.94665467466604
4360000,2180.0000002147494,-34715.38082382339,9189.927427669883,-25525.453396153505,281.0633799288118
4365000,2182.5000002152588,-34655.02167519345,9303.071265321298,-25351.95040987215,281.4367392880182
4370000,2185.000000215768,-34255.80860670889,9334.166093970849,-24921.64251273804,278.32047937194733
4375000,2187.5000002162774,-34444.28670893866,9311.597639535928,-25132.689069402728,277.51071229409274
4380000,2190.0000002167867,-34689.88416793337,9177.082401085812,-25512.80176684756,275.7663427381609
4385000,2192.500000217296,-34335.67197434604,9253.019054811759,-25082.65291953428,275.516658746024
4390000,2195.0000002178053,-34408.26064726128,9381.719132804634,-25026.54151445665,280.2664591064139
4395000,2197.5000002183147,-34674.34274076135,9250.752493322907,-25423.590247438442,277.9514668126613
4400000,2200.000000218824,-34617.687856364064,9118.693149578668,-25498.994706785394,282.56005244073947
4405000,2202.5000002193333,-34550.461932470556,9005.80835475366,-25544.653577716897,269.1885922584831
4410000,2205.0000002198426,-34484.18391423812,9105.049138511404,-25379.134775726718,270.2336657485077
4415000,2207.500000220352,-34589.25206638663,9105.136330010811,-25484.115736375818,275.17754104467093
4420000,2210.0000002208612,-34730.29113191436,9286.288582470039,-25444.00254944432,285.57469569223184
4425000,2212.5000002213706,-34965.79302937095,9181.22162062665,-25784.5714087443,277.7230705742583
4430000,2215.00000022188,-34572.97330075991,9512.852361743124,-25060.12093901679,284.0053176778665
4435000,2217.500000222389,-35064.134816328995,9320.014315677563,-25744.120500651432,285.36540090783666
4440000,2220.0000002228985,-34632.355323493946,9267.191705793612,-25365.163617700335,281.52222935827166
4445000,2222.500000223408,-34810.46279906202,9108.760482933661,-25701.702316128358,276.86928433159335
4450000,2225.000000223917,-35084.69567680964,9300.377613442586,-25784.318063367056,285.6184287684424
4455000,2227.5000002244265,-34650.374350344064,8991.70522955693,-25658.669120787134,273.8130606112167
4460000,2230.000000224936,-34540.02231700532,8903.286361135699,-25636.735955869623,266.87749666079685
4465000,2232.500000225445,-34675.46260383329,9505.916855032468,-25169.545748800825,287.5287945064986
4470000,2235.0000002259544,-34517.109052237356,9313.816203563787,-25203.29284867357,284.8730586751858
4475000,2237.5000002264637,-34531.0959699559,9077.823090482465,-25453.272879473436,275.3094154515077
4480000,2240.000000226973,-34625.20646764687,9014.715801820776,-25610.490665826095,272.5544104052954
4485000,2242.5000002274824,-34594.84877213044,9129.676816316289,-25465.171955814152,274.12177653009144
4490000,2245.0000002279917,-35096.308107944904,9155.851575097779,-25940.456532847125,274.32176957236925
4495000,2247.500000228501,-34960.48626059829,9094.202668242033,-25866.28359235626,275.708868420631
4500000,2250.0000002290103,-34691.33387087262,8946.63558120613,-25744.698289666492,271.24183472286796
4505000,2252.5000002295196,-34971.52970437193,8994.100326253105,-25977.429378118828,269.6123471644312
4510000,2255.000000230029,-34801.99234175007,9225.780169993905,-25576.212171756164,280.3806829958445
4515000,2257.5000002305383,-34485.99978119973,9329.161858423953,-25156.837922775776,286.2077651146617
4520000,2260.0000002310476,-34853.33628942794,9103.456124588323,-25749.88016483962,275.2234448516125
4525000,2262.500000231557,-34665.730263609905,9262.459211610827,-25403.27105199908,278.51861435740517
4530000,2265.000000232066,-34787.96593043581,9129.958395828131,-25658.007534607677,278.14556444877945
4535000,2267.5000002325755,-34579.22509067389,9224.839789909236,-25354.385300764654,278.86156965377114
4540000,2270.000000233085,-34463.937852947274,9313.717362681127,-25150.220490266147,276.7320651584756
4545000,2272.500000233594,-34733.2926171408,9201.37293459379,-25531.919682547014,275.64840071852353
4550000,2275.0000002341035,-34590.92936711176,9038.970267006971,-25551.959100104792,274.45598444084203
4555000,2277.500000234613,-34865.94526966615,9217.204891553696,-25648.740378112452,282.5119907330936
4560000,2280.000000235122,-34800.80927244038,9062.260740041667,-25738.548532398716,277.88078599060736
4565000,2282.5000002356314,-34496.068205586635,9171.523322466799,-25324.544883119837,275.9542944303205
4570000,2285.0000002361407,-34792.983476415044,9300.780745398803,-25492.20273101624,280.57339533066846
4575000,2287.50000023665,-34635.300595430424,9376.816829612084,-25258.48376581834,287.67579691408235
4580000,2290.0000002371594,-34379.321841815254,9265.324294740627,-25113.99754707463,277.66573874539324
4585000,2292.5000002376687,-34953.84996216674,9258.357067384091,-25695.492894782652,282.4118816494011
4590000,2295.000000238178,-34593.90636508097,9141.376129116761,-25452.53023596421,274.55764826636613
4595000,2297.5000002386873,-34397.64133150503,9261.970089963808,-25135.671241541222,280.4830459131108
4600000,2300.0000002391967,-34846.06547365687,9368.675784938881,-25477.389688717987,286.0764976481241
4605000,2302.500000239706,-34433.68606786779,8971.714196894696,-25461.971870973095,270.01753352747545
4610000,2305.0000002402153,-34761.847410550574,9021.597826322697,-25740.249584227877,272.62626952096093
4615000,2307.5000002407246,-34210.898828252684,9033.974644646338,-25176.924183606345,277.8847791379081
4620000,2310.000000241234,-34582.270145703806,9302.604681365265,-25279.66546433854,279.4474025357651
4625000,2312.5000002417432,-34604.55785120372,9107.153321108017,-25497.4045300957,276.5613192536608
4630000,2315.0000002422526,-34763.97076002625,9408.6394894097,-25355.33127061655,285.0471574064523
4635000,2317.500000242762,-34337.12227763818,9174.565504221679,-25162.556773416498,274.94403327459503
4640000,2320.000000243271,-34608.71720802132,9294.300805259196,-25314.416402762123,282.66191682929747
4645000,2322.5000002437805,-34355.966958542354,9549.02134974571,-24806.945608796646,285.06565834794407
4650000,2325.00000024429,-34554.940537148854,9425.537286939254,-25129.4032502096,284.09389303765204
4655000,2327.500000244799,-34538.10367295472,9344.806051576876,-25193.297621377846,284.21651491693706
4660000,2330.0000002453085,-34771.584459435195,9232.520642358068,-25539.063817077127,277.6210730487718
4665000,2332.500000245818,-35129.15497705084,9216.016351403572,-25913.13862564727,275.4224523355613
4670000,2335.000000246327,-34919.27226241515,9184.351547294636,-25734.920715120512,280.2014153870135
4675000,2337.5000002468364,-35046.09519997635,9010.706408603299,-26035.38879137305,272.7289238443333
4680000,2340.0000002473457,-35058.543657834176,9306.89504217359,-25751.648615660586,280.94079238601256
4685000,2342.500000247855,-34544.29373002495,9265.893720209086,-25278.40000981586,272.5250904181595
4690000,2345.0000002483644,-34460.45894700871,8850.895308382569,-25609.56363862614,261.585170889293
4695000,2347.5000002488737,-34467.40246057045,9464.364484193418,-25003.03797637703,285.1133259622534
4700000,2350.000000249383,-34892.812294071075,8924.72021111773,-25968.092082953342,266.15713788312445
4705000,2352.5000002498923,-34675.22672038828,9131.603980537155,-25543.622739851126,278.1434300470497
4710000,2355.0000002504016,-34453.04256704915,9355.394491236624,-25097.64807581253,280.7984959156971
4715000,2357.500000250911,-34391.97312801168,8991.453861351181,-25400.5192666605,271.5137542788282
4720000,2360.0000002514203,-34479.4515787228,9301.473999040434,-25177.977579682367,279.1956335047935
4725000,2362.5000002519296,-34641.39169664658,9229.236277390328,-25412.155419256247,277.439334589045
4730000,2365.000000252439,-34525.9197526637,9241.381661698913,-25284.538090964787,280.10159390944796
4735000,2367.500000252948,-34713.22909840243,9133.11265303042,-25580.116445372012,273.62038605485304
4740000,2370.0000002534575,-34513.75297194044,9328.05888290054,-25185.694089039902,278.35032039574895
4745000,2372.500000253967,-34525.44087997987,9130.242199560615,-25395.198680419257,276.33734964682617
4750000,2375.000000254476,-34343.96198379411,9417.78458645006,-24926.177397344054,285.3453226081387
4755000,2377.5000002549855,-34824.59070310742,9534.713361795584,-25289.877341311832,288.89600752244104
4760000,2380.000000255495,-34380.307900373824,9488.521002942656,-24891.786897431168,280.00804044498585
4765000,2382.500000256004,-34879.261430704966,8946.847579259276,-25932.41385144569,269.828858069256
4770000,2385.0000002565134,-34493.40183117497,9060.303765916455,-25433.098065258513,275.9384356804926
4775000,2387.5000002570227,-35069.83829532401,9491.38047166675,-25578.457823657256,288.86061656802445
4780000,2390.000000257532,-35204.8573648131,8830.786704937618,-26374.07065987548,270.18464842228764
4785000,2392.5000002580414,-35146.08362988406,9223.699351388474,-25922.384278495585,276.1781268729506
4790000,2395.0000002585507,-34581.3193915959,9225.46205166362,-25355.857339932278,279.9520160816599
4795000,2397.50000025906,-34752.31513849064,9191.125773965858,-25561.18936452478,275.855874029838
4800000,2400.0000002595693,-35048.47611026815,9200.574264982843,-25847.90184528531,275.2739286804689
4805000,2402.5000002600787,-34669.07431748393,9254.678771938881,-25414.39554554505,281.7432949226788
4810000,2405.000000260588,-34860.47381569818,9155.041301353414,-25705.432514344764,274.12996449942904
4815000,2407.5000002610973,-34882.98662960739,8915.071711491688,-25967.9149181157,266.42849197862597
4820000,2410.0000002616066,-34930.54313650797,9087.121972684654,-25843.421163823317,276.6584481030994
4825000,2412.500000262116,-34634.31237042998,9143.142992820596,-25491.16937760938,275.29980090166856
4830000,2415.0000002626252,-34489.30535845226,9268.715511251765,-25220.589847200492,276.7598778505784
4835000,2417.5000002631346,-34585.01591928513,9000.79745898609,-25584.21846029904,272.0302577816524
4840000,2420.000000263644,-34703.45022533648,9335.059491480992,-25368.390733855485,284.97900912203903
4845000,2422.500000264153,-34869.70737014525,9388.822765504145,-25480.8846046411,282.2581480457826
4850000,2425.0000002646625,-34755.91877340735,8889.887789970715,-25866.030983436634,270.4745386054334
4855000,2427.500000265172,-34830.41765873507,9243.579829212125,-25586.83782952294,279.75134318694603
4860000,2430.000000265681,-34801.30891288142,9128.906731252815,-25672.402181628604,270.2347309944602
4865000,2432.5000002661905,-34682.26952545834,9238.155316635184,-25444.114208823154,278.82857388121147
4870000,2435.0000002666998,-35155.81556234788,9199.187623281578,-25956.627939066304,279.85260707261625
4875000,2437.500000267209,-34808.86638009478,9081.400830056313,-25727.46555003847,274.40687336326744
4880000,2440.0000002677184,-34814.50660949899,9069.881658490933,-25744.624951008056,271.45052721522325
4885000,2442.5000002682277,-34512.45645424933,9154.331242694494,-25358.125211554838,275.60730600955037
4890000,2445.000000268737,-34746.220882232534,9055.629479082947,-25690.591403149585,276.01462245622764
4895000,2447.5000002692464,-34518.69065752067,9308.374055857055,-25210.31660166361,285.39304013419553
4900000,2450.0000002697557,-34859.97594789695,9294.544294640169,-25565.431653256783,284.6838075658186
4905000,2452.500000270265,-34097.7470431258,9114.485851979782,-24983.261191146015,271.59622039877934
4910000,2455.0000002707743,-34773.0763139138,8971.141314201883,-25801.934999711917,270.10271959159246
4915000,2457.5000002712836,-34535.88224691455,8933.267405769462,-25602.614841145092,269.7839046379368
4920000,2460.000000271793,-34460.82038229704,9068.32936373752,-25392.491018559518,272.1998678435676
4925000,2462.5000002723023,-34375.216411092784,9130.852069746152,-25244.364341346634,275.93861697142876
4930000,2465.0000002728116,-35147.57938580611,9233.734545676118,-25913.84484012999,278.0128528819327
4935000,2467.500000273321,-35028.87067557685,9018.412932587496,-26010.457742989354,273.87439225514703
4940000,2470.00000027383,-34597.24455951899,9146.56488030059,-25450.679679218403,267.3506443980873
4945000,2472.5000002743395,-34853.247112398036,9091.214055497414,-25762.033056900622,276.5059985030874
4950000,2475.000000274849,-34638.493520445656,9171.858914704437,-25466.63460574122,274.8743349426832
4955000,2477.500000275358,-34943.12354514375,9232.339242084518,-25710.784303059234,275.63912896273496
4960000,2480.0000002758675,-34884.47061261558,8792.503254805824,-26091.967357809757,264.5144973066606
4965000,2482.500000276377,-34558.41787680122,9202.813581638075,-25355.604295163146,276.91806650214795
4970000,2485.000000276886,-34795.641450294526,9230.355281729382,-25565.286168565144,279.77030118706807
4975000,2487.5000002773954,-35281.01561650587,9086.615690425959,-26194.399926079914,276.03964354395356
4980000,2490.0000002779047,-34795.65549640404,8867.426908410007,-25928.228587994032,268.3298730377649
4985000,2492.500000278414,-34859.35398686002,9451.321795952677,-25408.032190907343,283.90681069496065
4990000,2495.0000002789234,-34599.0956996351,9229.41950695734,-25369.67619267776,278.490311722539
4995000,2497.5000002794327,-34803.17511811387,9220.773957000409,-25582.40116111346,279.3535094841724
5000000,2500.000000279942,-34879.61182879307,9126.802116568564,-25752.80971222451,275.9421493027959
5005000,2502.5000002804513,-34662.39405835769,8914.425824060512,-25747.96823429718,264.77199657558447
5010000,2505.0000002809606,-34704.81122415862,9074.703880082729,-25630.107344075892,268.7348760143694
5015000,2507.50000028147,-34823.86647114763,9159.853188390776,-25664.013282756852,275.0189778994932
5020000,2510.0000002819793,-34690.796399646206,9258.135577893294,-25432.660821752914,278.55786617246906
5025000,2512.5000002824886,-34584.58218739042,9220.388224222392,-25364.19396316803,282.4026542150082
5030000,2515.000000282998,-34501.03416908928,9193.024567173085,-25308.009601916197,273.99593781084815
5035000,2517.5000002835072,-34710.838544394355,9291.656380694192,-25419.182163700163,279.8545761110499
5040000,2520.0000002840166,-34776.42420080933,9090.775150928257,-25685.64904988107,273.37388155167883
5045000,2522.500000284526,-34539.92621879,9288.184193926387,-25251.742024863615,281.48727221318893
5050000,2525.000000285035,-34515.9586279809,9124.1859682033,-25391.7726597776,274.2650182897875
5055000,2527.5000002855445,-34608.616449416615,9229.410066371569,-25379.206383045046,275.3537426301335
5060000,2530.000000286054,-34820.737364404835,9194.07044359909,-25626.666920805743,280.3751139492597
5065000,2532.500000286563,-34757.10723737022,8968.102482300645,-25789.004755069574,273.3981364073444
5070000,2535.0000002870725,-34698.56434152275,8994.81508960458,-25703.749251918172,272.5329270676661
5075000,2537.5000002875818,-34679.091667721514,9031.147673380112,-25647.943994341404,275.98699024250294
5080000,2540.000000288091,-34834.83706753934,9042.80895755416,-25792.028109985178,273.5787220962506
5085000,2542.5000002886004,-34405.91821541125,9052.283778481204,-25353.634436930046,273.26004369810875
5090000,2545.0000002891097,-34927.43113468122,9275.738284306755,-25651.692850374464,278.2177475977602
5095000,2547.500000289619,-34659.99519838928,9183.334253530282,-25476.660944859002,276.9697854270575
5100000,2550.0000002901284,-34710.25429756893,9147.699428630469,-25562.55486893846,277.93030516946766
5105000,2552.5000002906377,-34347.062360966345,9166.650063719939,-25180.412297246407,279.7713754354773
5110000,2555.000000291147,-34724.818230042234,9240.34550821851,-25484.472721823724,279.0973333121476
5115000,2557.5000002916563,-34551.34236308467,9169.235488888726,-25382.10687419594,283.09503914699565
5120000,2560.0000002921656,-34727.87337198248,9182.419785922186,-25545.453586060295,278.3452483480935
5125000,2562.500000292675,-34887.811763641424,9299.884789004009,-25587.926974637416,283.0639872097482
5130000,2565.0000002931843,-34859.4273341191,9239.606868947987,-25619.820465171113,274.7187197219892
5135000,2567.5000002936936,-34935.56557009136,9203.992023588646,-25731.573546502717,277.008720625501
5140000,2570.000000294203,-34813.23181336955,9126.657584504848,-25686.5742288647,274.0451758709811
5145000,2572.500000294712,-34773.313769065775,8994.568908434361,-25778.744860631414,275.43483881779406
5150000,2575.0000002952215,-34830.59782559634,9097.46981055849,-25733.12801503785,279.34566461592146
5155000,2577.500000295731,-34515.48379878607,9160.172761601647,-25355.31103718442,274.9125076006939
5160000,2580.00000029624,-34524.61738133035,9123.260202888454,-25401.357178441893,274.17088781801743
5165000,2582.5000002967495,-34628.10005259304,9289.299615158961,-25338.80043743408,275.85605683947523
5170000,2585.000000297259,-34568.66663202061,9298.4864230016,-25270.180209019014,279.9326092308499
5175000,2587.500000297768,-34360.65260488959,9233.098150881295,-25127.554454008296,279.05113792143925
5180000,2590.0000002982774,-34745.17498262855,9194.751136230801,-25550.423846397753,271.9234355215848
5185000,2592.5000002987867,-34676.05399730662,8976.630206821526,-25699.423790485092,270.9910013888522
5190000,2595.000000299296,-34791.24164657132,8967.806922009579,-25823.43472456174,270.9595750287671
5195000,2597.5000002998054,-34834.41793783638,9078.207872509747,-25756.21006532663,271.9116132182191
5200000,2600.0000003003147,-34408.416073361645,9315.994096400991,-25092.421976960653,273.5233402877464
5205000,2602.500000300824,-34416.92690299591,9079.359524825346,-25337.567378170563,281.6088311215804
5210000,2605.0000003013333,-34566.89028606634,9320.901695417138,-25245.988590649198,286.920179115405
5215000,2607.5000003018426,-34396.901985400356,9126.295752177675,-25270.60623322268,277.51154324576333
5220000,2610.000000302352,-34562.83593922388,9215.854203406197,-25346.98173581768,281.2198804191686
5225000,2612.5000003028613,-34870.54995357292,9397.306702029484,-25473.243251543434,281.9969057229397
5230000,2615.0000003033706,-34542.97500604554,9266.73895246406,-25276.23605358148,274.3758486961617
5235000,2617.50000030388,-34469.20424606232,9144.262724759265,-25324.941521303055,275.9856787261814
5240000,2620.0000003043892,-34692.70034793252,8916.609085492786,-25776.091262439735,263.0540178518858
5245000,2622.5000003048985,-34752.09243199648,9127.085211180509,-25625.007220815976,275.6217724887985
5250000,2625.000000305408,-35159.29638932366,8977.701645143708,-26181.59474417995,274.40514232089424
5255000,2627.500000305917,-34623.69582389225,9139.892757533227,-25483.803066359025,272.9122568936093
5260000,2630.0000003064265,-34634.94956196775,9169.128638427586,-25465.82092354016,275.6642524686943
5265000,2632.500000306936,-34608.650792557746,9381.361845088417,-25227.28894746933,281.41933388019856
5270000,2635.000000307445,-34249.92857843754,9035.820356395563,-25214.108222041978,275.3606115586451
5275000,2637.5000003079545,-33849.01525652781,9386.986622650742,-24462.028633877067,287.81945995570265
5280000,2640.0000003084638,-34369.754467931576,9245.69625879432,-25124.058209137256,274.6025691161508
5285000,2642.500000308973,-34855.03738439549,8956.952033936903,-25898.085350458583,269.2968662907616
5290000,2645.0000003094824,-34552.11082902108,9063.649959899221,-25488.46086912186,272.1928018681066
5295000,2647.5000003099917,-34895.9002593623,9217.73042392334,-25678.16983543896,278.3372129067106
5300000,2650.000000310501,-34997.21054009511,8959.438230417305,-26037.772309677806,270.3454275394407
5305000,2652.5000003110104,-35011.87826996972,9190.559014648332,-25821.31925532139,275.2251180113282
5310000,2655.0000003115197,-34960.495449077105,8951.428552082909,-26009.066896994198,272.613039141425
5315000,2657.500000312029,-34726.26676209504,9024.81385513135,-25701.45290696369,271.1898861732849
5320000,2660.0000003125383,-34758.24079340603,9060.192032298706,-25698.048761107326,268.8270230026609
5325000,2662.5000003130476,-34159.72596034012,8986.574082067327,-25173.15187827279,270.7354716552233
5330000,2665.000000313557,-34441.36284922762,9292.90150855944,-25148.46134066818,281.37850488972816
5335000,2667.5000003140663,-34617.59728393587,9171.470289452707,-25446.126994483166,273.27253876259925
5340000,2670.0000003145756,-34621.192384434165,9236.746321306888,-25384.446063127278,272.5077849672248
5345000,2672.500000315085,-34751.818043434294,9253.712119900112,-25498.10592353418,279.16276980541585
5350000,2675.000000315594,-34380.471723413095,9092.694230679326,-25287.777492733767,274.26538015824735
5355000,2677.5000003161035,-34660.94879687019,9264.464438413817,-25396.48435845637,287.07851075154304
5360000,2680.000000316613,-34536.33393054013,9099.900630057444,-25436.433300482688,277.6013237226497
5365000,2682.500000317122,-34717.29837952531,9319.969516357505,-25397.328863167804,283.80576838067117
5370000,2685.0000003176315,-34221.028501738096,9091.475021040626,-25129.55348069747,269.1326211651289
5375000,2687.500000318141,-34741.40547493473,8984.87859642548,-25756.52687850925,266.1197106005339
5380000,2690.00000031865,-34695.08323962358,9163.82520141721,-25531.258038206368,278.04545362819823
5385000,2692.5000003191594,-34611.38998537278,9104.720961774827,-25506.66902359795,277.28610284128774
5390000,2695.0000003196687,-34888.364582462,9049.759347796018,-25838.605234665985,272.3627181574029
5395000,2697.500000320178,-34500.61530212825,9415.51714306337,-25085.09815906488,283.1048300990005
5400000,2700.0000003206874,-34612.921687035356,9218.558758793975,-25394.362928241382,274.22179738485954
5405000,2702.5000003211967,-34522.68165219412,8859.140441143267,-25663.541211050855,268.47214181067136
5410000,2705.000000321706,-34862.272408457706,9073.955352163259,-25788.317056294447,270.4352619209121
5415000,2707.5000003222153,-35025.352637764765,9496.652034905306,-25528.70060285946,284.10064509013057
5420000,2710.0000003227246,-34735.722665513866,8890.856973449263,-25844.865692064603,271.3563048321751
5425000,2712.500000323234,-34694.52412863006,9030.321793057177,-25664.20233557288,270.40035357540927
5430000,2715.0000003237433,-34792.84524495131,9117.420378037219,-25675.424866914094,275.09590221480727
5435000,2717.5000003242526,-34570.97006284795,9003.926158230934,-25567.043904617014,273.89567898693383
5440000,2720.000000324762,-34662.881052453304,9270.219580579997,-25392.661471873307,276.07833270800165
5445000,2722.5000003252712,-34586.500551634,9160.196622029343,-25426.30392960466,276.0130296275888
5450000,2725.0000003257805,-34440.70957442932,9251.069780047137,-25189.63979438218,274.6948867424311
5455000,2727.50000032629,-34343.962456822395,9305.604725629604,-25038.35773119279,283.533067693249
5460000,2730.000000326799,-34670.34155608551,9272.204332866426,-25398.13722321908,280.37320834767723
5465000,2732.5000003273085,-34594.25108029344,9414.231833688953,-25180.01924660449,282.9713847760253
5470000,2735.000000327818,-34718.11728863721,9358.996662508556,-25359.12062612865,288.78074206517925
5475000,2737.500000328327,-34450.4472434849,9031.953544145152,-25418.49369933975,274.044705395747
5480000,2740.0000003288364,-34783.452961645555,9083.084001611684,-25700.36896003387,273.71818462222814
5485000,2742.5000003293458,-34670.63636712311,9215.11980072788,-25455.51656639523,282.00946034350835
5490000,2745.000000329855,-35177.896935024066,9224.94388676096,-25952.953048263105,282.98157161791914
5495000,2747.5000003303644,-34760.73586755199,9310.734773493863,-25450.00109405813,282.53167143294564
5500000,2750.0000003308737,-34795.996071222005,8953.740751921669,-25842.255319300337,265.57414729130215
