#"Step","Time (ps)","Potential Energy (kJ/mole)","Kinetic Energy (kJ/mole)","Total Energy (kJ/mole)","Temperature (K)","Box Volume (nm^3)","Density (g/mL)"
505000,252.4999999974851,-33179.063397268066,10055.51856465703,-23123.544832611035,307.60334265850116,26.811518956823146,0.9896767684262497
510000,254.999999997426,-33438.13452701806,9751.94552376491,-23686.189003253152,303.53846298412327,27.024954910733964,0.9818605627811283
515000,257.4999999973669,-33573.36570427753,10006.500961172906,-23566.864743104627,302.62804689842517,26.12991592818705,1.0154926449328574
520000,259.9999999973078,-33325.03455813462,9876.05368217957,-23448.98087595505,299.9604407375103,26.562956336941074,0.9989376596943782
525000,262.49999999724866,-33147.78831634112,9782.475750038524,-23365.312566302593,291.7487439040954,26.517855119220815,1.000636639671314
530000,264.99999999718955,-33740.60990458517,9890.010729416195,-23850.59917516898,303.58369493171045,26.067335341009287,1.017930566767339
535000,267.49999999713043,-33761.955774843926,9969.584675729111,-23792.371099114815,298.7920740060237,26.31037428623664,1.008527554534585
540000,269.9999999970713,-33685.88006099872,9891.666749969432,-23794.213311029293,296.2939115368984,26.733012117647707,0.9925831522842521
545000,272.4999999970122,-33739.91691891616,9408.238567088465,-24331.678351827697,285.874064804621,26.198679191305974,1.012827297285789
550000,274.9999999969531,-33434.94623915269,9804.737012593432,-23630.20922655926,297.1564187126875,26.5338672071818,1.0000327969760032
555000,277.49999999689396,-33655.94457862782,10068.974578690068,-23586.969999937755,301.7873008964093,26.15101182450663,1.014673451867038
560000,279.99999999683484,-33521.384322722675,9847.570393048381,-23673.813929674296,300.71857694576704,26.76267706696891,0.9914829286842022
565000,282.4999999967757,-33816.71426587878,10045.621921236343,-23771.092344642435,305.65369385157106,26.22025345385111,1.011993933792069
570000,284.9999999967166,-33635.5638836748,9712.268980733443,-23923.294902941354,292.9481975907729,26.889178704141536,0.9868184420858092
575000,287.4999999966575,-33428.605807795655,9846.935211611437,-23581.670596184216,302.29042981866644,26.49056658751667,1.0016674181024128
580000,289.9999999965984,-33540.138816561084,9876.24862245279,-23663.890194108295,304.7344248877617,26.2035511076573,1.012638986554528
585000,292.49999999653926,-33803.484607849736,10078.401506152948,-23725.083101696786,308.7785983259386,26.289315986033053,1.0093354065159095
590000,294.99999999648014,-34082.079106358346,9437.08531623839,-24644.993790119956,284.67243642566405,26.272892843664433,1.009966340428575
595000,297.499999996421,-33778.62311503547,9726.28266413516,-24052.340450900312,291.6733716880338,26.395148868747988,1.0052884175699859
600000,299.9999999963619,-33761.40824018838,9874.869740211076,-23886.5384999773,295.4361817148101,26.54623921877434,0.999566726537357
605000,302.4999999963028,-33765.598700220464,10119.01548394727,-23646.583216273193,311.41011952318274,26.557215400035602,0.9991536024425324
610000,304.9999999962437,-33489.05278323311,9611.70363688338,-23877.349146349734,293.700348548648,26.52540453779007,1.0003518476027198
615000,307.49999999618456,-33710.020947748795,9821.97443027649,-23888.046517472307,296.9955930981693,26.249546972337942,1.0108645861869716
620000,309.99999999612544,-33463.891133575,10045.8660194874,-23418.025114087603,300.0036596247864,26.51214038864698,1.000852328360126
625000,312.4999999960663,-33819.84524131403,9905.099171588217,-23914.746069725814,299.0599671206723,26.373497158164163,1.0061137238894309
630000,314.9999999960072,-33487.81355274818,9704.699614975361,-23783.113937772818,293.4438361486292,26.52770065155545,1.000265261822909
635000,317.4999999959481,-33378.991693808,9922.339051431132,-23456.652642376866,297.35489596873737,26.64622163534978,0.9958161348694177
640000,319.99999999588897,-33236.88961181231,9670.239724510518,-23566.64988730179,291.1561838129828,26.47456557397122,1.002272817797464
645000,322.49999999582985,-33438.97595525789,9775.090087021123,-23663.885868236768,297.63415992056514,26.473660160813626,1.0023070960571085
650000,324.99999999577074,-33485.776272739284,9924.752723690714,-23561.023549048572,301.0700144955388,26.060312140273307,1.018204896969802
655000,327.4999999957116,-34079.00859380583,9747.808242307208,-24331.200351498625,295.15463461373173,27.006666527031555,0.9825254594538233
660000,329.9999999956525,-34015.59574272018,9696.754396438311,-24318.841346281868,288.3163006925615,26.43334294308263,1.0038358559083338
665000,332.4999999955934,-33589.85803725291,9730.653947951483,-23859.204089301427,293.88092844250787,26.091222753922825,1.0169986162798124
670000,334.99999999553427,-33768.00059057865,9502.0185231947,-24265.982067383953,286.00610269018455,26.688623756083885,0.9942340107267263
675000,337.49999999547515,-33991.12614427041,9726.739629849904,-24264.38651442051,293.4857702005523,26.489228997095246,1.001717997934089
680000,339.99999999541603,-34353.286703638965,10027.694802684084,-24325.59190095488,300.34920260449906,25.978476960515756,1.021412359089317
685000,342.4999999953569,-33954.44040099485,9857.716436866525,-24096.723964128323,292.0564042005013,26.322464645598743,1.0080643205356006
690000,344.9999999952978,-34019.98240158614,9693.221297806567,-24326.761103779572,293.2457335298445,26.300336088735524,1.0089124849302873
695000,347.4999999952387,-34111.197727743536,9624.316010343588,-24486.88171739995,295.5521823542605,25.749493194598315,1.030495522271261
700000,349.99999999517956,-33598.05409613415,9931.237373294949,-23666.816722839198,301.0005868043539,26.225365008416876,1.0117966872633308
705000,352.49999999512045,-34027.1698661393,10127.961966606632,-23899.20789953267,302.0952574515857,25.932951958628852,1.0232054368557446
710000,354.99999999506133,-34228.89462147886,9913.960801139283,-24314.933820339575,296.6355064008933,26.29519775536712,1.0091096360882799
715000,357.4999999950022,-33750.560609845445,9724.100635353261,-24026.459974492183,292.7553199789945,26.61428180130694,0.997011215101992
720000,359.9999999949431,-33642.2385558486,9922.653156759854,-23719.585399088744,302.9438513022635,26.26165623024081,1.0103984762100648
725000,362.499999994884,-33931.05547643383,9924.027913912942,-24007.02756252089,298.9550344755155,26.417699803169437,1.0044302734715909
730000,364.99999999482486,-33957.9853477024,9979.055682639333,-23978.929665063068,305.6389005396557,26.468482231560174,1.0025031736103363
735000,367.49999999476574,-33459.72346803988,9776.358526143758,-23683.364941896125,298.5981641251164,26.86736018588521,0.9876198202653311
740000,369.9999999947066,-33576.10351388017,9644.71993541565,-23931.38357846452,287.8736077219003,26.785942590629638,0.9906217542282926
745000,372.4999999946475,-33499.76839829609,9950.138338096653,-23549.630060199437,293.9326272067973,26.900760809971477,0.9863935680195359
750000,374.9999999945884,-33508.63883165945,9843.723616744523,-23664.91521491493,298.24946548290217,26.416720874573908,1.0044674948027918
755000,377.4999999945293,-33555.0041233073,9778.737375972913,-23776.266747334386,298.57683835131735,26.294202236066123,1.0091478417775237
760000,379.99999999447016,-33579.319471557625,9663.962172994574,-23915.357298563053,288.51761353950303,26.57874238846463,0.9983443554238345
765000,382.49999999441104,-34034.047352541005,9815.163260261212,-24218.884092279794,297.07481383459765,26.50951118591172,1.0009515924944536
770000,384.9999999943519,-33602.436166212894,9459.460124009132,-24142.97604220376,279.40612372363915,26.782161695828542,0.9907616024109356
775000,387.4999999942928,-33652.99850308476,9950.128303478266,-23702.870199606492,303.21414348304455,26.6415507857814,0.9959907233309203
780000,389.9999999942337,-34076.99932170077,9695.723372639268,-24381.275949061506,296.207195339559,26.191490257402425,1.0131052940100815
785000,392.4999999941746,-34116.375620059436,9949.712799342926,-24166.662820716512,295.9742873178122,26.415146139526207,1.0045273759845952
790000,394.99999999411546,-33628.83990934584,9693.373623450268,-23935.466285895574,297.73448874353176,26.221730142249445,1.0119369429034775
795000,397.49999999405634,-33594.43905532989,9613.612132414426,-23980.82692291546,293.40204875066013,26.286073242263363,1.0094599217324214
800000,399.9999999939972,-33583.317960894434,9575.04826540804,-24008.269695486393,290.71731836405166,26.694883759423057,0.9940008608736248
805000,402.4999999939381,-33538.400655805366,9855.292117994552,-23683.108537810815,291.0699568274421,26.590412005530364,0.9979062164312866
810000,404.999999993879,-33925.911033796845,9651.640868939863,-24274.270164856982,288.30907629071066,26.26730059541245,1.0101813599537566
815000,407.49999999381987,-33628.23069924093,9824.57978383966,-23803.650915401267,297.341147371518,26.527369995169007,1.0002777298548708
820000,409.99999999376075,-33452.20441200002,9698.439324188152,-23753.76508781187,296.28555761510586,26.79159149282023,0.9904128855092018
825000,412.49999999370164,-33280.37362360745,9917.89792112894,-23362.475702478507,296.85218926484436,26.689759073014937,0.9941917184489011
830000,414.9999999936425,-33944.93253791891,9877.484565805105,-24067.447972113805,303.5698452292155,26.685273191669935,0.9943588453151359
835000,417.4999999935834,-33830.803710477194,9828.647495373822,-24002.156215103372,292.96681867252556,26.411597000700255,1.0046623624116464
840000,419.9999999935243,-33593.893911156105,9983.463267567282,-23610.43064358882,302.40661368116326,26.575681315163024,0.9984593479696869
845000,422.49999999346517,-33169.77771128877,9611.16281216037,-23558.6148991284,295.0717521983766,26.779163461069228,0.9908725295457157
850000,424.99999999340605,-33756.37523680134,9854.4153908367,-23901.959845964637,299.25363181086857,26.723482198628467,0.9929371195176694
855000,427.49999999334693,-33645.87432693294,9854.726655591141,-23791.1476713418,300.84264264156207,26.51459653125551,1.0007596158028884
860000,429.9999999932878,-33758.79736040416,9655.92521099258,-24102.87214941158,293.45208867477953,26.11125727867349,1.0162182982839456
865000,432.4999999932287,-33125.574043610366,9557.347164306568,-23568.2268793038,293.9195059637831,26.577770063290906,0.998380879005253
870000,434.9999999931696,-33467.18781916844,9801.601507989919,-23665.58631117852,298.7486553501996,26.65310640718357,0.9955589053077957
875000,437.49999999311046,-33551.28048153152,9781.20268566677,-23770.077795864745,297.40659618191245,26.309678247157382,1.0085542357651145
880000,439.99999999305135,-33581.215192156145,9993.252568366403,-23587.962623789743,302.07143014968767,26.6493369398956,0.9956997240732032
885000,442.49999999299223,-33193.898618825246,9689.752481023968,-23504.146137801275,288.7042807456701,26.752594604666093,0.9918565967115492
890000,444.9999999929331,-33542.27661706484,9922.289139175899,-23619.987477888943,302.5825851208061,26.542178465982705,0.9997196526952612
895000,447.499999992874,-33273.53596908925,9592.40337798837,-23681.132591100883,289.0249974922208,25.999366483704346,1.0205916922790823
900000,449.9999999928149,-33426.02220479539,9718.34525708506,-23707.676947710326,291.9019106840102,26.691582502515693,0.9941238004635715
905000,452.49999999275576,-33463.46957153105,9872.07335802614,-23591.39621350491,292.26513587531815,26.312451526526452,1.0084479361809875
910000,454.99999999269664,-33951.22457177169,9880.456468698154,-24070.768103073533,299.0383237361822,26.039906305937414,1.0190028000115203
915000,457.4999999926375,-33647.21528683859,9765.859625507632,-23881.355661330956,292.5596718915689,26.174471651486815,1.013764013696169
920000,459.9999999925784,-34009.78953797277,9916.0678316526,-24093.72170632017,298.391097807744,26.573315839455265,0.9985482277823184
925000,462.4999999925193,-33415.48934169626,9952.60411785862,-23462.88522383764,303.99144327121724,26.220420585107885,1.0119874832541207
930000,464.9999999924602,-33531.41160198115,9997.550095185583,-23533.861506795565,302.2282146116041,26.423288998293906,1.0042178110189521
935000,467.49999999240106,-33296.30409946549,9575.239209924626,-23721.06488954086,292.69987533757006,26.51543511104904,1.0007279656795367
940000,469.99999999234194,-33417.97088437434,9544.957887877064,-23873.01299649728,291.7963723013928,26.714233126455493,0.9932808968231295
945000,472.4999999922828,-33539.68585649738,9653.232614722301,-23886.45324177508,290.8640385149933,26.935647030214916,0.9851160214574637
950000,474.9999999922237,-33840.850161782,10025.271290080997,-23815.578871701004,303.19179566702974,26.466991838392648,1.0025596259600968
955000,477.4999999921646,-33717.59821758862,9788.728120688806,-23928.87009689981,290.8323378885417,26.874626247438794,0.9873527986390762
960000,479.9999999921055,-33523.046247344464,9858.745068051849,-23664.301179292615,301.97633740489795,26.19514092866866,1.01296410315348
965000,482.49999999204636,-32996.39569082926,9823.43746868263,-23172.95822214663,297.6835646071309,26.582664225077565,0.99819706606968
970000,484.99999999198724,-33660.245431069285,9847.013662321177,-23813.231768748108,299.13778535341044,25.812076103912588,1.0279970247633718
975000,487.4999999919281,-33706.613248657435,9788.948505393895,-23917.66474326354,297.3671662155942,25.96187805783826,1.0220654060031167
980000,489.999999991869,-33294.6963891536,10053.698368983174,-23240.998020170424,303.3088990359728,27.04888583555136,0.980991882590309
985000,492.4999999918099,-33587.860437685624,9706.453348249317,-23881.407089436307,292.56346829113477,26.43848494677733,1.003640620527398
990000,494.99999999175077,-33821.32510794629,9714.12164480078,-24107.203463145514,289.7533057162465,26.339541840263205,1.0074107438431705
995000,497.49999999169165,-34207.569498230936,9540.596937281261,-24666.972560949675,286.2431103545507,26.36373667938089,1.0064862109831616
1000000,499.99999999163254,-33761.209647304844,9468.470502328048,-24292.739144976797,288.8013556150977,26.05864845528264,1.018269903111906
1005000,502.4999999915734,-33619.44380292273,9559.59252518589,-24059.85127773684,283.4269111936695,26.499414800530566,1.001332959143558
1010000,504.9999999915143,-33815.9513023973,9524.58267743791,-24291.36862495939,288.59993590013653,26.07398583680981,1.0176709308604284
1015000,507.4999999914552,-33298.63714909088,9797.881594639495,-23500.75555445138,293.54405802623535,26.50163313750118,1.0012491418968381
1020000,509.99999999139607,-33722.034323774045,9815.048039418272,-23906.98628435577,295.52697848826494,26.51360220253655,1.0007971468791703
1025000,512.499999991337,-33623.46989015746,9813.3444582817,-23810.12543187576,289.38910285110717,26.786086875836563,0.9906164181720983
1030000,514.9999999912778,-33763.38121595653,9771.232729165598,-23992.14848679093,296.5157649578914,26.41551535943385,1.004513335315695
1035000,517.4999999912187,-33499.094096024986,10022.818884380591,-23476.275211644395,294.9260928009183,26.538761256543413,0.9998483795563535
1040000,519.9999999911596,-33731.74114699103,9756.473624109505,-23975.267522881524,288.64802932233033,26.440296326242674,1.0035718628255863
1045000,522.4999999911005,-33751.40064590052,9741.972997010676,-24009.42764888984,294.9434017456872,26.6932086841917,0.9940632372721201
1050000,524.9999999910414,-33373.63803228969,9885.047257168244,-23488.590775121444,296.25750432220644,26.375098591081045,1.00605263506999
1055000,527.4999999909822,-33574.72743122955,10056.980426400389,-23517.747004829158,302.187428819146,26.39580911964322,1.0052632718139054
1060000,529.9999999909231,-33430.58587510348,9559.818997945662,-23870.76687715782,284.5534808469508,26.852284797846977,0.9881742889869629
1065000,532.499999990864,-33023.55170648452,9479.47399832209,-23544.07770816243,290.4924095683873,26.759275790266482,0.9916089525651406
1070000,534.9999999908049,-33293.632248073816,9658.632658819257,-23634.99958925456,290.84960482049513,26.920384579862056,0.9856745307285589
1075000,537.4999999907458,-33347.442977617495,10024.833076427916,-23322.60990118958,304.6214636033946,26.72878644589698,0.9927400741331113
1080000,539.9999999906867,-33870.77043842175,9927.757662523909,-23943.01277589784,299.42352549460554,26.722625633388517,0.9929689470571375
1085000,542.4999999906275,-33786.46801450243,9630.372178584537,-24156.095835917895,293.87527306845186,26.22731612024845,1.0117214173242102
1090000,544.9999999905684,-33352.10564276599,9754.506151215744,-23597.59949155025,296.3576990440788,26.816372847260908,0.9894976322458985
1095000,547.4999999905093,-33382.88989993953,9704.242155183674,-23678.647744755857,284.98984936268016,26.31515489354107,1.0083443378971215
1100000,549.9999999904502,-33593.03802357032,9447.29644165446,-24145.74158191586,288.09789907043785,26.72328476413866,0.9929444554434487
1105000,552.4999999903911,-32969.82218543789,9919.903924541828,-23049.918260896065,300.81235719276094,26.977260287439798,0.9835964495676398
1110000,554.999999990332,-33606.68658009544,9857.16986930445,-23749.51671079099,305.8003005861661,26.225525658718105,1.0117904892772653
1115000,557.4999999902728,-33610.73719580658,9519.121625142981,-24091.6155706636,290.1922920727555,26.684784166500457,0.9943770679284357
1120000,559.9999999902137,-33520.88716267352,9922.228567918304,-23598.658594755216,290.893668680953,26.382689917630707,1.005763154577182
1125000,562.4999999901546,-33291.65751510393,9815.151323753089,-23476.50619135084,295.85784889472654,26.62851172833973,0.9964784253994916
1130000,564.9999999900955,-33667.00500189839,9948.024331627603,-23718.980670270787,304.00320632201726,26.47915311067869,1.002099173144883
1135000,567.4999999900364,-33710.472145953216,9918.70442801433,-23791.767717938885,299.97243634873934,26.07051606972553,1.0178063743280255
1140000,569.9999999899773,-34017.50665923627,9728.516786440536,-24288.989872795733,291.26086852867473,25.90964356369169,1.024125915609744
1145000,572.4999999899181,-34142.02516565379,9872.446892316646,-24269.57827333714,293.8934641374359,26.439311351331153,1.0036092500742049
1150000,574.999999989859,-33872.60075670574,10095.273938828592,-23777.326817877147,297.83826845127794,26.705325002976192,0.9936122265814284
1155000,577.4999999897999,-34096.88607892208,10019.671886738884,-24077.214192183194,305.5462160265995,26.790096032607384,0.9904681717262713
1160000,579.9999999897408,-33351.37712840107,9806.782167427365,-23544.594960973707,301.74244435803564,26.91524821142485,0.985862631819406
1165000,582.4999999896817,-33800.23445374379,10068.885438945556,-23731.349014798234,304.9442353719313,26.811742486590056,0.9896685174810727
1170000,584.9999999896226,-33738.94801656343,9602.464904158915,-24136.483112404516,290.84333935085283,26.602276133575533,0.9974611685312738
1175000,587.4999999895634,-33998.60271714488,9708.527742069331,-24290.07497507555,294.54086765161446,26.609555464345792,0.997188302275167
1180000,589.9999999895043,-33931.562185657676,9971.531446765448,-23960.03073889223,300.1589266130232,26.294321820435297,1.0091432522578212
1185000,592.4999999894452,-33695.84656814393,9462.339490264152,-24233.507077879774,289.3264723144094,26.531615510959636,1.0001176681769317
1190000,594.9999999893861,-33878.505056198686,9767.466855450819,-24111.03820074787,295.1399674006315,26.39228041512617,1.005397677670174
1195000,597.499999989327,-33531.573508339236,9920.819927784461,-23610.753580554774,301.5406876349125,26.020038283075422,1.0197808761506408
1200000,599.9999999892678,-34034.584991750075,10048.455392826334,-23986.12959892374,306.34000745461145,26.51754876600129,1.0006481998746661
1205000,602.4999999892087,-33413.90734050982,10185.907621445622,-23227.999719064195,303.0270940909969,26.718830891574747,0.9931099734665064
1210000,604.9999999891496,-33486.43767714733,10062.715740025222,-23423.72193712211,303.61676367371456,26.349610657584343,1.0070257880698603
1215000,607.4999999890905,-33143.6413128064,9926.74687993438,-23216.89443287202,303.67322834105664,26.314333763996654,1.0083758029280898
1220000,609.9999999890314,-33578.880411926424,9922.82681373035,-23656.053598196075,294.88971241318035,26.429726039391667,1.0039732306812295
1225000,612.4999999889723,-33885.934908399824,9780.325731030725,-24105.6091773691,291.65844325552246,26.412493451789373,1.0046282637503205
1230000,614.9999999889131,-34108.448907965794,9565.411414441867,-24543.037493523927,282.5796953150048,26.15916155505653,1.0143573364131289
1235000,617.499999988854,-34043.48412158084,9796.448404406747,-24247.035717174094,296.9475612904018,26.438137386142618,1.0036538145722733
1240000,619.9999999887949,-33825.991645230446,9692.63886877347,-24133.352776456974,290.6394266621465,26.116689233526277,1.0160069371934377
1245000,622.4999999887358,-33562.44987886795,9946.656024421474,-23615.793854446474,300.47030358513825,26.526172064394974,1.0003229027306353
1250000,624.9999999886767,-33637.48389438866,9751.6974197889,-23885.786474599758,294.7649153860341,26.534947944792727,0.9999920668016647
1255000,627.4999999886176,-33251.513073117705,9825.148359588213,-23426.364713529492,292.30897887873687,26.586065308573833,0.998069369416263
1260000,629.9999999885584,-33163.867782286135,9902.296114040631,-23261.571668245502,298.900474822019,26.634311393345307,0.9962614405874103
1265000,632.4999999884993,-33666.31705424632,9891.658697424016,-23774.658356822303,295.0076867009073,26.444237471390384,1.0034222944221929
1270000,634.9999999884402,-33705.81770153623,9656.712527253621,-24049.10517428261,291.4498759690706,26.470031387363157,1.0024445022175381
1275000,637.4999999883811,-33771.42088174657,9978.314879624766,-23793.106002121804,303.01442138343344,26.496020890949364,1.0014612211772422
1280000,639.999999988322,-33798.82139424165,9682.36663074748,-24116.45476349417,293.2954886316658,26.212214347579643,1.0123043053872327
1285000,642.4999999882629,-33744.723978228634,9728.670003144129,-24016.053975084506,293.6130076949602,26.361625399962968,1.0065668195795372
1290000,644.9999999882037,-33322.26455726684,9752.235894124024,-23570.028663142817,298.95318049846935,26.810897973818612,0.9896996909129854
1295000,647.4999999881446,-33448.55145982327,9892.45942603615,-23556.09203378712,296.6494186459241,26.420884618443107,1.004309197855748
1300000,649.9999999880855,-33833.240436154185,9825.268010867829,-24007.972425286356,295.3471264752163,26.221264137929253,1.0119549270473644
1305000,652.4999999880264,-33398.67095064465,9794.866311791364,-23603.804638853286,294.8957480909052,26.377976915302373,1.0059428561556802
1310000,654.9999999879673,-33478.90332866972,9566.160792609484,-23912.74253606024,289.8133453066808,26.419325770492488,1.004368456193696
1315000,657.4999999879082,-33259.535248536384,9698.752028547276,-23560.783219989105,295.1558087807392,26.68798728973952,0.9942577216375335
1320000,659.999999987849,-33091.90894235927,9977.339177910391,-23114.569764448876,297.90104625680897,26.96196937525295,0.9841542755457168
1325000,662.4999999877899,-32948.86465595965,9851.604445374622,-23097.26021058503,299.9127555333834,26.364936952068536,1.0064403903573913
1330000,664.9999999877308,-33701.0036206299,9986.333818664263,-23714.669801965632,303.43604186397744,26.05840873750325,1.0182792704298589
1335000,667.4999999876717,-33650.20198501181,9656.808868688508,-23993.3931163233,293.0016307954189,26.21184036930222,1.0123187484715421
1340000,669.9999999876126,-33637.77599927713,9607.603492027549,-24030.172507249583,292.21501947943864,26.46825614355086,1.0025117368472045
1345000,672.4999999875535,-33647.41779120127,9790.515797626256,-23856.90199357501,292.78957379117367,26.393382269354817,1.0053557049638606
1350000,674.9999999874943,-33846.77450069552,9919.039482658309,-23927.735018037216,299.97827467508665,26.184671299500387,1.0133691247937935
1355000,677.4999999874352,-33360.27188802883,9684.475589666888,-23675.796298361944,291.4435646380501,26.580072671095852,0.9982943901670638
1360000,679.9999999873761,-33923.817471900955,9856.992001622028,-24066.825470278927,293.58416539100546,26.520641857972194,1.000531494670874
1365000,682.499999987317,-33271.96171822143,9509.784979207765,-23762.176739013663,289.1577544091622,26.682336188487568,0.9944682973163578
1370000,684.9999999872579,-33715.758159767836,9858.436295150852,-23857.321864616984,292.5859924252,26.605636607990256,0.9973351823432373
1375000,687.4999999871987,-33093.73156958632,9780.159952852267,-23313.571616734054,291.5396945845898,26.59321859729604,0.997800899530299
1380000,689.9999999871396,-33761.13985737902,9586.471195058926,-24174.668662320095,293.99035304769654,26.37776847622478,1.0059508051905366
1385000,692.4999999870805,-33595.92668775981,9895.25166756322,-23700.67502019659,301.8805946168916,26.819406247530733,0.9893857154362218
1390000,694.9999999870214,-33625.6089781269,9741.729971989898,-23883.879006137,294.8506806531458,26.621430727810225,0.996743477429566
1395000,697.4999999869623,-33593.804423035355,9713.297891957438,-23880.506531077917,292.68526284570754,26.3427458458652,1.0072882148674265
1400000,699.9999999869032,-33636.65445571719,10002.619333394958,-23634.03512232223,305.87393982707107,26.633983428317787,0.9962737083321753
1405000,702.499999986844,-33407.70223430195,9476.420229870819,-23931.28200443113,285.66003729835063,26.52349645332412,1.0004238123161298
1410000,704.9999999867849,-33877.38552396023,9411.23210027122,-24466.153423689007,286.33322426151665,26.524988913655836,1.0003675222698025
1415000,707.4999999867258,-34042.30140364263,9722.610369238428,-24319.691034404204,292.5950282275695,26.342425277625694,1.007300472835564
1420000,709.9999999866667,-33471.48393813404,9632.947288640986,-23838.536649493057,290.4433409990646,26.22924447274411,1.0116470363971486
1425000,712.4999999866076,-33341.19772322895,9962.993829323748,-23378.2038939052,305.4830538925671,26.403225535690225,1.0049809028794559
1430000,714.9999999865485,-33644.13459483371,9650.008265944623,-23994.126328889088,281.6949823569619,26.691536206605736,0.9941255247504615
1435000,717.4999999864893,-33313.15874568536,9715.609131385183,-23597.549614300176,290.9314601305263,27.008498362409117,0.9824588202474581
1440000,719.9999999864302,-33409.89373385324,9932.080777773619,-23477.812956079622,303.2329354458976,26.606489374810515,0.9973032166697432
1445000,722.4999999863711,-33684.24103029701,9873.605378834793,-23810.635651462217,296.5486622310298,26.72750036295628,0.9927878431371916
1450000,724.999999986312,-33471.65019555879,9864.12699221275,-23607.523203346038,296.73549664213385,26.426712058256562,1.0040877343837997
1455000,727.4999999862529,-32944.07375315623,9969.441473632221,-22974.632279524012,296.9135372265473,26.606721664919174,0.9972945097093185
1460000,729.9999999861938,-33147.252248019446,9938.135517892453,-23209.116730126992,296.9392595731331,26.671212161989963,0.994883070054214
1465000,732.4999999861346,-33536.85573443724,9883.9759696141,-23652.879764823138,295.1968354561838,26.690995135561412,0.994145677334999
1470000,734.9999999860755,-33615.957799462834,9907.549241089891,-23708.408558372943,296.3683389382286,26.730797241061868,0.9926653963401874
1475000,737.4999999860164,-33523.502037988044,9930.332831767635,-23593.16920622041,300.3734169327347,26.55232919579476,0.9993374683675706
1480000,739.9999999859573,-33768.56396019831,9872.5812830604,-23895.982677137912,295.8788785665876,26.472503751757923,1.0023508802421386
1485000,742.4999999858982,-33759.25241182116,9972.640584987712,-23786.611826833447,305.213393122205,26.419948313606696,1.0043447898844697
1490000,744.999999985839,-33614.06201860518,9795.63191585155,-23818.43010275363,293.2014149043636,26.45101991422383,1.0031650017215032
1495000,747.4999999857799,-33613.52718235296,9591.510095608892,-24022.01708674407,290.06935721971433,26.36678658714032,1.0063697883734326
1500000,749.9999999857208,-33371.84735010564,10073.074463067045,-23298.772887038598,303.75611077191627,26.35164603233806,1.0069480064063216
1505000,752.4999999856617,-33613.96171311266,9839.232673285429,-23774.72903982723,293.4525249027372,26.147119117130128,1.0148245135122282
1510000,754.9999999856026,-33904.959507158026,9969.293152558466,-23935.66635459956,306.49342125542756,26.577678941822093,0.9983843019502107
1515000,757.4999999855435,-33764.97996476339,9834.091255878568,-23930.888708884824,293.54223659768985,26.095222973118354,1.0168427173480095
1520000,759.9999999854844,-33653.133762246696,9902.570952014743,-23750.562810231953,304.02738595970925,26.362152352591618,1.0065466993319794
1525000,762.4999999854252,-33241.49078856129,10095.364998864752,-23146.12578969654,297.8569528239439,26.512009049379266,1.0008572865363115
1530000,764.9999999853661,-33531.51118548913,9640.755652760847,-23890.755532728283,293.2128241706878,26.550683751070927,0.9993994010311538
1535000,767.499999985307,-33418.75082387356,9576.310379059702,-23842.44044481386,290.2748041839466,26.87242252787521,0.9874337682158333
1540000,769.9999999852479,-33932.83760959981,9622.265207510787,-24310.572402089023,290.366863248004,26.460046925156867,1.0028227656905622
1545000,772.4999999851888,-33664.3588391142,9793.404612087053,-23870.95422702714,294.1108924153371,26.416559632482272,1.0044736258979114
1550000,774.9999999851296,-34283.44867000822,9606.01165695637,-24677.43701305185,291.51126153618577,26.267114266373085,1.0101885258007726
1555000,777.4999999850705,-33818.2346657617,9746.02286417287,-24072.211801588834,294.90332669068073,26.229930640464026,1.0116205719909006
1560000,779.9999999850114,-33552.78083130042,9685.145736469342,-23867.63509483108,294.00134629889357,26.51738951378946,1.000654209344
1565000,782.4999999849523,-33315.11339955591,9836.962779686026,-23478.15061986988,293.40296084911984,26.300580126898993,1.0089031234200567
1570000,784.9999999848932,-33453.904617202934,10082.855515895102,-23371.04910130783,300.34974699052884,26.60743381731518,0.9972678169557261
1575000,787.4999999848341,-33575.827534158016,9756.310429261313,-23819.517104896702,298.5372309191548,26.433025867023233,1.003847897371883
1580000,789.999999984775,-33587.26098668878,9977.09711828949,-23610.16386839929,296.9925025792347,26.898262743865924,0.98648517528661
1585000,792.4999999847158,-33747.26837714412,9719.337689884733,-24027.930687259388,298.6585280270093,26.663831222562333,0.9951584682749856
1590000,794.9999999846567,-33374.9233019487,9618.423231222208,-23756.50007072649,286.59871019521245,26.21106995676269,1.0123485031919375
1595000,797.4999999845976,-33821.59713396942,9843.150255634904,-23978.44687833452,303.24765111266,26.194306425240036,1.0129963743655301
1600000,799.9999999845385,-33759.29169482272,9809.526268414505,-23949.765426408216,293.7700131199517,26.63659597310538,0.996175992779995
1605000,802.4999999844794,-34021.31936164992,9417.500612780885,-24603.818748869035,283.27166765177753,26.28468010511742,1.0095134249939668
1610000,804.9999999844202,-33503.42717559403,9998.067158388034,-23505.360017205996,300.24849242320835,26.564686359652846,0.9988726039728266
1615000,807.4999999843611,-33422.61938952678,9956.85675913234,-23465.762630394438,304.9138012916713,26.594309616716355,0.9977599652035696
1620000,809.999999984302,-33537.80231643957,10074.44140045769,-23463.36091598188,311.57853476737785,26.67183125871614,0.9948599771947242
1625000,812.4999999842429,-33312.41684309626,9954.298135036224,-23358.118708060036,302.2117973629393,26.397742596081258,1.0051896423039957
1630000,814.9999999841838,-33747.95878012385,9837.198726905977,-23910.760053217877,300.56716842331934,26.60920635288157,0.9972013853361079
1635000,817.4999999841247,-33486.933139883215,9835.134186099223,-23651.79895378399,294.8596182502712,26.783866533163497,0.9906985387988265
1640000,819.9999999840655,-33576.510924456175,9489.256465347022,-24087.254459109154,291.7146097444297,26.711560102837986,0.9933802943605929
1645000,822.4999999840064,-33656.91359711834,10007.156595133656,-23649.757001984686,295.8196456296419,26.520225615726623,1.0005471982882619
1650000,824.9999999839473,-33663.02799248067,9724.653888678473,-23938.374103802194,295.24187076299177,26.206712602990677,1.0125168249740626
1655000,827.4999999838882,-33628.83369250945,9742.863890803332,-23885.969801706116,288.92152986552236,26.52340069397225,1.0004274242185769
1660000,829.9999999838291,-33669.66392256506,9775.942862473321,-23893.72106009174,299.9914571162643,26.253355834393624,1.0107179289828396
1665000,832.49999998377,-33805.92771125445,9760.519317080802,-24045.40839417365,295.8850197981673,26.68647023856081,0.9943142424076118
1670000,834.9999999837108,-33686.71532942052,9434.654259991687,-24252.061069428833,282.57966076635023,26.674764772609866,0.9947505690859634
1675000,837.4999999836517,-33717.74282788369,9723.074813435795,-23994.668014447896,295.6997232537305,26.759516131024025,0.9916000464232776
1680000,839.9999999835926,-33229.15241790633,9906.15967730228,-23322.992740604048,307.14862264538874,26.58556987166726,0.9980879689950313
1685000,842.4999999835335,-33136.24806112144,9872.859171752607,-23263.388889368834,299.00813323971187,26.47722041832607,1.00217232090654
1690000,844.9999999834744,-33391.041563156294,9773.0750855148,-23617.966477641494,297.452869595731,26.690868645942164,0.9941503886506882
1695000,847.4999999834153,-33463.10506009543,9717.808263340075,-23745.296796755356,298.1526604051411,26.49189723754523,1.0016171057836478
1700000,849.9999999833561,-33744.298221659614,9814.937405799905,-23929.36081585971,294.1378411145453,26.363301307658624,1.006502832408149
1705000,852.499999983297,-32958.12101256056,9863.37575650229,-23094.745256058268,297.22032063601586,26.572889199323146,0.9985642599399297
1710000,854.9999999832379,-33320.46220427216,9637.180098886667,-23683.282105385493,290.69495368907684,26.415653210388204,1.0045080932298442
1715000,857.4999999831788,-33398.95768692624,10033.425625197058,-23365.53206172918,306.8459461834106,26.171868773745814,1.013864835834958
1720000,859.9999999831197,-33551.49457315565,9849.18012498361,-23702.31444817204,297.0495781945162,26.58089422797773,0.9982635350867437
1725000,862.4999999830605,-33732.063420771156,9754.217622359527,-23977.84579841163,296.65174255189226,26.024486639653738,1.019606565355132
1730000,864.9999999830014,-33465.69628397329,9856.295608612269,-23609.40067536102,292.7842140566998,26.444322367484567,1.0034190730640342
1735000,867.4999999829423,-33571.9503948451,9640.913968739073,-23931.03642610603,288.1017994710318,26.411818321212248,1.0046539437414235
1740000,869.9999999828832,-33056.446470595896,9754.141972004429,-23302.304498591468,293.81025783718724,26.52156569638905,1.000496642677495
1745000,872.4999999828241,-33134.31225324422,9849.585979156138,-23284.726274088083,300.15259292434314,26.63903677400809,0.9960847181861325
1750000,874.999999982765,-33684.82529513398,9808.477283486287,-23876.348011647693,296.23940349859225,26.328645244944646,1.0078276793555412
1755000,877.4999999827058,-33428.61010017223,9868.888607509296,-23559.72149266293,297.0781542909692,26.794863564052513,0.9902919406309787
1760000,879.9999999826467,-33453.28970190673,9919.165124254625,-23534.124577652106,299.67478736293316,26.57732114760227,0.9983977425874526
1765000,882.4999999825876,-33373.78908752557,9758.714898856982,-23615.074188668586,299.048485290384,26.5021702837034,1.001228848571111
1770000,884.9999999825285,-33198.36211568117,9520.227039754605,-23678.135075926566,287.3490706806049,26.4517874268315,1.0031358943582098
1775000,887.4999999824694,-33491.742881375365,9828.641986785879,-23663.100894589486,296.0761989229453,26.630664897785927,0.9963978571182414
1780000,889.9999999824103,-33337.37588584656,9772.327295745868,-23565.04859010069,295.1555442102333,26.764576597992175,0.9914125613247493
1785000,892.4999999823511,-33632.62133823056,9940.46093136803,-23692.160406862527,299.47334374271935,26.40622638239597,1.0048666952078231
1790000,894.999999982292,-33533.79014009307,9783.632991041739,-23750.15714905133,291.4713516566341,26.28924304413132,1.0093382070090204
1795000,897.4999999822329,-33761.80450716033,9842.495200639041,-23919.309306521285,294.25102127840506,26.489066585720504,1.0017241397283507
1800000,899.9999999821738,-33665.79310779134,9673.516118683025,-23992.276989108315,291.5681233463421,26.39675432873866,1.0052272755707312
1805000,902.4999999821147,-33860.63522105734,9559.562776896357,-24301.072444160982,289.2450821826524,26.56254779224787,0.9989530238334999
1810000,904.9999999820556,-33513.31414142228,9740.521066168641,-23772.793075253634,297.23267176383405,26.494796124930872,1.001507515387877
1815000,907.4999999819964,-33963.76172112906,9851.155711257288,-24112.606009871775,299.9072530748104,26.457405732021922,1.002922875604253
1820000,909.9999999819373,-33773.40315097058,9603.08067399303,-24170.32247697755,285.98973247880946,25.912508031619566,1.024012704806846
1825000,912.4999999818782,-33602.62227577646,9813.172355964118,-23789.449919812345,302.54599375847164,26.219174802117028,1.0120355670249912
1830000,914.9999999818191,-33467.52262096945,9701.700650641495,-23765.821970327957,287.8350431382524,26.09644562329075,1.0167950770317145
1835000,917.49999998176,-33439.26584406663,9775.802993630141,-23663.46285043649,291.6965531921776,26.40995605861412,1.0047247855655952
1840000,919.9999999817009,-33509.6070108132,9926.435466047096,-23583.1715447661,303.0587676828708,26.20959988639074,1.0124052848119194
1845000,922.4999999816417,-33108.16422145022,9793.372942387146,-23314.791279063073,294.9614068581557,26.545523917560068,0.9995936610704803
1850000,924.9999999815826,-33504.42181700887,9723.248548199666,-23781.173268809205,293.83568915063535,26.765756168163293,0.9913688696510577
1855000,927.4999999815235,-33168.364711318165,10083.832523696245,-23084.53218762192,303.02849914046936,27.147333561295824,0.9774343906695374
1860000,929.9999999814644,-33258.692166559864,9699.275964951017,-23559.416201608845,291.26236706408093,26.501766853368075,1.0012440900488717
1865000,932.4999999814053,-33557.139609815786,9839.883550037754,-23717.256059778032,298.89331117469726,26.493901517829013,1.0015413328207388
1870000,934.9999999813461,-33949.79983766889,9832.845247877194,-24116.954589791698,299.9147193533756,26.24789039675827,1.0109283845937207
1875000,937.499999981287,-33197.99456421845,9743.323383127925,-23454.67118109052,290.5253703585644,26.98191199125309,0.9834268767309676
1880000,939.9999999812279,-33526.60546957748,9649.058733787477,-23877.546735790005,292.11686511878514,26.40015466146562,1.005097802571539
1885000,942.4999999811688,-33421.48379013059,9787.982213892716,-23633.50157623787,302.35151257454766,26.42937733411857,1.0039864769546911
1890000,944.9999999811097,-33260.263859767234,9841.375071049119,-23418.888788718115,297.19464330985886,26.38740083834273,1.0055835965181932
1895000,947.4999999810506,-33611.60128659615,9966.749115416398,-23644.852171179755,304.1115588053214,26.446655999474594,1.0033305321593409
1900000,949.9999999809914,-33444.871495230356,9793.354983563311,-23651.516511667047,301.24084410878726,26.412867520432368,1.004614035839207
1905000,952.4999999809323,-33673.52461302513,9499.168928180512,-24174.35568484462,288.5115863597889,26.688485489354175,0.994239161617933
1910000,954.9999999808732,-33777.55114193028,9701.501694882743,-24076.049447047535,290.1287572995928,26.60892423512866,0.9972119580376401
1915000,957.4999999808141,-33421.958480816334,9773.24973157683,-23648.708749239504,299.65906376342605,26.434654889451124,1.0037860357457016
1920000,959.999999980755,-33597.3092920878,9883.209069601835,-23714.100222485962,294.9612030338391,27.07147231124801,0.9801734140171927
1925000,962.4999999806959,-33454.57651249762,9782.64478991622,-23671.931722581397,293.79763400068435,26.662879556091166,0.995193988029923
1930000,964.9999999806367,-33242.743604846066,9850.137160428147,-23392.60644441792,298.5370872074636,26.51140019597411,1.0008802719449463
1935000,967.4999999805776,-33131.364130261354,9730.138793295944,-23401.22533696541,296.37714276331235,26.4544405023528,1.0030352913881482
1940000,969.9999999805185,-33579.96973355836,9653.32941174709,-23926.640321811272,295.5617264132552,26.383250054712473,1.0057418014369437
1945000,972.4999999804594,-33498.08341147052,9577.97331748829,-23920.11009398223,288.9112777156496,26.530304754107828,1.0001670800136342
1950000,974.9999999804003,-33523.272367613856,9977.138323068502,-23546.134044545353,295.7228517841985,26.717764243779037,0.9931496211913098
1955000,977.4999999803412,-33535.24973955192,9700.032226748719,-23835.217512803196,292.03795625538464,26.317829115954986,1.0082418774313486
1960000,979.999999980282,-33633.63832440553,9876.059986842512,-23757.57833756302,299.6350871868714,26.106582067342295,1.0164002843934583
1965000,982.4999999802229,-33934.15806341125,9667.190760418202,-24266.967302993045,288.8070744415096,26.28243991095184,1.0095994712702032
1970000,984.9999999801638,-33499.934191192035,9597.373946897922,-23902.560244294113,285.7461599638894,26.47435859079314,1.0022806538178313
1975000,987.4999999801047,-33414.00149078271,9802.15896548066,-23611.842525302054,300.2608398522972,26.292240501042514,1.0092231370215763
1980000,989.9999999800456,-33492.62951429235,9924.27442784972,-23568.35508644263,298.1304187965792,26.726380679975474,0.9928294352878392
1985000,992.4999999799865,-33382.541404966265,9978.362270280584,-23404.17913468568,302.69841358841614,26.4041707569563,1.004944926391872
1990000,994.9999999799273,-33516.98009547009,9721.266815292438,-23795.713280177653,293.5267928503113,26.253408437221566,1.0107159038506954
1995000,997.4999999798682,-33457.26545340405,9524.004760325337,-23933.26069307871,290.6302437136901,26.817593104556508,0.9894526080075181
2000000,999.9999999798091,-33488.12864745292,9651.864369425108,-23836.26427802781,292.6478682694985,26.701143395821642,0.9937678339999548
2005000,1002.49999997975,-33746.10060478095,10007.788084756568,-23738.31252002438,301.66921343270894,26.463603519949793,1.0026879906126331
2010000,1004.9999999796909,-33685.0368415541,9635.409261618399,-24049.627579935703,285.51294369731465,26.5132381753353,1.0008108878406474
2015000,1007.4999999796318,-33583.683450166835,9859.17153475921,-23724.511915407624,300.8032279780526,26.654598984200465,0.9955031570167818
2020000,1009.9999999795726,-33261.99809225835,9701.837561222756,-23560.160531035595,284.70170858340657,26.43109489573511,1.0039212352897828
2025000,1012.4999999795135,-33150.91273772088,9535.511116969828,-23615.40162075105,289.57854451296794,26.61549403594637,0.9969658050288515
2030000,1014.9999999794544,-33458.09222315345,9984.244025510117,-23473.848197643332,300.46848968115637,26.76289819260071,0.991474736660773
2035000,1017.4999999793953,-32870.026623099344,9873.488987409295,-22996.53763569005,296.28981606924896,26.722025379218557,0.9929912520187807
2040000,1019.9999999793362,-33495.419598598965,9826.746949745906,-23668.67264885306,298.52568743837696,26.405498190467267,1.0048944067022851
2045000,1022.499999979277,-33841.25010039727,9612.601854159117,-24228.648246238154,290.8470415096306,26.5423843290172,0.9997118988582736
2050000,1024.9999999794452,-33903.946795888245,9823.374511817314,-24080.57228407093,294.20188331816206,26.515175038830215,1.000737781249002
2055000,1027.4999999799545,-33878.793956026435,9866.807246971646,-24011.98670905479,296.4668220035429,26.41774665892457,1.0044284919669249
2060000,1029.9999999804638,-33565.45766949467,9874.172295676392,-23691.285373818282,301.07769776446037,26.435732889910636,1.003745103201395
2065000,1032.4999999809731,-33898.66202842002,9786.92489012818,-24111.737138291835,296.65364087759406,26.387595505712667,1.005576178096384
2070000,1034.9999999814825,-33461.36145854881,9698.223193471651,-23763.13826507716,291.84392810927574,26.749772689756185,0.9919612306817596
2075000,1037.4999999819918,-33370.95365751814,9652.115125468925,-23718.838532049216,290.014257955028,26.95977190236276,0.9842344932993428
2080000,1039.999999982501,-33413.36336769303,9691.499480802651,-23721.86388689038,290.7689564292109,26.26810760000032,1.010150325324065
2085000,1042.4999999830104,-33611.68901261012,9763.039574830553,-23848.649437779568,297.62273163720073,26.683665445751533,0.9944187574879305
2090000,1044.9999999835197,-33343.045820771484,9845.458086499477,-23497.587734272005,294.8113718536324,26.962402425143182,0.9841384687977025
2095000,1047.499999984029,-33686.15194690763,9841.312986564868,-23844.838960342764,299.10768735181017,26.4172294982426,1.0044481553053504
2100000,1049.9999999845384,-33436.88103122986,9621.46855708451,-23815.41247414535,288.8325163673104,26.432346294053374,1.0038737062005552
2105000,1052.4999999850477,-33244.09595660446,9601.77906502856,-23642.3168915759,284.9678793032848,26.831564244120173,0.9889374020973319
2110000,1054.999999985557,-33517.997873374494,9904.458388607012,-23613.539484767483,295.1177524052162,26.618254592706517,0.9968624105450726
2115000,1057.4999999860663,-34010.66568308626,9948.469494422285,-24062.196188663976,297.5035782237245,26.179147050853096,1.0135829630447484
2120000,1059.9999999865756,-33739.29522065073,9567.738095012865,-24171.557125637868,288.2597427455086,26.297099427337574,1.0090366624314182
2125000,1062.499999987085,-33963.73677960667,9754.472091695854,-24209.264687910814,290.51693850957656,26.299822646909494,1.0089321815600143
2130000,1064.9999999875943,-33425.56532124174,9448.406915417447,-23977.15840582429,281.01942188855077,26.529845579275936,1.0001843907646322
2135000,1067.4999999881036,-33629.38847549097,9719.421634091548,-23909.96684139942,293.81887685251917,26.818303571791184,0.9894263955494342
2140000,1069.999999988613,-33378.73363599763,9594.07729772782,-23784.656338269815,285.9412596708697,26.568633803350426,0.9987241961399503
2145000,1072.4999999891222,-33303.519661696395,9780.963571269725,-23522.556090426668,295.863659113358,26.492541047584293,1.0015927649268443
2150000,1074.9999999896315,-33750.60194750759,9955.259649569893,-23795.342297937696,304.9692782587492,26.59837503203589,0.9976074630810576
2155000,1077.4999999901409,-33665.24262501835,10106.804306294189,-23558.438318724162,300.5352657027205,26.284265630184137,1.009529343947738
2160000,1079.9999999906502,-33085.17624601768,9635.201097943167,-23449.975148074518,284.3068527247837,26.47225941815549,1.0023601317381141
2165000,1082.4999999911595,-33022.32696012966,9704.092360227132,-23318.23459990253,288.88380150368107,26.15407975878946,1.0145544283151648
2170000,1084.9999999916688,-33006.778592473594,10048.925191148108,-22957.853401325487,307.50441059552793,27.146020447470534,0.977481671360797
2175000,1087.4999999921781,-33616.059966865694,9871.16472508061,-23744.89524178508,293.2823512148771,26.741472702077107,0.9922691144727724
2180000,1089.9999999926874,-33534.44701337954,9866.232285645663,-23668.214727733877,299.2425410329519,26.223734465586812,1.011859598891576
2185000,1092.4999999931968,-33389.14350250829,9809.83131471831,-23579.31218778998,292.3304402729934,26.255703137532585,1.0106275691339761
2190000,1094.999999993706,-33861.29728977708,9954.14837408964,-23907.14891568744,299.9174861366179,26.351800271815033,1.006942112648315
2195000,1097.4999999942154,-33784.698873587186,9720.435706349992,-24064.263167237194,293.1185534437321,26.670461903837168,0.9949110567886426
2200000,1099.9999999947247,-33495.04095502803,9738.5804681419,-23756.46048688613,298.45829414477345,26.61960577334288,0.9968118109532638
2205000,1102.499999995234,-33326.18444959284,9539.451716743059,-23786.732732849778,288.3763120079042,26.994779882606775,0.9829580960904474
2210000,1104.9999999957433,-33616.04384459322,9851.10191111907,-23764.941933474154,304.5843632818644,26.35816109348814,1.0066991146944373
2215000,1107.4999999962527,-33243.55133933714,9600.03131532633,-23643.520024010806,288.0024656243421,26.649487276590502,0.9956941070718672
2220000,1109.999999996762,-33036.27103034244,9965.730561785134,-23070.540468557305,296.2713067109803,26.028437942776666,1.0194517817828446
2225000,1112.4999999972713,-33537.385097998194,9753.79217221458,-23783.592925783614,295.4989513116785,26.777704464656953,0.9909265177233633
2230000,1114.9999999977806,-33158.577952804975,10052.317214849027,-23106.26073795595,301.53792202497795,26.581290988562195,0.9982486346959462
2235000,1117.49999999829,-33549.718369439244,9865.26201926564,-23684.456350173605,299.19567226520513,26.673651578495818,0.9947920838547678
2240000,1119.9999999987992,-33406.49782603816,9808.950183198425,-23597.547642839738,298.56309840597737,26.401002164686627,1.0050655377499316
2245000,1122.4999999993086,-33958.69870098354,9789.056594890131,-24169.64210609341,298.90761788688735,26.412327580181906,1.0046345728991266
2250000,1124.9999999998179,-33614.69622370158,9901.489492609144,-23713.20673109244,300.1828613568423,26.476216430470792,1.0022103236491797
2255000,1127.5000000003272,-33628.896850454155,9922.770830297794,-23706.126020156364,291.9258726661868,26.457434691478074,1.0029217778371649
2260000,1130.0000000008365,-33554.286305583315,9745.114700146567,-23809.17160543675,294.68117754829035,26.43005414088055,1.0039607674032494
2265000,1132.5000000013458,-33480.43063483504,9750.298327105247,-23730.13230772979,299.1507581504976,26.72244127049644,0.9929757977271407
2270000,1135.0000000018551,-33485.281418764964,10063.826939795646,-23421.454478969317,302.5687020878299,26.639904150629057,0.9960522863653506
2275000,1137.5000000023645,-33397.32865060819,9562.173299609547,-23835.155350998648,286.3852059722066,27.012103815159673,0.9823276861129233
2280000,1140.0000000028738,-33526.183056115406,9477.69271013052,-24048.490345984887,294.507872993091,26.25087735659287,1.0108133559628896
2285000,1142.500000003383,-33204.8386220939,9864.704845601047,-23340.133776492854,296.74656777797566,26.542256263771748,0.9997167224252091
2290000,1145.0000000038924,-32914.41417385521,10022.261496357245,-22892.15267749797,298.6515563136027,26.702589973736416,0.993713997926282
2295000,1147.5000000044017,-33259.651576613076,9496.925353651879,-23762.726222961195,286.1941879764281,26.563732531544574,0.9989084706480057
2300000,1150.000000004911,-33351.5389124474,9742.945415446378,-23608.593497001024,295.8483062321135,26.268724723123885,1.0101265941711215
2305000,1152.5000000054204,-33317.91345980205,10003.832645007085,-23314.08081479496,306.4778306057987,26.35432886509282,1.006845500548261
2310000,1155.0000000059297,-33668.81767371157,9536.757949612158,-24132.059724099414,283.52120348292465,26.45534059242756,1.0030011651176034
2315000,1157.500000006439,-33544.41729747574,9607.854565194497,-23936.562732281243,288.9444188352134,26.994382527796596,0.9829725651425655
2320000,1160.0000000069483,-33506.434025792405,9667.740213554653,-23838.693812237754,291.5835506432864,26.609339685833646,0.9971963886016497
2325000,1162.5000000074576,-33444.00548944273,9560.664868161446,-23883.340621281284,288.9571236401444,26.726251926030468,0.9928342182520523
2330000,1165.000000007967,-33584.40924800909,9630.733463650167,-23953.675784358922,290.72783803100106,26.455178456714652,1.0030073122055627
2335000,1167.5000000084763,-33571.65711164917,9508.776266492183,-24062.880845156986,292.5723309622969,26.487525868655034,1.0017824076649116
2340000,1170.0000000089856,-33117.75613529631,10300.000742505428,-22817.75539279088,308.8762038534624,27.15413997321449,0.9771893885780356
2345000,1172.500000009495,-33572.051662506536,9823.335763651485,-23748.71589885505,295.49945262729494,26.37038863777308,1.0062323237731647
2350000,1175.0000000100042,-33560.02083298657,9913.58655016363,-23646.434282822942,306.2581002438503,26.487466492778996,1.001784653319779
2355000,1177.5000000105135,-33393.01821541181,9823.455546046887,-23569.56266936492,292.18449885615007,26.437523050372608,1.003677136743485
2360000,1180.0000000110228,-33272.40228141472,9911.585353603903,-23360.816927810814,302.2045097832765,26.640266775329273,0.9960387281992561
2365000,1182.5000000115322,-33467.235017114086,9793.339069624406,-23673.89594748968,289.4892037838838,26.924871485964935,0.985510272597571
2370000,1185.0000000120415,-33773.535940031055,9814.623111387506,-23958.91282864355,293.5886943975732,26.880737472518643,0.9871283280421712
2375000,1187.5000000125508,-33574.70289897779,9786.173379231042,-23788.52951974675,295.2214429720176,26.93607456001196,0.9851003856805514
2380000,1190.0000000130601,-33367.5524407248,9666.921335783445,-23700.631104941356,281.2259535945307,26.87635113479734,0.9872894316904808
2385000,1192.5000000135694,-33639.159941257676,9512.482895410896,-24126.67704584678,289.3461971957193,26.812008777945998,0.9896586882969323
2390000,1195.0000000140788,-33731.75514020841,9783.499114518349,-23948.256025690058,298.7692466001129,26.33822804458394,1.0074609952070916
2395000,1197.500000014588,-33684.3662503378,9686.684066041536,-23997.682184296264,291.94412318374356,26.47973090429937,1.002077307117935
2400000,1200.0000000150974,-33405.76009845524,10034.427106141697,-23371.332992313546,298.53598847301765,26.302606000885795,1.0088254158882302
2405000,1202.5000000156067,-33688.052659518085,9725.141915267875,-23962.91074425021,292.92177768386665,26.638304871895425,0.996112086162929
2410000,1205.000000016116,-33764.67806827277,9813.030422413325,-23951.647645859444,301.91940851807726,26.263271253677033,1.0103363431572838
2415000,1207.5000000166253,-33423.62548414548,9569.073774533603,-23854.55170961188,284.4046465600203,26.66132571220347,0.9952519887502196
2420000,1210.0000000171347,-33537.34428492887,9742.792188867843,-23794.552096061027,293.99652502285386,26.637143930688197,0.9961555002605836
2425000,1212.500000017644,-33541.4309882652,9819.748175614952,-23721.68281265025,294.63011621980115,26.298232366908945,1.0089931926822777
2430000,1215.0000000181533,-33420.553297037724,9680.601939905962,-23739.951357131762,289.13891068199996,26.79270140591377,0.9903718567150916
2435000,1217.5000000186626,-33453.748364384985,9533.352132141867,-23920.396232243118,289.65496203090686,26.781671410857818,0.990779740021385
2440000,1220.000000019172,-33805.106219556415,9737.031493275446,-24068.074726280967,293.2956768226518,26.035243941353986,1.0191852819800353
2445000,1222.5000000196812,-33996.901777100284,10007.32105099223,-23989.580726108055,300.6011159128662,26.42764895351547,1.0040521381398988
2450000,1225.0000000201906,-33465.57504756958,9833.75458221071,-23631.820465358873,294.1514552376577,26.57583158263832,0.9984537023903592
2455000,1227.5000000206999,-33193.430210093735,9711.036648430643,-23482.39356166309,290.40909286709444,26.364784614844215,1.0064462056271821
2460000,1230.0000000212092,-33404.27086768928,9899.132437182889,-23505.13843050639,300.3846556470096,26.440598853354835,1.0035603801924133
2465000,1232.5000000217185,-33438.43090128922,9999.437579518222,-23438.993321771,303.19829551447833,26.796348151425107,0.9902370758821729
2470000,1235.0000000222278,-33688.3604917652,9469.099860880338,-24219.26063088486,284.83184359207905,26.451803973571195,1.0031352668536155
2475000,1237.5000000227371,-34074.40821973141,9759.476783618298,-24314.931436113115,288.6469852706945,26.31215614214276,1.0084592571753788
2480000,1240.0000000232465,-33427.08241672721,9793.111762340774,-23633.970654386434,294.36907421065206,26.128784680927758,1.0155366107462485
2485000,1242.5000000237558,-33646.34626007895,9965.561348361867,-23680.784911717084,303.5596890955024,26.938105062601405,0.985026132169425
2490000,1245.000000024265,-33914.15959805297,9819.70492721781,-24094.454670835155,293.62240155482766,26.216404970201314,1.012142491235865
2495000,1247.5000000247744,-33531.19787391857,9648.056302827856,-23883.141571090717,296.531774410068,26.5521057186663,0.9993458793414557
2500000,1250.0000000252837,-33407.07379904133,9676.994906622036,-23730.078892419297,290.5683578589589,26.364100241059365,1.0064723315102084
2505000,1252.500000025793,-33493.94127846835,9876.468032760506,-23617.473245707846,300.64917450355483,26.722601529210568,0.9929698427296705
2510000,1255.0000000263024,-33394.220960178645,9778.837579897665,-23615.383380280982,297.4555933087248,26.382232635315535,1.0057805874347492
2515000,1257.5000000268117,-33525.91674434743,9734.953582352144,-23790.963161995285,290.4197639045343,26.450983974668297,1.0031663647446831
2520000,1260.000000027321,-34116.199008723255,9644.728561364198,-24471.470447359057,290.9495292910711,26.22303488960151,1.0118865931993997
2525000,1262.5000000278303,-34076.94070240646,9905.071961341695,-24171.86874106476,294.85066139513594,26.005298120085275,1.0203589020690242
2530000,1265.0000000283396,-33607.37286198838,9669.75838411988,-23937.614477868497,295.601355589914,26.077558654149936,1.0175315024577722
2535000,1267.500000028849,-33741.20983295678,9863.383743620121,-23877.82608933666,300.1743973717104,26.43004170154099,1.0039612399189204
2540000,1270.0000000293583,-34101.14543643524,9945.634722629664,-24155.510713805576,298.67980089777546,26.342926467994584,1.0072813083248864
2545000,1272.5000000298676,-33316.5942709723,10019.892957881444,-23296.70131309086,301.91436999066957,26.656220216580728,0.9954426104749353
2550000,1275.000000030377,-33034.93711246108,9779.27834920093,-23255.658763260148,291.52044842828667,26.504447096996525,1.001142839942312
2555000,1277.5000000308862,-33133.91161208833,9609.754138169475,-23524.15747391885,294.65674876258146,26.670930607580193,0.9948935726392082
2560000,1280.0000000313955,-33193.37387435255,9646.73114769335,-23546.642726659196,295.45215602857155,26.149708748929644,1.0147240144261256
2565000,1282.5000000319048,-33588.69110074034,9616.829485072634,-23971.861615667705,293.7233062317115,26.52935046351993,1.0002030571489244
2570000,1285.0000000324142,-33386.64639848191,9884.307900081614,-23502.3384984003,298.3379163943118,26.444491521786354,1.0034126546138036
2575000,1287.5000000329235,-33796.22421736177,9751.79914148599,-24044.42507587578,294.40644072232436,26.561305652959888,0.9989997398652328
2580000,1290.0000000334328,-33413.92175165191,10031.546136089371,-23382.37561556254,304.2368965077622,26.836691210980582,0.9887484723500799
2585000,1292.5000000339421,-33468.86004666169,9745.745766555294,-23723.114280106398,295.22174625732066,26.703437124620987,0.9936824729323861
2590000,1295.0000000344514,-33619.930541082285,9689.46431954955,-23930.466221532733,296.9106239461792,26.409665702938522,1.004735831807043
2595000,1297.5000000349607,-33934.15719139064,9716.784437201124,-24217.372754189513,291.08211587847507,26.499022642077424,1.0013477778479924
2600000,1300.00000003547,-33451.44962120615,9794.450281395366,-23656.999339810784,297.8908057957304,26.297429399132255,1.0090240013597467
2605000,1302.5000000359794,-33568.940609362675,9897.790708619115,-23671.14990074356,295.8578749870224,26.51907056322729,1.0005907776640672
2610000,1305.0000000364887,-33461.06677193032,9862.701424396011,-23598.365347534305,300.1976766669195,26.416049422386553,1.004493026701439
2615000,1307.500000036998,-33271.929268662585,9987.356638694106,-23284.57262996848,303.3974728625943,26.480735259857052,1.002039300548149
2620000,1310.0000000375073,-33137.08601866942,9900.256092526408,-23236.82992614301,298.9348877406018,26.909979159637103,0.9860556665754662
2625000,1312.5000000380167,-33363.49878781731,9973.927311994456,-23389.571475822857,307.9080260789532,26.660209126164677,0.9952936720119847
2630000,1315.000000038526,-33492.234582105186,9773.54835046229,-23718.686231642896,298.42099693027063,26.622780950626495,0.9966929257690281
2635000,1317.5000000390353,-33477.09252723493,9699.140824928592,-23777.951702306334,290.7582403792092,26.651695353657953,0.995611614408836
2640000,1320.0000000395446,-33182.935357217444,9793.108594291476,-23389.826762925968,298.68493905737387,26.54576438306618,0.9995846062249635
2645000,1322.500000040054,-33681.9976732214,9640.17145809608,-24041.82621512532,286.79343503277994,26.65474057272334,0.9954978689585042
2650000,1325.0000000405632,-33754.48442100268,9874.759904257799,-23879.72451674488,296.0266985666009,26.42475808589661,1.0041619814090164
2655000,1327.5000000410726,-33577.386464958545,9777.007376012378,-23800.379088946167,292.2697477752491,26.48845944653397,1.0017471001417546
2660000,1330.0000000415819,-33546.90858792327,9999.505265429503,-23547.40332249377,299.4673747839558,26.32354681339837,1.0080228787513545
2665000,1332.5000000420912,-33302.660584527766,9730.39703681605,-23572.263547711715,301.28372940719464,26.759967551559278,0.9915833188759497
2670000,1335.0000000426005,-33378.03680028254,9875.967812994377,-23502.068987288163,294.8296660298029,26.90026551713484,0.9864117296866777
2675000,1337.5000000431098,-33396.00539071276,9825.51819362156,-23570.4871970912,300.0256012913458,26.70712870268917,0.9935451217231022
2680000,1340.0000000436191,-33524.36373188184,9845.43393139191,-23678.929800489925,299.50012110734815,26.42122142079193,1.0042963955067803
2685000,1342.5000000441285,-33511.01134332293,9692.813643698639,-23818.19769962429,296.1893952969066,26.69592854135266,0.9939619592809779
2690000,1345.0000000446378,-33412.188838745,9796.487741665107,-23615.701097079895,296.4076786314102,26.546935947771182,0.9995404927330479
2695000,1347.500000045147,-33637.84876211174,10035.970780651402,-23601.877981460337,310.0144333330488,26.41580981292518,1.0045021381401869
2700000,1350.0000000456564,-33570.96985859424,9818.179378159044,-23752.790480435193,299.6451142436828,26.479832887961212,1.0020734477464024
2705000,1352.5000000461657,-33537.1156892702,9711.994253338711,-23825.121435931487,297.0528117668286,26.077736353528017,1.0175245687763856
2710000,1355.000000046675,-33442.75521222735,9878.846762569356,-23563.908449657993,300.04054762390115,26.44015256026155,1.003577319658453
2715000,1357.5000000471844,-33612.288693734445,9789.310030931309,-23822.978662803136,297.26638189954497,26.12469075159331,1.0156957527303763
2720000,1360.0000000476937,-33477.36779705365,9874.972530181652,-23602.395266872,303.65860092363255,26.603833939881433,0.9974027614873213
2725000,1362.500000048203,-33379.837588684866,9564.703915760667,-23815.1336729242,291.6082111361772,26.49819495170808,1.0013790556732782
2730000,1365.0000000487123,-33424.7583530813,9926.082667392468,-23498.67568568883,300.67440395289094,26.375352656842548,1.0060429440705116
2735000,1367.5000000492216,-33668.769271630095,10005.354245439627,-23663.41502619047,303.682794340102,26.756647524053196,0.9917063568570825
2740000,1370.000000049731,-33485.1954825609,9673.927787208544,-23811.267695352355,289.624488101391,26.680442621782024,0.9945388768072686
2745000,1372.5000000502403,-33408.33580068615,9719.36439714921,-23688.971403536943,292.6601146708675,26.599485486565463,0.9975658157444325
2750000,1375.0000000507496,-33536.668061474105,9891.257112639933,-23645.41094883417,303.7839093894721,26.539983629836993,0.9998023287383182
2755000,1377.500000051259,-33723.150331386365,9852.142556054449,-23871.007775331916,290.9498151324567,26.45109494930413,1.0031621559955852
2760000,1380.0000000517682,-33603.37061053049,9886.873053239797,-23716.49755729069,297.1191004417477,26.29484169225344,1.009123300620787
2765000,1382.5000000522775,-33476.74690922862,9893.787467151233,-23582.959442077386,301.2812460072881,26.199277127600308,1.012804181907529
2770000,1385.0000000527868,-32895.566447085235,9975.365899596327,-22920.20054748891,297.7095632419864,26.81099635394059,0.9896960593144043
2775000,1387.5000000532962,-33438.08817764348,9973.702897608779,-23464.385280034705,297.4821679620051,26.36370128765109,1.0064875621321387
2780000,1390.0000000538055,-33218.24709209078,9705.00390191269,-23513.243190178087,289.8913091067361,26.541635317582696,0.9997401109723538
2785000,1392.5000000543148,-33409.05138402572,9963.891550862707,-23445.159833163012,299.53623556668794,26.59752561545669,0.9976393225980265
2790000,1395.000000054824,-33101.42568693776,9740.47517826931,-23360.950508668448,298.1240741586338,26.45461846248451,1.0030285439730298
2795000,1397.5000000553334,-33538.96201617108,9867.320212257713,-23671.641803913364,293.4023554119451,26.39027691238673,1.0054740056681002
2800000,1400.0000000558427,-33423.823130164295,9937.953346932223,-23485.869783232072,293.67463847820807,26.739533257975094,0.9923410847073726
2805000,1402.500000056352,-33847.81426937319,10127.34151938169,-23720.472749991502,304.69000160047995,26.757155302174294,0.9916875369644265
2810000,1405.0000000568614,-33128.92997376667,9899.958129392444,-23228.97184437423,295.3882672058801,26.34441656024681,1.0072243345038905
2815000,1407.5000000573707,-33288.07629703684,9781.748725478727,-23506.32757155811,294.76199000960804,26.633157236292053,0.996304613920498
2820000,1410.00000005788,-33709.69223564188,9763.377174116322,-23946.315061525558,298.5664313270454,26.691377132084018,0.9941314495119151
2825000,1412.5000000583893,-33628.93105269014,9636.012424456252,-23992.918628233885,289.0558038374832,26.39380075417158,1.0053397646261315
2830000,1415.0000000588986,-33792.80788955698,9946.174823587236,-23846.63306596974,293.7006788690143,26.197150145164745,1.0128864128637072
2835000,1417.500000059408,-33542.28601085371,9705.125928718626,-23837.160082135088,295.24380050266336,26.704339985315748,0.9936488770132067
2840000,1420.0000000599173,-33207.94946440775,9585.186089737412,-23622.763374670336,295.6431795061381,26.444445688203974,1.003414393731239
2845000,1422.5000000604266,-33443.35355829168,9867.638977731003,-23575.714580560678,300.8122132497905,26.605732338589274,0.9973315938122691
2850000,1425.000000060936,-33591.60192669253,9510.753355388444,-24080.848571304086,290.56141446629505,26.68013529750617,0.9945503327439312
2855000,1427.5000000614452,-33613.53900078777,9850.92960949156,-23762.60939129621,298.72819213807753,26.808243247518455,0.9897976974020517
2860000,1430.0000000619546,-33401.57770732534,9903.370596017576,-23498.207111307765,291.8747964549004,26.368752802134395,1.0062947473056079
2865000,1432.5000000624639,-33800.33287126315,9604.535967236807,-24195.79690402634,291.8433009321922,26.281799593701194,1.0096240686709785
2870000,1435.0000000629732,-33476.952150659636,9612.653770651266,-23864.298380008368,287.10662686598494,26.26423319602554,1.0102993390190909
2875000,1437.5000000634825,-33554.620131704025,9763.296948715844,-23791.32318298818,291.9757692443317,26.455834712331246,1.0029824319026246
2880000,1440.0000000639918,-33929.44494122919,9503.376794610322,-24426.068146618865,286.98312951793196,26.332060691028072,1.0076969572999979
2885000,1442.5000000645011,-33444.409314044286,9801.863630093321,-23642.545683950964,294.41182889541807,26.234674401508517,1.0114376504806972
2890000,1445.0000000650105,-33020.26687117107,9836.963433664123,-23183.303437506947,297.4312972259003,26.38958992482993,1.005500180691378
2895000,1447.5000000655198,-33644.16452458943,9716.68009945998,-23927.484425129453,292.0977814461256,26.432573674421267,1.0038650705990642
2900000,1450.000000066029,-33482.03701372212,9669.305064768572,-23812.731948953544,293.45035724568856,26.312751963503892,1.0084364218000412
2905000,1452.5000000665384,-33449.97311639949,10023.59463122621,-23426.378485173278,305.43706460780993,26.549031823261974,0.9994615854329731
2910000,1455.0000000670477,-33667.69913049252,9712.086118176489,-23955.61301231603,290.25665041355376,26.8647877828317,0.9877143885255347
2915000,1457.500000067557,-33184.642989308806,9510.570388816892,-23674.072600491912,285.68142640179855,26.495322038958015,1.0014876361484455
2920000,1460.0000000680664,-33520.90102446498,9895.795868676687,-23625.105155788297,302.47781242188535,26.303507146297655,1.0087908540182164
2925000,1462.5000000685757,-33365.95530509204,9530.424541707256,-23835.53076338478,290.7178681246835,26.46346597599717,1.0026932020868067
2930000,1465.000000069085,-33519.29291410651,9726.26231353773,-23793.03060056878,298.2350661932527,26.618835883680166,0.9968406414818517
2935000,1467.5000000695943,-33312.85636791028,9854.471405597853,-23458.384962312426,299.3725431168912,26.503886723350508,1.0011640071797538
2940000,1470.0000000701036,-33791.473197183106,9710.510968872082,-24080.962228311022,292.2158910913299,26.377560526250477,1.0059587356981317
2945000,1472.500000070613,-33395.25471450505,10021.729617686455,-23373.525096818594,305.3115458648405,26.569954307726764,0.9986745603876084
2950000,1475.0000000711223,-33446.36647153739,9999.178062573295,-23447.188408964095,303.55415699317933,26.293986850663355,1.0091561081433507
2955000,1477.5000000716316,-33852.28328413912,9336.966534497982,-24515.31674964114,277.61432691632615,26.456674017792132,1.0029506135179063
2960000,1480.000000072141,-33371.90979926754,9877.842626448699,-23494.06717281884,296.87354826701556,26.623989306063393,0.9966476898991542
2965000,1482.5000000726502,-33625.82661124808,9543.42998282957,-24082.396628418508,290.32423441031284,26.32837273658143,1.0078381107435368
2970000,1485.0000000731595,-33770.6027859482,9884.211037577083,-23886.391748371116,296.80641330880593,26.384425849739927,1.0056969815793593
2975000,1487.5000000736688,-33146.06226532534,9580.911428186828,-23565.15083713851,287.1427760138455,26.681837476342004,0.9944868849949121
2980000,1490.0000000741782,-33403.52108422434,9861.374315659754,-23542.146768564584,294.22872505968115,26.768977128826563,0.9912495838032434
2985000,1492.5000000746875,-33415.63939485955,10009.819157218215,-23405.820237641336,303.46428435309656,26.706728127559003,0.993560023940422
2990000,1495.0000000751968,-33210.22165092034,9947.96351290402,-23262.258138016325,299.6406561882478,26.697637703026512,0.993898326621603
2995000,1497.500000075706,-33786.91135465517,9927.013624589692,-23859.897730065473,294.1404851573891,26.595440032121974,0.9977175563081194
3000000,1500.0000000762154,-33563.54387374851,9769.614356963983,-23793.929516784527,295.03512751194444,26.523849983145062,1.0004104779151488
3005000,1502.5000000767247,-33464.226845665136,9698.249516101772,-23765.977329563364,294.15113156132395,26.538487033657667,0.9998587110160031
3010000,1505.000000077234,-33505.21445699851,9992.840913904536,-23512.373543093974,302.8853698687173,26.366901144474408,1.0063654159582054
3015000,1507.5000000777434,-33776.52513996465,9707.957665691474,-24068.56747427318,293.15201522973194,26.10078123442358,1.0166261767978022
3020000,1510.0000000782527,-33732.78565450618,9800.239508391149,-23932.546146115033,296.32110602287884,26.213944465982113,1.0122374933776965
3025000,1512.500000078762,-33290.06320404797,9888.359390566653,-23401.703813481316,299.2026446795721,26.540259870900844,0.9997919224174956
3030000,1515.0000000792713,-33447.40666926582,9945.417965580033,-23501.98870368579,304.10672201196286,26.353634553619933,1.0068720268469784
3035000,1517.5000000797806,-33431.08241539681,9748.233834940267,-23682.848580456546,293.31299717581913,26.28134394786535,1.0096415727607075
3040000,1520.00000008029,-33155.17489977204,10010.207201429377,-23144.967698342665,299.718788725001,26.800394651469755,0.9900875633684999
3045000,1522.5000000807993,-33433.77912343433,9870.166110503002,-23563.61301293133,298.91223302162354,26.53079793916362,1.0001484877549964
3050000,1525.0000000813086,-33459.50013079005,9721.161378795532,-23738.33875199452,298.73117684134775,26.642398789516424,0.9959590218366179
3055000,1527.500000081818,-33370.530382910045,9812.998975299168,-23557.531407610877,294.9925059224129,26.675369424598966,0.9947280210229662
3060000,1530.0000000823272,-33625.01506255707,9543.89437418346,-24081.12068837361,290.190197014714,26.82562080111583,0.9891565095367388
3065000,1532.5000000828366,-33887.8332630354,9632.855039095364,-24254.978223940034,290.10388761458853,26.229914378211266,1.0116211991843105
3070000,1535.0000000833459,-33994.874532571994,9414.291563054408,-24580.582969517585,286.636045634169,26.245798298846726,1.011008967441232
3075000,1537.5000000838552,-34039.46257004398,9867.933647881742,-24171.528922162237,301.45285867400156,26.58908750420399,0.9979559258508767
3080000,1540.0000000843645,-33684.30907991319,9827.930514050262,-23856.378565862928,299.38826652882324,26.342366794457924,1.0073027091616695
3085000,1542.5000000848738,-33754.50223048497,9793.12240075336,-23961.37982973161,295.123076432169,26.414259360201854,1.0045610999704022
3090000,1545.0000000853831,-33911.61424938054,9771.58409855894,-24140.0301508216,294.04247120525065,26.153732083295758,1.0145679153276737
3095000,1547.5000000858925,-33625.93119948683,9622.766481136383,-24003.16471835045,288.65250692495107,26.71459178949882,0.9932675612965327
3100000,1550.0000000864018,-33321.8893415113,10116.40713663687,-23205.482204874428,308.4824372746416,27.0129049194778,0.982298553853601
3105000,1552.500000086911,-33267.84246522654,10134.080264759385,-23133.762200467154,302.21822683279146,26.645182327723774,0.9958549771370493
3110000,1555.0000000874204,-33740.22691623564,9971.70616052139,-23768.52075571425,299.9219668320292,26.709069014702113,0.9934729444587425
3115000,1557.5000000879297,-33146.99769724603,9716.126807973047,-23430.87088927298,296.40887661755426,26.531484862825234,1.0001225930240787
3120000,1560.000000088439,-33259.94027881301,10156.212573241854,-23103.727705571157,300.99742965517004,26.604248354570984,0.9973872249327738
3125000,1562.5000000889484,-33203.895428081974,10018.357771749705,-23185.53765633227,298.8665627339255,26.61976131293697,0.9968059865695422
3130000,1565.0000000894577,-33750.53939862992,9654.726766526006,-24095.81263210391,295.9471997803831,26.338859077095368,1.007436858222262
3135000,1567.500000089967,-33518.16660764394,9669.195616490088,-23848.970991153856,290.5625922638152,26.595737269011593,0.9977064057067973
3140000,1570.0000000904763,-33755.46859709732,9860.82665912285,-23894.641937974473,299.1801181042884,26.263540338321405,1.010325991696967
3145000,1572.5000000909856,-33394.987836699,9818.054246733813,-23576.93358996519,293.6992780394563,26.557165213362374,0.9991554906032207
3150000,1575.000000091495,-33350.64657366206,9594.81666113674,-23755.829912525318,293.85300669591743,26.60298805458004,0.9974344755313898
3155000,1577.5000000920043,-33754.920499086846,9815.621202937218,-23939.299296149627,299.2470740625026,26.555101767904794,0.9992331292760647
3160000,1580.0000000925136,-33901.36573323817,10038.86098940666,-23862.50474383151,307.9653152299018,26.496138376967913,1.0014567806172654
3165000,1582.500000093023,-33612.32592979469,9762.022004584482,-23850.30392521021,294.5534337917551,26.483896935618763,1.0019196760315408
3170000,1585.0000000935322,-33414.55561961839,10044.150660889092,-23370.404958729298,300.2127935654963,26.6341323520155,0.9962681377071363
3175000,1587.5000000940415,-33253.42874105042,9704.399203508507,-23549.029537541912,290.3196138514336,26.796557954362818,0.9902293228473278
3180000,1590.0000000945508,-33552.74876304576,9886.72755712919,-23666.02120591657,301.2962669200743,26.81120252169499,0.9896884489353502
3185000,1592.5000000950602,-33421.06808885769,9784.672126450001,-23636.39596240769,295.99615422939013,26.669723827314517,0.9949385906505565
3190000,1595.0000000955695,-33330.45268769842,9826.308897950496,-23504.14378974792,297.4452322545121,26.398410004005537,1.0051642289729437
3195000,1597.5000000960788,-33307.32397934538,9563.366295470478,-23743.957683874905,287.6129606642709,26.535028000214634,0.9999890498541488
3200000,1600.000000096588,-33456.50533859525,9753.17721804954,-23703.32812054571,294.3627583133858,26.55460099544152,0.9992519730325806
3205000,1602.5000000970974,-33465.40106844064,9929.087973730777,-23536.31309470986,291.633566882925,26.534574478134772,1.0000061414081929
3210000,1605.0000000976067,-33454.44504303392,9992.796118986826,-23461.648924047095,302.9669565989011,26.567422677599687,0.9987697248540642
3215000,1607.500000098116,-33687.59670664696,9577.496555083591,-24110.10015156337,292.20953043893417,26.14251449605217,1.0150032599884349
3220000,1610.0000000986254,-33266.25957268826,9821.60856935658,-23444.651003331677,296.5551131585451,26.4915132903935,1.001631622433968
3225000,1612.5000000991347,-33557.2151277191,9798.343521348099,-23758.871606371,293.383989591732,26.50983491559863,1.0009393691914161
3230000,1615.000000099644,-34088.22215942503,9975.217866381854,-24113.004293043174,304.8375114362887,26.419536733889775,1.0043604361824527
3235000,1617.5000001001533,-33726.161977860145,9680.929940257703,-24045.232037602444,295.33978737206166,26.807511164521895,0.9898247276645723
3240000,1620.0000001006626,-33840.967764207395,9568.571694662953,-24272.39606954444,284.8245660551461,27.252493569698103,0.9736627354823668
3245000,1622.500000101172,-33590.31960442616,9703.19503684399,-23887.124567582166,293.2069346930927,27.053874133446552,0.9808110035147655
3250000,1625.0000001016813,-33365.666807901114,9394.40435153996,-23971.262456361153,286.37286514688594,26.705204758053732,0.9936167004967652
3255000,1627.5000001021906,-33411.00671756873,9648.864222824028,-23762.1424947447,295.36807778307696,26.374063848009822,1.0060921058925159
3260000,1630.0000001027,-33194.5469477186,9832.5423343854,-23362.0046133332,297.886601470765,26.834883999920567,0.9888150601980025
3265000,1632.5000001032092,-33476.80383202317,9921.744121061445,-23555.059710961727,304.31276942281943,26.5465956044097,0.9995533074448213
3270000,1635.0000001037185,-33326.92560705729,9628.701507277685,-23698.224099779603,292.94053825445127,26.384145841443573,1.005707654788193
3275000,1637.5000001042279,-33637.36537402868,9621.398814557982,-24015.9665594707,291.74357757125915,26.58189691039383,0.9982258800880563
3280000,1640.0000001047372,-33141.559176244074,9881.889125166439,-23259.670051077635,300.71762751471215,26.91727705000014,0.9857883242981195
3285000,1642.5000001052465,-33193.63161393255,9902.411035373221,-23291.22057855933,293.88178637369845,26.65873115955819,0.9953488513377402
3290000,1645.0000001057558,-33583.817704758374,9846.766942540286,-23737.05076221809,298.00010457326533,26.35593970871547,1.0067839633512772
3295000,1647.5000001062651,-33161.609348029364,9811.409484969423,-23350.19986305994,296.1984419614059,26.60987436111709,0.9971763518192699
3300000,1650.0000001067745,-33350.28143555834,9907.826169852513,-23442.455265705827,296.40965706422,26.847782638732347,0.9883399979373768
3305000,1652.5000001072838,-33653.932531918166,10085.574324519726,-23568.35820739844,315.1432648539668,26.551419947858538,0.9993716904744293
3310000,1655.000000107793,-33777.36202043714,9814.293285989857,-23963.068734447283,294.65140310218175,26.391627176735877,1.0054225630005165
3315000,1657.5000001083024,-33914.202953847125,9862.308010434735,-24051.89494341239,298.1875579676535,26.35714334640088,1.00673798708202
3320000,1660.0000001088117,-33686.40134117403,9914.694956300054,-23771.706384873978,300.6427867037797,26.033763538361146,1.0192432376781992
3325000,1662.500000109321,-33494.03389885789,9601.471517641115,-23892.562381216772,292.44500956547546,26.51856966769057,1.0006096773053712
3330000,1665.0000001098304,-33394.18398015713,9859.598019953713,-23534.585960203418,296.3457293202605,26.47198809383262,1.0023704054162017
3335000,1667.5000001103397,-33247.87811280764,9826.631944272329,-23421.24616853531,296.74341970781035,26.92808628697484,0.9853926177673742
3340000,1670.000000110849,-32750.904742155923,9752.897897776566,-22998.006844379357,293.73635971896283,26.674149430339355,0.9947735168495038
3345000,1672.5000001113583,-33415.370771734044,9732.30003559164,-23683.070736142407,301.19135827813096,26.85253539044637,0.9881650671700978
3350000,1675.0000001118676,-33435.79727223539,9392.504425832482,-24043.292846402906,283.3866740804397,26.672271522229128,0.9948435556256753
3355000,1677.500000112377,-33513.71477229986,9972.472325547842,-23541.24244675202,300.3292250934492,26.39761209764537,1.0051946115290757
3360000,1680.0000001128863,-33087.2722038473,9835.053304874426,-23252.218898972875,297.9605984688628,26.24868426646159,1.0108978099024861
3365000,1682.5000001133956,-33701.35864121071,10009.787254943196,-23691.571386267515,297.5981643902658,26.240378020547503,1.0112178039893276
3370000,1685.000000113905,-33843.80896515283,9493.852796877547,-24349.956168275283,285.72694749682677,26.49952091289114,1.0013289494935587
3375000,1687.5000001144142,-33596.73644407978,9462.867226253898,-24133.869217825886,283.3911655290012,26.844067055524036,0.9884767976068473
3380000,1690.0000001149235,-33404.181196492864,9436.817246439019,-23967.363950053845,283.8514788035575,26.54856971092348,0.9994789823600206
3385000,1692.5000001154328,-33188.76693506818,9751.891526350351,-23436.87540871783,302.1079344721429,26.470730040368146,1.0024180442821982
3390000,1695.0000001159422,-33771.492201132234,9672.150682760539,-24099.341518371693,288.16162893069367,26.372880814716602,1.0061372371190085
3395000,1697.5000001164515,-33389.62181939394,9788.321308165026,-23601.300511228917,298.39702210062967,26.693380942890883,0.9940568223469921
3400000,1700.0000001169608,-33467.02343178308,9934.539269688243,-23532.484162094835,301.4337181690395,26.531811436610525,1.0001102827518706
3405000,1702.50000011747,-33993.982378449524,9838.693144722794,-24155.28923372673,301.60887881187915,26.008945207285024,1.0202158229144784
3410000,1705.0000001179794,-33760.36765357875,9838.8357471554,-23921.53190642335,294.4296621635146,26.347945030787173,1.007089448789362
3415000,1707.5000001184887,-33684.519023113884,9768.765462463762,-23915.753560650122,299.1716139524636,26.347368224500052,1.007111496362418
3420000,1710.000000118998,-33827.61197825614,9757.962524603516,-24069.64945365263,289.3771953747688,26.57252024716981,0.9985781247307182
3425000,1712.5000001195074,-33328.76539790537,9745.67057565111,-23583.094822254265,290.46530206166494,26.866565498022258,0.9876490331352992
3430000,1715.0000001200167,-33780.177190529415,9860.082180227728,-23920.095010301688,293.98661481371056,26.17241391248537,1.01384371829492
3435000,1717.500000120526,-33787.612661035266,9717.871115232841,-24069.741545802426,295.94238254024526,26.098487194820777,1.0167155375601107
3440000,1720.0000001210353,-33746.66205790569,9827.86611724041,-23918.79594066528,295.67323627862027,26.305826355001695,1.0087019156781838
3445000,1722.5000001215446,-33322.706740985624,9464.884642173383,-23857.82209881224,282.75560967903374,26.811936977488635,0.9896613385324042
3450000,1725.000000122054,-33591.89671025518,9801.009569921196,-23790.887140333987,296.4637886683322,26.548809425051623,0.9994699578787712
3455000,1727.5000001225633,-33787.7953904951,9828.290326163777,-23959.505064331323,295.504264854919,26.327373710497298,1.0078763544579414
3460000,1730.0000001230726,-33353.129219957395,9757.98588794714,-23595.143332010255,296.19700222915276,26.505166465753895,1.0011156682253695
3465000,1732.500000123582,-33676.04779822682,10193.515079891977,-23482.53271833484,311.6564407048874,26.612773299467122,0.9970677290637419
3470000,1735.0000001240912,-33443.113817664795,9636.010004727548,-23807.103812937246,291.6145880530785,26.47324142087478,1.0023229500284991
3475000,1737.5000001246005,-33730.07066584937,9662.293133520263,-24067.77753232911,290.69419656643294,26.479368893603677,1.002091006942298
3480000,1740.0000001251099,-33395.049120374024,9807.812585425243,-23587.23653494878,300.225935088553,26.511688230732684,1.0008693979370378
3485000,1742.5000001256192,-33601.468865473056,9658.125559558393,-23943.343305914663,293.12648288469836,26.62545216935662,0.996592931793543
3490000,1745.0000001261285,-33808.54978413414,9793.182619688698,-24015.367164445444,293.0321858885525,26.508801168988278,1.0009784021779882
3495000,1747.5000001266378,-33241.28268151241,9556.639825005379,-23684.642856507035,286.92566349655124,26.376581186140022,1.005996086093635
3500000,1750.0000001271471,-34072.05447619292,9797.601315229524,-24274.453160963396,299.1850899446863,26.338666520095316,1.007444223402235
3505000,1752.5000001276564,-33774.82939993311,9662.771244660336,-24112.05815527277,291.31199295917247,26.42754280053834,1.004056171171818
3510000,1755.0000001281658,-33658.453131679446,9685.511263054043,-23972.941868625403,298.8124903844883,26.334482872400574,1.0076042717967009
3515000,1757.500000128675,-33530.29425176862,9886.214846586743,-23644.079405181874,300.66426299254624,26.62263560278276,0.9966983672726338
3520000,1760.0000001291844,-33704.08984670858,9804.982485584434,-23899.107361124145,298.00876789088653,26.382362434557344,1.0057756390697952
3525000,1762.5000001296937,-33173.36710076616,9532.284088674322,-23641.08301209184,282.30513471733735,26.766037481293885,0.9913584502873215
3530000,1765.000000130203,-33491.54583950387,9663.22336088531,-23828.322478618564,292.3922810562325,26.495504084126694,1.0014807551325162
3535000,1767.5000001307124,-33506.908707219874,9643.237220248584,-23863.67148697129,293.39548929453906,26.562382021505584,0.998959258108127
3540000,1770.0000001312217,-33354.51776177157,9953.034141266184,-23401.483620505383,297.3025088931739,26.244335608833122,1.011065314560945
3545000,1772.500000131731,-33490.10893706116,10000.12155058454,-23489.98738647662,302.0801906061291,26.94214310976193,0.9848784979608232
3550000,1775.0000001322403,-33639.05524335895,9738.33839929735,-23900.716844061597,296.32487170338453,26.180477590587554,1.013531450905528
3555000,1777.5000001327496,-33355.27289625094,9828.19694835625,-23527.075947894693,296.60829886301303,26.71459694569423,0.9932673695855497
3560000,1780.000000133259,-33616.76322101499,9695.1459083458,-23921.61731266919,291.6309064684616,26.730935669965717,0.9926602557201807
3565000,1782.5000001337683,-33015.96468758327,9982.949300958422,-23033.015386624847,311.99940304714323,26.34930890695291,1.0070373204659657
3570000,1785.0000001342776,-33361.63582333387,9716.507069273674,-23645.128754060195,297.8093208576571,26.404329283045534,1.004938892912007
3575000,1787.500000134787,-33259.77979887277,9802.408287216162,-23457.37151165661,300.8077966660834,26.44962814124225,1.0032177880192163
3580000,1790.0000001352962,-33860.96924738842,9886.891351001048,-23974.077896387374,293.4238514983183,26.33365615065276,1.007635904637956
3585000,1792.5000001358055,-33655.973088312196,9862.852831231445,-23793.12025708075,296.68243444575955,26.513422991276585,1.000803911532596
3590000,1795.0000001363148,-33433.30356695084,9780.509975061515,-23652.793591889324,296.0045291971308,26.61356714406736,0.997037987961074
3595000,1797.5000001368242,-33297.158764048945,9586.80345799867,-23710.355306050275,287.4701326496546,26.618505004117807,0.9968530326433817
3600000,1800.0000001373335,-33218.99210623372,9922.123773007286,-23296.868333226437,297.6357805759519,26.674064619286646,0.9947766797641316
3605000,1802.5000001378428,-33438.1404079597,9767.265042572912,-23670.875365386786,299.0890101512142,26.440576614767355,1.0035612242649778
3610000,1805.000000138352,-33494.82719217846,9839.677215432128,-23655.149976746332,296.1175081761807,26.5827250889538,0.9981947805950913
3615000,1807.5000001388614,-33725.21083227545,9850.87836618357,-23874.33246609188,298.16753623416025,26.542481198778447,0.9997082502976047
3620000,1810.0000001393707,-33169.67255546083,9904.856858878084,-23264.815696582744,297.80852100790094,26.488409861084577,1.0017489753800344
3625000,1812.50000013988,-33518.59728350397,9975.82401442734,-23542.77326907663,298.93273845137344,26.891236768708588,0.9867429180001288
3630000,1815.0000001403894,-33502.79080923903,9778.182364114586,-23724.608445124442,294.13123803717633,26.498272933273256,1.0013761087224982
3635000,1817.5000001408987,-33630.64280425897,9545.11764318688,-24085.525161072088,286.9817318979407,26.09610334299138,1.016808413464315
3640000,1820.000000141408,-33461.294956836384,9738.724020155869,-23722.570936680517,295.1069000090682,26.70955825437877,0.993454746988852
3645000,1822.5000001419173,-33586.8790040235,9518.048543750265,-24068.83046027324,286.9619246272637,26.57077132637394,0.9986438523690765
3650000,1825.0000001424266,-33608.929894662,9814.133744479654,-23794.796150182345,300.84900661676187,26.47494825341426,1.0022583305471011
3655000,1827.500000142936,-33746.04359895433,9832.444912713481,-23913.598686240854,298.87903019855486,26.09213918673074,1.0169628962918538
3660000,1830.0000001434453,-33475.68874676875,9999.6793019406,-23476.00944482815,304.6814591525712,26.59288057105058,0.9978135827328911
3665000,1832.5000001439546,-33458.13452278031,9880.262025310423,-23577.872497469885,302.28300219057724,26.678108303679995,0.9946258983485591
3670000,1835.000000144464,-33427.596956803696,9634.422031749964,-23793.174925053732,298.56550691700926,26.49959868892529,1.0013260106039743
3675000,1837.5000001449732,-33262.34087112849,9877.572758030876,-23384.768113097613,293.2095098286833,26.48051309471216,1.0020477074172154
3680000,1840.0000001454825,-33387.6478941408,9853.866861949205,-23533.781032191593,294.42252389453586,26.753247835148137,0.9918323786813954
3685000,1842.5000001459919,-33658.29000579682,9823.622093960163,-23834.66791183666,299.14198511339544,26.15664712264013,1.014454846348425
3690000,1845.0000001465012,-33585.334957550745,9734.282722824484,-23851.05223472626,293.67388881029916,26.121025528946873,1.0158382720610464
3695000,1847.5000001470105,-33611.760088121984,10000.191393980585,-23611.5686941414,303.613679998456,26.65599284732013,0.9954511013629546
3700000,1850.0000001475198,-33863.614967066096,10004.933491325832,-23858.681475740264,303.37242109020764,26.193446160465992,1.0130296439510502
3705000,1852.5000001480291,-33456.37687426363,9849.269876032844,-23607.10699823079,294.5314578138799,26.457038684098404,1.0029367895106178
3710000,1855.0000001485384,-33088.78140982613,9881.558307075256,-23207.223102750875,304.5333090073772,26.444519494974905,1.0034115931972258
3715000,1857.5000001490478,-33516.03992561344,9900.095796991349,-23615.94412862209,293.21371489428356,26.44868102441671,1.0032537128521348
3720000,1860.000000149557,-33742.531109521165,9942.58308973517,-23799.948019785996,299.3754231339574,26.360335540662167,1.006616072730056
3725000,1862.5000001500664,-33692.38386129774,9672.642164938718,-24019.741696359022,291.83662196270427,26.64599900072763,0.995824455186059
3730000,1865.0000001505757,-33352.14175567753,10053.32409387397,-23298.817661803558,296.7423436185465,26.40103493260518,1.0050642903024065
3735000,1867.500000151085,-33704.200445637805,9732.332919515919,-23971.86752612189,294.29239389718754,26.306440739148602,1.0086783575514082
3740000,1870.0000001515943,-33218.837420944124,9433.377510643759,-23785.459910300364,287.13950644846153,26.694789018746228,0.9940043886150977
3745000,1872.5000001521037,-33304.18901739968,9988.912244912994,-23315.276772486686,300.29355912280073,26.517406604248198,1.0006535644227326
3750000,1875.000000152613,-33714.57312520826,9666.477499763676,-24048.095625444585,285.53580807844656,26.817932576358512,0.9894400831322734
3755000,1877.5000001531223,-34116.76583154476,9920.009728595405,-24196.75610294936,301.53934712683713,26.071288043439914,1.0177762369690273
3760000,1880.0000001536316,-33602.15802551899,10216.623008427985,-23385.535017091006,307.8943520605685,26.414058545045037,1.0045687372327516
3765000,1882.500000154141,-33686.3463255777,9849.525424344773,-23836.82090123293,294.21842380546417,26.514119094402897,1.0007776363722123
3770000,1885.0000001546503,-33451.76993877464,9831.37214534151,-23620.39779343313,291.7731631098871,26.625219435023432,0.9966016431355101
3775000,1887.5000001551596,-33686.68912660354,9865.676162596723,-23821.012964006815,295.64495009664677,26.58648527880354,0.9980536035330353
3780000,1890.0000001556689,-33014.527599846944,9428.660159927818,-23585.867439919126,282.34648136715,26.629014975527948,0.9964595934987938
3785000,1892.5000001561782,-33538.155232258374,9584.940450105598,-23953.214782152776,290.07806863740683,26.717750901083317,0.9931501171646889
3790000,1895.0000001566875,-33662.56055338634,9777.678131913963,-23884.88242147238,291.9345489564384,26.572069570861757,0.998595061142139
3795000,1897.5000001571968,-33730.21826568246,9858.90599373309,-23871.31227194937,292.3238988061809,26.157491126531042,1.014422113704712
3800000,1900.0000001577062,-33473.950521912426,9913.690208680251,-23560.260313232175,302.31731412893663,26.438023357771122,1.003658143375848
3805000,1902.5000001582155,-33387.223692789674,9694.347434493022,-23692.876258296652,294.2166181427414,26.477764646861868,1.0021517220840148
3810000,1905.0000001587248,-33144.30231645424,9776.083288209415,-23368.219028244825,300.33620726251763,26.63109268864216,0.9963818513952533
3815000,1907.500000159234,-33520.761059052544,9875.651470722281,-23645.109588330262,302.51875866010505,26.429436275356014,1.0039842379282997
3820000,1910.0000001597434,-33349.74184258003,9745.370534369693,-23604.371308210335,289.38322172025255,26.236072510314607,1.011383751411567
3825000,1912.5000001602527,-33462.0132249468,9816.725589607548,-23645.287635339253,294.9421393593289,26.738156572943044,0.9923921780246803
3830000,1915.000000160762,-33655.75609762571,9836.926873294375,-23818.829224331334,300.3385620501108,26.217839045946857,1.0120871285877393
3835000,1917.5000001612714,-33402.75935803889,9779.297886442473,-23623.46147159642,297.8291094509949,26.471645182033075,1.002383390050786
3840000,1920.0000001617807,-33598.04498913721,9810.623718897023,-23787.42127024019,298.0587107095257,26.318525149254338,1.0082152129462942
3845000,1922.50000016229,-33381.00568891899,9718.12833548778,-23662.877353431206,289.9954053854695,26.646085014075904,0.995821240672721
3850000,1925.0000001627993,-33580.15161693236,9769.87721666235,-23810.27440027001,287.10529479907274,26.52215125054543,1.0004745537842517
3855000,1927.5000001633086,-33126.98295849003,9998.496286610529,-23128.486671879502,308.1681992041717,26.44988450555828,1.003208064375924
3860000,1930.000000163818,-33684.30251930794,9809.794863857362,-23874.507655450576,293.16970391037137,26.642895354782446,0.9959404593399356
3865000,1932.5000001643273,-33805.76526152692,9926.93047913961,-23878.83478238731,298.67225204160127,26.337402950796637,1.0074925567778985
3870000,1935.0000001648366,-33846.50723435683,9708.824706139429,-24137.682528217403,290.4617709866993,26.390910894728712,1.005449851414105
3875000,1937.500000165346,-33664.54047395568,9844.873710075546,-23819.666763880137,293.2557509364469,26.359743427963682,1.0066386841094417
3880000,1940.0000001658552,-33732.815435864264,9859.54506961312,-23873.270366251145,300.3964881496849,26.725569820984198,0.9928595579261891
3885000,1942.5000001663645,-33390.5922759485,9794.498261294695,-23596.0940146538,297.6299186442403,26.34382694189812,1.007246877847733
3890000,1945.0000001668739,-33102.462012951495,9619.62444378441,-23482.837569167084,292.37166924963964,26.870978440354655,0.9874868344182873
3895000,1947.5000001673832,-33967.97429978475,9993.951124646112,-23974.023175138638,303.5423650853509,26.03097076013987,1.0193525889714183
3900000,1950.0000001678925,-33473.85999818472,10060.568644186384,-23413.29135399834,303.3831481268222,26.620961746732323,0.9967610370442367
3905000,1952.5000001684018,-33491.93232924957,9834.038543904278,-23657.893785345288,292.1187944077666,26.700362255423094,0.993796907470737
3910000,1955.0000001689111,-34106.6982956985,9657.927396475541,-24448.77089922296,295.95997768240545,26.602112919554948,0.9974672883326666
3915000,1957.5000001694204,-33973.57126884046,9569.469923499142,-24404.101345341318,283.8829062085729,26.2855211784995,1.0094811229952791
3920000,1960.0000001699298,-33504.94695129688,9471.12131398556,-24033.825637311318,288.49963035547694,26.522562997455786,1.0004590220158303
3925000,1962.500000170439,-33181.82266461756,9610.58732912811,-23571.23533548945,289.12403591246476,27.10016138236423,0.979135772049523
3930000,1965.0000001709484,-33390.65841321205,9893.809503113232,-23496.848910098815,304.2829130661184,27.10688123615131,0.9788930421991743
3935000,1967.5000001714577,-33519.55757134943,9572.485304207712,-23947.07226714172,293.3884869472765,26.942919884137687,0.9848501035483488
3940000,1970.000000171967,-33272.66705280938,9663.29189705444,-23609.37515575494,292.70261422720444,26.28940642123841,1.0093319344156535
3945000,1972.5000001724763,-33497.31455532205,9499.674643541934,-23997.63991178012,286.99484082679203,26.43318369543647,1.0038419035528032
3950000,1975.0000001729857,-33318.34250583872,9658.21212288526,-23660.130382953463,288.1228532111123,26.56695750482951,0.9987872127609726
3955000,1977.500000173495,-33668.16669302294,9945.5834588217,-23722.58323420124,297.71633413566536,26.785161456012617,0.9906506436918068
3960000,1980.0000001740043,-33568.83045060956,9653.379843225588,-23915.450607383973,285.4826462007626,26.244680248998097,1.0110520374429346
3965000,1982.5000001745136,-33558.39587285998,9823.408336918876,-23734.98753594111,299.3585297235645,26.433677011933135,1.0038231694292516
3970000,1985.000000175023,-33449.88354225387,9965.32181993685,-23484.56172231702,300.9155428334041,26.755694894742213,0.9917416662948356
3975000,1987.5000001755323,-33523.720314560225,9685.347078310493,-23838.373236249732,297.32904506304254,26.415249007225576,1.004523464099453
3980000,1990.0000001760416,-33596.47886880441,9779.415020851333,-23817.063847953075,293.9026827699978,26.46589046915977,1.0026013471456146
3985000,1992.5000001765509,-33293.149599466706,9687.445508360946,-23605.70409110576,292.6052834450637,26.428419064531038,1.0040228805588876
3990000,1995.0000001770602,-33620.26253194758,9867.451612608103,-23752.810919339474,298.71284601336606,26.491215179355688,1.0016428939985396
3995000,1997.5000001775695,-33363.17694213963,9744.835068846125,-23618.341873293506,290.01728479286777,26.683450392451753,0.9944267719325401
4000000,2000.0000001780788,-33202.05968209286,9739.123569529147,-23462.936112563715,292.8006731710361,26.646436715427104,0.9958080970137907
4005000,2002.5000001785882,-33318.38560106652,9833.06474676519,-23485.320854301328,297.98478008592986,26.48467509423999,1.0018902381611157
4010000,2005.0000001790975,-33316.6036558121,10035.435230807307,-23281.16842500479,309.67813142649277,26.27059341115084,1.0100547415318342
4015000,2007.5000001796068,-33357.1757739773,9540.27304721615,-23816.902726761153,292.4086424079744,26.502343803877064,1.0012222931734085
4020000,2010.000000180116,-33324.71268838667,9621.850804099018,-23702.861884287653,291.4439759879369,27.180930997655476,0.976226216831081
4025000,2012.5000001806254,-33182.94501366094,9857.47903093478,-23325.465982726157,299.2864648358787,26.448057778150247,1.0032773544418536
4030000,2015.0000001811347,-33648.32334469422,9746.922419271727,-23901.40092542249,294.2176323085957,26.54144891597682,0.9997471321852022
4035000,2017.500000181644,-33825.72291461588,9723.976040234917,-24101.746874380962,293.25852536579407,26.625438377262654,0.996593448033057
4040000,2020.0000001821534,-33667.972607390024,9583.666154368842,-24084.30645302118,284.871663350997,26.82102825410938,0.9893258821545126
4045000,2022.5000001826627,-33561.07534555439,9859.236240091015,-23701.839105463376,297.0032666253973,26.419846457888788,1.0043486619077142
4050000,2025.000000183172,-33525.57441824977,9634.43729090608,-23891.137127343693,296.15249293977575,26.821466065564874,0.9893097332160705
4055000,2027.5000001836813,-33902.41265887325,9491.856291424949,-24410.5563674483,287.0823047818728,26.527252001946227,1.0002821790904346
4060000,2030.0000001841906,-33868.21796651953,9641.71627378267,-24226.50169273686,292.0450303637031,26.25552853266333,1.0106342900230398
4065000,2032.5000001847,-33796.80230905651,9830.513386585668,-23966.28892247084,290.8868531970099,26.390934481355437,1.0054489528036237
4070000,2035.0000001852093,-33323.09614293929,9539.249136778415,-23783.847006160875,288.0694441787993,26.890283389996583,0.9867779023726846
4075000,2037.5000001857186,-33677.29140750831,9578.074117931963,-24099.217289576347,289.2090080042324,26.117771341233983,1.015964842141626
4080000,2040.000000186228,-33220.52805343759,9687.425923858294,-23533.102129579296,293.2569025773411,26.71870123351288,0.9931147927394662
4085000,2042.5000001867372,-33048.36359617673,9869.562816989563,-23178.800779187164,298.95705764707526,26.55951918092807,0.9990669355506256
4090000,2045.0000001872465,-33445.2729408138,9745.965746695882,-23699.307194117915,292.31331826902476,26.52566443460311,1.0003420462174333
4095000,2047.5000001877559,-34049.55099099176,9770.547019927186,-24279.003971064572,291.1720581744159,26.50635031736244,1.001070955453525
4100000,2050.000000188265,-33237.019797727,9612.818947224561,-23624.20085050244,288.73744652559816,26.1047731621454,1.0164707148754681
4105000,2052.5000001887743,-33284.216206408106,9715.452588140039,-23568.763618268065,286.63393682305986,26.100769452900924,1.0166266356886544
4110000,2055.0000001892836,-33577.991326201474,9453.397615594437,-24124.593710607038,281.3744904946148,26.37239037852606,1.006155947827695
4115000,2057.500000189793,-32988.018954438856,9704.6738075299,-23283.345146908956,294.3308405518458,26.489291595271354,1.0017156307239499
4120000,2060.000000190302,-33387.29993769154,9749.820243285918,-23637.47969440562,299.02451720752055,26.418859168600108,1.0043861950452988
4125000,2062.5000001908115,-33518.0046698153,9858.910663164697,-23659.094006650605,295.2978521661901,26.713660232992762,0.9933021984391374
4130000,2065.000000191321,-33889.03356952709,9930.730352211176,-23958.303217315915,303.3587955636731,26.30999848451244,1.0085419599475738
4135000,2067.50000019183,-33520.57747597247,9794.770332054031,-23725.807143918442,292.04692416367857,26.454224561822112,1.0030434789641103
4140000,2070.0000001923395,-33521.84652297874,9961.244153569827,-23560.602369408913,303.2793624407658,26.673739950341066,0.9947887880435221
4145000,2072.500000192849,-33765.55103483237,9959.180947141813,-23806.37008769056,300.51907900276973,27.126226987777464,0.9781949199844081
4150000,2075.000000193358,-33634.38923596451,9869.97948305983,-23764.40975290468,296.0272794253731,26.580136398391875,0.9982919967029683
4155000,2077.5000001938674,-34131.476462624036,9941.971177452715,-24189.50528517132,300.9770011868649,26.525022107390573,1.0003662703977385
4160000,2080.0000001943768,-33918.18347654282,9733.369844427565,-24184.813632115256,285.8445732106405,26.823849511203154,0.9892218276390741
4165000,2082.500000194886,-33652.27124775434,9681.025072143326,-23971.246175611013,289.99202915595225,26.45627680963766,1.0029656715763429
4170000,2085.0000001953954,-33511.11508908402,10012.835131115015,-23498.279957969007,301.8478795020617,26.307487122718115,1.0086382372443892
4175000,2087.5000001959047,-33092.16161229275,10083.509089329433,-23008.65252296332,303.20971072213337,26.745233227987296,0.9921295960141729
4180000,2090.000000196414,-33660.360447190236,9871.298264251996,-23789.06218293824,297.46550251397167,26.702078462917154,0.9937330337276297
4185000,2092.5000001969233,-33585.6727209629,9696.873652450318,-23888.799068512584,293.5504928348448,26.54483078891048,0.9996197620846454
4190000,2095.0000001974327,-33418.059434916126,9794.017620689796,-23624.04181422633,297.45437798294944,26.700858570432924,0.993778434794265
4195000,2097.500000197942,-33446.630210926756,10049.346747342122,-23397.283463584634,300.6006781830365,26.337994790571216,1.0074699174626263
4200000,2100.0000001984513,-33754.3150077546,9616.672452313105,-24137.642555441496,286.615796845055,26.198486131816285,1.0128347609201445
4205000,2102.5000001989606,-33692.01411106181,9543.65168829829,-24148.362422763523,285.40142773968773,26.435574559161026,1.003751114938127
4210000,2105.00000019947,-33409.536124030594,9770.39144427,-23639.144679760593,296.4553290571486,27.010055068500915,0.9824021969037983
4215000,2107.5000001999792,-33954.017163132085,9874.11073771321,-24079.906425418874,296.7196715457546,26.217484532139974,1.0121008140677636
4220000,2110.0000002004886,-33314.29846409545,9660.57166525645,-23653.726798839,296.1614056603683,26.492528856980872,1.0015932258122604
4225000,2112.500000200998,-33917.39259745879,9780.351157215766,-24137.041440243025,297.83748161502433,26.387100547565655,1.0055950402718965
4230000,2115.000000201507,-33480.89445491368,9507.9284211427,-23972.96603377098,289.15494825502407,26.82906395917686,0.9890295642875636
4235000,2117.5000002020165,-33458.2437362303,9600.416388285159,-23857.827347945145,291.098632059382,26.779605317399852,0.9908561804137985
4240000,2120.000000202526,-33369.57037439896,9884.85705008961,-23484.71332430935,302.95906387728115,26.550914230815554,0.9993907255740025
4245000,2122.500000203035,-33798.92453749385,9657.514319779075,-24141.410217714772,291.552396803725,26.538847002141562,0.9998451490996062
4250000,2125.0000002035445,-33897.11909391661,9705.428623392287,-24191.690470524325,288.4473766926059,26.693223580609157,0.9940626825252975
4255000,2127.500000204054,-33518.876254594885,9649.423618726883,-23869.452635868,291.40041882173773,26.516971218530067,1.0006699942882387
4260000,2130.000000204563,-33916.80489510624,10027.20670923731,-23889.598185868927,296.92235739584487,26.563885459040648,0.9989027199617418
4265000,2132.5000002050724,-33457.633224873105,9663.780571059526,-23793.852653813577,289.01062304677345,26.22664512019629,1.0117473018824783
4270000,2135.0000002055817,-33625.59005719912,9513.284978589825,-24112.305078609297,284.5161766621951,26.637662792201862,0.9961360966531897
4275000,2137.500000206091,-33553.36940056062,9677.194138176099,-23876.175262384524,290.9431428184288,26.807208611395367,0.9898358990838131
4280000,2140.0000002066004,-33583.21845751861,9704.718908599973,-23878.49954891864,292.8508515380724,26.368685464759,1.0062973170676555
4285000,2142.5000002071097,-33765.822375973454,9784.707993643318,-23981.114382330135,288.7721350411858,26.379053142517705,1.0059018151420769
4290000,2145.000000207619,-34009.216133446665,10012.135335859912,-23997.080797586754,296.2689591820308,26.736246325166046,0.9924630823292311
4295000,2147.5000002081283,-33840.176091410685,9841.989314939907,-23998.18677647078,297.52516384393294,26.515685145021607,1.0007185291521625
4300000,2150.0000002086376,-33627.377780994866,9987.754348229588,-23639.62343276528,299.67332208029615,26.51476282898473,1.0007533391466472
4305000,2152.500000209147,-33499.30901810783,9637.267541549936,-23862.041476557893,284.3034930271689,26.380937575702095,1.0058299619429534
4310000,2155.0000002096563,-33528.950240497245,9569.054188808566,-23959.89605168868,285.9488763842697,26.77942391255385,0.9908628925116169
4315000,2157.5000002101656,-33832.66783029935,9612.697627918304,-24219.97020238105,292.01853144202204,26.558548119358935,0.999103464486686
4320000,2160.000000210675,-33346.124695927836,9612.1023998179,-23734.022296109935,292.18110268205606,26.44560285396364,1.0033704878771887
4325000,2162.500000211184,-33341.228828220395,9994.803382947845,-23346.42544527255,304.6397714901637,26.281048823930973,1.0096529105651937
4330000,2165.0000002116935,-33690.03014233592,9961.462299529941,-23728.567842805976,303.61597936225894,26.574271197703784,0.9985123294775688
4335000,2167.500000212203,-33550.4957847388,9758.541275704949,-23791.95450903385,297.43886298524666,26.322423014195294,1.0080659148847382
4340000,2170.000000212712,-33622.28970462247,9955.733824271778,-23666.55588035069,298.3400088844402,26.400093890088016,1.0051001162442987
4345000,2172.5000002132215,-33274.74075676245,9612.271522386269,-23662.469234376178,294.27197006903606,26.937062214874164,0.9850642667015063
4350000,2175.000000213731,-33372.87277786876,9848.950049056733,-23523.922728812027,301.2120895579248,26.194347119820314,1.012994800611388
4355000,2177.50000021424,-33164.1104499381,9886.620829618998,-23277.489620319106,303.0414053507166,26.421067937561485,1.0043022295879565
4360000,2180.0000002147494,-33292.78519646218,9930.346527989506,-23362.438668472674,300.8819686849996,26.560476784636933,0.99903091548176
4365000,2182.5000002152588,-33239.99378883443,9857.944679515913,-23382.049109318516,295.0019095334688,26.514105407128056,1.000778152999809
4370000,2185.000000215768,-33998.28034756775,9915.910061324943,-24082.370286242807,297.4644717629794,26.06789254225849,1.0179088084996737
4375000,2187.5000002162774,-33713.51298764022,10019.315700687453,-23694.197286952767,305.6107024701461,26.40338082670164,1.0049749921022761
4380000,2190.0000002167867,-33849.19384028623,9696.189757734363,-24153.004082551866,288.87311120291025,26.17742943462266,1.0136494686790227
4385000,2192.500000217296,-33444.23960637883,9653.914893331805,-23790.324713047026,288.0182188840757,26.162465421325432,1.0142292406494302
4390000,2195.0000002178053,-33562.42760447692,9841.858782794723,-23720.568821682198,291.0922958468897,26.553090154881264,0.9993088293307353
4395000,2197.5000002183147,-33452.18440555106,9573.071838415999,-23879.11256713506,294.47338996640144,26.74299845548539,0.9922125030951865
4400000,2200.000000218824,-32904.639987980714,9765.004238612237,-23139.635749368477,294.79077406294493,26.830219464876215,0.9889869694329124
4405000,2202.5000002193333,-33116.4030656605,10019.620681700148,-23096.782383960355,299.2317879056305,26.82959721096406,0.9890099068257462
4410000,2205.0000002198426,-33260.65778075205,10063.591541350688,-23197.066239401363,302.31329242403376,26.764694663023942,0.9914081879830385
4415000,2207.500000220352,-33602.66481662425,9480.218307134419,-24122.446509489833,282.97265094181023,26.65219064680063,0.9955931123797936
4420000,2210.0000002208612,-33328.642635172466,9350.359125572866,-23978.283509599598,281.5511726729102,26.222987775224247,1.0118884112381032
4425000,2212.5000002213706,-33822.918189423624,10025.633899465567,-23797.284289958057,304.701717362965,26.662942134793926,0.9951916522806102
4430000,2215.00000022188,-33501.607707705814,9744.725604813,-23756.882102892814,292.7879447067392,26.20496791008406,1.0125842370360967
4435000,2217.500000222389,-33476.55891117244,9519.775106155534,-23956.78380501691,286.6459758759023,26.1991795314134,1.0128079547671378
4440000,2220.0000002228985,-33592.02682520333,9788.958932016554,-23803.067893186773,294.19153559816175,26.44300129733296,1.0034692030387702
4445000,2222.500000223408,-33510.980182414874,9880.049676560062,-23630.930505854813,304.74135019031456,26.521883726619496,1.0004846454837395
4450000,2225.000000223917,-33457.96999913128,9818.880496601978,-23639.089502529303,305.364328893384,26.585038200375962,0.9981079296479108
4455000,2227.5000002244265,-33435.96595611912,10117.984935293956,-23317.981020825166,308.24412439455904,25.881919173749708,1.025222946554144
4460000,2230.000000224936,-33724.5743134385,9540.47661025263,-24184.097703185867,289.67302881846086,26.826558566111153,0.98912193199869
4465000,2232.500000225445,-33905.96914826124,9642.3616541949,-24263.60749406634,294.09976901335074,26.368118505033564,1.006318954184103
4470000,2235.0000002259544,-33404.18860218651,9734.297607482276,-23669.89099470423,293.9016394448107,26.42359368263234,1.0042062316159737
4475000,2237.5000002264637,-33921.82264589588,9865.77384619955,-24056.04879969633,303.9644263801717,26.389570121563334,1.005500935239029
4480000,2240.000000226973,-33439.09018944111,9891.887246209928,-23547.20294323118,294.74187355651196,26.227433654188417,1.011716883460703
4485000,2242.5000002274824,-33324.03601315385,9740.028442998344,-23584.007570155503,291.7967671685907,26.798064391475663,0.9901736577000106
4490000,2245.0000002279917,-33258.431129106786,9985.647593995072,-23272.783535111714,302.49206767739696,26.811860710902952,0.9896641536332318
4495000,2247.500000228501,-33410.92718849075,9776.423087911317,-23634.504100579434,296.7447416658976,26.53857762677431,0.9998552978595745
4500000,2250.0000002290103,-33481.08107537683,9746.01515833181,-23735.065917045024,291.83000415185967,26.599726710751696,0.9975567691476486
4505000,2252.5000002295196,-33353.417424818035,9647.95787897879,-23705.459545839243,291.39402304650736,26.34162507453617,1.007331072502371
4510000,2255.000000230029,-33299.135212487774,9590.096085884003,-23709.03912660377,288.3502408683466,26.52164894322672,1.000493502292756
4515000,2257.5000002305383,-33396.34141532518,9819.279703328262,-23577.061711996917,300.86161477250937,26.52753592337049,1.0002714731755782
4520000,2260.0000002310476,-33689.55065724393,9771.52538561166,-23918.025271632272,297.9005473845228,26.442660242298967,1.0034821456935565
4525000,2262.500000231557,-34088.00150983478,10048.956607090919,-24039.04490274386,298.17942264559383,26.20486597723415,1.0125881758311719
4530000,2265.000000232066,-33509.798548647435,9920.786109857561,-23589.012438789876,304.03241226990104,26.2982188273547,1.008993712159211
4535000,2267.5000002325755,-33290.44072791585,9904.242784183476,-23386.19794373237,297.3062245107895,26.106510061506253,1.016403087784339
4540000,2270.000000233085,-33365.34788546804,9858.8445964665,-23506.503289001543,294.5963716557534,26.898094184551695,0.9864913571842382
4545000,2272.500000233594,-33026.349636512576,9666.093574375456,-23360.25606213712,293.73426493811763,26.78308575529431,0.9907274195447271
4550000,2275.0000002341035,-33550.63679185952,9715.271211577132,-23835.36558028239,287.83876894329717,26.720343030730298,0.9930537720743715
4555000,2277.500000234613,-33376.705462038284,10134.477957912997,-23242.227504125287,306.1906995180648,26.73410238325762,0.992542672927197
4560000,2280.000000235122,-33846.05488179065,9719.416453270685,-24126.638428519967,293.903188135311,26.909513924798,0.9860727143545778
4565000,2282.5000002356314,-34165.66119425674,9669.862757224899,-24495.79843703184,295.47347372127507,26.331899080017262,1.0077031420010467
4570000,2285.0000002361407,-33750.67179395724,9827.31978774038,-23923.35200621686,301.1118572043302,26.252014009847915,1.0107695900144613
4575000,2287.50000023665,-33689.56787602394,9933.573406498494,-23755.994469525445,299.52934236124446,26.313218233294478,1.0084185523233755
4580000,2290.0000002371594,-33573.38211399596,9777.035797349377,-23796.346316646584,290.0844675739081,26.55068321830686,0.9993994210850289
4585000,2292.5000002376687,-33632.09348763712,9987.21549823826,-23644.877989398858,299.4949732850741,26.65750369168311,0.9953946830387743
4590000,2295.000000238178,-34051.94832424284,9375.225857203859,-24676.72246703898,278.4911998294027,26.42514792084477,1.004147167587155
4595000,2297.5000002386873,-33148.975293611875,9919.733508135943,-23229.241785475933,299.3887360202872,26.46162958412854,1.002762787281369
4600000,2300.0000002391967,-33500.908660856076,9549.324939130169,-23951.583721725907,294.32827794576986,26.66904792999441,0.9949638062611347
4605000,2302.500000239706,-33695.25018969085,10047.904484120801,-23647.34570557005,309.61803499877874,26.237909371356373,1.0113129465549393
4610000,2305.0000002402153,-33798.947991214925,9668.058897418303,-24130.88909379662,288.3053926521554,26.207912768882757,1.0124704577501937
4615000,2307.5000002407246,-34017.58605447016,9801.381383626818,-24216.20467084334,294.24744214380763,26.102459276068366,1.0165608212294321
4620000,2310.000000241234,-33559.748405873775,9705.041071349824,-23854.70733452395,298.85956505729536,25.993787457357712,1.0208107410787124
4625000,2312.5000002417432,-33379.20667197532,9791.489330045657,-23587.717341929663,298.6857334190618,26.465289885777,1.002624099426479
4630000,2315.0000002422526,-33466.24496548786,9773.04933825969,-23693.195627228168,295.35205838954994,26.774985484078787,0.9910271456007407
4635000,2317.500000242762,-33734.250156640774,9620.8997199439,-24113.350436696874,286.8522115894672,26.51334745431344,1.000806762839407
4640000,2320.000000243271,-33361.78487958247,9636.870554387737,-23724.91432519473,284.50911520089863,26.58662706144515,0.9980482810573391
4645000,2322.5000002437805,-33365.987313514575,9620.939198152317,-23745.04811536226,289.99376479802356,26.0752901724932,1.017620025021978
4650000,2325.00000024429,-33797.522848740686,9963.399644291778,-23834.123204448908,303.15856832062724,26.316428777205804,1.0082955275744387
4655000,2327.500000244799,-34132.108729505446,9924.596433879324,-24207.512295626122,298.9079617860853,26.173466673103295,1.013802939029694
4660000,2330.0000002453085,-33676.74554113671,9600.82590097493,-24075.91964016178,292.28313896004926,26.317142830181133,1.008268169877362
4665000,2332.500000245818,-33638.79505564831,9459.163114313942,-24179.63194133437,287.9548321943901,26.506404638058736,1.0010689039164689
4670000,2335.000000246327,-33807.733043614775,9769.433320930639,-24038.299722684136,294.74833555429075,26.32777894480723,1.0078608413347172
4675000,2337.5000002468364,-33906.666685691336,9790.641149060586,-24116.02553663075,289.800086451641,26.72040881043123,0.9930513273969491
4680000,2340.0000002473457,-33652.41472124588,9704.516366819595,-23947.89835442628,295.6660612661017,27.128104537160546,0.9781272186355715
4685000,2342.500000247855,-33545.099851265084,9731.553578033132,-23813.54627323195,296.4076074629988,26.517724460437947,1.0006415700327267
4690000,2345.0000002483644,-33605.00453471532,9930.185677492378,-23674.81885722294,301.55955434041414,26.80064492033179,0.9900783177668162
4695000,2347.5000002488737,-33698.30880123796,9930.36616755298,-23767.94263368498,297.6549281073452,26.813826311893415,0.9895916058059288
4700000,2350.000000249383,-33347.87031742674,9847.567808832187,-23500.302508594556,294.223293602248,26.584670209995387,0.9981217456596944
4705000,2352.5000002498923,-33523.04203081806,10001.60813065005,-23521.433900168013,303.6407335141612,26.488139086562512,1.0017592157407915
4710000,2355.0000002504016,-33360.721924599726,9942.467127705251,-23418.254796894475,301.11979366234726,26.535439201124166,0.9999735537320117
4715000,2357.500000250911,-33254.42859619763,9477.107396511285,-23777.321199686343,286.33529197140507,26.33703995717685,1.0075064426728466
4720000,2360.0000002514203,-33320.435200158274,9512.343218501743,-23808.09198165653,288.39867805162856,26.675064112414386,0.9947394062846427
4725000,2362.5000002519296,-33518.86262205383,9711.072475761313,-23807.790146292515,288.35452653471106,26.363064682714207,1.0065118663986827
4730000,2365.000000252439,-33701.87430838402,9681.893206834253,-24019.98110154977,287.8548543056785,26.69809194271036,0.9938814164969907
4735000,2367.500000252948,-33294.50947585236,9627.468404538784,-23667.04107131358,283.39732701704,26.829552568114096,0.9890115524819969
4740000,2370.0000002534575,-33565.274888066575,9705.346642309962,-23859.928245756615,293.7529168531478,26.501611841975656,1.0012499464564546
4745000,2372.500000253967,-33612.5969513671,10046.020402923476,-23566.576548443627,302.90345381150973,26.4020856555737,1.0050242917906058
4750000,2375.000000254476,-33477.74257239443,9865.935245774159,-23611.807326620274,297.23118762157,26.512416629559066,1.0008419001760829
4755000,2377.5000002549855,-33912.49782446539,9664.563897396429,-24247.93392706896,290.306702547298,26.43655489664584,1.0037138931878935
4760000,2380.000000255495,-33337.95999258431,9872.497272930417,-23465.46271965389,294.06682601456146,26.648459792474924,0.9957324980290543
4765000,2382.500000256004,-33421.8074154933,10031.47405039383,-23390.33336509947,304.220780367951,26.897340941729652,0.9865189832434617
4770000,2385.0000002565134,-33407.17630764563,9665.099873517305,-23742.07643412832,293.2610611756945,26.3443758816415,1.0072258897687163
4775000,2387.5000002570227,-34040.2189120308,9906.068909992424,-24134.15000203838,302.68925667788034,26.216898939798842,1.0121234208026995
4780000,2390.000000257532,-33263.409589131596,9941.905962690033,-23321.50362644156,299.5268994127773,26.832841532336893,0.9888903270199776
4785000,2392.5000002580414,-33850.16940844897,9583.497564103,-24266.671844345972,291.462171681751,26.329325728270184,1.0078016319763605
4790000,2395.0000002585507,-33385.23430393124,9758.597891587984,-23626.636412343258,296.57380474836924,26.590136112240632,0.9979165704824181
4795000,2397.50000025906,-33677.3903500468,10009.893071216593,-23667.497278830208,301.3758660495812,26.098446286343297,1.016717131229106
4800000,2400.0000002595693,-33301.08492746367,9824.34110665358,-23476.743820810094,292.71188607928104,26.841866972207693,0.9885578177278864
4805000,2402.5000002600787,-33112.82005906408,9858.493316914748,-23254.32674214933,291.5535489401895,27.050434490080452,0.9809357201829163
4810000,2405.000000260588,-33544.49283149885,9899.394959862635,-23645.097871636215,297.9106192143518,26.58117661667756,0.9982529299000047
4815000,2407.5000002610973,-33178.494658561656,9698.709779311106,-23479.78487925055,293.05094246124855,26.88666004885774,0.9869108840432256
4820000,2410.0000002616066,-33647.78046467877,9664.616164195337,-23983.164300483433,294.67067343634346,26.579113438515154,0.9983304183252787
4825000,2412.500000262116,-33319.272309236694,9635.708913913866,-23683.563395322828,291.9968401228737,26.556714543140142,0.9991724463763553
4830000,2415.0000002626252,-33699.891162855085,9774.814972422537,-23925.076190432548,299.080421070388,26.387079480693227,1.0055958431171845
4835000,2417.5000002631346,-33658.720962605206,9975.73849442625,-23682.982468178954,304.0805754611963,26.939349759373446,0.9849806203490566
4840000,2420.000000263644,-33748.668091266416,9888.08300308363,-23860.585088182786,295.96797353635714,26.563673215608926,0.9989107011825438
4845000,2422.500000264153,-33719.21365403151,9658.990638683747,-24060.223015347765,288.34014132748695,26.439012685622217,1.0036205872474848
4850000,2425.0000002646625,-33601.44482474355,10014.249868731256,-23587.194956012296,300.7933032193811,26.38452870222465,1.0056930611593813
4855000,2427.500000265172,-33152.12427219772,9604.909286534843,-23547.214985662875,290.04834148287216,26.430129774751034,1.0039578944155156
4860000,2430.000000265681,-33287.202953425,9734.610379796814,-23552.59257362819,294.2369306981442,26.548393071901323,0.9994856323666569
4865000,2432.5000002661905,-33615.40780188283,9957.081190104036,-23658.326611778793,300.40378730452755,26.37409014942316,1.0060911025728114
4870000,2435.0000002666998,-33547.16323172185,10002.95457658028,-23544.208655141567,307.40851648251544,26.519104878931454,1.000589482900263
4875000,2437.500000267209,-33703.75466487184,9684.095618743624,-24019.659046128218,292.1621447695678,26.593391795102356,0.9977944010389345
4880000,2440.0000002677184,-33653.743551704334,9826.70401805923,-23827.039533645104,302.22327878754203,26.455097818022033,1.0030103695066128
4885000,2442.5000002682277,-33677.11944168713,9635.54836361727,-24041.571078069857,290.7580087665671,26.352091449458293,1.0069309864334632
4890000,2445.000000268737,-33514.27348746965,9558.598368212255,-23955.675119257394,288.8020549206621,26.45440048262976,1.003036808761206
4895000,2447.5000002692464,-33560.70270688436,9663.36113826944,-23897.34156861492,288.24326940711563,26.4906419948638,1.0016645667905149
4900000,2450.0000002697557,-33580.91548512294,9932.34288425498,-23648.57260086796,297.6296108662143,26.7655044867604,0.991378191691224
4905000,2452.500000270265,-33166.58868712722,9834.198871848388,-23332.389815278835,293.3768120325755,26.63125651590529,0.9963757219619068
4910000,2455.0000002707743,-33288.63994047069,9966.345428130073,-23322.294512340617,302.8828824127334,26.300794935268556,1.0088948833331879
4915000,2457.5000002712836,-33615.377187030856,9517.563585246373,-24097.81360178448,286.0866398176574,26.58800106424722,0.9979967043656031
4920000,2460.000000271793,-33565.84011107939,9716.395854174658,-23849.444256904735,297.86483602496935,26.572719127060743,0.9985706510089818
4925000,2462.5000002723023,-33119.01339142374,9856.415988139028,-23262.597403284708,303.8207076095087,26.554399742753255,0.999259546246352
4930000,2465.0000002728116,-33693.41904929117,10020.663224932085,-23672.75582435909,303.6713552771413,26.274045083252897,1.0099220486875518
4935000,2467.500000273321,-33393.61167483055,9719.16728083033,-23674.44439400022,287.9652934908622,26.798331330455824,0.9901637945505816
4940000,2470.00000027383,-33699.06163112074,9917.917063958253,-23781.14456716249,299.7089111644894,26.11411992604485,1.0161068997513303
4945000,2472.5000002743395,-33549.65205650381,9568.757783172414,-23980.894273331396,290.9711635655363,26.538607466615588,0.999854173628643
4950000,2475.000000274849,-33253.65934918984,9579.61872099432,-23674.04062819552,290.7291620462059,26.246458243500758,1.0109835464889245
4955000,2477.500000275358,-33471.54442711128,9703.429268945125,-23768.115158166154,296.343287231797,26.818122919693025,0.989433060518301
4960000,2480.0000002758675,-33195.88375624665,9842.57058213236,-23353.31317411429,293.8634518562194,26.44896714748834,1.0032428597238314
4965000,2482.500000276377,-33416.57205194025,9952.497096179188,-23464.074955761065,299.6559751460272,26.588444315622432,0.9979800669344535
4970000,2485.000000276886,-33344.48843969079,9997.381100184299,-23347.10733950649,300.48769394929553,26.796153412249854,0.9902442723610292
4975000,2487.5000002773954,-33720.30269176909,9568.92792812281,-24151.37476364628,291.27516467885835,26.405394055818583,1.0048983696927933
4980000,2490.0000002779047,-33723.296291671926,9988.537330724163,-23734.758960947765,297.35774498734355,26.124267747557898,1.0157121988718074
4985000,2492.500000278414,-33640.87975433422,9910.631650766993,-23730.24810356723,298.334121486777,26.552640648313034,0.9993257465137916
4990000,2495.0000002789234,-33485.60779836215,9893.488670289904,-23592.11912807225,293.92287950697863,27.008788533245987,0.9824482651313814
4995000,2497.5000002794327,-33604.21795360558,9737.329819080227,-23866.88813452535,293.69213720144757,26.34327232719111,1.0072680837907573
5000000,2500.000000279942,-33369.371681480436,9525.31910687183,-23844.052574608606,290.243012307871,27.01122203107423,0.9823597542999645
5005000,2502.5000002804513,-33880.809073729906,9950.664193973138,-23930.14487975677,297.52392760761416,26.26386121767009,1.0103136480151493
5010000,2505.0000002809606,-33506.42201293423,9692.314940343964,-23814.107072590265,295.32867178696875,26.275544478805337,1.009864418192803
5015000,2507.50000028147,-33670.92629851936,9822.220249750251,-23848.706048769112,298.4637029594965,26.256866715028185,1.0105827830020802
5020000,2510.0000002819793,-33411.56706976518,9845.429263402017,-23566.137806363164,298.90529491948894,26.804416100164925,0.9899390211907882
5025000,2512.5000002824886,-33552.559935577214,9936.707608336414,-23615.8523272408,307.6500312903182,26.540583176899766,0.9997797433811859
5030000,2515.000000282998,-33669.43615150615,10210.008682476167,-23459.42746902998,310.65614360405175,26.72148992943559,0.9930111497472301
5035000,2517.5000002835072,-33491.3119139825,9996.159164509434,-23495.152749473065,310.20055692925655,26.380530593855266,1.005845479240229
5040000,2520.0000002840166,-33302.14947700873,9758.311973488691,-23543.837503520037,293.9012327703716,26.352332238395896,1.0069217858116637
5045000,2522.500000284526,-33515.55059837247,10109.702701824366,-23405.847896548104,311.0801726537197,26.93109101105703,0.9852826766985996
5050000,2525.000000285035,-33238.13126881095,9840.794822906122,-23397.336445904824,301.37861842888816,26.699648325522055,0.993823480904183
5055000,2527.5000002855445,-33112.26723770541,9943.340280845154,-23168.926956860258,300.2743920409284,26.560798916027693,0.9990187991587821
5060000,2530.000000286054,-33464.11541652889,9696.46077685236,-23767.65463967653,301.6920371165121,26.634521180308948,0.9962535935282797
5065000,2532.500000286563,-33547.68293108465,9512.560597131445,-24035.122333953208,283.0970670027459,26.473515923530417,1.0023125569884366
5070000,2535.0000002870725,-33346.32064292976,9424.7130237382,-23921.607619191556,289.1222300469823,26.303156740803217,1.0088042929320877
5075000,2537.5000002875818,-33686.19715679926,9906.171722182,-23780.02543461726,304.59448956929015,25.850625964026968,1.0264640196609898
5080000,2540.000000288091,-33273.61028615688,9654.648282480368,-23618.96200367651,291.6511399420242,26.61682672377752,0.9969158875758724
5085000,2542.5000002886004,-33550.356674642535,9725.551048209658,-23824.805626432877,291.99350515560656,27.116096520973993,0.9785603697517284
5090000,2545.0000002891097,-33551.77627202077,9724.250351162369,-23827.5259208584,300.4117245859857,26.490548238172043,1.0016681119325477
5095000,2547.500000289619,-33661.01673465548,9879.663747299343,-23781.35298735614,297.5177577012917,26.76434650375119,0.9914210845412892
5100000,2550.0000002901284,-33203.27897615428,9815.81801720202,-23387.46095895226,294.7332510872923,26.447841720324913,1.0032855504196463
5105000,2552.5000002906377,-33461.27374558337,9672.137030687594,-23789.136714895776,289.173656244358,26.749384135147942,0.9919756396530254
5110000,2555.000000291147,-33446.30483679287,9713.606269846458,-23732.698566946412,292.7033491928753,26.461511831576555,1.0027672495312205
5115000,2557.5000002916563,-33394.22034815117,9916.422593939002,-23477.797754212166,299.13479977511406,26.66487767854733,0.9951194135473509
5120000,2560.0000002921656,-33315.20690590446,9666.033217588074,-23649.173688316383,289.8385229537266,26.768425004208733,0.9912700292832275
5125000,2562.500000292675,-33702.925292334985,9928.312561688062,-23774.61273064692,302.7693138006472,26.947194061053537,0.9846938934595129
5130000,2565.0000002931843,-33661.42156529939,9814.522744957092,-23846.898820342296,298.2192022198175,26.859741951374605,0.9878999390919276
5135000,2567.5000002936936,-33234.149800815154,9963.150785782967,-23270.999015032186,306.28291168655136,26.701448618096766,0.9937564743136854
5140000,2570.000000294203,-33521.06185580278,9927.958269886338,-23593.10358591644,296.8018886776041,26.483368817357913,1.0019396558188733
5145000,2572.500000294712,-32975.41466992744,9670.684787816745,-23304.729882110696,291.7239720450336,26.434171624285987,1.0038043867964255
5150000,2575.0000002952215,-33464.58216783707,9853.385810181418,-23611.19635765565,302.5916995326226,26.768497749708846,0.9912673354288805
5155000,2577.500000295731,-33622.047551039606,9887.30626966004,-23734.741281379567,296.06608268782895,26.410112484526405,1.004718834625732
5160000,2580.00000029624,-33580.0278938713,9789.538921149788,-23790.488972721512,303.81603004214907,26.4575981087475,1.0029155832182235
5165000,2582.5000002967495,-33751.65199457109,9624.045850939889,-24127.6061436312,295.0859939008343,26.40391278932546,1.0049547447571974
5170000,2585.000000297259,-33843.37710035476,9831.394200198403,-24011.982900156356,292.5875479929876,26.42204238025363,1.0042651910065234
5175000,2587.500000297768,-33612.99031800078,9981.29584225477,-23631.69447574601,301.82338132512257,26.402284419694045,1.005016725673746
5180000,2590.0000002982774,-33563.43941547652,9781.45584504485,-23781.98357043167,292.8675607868301,26.67888789188036,0.9945968342205012
5185000,2592.5000002987867,-33638.15894863731,9628.865966967805,-24009.292981669507,285.28322825496554,26.32372480137029,1.0080160630005748
5190000,2595.000000299296,-34254.26829146757,9847.391117703537,-24406.87717376403,299.362671311995,26.313887389817353,1.0083929084554788
5195000,2597.5000002998054,-33846.406910980586,9706.063584657788,-24140.3433263228,291.8021296240714,26.396912866693143,1.0052212382482282
5200000,2600.0000003003147,-33661.75941407238,9750.218141871392,-23911.54127220099,289.0164343284209,26.42706139700518,1.0040744613699233
5205000,2602.500000300824,-33353.62823450146,9508.483327208616,-23845.144907292844,285.2794886394385,26.644126585477945,0.9958944367217615
5210000,2605.0000003013333,-33247.389082095586,9930.148739209526,-23317.24034288606,298.8506432293625,26.56748230844757,0.9987674831103853
5215000,2607.5000003018426,-33418.65301027917,9934.66893121563,-23483.984079063543,304.6712874054654,25.97445579128719,1.021570486442631
5220000,2610.000000302352,-33528.494810637785,9994.523770742482,-23533.971039895303,303.0372360092384,26.57420017570087,0.9985149980939375
5225000,2612.5000003028613,-33388.993802368874,9393.547267813836,-23995.446534555038,284.5399227193783,26.17877462477437,1.0135973825404583
5230000,2615.0000003033706,-33494.18690532027,9792.688917628733,-23701.497987691535,293.22593022972416,26.556180558687036,0.999192537464046
5235000,2617.50000030388,-33667.42502389243,9860.152085550224,-23807.272938342205,296.7901246890988,25.837075516859905,1.0270023563801833
5240000,2620.0000003043892,-33372.55026329309,9726.885805202968,-23645.66445809012,300.23410130966346,26.25893919725098,1.0105030229311684
5245000,2622.5000003048985,-33347.05129049369,9695.288967426395,-23651.762323067298,289.8060177079294,26.65184104836277,0.9956061718077034
5250000,2625.000000305408,-33494.52467897674,9609.722957915605,-23884.801721061136,292.5348326730762,26.577393293704656,0.9983950323703532
5255000,2627.500000305917,-33650.32562243752,9769.479283063618,-23880.846339373904,288.2639169476578,26.417277233774065,1.0044463402861075
5260000,2630.0000003064265,-33703.24483481166,9662.606867603612,-24040.637967208047,291.2902075039806,26.835090956475383,0.9888074342965832
5265000,2632.500000306936,-33713.55276207486,9834.799737519821,-23878.75302455504,301.1406301543509,26.864197189319206,0.9877361028431431
5270000,2635.000000307445,-33503.71241500252,9679.517328439919,-23824.1950865626,294.10894432698956,26.8354805353861,0.9887930794754483
5275000,2637.5000003079545,-33340.87200223468,9957.176550941784,-23383.6954512929,303.43123187341286,26.73619986677845,0.9924648068912401
5280000,2640.0000003084638,-33513.21342255757,9793.17482925262,-23720.03859330495,293.8978726419285,26.561173912216923,0.9990046948031578
5285000,2642.500000308973,-32964.090429475065,9907.409142061231,-23056.681287413834,298.49991357902894,26.8566776489286,0.9880126568390498
5290000,2645.0000003094824,-33111.612601250876,9648.028699870385,-23463.58390138049,290.95859759765244,26.773488769844917,0.9910825468391721
5295000,2647.5000003099917,-33403.82394477585,9962.81425071966,-23441.009694056193,299.7285026000432,26.82443846732308,0.9892001083307628
5300000,2650.000000310501,-33536.3950832414,9560.668164776404,-23975.726918464992,289.4087268619699,27.15729273984881,0.9770759439085236
5305000,2652.5000003110104,-33651.16063036467,9706.743787999036,-23944.416842365634,289.94905312650894,26.369173046504624,1.006278710029748
5310000,2655.0000003115197,-33891.535978595726,9824.957964667177,-24066.57801392855,292.6054261280512,26.322913326702118,1.0080471378094336
5315000,2657.500000312029,-33664.397343427874,9808.885573015994,-23855.511770411882,292.84321938153937,26.464453932078694,1.0026557701092023
5320000,2660.0000003125383,-33507.259714400396,9843.411617781654,-23663.84809661874,295.9159989032674,26.861028441571534,0.987852624314314
5325000,2662.5000003130476,-33833.4657535851,10080.265908980491,-23753.19984460461,303.16007911557733,26.7889868673934,0.9905091808486794
5330000,2665.000000313557,-33288.63533387752,9978.37662106021,-23310.25871281731,305.7730366111054,26.803453883523414,0.9899745589914167
5335000,2667.5000003140663,-33628.91544661741,9891.645149109961,-23737.270297507446,297.5314352481534,26.14370963551692,1.0149568598994736
5340000,2670.0000003145756,-33394.86631844472,9659.956803400699,-23734.909515044023,292.3966358457983,26.181165867914938,1.013504806151747
5345000,2672.500000315085,-33304.542780193966,9524.692088781578,-23779.850691412386,287.5708841695061,26.59500005050973,0.9977340623197064
5350000,2675.000000315594,-33605.91476014606,9955.401809394543,-23650.512950751516,300.2012552307208,26.54230347810091,0.999714944095968
5355000,2677.5000003161035,-33337.01853130362,9598.590209439493,-23738.42832186413,293.8241415466786,26.255030137558823,1.0106534747346916
5360000,2680.000000316613,-33339.69805419538,10047.883687230436,-23291.814366964943,311.30438167824093,26.59953734044991,0.9975638710616406
5365000,2682.500000317122,-33644.55179449753,9767.556481017644,-23876.995313479885,293.69072281508033,26.431654677286375,1.0038999737912768
5370000,2685.0000003176315,-33588.52297323593,9649.917771649383,-23938.605201586546,288.83523457317096,26.592488462039384,0.9978282955980613
5375000,2687.500000318141,-33752.91130839777,9586.268323601416,-24166.642984796355,291.5796962516412,26.36778556849917,1.0063316606112025
5380000,2690.00000031865,-33582.22300797631,9814.74756989886,-23767.47543807745,307.09483406987414,26.2269503806552,1.0117355259633878
5385000,2692.5000003191594,-33789.69850038225,9767.365667929063,-24022.332832453183,293.36821968052624,26.827855062303346,0.9890741312030067
5390000,2695.0000003196687,-33419.375435172115,9673.382322070756,-23745.993113101358,294.18413204819785,26.365998404267746,1.0063998727047183
5395000,2697.500000320178,-33277.55889438535,9951.483378471992,-23326.07551591336,300.4020094225006,26.435824056259236,1.0037416416949263
5400000,2700.0000003206874,-33738.358754888875,9977.526737248105,-23760.832017640772,304.8040837998403,26.335096596904524,1.0075807901500846
5405000,2702.5000003211967,-33425.36049920088,9767.220968907208,-23658.13953029367,290.7593585011646,26.30594319141638,1.0086974355835356
5410000,2705.000000321706,-33501.74135920894,9804.17925577336,-23697.562103435583,288.6805144094763,26.476844832475322,1.00218653716781
5415000,2707.5000003222153,-33788.71350466623,9769.326848847064,-24019.386655819166,303.1833138425748,26.404693160395606,1.0049250440670645
5420000,2710.0000003227246,-33720.761917738244,9490.559064468853,-24230.20285326939,287.5116027086381,26.486843442762904,1.0018082183000951
5425000,2712.500000323234,-33623.87389234896,9552.012938672728,-24071.86095367623,287.2400258185431,26.69546720823082,0.9939791362635004
5430000,2715.0000003237433,-33722.540462054545,9863.04145233086,-23859.499009723688,298.4562971337245,26.412500222251445,1.0046280062284088
5435000,2717.5000003242526,-33461.31567689893,9530.14467761755,-23931.170999281378,291.886836912645,26.67976436581498,0.9945641600863262
5440000,2720.000000324762,-33427.553780274466,9773.7009805924,-23653.852799682063,292.27790071758767,26.6306619631689,0.9963979669182201
5445000,2722.5000003252712,-33913.091769896215,10095.765494058971,-23817.326275837244,305.9481412418572,26.213807995924988,1.0122427631236472
5450000,2725.0000003257805,-33848.85451945639,9642.29363645776,-24206.56088299863,282.99391964230495,26.06486794310164,1.018026927882847
5455000,2727.50000032629,-33827.341370210284,9565.630232939126,-24261.71113727116,289.9807252956998,26.520887797627278,1.0005222163098866
5460000,2730.000000326799,-33540.7981940303,9621.170346815474,-23919.627847214826,287.0866929309488,26.616671099294063,0.9969217164234949
5465000,2732.5000003273085,-33654.29569804366,9770.71421808856,-23883.581479955097,290.53572824391983,26.3533259993598,1.0068838156683706
5470000,2735.000000327818,-33217.70322627481,9871.857189002392,-23345.84603727242,291.71340105287146,26.482627536943593,1.001967701308021
5475000,2737.500000328327,-33754.63779473887,9789.032049205132,-23965.605745533736,300.1197811820477,26.301070270844658,1.0088843216088523
5480000,2740.0000003288364,-33734.94798571896,9744.561644148036,-23990.38634157092,297.4195741459869,26.26483159647239,1.0102763210311894
5485000,2742.5000003293458,-33618.13300549495,9792.442755728029,-23825.69024976692,296.0211948175777,26.415900875671657,1.004498675349954
5490000,2745.000000329855,-33633.51736639161,9850.256028773863,-23783.261337617743,303.08495194808097,26.55718945324118,0.9991545786314158
5495000,2747.5000003303644,-33943.33706794889,9744.883353231286,-24198.4537147176,299.4765581867225,26.128296717788142,1.0155555765609101
5500000,2750.0000003308737,-33688.75249525439,9594.62216280902,-24094.13033244537,289.74986757185184,26.63102050937478,0.9963845519343499
