#"Step","Time (ps)","Potential Energy (kJ/mole)","Kinetic Energy (kJ/mole)","Total Energy (kJ/mole)","Temperature (K)","Box Volume (nm^3)","Density (g/mL)"
505000,252.4999999974851,-34567.90500638168,9495.426506138072,-25072.47850024361,285.3326574136032,26.555626470730385,0.999213385797336
510000,254.999999997426,-34607.866351644974,9345.43189964907,-25262.434451995905,279.67550458161315,26.26464073752027,1.0102836624710327
515000,257.4999999973669,-35154.6401636831,9341.548523990048,-25813.09163969305,284.9516824751663,26.086476847976222,1.017183638573502
520000,259.9999999973078,-34629.951069758274,9087.573384302317,-25542.377685455955,276.5241013011462,26.410813103620587,1.0046921817091006
525000,262.49999999724866,-34571.975512067555,9180.11188812785,-25391.863623939702,277.7151066441707,26.113098759753367,1.016146635139463
530000,264.99999999718955,-35056.87566564139,9392.896841073649,-25663.97882456774,285.356334599853,26.182492084451656,1.0134534692954376
535000,267.49999999713043,-34964.85849135113,9304.780969664542,-25660.077521686588,281.5043481218832,26.043672587340538,1.018855437872692
540000,269.9999999970713,-34661.93638127507,8833.713901279189,-25828.22247999588,267.1684743032209,26.296605095173994,1.0090556306318634
545000,272.4999999970122,-35029.738881479716,9370.561506743488,-25659.177374736228,278.83175050239043,26.254747456968722,1.010664356276062
550000,274.9999999969531,-34950.92332466063,9261.721654494399,-25689.201670166232,280.3535823255363,26.223245419026345,1.0118784694184162
555000,277.49999999689396,-34793.26948555652,9149.656274593544,-25643.613210962976,279.4662075164283,26.465161105077772,1.0026289782417668
560000,279.99999999683484,-34684.17918841331,9517.802899920229,-25166.376288493084,284.1572735907908,26.126098614432927,1.0156410197092802
565000,282.4999999967757,-35006.54498679424,9543.36916977109,-25463.175817023148,286.7355113679859,26.38100279395479,1.0058274753630028
570000,284.9999999967166,-34996.78525309544,9488.413604328336,-25508.371648767104,284.8749295943374,26.113709288402582,1.0161228780153522
575000,287.4999999966575,-34822.64354676381,9017.40567561795,-25805.23787114586,273.0784971377938,26.082905476531163,1.0173229152581662
580000,289.9999999965984,-35012.83850326785,8951.0910739929,-26061.747429274947,271.50827687936675,26.378796278690157,1.0059116101223955
585000,292.49999999653926,-34967.63522046595,9266.358066064284,-25701.277154401665,282.90928768480387,25.93926959197048,1.022956230271099
590000,294.99999999648014,-34902.361993444385,9294.49857923866,-25607.863414205727,281.5491023590351,26.470313572729868,1.0024338157113624
595000,297.499999996421,-34961.067636553664,9116.654684842682,-25844.412951710983,277.2088875358261,26.257791369496623,1.0105471958549026
600000,299.9999999963619,-35220.26181861083,9278.98155317052,-25941.28026544031,280.66696926985134,26.162288470314596,1.014236100480884
605000,302.4999999963028,-34922.50864892453,9269.20486847159,-25653.303780452938,281.1156438481617,26.34987349777922,1.0070157429797235
610000,304.9999999962437,-35397.40095642768,9368.030314884778,-26029.3706415429,285.0696252868643,26.159613103866256,1.0143398272914887
615000,307.49999999618456,-35098.90299588861,9417.997055677995,-25680.905940210614,279.57802953760523,26.28352744645866,1.009557696996377
620000,309.99999999612544,-35258.530576506164,9135.852721813444,-26122.67785469272,276.2786473804576,26.332774157188474,1.0076696545298953
625000,312.4999999960663,-35030.0152483955,9405.913512188243,-25624.10173620726,280.72258812114956,26.250200990228468,1.0108394007217438
630000,314.9999999960072,-35045.321243083104,9178.16086810711,-25867.160374975996,276.689717971617,26.30113435030411,1.008881863587038
635000,317.4999999959481,-34923.301277649356,9293.86254018313,-25629.438737466226,280.4959040910712,26.551494808871787,0.9993688727808153
640000,319.99999999588897,-34904.72554012947,9426.494338806313,-25478.231201323157,292.8185342748897,26.18844156912952,1.0132232331482662
645000,322.49999999582985,-34895.87684385921,9340.0281856507,-25555.84865820851,288.5160261513341,26.32690282223234,1.0078943815365935
650000,324.99999999577074,-34847.52850096347,9201.691691717739,-25645.83680924573,277.1082675559652,26.557433825390792,0.9991453847629953
655000,327.4999999957116,-34982.77036010497,9129.913208830021,-25852.85715127495,269.44906394943337,26.309638743926158,1.0085557500827973
660000,329.9999999956525,-34884.16636780882,9096.04332239541,-25788.123045413413,272.44723955006293,26.52200019026111,1.0004802521467229
665000,332.4999999955934,-34573.59965777211,9232.550293779352,-25341.04936399276,279.420524256888,26.227307533760836,1.0117217485489618
670000,334.99999999553427,-35130.37160013337,9521.380385585213,-25608.991214548154,288.9410344553607,25.87440547965417,1.0255206620555182
675000,337.49999999547515,-35234.61385550327,9059.960607815949,-26174.653247687318,281.1816725071283,26.104104928532106,1.016496735300243
680000,339.99999999541603,-35187.637117624516,9482.755676543782,-25704.88144108073,292.68732803770473,26.189827575492192,1.0131696118006686
685000,342.4999999953569,-35083.3586490124,9177.672758810764,-25905.685890201636,275.03408401845473,26.14119417955587,1.0150545248824083
690000,344.9999999952978,-34806.381271043094,9214.065741104263,-25592.31552993883,284.40038637528784,25.912091195582843,1.0240291776339212
695000,347.4999999952387,-34891.51373997261,9481.740180499986,-25409.773559472622,284.2828663118971,26.276308014685714,1.009835073593966
700000,349.99999999517956,-35038.558881099336,9204.002560749803,-25834.556320349533,282.4398998547098,26.230372373554356,1.0116035357752058
705000,352.49999999512045,-34999.703295332845,9171.504847717979,-25828.198447614865,271.93611382743575,26.008655947786185,1.020227169410746
710000,354.99999999506133,-34863.744693610584,9135.649707788574,-25728.094985822012,274.65649006309405,26.180824116607546,1.013518035933629
715000,357.4999999950022,-34386.871728802565,8860.635306565717,-25526.23642223685,269.25287915521926,26.310721533768184,1.0085142440404826
720000,359.9999999949431,-34791.787538327044,9165.46129587823,-25626.326242448813,276.2420512815417,26.020057934447546,1.0197801059719758
725000,362.499999994884,-34977.54497432802,9214.297835010766,-25763.247139317253,273.8873477152458,26.201683047422577,1.0127111830855482
730000,364.99999999482486,-35002.52902048407,9147.419205250499,-25855.109815233573,281.89278737470414,26.180197219987807,1.0135423050797103
735000,367.49999999476574,-34960.261894829804,9209.646152844445,-25750.61574198536,272.86492238417264,26.439294633278134,1.0036098846748205
740000,369.9999999947066,-34517.92764549912,9083.818345655945,-25434.109299843174,273.1029659793829,26.456678699366368,1.0029504360433332
745000,372.4999999946475,-34725.303692184156,9117.987974085903,-25607.315718098253,272.6960128748458,26.002411218029028,1.0204721868020357
750000,374.9999999945884,-35045.15451990347,9109.23779004826,-25935.916729855213,271.7000666362051,25.910326266763363,1.0240989312367508
755000,377.4999999945293,-34792.33354857634,9353.308401226037,-25439.0251473503,284.38139173535535,26.37649462337571,1.0059993875862459
760000,379.99999999447016,-34911.552795887925,8972.806717884476,-25938.74607800345,270.4420583401535,25.94663891329388,1.0226656919402641
765000,382.49999999441104,-35022.39011630369,9164.986174829573,-25857.40394147412,277.15658614408466,26.11766694886573,1.0159689029551797
770000,384.9999999943519,-34889.95420527039,9173.62442305529,-25716.3297822151,278.94507850038974,26.1771168478156,1.0136615728940412
775000,387.4999999942928,-35061.29581856355,9222.246805426992,-25839.04901313656,279.6868799984327,26.133904504752394,1.0153376596659174
780000,389.9999999942337,-34904.62719873153,9158.547270265444,-25746.079928466082,273.4664565509933,25.765574429570396,1.0298523524216376
785000,392.4999999941746,-34785.85063795629,9096.020751926986,-25689.829886029303,278.92337632531,26.013342927242395,1.020043348984549
790000,394.99999999411546,-34756.84009000589,9050.949344932158,-25705.89074507373,270.83617988700627,25.910712149426992,1.0240836795516126
795000,397.49999999405634,-34915.74621701427,9332.974956540376,-25582.77126047389,284.43402997877024,25.841565203773506,1.02682392604892
800000,399.9999999939972,-35273.87219864363,8990.30681929327,-26283.56537935036,273.3523825578725,26.147532900329388,1.0148084539728643
805000,402.4999999939381,-34985.83996480121,9038.04514352429,-25947.794821276922,267.2574453013381,26.21860182509723,1.0120576838841202
810000,404.999999993879,-34613.30874967156,9173.591431754046,-25439.717317917515,276.33402188776574,26.289924201140735,1.0093120556291488
815000,407.49999999381987,-34478.27618467156,9228.747057360742,-25249.529127310816,275.5494383557829,26.293324332693288,1.009181536044661
820000,409.99999999376075,-34541.48753722734,8972.856875853777,-25568.63066137356,271.5283182198439,26.481470192712514,1.002011491230952
825000,412.49999999370164,-34697.84956166241,9358.054030301104,-25339.79553136131,282.67079428324826,26.229860900393483,1.0116232616921659
830000,414.9999999936425,-35033.59028282529,9066.481135172051,-25967.10914765324,274.64311163340955,26.22795328865745,1.0116968390843937
835000,417.4999999935834,-34861.7741329032,8997.729635754858,-25864.04449714834,271.99617440266525,26.220156047958724,1.0119976932728298
840000,419.9999999935243,-35137.10894926824,9112.31419578176,-26024.794753486476,270.9421891167271,26.380088928211293,1.0058623194939724
845000,422.49999999346517,-34763.96583530842,9303.22816926436,-25460.737666044064,279.902282181484,26.429123634961222,1.0039961144487946
850000,424.99999999340605,-34998.07906203787,9586.243656930574,-25411.835405107297,286.37580784449943,26.446398416412734,1.0033403044143927
855000,427.49999999334693,-34767.61109132995,9199.961330646962,-25567.649760682987,278.9575193135486,26.331674018818543,1.0077117550074561
860000,429.9999999932878,-35058.878609409556,9076.184798345656,-25982.693811063902,270.19603180555157,26.01630402903971,1.019927250549097
865000,432.4999999932287,-34689.16165028373,9106.430281510504,-25582.731368773224,275.98640165545385,26.1334301501788,1.0153560893194238
870000,434.9999999931696,-34682.295753964456,9154.61364193256,-25527.682112031896,276.60535796276815,26.131009966036817,1.0154501288804292
875000,437.49999999311046,-34795.06538346456,9344.431863809381,-25450.63351965518,282.67587535554253,26.36184611766093,1.0065583919788952
880000,439.99999999305135,-35066.951119428966,9264.460382741932,-25802.490736687032,277.19069642095843,26.47989308411211,1.0020711697551627
885000,442.49999999299223,-35250.20560892671,9173.606560980557,-26076.599047946154,280.1625149153871,26.405159089201543,1.0049073117926912
890000,444.9999999929331,-34937.81657360378,9257.325435080877,-25680.4911385229,284.2507221969466,26.192188268531574,1.0130782951674124
895000,447.499999992874,-34898.18189633079,9246.889790607653,-25651.292105723136,278.59163414116335,25.843109827008593,1.0267625535552403
900000,449.9999999928149,-34957.5568166282,9216.356245813107,-25741.200570815097,278.63871584375494,26.18279989496761,1.013441554922776
905000,452.49999999275576,-34994.29381777882,9178.340196121,-25815.953621657816,278.5967129996227,26.3451039308865,1.0071980549934003
910000,454.99999999269664,-34999.550567262806,9317.631217555921,-25681.919349706885,286.94877563860786,25.987537805191042,1.0210562322871357
915000,457.4999999926375,-34580.02791384328,9470.672778428483,-25109.3551354148,286.0161524437965,26.144377686856085,1.0149309253257932
920000,459.9999999925784,-34852.21074921382,9205.285298255787,-25646.925450958028,280.3971340647072,26.369189710775068,1.0062780741019568
925000,462.4999999925193,-34941.76120824646,9342.621987994291,-25599.13922025217,281.7799273537092,26.081333997048997,1.017384212049513
930000,464.9999999924602,-35057.762266986305,9140.064423131731,-25917.697843854574,273.4898419634996,26.23436900345573,1.0114494247714734
935000,467.49999999240106,-34775.185284160776,9150.900842958743,-25624.284441202035,278.6222229088271,26.014858632408647,1.019983918141749
940000,469.99999999234194,-34756.22067191382,9149.781323460636,-25606.439348453183,278.46671940566745,25.746216641035566,1.0306266667350075
945000,472.4999999922828,-34619.860858384054,9353.50861274098,-25266.352245643073,283.74782388331806,26.36366708884917,1.0064888677421913
950000,474.9999999922237,-34853.79673051997,9398.776580826996,-25455.020149692973,283.8346448095154,26.667802100591075,0.9950102876007072
955000,477.4999999921646,-34923.333075379254,9284.137985516738,-25639.195089862515,278.9091357362818,26.6012399935627,0.997500020458034
960000,479.9999999921055,-35144.14505727403,9188.28326447256,-25955.86179280147,282.8716320883066,26.300095836776084,1.0089217013682392
965000,482.49999999204636,-35030.53895805543,9268.047762326087,-25762.491195729344,279.92766715897034,26.22069975289033,1.0119767087780684
970000,484.99999999198724,-35112.16289726016,9093.368189638095,-26018.794707622066,270.1627548806498,26.237305636969225,1.0113362174048677
975000,487.4999999919281,-35254.81204991811,9301.703714137813,-25953.108335780296,280.7805873572123,26.08090752908475,1.0174008480416954
980000,489.999999991869,-34784.3035847086,8906.442141768663,-25877.86144293994,269.4922589894011,25.914386347713695,1.0239384827311917
985000,492.4999999918099,-34837.69907537848,8960.762106787392,-25876.936968591086,273.1311879780219,25.957815025979436,1.0222253841947417
990000,494.99999999175077,-35040.59657265828,8978.907942387686,-26061.688630270593,269.8626171001576,26.184986035418483,1.01335694439158
995000,497.49999999169165,-35084.976192383096,9142.143528233399,-25942.832664149697,272.4406410192431,26.28063486646841,1.0096688140378094
1000000,499.99999999163254,-35090.07001794013,8973.155890805747,-26116.914127134383,266.408100835053,26.12953618731794,1.015507403099891
1005000,502.4999999915734,-34674.75071677193,9079.690010261693,-25595.060706510238,266.170662111528,26.39285937921116,1.0053756228735284
1010000,504.9999999915143,-34827.72345875809,9276.424814058277,-25551.29864469981,283.13169835920263,26.352987940502146,1.0068967320782016
1015000,507.4999999914552,-34763.986008898355,9248.399539182972,-25515.58646971538,279.1298356671855,26.569794452749,0.9986805688307647
1020000,509.99999999139607,-35317.50799577753,9159.765207602451,-26157.742788175077,278.6435302262368,26.163487169933294,1.0141896324997994
1025000,512.499999991337,-34896.44656722224,9302.101283248005,-25594.34528397424,281.81179525075555,26.147876908597294,1.0147951028889606
1030000,514.9999999912778,-34887.56048309244,9292.177338978803,-25595.38314411364,280.2134619588529,26.33697596652416,1.0075088905998575
1035000,517.4999999912187,-34661.69232794107,9330.740976685913,-25330.951351255157,277.167242170428,26.24940337171765,1.0108701162472
1040000,519.9999999911596,-34985.52511858661,9400.813892998754,-25584.711225587853,288.37820781303986,26.3927428865571,1.0053800604143759
1045000,522.4999999911005,-34978.60728560039,9277.793103252468,-25700.81418234792,279.485222441806,26.069343537669415,1.017852152642278
1050000,524.9999999910414,-34576.10186308739,9318.678195335458,-25257.42366775193,277.3338064804877,25.893520319899224,1.0247636130571196
1055000,527.4999999909822,-35016.458384476835,9208.427922602432,-25808.030461874405,278.3972709155184,26.10320678476681,1.0165317103212348
1060000,529.9999999909231,-35209.897344941506,9138.71456522548,-26071.182779716026,278.81967690078886,26.23722645753037,1.0113392694437071
1065000,532.499999990864,-34665.42051776848,8980.620260836971,-25684.800256931507,273.04970718422527,26.22474243502114,1.0118207072399212
1070000,534.9999999908049,-35098.122807137435,9205.15575497456,-25892.967052162876,282.3417141542869,25.989895049244936,1.0209636240358255
1075000,537.4999999907458,-34653.763024404645,9403.960075971578,-25249.80294843307,280.27731663735915,26.374989765188527,1.00605678614557
1080000,539.9999999906867,-35009.531877060654,9216.846454645913,-25792.68542241474,282.7693366052578,26.495082227610883,1.001496700777764
1085000,542.4999999906275,-35023.6454184223,9466.44831402199,-25557.197104400308,283.7104351416589,25.968081300761444,1.021821255504534
1090000,544.9999999905684,-34995.484540413134,9445.139678814927,-25550.344861598205,288.2177783959688,26.017533020814845,1.0198790721841013
1095000,547.4999999905093,-35016.2029881957,9186.566982226304,-25829.636005969394,276.7327506848767,25.95560118690131,1.022312573178957
1100000,549.9999999904502,-34825.82001382136,9300.997742468748,-25524.822271352612,283.66587242848595,26.338639964740764,1.0074452391357192
1105000,552.4999999903911,-35030.09985744138,9054.133279247488,-25975.966578193897,273.38876864393274,26.077948604403108,1.01751628704827
1110000,554.999999990332,-34797.12282186514,9359.477848845067,-25437.64497302007,287.2961104959683,26.02994869640571,1.0193926137646154
1115000,557.4999999902728,-34968.50205446943,9329.137300117334,-25639.364754352093,280.4087253063201,25.923179883048924,1.0235911472858636
1120000,559.9999999902137,-34932.947239495115,9097.377464499063,-25835.569774996053,277.0732871342994,25.846151778548997,1.0266417091851314
1125000,562.4999999901546,-34738.4098235087,9332.051315141465,-25406.358508367237,283.9002146566212,26.536426738947615,0.9999363402926715
1130000,564.9999999900955,-34744.018950953614,8982.641414094638,-25761.377536858978,276.17961447057326,26.326150287589954,1.00792319226014
1135000,567.4999999900364,-34976.07905265107,9536.92678176626,-25439.152270884806,288.49021771114724,25.936783031830537,1.0230543011145021
1140000,569.9999999899773,-35463.120728264796,9144.025013147857,-26319.09571511694,273.6509843858505,26.082245592260737,1.017348653662758
1145000,572.4999999899181,-35335.20742577873,9235.415212292402,-26099.79221348633,282.66466442522244,26.15958342275115,1.0143409781789738
1150000,574.999999989859,-34816.063340314664,9279.282423766992,-25536.780916547672,277.1895092200555,26.002754713953426,1.0204587063827115
1155000,577.4999999897999,-35063.01911880565,9430.177517558557,-25632.84160124709,282.18976447615495,26.077769348309342,1.0175232813579644
1160000,579.9999999897408,-34711.92168997368,9011.19613188749,-25700.72555808619,269.4900478885168,26.41169023462568,1.0046588159284433
1165000,582.4999999896817,-34784.33460707194,9316.64019512697,-25467.69441194497,277.9003677233487,25.829195282813117,1.0273156847222498
1170000,584.9999999896226,-34902.23260502564,9113.421531359036,-25788.811073666602,276.5355468323939,26.330055539742965,1.0077736979223593
1175000,587.4999999895634,-34473.428054878954,9102.879180287095,-25370.54887459186,276.4137506310564,26.30525990766469,1.0087236366767969
1180000,589.9999999895043,-34791.20497450954,9243.414877982541,-25547.790096527002,277.75156898682474,26.113115654904394,1.0161459776939443
1185000,592.4999999894452,-35001.646279671695,9336.478074076982,-25665.168205594713,277.3784875461517,26.337756836232792,1.0074790196742986
1190000,594.9999999893861,-35051.13628670061,9176.970398426147,-25874.165888274463,275.84269987373676,26.06088904834837,1.0181823570393325
1195000,597.499999989327,-34954.4916065787,9255.81199570459,-25698.679610874107,277.12239991069475,26.724149148361963,0.9929123389664325
1200000,599.9999999892678,-34638.86548977019,9053.871633218267,-25584.993856551926,272.7386813020382,26.174387383139994,1.0137672775057953
1205000,602.4999999892087,-34623.57379718381,9274.99555736849,-25348.57823981532,283.6078702032189,26.33365469279732,1.00763596042161
1210000,604.9999999891496,-34778.9206354348,9182.397232824072,-25596.52340261073,277.6017304511878,26.81454028903544,0.9895652564529708
1215000,607.4999999890905,-35036.10969586857,9069.183126380354,-25966.926569488212,275.6581094666885,26.23178410133846,1.0115490938503857
1220000,609.9999999890314,-34950.47005565325,8937.509858428504,-26012.960197224744,270.4364746525093,26.67370095476076,0.9947902423736181
1225000,612.4999999889723,-34521.90486303903,9354.127089609428,-25167.777773429603,280.37382769147445,26.5512063973912,0.9993797283875977
1230000,614.9999999889131,-34574.41941058915,9148.866323374437,-25425.553087214714,272.87552986276944,26.159713939922124,1.0143359173852977
1235000,617.499999988854,-34743.15444135666,9168.093247309587,-25575.06119404707,274.5312037202451,26.080871030842175,1.017402271818643
1240000,619.9999999887949,-34352.04580216785,9428.944881154028,-24923.10092101382,285.8972832513016,26.089047157285098,1.0170834250026763
1245000,622.4999999887358,-34430.992509242846,9272.160800126789,-25158.831709116057,279.6402714330299,26.36322129414443,1.0065058871876758
1250000,624.9999999886767,-35110.91798274685,9168.786042372672,-25942.131940374173,275.2973030870899,26.208899285188235,1.012432347846969
1255000,627.4999999886176,-34861.63739778497,9369.531480055168,-25492.105917729805,284.5306414296871,26.102018398912968,1.0165779914894597
1260000,629.9999999885584,-35165.10646877927,9154.564792303696,-26010.541676475572,276.8708114253305,25.978871660409844,1.0213968406574458
1265000,632.4999999884993,-35003.32099224278,9355.110831045467,-25648.210161197312,277.40781320577537,26.112320192763946,1.0161769326473324
1270000,634.9999999884402,-34719.17696714355,9390.121871833915,-25329.05509530963,280.35347440694153,26.31075688071594,1.0085128891611665
1275000,637.4999999883811,-34536.21737296367,9123.898295112867,-25412.319077850803,278.5704952575931,26.499400358358827,1.0013335048699656
1280000,639.999999988322,-34707.00296381302,9289.864471325356,-25417.138492487666,276.9475449989297,26.41225224500563,1.0046374383996504
1285000,642.4999999882629,-35218.99853816233,9288.293313155897,-25930.70522500643,283.77277366320857,26.21354713201099,1.0122528364497703
1290000,644.9999999882037,-35207.42660243856,9330.338019247627,-25877.088583190933,290.5104503810334,26.235281226933473,1.0114142557979124
1295000,647.4999999881446,-34746.42833734257,9407.402155225105,-25339.026182117464,282.98657780915903,26.067698100633436,1.017916401185538
1300000,649.9999999880855,-34811.442725889385,9017.927279581003,-25793.51544630838,273.3829711954718,26.12685652372008,1.0156115571614013
1305000,652.4999999880264,-34787.00452156644,9116.716625801757,-25670.287895764686,273.8282118338624,26.15523749090776,1.014509520206499
1310000,654.9999999879673,-34749.61868862808,9223.50397542739,-25526.114713200688,276.3279316080117,26.30484381004282,1.0087395929588177
1315000,657.4999999879082,-34468.5652646122,9067.467160582077,-25401.098104030127,270.68931672360736,26.380796590713302,1.0058353373274846
1320000,659.999999987849,-34830.16267583403,9269.38845024703,-25560.774225586996,286.12481287481296,26.35182942661967,1.006940998600402
1325000,662.4999999877899,-35130.30647607939,9381.763435388626,-25748.54304069077,281.96728019034055,26.05832579253757,1.0182825116641503
1330000,664.9999999877308,-34960.47334972327,8992.106363879393,-25968.366985843873,271.9654048171389,26.23725254130129,1.0113382640205293
1335000,667.4999999876717,-35190.471921271645,9419.077328863477,-25771.394592408167,278.9764207169716,26.05967897243367,1.0182296361308487
1340000,669.9999999876126,-35296.82559716818,9191.674303724798,-26105.15129344338,279.31496761424455,25.88809610671411,1.0249783270429862
1345000,672.4999999875535,-35048.41517709219,9238.807470047654,-25809.607707044535,279.64230957299696,26.076542913225023,1.0175711376346008
1350000,674.9999999874943,-35369.99044114351,9217.13600797565,-26152.854433167864,274.5879189571068,26.59350075056374,0.9977903130044048
1355000,677.4999999874352,-35187.38782832655,9194.402405342567,-25992.985422983984,279.77525322635904,26.170442668442405,1.0139200843470924
1360000,679.9999999873761,-35151.79240409727,9253.62691534811,-25898.16548874916,278.69664598655174,25.965288892477552,1.02193114614162
1365000,682.499999987317,-35024.33947818703,8929.07373945946,-26095.26573872757,270.5006633082462,26.215463721268684,1.0121788315443818
1370000,684.9999999872579,-35008.49029464531,9039.038057443335,-25969.45223720197,265.1340375552201,25.931817953652494,1.02325018188902
1375000,687.4999999871987,-34747.86905414425,9105.991316163669,-25641.87773798058,274.94415897196933,25.931477512932215,1.0232636156021113
1380000,689.9999999871396,-34642.27849008143,9339.255270975518,-25303.02321910591,282.9337011634442,26.0417713441335,1.0189298219057368
1385000,692.4999999870805,-35094.72256918857,9028.716759334133,-26066.005809854436,273.6039216110602,25.614459968093676,1.0359280449730552
1390000,694.9999999870214,-34732.20925641921,8966.826593919192,-25765.382662500022,270.1332331569872,26.18144650422585,1.0134939424949265
1395000,697.4999999869623,-34816.57693014317,9111.544224283176,-25705.032705859994,273.91711359809057,26.253716619546445,1.0107040394437792
1400000,699.9999999869032,-34700.99629522767,9495.231655854472,-25205.7646393732,288.40151046734167,26.3856874544741,1.0056488952039222
1405000,702.499999986844,-35204.546841754345,9100.390125421174,-26104.15671633317,281.74004430384406,26.185414794912457,1.013340351703853
1410000,704.9999999867849,-35267.78554968303,9215.75804131932,-26052.02750836371,275.89250483795837,26.565048998203952,0.9988589683979828
1415000,707.4999999867258,-34967.81235926738,9130.886371335295,-25836.925987932085,274.1742159380647,26.033412951152687,1.0192569636403737
1420000,709.9999999866667,-34957.19879533816,9045.771616455404,-25911.427178882757,270.5151327232773,26.33715537500176,1.007502027457895
1425000,712.4999999866076,-35225.71642269404,9229.514074886236,-25996.2023478078,273.5234554458546,26.28972605508834,1.0093196628289745
1430000,714.9999999865485,-34731.89902500319,9095.982458120256,-25635.916566882937,271.83226194580584,26.351569234031135,1.0069509410285968
1435000,717.4999999864893,-34905.28931960673,9310.704680492994,-25594.58463911374,277.2681349668807,26.60779428573872,0.9972543064950706
1440000,719.9999999864302,-35361.17556642438,9020.047807174149,-26341.127759250234,268.98722415310624,25.94908445826808,1.0225693118561332
1445000,722.4999999863711,-34873.34024701943,8928.234837475971,-25945.105409543456,270.2473325455409,26.625996188368493,0.9965725695318588
1450000,724.999999986312,-35175.063662623055,9246.707509332171,-25928.356153290886,283.07520676831234,26.00906230056732,1.0202112298838657
1455000,727.4999999862529,-34919.37418412068,8945.367804569545,-25974.006379551134,269.8177001430458,26.001179270754374,1.0205205372216954
1460000,729.9999999861938,-34851.53740440123,9146.132998086272,-25705.404406314956,277.0500599617735,26.286404683544067,1.009447193605722
1465000,732.4999999861346,-34793.439473157516,9311.604457647809,-25481.835015509707,283.0753935164813,26.39151690283859,1.0054267640422698
1470000,734.9999999860755,-34635.526011804584,9181.427978712163,-25454.09803309242,271.88621640621403,25.875688956022,1.0254697945583586
1475000,737.4999999860164,-34298.5987371651,9324.389296200312,-24974.209440964787,283.8229927183043,26.026904719002193,1.0195118368576077
1480000,739.9999999859573,-34923.75796081335,9294.62469785755,-25629.133262955802,280.11899575109845,26.138565348387395,1.0151566118537916
1485000,742.4999999858982,-34688.7975126165,9424.842596986167,-25263.95491563033,285.6565941713575,26.182000711514334,1.0134724893700888
1490000,744.999999985839,-34561.73459668015,9223.9331592996,-25337.80143738055,275.51052979989765,26.365831537983148,1.0064062420925883
1495000,747.4999999857799,-34710.053326609544,9082.51609020359,-25627.537236405955,272.65867615425714,25.775683615082613,1.0294484458313686
1500000,749.9999999857208,-34951.416024290724,9199.691044594063,-25751.72497969666,281.2456556384382,25.968552035610813,1.0218027328362647
1505000,752.4999999856617,-35078.67894336046,9558.71352334839,-25519.965420012068,291.3462175095864,25.79223532662795,1.0287878154707033
1510000,754.9999999856026,-34753.82680565934,9105.871841354732,-25647.954964304605,273.0086393757158,25.80691534834055,1.0282025991724781
1515000,757.4999999855435,-34979.65707883844,9347.494263607749,-25632.162815230695,281.0661785306631,26.48628595931523,1.0018293043632869
1520000,759.9999999854844,-34940.07342136232,9157.17019691402,-25782.903224448302,277.8483743489314,26.216899032709858,1.0121234172157987
1525000,762.4999999854252,-35020.86410368071,9156.22477393441,-25864.6393297463,269.9638337816316,25.921319014044204,1.0236646300063401
1530000,764.9999999853661,-34917.59616634669,8952.24409518539,-25965.3520711613,262.81959931824366,26.098678670498302,1.0167080783205504
1535000,767.499999985307,-35102.09160095197,9161.62417883475,-25940.46742211722,271.2803027550709,26.193797849673516,1.013016042578896
1540000,769.9999999852479,-34878.523556720465,9231.218831935377,-25647.30472478509,278.3126238095041,26.36259403479814,1.0065298355223506
1545000,772.4999999851888,-34779.11369623477,9130.407067227548,-25648.706629007218,274.22952715702377,26.335923116170456,1.007549168515583
1550000,774.9999999851296,-34956.107077703346,9149.759328085493,-25806.347749617853,280.53130209901286,26.247660518568587,1.0109372383499167
1555000,777.4999999850705,-35177.515665757935,9144.69431661565,-26032.821349142287,282.7802094793598,26.15241684135101,1.0146189393797191
1560000,779.9999999850114,-35008.190861471696,9087.846262680896,-25920.344598790798,277.8313557569017,25.925812322628346,1.023487214501975
1565000,782.4999999849523,-35291.10582855833,9215.45592873625,-26075.649899822078,281.38742794550296,26.247646713071216,1.0109377700734474
1570000,784.9999999848932,-35083.70302150119,9118.325317742892,-25965.3777037583,270.68877841438837,26.03054816697791,1.0193691376599425
1575000,787.4999999848341,-35209.32511546649,9159.597097116279,-26049.72801835021,278.2194969885364,26.20293467373187,1.0126628092687886
1580000,789.999999984775,-34778.037472000346,9218.22753311109,-25559.809938889255,276.2612894946044,26.160140630929497,1.0143193728253692
1585000,792.4999999847158,-34468.75942059676,9164.825831835911,-25303.93358876085,275.33909084469053,26.171206052830115,1.0138905094485868
1590000,794.9999999846567,-34982.001997242216,9375.867614484883,-25606.134382757333,284.8030209113729,26.11901728566337,1.015916378000664
1595000,797.4999999845976,-34726.65799950226,9244.451127974327,-25482.206871527935,272.8281718598616,26.42959053999347,1.0039783778577762
1600000,799.9999999845385,-35039.81322869146,9253.220553251955,-25786.592675439508,282.66014598885204,26.40986323098253,1.004728317057653
1605000,802.4999999844794,-35009.516852702945,9169.751785667147,-25839.765067035798,278.88159847016254,26.376224229299186,1.0060097005208426
1610000,804.9999999844202,-35010.003051192965,9051.78347576148,-25958.219575431485,270.9889978321314,26.484182206770114,1.0019088839754633
1615000,807.4999999843611,-35319.43153685494,9162.139212530241,-26157.292324324702,273.81114656225657,26.243437157851346,1.0110999286482325
1620000,809.999999984302,-35141.31082819891,9365.321901892523,-25775.98892630639,284.7833195813936,26.203604469435085,1.0126369243872166
1625000,812.4999999842429,-34632.028833003016,9294.87144784878,-25337.157385154234,282.2900260146475,26.365228643571815,1.006429255611913
1630000,814.9999999841838,-34911.2302105492,9151.933113777533,-25759.297096771665,274.21246338172006,25.990050696661566,1.020957509759543
1635000,817.4999999841247,-34858.774065221194,9241.452316446355,-25617.32174877484,278.5080950132851,26.186808538735708,1.013286418562136
1640000,819.9999999840655,-34955.0058083015,9170.323284774191,-25784.682523527314,281.0639038607221,26.289990377608518,1.0093095150155629
1645000,822.4999999840064,-35079.28486700985,9293.705106952439,-25785.579760057408,280.8333579684074,26.287692261678934,1.0093977506146123
1650000,824.9999999839473,-34861.531538277864,9274.514603715419,-25587.016934562445,278.23521345186543,26.460787043232447,1.002794716364052
1655000,827.4999999838882,-34910.16118136258,9070.79589378483,-25839.365287577748,275.32892752196875,26.440886967858333,1.0035494448444042
1660000,829.9999999838291,-35102.7571133445,9343.241331494894,-25759.515781849608,285.6814437721723,25.96683620202921,1.0218702513983693
1665000,832.49999998377,-35028.48456072039,9251.193211564067,-25777.291349156323,278.877558853506,25.87339544653531,1.0255606958359662
1670000,834.9999999837108,-34979.59061488439,9299.13217504088,-25680.45843984351,282.7371469167845,25.7702716234663,1.029664639375607
1675000,837.4999999836517,-35133.786666974425,9055.428613574677,-26078.35805339975,273.7168123375315,26.25174782565901,1.010779838889518
1680000,839.9999999835926,-34998.79920078581,9182.513255721924,-25816.285945063886,280.4300107359676,26.115462217942035,1.0160546735243223
1685000,842.4999999835335,-35282.04355508229,9220.923512674955,-26061.120042407332,277.24813980232483,26.43118459416192,1.0039178283234729
1690000,844.9999999834744,-35043.52511426597,9135.152097341557,-25908.37301692441,268.2136545356133,25.966872703038277,1.0218688149799091
1695000,847.4999999834153,-35102.65046884515,9426.097723867584,-25676.55274497757,285.0170850961151,26.228659516345818,1.0116695983357935
1700000,849.9999999833561,-35004.47705893428,9101.336567403774,-25903.140491530507,270.8589708838575,26.511207000213766,1.0008875656839733
1705000,852.499999983297,-34973.325318358606,9215.60753607608,-25757.717782282525,271.37015437458183,26.435502310256553,1.0037538582156167
1710000,854.9999999832379,-34835.604338468285,9488.698706571395,-25346.90563189689,286.7099847823267,26.06304306892782,1.0180982077807483
1715000,857.4999999831788,-34886.36679086811,9194.822160019994,-25691.544630848115,275.5477942057245,26.075543951006686,1.0176101211021316
1720000,859.9999999831197,-34939.31884164899,9159.564331825146,-25779.75450982384,274.1071782751197,26.543579927493052,0.9996668689856705
1725000,862.4999999830605,-35137.17259022035,9175.680012633704,-25961.492577586643,274.1933847005539,26.1686459321866,1.013989699984858
1730000,864.9999999830014,-34843.42436798918,9096.395125909725,-25747.029242079458,273.6268154917366,26.11124219494051,1.0162188853247824
1735000,867.4999999829423,-34813.35390733578,9358.566540408323,-25454.78736692746,281.76947266937253,26.082614946399126,1.017334247057585
1740000,869.9999999828832,-34924.729377027135,9204.079244932384,-25720.65013209475,281.4351915880858,25.911513531749492,1.0240520070460082
1745000,872.4999999828241,-34839.855788207846,9252.301190246617,-25587.55459796123,277.20063849529987,26.282189428546847,1.0096090932579123
1750000,874.999999982765,-34970.442797981435,9056.637284350807,-25913.80551363063,273.8466186961719,25.93750458306295,1.0230258409328594
1755000,877.4999999827058,-34603.26568899723,9024.155715171924,-25579.109973825303,270.4244932714026,26.141601206619587,1.0150387203928706
1760000,879.9999999826467,-34832.16092613386,9300.789263590103,-25531.37166254376,280.4736702512383,26.007719716570584,1.0202638957571315
1765000,882.4999999825876,-34756.35804704134,8918.774412406703,-25837.58363463464,272.29397963447445,26.038984711818593,1.0190388654341143
1770000,884.9999999825285,-34705.22802890255,9063.000724433341,-25642.227304469212,275.3869637441954,26.21371871728095,1.0122462106185375
1775000,887.4999999824694,-35139.27479646006,9198.013328490164,-25941.261467969893,282.14524278042904,26.124308552100423,1.0157106123926274
1780000,889.9999999824103,-34941.58262374159,9286.72896477406,-25654.853658967528,284.42865007815266,26.027791101616938,1.0194771171395884
1785000,892.4999999823511,-34834.045471463585,9476.303000108575,-25357.74247135501,285.66574650288516,25.94443522906031,1.02275255574137
1790000,894.999999982292,-34719.3191603967,9161.740175536532,-25557.578984860167,279.4256728121884,25.99175940130938,1.0208903917620573
1795000,897.4999999822329,-34758.41917724558,9456.159035861117,-25302.260141384464,291.68325928525957,26.154189081286173,1.0145501875557665
1800000,899.9999999821738,-34667.11164409248,9264.163809702792,-25402.94783438969,284.04862662525994,26.105325700175996,1.0164492005402934
1805000,902.4999999821147,-34789.41219245503,9073.56939715058,-25715.842795304445,275.67591536028146,26.568530201158467,0.9987280905976077
1810000,904.9999999820556,-34499.930609757546,9387.198127777094,-25112.732481980453,282.8002896581027,26.448074123981353,1.0032767343815003
1815000,907.4999999819964,-34571.231230243575,9353.21591311914,-25218.015317124435,277.43653242214947,26.16607536274562,1.0140893148831611
1820000,909.9999999819373,-34550.44979630271,9216.105011757296,-25334.344784545414,282.1783219718482,25.94277441554784,1.022818030668503
1825000,912.4999999818782,-34417.50954785268,9234.345400036826,-25183.164147815853,278.0466114853924,26.10438110536965,1.0164859810573978
1830000,914.9999999818191,-34437.640973423375,8932.580715448967,-25505.060257974408,270.48332378754,26.259512156658584,1.0104809746459626
1835000,917.49999998176,-34725.072880518856,9287.581138255133,-25437.491742263723,280.9203895310122,26.267015629085495,1.0101923192372841
1840000,919.9999999817009,-34861.8760774727,9290.536003977715,-25571.340073494983,276.55623533177663,25.99405096866724,1.0208003927426457
1845000,922.4999999816417,-35096.10135684349,9021.50575193682,-26074.595604906666,272.28200093147825,26.24990297120125,1.0108508769308255
1850000,924.9999999815826,-35051.04387448495,9087.587622483708,-25963.456252001244,270.2960289306267,26.410533809597368,1.0047028064289016
1855000,927.4999999815235,-35034.52319622715,9225.306476596263,-25809.216719630887,278.5411148900358,26.25515283371859,1.0106487517265648
1860000,929.9999999814644,-34901.57549879816,9460.76300209141,-25440.812496706756,289.3773954215583,25.99879184958593,1.0206142497429347
1865000,932.4999999814053,-35273.173600813374,9223.043296486714,-26050.13030432666,276.06088590524234,26.327382012075528,1.0078760366532924
1870000,934.9999999813461,-34891.18425457389,9042.048607028175,-25849.135647545714,273.6183161341554,26.247168405969408,1.010956192583161
1875000,937.499999981287,-34663.3369627106,9173.736518434216,-25489.600444276384,283.28165907269573,26.033866843907838,1.0192391931971965
1880000,939.9999999812279,-35000.27855868009,9043.553904573859,-25956.72465410623,274.12941531365766,26.122748607458266,1.0157712665125895
1885000,942.4999999811688,-34836.70250791102,9173.042555515749,-25663.65995239527,274.4071360154416,26.266002045516583,1.0102313017339142
1890000,944.9999999811097,-34977.092750535114,9234.87780844607,-25742.214942089042,278.2304862912436,26.216495622983864,1.0121389913961272
1895000,947.4999999810506,-34518.18760713795,9100.804914326707,-25417.382692811247,275.47208638204546,26.65924993653384,0.9953294822981744
1900000,949.9999999809914,-34873.21672571637,9133.19880150248,-25740.017924213887,277.9050424537467,26.00648329172343,1.0203124021090755
1905000,952.4999999809323,-35045.6166501753,9047.428130994025,-25998.188519181276,277.4101041236466,26.342609556466886,1.0072934262989073
1910000,954.9999999808732,-35106.37863715179,8837.421329099721,-26268.95730805207,266.75886834954787,26.272212605900663,1.0099924903861444
1915000,957.4999999808141,-35128.349157166434,9429.466858222568,-25698.882298943867,287.3613180936416,26.440242522047395,1.0035739050298678
1920000,959.999999980755,-34899.215967743425,9153.295306810163,-25745.92066093326,275.1899297268525,26.089509408223087,1.017065404435104
1925000,962.4999999806959,-34830.0951910445,8968.649563874973,-25861.445627169527,269.0723166724803,26.24196533483972,1.0111566378208516
1930000,964.9999999806367,-34977.9275340836,9166.013565101064,-25811.91396898254,270.40213822199837,25.910384617508885,1.024096624943849
1935000,967.4999999805776,-34902.76023188303,8762.945951061734,-26139.814280821298,266.392049301711,26.384307041648352,1.00570151021598
1940000,969.9999999805185,-35062.23340791697,9014.039176138866,-26048.1942317781,268.1802660268926,25.849304253655077,1.0265165041738356
1945000,972.4999999804594,-34376.53519806662,9079.999064925501,-25296.536133141115,273.89819538225555,26.243944245349212,1.0110803920980813
1950000,974.9999999804003,-34663.576520461356,9245.567373056962,-25418.009147404395,278.31583508415383,26.56029207231056,0.9990378631961907
1955000,977.4999999803412,-34866.10531256208,8985.066302063484,-25881.0390104986,266.9388743955044,26.331145060211945,1.0077319986316722
1960000,979.999999980282,-34746.57916701469,9156.25388577293,-25590.325281241756,272.5058124425217,26.249188742526396,1.010878381730665
1965000,982.4999999802229,-35240.20246493933,9228.418591182879,-26011.78387375645,278.51117161581016,26.01122398216323,1.0201264444911793
1970000,984.9999999801638,-34522.382147359895,9230.772589036864,-25291.60955832303,282.77726755961294,26.037578658666924,1.0190938944683883
1975000,987.4999999801047,-34882.48251262051,9299.419803522778,-25583.062709097732,278.72663525846417,26.39597092540055,1.0052571096088678
1980000,989.9999999800456,-34735.348673936445,9026.653834964221,-25708.694838972224,272.37795427514544,26.250646388764157,1.0108222496625952
1985000,992.4999999799865,-35251.737703361316,9164.02805087301,-26087.709652488305,275.0644697728917,26.12446534615997,1.015704516291209
1990000,994.9999999799273,-34704.21538776858,9098.351851417958,-25605.86353635062,278.5913966752689,26.316646217234123,1.008287196580958
1995000,997.4999999798682,-35379.78416050295,9128.02948058824,-26251.754679914713,272.57011314252264,26.086437062561195,1.0171851899188666
2000000,999.9999999798091,-35263.936714679236,9021.070205165302,-26242.866509513933,273.93963239257727,25.902777796970444,1.0243973694933728
2005000,1002.49999997975,-35219.74295164924,9140.427047134352,-26079.31590451489,278.1974745539702,25.61391258082412,1.035950183481657
2010000,1004.9999999796909,-34943.76294733118,9185.972352047758,-25757.790595283426,277.35265414941546,25.94181635961466,1.0228558043104587
2015000,1007.4999999796318,-34908.30989088118,9097.43895039546,-25810.87094048572,270.05424405854103,26.045722753750763,1.0187752395531695
2020000,1009.9999999795726,-34225.4707855396,9144.963380431194,-25080.5074051084,274.95704598277234,26.488921334404147,1.0017296326568126
2025000,1012.4999999795135,-34318.544063345995,9420.623921268729,-24897.920142077266,281.9049381543825,26.13385341935857,1.0153396444066816
2030000,1014.9999999794544,-34672.611857735086,9306.605076044458,-25366.00678169063,277.5528556615596,25.99606550549213,1.0207212869263596
2035000,1017.4999999793953,-34374.32944598328,9228.847777405164,-25145.48166857812,280.65824956603177,26.522566348803725,1.0004588955994709
2040000,1019.9999999793362,-34405.14137199195,9122.054642908308,-25283.086729083643,277.0759399770196,26.40660122669816,1.00485243102623
2045000,1022.499999979277,-35232.41693328018,9150.851598122601,-26081.565335157582,280.1884028380715,26.055043790624932,1.0184107787734955
2050000,1024.9999999794452,-35153.00064151874,9297.844445587765,-25855.156195930973,285.6013190818811,25.804423677083626,1.0283018822603203
2055000,1027.4999999799545,-34940.994977320544,9107.221256939294,-25833.77372038125,272.9781512216838,25.656508428915828,1.0342302621303778
2060000,1029.9999999804638,-34827.8844178312,9110.925799053985,-25716.958618777215,274.23646466349936,26.109124695235433,1.0163013026105048
2065000,1032.4999999809731,-35142.338220781414,9042.230442379981,-26100.107778401434,276.8935527189146,26.049474066133236,1.018628528561562
2070000,1034.9999999814825,-35247.77442778321,9154.8143769161,-26092.96005086711,273.2346493592441,26.127173862574214,1.0155992216133818
2075000,1037.4999999819918,-35180.98798631481,9031.38367501669,-26149.60431129812,275.2380435070793,26.146321261609472,1.0148554809027266
2080000,1039.999999982501,-35069.56391293183,9233.705313411716,-25835.858599520114,278.06183946322005,26.040656560524866,1.0189734416301923
2085000,1042.4999999830104,-35080.47791901184,9215.520277143878,-25864.957641867964,278.67056890838575,26.142297038189643,1.015011703027662
2090000,1044.9999999835197,-35026.4551447439,9268.399732458583,-25758.055412285317,276.53434825423335,25.704210620387972,1.03231092483895
2095000,1047.499999984029,-34650.98261894379,8980.470077700553,-25670.512541243235,276.8456410960809,26.296942841909388,1.0090426707510467
2100000,1049.9999999845384,-34876.7030419549,9206.612899650947,-25670.09014230395,277.4477879026321,26.427176671573427,1.004070081626621
2105000,1052.4999999850477,-34732.29754720139,9145.699492559452,-25586.59805464194,279.0096391738465,26.313105007061306,1.0084228915845197
2110000,1054.999999985557,-34823.047715763794,9458.470724939172,-25364.576990824622,284.5056953027243,26.272556276084316,1.0099792787176256
2115000,1057.4999999860663,-34806.78698318056,9164.778206466934,-25642.008776713625,279.4295991117093,26.164272620813385,1.0141591865496684
2120000,1059.9999999865756,-34736.0591108182,9267.599212039673,-25468.459898778525,281.86008529495507,26.28459768519771,1.0095165904985879
2125000,1062.499999987085,-34556.91346418974,8976.225972939581,-25580.68749125016,269.34958850887267,26.500053578010053,1.001308822251084
2130000,1064.9999999875943,-34842.64328450966,9249.619792082925,-25593.02349242673,277.1840577851345,26.627861637664274,0.9965027533512236
2135000,1067.4999999881036,-34643.9633523582,9293.448772221938,-25350.514580136263,279.3480243281969,26.145072158421684,1.01490396649147
2140000,1069.999999988613,-35255.0836701917,9093.294281723307,-26161.789388468394,272.56830752346326,26.222247608984162,1.011916973459462
2145000,1072.4999999891222,-35004.89036482386,9340.465218904477,-25664.425145919384,284.40060255776865,26.310673482329793,1.0085160858998368
2150000,1074.9999999896315,-34574.693554318976,9223.97088482104,-25350.722669497936,280.0503684303589,26.426377135198763,1.0041004600076175
2155000,1077.4999999901409,-34724.42433344852,9263.112835501255,-25461.311497947267,277.9077369612828,26.26893562231705,1.01011848440654
2160000,1079.9999999906502,-34994.745348005556,9286.916505925172,-25707.828842080384,283.3724490772275,26.186346986596824,1.0133042784230029
2165000,1082.4999999911595,-34804.36465672194,9276.27980478988,-25528.08485193206,279.6065221091541,26.229060601098865,1.0116541282716085
2170000,1084.9999999916688,-34478.560508670984,9050.346049188374,-25428.21445948261,276.91511139058525,25.974250548882814,1.0215785586517783
2175000,1087.4999999921781,-35089.47557914816,8995.647677149318,-26093.82790199884,273.3136390988198,26.115095416848067,1.0160689445794278
2180000,1089.9999999926874,-34569.52064485848,8977.719034879347,-25591.801609979135,266.71718293900904,26.163938010377336,1.0141721566250257
2185000,1092.4999999931968,-34850.16167753469,9253.582802510347,-25596.578875024345,281.3667008747702,26.028243896132782,1.0194593820342348
2190000,1094.999999993706,-35284.389639822766,9334.881776474112,-25949.507863348656,281.9868489353272,25.98464685891803,1.0211698308565254
2195000,1097.4999999942154,-34612.04127579788,9027.73740607467,-25584.303869723208,273.79808962210905,26.300620743530338,1.0089015653486095
2200000,1099.9999999947247,-35140.70135054365,9040.041942442193,-26100.659408101455,273.986059591996,26.226674551880425,1.0117461664954146
2205000,1102.499999995234,-35016.12592098187,9026.756814242892,-25989.369106738974,274.31151863185113,26.198409649115533,1.012837717753745
2210000,1104.9999999957433,-34813.13390586176,9148.178144710915,-25664.955761150843,279.4014175111072,25.98597081183035,1.0211178035229567
2215000,1107.4999999962527,-34782.2125092966,9279.88353366174,-25502.32897563486,283.4677356377568,26.361769384397586,1.0065613218471083
2220000,1109.999999996762,-35251.54664307507,9374.950015327482,-25876.596627747585,279.858626466617,25.950468946583943,1.022514756569778
2225000,1112.4999999972713,-34792.68307495816,9322.154356323425,-25470.528718634734,280.5100107720947,26.130596015733133,1.015466215229511
2230000,1114.9999999977806,-34794.122733048396,9304.790319636497,-25489.3324134119,283.69079726796065,25.9888953498801,1.0210028968357165
2235000,1117.49999999829,-34864.29948474397,9179.005840064743,-25685.293644679226,278.6045242467299,26.319388863291042,1.00818212670573
2240000,1119.9999999987992,-34956.13954482763,9115.251735442373,-25840.887809385258,274.4675277311139,26.249357658327014,1.0108718766826785
2245000,1122.4999999993086,-35042.8806068867,9071.145624015828,-25971.73498287087,274.33502097215666,26.026728684953767,1.0195187324147958
2250000,1124.9999999998179,-34791.8103570668,9131.487727118852,-25660.32262994795,273.12577417937956,26.251122690118276,1.0108039092658065
2255000,1127.5000000003272,-34696.625402209116,8924.714069499127,-25771.91133270999,270.47721393835707,26.443711038362594,1.0034422702355665
2260000,1130.0000000008365,-34817.79893275653,9275.28951160077,-25542.50942115576,281.13086758315296,26.461944003990286,1.0027508724901921
2265000,1132.5000000013458,-34602.336970141856,9316.577424465133,-25285.759545676723,282.7687360678497,26.357035033065113,1.0067421242374124
2270000,1135.0000000018551,-34925.99959306279,8913.80351722341,-26012.196075839383,274.8975022091089,26.40262466231852,1.0050037743277054
2275000,1137.5000000023645,-34669.45331050665,9161.579576935337,-25507.873733571316,272.3102324746677,26.00577691177852,1.0203401162673886
2280000,1140.0000000028738,-34921.17273602821,9026.517907429014,-25894.654828599196,269.5717264885644,25.89774906003866,1.0245962834944642
2285000,1142.500000003383,-35093.443225993076,9029.497287269674,-26063.945938723402,271.0203947393476,25.800120735476046,1.0284733823474592
2290000,1145.0000000038924,-34886.25555200223,9164.496073358434,-25721.759478643795,278.39198127049457,26.45322966745612,1.0030812029894416
2295000,1147.5000000044017,-34534.738919864176,9154.083745912172,-25380.655173952004,272.22493066071667,26.91087998399527,0.9860226589977323
2300000,1150.000000004911,-34918.053725152975,9149.473910988972,-25768.579814164004,275.71851452691675,26.095421061557925,1.0168349985690446
2305000,1152.5000000054204,-35072.37904291274,9194.917873073351,-25877.46116983939,275.19153277150303,25.890170825394097,1.0248961900151525
2310000,1155.0000000059297,-34936.66010133899,9179.716803735753,-25756.943297603233,276.7288061904072,25.842913501379307,1.0267703537517794
2315000,1157.500000006439,-34997.51852284442,9237.43705282051,-25760.081470023906,279.5975632822567,25.959155443422734,1.0221726009391792
2320000,1160.0000000069483,-34806.81047457224,9189.100931922269,-25617.70954264997,271.020197642623,26.443564387830204,1.003447835118613
2325000,1162.5000000074576,-34615.224082564004,9230.478288781076,-25384.745793782928,271.78120551218393,26.334059948721247,1.0076204538706675
2330000,1165.000000007967,-35184.70368166128,9003.124963632245,-26181.578718029035,266.1834588212013,26.01037884844495,1.0201595906156617
2335000,1167.5000000084763,-34727.05355695519,8952.422571308662,-25774.630985646523,267.2270940576658,26.268277619700203,1.0101437871924968
2340000,1170.0000000089856,-35009.698390131816,9195.92113693319,-25813.777253198627,276.0853434792256,26.301027696663695,1.0088859547170403
2345000,1172.500000009495,-34932.15128328046,9201.035835167608,-25731.11544811285,276.19502567223543,26.09759704050167,1.0167502163746258
2350000,1175.0000000100042,-34833.65150713385,9271.796749901383,-25561.854757232468,274.09119854234143,26.297810474122247,1.0090093798454727
2355000,1177.5000000105135,-34761.967397586675,9136.70368733831,-25625.263710248364,274.51469253290105,26.232930652653227,1.0115048825131596
2360000,1180.0000000110228,-34760.55851709214,9342.244086274382,-25418.314430817758,279.80080235867484,26.53111026582344,1.000136713915403
2365000,1182.5000000115322,-34443.76523309224,9150.447134616368,-25293.318098475873,276.28854952610703,26.09719896392934,1.0167657254889033
2370000,1185.0000000120415,-35205.025172143476,8888.38588445721,-26316.639287686266,267.74389007644356,26.03001713108309,1.019389933712417
2375000,1187.5000000125508,-35305.02878946555,9276.725006081379,-26028.30378338417,279.91469102155446,26.22511678410272,1.0118062640572427
2380000,1190.0000000130601,-35263.91750944825,9341.920274021257,-25921.997235426992,282.2730487011221,26.319084703932024,1.0081937778719041
2385000,1192.5000000135694,-34694.27542420663,9013.685737842245,-25680.589686364387,273.05540402861624,26.386813289495528,1.0056059876071215
2390000,1195.0000000140788,-34805.52541632461,9293.81941769877,-25511.705998625843,283.83126063984463,26.613707028888548,0.9970327474103866
2395000,1197.500000014588,-34592.28100073361,9355.975433503241,-25236.305567230367,281.24540295384116,26.254883758533154,1.0106591094376396
2400000,1200.0000000150974,-34937.03986130771,9227.248708459763,-25709.79115284795,281.2863540816622,25.9166863304614,1.023847613056922
2405000,1202.5000000156067,-34606.58433994115,9345.983571524408,-25260.600768416745,273.4112951076719,26.445379697965063,1.0033789546924023
2410000,1205.000000016116,-34764.294869878795,9345.571274247683,-25418.723595631112,281.64171032643463,26.682984488821184,0.9944441353216908
2415000,1207.5000000166253,-34798.37588199321,9112.574184062161,-25685.80169793105,272.66919613648247,26.47993287682119,1.0020696638930928
2420000,1210.0000000171347,-34875.86168926698,9130.947824063063,-25744.91386520392,275.7237962532879,26.70465392456901,0.9936371957015022
2425000,1212.500000017644,-35148.97517976747,8887.61586560509,-26261.35931416238,268.6934636512034,26.26671635855502,1.0102038288903044
2430000,1215.0000000181533,-35123.168180271285,9271.36629238322,-25851.801887888065,278.777533047042,26.23054198350336,1.011596994620844
2435000,1217.5000000186626,-34959.615457847714,9145.863155040546,-25813.752302807166,274.90360796106336,25.979442039030065,1.0213744158909785
2440000,1220.000000019172,-35049.986847870285,9228.23807688406,-25821.748770986225,274.5072947749544,26.109208278442264,1.0162980491329932
2445000,1222.5000000196812,-34771.369464676594,9111.31146355379,-25660.058001122805,268.20704004916445,26.11994133189844,1.0158804378853206
2450000,1225.0000000201906,-35005.273293252336,9313.20563063222,-25692.067662620117,285.21973553597263,26.132320220196352,1.01539921500275
2455000,1227.5000000206999,-34826.091623503715,9194.15967676531,-25631.931946738405,282.21798134796165,26.233181276922657,1.0114952188864141
2460000,1230.0000000212092,-34506.54198375065,9401.329469989789,-25105.21251376086,282.5217307341835,26.203646233818084,1.0126353104073922
2465000,1232.5000000217185,-34861.92152914265,9292.062838422647,-25569.858690720004,281.8486327961494,26.11017494263185,1.0162604232292143
2470000,1235.0000000222278,-34954.56374680251,9280.131697804576,-25674.432048997933,279.6339869661533,26.297640488246078,1.0090159020026062
2475000,1237.5000000227371,-34688.079949234845,9181.303899807011,-25506.776049427834,276.2292448005402,26.195859540864447,1.0129363152369475
2480000,1240.0000000232465,-34790.76131434576,9038.224946067865,-25752.53636827789,268.2236687022551,26.29341399990539,1.0091780944796043
2485000,1242.5000000237558,-34981.398241425864,9367.980567364648,-25613.417674061217,279.4634832249177,25.778911881996695,1.0293195290495958
2490000,1245.000000024265,-35149.54169637826,9149.858842894777,-25999.682853483486,281.34068743445016,26.094139355449343,1.0168849440227472
2495000,1247.5000000247744,-34804.20881807874,9405.55990454739,-25398.64891353135,281.70372725225224,26.384694381505586,1.0056867460396834
2500000,1250.0000000252837,-35008.85356066446,9353.837482145977,-25655.01607851848,287.3032368757808,26.207536591035662,1.0124849905528368
2505000,1252.500000025793,-34547.188337638276,9258.00079619031,-25289.187541447965,276.5350911671228,25.99479166433259,1.0207713060534407
2510000,1255.0000000263024,-34690.34387027775,9272.748531222858,-25417.59533905489,282.2701374798698,25.901598329418814,1.0244440169412226
2515000,1257.5000000268117,-34729.75169414235,9118.92489047833,-25610.826803664022,277.84335338988217,26.090581185627293,1.017023624311031
2520000,1260.000000027321,-34855.10922737024,9097.365147177981,-25757.744080192257,271.5012102595756,26.14565756399224,1.0148812426248353
2525000,1262.5000000278303,-34757.297540969914,9154.978167562273,-25602.31937340764,276.76042770174996,26.346407140475083,1.0071482345318903
2530000,1265.0000000283396,-34828.57427847991,9167.501023676807,-25661.0732548031,279.1986494190016,25.935452247332154,1.0231067954682518
2535000,1267.500000028849,-34742.50785396085,8982.808765348364,-25759.699088612488,273.1175988139381,25.986915587936746,1.0210806799289955
2540000,1270.0000000293583,-35163.29299190128,9347.236603911935,-25816.056387989345,282.9132633410193,26.405810562735663,1.0048825191238078
2545000,1272.5000000298676,-34730.780043624574,9098.718627685565,-25632.06141593901,274.4015116579054,26.269167584194985,1.0101095648631313
2550000,1275.000000030377,-34653.23008146859,9130.597609396034,-25522.632472072553,279.4700638779904,26.103589897002305,1.0165167910807194
2555000,1277.5000000308862,-34938.80175543204,9242.939599040335,-25695.862156391704,284.39509472597877,25.851877711080274,1.0264143183075214
2560000,1280.0000000313955,-35081.93866239372,9398.395392226255,-25683.54327016746,281.7740190538546,26.320475607798652,1.008140499935561
2565000,1282.5000000319048,-35014.69396020984,8930.204777307592,-26084.489182902253,268.2080841486741,25.90522903970935,1.0243004374566063
2570000,1285.0000000324142,-34624.45335191442,9054.921780982235,-25569.53157093218,277.0673955154171,26.22877637776107,1.0116650908765312
2575000,1287.5000000329235,-34974.559366186615,9158.578854492158,-25815.980511694455,276.2267447663673,26.208174687805915,1.0124603393357987
2580000,1290.0000000334328,-34687.40515577793,9150.796616831401,-25536.60853894653,276.122341686017,26.142570239031095,1.0150010957289601
2585000,1292.5000000339421,-34765.68491675658,9009.000466557965,-25756.684450198616,272.63288712382246,26.20825452141033,1.0124572552556228
2590000,1295.0000000344514,-35024.34627667302,9016.34944024199,-26007.996836431033,272.8428326300667,26.38556134911751,1.0056537015338258
2595000,1297.5000000349607,-35081.048188216984,9106.166564504261,-25974.881623712725,280.42360897382275,26.302626723898964,1.008824621066382
2600000,1300.00000003547,-35366.26142552332,9090.34672342604,-26275.91470209728,268.47832645125794,25.573266809913825,1.0375967073358543
2605000,1302.5000000359794,-34877.20705309673,9132.487581083911,-25744.71947201282,272.6862915300791,26.07636221125301,1.017578189120914
2610000,1305.0000000364887,-35120.08606320107,8985.650316247391,-26134.435746953684,269.2770788064313,26.02087922462775,1.0197479189201943
2615000,1307.500000036998,-34890.486655397806,8856.406936521302,-26034.079718876506,266.2603975358909,26.435458156778928,1.0037555347223472
2620000,1310.0000000375073,-35086.5904340765,9204.194660506788,-25882.39577356971,276.6788080391547,26.025518080350512,1.0195661564109963
2625000,1312.5000000380167,-35070.06051584752,9392.255204365825,-25677.805311481698,286.3550978037385,26.239817859815048,1.0112393912011286
2630000,1315.000000038526,-35253.77503334149,9096.321194598473,-26157.453838743015,273.4681541644833,26.09452890322604,1.0168697636272486
2635000,1317.5000000390353,-34754.474839700386,9080.238625314572,-25674.23621438581,278.9476289866882,26.502915585595776,1.0012006925083135
2640000,1320.0000000395446,-34967.01635079272,9064.451950951261,-25902.56439984146,273.00512690274564,26.03905758609589,1.0190360134983016
2645000,1322.500000040054,-34595.88964874786,9450.914563821647,-25144.975084926216,284.7885874035477,25.806067495365305,1.0282363805548222
2650000,1325.0000000405632,-34978.24328272557,9038.029996955145,-25940.213285770424,275.36780806317176,26.091463825302768,1.0169892197483847
2655000,1327.5000000410726,-34908.44158389815,8945.91270502087,-25962.52887887728,267.14813955560464,26.297688578912698,1.0090140568120216
2660000,1330.0000000415819,-34911.22003991529,8912.336722164704,-25998.883317750588,267.2139735290062,26.13145506056094,1.0154328328174722
2665000,1332.5000000420912,-35141.14119193517,9137.56479599116,-26003.57639594401,278.6443551285058,26.44057171396046,1.003561410276832
2670000,1335.0000000426005,-34463.131213993765,9169.257508541014,-25293.873705452752,278.4076099037906,26.09258511662074,1.0169455160993413
2675000,1337.5000000431098,-34370.286065876484,9402.317670960252,-24967.96839491623,276.2058995893569,26.378046486313107,1.0059402030228457
2680000,1340.0000000436191,-35010.00173588004,9296.623118847801,-25713.37861703224,276.7270590827613,26.206164033352934,1.0125380198344462
2685000,1342.5000000441285,-34961.18486535479,9206.56892558597,-25754.615939768824,280.32486789915066,26.446682073344128,1.0033295429725186
2690000,1345.0000000446378,-35206.486749949865,8958.527331021804,-26247.95941892806,269.39406194590947,26.086961826738538,1.017164728266301
2695000,1347.500000045147,-34886.339845150476,9081.80528613026,-25804.534559020216,274.65003892369094,26.13136560356765,1.015436309006566
2700000,1350.0000000456564,-34710.53196522198,9098.812352911471,-25611.719612310506,271.0495958178899,26.092677967781817,1.0169418972844368
2705000,1352.5000000461657,-34802.00435152906,9330.666068460307,-25471.338283068755,283.9825571946565,25.847273838823398,1.0265971414723
2710000,1355.000000046675,-35261.469069516286,9389.250259528411,-25872.218809987877,286.8164045962952,25.59646416196195,1.0366563627651453
2715000,1357.5000000471844,-35206.31337677152,9201.336575899837,-26004.976800871682,275.27729177156215,26.106434423290853,1.0164060326106772
2720000,1360.0000000476937,-34798.48884603055,9335.662201897536,-25462.826644133016,276.2409609717176,26.26349607678671,1.0103276943864643
2725000,1362.500000048203,-34748.81679681968,9486.131781565518,-25262.68501525416,280.81246871292143,26.366759483312,1.006370822875757
2730000,1365.0000000487123,-34960.3158803063,9022.276231204036,-25938.039649102262,275.10031108818345,25.695718842494045,1.0326520771976342
2735000,1367.5000000492216,-34773.03701943555,9068.705375770434,-25704.331643665115,275.33979972219163,25.891673388784504,1.024836712534846
2740000,1370.000000049731,-35052.11894679093,9329.260909394598,-25722.85803739633,285.3283526470721,25.916834387393454,1.02384176405028
2745000,1372.5000000502403,-35227.6173381703,9192.378700574902,-26035.238637595394,277.0749733703358,25.836847340483903,1.0270114262822785
2750000,1375.0000000507496,-34921.59403377795,9319.93097813521,-25601.663055642737,279.74746429379707,26.207757684812645,1.012476449031147
2755000,1377.500000051259,-34885.05859605246,9366.317993107416,-25518.740602945047,284.3475597559029,26.23890159177664,1.0112747038962921
2760000,1380.0000000517682,-34893.1945432357,9183.021678201047,-25710.172865034656,283.59437730283594,26.349529189775325,1.0070289016049825
2765000,1382.5000000522775,-34871.26864489517,9295.02776117353,-25576.240883721643,284.25357820616364,25.73385549177936,1.0311217239198514
2770000,1385.0000000527868,-34798.61449982668,9100.504501981011,-25698.10999784567,274.48564555850953,26.21863607342876,1.0120563618745775
2775000,1387.5000000532962,-34460.37631165353,9193.497814281505,-25266.87849737202,277.8204997602653,26.09863504193778,1.0167097779308887
2780000,1390.0000000538055,-34598.76226787991,9193.721566675613,-25405.040701204296,279.11550493862455,26.330271226815483,1.0077654426424651
2785000,1392.5000000543148,-34846.57689272449,9045.685394136,-25800.89149858849,270.2700280801592,26.125017249724387,1.0156830590444033
2790000,1395.000000054824,-35001.35311278771,9152.344165419989,-25849.008947367718,278.2441153132763,26.087230560193383,1.017154250105695
2795000,1397.5000000553334,-34928.47817784385,8854.395165798112,-26074.083012045736,262.3386939079782,26.143595448718894,1.0149612929038856
2800000,1400.0000000558427,-34753.565888347104,9247.849233503533,-25505.71665484357,279.6246971684241,26.19772767521964,1.0128640837383391
2805000,1402.500000056352,-35026.638421124546,9048.758691093706,-25977.87973003084,272.02193269306986,25.9705183361756,1.0217253692940866
2810000,1405.0000000568614,-34869.37674081582,9311.696727671913,-25557.6800131439,281.2963208244488,26.166124983402575,1.0140873917945095
2815000,1407.5000000573707,-34913.49164444627,9109.241756120291,-25804.249888325983,277.9321727647398,25.693885491821604,1.0327257606185685
2820000,1410.00000005788,-34384.403419797774,8992.44389757104,-25391.959522226734,271.48038300026275,26.595920427391142,0.9976995347925518
2825000,1412.5000000583893,-34568.09125588811,9129.442461974211,-25438.648793913897,281.082368131965,26.197363466900534,1.0128781650609076
2830000,1415.0000000588986,-34672.336556667695,9336.46067611336,-25335.875880554333,281.7966560344917,26.171801871490565,1.0138674275496733
2835000,1417.500000059408,-34923.15358473617,9256.182750385862,-25666.970834350304,281.00339568972726,26.46125348797148,1.0027770396383449
2840000,1420.0000000599173,-35059.48482883093,9237.281160547123,-25822.203668283808,282.55749963426183,26.32962886130979,1.0077900291553092
2845000,1422.5000000604266,-34898.91410787706,9025.689934141687,-25873.224173735376,270.82990223192945,26.401638965970626,1.0050412958070063
2850000,1425.000000060936,-34785.61074686074,9111.501731700173,-25674.109015160564,273.648466883264,26.258697779789408,1.0105123133033247
2855000,1427.5000000614452,-35078.74546392192,9308.675650820658,-25770.06981310126,286.60457432582,25.98832597520286,1.0210252658484573
2860000,1430.0000000619546,-34585.03326675482,9107.405461367758,-25477.627805387063,275.2397580256232,26.47491799467327,1.0022594760492416
2865000,1432.5000000624639,-35448.28097402863,9375.48233846694,-26072.798635561692,285.27985745706485,26.10672937693155,1.0163945492626325
2870000,1435.0000000629732,-34726.35948923114,9017.323662298102,-25709.035826933035,267.72038594509377,26.37215019549789,1.0061651113422574
2875000,1437.5000000634825,-34826.11718072207,9004.346347353114,-25821.77083336895,269.5404901482633,25.822134161764623,1.0275966065221058
2880000,1440.0000000639918,-34995.3801829936,9322.45614207441,-25672.924040919188,274.70374060436154,25.71023501702668,1.0320690347721504
2885000,1442.5000000645011,-35043.12516467972,9452.496603633044,-25590.628561046673,286.4922045071579,25.871962379599726,1.0256175023936625
2890000,1445.0000000650105,-34666.61846331996,9304.768076283428,-25361.85038703653,281.891312763626,26.628913574224093,0.9964633879570894
2895000,1447.5000000655198,-34678.953770486405,9295.168174144532,-25383.785596341873,279.590156898162,26.051215395956078,1.0185604408271427
2900000,1450.000000066029,-34771.875089562964,9225.255050771966,-25546.620038791,278.86267324001716,26.283467009375634,1.0095600184071076
2905000,1452.5000000665384,-34757.693916484015,9161.040230317642,-25596.653686166374,272.905793861625,26.372180837933737,1.0061639422561637
2910000,1455.0000000670477,-34576.014205203624,9124.108843467198,-25451.905361736426,276.03962292137004,26.427444133661574,1.0040599198160682
2915000,1457.500000067557,-34773.58156776801,9253.336727391033,-25520.244840376974,279.86786132751604,26.226184022455325,1.011765089998162
2920000,1460.0000000680664,-34403.887695358135,9190.612505258945,-25213.27519009919,281.1247007468466,26.13229739254421,1.0154001019963317
2925000,1462.5000000685757,-35047.49821539107,9253.671978322016,-25793.82623706905,277.5542489973922,26.23549708725959,1.0114059340874315
2930000,1465.000000069085,-35070.36294805305,9230.83682499044,-25839.526123062613,282.4505768500262,26.222622852372734,1.0119024930180427
2935000,1467.5000000695943,-34887.58313838113,9132.79259434381,-25754.79054403732,270.64041629663745,26.522676531016703,1.0004547394286192
2940000,1470.0000000701036,-34984.268430382945,9160.423685495725,-25823.844744887218,275.4937950560444,26.112866539001377,1.0161556716937374
2945000,1472.500000070613,-34664.14236861956,9405.208220354274,-25258.93414826529,279.52344426767064,26.589351716540552,0.9979460093899652
2950000,1475.0000000711223,-34731.49419317534,9285.866591359045,-25445.627601816297,282.58645432283856,25.894847522266932,1.0247110903036094
2955000,1477.5000000716316,-34959.26658103941,9464.604817238938,-25494.66176380047,284.007844989263,26.54558166427143,0.9995914865750272
2960000,1480.000000072141,-34755.67258107173,9133.512704198078,-25622.159876873655,276.57491536024145,26.19109520767429,1.0131205750423482
2965000,1482.5000000726502,-34872.131051204866,9145.662625719477,-25726.46842548539,280.1266395614853,26.35374244581526,1.0068679047139033
2970000,1485.0000000731595,-34885.70765876281,9249.568648578304,-25636.139010184506,278.65108002845,26.006713072337053,1.0203033872055314
2975000,1487.5000000736688,-35261.23778719758,9224.664405975149,-26036.573381222428,280.12436691705915,25.872668133164616,1.0255895256421035
2980000,1490.0000000741782,-35207.43509477656,9048.179271083673,-26159.25582369289,275.1489819532471,25.649048059252845,1.034531081874421
2985000,1492.5000000746875,-34479.70833620243,9175.14907156972,-25304.559264632706,275.22463412172,26.22152719660271,1.0119447749491013
2990000,1495.0000000751968,-34982.05977063696,9297.156969364252,-25684.902801272707,279.4819598509635,25.9165345680582,1.0238536085179997
2995000,1497.500000075706,-34680.405960010365,9223.606236439055,-25456.799723571312,280.6879728749911,26.274275516533145,1.0099131913681438
3000000,1500.0000000762154,-34843.703963274835,9176.29929283586,-25667.404670438977,280.7268698981253,26.43066341387647,1.003937624352507
3005000,1502.5000000767247,-34823.78355443431,9130.406513496908,-25693.377040937405,275.9777428011161,26.114613913223874,1.0160876789509512
3010000,1505.000000077234,-34955.64750814275,8762.06498892749,-26193.58251921526,265.67102862091076,25.948056769716302,1.0226098113349387
3015000,1507.5000000777434,-34979.21437144349,9048.39349179482,-25930.820879648672,269.2737320655371,25.955630459148164,1.0223114202350492
3020000,1510.0000000782527,-34705.62367110979,9124.38511582552,-25581.238555284268,274.57679644884064,26.437271034191973,1.0036867044056792
3025000,1512.500000078762,-35220.337086185114,9540.813723663628,-25679.523362521486,289.40669063786396,26.077192881284777,1.017545774907063
3030000,1515.0000000792713,-34679.63979974948,9058.091332528726,-25621.548467220753,273.198168126978,26.389189983881565,1.0055154195333469
3035000,1517.5000000797806,-34978.87825768185,9001.708126274236,-25977.170131407613,268.72786238628976,25.91856922522221,1.023773234055144
3040000,1520.00000008029,-35356.07205944718,9138.75536875723,-26217.31669068995,273.4086988507341,26.107285550111335,1.01637289663286
3045000,1522.5000000807993,-35406.04053878435,9170.470430750109,-26235.57010803424,281.34535368824845,26.505136727113594,1.0011167914724994
3050000,1525.0000000813086,-35552.23911056039,9052.667388146305,-26499.571722414083,272.0953100309449,25.79715401738448,1.0285916585956085
3055000,1527.500000081818,-34863.57603777852,9353.541499485022,-25510.034538293497,284.59391028080864,26.2534976786192,1.0107124682056254
3060000,1530.0000000823272,-34721.80552613479,9256.573334692392,-25465.2321914424,275.9867347631528,26.21072108467613,1.0123619778359005
3065000,1532.5000000828366,-34849.5906288384,9354.35927554711,-25495.23135329129,282.0741308172008,26.14156143503302,1.0150402646655965
3070000,1535.0000000833459,-35082.48389265989,9302.910194568656,-25779.573698091233,276.7116818777094,25.9544067648197,1.0223596200146938
3075000,1537.5000000838552,-34554.63050876954,9297.54966418773,-25257.080844581804,280.0130122621223,26.239144473430166,1.0112653430700465
3080000,1540.0000000843645,-34856.28468686575,9303.262039204852,-25553.0226476609,282.36336214530905,26.136576370792866,1.0152338646556607
3085000,1542.5000000848738,-34804.471636542585,9449.430709470853,-25355.040927071732,288.7398009580263,26.489813506943566,1.001695894568398
3090000,1545.0000000853831,-34842.510422161315,9047.723058517668,-25794.78736364365,276.03798522739464,26.21131205398626,1.0123391527724925
3095000,1547.5000000858925,-35078.63263024273,9041.70946675514,-26036.923163487594,273.6582758582701,26.196436033915084,1.0129140240082581
3100000,1550.0000000864018,-35118.050336638,9146.846820139115,-25971.203516498885,275.10862200423963,26.003965892005127,1.020411176817684
3105000,1552.500000086911,-35019.97477969015,9648.334761328235,-25371.640018361915,292.11738310894305,26.214874543212783,1.012201580215378
3110000,1555.0000000874204,-34841.823419220746,9242.840478814538,-25598.982940406207,277.6026052873645,26.31677542519336,1.008282246174653
3115000,1557.5000000879297,-34786.666440815665,9185.33626551075,-25601.330175304916,279.11171579106787,26.06877630930429,1.0178743000037662
3120000,1560.000000088439,-34830.47247957392,8834.536210836417,-25995.9362687375,270.5827693309416,26.029770171675317,1.0193996052512995
3125000,1562.5000000889484,-35308.909980868455,9035.571355500286,-26273.338625368167,269.7907981371751,26.006723381197503,1.0203029827652996
3130000,1565.0000000894577,-35331.1702303777,9354.509121645558,-25976.66110873214,282.58982199907155,26.217795193107243,1.0120888214415509
3135000,1567.500000089967,-34963.75334111927,9100.187293293237,-25863.566047826032,270.6682389768086,26.10269257789048,1.01655173536631
3140000,1570.0000000904763,-34911.04862252739,9127.604957947147,-25783.443664580245,274.93489984504527,26.505857396987647,1.001089572028087
3145000,1572.5000000909856,-34947.91772054066,9256.490095641453,-25691.427624899206,281.9735422740242,26.231699107457352,1.0115523713919228
3150000,1575.000000091495,-34893.023391111055,9238.609864099153,-25654.4135270119,280.2035260915826,26.319887940874604,1.0081630095612835
3155000,1577.5000000920043,-35092.68052035291,9033.32476783522,-26059.355752517688,274.79059950781357,26.24038694167076,1.0112174601987165
3160000,1580.0000000925136,-34834.28093015263,9155.551688267504,-25678.729241885125,280.29223052589174,26.086484554885306,1.0171833380599615
3165000,1582.500000093023,-34751.19733163109,9262.159936686787,-25489.037394944302,276.73992456092043,25.88920920631424,1.0249342583749599
3170000,1585.0000000935322,-35026.29586887499,9237.769079443871,-25788.526789431122,280.88856850823873,26.252501546801454,1.0107508189451302
3175000,1587.5000000940415,-35067.621807251824,9289.440601401073,-25778.18120585075,281.11067482806976,26.446325155645983,1.0033430838357142
3180000,1590.0000000945508,-34812.871320240665,8856.045492756071,-25956.825827484594,264.08726718198943,25.93968127513804,1.0229399951502165
3185000,1592.5000000950602,-34928.72008926002,9177.9678423662,-25750.752246893822,272.1749695102461,26.311830078349864,1.0084717542935724
3190000,1595.0000000955695,-34965.82462867419,9125.289697879552,-25840.534930794638,279.5782942399371,26.057701253076505,1.018306917409111
3195000,1597.5000000960788,-35181.74909617542,9343.319565754955,-25838.429530420468,283.897137827485,26.128456522082377,1.0155493653198429
3200000,1600.000000096588,-34822.767995559145,8902.779409952684,-25919.98858560646,268.31993533499474,26.275315432814388,1.0098732213372212
3205000,1602.5000000970974,-35016.2504513585,9139.589754618235,-25876.660696740266,279.97639969672554,26.47480403708332,1.002263790153861
3210000,1605.0000000976067,-34640.526861128164,9304.459160601407,-25336.067700526757,285.91147109465334,26.37880268053649,1.0059113659986711
3215000,1607.500000098116,-34795.505409623496,9359.09463534732,-25436.410774276177,277.6542747302929,26.782572115520416,0.9907464198485653
3220000,1610.0000000986254,-34773.390105248196,8740.813429405542,-26032.576675842654,258.03508310233366,26.437341811065902,1.0036840173803403
3225000,1612.5000000991347,-35137.86086552916,9484.213620368375,-25653.647245160784,291.75799119221335,25.68744944181323,1.0329845124520403
3230000,1615.000000099644,-34745.42153228354,9315.4684532879,-25429.953078995637,284.3999602576659,26.254115316714543,1.010688690808586
3235000,1617.5000001001533,-34452.43490004772,9240.069624194159,-25212.365275853565,276.2011909550316,25.971589241149307,1.0216832397667184
3240000,1620.0000001006626,-34666.999204410706,9245.696636999623,-25421.302567411083,279.73415437612374,26.234456400135894,1.0114460552592361
3245000,1622.500000101172,-34395.08008564892,9196.284147980983,-25198.79593766794,280.38839514424484,26.71635628930324,0.993201960269257
3250000,1625.0000001016813,-35012.654740809,9245.350207667709,-25767.304533141287,278.25009346563263,26.375846695639495,1.0060241001542765
3255000,1627.5000001021906,-34591.8825127671,8965.652513476123,-25626.229999290976,272.6956974132294,26.16050368757485,1.014305296055548
3260000,1630.0000001027,-34818.52818097407,9092.853423925115,-25725.674757048953,269.9794837599626,26.08458756834303,1.0172573121298323
3265000,1632.5000001032092,-34614.3293301207,8905.727675809088,-25708.601654311613,267.27627678630085,26.400317318039434,1.0050916100033611
3270000,1635.0000001037185,-34522.44700264884,9291.877925346804,-25230.56907730204,280.4874848494817,26.496118905502755,1.0014575165677224
3275000,1637.5000001042279,-35218.422258570325,9370.749390334331,-25847.672868235994,286.84497956111386,26.485551376445592,1.0018570903298625
3280000,1640.0000001047372,-34484.06130891526,9186.778655325088,-25297.282653590173,281.31624989048083,26.361807930632796,1.0065598500531567
3285000,1642.5000001052465,-34875.59304990014,9186.223948586357,-25689.369101313783,277.842101719364,26.08059930555081,1.01741287180239
3290000,1645.0000001057558,-35185.46833336586,8884.201373419279,-26301.26695994658,271.92726774800917,26.301445106640703,1.0088699434651316
3295000,1647.5000001062651,-35060.13373647956,9207.02921235387,-25853.104524125694,280.97262915484674,26.208555232161018,1.012445638561052
3300000,1650.0000001067745,-34751.36597672035,9382.799364067214,-25368.566612653136,283.46464670897495,26.2106932536562,1.0123630527813858
3305000,1652.5000001072838,-34925.96252835682,9259.733024423771,-25666.229503933046,274.7279349687289,26.38533043707289,1.0056625025436503
3310000,1655.000000107793,-34596.258735578274,9220.35390108489,-25375.904834493384,282.46204439906484,26.413097137576315,1.0046053024216723
3315000,1657.5000001083024,-34935.144543684786,9107.199979290643,-25827.944564394144,278.980829053626,26.142080214657135,1.015020121578182
3320000,1660.0000001088117,-34896.87944949139,9048.099158454195,-25848.780291037194,269.94931725673456,26.087318688989775,1.0171508139311736
3325000,1662.500000109321,-34759.82916727476,9062.780568079288,-25697.04859919547,273.05358879105466,25.843152561891028,1.0267608556750412
3330000,1665.0000001098304,-34958.24188473541,8990.543440938192,-25967.69844379722,273.2886498948261,26.434439633963766,1.0037942095695207
3335000,1667.5000001103397,-34690.75544124888,9372.001333014387,-25318.754108234498,283.38802296906726,25.827879563737852,1.0273680180483125
3340000,1670.000000110849,-34946.02395507507,9170.390708620544,-25775.633246454527,277.6433367657176,26.541419521789287,0.9997482393887814
3345000,1672.5000001113583,-34756.72755621094,9244.630201423599,-25512.097354787344,282.97249028513414,26.02463652483204,1.0196006930766968
3350000,1675.0000001118676,-35449.043904381106,9299.936338521387,-26149.10756585972,270.56195159475715,26.04550511235385,1.0187837526407566
3355000,1677.500000112377,-35000.33846583357,8874.292487844474,-26126.045977989095,270.3589135559228,26.265334388581206,1.0102569815111049
3360000,1680.0000001128863,-34935.06853598473,9196.800975436632,-25738.267560548094,276.03630345841725,26.073298035808982,1.017697776527739
3365000,1682.5000001133956,-34831.74485092284,9095.242254556313,-25736.50259636653,270.46616565578023,26.048589089918146,1.0186631355038682
3370000,1685.000000113905,-34783.245938885026,9202.787449736978,-25580.458489148048,281.77172251436923,26.14924639762399,1.0147419560128854
3375000,1687.5000001144142,-34387.78443925618,9240.416314703562,-25147.36812455262,279.7884994450596,26.308727796091933,1.0085906716374748
3380000,1690.0000001149235,-34585.40864261659,9122.844414669249,-25462.56422794734,273.12329643065374,26.331700878082962,1.0077107271058932
3385000,1692.5000001154328,-35134.02502487553,9168.346785018786,-25965.678239856745,274.69099497290534,26.106724332953057,1.0163947456362632
3390000,1695.0000001159422,-35060.71160432161,9113.677276920545,-25947.034327401063,275.8463404127032,26.03239174491281,1.0192969473491895
3395000,1697.5000001164515,-34673.890196135035,9240.472627122635,-25433.4175690124,273.18083760487133,26.481157526434647,1.0020233221036405
3400000,1700.0000001169608,-34859.68718634988,9474.260005606464,-25385.42718074342,281.39532847690873,25.969242551378166,1.0217755633531056
3405000,1702.50000011747,-34789.261243934045,9100.046007963227,-25689.21523597082,277.6860617618071,26.205655967686535,1.012557650550977
3410000,1705.0000001179794,-34660.97196306661,9259.049950980645,-25401.92201208596,277.3331195321495,26.455173586202037,1.003007496863575
3415000,1707.5000001184887,-35281.10336692841,9194.133138131081,-26086.970228797327,276.27816051561706,26.350827651727304,1.006979279303529
3420000,1710.000000118998,-34774.95465774322,9150.029531042717,-25624.925126700502,277.87469796716715,26.085781528498337,1.017210751719248
3425000,1712.5000001195074,-34856.70170757244,9382.794580069745,-25473.907127502698,285.75383890119866,26.119791996055497,1.0158862460235147
3430000,1715.0000001200167,-34811.06125686318,9433.223039005588,-25377.83821785759,287.199448157805,26.595627243882273,0.9977105331814119
3435000,1717.500000120526,-34809.73419177905,9245.295508056188,-25564.43868372286,282.4890590435475,26.183285401789668,1.0134227630568537
3440000,1720.0000001210353,-34783.47773710382,8908.654621170368,-25874.823115933454,269.05749284135555,26.34720914389496,1.0071175771547083
3445000,1722.5000001215446,-34852.25671524834,8814.436314070012,-26037.820401178327,267.73872726512883,26.059688160424304,1.018229277128688
3450000,1725.000000122054,-34491.11935861991,9376.365789769607,-25114.7535688503,287.7887289446886,25.956054289075755,1.0222947271672054
3455000,1727.5000001225633,-34935.231447360944,9152.870321342718,-25782.361126018226,277.7188171765623,26.195862971996096,1.0129361825626448
3460000,1730.0000001230726,-34650.30457432242,9082.747037947498,-25567.557536374923,278.8158618394483,26.27073019780229,1.010049482370599
3465000,1732.500000123582,-34758.95880519715,9131.643624905955,-25627.315180291196,278.5544579666609,25.984849679181437,1.0211618602914987
3470000,1735.0000001240912,-35047.48941802117,9250.294893912527,-25797.194524108643,282.9366186534046,25.87350198639098,1.0255564728634217
3475000,1737.5000001246005,-34784.379849377554,9171.577513739481,-25612.802335638073,271.72190344890254,25.91904435000859,1.0237544671580097
3480000,1740.0000001251099,-34920.08199903276,9034.548027079763,-25885.533971952995,273.6047017530004,26.078589493856036,1.0174912812688468
3485000,1742.5000001256192,-35057.682183909,9292.891308562837,-25764.79087534616,277.9539139232626,26.299632826061224,1.0089394636526512
3490000,1745.0000001261285,-35024.41174228024,9075.274741760244,-25949.137000519993,270.8060337175507,26.24387337757295,1.0110831223741341
3495000,1747.5000001266378,-34559.54938953859,9255.301099013679,-25304.24829052491,278.32597879402203,26.583117406410423,0.9981800490934561
3500000,1750.0000001271471,-34824.203030771576,9188.890065390731,-25635.312965380843,281.0052685748378,26.33341934844423,1.0076449657630782
3505000,1752.5000001276564,-35031.627076167846,9155.390911058847,-25876.236165109,279.15399766653735,25.88912887142999,1.0249374387822814
3510000,1755.0000001281658,-34592.69019713951,9529.48858096149,-25063.201616178023,290.01559437890745,26.145251069893444,1.014897021522311
3515000,1757.500000128675,-34611.91499638301,9436.077265773773,-25175.83773060924,284.35555116078683,26.496432322129003,1.0014456706923096
3520000,1760.0000001291844,-34825.99463828793,9338.597298567372,-25487.397339720555,282.6133620173348,26.89599847348432,0.9865682236689373
3525000,1762.5000001296937,-34951.44128320296,9014.18336757449,-25937.257915628474,270.18344702981807,26.001207260694656,1.0205194386454408
3530000,1765.000000130203,-35242.21260296996,9073.600616956144,-26168.611986013813,268.13379126999047,26.215770783573607,1.0121669760102616
3535000,1767.5000001307124,-35203.30605037091,9275.03871683875,-25928.267333532163,277.83553016551747,26.13685780144773,1.0152229330458424
3540000,1770.0000001312217,-34957.040489866864,9062.687991274848,-25894.352498592016,276.78071925320415,25.782457713447602,1.0291779679308033
3545000,1772.500000131731,-34877.98022035463,9047.512954966236,-25830.46726538839,269.9193754707978,26.284816495995166,1.0095081866685576
3550000,1775.0000001322403,-35076.44483588729,9289.423395008187,-25787.021440879103,280.86503862047584,25.79196119363437,1.02879875006701
3555000,1777.5000001327496,-34598.644363939995,9234.083208100503,-25364.561155839492,278.10332778513305,25.91579651596039,1.0238827666919788
3560000,1780.000000133259,-34843.68409101432,9370.233134194217,-25473.450956820103,283.1182503669324,26.21639852483766,1.012142740073493
3565000,1782.5000001337683,-34646.470180476084,9250.965209337262,-25395.50497113882,280.64435650015656,26.195513049960205,1.012949713455915
3570000,1785.0000001342776,-34294.95300578559,9008.931411575726,-25286.021594209862,272.22599135218724,25.852802014052866,1.026377621403062
3575000,1787.500000134787,-34447.47219601739,9349.06409885768,-25098.408097159714,284.796842060525,26.15995654849335,1.014326510390022
3580000,1790.0000001352962,-35125.04961056798,8977.175090468194,-26147.874520099784,278.32326958442536,25.90979728414213,1.0241198395646356
3585000,1792.5000001358055,-34783.28016440547,8947.555944802927,-25835.724219602544,271.89758537764976,26.1091552929115,1.0163001115931127
3590000,1795.0000001363148,-34865.38080897927,9206.539220103994,-25658.84158887528,276.3861638218433,26.780481381914566,0.9908237667343555
3595000,1797.5000001368242,-34843.33455898822,9298.437625288263,-25544.896933699958,284.85186659824365,26.005679006958353,1.0203439575904922
3600000,1800.0000001373335,-34788.75538966083,9286.551494360401,-25502.20389530043,283.62444316491343,26.22272967687806,1.0118983707933702
3605000,1802.5000001378428,-34522.891694687074,9198.533475052081,-25324.358219634993,280.3232413796746,26.172123388932146,1.0138549724631463
3610000,1805.000000138352,-34666.013589093694,9328.15401060046,-25337.859578493233,283.5444069670087,25.813665002938443,1.027933748840676
3615000,1807.5000001388614,-34797.165009212214,9196.539295748935,-25600.62571346328,281.11867176194914,26.17085204398739,1.0139042241799718
3620000,1810.0000001393707,-34895.33248943905,9007.254107859182,-25888.07838157987,272.17283222148274,26.37433732555725,1.0060816736455096
3625000,1812.50000013988,-34699.0204643351,9055.061507680595,-25643.958956654507,273.99886242461554,26.449114755531912,1.0032372607948268
3630000,1815.0000001403894,-34729.60766994511,9230.870765998907,-25498.7369039462,281.7752247063709,25.70059749172546,1.0324560526785795
3635000,1817.5000001408987,-34809.350382773904,9242.499376508797,-25566.851006265108,278.89941475616297,26.228473843317577,1.0116767600089824
3640000,1820.000000141408,-34687.86092608143,9236.274169633183,-25451.586756448243,280.1073263717544,25.89972059116245,1.024518289469196
3645000,1822.5000001419173,-34958.7833552307,9326.176525988134,-25632.606829242563,281.1849302730031,26.17672217484112,1.0136768561226066
3650000,1825.0000001424266,-34993.5393285444,9193.745937383128,-25799.79339116127,278.1921007416448,26.153189364569418,1.014588969165472
3655000,1827.500000142936,-34920.610266959295,9003.328055760923,-25917.28221119837,273.8919350160143,26.17831090591401,1.0136153372597214
3660000,1830.0000001434453,-34694.88201334118,9195.935635646112,-25498.946377695065,276.66005512710257,26.519111774149522,1.0005892227376023
3665000,1832.5000001439546,-34958.09575216123,9069.053563760233,-25889.042188400996,273.37302408597736,26.293744913293143,1.0091653937196632
3670000,1835.000000144464,-35287.51678747847,9193.95596380405,-26093.560823674416,280.5576076620075,26.341827953383326,1.0073233142645202
3675000,1837.5000001449732,-34669.65072418121,9204.600183800536,-25465.05054038067,276.70777437854383,26.451125410865004,1.0031610007371754
3680000,1840.0000001454825,-35217.64115763386,9150.92371204987,-26066.71744558399,278.2338270248379,26.094524710555532,1.0168699270101773
3685000,1842.5000001459919,-35307.94788022991,8931.48244137543,-26376.46543885448,273.32166955693907,26.180386963477332,1.0135349593879137
3690000,1845.0000001465012,-34907.70065867575,8880.742498829397,-26026.958159846352,275.1523209567928,26.000626905262422,1.0205422174808156
3695000,1847.5000001470105,-34832.6792160084,8995.346875327261,-25837.33234068114,272.37934043158316,26.119414915144496,1.0159009121755849
3700000,1850.0000001475198,-34999.99262550217,9077.88261975674,-25922.11000574543,275.75488537954453,26.44226667396266,1.0034970815840178
3705000,1852.5000001480291,-35005.913446200546,9029.829974753,-25976.083471447546,272.6653227893121,26.244844522979182,1.0110457089793337
3710000,1855.0000001485384,-35080.96526431013,9239.181473794342,-25841.783790515787,281.55114046202135,26.554513954636672,0.9992552483964652
3715000,1857.5000001490478,-34644.81984715257,9300.853361835183,-25343.966485317385,276.3733530108357,26.528584230816918,1.0002319463005418
3720000,1860.000000149557,-34918.35309111257,9246.742518718882,-25671.61057239369,279.59965872656954,26.17421886476685,1.0137738044785098
3725000,1862.5000001500664,-35239.48443810502,9225.187800088665,-26014.296638016356,279.3563259366859,26.064212194676337,1.018052540379779
3730000,1865.0000001505757,-34608.37022685725,9045.384465177376,-25562.985761679876,273.4605199976361,26.171002738829486,1.0138983860338953
3735000,1867.500000151085,-34853.34007128747,9112.149786863583,-25741.190284423887,271.82829164466517,25.943735885764283,1.022780125215038
3740000,1870.0000001515943,-34787.64304658421,9127.038776086862,-25660.60427049735,276.7833037982901,26.143387166554987,1.0149693790150318
3745000,1872.5000001521037,-34750.246822628425,9151.70557386252,-25598.541248765905,274.76301497369525,26.053649541246653,1.0184652785698827
3750000,1875.000000152613,-34772.939411458094,9369.204866046672,-25403.734545411422,280.79458573049084,26.095113167306245,1.0168469961277047
3755000,1877.5000001531223,-34700.34300249163,8978.466341607662,-25721.87666088397,270.4705980234074,26.09519234573921,1.0168439107949485
3760000,1880.0000001536316,-34811.54895052966,9233.35888471478,-25578.190065814877,274.41079466412054,26.062378162681025,1.0181241816137567
3765000,1882.500000154141,-34414.67440717388,9283.567263198513,-25131.107143975365,280.11557677326755,26.151616912325753,1.014649974674474
3770000,1885.0000001546503,-34810.44135508174,8942.925036485856,-25867.516318595885,273.6713439034742,26.175361780263295,1.013729539272139
3775000,1887.5000001551596,-34979.89144986635,9537.464358607118,-25442.427091259233,292.5786246711999,26.60264875440368,0.997447197185409
3780000,1890.0000001556689,-35038.388537820894,8986.048277777947,-26052.340260042947,277.16491319329384,25.82309340394538,1.0275584347200541
3785000,1892.5000001561782,-34927.32310245815,8911.569769663745,-26015.753332794404,269.3949838687204,26.163124673030868,1.0142036843611446
3790000,1895.0000001566875,-34733.19091827562,9223.478334066513,-25509.712584209108,281.43022638708874,26.287628384157497,1.0094002033967924
3795000,1897.5000001571968,-34838.15465618833,9230.659838420142,-25607.494817768187,277.96505594955875,26.244952152775873,1.0110415627098541
3800000,1900.0000001577062,-35180.89416280575,9185.434707074359,-25995.45945573139,277.0538535318016,25.998887243982725,1.0206105049334047
3805000,1902.5000001582155,-34837.391600438394,9157.641950996735,-25679.74964944166,277.4844380138039,26.297996367802263,1.0090022474212317
3810000,1905.0000001587248,-34794.9434892186,9258.887200868312,-25536.056288350286,281.0978944359287,26.230487218535842,1.0115991066699297
3815000,1907.500000159234,-34916.2689375286,9308.019894000792,-25608.24904352781,281.90359231071733,26.077663401136515,1.0175274153063665
3820000,1910.0000001597434,-34920.302281222306,9375.7030271156,-25544.599254106706,278.9130106454531,25.88152002326615,1.0252387577674922
3825000,1912.5000001602527,-34753.18577902415,9225.08620988336,-25528.099569140788,280.0600230709543,26.05162543748443,1.0185444091180702
3830000,1915.000000160762,-34850.75852498901,9268.927936820262,-25581.83058816875,283.00586562240113,26.437511860560065,1.003677561554983
3835000,1917.5000001612714,-34564.6979004161,9429.980603952268,-25134.71729646383,286.2316849988628,26.569052758672598,0.9987084477118392
3840000,1920.0000001617807,-34866.14921864052,9376.212222241156,-25489.936996399367,284.0140449223588,26.118985186912465,1.0159176265042535
3845000,1922.50000016229,-35061.156805207254,9323.166533451047,-25737.990271756207,285.2140212827178,25.848636596467664,1.0265430185750672
3850000,1925.0000001627993,-34816.98884744337,9526.949443210779,-25290.03940423259,285.4289300367973,26.177287816511754,1.0136549524832992
3855000,1927.5000001633086,-34976.40819659084,9169.045576940649,-25807.362619650194,279.99938654077886,26.209936543818827,1.0123922808216657
3860000,1930.000000163818,-34659.39548819722,9061.885530328373,-25597.509957868846,272.1468379273832,26.467029500821866,1.0025581993235735
3865000,1932.5000001643273,-34844.72679795744,9166.647709432536,-25678.0790885249,277.13963724202875,26.062272783298226,1.018128298265392
3870000,1935.0000001648366,-34872.14975829632,9335.237696939328,-25536.91206135699,282.16812610470464,26.368287799427545,1.0063124932352996
3875000,1937.500000165346,-34920.59761505062,9020.260926746003,-25900.336688304615,274.52419630692947,26.363949777040926,1.0064780756370457
3880000,1940.0000001658552,-34357.89173895586,9210.212728420358,-25147.679010535503,275.45591286001735,26.44288998681528,1.0034734271109695
3885000,1942.5000001663645,-35009.230767634,9386.007229979643,-25623.223537654354,285.3302499526245,26.24753958782123,1.010941896058703
3890000,1945.0000001668739,-35300.06697485922,9156.626256247164,-26143.440718612055,271.83007754071616,26.111224288427657,1.016219582225714
3895000,1947.5000001673832,-35018.09392086952,9203.823757441804,-25814.27016342772,273.9981988260247,26.141428332630856,1.0150454328720082
3900000,1950.0000001678925,-34890.89149255841,9430.313483261893,-25460.578009296518,281.25210050221017,26.316080041843794,1.0083088893025252
3905000,1952.5000001684018,-34700.53370888601,9410.72196276285,-25289.81174612316,286.2369131843779,26.35862181723048,1.0066815185474631
3910000,1955.0000001689111,-34975.19391834969,9197.28042593075,-25777.913492418935,280.6551147640906,26.528590975398412,1.0002316920033618
3915000,1957.5000001694204,-35018.47901308909,8952.86448630518,-26065.61452678391,271.51153957353563,26.093123778579017,1.0169245224510601
3920000,1960.0000001699298,-34670.53148848307,9018.707114548924,-25651.82437393415,275.877086826669,26.29704534084931,1.0090387377691186
3925000,1962.500000170439,-34784.72488936805,9083.195070222915,-25701.529819145137,272.4210974667018,26.24494700016839,1.0110417612052185
3930000,1965.0000001709484,-34706.98858106672,9049.026676788646,-25657.961904278072,274.69611226668235,26.24860330413943,1.0109009279592152
3935000,1967.5000001714577,-34992.03965717368,9499.794043820635,-25492.245613353043,283.5697338750551,25.95190000173549,1.0224583724510887
3940000,1970.000000171967,-34998.22516465816,9123.839436644015,-25874.385728014142,277.5901087520972,26.375102987391006,1.006052467377025
3945000,1972.5000001724763,-35195.885477633914,9338.824382847482,-25857.061094786433,287.1632943294529,26.291346537143934,1.0092574528390958
3950000,1975.0000001729857,-34926.33225507615,9338.59292126106,-25587.73933381509,282.0410378968015,26.458887016697837,1.0028667275778518
3955000,1977.500000173495,-35461.675537078874,9176.838491121358,-26284.837045957516,279.4470320942203,25.961192168066322,1.0220924087772456
3960000,1980.0000001740043,-35323.36426266772,9027.590838386786,-26295.77342428093,269.61730083218004,26.500301892016104,1.0012994397540105
3965000,1982.5000001745136,-35116.72169578937,9220.328883912613,-25896.392811876758,280.52872121952504,26.058792489486784,1.0182642748505364
3970000,1985.000000175023,-34905.77467406751,8995.673914041923,-25910.100760025583,271.85881185709803,26.700286769744896,0.9937997170822667
3975000,1987.5000001755323,-35036.74626089563,9100.38647064869,-25936.359790246937,279.7720121265019,26.160787251716428,1.0142943017147508
3980000,1990.0000001760416,-35058.33320043539,9131.134032373979,-25927.19916806141,273.27331082941765,26.013839038134478,1.0200238956998924
3985000,1992.5000001765509,-34823.182723229984,9103.468326129081,-25719.714397100903,272.3758098354474,25.971522788329963,1.0216858539273246
3990000,1995.0000001770602,-34815.08895761683,9233.878091628547,-25581.21086598828,280.9346156812331,26.381602109502087,1.0058046258013507
3995000,1997.5000001775695,-35014.39378249645,9266.161333956632,-25748.23244853982,280.7360851465991,26.1243567917533,1.0157087368430107
4000000,2000.0000001780788,-35126.57688499568,9245.902816618684,-25880.674068376997,280.6929014634766,26.32755974798372,1.0078692325375889
4005000,2002.5000001785882,-35077.52521592961,9287.362043720223,-25790.163172209384,275.0475928364881,26.187229128637416,1.0132701442922203
4010000,2005.0000001790975,-34779.697307521245,9042.298941085546,-25737.3983664357,274.86898200231906,26.29125097074926,1.0092611214015454
4015000,2007.5000001796068,-35084.94567436073,9160.925391859215,-25924.020282501515,270.3678367032708,26.246135726747255,1.0109959696179769
4020000,2010.000000180116,-34583.43080606614,8916.946982409601,-25666.48382365654,273.5366421955955,26.241407724706598,1.0111781241371856
4025000,2012.5000001806254,-34564.04054079275,9124.494357813692,-25439.546182979055,280.2570527116997,26.475346252633468,1.0022432637740666
4030000,2015.0000001811347,-34622.16628459911,9284.378391114693,-25337.787893484416,277.5935392838517,26.281667596231394,1.0096291394231303
4035000,2017.500000181644,-34809.972566220444,9100.392771019833,-25709.57979520061,273.10204403673504,26.449307534610046,1.0032299485748741
4040000,2020.0000001821534,-35022.20569932554,9450.116731087255,-25572.088968238284,287.0981772745168,26.12499289748635,1.0156840058065983
4045000,2022.5000001826627,-34778.274518007645,9123.351935230408,-25654.92258277724,275.0223135556323,26.30554400451873,1.0087127425773734
4050000,2025.000000183172,-34425.05782415555,9128.187156921831,-25296.870667233718,271.97428810582295,26.325058047738093,1.0079650114985326
4055000,2027.5000001836813,-34809.9775506251,9184.25652289089,-25625.721027734213,280.30391444857554,26.007754985940828,1.02026251216731
4060000,2030.0000001841906,-34948.11863069376,9203.061609044442,-25745.057021649318,273.910802178195,26.191706529417242,1.01309692852527
4065000,2032.5000001847,-34886.54956389917,8964.396024294136,-25922.153539605035,274.16499196266506,26.18094362913552,1.013513409358501
4070000,2035.0000001852093,-34741.882365423255,9008.97877237652,-25732.903593046736,270.75892229083786,26.128031978643616,1.015565866555762
4075000,2037.5000001857186,-35005.416782896034,9176.350777183201,-25829.066005712833,281.57727723870266,26.1665082339375,1.0140725388560932
4080000,2040.000000186228,-34783.52688528621,9320.364862759972,-25463.162022526234,284.07842778288057,26.320314331514748,1.0081466772612355
4085000,2042.5000001867372,-34877.64550073678,9263.515307030215,-25614.130193706562,284.3595566215801,26.36206152511204,1.006550167273957
4090000,2045.0000001872465,-34738.89280430041,9239.324434936643,-25499.56836936377,280.15893276057346,26.298845829222294,1.0089696563148585
4095000,2047.5000001877559,-34917.325647226535,9566.688133394502,-25350.637513832033,286.82792178065057,26.253826402820632,1.010699813073231
4100000,2050.000000188265,-34888.457135066856,9269.41271375976,-25619.044421307095,277.46542289921894,26.10238188177714,1.016563835360656
4105000,2052.5000001887743,-34390.19581577415,9022.79305250215,-25367.402763271995,276.22871479743753,26.544041459764298,0.9996494873627089
4110000,2055.0000001892836,-34848.89076547208,9075.438158209181,-25773.4526072629,269.4467786434385,26.185549810774436,1.0133351267984358
4115000,2057.500000189793,-35313.08923278074,9168.774083599968,-26144.31514918077,272.97855459329605,26.08296161319489,1.0173207257401489
4120000,2060.000000190302,-34576.00856637303,9404.63240862363,-25171.376157749397,284.91600600733096,26.172954046641355,1.0138227954896417
4125000,2062.5000001908115,-35084.400514342124,8949.93285743778,-26134.467656904344,267.01990017309964,25.702140109589084,1.0323940856539084
4130000,2065.000000191321,-35057.48622112605,9239.479096975638,-25818.007124150412,277.08969569170944,26.04064909815675,1.0189737336334712
4135000,2067.50000019183,-34932.2171279029,8984.113931744323,-25948.103196158576,266.1924733318344,26.156389800462588,1.0144648263851224
4140000,2070.0000001923395,-35094.76850660029,9226.26760181621,-25868.50090478408,273.84134982518356,26.214607286563794,1.0122118995613623
4145000,2072.500000192849,-35087.554833312286,9478.83986291171,-25608.71497040058,284.0625116052208,26.160628160847157,1.014300469952041
4150000,2075.000000193358,-35039.34110894031,9366.558709971607,-25672.782398968702,274.84548967950644,25.809320110868434,1.0281067972268652
4155000,2077.5000001938674,-35083.98298349371,9262.880840972037,-25821.102142521675,275.5171629756008,26.080349147984577,1.0174226306260323
4160000,2080.0000001943768,-35129.1187512232,9393.912220730432,-25735.206530492767,282.3578537851241,26.1020037666231,1.0165785613638638
4165000,2082.500000194886,-34749.81478824583,9127.548288862243,-25622.266499383586,271.03536152702753,26.269972579575803,1.0100786118984346
4170000,2085.0000001953954,-34972.30436294037,9311.584594297332,-25660.719768643037,280.8741474889374,25.77818845514553,1.0293484153845314
4175000,2087.5000001959047,-34919.98300130153,8938.730016402958,-25981.252984898572,271.437160468376,26.080390401909778,1.0174210212683326
4180000,2090.000000196414,-34819.31433852529,9095.982015193986,-25723.332323331306,273.96724582327784,26.50464715272074,1.001135283367243
4185000,2092.5000001969233,-34957.993288969155,9551.118924245355,-25406.8743647238,284.80378731266876,26.201859905243666,1.0127043474680049
4190000,2095.0000001974327,-34667.7938150398,9216.562494367767,-25451.23132067203,277.2675248864461,26.361420960667317,1.0065746257525021
4195000,2097.500000197942,-34779.14164673281,9425.6831720101,-25353.45847472271,283.91781777924365,26.321053997966214,1.0081183466223718
4200000,2100.0000001984513,-34775.45134741254,9272.901669844567,-25502.549677567975,276.79232361199433,26.555652765346338,0.9992123964060201
4205000,2102.5000001989606,-35028.148913834244,8932.141385657074,-26096.00752817717,274.7408090046912,26.315935979432936,1.0083144091293557
4210000,2105.00000019947,-34925.64927226235,9330.383723772411,-25595.26554848994,284.8317531280258,26.202511640669282,1.0126791584591048
4215000,2107.5000001999792,-34999.55694515747,9144.80934490034,-25854.747600257127,273.1203859805749,26.4649849187708,1.002635653080142
4220000,2110.0000002004886,-34508.33244788181,8919.083176110926,-25589.249271770885,266.3145905315046,25.99162840335023,1.0208955370556019
4225000,2112.500000200998,-35066.0402284835,9153.712988274005,-25912.327240209495,279.03976884989623,25.876504040237965,1.0254374932767714
4230000,2115.000000201507,-35229.71052281931,9228.390054654486,-26001.320468164824,281.38735589746557,25.92254244459189,1.0236163175160968
4235000,2117.5000002020165,-34739.82431133557,8899.493200443967,-25840.331110891602,265.34886773307755,26.326669908965403,1.007903298424827
4240000,2120.000000202526,-35012.25034260913,8877.874776410743,-26134.375566198385,267.20835555251614,26.560107473254625,0.999044806746648
4245000,2122.500000203035,-34953.8819206974,8814.902521238848,-26138.979399458553,267.94868738872754,26.25414316923213,1.010687618588314
4250000,2125.0000002035445,-34885.561554892454,9365.557217112084,-25520.00433778037,283.15477315223694,26.172049802274824,1.0138578230690025
4255000,2127.500000204054,-34565.38791402383,9296.73567060788,-25268.65224341595,280.8205622156876,26.52002533550232,1.000554754458166
4260000,2130.000000204563,-34606.1780066262,9145.884943240279,-25460.29306338592,275.6185284267534,26.047072993105804,1.0187224278448155
4265000,2132.5000002050724,-34857.215230002534,8930.44874175461,-25926.766488247922,269.3712510476053,26.053199295246618,1.0184828794761152
4270000,2135.0000002055817,-35050.36536398111,9114.965923351741,-25935.399440629368,272.6860806306012,26.146143591328137,1.0148623771265683
4275000,2137.500000206091,-35036.699631502386,9107.022571616337,-25929.67705988605,274.4700155192831,26.1137715687915,1.0161204545994982
4280000,2140.0000002066004,-34972.59606991452,9120.30050103721,-25852.29556887731,278.1860809028843,26.316063838576422,1.0083095101361965
4285000,2142.5000002071097,-34848.885260636685,9078.16832779273,-25770.716932843956,270.00117145217763,26.532752493385647,1.0000748111000815
4290000,2145.000000207619,-34843.639189459616,9113.697799506625,-25729.94138995299,273.7692340987121,26.276100818061714,1.009843036511276
4295000,2147.5000002081283,-34822.81181282736,9597.87966344487,-25224.932149382494,287.0961387152357,26.363747014611373,1.0064858164160704
4300000,2150.0000002086376,-35125.307884339476,9291.606829964563,-25833.701054374913,276.1847770928621,26.361602996493115,1.0065676750126988
4305000,2152.500000209147,-35244.71848821314,9222.114986228156,-26022.603501984984,280.55985387116846,26.14074120537219,1.0150721140353398
4310000,2155.0000002096563,-35377.18831203389,9242.354004389133,-26134.834307644756,280.7231740774748,26.18342749880932,1.0134172632286023
4315000,2157.5000002101656,-35273.60572334891,8947.644559994093,-26325.96116335482,267.2306081869669,26.24437986031473,1.0110636097716372
4320000,2160.000000210675,-35112.592912717955,9312.264284613459,-25800.328628104497,274.13249308158026,26.041334068414898,1.018946931369826
4325000,2162.500000211184,-34776.926995306974,9310.416048964376,-25466.510946342598,271.6609436457967,25.974893114420723,1.0215532868951955
4330000,2165.0000002116935,-34876.42868727958,9162.15902662215,-25714.269660657428,278.42864730224164,25.878088854111866,1.0253746939110484
4335000,2167.500000212203,-34932.88891598233,9095.721959773358,-25837.166956208974,278.3659855817779,25.958558754844713,1.022196096801238
4340000,2170.000000212712,-34689.186658664374,9185.92527219676,-25503.261386467613,281.66461127660324,26.00724972138008,1.020282333659224
4345000,2172.5000002132215,-34692.98000816093,9260.678342973228,-25432.3016651877,277.7369687537847,26.44515511811067,1.0033874756747352
4350000,2175.000000213731,-35219.42274238472,9140.944809630655,-26078.477932754064,274.6700860287525,26.074092868047778,1.0176667534349615
4355000,2177.50000021424,-34958.081413302105,8865.83655788752,-26092.244855414585,268.11595555711824,25.838916663521076,1.026929177539751
4360000,2180.0000002147494,-34908.10276659229,9211.782677881747,-25696.32008871054,280.28351670160976,26.03187251266386,1.019317278266455
4365000,2182.5000002152588,-34764.445336769335,9277.09356203083,-25487.351774738505,279.19983722689864,26.463491087228245,1.0026922506303035
4370000,2185.000000215768,-34627.9931480214,9105.01284033322,-25522.98030768818,275.007251830494,26.22186105379657,1.0119318908505162
4375000,2187.5000002162774,-34923.11454639118,9099.278623910626,-25823.835922480554,273.76372287734335,26.155475892851182,1.0145002731546684
4380000,2190.0000002167867,-34973.23328271997,9173.702220850955,-25799.531061869016,281.36443288976534,26.02334929848374,1.0196511268952582
4385000,2192.500000217296,-34873.59085511137,9007.07332553295,-25866.517529578417,270.5977971851959,26.41760252540282,1.0044339720938875
4390000,2195.0000002178053,-34809.65072046034,9205.281000218169,-25604.36972024217,283.33836003999176,26.274653095326425,1.0098986784532544
4395000,2197.5000002183147,-35123.70843434357,9319.576747747871,-25804.131686595698,283.65611766279505,26.139810526578685,1.0151082545455954
4400000,2200.000000218824,-34887.5681925565,9390.7847048173,-25496.7834877392,283.4490868951779,25.923053442624468,1.02359613988056
4405000,2202.5000002193333,-34834.713200445054,8989.733178610342,-25844.98002183471,271.05210334248255,26.053571401581145,1.0184683331428996
4410000,2205.0000002198426,-35141.946146972245,8958.255235242897,-26183.690911729347,270.38066560004614,26.26627323985385,1.0102208712854888
4415000,2207.500000220352,-34924.27390225278,9085.698699933051,-25838.57520231973,274.80214085849417,26.351909131350055,1.006937952978151
4420000,2210.0000002208612,-34740.234546464635,9336.579973154345,-25403.65457331029,281.1765175092624,26.6266395204729,0.9965484911224202
4425000,2212.5000002213706,-35114.62462063553,9291.052804347373,-25823.571816288153,284.3195514194977,26.238129949409476,1.0113044446746124
4430000,2215.00000022188,-35115.86234339583,9063.029093765344,-26052.833249630483,280.4908767315487,25.96826378996295,1.0218140747647468
4435000,2217.500000222389,-34808.65568501828,9238.383975413017,-25570.271709605266,279.2859880734249,25.936597966070188,1.0230616009277762
4440000,2220.0000002228985,-34795.23678691243,9178.190121874912,-25617.046665037517,274.71412054216137,26.24295948492172,1.011118332634465
4445000,2222.500000223408,-34879.589669006644,9297.348553418542,-25582.241115588102,273.969317995197,25.847714220409355,1.026579650777632
4450000,2225.000000223917,-34942.54673321871,9315.918189978598,-25626.628543240113,281.28828823233596,26.142295979427303,1.0150117441356106
4455000,2227.5000002244265,-34969.223537128186,9392.928717680408,-25576.29481944778,288.0573655257393,26.517365549083937,1.0006551136715212
4460000,2230.000000224936,-35217.33266315004,8954.424677938396,-26262.90798521164,272.6776515989341,25.992757568669738,1.0208511877851467
4465000,2232.500000225445,-34750.10401427839,9296.02378029261,-25454.08023398578,282.30853366585677,26.1762250894245,1.013696105803591
4470000,2235.0000002259544,-34877.021545090945,9281.620558942155,-25595.40098614879,278.2063933237069,26.258007406218194,1.0105388816176561
4475000,2237.5000002264637,-34888.08620493277,9115.86630288827,-25772.2199020445,279.12785664194536,25.78505954327825,1.0290741191910509
4480000,2240.000000226973,-34872.68190028588,9189.973461073561,-25682.70843921232,275.521066023704,26.181404080268187,1.0134955847454328
4485000,2242.5000002274824,-34793.00293910247,9051.416546826955,-25741.586392275516,275.998848350477,26.110576475731225,1.0162447949952729
4490000,2245.0000002279917,-34815.7168249276,9272.988075810379,-25542.72874911722,284.2988191269844,26.284663097861287,1.009514078190598
4495000,2247.500000228501,-34848.7158825174,9403.190183665316,-25445.52569885208,281.44348010469804,26.216722995138845,1.0121302133263563
4500000,2250.0000002290103,-34954.79709644895,9298.488976829249,-25656.3081196197,279.5056176999981,26.40296111492737,1.0049909675769662
4505000,2252.5000002295196,-35126.26269955048,9159.899165876981,-25966.363533673502,277.2184116648539,26.558340600671432,0.9991112711732085
4510000,2255.000000230029,-35022.61928297533,9066.204600323195,-25956.414682652132,272.9255155065184,26.372143114463643,1.0061653815019322
4515000,2257.5000002305383,-35085.50978185376,9058.8983563728,-26026.61142548096,273.0270594048552,25.909801767117624,1.0241196623689863
4520000,2260.0000002310476,-34982.92352028028,9210.304505526194,-25772.619014754087,281.5610440084464,25.917511442660658,1.0238150177532575
4525000,2262.500000231557,-34890.697656317614,9148.40439476191,-25742.293261555704,271.68987134256275,26.061576043966472,1.018155517265079
4530000,2265.000000232066,-34918.14395960886,9232.469383576625,-25685.674576032237,278.60721343924064,26.155344466788858,1.0145053708423053
4535000,2267.5000002325755,-34763.869648766704,8711.27882756324,-26052.590821203463,261.60925828792574,26.424021239833205,1.0041899829306737
4540000,2270.000000233085,-35105.31918706116,9171.689030024083,-25933.630157037078,278.7402783612181,26.18826895263353,1.0132299116746126
4545000,2272.500000233594,-34741.092990562785,8924.281227470816,-25816.81176309197,265.08071194531715,26.617928821643122,0.9968746109281196
4550000,2275.0000002341035,-34541.868872971274,9376.526745344807,-25165.342127626467,278.5304034408899,26.539222194639276,0.9998310140056662
4555000,2277.500000234613,-34634.0272649955,9444.532861930218,-25189.494403065284,281.78238828489344,26.196928528098635,1.012894981536744
4560000,2280.000000235122,-35182.5824819312,9179.888102943974,-26002.694378987224,276.54766721187167,26.130903123550354,1.0154542807926743
4565000,2282.5000002356314,-34783.1669543141,9332.487979859523,-25450.678974454582,284.6009858945913,26.165421484777042,1.014114657133488
4570000,2285.0000002361407,-34654.138636262855,9297.785336161487,-25356.353300101367,283.8493993015914,26.581009843785477,0.9982591930754494
4575000,2287.50000023665,-34573.06209479924,9066.574014051428,-25506.488080747815,277.7971343843561,26.626322447157655,0.9965603582863707
4580000,2290.0000002371594,-34676.88184354175,9114.590953299428,-25562.290890242322,280.57758865940536,26.010310010303094,1.0201622905408294
4585000,2292.5000002376687,-34801.002106215805,9323.993365730335,-25477.00874048547,282.80476849393057,25.904788189025865,1.0243178691199981
4590000,2295.000000238178,-35076.20785047137,9020.573724625556,-26055.634125845816,265.12714253556265,26.104389484797956,1.016485654768541
4595000,2297.5000002386873,-34484.249102837406,9054.230654803669,-25430.018448033738,271.36115729177834,26.473828431580515,1.0023007252753324
4600000,2300.0000002391967,-35022.09530967614,9143.960792049036,-25878.1345176271,279.6035108618004,25.994711713924296,1.0207744455798025
4605000,2302.500000239706,-34936.172442108626,9387.629752464658,-25548.542689643968,279.1120641148868,26.477835035024395,1.002149057983336
4610000,2305.0000002402153,-34910.538073976524,9237.66226596561,-25672.875808010915,282.2114347600399,26.185794382345016,1.013325662393428
4615000,2307.5000002407246,-34568.08401717036,9237.469145537818,-25330.61487163254,272.2234340371988,25.901943258897415,1.0244303746852308
4620000,2310.000000241234,-34952.49741527275,9064.849142117915,-25887.64827315484,272.50329406563213,26.390748750696083,1.0054560288702679
4625000,2312.5000002417432,-34968.6107279025,9114.874971705238,-25853.735756197264,277.105405051401,26.334024778924057,1.0076217995748395
4630000,2315.0000002422526,-35120.87744736881,9258.719538575006,-25862.157908793804,281.89417094083456,26.292634865123002,1.009207999651112
4635000,2317.500000242762,-34794.50939328759,9143.532235259774,-25650.977158027817,279.2502832672443,26.35170975139653,1.006945571582187
4640000,2320.000000243271,-35077.942715278594,9216.78852123671,-25861.154194041883,279.08604605413564,26.156884606669767,1.0144456358928062
4645000,2322.5000002437805,-35354.01535499701,9258.612455738064,-26095.40289925895,283.19317336871023,26.175521040738733,1.01372337140835
4650000,2325.00000024429,-34877.009815827245,9258.308777855813,-25618.701037971434,278.49976793999235,26.501067541402925,1.0012705109457323
4655000,2327.500000244799,-35320.2078604335,9426.695659645004,-25893.512200788493,284.80433420762523,26.241233344616585,1.0111848436891973
4660000,2330.0000002453085,-34758.810939696385,9157.111334572332,-25601.699605124053,276.6903397456807,26.080219643933933,1.0174276827442155
4665000,2332.500000245818,-35054.06931339204,8843.552580088692,-26210.516733303353,266.9992076792606,26.325322251318276,1.0079548954603625
4670000,2335.000000246327,-35134.49502126919,9379.145573356034,-25755.349447913155,289.27114924516115,26.018386371646375,1.0198456221983154
4675000,2337.5000002468364,-35028.98655469739,9269.295302498174,-25759.691252199213,278.5731103486621,26.29097351801887,1.0092717722910463
4680000,2340.0000002473457,-35371.38571095839,9441.741689841681,-25929.64402111671,284.6665026009512,26.28110861138277,1.0096506136843577
4685000,2342.500000247855,-35195.113015136216,9256.024799803348,-25939.088215332868,280.27755524247533,26.41147059565245,1.0046671707161852
4690000,2345.0000002483644,-34972.16155737545,9205.415758855714,-25766.74579851974,277.3198303001387,26.1394621728809,1.0151217826247803
4695000,2347.5000002488737,-34986.83851146442,9053.852953628728,-25932.98555783569,270.63148109666963,26.23348733063151,1.0114834182493382
4700000,2350.000000249383,-34971.48643709184,9048.291850230446,-25923.19458686139,273.7732147685789,26.194783533949575,1.0129779237685892
4705000,2352.5000002498923,-34918.12493313686,9160.214635555927,-25757.910297580933,279.6647689303043,26.204658830792884,1.012596180287114
4710000,2355.0000002504016,-35027.09975560708,9336.007550935996,-25691.092204671084,275.0647226443133,26.35372517008175,1.0068685647489266
4715000,2357.500000250911,-35352.806130371755,9249.369137471956,-26103.4369928998,284.5708077949472,26.162306689637028,1.0142353941710485
4720000,2360.0000002514203,-35031.898318839725,9046.3835248305,-25985.514794009225,277.0296486342678,26.23852540743384,1.0112892026420857
4725000,2362.5000002519296,-35065.35219407384,8963.75000262363,-26101.602191450213,274.1267345073535,25.966923655661027,1.0218668098561243
4730000,2365.000000252439,-35019.83527660696,9314.195167532036,-25705.64010907492,277.30960349400044,26.09410927061754,1.0168861164257668
4735000,2367.500000252948,-35180.007827524794,9340.513835307036,-25839.49399221776,285.6218502191884,26.02334374844855,1.0196513443576907
4740000,2370.0000002534575,-34846.56112317555,9164.461333957352,-25682.099789218195,281.0124455707811,25.866938401114297,1.0258167018577198
4745000,2372.500000253967,-34806.7181981788,9569.348379276575,-25237.369818902225,289.04070223735437,25.89634434828357,1.024651861317507
4750000,2375.000000254476,-34766.991203414975,9076.166080270988,-25690.825123143986,272.9782156487417,26.50022018153507,1.001302527149448
4755000,2377.5000002549855,-34850.5505523833,9314.505687375135,-25536.044865008163,277.6935146678374,26.10344506110824,1.0165224312603172
4760000,2380.000000255495,-34792.817629638594,9046.912735791282,-25745.904893847313,272.13184210143396,26.44007475703791,1.0035802728101122
4765000,2382.500000256004,-35008.34604893299,9294.476223406604,-25713.869825526384,282.58309287274886,26.25964028096123,1.0104760443739245
4770000,2385.0000002565134,-34803.731183580356,9280.211028198986,-25523.520155381368,280.3294210773903,26.50579060281464,1.0010920947579718
4775000,2387.5000002570227,-34912.043390151346,9260.23389894512,-25651.809491206226,282.18734471755295,26.490710791603906,1.0016619654538645
4780000,2390.000000257532,-34671.585374965565,9085.552582752938,-25586.032792212627,277.7760813225648,26.399539496491947,1.0051212234711098
4785000,2392.5000002580414,-34847.180623251246,8915.584103368312,-25931.596519882936,269.204395906422,26.39514365368364,1.0052886161915149
4790000,2395.0000002585507,-34514.349125718465,9194.113804231927,-25320.235321486536,282.25282421550725,26.53753296031456,0.999894657784095
4795000,2397.50000025906,-34726.3760768713,9008.860986646925,-25717.51509022437,271.8288204225063,26.157040589906654,1.0144395864120408
4800000,2400.0000002595693,-35084.64531901525,9143.927803433195,-25940.71751558206,277.5786977772729,26.093040179403847,1.016927780563212
4805000,2402.5000002600787,-34845.50767949782,9250.306103684155,-25595.20157581367,282.6139139564453,26.00262255200037,1.0204638930063061
4810000,2405.000000260588,-34646.61349022901,9179.108141014702,-25467.505349214305,280.9341018216666,26.486279706455253,1.0018295408743572
4815000,2407.5000002610973,-35018.97324395529,9402.202974082194,-25616.770269873094,283.76398948884065,25.7718831893554,1.0296002524467265
4820000,2410.0000002616066,-34743.260767480126,9229.082404495513,-25514.17836298461,281.99078487068783,26.09391967687139,1.0168935049381334
4825000,2412.500000262116,-34585.78178509814,9075.73077911462,-25510.051005983518,269.2475975607237,26.79856316537452,0.9901552286233191
4830000,2415.0000002626252,-34624.08270942373,9134.96079798829,-25489.121911435443,275.88378705852534,26.334001838367826,1.0076226773527286
4835000,2417.5000002631346,-34976.04356301646,9046.424060922276,-25929.61950209418,274.53460215088876,26.038415936486217,1.0190611250128387
4840000,2420.000000263644,-35042.62685876968,9281.170052544243,-25761.45680622544,276.9666700463529,26.467530471876636,1.0025392231429617
4845000,2422.500000264153,-34884.40800248948,9059.556988544266,-25824.851013945212,277.1133008694626,26.525426604485567,1.0003510154027355
4850000,2425.0000002646625,-34898.89034795808,9196.173480441515,-25702.71686751656,280.6801606299382,26.430404905922256,1.0039474435687603
4855000,2427.500000265172,-34706.24633665243,9293.192173287534,-25413.054163364897,281.0650226739934,25.979828928274646,1.021359205676266
4860000,2430.000000265681,-34754.26080476842,9260.739180501285,-25493.521624267134,279.3831789508078,26.17529084484433,1.0137322864939373
4865000,2432.5000002661905,-35111.57140509901,9116.551860934054,-25995.019544164952,283.7349248522693,26.423197957234162,1.0042212710488045
4870000,2435.0000002666998,-34854.34860268468,9142.31607674267,-25712.03252594201,276.8191241154598,26.328486631031755,1.0078337509347393
4875000,2437.500000267209,-34792.42546841642,9248.938076635859,-25543.48739178056,281.8089445997675,26.227644962276,1.0117087323682157
4880000,2440.0000002677184,-34780.33720493922,9331.499349611491,-25448.83785532773,278.30048632012756,26.327057528946234,1.0078884588075705
4885000,2442.5000002682277,-34824.321723456495,9270.594296121182,-25553.72742733531,273.4231468389181,25.98772573227867,1.0210488486427949
4890000,2445.000000268737,-34864.50775424251,9101.295965327978,-25763.211788914537,273.54076558115884,26.32763116028965,1.007866498745645
4895000,2447.5000002692464,-34994.13861337723,9293.28921431924,-25700.849399057992,284.6644027193652,26.127964516979294,1.0155684887180643
4900000,2450.0000002697557,-34560.42301829276,9183.37076106219,-25377.052257230567,277.6143903030299,26.422236534793512,1.0042578115159255
4905000,2452.500000270265,-34859.033235101495,9527.281256020364,-25331.75197908113,285.8364750289217,26.463854027198256,1.0026784991527222
4910000,2455.0000002707743,-34654.214225171134,9199.496781063928,-25454.717444107206,283.88245248295124,26.323160143251133,1.0080376859535607
4915000,2457.5000002712836,-34581.78389301617,9088.628755265885,-25493.155137750284,278.45971409346964,26.421340633899494,1.004291864120736
4920000,2460.000000271793,-34382.79575740639,9224.427695835893,-25158.368061570498,271.72501580916514,26.530845639918567,1.000146689552309
4925000,2462.5000002723023,-34640.03790915827,8928.76817852616,-25711.269730632113,268.2708312676889,26.413349143349173,1.0045957176342881
4930000,2465.0000002728116,-34717.17441520747,9275.163336365185,-25442.011078842283,277.85942937348375,25.820535436024507,1.0276602320479735
4935000,2467.500000273321,-35249.66533119534,9430.311663464672,-25819.35366773067,286.30528611414087,26.076184195972605,1.017585135860717
4940000,2470.00000027383,-35029.032781386515,9291.284610229253,-25737.748171157262,280.8346018642319,26.17367893131311,1.0137947174878348
4945000,2472.5000002743395,-34535.97369289934,8980.81617548655,-25555.157517412787,269.4712518266082,26.353346834023004,1.006883019637213
4950000,2475.000000274849,-34937.815482617356,9394.521472101784,-25543.294010515572,286.62739988153163,26.52375584144475,1.0004140287072754
4955000,2477.500000275358,-34901.82240157155,9248.919150885897,-25652.903250685657,275.28568911628014,26.13176537131291,1.0154207747065316
4960000,2480.0000002758675,-34904.891911020735,9162.596185123206,-25742.29572589753,277.6350198939142,26.235801722373395,1.0113941902205925
4965000,2482.500000276377,-35108.58077730262,9127.92376335657,-25980.657013946045,275.8333002697415,25.980399340087203,1.021336781257451
4970000,2485.000000276886,-35265.514734093565,9435.07916787147,-25830.435566222095,282.16775275227565,25.964764170165786,1.0219517983636066
4975000,2487.5000002773954,-35085.67149888887,9164.198527610959,-25921.47297127791,277.0491521595183,26.150443354392106,1.0146955092954941
4980000,2490.0000002779047,-34852.212340549566,9478.687424919615,-25373.52491562995,291.4979869213832,26.039968492941586,1.019000366493546
4985000,2492.500000278414,-34779.97053733352,9445.798238306052,-25334.172299027465,281.60488724604596,26.39117876194293,1.0054396462219397
4990000,2495.0000002789234,-34859.28423804697,9085.932918328923,-25773.351319718044,277.601235567597,26.39090569613372,1.0054500494719747
4995000,2497.5000002794327,-34943.49941980769,9299.594465978702,-25643.904953828987,279.1571302173317,26.355944166168186,1.0067837930787997
5000000,2500.000000279942,-34569.58292246307,9081.774062192802,-25487.80886027027,274.636308429287,26.472131889409976,1.0023649605796554
5005000,2502.5000002804513,-35310.346830455586,9284.719572879829,-26025.627257575758,281.4927984903294,26.311558490100932,1.008482163752136
5010000,2505.0000002809606,-34803.39175280463,9269.493278362193,-25533.898474442438,273.93986104456474,26.060744904213294,1.0181879886901444
5015000,2507.50000028147,-34728.535969209624,9547.310225444544,-25181.22574376508,291.2516888580091,26.161990344290313,1.014247658094519
5020000,2510.0000002819793,-34531.921018739,8980.719366918387,-25551.20165182061,271.57952127600333,25.99122898374557,1.0209112256439354
5025000,2512.5000002824886,-34546.74469982437,9186.533739103657,-25360.21096072071,273.66575233216156,26.019279653237838,1.0198106093412118
5030000,2515.000000282998,-34804.25390130258,9046.09737735027,-25758.15652395231,271.3913484875019,26.193909675156423,1.0130117178709943
5035000,2517.5000002835072,-34714.92399127828,9119.796453119667,-25595.127538158613,276.72798420031785,26.080228548407206,1.01742733536775
5040000,2520.0000002840166,-34831.49897540244,9042.293649846593,-25789.20532555585,271.58420193436467,26.12811111017924,1.0155627908153764
5045000,2522.500000284526,-35277.78908473463,9183.528201893847,-26094.260882840783,288.92578229804445,26.13915495253492,1.015133713617417
5050000,2525.000000285035,-35259.82739733718,9074.357856337077,-26185.469541000108,279.87482495018867,26.053941598225784,1.0184538618753498
5055000,2527.5000002855445,-34697.762554834364,9183.075118473173,-25514.687436361193,278.9706848436739,26.010438567994488,1.0201572483456132
5060000,2530.000000286054,-35041.29490566603,9218.972925205533,-25822.321980460496,281.20187368430555,26.11453445416254,1.0160907706152253
5065000,2532.500000286563,-34831.10457979911,9134.649586162008,-25696.454993637104,272.32398948248704,26.11493911287596,1.0160750259879001
5070000,2535.0000002870725,-34385.63209225633,9187.182652511408,-25198.449439744923,275.7543870067567,26.394291023903907,1.0053210906008716
5075000,2537.5000002875818,-34352.4976777914,9692.512347343792,-24659.985330447606,288.59968973973923,26.278259575714692,1.0097600779585192
5080000,2540.000000288091,-34734.17921387055,9152.71781240865,-25581.4614014619,278.743424712687,26.45873072052215,1.002872651680406
5085000,2542.5000002886004,-34786.542809833074,8987.957125781248,-25798.585684051825,271.4731705915779,26.111021004224504,1.016227493880642
5090000,2545.0000002891097,-34872.76927226712,9158.605989704254,-25714.163282562866,273.0476220973518,26.09053129150831,1.0170255692119283
5095000,2547.500000289619,-34923.02940822742,9204.766915342963,-25718.262492884456,276.10596212622244,25.934012525582855,1.0231635930464837
5100000,2550.0000002901284,-35106.239971355535,9467.819373508888,-25638.42059784665,284.8557517443347,26.243068826387752,1.011114119820729
5105000,2552.5000002906377,-35024.77509693499,9050.380204042467,-25974.39489289252,269.0775802418381,26.485338521532846,1.001865141962028
5110000,2555.000000291147,-35235.21068312973,8912.327892829971,-26322.88279029976,263.3825124155349,26.094290175641063,1.016879066615039
5115000,2557.5000002916563,-34920.011242776876,9086.907790846713,-25833.10345193016,272.10969525327727,26.572252061500343,0.9985882030764404
5120000,2560.0000002921656,-35295.908474880736,9304.477846728332,-25991.430628152404,283.6349607840867,26.309106404099737,1.0085761572522651
5125000,2562.500000292675,-34988.111631461885,8856.188348416988,-26131.923283044896,268.97903789595523,26.05847659487566,1.0182766187876795
5130000,2565.0000002931843,-34779.365873557515,9194.548648049384,-25584.81722550813,277.928256689386,26.369057407377362,1.0062831229744356
5135000,2567.5000002936936,-35084.695279669715,9156.755867657339,-25927.939412012376,275.7164188704347,26.3707261709572,1.0062194444615369
5140000,2570.000000294203,-35131.46341193793,9325.356115290999,-25806.107296646936,277.611537664912,26.237603603567116,1.0113247321939247
5145000,2572.500000294712,-35062.10596518032,9038.24640372426,-26023.85956145606,271.3836910149824,25.970481209413208,1.0217268299275926
5150000,2575.0000002952215,-35000.03552510496,9176.222246943516,-25823.813278161448,277.90450208733665,25.977061975745492,1.0214679959790323
5155000,2577.500000295731,-35367.51760484767,9312.629624974534,-26054.887979873136,278.89332007023995,26.127717860325383,1.0155780761120563
5160000,2580.00000029624,-34860.44946040865,9415.19467631391,-25445.25478409474,282.3357069420552,26.36135670998424,1.0065770790825026
5165000,2582.5000002967495,-35123.30685136514,9212.485039040894,-25910.821812324244,275.7228406316915,25.843706525892976,1.02673884689112
5170000,2585.000000297259,-35195.447376559954,9237.62116017627,-25957.826216383684,274.2400115895787,26.09000752423239,1.0170459864046575
5175000,2587.500000297768,-34969.79618637776,9132.603248397685,-25837.192937980075,277.60713538501267,26.48615583793538,1.0018342261576105
5180000,2590.0000002982774,-35094.300109861186,8960.240201419823,-26134.059908441362,271.3212797796846,25.745924936973477,1.0306383438445275
5185000,2592.5000002987867,-34632.59447316569,9443.973672986598,-25188.620800179095,286.0408931451082,26.17522771628865,1.0137347313802165
5190000,2595.000000299296,-34614.95908235572,9172.102834193778,-25442.856248161945,277.29794510346545,25.995388321474273,1.0207478768789173
5195000,2597.5000002998054,-35491.84932973981,9318.481381756803,-26173.367947983006,281.35394926638946,26.037662725423566,1.0190906041608316
5200000,2600.0000003003147,-34620.06887917104,9014.172744846244,-25605.896134324797,273.68686200943705,26.398365890153755,1.005165908685468
5205000,2602.500000300824,-34958.9343226722,8978.586555554899,-25980.3477671173,272.2567284833083,26.18252746722947,1.0134520997256369
5210000,2605.0000003013333,-34875.634292130126,9193.100391669628,-25682.533900460498,280.8644326082012,26.715348034862537,0.9932394443509036
5215000,2607.5000003018426,-34979.79346264829,9198.027882377555,-25781.765580270734,275.5861800857511,26.4709530854534,1.0024095978761536
5220000,2610.000000302352,-34803.077631552704,9008.857313338125,-25794.22031821458,268.9932542280955,26.24088453012345,1.0111982851541108
5225000,2612.5000003028613,-34848.450655680615,8931.444074314568,-25917.006581366048,269.2451166609835,26.05367400085381,1.018464322418339
5230000,2615.0000003033706,-34912.85688874917,9437.13947330095,-25475.71741544822,286.2686465371243,26.012738891214305,1.0200670351844368
5235000,2617.50000030388,-35029.6408790811,9466.061770625862,-25563.579108455233,281.4815637550052,25.988319260918768,1.0210255296382635
5240000,2620.0000003043892,-34899.05274625262,9054.076636982976,-25844.976109269646,275.82671312787767,26.42603346979085,1.0041135181381378
5245000,2622.5000003048985,-34781.920726863435,9091.142650475884,-25690.77807638755,278.24286708805045,26.422965731703005,1.0042300969247655
5250000,2625.000000305408,-34556.075115359854,9328.222327713367,-25227.852787646487,283.1868844440651,26.191674117979808,1.0130981822033498
5255000,2627.500000305917,-34947.11058751424,9297.480841334942,-25649.629746179296,279.46435995133703,26.023465341029848,1.019646580117519
5260000,2630.0000003064265,-35003.68824385735,9263.71639173618,-25739.971852121173,279.42802197518114,26.220665819885404,1.0119780184095966
5265000,2632.500000306936,-35130.02553003724,9356.97063834745,-25773.05489168979,281.7422309178104,26.74751380663203,0.9920450038690548
5270000,2635.000000307445,-34817.27210956719,9363.404458782963,-25453.867650784225,279.11122389985957,26.480009907556948,1.002066748857798
5275000,2637.5000003079545,-34492.27659502323,9023.102745886496,-25469.173849136732,272.8651641612799,25.81960430347655,1.027697292565209
5280000,2640.0000003084638,-34376.89409906673,9346.088693514645,-25030.805405552088,282.8246394337465,25.977429232101997,1.0214535549575154
5285000,2642.500000308973,-35004.447093734285,9040.245335459327,-25964.201758274958,277.1949222681128,26.372021163933045,1.0061700342511994
5290000,2645.0000003094824,-35063.706365981605,9039.060936341099,-26024.645429640506,276.72315159702094,25.889266831351442,1.0249319770482945
5295000,2647.5000003099917,-34706.27215100173,9244.835233571526,-25461.436917430205,280.2396114159497,26.121179116748298,1.015832299116023
5300000,2650.000000310501,-34946.30637089675,9309.338940202291,-25636.96743069446,277.6636006833748,26.466735056883714,1.0025693528407642
5305000,2652.5000003110104,-34932.464160638396,9113.991582936593,-25818.472577701803,278.7982808346995,25.98230908518479,1.021261711220196
5310000,2655.0000003115197,-34371.448181492975,9469.402622674514,-24902.045558818463,282.9940755947656,26.134692571412913,1.0153070431298106
5315000,2657.500000312029,-34496.13123924052,9151.630080117358,-25344.501159123167,278.2885061256659,26.281892760091655,1.0096204896658034
5320000,2660.0000003125383,-35199.80567721976,9226.04298222586,-25973.7626949939,281.2392500583638,26.236992026342303,1.0113483059013253
5325000,2662.5000003130476,-34774.444892961066,9053.7460556313,-25720.698837329765,270.4743851931565,26.449548107886876,1.003220823643319
5330000,2665.000000313557,-34785.74453746714,9241.868136909587,-25543.87640055755,285.7269125764382,26.011123190739387,1.020130397415322
5335000,2667.5000003140663,-34741.6734668829,9368.068019137547,-25373.605447745354,282.784694452468,25.880439790993147,1.0252815505485509
5340000,2670.0000003145756,-34435.150781465694,9142.460836040123,-25292.68994542557,278.2158679597444,25.962729774139053,1.0220318767951195
5345000,2672.500000315085,-35183.111975501524,9196.122245645336,-25986.98972985619,279.23380953773653,26.247110634327964,1.0109584177651816
5350000,2675.000000315594,-35244.593745172024,9182.64778009691,-26061.945965075116,278.29766354039833,26.022636155097906,1.0196790701617537
5355000,2677.5000003161035,-35027.89868710982,9298.660249852248,-25729.23843725757,283.4653041497454,25.922985894082306,1.0235988071052113
5360000,2680.000000316613,-34758.38977037696,9307.266423657898,-25451.12334671906,280.14379789792133,26.287492204548887,1.0094054324891515
5365000,2682.500000317122,-34894.03985600639,9289.914522406343,-25604.125333600048,279.6238176767269,26.132081267934286,1.0154084998330257
5370000,2685.0000003176315,-34873.33403229015,8962.643171381926,-25910.690860908224,271.29526081273775,26.443403958704224,1.003453922922566
5375000,2687.500000318141,-35337.59093912202,9049.203650885735,-26288.387288236285,278.0237742799452,26.210620402761602,1.0123658665855966
5380000,2690.00000031865,-34696.95982037927,9131.227134196757,-25565.732686182513,275.7945904230378,26.361403701908763,1.0065752847549068
5385000,2692.5000003191594,-35198.32710625138,9317.707261548774,-25880.619844702607,282.37721886116606,25.948042285030553,1.022610382174989
5390000,2695.0000003196687,-34977.177277361276,9201.529291701481,-25775.647985659794,276.7555377854745,26.11079449305581,1.0162363096551812
5395000,2697.500000320178,-34870.301837474806,9372.251396557684,-25498.050440917123,285.6288594485178,26.382988157605677,1.0057517851759503
5400000,2700.0000003206874,-34896.195122020785,9385.258149631973,-25510.936972388812,289.78566104372976,26.186713342483102,1.013290102150397
5405000,2702.5000003211967,-34771.97764013312,9325.014489755678,-25446.96315037744,283.0254783646811,26.008644111950787,1.02022763368873
5410000,2705.000000321706,-34630.54126408999,9102.264102611336,-25528.277161478654,274.8185366557512,26.128363104637568,1.0155529962410148
5415000,2707.5000003222153,-35280.85742382938,9280.997757600428,-25999.859666228953,276.38177069339645,26.276139171554497,1.0098415625120953
5420000,2710.0000003227246,-34629.82582485024,8865.367927979223,-25764.457896871016,268.257513279376,26.099724154540162,1.016667351757127
5425000,2712.500000323234,-34751.55677642836,9091.917556112749,-25659.639220315614,274.6447247566335,26.188700174645277,1.0132132278744252
5430000,2715.0000003237433,-34412.94709178386,9137.345097379293,-25275.60199440457,273.1795258940499,26.266966677301266,1.0101942018572703
5435000,2717.5000003242526,-34816.646010852885,8944.444495470965,-25872.20151538192,270.11812551216747,26.046129271232275,1.0187593389200926
5440000,2720.000000324762,-34942.49316493189,8945.619634298093,-25996.8735306338,270.40699760611784,26.26241490481685,1.0103692875905739
5445000,2722.5000003252712,-34559.75150009571,9318.675441534355,-25241.076058561353,285.9139356313241,26.220301851204482,1.0119920658567452
5450000,2725.0000003257805,-34760.888916695025,9188.835610425815,-25572.053306269212,268.7529009482224,26.15016393954202,1.0147063513305297
5455000,2727.50000032629,-34426.02913788543,9133.769996047507,-25292.259141837923,277.35094029290156,26.406145617619945,1.0048697686527228
5460000,2730.000000326799,-34627.7305836454,9434.946447909295,-25192.78413573611,290.992443317098,26.314546131936677,1.0083676649692983
5465000,2732.5000003273085,-34856.10262673139,9141.252312291668,-25714.85031443972,271.1549322849501,26.44398294004866,1.0034319526655633
5470000,2735.000000327818,-35156.532484947005,9366.600899528821,-25789.931585418184,278.31728440174476,26.385150806305695,1.0056693491191426
5475000,2737.500000328327,-35221.72943480383,9366.766127702027,-25854.9633071018,286.40566781565565,26.129775185717936,1.0154981146677173
5480000,2740.0000003288364,-35044.34023371618,9283.683796624064,-25760.65643709212,282.13867131125943,26.204238243403637,1.0126124328177113
5485000,2742.5000003293458,-34953.00340115768,9204.394224068157,-25748.609177089522,276.08508697473053,26.31776758750698,1.0082442346053653
5490000,2745.000000329855,-34885.450220427476,9159.909531786272,-25725.540688641202,274.42137311011646,26.220336581452536,1.0119907254187472
5495000,2747.5000003303644,-34910.42553575314,9263.936859655678,-25646.48867609746,277.3468901936093,26.30183351808018,1.0088550450122644
5500000,2750.0000003308737,-35240.06554404483,8977.14950390895,-26262.916040135882,269.40758274922,26.50198260885914,1.0012359388130372
