#"Step","Time (ps)","Potential Energy (kJ/mole)","Kinetic Energy (kJ/mole)","Total Energy (kJ/mole)","Temperature (K)"
505000,252.4999999974851,-33863.91598153068,9690.177791286093,-24173.738190244585,298.6137129181226
510000,254.999999997426,-33738.702863828745,9861.158286720925,-23877.54457710782,302.6779803818147
515000,257.4999999973669,-33537.83139961003,10035.696852345623,-23502.13454726441,304.5032228852828
520000,259.9999999973078,-33578.456308164634,9782.796792807867,-23795.65951535677,295.50108332109926
525000,262.49999999724866,-33634.05653813039,9835.990190781213,-23798.066347349177,295.0109701595239
530000,264.99999999718955,-33698.25905431644,9991.369057583968,-23706.889996732472,302.21114628650105
535000,267.49999999713043,-33731.53735780809,9817.343021780383,-23914.194336027707,295.5976079416708
540000,269.9999999970713,-33295.3183682519,9610.750812333932,-23684.56755591797,297.63192368406527
545000,272.4999999970122,-33694.51714500459,9796.778588765437,-23897.73855623915,305.6916403262638
550000,274.9999999969531,-33603.057646621484,9568.512018701176,-24034.545627920306,286.73716506439735
555000,277.49999999689396,-33366.376489090966,9904.32504799512,-23462.051441095846,294.1010848826737
560000,279.99999999683484,-33110.41851416067,9569.268186084068,-23541.150328076605,291.03595942296715
565000,282.4999999967757,-33319.06667638314,9383.469946249897,-23935.596730133242,286.50970441027494
570000,284.9999999967166,-33267.724742861,10188.447252833925,-23079.277490027074,312.09281665910424
575000,287.4999999966575,-33373.13656078465,9719.439334321834,-23653.69722646282,291.41078835143753
580000,289.9999999965984,-33539.49550724053,9747.772681294071,-23791.722825946457,292.5530061087384
585000,292.49999999653926,-33557.42251076549,9802.611739602566,-23754.810771162927,297.19090752727686
590000,294.99999999648014,-32945.52261407627,9803.917676181609,-23141.60493789466,297.2854496549745
595000,297.499999996421,-33046.320404728875,9747.99529521595,-23298.325109512924,297.5285959408707
600000,299.9999999963619,-33542.092894966016,9973.11899746933,-23568.973897496686,303.162088835631
605000,302.4999999963028,-33269.00161480671,9865.763683825036,-23403.23793098167,302.0420434386881
610000,304.9999999962437,-33459.99595069862,9903.721854382455,-23556.274096316163,298.22109760186123
615000,307.49999999618456,-33496.168536309386,9775.365610699548,-23720.802925609838,293.02430083622545
620000,309.99999999612544,-33743.84964214894,9764.85338041619,-23978.996261732747,293.5119116570882
625000,312.4999999960663,-33120.994773900835,9809.043723153842,-23311.951050746993,290.4756478648094
630000,314.9999999960072,-33495.10730573884,9979.284580408857,-23515.822725329985,305.9069951160065
635000,317.4999999959481,-32942.555255821906,9989.904221372657,-22952.65103444925,296.52088808358866
640000,319.99999999588897,-33405.025077940896,9630.42225199554,-23774.602825945356,292.8612503808437
645000,322.49999999582985,-33731.42343997839,9721.46271991934,-24009.960720059047,292.3053990262985
650000,324.99999999577074,-33443.05858655111,9878.317696447837,-23564.740890103272,298.04982572001967
655000,327.4999999957116,-33536.8619265859,9765.040940556306,-23771.820986029597,292.6124590454828
660000,329.9999999956525,-33574.678009605734,9502.986125591924,-24071.69188401381,286.6105889086267
665000,332.4999999955934,-33593.095001914306,9887.586883547316,-23705.50811836699,297.16540912460965
670000,334.99999999553427,-33937.48079460813,9369.888299291897,-24567.592495316232,281.1730362571916
675000,337.49999999547515,-33857.91960655083,9880.171890054062,-23977.747716496768,301.6378846199496
680000,339.99999999541603,-33866.58631199133,9849.45889324621,-24017.127418745116,297.13388070043396
685000,342.4999999953569,-33004.6477404288,9671.696944099749,-23332.950796329053,290.7401040069973
690000,344.9999999952978,-33407.38238155702,10004.555771816797,-23402.826609740223,308.738684124113
695000,347.4999999952387,-33257.86913407408,9518.009920725362,-23739.859213348715,290.54273527694437
700000,349.99999999517956,-33602.87333678035,9647.779116150377,-23955.094220629973,296.62669765894645
705000,352.49999999512045,-33262.428905724315,9850.105365764757,-23412.323539959558,294.93407406617894
710000,354.99999999506133,-33533.84922112827,10003.929855725091,-23529.91936540318,304.50352288198496
715000,357.4999999950022,-33529.94353976054,9872.409202418416,-23657.534337342127,296.9829886597697
720000,359.9999999949431,-33365.078981551575,9782.192828350815,-23582.886153200758,290.9436384065235
725000,362.499999994884,-32988.280112549895,9764.574798357433,-23223.705314192463,298.4334011670469
730000,364.99999999482486,-33218.64371861424,9869.542361978109,-23349.101356636136,298.38777066946324
735000,367.49999999476574,-33171.8727785903,10057.772837066424,-23114.099941523877,305.36212437578513
740000,369.9999999947066,-33162.22023486765,9713.38393740285,-23448.8362974648,295.3198214968928
745000,372.4999999946475,-33511.26264900295,9842.641244884295,-23668.621404118654,292.53781083942
750000,374.9999999945884,-33537.09331026231,9624.092383140765,-23913.000927121546,291.3251184055482
755000,377.4999999945293,-33053.31259453716,9749.768800299957,-23303.5437942372,293.935858253441
760000,379.99999999447016,-33137.67804199131,10054.797525334074,-23082.88051665724,309.8182111141915
765000,382.49999999441104,-33194.478289899416,9661.847600821353,-23532.63068907806,284.19095904390946
770000,384.9999999943519,-33388.64911897178,9833.66902074534,-23554.98009822644,296.7263612944931
775000,387.4999999942928,-33360.387891695835,9725.855628417768,-23634.532263278066,291.3858986884584
780000,389.9999999942337,-33138.12377517554,9641.678028547401,-23496.44574662814,291.7357171827386
785000,392.4999999941746,-33302.12373410957,9812.73426726451,-23489.38946684506,293.39583444958834
790000,394.99999999411546,-33309.21470593149,9790.511371642175,-23518.703334289312,295.9204077471416
795000,397.49999999405634,-33518.07187170489,9588.258336177625,-23929.81353552726,291.4895226074424
800000,399.9999999939972,-33772.35302116489,9460.196507976074,-24312.156513188816,289.0156615117826
805000,402.4999999939381,-33953.77772934758,9766.288525928145,-24187.489203419434,295.56944878455283
810000,404.999999993879,-33535.898095420096,9705.424524101041,-23830.473571319053,286.81400962338597
815000,407.49999999381987,-33776.339305485366,10073.701605243215,-23702.63770024215,306.20842944420093
820000,409.99999999376075,-33380.15113683115,10039.969797928972,-23340.181338902177,299.7397802539821
825000,412.49999999370164,-33250.5985655603,9647.007286862012,-23603.591278698288,291.60560011801226
830000,414.9999999936425,-33597.38313715276,9485.206533390075,-24112.176603762688,285.7778254309996
835000,417.4999999935834,-33456.64558889321,9632.993191723843,-23823.652397169368,295.145534936943
840000,419.9999999935243,-33361.64127740264,9795.290355167057,-23566.350922235582,297.10026996415235
845000,422.49999999346517,-33102.24407596933,9980.500573247607,-23121.74350272172,307.33622277716205
850000,424.99999999340605,-33624.605696592946,9699.35448146219,-23925.251215130756,292.51734384823254
855000,427.49999999334693,-33797.465354551794,9830.034029483446,-23967.431325068348,299.38800574742953
860000,429.9999999932878,-33509.872574800625,9859.942165761699,-23649.930409038927,301.30012582174106
865000,432.4999999932287,-33254.39453426888,9906.179757179327,-23348.214777089554,301.6527525861707
870000,434.9999999931696,-33290.540261140326,10074.131048840067,-23216.40921230026,305.2236784862031
875000,437.49999999311046,-33593.4102314678,9870.388331887498,-23723.021899580304,301.8489324227822
880000,439.99999999305135,-33318.1584224822,9939.718834713247,-23378.439587768953,297.25565012696137
885000,442.49999999299223,-33431.777149272384,9814.52859190438,-23617.248557368002,287.21522703837184
890000,444.9999999929331,-33494.24928883067,9858.001859597354,-23636.24742923332,301.5721328444086
895000,447.499999992874,-33479.82250926341,9687.904517757754,-23791.917991505656,297.27062588645475
900000,449.9999999928149,-33532.98708410957,9929.610625345973,-23603.376458763596,303.1890149109402
905000,452.49999999275576,-33512.58536862396,9752.294127647461,-23760.291240976498,300.70869243173127
910000,454.99999999269664,-33376.097416640725,9604.108943743653,-23771.988472897072,286.6233439857023
915000,457.4999999926375,-33097.46992351231,9913.958310626043,-23183.51161288627,296.50258854749353
920000,459.9999999925784,-33173.60940075456,9810.26263793497,-23363.346762819594,298.5075680327147
925000,462.4999999925193,-33693.350387207,9799.192783014898,-23894.1576041921,292.3826460458548
930000,464.9999999924602,-33292.002914285986,9815.897680453509,-23476.105233832477,286.0194955117003
935000,467.49999999240106,-33522.14085428463,9674.534406469356,-23847.606447815277,293.79398510985004
940000,469.99999999234194,-33275.253696437925,10274.310674167224,-23000.9430222707,309.584792462282
945000,472.4999999922828,-33072.38018886233,9626.34992320953,-23446.0302656528,285.20818217358504
950000,474.9999999922237,-33912.89648150513,10111.875805437878,-23801.02067606725,308.503208162309
955000,477.4999999921646,-33974.471679589944,9648.551479927355,-24325.92019966259,294.3898223765526
960000,479.9999999921055,-33997.77627192112,9604.967480081661,-24392.808791839456,292.35597211333993
965000,482.49999999204636,-33242.90863135154,9551.0017782147,-23691.906853136843,291.3232037315463
970000,484.99999999198724,-33449.478041435825,9649.153384056666,-23800.32465737916,288.10115141967424
975000,487.4999999919281,-33677.741027504904,10214.560422109294,-23463.18060539561,313.4296085947627
980000,489.999999991869,-33265.26519179414,9865.701721035792,-23399.56347075835,293.7531780315847
985000,492.4999999918099,-33667.12220740458,9676.585504704093,-23990.536702700487,290.2334807958756
990000,494.99999999175077,-33721.203662637156,10013.577561277434,-23707.62610135972,300.2490822142436
995000,497.49999999169165,-33442.92580906255,9990.124825279632,-23452.80098378292,307.04337373251167
1000000,499.99999999163254,-33395.48510287097,9530.383176094216,-23865.10192677675,290.6384460906343
1005000,502.4999999915734,-33048.29982761503,9817.904539126403,-23230.39528848863,294.71974646524376
1010000,504.9999999915143,-33062.56309428788,9713.835232313466,-23348.72786197441,293.6865134867623
1015000,507.4999999914552,-33368.802929054946,10161.456374994492,-23207.346554060452,302.65411395452844
1020000,509.99999999139607,-33475.88202551566,9926.521209159437,-23549.360816356224,293.0842372562787
1025000,512.499999991337,-33183.31648656749,9901.523139246432,-23281.793347321058,299.95525915798925
1030000,514.9999999912778,-33099.26769049885,9457.090556654706,-23642.17713384414,284.45802203493224
1035000,517.4999999912187,-33142.89477598574,9743.568754254966,-23399.326021730776,291.30986972099
1040000,519.9999999911596,-33764.25759575982,9885.873878435212,-23878.383717324607,302.89072920328806
1045000,522.4999999911005,-33088.45879204571,10035.130774397374,-23053.32801764834,305.33681909037324
1050000,524.9999999910414,-33508.05564052216,9766.094520655093,-23741.961119867065,293.9650115602803
1055000,527.4999999909822,-33280.52687837044,9716.355704962098,-23564.17117340834,292.1130200489372
1060000,529.9999999909231,-33678.27477226942,9886.89322914055,-23791.381543128868,305.02115979557203
1065000,532.499999990864,-33699.8628154078,9922.217359063507,-23777.645456344297,297.66204184496485
1070000,534.9999999908049,-33554.69666706328,9844.282181130104,-23710.41448593318,298.8352613802427
1075000,537.4999999907458,-33479.41457430157,9756.084518096497,-23723.33005620507,292.7892316544534
1080000,539.9999999906867,-33425.726477254415,9851.193608870122,-23574.532868384293,300.922215276668
1085000,542.4999999906275,-33583.85845356481,9846.953874192834,-23736.904579371978,299.2381354079267
1090000,544.9999999905684,-33293.662853163434,9908.095610909291,-23385.567242254143,301.0195118442808
1095000,547.4999999905093,-32939.15944728372,9700.701532437199,-23238.45791484652,292.00527275012405
1100000,549.9999999904502,-33290.932410010835,9827.831787952382,-23463.100622058453,301.4314691380136
1105000,552.4999999903911,-32977.9403728263,9846.578754272427,-23131.36161855387,302.79545191615864
1110000,554.999999990332,-33261.15604694979,9905.731082578348,-23355.424964371443,297.7928617652587
1115000,557.4999999902728,-33623.25570495706,9903.199184789182,-23720.056520167876,300.8350508674588
1120000,559.9999999902137,-33513.86724953377,9805.49545235953,-23708.371797174237,299.17127793717395
1125000,562.4999999901546,-33420.924160341034,9780.327256369394,-23640.59690397164,300.8730628065218
1130000,564.9999999900955,-33589.031776419375,10057.189452230417,-23531.842324188958,302.6750901935759
1135000,567.4999999900364,-33433.38273086678,9791.146908599963,-23642.23582226682,295.5471153030993
1140000,569.9999999899773,-33644.02715817792,9543.012770881192,-24101.01438729673,288.57222051998343
1145000,572.4999999899181,-33775.25910435221,9598.575210413397,-24176.683893938814,289.76728406128376
1150000,574.999999989859,-33371.55511021498,9849.471114917611,-23522.083995297366,292.53738016694683
1155000,577.4999999897999,-32945.02520571975,9912.815350678049,-23032.2098550417,310.1757069016128
1160000,579.9999999897408,-33380.98041024455,9895.769192859862,-23485.211217384687,300.3802429261447
1165000,582.4999999896817,-33361.67619427573,9570.636009204596,-23791.040185071135,289.1260836761618
1170000,584.9999999896226,-33409.36434805393,9757.366008610126,-23651.998339443806,292.79055145425275
1175000,587.4999999895634,-33308.768251179485,9658.470671580659,-23650.297579598824,294.1886869686912
1180000,589.9999999895043,-33094.50133607467,9681.568835384187,-23412.93250069048,285.8736692599406
1185000,592.4999999894452,-33422.375696388306,9751.015895128901,-23671.359801259405,297.3559978815789
1190000,594.9999999893861,-33449.62687566085,10001.72351078417,-23447.903364876678,303.00290614329
1195000,597.499999989327,-33355.348529907176,9634.588829910477,-23720.7596999967,294.00793159488876
1200000,599.9999999892678,-33544.07781860279,9607.829602015634,-23936.248216587155,297.43043240651315
1205000,602.4999999892087,-33577.287518096855,10057.010717847552,-23520.276800249303,307.00967635760406
1210000,604.9999999891496,-33006.93131290516,10044.959586643166,-22961.971726261992,303.7083668013374
1215000,607.4999999890905,-33160.142962987535,9669.393218416375,-23490.74974457116,286.52119288611215
1220000,609.9999999890314,-33556.66084491671,9742.046039578308,-23814.614805338402,295.94391464607395
1225000,612.4999999889723,-33080.78358042287,9854.790576003868,-23225.993004418997,294.6199140394826
1230000,614.9999999889131,-33219.84244960337,9658.666784069852,-23561.17566553352,292.8396346893746
1235000,617.499999988854,-33342.1466450945,9827.16368606001,-23514.98295903449,297.2638057261372
1240000,619.9999999887949,-33263.16910095955,9713.080430642196,-23550.088670317356,289.89394046712323
1245000,622.4999999887358,-33307.21319378889,9874.564430282508,-23432.648763506382,292.68673188696937
1250000,624.9999999886767,-33686.56223689066,9511.224737744149,-24175.337499146513,287.2901576353835
1255000,627.4999999886176,-33466.108078988036,9378.09009345824,-24088.017985529797,282.6904355573224
1260000,629.9999999885584,-32779.163664369844,9881.76190736661,-22897.401757003234,284.89998643679303
1265000,632.4999999884993,-33311.968181623146,9963.253741839977,-23348.71443978317,298.5752262150112
1270000,634.9999999884402,-33267.898484330624,9804.707249013358,-23463.191235317267,298.879344511887
1275000,637.4999999883811,-33345.79635671899,9696.63437617692,-23649.161980542067,294.74677424908197
1280000,639.999999988322,-33310.54451069306,9517.513069015424,-23793.03144167763,290.96738605668133
1285000,642.4999999882629,-33414.66720491112,9627.455262927684,-23787.211941983438,291.90410625607444
1290000,644.9999999882037,-33920.04488198343,9953.644922240903,-23966.399959742525,296.7550212610541
1295000,647.4999999881446,-33444.40924717649,9523.654939223892,-23920.754307952597,290.0061380977758
1300000,649.9999999880855,-33210.80502408673,9820.337918230209,-23390.46710585652,298.6443238211012
1305000,652.4999999880264,-33320.60667676595,9724.339544231942,-23596.26713253401,291.6124571889828
1310000,654.9999999879673,-33347.579069689615,9427.693006860463,-23919.88606282915,284.8740994358002
1315000,657.4999999879082,-33337.94763299264,9740.274245227354,-23597.673387765288,293.96005977115317
1320000,659.999999987849,-33476.210058448836,9959.135401085554,-23517.074657363282,303.62365297376687
1325000,662.4999999877899,-33205.16179877473,9803.48648922,-23401.675309554732,294.91302739632175
1330000,664.9999999877308,-33414.547880639555,9727.36122981584,-23687.186650823714,295.64081522085837
1335000,667.4999999876717,-33096.90582273202,9461.697720860102,-23635.20810187192,283.10479830921497
1340000,669.9999999876126,-33019.53098569997,9914.956316718282,-23104.574668981684,291.1426505511537
1345000,672.4999999875535,-33188.68370387633,9659.633416698689,-23529.050287177644,291.3227908371143
1350000,674.9999999874943,-33467.48520399374,10011.484818194727,-23456.000385799012,307.4638100135964
1355000,677.4999999874352,-33417.66920303204,9812.358160097665,-23605.311042934376,294.48744453712493
1360000,679.9999999873761,-33608.894459042465,9804.992143774427,-23803.90231526804,293.3897178118887
1365000,682.499999987317,-33419.989604340866,9583.547518563613,-23836.442085777253,287.72722148779144
1370000,684.9999999872579,-33637.237848798744,9845.790771180145,-23791.4470776186,295.9840542387199
1375000,687.4999999871987,-33596.15404730546,9861.379062164287,-23734.774985141175,296.8380562201231
1380000,689.9999999871396,-33539.34478435945,9830.65555829735,-23708.689226062095,299.17761534411557
1385000,692.4999999870805,-33825.788618973456,9731.076435063143,-24094.712183910313,296.1606930009267
1390000,694.9999999870214,-33577.963312531356,9738.78409858127,-23839.179213950083,296.8367773808713
1395000,697.4999999869623,-33189.99747586646,9687.362406771506,-23502.635069094955,282.30821290757666
1400000,699.9999999869032,-33485.07933241944,9669.578228813334,-23815.501103606104,288.75080200513815
1405000,702.499999986844,-33085.75713311951,9510.300776625958,-23575.45635649355,290.50796198590854
1410000,704.9999999867849,-33078.35397508321,9477.421230918355,-23600.932744164857,292.84051247491476
1415000,707.4999999867258,-33270.25673242146,9792.611990076512,-23477.64474234495,292.69111568305914
1420000,709.9999999866667,-33462.92887358065,9724.998346971735,-23737.930526608914,291.3317751181514
1425000,712.4999999866076,-33117.78386174771,9916.82646618766,-23200.95739556005,299.0252544878237
1430000,714.9999999865485,-33687.595451005036,9758.857194702578,-23928.73825630246,292.38622337512237
1435000,717.4999999864893,-33359.63862319896,10037.152969584919,-23322.485653614043,303.57478030143835
1440000,719.9999999864302,-33384.67812390067,9935.386776178424,-23449.291347722243,301.14126098586723
1445000,722.4999999863711,-33421.42797598103,9973.355847699235,-23448.072128281798,304.2343507032083
1450000,724.999999986312,-32901.09697867627,9879.13943814713,-23021.957540529143,298.5026573078867
1455000,727.4999999862529,-33198.7183458074,10019.744151829387,-23178.974193978014,298.9394912417034
1460000,729.9999999861938,-32928.99031250458,9769.976723306761,-23159.01358919782,294.11465161905016
1465000,732.4999999861346,-33525.90324766422,9649.955896370519,-23875.947351293697,296.8490815322739
1470000,734.9999999860755,-33177.860321376706,9848.013644242727,-23329.84667713398,297.4474872467488
1475000,737.4999999860164,-33414.055013926,9618.23204757707,-23795.822966348933,293.87250790044845
1480000,739.9999999859573,-33383.18313958007,9823.154005113847,-23560.029134466222,295.12657425591755
1485000,742.4999999858982,-33372.100889641326,9562.453013450922,-23809.647876190404,288.5941209158321
1490000,744.999999985839,-34050.93368866993,9898.540836688846,-24152.392851981087,302.4208088359282
1495000,747.4999999857799,-33321.660825714236,9901.880307651973,-23419.780518062264,294.3975863402254
1500000,749.9999999857208,-33047.36716805585,9771.205004997799,-23276.16216305805,293.3415373446581
1505000,752.4999999856617,-33633.887848529266,9781.222124324966,-23852.6657242043,300.46377817879255
1510000,754.9999999856026,-33631.745681763394,9755.156947426805,-23876.58873433659,296.03680403126714
1515000,757.4999999855435,-33448.57819611719,9779.291514789265,-23669.286681327925,298.78941523695755
1520000,759.9999999854844,-32869.10103000817,9804.048992708187,-23065.05203729998,300.9114638321649
1525000,762.4999999854252,-33255.617762685986,9987.568164839955,-23268.04959784603,300.94523613464287
1530000,764.9999999853661,-33539.73410105985,9662.251096326316,-23877.48300473353,288.44462283120845
1535000,767.499999985307,-33571.38820429891,9811.851807995585,-23759.53639630333,294.55865064365236
1540000,769.9999999852479,-33424.39290787093,9784.654871980598,-23639.738035890336,296.51967794638654
1545000,772.4999999851888,-33473.682472494664,9643.020707358948,-23830.661765135716,289.939118424706
1550000,774.9999999851296,-33376.6296085075,9806.877443325979,-23569.752165181522,290.2710836497395
1555000,777.4999999850705,-33302.35395979765,9855.215519134457,-23447.13844066319,295.2510864236917
1560000,779.9999999850114,-33149.328231986845,10040.504954564365,-23108.82327742248,300.1544916743242
1565000,782.4999999849523,-32983.490529776085,9785.092373283926,-23198.39815649216,300.9126540873045
1570000,784.9999999848932,-33423.023147878004,9519.297916141057,-23903.72523173695,289.07422306199044
1575000,787.4999999848341,-33303.91760982387,9911.003566737341,-23392.914043086526,305.20578535158353
1580000,789.999999984775,-33442.45263306517,9881.709009816395,-23560.743623248774,303.3231586231649
1585000,792.4999999847158,-33295.319455482764,9891.090461160004,-23404.22899432276,300.6293563862103
1590000,794.9999999846567,-33332.15124070342,9679.381159937779,-23652.770080765637,285.5037446403207
1595000,797.4999999845976,-33753.10772715369,9948.980664008162,-23804.12706314553,295.67765639418906
1600000,799.9999999845385,-33186.826073199976,9531.749241971185,-23655.07683122879,290.74260002984323
1605000,802.4999999844794,-33156.8316428205,9706.574383312414,-23450.257259508086,292.9061382625342
1610000,804.9999999844202,-33230.06123850262,9671.939059444863,-23558.122179057755,294.3370044843585
1615000,807.4999999843611,-33484.12925166241,9871.588069272946,-23612.54118238946,297.9229698397135
1620000,809.999999984302,-33299.12894709688,9831.70512038969,-23467.423826707185,298.1854381344898
1625000,812.4999999842429,-33492.6424564363,9609.561427228879,-23883.081029207417,289.9118355811443
1630000,814.9999999841838,-33388.6435848549,9970.491973257089,-23418.151611597812,302.3166286751746
1635000,817.4999999841247,-33606.65763429366,9562.433529125232,-24044.22410516843,279.83962129239023
1640000,819.9999999840655,-33356.40107477107,9823.476518984997,-23532.924555786074,297.0043520309717
1645000,822.4999999840064,-33411.85893626977,9902.601406441267,-23509.2575298285,299.23528375154035
1650000,824.9999999839473,-32964.4430773987,9918.31187527751,-23046.131202121185,300.4103451344497
1655000,827.4999999838882,-33413.47476978996,10129.181574663624,-23284.293195126334,307.9307008469674
1660000,829.9999999838291,-33385.159049423644,9773.202565677195,-23611.95648374645,295.2817912882693
1665000,832.49999998377,-33926.40805386007,9688.311622634288,-24238.09643122578,294.863475844212
1670000,834.9999999837108,-33564.07181231491,9748.384653824389,-23815.687158490524,290.18938300657527
1675000,837.4999999836517,-33316.3689584143,9739.955944299683,-23576.413014114616,290.60091997564405
1680000,839.9999999835926,-33406.32677329308,9957.870236124043,-23448.45653716904,298.11313408327356
1685000,842.4999999835335,-33695.58584554866,9929.236414939347,-23766.349430609313,306.9840756095336
1690000,844.9999999834744,-33376.11371957185,9693.157350089263,-23682.956369482585,299.44856967699036
1695000,847.4999999834153,-33055.46894579963,9861.19453996668,-23194.274405832948,297.03597104763253
1700000,849.9999999833561,-33325.426121740136,9843.045920178123,-23482.380201562013,301.0752055786614
1705000,852.499999983297,-33291.761045426596,9683.371407097591,-23608.389638329005,295.7597404050937
1710000,854.9999999832379,-33149.727364566876,9901.884450868474,-23247.8429136984,297.3006736444201
1715000,857.4999999831788,-33259.33064705343,9903.637853983466,-23355.692793069964,297.0844055322927
1720000,859.9999999831197,-33362.9418611289,9867.840756208596,-23495.101104920304,299.8355327333908
1725000,862.4999999830605,-33615.91877238103,9929.69011109068,-23686.22866129035,295.739307738626
1730000,864.9999999830014,-33342.88072861615,9564.446085503267,-23778.43464311288,290.53533391276886
1735000,867.4999999829423,-33592.65072311787,9447.802970067964,-24144.847753049908,284.5382712809701
1740000,869.9999999828832,-33574.21388618322,9697.412457821036,-23876.801428362185,289.4861077365951
1745000,872.4999999828241,-33317.44425592269,9676.169680572966,-23641.274575349722,294.49619016025775
1750000,874.999999982765,-33543.40224675252,9650.555512925155,-23892.846733827366,292.96114903008913
1755000,877.4999999827058,-33245.837033822434,9776.63133197608,-23469.205701846353,299.2553413425924
1760000,879.9999999826467,-33409.73308310239,9885.456738323002,-23524.276344779384,294.55712883350134
1765000,882.4999999825876,-33338.16423729295,9883.00631200318,-23455.15792528977,299.7355027159132
1770000,884.9999999825285,-33601.98713952466,9759.506405859358,-23842.480733665303,297.311317591352
1775000,887.4999999824694,-33116.828319669,9760.80517295773,-23356.023146711275,295.6102251528742
1780000,889.9999999824103,-33534.018453576835,9656.39339455089,-23877.625059025944,296.62913757115285
1785000,892.4999999823511,-33444.37391842017,9787.604828445168,-23656.769089975,298.72062835407496
1790000,894.999999982292,-33512.455803523306,9461.00541657436,-24051.450386948945,284.83066829803806
1795000,897.4999999822329,-33504.468028346775,9787.276879698285,-23717.19114864849,293.05831648382286
1800000,899.9999999821738,-33482.62390407594,9693.76186903896,-23788.86203503698,291.7806976717286
1805000,902.4999999821147,-33001.85631267028,9691.46811850094,-23310.38819416934,297.4001169056189
1810000,904.9999999820556,-33537.733718566364,9922.606331728455,-23615.127386837907,304.5440486636449
1815000,907.4999999819964,-33552.41458167927,10017.138628525781,-23535.27595315349,307.1641479278886
1820000,909.9999999819373,-33048.03395379521,9942.02371808572,-23106.010235709487,307.9447290709396
1825000,912.4999999818782,-32988.78386149625,10165.258682908254,-22823.525178588,306.8038758004303
1830000,914.9999999818191,-33157.69976441306,9991.362269208788,-23166.337495204272,299.5550938345773
1835000,917.49999998176,-33386.48274772894,9949.330267505266,-23437.15248022367,298.63856955382204
1840000,919.9999999817009,-32959.31179845589,10010.45213400299,-22948.859664452903,297.98112023041836
1845000,922.4999999816417,-33070.449748029,9894.574655960443,-23175.875092068556,301.8799035544965
1850000,924.9999999815826,-33341.9411983639,9821.53219462223,-23520.409003741668,294.93216686846483
1855000,927.4999999815235,-33223.61247131927,9732.239882051463,-23491.372589267805,291.9348252737007
1860000,929.9999999814644,-32982.30567099829,9812.984391582151,-23169.32127941614,299.18835721463483
1865000,932.4999999814053,-33192.184811116196,9893.473206283583,-23298.711604832613,296.75632907045
1870000,934.9999999813461,-33330.32470204891,9830.488788684994,-23499.835913363913,291.34922817726925
1875000,937.499999981287,-33141.39240379422,9845.652282586685,-23295.740121207535,295.67102501224844
1880000,939.9999999812279,-33725.63938633888,9875.980734112985,-23849.658652225895,299.6068792241424
1885000,942.4999999811688,-33750.49291119492,9852.070330195853,-23898.422580999064,295.4179704373943
1890000,944.9999999811097,-33576.00216263719,9547.047696073787,-24028.954466563402,285.04722273586145
1895000,947.4999999810506,-33682.69897988415,9707.583255503509,-23975.115724380645,296.3051986912963
1900000,949.9999999809914,-33371.08168807789,9828.396033082301,-23542.685654995585,295.75537218731125
1905000,952.4999999809323,-33961.65559978341,9613.840532620732,-24347.815067162675,291.19200194579196
1910000,954.9999999808732,-33741.22726460383,9610.32860362982,-24130.898660974013,288.06999044477664
1915000,957.4999999808141,-33709.392496621935,9707.860431285117,-24001.532065336818,290.85574440887206
1920000,959.999999980755,-33246.41361902212,9568.395819658432,-23678.017799363686,282.6216486884989
1925000,962.4999999806959,-33508.99749028543,9912.99520084521,-23596.00228944022,301.7620767495928
1930000,964.9999999806367,-33588.49079260323,9754.835948269758,-23833.654844333476,296.4188276013663
1935000,967.4999999805776,-33779.9661786044,9564.949369246999,-24215.016809357403,289.2905589533682
1940000,969.9999999805185,-33383.02908312809,9687.708793983296,-23695.32028914479,293.82305535623703
1945000,972.4999999804594,-33646.088293454144,9819.725597520377,-23826.362695933767,293.7709643867984
1950000,974.9999999804003,-33510.87313850969,9742.935536284105,-23767.937602225586,296.898483410999
1955000,977.4999999803412,-33505.39683573507,9817.094187018622,-23688.302648716446,296.200420941515
1960000,979.999999980282,-33361.02497823117,9655.591982260376,-23705.432995970797,290.5162295502738
1965000,982.4999999802229,-33136.08459455217,9977.285335175917,-23158.799259376254,300.3687593074844
1970000,984.9999999801638,-33340.96054322156,9806.512009739617,-23534.448533481944,294.20943917361
1975000,987.4999999801047,-33523.00324170734,9998.813141597087,-23524.190100110252,299.276548621334
1980000,989.9999999800456,-33605.03848840203,9793.440905251406,-23811.597583150626,290.5439864406323
1985000,992.4999999799865,-33313.28614324564,9281.103721296235,-24032.18242194941,285.467012140857
1990000,994.9999999799273,-33461.14052685979,9715.039480369436,-23746.101046490352,290.2858796139781
1995000,997.4999999798682,-33397.52321150643,9885.243896370845,-23512.279315135584,304.78127995665267
2000000,999.9999999798091,-33492.83235216956,9893.22930757661,-23599.603044592946,296.9337972806795
2005000,1002.49999997975,-33465.80410323106,9833.515576887963,-23632.288526343094,294.8139090191794
2010000,1004.9999999796909,-33144.64507319569,9727.94969449794,-23416.695378697746,294.80172051024175
2015000,1007.4999999796318,-33064.289130446035,9824.46212790631,-23239.827002539725,291.14115984245313
2020000,1009.9999999795726,-33207.23722430738,9896.42876016644,-23310.808464140937,295.2086615151761
2025000,1012.4999999795135,-33336.81974969176,9962.973619023993,-23373.846130667764,295.4525304028556
2030000,1014.9999999794544,-33020.29413972562,9767.350386292768,-23252.943753432854,294.6683906813851
2035000,1017.4999999793953,-33009.76993445796,10063.575509469265,-22946.194424988695,306.18678675947825
2040000,1019.9999999793362,-33112.33106446988,9904.17004047212,-23208.16102399776,292.5542937984461
2045000,1022.499999979277,-33406.76385115762,10132.584842721815,-23274.179008435807,306.57497835691606
2050000,1024.9999999794452,-33413.38313027145,9801.043564565221,-23612.339565706232,295.2794079943192
2055000,1027.4999999799545,-33422.61745450343,9764.611073096672,-23658.006381406758,295.7832594359519
2060000,1029.9999999804638,-33451.67221086263,9509.079294499414,-23942.592916363214,290.9521711901568
2065000,1032.4999999809731,-33375.153041126905,9997.187345363303,-23377.965695763603,300.1124401577434
2070000,1034.9999999814825,-33460.550997188315,9595.014287622063,-23865.53670956625,290.6479886718791
2075000,1037.4999999819918,-33590.23930538958,9826.98094674007,-23763.25835864951,299.0516527838765
2080000,1039.999999982501,-33345.69155867491,9905.633702253526,-23440.057856421383,301.41166114490755
2085000,1042.4999999830104,-33614.39636321552,9669.237112287563,-23945.159250927958,294.3718630320315
2090000,1044.9999999835197,-33436.27546100947,9698.39004863928,-23737.88541237019,289.6632625113689
2095000,1047.499999984029,-33575.411111657275,9963.75879932074,-23611.652312336533,304.08800163148356
2100000,1049.9999999845384,-33083.267011648975,9845.205330732442,-23238.061680916533,294.6382952957894
2105000,1052.4999999850477,-33583.771766348276,9879.806874606027,-23703.96489174225,297.57281528054557
2110000,1054.999999985557,-33099.41032714769,9882.43706600134,-23216.973261146355,292.87323489990797
2115000,1057.4999999860663,-33428.31042194413,9847.400635882885,-23580.909786061246,302.630970086964
2120000,1059.9999999865756,-33143.15971125034,9875.968145167424,-23267.19156608291,292.6762388078724
2125000,1062.499999987085,-33623.89021176216,9962.738885004766,-23661.151326757397,302.46486903623776
2130000,1064.9999999875943,-33011.509777180385,9696.751066355358,-23314.758710825026,293.2402420452148
2135000,1067.4999999881036,-33565.02429557801,9817.065851093543,-23747.95844448447,298.346720190415
2140000,1069.999999988613,-33484.0298566923,9752.679226892158,-23731.350629800145,295.3752968060828
2145000,1072.4999999891222,-33583.46746207634,9785.60194879941,-23797.865513276927,297.22329019308046
2150000,1074.9999999896315,-33497.17791795265,9580.334809206026,-23916.843108746623,287.4837861409836
2155000,1077.4999999901409,-33174.63520981395,9466.764529761487,-23707.87068005246,282.44271634576717
2160000,1079.9999999906502,-32919.136743359966,9945.343318800991,-22973.793424558975,296.67956289435944
2165000,1082.4999999911595,-33437.57107708813,9571.696009170619,-23865.875067917506,293.51541949042286
2170000,1084.9999999916688,-33638.43278724374,9635.677525034696,-24002.755262209044,285.0003163622981
2175000,1087.4999999921781,-33644.026933253976,9881.725393873781,-23762.301539380194,295.4948503530745
2180000,1089.9999999926874,-33595.241410136456,9782.809362814032,-23812.43204732242,304.5551104808476
2185000,1092.4999999931968,-33802.4818385574,9752.359280282417,-24050.122558274987,297.37622135599685
2190000,1094.999999993706,-33749.92630973924,9785.773473677698,-23964.15283606154,295.6279758704906
2195000,1097.4999999942154,-33460.75706693949,9711.18267411775,-23749.57439282174,288.88728133740807
2200000,1099.9999999947247,-33423.88805875112,9910.449593893889,-23513.438464857234,298.14202270107626
2205000,1102.499999995234,-33695.92920906935,9808.664265377078,-23887.264943692273,294.3908689424306
2210000,1104.9999999957433,-33492.635935001774,9728.309238226597,-23764.326696775177,289.4606198213193
2215000,1107.4999999962527,-33297.57265023608,9696.934196339602,-23600.638453896478,296.9489867120335
2220000,1109.999999996762,-33113.08255788917,9749.55888255893,-23363.523675330238,294.7820800013821
2225000,1112.4999999972713,-33332.421693989774,9725.143011322001,-23607.278682667773,299.8488035311719
2230000,1114.9999999977806,-33337.363309182925,9648.3506942065,-23689.012614976426,291.7304394017509
2235000,1117.49999999829,-33078.74983644253,9606.861670119175,-23471.88816632335,290.560272335194
2240000,1119.9999999987992,-33354.15243048151,9773.174359700637,-23580.978070780875,298.5176380446498
2245000,1122.4999999993086,-33344.976687882794,9829.347890843308,-23515.628797039484,300.35838206226435
2250000,1124.9999999998179,-33409.94518953841,10192.568630860766,-23217.376558677646,305.9267431963376
2255000,1127.5000000003272,-33277.885910214856,9537.591345495344,-23740.294564719512,288.53841515787684
2260000,1130.0000000008365,-33313.41212232807,9943.829666105978,-23369.582456222088,301.27987999611327
2265000,1132.5000000013458,-33089.777412279975,9718.942849099905,-23370.83456318007,287.73823453339963
2270000,1135.0000000018551,-33892.84025190747,9695.852710193965,-24196.987541713508,296.2538018597759
2275000,1137.5000000023645,-33206.2048638009,9764.844385396655,-23441.360478404247,292.45543118232183
2280000,1140.0000000028738,-33543.72227267688,9764.716488955624,-23779.00578372126,293.0778062600151
2285000,1142.500000003383,-33690.4636827223,9763.048967651728,-23927.414715070572,295.2123367549346
2290000,1145.0000000038924,-33561.466043188935,9643.822790458944,-23917.64325272999,294.1819859790214
2295000,1147.5000000044017,-33373.27584519889,9621.468204105862,-23751.80764109303,288.58972127626254
2300000,1150.000000004911,-33776.51112958952,9497.579905667211,-24278.931223922307,286.8083786718942
2305000,1152.5000000054204,-34086.239460400306,9694.427933486713,-24391.811526913592,288.704570683839
2310000,1155.0000000059297,-33538.45912078,9573.784583533168,-23964.67453724683,294.03697491713484
2315000,1157.500000006439,-33559.79321718798,9988.471351016142,-23571.32186617184,298.78832203903363
2320000,1160.0000000069483,-33012.633568688296,9701.092761668628,-23311.540807019668,289.6576797909525
2325000,1162.5000000074576,-33260.70981420064,9806.23858722398,-23454.471226976664,296.0019286439268
2330000,1165.000000007967,-33168.71729101846,9984.011657585404,-23184.705633433055,298.6381873472473
2335000,1167.5000000084763,-33078.52941374178,9777.713773104237,-23300.815640637542,290.6306615084136
2340000,1170.0000000089856,-33464.0486251025,9803.287985291594,-23660.760639810906,298.42791372188157
2345000,1172.500000009495,-33481.6709372811,9926.767048369486,-23554.903888911616,301.37083268525134
2350000,1175.0000000100042,-33402.37687506713,9620.211767015668,-23782.165108051464,296.2347803915826
2355000,1177.5000000105135,-33753.63154540467,9820.66701140715,-23932.96453399752,298.63409804166946
2360000,1180.0000000110228,-33440.84199906327,9728.763740575716,-23712.078258487552,289.4677088353189
2365000,1182.5000000115322,-33873.37146812072,10141.89146187059,-23731.48000625013,309.6606867654675
2370000,1185.0000000120415,-33316.33414961607,10048.463582975784,-23267.87056664029,300.6221746038313
2375000,1187.5000000125508,-33202.18957984098,9914.621598129272,-23287.567981711712,303.2416380129152
2380000,1190.0000000130601,-33402.877355285455,9595.532564357789,-23807.344790927666,286.95735105500904
2385000,1192.5000000135694,-33347.20866562473,9561.061884546787,-23786.14678107794,287.4098539875164
2390000,1195.0000000140788,-33141.044705077074,9652.415576888936,-23488.62912818814,293.6285237494279
2395000,1197.500000014588,-33447.21540105529,9773.034382791133,-23674.181018264157,292.9999052046981
2400000,1200.0000000150974,-33464.644652126124,10025.872446304791,-23438.772205821333,302.53780116951253
2405000,1202.5000000156067,-33495.95861731167,9833.536654717755,-23662.421962593915,299.42684591328805
2410000,1205.000000016116,-33249.42415017821,9750.198480559578,-23499.22566961863,304.9147682564863
2415000,1207.5000000166253,-33596.90656105196,10051.834752980956,-23545.071808071007,303.9196510127135
2420000,1210.0000000171347,-33288.743734714575,9657.10749432072,-23631.636240393855,290.73371147135674
2425000,1212.500000017644,-33222.29525510385,9735.373535783005,-23486.921719320842,297.73430191619144
2430000,1215.0000000181533,-33212.69912331109,9756.43412558952,-23456.26499772157,292.98476180845785
2435000,1217.5000000186626,-33572.23927473836,10058.070453344542,-23514.168821393814,305.91024667536277
2440000,1220.000000019172,-33518.10332383751,9834.716581332843,-23683.386742504666,299.03074349068834
2445000,1222.5000000196812,-33567.22053597425,9521.876933106418,-24045.343602867833,294.3903378059389
2450000,1225.0000000201906,-33730.12024073349,9755.323679229536,-23974.796561503957,297.23896363112453
2455000,1227.5000000206999,-33663.90251523419,9732.71540409738,-23931.187111136813,295.75140577242263
2460000,1230.0000000212092,-33753.78405450005,9871.341243598197,-23882.442810901855,304.3539025634197
2465000,1232.5000000217185,-34005.13000428281,9618.785663780392,-24386.344340502415,286.98785943777955
2470000,1235.0000000222278,-33943.06054989761,9762.786667479266,-24180.27388241834,295.64858764087796
2475000,1237.5000000227371,-33592.54247428407,9653.7845251334,-23938.75794915067,290.4759585996393
2480000,1240.0000000232465,-33485.59816147527,9587.869399304986,-23897.72876217028,289.4894871673664
2485000,1242.5000000237558,-33620.62662222213,9823.954451987684,-23796.672170234448,303.1332786054872
2490000,1245.000000024265,-33520.037463502726,9649.2173514528,-23870.820112049925,285.35114172270346
2495000,1247.5000000247744,-33553.703233362874,9601.031350412739,-23952.671882950133,290.1909047589938
2500000,1250.0000000252837,-33592.08804639033,9945.521420160785,-23646.566626229545,307.0257689020276
2505000,1252.500000025793,-33639.56037983764,9713.615798757379,-23925.94458108026,292.57763455546944
2510000,1255.0000000263024,-33074.35345069552,10034.45710811318,-23039.89634258234,304.3795653063433
2515000,1257.5000000268117,-32914.60249272059,9570.546137284522,-23344.056355436063,290.7487932236108
2520000,1260.000000027321,-33070.36643252033,9745.453313280841,-23324.913119239485,297.14623647372906
2525000,1262.5000000278303,-33128.84536443511,9811.244932468922,-23317.600431966188,294.2544114170455
2530000,1265.0000000283396,-33360.64612130611,9838.507679263252,-23522.13844204286,294.5146712290867
2535000,1267.500000028849,-33168.53903392097,10009.766097651687,-23158.772936269284,302.9833951065949
2540000,1270.0000000293583,-33276.0397342206,9964.328701713557,-23311.71103250704,304.88105049377964
2545000,1272.5000000298676,-33513.736130711855,9795.328473208869,-23718.407657502987,293.1750947633255
2550000,1275.000000030377,-33621.49064524076,9796.010846400923,-23825.479798839835,297.08616249114567
2555000,1277.5000000308862,-33312.15992940799,9879.887506844942,-23432.27242256305,297.57043946763395
2560000,1280.0000000313955,-33340.9180488307,9792.27054368694,-23548.647505143763,297.1670473781047
2565000,1282.5000000319048,-33409.56413875846,9593.430776847368,-23816.133361911096,289.9883364785976
2570000,1285.0000000324142,-33483.13582234038,9896.01196079587,-23587.12386154451,298.71648574913075
2575000,1287.5000000329235,-33324.71212499612,9684.182718827673,-23640.529406168447,293.46335818898547
2580000,1290.0000000334328,-33138.75062422501,10121.355443737877,-23017.395180487132,299.5962137868634
2585000,1292.5000000339421,-33157.39238354284,9870.715573241563,-23286.67681030128,292.67017504633486
2590000,1295.0000000344514,-33386.97100981977,9538.241778481592,-23848.729231338177,285.93182565272156
2595000,1297.5000000349607,-33913.47210898297,9838.057982722094,-24075.414126260875,302.13774787501455
2600000,1300.00000003547,-33551.96635722299,9623.954435085783,-23928.011922137208,291.059908058188
2605000,1302.5000000359794,-33403.301867094124,9509.822344570115,-23893.47952252401,285.4665042213576
2610000,1305.0000000364887,-33395.61285375804,9466.297920411696,-23929.31493334634,290.93417878998366
2615000,1307.500000036998,-33644.80497251358,9674.962480175502,-23969.842492338077,289.4388356851604
2620000,1310.0000000375073,-33491.738019751385,9810.525887522963,-23681.212132228422,294.739866512712
2625000,1312.5000000380167,-33273.73968102597,9995.121635044788,-23278.61804598118,297.1530348386415
2630000,1315.000000038526,-33063.421411253046,9702.2800359403,-23361.141375312745,289.8720672433874
2635000,1317.5000000390353,-33285.78593244683,9675.456500437282,-23610.32943200955,292.851917488895
2640000,1320.0000000395446,-33529.75643673423,9838.596737899206,-23691.15969883502,298.305308232478
2645000,1322.500000040054,-33391.471712133614,9881.514013189351,-23509.957698944265,304.5716983010121
2650000,1325.0000000405632,-33371.0470973223,9804.80881581762,-23566.23828150468,293.8892809905
2655000,1327.5000000410726,-33658.14919874724,9922.3573811403,-23735.79181760694,297.4225854665298
2660000,1330.0000000415819,-32947.6522027317,9717.815011922554,-23229.837190809143,288.38469393958957
2665000,1332.5000000420912,-33544.06560396589,9877.163845187044,-23666.901758778848,297.9857946459726
2670000,1335.0000000426005,-34098.88834088063,9606.086221425718,-24492.80211945491,285.6796088599624
2675000,1337.5000000431098,-33435.020403570496,9555.039920438423,-23879.980483132073,288.2533607112271
2680000,1340.0000000436191,-33467.69070485653,9951.932565098534,-23515.758139758,298.80670320973854
2685000,1342.5000000441285,-33380.29482981353,9773.953330989987,-23606.341498823545,292.8900357721275
2690000,1345.0000000446378,-33238.60390767432,9841.553130983679,-23397.050776690638,291.6042261893995
2695000,1347.500000045147,-33203.97522221343,9806.669378791594,-23397.305843421833,296.1889945866671
2700000,1350.0000000456564,-33215.7899052233,9559.896766501155,-23655.893138722142,292.9079742493507
2705000,1352.5000000461657,-33438.89229796617,9773.03012208638,-23665.862175879793,294.40116270633
2710000,1355.000000046675,-33653.01326856762,9533.55710582879,-24119.456162738832,293.9399586888588
2715000,1357.5000000471844,-33118.05629122141,9790.256764705646,-23327.799526515762,293.49906171288563
2720000,1360.0000000476937,-32882.175336326705,9525.409585312751,-23356.765751013954,284.52124656285986
2725000,1362.500000048203,-33806.95638249582,9907.611914791218,-23899.3444677046,299.5810304863661
2730000,1365.0000000487123,-33511.36223251256,9741.458694393976,-23769.903538118586,301.57795873400573
2735000,1367.5000000492216,-33803.136852362426,9522.90721293311,-24280.229639429315,282.11254939103014
2740000,1370.000000049731,-34098.19299910031,9785.623934138332,-24312.56906496198,296.4574551542926
2745000,1372.5000000502403,-33536.7806013152,9637.803421115652,-23898.97718019955,287.3167006698785
2750000,1375.0000000507496,-33138.28977860091,9815.888191467704,-23322.40158713321,296.3826869296528
2755000,1377.500000051259,-33683.6356390086,9713.878795787527,-23969.756843221076,291.2036252156726
2760000,1380.0000000517682,-33626.70314192376,9662.373084772633,-23964.330057151128,289.8423897190018
2765000,1382.5000000522775,-33130.969863598235,9773.251858453816,-23357.71800514442,288.76830268213496
2770000,1385.0000000527868,-33099.27393068373,9625.339636440549,-23473.934294243183,290.511020345333
2775000,1387.5000000532962,-33646.931296805386,9712.129827450248,-23934.801469355138,289.5487713553656
2780000,1390.0000000538055,-33380.12460377393,9669.578340364395,-23710.54626340954,293.5497336936241
2785000,1392.5000000543148,-33357.866723979125,9635.10535792074,-23722.761366058385,298.2959571694248
2790000,1395.000000054824,-33357.93027679366,9653.720182263616,-23704.210094530044,291.31607034193416
2795000,1397.5000000553334,-33549.1853326757,9623.215628432157,-23925.96970424354,289.5099873549405
2800000,1400.0000000558427,-33771.66372948629,9811.870726148745,-23959.793003337545,298.10603569491326
2805000,1402.500000056352,-33884.09731160081,9688.719011165082,-24195.37830043573,294.9380397992468
2810000,1405.0000000568614,-33523.57753508352,9810.041812539846,-23713.53572254367,291.2643388397844
2815000,1407.5000000573707,-33401.06084403256,9633.028387612296,-23768.032456420264,290.993568666432
2820000,1410.00000005788,-33021.71047414327,9906.913325626942,-23114.79714851633,296.543748691572
2825000,1412.5000000583893,-33411.904414964374,10021.82070253367,-23390.083712430704,304.0005461410376
2830000,1415.0000000588986,-33220.87647536327,10069.615134241725,-23151.261341121546,301.27539937809667
2835000,1417.500000059408,-33294.3234305419,9683.387852625972,-23610.93557791593,295.2295814407328
2840000,1420.0000000599173,-33236.873424821766,10038.004028574109,-23198.869396247657,301.6389441576807
2845000,1422.5000000604266,-33351.405149442144,9654.885700868861,-23696.519448573283,291.33367338374364
2850000,1425.000000060936,-33567.67282442772,10003.977507110209,-23563.69531731751,303.4292577756595
2855000,1427.5000000614452,-33033.16100016725,9884.380896243969,-23148.780103923284,295.38843843298446
2860000,1430.0000000619546,-33642.74397615553,10008.977854801056,-23633.76612135447,302.01657311095636
2865000,1432.5000000624639,-33425.629483165685,9910.719522051659,-23514.909961114026,296.33688131398605
2870000,1435.0000000629732,-33812.17644769838,9920.772480093505,-23891.403967604878,301.1627723654482
2875000,1437.5000000634825,-33447.253029129,9766.581562652109,-23680.671466476895,294.4203494908312
2880000,1440.0000000639918,-33008.1265250165,9774.999956314741,-23233.12656870176,294.3949653858914
2885000,1442.5000000645011,-33214.66495184577,10297.14809428807,-22917.5168575577,317.2570782651294
2890000,1445.0000000650105,-33340.17053081328,9950.214078528454,-23389.956452284827,300.7015441885536
2895000,1447.5000000655198,-33484.33394572791,9728.238048473393,-23756.095897254512,294.7728072041248
2900000,1450.000000066029,-33414.37214164692,9739.241434078545,-23675.130707568373,293.98205648713326
2905000,1452.5000000665384,-33997.511991074076,10072.921521567356,-23924.590469506722,307.91886780328156
2910000,1455.0000000670477,-33515.32290011714,9883.104036285331,-23632.21886383181,297.013732731922
2915000,1457.500000067557,-33370.33004717436,9805.012680825303,-23565.317366349052,292.9206459325866
2920000,1460.0000000680664,-33018.816728245,9780.771503804066,-23238.045224440935,293.04440324014456
2925000,1462.5000000685757,-33549.71517069265,9725.278722830893,-23824.436447861757,287.0023100681531
2930000,1465.000000069085,-33505.02459088387,10028.789441767702,-23476.235149116168,309.2492308599064
2935000,1467.5000000695943,-33480.45738879917,9449.286940308324,-24031.170448490848,288.28916000965603
2940000,1470.0000000701036,-33472.215154959355,9805.765772960021,-23666.449381999333,296.47930292741336
2945000,1472.500000070613,-33294.98935814784,9905.012746367549,-23389.97661178029,297.07457623239384
2950000,1475.0000000711223,-33319.700798350386,9835.708737301065,-23483.99206104932,294.31588951854513
2955000,1477.5000000716316,-33353.740511479555,9687.47903008511,-23666.261481394446,292.9322341414484
2960000,1480.000000072141,-33860.02837414411,10040.155617451968,-23819.87275669214,301.3652038378656
2965000,1482.5000000726502,-33115.90539195016,9780.850284739281,-23335.05510721088,295.9432039739157
2970000,1485.0000000731595,-33587.35340638016,9846.847626302082,-23740.50578007808,293.17198825743117
2975000,1487.5000000736688,-33447.72578813764,9854.463745296984,-23593.26204284066,302.09468057604244
2980000,1490.0000000741782,-33454.242763728835,9585.670210582279,-23868.572553146558,288.42241492016007
2985000,1492.5000000746875,-33475.308372974396,9773.105860187672,-23702.202512786724,288.13137545910814
2990000,1495.0000000751968,-33148.28819592227,9578.379937023174,-23569.9082588991,293.342576747169
2995000,1497.500000075706,-33061.83984269784,10018.463416671357,-23043.37642602648,303.15537343311496
3000000,1500.0000000762154,-33366.996083108475,9740.500800272494,-23626.495282835982,296.51182367978896
3005000,1502.5000000767247,-33695.62229478336,9609.276282824701,-24086.34601195866,295.5047586895435
3010000,1505.000000077234,-33729.97402224038,9702.25180240443,-24027.72221983595,289.7859751280666
3015000,1507.5000000777434,-33330.1596395534,9643.202184065576,-23686.957455487824,291.45359956747217
3020000,1510.0000000782527,-33531.589724365156,9901.000580835145,-23630.58914353001,294.1857460715353
3025000,1512.500000078762,-33835.88989066612,9953.863004781366,-23882.026885884756,300.89938691073735
3030000,1515.0000000792713,-33562.158449933864,9646.306139395054,-23915.85231053881,285.25131335198927
3035000,1517.5000000797806,-33453.874825663166,9669.625177761372,-23784.249647901794,291.485200433374
3040000,1520.00000008029,-33196.65113933454,9699.666673832315,-23496.984465502228,295.2509564982796
3045000,1522.5000000807993,-33455.24561106553,9667.184617383113,-23788.06099368242,296.54155380857253
3050000,1525.0000000813086,-33383.18453130056,10075.850700735735,-23307.33383056483,298.0737442332146
3055000,1527.500000081818,-33480.09653834696,9886.286071910927,-23593.810466436033,302.5013522202444
3060000,1530.0000000823272,-33209.087559434585,9943.767056917999,-23265.320502516588,301.57813323418753
3065000,1532.5000000828366,-33452.964408613276,9895.41222489059,-23557.552183722684,298.7211261023452
3070000,1535.0000000833459,-33844.38363624178,9698.636643376309,-24145.74699286547,296.1747172081888
3075000,1537.5000000838552,-33201.49314497365,9848.004496727073,-23353.488648246574,292.50428981567427
3080000,1540.0000000843645,-33651.62531467131,9831.49677386822,-23820.128540803093,296.54551703457844
3085000,1542.5000000848738,-33140.82241245359,9825.523786553502,-23315.29862590009,299.96458487399195
3090000,1545.0000000853831,-33107.4519057523,9637.489413460822,-23469.962492291477,286.08053348111196
3095000,1547.5000000858925,-33654.752593298675,9724.209545124468,-23930.543048174208,293.64284198146186
3100000,1550.0000000864018,-33436.952299261,9766.472356580492,-23670.479942680508,293.41557130048466
3105000,1552.500000086911,-33437.55075163534,9733.374732897233,-23704.176018738108,291.3817392155579
3110000,1555.0000000874204,-33159.47302576876,9708.580772084999,-23450.892253683764,289.84913923512005
3115000,1557.5000000879297,-33417.96922302595,9611.227779132214,-23806.74144389374,291.06683207470536
3120000,1560.000000088439,-33303.441620579455,9985.724245800155,-23317.7173747793,302.98829995183087
3125000,1562.5000000889484,-33257.07397090504,9810.195754113902,-23446.878216791138,296.5896898818518
3130000,1565.0000000894577,-33132.048184201354,9926.519701698106,-23205.52848250325,297.304235016826
3135000,1567.500000089967,-33122.9051853104,9979.475389036634,-23143.42979627377,303.37676141548354
3140000,1570.0000000904763,-33423.78029362997,9884.691162068957,-23539.089131561013,304.28645952844954
3145000,1572.5000000909856,-33166.39046381111,9828.700360113668,-23337.690103697445,299.4273344977081
3150000,1575.000000091495,-33315.696236814605,9765.037841323692,-23550.658395490915,294.50436031210296
3155000,1577.5000000920043,-33821.8178276564,9581.385662120178,-24240.432165536222,285.9587283296735
3160000,1580.0000000925136,-33384.280062881066,9595.492330641255,-23788.787732239813,284.36839829353636
3165000,1582.500000093023,-33471.87630916829,10044.296068209755,-23427.580240958538,306.74907703200245
3170000,1585.0000000935322,-33359.76078254287,9895.496384449341,-23464.26439809353,301.6026847629446
3175000,1587.5000000940415,-33446.82022112631,9992.342276509444,-23454.47794461687,306.5154059481384
3180000,1590.0000000945508,-32890.36058763391,9762.859885287458,-23127.500702346457,295.7465213115756
3185000,1592.5000000950602,-33231.406212187605,9769.630788154027,-23461.775424033578,294.6329237347848
3190000,1595.0000000955695,-33376.19338646787,9647.600988273134,-23728.592398194738,293.1863900033813
3195000,1597.5000000960788,-33282.500712260604,9627.13422146527,-23655.366490795335,288.919201689001
3200000,1600.000000096588,-33606.680658963975,9637.570573856643,-23969.11008510733,289.74727569590766
3205000,1602.5000000970974,-33080.30688043148,9642.813133155587,-23437.493747275897,287.2601089028198
3210000,1605.0000000976067,-33512.82045542076,9691.677120009805,-23821.143335410958,290.2171459664335
3215000,1607.500000098116,-33375.100807425566,9651.16854618193,-23723.932261243637,289.90323420706676
3220000,1610.0000000986254,-33287.87336124736,9772.108807863571,-23515.764553383786,296.815140849315
3225000,1612.5000000991347,-33143.46408378892,9637.945987653973,-23505.518096134943,292.0693937875242
3230000,1615.000000099644,-33395.36677594436,9714.542422474138,-23680.824353470227,298.39688777769777
3235000,1617.5000001001533,-33318.544477450894,9823.364056315491,-23495.180421135403,294.89635929704684
3240000,1620.0000001006626,-33600.11069574929,9933.60076412992,-23666.509931619366,301.88512434708497
3245000,1622.500000101172,-33767.9522721183,9721.39918454859,-24046.55308756971,292.7045597919257
3250000,1625.0000001016813,-33307.88348558196,9615.886309928443,-23691.997175653516,289.7725146466624
3255000,1627.5000001021906,-33095.952096388675,9670.614040768633,-23425.338055620043,291.2986054250095
3260000,1630.0000001027,-33632.68105345755,9780.545403207045,-23852.135650250504,297.01844296014514
3265000,1632.5000001032092,-33286.15316061117,9585.654413920427,-23700.49874669074,290.38691135502444
3270000,1635.0000001037185,-33402.75916300621,9667.368882145813,-23735.390280860396,292.32895686531094
3275000,1637.5000001042279,-33487.3348968497,10003.278210540268,-23484.056686309435,296.55062678598154
3280000,1640.0000001047372,-33259.01985400496,9913.345128390856,-23345.674725614102,303.48227578177114
3285000,1642.5000001052465,-33480.90721809282,9936.174454518718,-23544.732763574102,301.37352007654084
3290000,1645.0000001057558,-33222.66160079441,9614.132855381675,-23608.528745412736,290.8342547990578
3295000,1647.5000001062651,-33685.47840988543,9736.761714634667,-23948.71669525076,297.35618487463324
3300000,1650.0000001067745,-33683.50983199221,9774.018317455022,-23909.49151453719,293.7742380393142
3305000,1652.5000001072838,-33492.636711795814,9845.807393295217,-23646.829318500597,295.22648914167263
3310000,1655.000000107793,-33358.763675748836,9712.677485365519,-23646.086190383317,294.1021155999084
3315000,1657.5000001083024,-33333.13060002541,9773.3746469247,-23559.755953100714,291.2597145709407
3320000,1660.0000001088117,-33561.45372772333,9700.018976323583,-23861.43475139975,290.6905544256917
3325000,1662.500000109321,-33744.5711710609,9749.858864323258,-23994.712306737645,290.78779534196707
3330000,1665.0000001098304,-32942.152435834054,9475.243137018786,-23466.90929881527,286.29845176259244
3335000,1667.5000001103397,-33333.75281765452,9841.062171148747,-23492.69064650577,299.16203028129405
3340000,1670.000000110849,-33247.01681132475,10186.291711094951,-23060.7251002298,307.0706268837947
3345000,1672.5000001113583,-33138.341297002975,9889.450474867712,-23248.89082213526,297.71592101335955
3350000,1675.0000001118676,-33492.22749295086,9712.527972917822,-23779.699520033035,294.53695522444013
3355000,1677.500000112377,-33218.56953165843,9688.344259865815,-23530.225271792617,294.11675874221163
3360000,1680.0000001128863,-33557.30534179835,9807.67784561019,-23749.627496188157,297.36196369259795
3365000,1682.5000001133956,-33224.97297262517,9648.254440775283,-23576.718531849885,293.1978358203428
3370000,1685.000000113905,-33521.07366272784,9844.24452546001,-23676.82913726783,297.9199525724243
3375000,1687.5000001144142,-33458.94013713952,9872.902139317566,-23586.037997821957,295.5726810456917
3380000,1690.0000001149235,-33684.35988528491,9733.534308562768,-23950.82557672214,298.0173948481271
3385000,1692.5000001154328,-33320.10834913142,9764.872277836505,-23555.236071294916,292.1958899412355
3390000,1695.0000001159422,-33530.198210466886,9622.771635856869,-23907.426574610017,282.0088382559479
3395000,1697.5000001164515,-33530.60448603006,9899.957252776621,-23630.64723325344,295.49292082531514
3400000,1700.0000001169608,-33307.779347370844,9742.362067888425,-23565.41727948242,291.2382711350313
3405000,1702.50000011747,-33042.41810671333,9880.97414375778,-23161.443962955553,298.7801684144074
3410000,1705.0000001179794,-33173.10409962945,9987.516627679652,-23185.587471949795,308.6697403360092
3415000,1707.5000001184887,-32981.952248733025,9902.992365284334,-23078.95988344869,299.1753207125923
3420000,1710.000000118998,-33301.26607776433,9653.54060851933,-23647.725469245,289.67110894484847
3425000,1712.5000001195074,-33659.008572593564,10109.338516947686,-23549.670055645878,304.13157334170404
3430000,1715.0000001200167,-33719.147988565266,9708.977136804078,-24010.170851761188,296.868669299264
3435000,1717.500000120526,-33558.12591224606,9684.412534917255,-23873.713377328808,289.9460086528677
3440000,1720.0000001210353,-33847.12985463161,9569.45441018101,-24277.6754444506,292.04024703825866
3445000,1722.5000001215446,-33497.85884448956,9703.044814467918,-23794.81403002164,293.6622251094521
3450000,1725.000000122054,-33316.758342666784,9621.606144353747,-23695.152198313037,290.06930046174887
3455000,1727.5000001225633,-33163.89000553428,10146.586250836597,-23017.303754697685,304.5445619810445
3460000,1730.0000001230726,-33110.782866518246,9725.133809767889,-23385.649056750357,294.2493747325014
3465000,1732.500000123582,-33080.201224731514,9870.892104467548,-23209.309120263966,291.44275626187556
3470000,1735.0000001240912,-33226.19608391775,9846.935928394156,-23379.260155523592,295.6531873704204
3475000,1737.5000001246005,-33240.29568419047,9582.90707026012,-23657.388613930347,285.3781276453353
3480000,1740.0000001251099,-33594.103186406894,9668.09276375408,-23926.010422652813,295.9139567304563
3485000,1742.5000001256192,-33527.71234900225,9674.442997650474,-23853.269351351773,291.3446643682553
3490000,1745.0000001261285,-33426.57362829894,9804.58696046939,-23621.986667829548,295.5374687731496
3495000,1747.5000001266378,-33211.6443598622,9808.982757248232,-23402.661602613967,301.4324783749146
3500000,1750.0000001271471,-33495.56734392326,9561.370035077503,-23934.19730884576,289.59745534849714
3505000,1752.5000001276564,-33435.38698252686,10018.48301046415,-23416.90397206271,300.4722910792205
3510000,1755.0000001281658,-33062.37007771316,9910.225211768837,-23152.144865944323,301.35075735879775
3515000,1757.500000128675,-33054.562623041216,9712.002650149094,-23342.559972892122,294.5014868531046
3520000,1760.0000001291844,-33305.40196363209,10004.12350937296,-23301.27845425913,300.95541813109713
3525000,1762.5000001296937,-33091.25613837736,9902.463734285027,-23188.79240409233,297.18587531375226
3530000,1765.000000130203,-33114.66533376137,9766.638156685425,-23348.027177075943,292.737769450473
3535000,1767.5000001307124,-33292.497877282556,9726.878052962715,-23565.61982431984,299.22171251106136
3540000,1770.0000001312217,-33136.7591287985,10140.308339766812,-22996.450789031685,306.8892240134314
3545000,1772.500000131731,-32917.18636095454,9573.820150578484,-23343.366210376058,288.89830105774246
3550000,1775.0000001322403,-32839.67102756188,9618.692765437645,-23220.978262124238,287.35340788067583
3555000,1777.5000001327496,-32908.877390738344,9574.225672661447,-23334.651718076897,285.22810539265043
3560000,1780.000000133259,-33290.8158961914,9963.537117293905,-23327.278778897497,302.8789853049176
3565000,1782.5000001337683,-33012.63322174107,9981.489662841634,-23031.143558899435,304.1765612764563
3570000,1785.0000001342776,-33044.68244689191,9682.721551534347,-23361.96089535756,292.6717274386417
3575000,1787.500000134787,-33116.71005383227,9609.690662296496,-23507.019391535774,291.3519010900544
3580000,1790.0000001352962,-33431.69424623763,9726.173099086664,-23705.52114715097,296.5335095928707
3585000,1792.5000001358055,-33538.28648195043,9491.117217621913,-24047.16926432852,280.092162961748
3590000,1795.0000001363148,-33327.25966669666,9532.270683883164,-23794.98898281349,295.94914838912416
3595000,1797.5000001368242,-33219.76741198171,9557.102246310671,-23662.66516567104,286.2783711974039
3600000,1800.0000001373335,-33463.47718867031,10023.389216478201,-23440.08797219211,301.36674484687273
3605000,1802.5000001378428,-33154.02711703116,10040.291598056017,-23113.735518975143,304.34869269038404
3610000,1805.000000138352,-33381.27214444522,9938.588158696624,-23442.683985748594,287.5629593633421
3615000,1807.5000001388614,-33785.22502218373,9770.110650907014,-24015.114371276715,293.9057506197433
3620000,1810.0000001393707,-33228.443451175466,9920.428763200476,-23308.01468797499,296.4296540032146
3625000,1812.50000013988,-33927.36027814844,9739.33975814439,-24188.020520004047,291.23690163125644
3630000,1815.0000001403894,-33067.39172445191,10027.697768184153,-23039.693956267758,296.79172734479295
3635000,1817.5000001408987,-33194.16539219534,9654.95588133438,-23539.20951086096,294.32087828070485
3640000,1820.000000141408,-33153.24103674991,9629.063912588837,-23524.177124161073,293.27461701386846
3645000,1822.5000001419173,-33386.30369178695,9975.585374213715,-23410.71831757323,298.9520390822867
3650000,1825.0000001424266,-33626.81091443612,9806.581305531612,-23820.229608904512,302.68547956863796
3655000,1827.500000142936,-33485.897995950654,10026.690308395853,-23459.2076875548,297.20084211822865
3660000,1830.0000001434453,-33405.4561817199,9888.912789753906,-23516.54339196599,294.9746766475895
3665000,1832.5000001439546,-33481.90664398833,9935.539529535028,-23546.367114453304,301.56056941719766
3670000,1835.000000144464,-32898.39529188536,9809.687833468566,-23088.707458416793,298.67823815417114
3675000,1837.5000001449732,-33627.183922399534,9672.560271949384,-23954.62365045015,293.8042486050094
3680000,1840.0000001454825,-33586.83144306764,9796.963531582765,-23789.867911484875,294.4104984387196
3685000,1842.5000001459919,-33475.74989372445,9531.095962901003,-23944.65393082345,285.29023390492347
3690000,1845.0000001465012,-33537.47551326128,9759.323538081273,-23778.151975180004,299.75161221506823
3695000,1847.5000001470105,-33311.749815991614,9764.647722870246,-23547.102093121368,296.751689355425
3700000,1850.0000001475198,-33512.48916797247,9714.492862049372,-23797.996305923094,288.20394169749113
3705000,1852.5000001480291,-33438.34794324986,9658.08737106125,-23780.260572188607,295.643530047007
3710000,1855.0000001485384,-33665.10815337184,9652.270892700373,-24012.837260671466,288.8647136439541
3715000,1857.5000001490478,-33432.10670352797,10058.747584639495,-23373.359118888475,302.79409247732485
3720000,1860.000000149557,-33410.85723562585,9554.32057085232,-23856.53666477353,293.7011199692694
3725000,1862.5000001500664,-33837.87841066299,9803.779857935118,-24034.09855272787,295.4967596388053
3730000,1865.0000001505757,-33527.78901943052,9468.371406876791,-24059.41761255373,286.47202334508495
3735000,1867.500000151085,-33359.44690537173,9786.56530283346,-23572.881602538273,295.5015959397477
3740000,1870.0000001515943,-33002.964715079404,9634.241668150346,-23368.72304692906,290.0098278608171
3745000,1872.5000001521037,-33271.98535808269,9756.139406551845,-23515.845951530842,298.14549328162224
3750000,1875.000000152613,-33678.92870064452,9913.143008509785,-23765.785692134737,305.56722614150794
3755000,1877.5000001531223,-33364.77575128805,9577.538324260124,-23787.237427027925,293.715977087904
3760000,1880.0000001536316,-33547.13402206823,10140.645766837471,-23406.48825523076,307.8890172213895
3765000,1882.500000154141,-33157.96966503654,9920.40910220601,-23237.560562830527,299.785818728224
3770000,1885.0000001546503,-33684.64987296192,9742.326068969789,-23942.32380399213,295.5544212041503
3775000,1887.5000001551596,-33778.259489218704,9568.318970366792,-24209.940518851912,288.98405647503927
3780000,1890.0000001556689,-33355.21520619374,9686.643903318,-23668.57130287574,291.0719424883683
3785000,1892.5000001561782,-33726.098785448354,9806.898793692906,-23919.19999175545,295.5517138218707
3790000,1895.0000001566875,-33378.06059403252,9730.715725425127,-23647.34486860739,292.5034731471232
3795000,1897.5000001571968,-33619.27117572818,9995.983283943158,-23623.28789178502,301.20710109197904
3800000,1900.0000001577062,-33464.02572681429,9598.187086140137,-23865.838640674152,296.3578398180371
3805000,1902.5000001582155,-33304.73306200281,9853.322236057484,-23451.410825945324,296.4718960173795
3810000,1905.0000001587248,-33200.23020346393,9430.880432953425,-23769.349770510504,282.2722620176896
3815000,1907.500000159234,-33212.62753854226,9791.723189484323,-23420.904349057942,290.3411611452933
3820000,1910.0000001597434,-33445.1124696543,9725.895105385953,-23719.217364268345,296.0875640139025
3825000,1912.5000001602527,-33246.156076113926,9857.123844991394,-23389.03223112253,294.71318751065866
3830000,1915.000000160762,-33409.40796595393,9898.052221530734,-23511.355744423192,303.9536071775654
3835000,1917.5000001612714,-33537.646100514336,9885.377033949047,-23652.269066565288,294.10184972351874
3840000,1920.0000001617807,-33713.078128705965,10063.687584033712,-23649.390544672253,304.0091070791594
3845000,1922.50000016229,-33094.83688379242,9741.546291572638,-23353.290592219782,297.2888193763664
3850000,1925.0000001627993,-33313.216132208705,9787.791019396682,-23525.425112812023,294.3776661699264
3855000,1927.5000001633086,-33148.59503022279,9768.782842280983,-23379.812187941803,297.3183405161038
3860000,1930.000000163818,-33428.82480007643,9870.173344565432,-23558.651455510997,298.302329476301
3865000,1932.5000001643273,-33167.46113833855,9862.957017026118,-23304.50412131243,306.4470249517258
3870000,1935.0000001648366,-32949.08086639852,9765.816585082695,-23183.264281315827,295.2447469618888
3875000,1937.500000165346,-33536.89780268748,9807.160634403299,-23729.737168284184,298.19393263307177
3880000,1940.0000001658552,-33689.676847757306,9637.897285964445,-24051.77956179286,291.30321431876047
3885000,1942.5000001663645,-33407.019575692946,9856.246545688078,-23550.773030004868,300.0837352524412
3890000,1945.0000001668739,-33222.979675597744,9739.77697776223,-23483.202697835513,298.4568062249351
3895000,1947.5000001673832,-33285.425902818795,9791.954660917512,-23493.471241901283,294.24055999362656
3900000,1950.0000001678925,-33832.17785512726,9898.26195066619,-23933.915904461068,292.8311642489133
3905000,1952.5000001684018,-33106.1958604136,10015.820279414489,-23090.375580999113,299.07947368463994
3910000,1955.0000001689111,-34001.76593158115,9824.972469690169,-24176.79346189098,288.26748590488916
3915000,1957.5000001694204,-33594.82769737835,9723.963099384726,-23870.864597993626,292.295200988707
3920000,1960.0000001699298,-33147.41689812369,9755.789987078946,-23391.62691104474,289.2003761386649
3925000,1962.500000170439,-33127.18166595581,9950.692225168956,-23176.489440786856,296.4662961583931
3930000,1965.0000001709484,-33420.446644060314,9871.30139739363,-23549.14524666668,303.3643022910625
3935000,1967.5000001714577,-33079.96920505422,9733.77130111003,-23346.197903944194,297.7946030587104
3940000,1970.000000171967,-33410.91433659615,9386.20012534635,-24024.7142112498,285.3009858670927
3945000,1972.5000001724763,-33783.243378126994,9873.395621122994,-23909.847757003998,297.36280388396636
3950000,1975.0000001729857,-33570.31023081532,9772.926957643012,-23797.383273172305,289.82502179763367
3955000,1977.500000173495,-33584.39415418776,9740.408996017566,-23843.98515817019,293.6791812538132
3960000,1980.0000001740043,-33569.16087474115,9768.339301215492,-23800.82157352566,298.0121472155959
3965000,1982.5000001745136,-33201.463267254876,10040.12251899694,-23161.340748257935,299.8097230525148
3970000,1985.000000175023,-33203.00540357269,9407.810640002015,-23795.19476357068,281.8953042578832
3975000,1987.5000001755323,-33422.5199091807,10025.829935035694,-23396.689974145007,306.4320778241427
3980000,1990.0000001760416,-33392.84062349843,9703.361762414923,-23689.478861083506,294.5925814816452
3985000,1992.5000001765509,-33775.89266803581,9828.507825771281,-23947.38484226453,299.68608414672764
3990000,1995.0000001770602,-33576.214359225705,9841.377975200707,-23734.836384025,295.04696173328085
3995000,1997.5000001775695,-33394.29987433087,9534.175622993593,-23860.124251337278,287.10258321887835
4000000,2000.0000001780788,-33455.02918835473,9751.802822301092,-23703.22636605364,299.27635317247973
4005000,2002.5000001785882,-33192.32782085263,9826.822717297298,-23365.505103555333,294.1905647531354
4010000,2005.0000001790975,-33415.68607405247,9702.923973004403,-23712.76210104807,295.6765848567898
4015000,2007.5000001796068,-33624.15402180166,9772.48566673822,-23851.66835506344,292.24931890739646
4020000,2010.000000180116,-33441.55587470904,9737.349600311716,-23704.206274397322,301.14741402382475
4025000,2012.5000001806254,-33451.4932790068,10051.317818770716,-23400.17546023608,301.87142784659824
4030000,2015.0000001811347,-33241.74793626857,9642.018324484434,-23599.729611784136,294.4612804991088
4035000,2017.500000181644,-33353.25022293697,9782.46626788489,-23570.78395505208,297.22240256866024
4040000,2020.0000001821534,-33241.3061085036,9708.6632088198,-23532.6428996838,295.1131969438501
4045000,2022.5000001826627,-33370.01445814292,9594.353481197184,-23775.660976945735,285.5012274258132
4050000,2025.000000183172,-33599.146643718006,9847.762255515587,-23751.38438820242,298.8203577117302
4055000,2027.5000001836813,-33530.44592233142,9677.851728526064,-23852.594193805355,291.84887722056243
4060000,2030.0000001841906,-33546.11456448212,9524.878233259315,-24021.236331222808,281.49065275288746
4065000,2032.5000001847,-33834.81641999772,9609.787912524791,-24225.028507472925,283.72534183897807
4070000,2035.0000001852093,-33593.73822210496,9868.819156981494,-23724.919065123468,298.4048856977803
4075000,2037.5000001857186,-33674.49053488765,9619.126226824988,-24055.36430806266,291.29246541199393
4080000,2040.000000186228,-33524.38279850874,9684.689402336786,-23839.693396171955,289.18620869249753
4085000,2042.5000001867372,-33383.9303868711,9776.206333089234,-23607.724053781865,294.90570793079985
4090000,2045.0000001872465,-33393.3843171075,9673.584051819347,-23719.80026528815,292.4221956535683
4095000,2047.5000001877559,-33609.899814722594,9833.44516512546,-23776.454649597134,296.23244629336
4100000,2050.000000188265,-33668.44601724669,9704.142723181334,-23964.303294065357,293.5154486873238
4105000,2052.5000001887743,-33266.427045954624,9546.454030821396,-23719.973015133226,284.4750382714276
4110000,2055.0000001892836,-33681.75796353561,9746.93359686943,-23934.82436666618,291.63349529888546
4115000,2057.500000189793,-33443.09292134177,9850.673472765888,-23592.41944857588,295.8358155111313
4120000,2060.000000190302,-33565.900393149815,9647.4076246781,-23918.492768471715,286.71233121654393
4125000,2062.5000001908115,-33894.188134721946,9892.371436681427,-24001.81669804052,294.2554547771675
4130000,2065.000000191321,-33448.120316145476,9803.6769902339,-23644.443325911576,295.99384180676407
4135000,2067.50000019183,-33231.45009745518,9666.446070303635,-23565.004027151543,290.51782853663616
4140000,2070.0000001923395,-33375.37617093511,9841.451654190607,-23533.924516744504,295.83528448886284
4145000,2072.500000192849,-33367.82005223539,9803.701730181154,-23564.118322054233,290.63042263172815
4150000,2075.000000193358,-33572.823763567256,9563.717743365853,-24009.106020201405,283.5422039989318
4155000,2077.5000001938674,-33974.676990806125,9710.161160522948,-24264.515830283177,293.58778418179594
4160000,2080.0000001943768,-33150.39846321172,9610.6670897628,-23539.73137344892,288.12997574023353
4165000,2082.500000194886,-33675.99442698574,9910.961264180107,-23765.03316280563,301.12174747944215
4170000,2085.0000001953954,-33539.17986717122,9396.460582826185,-24142.719284345032,279.8005884504845
4175000,2087.5000001959047,-33341.08448852971,9561.869246926746,-23779.215241602964,283.57846766041195
4180000,2090.000000196414,-33564.68174649589,9663.48199536677,-23901.19975112912,290.7679461868716
4185000,2092.5000001969233,-33588.04124646704,9677.722437537665,-23910.318808929373,296.63304994553414
4190000,2095.0000001974327,-33188.228889241116,9958.761804838556,-23229.46708440256,298.40110748596527
4195000,2097.500000197942,-33488.89312772686,9924.433648397371,-23564.459479329485,301.8415046213254
4200000,2100.0000001984513,-33425.27330184891,9775.575734375641,-23649.697567473268,295.7917015004149
4205000,2102.5000001989606,-33226.32830692665,9843.457984588049,-23382.870322338596,296.60695193795976
4210000,2105.00000019947,-33676.02554398356,9889.696552245732,-23786.328991737828,297.8270995319773
4215000,2107.5000001999792,-33290.84762531915,9386.165461160956,-23904.682164158192,281.5436555208521
4220000,2110.0000002004886,-33422.79931713035,9828.620570759122,-23594.17874637123,295.27947233363955
4225000,2112.500000200998,-33222.313774347305,9817.247534449783,-23405.066239897522,293.1700324011565
4230000,2115.000000201507,-33635.94871430611,9704.658776137116,-23931.289938168997,292.6909711307629
4235000,2117.5000002020165,-33448.43462973577,9752.67228417446,-23695.76234556131,293.15890504929166
4240000,2120.000000202526,-33239.71573349554,9707.758936860642,-23531.9567966349,296.5213898266682
4245000,2122.500000203035,-33394.366967150476,9921.553814761748,-23472.813152388728,301.32376160878516
4250000,2125.0000002035445,-33503.09963954915,9843.78917860242,-23659.310460946734,298.7040699665165
4255000,2127.500000204054,-33274.11925534159,9610.542338966894,-23663.576916374695,290.3096779695255
4260000,2130.000000204563,-33196.79846822331,9772.257968606371,-23424.540499616938,297.7975231250769
4265000,2132.5000002050724,-33347.12700769631,9643.607029101495,-23703.519978594817,295.16691560197603
4270000,2135.0000002055817,-33743.25538437837,9668.415622316428,-24074.83976206194,298.3469419665235
4275000,2137.500000206091,-33057.02466371865,9788.692622552891,-23268.33204116576,294.1699416180271
4280000,2140.0000002066004,-33058.49019112857,10023.582369530992,-23034.90782159758,308.826542052403
4285000,2142.5000002071097,-33152.17731062928,9915.470674856708,-23236.706635772574,297.40701131950703
4290000,2145.000000207619,-33525.56079000933,9922.100723457374,-23603.460066551957,298.01527466946607
4295000,2147.5000002081283,-33521.55374474218,9665.595363263243,-23855.958381478937,290.79672734238596
4300000,2150.0000002086376,-33778.26395525038,9663.962031574049,-24114.301923676336,293.18892005320646
4305000,2152.500000209147,-33356.13425584161,9964.891772076404,-23391.242483765203,302.48928786490166
4310000,2155.0000002096563,-33122.29838163778,9817.889141477885,-23304.409240159897,295.96613454337734
4315000,2157.5000002101656,-34068.14180098544,9650.867659263375,-24417.274141722064,291.30211317003506
4320000,2160.000000210675,-33543.73937050556,9840.748628944184,-23702.990741561374,297.6233300326126
4325000,2162.500000211184,-33164.68651966727,9810.016999470467,-23354.669520196807,291.32438493329477
4330000,2165.0000002116935,-33514.33141913917,10025.793247240057,-23488.538171899112,301.9496526922413
4335000,2167.500000212203,-33568.69305251795,9948.63951433065,-23620.053538187298,313.44914920330825
4340000,2170.000000212712,-33548.0854937525,9536.446127363133,-24011.63936638937,289.4350185184644
4345000,2172.5000002132215,-33524.056785382796,9890.510165997845,-23633.54661938495,294.45950165767186
4350000,2175.000000213731,-33075.463705642615,9975.35175480532,-23100.111950837294,300.58173158022515
4355000,2177.50000021424,-33428.82187693124,9922.20273431286,-23506.61914261838,299.2307082209356
4360000,2180.0000002147494,-33430.145196563564,9758.723089618989,-23671.422106944578,298.94716516992963
4365000,2182.5000002152588,-33418.778396547306,9658.971253329037,-23759.80714321827,289.45173559750515
4370000,2185.000000215768,-33522.145704946946,9753.31369344288,-23768.832011504066,292.2559301206372
4375000,2187.5000002162774,-33339.28823465947,9827.845847686589,-23511.44238697288,296.82800853454984
4380000,2190.0000002167867,-33432.24029752449,9381.27329581276,-24050.96700171173,285.84810380952183
4385000,2192.500000217296,-33468.343996444484,9486.122878162798,-23982.221118281686,291.22928811688473
4390000,2195.0000002178053,-33417.686280980706,9912.343586331328,-23505.34269464938,293.7811094886543
4395000,2197.5000002183147,-32955.91038818401,9692.650026702693,-23263.26036148132,292.36372435053323
4400000,2200.000000218824,-33211.80797707639,9879.411898635562,-23332.396078440826,296.8193196768488
4405000,2202.5000002193333,-33295.603437121725,9854.993514574959,-23440.609922546766,294.94561694728606
4410000,2205.0000002198426,-33337.23315796931,10042.784002091066,-23294.449155878247,299.96858922642207
4415000,2207.500000220352,-33210.12087683845,9929.647160709748,-23280.473716128705,297.68220429121993
4420000,2210.0000002208612,-33587.45525122201,9736.932640681964,-23850.522610540047,295.8856988428794
4425000,2212.5000002213706,-33513.82640002458,9795.09167029039,-23718.73472973419,291.83875595745883
4430000,2215.00000022188,-33152.73782125488,9698.6461424115,-23454.09167884338,293.93100453577546
4435000,2217.500000222389,-33490.54249429377,9936.483783362912,-23554.058710930854,301.4641780258502
4440000,2220.0000002228985,-33089.563576294575,9542.090106307382,-23547.47346998719,284.2691021970499
4445000,2222.500000223408,-32837.30067311297,9646.001577848905,-23191.29909526407,296.8177777181125
4450000,2225.000000223917,-33271.4356010207,10077.485431446385,-23193.950169574313,301.0694544595266
4455000,2227.5000002244265,-33156.908001367236,9736.251822503427,-23420.656178863806,292.1627656003241
4460000,2230.000000224936,-33419.470385769615,9824.162411379853,-23595.30797438976,295.41765161863356
4465000,2232.500000225445,-33472.39235006925,9991.978060039613,-23480.414290029636,302.5529293717361
4470000,2235.0000002259544,-33175.595036167186,9974.327418504698,-23201.26761766249,302.1911393246035
4475000,2237.5000002264637,-33018.12903702422,9878.248000765074,-23139.881036259147,302.65897760955625
4480000,2240.000000226973,-33560.364849396516,9802.724301905,-23757.640547491515,295.0296407210081
4485000,2242.5000002274824,-33569.25505953771,9913.159636176628,-23656.095423361083,302.4835815669915
4490000,2245.0000002279917,-33512.70008426043,10009.927733858152,-23502.77235040228,299.7723468185305
4495000,2247.500000228501,-32980.76726680808,9762.726427146066,-23218.04083966201,302.23665083797823
4500000,2250.0000002290103,-33138.61039696541,9587.916461405432,-23550.693935559975,288.63804319142156
4505000,2252.5000002295196,-33436.67790305428,9780.099531817654,-23656.57837123663,287.8282319206872
4510000,2255.000000230029,-33804.32255649613,9912.733149216307,-23891.589407279826,298.14151981946486
4515000,2257.5000002305383,-33656.49447287456,9780.291300770994,-23876.203172103567,290.04309198366605
4520000,2260.0000002310476,-33479.49892494432,9936.262938085047,-23543.23598685927,300.6448307503327
4525000,2262.500000231557,-33801.65689401934,9720.508357638002,-24081.148536381337,290.12757118929954
4530000,2265.000000232066,-33623.116115039214,9807.985513813703,-23815.13060122551,295.3999238023568
4535000,2267.5000002325755,-33353.96473425464,9572.324711060928,-23781.640023193708,291.77150129102597
4540000,2270.000000233085,-33073.989856104134,9972.839312579414,-23101.15054352472,299.58823808829646
4545000,2272.500000233594,-32921.55170425726,9908.96328448959,-23012.58841976767,297.7240464632084
4550000,2275.0000002341035,-33354.40503520053,9921.031523004374,-23433.373512196154,289.0603929259235
4555000,2277.500000234613,-33519.456229392206,9622.905494414303,-23896.550734977904,289.1865372651151
4560000,2280.000000235122,-33323.29979309626,9902.881845237109,-23420.41794785915,293.7073712380613
4565000,2282.5000002356314,-33477.66746342741,9629.355901433632,-23848.311561993778,288.3287953801731
4570000,2285.0000002361407,-33397.60845449637,9963.076811735824,-23434.531642760543,295.1579248828056
4575000,2287.50000023665,-33197.08389985631,9774.437088463503,-23422.64681139281,297.1740567116952
4580000,2290.0000002371594,-33134.60983195412,9912.905076213188,-23221.70475574093,298.19288541640276
4585000,2292.5000002376687,-33240.10995115386,9896.388072981146,-23343.721878172717,297.61430832140417
4590000,2295.000000238178,-33552.22504315502,9926.663028640822,-23625.5620145142,302.58828401281517
4595000,2297.5000002386873,-33431.16039235797,10103.530736706645,-23327.629655651323,308.3285431754603
4600000,2300.0000002391967,-33247.60386650101,9709.34434653608,-23538.259519964933,294.3574232785818
4605000,2302.500000239706,-33231.58947266545,9923.526664472427,-23308.062808193026,303.6980285412465
4610000,2305.0000002402153,-33649.920926106395,9769.593074313758,-23880.327851792637,288.13551625647847
4615000,2307.5000002407246,-33538.62309516384,9910.617911034898,-23628.005184128946,295.24527505494933
4620000,2310.000000241234,-33605.23291903804,10041.821451672797,-23563.411467365244,304.28886527773756
4625000,2312.5000002417432,-33418.561224503675,9752.253484229936,-23666.30774027374,294.9974771315256
4630000,2315.0000002422526,-33285.06068690494,9639.943197202181,-23645.117489702756,288.79692668764056
4635000,2317.500000242762,-33540.18612215249,9895.498156407444,-23644.687965745044,290.5406538092917
4640000,2320.000000243271,-33637.534868400544,9907.693637303246,-23729.8412310973,302.35061090341844
4645000,2322.5000002437805,-33078.34564699349,9975.635892220682,-23102.709754772808,300.94865116709286
4650000,2325.00000024429,-33470.24453296559,9905.21738879861,-23565.02714416698,300.3007485293147
4655000,2327.500000244799,-33300.412905345904,9675.271307334639,-23625.141598011265,289.47086360682096
4660000,2330.0000002453085,-33406.80118293734,9564.038111933063,-23842.76307100428,289.1831720457437
4665000,2332.500000245818,-33467.95534212119,9794.095422041255,-23673.859920079936,294.95809836909035
4670000,2335.000000246327,-33362.852613886585,9564.882028008007,-23797.97058587858,290.0550754966809
4675000,2337.5000002468364,-33545.84584076214,9674.87167559372,-23870.974165168416,293.81628232996434
4680000,2340.0000002473457,-33551.36899350863,10018.902192439993,-23532.466801068636,305.29434593575735
4685000,2342.500000247855,-33289.967914409004,9851.850808801577,-23438.117105607427,302.0371364750316
4690000,2345.0000002483644,-33351.53057762026,9741.04610213477,-23610.48447548549,291.3582253353084
4695000,2347.5000002488737,-33424.36490920116,9875.230667225365,-23549.134241975797,293.76416387656644
4700000,2350.000000249383,-33652.80476354016,9554.351800433724,-24098.452963106436,282.77043613117263
4705000,2352.5000002498923,-33531.30595767102,9776.978741919103,-23754.327215751917,293.66596288801884
4710000,2355.0000002504016,-33630.347561393166,9887.836264448966,-23742.511296944198,296.1638759208962
4715000,2357.500000250911,-33375.26812839229,9681.574201839385,-23693.6939265529,295.97115619675617
4720000,2360.0000002514203,-33200.55738272169,9784.976167151499,-23415.581215570186,301.33611114375213
4725000,2362.5000002519296,-33577.05162797193,9695.078008938366,-23881.973619033564,295.69696919368613
4730000,2365.000000252439,-33337.791662412696,9378.362862836788,-23959.428799575908,283.57247340019364
4735000,2367.500000252948,-33154.29209643882,9928.089729936411,-23226.202366502406,298.03617535114284
4740000,2370.0000002534575,-32736.945536994608,9998.950217555019,-22737.99531943959,300.82142038432346
4745000,2372.500000253967,-33184.65107079479,9750.148465241396,-23434.502605553393,293.31097797531066
4750000,2375.000000254476,-33241.16122645629,9851.023365944613,-23390.137860511673,296.42562948736503
4755000,2377.5000002549855,-33091.70062500122,9599.073362540652,-23492.62726246057,291.5403559723246
4760000,2380.000000255495,-32857.65597617766,9962.600376867118,-22895.05559931054,303.3102624732131
4765000,2382.500000256004,-33246.40013033454,9599.29823369082,-23647.101896643722,289.4063066769052
4770000,2385.0000002565134,-33342.973491864046,10060.668257462306,-23282.30523440174,301.9400367087359
4775000,2387.5000002570227,-33577.859677701956,10095.295851983705,-23482.56382571825,307.41017951913386
4780000,2390.000000257532,-33154.47792040231,9542.68040408359,-23611.797516318715,288.8553920138099
4785000,2392.5000002580414,-33187.60306131607,10034.211728966837,-23153.39133234923,300.3373072678937
4790000,2395.0000002585507,-33599.13291693409,9809.779756917365,-23789.353160016726,292.2721571671966
4795000,2397.50000025906,-33442.987556973705,9695.725689522655,-23747.261867451052,284.2843036235959
4800000,2400.0000002595693,-33280.49498155969,9744.445993098456,-23536.048988461236,296.0466681945596
4805000,2402.5000002600787,-32791.34950735257,9683.790013495087,-23107.559493857483,292.9852817095792
4810000,2405.000000260588,-33184.16809056536,9788.468094732667,-23395.699995832696,298.58732521575575
4815000,2407.5000002610973,-33071.613339544274,9770.906454309415,-23300.70688523486,295.43534334855826
4820000,2410.0000002616066,-33544.20337902033,10023.486894249625,-23520.716484770703,298.83918951237473
4825000,2412.500000262116,-33348.45640836749,9565.164624956504,-23783.29178341099,287.0527700940559
4830000,2415.0000002626252,-33577.136698928196,9834.016702217332,-23743.119996710862,292.0123493501002
4835000,2417.5000002631346,-33568.633833777625,9798.03075979625,-23770.603073981376,295.4990797638564
4840000,2420.000000263644,-33411.392669288674,10083.292328075815,-23328.10034121286,293.45027780086804
4845000,2422.500000264153,-33406.76571233687,9897.060361543663,-23509.705350793207,303.1585015637236
4850000,2425.0000002646625,-33408.26087129698,9728.384382377566,-23679.876488919414,295.54077168743703
4855000,2427.500000265172,-33157.88980000769,9867.436423588268,-23290.45337641942,282.3322827118528
4860000,2430.000000265681,-33516.26478912542,9831.060196884842,-23685.204592240574,291.77983887376314
4865000,2432.5000002661905,-33432.75899723172,9703.574168679872,-23729.18482855185,293.4447694066495
4870000,2435.0000002666998,-32994.94053954445,9494.452039203503,-23500.488500340944,288.629663433041
4875000,2437.500000267209,-33460.363481226144,9852.85162277391,-23607.511858452235,295.63101924722844
4880000,2440.0000002677184,-33345.97092290432,9710.893904304821,-23635.0770185995,293.47712582296674
4885000,2442.5000002682277,-33234.25964653399,9728.307421885485,-23505.952224648503,287.1176744641354
4890000,2445.000000268737,-33241.49486811436,9938.04574046463,-23303.44912764973,304.46422122689836
4895000,2447.5000002692464,-33201.83822135115,9858.078532660782,-23343.75968869037,302.592222787116
4900000,2450.0000002697557,-33152.55017030309,9656.350340694524,-23496.199829608566,293.5815046283546
4905000,2452.500000270265,-33248.61910104938,9919.759216302693,-23328.859884746686,303.8605146544158
4910000,2455.0000002707743,-33733.25312964758,10035.46519134334,-23697.78793830424,296.9656067191608
4915000,2457.5000002712836,-33484.35303333425,9689.04955364656,-23795.30347968769,295.22170038294684
4920000,2460.000000271793,-33534.7586161911,9861.99670161011,-23672.76191458099,295.72557539397286
4925000,2462.5000002723023,-33031.19006172917,9752.173691314885,-23279.016370414283,296.52144033374947
4930000,2465.0000002728116,-33468.8083946032,9955.837816064879,-23512.97057853832,303.4489298992946
4935000,2467.500000273321,-33617.31282230513,9740.85378972282,-23876.459032582312,293.670987528116
4940000,2470.00000027383,-33705.54884769954,9935.743354187238,-23769.8054935123,296.3648334014252
4945000,2472.5000002743395,-33718.47772556543,9637.978317369336,-24080.499408196098,291.7649995409966
4950000,2475.000000274849,-33210.2085710729,9696.400278438821,-23513.80829263408,291.3967992782555
4955000,2477.500000275358,-33774.37967895693,9697.531911227294,-24076.84776772964,293.16060582782376
4960000,2480.0000002758675,-33425.853457045276,9544.627588030042,-23881.225869015234,287.93304189588
4965000,2482.500000276377,-33252.60316692456,9595.562138373683,-23657.041028550873,291.7689906664652
4970000,2485.000000276886,-33171.18870088481,9842.96482983831,-23328.223871046503,300.9472811812595
4975000,2487.5000002773954,-33052.49590414832,9860.10767371337,-23192.388230434954,295.3516265294766
4980000,2490.0000002779047,-33184.274998442736,9982.018056829042,-23202.256941613694,306.0338869331138
4985000,2492.500000278414,-33122.80000800127,9670.760086357697,-23452.039921643576,288.7420637425041
4990000,2495.0000002789234,-33293.14710785076,10057.177154101486,-23235.969953749274,303.06494114613486
4995000,2497.5000002794327,-33478.71525305859,9865.81837050074,-23612.89688255785,292.039257577437
5000000,2500.000000279942,-33175.81388072204,9779.396375525197,-23396.41750519684,296.1561235552532
5005000,2502.5000002804513,-32889.20052668103,9817.882564162688,-23071.31796251834,291.8641440969787
5010000,2505.0000002809606,-33258.82047618879,9705.496713573377,-23553.323762615415,287.7345874582698
5015000,2507.50000028147,-33415.28908672952,9767.850985683343,-23647.43810104618,295.04668070727223
5020000,2510.0000002819793,-33130.497647197684,9747.112532609846,-23383.385114587836,296.21959497442873
5025000,2512.5000002824886,-33399.38929109089,9598.195981828221,-23801.19330926267,286.60471011059514
5030000,2515.000000282998,-33588.449341703206,9807.027480431427,-23781.42186127178,297.507279148286
5035000,2517.5000002835072,-33291.22224589414,9738.390040985982,-23552.832204908158,289.5408094335372
5040000,2520.0000002840166,-33221.300038028276,9889.5439065008,-23331.756131527476,298.24073910672223
5045000,2522.500000284526,-33311.22981570917,9769.199471796139,-23542.030343913033,306.0480448320249
5050000,2525.000000285035,-33222.45617507212,9815.619844381745,-23406.836330690374,294.78373959927046
5055000,2527.5000002855445,-33393.29713110486,10086.927059411777,-23306.370071693083,307.79970034032203
5060000,2530.000000286054,-33363.77733063209,9546.042533095513,-23817.734797536577,287.33977848583083
5065000,2532.500000286563,-33728.897767773364,9610.464187214104,-24118.43358055926,289.1730061713298
5070000,2535.0000002870725,-33791.041658136295,9856.794625419658,-23934.247032716637,300.7584687542136
5075000,2537.5000002875818,-33528.467296204064,9964.99918299892,-23563.468113205145,304.4641398824439
5080000,2540.000000288091,-33550.92026326177,9888.846931575954,-23662.073331685813,298.9954268549995
5085000,2542.5000002886004,-33149.98755924823,9715.32513519074,-23434.66242405749,292.6815389994853
5090000,2545.0000002891097,-33723.68454597867,9541.042662936046,-24182.641883042626,292.31229398993827
5095000,2547.500000289619,-33399.84315010253,10017.035511754013,-23382.80763834852,297.16000476991667
5100000,2550.0000002901284,-33351.3755429592,9937.723539084072,-23413.652003875126,297.97590730215165
5105000,2552.5000002906377,-33579.500560468994,9709.786896609327,-23869.713663859668,290.31672919773706
5110000,2555.000000291147,-33549.74819626054,9722.94505198941,-23826.80314427113,294.9046848449808
5115000,2557.5000002916563,-33389.58987349551,9825.94800571704,-23563.64186777847,299.91023621497857
5120000,2560.0000002921656,-33339.60269776569,9868.038611348595,-23471.564086417093,292.98141070542266
5125000,2562.500000292675,-33419.66331283166,9634.88092067093,-23784.78239216073,293.1444606122028
5130000,2565.0000002931843,-33164.18178449874,9716.11715226269,-23448.064632236048,294.4633532087905
5135000,2567.5000002936936,-33194.49271432287,9822.825985298005,-23371.666729024866,298.8472109952143
5140000,2570.000000294203,-33224.36779660708,9727.939840355373,-23496.42795625171,296.6480221840864
5145000,2572.500000294712,-33292.32286325493,9542.486945957935,-23749.835917296994,292.6909403105942
5150000,2575.0000002952215,-33483.44653317542,9912.988459763796,-23570.458073411624,292.2165649506221
5155000,2577.500000295731,-33325.95087521849,10008.224262852302,-23317.72661236619,302.4367721508716
5160000,2580.00000029624,-33986.96203497378,9992.797506854922,-23994.16452811886,304.7927199376571
5165000,2582.5000002967495,-33898.84476123401,9993.112089828268,-23905.73267140574,304.15868185135537
5170000,2585.000000297259,-33612.8327339564,9714.103314396349,-23898.729419560048,294.48569577361485
5175000,2587.500000297768,-33263.180476263165,9451.351654083239,-23811.828822179927,286.9389157585078
5180000,2590.0000002982774,-33791.08394108992,9694.874893856917,-24096.209047233002,286.6555535483887
5185000,2592.5000002987867,-33540.964315714315,9727.286736410464,-23813.67757930385,295.6685255792125
5190000,2595.000000299296,-33355.68212943757,9611.41030167441,-23744.271827763157,296.2004141716676
5195000,2597.5000002998054,-33659.085725971265,9554.232491573406,-24104.85323439786,290.6005777105037
5200000,2600.0000003003147,-33519.32626005914,10098.506216413523,-23420.820043645617,309.7052575229377
5205000,2602.500000300824,-32974.98157227482,9915.425706890968,-23059.55586538385,299.7231762327185
5210000,2605.0000003013333,-33522.17990641389,9756.35081096182,-23765.82909545207,294.10092006187546
5215000,2607.5000003018426,-33154.73866200121,9906.24186303173,-23248.49679896948,293.1815023394926
5220000,2610.000000302352,-33261.07443814026,9648.18333070803,-23612.89110743223,293.5461548292504
5225000,2612.5000003028613,-33515.102441733005,9370.74411419175,-24144.358327541253,282.7761637130912
5230000,2615.0000003033706,-33596.8467897994,9667.63009808317,-23929.21669171623,290.6887667177185
5235000,2617.50000030388,-33232.63534066104,9789.148914644333,-23443.48642601671,292.624306885416
5240000,2620.0000003043892,-33347.33012656146,9878.505936792175,-23468.824189769282,298.5477674549995
5245000,2622.5000003048985,-33169.22627315647,9821.313848957727,-23347.912424198745,301.6770228577651
5250000,2625.000000305408,-33477.253458053805,10049.304273566087,-23427.94918448772,303.17232069504234
5255000,2627.500000305917,-33814.63692737743,9867.000972790102,-23947.63595458733,298.61594829023585
5260000,2630.0000003064265,-33358.62763853674,9646.400574354037,-23712.2270641827,292.2401816859548
5265000,2632.500000306936,-33622.38073636545,9635.929804681102,-23986.450931684347,293.11666828388513
5270000,2635.000000307445,-33345.185258171754,9737.666191975924,-23607.51906619583,290.8671762991502
5275000,2637.5000003079545,-33201.18038931303,9466.286413360245,-23734.893975952782,286.96301899654725
5280000,2640.0000003084638,-33175.60927794408,9798.128008832302,-23377.481269111777,301.8988505278863
5285000,2642.500000308973,-32876.94403089187,9737.847320858244,-23139.096710033627,288.8387760625999
5290000,2645.0000003094824,-33275.2134033083,9934.587312757669,-23340.626090550628,295.1969556517826
5295000,2647.5000003099917,-33267.44352362864,9690.473010404645,-23576.97051322399,289.92599556761127
5300000,2650.000000310501,-33308.994039363926,9498.683614155692,-23810.310425208234,283.72442723916095
5305000,2652.5000003110104,-33298.0763828503,9921.142928751358,-23376.933454098937,298.0069330321853
5310000,2655.0000003115197,-33335.03072857531,9894.996676412191,-23440.034052163115,301.7855348552189
5315000,2657.500000312029,-33731.645835173316,9909.241953259037,-23822.40388191428,302.4546762138269
5320000,2660.0000003125383,-33813.0957263445,9934.822567200743,-23878.27315914376,300.31219752434356
5325000,2662.5000003130476,-33265.924320522696,9653.636906087138,-23612.28741443556,294.7344845778573
5330000,2665.000000313557,-33699.33936045342,9779.64969059424,-23919.68966985918,291.79395537509345
5335000,2667.5000003140663,-33474.62296627276,9772.430897469592,-23702.192068803164,292.0962413934812
5340000,2670.0000003145756,-33465.11455089832,9971.59609102996,-23493.518459868355,301.573645829216
5345000,2672.500000315085,-32932.009513765806,9711.96447648911,-23220.045037276694,293.153160818626
5350000,2675.000000315594,-33366.215804487,9917.668819028766,-23448.546985458233,303.28285428338785
5355000,2677.5000003161035,-33236.30283190706,9880.91751998545,-23355.385311921607,289.5092832621314
5360000,2680.000000316613,-33514.45493906224,9776.716423435098,-23737.73851562714,299.9458285277511
5365000,2682.500000317122,-33563.79272990883,9865.783687853163,-23698.00904205567,299.73123801815177
5370000,2685.0000003176315,-33549.842420902336,9523.480281223987,-24026.36213967835,283.1803527647987
5375000,2687.500000318141,-33301.541184632806,9633.09533852542,-23668.44584610739,293.68123436783475
5380000,2690.00000031865,-33604.375471564475,10013.488235768364,-23590.88723579611,303.9576653665396
5385000,2692.5000003191594,-33334.3638475067,10259.408986651,-23074.954860855698,312.1886123405545
5390000,2695.0000003196687,-33452.05473660072,10131.242350593104,-23320.81238600762,304.5285144329067
5395000,2697.500000320178,-33886.07239281363,9765.650263331101,-24120.422129482526,296.2749932940102
5400000,2700.0000003206874,-33633.21197534818,9689.797849791184,-23943.414125557,289.15274688931896
5405000,2702.5000003211967,-33239.22982435301,9593.649920628615,-23645.579903724392,286.4861642308374
5410000,2705.000000321706,-33310.79171459493,9903.8112548729,-23406.98045972203,307.4294853038764
5415000,2707.5000003222153,-33095.10787635669,9754.394030688647,-23340.713845668044,298.4287702950249
5420000,2710.0000003227246,-33298.27700091456,9769.618805196187,-23528.658195718373,291.394036513796
5425000,2712.500000323234,-33505.255783999106,9881.858602217522,-23623.397181781584,299.24154777519954
5430000,2715.0000003237433,-33110.838065049145,9710.931403854476,-23399.90666119467,294.38297432608005
5435000,2717.5000003242526,-33077.81876721117,9782.742410002604,-23295.076357208563,293.63016383880415
5440000,2720.000000324762,-33052.306069747545,9557.847045455754,-23494.45902429179,288.6931448707489
5445000,2722.5000003252712,-33526.32649652939,9964.593689863334,-23561.73280666606,301.25664675363413
5450000,2725.0000003257805,-33422.70998022589,9719.255499896786,-23703.454480329103,294.56698565463233
5455000,2727.50000032629,-33426.974635547725,9852.246040827402,-23574.728594720324,292.00233348898036
5460000,2730.000000326799,-33603.12878194498,9865.689697783246,-23737.439084161735,298.378630608411
5465000,2732.5000003273085,-33571.249613623135,9953.943245195242,-23617.306368427893,305.44270310464765
5470000,2735.000000327818,-33672.827534357784,10121.419721044895,-23551.40781331289,303.6821646066055
5475000,2737.500000328327,-33460.517169322586,9679.180323093075,-23781.33684622951,290.413714121596
5480000,2740.0000003288364,-33348.62995735649,9642.44617290284,-23706.18378445365,288.51028942231306
5485000,2742.5000003293458,-33440.89744212036,9587.792342478884,-23853.105099641478,291.27416238242114
5490000,2745.000000329855,-33414.70086095971,9447.660664631738,-23967.040196327973,278.7410112309434
5495000,2747.5000003303644,-33634.70727647212,9828.497656625974,-23806.20961984615,296.7745976941257
5500000,2750.0000003308737,-33373.94460061076,9841.554117210108,-23532.390483400653,295.6205333579707
